/*--------------------------------*- C++ -*----------------------------------*\
  =========                 |
  \\      /  F ield         | OpenFOAM: The Open Source CFD Toolbox
   \\    /   O peration     | Website:  https://openfoam.org
    \\  /    A nd           | Version:  12
     \\/     M anipulation  |
\*---------------------------------------------------------------------------*/
FoamFile
{
    format      ascii;
    class       volScalarField;
    location    "300";
    object      k;
}
// * * * * * * * * * * * * * * * * * * * * * * * * * * * * * * * * * * * * * //

dimensions      [0 2 -2 0 0 0 0];

internalField   nonuniform List<scalar> 
16200
(
19.0167
13.6461
12.6278
11.7274
11.2728
10.9873
10.7984
10.6275
10.4218
10.1697
9.91621
9.70751
9.60137
9.58134
9.63329
9.72067
9.79592
9.80728
9.72323
9.5956
9.48664
9.424
9.41472
9.44322
9.51485
9.632
9.79396
9.99662
10.2408
10.5319
10.8603
11.2154
11.5869
11.9649
12.3423
12.7046
13.0234
13.2822
13.4706
13.5834
13.6397
13.6545
13.6306
13.5742
13.4928
13.3945
13.2878
13.1814
13.0847
13.0105
12.9797
13.027
13.2107
13.6274
14.4386
15.9328
14.5068
12.4608
12.0128
15.1354
15.585
13.4621
12.8506
12.0207
11.4828
11.2117
11.1533
11.2618
11.4512
11.5577
11.4508
11.0905
10.7081
10.3725
10.1157
9.92051
9.75923
9.54494
9.05156
8.32762
7.54533
6.79688
6.18026
5.65133
5.17196
4.72759
4.31685
3.94298
3.606
3.29898
3.01365
2.7428
2.47866
2.21114
1.92718
1.64969
1.42453
1.24346
1.10387
1.00538
0.930117
0.862901
0.802028
0.746456
0.695557
0.64895
0.606361
0.567539
0.53221
0.500059
0.470744
0.443878
0.418985
0.395282
0.370685
0.338864
0.277842
0.235382
0.258906
0.208314
10.6051
10.1729
9.76138
8.97421
8.34825
7.99078
7.82536
7.83448
7.93659
7.74761
7.1228
6.53539
6.12179
5.78821
5.44058
5.03787
4.56019
4.00098
3.37422
2.74845
2.216
1.79232
1.46558
1.20921
1.00564
0.842225
0.709589
0.600322
0.505468
0.418256
0.339032
0.2689
0.208619
0.158735
0.119531
0.0920323
0.0723772
0.0582284
0.0478995
0.0401441
0.0340447
0.0291111
0.0251021
0.0218289
0.0191464
0.0169402
0.015119
0.0136095
0.0123537
0.0113058
0.0104328
0.00972754
0.00918731
0.00880105
0.0085718
0.0085401
0.00873669
0.00888767
0.00996975
0.0125381
7.49971
7.81223
7.51748
6.62208
5.80999
5.23711
4.81245
4.45487
4.08568
3.59028
3.02054
2.52315
2.05371
1.6471
1.30687
1.00426
0.744206
0.532904
0.371976
0.257524
0.181628
0.131145
0.0961534
0.0709521
0.0523548
0.0384103
0.027889
0.0199665
0.0141239
0.0100051
0.00735105
0.00553593
0.00424345
0.0033393
0.00272729
0.00231524
0.00202763
0.00182232
0.00167171
0.00155812
0.00147033
0.00140126
0.00134603
0.00130091
0.00126565
0.00123784
0.00121567
0.0011978
0.00118319
0.00117114
0.0011611
0.00115288
0.00114627
0.00114084
0.0011362
0.00113205
0.00112926
0.00112849
0.00113093
0.00112195
4.44126
4.98767
4.93884
4.33169
3.58198
3.09509
2.75275
2.40707
1.98191
1.42056
0.964324
0.637379
0.400473
0.241888
0.14157
0.0806469
0.0454561
0.0260826
0.0157782
0.0100256
0.00669314
0.00467315
0.00340398
0.00258947
0.00206056
0.0017143
0.00148676
0.00134377
0.00125447
0.00119903
0.00116433
0.00114149
0.00112593
0.00111496
0.00110694
0.00110095
0.00109654
0.00109318
0.00109054
0.00108841
0.00108666
0.00108519
0.00108394
0.00108286
0.00108192
0.00108109
0.00108035
0.00107969
0.00107908
0.00107854
0.00107804
0.00107757
0.00107714
0.00107674
0.00107636
0.001076
0.00107565
0.00107532
0.00107497
0.00107473
1.6611
2.00582
2.02695
1.65454
1.26758
0.998075
0.799548
0.633503
0.451226
0.272542
0.15734
0.0864261
0.0438637
0.0209449
0.00975924
0.00475543
0.00266954
0.0018249
0.00147147
0.00131029
0.00123163
0.00118873
0.00116287
0.00114576
0.00113338
0.0011236
0.00111645
0.00111104
0.00110671
0.00110311
0.00110003
0.00109735
0.001095
0.00109293
0.00109108
0.00108943
0.00108795
0.00108662
0.00108543
0.00108435
0.00108337
0.00108248
0.00108168
0.00108094
0.00108026
0.00107964
0.00107907
0.00107854
0.00107805
0.00107759
0.00107716
0.00107675
0.00107635
0.00107598
0.00107561
0.00107525
0.00107489
0.00107454
0.00107417
0.00107384
0.242059
0.278122
0.248924
0.166628
0.109033
0.0721462
0.0468207
0.0282632
0.0151918
0.00762167
0.00408642
0.00246812
0.00172871
0.0013997
0.00125202
0.00118786
0.00116048
0.00114714
0.00113918
0.00113349
0.00112889
0.00112485
0.00112112
0.0011176
0.00111419
0.00111083
0.00110746
0.00110432
0.0011015
0.00109894
0.00109664
0.00109456
0.00109268
0.00109097
0.00108943
0.00108803
0.00108676
0.00108561
0.00108456
0.0010836
0.00108273
0.00108193
0.0010812
0.00108052
0.0010799
0.00107933
0.00107879
0.00107829
0.00107782
0.00107738
0.00107695
0.00107654
0.00107615
0.00107577
0.00107539
0.00107501
0.00107463
0.00107424
0.00107384
0.00107343
0.0145764
0.0119281
0.00850685
0.00490887
0.00314116
0.00225686
0.00177345
0.00149592
0.00133976
0.00125622
0.00121297
0.00119139
0.00117917
0.00117098
0.00116451
0.00115877
0.00115332
0.00114795
0.00114261
0.00113727
0.00113188
0.00112644
0.00112135
0.00111676
0.00111264
0.00110894
0.00110561
0.00110262
0.00109993
0.00109751
0.00109534
0.00109337
0.0010916
0.00109
0.00108856
0.00108725
0.00108607
0.00108499
0.00108401
0.00108311
0.0010823
0.00108155
0.00108086
0.00108022
0.00107963
0.00107908
0.00107857
0.00107808
0.00107762
0.00107719
0.00107676
0.00107636
0.00107595
0.00107556
0.00107516
0.00107476
0.00107435
0.00107393
0.00107348
0.00107299
0.00213141
0.00191825
0.00147586
0.00131545
0.00124591
0.0012254
0.00121069
0.00119904
0.00118952
0.00118148
0.00117443
0.00116804
0.00116216
0.00115662
0.00115143
0.00114648
0.00114177
0.00113725
0.00113292
0.00112873
0.00112463
0.0011206
0.00111657
0.00111261
0.00110904
0.00110581
0.0011029
0.00110027
0.00109789
0.00109574
0.0010938
0.00109204
0.00109044
0.00108899
0.00108768
0.00108649
0.0010854
0.00108441
0.0010835
0.00108267
0.00108191
0.00108121
0.00108056
0.00107995
0.00107939
0.00107886
0.00107837
0.00107789
0.00107744
0.001077
0.00107658
0.00107616
0.00107575
0.00107534
0.00107493
0.0010745
0.00107406
0.00107358
0.00107308
0.00107252
0.00137151
0.00131424
0.00127071
0.00124732
0.00123012
0.00121781
0.0012076
0.00119896
0.0011913
0.00118438
0.00117796
0.00117187
0.00116599
0.00116027
0.00115467
0.00114916
0.00114372
0.00113834
0.00113304
0.00112778
0.00112269
0.0011181
0.00111397
0.00111026
0.00110691
0.00110389
0.00110117
0.00109872
0.0010965
0.0010945
0.00109269
0.00109105
0.00108956
0.00108821
0.00108699
0.00108587
0.00108486
0.00108393
0.00108308
0.0010823
0.00108158
0.00108091
0.00108029
0.00107971
0.00107917
0.00107866
0.00107817
0.0010777
0.00107726
0.00107682
0.00107639
0.00107596
0.00107554
0.0010751
0.00107466
0.0010742
0.00107373
0.00107321
0.00107265
0.00107199
0.00134616
0.00130173
0.00126666
0.00124319
0.00122542
0.00121239
0.00120151
0.0011923
0.00118417
0.00117692
0.00117029
0.00116411
0.00115831
0.00115278
0.00114751
0.00114242
0.00113749
0.00113269
0.00112801
0.00112342
0.00111886
0.00111474
0.00111102
0.00110766
0.00110462
0.00110188
0.0010994
0.00109716
0.00109513
0.00109329
0.00109162
0.00109011
0.00108874
0.00108749
0.00108635
0.00108531
0.00108436
0.00108349
0.00108269
0.00108195
0.00108127
0.00108063
0.00108004
0.00107948
0.00107895
0.00107845
0.00107797
0.00107751
0.00107706
0.00107661
0.00107618
0.00107574
0.00107529
0.00107484
0.00107437
0.00107388
0.00107336
0.00107279
0.00107216
0.0010714
0.00133011
0.00129546
0.00126502
0.00124175
0.00122445
0.0012117
0.00120111
0.0011921
0.00118411
0.00117689
0.00117021
0.00116391
0.00115788
0.00115206
0.00114642
0.0011409
0.0011355
0.0011302
0.00112499
0.00112027
0.00111602
0.00111218
0.00110872
0.0011056
0.00110278
0.00110023
0.00109793
0.00109584
0.00109396
0.00109225
0.00109069
0.00108928
0.001088
0.00108683
0.00108576
0.00108479
0.00108389
0.00108307
0.00108231
0.00108161
0.00108096
0.00108035
0.00107977
0.00107923
0.00107872
0.00107822
0.00107775
0.00107729
0.00107683
0.00107638
0.00107593
0.00107548
0.00107502
0.00107454
0.00107404
0.00107351
0.00107294
0.00107232
0.00107161
0.00107075
0.00131406
0.00128732
0.00126172
0.00123817
0.00122041
0.00120724
0.00119635
0.00118711
0.00117898
0.00117169
0.00116499
0.00115874
0.00115281
0.00114715
0.00114169
0.0011364
0.00113124
0.00112619
0.00112141
0.00111709
0.00111319
0.00110967
0.00110649
0.00110361
0.00110101
0.00109866
0.00109653
0.00109459
0.00109284
0.00109125
0.0010898
0.00108849
0.00108729
0.00108619
0.00108519
0.00108427
0.00108342
0.00108264
0.00108192
0.00108125
0.00108062
0.00108004
0.00107948
0.00107895
0.00107845
0.00107796
0.00107749
0.00107702
0.00107656
0.00107611
0.00107565
0.00107518
0.00107469
0.00107419
0.00107366
0.00107309
0.00107247
0.00107178
0.00107099
0.00107001
0.00129742
0.00127732
0.0012564
0.00123573
0.00121822
0.00120497
0.00119405
0.00118478
0.00117659
0.00116922
0.00116241
0.00115603
0.00114995
0.00114411
0.00113846
0.00113296
0.00112759
0.0011227
0.00111828
0.00111429
0.00111068
0.00110742
0.00110447
0.0011018
0.00109938
0.0010972
0.00109521
0.00109341
0.00109177
0.00109029
0.00108893
0.0010877
0.00108657
0.00108554
0.0010846
0.00108373
0.00108293
0.00108218
0.00108149
0.00108085
0.00108024
0.00107967
0.00107913
0.00107861
0.00107811
0.00107763
0.00107716
0.0010767
0.00107623
0.00107577
0.0010753
0.00107481
0.00107431
0.00107378
0.00107321
0.0010726
0.00107193
0.00107117
0.00107029
0.00106917
0.00128002
0.0012651
0.00124835
0.00123074
0.0012143
0.00120083
0.00118968
0.00118024
0.00117195
0.00116451
0.00115769
0.00115131
0.00114528
0.0011395
0.00113393
0.00112852
0.00112363
0.00111919
0.00111516
0.00111151
0.0011082
0.0011052
0.00110249
0.00110002
0.00109778
0.00109575
0.00109391
0.00109223
0.0010907
0.00108931
0.00108804
0.00108688
0.00108582
0.00108485
0.00108396
0.00108313
0.00108236
0.00108165
0.00108099
0.00108037
0.00107978
0.00107923
0.0010787
0.00107819
0.0010777
0.00107722
0.00107675
0.00107628
0.00107581
0.00107534
0.00107486
0.00107437
0.00107385
0.00107329
0.0010727
0.00107204
0.00107131
0.00107048
0.00106949
0.00106822
0.00126169
0.00125065
0.00123751
0.00122322
0.00120958
0.00119679
0.00118567
0.00117612
0.00116769
0.00116011
0.00115316
0.00114667
0.00114051
0.0011346
0.0011292
0.0011243
0.00111985
0.00111581
0.00111213
0.0011088
0.00110577
0.00110301
0.00110051
0.00109823
0.00109617
0.00109428
0.00109257
0.00109101
0.00108958
0.00108828
0.00108709
0.001086
0.001085
0.00108408
0.00108323
0.00108244
0.00108171
0.00108102
0.00108038
0.00107978
0.00107921
0.00107867
0.00107815
0.00107765
0.00107716
0.00107668
0.00107622
0.00107575
0.00107528
0.00107481
0.00107432
0.00107382
0.00107328
0.00107271
0.00107209
0.00107139
0.00107061
0.00106969
0.00106859
0.00106715
0.00124336
0.00123436
0.00122361
0.00121176
0.00120033
0.00118956
0.00117956
0.00117035
0.00116194
0.00115433
0.0011473
0.00114084
0.00113496
0.00112959
0.00112471
0.00112026
0.00111621
0.00111253
0.00110917
0.00110612
0.00110334
0.00110081
0.00109851
0.00109641
0.0010945
0.00109276
0.00109116
0.00108971
0.00108838
0.00108716
0.00108604
0.00108501
0.00108406
0.00108319
0.00108237
0.00108162
0.00108092
0.00108025
0.00107963
0.00107905
0.00107849
0.00107795
0.00107744
0.00107695
0.00107647
0.00107599
0.00107553
0.00107507
0.0010746
0.00107413
0.00107364
0.00107313
0.00107259
0.001072
0.00107136
0.00107063
0.00106979
0.0010688
0.00106757
0.00106592
0.00122647
0.0012184
0.00120887
0.00119857
0.00118855
0.00117905
0.00117018
0.00116196
0.00115439
0.00114743
0.00114105
0.00113521
0.00112987
0.00112499
0.00112054
0.00111648
0.00111278
0.0011094
0.00110633
0.00110352
0.00110096
0.00109863
0.0010965
0.00109456
0.00109278
0.00109116
0.00108968
0.00108831
0.00108707
0.00108592
0.00108486
0.00108388
0.00108298
0.00108214
0.00108136
0.00108063
0.00107995
0.00107931
0.0010787
0.00107812
0.00107758
0.00107705
0.00107654
0.00107605
0.00107558
0.00107511
0.00107465
0.00107419
0.00107373
0.00107326
0.00107278
0.00107227
0.00107173
0.00107115
0.00107049
0.00106974
0.00106885
0.00106777
0.0010664
0.00106452
0.00121195
0.00120446
0.00119593
0.00118684
0.00117796
0.00116951
0.00116159
0.00115422
0.00114741
0.00114113
0.00113535
0.00113005
0.00112519
0.00112074
0.00111667
0.00111295
0.00110955
0.00110644
0.0011036
0.00110101
0.00109864
0.00109647
0.00109449
0.00109267
0.00109101
0.00108949
0.00108809
0.00108681
0.00108563
0.00108454
0.00108353
0.00108259
0.00108172
0.00108091
0.00108016
0.00107945
0.00107878
0.00107815
0.00107755
0.00107698
0.00107643
0.00107591
0.00107541
0.00107492
0.00107444
0.00107398
0.00107352
0.00107307
0.00107262
0.00107216
0.00107169
0.00107119
0.00107067
0.00107009
0.00106944
0.00106867
0.00106775
0.0010666
0.00106508
0.00106292
0.00119947
0.00119236
0.00118455
0.00117643
0.0011685
0.00116094
0.00115382
0.00114719
0.00114103
0.00113534
0.00113009
0.00112526
0.00112082
0.00111674
0.001113
0.00110958
0.00110644
0.00110356
0.00110093
0.00109851
0.0010963
0.00109428
0.00109242
0.00109072
0.00108915
0.00108771
0.00108638
0.00108516
0.00108403
0.00108298
0.00108201
0.0010811
0.00108026
0.00107946
0.00107872
0.00107802
0.00107736
0.00107673
0.00107613
0.00107556
0.00107501
0.00107449
0.00107398
0.00107349
0.00107302
0.00107256
0.0010721
0.00107166
0.00107121
0.00107077
0.00107031
0.00106984
0.00106933
0.00106878
0.00106815
0.0010674
0.00106646
0.00106524
0.00106357
0.0010611
0.00118889
0.00118199
0.00117471
0.00116732
0.00116013
0.00115327
0.00114682
0.00114079
0.00113518
0.00112999
0.00112518
0.00112075
0.00111667
0.00111292
0.00110946
0.00110629
0.00110337
0.0011007
0.00109824
0.00109598
0.00109391
0.001092
0.00109025
0.00108863
0.00108714
0.00108577
0.0010845
0.00108332
0.00108222
0.0010812
0.00108025
0.00107936
0.00107853
0.00107774
0.001077
0.0010763
0.00107564
0.001075
0.0010744
0.00107382
0.00107327
0.00107273
0.00107222
0.00107173
0.00107125
0.00107078
0.00107033
0.00106989
0.00106945
0.00106902
0.00106859
0.00106814
0.00106767
0.00106716
0.00106657
0.00106585
0.00106493
0.00106367
0.00106184
0.00105899
0.00117995
0.00117319
0.00116629
0.00115943
0.0011528
0.00114649
0.00114056
0.00113501
0.00112984
0.00112505
0.00112061
0.00111651
0.00111273
0.00110924
0.00110602
0.00110306
0.00110033
0.00109782
0.0010955
0.00109337
0.00109141
0.00108959
0.00108792
0.00108638
0.00108494
0.00108362
0.00108238
0.00108123
0.00108016
0.00107916
0.00107822
0.00107733
0.0010765
0.00107571
0.00107496
0.00107425
0.00107358
0.00107293
0.00107231
0.00107172
0.00107115
0.0010706
0.00107007
0.00106956
0.00106907
0.0010686
0.00106814
0.0010677
0.00106727
0.00106686
0.00106644
0.00106603
0.0010656
0.00106514
0.00106461
0.00106396
0.00106309
0.00106183
0.00105987
0.00105657
0.00117241
0.00116575
0.00115913
0.00115266
0.00114645
0.00114056
0.00113502
0.00112984
0.00112501
0.00112053
0.00111638
0.00111253
0.00110898
0.0011057
0.00110266
0.00109986
0.00109728
0.0010949
0.00109269
0.00109066
0.00108878
0.00108703
0.00108542
0.00108392
0.00108252
0.00108123
0.00108001
0.00107888
0.00107781
0.00107681
0.00107587
0.00107497
0.00107413
0.00107332
0.00107256
0.00107183
0.00107113
0.00107045
0.00106981
0.00106919
0.00106859
0.00106802
0.00106747
0.00106694
0.00106643
0.00106594
0.00106548
0.00106503
0.0010646
0.0010642
0.0010638
0.00106342
0.00106304
0.00106265
0.0010622
0.00106164
0.00106087
0.00105966
0.00105759
0.00105378
0.00116591
0.00115937
0.00115298
0.0011468
0.00114091
0.00113533
0.00113008
0.00112518
0.00112061
0.00111636
0.00111242
0.00110877
0.00110538
0.00110225
0.00109936
0.00109668
0.0010942
0.0010919
0.00108977
0.0010878
0.00108597
0.00108427
0.00108269
0.00108121
0.00107984
0.00107854
0.00107733
0.00107619
0.00107512
0.00107411
0.00107314
0.00107223
0.00107136
0.00107052
0.00106973
0.00106896
0.00106823
0.00106752
0.00106684
0.00106618
0.00106555
0.00106494
0.00106436
0.0010638
0.00106326
0.00106275
0.00106226
0.0010618
0.00106136
0.00106096
0.00106058
0.00106023
0.00105989
0.00105957
0.00105922
0.00105879
0.00105816
0.00105707
0.00105497
0.00105054
0.00116004
0.00115364
0.00114746
0.00114153
0.00113588
0.00113054
0.00112553
0.00112084
0.00111646
0.00111238
0.0011086
0.00110508
0.00110182
0.00109879
0.00109599
0.00109339
0.00109097
0.00108873
0.00108665
0.00108471
0.00108291
0.00108122
0.00107965
0.00107818
0.00107679
0.00107549
0.00107426
0.0010731
0.001072
0.00107096
0.00106996
0.00106901
0.0010681
0.00106723
0.00106638
0.00106557
0.00106479
0.00106404
0.00106331
0.00106261
0.00106193
0.00106128
0.00106065
0.00106004
0.00105947
0.00105892
0.0010584
0.00105792
0.00105747
0.00105706
0.00105668
0.00105635
0.00105606
0.0010558
0.00105555
0.00105526
0.00105483
0.00105397
0.00105192
0.00104677
0.00115429
0.00114809
0.00114212
0.00113641
0.00113098
0.00112586
0.00112103
0.00111651
0.00111228
0.00110834
0.00110467
0.00110125
0.00109807
0.00109512
0.00109238
0.00108982
0.00108745
0.00108524
0.00108317
0.00108125
0.00107944
0.00107776
0.00107617
0.00107468
0.00107327
0.00107194
0.00107068
0.00106949
0.00106834
0.00106725
0.00106621
0.00106521
0.00106424
0.00106332
0.00106242
0.00106155
0.00106071
0.0010599
0.00105912
0.00105835
0.00105762
0.00105691
0.00105623
0.00105558
0.00105495
0.00105436
0.00105381
0.00105329
0.00105282
0.00105239
0.00105201
0.00105169
0.00105142
0.00105122
0.00105106
0.00105093
0.00105074
0.00105019
0.00104836
0.00104237
0.00114807
0.00114213
0.00113641
0.00113094
0.00112573
0.0011208
0.00111615
0.00111179
0.0011077
0.00110387
0.0011003
0.00109697
0.00109386
0.00109096
0.00108826
0.00108574
0.00108338
0.00108118
0.00107912
0.00107719
0.00107537
0.00107366
0.00107205
0.00107053
0.00106909
0.00106771
0.00106641
0.00106516
0.00106397
0.00106282
0.00106172
0.00106065
0.00105963
0.00105863
0.00105767
0.00105674
0.00105583
0.00105495
0.0010541
0.00105327
0.00105247
0.0010517
0.00105096
0.00105025
0.00104958
0.00104894
0.00104834
0.00104779
0.00104729
0.00104684
0.00104645
0.00104613
0.00104588
0.00104571
0.00104563
0.00104563
0.00104569
0.00104557
0.00104419
0.00103722
0.00114068
0.00113509
0.00112969
0.0011245
0.00111954
0.00111483
0.00111038
0.00110618
0.00110223
0.00109852
0.00109505
0.0010918
0.00108876
0.00108591
0.00108325
0.00108075
0.00107841
0.00107622
0.00107415
0.00107221
0.00107037
0.00106864
0.00106699
0.00106543
0.00106394
0.00106252
0.00106117
0.00105986
0.00105861
0.0010574
0.00105623
0.0010551
0.00105401
0.00105295
0.00105192
0.00105091
0.00104994
0.00104899
0.00104807
0.00104717
0.0010463
0.00104547
0.00104466
0.00104389
0.00104316
0.00104247
0.00104183
0.00104125
0.00104072
0.00104025
0.00103986
0.00103954
0.0010393
0.00103916
0.00103913
0.00103922
0.00103948
0.00103988
0.0010393
0.00103118
0.00113127
0.0011262
0.00112122
0.0011164
0.00111175
0.00110731
0.00110308
0.00109907
0.00109529
0.00109172
0.00108837
0.00108521
0.00108224
0.00107946
0.00107684
0.00107438
0.00107205
0.00106987
0.0010678
0.00106584
0.00106398
0.00106222
0.00106054
0.00105894
0.0010574
0.00105593
0.00105452
0.00105316
0.00105184
0.00105057
0.00104934
0.00104815
0.001047
0.00104588
0.00104479
0.00104373
0.0010427
0.0010417
0.00104072
0.00103977
0.00103885
0.00103796
0.00103709
0.00103626
0.00103547
0.00103473
0.00103406
0.00103345
0.0010329
0.00103243
0.00103204
0.00103173
0.00103152
0.00103141
0.00103142
0.00103155
0.00103191
0.00103284
0.00103353
0.00102409
0.00111873
0.00111443
0.00111008
0.00110576
0.00110154
0.00109746
0.00109353
0.00108978
0.00108621
0.00108282
0.00107961
0.00107657
0.0010737
0.00107098
0.00106842
0.00106599
0.00106369
0.00106151
0.00105944
0.00105747
0.00105559
0.0010538
0.00105208
0.00105043
0.00104885
0.00104732
0.00104584
0.00104441
0.00104303
0.0010417
0.0010404
0.00103915
0.00103794
0.00103678
0.00103566
0.00103458
0.00103354
0.00103254
0.00103157
0.00103064
0.00102973
0.00102885
0.00102799
0.00102713
0.00102626
0.00102547
0.00102475
0.00102413
0.00102359
0.00102314
0.00102278
0.00102251
0.00102234
0.0010223
0.00102239
0.00102255
0.00102279
0.00102409
0.00102674
0.00101579
0.0011016
0.00109848
0.00109507
0.0010915
0.00108789
0.0010843
0.00108079
0.0010774
0.00107413
0.001071
0.001068
0.00106514
0.00106241
0.0010598
0.00105732
0.00105495
0.00105268
0.00105052
0.00104846
0.00104648
0.00104459
0.00104278
0.00104105
0.00103938
0.00103777
0.0010362
0.00103468
0.0010332
0.00103174
0.00103031
0.00102889
0.00102748
0.00102608
0.00102477
0.00102357
0.00102246
0.00102143
0.00102049
0.00101962
0.00101882
0.0010181
0.00101743
0.00101683
0.00101629
0.00101581
0.00101539
0.00101503
0.00101472
0.00101446
0.00101427
0.00101413
0.00101404
0.00101403
0.00101409
0.00101424
0.00101445
0.00101474
0.00101589
0.00101875
0.00101039
0.00107794
0.00107668
0.00107477
0.00107238
0.00106969
0.00106683
0.0010639
0.00106099
0.00105812
0.00105534
0.00105266
0.00105007
0.00104758
0.00104518
0.00104286
0.00104062
0.00103843
0.0010363
0.00103421
0.00103216
0.00103014
0.00102815
0.00102628
0.00102457
0.00102301
0.00102159
0.00102028
0.00101908
0.00101798
0.00101697
0.00101605
0.0010152
0.00101442
0.00101371
0.00101305
0.00101246
0.00101192
0.00101142
0.00101098
0.00101059
0.00101023
0.00100993
0.00100966
0.00100943
0.00100924
0.00100908
0.00100897
0.00100889
0.00100884
0.00100883
0.00100885
0.00100891
0.001009
0.00100914
0.00100933
0.00100955
0.00100981
0.0010106
0.00101248
0.00100732
0.00104459
0.00104624
0.00104678
0.00104643
0.00104535
0.00104372
0.00104171
0.00103945
0.00103707
0.00103465
0.00103225
0.00102994
0.00102773
0.00102566
0.00102372
0.00102193
0.00102027
0.00101876
0.00101737
0.00101611
0.00101495
0.0010139
0.00101294
0.00101207
0.00101127
0.00101055
0.00100989
0.00100929
0.00100875
0.00100826
0.00100782
0.00100743
0.00100707
0.00100676
0.00100648
0.00100624
0.00100603
0.00100585
0.00100571
0.00100559
0.00100551
0.00100545
0.00100542
0.00100541
0.00100543
0.00100548
0.00100554
0.00100563
0.00100574
0.00100587
0.00100602
0.00100618
0.00100636
0.00100657
0.00100679
0.00100703
0.00100728
0.00100784
0.00100906
0.00100597
0.00101404
0.00101566
0.00101665
0.00101712
0.00101716
0.00101684
0.00101628
0.00101553
0.00101466
0.00101373
0.00101277
0.00101183
0.00101091
0.00101004
0.00100921
0.00100845
0.00100775
0.0010071
0.00100651
0.00100598
0.0010055
0.00100506
0.00100468
0.00100433
0.00100402
0.00100375
0.00100351
0.00100331
0.00100313
0.00100299
0.00100287
0.00100278
0.00100271
0.00100267
0.00100265
0.00100265
0.00100268
0.00100272
0.00100279
0.00100288
0.00100299
0.00100311
0.00100326
0.00100342
0.0010036
0.00100379
0.001004
0.00100422
0.00100445
0.00100469
0.00100494
0.00100519
0.00100545
0.00100572
0.00100598
0.00100624
0.0010065
0.00100692
0.00100772
0.00100593
0.000996243
0.000997854
0.000999092
0.00100001
0.00100065
0.00100107
0.0010013
0.00100139
0.00100138
0.0010013
0.00100117
0.00100102
0.00100085
0.00100068
0.00100052
0.00100037
0.00100023
0.00100011
0.00100001
0.000999924
0.000999858
0.000999811
0.000999782
0.00099977
0.000999775
0.000999798
0.000999836
0.000999891
0.000999962
0.00100005
0.00100015
0.00100027
0.0010004
0.00100055
0.00100072
0.0010009
0.00100109
0.0010013
0.00100153
0.00100177
0.00100202
0.00100229
0.00100257
0.00100287
0.00100317
0.00100349
0.00100381
0.00100414
0.00100448
0.00100481
0.00100515
0.00100549
0.00100582
0.00100614
0.00100645
0.00100674
0.00100701
0.00100736
0.0010079
0.00100692
0.000985864
0.000987517
0.00098892
0.000990103
0.000991094
0.000991918
0.000992604
0.000993175
0.000993654
0.00099406
0.000994408
0.000994713
0.000994985
0.000995232
0.000995461
0.000995677
0.000995884
0.000996086
0.000996285
0.000996483
0.000996681
0.000996882
0.000997085
0.000997294
0.000997507
0.000997727
0.000997954
0.000998188
0.000998431
0.000998683
0.000998945
0.000999216
0.000999499
0.000999793
0.0010001
0.00100042
0.00100074
0.00100109
0.00100144
0.0010018
0.00100218
0.00100257
0.00100297
0.00100337
0.00100379
0.00100421
0.00100464
0.00100507
0.0010055
0.00100593
0.00100636
0.00100677
0.00100718
0.00100756
0.00100792
0.00100826
0.00100855
0.00100886
0.00100926
0.00100875
0.000979635
0.00098137
0.000982914
0.000984285
0.000985503
0.000986584
0.000987547
0.000988408
0.000989182
0.000989882
0.00099052
0.000991105
0.000991647
0.000992152
0.000992626
0.000993075
0.000993503
0.000993913
0.000994309
0.000994695
0.000995071
0.000995442
0.000995808
0.000996171
0.000996534
0.000996898
0.000997264
0.000997634
0.000998008
0.000998388
0.000998776
0.000999171
0.000999574
0.000999988
0.00100041
0.00100084
0.00100129
0.00100175
0.00100221
0.00100269
0.00100318
0.00100368
0.00100419
0.0010047
0.00100523
0.00100575
0.00100629
0.00100682
0.00100735
0.00100787
0.00100839
0.00100889
0.00100937
0.00100982
0.00101024
0.00101062
0.00101096
0.00101126
0.00101157
0.00101134
0.000975608
0.000977466
0.000979154
0.000980689
0.000982085
0.000983357
0.000984518
0.000985581
0.000986557
0.000987458
0.000988292
0.000989069
0.000989796
0.000990479
0.000991124
0.000991737
0.000992322
0.000992883
0.000993425
0.00099395
0.000994461
0.000994962
0.000995454
0.000995941
0.000996425
0.000996906
0.000997388
0.000997872
0.00099836
0.000998852
0.000999351
0.000999857
0.00100037
0.0010009
0.00100143
0.00100198
0.00100253
0.0010031
0.00100368
0.00100427
0.00100487
0.00100548
0.00100611
0.00100674
0.00100737
0.00100801
0.00100865
0.00100929
0.00100993
0.00101056
0.00101117
0.00101176
0.00101233
0.00101286
0.00101335
0.00101379
0.00101417
0.00101449
0.00101476
0.00101469
0.000972663
0.00097468
0.000976532
0.000978234
0.000979799
0.000981241
0.000982572
0.000983804
0.000984946
0.000986009
0.000987002
0.000987933
0.000988808
0.000989635
0.000990419
0.000991167
0.000991882
0.00099257
0.000993235
0.00099388
0.000994509
0.000995125
0.000995731
0.000996329
0.000996924
0.000997515
0.000998107
0.000998701
0.000999298
0.000999901
0.00100051
0.00100113
0.00100176
0.00100239
0.00100304
0.0010037
0.00100438
0.00100506
0.00100576
0.00100648
0.0010072
0.00100794
0.00100868
0.00100944
0.0010102
0.00101097
0.00101173
0.0010125
0.00101325
0.001014
0.00101472
0.00101542
0.00101609
0.00101671
0.00101728
0.00101779
0.00101822
0.00101857
0.00101883
0.00101884
0.000970178
0.000972389
0.000974431
0.000976317
0.000978062
0.000979679
0.00098118
0.000982576
0.000983878
0.000985096
0.000986238
0.000987314
0.000988329
0.000989292
0.000990208
0.000991084
0.000991924
0.000992734
0.000993519
0.000994282
0.000995027
0.000995758
0.000996479
0.000997192
0.0009979
0.000998606
0.000999313
0.00100002
0.00100074
0.00100146
0.00100219
0.00100293
0.00100368
0.00100444
0.00100522
0.00100601
0.00100681
0.00100763
0.00100847
0.00100932
0.00101018
0.00101106
0.00101195
0.00101285
0.00101376
0.00101467
0.00101558
0.00101648
0.00101738
0.00101825
0.00101911
0.00101993
0.00102072
0.00102145
0.00102211
0.0010227
0.00102319
0.00102358
0.00102385
0.00102391
0.000967819
0.00097026
0.000972521
0.000974617
0.000976563
0.000978372
0.000980057
0.00098163
0.000983102
0.000984483
0.000985783
0.00098701
0.000988173
0.000989278
0.000990334
0.000991345
0.000992318
0.000993259
0.000994172
0.000995062
0.000995933
0.00099679
0.000997636
0.000998475
0.000999309
0.00100014
0.00100098
0.00100182
0.00100266
0.00100352
0.00100438
0.00100526
0.00100615
0.00100706
0.00100798
0.00100892
0.00100988
0.00101086
0.00101185
0.00101286
0.00101389
0.00101494
0.00101599
0.00101706
0.00101813
0.00101921
0.00102029
0.00102136
0.00102242
0.00102346
0.00102447
0.00102544
0.00102636
0.00102721
0.00102799
0.00102867
0.00102924
0.00102967
0.00102996
0.00103003
0.000965417
0.000968124
0.000970636
0.000972972
0.000975145
0.000977171
0.000979063
0.000980834
0.000982496
0.00098406
0.000985535
0.000986932
0.000988258
0.000989523
0.000990734
0.000991897
0.000993019
0.000994107
0.000995165
0.000996199
0.000997214
0.000998214
0.000999204
0.00100019
0.00100117
0.00100215
0.00100313
0.00100412
0.00100512
0.00100613
0.00100716
0.0010082
0.00100925
0.00101033
0.00101143
0.00101254
0.00101368
0.00101484
0.00101602
0.00101723
0.00101845
0.00101969
0.00102094
0.00102221
0.00102349
0.00102476
0.00102604
0.00102731
0.00102856
0.00102979
0.00103098
0.00103212
0.0010332
0.00103421
0.00103511
0.0010359
0.00103655
0.00103705
0.00103735
0.00103743
0.000962901
0.000965909
0.000968708
0.000971315
0.000973747
0.00097602
0.000978147
0.000980143
0.000982021
0.000983792
0.000985467
0.000987057
0.000988571
0.000990019
0.000991407
0.000992745
0.000994039
0.000995296
0.000996523
0.000997724
0.000998906
0.00100007
0.00100123
0.00100238
0.00100353
0.00100469
0.00100585
0.00100702
0.0010082
0.00100939
0.00101061
0.00101184
0.00101309
0.00101437
0.00101567
0.001017
0.00101835
0.00101973
0.00102114
0.00102257
0.00102402
0.0010255
0.00102699
0.00102849
0.00103001
0.00103153
0.00103304
0.00103455
0.00103603
0.00103748
0.00103889
0.00104024
0.00104151
0.00104268
0.00104374
0.00104466
0.00104541
0.00104597
0.0010463
0.00104636
0.000960259
0.000963604
0.000966725
0.000969639
0.000972364
0.000974916
0.000977311
0.000979564
0.000981688
0.000983697
0.000985601
0.000987414
0.000989144
0.000990802
0.000992398
0.000993939
0.000995433
0.000996889
0.000998312
0.00099971
0.00100109
0.00100245
0.00100381
0.00100516
0.00100651
0.00100787
0.00100924
0.00101062
0.00101202
0.00101344
0.00101488
0.00101634
0.00101783
0.00101935
0.0010209
0.00102248
0.00102409
0.00102573
0.00102741
0.00102911
0.00103084
0.00103259
0.00103437
0.00103616
0.00103797
0.00103977
0.00104158
0.00104336
0.00104512
0.00104684
0.00104851
0.0010501
0.0010516
0.00105298
0.00105422
0.00105529
0.00105616
0.00105679
0.00105715
0.00105718
0.000957525
0.000961245
0.000964725
0.000967983
0.000971036
0.000973904
0.000976602
0.000979146
0.000981552
0.000983832
0.000986
0.000988068
0.000990049
0.000991952
0.000993788
0.000995566
0.000997295
0.000998983
0.00100064
0.00100227
0.00100388
0.00100548
0.00100707
0.00100866
0.00101026
0.00101186
0.00101348
0.00101511
0.00101677
0.00101845
0.00102016
0.0010219
0.00102368
0.00102549
0.00102733
0.00102922
0.00103114
0.0010331
0.0010351
0.00103713
0.00103919
0.00104129
0.00104341
0.00104555
0.0010477
0.00104985
0.001052
0.00105412
0.00105622
0.00105826
0.00106023
0.00106212
0.00106389
0.00106552
0.00106697
0.00106822
0.00106922
0.00106994
0.00107032
0.00107032
0.000954783
0.000958914
0.000962789
0.000966428
0.000969848
0.000973069
0.000976107
0.000978981
0.000981706
0.000984296
0.000986766
0.000989129
0.000991398
0.000993585
0.000995701
0.000997755
0.000999759
0.00100172
0.00100365
0.00100555
0.00100744
0.00100932
0.00101119
0.00101307
0.00101495
0.00101685
0.00101877
0.00102071
0.00102268
0.00102468
0.00102672
0.00102879
0.00103091
0.00103307
0.00103528
0.00103753
0.00103983
0.00104217
0.00104456
0.00104699
0.00104946
0.00105197
0.0010545
0.00105706
0.00105963
0.0010622
0.00106477
0.0010673
0.0010698
0.00107223
0.00107458
0.00107682
0.00107891
0.00108084
0.00108255
0.00108401
0.00108517
0.00108598
0.00108639
0.00108633
0.000952174
0.000956749
0.000961055
0.00096511
0.000968934
0.000972547
0.000975966
0.00097921
0.000982295
0.000985236
0.000988051
0.000990752
0.000993354
0.000995869
0.00099831
0.00100069
0.00100301
0.0010053
0.00100755
0.00100978
0.00101199
0.0010142
0.00101641
0.00101863
0.00102086
0.00102311
0.00102539
0.0010277
0.00103005
0.00103243
0.00103487
0.00103735
0.00103988
0.00104247
0.00104512
0.00104782
0.00105057
0.00105339
0.00105625
0.00105917
0.00106213
0.00106514
0.00106818
0.00107125
0.00107433
0.00107741
0.00108048
0.00108352
0.0010865
0.00108941
0.00109221
0.00109488
0.00109737
0.00109964
0.00110166
0.00110337
0.00110472
0.00110564
0.00110607
0.00110595
0.000949917
0.000954964
0.000959731
0.000964236
0.000968501
0.000972544
0.000976384
0.00098004
0.000983529
0.000986868
0.000990073
0.00099316
0.000996145
0.000999039
0.00100186
0.00100461
0.00100732
0.00100998
0.00101261
0.00101523
0.00101783
0.00102044
0.00102305
0.00102567
0.00102832
0.001031
0.00103372
0.00103648
0.00103928
0.00104214
0.00104506
0.00104804
0.00105108
0.00105419
0.00105737
0.00106061
0.00106393
0.00106732
0.00107077
0.00107428
0.00107785
0.00108147
0.00108514
0.00108883
0.00109254
0.00109625
0.00109994
0.00110358
0.00110716
0.00111065
0.001114
0.00111719
0.00112016
0.00112286
0.00112525
0.00112726
0.00112883
0.00112988
0.00113033
0.00113011
0.00094834
0.000953878
0.00095913
0.000964115
0.000968853
0.000973363
0.000977663
0.000981774
0.000985712
0.000989497
0.000993144
0.000996671
0.00100009
0.00100343
0.00100668
0.00100988
0.00101303
0.00101614
0.00101922
0.0010223
0.00102537
0.00102845
0.00103154
0.00103466
0.00103782
0.00104102
0.00104426
0.00104757
0.00105093
0.00105437
0.00105788
0.00106146
0.00106513
0.00106888
0.00107272
0.00107664
0.00108065
0.00108474
0.00108891
0.00109316
0.00109748
0.00110186
0.00110629
0.00111075
0.00111524
0.00111972
0.00112417
0.00112857
0.00113289
0.00113709
0.00114112
0.00114494
0.00114849
0.00115172
0.00115456
0.00115694
0.00115877
0.00115996
0.00116043
0.00116008
0.000947929
0.000953964
0.000959716
0.000965201
0.000970439
0.000975447
0.000980246
0.000984853
0.000989288
0.000993569
0.000997713
0.00100174
0.00100566
0.0010095
0.00101326
0.00101697
0.00102064
0.00102428
0.00102791
0.00103153
0.00103516
0.00103881
0.00104249
0.00104621
0.00104999
0.00105382
0.00105772
0.00106169
0.00106575
0.00106989
0.00107413
0.00107847
0.00108291
0.00108745
0.00109211
0.00109687
0.00110174
0.00110671
0.00111178
0.00111695
0.0011222
0.00112752
0.00113291
0.00113833
0.00114378
0.00114922
0.00115463
0.00115997
0.0011652
0.00117028
0.00117515
0.00117976
0.00118404
0.00118791
0.00119131
0.00119412
0.00119627
0.00119764
0.00119812
0.00119759
0.0009494
0.000955922
0.000962173
0.000968167
0.000973922
0.000979455
0.000984785
0.000989929
0.000994908
0.000999738
0.00100444
0.00100903
0.00101352
0.00101794
0.0010223
0.00102661
0.00103089
0.00103516
0.00103943
0.00104371
0.00104802
0.00105236
0.00105676
0.00106122
0.00106575
0.00107036
0.00107506
0.00107987
0.00108478
0.00108981
0.00109496
0.00110024
0.00110564
0.00111119
0.00111687
0.00112268
0.00112863
0.00113471
0.00114091
0.00114723
0.00115366
0.00116017
0.00116676
0.0011734
0.00118006
0.00118671
0.00119331
0.00119983
0.00120621
0.00121239
0.00121832
0.00122392
0.0012291
0.00123378
0.00123785
0.00124122
0.00124375
0.00124532
0.0012458
0.00124504
0.000953823
0.000960798
0.000967528
0.000974024
0.000980301
0.000986375
0.000992263
0.000997982
0.00100355
0.00100899
0.00101431
0.00101954
0.00102469
0.00102978
0.00103482
0.00103984
0.00104486
0.00104988
0.00105492
0.00106
0.00106513
0.00107033
0.00107561
0.00108098
0.00108645
0.00109203
0.00109775
0.00110359
0.00110958
0.00111572
0.00112203
0.00112849
0.00113513
0.00114194
0.00114892
0.00115607
0.0011634
0.00117089
0.00117853
0.00118632
0.00119425
0.00120228
0.0012104
0.00121858
0.00122679
0.00123499
0.00124312
0.00125113
0.00125897
0.00126656
0.00127382
0.00128067
0.00128699
0.00129267
0.00129761
0.00130165
0.00130466
0.00130648
0.00130695
0.00130588
0.000962827
0.00097019
0.000977353
0.000984323
0.000991112
0.000997731
0.0010042
0.00101052
0.00101673
0.00102283
0.00102885
0.0010348
0.00104071
0.00104658
0.00105244
0.00105831
0.0010642
0.00107013
0.00107612
0.00108219
0.00108834
0.0010946
0.00110098
0.00110749
0.00111415
0.00112097
0.00112796
0.00113514
0.0011425
0.00115007
0.00115785
0.00116585
0.00117407
0.00118251
0.00119117
0.00120006
0.00120916
0.00121848
0.001228
0.00123769
0.00124756
0.00125756
0.00126767
0.00127786
0.00128807
0.00129826
0.00130836
0.00131831
0.00132803
0.00133743
0.00134641
0.00135485
0.00136263
0.0013696
0.00137563
0.00138053
0.00138414
0.00138626
0.00138669
0.00138522
0.000978978
0.000986626
0.000994144
0.00100153
0.0010088
0.00101596
0.00102302
0.00102998
0.00103688
0.00104373
0.00105053
0.00105732
0.0010641
0.00107091
0.00107775
0.00108464
0.00109161
0.00109867
0.00110584
0.00111314
0.00112059
0.0011282
0.00113599
0.00114397
0.00115216
0.00116058
0.00116923
0.00117814
0.00118731
0.00119675
0.00120647
0.00121647
0.00122677
0.00123736
0.00124825
0.00125942
0.00127088
0.00128261
0.0012946
0.00130682
0.00131925
0.00133185
0.00134459
0.00135741
0.00137027
0.00138308
0.00139578
0.00140827
0.00142046
0.00143222
0.00144344
0.00145396
0.00146363
0.00147228
0.0014797
0.00148571
0.00149007
0.00149256
0.00149293
0.00149092
0.00100652
0.0010143
0.00102206
0.00102979
0.00103749
0.00104517
0.00105282
0.00106048
0.00106814
0.00107582
0.00108354
0.00109132
0.00109917
0.00110711
0.00111516
0.00112335
0.00113168
0.00114019
0.00114889
0.00115779
0.00116693
0.00117631
0.00118596
0.00119589
0.00120613
0.00121668
0.00122756
0.0012388
0.00125039
0.00126235
0.00127469
0.00128742
0.00130053
0.00131404
0.00132794
0.00134222
0.00135686
0.00137187
0.0013872
0.00140283
0.00141873
0.00143485
0.00145113
0.00146752
0.00148392
0.00150027
0.00151644
0.00153234
0.00154781
0.00156273
0.00157692
0.0015902
0.00160237
0.0016132
0.00162247
0.00162991
0.00163525
0.0016382
0.00163846
0.00163572
0.00105292
0.00106066
0.00106852
0.00107649
0.00108457
0.00109276
0.00110107
0.00110949
0.00111804
0.00112673
0.00113558
0.0011446
0.00115381
0.00116323
0.00117288
0.00118277
0.00119294
0.00120339
0.00121416
0.00122526
0.00123672
0.00124855
0.00126078
0.00127342
0.0012865
0.00130004
0.00131404
0.00132854
0.00134353
0.00135904
0.00137506
0.00139161
0.00140869
0.00142629
0.00144442
0.00146304
0.00148216
0.00150174
0.00152174
0.00154214
0.00156286
0.00158386
0.00160505
0.00162635
0.00164765
0.00166884
0.00168978
0.00171032
0.00173027
0.00174946
0.00176767
0.00178467
0.00180018
0.00181395
0.00182565
0.00183499
0.0018416
0.00184514
0.00184524
0.00184151
0.00113252
0.00114009
0.00114799
0.00115619
0.0011647
0.00117351
0.00118263
0.00119205
0.00120179
0.00121186
0.00122227
0.00123304
0.00124418
0.00125571
0.00126766
0.00128004
0.00129287
0.00130619
0.00132001
0.00133436
0.00134925
0.00136472
0.00138079
0.00139747
0.0014148
0.00143278
0.00145143
0.00147078
0.00149083
0.0015116
0.00153308
0.00155529
0.00157821
0.00160184
0.00162615
0.00165114
0.00167677
0.00170299
0.00172975
0.00175699
0.00178464
0.00181261
0.00184078
0.00186904
0.00189725
0.00192524
0.00195283
0.00197982
0.00200598
0.00203106
0.00205479
0.00207685
0.00209691
0.00211463
0.00212962
0.00214147
0.00214977
0.00215407
0.00215391
0.00214882
0.00127591
0.00128385
0.0012923
0.00130128
0.00131081
0.00132089
0.00133156
0.00134281
0.00135466
0.00136713
0.00138024
0.001394
0.00140843
0.00142355
0.00143939
0.00145597
0.00147331
0.00149143
0.00151037
0.00153014
0.00155076
0.00157227
0.00159469
0.00161802
0.0016423
0.00166753
0.00169373
0.00172092
0.00174908
0.00177823
0.00180836
0.00183946
0.00187151
0.00190448
0.00193835
0.00197306
0.00200856
0.00204478
0.00208165
0.00211905
0.0021569
0.00219504
0.00223334
0.00227161
0.00230968
0.00234731
0.00238427
0.00242029
0.00245506
0.00248825
0.00251952
0.00254847
0.00257467
0.00259769
0.00261703
0.00263221
0.0026427
0.00264794
0.00264738
0.00264046
0.00155835
0.00157088
0.00158389
0.00159749
0.00161179
0.00162686
0.00164279
0.00165962
0.00167742
0.00169624
0.00171612
0.0017371
0.0017592
0.00178246
0.00180691
0.00183256
0.00185944
0.00188757
0.00191696
0.00194763
0.00197959
0.00201284
0.00204739
0.00208324
0.0021204
0.00215885
0.00219858
0.00223959
0.00228185
0.00232534
0.00237002
0.00241585
0.00246279
0.00251076
0.00255972
0.00260956
0.00266021
0.00271154
0.00276344
0.00281576
0.00286834
0.002921
0.00297353
0.0030257
0.00307726
0.00312792
0.00317738
0.00322527
0.00327124
0.00331487
0.00335573
0.00339332
0.00342715
0.00345666
0.00348129
0.00350044
0.00351348
0.00351977
0.00351862
0.00350937
0.00220754
0.0022538
0.00230013
0.00234665
0.00239346
0.00244063
0.00248824
0.00253635
0.00258503
0.00263433
0.00268429
0.00273496
0.00278637
0.00283855
0.00289154
0.00294535
0.00300001
0.00305554
0.00311193
0.00316922
0.00322738
0.00328644
0.00334637
0.00340718
0.00346885
0.00353135
0.00359467
0.00365877
0.00372361
0.00378916
0.00385535
0.00392212
0.00398941
0.00405714
0.00412521
0.00419352
0.00426195
0.00433038
0.00439865
0.0044666
0.00453406
0.00460081
0.00466664
0.00473128
0.00479448
0.00485595
0.00491534
0.00497231
0.00502647
0.00507742
0.0051247
0.00516784
0.00520632
0.00523962
0.00526716
0.00528834
0.00530253
0.00530908
0.00530731
0.0052965
4.14379
4.80869
5.09717
5.35283
5.54558
5.71408
5.86286
6.00017
6.12968
6.25438
6.37646
6.49805
6.62103
6.74722
6.87915
7.01986
7.16967
7.32539
7.49973
7.75037
8.11819
8.4178
8.50224
9.74278
15.7605
6.04512
6.19597
6.44946
6.67859
6.87021
7.04627
7.2107
7.36938
7.52595
7.68318
7.84338
8.00911
8.18395
8.37208
8.57785
8.80628
9.06761
9.37889
9.75711
10.2032
10.7636
11.8042
14.3914
18.6207
18.7304
6.03688
5.9362
6.16758
6.34679
6.50871
6.65965
6.80511
6.94912
7.09535
7.24618
7.40364
7.57021
7.74999
7.94791
8.16899
8.41981
8.7135
9.06614
9.48674
9.98326
10.6562
11.8405
13.926
15.5124
12.4856
6.18204
6.01104
6.224
6.37661
6.52384
6.66374
6.80226
6.94244
7.08811
7.24149
7.40448
7.57943
7.77082
7.98426
8.22552
8.50191
8.82782
9.2186
9.68467
10.2465
11.0008
12.1005
13.2653
12.682
8.98027
6.3456
6.16484
6.35887
6.49405
6.63155
6.76489
6.89976
7.0385
7.1851
7.34171
7.51006
7.69208
7.89227
8.11656
8.37095
8.66209
9.00404
9.41064
9.89302
10.4616
11.1354
11.8113
11.7954
9.6797
6.06464
6.48907
6.32324
6.4977
6.61903
6.74783
6.87516
7.00605
7.14203
7.28719
7.44348
7.61245
7.79519
7.99565
8.21914
8.47085
8.75555
9.08346
9.46005
9.87864
10.2935
10.5704
10.3892
9.12148
6.31035
3.34413
6.6015
6.45948
6.61252
6.72025
6.8387
6.95776
7.08153
7.21042
7.34823
7.49643
7.65609
7.82738
8.01282
8.21505
8.43411
8.66437
8.90479
9.13093
9.28151
9.22863
8.73977
7.58481
5.70305
3.264
1.40698
6.67324
6.55397
6.6816
6.77276
6.87603
6.98095
7.09061
7.2042
7.32411
7.45058
7.58286
7.71646
7.85004
7.97987
8.0951
8.17562
8.18803
8.06484
7.68926
6.94738
5.77542
4.31458
2.82517
1.36175
0.537473
6.68751
6.58249
6.67792
6.74507
6.82393
6.9032
6.98401
7.06194
7.13824
7.20973
7.27076
7.31286
7.3259
7.29378
7.18666
6.95985
6.56097
5.94854
5.0923
4.04707
2.92671
1.89948
1.13338
0.510967
0.216504
6.61173
6.50675
6.55026
6.57529
6.60627
6.63118
6.64755
6.64956
6.63281
6.58909
6.50496
6.3627
6.14152
5.82301
5.38451
4.81017
4.11303
3.32353
2.50604
1.71873
1.10079
0.678849
0.409686
0.189235
0.0900397
6.3771
6.23267
6.18962
6.13383
6.07208
5.99144
5.88357
5.73866
5.54688
5.30011
4.98768
4.60045
4.14002
3.60626
3.0153
2.3959
1.79043
1.27046
0.859606
0.551209
0.349329
0.227544
0.145999
0.0716936
0.0377371
5.84214
5.59527
5.40056
5.20008
4.9764
4.72471
4.43575
4.10668
3.73708
3.32482
2.87655
2.40386
1.92284
1.47977
1.0942
0.777235
0.530952
0.357959
0.240377
0.161346
0.110398
0.0781651
0.052942
0.0278037
0.0162418
4.78212
4.36689
3.9757
3.61636
3.24834
2.87202
2.48536
2.0935
1.70971
1.35769
1.04559
0.779655
0.561227
0.395866
0.275406
0.190399
0.132285
0.0937476
0.0678291
0.0498195
0.0371959
0.0281478
0.0198966
0.011402
0.00739189
3.15911
2.64657
2.16666
1.77365
1.42436
1.124
0.867784
0.653714
0.48016
0.34694
0.247161
0.174335
0.122595
0.0869888
0.0627146
0.0462171
0.0349717
0.0271756
0.0215105
0.0171524
0.0137159
0.0109246
0.0080944
0.0052264
0.00372664
1.52031
1.0988
0.768524
0.553258
0.393886
0.27987
0.197519
0.138755
0.0974391
0.0689278
0.0493808
0.0360576
0.0270013
0.0208206
0.0165249
0.0134606
0.0112024
0.00946587
0.00805412
0.00684383
0.00579324
0.00485716
0.00385653
0.00284905
0.00223805
0.519715
0.320048
0.190075
0.122634
0.0803434
0.0541346
0.0373171
0.0264355
0.0193231
0.0146261
0.0114713
0.00930839
0.00778602
0.0066782
0.00583936
0.00517741
0.00463378
0.00416923
0.00375404
0.00336824
0.00300908
0.00266484
0.00228335
0.00189479
0.00164105
0.139019
0.0736724
0.0387841
0.0238032
0.0155738
0.0109638
0.00820102
0.00648002
0.00536225
0.00460565
0.00407046
0.00367448
0.00336804
0.00312035
0.00291192
0.00273019
0.00256701
0.00241619
0.00227161
0.00212807
0.00198547
0.00183918
0.00167421
0.00151442
0.00140007
0.0322129
0.0156857
0.00840128
0.00565693
0.00427251
0.00352394
0.0030733
0.00278055
0.00257605
0.00242384
0.00230403
0.00220512
0.00212016
0.00204469
0.00197568
0.00191099
0.00184901
0.00178818
0.00172601
0.00165963
0.00158807
0.00151269
0.00143126
0.0013574
0.00129861
0.00779092
0.00429659
0.00296407
0.00247428
0.0022252
0.00207995
0.00198303
0.00191195
0.00185585
0.00180906
0.00176835
0.00173173
0.00169789
0.00166586
0.00163484
0.00160411
0.00157302
0.00154065
0.00150514
0.00146389
0.00141824
0.00137261
0.00132747
0.00128669
0.00125128
0.00288682
0.0021989
0.00193561
0.00181822
0.00174922
0.00170163
0.00166538
0.00163575
0.00161031
0.00158765
0.00156683
0.00154721
0.0015283
0.00150962
0.0014907
0.00147105
0.00145011
0.00142701
0.0013999
0.00136746
0.00133613
0.00130589
0.00127664
0.00124975
0.00122518
0.00190823
0.00175561
0.00167793
0.00162519
0.00158919
0.00156161
0.0015393
0.00152033
0.00150357
0.00148825
0.00147383
0.00145989
0.00144606
0.00143194
0.00141709
0.00140102
0.00138314
0.00136245
0.00133768
0.00131357
0.00129048
0.00126822
0.00124681
0.00122681
0.00120798
0.00167066
0.00161604
0.001576
0.00154219
0.00151519
0.00149372
0.00147598
0.00146066
0.00144692
0.00143418
0.00142197
0.00140992
0.00139766
0.0013848
0.00137088
0.00135535
0.00133754
0.00131749
0.00129791
0.00127904
0.00126088
0.00124334
0.00122645
0.00121047
0.00119519
0.00158081
0.00154868
0.00152081
0.00149551
0.0014726
0.00145382
0.00143793
0.00142394
0.00141116
0.00139909
0.0013873
0.00137544
0.00136313
0.00134997
0.00133545
0.001319
0.00130218
0.00128575
0.00126983
0.00125443
0.00123955
0.00122514
0.00121123
0.00119793
0.00118509
0.00152751
0.00150367
0.00148182
0.00146143
0.00144216
0.0014249
0.00140983
0.0013962
0.00138347
0.0013712
0.00135902
0.00134656
0.00133347
0.00131932
0.00130454
0.00129006
0.00127594
0.00126222
0.00124889
0.00123594
0.00122337
0.00121116
0.00119933
0.00118792
0.00117682
0.0014856
0.00146629
0.00144817
0.00143102
0.00141464
0.00139892
0.0013844
0.00137092
0.00135804
0.0013454
0.00133268
0.00131955
0.00130629
0.00129328
0.00128058
0.00126819
0.00125611
0.00124433
0.00123284
0.00122164
0.00121072
0.00120007
0.00118971
0.00117963
0.00116976
0.00144715
0.00143078
0.00141521
0.00140031
0.00138599
0.00137216
0.00135877
0.00134573
0.00133302
0.00132058
0.0013084
0.00129648
0.00128483
0.00127344
0.00126231
0.00125142
0.00124078
0.00123036
0.00122017
0.0012102
0.00120043
0.00119086
0.0011815
0.00117231
0.00116326
0.00141269
0.00139851
0.00138488
0.00137173
0.00135901
0.00134666
0.00133465
0.00132294
0.00131151
0.00130034
0.00128942
0.00127872
0.00126825
0.00125799
0.00124793
0.00123807
0.00122839
0.0012189
0.00120957
0.00120041
0.0011914
0.00118253
0.00117379
0.00116516
0.0011566
0.00137916
0.00136852
0.00135773
0.00134694
0.0013363
0.00132581
0.00131544
0.0013051
0.00129469
0.00128442
0.00127434
0.00126445
0.00125474
0.0012452
0.00123582
0.00122659
0.00121751
0.00120857
0.00119977
0.00119109
0.00118251
0.00117404
0.00116565
0.00115731
0.001149
0.00134442
0.00133684
0.00132899
0.00132096
0.00131283
0.00130464
0.00129636
0.00128797
0.00127938
0.00127052
0.00126126
0.00125183
0.00124254
0.00123339
0.00122438
0.00121548
0.00120671
0.00119805
0.00118949
0.00118102
0.00117263
0.00116431
0.00115603
0.00114778
0.00113953
0.00130756
0.0013023
0.00129678
0.00129103
0.0012851
0.00127899
0.00127271
0.00126623
0.00125953
0.00125254
0.0012452
0.00123745
0.00122917
0.00122025
0.00121139
0.00120264
0.00119398
0.00118541
0.00117692
0.00116851
0.00116015
0.00115183
0.00114355
0.00113528
0.00112701
0.00126465
0.00126098
0.00125712
0.00125305
0.00124879
0.00124436
0.00123974
0.00123492
0.00122989
0.00122461
0.00121905
0.00121316
0.00120691
0.00120023
0.00119306
0.00118533
0.00117693
0.00116839
0.00115991
0.00115149
0.00114312
0.00113478
0.00112647
0.00111817
0.00110989
0.00121035
0.00120765
0.00120483
0.00120185
0.00119873
0.00119547
0.00119206
0.00118849
0.00118474
0.00118081
0.00117667
0.00117231
0.00116769
0.0011628
0.00115761
0.00115209
0.00114622
0.00113999
0.00113339
0.00112638
0.00111893
0.00111102
0.00110272
0.00109445
0.00108618
0.00113834
0.00113614
0.00113385
0.00113147
0.001129
0.00112642
0.00112374
0.00112095
0.00111804
0.001115
0.00111182
0.0011085
0.00110501
0.00110135
0.00109751
0.00109348
0.00108926
0.00108484
0.00108023
0.00107543
0.00107046
0.00106535
0.00106013
0.00105487
0.00104966
0.00106844
0.00106695
0.00106542
0.00106384
0.00106222
0.00106054
0.00105881
0.00105702
0.00105517
0.00105325
0.00105126
0.0010492
0.00104706
0.00104485
0.00104256
0.00104019
0.00103774
0.00103522
0.00103264
0.00103001
0.00102733
0.00102462
0.00102191
0.00101921
0.00101657
0.00101823
0.00101758
0.00101691
0.00101622
0.00101551
0.00101478
0.00101403
0.00101325
0.00101245
0.00101162
0.00101076
0.00100988
0.00100898
0.00100804
0.00100708
0.00100611
0.00100511
0.00100409
0.00100307
0.00100205
0.00100102
0.00100001
0.00099901
0.000998036
0.000997106
0.000988204
0.000988174
0.000988138
0.000988094
0.000988042
0.000987982
0.000987914
0.000987836
0.00098775
0.000987655
0.000987551
0.00098744
0.00098732
0.000987195
0.000987064
0.000986929
0.000986791
0.000986654
0.000986518
0.000986388
0.000986265
0.000986152
0.000986051
0.000985964
0.000985898
0.000971725
0.000972053
0.000972379
0.000972703
0.000973023
0.000973341
0.000973656
0.000973969
0.000974279
0.000974586
0.000974891
0.000975195
0.000975497
0.000975798
0.000976098
0.0009764
0.000976702
0.000977007
0.000977314
0.000977626
0.000977943
0.000978265
0.000978595
0.00097893
0.000979276
0.000962791
0.0009633
0.000963808
0.000964316
0.000964823
0.000965329
0.000965835
0.000966341
0.000966846
0.000967351
0.000967857
0.000968362
0.000968867
0.000969374
0.000969881
0.000970389
0.000970899
0.00097141
0.000971924
0.00097244
0.000972959
0.000973482
0.000974007
0.000974536
0.000975069
0.000957641
0.000958233
0.000958826
0.000959419
0.000960012
0.000960605
0.000961199
0.000961794
0.000962388
0.000962984
0.00096358
0.000964176
0.000964774
0.000965372
0.000965972
0.000966572
0.000967174
0.000967777
0.000968382
0.000968988
0.000969596
0.000970205
0.000970817
0.00097143
0.000972045
0.00095422
0.000954849
0.000955478
0.000956107
0.000956738
0.000957369
0.000958
0.000958633
0.000959266
0.0009599
0.000960535
0.00096117
0.000961807
0.000962444
0.000963082
0.000963722
0.000964362
0.000965003
0.000965646
0.00096629
0.000966935
0.000967581
0.000968228
0.000968877
0.000969527
0.000951491
0.000952134
0.000952777
0.000953422
0.000954067
0.000954713
0.00095536
0.000956007
0.000956656
0.000957305
0.000957955
0.000958606
0.000959258
0.000959911
0.000960564
0.000961219
0.000961874
0.000962531
0.000963188
0.000963847
0.000964506
0.000965167
0.000965828
0.000966491
0.000967154
0.000948963
0.00094961
0.000950259
0.000950908
0.000951559
0.00095221
0.000952862
0.000953515
0.000954168
0.000954823
0.000955478
0.000956134
0.000956792
0.00095745
0.000958109
0.000958768
0.000959429
0.000960091
0.000960753
0.000961417
0.000962081
0.000962747
0.000963413
0.00096408
0.000964748
0.000946421
0.00094707
0.00094772
0.00094837
0.000949022
0.000949674
0.000950327
0.000950981
0.000951635
0.000952291
0.000952947
0.000953605
0.000954263
0.000954922
0.000955582
0.000956243
0.000956905
0.000957567
0.000958231
0.000958895
0.000959561
0.000960227
0.000960894
0.000961562
0.000962231
0.000943797
0.000944445
0.000945094
0.000945743
0.000946394
0.000947045
0.000947698
0.000948351
0.000949005
0.00094966
0.000950316
0.000950972
0.00095163
0.000952288
0.000952947
0.000953608
0.000954269
0.000954931
0.000955593
0.000956257
0.000956922
0.000957587
0.000958254
0.000958921
0.000959589
0.000941098
0.000941745
0.000942392
0.000943041
0.00094369
0.00094434
0.000944991
0.000945643
0.000946295
0.000946949
0.000947603
0.000948258
0.000948914
0.000949571
0.000950229
0.000950888
0.000951548
0.000952208
0.00095287
0.000953532
0.000954195
0.000954859
0.000955524
0.00095619
0.000956857
0.000938396
0.000939041
0.000939687
0.000940334
0.000940982
0.00094163
0.000942279
0.00094293
0.000943581
0.000944233
0.000944885
0.000945539
0.000946193
0.000946849
0.000947505
0.000948162
0.00094882
0.000949479
0.000950139
0.0009508
0.000951461
0.000952124
0.000952787
0.000953451
0.000954117
0.000935824
0.000936467
0.000937112
0.000937757
0.000938403
0.00093905
0.000939698
0.000940347
0.000940996
0.000941647
0.000942298
0.00094295
0.000943603
0.000944257
0.000944912
0.000945568
0.000946225
0.000946882
0.00094754
0.0009482
0.00094886
0.000949521
0.000950183
0.000950845
0.000951509
0.00093359
0.000934233
0.000934876
0.000935521
0.000936166
0.000936812
0.000937459
0.000938107
0.000938755
0.000939405
0.000940055
0.000940707
0.000941359
0.000942012
0.000942666
0.00094332
0.000943976
0.000944633
0.00094529
0.000945948
0.000946607
0.000947267
0.000947928
0.00094859
0.000949253
0.000932012
0.000932655
0.000933299
0.000933943
0.000934588
0.000935234
0.000935881
0.000936529
0.000937178
0.000937827
0.000938478
0.000939129
0.000939781
0.000940434
0.000941088
0.000941743
0.000942399
0.000943055
0.000943713
0.000944371
0.00094503
0.00094569
0.000946351
0.000947013
0.000947676
0.00093156
0.000932204
0.000932849
0.000933495
0.000934142
0.00093479
0.000935438
0.000936088
0.000936738
0.000937389
0.000938041
0.000938694
0.000939348
0.000940003
0.000940658
0.000941315
0.000941972
0.000942631
0.00094329
0.00094395
0.000944611
0.000945272
0.000945935
0.000946599
0.000947263
0.000932925
0.000933573
0.000934223
0.000934873
0.000935524
0.000936176
0.000936829
0.000937482
0.000938137
0.000938792
0.000939448
0.000940106
0.000940764
0.000941423
0.000942082
0.000942743
0.000943405
0.000944067
0.000944731
0.000945395
0.00094606
0.000946726
0.000947393
0.000948061
0.00094873
0.000937142
0.000937799
0.000938456
0.000939114
0.000939773
0.000940433
0.000941094
0.000941756
0.000942419
0.000943082
0.000943747
0.000944412
0.000945078
0.000945745
0.000946414
0.000947083
0.000947752
0.000948423
0.000949095
0.000949768
0.000950441
0.000951116
0.000951791
0.000952467
0.000953145
0.000945785
0.000946455
0.000947127
0.000947799
0.000948472
0.000949147
0.000949822
0.000950498
0.000951175
0.000951853
0.000952532
0.000953211
0.000953892
0.000954574
0.000955256
0.00095594
0.000956624
0.00095731
0.000957996
0.000958683
0.000959371
0.000960061
0.000960751
0.000961442
0.000962134
0.000961328
0.000962022
0.000962718
0.000963414
0.000964111
0.000964809
0.000965508
0.000966208
0.000966909
0.000967611
0.000968314
0.000969018
0.000969723
0.000970429
0.000971136
0.000971844
0.000972553
0.000973263
0.000973973
0.000974685
0.000975398
0.000976112
0.000976827
0.000977543
0.00097826
0.000987855
0.000988589
0.000989323
0.000990059
0.000990796
0.000991534
0.000992273
0.000993013
0.000993754
0.000994496
0.000995239
0.000995983
0.000996729
0.000997475
0.000998223
0.000998971
0.000999721
0.00100047
0.00100122
0.00100198
0.00100273
0.00100349
0.00100424
0.001005
0.00100576
0.00103254
0.00103334
0.00103415
0.00103495
0.00103575
0.00103656
0.00103736
0.00103817
0.00103898
0.00103979
0.0010406
0.00104141
0.00104223
0.00104304
0.00104386
0.00104468
0.0010455
0.00104632
0.00104714
0.00104796
0.00104878
0.00104961
0.00105043
0.00105126
0.00105209
0.0011091
0.00111002
0.00111094
0.00111186
0.00111279
0.00111371
0.00111464
0.00111556
0.00111649
0.00111742
0.00111836
0.00111929
0.00112022
0.00112116
0.0011221
0.00112304
0.00112398
0.00112492
0.00112587
0.00112681
0.00112776
0.00112871
0.00112966
0.00113061
0.00113156
0.0012466
0.00124775
0.0012489
0.00125005
0.0012512
0.00125236
0.00125352
0.00125468
0.00125584
0.001257
0.00125817
0.00125934
0.00126051
0.00126168
0.00126285
0.00126403
0.00126521
0.00126639
0.00126757
0.00126876
0.00126995
0.00127113
0.00127233
0.00127352
0.00127471
0.00151576
0.00151742
0.00151908
0.00152075
0.00152242
0.0015241
0.00152578
0.00152746
0.00152915
0.00153083
0.00153253
0.00153422
0.00153592
0.00153763
0.00153933
0.00154104
0.00154276
0.00154448
0.0015462
0.00154792
0.00154965
0.00155139
0.00155312
0.00155486
0.00155661
0.00212589
0.00212904
0.00213221
0.00213538
0.00213856
0.00214175
0.00214495
0.00214816
0.00215138
0.00215461
0.00215785
0.00216109
0.00216435
0.00216761
0.00217089
0.00217417
0.00217747
0.00218077
0.00218408
0.0021874
0.00219074
0.00219408
0.00219743
0.00220079
0.00220416
3.80913
4.21042
4.37583
4.41912
4.38472
4.28448
4.12766
3.93163
3.71826
3.49543
3.24854
2.96553
2.66316
2.38214
2.1599
2.00446
1.89102
1.78452
1.66301
1.52266
1.37021
1.21458
1.06311
0.921106
0.791946
0.676982
0.57616
0.488675
0.413394
0.348972
0.294035
0.247393
0.207961
0.174691
0.146654
0.12307
0.103255
0.0866069
0.0726137
0.0608536
0.0509715
0.0426656
0.0356873
0.0298279
0.0249102
0.0207855
0.0173287
0.0144324
0.0120132
0.00996655
4.66779
4.43697
4.46202
4.46339
4.41146
4.30198
4.1396
3.94001
3.72431
3.49984
3.25168
2.96765
2.66451
2.383
2.16049
2.0049
1.89134
1.78475
1.66315
1.52276
1.37028
1.21463
1.06315
0.92115
0.791986
0.677019
0.576193
0.488704
0.413419
0.348994
0.294053
0.247408
0.207973
0.174702
0.146663
0.123077
0.103261
0.0866118
0.0726178
0.060857
0.0509744
0.042668
0.0356893
0.0298296
0.0249116
0.0207867
0.0173297
0.0144333
0.012014
0.00996717
5.48072
4.86427
4.66234
4.57224
4.47825
4.34589
4.16956
3.9609
3.7391
3.51039
3.25915
2.97282
2.6679
2.38496
2.16134
2.00499
1.89104
1.78434
1.66281
1.52256
1.37023
1.21472
1.06333
0.921374
0.79223
0.677261
0.57642
0.488909
0.413599
0.349149
0.294184
0.247517
0.208064
0.174776
0.146724
0.123127
0.103302
0.0866456
0.0726457
0.0608801
0.0509936
0.042684
0.0357026
0.0298407
0.024921
0.0207946
0.0173363
0.0144388
0.0120186
0.00997102
6.10552
5.39511
4.98195
4.76421
4.60094
4.42809
4.22619
4.00063
3.7674
3.53073
3.2737
2.98291
2.67442
2.3886
2.16281
2.00509
1.89048
1.78363
1.66223
1.52222
1.37014
1.21482
1.06357
0.921695
0.792584
0.677616
0.576755
0.489213
0.413867
0.349379
0.29438
0.247681
0.208199
0.174888
0.146816
0.123202
0.103364
0.0866967
0.072688
0.0609152
0.0510228
0.0427084
0.035723
0.0298578
0.0249353
0.0208066
0.0173463
0.0144472
0.0120258
0.00997693
6.55204
5.93117
5.39541
5.04705
4.79354
4.56144
4.3198
4.06704
3.81505
3.56527
3.29869
3.00042
2.68569
2.39464
2.16484
2.00462
1.88894
1.78197
1.6609
1.52136
1.36972
1.21476
1.06376
0.922035
0.793
0.678054
0.577181
0.489606
0.414218
0.349685
0.294641
0.247901
0.208382
0.175039
0.146941
0.123305
0.103449
0.0867668
0.0727461
0.0609636
0.0510631
0.0427421
0.0357512
0.0298815
0.0249551
0.0208233
0.0173604
0.0144591
0.0120358
0.00998522
6.85059
6.40161
5.85347
5.40974
5.06192
4.75639
4.46072
4.16886
3.88893
3.61934
3.33837
3.02873
2.70411
2.40432
2.16749
2.00278
1.88523
1.77819
1.65787
1.51927
1.36848
1.21418
1.06365
0.922227
0.793365
0.678501
0.577649
0.490058
0.414633
0.350053
0.29496
0.248173
0.208611
0.17523
0.147099
0.123436
0.103557
0.0868569
0.0728211
0.0610262
0.0511155
0.042786
0.0357882
0.0299125
0.0249813
0.0208453
0.017379
0.0144747
0.012049
0.00999621
7.03021
6.76335
6.296
5.81941
5.39663
5.01529
4.65578
4.3137
3.99585
3.6986
3.39752
3.07198
2.73303
2.41973
2.17131
1.99876
1.87778
1.77057
1.65164
1.51477
1.36553
1.21245
1.0628
0.921967
0.79347
0.678812
0.578061
0.490502
0.415068
0.350456
0.295319
0.248485
0.208877
0.175455
0.147287
0.123593
0.103689
0.0869666
0.072913
0.0611034
0.0511805
0.0428408
0.0358343
0.0299515
0.0250142
0.0208731
0.0174025
0.0144946
0.0120659
0.0100102
7.11142
6.99362
6.66255
6.22342
5.76721
5.32533
4.90258
4.5042
4.14017
3.80757
3.48056
3.1346
2.77665
2.44415
2.1779
1.99226
1.86492
1.75692
1.64009
1.50611
1.35954
1.20859
1.0605
0.920747
0.792957
0.678739
0.578243
0.490817
0.415438
0.350834
0.295677
0.248809
0.209163
0.175701
0.147498
0.123771
0.103839
0.0870935
0.0730204
0.0611942
0.0512575
0.0429061
0.0358898
0.0299986
0.0250542
0.0209071
0.0174314
0.0145191
0.0120867
0.0100276
7.1004
7.07985
6.8974
6.5543
6.11965
5.65177
5.18224
4.73207
4.31953
3.94674
3.58947
3.21985
2.83925
2.48201
2.19052
1.98435
1.84556
1.73489
1.62059
1.49093
1.34858
1.20111
1.05565
0.917777
0.79126
0.677876
0.577909
0.490801
0.415601
0.351086
0.295965
0.249097
0.209432
0.175944
0.147712
0.123957
0.104
0.0872316
0.073139
0.061296
0.0513449
0.042981
0.035954
0.0300535
0.0251012
0.0209473
0.0174657
0.0145484
0.0121118
0.0100486
6.98051
7.00508
6.9476
6.73355
6.37642
5.93287
5.45182
4.97043
4.51856
4.10786
3.72029
3.32707
2.92322
2.53791
2.21419
1.97835
1.82027
1.7028
1.59039
1.46634
1.33014
1.18799
1.0467
0.911896
0.787529
0.675608
0.576612
0.490134
0.415327
0.35105
0.296064
0.249264
0.209626
0.176142
0.1479
0.12413
0.104155
0.0873695
0.0732606
0.0614029
0.0514383
0.0430626
0.0360249
0.030115
0.0251544
0.0209932
0.0175052
0.0145823
0.0121411
0.0100733
6.69448
6.72592
6.75158
6.67126
6.43701
6.07683
5.63779
5.16571
4.70095
4.26725
3.8578
3.44732
3.02533
2.61387
2.25444
1.98027
1.79262
1.66094
1.5475
1.42943
1.30124
1.16665
1.03157
0.901488
0.780546
0.67103
0.57369
0.488331
0.414266
0.350471
0.295791
0.249179
0.209649
0.176224
0.148012
0.124253
0.104278
0.0874874
0.073371
0.0615043
0.0515304
0.0431453
0.0360986
0.0301802
0.0252119
0.0210435
0.0175492
0.0146205
0.0121743
0.0101015
6.11303
6.14282
6.21765
6.25927
6.17762
5.96019
5.63108
5.22995
4.80069
4.37762
3.96856
3.55728
3.1311
2.70414
2.3135
1.99716
1.76976
1.61321
1.49219
1.37818
1.259
1.13414
1.00766
0.884448
0.768665
0.662888
0.568201
0.484693
0.411899
0.348968
0.294869
0.248637
0.209352
0.176082
0.147967
0.124266
0.104325
0.0875536
0.0734465
0.0615829
0.0516081
0.0432197
0.0361682
0.0302443
0.02527
0.0210957
0.0175957
0.0146617
0.0122106
0.0101328
5.02495
5.08684
5.20839
5.36429
5.45287
5.43013
5.28558
5.03537
4.71392
4.35902
3.99246
3.61189
3.20778
2.78803
2.38309
2.03174
1.76038
1.56791
1.4289
1.3132
1.20168
1.0878
0.972196
0.858277
0.749811
0.649531
0.558865
0.478246
0.407495
0.345996
0.292892
0.247341
0.208514
0.175554
0.147646
0.124082
0.104231
0.0875187
0.0734503
0.0616112
0.051651
0.0432707
0.0362225
0.0302988
0.0253227
0.0211454
0.0176415
0.0147034
0.0122483
0.0101659
3.33379
3.44771
3.61874
3.87323
4.12782
4.32693
4.42982
4.41655
4.2945
4.09084
3.83404
3.53628
3.19683
2.82183
2.43519
2.07259
1.76727
1.53491
1.36692
1.23968
1.13057
1.02647
0.922909
0.820452
0.721638
0.62896
0.54406
0.467711
0.400066
0.3408
0.28929
0.244863
0.206818
0.174401
0.146871
0.123568
0.103896
0.0873088
0.073327
0.0615475
0.0516279
0.0432747
0.0362439
0.0303306
0.0253601
0.0211851
0.0176813
0.0147417
0.0122845
0.0101989
1.5642
1.6392
1.76589
1.98874
2.28252
2.61676
2.94518
3.20974
3.36832
3.41211
3.35642
3.21812
3.00645
2.73141
2.41312
2.08247
1.77421
1.51555
1.31622
1.16762
1.05181
0.952376
0.85944
0.769296
0.682018
0.599072
0.521921
0.451531
0.388357
0.332393
0.283301
0.240619
0.203821
0.17229
0.145391
0.122535
0.103179
0.0868164
0.0729954
0.0613306
0.0514924
0.0431967
0.0362058
0.0303197
0.0253672
0.0212036
0.0177065
0.0147704
0.0123145
0.0102283
0.507828
0.517635
0.546282
0.615611
0.735686
0.920987
1.18252
1.5094
1.86033
2.17463
2.39915
2.50943
2.50765
2.40709
2.22565
1.98945
1.73204
1.48587
1.27396
1.10528
0.975403
0.872602
0.785193
0.705478
0.630054
0.558276
0.490687
0.428045
0.370924
0.319579
0.27396
0.233851
0.198933
0.168769
0.142861
0.12072
0.10188
0.0858899
0.0723401
0.0608725
0.0511775
0.0429857
0.0360696
0.0302368
0.0253218
0.0211841
0.0177045
0.0147798
0.012331
0.0102488
0.13092
0.128045
0.127657
0.133327
0.147382
0.175475
0.229423
0.327529
0.490049
0.725917
1.01693
1.31564
1.56298
1.71269
1.74857
1.68485
1.5518
1.38196
1.2045
1.04171
0.90519
0.795764
0.707661
0.633518
0.567579
0.506623
0.449452
0.395951
0.346398
0.301089
0.260169
0.223649
0.191423
0.163258
0.138827
0.117773
0.0997281
0.084322
0.0712021
0.0600514
0.0505899
0.0425701
0.0357805
0.0300398
0.0251918
0.0211021
0.0176567
0.0147559
0.0123233
0.0102524
0.0304032
0.0293546
0.028482
0.0282184
0.0285773
0.0297408
0.032529
0.0390618
0.0544173
0.0891463
0.160192
0.285226
0.468559
0.687691
0.896685
1.04789
1.11474
1.1
1.02734
0.925556
0.817533
0.717427
0.631524
0.560006
0.499724
0.447023
0.399299
0.355155
0.314057
0.275942
0.240909
0.209067
0.180471
0.155075
0.132738
0.113254
0.0963782
0.0818422
0.0693708
0.0587038
0.0496029
0.0418521
0.0352627
0.0296706
0.0249323
0.0209232
0.0175365
0.0146783
0.0122759
0.0102275
0.00754652
0.0073836
0.00719608
0.00708125
0.00702884
0.00701921
0.00706413
0.00720305
0.00755645
0.0085229
0.0113836
0.0197669
0.0417697
0.0900769
0.17595
0.298029
0.435965
0.558008
0.637301
0.663631
0.644466
0.597251
0.539292
0.481777
0.429621
0.383839
0.343625
0.307611
0.274644
0.244078
0.215676
0.189411
0.165345
0.143538
0.123995
0.106659
0.0914182
0.0781189
0.0665823
0.0566212
0.0480525
0.0407032
0.0344161
0.029051
0.0244826
0.0206003
0.0173076
0.0145189
0.0121671
0.0101575
0.0028625
0.00287851
0.00286146
0.00284932
0.00284278
0.0028383
0.00283763
0.00284218
0.00285279
0.00287199
0.00291063
0.00301669
0.00339595
0.00482651
0.00964601
0.0229453
0.0520728
0.102575
0.172286
0.249072
0.315788
0.358853
0.373785
0.365022
0.341732
0.312694
0.283317
0.255727
0.23029
0.206814
0.18502
0.164689
0.145734
0.128184
0.112098
0.0975111
0.0844215
0.072788
0.062534
0.0535563
0.0457393
0.0389635
0.0331134
0.0280804
0.0237636
0.0200712
0.0169214
0.0142399
0.0119674
0.0100198
0.00192835
0.00196208
0.00197496
0.0019829
0.00198856
0.00199119
0.00199257
0.00199382
0.0019952
0.0019968
0.00199862
0.00200082
0.00200438
0.00201418
0.00205411
0.00223457
0.00297611
0.0055009
0.0123695
0.0271853
0.0527204
0.0882491
0.128371
0.164915
0.190777
0.202833
0.202308
0.193139
0.179623
0.164764
0.149973
0.135685
0.122016
0.109052
0.0968674
0.0855192
0.0750583
0.0655244
0.0569288
0.04925
0.0424434
0.0364504
0.031205
0.0266374
0.0226775
0.0192579
0.0163159
0.0137923
0.0116382
0.00978399
0.00169403
0.00172377
0.00174014
0.00174961
0.00175588
0.0017585
0.00175888
0.00175807
0.00175638
0.00175393
0.00175078
0.00174695
0.00174247
0.00173737
0.0017318
0.00172631
0.0017234
0.00173463
0.0018101
0.00213061
0.00320364
0.00609938
0.0124238
0.0236814
0.0401566
0.0600852
0.0799671
0.0960412
0.105884
0.109099
0.106946
0.101382
0.0941511
0.0863372
0.0784438
0.0706891
0.0632161
0.0561434
0.0495522
0.0434854
0.0379613
0.0329817
0.0285328
0.0245881
0.0211128
0.0180687
0.0154164
0.0131158
0.0111314
0.00941151
0.00160134
0.00162605
0.00164107
0.00164902
0.00165386
0.00165539
0.00165452
0.00165218
0.0016487
0.0016442
0.00163873
0.00163232
0.00162499
0.00161672
0.00160751
0.00159734
0.00158619
0.00157405
0.00156115
0.00154854
0.00154078
0.0015557
0.00165454
0.00200914
0.00300106
0.00527624
0.00960586
0.0164849
0.025648
0.0358799
0.0453858
0.0525387
0.0564928
0.0573171
0.0557159
0.0525922
0.0487007
0.0445133
0.0402755
0.0361206
0.0321414
0.0284059
0.0249543
0.0218035
0.0189559
0.0164056
0.0141401
0.0121414
0.0103903
0.00885537
0.00154488
0.00156541
0.00157818
0.00158458
0.00158812
0.00158889
0.00158743
0.0015845
0.00158042
0.00157531
0.00156922
0.00156218
0.00155416
0.00154516
0.00153513
0.00152401
0.00151176
0.00149828
0.0014835
0.00146732
0.00144967
0.00143057
0.00141035
0.00139045
0.00137611
0.00138444
0.00146459
0.00173368
0.00241678
0.00384675
0.00636444
0.0101151
0.0148496
0.019899
0.0244001
0.0276425
0.0293068
0.0294806
0.028513
0.0268236
0.0247618
0.0225549
0.0203306
0.0181619
0.0160977
0.0141715
0.0124021
0.0107958
0.0093529
0.00806177
0.00150036
0.00151758
0.00152798
0.00153317
0.00153578
0.00153615
0.00153458
0.00153164
0.00152765
0.00152272
0.0015169
0.00151021
0.00150262
0.00149411
0.00148461
0.00147409
0.00146245
0.00144962
0.00143549
0.00141996
0.00140293
0.00138427
0.00136389
0.0013417
0.00131763
0.00129175
0.00126444
0.00123709
0.00121398
0.00120739
0.00124849
0.00140425
0.00179172
0.00256914
0.00388162
0.00576755
0.00807885
0.0104861
0.0125901
0.0140751
0.0148058
0.0148288
0.014306
0.013432
0.0123725
0.0112403
0.0101023
0.00899691
0.00795085
0.00697019
0.00146003
0.00147312
0.00148146
0.00148583
0.00148792
0.00148816
0.00148675
0.0014841
0.00148049
0.00147605
0.00147083
0.00146482
0.00145803
0.0014504
0.00144188
0.00143242
0.00142194
0.00141035
0.00139756
0.00138347
0.00136796
0.00135093
0.00133227
0.00131186
0.00128959
0.00126539
0.00123917
0.00121088
0.00118053
0.00114823
0.00111438
0.00108006
0.0010482
0.00102622
0.00103119
0.00109709
0.00127946
0.00164891
0.00226595
0.00314138
0.00420442
0.00530668
0.00626993
0.00695112
0.00728541
0.00728884
0.00703137
0.00659992
0.00607751
0.00549791
0.00142337
0.00143261
0.00143899
0.00144256
0.00144419
0.0014443
0.00144302
0.00144063
0.00143738
0.00143338
0.00142868
0.00142329
0.00141719
0.00141034
0.0014027
0.00139421
0.00138478
0.00137434
0.0013628
0.00135007
0.00133603
0.00132058
0.0013036
0.00128499
0.00126464
0.00124245
0.00121833
0.00119222
0.00116405
0.00113381
0.00110151
0.00106718
0.00103093
0.000992953
0.000953651
0.000913854
0.000875383
0.000842242
0.000822811
0.0008327
0.000896266
0.00104344
0.00129935
0.00166874
0.00212312
0.00260126
0.00302711
0.00333498
0.00349548
0.00348565
0.00138641
0.00139272
0.00139733
0.00140006
0.00140126
0.0014012
0.00139998
0.00139779
0.00139482
0.00139117
0.00138688
0.00138196
0.0013764
0.00137017
0.00136321
0.00135546
0.00134685
0.00133731
0.00132676
0.00131509
0.00130221
0.00128802
0.00127241
0.00125526
0.00123648
0.00121596
0.00119361
0.00116935
0.00114313
0.00111491
0.00108467
0.00105242
0.00101823
0.00098218
0.0009444
0.000905064
0.000864395
0.000822688
0.000780352
0.000738027
0.000696812
0.000658739
0.000627586
0.000609929
0.000615702
0.000657004
0.000744282
0.000880424
0.00105634
0.00124592
0.00134908
0.00135313
0.00135616
0.00135798
0.00135867
0.00135833
0.00135707
0.00135497
0.00135217
0.00134876
0.00134475
0.00134017
0.00133499
0.00132919
0.00132272
0.00131551
0.00130751
0.00129864
0.00128881
0.00127794
0.00126592
0.00125267
0.00123808
0.00122203
0.00120444
0.00118519
0.0011642
0.00114139
0.0011167
0.00109007
0.00106149
0.00103096
0.00099853
0.000964262
0.000928269
0.0008907
0.000851739
0.000811609
0.000770563
0.000728881
0.00068687
0.000644865
0.000603247
0.00056248
0.000523203
0.000486389
0.000453623
0.000427452
0.00041161
0.000410822
0.00131026
0.00131253
0.00131419
0.00131508
0.00131516
0.00131446
0.00131302
0.0013109
0.00130817
0.00130488
0.00130105
0.00129669
0.00129178
0.00128629
0.00128017
0.00127336
0.00126581
0.00125743
0.00124814
0.00123787
0.00122653
0.001214
0.0012002
0.00118503
0.00116838
0.00115015
0.00113026
0.00110863
0.00108518
0.00105988
0.00103269
0.00100362
0.0009727
0.000939984
0.000905576
0.000869609
0.000832256
0.000793722
0.000754244
0.000714085
0.000673526
0.000632862
0.00059239
0.000552406
0.000513194
0.000475028
0.000438173
0.0004029
0.000369519
0.000338431
0.00126591
0.00126686
0.00126741
0.00126745
0.00126694
0.00126585
0.00126418
0.00126196
0.00125923
0.001256
0.00125229
0.0012481
0.0012434
0.00123816
0.00123234
0.00122588
0.00121872
0.00121078
0.00120199
0.00119227
0.00118153
0.00116968
0.00115663
0.00114227
0.00112651
0.00110925
0.00109041
0.0010699
0.00104767
0.00102365
0.000997833
0.000970199
0.000940776
0.000909619
0.000876816
0.00084249
0.000806801
0.000769939
0.000732129
0.000693617
0.000654673
0.000615578
0.000576617
0.000538072
0.000500215
0.000463298
0.000427549
0.000393168
0.000360322
0.000329149
0.0012106
0.00121062
0.00121036
0.00120975
0.00120874
0.00120731
0.00120544
0.00120314
0.0012004
0.00119724
0.00119366
0.00118964
0.00118517
0.00118022
0.00117472
0.00116864
0.0011619
0.00115445
0.0011462
0.00113709
0.00112703
0.00111594
0.00110371
0.00109026
0.0010755
0.00105934
0.00104168
0.00102245
0.00100159
0.000979043
0.000954781
0.000928793
0.000901095
0.000871735
0.00084079
0.000808371
0.000774623
0.000739723
0.000703879
0.000667321
0.000630303
0.00059309
0.000555954
0.000519165
0.000482983
0.000447652
0.000413394
0.000380403
0.000348842
0.000318841
0.00113815
0.00113778
0.0011372
0.00113638
0.00113526
0.00113382
0.00113204
0.00112991
0.00112741
0.00112454
0.0011213
0.00111766
0.00111361
0.0011091
0.00110411
0.00109857
0.00109244
0.00108565
0.00107813
0.00106981
0.00106062
0.00105047
0.00103927
0.00102694
0.0010134
0.00099855
0.000982316
0.000964622
0.000945405
0.000924612
0.000902211
0.000878187
0.00085255
0.000825338
0.000796616
0.000766483
0.000735066
0.000702526
0.00066905
0.000634852
0.000600165
0.000565236
0.00053032
0.000495671
0.000461536
0.00042815
0.000395725
0.00036445
0.000334485
0.00030596
0.00106809
0.0010676
0.00106696
0.00106614
0.0010651
0.00106381
0.00106225
0.0010604
0.00105824
0.00105575
0.00105291
0.00104972
0.00104613
0.00104212
0.00103765
0.00103268
0.00102716
0.00102102
0.00101421
0.00100665
0.000998283
0.000989022
0.000978791
0.000967508
0.000955093
0.000941465
0.000926546
0.000910266
0.000892562
0.000873384
0.000852697
0.000830482
0.000806745
0.000781514
0.000754847
0.000726827
0.00069757
0.00066722
0.000635947
0.000603947
0.000571436
0.000538644
0.000505809
0.000473171
0.000440964
0.000409413
0.000378721
0.000349071
0.000320621
0.000293499
0.00101778
0.00101722
0.00101655
0.00101572
0.00101473
0.00101354
0.00101212
0.00101047
0.00100854
0.00100632
0.00100378
0.00100091
0.000997662
0.000994019
0.00098994
0.000985382
0.000980296
0.000974629
0.000968321
0.000961309
0.000953524
0.000944895
0.000935347
0.000924804
0.000913187
0.00090042
0.000886429
0.000871146
0.000854511
0.000836473
0.000816996
0.000796061
0.000773668
0.000749843
0.000724633
0.000698116
0.000670396
0.000641607
0.000611907
0.000581479
0.000550526
0.000519267
0.000487927
0.000456736
0.000425919
0.000395691
0.000366252
0.000337779
0.000310427
0.000284324
0.00098767
0.000987042
0.000986307
0.000985447
0.000984442
0.000983269
0.000981906
0.000980329
0.000978511
0.000976429
0.000974055
0.000971361
0.000968317
0.000964889
0.00096104
0.000956727
0.000951903
0.000946517
0.000940511
0.000933824
0.000926389
0.000918139
0.000909
0.000898899
0.000887761
0.000875511
0.000862077
0.000847394
0.000831402
0.00081405
0.000795302
0.000775138
0.000753557
0.000730579
0.00070625
0.000680641
0.000653851
0.000626007
0.00059726
0.000567786
0.000537779
0.00050745
0.000477019
0.000446707
0.000416736
0.000387314
0.000358637
0.000330882
0.000304199
0.000278717
0.000971125
0.000970438
0.00096965
0.000968745
0.000967707
0.000966517
0.000965154
0.000963595
0.000961816
0.000959789
0.000957488
0.000954883
0.00095194
0.000948624
0.000944898
0.000940719
0.000936039
0.000930808
0.000924969
0.000918461
0.000911222
0.000903182
0.000894272
0.000884418
0.000873547
0.000861587
0.000848466
0.000834119
0.000818486
0.000801519
0.000783181
0.00076345
0.000742324
0.000719823
0.000695988
0.00067089
0.000644623
0.000617309
0.000589097
0.000560158
0.000530683
0.000500876
0.000470955
0.000441137
0.000411639
0.000382668
0.000354419
0.000327064
0.000300755
0.000275619
0.000962151
0.000961423
0.000960597
0.000959658
0.000958591
0.000957379
0.000956002
0.000954439
0.000952667
0.000950658
0.000948386
0.000945819
0.000942925
0.000939667
0.000936005
0.000931897
0.000927295
0.000922149
0.000916401
0.000909994
0.000902862
0.00089494
0.000886157
0.000876442
0.000865721
0.000853922
0.000840976
0.000826817
0.000811387
0.000794636
0.000776527
0.000757039
0.000736169
0.000713934
0.000690377
0.000665564
0.000639589
0.000612572
0.000584659
0.000556018
0.000526837
0.000497321
0.000467682
0.000438137
0.0004089
0.000380178
0.000352163
0.000325027
0.000298923
0.000273975
0.000956978
0.000956229
0.00095538
0.000954421
0.000953335
0.000952107
0.000950718
0.000949148
0.000947374
0.00094537
0.000943109
0.000940561
0.000937691
0.000934462
0.000930836
0.000926768
0.000922211
0.000917114
0.000911421
0.000905073
0.000898006
0.000890154
0.000881448
0.000871815
0.000861184
0.000849483
0.000836643
0.000822597
0.000807289
0.000790667
0.000772697
0.000753355
0.000732638
0.000710563
0.000687171
0.000662529
0.000636728
0.000609887
0.000582151
0.000553687
0.00052468
0.000495334
0.000465861
0.000436475
0.00040739
0.000378811
0.000350931
0.000323921
0.000297933
0.000273092
0.000953547
0.000952787
0.000951928
0.000950958
0.000949863
0.000948627
0.000947232
0.000945659
0.000943884
0.000941882
0.000939628
0.00093709
0.000934234
0.000931024
0.000927421
0.000923379
0.000918852
0.000913788
0.000908133
0.000901825
0.000894803
0.000886999
0.000878346
0.000868771
0.000858203
0.00084657
0.000833802
0.000819836
0.000804612
0.000788081
0.000770206
0.000750964
0.000730353
0.000708389
0.000685111
0.000660586
0.000634904
0.000608184
0.000580568
0.000552222
0.000523333
0.000494101
0.000464738
0.000435457
0.000406472
0.000377987
0.000350194
0.000323265
0.000297351
0.000272577
0.000950814
0.00095005
0.000949188
0.000948215
0.000947118
0.00094588
0.000944484
0.00094291
0.000941137
0.00093914
0.000936892
0.000934362
0.000931519
0.000928324
0.000924738
0.000920717
0.000916214
0.000911178
0.000905552
0.000899278
0.000892292
0.000884529
0.000875919
0.000866392
0.000855875
0.000844298
0.000831591
0.00081769
0.000802535
0.000786078
0.000768282
0.000749124
0.000728599
0.000706725
0.00068354
0.00065911
0.000633525
0.000606901
0.000579382
0.000551133
0.000522337
0.000493196
0.00046392
0.000434722
0.000405815
0.000377403
0.000349677
0.000322809
0.000296951
0.000272228
0.000948286
0.000947522
0.00094666
0.000945688
0.000944592
0.000943356
0.000941962
0.000940392
0.000938624
0.000936633
0.000934392
0.000931873
0.000929041
0.00092586
0.000922291
0.00091829
0.000913809
0.000908797
0.0009032
0.000896957
0.000890005
0.00088228
0.000873711
0.000864229
0.000853761
0.000842236
0.000829587
0.000815746
0.000800657
0.00078427
0.000766548
0.000747468
0.000727024
0.000705235
0.000682137
0.000657796
0.000632301
0.000605768
0.000578339
0.000550178
0.000521469
0.000492411
0.000463214
0.000434092
0.000405256
0.00037691
0.000349244
0.000322432
0.000296624
0.000271945
0.000945747
0.000944985
0.000944126
0.000943156
0.000942063
0.000940831
0.000939443
0.000937878
0.000936117
0.000934134
0.000931902
0.000929393
0.000926574
0.000923408
0.000919856
0.000915875
0.000911416
0.00090643
0.00090086
0.000894648
0.000887731
0.000880044
0.000871517
0.00086208
0.000851661
0.000840191
0.000827598
0.00081382
0.000798797
0.000782481
0.000764833
0.000745832
0.000725471
0.000703766
0.000680756
0.000656504
0.0006311
0.000604658
0.000577319
0.000549247
0.000520625
0.00049165
0.000462533
0.000433486
0.000404721
0.00037644
0.000348834
0.000322076
0.000296316
0.000271682
0.000943125
0.000942366
0.00094151
0.000940545
0.000939457
0.00093823
0.000936848
0.00093529
0.000933536
0.000931562
0.000929342
0.000926845
0.000924039
0.000920889
0.000917355
0.000913393
0.000908958
0.000903997
0.000898456
0.000892276
0.000885395
0.000877746
0.000869262
0.000859872
0.000849505
0.000838089
0.000825557
0.000811843
0.000796889
0.000780645
0.000763075
0.000744154
0.000723878
0.000702262
0.000679343
0.000655183
0.000629873
0.000603525
0.000576279
0.000548299
0.000519766
0.000490877
0.000461843
0.000432873
0.00040418
0.000375966
0.000348421
0.000321719
0.000296009
0.000271419
0.000940429
0.000939674
0.000938823
0.000937862
0.00093678
0.000935559
0.000934183
0.000932633
0.000930888
0.000928924
0.000926714
0.00092423
0.000921439
0.000918305
0.000914789
0.000910848
0.000906436
0.000901501
0.00089599
0.000889843
0.000882997
0.000875389
0.000866949
0.000857607
0.000847292
0.000835933
0.000823462
0.000809814
0.000794931
0.000778762
0.000761271
0.000742435
0.000722246
0.00070072
0.000677894
0.00065383
0.000628615
0.000602364
0.000575214
0.000547328
0.000518887
0.000490087
0.000461137
0.000432247
0.000403628
0.000375482
0.000348001
0.000321356
0.000295697
0.000271152
0.000937731
0.00093698
0.000936133
0.000935177
0.0009341
0.000932885
0.000931517
0.000929975
0.000928239
0.000926285
0.000924087
0.000921615
0.000918838
0.000915721
0.000912223
0.000908303
0.000903914
0.000899006
0.000893523
0.000887408
0.000880599
0.00087303
0.000864633
0.000855339
0.000845077
0.000833775
0.000821365
0.000807783
0.00079297
0.000776877
0.000759466
0.000740713
0.000720612
0.000699177
0.000676444
0.000652475
0.000627357
0.000601203
0.000574149
0.000546357
0.000518008
0.000489297
0.000460431
0.00043162
0.000403076
0.000375
0.000347581
0.000320993
0.000295386
0.000270887
0.000935161
0.000934414
0.000933571
0.000932621
0.000931548
0.00093034
0.000928978
0.000927444
0.000925717
0.000923772
0.000921585
0.000919126
0.000916363
0.000913261
0.000909781
0.000905881
0.000901514
0.00089663
0.000891175
0.00088509
0.000878315
0.000870783
0.000862428
0.00085318
0.000842966
0.000831718
0.000819367
0.000805848
0.000791103
0.000775081
0.000757746
0.000739073
0.000719055
0.000697706
0.000675063
0.000651185
0.000626159
0.000600096
0.000573134
0.000545432
0.00051717
0.000488544
0.000459758
0.000431024
0.00040255
0.00037454
0.000347181
0.000320648
0.000295089
0.000270634
0.000932931
0.000932187
0.000931348
0.000930401
0.000929334
0.000928131
0.000926775
0.000925247
0.000923528
0.000921592
0.000919414
0.000916966
0.000914215
0.000911127
0.000907662
0.000903778
0.00089943
0.000894568
0.000889136
0.000883078
0.000876332
0.000868833
0.000860513
0.000851304
0.000841133
0.000829932
0.000817631
0.000804167
0.00078948
0.000773521
0.000756252
0.000737648
0.000717702
0.000696429
0.000673863
0.000650064
0.000625117
0.000599135
0.000572252
0.000544628
0.000516443
0.000487889
0.000459174
0.000430506
0.000402094
0.00037414
0.000346834
0.000320348
0.000294832
0.000270414
0.000931355
0.000930613
0.000929777
0.000928833
0.000927769
0.00092657
0.000925218
0.000923696
0.000921981
0.000920051
0.000917881
0.00091544
0.000912698
0.000909619
0.000906165
0.000902293
0.000897958
0.000893111
0.000887696
0.000881656
0.00087493
0.000867454
0.00085916
0.000849978
0.000839838
0.000828669
0.000816404
0.000802978
0.000788333
0.000772418
0.000755196
0.000736641
0.000716747
0.000695527
0.000673015
0.000649272
0.000624382
0.000598456
0.00057163
0.000544062
0.00051593
0.000487429
0.000458762
0.000430141
0.000401773
0.00037386
0.000346591
0.000320138
0.000294652
0.000270261
0.000930903
0.000930162
0.000929326
0.000928383
0.00092732
0.000926122
0.000924771
0.00092325
0.000921537
0.000919609
0.00091744
0.000915001
0.000912262
0.000909185
0.000905734
0.000901866
0.000897535
0.000892691
0.000887281
0.000881247
0.000874527
0.000867057
0.00085877
0.000849596
0.000839465
0.000828306
0.000816052
0.000802637
0.000788004
0.000772102
0.000754894
0.000736353
0.000716475
0.00069527
0.000672775
0.000649048
0.000624175
0.000598265
0.000571455
0.000543903
0.000515787
0.000487301
0.000458649
0.000430041
0.000401685
0.000373783
0.000346525
0.000320081
0.000294604
0.00027022
0.000932266
0.000931523
0.000930685
0.00092974
0.000928674
0.000927472
0.000926118
0.000924592
0.000922874
0.000920941
0.000918766
0.00091632
0.000913573
0.000910488
0.000907027
0.000903149
0.000898806
0.000893949
0.000888524
0.000882474
0.000875736
0.000868247
0.000859938
0.000850741
0.000840584
0.000829397
0.000817113
0.000803666
0.000788998
0.00077306
0.000755812
0.00073723
0.000717308
0.000696059
0.000673517
0.000649743
0.000624821
0.000598863
0.000572005
0.000544405
0.000516243
0.000487712
0.000459017
0.000430368
0.000401975
0.000374038
0.000346747
0.000320274
0.00029477
0.000270363
0.000936478
0.000935729
0.000934883
0.000933929
0.000932854
0.000931642
0.000930276
0.000928738
0.000927005
0.000925055
0.000922861
0.000920395
0.000917624
0.000914513
0.000911024
0.000907112
0.000902733
0.000897836
0.000892366
0.000886266
0.000879474
0.000871924
0.000863548
0.000854278
0.000844041
0.000832768
0.00082039
0.000806842
0.000792066
0.000776011
0.000758641
0.00073993
0.000719873
0.000698483
0.000675797
0.000651875
0.000626804
0.000600696
0.000573688
0.000545941
0.000517635
0.000488965
0.000460138
0.000431365
0.000402855
0.000374809
0.000347419
0.000320856
0.000295272
0.000270792
0.000945109
0.000944346
0.000943486
0.000942515
0.000941421
0.000940188
0.000938798
0.000937232
0.00093547
0.000933485
0.000931254
0.000928745
0.000925926
0.000922761
0.000919211
0.000915233
0.000910779
0.000905799
0.000900237
0.000894034
0.000887129
0.000879454
0.000870942
0.000861521
0.00085112
0.000839668
0.000827097
0.00081334
0.000798341
0.000782048
0.000764425
0.000745449
0.000725113
0.000703435
0.000680451
0.000656225
0.000630847
0.00060443
0.000577116
0.000549068
0.000520468
0.000491515
0.000462418
0.00043339
0.000404641
0.000376375
0.000348782
0.000322036
0.000296287
0.00027166
0.000960631
0.000959844
0.000958957
0.000957956
0.000956827
0.000955555
0.000954122
0.000952507
0.000950689
0.000948643
0.000946342
0.000943755
0.000940849
0.000937587
0.000933928
0.000929828
0.000925238
0.000920107
0.000914377
0.000907989
0.000900878
0.000892977
0.000884216
0.000874522
0.000863824
0.000852049
0.000839127
0.000824993
0.000809589
0.000792865
0.000774785
0.000755327
0.00073449
0.00071229
0.00068877
0.000663997
0.000638065
0.000611093
0.000583228
0.000554639
0.000525512
0.000496052
0.000466471
0.000436986
0.000407811
0.000379152
0.000351199
0.000324126
0.000298083
0.000273196
0.000987121
0.000986292
0.000985357
0.000984303
0.000983115
0.000981776
0.000980266
0.000978567
0.000976653
0.0009745
0.000972078
0.000969355
0.000966298
0.000962866
0.000959018
0.000954706
0.000949881
0.000944487
0.000938467
0.000931756
0.000924289
0.000915996
0.000906804
0.000896638
0.000885425
0.00087309
0.000859563
0.000844777
0.000828674
0.000811207
0.00079234
0.000772055
0.000750354
0.000727259
0.00070282
0.00067711
0.000650232
0.000622314
0.000593511
0.000564
0.000533979
0.000503659
0.00047326
0.000443004
0.00041311
0.000383787
0.000355229
0.000327608
0.000301073
0.00027575
0.00103174
0.00103084
0.00102983
0.00102868
0.00102739
0.00102593
0.00102429
0.00102244
0.00102036
0.00101802
0.00101539
0.00101243
0.00100911
0.00100539
0.00100121
0.000996531
0.000991297
0.00098545
0.000978925
0.000971657
0.000963574
0.000954603
0.000944666
0.000933686
0.000921585
0.000908287
0.000893718
0.000877813
0.000860513
0.000841773
0.000821561
0.000799865
0.000776694
0.000752079
0.000726081
0.000698787
0.000670312
0.000640801
0.000610423
0.000579371
0.000547857
0.000516105
0.000484347
0.000452815
0.000421734
0.000391319
0.000361766
0.000333246
0.000305909
0.000279873
0.00110819
0.00110715
0.00110599
0.00110468
0.0011032
0.00110153
0.00109965
0.00109753
0.00109515
0.00109248
0.00108947
0.00108609
0.00108229
0.00107804
0.00107327
0.00106793
0.00106196
0.0010553
0.00104787
0.00103961
0.00103042
0.00102024
0.00100898
0.000996547
0.000982869
0.000967862
0.00095145
0.000933568
0.000914159
0.000893183
0.000870615
0.000846454
0.000820723
0.000793472
0.00076478
0.000734757
0.000703545
0.000671313
0.000638257
0.000604596
0.000570565
0.000536411
0.000502383
0.000468728
0.000435683
0.000403468
0.000372281
0.000342293
0.000313647
0.000286457
0.00124546
0.00124417
0.00124271
0.00124107
0.00123923
0.00123715
0.0012348
0.00123217
0.0012292
0.00122587
0.00122212
0.00121791
0.0012132
0.00120791
0.00120199
0.00119538
0.00118799
0.00117975
0.00117058
0.00116038
0.00114908
0.00113657
0.00112276
0.00110757
0.00109088
0.00107263
0.00105273
0.00103112
0.00100776
0.000982606
0.000955659
0.000926941
0.000896505
0.000864434
0.00083085
0.000795905
0.000759786
0.000722712
0.000684923
0.000646684
0.000608271
0.000569963
0.00053204
0.00049477
0.000458402
0.000423163
0.000389251
0.000356829
0.00032603
0.000296949
0.0015141
0.00151223
0.00151012
0.00150774
0.00150506
0.00150205
0.00149865
0.00149484
0.00149055
0.00148574
0.00148033
0.00147428
0.00146749
0.0014599
0.00145142
0.00144195
0.0014314
0.00141967
0.00140664
0.00139221
0.00137626
0.00135867
0.00133933
0.00131814
0.00129499
0.0012698
0.0012425
0.00121304
0.00118139
0.00114757
0.00111162
0.00107362
0.00103369
0.000991999
0.000948754
0.000904199
0.000858613
0.000812306
0.000765604
0.00071885
0.000672383
0.000626539
0.000581635
0.000537963
0.000495781
0.000455313
0.00041674
0.000380203
0.000345798
0.000313585
0.00212271
0.00211913
0.0021151
0.00211057
0.00210547
0.00209973
0.00209329
0.00208606
0.00207794
0.00206885
0.00205868
0.0020473
0.00203459
0.00202043
0.00200466
0.00198714
0.0019677
0.0019462
0.00192247
0.00189635
0.00186768
0.00183632
0.00180214
0.00176502
0.00172489
0.0016817
0.00163543
0.00158614
0.0015339
0.00147887
0.00142125
0.00136132
0.00129938
0.00123582
0.00117106
0.00110554
0.00103973
0.000974123
0.000909191
0.000845391
0.000783151
0.000722856
0.000664843
0.000609391
0.000556723
0.000507001
0.000460331
0.000416764
0.000376302
0.000338904
19.2277
13.7933
12.7272
11.7776
11.2412
10.838
10.4796
10.0505
9.49829
8.84734
8.31849
8.03418
7.95111
8.04164
8.30877
8.71742
9.20257
9.73349
10.3021
10.8676
11.3739
11.7953
12.1154
12.3357
12.4702
12.5355
12.5532
12.5504
12.5449
12.5495
12.5772
12.6405
12.7475
12.8964
13.0745
13.2656
13.4515
13.6111
13.7278
13.7908
13.8162
13.8033
13.7555
13.6776
13.5762
13.4588
13.3332
13.2074
13.0904
12.9945
12.9398
12.9607
13.1143
13.4954
14.2625
15.6977
14.2893
12.2866
11.8855
15.1345
15.7164
13.6629
13.0518
12.2517
11.7044
11.4067
11.3498
11.417
11.3819
10.8326
9.97626
9.20873
8.526
7.89035
7.29133
6.76797
6.37789
6.18868
6.0972
5.99403
5.83116
5.61595
5.3612
5.08097
4.78551
4.48194
4.17373
3.86863
3.56947
3.27694
2.99487
2.72671
2.47527
2.23505
2.00763
1.79479
1.59845
1.42342
1.27675
1.16185
1.059
0.966606
0.883394
0.808358
0.740685
0.679673
0.624677
0.575088
0.530261
0.489718
0.453095
0.42009
0.390368
0.363233
0.336684
0.304636
0.247407
0.203782
0.21493
0.175965
10.7355
10.4046
10.0325
9.34583
8.74813
8.35533
8.12134
7.86849
7.23731
5.97154
4.9231
4.21865
3.67363
3.1741
2.70271
2.27581
1.92825
1.66195
1.44109
1.24156
1.05778
0.891599
0.745071
0.618129
0.509495
0.416866
0.338283
0.272753
0.217879
0.172522
0.136119
0.108339
0.0875658
0.0721145
0.0600533
0.0505481
0.042988
0.0369251
0.0320014
0.0279132
0.0244208
0.0214311
0.0188698
0.0166751
0.0147938
0.013177
0.0117784
0.0105774
0.00961572
0.00883279
0.00819527
0.0076838
0.00728756
0.00700365
0.00683975
0.0068301
0.00695922
0.0069213
0.00713784
0.0079803
7.79802
8.13424
7.8148
7.04807
6.24257
5.537
4.90307
4.25828
3.5473
2.81285
2.24786
1.76433
1.29749
0.936605
0.654382
0.443701
0.302568
0.214231
0.156361
0.115225
0.0845194
0.0611883
0.0436621
0.0307709
0.0215313
0.015018
0.0105166
0.00753136
0.00564311
0.00450871
0.00371146
0.00314596
0.00271357
0.00237005
0.00209913
0.00191029
0.00176593
0.00164851
0.00155299
0.00147454
0.00140979
0.00135615
0.00131128
0.00127316
0.00124264
0.00121811
0.00119812
0.00118158
0.00116882
0.00115891
0.00115114
0.00114502
0.00114009
0.00113601
0.00113246
0.00112943
0.00112846
0.00113029
0.00113255
0.00110019
4.98675
5.51696
5.3631
4.66118
3.82538
3.1069
2.54255
2.00174
1.39926
0.945316
0.657473
0.450192
0.295337
0.190644
0.119999
0.0728114
0.0430656
0.0253316
0.0149347
0.00886604
0.00539322
0.00343915
0.00237078
0.00180118
0.0015099
0.00135456
0.00126085
0.00120582
0.00117296
0.00115124
0.0011359
0.00112478
0.0011162
0.0011093
0.00110351
0.00109872
0.00109516
0.00109234
0.00109005
0.00108814
0.00108653
0.00108515
0.00108396
0.00108292
0.001082
0.00108119
0.00108046
0.0010798
0.00107921
0.00107866
0.00107817
0.0010777
0.00107728
0.00107687
0.00107649
0.00107613
0.00107579
0.00107548
0.00107521
0.00107497
2.09791
2.39806
2.27276
1.74406
1.21972
0.826321
0.565138
0.378958
0.218736
0.121936
0.0686833
0.0378191
0.0203824
0.0110743
0.00615672
0.00360433
0.00233425
0.00171929
0.00142083
0.00127364
0.00120071
0.00116501
0.00114652
0.00113566
0.00112801
0.00112159
0.00111561
0.00111055
0.00110643
0.00110295
0.00109995
0.00109732
0.00109501
0.00109294
0.00109111
0.00108946
0.00108798
0.00108666
0.00108546
0.00108438
0.0010834
0.00108251
0.0010817
0.00108096
0.00108029
0.00107967
0.0010791
0.00107857
0.00107807
0.00107761
0.00107718
0.00107677
0.00107637
0.00107599
0.00107563
0.00107526
0.0010749
0.00107454
0.00107417
0.00107382
0.382299
0.401121
0.321483
0.186507
0.0951031
0.0464986
0.0230479
0.0114026
0.0057058
0.00329481
0.00221827
0.00169141
0.00142617
0.00129021
0.00121776
0.00118127
0.00116199
0.00115068
0.00114303
0.0011371
0.00113201
0.00112741
0.00112308
0.00111893
0.00111492
0.00111101
0.00110752
0.00110437
0.00110154
0.00109899
0.00109668
0.0010946
0.00109272
0.00109101
0.00108947
0.00108806
0.00108679
0.00108564
0.00108459
0.00108363
0.00108275
0.00108196
0.00108122
0.00108055
0.00107992
0.00107935
0.00107881
0.00107831
0.00107784
0.00107739
0.00107697
0.00107656
0.00107617
0.00107578
0.00107541
0.00107502
0.00107464
0.00107424
0.00107384
0.00107342
0.0309581
0.0237046
0.0148952
0.00679058
0.00320804
0.00194937
0.0015066
0.00132578
0.00124902
0.00121449
0.00119614
0.00118463
0.00117635
0.00116962
0.00116367
0.00115809
0.0011527
0.0011474
0.00114215
0.00113692
0.00113167
0.0011264
0.0011213
0.00111673
0.00111262
0.00110893
0.00110562
0.00110263
0.00109995
0.00109754
0.00109536
0.0010934
0.00109163
0.00109003
0.00108859
0.00108728
0.00108609
0.00108501
0.00108403
0.00108314
0.00108232
0.00108157
0.00108088
0.00108024
0.00107965
0.0010791
0.00107859
0.0010781
0.00107764
0.0010772
0.00107678
0.00107637
0.00107597
0.00107558
0.00107518
0.00107478
0.00107437
0.00107393
0.00107348
0.00107298
0.00208959
0.00176632
0.00150423
0.00132062
0.00125197
0.00122488
0.00120973
0.00119895
0.0011903
0.00118288
0.00117622
0.00117006
0.0011643
0.00115881
0.00115357
0.00114849
0.00114358
0.00113882
0.00113419
0.00112969
0.00112527
0.00112092
0.00111661
0.00111264
0.00110906
0.00110583
0.00110292
0.00110029
0.00109791
0.00109577
0.00109382
0.00109206
0.00109046
0.00108902
0.0010877
0.00108651
0.00108542
0.00108443
0.00108352
0.00108269
0.00108193
0.00108123
0.00108058
0.00107997
0.00107941
0.00107888
0.00107838
0.00107791
0.00107746
0.00107702
0.0010766
0.00107618
0.00107577
0.00107536
0.00107494
0.00107451
0.00107406
0.0010736
0.00107309
0.00107251
0.00136693
0.00130962
0.00127066
0.00124726
0.00122986
0.00121735
0.00120703
0.00119832
0.00119067
0.0011838
0.00117746
0.00117147
0.00116571
0.00116011
0.0011546
0.00114915
0.00114375
0.00113839
0.00113309
0.00112782
0.00112271
0.00111811
0.00111398
0.00111026
0.00110691
0.0011039
0.00110118
0.00109873
0.00109651
0.00109451
0.0010927
0.00109106
0.00108958
0.00108823
0.00108701
0.00108589
0.00108488
0.00108395
0.0010831
0.00108232
0.00108159
0.00108093
0.00108031
0.00107973
0.00107919
0.00107867
0.00107819
0.00107772
0.00107727
0.00107683
0.0010764
0.00107598
0.00107555
0.00107512
0.00107467
0.00107422
0.00107373
0.00107322
0.00107265
0.00107198
0.00134616
0.00130149
0.00126647
0.0012432
0.00122559
0.00121263
0.00120186
0.00119273
0.00118471
0.00117755
0.001171
0.00116489
0.00115911
0.00115358
0.00114826
0.00114308
0.00113803
0.00113309
0.00112825
0.00112349
0.0011189
0.00111476
0.00111103
0.00110767
0.00110463
0.00110189
0.00109941
0.00109717
0.00109514
0.0010933
0.00109164
0.00109013
0.00108875
0.0010875
0.00108637
0.00108533
0.00108438
0.00108351
0.00108271
0.00108197
0.00108128
0.00108065
0.00108005
0.00107949
0.00107897
0.00107847
0.00107799
0.00107752
0.00107707
0.00107663
0.00107619
0.00107575
0.00107531
0.00107485
0.00107438
0.00107389
0.00107336
0.0010728
0.00107216
0.0010714
0.00133007
0.00129523
0.00126473
0.00124141
0.00122404
0.00121124
0.00120064
0.00119165
0.00118372
0.00117659
0.00117002
0.00116382
0.00115789
0.00115216
0.00114657
0.00114107
0.00113565
0.00113031
0.00112505
0.00112031
0.00111605
0.0011122
0.00110874
0.00110561
0.00110279
0.00110024
0.00109794
0.00109586
0.00109397
0.00109226
0.00109071
0.0010893
0.00108802
0.00108685
0.00108578
0.0010848
0.00108391
0.00108309
0.00108233
0.00108163
0.00108097
0.00108036
0.00107979
0.00107925
0.00107873
0.00107824
0.00107776
0.0010773
0.00107684
0.0010764
0.00107594
0.00107549
0.00107503
0.00107455
0.00107405
0.00107352
0.00107295
0.00107232
0.00107161
0.00107074
0.00131386
0.00128706
0.00126144
0.001238
0.00122031
0.00120716
0.0011963
0.0011871
0.00117903
0.0011718
0.00116517
0.00115897
0.00115308
0.00114743
0.00114197
0.00113663
0.0011314
0.00112627
0.00112146
0.00111713
0.00111322
0.00110969
0.0011065
0.00110363
0.00110102
0.00109867
0.00109654
0.0010946
0.00109285
0.00109126
0.00108982
0.0010885
0.0010873
0.00108621
0.0010852
0.00108429
0.00108344
0.00108266
0.00108194
0.00108127
0.00108064
0.00108005
0.00107949
0.00107896
0.00107846
0.00107797
0.0010775
0.00107703
0.00107658
0.00107612
0.00107566
0.00107519
0.0010747
0.0010742
0.00107367
0.00107309
0.00107248
0.00107178
0.00107099
0.00107
0.00129729
0.00127709
0.00125613
0.00123544
0.0012179
0.00120463
0.00119372
0.00118447
0.00117634
0.00116905
0.00116233
0.00115602
0.00115001
0.00114422
0.00113859
0.00113308
0.00112766
0.00112276
0.00111832
0.00111432
0.0011107
0.00110744
0.00110448
0.00110181
0.00109939
0.0010972
0.00109522
0.00109342
0.00109179
0.0010903
0.00108895
0.00108771
0.00108659
0.00108556
0.00108461
0.00108374
0.00108294
0.0010822
0.0010815
0.00108086
0.00108026
0.00107968
0.00107914
0.00107862
0.00107813
0.00107764
0.00107717
0.0010767
0.00107624
0.00107578
0.00107531
0.00107482
0.00107432
0.00107379
0.00107322
0.00107261
0.00107194
0.00107118
0.00107029
0.00106917
0.0012799
0.00126493
0.00124809
0.00123053
0.00121412
0.00120064
0.00118951
0.00118008
0.00117184
0.00116445
0.00115769
0.00115136
0.00114536
0.0011396
0.00113403
0.00112861
0.00112369
0.00111924
0.0011152
0.00111154
0.00110823
0.00110522
0.0011025
0.00110003
0.00109779
0.00109576
0.00109391
0.00109224
0.00109071
0.00108932
0.00108805
0.0010869
0.00108583
0.00108486
0.00108397
0.00108314
0.00108237
0.00108166
0.001081
0.00108038
0.00107979
0.00107923
0.00107871
0.0010782
0.0010777
0.00107722
0.00107675
0.00107629
0.00107582
0.00107535
0.00107487
0.00107437
0.00107385
0.0010733
0.0010727
0.00107205
0.00107132
0.00107049
0.0010695
0.00106822
0.00126168
0.00125059
0.00123741
0.00122311
0.00120943
0.00119661
0.00118549
0.00117595
0.00116756
0.00116004
0.00115314
0.00114669
0.00114058
0.00113469
0.00112928
0.00112437
0.0011199
0.00111585
0.00111217
0.00110882
0.00110579
0.00110303
0.00110052
0.00109825
0.00109618
0.00109429
0.00109258
0.00109102
0.00108959
0.00108829
0.0010871
0.00108601
0.00108501
0.00108409
0.00108324
0.00108245
0.00108171
0.00108103
0.00108039
0.00107979
0.00107922
0.00107867
0.00107815
0.00107765
0.00107717
0.00107669
0.00107622
0.00107575
0.00107529
0.00107481
0.00107433
0.00107382
0.00107329
0.00107272
0.00107209
0.0010714
0.00107061
0.0010697
0.00106859
0.00106714
0.00124337
0.00123436
0.00122357
0.00121174
0.00120032
0.00118955
0.00117954
0.00117031
0.00116195
0.00115438
0.00114739
0.00114093
0.00113504
0.00112967
0.00112477
0.00112031
0.00111625
0.00111256
0.0011092
0.00110614
0.00110336
0.00110083
0.00109852
0.00109642
0.00109451
0.00109277
0.00109117
0.00108972
0.00108839
0.00108717
0.00108605
0.00108502
0.00108407
0.00108319
0.00108238
0.00108163
0.00108092
0.00108026
0.00107964
0.00107905
0.00107849
0.00107796
0.00107745
0.00107695
0.00107647
0.001076
0.00107553
0.00107507
0.0010746
0.00107413
0.00107364
0.00107313
0.00107259
0.00107201
0.00107137
0.00107064
0.0010698
0.0010688
0.00106757
0.00106592
0.0012265
0.00121844
0.00120892
0.00119862
0.00118861
0.00117911
0.00117024
0.00116202
0.00115445
0.0011475
0.00114112
0.00113527
0.00112993
0.00112505
0.00112059
0.00111652
0.00111281
0.00110943
0.00110635
0.00110354
0.00110098
0.00109865
0.00109651
0.00109457
0.00109279
0.00109117
0.00108968
0.00108832
0.00108707
0.00108592
0.00108487
0.00108389
0.00108299
0.00108215
0.00108137
0.00108064
0.00107996
0.00107931
0.0010787
0.00107813
0.00107758
0.00107705
0.00107655
0.00107606
0.00107558
0.00107511
0.00107465
0.00107419
0.00107373
0.00107326
0.00107278
0.00107228
0.00107174
0.00107115
0.00107049
0.00106974
0.00106886
0.00106778
0.00106641
0.00106452
0.00121195
0.00120448
0.00119594
0.00118686
0.00117799
0.00116955
0.00116163
0.00115427
0.00114746
0.00114118
0.0011354
0.0011301
0.00112523
0.00112078
0.0011167
0.00111298
0.00110957
0.00110646
0.00110362
0.00110102
0.00109865
0.00109648
0.0010945
0.00109268
0.00109102
0.0010895
0.0010881
0.00108682
0.00108563
0.00108454
0.00108353
0.0010826
0.00108173
0.00108092
0.00108016
0.00107945
0.00107878
0.00107815
0.00107755
0.00107698
0.00107644
0.00107591
0.00107541
0.00107492
0.00107445
0.00107398
0.00107353
0.00107307
0.00107262
0.00107216
0.00107169
0.0010712
0.00107067
0.00107009
0.00106944
0.00106868
0.00106776
0.0010666
0.00106508
0.00106292
0.00119948
0.00119237
0.00118456
0.00117645
0.00116852
0.00116096
0.00115385
0.00114722
0.00114107
0.00113538
0.00113013
0.00112529
0.00112085
0.00111677
0.00111303
0.0011096
0.00110645
0.00110358
0.00110094
0.00109853
0.00109631
0.00109429
0.00109243
0.00109072
0.00108916
0.00108772
0.00108639
0.00108517
0.00108403
0.00108299
0.00108201
0.00108111
0.00108026
0.00107947
0.00107872
0.00107802
0.00107736
0.00107673
0.00107613
0.00107556
0.00107502
0.00107449
0.00107399
0.0010735
0.00107302
0.00107256
0.00107211
0.00107166
0.00107122
0.00107077
0.00107031
0.00106984
0.00106934
0.00106878
0.00106815
0.0010674
0.00106646
0.00106525
0.00106357
0.0010611
0.00118889
0.00118199
0.00117471
0.00116732
0.00116014
0.00115329
0.00114684
0.00114081
0.0011352
0.00113001
0.00112521
0.00112078
0.00111669
0.00111293
0.00110948
0.0011063
0.00110339
0.00110071
0.00109825
0.00109599
0.00109392
0.00109201
0.00109025
0.00108864
0.00108715
0.00108577
0.0010845
0.00108332
0.00108223
0.00108121
0.00108026
0.00107937
0.00107853
0.00107775
0.00107701
0.0010763
0.00107564
0.00107501
0.0010744
0.00107382
0.00107327
0.00107274
0.00107222
0.00107173
0.00107125
0.00107078
0.00107033
0.00106989
0.00106946
0.00106902
0.00106859
0.00106814
0.00106767
0.00106716
0.00106657
0.00106585
0.00106493
0.00106367
0.00106185
0.00105899
0.00117995
0.00117318
0.00116629
0.00115943
0.0011528
0.0011465
0.00114057
0.00113502
0.00112986
0.00112506
0.00112063
0.00111653
0.00111274
0.00110925
0.00110603
0.00110306
0.00110034
0.00109782
0.00109551
0.00109338
0.00109141
0.0010896
0.00108793
0.00108638
0.00108495
0.00108362
0.00108238
0.00108124
0.00108016
0.00107916
0.00107822
0.00107734
0.0010765
0.00107571
0.00107497
0.00107425
0.00107358
0.00107293
0.00107231
0.00107172
0.00107115
0.0010706
0.00107007
0.00106956
0.00106907
0.0010686
0.00106814
0.0010677
0.00106727
0.00106686
0.00106645
0.00106603
0.0010656
0.00106514
0.00106461
0.00106396
0.00106309
0.00106183
0.00105987
0.00105658
0.0011724
0.00116574
0.00115913
0.00115266
0.00114645
0.00114056
0.00113502
0.00112985
0.00112502
0.00112054
0.00111639
0.00111254
0.00110899
0.0011057
0.00110267
0.00109987
0.00109729
0.0010949
0.0010927
0.00109066
0.00108878
0.00108704
0.00108542
0.00108392
0.00108253
0.00108123
0.00108001
0.00107888
0.00107781
0.00107681
0.00107587
0.00107498
0.00107413
0.00107332
0.00107256
0.00107183
0.00107113
0.00107046
0.00106981
0.00106919
0.0010686
0.00106802
0.00106747
0.00106694
0.00106643
0.00106594
0.00106548
0.00106503
0.0010646
0.0010642
0.0010638
0.00106342
0.00106304
0.00106265
0.0010622
0.00106165
0.00106087
0.00105966
0.0010576
0.00105378
0.00116591
0.00115936
0.00115297
0.0011468
0.00114091
0.00113533
0.00113009
0.00112518
0.00112062
0.00111637
0.00111243
0.00110877
0.00110539
0.00110226
0.00109936
0.00109668
0.0010942
0.0010919
0.00108978
0.0010878
0.00108597
0.00108427
0.00108269
0.00108122
0.00107984
0.00107855
0.00107733
0.0010762
0.00107512
0.00107411
0.00107314
0.00107223
0.00107136
0.00107052
0.00106973
0.00106896
0.00106823
0.00106752
0.00106684
0.00106618
0.00106555
0.00106494
0.00106436
0.0010638
0.00106326
0.00106275
0.00106226
0.0010618
0.00106136
0.00106096
0.00106058
0.00106023
0.0010599
0.00105957
0.00105922
0.00105879
0.00105816
0.00105708
0.00105497
0.00105054
0.00116004
0.00115364
0.00114746
0.00114152
0.00113588
0.00113054
0.00112553
0.00112084
0.00111646
0.00111239
0.0011086
0.00110508
0.00110182
0.00109879
0.00109599
0.00109339
0.00109097
0.00108873
0.00108665
0.00108471
0.00108291
0.00108122
0.00107965
0.00107818
0.00107679
0.00107549
0.00107427
0.0010731
0.001072
0.00107096
0.00106996
0.00106901
0.0010681
0.00106723
0.00106638
0.00106557
0.00106479
0.00106404
0.00106331
0.00106261
0.00106193
0.00106128
0.00106065
0.00106004
0.00105947
0.00105892
0.0010584
0.00105792
0.00105747
0.00105706
0.00105668
0.00105635
0.00105606
0.0010558
0.00105555
0.00105527
0.00105484
0.00105397
0.00105192
0.00104677
0.00115429
0.00114808
0.00114211
0.00113641
0.00113098
0.00112585
0.00112103
0.00111651
0.00111228
0.00110834
0.00110467
0.00110125
0.00109808
0.00109512
0.00109238
0.00108982
0.00108745
0.00108524
0.00108317
0.00108125
0.00107944
0.00107776
0.00107617
0.00107468
0.00107327
0.00107194
0.00107068
0.00106949
0.00106834
0.00106725
0.00106621
0.00106521
0.00106424
0.00106332
0.00106242
0.00106155
0.00106071
0.0010599
0.00105911
0.00105835
0.00105762
0.00105691
0.00105623
0.00105558
0.00105495
0.00105436
0.00105381
0.00105329
0.00105282
0.00105239
0.00105201
0.00105169
0.00105142
0.00105122
0.00105106
0.00105093
0.00105074
0.00105019
0.00104836
0.00104237
0.00114807
0.00114212
0.0011364
0.00113093
0.00112573
0.0011208
0.00111615
0.00111179
0.0011077
0.00110387
0.0011003
0.00109697
0.00109386
0.00109096
0.00108826
0.00108574
0.00108338
0.00108118
0.00107912
0.00107719
0.00107537
0.00107366
0.00107205
0.00107053
0.00106909
0.00106771
0.00106641
0.00106516
0.00106397
0.00106282
0.00106172
0.00106065
0.00105963
0.00105863
0.00105767
0.00105674
0.00105583
0.00105495
0.0010541
0.00105327
0.00105247
0.0010517
0.00105096
0.00105025
0.00104958
0.00104894
0.00104834
0.00104779
0.00104729
0.00104684
0.00104645
0.00104613
0.00104588
0.00104571
0.00104563
0.00104563
0.00104569
0.00104558
0.00104419
0.00103722
0.00114068
0.00113509
0.00112969
0.0011245
0.00111954
0.00111483
0.00111037
0.00110617
0.00110222
0.00109852
0.00109505
0.0010918
0.00108876
0.00108591
0.00108325
0.00108075
0.00107841
0.00107622
0.00107415
0.00107221
0.00107037
0.00106864
0.00106699
0.00106543
0.00106394
0.00106252
0.00106116
0.00105986
0.00105861
0.0010574
0.00105623
0.0010551
0.00105401
0.00105295
0.00105192
0.00105091
0.00104994
0.00104899
0.00104807
0.00104717
0.0010463
0.00104546
0.00104466
0.00104389
0.00104316
0.00104247
0.00104183
0.00104125
0.00104072
0.00104025
0.00103986
0.00103954
0.0010393
0.00103916
0.00103913
0.00103922
0.00103948
0.00103989
0.0010393
0.00103118
0.00113127
0.00112619
0.00112122
0.00111639
0.00111175
0.0011073
0.00110308
0.00109907
0.00109529
0.00109172
0.00108836
0.00108521
0.00108224
0.00107946
0.00107684
0.00107437
0.00107205
0.00106986
0.0010678
0.00106584
0.00106398
0.00106222
0.00106054
0.00105894
0.0010574
0.00105593
0.00105452
0.00105315
0.00105184
0.00105057
0.00104934
0.00104815
0.001047
0.00104588
0.00104479
0.00104373
0.0010427
0.0010417
0.00104072
0.00103977
0.00103885
0.00103796
0.00103709
0.00103626
0.00103547
0.00103473
0.00103405
0.00103344
0.0010329
0.00103243
0.00103204
0.00103173
0.00103152
0.00103141
0.00103142
0.00103155
0.00103191
0.00103284
0.00103354
0.00102409
0.00111872
0.00111442
0.00111007
0.00110576
0.00110154
0.00109745
0.00109353
0.00108978
0.00108621
0.00108282
0.00107961
0.00107657
0.0010737
0.00107098
0.00106841
0.00106599
0.00106369
0.00106151
0.00105944
0.00105747
0.00105559
0.0010538
0.00105208
0.00105043
0.00104884
0.00104732
0.00104584
0.00104441
0.00104303
0.0010417
0.0010404
0.00103915
0.00103794
0.00103678
0.00103566
0.00103458
0.00103354
0.00103254
0.00103157
0.00103064
0.00102973
0.00102885
0.00102799
0.00102713
0.00102626
0.00102546
0.00102475
0.00102413
0.00102359
0.00102314
0.00102278
0.00102251
0.00102234
0.0010223
0.00102239
0.00102255
0.00102279
0.00102409
0.00102674
0.00101579
0.00110158
0.00109847
0.00109505
0.00109149
0.00108788
0.00108429
0.00108079
0.00107739
0.00107413
0.00107099
0.001068
0.00106514
0.00106241
0.0010598
0.00105731
0.00105494
0.00105268
0.00105052
0.00104845
0.00104648
0.00104459
0.00104278
0.00104104
0.00103938
0.00103777
0.0010362
0.00103468
0.0010332
0.00103174
0.00103031
0.00102889
0.00102748
0.00102607
0.00102477
0.00102357
0.00102246
0.00102143
0.00102049
0.00101962
0.00101882
0.00101809
0.00101743
0.00101683
0.00101629
0.00101581
0.00101539
0.00101502
0.00101472
0.00101446
0.00101426
0.00101412
0.00101404
0.00101402
0.00101409
0.00101424
0.00101445
0.00101474
0.00101589
0.00101875
0.00101039
0.00107791
0.00107666
0.00107474
0.00107236
0.00106967
0.00106682
0.00106389
0.00106098
0.00105811
0.00105533
0.00105265
0.00105007
0.00104758
0.00104518
0.00104286
0.00104061
0.00103843
0.00103629
0.0010342
0.00103215
0.00103014
0.00102814
0.00102628
0.00102457
0.00102301
0.00102158
0.00102028
0.00101908
0.00101798
0.00101697
0.00101605
0.0010152
0.00101442
0.0010137
0.00101305
0.00101246
0.00101191
0.00101142
0.00101098
0.00101058
0.00101023
0.00100992
0.00100966
0.00100943
0.00100924
0.00100908
0.00100897
0.00100889
0.00100884
0.00100883
0.00100885
0.00100891
0.001009
0.00100914
0.00100933
0.00100955
0.00100981
0.0010106
0.00101248
0.00100732
0.00104456
0.00104621
0.00104675
0.0010464
0.00104532
0.0010437
0.00104169
0.00103943
0.00103705
0.00103463
0.00103224
0.00102993
0.00102772
0.00102565
0.00102371
0.00102192
0.00102027
0.00101875
0.00101737
0.0010161
0.00101495
0.00101389
0.00101293
0.00101206
0.00101127
0.00101054
0.00100989
0.00100929
0.00100875
0.00100826
0.00100782
0.00100742
0.00100707
0.00100675
0.00100648
0.00100623
0.00100603
0.00100585
0.0010057
0.00100559
0.0010055
0.00100545
0.00100542
0.00100541
0.00100543
0.00100547
0.00100554
0.00100563
0.00100574
0.00100587
0.00100601
0.00100618
0.00100636
0.00100657
0.00100679
0.00100703
0.00100728
0.00100784
0.00100906
0.00100597
0.00101402
0.00101564
0.00101663
0.0010171
0.00101714
0.00101683
0.00101626
0.00101551
0.00101465
0.00101372
0.00101276
0.00101182
0.0010109
0.00101003
0.00100921
0.00100845
0.00100774
0.0010071
0.00100651
0.00100598
0.00100549
0.00100506
0.00100467
0.00100433
0.00100402
0.00100375
0.00100351
0.00100331
0.00100313
0.00100299
0.00100287
0.00100278
0.00100271
0.00100267
0.00100265
0.00100265
0.00100268
0.00100272
0.00100279
0.00100288
0.00100299
0.00100311
0.00100326
0.00100342
0.0010036
0.00100379
0.001004
0.00100422
0.00100445
0.00100469
0.00100494
0.00100519
0.00100545
0.00100572
0.00100598
0.00100624
0.0010065
0.00100692
0.00100772
0.00100593
0.00099623
0.000997842
0.00099908
0.000999997
0.00100064
0.00100106
0.00100129
0.00100138
0.00100137
0.00100129
0.00100117
0.00100101
0.00100085
0.00100068
0.00100051
0.00100036
0.00100023
0.00100011
0.001
0.00099992
0.000999855
0.000999808
0.000999779
0.000999767
0.000999773
0.000999795
0.000999834
0.000999889
0.00099996
0.00100005
0.00100015
0.00100027
0.0010004
0.00100055
0.00100072
0.0010009
0.00100109
0.0010013
0.00100153
0.00100177
0.00100202
0.00100229
0.00100257
0.00100287
0.00100317
0.00100349
0.00100381
0.00100414
0.00100448
0.00100481
0.00100515
0.00100549
0.00100582
0.00100614
0.00100645
0.00100674
0.00100701
0.00100736
0.0010079
0.00100692
0.000985857
0.000987509
0.000988913
0.000990096
0.000991087
0.000991912
0.000992598
0.000993169
0.000993649
0.000994055
0.000994404
0.000994709
0.000994981
0.000995229
0.000995458
0.000995674
0.000995882
0.000996083
0.000996282
0.00099648
0.000996679
0.000996879
0.000997083
0.000997292
0.000997505
0.000997725
0.000997952
0.000998187
0.00099843
0.000998682
0.000998943
0.000999215
0.000999498
0.000999792
0.0010001
0.00100041
0.00100074
0.00100108
0.00100144
0.0010018
0.00100218
0.00100257
0.00100297
0.00100337
0.00100379
0.00100421
0.00100464
0.00100507
0.0010055
0.00100593
0.00100636
0.00100677
0.00100718
0.00100756
0.00100792
0.00100826
0.00100855
0.00100886
0.00100926
0.00100875
0.000979631
0.000981366
0.00098291
0.000984281
0.000985499
0.00098658
0.000987544
0.000988405
0.000989179
0.000989879
0.000990517
0.000991103
0.000991644
0.000992149
0.000992624
0.000993073
0.000993501
0.000993911
0.000994308
0.000994693
0.00099507
0.00099544
0.000995806
0.00099617
0.000996533
0.000996897
0.000997263
0.000997633
0.000998007
0.000998387
0.000998775
0.00099917
0.000999574
0.000999987
0.00100041
0.00100084
0.00100129
0.00100174
0.00100221
0.00100269
0.00100318
0.00100368
0.00100419
0.0010047
0.00100523
0.00100575
0.00100629
0.00100682
0.00100735
0.00100787
0.00100839
0.00100889
0.00100937
0.00100982
0.00101024
0.00101062
0.00101096
0.00101126
0.00101157
0.00101134
0.000975606
0.000977463
0.000979152
0.000980686
0.000982083
0.000983355
0.000984516
0.000985578
0.000986555
0.000987456
0.00098829
0.000989067
0.000989794
0.000990477
0.000991122
0.000991735
0.00099232
0.000992882
0.000993423
0.000993948
0.00099446
0.000994961
0.000995453
0.00099594
0.000996424
0.000996906
0.000997388
0.000997872
0.000998359
0.000998852
0.00099935
0.000999857
0.00100037
0.0010009
0.00100143
0.00100197
0.00100253
0.0010031
0.00100368
0.00100427
0.00100487
0.00100548
0.0010061
0.00100673
0.00100737
0.00100801
0.00100865
0.00100929
0.00100993
0.00101056
0.00101117
0.00101176
0.00101233
0.00101286
0.00101335
0.00101379
0.00101417
0.00101449
0.00101476
0.00101469
0.000972662
0.000974678
0.000976531
0.000978232
0.000979798
0.00098124
0.000982571
0.000983802
0.000984945
0.000986008
0.000987001
0.000987931
0.000988807
0.000989634
0.000990418
0.000991166
0.000991881
0.000992569
0.000993234
0.000993879
0.000994508
0.000995124
0.00099573
0.000996329
0.000996923
0.000997515
0.000998107
0.0009987
0.000999297
0.0009999
0.00100051
0.00100113
0.00100175
0.00100239
0.00100304
0.0010037
0.00100438
0.00100506
0.00100576
0.00100648
0.0010072
0.00100794
0.00100868
0.00100944
0.0010102
0.00101097
0.00101173
0.0010125
0.00101325
0.00101399
0.00101472
0.00101542
0.00101609
0.00101671
0.00101728
0.00101779
0.00101822
0.00101857
0.00101883
0.00101884
0.000970177
0.000972388
0.00097443
0.000976316
0.000978061
0.000979678
0.000981179
0.000982575
0.000983877
0.000985095
0.000986238
0.000987313
0.000988328
0.000989291
0.000990207
0.000991083
0.000991923
0.000992734
0.000993518
0.000994281
0.000995027
0.000995758
0.000996478
0.000997191
0.0009979
0.000998606
0.000999313
0.00100002
0.00100074
0.00100146
0.00100219
0.00100293
0.00100368
0.00100444
0.00100522
0.00100601
0.00100681
0.00100763
0.00100847
0.00100932
0.00101018
0.00101106
0.00101195
0.00101285
0.00101376
0.00101467
0.00101558
0.00101648
0.00101738
0.00101825
0.00101911
0.00101993
0.00102072
0.00102145
0.00102211
0.0010227
0.00102319
0.00102358
0.00102385
0.00102391
0.000967818
0.000970259
0.00097252
0.000974616
0.000976562
0.000978371
0.000980056
0.000981629
0.000983101
0.000984482
0.000985782
0.00098701
0.000988172
0.000989278
0.000990333
0.000991344
0.000992318
0.000993258
0.000994171
0.000995061
0.000995933
0.00099679
0.000997636
0.000998474
0.000999309
0.00100014
0.00100098
0.00100182
0.00100266
0.00100352
0.00100438
0.00100526
0.00100615
0.00100706
0.00100798
0.00100892
0.00100988
0.00101086
0.00101185
0.00101286
0.00101389
0.00101494
0.00101599
0.00101706
0.00101813
0.00101921
0.00102029
0.00102136
0.00102242
0.00102346
0.00102447
0.00102544
0.00102636
0.00102721
0.00102799
0.00102867
0.00102924
0.00102967
0.00102996
0.00103003
0.000965417
0.000968123
0.000970636
0.000972971
0.000975144
0.00097717
0.000979063
0.000980834
0.000982496
0.000984059
0.000985535
0.000986931
0.000988258
0.000989523
0.000990733
0.000991897
0.000993019
0.000994106
0.000995164
0.000996199
0.000997213
0.000998214
0.000999203
0.00100019
0.00100117
0.00100215
0.00100313
0.00100412
0.00100512
0.00100613
0.00100716
0.0010082
0.00100925
0.00101033
0.00101143
0.00101254
0.00101368
0.00101484
0.00101602
0.00101723
0.00101845
0.00101969
0.00102094
0.00102221
0.00102349
0.00102476
0.00102604
0.00102731
0.00102856
0.00102979
0.00103098
0.00103212
0.0010332
0.00103421
0.00103511
0.0010359
0.00103655
0.00103705
0.00103735
0.00103743
0.000962901
0.000965908
0.000968707
0.000971314
0.000973747
0.000976019
0.000978147
0.000980143
0.000982021
0.000983792
0.000985467
0.000987057
0.000988571
0.000990018
0.000991407
0.000992745
0.000994039
0.000995296
0.000996522
0.000997724
0.000998906
0.00100007
0.00100123
0.00100238
0.00100353
0.00100469
0.00100585
0.00100702
0.0010082
0.00100939
0.00101061
0.00101184
0.00101309
0.00101437
0.00101567
0.001017
0.00101835
0.00101973
0.00102114
0.00102257
0.00102402
0.0010255
0.00102699
0.00102849
0.00103001
0.00103153
0.00103304
0.00103455
0.00103603
0.00103748
0.00103889
0.00104024
0.00104151
0.00104268
0.00104374
0.00104466
0.00104541
0.00104597
0.0010463
0.00104636
0.000960258
0.000963604
0.000966725
0.000969639
0.000972364
0.000974916
0.000977311
0.000979564
0.000981688
0.000983696
0.000985601
0.000987413
0.000989144
0.000990802
0.000992397
0.000993938
0.000995433
0.000996888
0.000998312
0.00099971
0.00100109
0.00100245
0.00100381
0.00100516
0.00100651
0.00100787
0.00100924
0.00101062
0.00101202
0.00101344
0.00101488
0.00101634
0.00101783
0.00101935
0.0010209
0.00102248
0.00102409
0.00102573
0.00102741
0.00102911
0.00103084
0.00103259
0.00103437
0.00103616
0.00103797
0.00103977
0.00104158
0.00104336
0.00104512
0.00104684
0.00104851
0.0010501
0.0010516
0.00105298
0.00105422
0.00105529
0.00105616
0.00105679
0.00105715
0.00105718
0.000957524
0.000961245
0.000964725
0.000967982
0.000971036
0.000973904
0.000976602
0.000979146
0.000981551
0.000983831
0.000986
0.000988068
0.000990049
0.000991952
0.000993787
0.000995565
0.000997294
0.000998983
0.00100064
0.00100227
0.00100388
0.00100548
0.00100707
0.00100866
0.00101025
0.00101186
0.00101348
0.00101511
0.00101677
0.00101845
0.00102016
0.0010219
0.00102368
0.00102549
0.00102733
0.00102922
0.00103114
0.0010331
0.0010351
0.00103713
0.00103919
0.00104129
0.00104341
0.00104555
0.0010477
0.00104985
0.001052
0.00105412
0.00105622
0.00105826
0.00106023
0.00106212
0.00106389
0.00106552
0.00106697
0.00106822
0.00106922
0.00106994
0.00107032
0.00107032
0.000954782
0.000958914
0.000962789
0.000966427
0.000969848
0.000973068
0.000976107
0.000978981
0.000981705
0.000984295
0.000986765
0.000989129
0.000991398
0.000993585
0.0009957
0.000997755
0.000999759
0.00100172
0.00100365
0.00100555
0.00100744
0.00100932
0.00101119
0.00101307
0.00101495
0.00101685
0.00101877
0.00102071
0.00102268
0.00102468
0.00102672
0.00102879
0.00103091
0.00103307
0.00103528
0.00103753
0.00103983
0.00104217
0.00104456
0.00104699
0.00104946
0.00105197
0.0010545
0.00105706
0.00105963
0.0010622
0.00106477
0.0010673
0.0010698
0.00107223
0.00107458
0.00107682
0.00107891
0.00108084
0.00108255
0.00108401
0.00108517
0.00108598
0.00108639
0.00108633
0.000952173
0.000956749
0.000961054
0.000965109
0.000968934
0.000972547
0.000975966
0.000979209
0.000982294
0.000985236
0.000988051
0.000990752
0.000993354
0.000995869
0.00099831
0.00100069
0.00100301
0.0010053
0.00100755
0.00100978
0.00101199
0.0010142
0.00101641
0.00101863
0.00102086
0.00102311
0.00102539
0.0010277
0.00103005
0.00103243
0.00103487
0.00103735
0.00103988
0.00104247
0.00104512
0.00104782
0.00105057
0.00105339
0.00105625
0.00105917
0.00106213
0.00106514
0.00106818
0.00107125
0.00107433
0.00107741
0.00108048
0.00108352
0.0010865
0.00108941
0.00109221
0.00109488
0.00109737
0.00109964
0.00110166
0.00110337
0.00110472
0.00110564
0.00110607
0.00110595
0.000949916
0.000954964
0.00095973
0.000964236
0.000968501
0.000972544
0.000976384
0.00098004
0.000983528
0.000986867
0.000990073
0.00099316
0.000996144
0.000999039
0.00100186
0.00100461
0.00100732
0.00100998
0.00101261
0.00101523
0.00101783
0.00102044
0.00102305
0.00102567
0.00102832
0.001031
0.00103372
0.00103648
0.00103928
0.00104214
0.00104506
0.00104804
0.00105108
0.00105419
0.00105737
0.00106061
0.00106393
0.00106732
0.00107077
0.00107428
0.00107785
0.00108147
0.00108514
0.00108883
0.00109254
0.00109625
0.00109994
0.00110358
0.00110716
0.00111065
0.001114
0.00111719
0.00112016
0.00112286
0.00112525
0.00112726
0.00112883
0.00112988
0.00113033
0.00113011
0.00094834
0.000953878
0.00095913
0.000964115
0.000968853
0.000973362
0.000977663
0.000981773
0.000985712
0.000989496
0.000993144
0.000996671
0.00100009
0.00100343
0.00100668
0.00100988
0.00101302
0.00101614
0.00101922
0.0010223
0.00102537
0.00102844
0.00103154
0.00103466
0.00103782
0.00104102
0.00104426
0.00104757
0.00105093
0.00105437
0.00105788
0.00106146
0.00106513
0.00106888
0.00107272
0.00107664
0.00108065
0.00108474
0.00108891
0.00109316
0.00109748
0.00110186
0.00110629
0.00111075
0.00111524
0.00111972
0.00112417
0.00112857
0.00113289
0.00113709
0.00114112
0.00114494
0.00114849
0.00115172
0.00115456
0.00115694
0.00115877
0.00115996
0.00116043
0.00116008
0.000947928
0.000953964
0.000959716
0.000965201
0.000970439
0.000975447
0.000980246
0.000984853
0.000989288
0.000993568
0.000997713
0.00100174
0.00100566
0.0010095
0.00101326
0.00101697
0.00102064
0.00102428
0.00102791
0.00103153
0.00103516
0.00103881
0.00104249
0.00104621
0.00104998
0.00105382
0.00105772
0.00106169
0.00106575
0.00106989
0.00107413
0.00107847
0.00108291
0.00108745
0.00109211
0.00109687
0.00110174
0.00110671
0.00111178
0.00111695
0.0011222
0.00112752
0.00113291
0.00113833
0.00114378
0.00114922
0.00115463
0.00115997
0.0011652
0.00117028
0.00117515
0.00117976
0.00118404
0.00118791
0.00119131
0.00119412
0.00119627
0.00119764
0.00119812
0.00119759
0.0009494
0.000955922
0.000962173
0.000968167
0.000973922
0.000979455
0.000984785
0.000989929
0.000994907
0.000999738
0.00100444
0.00100903
0.00101352
0.00101794
0.0010223
0.00102661
0.00103089
0.00103516
0.00103943
0.00104371
0.00104802
0.00105236
0.00105676
0.00106122
0.00106575
0.00107036
0.00107506
0.00107987
0.00108478
0.00108981
0.00109496
0.00110024
0.00110564
0.00111119
0.00111687
0.00112268
0.00112863
0.00113471
0.00114091
0.00114723
0.00115366
0.00116017
0.00116676
0.0011734
0.00118006
0.00118671
0.00119331
0.00119983
0.00120621
0.00121239
0.00121832
0.00122392
0.0012291
0.00123378
0.00123785
0.00124122
0.00124375
0.00124532
0.0012458
0.00124504
0.000953823
0.000960798
0.000967527
0.000974024
0.000980301
0.000986375
0.000992263
0.000997982
0.00100355
0.00100899
0.00101431
0.00101954
0.00102469
0.00102977
0.00103482
0.00103984
0.00104486
0.00104988
0.00105492
0.00106
0.00106513
0.00107033
0.00107561
0.00108098
0.00108645
0.00109203
0.00109775
0.00110359
0.00110958
0.00111572
0.00112203
0.00112849
0.00113513
0.00114194
0.00114892
0.00115607
0.0011634
0.00117089
0.00117853
0.00118632
0.00119425
0.00120228
0.0012104
0.00121858
0.00122679
0.00123499
0.00124312
0.00125113
0.00125897
0.00126656
0.00127382
0.00128067
0.00128699
0.00129267
0.00129761
0.00130165
0.00130466
0.00130648
0.00130695
0.00130588
0.000962827
0.00097019
0.000977353
0.000984323
0.000991111
0.000997731
0.0010042
0.00101052
0.00101673
0.00102283
0.00102885
0.0010348
0.00104071
0.00104658
0.00105244
0.00105831
0.0010642
0.00107013
0.00107612
0.00108219
0.00108834
0.0010946
0.00110098
0.00110749
0.00111415
0.00112097
0.00112796
0.00113514
0.0011425
0.00115007
0.00115785
0.00116585
0.00117407
0.00118251
0.00119117
0.00120006
0.00120916
0.00121848
0.001228
0.00123769
0.00124756
0.00125756
0.00126767
0.00127786
0.00128807
0.00129826
0.00130836
0.00131831
0.00132803
0.00133743
0.00134641
0.00135485
0.00136263
0.0013696
0.00137563
0.00138053
0.00138414
0.00138626
0.00138669
0.00138522
0.000978978
0.000986626
0.000994144
0.00100153
0.0010088
0.00101596
0.00102302
0.00102998
0.00103688
0.00104373
0.00105053
0.00105732
0.0010641
0.00107091
0.00107775
0.00108464
0.00109161
0.00109867
0.00110584
0.00111314
0.00112059
0.0011282
0.00113599
0.00114397
0.00115216
0.00116058
0.00116923
0.00117814
0.00118731
0.00119675
0.00120647
0.00121647
0.00122677
0.00123736
0.00124825
0.00125942
0.00127088
0.00128261
0.0012946
0.00130682
0.00131925
0.00133185
0.00134459
0.00135741
0.00137027
0.00138308
0.00139578
0.00140827
0.00142046
0.00143222
0.00144344
0.00145396
0.00146363
0.00147228
0.0014797
0.00148571
0.00149007
0.00149256
0.00149293
0.00149092
0.00100652
0.0010143
0.00102206
0.00102979
0.00103749
0.00104516
0.00105282
0.00106048
0.00106814
0.00107582
0.00108354
0.00109132
0.00109917
0.00110711
0.00111516
0.00112335
0.00113168
0.00114019
0.00114889
0.00115779
0.00116693
0.00117631
0.00118596
0.00119589
0.00120613
0.00121668
0.00122756
0.0012388
0.00125039
0.00126235
0.00127469
0.00128742
0.00130053
0.00131404
0.00132794
0.00134222
0.00135686
0.00137187
0.0013872
0.00140283
0.00141873
0.00143485
0.00145113
0.00146752
0.00148392
0.00150027
0.00151644
0.00153234
0.00154781
0.00156273
0.00157692
0.0015902
0.00160237
0.0016132
0.00162247
0.00162991
0.00163525
0.0016382
0.00163846
0.00163572
0.00105292
0.00106066
0.00106852
0.00107649
0.00108457
0.00109276
0.00110107
0.00110949
0.00111804
0.00112673
0.00113558
0.0011446
0.00115381
0.00116323
0.00117288
0.00118277
0.00119294
0.00120339
0.00121416
0.00122526
0.00123672
0.00124855
0.00126078
0.00127342
0.0012865
0.00130004
0.00131404
0.00132854
0.00134353
0.00135904
0.00137506
0.00139161
0.00140869
0.00142629
0.00144442
0.00146304
0.00148216
0.00150174
0.00152174
0.00154214
0.00156286
0.00158386
0.00160505
0.00162635
0.00164765
0.00166884
0.00168978
0.00171032
0.00173027
0.00174946
0.00176767
0.00178467
0.00180018
0.00181395
0.00182565
0.00183499
0.0018416
0.00184514
0.00184524
0.00184151
0.00113252
0.00114009
0.00114799
0.00115619
0.0011647
0.00117351
0.00118263
0.00119205
0.00120179
0.00121186
0.00122227
0.00123304
0.00124418
0.00125571
0.00126766
0.00128004
0.00129287
0.00130619
0.00132001
0.00133436
0.00134925
0.00136472
0.00138079
0.00139747
0.0014148
0.00143278
0.00145143
0.00147078
0.00149083
0.0015116
0.00153308
0.00155529
0.00157821
0.00160184
0.00162615
0.00165114
0.00167677
0.00170299
0.00172975
0.00175699
0.00178464
0.00181261
0.00184078
0.00186904
0.00189725
0.00192524
0.00195283
0.00197982
0.00200598
0.00203106
0.00205479
0.00207685
0.00209691
0.00211463
0.00212962
0.00214147
0.00214977
0.00215407
0.00215391
0.00214882
0.00127591
0.00128385
0.0012923
0.00130128
0.00131081
0.00132089
0.00133156
0.00134281
0.00135466
0.00136713
0.00138024
0.001394
0.00140843
0.00142355
0.00143939
0.00145597
0.00147331
0.00149143
0.00151037
0.00153014
0.00155076
0.00157227
0.00159469
0.00161802
0.0016423
0.00166753
0.00169373
0.00172092
0.00174908
0.00177823
0.00180836
0.00183946
0.00187151
0.00190448
0.00193835
0.00197306
0.00200856
0.00204478
0.00208165
0.00211905
0.0021569
0.00219504
0.00223334
0.00227161
0.00230968
0.00234731
0.00238427
0.00242029
0.00245506
0.00248825
0.00251952
0.00254847
0.00257467
0.00259769
0.00261703
0.00263221
0.0026427
0.00264794
0.00264738
0.00264046
0.00155835
0.00157088
0.00158389
0.00159749
0.00161179
0.00162686
0.00164279
0.00165962
0.00167742
0.00169624
0.00171612
0.0017371
0.0017592
0.00178246
0.00180691
0.00183256
0.00185944
0.00188757
0.00191696
0.00194763
0.00197959
0.00201284
0.00204739
0.00208324
0.0021204
0.00215885
0.00219858
0.00223959
0.00228185
0.00232534
0.00237002
0.00241585
0.00246279
0.00251076
0.00255972
0.00260956
0.00266021
0.00271154
0.00276344
0.00281576
0.00286834
0.002921
0.00297353
0.0030257
0.00307726
0.00312792
0.00317738
0.00322527
0.00327124
0.00331487
0.00335573
0.00339332
0.00342715
0.00345666
0.00348129
0.00350044
0.00351348
0.00351977
0.00351862
0.00350937
0.00220754
0.0022538
0.00230013
0.00234665
0.00239346
0.00244063
0.00248824
0.00253635
0.00258503
0.00263433
0.00268429
0.00273496
0.00278637
0.00283855
0.00289154
0.00294535
0.00300001
0.00305554
0.00311193
0.00316922
0.00322738
0.00328644
0.00334637
0.00340718
0.00346885
0.00353135
0.00359467
0.00365877
0.00372361
0.00378916
0.00385535
0.00392212
0.00398941
0.00405714
0.00412521
0.00419352
0.00426195
0.00433038
0.00439865
0.0044666
0.00453406
0.00460081
0.00466664
0.00473128
0.00479448
0.00485595
0.00491534
0.00497231
0.00502647
0.00507742
0.0051247
0.00516784
0.00520632
0.00523962
0.00526716
0.00528834
0.00530253
0.00530908
0.00530731
0.0052965
4.14796
4.81327
5.10229
5.35861
5.55209
5.72145
5.87118
6.00955
6.14029
6.26637
6.39001
6.51343
6.63884
6.76843
6.90478
7.05176
7.2115
7.38387
7.58562
7.87774
8.29855
8.65726
8.76811
10.0112
15.9862
6.04902
6.20087
6.45487
6.68467
6.87704
7.05401
7.21946
7.37932
7.53715
7.69581
7.85752
8.0247
8.20103
8.39149
8.59984
8.83093
9.09504
9.41116
9.80037
10.2719
10.8738
11.9755
14.5878
18.8056
18.8663
6.03826
5.93847
6.16995
6.34944
6.51164
6.66293
6.80877
6.95311
7.09952
7.25039
7.40752
7.57292
7.75041
7.94581
8.16278
8.40625
8.68789
9.02451
9.42861
9.92197
10.61
11.8175
13.9297
15.5845
12.5448
6.18108
6.01078
6.22348
6.37599
6.52306
6.66278
6.80103
6.94073
7.08552
7.23759
7.39854
7.56996
7.75545
7.96173
8.19246
8.45207
8.7518
9.10628
9.52574
10.0455
10.7736
11.8626
13.0838
12.6258
9.04002
6.34212
6.16183
6.35524
6.48995
6.6268
6.75942
6.89339
7.03086
7.17554
7.32954
7.49432
7.67088
7.86189
8.07463
8.31254
8.5783
8.88096
9.23216
9.63935
10.1314
10.7539
11.3976
11.4575
9.65925
6.3037
6.48279
6.3171
6.49057
6.61103
6.73873
6.8648
6.99419
7.12822
7.27055
7.42315
7.58732
7.76343
7.95219
8.16042
8.39055
8.64284
8.92177
9.23028
9.55238
9.87557
10.1154
9.98032
8.90712
6.47947
3.65649
6.592
6.4498
6.60149
6.70802
6.82496
6.94233
7.0642
7.19073
7.32522
7.46915
7.62341
7.78777
7.96067
8.14576
8.34182
8.53885
8.729
8.89445
8.98594
8.91062
8.47642
7.43763
5.74051
3.53965
1.60191
6.66025
6.5404
6.66644
6.75618
6.85776
6.96083
7.06851
7.17977
7.29655
7.41911
7.54685
7.67736
7.80111
7.91746
8.01513
8.07305
8.06084
7.92659
7.57402
6.89188
5.81463
4.43318
3.01229
1.58977
0.614773
6.67078
6.56494
6.65873
6.72453
6.80191
6.87975
6.95949
7.03662
7.11171
7.18214
7.2424
7.2841
7.29457
7.26028
7.15465
6.93708
6.55923
5.98667
5.18542
4.19211
3.10629
2.09471
1.29021
0.624668
0.250041
6.59167
6.48594
6.52837
6.55285
6.58357
6.60877
6.6261
6.62977
6.61539
6.57545
6.49731
6.36378
6.15435
5.85075
5.43439
4.88813
4.22206
3.45995
2.65757
1.87797
1.23976
0.789398
0.485711
0.233206
0.103013
6.35587
6.21185
6.16951
6.11523
6.05584
5.97884
5.8762
5.73822
5.5553
5.31936
5.02082
4.64984
4.20653
3.6918
3.11823
2.51143
1.91023
1.38397
0.958753
0.632474
0.41044
0.271586
0.175779
0.0872942
0.0425342
5.82615
5.58276
5.39279
5.19796
4.98113
4.73761
4.45812
4.13899
3.78154
3.38199
2.94608
2.48406
2.01097
1.56809
1.17704
0.85111
0.593276
0.408428
0.279891
0.191176
0.132186
0.0938088
0.0634619
0.032901
0.0180323
4.78428
4.37658
3.9941
3.64265
3.284
2.91728
2.54016
2.1574
1.77547
1.42283
1.10736
0.836233
0.611491
0.437912
0.309761
0.217945
0.153958
0.110622
0.0807875
0.0595639
0.044368
0.0333426
0.0233382
0.0130309
0.00808242
3.18704
2.68159
2.20959
1.82262
1.47402
1.17255
0.913711
0.695927
0.51642
0.377408
0.272321
0.194832
0.139083
0.100075
0.0730818
0.0544111
0.0414304
0.0322504
0.0254583
0.0201641
0.0159644
0.0125618
0.00917653
0.00576061
0.00398495
1.55464
1.13352
0.801166
0.582822
0.418966
0.300762
0.21463
0.152554
0.10839
0.077608
0.0562689
0.0415376
0.0313754
0.0243263
0.0193489
0.0157413
0.0130431
0.0109453
0.009229
0.00775745
0.00648686
0.00536872
0.00420288
0.00303526
0.00233248
0.539456
0.336068
0.202404
0.132191
0.0876466
0.0597522
0.0416568
0.0298102
0.0219705
0.0167286
0.0131607
0.0106804
0.00891026
0.00760577
0.00660784
0.00581453
0.0051606
0.00460189
0.00410447
0.00364586
0.00322388
0.00282687
0.00239553
0.00195858
0.00167453
0.146294
0.078645
0.042097
0.0261606
0.0172887
0.0122523
0.0091931
0.0072614
0.00599001
0.00511871
0.00449558
0.00403047
0.00366837
0.00337487
0.00312794
0.00291327
0.00272144
0.0025454
0.00237818
0.00221416
0.00205335
0.00189174
0.00171131
0.00153588
0.00141155
0.0343021
0.016938
0.00916975
0.00618708
0.00465825
0.00381905
0.00330713
0.00297095
0.00273431
0.00255738
0.00241795
0.00230303
0.00220468
0.00211778
0.00203886
0.00196542
0.00189565
0.00182778
0.00175916
0.00168684
0.00160989
0.00152977
0.00144313
0.00136445
0.00130236
0.00829887
0.00458107
0.00313657
0.0025953
0.00231634
0.00215237
0.00204256
0.00196206
0.00189871
0.00184612
0.00180062
0.00175996
0.00172263
0.00168755
0.0016538
0.00162062
0.00158729
0.00155288
0.00151547
0.00147248
0.00142523
0.00137796
0.00133118
0.0012889
0.00125244
0.00300302
0.00226269
0.00197607
0.00184793
0.00177261
0.0017209
0.00168169
0.0016498
0.00162256
0.0015984
0.00157631
0.00155559
0.0015357
0.00151615
0.00149645
0.00147607
0.00145448
0.00143077
0.00140312
0.0013701
0.00133823
0.00130747
0.00127773
0.00125041
0.00122551
0.00193404
0.00177065
0.00168819
0.0016331
0.00159563
0.00156705
0.00154399
0.00152442
0.00150716
0.00149142
0.00147664
0.00146238
0.00144825
0.00143388
0.0014188
0.00140252
0.00138445
0.00136359
0.00133864
0.00131435
0.00129109
0.00126868
0.00124712
0.00122698
0.00120806
0.00167659
0.00161983
0.00157879
0.00154442
0.00151704
0.00149529
0.00147734
0.00146184
0.00144796
0.00143509
0.00142278
0.00141062
0.00139828
0.00138534
0.00137136
0.00135578
0.00133792
0.00131781
0.00129817
0.00127925
0.00126104
0.00124345
0.00122652
0.00121051
0.0011952
0.00158226
0.00154969
0.00152158
0.00149615
0.00147313
0.00145426
0.00143831
0.00142426
0.00141144
0.00139933
0.00138751
0.00137562
0.00136329
0.00135011
0.00133558
0.00131913
0.00130228
0.00128583
0.0012699
0.00125449
0.0012396
0.00122517
0.00121124
0.00119793
0.00118508
0.00152787
0.00150394
0.00148203
0.00146161
0.00144231
0.00142503
0.00140993
0.00139628
0.00138354
0.00137126
0.00135907
0.00134661
0.00133352
0.00131937
0.00130458
0.00129009
0.00127597
0.00126224
0.0012489
0.00123595
0.00122338
0.00121116
0.00119933
0.00118792
0.00117682
0.00148569
0.00146636
0.00144823
0.00143106
0.00141467
0.00139894
0.00138443
0.00137093
0.00135805
0.00134542
0.0013327
0.00131956
0.0013063
0.00129329
0.00128059
0.00126819
0.00125611
0.00124433
0.00123284
0.00122164
0.00121072
0.00120007
0.00118971
0.00117963
0.00116976
0.00144718
0.0014308
0.00141523
0.00140033
0.001386
0.00137217
0.00135877
0.00134574
0.00133302
0.00132058
0.00130841
0.00129649
0.00128483
0.00127344
0.00126231
0.00125142
0.00124078
0.00123036
0.00122017
0.0012102
0.00120043
0.00119086
0.00118149
0.0011723
0.00116325
0.0014127
0.00139852
0.00138489
0.00137174
0.00135902
0.00134667
0.00133465
0.00132294
0.00131151
0.00130034
0.00128942
0.00127873
0.00126825
0.00125799
0.00124794
0.00123807
0.0012284
0.0012189
0.00120957
0.00120041
0.0011914
0.00118253
0.00117379
0.00116516
0.00115659
0.00137916
0.00136852
0.00135773
0.00134694
0.00133629
0.00132581
0.00131544
0.00130511
0.00129469
0.00128442
0.00127434
0.00126446
0.00125474
0.0012452
0.00123582
0.00122659
0.00121751
0.00120857
0.00119977
0.00119109
0.00118251
0.00117404
0.00116564
0.0011573
0.00114899
0.00134441
0.00133682
0.00132898
0.00132095
0.00131282
0.00130463
0.00129635
0.00128796
0.00127937
0.00127051
0.00126126
0.00125183
0.00124254
0.00123339
0.00122437
0.00121548
0.00120671
0.00119805
0.00118949
0.00118102
0.00117263
0.0011643
0.00115602
0.00114777
0.00113953
0.00130752
0.00130226
0.00129675
0.001291
0.00128507
0.00127896
0.00127268
0.00126621
0.0012595
0.00125251
0.00124518
0.00123743
0.00122916
0.00122024
0.00121138
0.00120263
0.00119397
0.0011854
0.00117691
0.0011685
0.00116014
0.00115182
0.00114354
0.00113527
0.001127
0.0012646
0.00126093
0.00125707
0.001253
0.00124874
0.00124431
0.00123969
0.00123487
0.00122984
0.00122456
0.001219
0.00121312
0.00120687
0.00120019
0.00119304
0.00118531
0.00117692
0.00116837
0.00115989
0.00115147
0.0011431
0.00113476
0.00112645
0.00111816
0.00110987
0.00121028
0.00120758
0.00120476
0.00120178
0.00119866
0.0011954
0.00119199
0.00118842
0.00118467
0.00118074
0.00117661
0.00117224
0.00116763
0.00116274
0.00115755
0.00115204
0.00114617
0.00113995
0.00113335
0.00112634
0.0011189
0.001111
0.0011027
0.00109442
0.00108616
0.00113827
0.00113606
0.00113378
0.0011314
0.00112892
0.00112635
0.00112367
0.00112088
0.00111797
0.00111493
0.00111175
0.00110843
0.00110494
0.00110128
0.00109745
0.00109342
0.0010892
0.00108478
0.00108017
0.00107538
0.00107041
0.0010653
0.00106009
0.00105483
0.00104962
0.00106838
0.00106689
0.00106536
0.00106378
0.00106216
0.00106049
0.00105875
0.00105697
0.00105511
0.0010532
0.00105121
0.00104915
0.00104701
0.0010448
0.00104251
0.00104014
0.0010377
0.00103518
0.0010326
0.00102997
0.0010273
0.00102459
0.00102188
0.00101919
0.00101655
0.00101819
0.00101754
0.00101687
0.00101618
0.00101548
0.00101475
0.00101399
0.00101322
0.00101242
0.00101159
0.00101073
0.00100985
0.00100895
0.00100802
0.00100706
0.00100608
0.00100508
0.00100407
0.00100305
0.00100203
0.001001
0.00099999
0.000998994
0.000998021
0.000997092
0.000988183
0.000988154
0.000988117
0.000988074
0.000988023
0.000987963
0.000987895
0.000987818
0.000987733
0.000987638
0.000987535
0.000987424
0.000987305
0.00098718
0.00098705
0.000986915
0.000986778
0.000986641
0.000986507
0.000986377
0.000986255
0.000986142
0.000986042
0.000985955
0.00098589
0.000971713
0.000972042
0.000972368
0.000972692
0.000973013
0.000973331
0.000973646
0.000973959
0.000974269
0.000974577
0.000974882
0.000975186
0.000975488
0.000975789
0.000976091
0.000976392
0.000976695
0.000977
0.000977308
0.00097762
0.000977937
0.00097826
0.000978589
0.000978925
0.000979271
0.000962785
0.000963294
0.000963802
0.00096431
0.000964817
0.000965324
0.00096583
0.000966336
0.000966841
0.000967346
0.000967852
0.000968357
0.000968863
0.000969369
0.000969877
0.000970385
0.000970895
0.000971406
0.00097192
0.000972437
0.000972956
0.000973479
0.000974004
0.000974533
0.000975066
0.000957638
0.00095823
0.000958823
0.000959415
0.000960009
0.000960602
0.000961196
0.000961791
0.000962385
0.000962981
0.000963577
0.000964174
0.000964771
0.00096537
0.000965969
0.00096657
0.000967172
0.000967775
0.000968379
0.000968986
0.000969593
0.000970203
0.000970815
0.000971428
0.000972043
0.000954218
0.000954847
0.000955476
0.000956105
0.000956736
0.000957367
0.000957999
0.000958631
0.000959264
0.000959898
0.000960533
0.000961169
0.000961805
0.000962443
0.000963081
0.00096372
0.000964361
0.000965002
0.000965645
0.000966288
0.000966933
0.00096758
0.000968227
0.000968876
0.000969525
0.00095149
0.000952133
0.000952776
0.000953421
0.000954066
0.000954712
0.000955359
0.000956006
0.000956655
0.000957304
0.000957954
0.000958605
0.000959257
0.00095991
0.000960563
0.000961218
0.000961873
0.00096253
0.000963187
0.000963846
0.000964505
0.000965166
0.000965827
0.00096649
0.000967153
0.000948962
0.00094961
0.000950258
0.000950908
0.000951558
0.000952209
0.000952861
0.000953514
0.000954168
0.000954822
0.000955478
0.000956134
0.000956791
0.000957449
0.000958108
0.000958768
0.000959428
0.00096009
0.000960753
0.000961416
0.000962081
0.000962746
0.000963412
0.000964079
0.000964748
0.000946421
0.00094707
0.000947719
0.00094837
0.000949021
0.000949673
0.000950326
0.00095098
0.000951635
0.00095229
0.000952947
0.000953604
0.000954262
0.000954922
0.000955582
0.000956242
0.000956904
0.000957567
0.00095823
0.000958895
0.00095956
0.000960227
0.000960894
0.000961562
0.000962231
0.000943796
0.000944444
0.000945093
0.000945743
0.000946394
0.000947045
0.000947697
0.00094835
0.000949004
0.000949659
0.000950315
0.000950972
0.000951629
0.000952288
0.000952947
0.000953607
0.000954268
0.00095493
0.000955593
0.000956257
0.000956921
0.000957587
0.000958253
0.000958921
0.000959589
0.000941098
0.000941745
0.000942392
0.00094304
0.000943689
0.00094434
0.00094499
0.000945642
0.000946295
0.000946948
0.000947603
0.000948258
0.000948914
0.000949571
0.000950229
0.000950888
0.000951547
0.000952208
0.000952869
0.000953532
0.000954195
0.000954859
0.000955524
0.00095619
0.000956857
0.000938396
0.000939041
0.000939687
0.000940334
0.000940981
0.00094163
0.000942279
0.000942929
0.00094358
0.000944232
0.000944885
0.000945539
0.000946193
0.000946849
0.000947505
0.000948162
0.00094882
0.000949479
0.000950139
0.000950799
0.000951461
0.000952123
0.000952787
0.000953451
0.000954116
0.000935823
0.000936467
0.000937111
0.000937757
0.000938403
0.00093905
0.000939698
0.000940347
0.000940996
0.000941647
0.000942298
0.00094295
0.000943603
0.000944257
0.000944912
0.000945568
0.000946224
0.000946882
0.00094754
0.000948199
0.000948859
0.00094952
0.000950182
0.000950845
0.000951509
0.00093359
0.000934232
0.000934876
0.00093552
0.000936166
0.000936812
0.000937459
0.000938106
0.000938755
0.000939405
0.000940055
0.000940706
0.000941358
0.000942011
0.000942665
0.00094332
0.000943976
0.000944632
0.00094529
0.000945948
0.000946607
0.000947267
0.000947928
0.00094859
0.000949253
0.000932012
0.000932655
0.000933298
0.000933943
0.000934588
0.000935234
0.000935881
0.000936529
0.000937178
0.000937827
0.000938478
0.000939129
0.000939781
0.000940434
0.000941088
0.000941743
0.000942399
0.000943055
0.000943713
0.000944371
0.00094503
0.00094569
0.000946351
0.000947013
0.000947676
0.000931559
0.000932204
0.000932849
0.000933495
0.000934142
0.000934789
0.000935438
0.000936088
0.000936738
0.000937389
0.000938041
0.000938694
0.000939348
0.000940003
0.000940658
0.000941315
0.000941972
0.00094263
0.000943289
0.000943949
0.00094461
0.000945272
0.000945935
0.000946598
0.000947263
0.000932925
0.000933573
0.000934222
0.000934873
0.000935524
0.000936176
0.000936828
0.000937482
0.000938136
0.000938792
0.000939448
0.000940105
0.000940763
0.000941422
0.000942082
0.000942743
0.000943405
0.000944067
0.00094473
0.000945395
0.00094606
0.000946726
0.000947393
0.000948061
0.00094873
0.000937142
0.000937799
0.000938456
0.000939114
0.000939773
0.000940433
0.000941094
0.000941756
0.000942418
0.000943082
0.000943746
0.000944412
0.000945078
0.000945745
0.000946413
0.000947082
0.000947752
0.000948423
0.000949095
0.000949767
0.000950441
0.000951116
0.000951791
0.000952467
0.000953145
0.000945785
0.000946455
0.000947127
0.000947799
0.000948472
0.000949147
0.000949822
0.000950498
0.000951175
0.000951853
0.000952531
0.000953211
0.000953892
0.000954573
0.000955256
0.00095594
0.000956624
0.000957309
0.000957996
0.000958683
0.000959371
0.00096006
0.000960751
0.000961442
0.000962134
0.000961328
0.000962022
0.000962717
0.000963414
0.000964111
0.000964809
0.000965508
0.000966208
0.000966909
0.000967611
0.000968314
0.000969018
0.000969723
0.000970429
0.000971136
0.000971844
0.000972552
0.000973262
0.000973973
0.000974685
0.000975398
0.000976112
0.000976827
0.000977543
0.00097826
0.000987855
0.000988589
0.000989323
0.000990059
0.000990796
0.000991534
0.000992273
0.000993013
0.000993754
0.000994496
0.000995239
0.000995983
0.000996729
0.000997475
0.000998222
0.000998971
0.000999721
0.00100047
0.00100122
0.00100198
0.00100273
0.00100349
0.00100424
0.001005
0.00100576
0.00103254
0.00103334
0.00103415
0.00103495
0.00103575
0.00103656
0.00103736
0.00103817
0.00103898
0.00103979
0.0010406
0.00104141
0.00104223
0.00104304
0.00104386
0.00104468
0.0010455
0.00104631
0.00104714
0.00104796
0.00104878
0.00104961
0.00105043
0.00105126
0.00105209
0.0011091
0.00111002
0.00111094
0.00111186
0.00111279
0.00111371
0.00111464
0.00111556
0.00111649
0.00111742
0.00111836
0.00111929
0.00112022
0.00112116
0.0011221
0.00112304
0.00112398
0.00112492
0.00112587
0.00112681
0.00112776
0.00112871
0.00112966
0.00113061
0.00113156
0.0012466
0.00124775
0.0012489
0.00125005
0.0012512
0.00125236
0.00125352
0.00125468
0.00125584
0.001257
0.00125817
0.00125934
0.00126051
0.00126168
0.00126285
0.00126403
0.00126521
0.00126639
0.00126757
0.00126876
0.00126994
0.00127113
0.00127233
0.00127352
0.00127471
0.00151576
0.00151742
0.00151908
0.00152075
0.00152242
0.0015241
0.00152578
0.00152746
0.00152915
0.00153083
0.00153253
0.00153422
0.00153592
0.00153763
0.00153933
0.00154104
0.00154276
0.00154448
0.0015462
0.00154792
0.00154965
0.00155139
0.00155312
0.00155486
0.00155661
0.00212589
0.00212904
0.00213221
0.00213538
0.00213856
0.00214175
0.00214495
0.00214816
0.00215138
0.00215461
0.00215785
0.00216109
0.00216435
0.00216761
0.00217089
0.00217417
0.00217747
0.00218077
0.00218408
0.0021874
0.00219074
0.00219408
0.00219743
0.00220079
0.00220416
3.8108
4.21033
4.37533
4.41849
4.38409
4.2839
4.12718
3.93126
3.71804
3.49532
3.24846
2.96544
2.66309
2.38217
2.1601
2.0048
1.89142
1.7849
1.6633
1.52287
1.37033
1.21465
1.06313
0.921104
0.791928
0.676957
0.576132
0.488647
0.413369
0.34895
0.294015
0.247376
0.207946
0.17468
0.146645
0.123062
0.103249
0.0866016
0.0726093
0.0608499
0.0509685
0.0426631
0.0356851
0.0298261
0.0249087
0.0207843
0.0173276
0.0144315
0.0120125
0.00996593
4.67104
4.43662
4.46043
4.46142
4.40945
4.30013
4.13802
3.93868
3.72316
3.49887
3.25092
2.96718
2.66429
2.38292
2.16045
2.00484
1.89128
1.78471
1.66317
1.52282
1.37037
1.21475
1.06328
0.921271
0.792099
0.67712
0.576281
0.488779
0.413483
0.349046
0.294097
0.247444
0.208002
0.174725
0.146682
0.123092
0.103273
0.0866219
0.072626
0.0608638
0.0509799
0.0426726
0.035693
0.0298327
0.0249142
0.0207888
0.0173314
0.0144347
0.0120152
0.00996815
5.4828
4.86326
4.65948
4.56869
4.47463
4.34257
4.16671
3.95853
3.73711
3.50874
3.25789
2.972
2.66749
2.38484
2.16138
2.00509
1.89117
1.7845
1.66301
1.52278
1.37046
1.21495
1.06354
0.921568
0.792401
0.677408
0.576545
0.489013
0.413686
0.349219
0.294242
0.247564
0.208101
0.174807
0.146749
0.123147
0.103318
0.0866587
0.0726563
0.0608888
0.0510007
0.0426898
0.0357074
0.0298446
0.0249242
0.0207972
0.0173385
0.0144406
0.0120201
0.00997223
6.10513
5.39272
4.97755
4.75887
4.5955
4.42308
4.22188
3.99706
3.76444
3.52832
3.27185
2.98168
2.67378
2.38842
2.16292
2.00535
1.89082
1.78401
1.66263
1.52262
1.37052
1.21518
1.06389
0.921973
0.792823
0.677817
0.576923
0.489351
0.41398
0.349472
0.294454
0.247741
0.208248
0.174927
0.146848
0.123228
0.103385
0.0867133
0.0727015
0.0609262
0.0510317
0.0427157
0.035729
0.0298626
0.0249392
0.0208098
0.017349
0.0144494
0.0120276
0.00997841
6.54849
5.92647
5.38902
5.03964
4.78603
4.55453
4.31385
4.06211
3.81101
3.56199
3.29617
2.99872
2.68477
2.39436
2.16501
2.00505
1.8895
1.78259
1.66153
1.52197
1.37028
1.21526
1.06419
0.92241
0.793317
0.678319
0.5774
0.489785
0.414364
0.349803
0.294736
0.247977
0.208444
0.175089
0.146981
0.123337
0.103475
0.0867876
0.072763
0.0609772
0.0510743
0.0427511
0.0357586
0.0298875
0.0249601
0.0208273
0.0173637
0.0144618
0.012038
0.00998701
6.84343
6.39368
5.84442
5.39992
5.05214
4.74742
4.45299
4.16246
3.88369
3.6151
3.3351
3.02648
2.70285
2.4039
2.16769
2.00337
1.88603
1.77907
1.65876
1.5201
1.36923
1.21485
1.06422
0.922715
0.793773
0.678839
0.577926
0.490284
0.414816
0.350201
0.295079
0.248268
0.208687
0.175291
0.147148
0.123475
0.103589
0.0868826
0.0728419
0.061043
0.0511292
0.0427972
0.0357972
0.0299199
0.0249873
0.0208502
0.017383
0.014478
0.0120517
0.00999838
7.01913
6.75144
6.28353
5.80671
5.38438
5.00417
4.64621
4.30578
3.98938
3.69337
3.39347
3.06914
2.73138
2.41912
2.1715
1.99949
1.87881
1.77172
1.65279
1.51585
1.36651
1.21331
1.06353
0.922581
0.793982
0.679234
0.578406
0.490782
0.415294
0.350637
0.295465
0.248602
0.208971
0.17553
0.147348
0.123642
0.103728
0.086998
0.0729385
0.061124
0.0511972
0.0428543
0.0358453
0.0299604
0.0250215
0.0208791
0.0174074
0.0144986
0.0120692
0.0100129
7.09624
6.9773
6.64605
6.20743
5.75232
5.31207
4.89125
4.49483
4.13253
3.8014
3.47574
3.13116
2.77456
2.44329
2.17804
1.99309
1.86616
1.75833
1.64152
1.50746
1.36075
1.20964
1.0614
0.921503
0.793585
0.679256
0.578665
0.491159
0.415713
0.351055
0.295855
0.248951
0.209276
0.175792
0.147571
0.12383
0.103886
0.0871316
0.0730512
0.0612192
0.0512777
0.0429225
0.0359031
0.0300094
0.025063
0.0209143
0.0174372
0.0145239
0.0120907
0.0100308
7.08114
7.05924
6.87678
6.53489
6.10217
5.63656
5.16942
4.72151
4.31094
3.93981
3.58401
3.21586
2.83673
2.48086
2.19053
1.98521
1.84696
1.73655
1.62229
1.49254
1.35004
1.20238
1.05674
0.918688
0.792017
0.678499
0.578416
0.491213
0.415932
0.351353
0.296178
0.249268
0.209569
0.176054
0.1478
0.124028
0.104056
0.0872774
0.073176
0.061326
0.0513691
0.0430007
0.0359699
0.0300665
0.0251118
0.0209558
0.0174727
0.0145541
0.0121165
0.0100524
6.95789
6.98125
6.92383
6.71141
6.35691
5.91629
5.43808
4.95923
4.50949
4.10054
3.71448
3.32274
2.92038
2.5365
2.21403
1.97919
1.82179
1.70466
1.59234
1.46822
1.33184
1.18949
1.04799
0.912973
0.788425
0.676345
0.577214
0.490623
0.415721
0.351367
0.296318
0.249468
0.209789
0.176272
0.148005
0.124214
0.104222
0.0874242
0.0733048
0.0614386
0.0514673
0.043086
0.0360439
0.0301304
0.025167
0.0210034
0.0175136
0.0145891
0.0121467
0.0100777
6.67102
6.70178
6.72747
6.64868
6.41721
6.06025
5.62426
5.15482
4.6922
4.26019
3.85216
3.44303
3.0224
2.6123
2.25414
1.98103
1.79417
1.66294
1.54966
1.43154
1.30319
1.16837
1.03305
0.902739
0.78159
0.671892
0.574395
0.488905
0.414729
0.350844
0.296091
0.249418
0.209841
0.176378
0.148135
0.124352
0.104358
0.0875521
0.0734233
0.0615466
0.0515647
0.0431731
0.0361211
0.0301986
0.0252267
0.0210556
0.017559
0.0146286
0.0121809
0.0101068
6.09529
6.1247
6.19911
6.24118
6.16132
5.94642
5.6199
5.22103
4.79356
4.37189
3.96393
3.55368
3.12856
2.70272
2.31319
1.99786
1.77128
1.61528
1.4945
1.38049
1.26116
1.13608
1.00934
0.885875
0.769861
0.663879
0.569014
0.485357
0.412436
0.349401
0.295218
0.248917
0.209576
0.176262
0.148112
0.124383
0.104419
0.0876295
0.0735079
0.0616326
0.0516484
0.0432524
0.0361948
0.0302659
0.0252875
0.02111
0.0176073
0.0146711
0.0122184
0.010139
5.02556
5.08592
5.20539
5.35918
5.44681
5.42424
5.28048
5.03121
4.71054
4.35623
3.99013
3.61
3.2064
2.7873
2.38311
2.03253
1.7619
1.56999
1.43129
1.31565
1.20403
1.08993
0.974061
0.859874
0.751158
0.650653
0.55979
0.479004
0.408111
0.346494
0.293293
0.247664
0.208774
0.175763
0.147814
0.124217
0.10434
0.0876071
0.0735218
0.0616692
0.0516981
0.0433089
0.0362536
0.030324
0.0253432
0.021162
0.0176551
0.0147144
0.0122574
0.0101732
3.36196
3.4735
3.64107
3.89099
4.14103
4.33644
4.43665
4.42152
4.29811
4.09348
3.83591
3.53757
3.19774
2.82266
2.43616
2.07386
1.76896
1.53702
1.36934
1.24221
1.13304
1.02875
0.924935
0.822206
0.723128
0.630209
0.545096
0.468564
0.400762
0.341365
0.289747
0.245232
0.207115
0.174641
0.147064
0.123724
0.104022
0.0874108
0.0734096
0.0616146
0.0516824
0.043319
0.0362799
0.0303598
0.0253839
0.0212044
0.0176971
0.0147546
0.012295
0.0102073
1.60018
1.67555
1.80208
2.02411
2.31565
2.64614
2.96973
3.22922
3.38334
3.42364
3.36521
3.22468
3.01129
2.73509
2.41603
2.08494
1.77654
1.51792
1.31872
1.1702
1.05435
0.95476
0.861591
0.771182
0.683637
0.60044
0.523063
0.452476
0.389132
0.333025
0.283814
0.241035
0.204157
0.172562
0.14561
0.122712
0.103323
0.0869329
0.07309
0.0614074
0.0515549
0.0432475
0.0362472
0.0303533
0.0253946
0.0212259
0.0177247
0.0147852
0.0123266
0.010238
0.527743
0.53805
0.567637
0.638776
0.761195
0.948876
1.21209
1.53903
1.88788
2.19825
2.41799
2.52385
2.51856
2.41535
2.23187
1.99418
1.73579
1.48904
1.27682
1.10799
0.977999
0.875049
0.787426
0.707463
0.631779
0.559747
0.491925
0.429076
0.371774
0.320277
0.274529
0.234314
0.199309
0.169073
0.143107
0.12092
0.102042
0.0860216
0.0724472
0.0609597
0.0512485
0.0430435
0.0361167
0.0302752
0.0253531
0.0212096
0.0177254
0.0147968
0.0123449
0.01026
0.137885
0.134908
0.134564
0.140608
0.155447
0.184888
0.240965
0.342056
0.508055
0.746948
1.03934
1.33713
1.58158
1.72748
1.75977
1.69325
1.55816
1.38683
1.20835
1.04492
0.908013
0.798312
0.709962
0.635573
0.569382
0.508177
0.450771
0.397058
0.347318
0.301847
0.260791
0.224157
0.191837
0.163594
0.139101
0.117995
0.0999089
0.0844693
0.0713221
0.0601492
0.0506697
0.0426353
0.0358336
0.0300832
0.0252272
0.021131
0.0176803
0.0147751
0.0123391
0.0102651
0.0323657
0.0312464
0.0303217
0.0300507
0.030451
0.0317208
0.0347365
0.0417375
0.0580185
0.0944154
0.168031
0.296229
0.482405
0.702978
0.911511
1.06072
1.12491
1.10768
1.03312
0.929999
0.821053
0.720325
0.633992
0.562155
0.501597
0.448643
0.400683
0.356326
0.315037
0.276755
0.24158
0.209618
0.180921
0.155443
0.133038
0.113498
0.0965775
0.0820048
0.0695036
0.0588124
0.0496916
0.0419247
0.0353221
0.0297191
0.0249719
0.0209556
0.017563
0.0146999
0.0122937
0.0102418
0.00802581
0.00784596
0.0076426
0.00751826
0.00746211
0.00745301
0.00750397
0.00765866
0.00804928
0.00910704
0.0121967
0.0211198
0.0442164
0.0943078
0.182413
0.306494
0.445471
0.567306
0.645403
0.670105
0.649405
0.601031
0.542271
0.484203
0.431641
0.385546
0.345075
0.30884
0.275676
0.244939
0.21639
0.190001
0.165829
0.143934
0.12432
0.106925
0.0916351
0.0782964
0.0667277
0.0567402
0.04815
0.040783
0.0344815
0.0291046
0.0245265
0.0206362
0.017337
0.014543
0.0121869
0.0101735
0.00297269
0.00298522
0.00296447
0.00294959
0.0029413
0.00293567
0.00293439
0.00293891
0.00295017
0.00297101
0.00301349
0.00313034
0.00354404
0.0050823
0.0101928
0.0241214
0.0543019
0.106141
0.177086
0.254576
0.321273
0.363731
0.377768
0.36813
0.344153
0.314629
0.284903
0.257042
0.231383
0.207724
0.185777
0.165316
0.14625
0.128608
0.112446
0.0977964
0.0846552
0.0729797
0.0626912
0.0536853
0.0458452
0.0390504
0.0331848
0.028139
0.0238116
0.0201106
0.0169537
0.0142664
0.0119892
0.0100374
0.00195294
0.00198606
0.0019982
0.00200552
0.00201075
0.00201305
0.0020142
0.0020153
0.00201662
0.00201823
0.00202014
0.0020225
0.00202639
0.00203714
0.00208072
0.00227559
0.00306748
0.00573544
0.0129224
0.0282845
0.0545381
0.0907743
0.131365
0.168009
0.193631
0.205244
0.204239
0.194661
0.180838
0.165754
0.150787
0.136354
0.122567
0.109505
0.0972395
0.0858245
0.0753087
0.0657298
0.0570975
0.0493887
0.0425573
0.036544
0.0312819
0.0267006
0.0227295
0.0193006
0.016351
0.0138211
0.011662
0.0098033
0.00169974
0.00172934
0.00174558
0.00175495
0.00176114
0.0017637
0.00176404
0.0017632
0.0017615
0.00175906
0.00175593
0.00175213
0.00174767
0.00174262
0.00173711
0.00173173
0.0017292
0.00174192
0.00182341
0.00216503
0.00329853
0.00633218
0.0129043
0.0245117
0.0413687
0.0616011
0.0816186
0.0976421
0.107297
0.110267
0.107879
0.102126
0.0947516
0.0868277
0.0788454
0.0710176
0.0634848
0.0563637
0.0497331
0.0436339
0.0380832
0.0330819
0.0286153
0.024656
0.0211686
0.0181145
0.0154541
0.0131468
0.011157
0.00943239
0.00160274
0.00162743
0.00164244
0.00165038
0.00165522
0.00165674
0.00165587
0.00165354
0.00165006
0.00164557
0.00164011
0.00163372
0.0016264
0.00161815
0.00160896
0.00159882
0.00158769
0.00157559
0.00156276
0.00155032
0.00154314
0.00156021
0.00166636
0.00204203
0.00308403
0.00545587
0.00993552
0.017
0.0263399
0.0366894
0.0462247
0.0533248
0.057174
0.0578777
0.0561659
0.0529534
0.0489935
0.0447526
0.0404713
0.0362806
0.0322724
0.0285133
0.0250426
0.021876
0.0190155
0.0164546
0.0141804
0.0121746
0.0104176
0.00887775
0.00154524
0.00156576
0.00157855
0.00158495
0.0015885
0.00158927
0.00158782
0.00158489
0.00158081
0.00157571
0.00156963
0.00156259
0.00155458
0.00154559
0.00153556
0.00152446
0.00151221
0.00149874
0.00148397
0.00146781
0.00145018
0.00143111
0.00141095
0.00139126
0.00137756
0.00138799
0.00147422
0.00175848
0.00247327
0.00395815
0.00655369
0.0103931
0.0152057
0.0203014
0.0248076
0.0280195
0.0296325
0.0297496
0.0287305
0.0269991
0.0249045
0.0226717
0.0204261
0.0182401
0.0161617
0.014224
0.0124452
0.0108312
0.00938201
0.00808566
0.00150045
0.00151767
0.00152808
0.00153328
0.0015359
0.00153627
0.0015347
0.00153177
0.00152778
0.00152285
0.00151704
0.00151034
0.00150276
0.00149425
0.00148476
0.00147424
0.0014626
0.00144977
0.00143565
0.00142012
0.00140309
0.00138444
0.00136406
0.00134187
0.00131782
0.00129196
0.0012647
0.00123752
0.00121493
0.00120983
0.00125482
0.00141937
0.0018238
0.00262878
0.00397844
0.00590513
0.00825113
0.0106782
0.0127836
0.0142543
0.0149615
0.0149584
0.0144115
0.0135175
0.0124421
0.0112972
0.010149
0.00903507
0.00798208
0.00699576
0.00146005
0.00147316
0.00148149
0.00148587
0.00148796
0.00148821
0.0014868
0.00148415
0.00148054
0.00147611
0.00147088
0.00146488
0.00145808
0.00145045
0.00144194
0.00143248
0.001422
0.00141041
0.00139762
0.00138353
0.00136803
0.001351
0.00133234
0.00131192
0.00128966
0.00126546
0.00123923
0.00121095
0.0011806
0.00114832
0.0011145
0.0010803
0.00104877
0.00102765
0.00103472
0.00110507
0.00129559
0.00167781
0.00231169
0.00320541
0.00428412
0.00539566
0.00636012
0.00703546
0.00735949
0.00735112
0.00708247
0.00664149
0.0061114
0.00552555
0.00142339
0.00143263
0.00143901
0.00144257
0.00144421
0.00144432
0.00144304
0.00144065
0.0014374
0.00143341
0.00142871
0.00142331
0.00141722
0.00141037
0.00140273
0.00139424
0.00138481
0.00137437
0.00136284
0.0013501
0.00133606
0.00132061
0.00130363
0.00128502
0.00126467
0.00124248
0.00121837
0.00119225
0.00116408
0.00113385
0.00110154
0.00106721
0.00103096
0.00099299
0.000953712
0.000913984
0.000875692
0.000842992
0.000824561
0.000836477
0.000903648
0.00105636
0.00131954
0.00169692
0.00215837
0.00264106
0.00306807
0.00337393
0.00353032
0.00351509
0.00138641
0.00139272
0.00139733
0.00140006
0.00140126
0.0014012
0.00139998
0.00139779
0.00139482
0.00139117
0.00138689
0.00138197
0.00137641
0.00137017
0.00136321
0.00135547
0.00134686
0.00133732
0.00132677
0.0013151
0.00130223
0.00128804
0.00127242
0.00125528
0.00123649
0.00121597
0.00119363
0.00116937
0.00114315
0.00111492
0.00108468
0.00105244
0.00101824
0.000982191
0.00094441
0.000905073
0.000864405
0.000822702
0.00078038
0.000738091
0.000696965
0.000659094
0.000628373
0.000611559
0.000618802
0.000662349
0.000752597
0.000892084
0.00107114
0.00126286
0.00134907
0.00135312
0.00135615
0.00135797
0.00135865
0.00135832
0.00135705
0.00135496
0.00135216
0.00134874
0.00134474
0.00134015
0.00133498
0.00132918
0.00132271
0.00131551
0.0013075
0.00129863
0.0012888
0.00127793
0.00126592
0.00125267
0.00123807
0.00122203
0.00120444
0.00118519
0.0011642
0.00114139
0.0011167
0.00109007
0.00106149
0.00103097
0.000998532
0.000964264
0.000928271
0.000890701
0.000851741
0.000811611
0.000770564
0.000728882
0.000686872
0.000644871
0.00060326
0.00056251
0.000523272
0.000486543
0.000453947
0.000428097
0.000412808
0.000412868
0.00131022
0.0013125
0.00131415
0.00131504
0.00131512
0.00131443
0.00131299
0.00131087
0.00130813
0.00130484
0.00130101
0.00129666
0.00129175
0.00128626
0.00128014
0.00127333
0.00126578
0.0012574
0.00124812
0.00123785
0.0012265
0.00121398
0.00120018
0.00118501
0.00116836
0.00115013
0.00113025
0.00110861
0.00108517
0.00105987
0.00103268
0.00100361
0.000972689
0.000939974
0.000905566
0.0008696
0.000832248
0.000793715
0.000754238
0.000714079
0.00067352
0.000632857
0.000592386
0.000552403
0.000513192
0.000475028
0.000438176
0.000402911
0.000369546
0.000338491
0.00126585
0.00126681
0.00126735
0.0012674
0.00126689
0.00126579
0.00126413
0.00126191
0.00125917
0.00125594
0.00125224
0.00124805
0.00124335
0.00123812
0.0012323
0.00122584
0.00121867
0.00121073
0.00120195
0.00119223
0.00118149
0.00116965
0.00115659
0.00114223
0.00112647
0.00110922
0.00109038
0.00106987
0.00104764
0.00102363
0.000997809
0.000970177
0.000940755
0.000909599
0.000876797
0.000842473
0.000806784
0.000769924
0.000732115
0.000693605
0.000654662
0.000615568
0.000576608
0.000538064
0.000500207
0.000463291
0.000427543
0.000393163
0.000360318
0.000329146
0.00121053
0.00121055
0.00121029
0.00120968
0.00120867
0.00120724
0.00120537
0.00120307
0.00120033
0.00119717
0.00119359
0.00118958
0.00118511
0.00118015
0.00117466
0.00116857
0.00116184
0.00115439
0.00114615
0.00113704
0.00112698
0.00111589
0.00110366
0.00109022
0.00107546
0.00105929
0.00104163
0.00102241
0.00100155
0.000979006
0.000954746
0.000928759
0.000901063
0.000871704
0.000840761
0.000808344
0.000774598
0.0007397
0.000703857
0.000667301
0.000630285
0.000593074
0.000555939
0.000519152
0.000482971
0.000447641
0.000413385
0.000380395
0.000348834
0.000318835
0.00113808
0.00113771
0.00113713
0.0011363
0.00113518
0.00113375
0.00113197
0.00112983
0.00112734
0.00112447
0.00112122
0.00111759
0.00111354
0.00110903
0.00110404
0.00109851
0.00109238
0.00108559
0.00107807
0.00106975
0.00106056
0.00105041
0.00103921
0.00102689
0.00101335
0.000998499
0.000982267
0.000964575
0.00094536
0.000924569
0.00090217
0.000878147
0.000852512
0.000825302
0.000796582
0.000766451
0.000735036
0.000702498
0.000669024
0.000634828
0.000600143
0.000565216
0.000530301
0.000495654
0.000461522
0.000428137
0.000395713
0.00036444
0.000334475
0.000305951
0.00106803
0.00106754
0.0010669
0.00106608
0.00106504
0.00106375
0.00106219
0.00106034
0.00105818
0.00105569
0.00105286
0.00104966
0.00104607
0.00104207
0.0010376
0.00103263
0.00102711
0.00102097
0.00101416
0.0010066
0.000998235
0.000988975
0.000978745
0.000967464
0.00095505
0.000941423
0.000926506
0.000910227
0.000892525
0.000873348
0.000852662
0.000830448
0.000806713
0.000781484
0.000754818
0.0007268
0.000697544
0.000667196
0.000635924
0.000603926
0.000571417
0.000538626
0.000505793
0.000473156
0.000440951
0.000409401
0.00037871
0.000349061
0.000320612
0.000293491
0.00101774
0.00101719
0.00101651
0.00101569
0.00101469
0.0010135
0.00101209
0.00101043
0.0010085
0.00100628
0.00100374
0.00100087
0.000997626
0.000993984
0.000989905
0.000985347
0.000980262
0.000974595
0.000968288
0.000961277
0.000953493
0.000944865
0.000935317
0.000924774
0.000913158
0.000900392
0.000886402
0.00087112
0.000854486
0.000836449
0.000816973
0.000796039
0.000773647
0.000749822
0.000724613
0.000698097
0.000670379
0.00064159
0.000611891
0.000581465
0.000550513
0.000519255
0.000487916
0.000456725
0.000425909
0.000395682
0.000366244
0.000337772
0.000310421
0.000284318
0.000987649
0.000987021
0.000986286
0.000985426
0.00098442
0.000983248
0.000981885
0.000980307
0.00097849
0.000976408
0.000974034
0.00097134
0.000968296
0.000964868
0.000961019
0.000956707
0.000951883
0.000946497
0.000940491
0.000933804
0.000926371
0.00091812
0.000908982
0.000898881
0.000887743
0.000875494
0.000862061
0.000847379
0.000831386
0.000814035
0.000795288
0.000775124
0.000753544
0.000730566
0.000706238
0.00068063
0.000653841
0.000625997
0.00059725
0.000567777
0.000537771
0.000507442
0.000477012
0.000446701
0.00041673
0.000387309
0.000358632
0.000330877
0.000304195
0.000278713
0.000971114
0.000970426
0.000969638
0.000968733
0.000967695
0.000966505
0.000965142
0.000963583
0.000961804
0.000959777
0.000957476
0.00095487
0.000951928
0.000948612
0.000944887
0.000940707
0.000936028
0.000930796
0.000924957
0.00091845
0.000911211
0.000903172
0.000894261
0.000884408
0.000873537
0.000861577
0.000848456
0.000834109
0.000818477
0.00080151
0.000783172
0.000763442
0.000742316
0.000719815
0.000695981
0.000670883
0.000644616
0.000617303
0.000589092
0.000560153
0.000530678
0.000500872
0.000470951
0.000441133
0.000411635
0.000382665
0.000354416
0.000327061
0.000300753
0.000275617
0.000962145
0.000961417
0.000960591
0.000959652
0.000958585
0.000957373
0.000955996
0.000954433
0.00095266
0.000950652
0.000948379
0.000945813
0.000942919
0.00093966
0.000935999
0.000931891
0.000927289
0.000922142
0.000916395
0.000909988
0.000902856
0.000894934
0.000886151
0.000876436
0.000865715
0.000853916
0.000840971
0.000826812
0.000811382
0.000794631
0.000776522
0.000757034
0.000736164
0.00071393
0.000690372
0.00066556
0.000639585
0.000612568
0.000584655
0.000556014
0.000526834
0.000497318
0.000467679
0.000438134
0.000408898
0.000380176
0.000352161
0.000325026
0.000298921
0.000273974
0.000956975
0.000956225
0.000955377
0.000954417
0.000953331
0.000952103
0.000950714
0.000949144
0.00094737
0.000945367
0.000943106
0.000940557
0.000937687
0.000934459
0.000930832
0.000926764
0.000922208
0.00091711
0.000911417
0.000905069
0.000898003
0.000890151
0.000881444
0.000871812
0.000861181
0.00084948
0.000836639
0.000822594
0.000807286
0.000790665
0.000772694
0.000753352
0.000732635
0.00071056
0.000687169
0.000662527
0.000636726
0.000609885
0.000582149
0.000553685
0.000524679
0.000495333
0.000465859
0.000436473
0.000407389
0.00037881
0.00035093
0.00032392
0.000297932
0.000273091
0.000953545
0.000952785
0.000951926
0.000950956
0.000949861
0.000948625
0.00094723
0.000945656
0.000943881
0.00094188
0.000939626
0.000937087
0.000934232
0.000931022
0.000927418
0.000923377
0.00091885
0.000913786
0.00090813
0.000901823
0.000894801
0.000886997
0.000878344
0.000868769
0.000858201
0.000846568
0.0008338
0.000819834
0.00080461
0.000788079
0.000770204
0.000750963
0.000730352
0.000708387
0.00068511
0.000660584
0.000634903
0.000608182
0.000580566
0.000552221
0.000523332
0.0004941
0.000464737
0.000435456
0.000406471
0.000377986
0.000350193
0.000323264
0.00029735
0.000272577
0.000950813
0.000950049
0.000949187
0.000948214
0.000947116
0.000945878
0.000944483
0.000942909
0.000941136
0.000939139
0.000936891
0.000934361
0.000931517
0.000928322
0.000924737
0.000920716
0.000916213
0.000911176
0.000905551
0.000899276
0.000892291
0.000884527
0.000875918
0.00086639
0.000855874
0.000844297
0.00083159
0.000817688
0.000802534
0.000786077
0.000768281
0.000749123
0.000728598
0.000706724
0.000683539
0.000659109
0.000633524
0.000606901
0.000579382
0.000551132
0.000522337
0.000493196
0.000463919
0.000434721
0.000405814
0.000377402
0.000349676
0.000322809
0.000296951
0.000272228
0.000948285
0.000947521
0.000946659
0.000945687
0.000944591
0.000943355
0.000941961
0.000940391
0.000938623
0.000936632
0.000934392
0.000931872
0.00092904
0.000925859
0.00092229
0.000918289
0.000913808
0.000908797
0.000903199
0.000896956
0.000890004
0.000882279
0.00087371
0.000864228
0.00085376
0.000842236
0.000829586
0.000815746
0.000800657
0.00078427
0.000766547
0.000747467
0.000727024
0.000705234
0.000682136
0.000657795
0.0006323
0.000605767
0.000578338
0.000550177
0.000521468
0.000492411
0.000463214
0.000434092
0.000405255
0.000376909
0.000349244
0.000322432
0.000296623
0.000271945
0.000945746
0.000944984
0.000944125
0.000943156
0.000942063
0.000940831
0.000939442
0.000937878
0.000936116
0.000934133
0.000931902
0.000929393
0.000926573
0.000923408
0.000919856
0.000915874
0.000911416
0.000906429
0.000900859
0.000894648
0.000887731
0.000880043
0.000871516
0.000862079
0.000851661
0.00084019
0.000827598
0.00081382
0.000798797
0.00078248
0.000764833
0.000745831
0.00072547
0.000703765
0.000680756
0.000656504
0.000631099
0.000604657
0.000577319
0.000549247
0.000520624
0.00049165
0.000462533
0.000433486
0.00040472
0.000376439
0.000348834
0.000322076
0.000296316
0.000271681
0.000943124
0.000942366
0.00094151
0.000940545
0.000939457
0.00093823
0.000936847
0.00093529
0.000933536
0.000931562
0.000929341
0.000926844
0.000924039
0.000920888
0.000917354
0.000913393
0.000908957
0.000903996
0.000898455
0.000892276
0.000885394
0.000877746
0.000869262
0.000859872
0.000849504
0.000838089
0.000825556
0.000811842
0.000796888
0.000780645
0.000763074
0.000744154
0.000723878
0.000702261
0.000679342
0.000655183
0.000629872
0.000603524
0.000576279
0.000548298
0.000519765
0.000490877
0.000461842
0.000432873
0.000404179
0.000375965
0.000348421
0.000321719
0.000296009
0.000271419
0.000940429
0.000939674
0.000938823
0.000937862
0.000936779
0.000935558
0.000934183
0.000932633
0.000930888
0.000928924
0.000926714
0.00092423
0.000921438
0.000918305
0.000914789
0.000910848
0.000906436
0.000901501
0.000895989
0.000889842
0.000882997
0.000875388
0.000866948
0.000857606
0.000847291
0.000835933
0.000823461
0.000809813
0.00079493
0.000778762
0.000761271
0.000742434
0.000722246
0.00070072
0.000677894
0.00065383
0.000628615
0.000602364
0.000575214
0.000547328
0.000518886
0.000490087
0.000461136
0.000432246
0.000403627
0.000375482
0.000348001
0.000321355
0.000295697
0.000271152
0.000937731
0.00093698
0.000936132
0.000935177
0.000934099
0.000932885
0.000931516
0.000929974
0.000928238
0.000926284
0.000924086
0.000921615
0.000918838
0.00091572
0.000912223
0.000908303
0.000903914
0.000899005
0.000893523
0.000887408
0.000880598
0.00087303
0.000864633
0.000855339
0.000845076
0.000833774
0.000821365
0.000807783
0.00079297
0.000776877
0.000759466
0.000740713
0.000720612
0.000699176
0.000676444
0.000652475
0.000627357
0.000601202
0.000574149
0.000546357
0.000518007
0.000489296
0.00046043
0.00043162
0.000403076
0.000374999
0.000347581
0.000320993
0.000295386
0.000270886
0.000935161
0.000934414
0.000933571
0.00093262
0.000931548
0.00093034
0.000928978
0.000927444
0.000925716
0.000923772
0.000921585
0.000919126
0.000916363
0.000913261
0.000909781
0.000905881
0.000901514
0.00089663
0.000891174
0.00088509
0.000878314
0.000870783
0.000862428
0.000853179
0.000842966
0.000831718
0.000819367
0.000805848
0.000791102
0.000775081
0.000757746
0.000739072
0.000719055
0.000697706
0.000675062
0.000651184
0.000626158
0.000600096
0.000573133
0.000545432
0.00051717
0.000488543
0.000459758
0.000431024
0.00040255
0.000374539
0.000347181
0.000320647
0.000295089
0.000270634
0.00093293
0.000932187
0.000931347
0.000930401
0.000929333
0.00092813
0.000926774
0.000925247
0.000923527
0.000921592
0.000919414
0.000916966
0.000914215
0.000911126
0.000907662
0.000903778
0.00089943
0.000894567
0.000889136
0.000883078
0.000876331
0.000868832
0.000860513
0.000851303
0.000841133
0.000829932
0.000817631
0.000804166
0.00078948
0.000773521
0.000756251
0.000737647
0.000717702
0.000696429
0.000673862
0.000650063
0.000625117
0.000599134
0.000572252
0.000544628
0.000516442
0.000487889
0.000459174
0.000430506
0.000402094
0.00037414
0.000346834
0.000320348
0.000294832
0.000270414
0.000931355
0.000930613
0.000929777
0.000928833
0.000927769
0.00092657
0.000925218
0.000923695
0.000921981
0.000920051
0.00091788
0.00091544
0.000912697
0.000909618
0.000906164
0.000902293
0.000897958
0.00089311
0.000887695
0.000881656
0.00087493
0.000867454
0.000859159
0.000849977
0.000839837
0.000828669
0.000816404
0.000802978
0.000788333
0.000772418
0.000755195
0.000736641
0.000716747
0.000695526
0.000673015
0.000649272
0.000624382
0.000598456
0.00057163
0.000544061
0.00051593
0.000487428
0.000458762
0.000430141
0.000401773
0.00037386
0.00034659
0.000320137
0.000294652
0.000270261
0.000930903
0.000930162
0.000929326
0.000928383
0.00092732
0.000926122
0.000924771
0.00092325
0.000921537
0.000919609
0.00091744
0.000915001
0.000912261
0.000909185
0.000905734
0.000901866
0.000897535
0.000892691
0.000887281
0.000881247
0.000874527
0.000867057
0.00085877
0.000849596
0.000839465
0.000828306
0.000816052
0.000802637
0.000788004
0.000772102
0.000754893
0.000736353
0.000716475
0.00069527
0.000672775
0.000649048
0.000624175
0.000598265
0.000571455
0.000543903
0.000515787
0.0004873
0.000458648
0.000430041
0.000401685
0.000373783
0.000346525
0.000320081
0.000294604
0.00027022
0.000932266
0.000931523
0.000930685
0.000929739
0.000928673
0.000927472
0.000926117
0.000924592
0.000922874
0.000920941
0.000918766
0.00091632
0.000913573
0.000910488
0.000907027
0.000903149
0.000898806
0.000893949
0.000888524
0.000882474
0.000875736
0.000868247
0.000859938
0.000850741
0.000840584
0.000829397
0.000817113
0.000803666
0.000788998
0.000773059
0.000755811
0.00073723
0.000717308
0.000696058
0.000673517
0.000649742
0.000624821
0.000598863
0.000572005
0.000544405
0.000516242
0.000487711
0.000459017
0.000430368
0.000401975
0.000374038
0.000346747
0.000320274
0.00029477
0.000270363
0.000936478
0.000935728
0.000934883
0.000933929
0.000932854
0.000931642
0.000930276
0.000928737
0.000927005
0.000925055
0.000922861
0.000920395
0.000917624
0.000914513
0.000911023
0.000907112
0.000902733
0.000897836
0.000892366
0.000886266
0.000879473
0.000871924
0.000863548
0.000854278
0.000844041
0.000832768
0.00082039
0.000806842
0.000792065
0.000776011
0.000758641
0.00073993
0.000719873
0.000698483
0.000675797
0.000651875
0.000626803
0.000600695
0.000573688
0.000545941
0.000517635
0.000488965
0.000460138
0.000431365
0.000402854
0.000374809
0.000347419
0.000320856
0.000295272
0.000270792
0.000945109
0.000944346
0.000943486
0.000942515
0.000941421
0.000940188
0.000938798
0.000937232
0.000935469
0.000933485
0.000931254
0.000928745
0.000925926
0.000922761
0.000919211
0.000915233
0.000910779
0.000905799
0.000900237
0.000894034
0.000887129
0.000879454
0.000870941
0.000861521
0.00085112
0.000839668
0.000827097
0.00081334
0.000798341
0.000782048
0.000764425
0.000745448
0.000725113
0.000703435
0.000680451
0.000656225
0.000630847
0.00060443
0.000577116
0.000549068
0.000520468
0.000491515
0.000462418
0.000433389
0.00040464
0.000376375
0.000348782
0.000322036
0.000296286
0.00027166
0.000960631
0.000959844
0.000958956
0.000957955
0.000956827
0.000955555
0.000954121
0.000952507
0.000950689
0.000948643
0.000946342
0.000943755
0.000940849
0.000937587
0.000933928
0.000929828
0.000925238
0.000920107
0.000914377
0.000907989
0.000900878
0.000892977
0.000884216
0.000874522
0.000863824
0.000852049
0.000839127
0.000824993
0.000809589
0.000792865
0.000774785
0.000755327
0.00073449
0.00071229
0.00068877
0.000663997
0.000638064
0.000611093
0.000583228
0.000554638
0.000525512
0.000496052
0.000466471
0.000436986
0.000407811
0.000379151
0.000351199
0.000324126
0.000298083
0.000273196
0.00098712
0.000986292
0.000985357
0.000984303
0.000983115
0.000981775
0.000980266
0.000978566
0.000976653
0.000974499
0.000972078
0.000969355
0.000966298
0.000962866
0.000959017
0.000954706
0.000949881
0.000944487
0.000938467
0.000931756
0.000924289
0.000915996
0.000906803
0.000896638
0.000885425
0.00087309
0.000859562
0.000844777
0.000828674
0.000811207
0.00079234
0.000772055
0.000750354
0.000727259
0.00070282
0.00067711
0.000650232
0.000622313
0.00059351
0.000564
0.000533979
0.000503659
0.00047326
0.000443004
0.00041311
0.000383787
0.000355229
0.000327607
0.000301073
0.00027575
0.00103174
0.00103084
0.00102983
0.00102868
0.00102739
0.00102593
0.00102429
0.00102244
0.00102036
0.00101802
0.00101539
0.00101243
0.00100911
0.00100539
0.00100121
0.000996531
0.000991297
0.00098545
0.000978925
0.000971657
0.000963574
0.000954602
0.000944666
0.000933686
0.000921585
0.000908287
0.000893718
0.000877813
0.000860513
0.000841773
0.000821561
0.000799865
0.000776694
0.000752079
0.000726081
0.000698787
0.000670312
0.000640801
0.000610423
0.000579371
0.000547857
0.000516105
0.000484347
0.000452815
0.000421734
0.000391319
0.000361765
0.000333246
0.000305909
0.000279873
0.00110819
0.00110715
0.00110599
0.00110468
0.0011032
0.00110153
0.00109965
0.00109753
0.00109515
0.00109248
0.00108947
0.00108609
0.00108229
0.00107804
0.00107327
0.00106793
0.00106196
0.0010553
0.00104787
0.00103961
0.00103042
0.00102024
0.00100898
0.000996547
0.000982869
0.000967862
0.00095145
0.000933568
0.000914159
0.000893183
0.000870615
0.000846454
0.000820723
0.000793471
0.00076478
0.000734757
0.000703545
0.000671313
0.000638257
0.000604596
0.000570565
0.000536411
0.000502383
0.000468728
0.000435683
0.000403468
0.000372281
0.000342293
0.000313647
0.000286457
0.00124546
0.00124417
0.00124271
0.00124107
0.00123923
0.00123715
0.0012348
0.00123217
0.0012292
0.00122587
0.00122212
0.00121791
0.0012132
0.00120791
0.00120199
0.00119538
0.00118799
0.00117975
0.00117058
0.00116038
0.00114908
0.00113657
0.00112276
0.00110757
0.00109088
0.00107263
0.00105273
0.00103112
0.00100776
0.000982605
0.000955659
0.000926941
0.000896505
0.000864434
0.00083085
0.000795905
0.000759786
0.000722712
0.000684923
0.000646684
0.000608271
0.000569963
0.00053204
0.00049477
0.000458402
0.000423163
0.000389251
0.000356829
0.00032603
0.000296949
0.0015141
0.00151223
0.00151012
0.00150774
0.00150506
0.00150205
0.00149865
0.00149484
0.00149055
0.00148574
0.00148033
0.00147428
0.00146749
0.0014599
0.00145142
0.00144195
0.0014314
0.00141967
0.00140664
0.00139221
0.00137626
0.00135867
0.00133933
0.00131814
0.00129499
0.0012698
0.0012425
0.00121304
0.00118139
0.00114757
0.00111162
0.00107362
0.00103369
0.000991999
0.000948754
0.000904198
0.000858613
0.000812305
0.000765604
0.00071885
0.000672383
0.000626539
0.000581635
0.000537962
0.000495781
0.000455313
0.00041674
0.000380203
0.000345798
0.000313585
0.00212271
0.00211913
0.0021151
0.00211057
0.00210547
0.00209973
0.00209329
0.00208606
0.00207794
0.00206885
0.00205868
0.0020473
0.00203459
0.00202043
0.00200466
0.00198714
0.0019677
0.0019462
0.00192247
0.00189635
0.00186768
0.00183632
0.00180214
0.00176502
0.00172489
0.0016817
0.00163543
0.00158614
0.0015339
0.00147887
0.00142125
0.00136132
0.00129938
0.00123582
0.00117106
0.00110554
0.00103973
0.000974123
0.000909191
0.000845391
0.000783151
0.000722856
0.000664843
0.000609391
0.000556723
0.000507001
0.000460331
0.000416763
0.000376301
0.000338904
)
;

boundaryField
{
    aerofoil
    {
        type            kqRWallFunction;
        value           nonuniform List<scalar> 
170
(
19.0167
13.6461
12.6278
11.7274
11.2728
10.9873
10.7984
10.6275
10.4218
10.1697
9.91621
9.70751
9.60137
9.58134
9.63329
9.72067
9.79592
9.80728
9.72323
9.5956
9.48664
9.424
9.41472
9.44322
9.51485
9.632
9.79396
9.99662
10.2408
10.5319
10.8603
11.2154
11.5869
11.9649
12.3423
12.7046
13.0234
13.2822
13.4706
13.5834
13.6397
13.6545
13.6306
13.5742
13.4928
13.3945
13.2878
13.1814
13.0847
13.0105
12.9797
13.027
13.2107
13.6274
14.4386
15.9328
14.5068
12.4608
12.0128
15.1354
4.14379
4.80869
5.09717
5.35283
5.54558
5.71408
5.86286
6.00017
6.12968
6.25438
6.37646
6.49805
6.62103
6.74722
6.87915
7.01986
7.16967
7.32539
7.49973
7.75037
8.11819
8.4178
8.50224
9.74278
15.7605
4.14796
4.81327
5.10229
5.35861
5.55209
5.72145
5.87118
6.00955
6.14029
6.26637
6.39001
6.51343
6.63884
6.76843
6.90478
7.05176
7.2115
7.38387
7.58562
7.87774
8.29855
8.65726
8.76811
10.0112
15.9862
19.2277
13.7933
12.7272
11.7776
11.2412
10.838
10.4796
10.0505
9.49829
8.84734
8.31849
8.03418
7.95111
8.04164
8.30877
8.71742
9.20257
9.73349
10.3021
10.8676
11.3739
11.7953
12.1154
12.3357
12.4702
12.5355
12.5532
12.5504
12.5449
12.5495
12.5772
12.6405
12.7475
12.8964
13.0745
13.2656
13.4515
13.6111
13.7278
13.7908
13.8162
13.8033
13.7555
13.6776
13.5762
13.4588
13.3332
13.2074
13.0904
12.9945
12.9398
12.9607
13.1143
13.4954
14.2625
15.6977
14.2893
12.2866
11.8855
15.1345
)
;
    }
    inlet
    {
        type            fixedValue;
        value           uniform 0.01;
    }
    outlet
    {
        type            zeroGradient;
    }
    back
    {
        type            empty;
    }
    front
    {
        type            empty;
    }
}


// ************************************************************************* //
