/*--------------------------------*- C++ -*----------------------------------*\
  =========                 |
  \\      /  F ield         | OpenFOAM: The Open Source CFD Toolbox
   \\    /   O peration     | Website:  https://openfoam.org
    \\  /    A nd           | Version:  12
     \\/     M anipulation  |
\*---------------------------------------------------------------------------*/
FoamFile
{
    format      ascii;
    class       volScalarField;
    location    "250";
    object      p;
}
// * * * * * * * * * * * * * * * * * * * * * * * * * * * * * * * * * * * * * //

dimensions      [0 2 -2 0 0 0 0];

internalField   nonuniform List<scalar> 
16200
(
-488.405
-326.26
-235.01
-179.551
-136.987
-103.434
-75.2998
-51.135
-29.9411
-11.0454
6.16483
22.1062
36.9974
50.9731
64.1726
76.7195
88.6842
100.073
110.898
121.261
131.288
141.056
150.594
159.893
168.975
177.871
186.609
195.216
203.712
212.111
220.429
228.676
236.855
244.966
253.02
261.035
268.997
276.871
284.645
292.362
300.084
307.828
315.599
323.408
331.258
339.153
347.117
355.236
363.688
372.754
382.809
394.3
407.584
422.559
438.577
455.333
473.276
489.775
495.937
489.905
-488.258
-326.568
-235.147
-179.625
-137.024
-103.447
-75.2944
-51.1151
-29.9078
-10.9965
6.23326
22.1936
37.1009
51.0917
64.3066
76.8695
88.8516
100.263
111.118
121.518
131.585
141.393
150.971
160.318
169.456
178.416
187.228
195.92
204.512
213.022
221.466
229.854
238.191
246.483
254.741
262.979
271.183
279.346
287.486
295.64
303.842
312.119
320.493
328.977
337.598
346.422
355.607
365.434
376.278
388.512
402.34
417.613
433.697
449.445
463.343
473.97
480.435
481.394
473.498
458.792
-487.477
-326.886
-235.288
-179.696
-137.057
-103.457
-75.2883
-51.0964
-29.8738
-10.9411
6.3062
22.2741
37.1864
51.1863
64.4137
76.9913
88.9906
100.426
111.317
121.755
131.849
141.675
151.268
160.632
169.79
178.774
187.611
196.329
204.948
213.486
221.957
230.37
238.732
247.052
255.342
263.602
271.817
279.992
288.163
296.378
304.664
313.04
321.527
330.162
339.029
348.292
358.21
369.091
381.168
394.439
408.516
422.574
435.466
445.939
452.863
455.556
454.279
449.934
442.198
431.871
-486.201
-327.141
-235.41
-179.748
-137.078
-103.458
-75.2755
-51.0721
-29.8333
-10.8778
6.38517
22.3588
37.277
51.2876
64.5301
77.1235
89.137
100.587
111.502
121.973
132.102
141.967
151.605
161.023
170.248
179.31
188.238
197.06
205.798
214.471
223.093
231.677
240.229
248.762
257.288
265.805
274.31
282.815
291.356
299.977
308.711
317.594
326.681
336.073
345.927
356.444
367.793
379.993
392.78
405.541
417.365
427.226
434.244
437.888
438.053
435.144
430.23
424.572
417.973
410.188
-484.423
-327.375
-235.536
-179.801
-137.095
-103.455
-75.2574
-51.0399
-29.7834
-10.8065
6.47793
22.4722
37.4088
51.4365
64.6972
77.3098
89.3418
100.811
111.751
122.252
132.413
142.31
151.975
161.423
170.679
179.774
188.738
197.599
206.38
215.099
223.772
232.412
241.028
249.633
258.24
266.848
275.464
284.112
292.831
301.663
310.655
319.869
329.4
339.363
349.866
360.931
372.401
383.87
394.688
404.066
411.259
415.762
417.442
416.546
413.594
409.28
404.48
399.944
395.252
389.836
-482.021
-327.592
-235.666
-179.858
-137.112
-103.45
-75.2357
-51.0034
-29.7294
-10.732
6.57207
22.5847
37.5391
51.5862
64.8682
77.5036
89.5599
101.058
112.037
122.587
132.807
142.768
152.503
162.029
171.375
180.571
189.649
198.635
207.552
216.419
225.253
234.065
242.869
251.677
260.497
269.336
278.206
287.139
296.178
305.374
314.786
324.475
334.496
344.845
355.409
365.905
375.868
384.712
391.839
396.797
399.388
399.718
398.154
395.221
391.458
387.345
383.36
379.855
376.42
372.545
-478.887
-327.744
-235.787
-179.918
-137.133
-103.443
-75.2055
-50.9545
-29.6602
-10.6378
6.6921
22.7271
37.7011
51.7682
65.0704
77.7249
89.7983
101.316
112.321
122.905
133.162
143.161
152.935
162.506
171.902
181.155
190.298
199.356
208.354
217.31
226.242
235.163
244.086
253.022
261.982
270.975
280.023
289.161
298.432
307.873
317.508
327.317
337.204
346.962
356.256
364.65
371.679
376.954
380.259
381.602
381.204
379.439
376.749
373.551
370.176
366.861
363.823
361.22
358.73
355.994
-475.042
-327.818
-235.906
-179.986
-137.159
-103.437
-75.1748
-50.9018
-29.5837
-10.5325
6.82833
22.8924
37.8946
51.9921
65.3276
78.0167
90.1257
101.684
112.743
123.391
133.72
143.796
153.651
163.312
172.807
182.169
191.429
200.614
209.747
218.846
227.927
237.002
246.084
255.183
264.306
273.468
282.689
291.991
301.381
310.832
320.258
329.496
338.29
346.312
353.198
358.629
362.395
364.451
364.923
364.072
362.235
359.763
356.966
354.084
351.279
348.656
346.315
344.325
342.477
340.587
-470.508
-327.794
-236.02
-180.056
-137.184
-103.427
-75.1356
-50.8381
-29.494
-10.4124
6.97902
23.0699
38.0962
52.2183
65.5795
78.2934
90.4263
102.013
113.11
123.807
134.19
144.322
154.238
163.966
173.537
182.984
192.337
201.622
210.861
220.07
229.264
238.453
247.645
256.846
266.06
275.288
284.526
293.743
302.864
311.754
320.214
327.984
334.778
340.331
344.455
347.077
348.261
348.187
347.113
345.325
343.096
340.653
338.173
335.773
333.53
331.494
329.714
328.204
326.849
325.621
-465.219
-327.585
-236.112
-180.122
-137.207
-103.41
-75.0852
-50.757
-29.3792
-10.2578
7.17481
23.3039
38.3668
52.5277
65.9297
78.6851
90.8605
102.497
113.656
124.425
134.888
145.103
155.105
164.926
174.598
184.151
193.615
203.013
212.363
221.678
230.969
240.238
249.485
258.703
267.872
276.957
285.889
294.557
302.797
310.401
317.137
322.785
327.177
330.232
331.975
332.529
332.09
330.892
329.171
327.139
324.965
322.779
320.672
318.699
316.9
315.308
313.945
312.79
311.804
311.099
-459.085
-327.092
-236.148
-180.167
-137.218
-103.384
-75.0269
-50.6691
-29.2585
-10.0984
7.37327
23.5372
38.6321
52.826
66.2622
79.0511
91.2604
102.938
114.15
124.982
135.514
145.801
155.879
165.78
175.537
185.178
194.729
204.209
213.63
222.998
232.313
241.563
250.727
259.764
268.609
277.163
285.291
292.82
299.559
305.322
309.959
313.389
315.611
316.708
316.831
316.171
314.931
313.302
311.449
309.502
307.558
305.688
303.937
302.333
300.901
299.668
298.642
297.772
297.081
296.803
-451.993
-326.196
-236.091
-180.171
-137.204
-103.332
-74.94
-50.5468
-29.0955
-9.88714
7.63379
23.8431
38.9812
53.2196
66.7017
79.5358
91.7914
103.523
114.801
125.709
136.319
146.685
156.843
166.824
176.658
186.371
195.98
205.497
214.924
224.253
233.461
242.509
251.338
259.857
267.95
275.47
282.256
288.148
293.014
296.772
299.407
300.975
301.591
301.411
300.611
299.363
297.822
296.117
294.349
292.593
290.903
289.32
287.869
286.563
285.421
284.472
283.713
283.067
282.609
282.681
-443.805
-324.745
-235.889
-180.112
-137.159
-103.261
-74.8396
-50.4143
-28.9244
-9.66937
7.8987
24.1506
39.3284
53.6073
67.1299
80.0034
92.2996
104.08
115.417
126.39
137.067
147.497
157.714
167.748
177.624
187.358
196.958
206.42
215.729
224.848
233.725
242.28
250.409
257.986
264.871
270.924
276.026
280.1
283.119
285.12
286.191
286.46
286.079
285.203
283.977
282.526
280.953
279.337
277.738
276.2
274.755
273.427
272.231
271.174
270.272
269.557
269.017
268.557
268.29
268.654
-434.366
-322.548
-235.459
-179.943
-137.051
-103.139
-74.6927
-50.2341
-28.7012
-9.39363
8.2277
24.5283
39.7517
54.0761
67.6433
80.559
92.898
104.727
116.12
127.151
137.88
148.352
158.598
168.639
178.493
188.161
197.633
206.884
215.868
224.515
232.736
240.42
247.444
253.684
259.034
263.416
266.8
269.206
270.701
271.393
271.412
270.898
269.984
268.793
267.427
265.967
264.478
263.009
261.595
260.263
259.033
257.922
256.938
256.085
255.38
254.856
254.496
254.189
254.08
254.686
-423.498
-319.39
-234.703
-179.617
-136.863
-102.967
-74.5118
-50.0289
-28.4585
-9.10285
8.56735
24.912
40.1758
54.5391
68.1424
81.0904
93.4609
105.324
116.753
127.814
138.56
149.026
159.237
169.203
178.924
188.381
197.54
206.344
214.716
222.56
229.768
236.23
241.847
246.546
250.293
253.094
255.003
256.107
256.52
256.367
255.773
254.854
253.711
252.428
251.072
249.696
248.34
247.034
245.8
244.656
243.615
242.689
241.885
241.205
240.665
240.302
240.094
239.916
239.939
240.749
-410.995
-315.017
-233.474
-179.047
-136.538
-102.7
-74.2579
-49.7609
-28.1581
-8.75737
8.95884
25.3443
40.6443
55.0396
68.6693
81.6367
94.0216
105.896
117.326
128.372
139.073
149.455
159.528
169.283
178.699
187.731
196.316
204.374
211.81
218.527
224.435
229.465
233.579
236.775
239.093
240.605
241.41
241.62
241.353
240.717
239.813
238.725
237.524
236.264
234.989
233.733
232.521
231.373
230.304
229.324
228.447
227.68
227.029
226.495
226.094
225.867
225.786
225.717
225.85
226.83
-396.638
-309.17
-231.598
-178.136
-136.029
-102.318
-73.9294
-49.4421
-27.8238
-8.39225
9.35617
25.7684
41.0885
55.4967
69.1292
82.0877
94.452
106.291
117.664
128.616
139.174
149.347
159.123
168.473
177.351
185.689
193.408
200.425
206.658
212.043
216.539
220.14
222.874
224.801
226.006
226.591
226.663
226.328
225.683
224.813
223.789
222.67
221.502
220.323
219.16
218.035
216.966
215.965
215.045
214.212
213.477
212.849
212.33
211.922
211.641
211.529
211.558
211.581
211.808
212.93
-380.208
-301.585
-228.849
-176.739
-135.243
-101.758
-73.4803
-49.0375
-27.429
-7.98853
9.77104
26.188
41.5032
55.8938
69.4918
82.3959
94.6824
106.413
117.634
128.375
138.643
148.426
157.692
166.393
174.465
181.837
188.438
194.21
199.115
203.139
206.304
208.66
210.279
211.254
211.684
211.67
211.305
210.675
209.854
208.901
207.866
206.789
205.701
204.626
203.584
202.589
201.654
200.789
200.001
199.299
198.69
198.182
197.778
197.479
197.302
197.29
197.412
197.515
197.822
199.059
-361.531
-292.035
-224.973
-174.694
-134.081
-100.966
-72.8862
-48.5454
-26.9906
-7.57994
10.1532
26.536
41.8027
56.1248
69.6281
82.405
94.524
106.035
116.967
127.331
137.113
146.285
154.799
162.6
169.63
175.839
181.189
185.669
189.292
192.1
194.156
195.545
196.357
196.688
196.631
196.27
195.678
194.918
194.044
193.097
192.112
191.115
190.128
189.167
188.247
187.377
186.568
185.827
185.161
184.575
184.079
183.678
183.376
183.173
183.087
183.161
183.364
183.536
183.912
185.241
-340.526
-280.348
-219.686
-171.793
-132.399
-99.8492
-72.0886
-47.933
-26.4976
-7.1754
10.4743
26.7632
41.9153
56.0925
69.4111
81.9538
93.7768
104.914
115.377
125.159
134.233
142.561
150.101
156.812
162.664
167.644
171.763
175.058
177.584
179.416
180.642
181.35
181.631
181.568
181.237
180.702
180.018
179.231
178.377
177.487
176.583
175.684
174.806
173.961
173.158
172.408
171.715
171.088
170.533
170.054
169.658
169.354
169.143
169.026
169.021
169.171
169.442
169.675
170.108
171.507
-317.283
-266.451
-212.723
-167.818
-130.041
-98.3101
-71.0366
-47.1867
-25.9682
-6.82219
10.6586
26.7649
41.705
55.6273
68.6353
80.7981
92.1574
102.732
112.52
121.506
129.664
136.968
143.395
148.939
153.61
157.44
160.479
162.798
164.476
165.6
166.257
166.53
166.495
166.219
165.759
165.164
164.473
163.719
162.927
162.12
161.313
160.521
159.755
159.024
158.336
157.697
157.115
156.594
156.141
155.76
155.457
155.241
155.114
155.074
155.141
155.357
155.688
155.973
156.455
157.903
-292.108
-250.385
-203.862
-162.544
-126.823
-96.2254
-69.6571
-46.2774
-25.4117
-6.56535
10.6264
26.426
41.0209
54.5419
67.0772
78.6818
89.3855
99.1982
108.117
116.133
123.237
129.43
134.725
139.154
142.765
145.623
147.803
149.39
150.468
151.121
151.423
151.445
151.247
150.88
150.386
149.801
149.154
148.468
147.763
147.053
146.352
145.669
145.014
144.394
143.816
143.284
142.806
142.385
142.027
141.738
141.522
141.387
141.335
141.366
141.498
141.772
142.154
142.485
143.006
144.484
-265.54
-232.344
-192.996
-155.788
-122.576
-93.4746
-67.8833
-45.1891
-24.8585
-6.47794
10.264
25.5944
39.6748
52.6166
64.4934
75.3504
85.2134
94.0961
102.008
108.961
114.977
120.089
124.346
127.811
130.557
132.665
134.219
135.301
135.99
136.356
136.462
136.363
136.104
135.724
135.256
134.724
134.151
133.554
132.948
132.343
131.751
131.178
130.633
130.121
129.648
129.22
128.84
128.515
128.248
128.044
127.909
127.85
127.869
127.964
128.154
128.479
128.905
129.274
129.827
131.316
-238.292
-212.677
-180.169
-147.441
-117.158
-89.9443
-65.6477
-43.9039
-24.3384
-6.63384
9.45819
24.1231
37.4945
49.6658
60.7007
70.6434
79.5269
87.3805
94.2373
100.138
105.134
109.289
112.676
115.376
117.47
119.044
120.174
120.937
121.396
121.61
121.628
121.494
121.241
120.898
120.491
120.039
119.558
119.061
118.56
118.064
117.58
117.117
116.679
116.273
115.902
115.573
115.288
115.054
114.873
114.75
114.692
114.703
114.787
114.941
115.183
115.552
116.014
116.416
116.992
118.472
-211.141
-191.88
-165.618
-137.524
-110.51
-85.565
-62.907
-42.4176
-23.8874
-7.10508
8.10859
21.8947
34.3601
45.5846
55.6301
64.5484
72.3885
79.2021
85.0478
89.9922
94.1101
97.4823
100.193
102.326
103.964
105.182
106.049
106.628
106.971
107.124
107.127
107.012
106.806
106.532
106.207
105.849
105.468
105.077
104.684
104.297
103.922
103.566
103.233
102.929
102.657
102.423
102.23
102.082
101.983
101.937
101.95
102.028
102.171
102.379
102.667
103.072
103.562
103.99
104.582
106.035
-184.798
-170.56
-149.761
-126.221
-102.684
-80.3322
-59.6489
-40.7308
-23.5248
-7.92565
6.17655
18.8802
30.2692
40.4158
49.3859
57.2439
64.0572
69.8979
74.8442
78.9791
82.3885
85.1587
87.3736
89.1123
90.448
91.4461
92.1645
92.6534
92.9556
93.1076
93.1399
93.078
92.9433
92.7535
92.5233
92.2653
91.9898
91.7056
91.4203
91.1405
90.8718
90.6195
90.3882
90.1821
90.0053
89.8617
89.7551
89.6893
89.6679
89.6945
89.774
89.9114
90.1085
90.3639
90.6918
91.1265
91.6369
92.0842
92.683
94.0914
-159.828
-149.364
-133.158
-113.878
-93.8667
-74.3308
-55.906
-38.8501
-23.2411
-9.06789
3.71663
15.1734
25.3679
34.3684
42.2462
49.0771
54.9416
59.9245
64.1134
67.5964
70.4598
72.7859
74.6516
76.1265
77.273
78.1456
78.7916
79.2516
79.5599
79.7456
79.8329
79.8424
79.7911
79.6935
79.5615
79.4056
79.2343
79.0551
78.8745
78.6983
78.5315
78.3786
78.2438
78.131
78.0438
77.9858
77.9605
77.9713
78.0214
78.1142
78.254
78.4454
78.6898
78.9859
79.3463
79.8028
80.3254
80.7848
81.3823
82.7305
-136.627
-128.906
-116.434
-100.967
-84.365
-67.7335
-51.7537
-36.7797
-22.9819
-10.4225
0.895466
11.0023
19.9485
27.7978
34.6237
40.5065
45.5315
49.7858
53.3564
56.3273
58.778
60.7819
62.4053
63.7071
64.7392
65.5461
66.1664
66.6328
66.973
67.2104
67.3647
67.4526
67.4881
67.483
67.4476
67.3904
67.3189
67.2395
67.158
67.0792
67.0078
66.9476
66.9026
66.8762
66.8718
66.8924
66.9413
67.0215
67.136
67.2877
67.4804
67.7183
68.0023
68.3312
68.7163
69.1862
69.7126
70.1765
70.7643
72.0379
-115.435
-109.692
-100.186
-88.0086
-74.5624
-60.7776
-47.301
-34.5194
-22.6531
-11.811
-2.03139
6.69261
14.3977
21.1402
26.9895
32.0226
36.3203
39.9638
43.032
45.5995
47.7349
49.5005
50.9517
52.1371
53.0989
53.8736
54.4923
54.9815
55.3637
55.658
55.8806
56.0452
56.1636
56.2458
56.3003
56.3344
56.3547
56.3667
56.3754
56.3852
56.4002
56.4238
56.4596
56.5106
56.5797
56.67
56.7841
56.9247
57.0946
57.2962
57.5329
57.8083
58.1232
58.4761
58.8771
59.3515
59.8731
60.3338
60.9035
62.0901
-96.3794
-92.0902
-84.9111
-75.4913
-64.8501
-53.7231
-42.6721
-32.0672
-22.1408
-13.0228
-4.77212
2.60121
9.12067
14.8318
19.794
24.0744
27.7432
30.8701
33.5222
35.7616
37.6454
39.2245
40.5439
41.643
42.5559
43.3121
43.9367
44.4513
44.8742
45.2211
45.5053
45.7385
45.9303
46.0892
46.2225
46.3366
46.437
46.5287
46.6159
46.7026
46.7923
46.8883
46.9934
47.1104
47.2421
47.3909
47.5593
47.7497
47.9643
48.2055
48.4759
48.7788
49.1147
49.482
49.8897
50.3596
50.8677
51.3174
51.8613
52.9511
-79.5024
-76.3171
-70.9595
-63.8008
-55.5664
-46.811
-37.9917
-29.4315
-21.3473
-13.8702
-7.06768
-0.960758
4.4618
9.23283
13.3986
17.0128
20.1319
22.8121
25.107
27.0666
28.7361
30.1562
31.3627
32.387
33.2563
33.9941
34.6208
35.1538
35.6081
35.9965
36.3301
36.6185
36.8699
37.0914
37.2892
37.4688
37.635
37.792
37.9436
38.0932
38.2439
38.3984
38.5595
38.7294
38.9107
39.1054
39.3157
39.5436
39.7912
40.0603
40.3533
40.6728
41.0192
41.3911
41.7958
42.2523
42.7388
43.17
43.6811
44.6672
-64.7762
-62.4567
-58.5256
-53.1884
-46.9559
-40.2324
-33.372
-26.6382
-20.2177
-14.23
-8.74206
-3.78129
0.653469
4.58269
8.0391
11.0623
13.6947
15.9792
17.9567
19.6656
21.141
22.4141
23.5131
24.4623
25.2833
25.9948
26.6128
27.1515
27.623
28.0377
28.4047
28.7319
29.0261
29.2935
29.5391
29.7676
29.9831
30.1893
30.3892
30.586
30.7823
30.9804
31.1826
31.3911
31.6079
31.8348
32.0736
32.3262
32.5942
32.8792
33.1833
33.5084
33.8549
34.2214
34.6141
35.0489
35.5063
35.9125
36.385
37.2638
-52.1187
-50.4877
-47.6704
-43.7758
-39.1626
-34.1184
-28.9076
-23.7351
-18.7525
-14.0617
-9.72381
-5.7685
-2.20194
0.985999
3.81607
6.31529
8.5137
10.4421
12.1307
13.6078
14.8995
16.0297
17.0195
17.8879
18.6513
19.3245
19.92
20.4491
20.9213
21.3452
21.7281
22.0765
22.3959
22.6913
22.9671
23.2271
23.4748
23.7131
23.9449
24.1727
24.3986
24.6248
24.8532
25.0856
25.3236
25.5689
25.8231
26.0876
26.3637
26.6529
26.9569
27.2773
27.6141
27.9662
28.3387
28.7446
29.1669
29.5424
29.9718
30.7431
-41.4046
-40.3156
-38.3579
-35.5848
-32.2477
-28.5477
-24.6773
-20.7903
-17.0049
-13.4037
-10.0399
-6.94222
-4.12131
-1.57464
0.709208
2.74715
4.55915
6.16633
7.58983
8.84993
9.96562
10.9543
11.8318
12.6123
13.3082
13.9309
14.49
14.9943
15.4514
15.8679
16.2498
16.6021
16.9294
17.2357
17.5246
17.7993
18.0626
18.317
18.5647
18.8078
19.0483
19.2879
19.5281
19.7704
20.0164
20.2672
20.5243
20.7889
21.062
21.3449
21.6389
21.9452
22.264
22.5941
22.9395
23.311
23.6937
24.0343
24.4181
25.0847
-32.4775
-31.8016
-30.4927
-28.5722
-26.2152
-23.5607
-20.7461
-17.8842
-15.0642
-12.3513
-9.78934
-7.40476
-5.21007
-3.20763
-1.39262
0.244448
1.71592
3.03555
4.21753
5.27583
6.22379
7.07383
7.83737
8.52478
9.1454
9.70756
10.2187
10.6854
11.1136
11.5084
11.8744
12.2156
12.5357
12.8378
13.1248
13.3993
13.6635
13.9194
14.1688
14.4136
14.6553
14.8951
15.1345
15.3748
15.617
15.8623
16.1118
16.3664
16.6272
16.8949
17.1708
17.4558
17.7499
18.052
18.3655
18.6989
19.0393
19.3426
19.6796
20.2471
-25.1594
-24.7831
-23.9487
-22.6589
-21.0353
-19.1724
-17.1669
-15.0998
-13.0373
-11.0293
-9.11118
-7.30568
-5.62554
-4.07578
-2.65581
-1.36117
-0.184906
0.881395
1.84683
2.72064
3.51188
4.22914
4.88047
5.47326
6.01426
6.50958
6.96471
7.38458
7.77359
8.13567
8.47432
8.79267
9.09348
9.37925
9.65221
9.91435
10.1675
10.4132
10.653
10.8882
11.1201
11.3498
11.5783
11.8067
12.036
12.267
12.5006
12.7376
12.9788
13.2249
13.4767
13.7351
14
14.2704
14.5489
14.8423
15.1396
15.4048
15.6959
16.1717
-19.2598
-19.0872
-18.5857
-17.7485
-16.6586
-15.3795
-13.9782
-12.5123
-11.0297
-9.56813
-8.15508
-6.80956
-5.54332
-4.36245
-3.26873
-2.26088
-1.33552
-0.4879
0.287479
0.996472
1.64499
2.23879
2.78337
3.28386
3.74503
4.17121
4.56638
4.93413
5.27769
5.59997
5.9036
6.19091
6.464
6.72477
6.97493
7.21601
7.44941
7.67636
7.89803
8.11548
8.32969
8.54156
8.75192
8.96159
9.17134
9.38187
9.59387
9.80801
10.0249
10.2451
10.4692
10.698
10.9312
11.1681
11.4106
11.664
11.9192
12.1469
12.3941
12.7874
-14.5827
-14.5375
-14.2589
-13.7351
-13.0225
-12.1629
-11.2022
-10.1803
-9.13189
-8.08449
-7.0593
-6.07155
-5.13142
-4.24502
-3.41526
-2.64265
-1.92601
-1.263
-0.650533
-0.0850915
0.437021
0.919523
1.36605
1.78005
2.16481
2.52333
2.85841
3.1726
3.46821
3.74737
4.01198
4.26375
4.50425
4.73487
4.95691
5.17152
5.37974
5.58253
5.78077
5.97529
6.16683
6.3561
6.54374
6.7304
6.91668
7.10314
7.29032
7.47873
7.66886
7.86114
8.0561
8.2542
8.45528
8.65865
8.86584
9.0808
9.29612
9.4884
9.69499
10.0155
-10.9346
-10.9606
-10.8231
-10.5086
-10.0548
-9.48886
-8.84162
-8.14064
-7.41022
-6.67041
-5.93705
-5.22202
-4.53373
-3.87771
-3.25716
-2.67348
-2.12675
-1.61607
-1.13992
-0.696339
-0.283122
0.10203
0.461434
0.797351
1.11195
1.40728
1.68524
1.94761
2.19601
2.43194
2.65675
2.87168
3.07785
3.27628
3.46792
3.65362
3.83416
4.01024
4.18253
4.35164
4.51816
4.68261
4.84548
5.00728
5.16848
5.3295
5.49076
5.65266
5.81558
5.97986
6.14588
6.31398
6.48401
6.65539
6.82926
7.00858
7.18733
7.34704
7.51713
7.77487
-8.13113
-8.19064
-8.13672
-7.9566
-7.67519
-7.30962
-6.88049
-6.40644
-5.90436
-5.38852
-4.87056
-4.35948
-3.86196
-3.3827
-2.9247
-2.48969
-2.07835
-1.69062
-1.3259
-0.98322
-0.661357
-0.358959
-0.0746084
0.193121
0.445628
0.684255
0.910276
1.12489
1.3292
1.52424
1.71095
1.89021
2.06281
2.22947
2.39088
2.54764
2.70033
2.84945
2.9955
3.13894
3.2802
3.41967
3.55772
3.69474
3.83108
3.96707
4.10302
4.23925
4.37604
4.51364
4.65234
4.79239
4.93364
5.0756
5.21912
5.36638
5.51254
5.6432
5.78123
5.98587
-6.00534
-6.07492
-6.0667
-5.9694
-5.79938
-5.5673
-5.2867
-4.97003
-4.62885
-4.27318
-3.91136
-3.5501
-3.19453
-2.84842
-2.51438
-2.1941
-1.88851
-1.59794
-1.32233
-1.06128
-0.814196
-0.580325
-0.358845
-0.148894
0.0503985
0.239888
0.4204
0.59272
0.75759
0.915703
1.0677
1.21418
1.3557
1.49275
1.62582
1.75534
1.88171
2.0053
2.12647
2.24555
2.36286
2.47868
2.5933
2.70699
2.82003
2.93266
3.04511
3.15763
3.27041
3.38366
3.49757
3.61233
3.72779
3.84357
3.96025
4.07945
4.1973
4.30269
4.41322
4.57378
-4.41122
-4.47809
-4.49202
-4.44363
-4.34363
-4.19855
-4.01719
-3.80777
-3.57811
-3.33512
-3.08472
-2.83176
-2.58008
-2.33261
-2.0915
-1.85822
-1.63371
-1.41847
-1.21268
-1.01629
-0.829057
-0.650604
-0.480486
-0.31821
-0.163252
-0.0150881
0.126801
0.262919
0.393746
0.519737
0.641323
0.7589
0.872842
0.983496
1.09119
1.19622
1.29888
1.39942
1.49809
1.59514
1.69079
1.78524
1.87871
1.9714
2.06351
2.15521
2.24669
2.33812
2.42965
2.52141
2.61356
2.70622
2.79926
2.89236
2.98594
3.08116
3.17498
3.25889
3.34632
3.4709
-3.22671
-3.28496
-3.30739
-3.28651
-3.22937
-3.1399
-3.02376
-2.88635
-2.73288
-2.56809
-2.39609
-2.22033
-2.04362
-1.86818
-1.69567
-1.52732
-1.36396
-1.20612
-1.05409
-0.907955
-0.76768
-0.633117
-0.504046
-0.380202
-0.261287
-0.146993
-0.0370032
0.068993
0.1713
0.27021
0.366001
0.458933
0.549254
0.637195
0.722978
0.806809
0.888879
0.969369
1.04845
1.1263
1.20307
1.27892
1.35398
1.42841
1.50235
1.57594
1.64929
1.72254
1.7958
1.86915
1.94272
2.01657
2.09059
2.16453
2.23867
2.31384
2.38767
2.45371
2.52208
2.61775
-2.3527
-2.40053
-2.42422
-2.41795
-2.38638
-2.33187
-2.25804
-2.16841
-2.06643
-1.9553
-1.83784
-1.71648
-1.59323
-1.46972
-1.34722
-1.22668
-1.1088
-0.994058
-0.882751
-0.775043
-0.670987
-0.570558
-0.473668
-0.38019
-0.289967
-0.202825
-0.118582
-0.03705
0.0419561
0.118618
0.193111
0.265603
0.336253
0.405212
0.472627
0.538635
0.603365
0.666938
0.729475
0.791093
0.851903
0.912008
0.971511
1.03052
1.08913
1.14745
1.20555
1.26354
1.32148
1.37944
1.4375
1.4957
1.55395
1.61203
1.67015
1.72888
1.78637
1.8378
1.89072
1.96348
-1.71139
-1.74914
-1.77064
-1.77149
-1.7548
-1.72196
-1.6753
-1.61709
-1.5496
-1.47497
-1.39513
-1.31175
-1.22626
-1.13982
-1.05337
-0.967641
-0.88318
-0.800388
-0.719536
-0.640799
-0.564268
-0.489976
-0.417909
-0.348018
-0.280229
-0.214453
-0.150588
-0.0885293
-0.0281658
0.0306107
0.0879086
0.143831
0.198478
0.251946
0.304331
0.35572
0.4062
0.455851
0.504752
0.552983
0.600621
0.647735
0.694397
0.740681
0.786658
0.832395
0.877951
0.923391
0.968766
1.01412
1.0595
1.10494
1.15034
1.19554
1.24068
1.28614
1.3305
1.37018
1.41078
1.46561
-1.24268
-1.27166
-1.28969
-1.29354
-1.28528
-1.26573
-1.23639
-1.19871
-1.15419
-1.10425
-1.05018
-0.993138
-0.934106
-0.873916
-0.813241
-0.752624
-0.692482
-0.633132
-0.574803
-0.517653
-0.461782
-0.407246
-0.354066
-0.302235
-0.251727
-0.202501
-0.154506
-0.107687
-0.0619812
-0.0173267
0.0263406
0.0690819
0.110959
0.15203
0.192356
0.231993
0.270996
0.309415
0.347304
0.384715
0.4217
0.458303
0.494575
0.530565
0.566322
0.601891
0.637313
0.67263
0.707876
0.743081
0.778271
0.813457
0.848569
0.883473
0.918252
0.953164
0.987132
1.01749
1.04838
1.08936
-0.901251
-0.923013
-0.937419
-0.942094
-0.938449
-0.926962
-0.908593
-0.884279
-0.854994
-0.821676
-0.78519
-0.746314
-0.705727
-0.664007
-0.621634
-0.578999
-0.536412
-0.494116
-0.452291
-0.411072
-0.37055
-0.330787
-0.291814
-0.253648
-0.216286
-0.179715
-0.143914
-0.108857
-0.0745109
-0.0408432
-0.00781782
0.0245999
0.0564457
0.0877548
0.118563
0.148906
0.178816
0.208325
0.237467
0.266277
0.294786
0.323025
0.351025
0.37882
0.406443
0.433922
0.461284
0.488556
0.51576
0.542911
0.570026
0.597104
0.624084
0.650863
0.677488
0.704124
0.729952
0.753025
0.776345
0.806729
-0.653106
-0.669173
-0.680295
-0.684763
-0.683536
-0.676894
-0.665453
-0.649814
-0.630609
-0.608453
-0.583918
-0.557528
-0.529741
-0.500956
-0.471507
-0.441673
-0.411677
-0.3817
-0.35188
-0.322324
-0.29311
-0.264293
-0.235908
-0.207979
-0.180515
-0.153518
-0.126982
-0.100899
-0.0752531
-0.0500299
-0.0252102
-0.000776366
0.0232913
0.0470122
0.0704071
0.093496
0.116299
0.138834
0.161123
0.183185
0.205042
0.226712
0.248215
0.269571
0.290803
0.311928
0.332961
0.35392
0.374817
0.395658
0.416452
0.43719
0.457822
0.478264
0.498542
0.518754
0.538282
0.555711
0.573207
0.59556
-0.473126
-0.484808
-0.493171
-0.497001
-0.496954
-0.493191
-0.486107
-0.476087
-0.463539
-0.448862
-0.432433
-0.414598
-0.395663
-0.3759
-0.355537
-0.33477
-0.313756
-0.292627
-0.271486
-0.250413
-0.22947
-0.208705
-0.188149
-0.167827
-0.147753
-0.127935
-0.108376
-0.0890763
-0.0700307
-0.0512342
-0.0326786
-0.0143561
0.00374276
0.0216275
0.0393092
0.0567985
0.0741062
0.0912421
0.108218
0.125047
0.14174
0.158307
0.174761
0.191114
0.207379
0.223565
0.239683
0.255739
0.27174
0.287688
0.303583
0.319413
0.335137
0.350686
0.36607
0.381344
0.396042
0.409143
0.422196
0.438514
-0.34279
-0.351163
-0.357313
-0.360393
-0.360848
-0.358771
-0.354417
-0.34803
-0.33987
-0.330195
-0.319249
-0.307259
-0.294427
-0.280933
-0.266934
-0.252561
-0.237925
-0.223119
-0.208216
-0.193277
-0.178349
-0.163469
-0.148665
-0.133958
-0.119363
-0.104889
-0.0905448
-0.076333
-0.0622548
-0.0483105
-0.0344978
-0.020815
-0.00725827
0.00617566
0.019492
0.0326953
0.0457907
0.0587825
0.071677
0.0844802
0.0971986
0.109837
0.122402
0.1349
0.147337
0.15972
0.17205
0.184332
0.196566
0.20875
0.220881
0.232944
0.244905
0.256708
0.268351
0.279859
0.290882
0.300692
0.310382
0.322202
-0.24853
-0.254443
-0.258875
-0.261241
-0.261844
-0.260739
-0.258086
-0.25404
-0.248766
-0.242428
-0.235181
-0.227172
-0.218533
-0.209382
-0.19982
-0.189938
-0.17981
-0.169501
-0.159062
-0.148537
-0.137959
-0.127359
-0.116757
-0.106171
-0.0956134
-0.0850958
-0.0746248
-0.0642063
-0.0538435
-0.0435395
-0.0332951
-0.0231116
-0.0129887
-0.00292642
0.00707678
0.0170219
0.0269105
0.0367436
0.0465237
0.0562529
0.0659341
0.0755685
0.0851586
0.0947072
0.104217
0.113689
0.123123
0.132519
0.141875
0.151186
0.160444
0.169637
0.178732
0.187686
0.196489
0.205146
0.213395
0.220722
0.227885
0.236375
-0.180479
-0.184581
-0.187705
-0.189452
-0.190028
-0.189464
-0.187861
-0.185316
-0.181931
-0.177809
-0.173048
-0.16774
-0.161968
-0.155809
-0.149329
-0.142586
-0.13563
-0.128504
-0.121243
-0.113877
-0.106431
-0.0989262
-0.0913781
-0.083801
-0.076205
-0.0685997
-0.0609914
-0.0533862
-0.0457881
-0.0382009
-0.0306269
-0.0230689
-0.0155282
-0.00800667
-0.00050469
0.00697663
0.014437
0.0218752
0.0292916
0.0366859
0.0440586
0.0514086
0.0587362
0.0660412
0.0733238
0.0805822
0.0878145
0.0950177
0.102188
0.109317
0.116398
0.123416
0.130344
0.137145
0.143806
0.150318
0.156485
0.161948
0.167224
0.173267
-0.131399
-0.134188
-0.136337
-0.137581
-0.138057
-0.137782
-0.136821
-0.135231
-0.133075
-0.130418
-0.127317
-0.123831
-0.120011
-0.115904
-0.111552
-0.106991
-0.102254
-0.0973692
-0.0923589
-0.0872441
-0.082041
-0.0767644
-0.0714258
-0.0660355
-0.0606013
-0.0551306
-0.0496288
-0.0441012
-0.0385514
-0.0329833
-0.0273996
-0.0218033
-0.0161965
-0.0105816
-0.00496012
0.000665986
0.00629531
0.0119257
0.017556
0.0231848
0.028811
0.0344323
0.0400472
0.0456539
0.0512508
0.0568346
0.0624017
0.0679473
0.073466
0.0789497
0.0843888
0.089769
0.0950665
0.100251
0.105306
0.110213
0.114828
0.118902
0.122777
0.127032
-0.0960966
-0.0979406
-0.0993713
-0.100218
-0.100569
-0.100436
-0.0998568
-0.0988668
-0.0975035
-0.0958039
-0.0938036
-0.0915363
-0.0890329
-0.0863217
-0.0834279
-0.0803741
-0.0771797
-0.0738623
-0.0704363
-0.066915
-0.0633088
-0.0596275
-0.0558788
-0.0520697
-0.0482059
-0.0442926
-0.0403338
-0.0363338
-0.0322953
-0.0282219
-0.0241157
-0.0199796
-0.0158157
-0.0116264
-0.00741355
-0.00317937
0.00107437
0.00534507
0.00963112
0.0139302
0.0182406
0.0225592
0.0268837
0.0312112
0.0355389
0.0398625
0.0441774
0.0484779
0.0527573
0.0570069
0.0612165
0.0653717
0.0694515
0.0734295
0.0772877
0.0810029
0.084467
0.0875121
0.0903529
0.0933116
-0.070792
-0.0719618
-0.0728704
-0.0734111
-0.0736409
-0.0735653
-0.0732073
-0.0725871
-0.071726
-0.0706452
-0.0693646
-0.0679035
-0.0662793
-0.0645082
-0.0626043
-0.060581
-0.0584492
-0.0562193
-0.0538996
-0.0514981
-0.049021
-0.0464744
-0.0438627
-0.0411905
-0.0384613
-0.0356785
-0.0328448
-0.0299631
-0.0270352
-0.0240638
-0.0210504
-0.0179973
-0.014906
-0.0117789
-0.00861729
-0.00542338
-0.00219886
0.00105377
0.00433271
0.00763547
0.0109599
0.0143028
0.0176612
0.0210316
0.0244107
0.0277933
0.0311742
0.0345469
0.0379041
0.0412367
0.0445339
0.0477815
0.0509604
0.0540476
0.0570237
0.0598628
0.0624842
0.0647756
0.066861
0.0688891
-0.0527715
-0.0534685
-0.0540041
-0.0543166
-0.0544399
-0.0543773
-0.0541416
-0.0537438
-0.0531953
-0.0525075
-0.0516907
-0.0507552
-0.04971
-0.0485636
-0.0473234
-0.0459965
-0.0445883
-0.0431046
-0.0415494
-0.0399272
-0.0382409
-0.0364939
-0.0346884
-0.0328268
-0.0309109
-0.0289426
-0.0269232
-0.0248542
-0.0227367
-0.0205721
-0.0183612
-0.0161057
-0.0138064
-0.011465
-0.00908234
-0.00666027
-0.00420009
-0.00170405
0.000826276
0.00338843
0.0059803
0.00859857
0.0112403
0.0139016
0.0165789
0.0192666
0.0219593
0.0246501
0.0273313
0.0299933
0.0326252
0.0352126
0.0377379
0.04018
0.0425182
0.0447249
0.046739
0.0484858
0.0500246
0.051393
-0.0401235
-0.0404916
-0.0407616
-0.0409047
-0.0409383
-0.040864
-0.0406887
-0.0404175
-0.0400562
-0.0396098
-0.0390835
-0.0384817
-0.0378088
-0.0370683
-0.0362639
-0.0353982
-0.034474
-0.0334933
-0.032458
-0.0313696
-0.0302295
-0.0290385
-0.0277977
-0.0265074
-0.0251686
-0.0237813
-0.0223462
-0.0208632
-0.019333
-0.0177553
-0.0161309
-0.0144598
-0.0127427
-0.0109798
-0.00917196
-0.00731967
-0.00542421
-0.00348653
-0.00150833
0.00050906
0.0025633
0.00465204
0.00677196
0.0089199
0.0110914
0.0132816
0.0154839
0.0176914
0.0198954
0.0220858
0.0242503
0.0263741
0.0284394
0.0304256
0.0323106
0.0340659
0.0356444
0.0369963
0.0381375
0.039042
-0.0314548
-0.0316177
-0.0317162
-0.0317519
-0.031727
-0.0316441
-0.0315052
-0.0313128
-0.0310689
-0.0307754
-0.0304342
-0.0300467
-0.0296144
-0.0291384
-0.0286197
-0.0280588
-0.0274564
-0.0268127
-0.026128
-0.025402
-0.0246349
-0.023826
-0.0229752
-0.0220817
-0.0211451
-0.0201646
-0.0191397
-0.0180694
-0.0169532
-0.0157902
-0.0145798
-0.0133213
-0.0120144
-0.0106585
-0.00925368
-0.00779962
-0.00629692
-0.00474593
-0.00314789
-0.00150381
0.000184172
0.00191377
0.00368154
0.00548399
0.00731625
0.00917275
0.0110463
0.0129292
0.0148119
0.0166835
0.018531
0.0203394
0.0220909
0.0237659
0.0253415
0.0267899
0.0280739
0.0291579
0.0300276
0.030625
-0.0259642
-0.0259924
-0.0259621
-0.0259179
-0.025842
-0.0257399
-0.0256101
-0.0254532
-0.0252692
-0.0250581
-0.0248199
-0.0245544
-0.0242615
-0.0239407
-0.0235918
-0.0232142
-0.0228072
-0.0223701
-0.0219022
-0.0214024
-0.0208698
-0.0203033
-0.0197018
-0.0190639
-0.0183887
-0.0176744
-0.0169201
-0.0161241
-0.0152853
-0.0144021
-0.0134736
-0.0124981
-0.0114748
-0.0104025
-0.00928047
-0.00810777
-0.00688422
-0.0056094
-0.00428371
-0.00290734
-0.00148155
-7.6618e-06
0.00151184
0.00307438
0.004676
0.00631203
0.00797613
0.00966111
0.0113578
0.0130555
0.0147409
0.0163981
0.0180086
0.0195508
0.020999
0.022323
0.0234878
0.0244582
0.0251968
0.0256326
-0.0228293
-0.0229022
-0.0228698
-0.0228631
-0.022829
-0.0227826
-0.0227187
-0.0226386
-0.0225417
-0.0224278
-0.0222964
-0.0221471
-0.0219794
-0.0217925
-0.0215857
-0.0213581
-0.0211086
-0.0208361
-0.0205394
-0.020217
-0.0198675
-0.0194892
-0.0190804
-0.018639
-0.0181632
-0.0176507
-0.0170994
-0.0165068
-0.0158706
-0.0151881
-0.0144568
-0.0136741
-0.0128374
-0.011944
-0.0109915
-0.00997751
-0.00890002
-0.00775696
-0.00654718
-0.00526936
-0.00392345
-0.00250968
-0.00102975
0.000514188
0.00211808
0.00377673
0.00548252
0.00722644
0.00899665
0.0107791
0.0125562
0.0143075
0.0160088
0.0176328
0.0191474
0.0205174
0.0217038
0.0226649
0.0233521
0.0237111
92.6138
70.93
51.5375
36.8111
23.7885
12.1714
1.34952
-8.95393
-18.9804
-28.9149
-38.9279
-49.1756
-59.8023
-70.9829
-82.9772
-96.0837
-110.439
-126.117
-144.368
-168.817
-200.401
-224.739
-228.353
-339.062
-953.284
92.5036
70.9205
51.5242
36.8006
23.7787
12.1624
1.34085
-8.96239
-18.9888
-28.9234
-38.9367
-49.1848
-59.812
-70.9934
-82.9886
-96.0964
-110.453
-126.133
-144.388
-168.842
-200.426
-224.754
-228.479
-339.857
-948.809
92.3851
70.9126
51.511
36.7907
23.7694
12.1538
1.33253
-8.97055
-18.997
-28.9317
-38.9453
-49.1938
-59.8216
-71.0037
-82.9999
-96.109
-110.467
-126.149
-144.406
-168.867
-200.454
-224.752
-228.539
-341.454
-941.727
92.261
70.9018
51.4962
36.7798
23.7594
12.1447
1.32387
-8.97898
-19.0054
-28.9402
-38.9541
-49.2029
-59.8312
-71.014
-83.0112
-96.1214
-110.481
-126.164
-144.423
-168.892
-200.483
-224.734
-228.548
-343.681
-932.942
92.1088
70.8845
51.4769
36.766
23.7471
12.1337
1.31351
-8.98895
-19.0152
-28.9501
-38.9641
-49.2133
-59.8421
-71.0255
-83.0236
-96.1351
-110.496
-126.179
-144.441
-168.919
-200.515
-224.697
-228.56
-346.522
-921.642
91.9145
70.8564
51.4507
36.7475
23.7312
12.1197
1.30051
-9.0013
-19.0272
-28.962
-38.9762
-49.2256
-59.8548
-71.0388
-83.0379
-96.1508
-110.512
-126.195
-144.458
-168.948
-200.555
-224.634
-228.602
-350.046
-907.074
91.6673
70.8112
51.4147
36.7222
23.7101
12.1014
1.2839
-9.01685
-19.0421
-28.9766
-38.9907
-49.2403
-59.8699
-71.0545
-83.0545
-96.1685
-110.531
-126.212
-144.476
-168.986
-200.609
-224.527
-228.695
-354.27
-888.98
91.3544
70.7402
51.3647
36.687
23.6816
12.0772
1.26228
-9.03687
-19.0612
-28.9951
-39.0088
-49.2583
-59.8879
-71.0729
-83.0738
-96.1889
-110.551
-126.23
-144.496
-169.035
-200.681
-224.356
-228.874
-359.117
-867.516
90.9595
70.6312
51.2945
36.6374
23.6423
12.0441
1.23338
-9.0631
-19.0859
-29.0188
-39.0319
-49.2808
-59.9099
-71.0949
-83.0966
-96.2132
-110.576
-126.25
-144.519
-169.104
-200.77
-224.088
-229.195
-364.432
-842.905
90.4615
70.4669
51.1954
36.5669
23.5874
11.9984
1.19405
-9.09809
-19.1181
-29.0492
-39.0611
-49.3091
-59.9374
-71.1217
-83.1245
-96.2442
-110.608
-126.276
-144.548
-169.195
-200.865
-223.689
-229.733
-370.002
-815.115
89.8343
70.2242
51.056
36.4676
23.5121
11.9366
1.14132
-9.14455
-19.1599
-29.0877
-39.0978
-49.3449
-59.9731
-71.1576
-83.1614
-96.2843
-110.651
-126.31
-144.583
-169.306
-200.941
-223.124
-230.579
-375.565
-783.982
89.0457
69.8775
50.8614
36.3308
23.4104
11.8545
1.07202
-9.20555
-19.2153
-29.139
-39.1461
-49.3903
-60.0186
-71.206
-83.2129
-96.338
-110.701
-126.343
-144.619
-169.432
-200.965
-222.358
-231.848
-380.812
-749.44
88.0501
69.394
50.5916
36.1432
23.2713
11.7436
0.980115
-9.2843
-19.2871
-29.2082
-39.2137
-49.4546
-60.0798
-71.2663
-83.2732
-96.3978
-110.75
-126.365
-144.647
-169.569
-200.897
-221.364
-233.64
-385.325
-711.579
86.7797
68.7224
50.2174
35.8879
23.0819
11.5912
0.85212
-9.39431
-19.3847
-29.298
-39.2974
-49.5325
-60.1501
-71.3295
-83.3325
-96.455
-110.793
-126.372
-144.671
-169.709
-200.676
-220.121
-236.012
-388.558
-670.629
85.1572
67.8002
49.6949
35.5359
22.825
11.39
0.687173
-9.53326
-19.5033
-29.4012
-39.3891
-49.6153
-60.2248
-71.3962
-83.3935
-96.5101
-110.824
-126.358
-144.686
-169.834
-200.224
-218.638
-238.96
-389.863
-626.995
83.1248
66.5795
49.0046
35.078
22.4991
11.1427
0.490292
-9.69634
-19.6423
-29.5217
-39.4949
-49.7085
-60.3062
-71.4661
-83.4541
-96.5587
-110.835
-126.31
-144.687
-169.906
-199.441
-216.951
-242.373
-388.519
-581.284
80.6614
65.0403
48.1415
34.5038
22.0923
10.8345
0.246828
-9.89552
-19.8095
-29.6646
-39.6178
-49.8137
-60.3938
-71.5365
-83.5095
-96.592
-110.81
-126.216
-144.661
-169.859
-198.216
-215.121
-245.978
-383.8
-534.297
77.738
63.1397
47.0622
33.776
21.5781
10.4465
-0.0574186
-10.1416
-20.0126
-29.8343
-39.7599
-49.9305
-60.4852
-71.6026
-83.5519
-96.5962
-110.729
-126.055
-144.581
-169.592
-196.44
-213.219
-249.298
-375.078
-486.98
74.3131
60.8187
45.7091
32.8514
20.9249
9.95552
-0.438992
-10.4464
-20.26
-30.0362
-39.9232
-50.0577
-60.5758
-71.6567
-83.5689
-96.5502
-110.562
-125.801
-144.399
-168.961
-194.024
-211.272
-251.638
-361.951
-440.353
70.358
58.03
44.0215
31.6815
20.095
9.33319
-0.918793
-10.8249
-20.5614
-30.2756
-40.1088
-50.1922
-60.6579
-71.6863
-83.5406
-96.4222
-110.27
-125.418
-144.023
-167.789
-190.915
-209.202
-252.123
-344.375
-395.39
65.8608
54.7433
41.9382
30.2129
19.0445
8.54574
-1.52197
-11.2947
-20.9282
-30.558
-40.3166
-50.3276
-60.7193
-71.6725
-83.4372
-96.1676
-109.806
-124.846
-143.312
-165.879
-187.093
-206.744
-249.824
-322.752
-352.895
60.8384
50.9468
39.4034
28.3902
17.7244
7.5542
-2.27784
-11.8764
-21.3727
-30.8881
-40.5435
-50.4531
-60.7412
-71.5864
-83.2137
-95.7263
-109.104
-123.987
-142.065
-163.047
-182.537
-203.405
-243.944
-297.923
-313.393
55.3425
46.6511
36.3757
26.1624
16.0838
6.31632
-3.21885
-12.5923
-21.9077
-31.2688
-40.7823
-50.5514
-60.6953
-71.385
-82.8071
-95.0211
-108.078
-122.693
-140.039
-159.147
-177.154
-198.512
-234.044
-271.04
-277.08
49.4538
41.8909
32.8383
23.4907
14.0769
4.79077
-4.37765
-13.4644
-22.5436
-31.6988
-41.0191
-50.5955
-60.5402
-71.0063
-82.1328
-93.9546
-106.605
-120.752
-136.983
-154.069
-170.725
-191.364
-220.212
-243.337
-243.865
43.2733
36.7251
28.8069
20.3587
11.6718
2.94434
-5.78156
-14.5099
-23.2853
-32.1685
-41.2294
-50.545
-60.2153
-70.3647
-81.0836
-92.4039
-104.513
-117.911
-132.675
-147.713
-162.906
-181.472
-203.071
-215.888
-213.484
36.911
31.236
24.3349
16.7826
8.86261
0.762468
-7.44372
-15.7338
-24.1253
-32.6554
-41.3734
-50.3402
-59.6367
-69.3499
-79.5293
-90.2143
-101.589
-113.916
-126.955
-139.955
-153.341
-168.761
-183.618
-189.455
-185.643
30.478
25.5278
19.5144
12.8204
5.68175
-1.73747
-9.35081
-17.1184
-25.035
-33.1159
-41.3895
-49.8978
-58.6951
-67.829
-77.3193
-87.2037
-97.6038
-108.565
-119.731
-130.676
-141.847
-153.633
-162.967
-164.484
-160.117
24.0849
19.7255
14.4741
8.57743
2.21116
-4.49208
-11.4486
-18.6097
-25.9538
-33.4771
-41.1884
-49.1078
-57.2595
-65.6557
-74.2933
-83.1885
-92.3755
-101.757
-110.993
-119.848
-128.562
-136.853
-142.123
-141.208
-136.783
17.8486
13.9752
9.37684
4.20793
-1.41134
-7.38106
-13.629
-20.1054
-26.7787
-33.6303
-40.6514
-47.8396
-55.1909
-62.6893
-70.3104
-78.0363
-85.8271
-93.5264
-100.856
-107.651
-113.961
-119.329
-121.871
-119.759
-115.592
11.9004
8.44349
4.41545
-0.0893534
-4.99316
-10.2246
-15.7257
-21.4502
-27.362
-33.4326
-39.6388
-45.9593
-52.3678
-58.8284
-65.2977
-71.7274
-78.0378
-84.0697
-89.6042
-94.5028
-98.7346
-101.919
-102.783
-100.244
-96.5394
6.39353
3.31803
-0.192997
-4.08168
-8.29883
-12.7946
-17.5239
-22.446
-27.5243
-32.7249
-38.0154
-43.3617
-48.7246
-54.0564
-59.3024
-64.3996
-69.2608
-73.7503
-77.7005
-81.0014
-83.625
-85.3266
-85.2588
-82.7495
-79.621
1.50239
-1.19911
-4.21969
-7.52254
-11.0757
-14.8438
-18.792
-22.8855
-27.0897
-31.3699
-35.6903
-40.0121
-44.2919
-48.4801
-52.521
-56.3535
-59.9026
-63.0645
-65.7186
-67.7916
-69.2859
-70.0663
-69.5612
-67.3316
-64.8126
-2.5913
-4.90928
-7.44871
-10.1845
-13.0947
-16.1531
-19.3327
-22.6043
-25.9379
-29.3016
-32.6615
-35.9815
-39.2216
-42.3379
-45.2832
-48.0083
-50.458
-52.5603
-54.2351
-55.4435
-56.2125
-56.4739
-55.8336
-53.9933
-52.055
-5.72873
-7.65076
-9.71516
-11.904
-14.2008
-16.5862
-19.0391
-21.5365
-24.0538
-26.565
-29.0422
-31.456
-33.775
-35.9652
-37.9922
-39.822
-41.4186
-42.7365
-43.7267
-44.3743
-44.7165
-44.7209
-44.1104
-42.6767
-41.2479
-7.81623
-9.34139
-10.9486
-12.6248
-14.3577
-16.1329
-17.9347
-19.746
-21.5488
-23.3236
-25.0503
-26.7078
-28.2743
-29.727
-31.0435
-32.2033
-33.1854
-33.9634
-34.509
-34.8206
-34.9349
-34.8366
-34.329
-33.2645
-32.2525
-8.8634
-10.0127
-11.202
-12.422
-13.6641
-14.9179
-16.1728
-17.4171
-18.6384
-19.8241
-20.9609
-22.0356
-23.0346
-23.9442
-24.7515
-25.4455
-26.0154
-26.4465
-26.7234
-26.8496
-26.8564
-26.7361
-26.3489
-25.5899
-24.8986
-8.99615
-9.81449
-10.6468
-11.4873
-12.3299
-13.1681
-13.9951
-14.8035
-15.586
-16.3348
-17.0423
-17.701
-18.3032
-18.8415
-19.3093
-19.7013
-20.0125
-20.2351
-20.3607
-20.3941
-20.3594
-20.2524
-19.9745
-19.4514
-18.994
-8.43286
-8.98227
-9.53218
-10.0792
-10.6197
-11.1498
-11.6655
-12.1627
-12.6373
-13.0851
-13.5021
-13.8843
-14.228
-14.5295
-14.7856
-14.9942
-15.1531
-15.2583
-15.3051
-15.2979
-15.2541
-15.1711
-14.9804
-14.6297
-14.3349
-7.43234
-7.7803
-8.12347
-8.46017
-8.78832
-9.10587
-9.41069
-9.70069
-9.97377
-10.2279
-10.4611
-10.6715
-10.8574
-11.0171
-11.1492
-11.2531
-11.3279
-11.3714
-11.381
-11.3601
-11.3206
-11.2611
-11.1344
-10.9045
-10.7184
-6.23708
-6.44546
-6.64822
-6.84466
-7.03369
-7.21434
-7.38555
-7.54635
-7.69575
-7.83283
-7.95672
-8.06664
-8.16181
-8.24151
-8.30523
-8.35281
-8.38405
-8.39773
-8.39218
-8.36979
-8.33879
-8.29807
-8.21591
-8.06782
-7.95213
-5.03383
-5.15224
-5.26603
-5.375
-5.47862
-5.57645
-5.66803
-5.75294
-5.83074
-5.90105
-5.96352
-6.01782
-6.06366
-6.10075
-6.12888
-6.14812
-6.15845
-6.15915
-6.14917
-6.13013
-6.10749
-6.08052
-6.02819
-5.93404
-5.86287
-3.94032
-4.00439
-4.06524
-4.12286
-4.17702
-4.22754
-4.27423
-4.31691
-4.35541
-4.38959
-4.41931
-4.44445
-4.4649
-4.48053
-4.49131
-4.4973
-4.49856
-4.49463
-4.48485
-4.47029
-4.45449
-4.43699
-4.40403
-4.34474
-4.30123
-3.0127
-3.04579
-3.07684
-3.10591
-3.1329
-3.15775
-3.18037
-3.20071
-3.2187
-3.23428
-3.24741
-3.25806
-3.26616
-3.2717
-3.27463
-3.27506
-3.27301
-3.26821
-3.26023
-3.24974
-3.23906
-3.22788
-3.20732
-3.17028
-3.14377
-2.26319
-2.2795
-2.2946
-2.30856
-2.32133
-2.33289
-2.34322
-2.35229
-2.36008
-2.36657
-2.37175
-2.3756
-2.37811
-2.37927
-2.37906
-2.37756
-2.37478
-2.37055
-2.3646
-2.35736
-2.35028
-2.3432
-2.33043
-2.30739
-2.29127
-1.67837
-1.68601
-1.69295
-1.69926
-1.70492
-1.70993
-1.71426
-1.71793
-1.72091
-1.72321
-1.72481
-1.72572
-1.72594
-1.72544
-1.72424
-1.72238
-1.71986
-1.71659
-1.71238
-1.70751
-1.70291
-1.69846
-1.69057
-1.67631
-1.66651
-1.23334
-1.23668
-1.23964
-1.24226
-1.24453
-1.24645
-1.24802
-1.24924
-1.2501
-1.2506
-1.25074
-1.25053
-1.24995
-1.24901
-1.24771
-1.24607
-1.2441
-1.24174
-1.23886
-1.23565
-1.23268
-1.22989
-1.22502
-1.21622
-1.21025
-0.900646
-0.901956
-0.903062
-0.903991
-0.904735
-0.905298
-0.905678
-0.905875
-0.905886
-0.905715
-0.905358
-0.904818
-0.904093
-0.903181
-0.902081
-0.900811
-0.899378
-0.897738
-0.89582
-0.893726
-0.891827
-0.890081
-0.887079
-0.881658
-0.878031
-0.655054
-0.655459
-0.655756
-0.655961
-0.65607
-0.656086
-0.656007
-0.655835
-0.655567
-0.655206
-0.654749
-0.6542
-0.653556
-0.652816
-0.651979
-0.651058
-0.650056
-0.648947
-0.647685
-0.646332
-0.645119
-0.644022
-0.642166
-0.638827
-0.636619
-0.475329
-0.475364
-0.47534
-0.47527
-0.47515
-0.474982
-0.474766
-0.474502
-0.474189
-0.473828
-0.47342
-0.472964
-0.47246
-0.471908
-0.471306
-0.470661
-0.469978
-0.469238
-0.468412
-0.467538
-0.466762
-0.466069
-0.464917
-0.462862
-0.461513
-0.34461
-0.344513
-0.344385
-0.344234
-0.344057
-0.343856
-0.34363
-0.34338
-0.343105
-0.342806
-0.342482
-0.342135
-0.341762
-0.341365
-0.340942
-0.340498
-0.340036
-0.339544
-0.339004
-0.338439
-0.33794
-0.337497
-0.336777
-0.335508
-0.334683
-0.249932
-0.249804
-0.24966
-0.249504
-0.249335
-0.249154
-0.24896
-0.248753
-0.248535
-0.248304
-0.24806
-0.247806
-0.247538
-0.247258
-0.246964
-0.246661
-0.246349
-0.246021
-0.245665
-0.245296
-0.244969
-0.244681
-0.244224
-0.243436
-0.242927
-0.181574
-0.181455
-0.181327
-0.181193
-0.181052
-0.180905
-0.180751
-0.180592
-0.180425
-0.180252
-0.180073
-0.179889
-0.179698
-0.1795
-0.179295
-0.179086
-0.178873
-0.178652
-0.178415
-0.178169
-0.177953
-0.17776
-0.177467
-0.176974
-0.176656
-0.132332
-0.132231
-0.132125
-0.132017
-0.131904
-0.131789
-0.13167
-0.131548
-0.131422
-0.131293
-0.131161
-0.131027
-0.130889
-0.130748
-0.130604
-0.130457
-0.130309
-0.130157
-0.129995
-0.129827
-0.129678
-0.129546
-0.12935
-0.129035
-0.128833
-0.0969532
-0.09687
-0.0967844
-0.0966974
-0.0966086
-0.0965185
-0.0964267
-0.0963334
-0.0962383
-0.0961416
-0.0960433
-0.0959436
-0.0958423
-0.095739
-0.0956334
-0.0955272
-0.0954209
-0.0953125
-0.0951981
-0.09508
-0.0949748
-0.0948805
-0.0947486
-0.0945453
-0.0944125
-0.0716316
-0.071565
-0.0714969
-0.0714281
-0.0713581
-0.0712871
-0.0712152
-0.0711423
-0.0710683
-0.0709935
-0.0709179
-0.0708419
-0.0707653
-0.0706879
-0.0706092
-0.0705304
-0.070452
-0.0703724
-0.0702886
-0.0702017
-0.0701231
-0.070052
-0.0699564
-0.0698182
-0.0697265
-0.0535956
-0.053541
-0.0534856
-0.0534299
-0.0533737
-0.0533172
-0.0532602
-0.0532028
-0.0531449
-0.0530864
-0.0530274
-0.0529682
-0.0529086
-0.0528483
-0.0527871
-0.0527261
-0.0526658
-0.0526051
-0.0525417
-0.0524758
-0.0524163
-0.0523624
-0.0522941
-0.0521987
-0.0521317
-0.040936
-0.0408919
-0.0408472
-0.0408024
-0.0407572
-0.0407116
-0.0406658
-0.0406197
-0.0405733
-0.0405266
-0.0404797
-0.0404329
-0.040386
-0.0403388
-0.040291
-0.0402436
-0.040197
-0.0401501
-0.0401011
-0.0400496
-0.0400026
-0.0399602
-0.0399084
-0.0398383
-0.0397843
-0.0322184
-0.0321835
-0.0321485
-0.0321135
-0.0320783
-0.032043
-0.0320075
-0.0319718
-0.0319358
-0.0318996
-0.0318633
-0.031827
-0.0317908
-0.0317544
-0.0317177
-0.0316813
-0.0316458
-0.0316103
-0.0315732
-0.0315337
-0.0314976
-0.031466
-0.0314287
-0.0313762
-0.0313277
-0.0266695
-0.0266455
-0.0266212
-0.0265969
-0.0265724
-0.0265477
-0.0265229
-0.026498
-0.0264729
-0.0264477
-0.0264224
-0.0263972
-0.026372
-0.0263467
-0.0263212
-0.0262958
-0.0262711
-0.0262466
-0.0262208
-0.0261927
-0.026167
-0.026147
-0.0261253
-0.0260853
-0.0260309
-0.023453
-0.0234421
-0.0234312
-0.0234204
-0.0234094
-0.0233983
-0.0233872
-0.0233758
-0.0233644
-0.0233529
-0.0233413
-0.0233297
-0.0233182
-0.0233067
-0.023295
-0.0232835
-0.0232725
-0.023262
-0.0232503
-0.0232356
-0.0232226
-0.0232197
-0.0232207
-0.0231882
-0.0231031
150.32
73.051
56.7164
50.0164
41.9696
34.2529
27.9667
22.7969
18.2948
14.4678
11.4408
9.16619
7.48496
6.22922
5.27463
4.50936
3.8557
3.27247
2.74786
2.28305
1.88256
1.54263
1.25736
1.01916
0.821758
0.661411
0.530671
0.424827
0.339099
0.270007
0.214367
0.169311
0.133276
0.10455
0.0816861
0.0634235
0.049071
0.0377639
0.028861
0.0218386
0.0163445
0.0120552
0.00873743
0.00619804
0.0042893
0.00289743
0.0018823
0.00118714
0.000476947
0.000495125
150.095
73.1012
56.7133
50.0153
41.9692
34.2527
27.9665
22.7969
18.2948
14.4678
11.4407
9.16616
7.485
6.22928
5.2746
4.50923
3.85559
3.27246
2.74794
2.28315
1.88261
1.54261
1.25729
1.01908
0.821692
0.661366
0.530652
0.424828
0.339119
0.270039
0.214403
0.169344
0.133303
0.10457
0.0817007
0.0634312
0.0490749
0.0377657
0.0288612
0.0218379
0.0163435
0.012054
0.00873623
0.00619713
0.00428866
0.00289733
0.00188292
0.00118748
0.000476941
0.000495113
149.748
73.1663
56.7042
50.0127
41.9682
34.252
27.9661
22.7967
18.2948
14.4678
11.4408
9.1662
7.48505
6.22931
5.27453
4.50908
3.85545
3.27242
2.74798
2.28321
1.88264
1.54259
1.25723
1.01901
0.821636
0.661327
0.530637
0.424829
0.339136
0.270065
0.214433
0.169372
0.133326
0.104586
0.0817127
0.0634375
0.049078
0.0377672
0.0288613
0.0218372
0.0163428
0.012053
0.00873524
0.00619639
0.00428815
0.00289725
0.00188342
0.00118776
0.000476945
0.000495105
149.299
73.2473
56.6876
50.0082
41.9664
34.2508
27.9653
22.7964
18.2949
14.4681
11.441
9.16633
7.48516
6.22934
5.27443
4.50888
3.85526
3.27232
2.74796
2.28324
1.88265
1.54256
1.25718
1.01895
0.821586
0.661292
0.530621
0.424828
0.339148
0.270086
0.214457
0.169394
0.133344
0.1046
0.0817227
0.0634428
0.0490807
0.0377684
0.0288614
0.0218367
0.0163421
0.0120522
0.00873442
0.00619577
0.00428771
0.00289716
0.00188382
0.00118798
0.000476949
0.000495087
148.721
73.3564
56.6622
50.001
41.9635
34.2487
27.964
22.7959
18.295
14.4685
11.4414
9.16663
7.48535
6.22938
5.27429
4.50862
3.855
3.27215
2.74789
2.28321
1.88263
1.54252
1.25712
1.01888
0.821539
0.66126
0.530606
0.424825
0.339157
0.270102
0.214476
0.169411
0.133359
0.10461
0.0817307
0.063447
0.0490828
0.0377693
0.0288615
0.0218363
0.0163416
0.0120516
0.00873375
0.00619527
0.00428737
0.00289711
0.00188415
0.00118817
0.000476956
0.000495082
147.977
73.5042
56.6267
49.9907
41.9593
34.2456
27.9618
22.7949
18.2952
14.4692
11.442
9.16711
7.48565
6.22946
5.27411
4.50829
3.85466
3.2719
2.74774
2.28313
1.88257
1.54245
1.25705
1.01882
0.821491
0.661227
0.530589
0.42482
0.339162
0.270115
0.214491
0.169426
0.133371
0.104619
0.0817374
0.0634505
0.0490845
0.0377701
0.0288615
0.0218359
0.0163412
0.012051
0.00873317
0.00619483
0.00428705
0.00289704
0.00188443
0.00118832
0.000476955
0.000495075
147.027
73.701
56.5788
49.9769
41.9539
34.2411
27.9586
22.7935
18.2954
14.4702
11.443
9.16783
7.4861
6.22961
5.27395
4.5079
3.85424
3.27156
2.74752
2.28298
1.88246
1.54236
1.25696
1.01875
0.82144
0.661192
0.53057
0.424813
0.339165
0.270124
0.214503
0.169437
0.13338
0.104626
0.0817427
0.0634532
0.0490858
0.0377707
0.0288615
0.0218355
0.0163407
0.0120505
0.00873267
0.00619447
0.0042868
0.002897
0.00188466
0.00118846
0.000476953
0.000495072
145.825
73.9575
56.5147
49.9591
41.9474
34.2351
27.9542
22.7915
18.2957
14.4715
11.4443
9.1688
7.48671
6.22985
5.2738
4.50748
3.85373
3.27112
2.7472
2.28277
1.88231
1.54224
1.25686
1.01867
0.821381
0.661151
0.530547
0.424802
0.339163
0.270128
0.214511
0.169446
0.133388
0.104632
0.0817468
0.0634554
0.0490868
0.037771
0.0288614
0.0218351
0.0163404
0.01205
0.00873223
0.00619414
0.00428656
0.00289694
0.00188485
0.00118856
0.000476944
0.000495065
144.312
74.2857
56.4294
49.9355
41.9404
34.2276
27.9483
22.7887
18.296
14.4733
11.4461
9.17008
7.48747
6.23016
5.27368
4.50703
3.85315
3.27059
2.74679
2.28248
1.8821
1.54208
1.25673
1.01857
0.821314
0.661105
0.530518
0.424787
0.339158
0.27013
0.214516
0.169452
0.133393
0.104636
0.0817499
0.0634569
0.0490875
0.0377712
0.0288612
0.0218348
0.01634
0.0120496
0.00873184
0.00619385
0.00428636
0.00289689
0.001885
0.00118865
0.000476934
0.000495059
142.417
74.6979
56.3164
49.9032
41.933
34.2187
27.9407
22.785
18.2964
14.4758
11.4486
9.17172
7.4884
6.23054
5.27357
4.50656
3.85252
3.26998
2.7463
2.28212
1.88183
1.54188
1.25658
1.01846
0.821235
0.66105
0.530483
0.424766
0.339148
0.270127
0.214517
0.169455
0.133396
0.104638
0.081752
0.0634578
0.0490878
0.0377713
0.028861
0.0218344
0.0163396
0.0120492
0.00873147
0.00619358
0.00428616
0.00289683
0.00188512
0.00118871
0.000476918
0.000495049
140.056
75.2045
56.1691
49.8562
41.9255
34.2081
27.9314
22.7804
18.297
14.4791
11.4518
9.17389
7.4895
6.23091
5.2734
4.50603
3.85181
3.26927
2.74572
2.28168
1.8815
1.54163
1.25639
1.01832
0.821141
0.660985
0.53044
0.424739
0.339133
0.27012
0.214515
0.169455
0.133398
0.104639
0.081753
0.0634582
0.0490878
0.0377711
0.0288606
0.021834
0.0163392
0.0120488
0.00873112
0.00619333
0.00428598
0.00289677
0.0018852
0.00118875
0.000476899
0.00049504
137.115
75.8103
55.9828
49.7839
41.9168
34.1952
27.9196
22.7746
18.2979
14.4835
11.4562
9.1768
7.49088
6.23124
5.27305
4.50534
3.85098
3.26848
2.74505
2.28116
1.88112
1.54134
1.25617
1.01816
0.821031
0.660907
0.530388
0.424705
0.339112
0.270108
0.214509
0.169453
0.133397
0.104639
0.081753
0.0634579
0.0490873
0.0377706
0.0288601
0.0218335
0.0163388
0.0120484
0.00873077
0.00619308
0.0042858
0.00289669
0.00188526
0.00118878
0.000476872
0.000495026
133.436
76.5018
55.7603
49.6689
41.9043
34.1784
27.9041
22.7672
18.2989
14.4891
11.4621
9.18081
7.49272
6.23153
5.27242
4.50432
3.84991
3.26752
2.74427
2.28057
1.88067
1.541
1.25591
1.01798
0.820903
0.660815
0.530326
0.424663
0.339085
0.270091
0.2145
0.169447
0.133394
0.104637
0.081752
0.063457
0.0490865
0.0377699
0.0288594
0.0218329
0.0163383
0.012048
0.00873041
0.00619282
0.00428561
0.00289661
0.00188529
0.00118879
0.000476839
0.000495009
128.802
77.2123
55.514
49.4852
41.8806
34.1553
27.8826
22.7569
18.2998
14.4961
11.4698
9.18622
7.49532
6.23192
5.27142
4.50279
3.84841
3.26627
2.74332
2.27987
1.88015
1.54061
1.25562
1.01777
0.820755
0.660709
0.530252
0.424613
0.339051
0.270068
0.214486
0.169439
0.133389
0.104634
0.0817498
0.0634554
0.0490853
0.0377689
0.0288586
0.0218322
0.0163377
0.0120475
0.00873002
0.00619254
0.0042854
0.0028965
0.0018853
0.00118878
0.000476796
0.000494985
123.039
77.7899
55.2551
49.1981
41.8283
34.1205
27.8515
22.742
18.3
14.5045
11.4793
9.1933
7.49889
6.23255
5.27006
4.5006
3.84624
3.26452
2.74205
2.27899
1.87953
1.54017
1.25529
1.01754
0.820588
0.660588
0.530166
0.424553
0.33901
0.27004
0.214467
0.169427
0.133381
0.104628
0.0817464
0.063453
0.0490835
0.0377675
0.0288574
0.0218313
0.016337
0.012047
0.00872959
0.00619224
0.00428518
0.00289637
0.00188527
0.00118876
0.000476743
0.000494954
116.235
78.0497
54.9971
48.7771
41.7163
34.058
27.7993
22.7166
18.2982
14.5147
11.4916
9.20262
7.50388
6.23372
5.26844
4.49769
3.84319
3.26201
2.74025
2.27779
1.87872
1.53961
1.2549
1.01726
0.820398
0.66045
0.530068
0.424484
0.338961
0.270005
0.214444
0.169412
0.133371
0.104621
0.0817418
0.0634498
0.0490811
0.0377657
0.028856
0.0218302
0.0163362
0.0120463
0.00872909
0.00619188
0.00428491
0.00289621
0.00188521
0.00118871
0.000476679
0.000494913
108.753
77.8261
54.7638
48.2257
41.5286
33.9608
27.7154
22.6668
18.2826
14.5201
11.5047
9.21485
7.51143
6.2363
5.26708
4.49422
3.83924
3.25856
2.73766
2.27603
1.87757
1.53886
1.25439
1.01693
0.820174
0.660291
0.529956
0.424404
0.338904
0.269965
0.214416
0.169393
0.133358
0.104613
0.0817357
0.0634457
0.0490781
0.0377635
0.0288543
0.0218289
0.0163352
0.0120455
0.00872851
0.00619147
0.00428461
0.00289601
0.00188512
0.00118863
0.000476603
0.000494859
100.936
76.9325
54.5345
47.5509
41.2469
33.8299
27.6067
22.5978
18.2538
14.5155
11.5098
9.22199
7.51715
6.23915
5.26645
4.49104
3.83492
3.25434
2.73423
2.27357
1.87589
1.53776
1.25367
1.01647
0.819881
0.660092
0.529821
0.42431
0.338838
0.269917
0.214383
0.169371
0.133343
0.104602
0.0817281
0.0634405
0.0490744
0.0377607
0.0288522
0.0218273
0.016334
0.0120446
0.00872782
0.00619098
0.00428424
0.00289576
0.00188498
0.00118853
0.000476514
0.000494787
92.9855
75.1985
54.2384
46.7547
40.8377
33.6492
27.4665
22.5055
18.2127
14.5061
11.5132
9.22708
7.51892
6.2371
5.26167
4.48538
3.82952
3.24968
2.73043
2.27064
1.87371
1.53623
1.25263
1.0158
0.819454
0.659812
0.529638
0.424189
0.338755
0.26986
0.214343
0.169344
0.133324
0.104589
0.081719
0.0634344
0.04907
0.0377574
0.0288497
0.0218254
0.0163326
0.0120435
0.00872701
0.0061904
0.0042838
0.00289546
0.0018848
0.00118839
0.000476414
0.00049469
85.0362
72.5349
53.7624
45.8389
40.2656
33.3956
27.286
22.3827
18.1535
14.4877
11.5123
9.23017
7.51978
6.2341
5.25478
4.47631
3.82031
3.24192
2.72477
2.26685
1.87118
1.53448
1.25137
1.01491
0.818849
0.659399
0.529367
0.424011
0.338638
0.269781
0.214291
0.169311
0.133302
0.104573
0.0817081
0.063427
0.0490646
0.0377534
0.0288466
0.0218232
0.0163309
0.0120422
0.00872604
0.0061897
0.00428328
0.00289509
0.00188456
0.00118821
0.000476304
0.000494559
77.1997
68.9402
52.9472
44.7908
39.4957
33.0358
27.0514
22.2197
18.069
14.4563
11.505
9.22985
7.51828
6.22895
5.24575
4.46524
3.80926
3.23226
2.71699
2.261
1.86701
1.53171
1.24962
1.01384
0.818176
0.65893
0.52903
0.423768
0.338467
0.269663
0.214213
0.169261
0.133269
0.104551
0.0816937
0.0634177
0.049058
0.0377486
0.028843
0.0218205
0.0163289
0.0120407
0.0087249
0.00618888
0.00428265
0.00289464
0.00188425
0.00118797
0.00047619
0.000494375
69.5495
64.4948
51.6144
43.5746
38.4994
32.5283
26.7429
22.0043
17.9498
14.4059
11.4877
9.22383
7.51303
6.22075
5.23384
4.45141
3.79566
3.22044
2.70761
2.25402
1.86192
1.52803
1.24696
1.01199
0.816963
0.65817
0.528583
0.423499
0.33829
0.269533
0.214115
0.169191
0.133221
0.104519
0.0816722
0.0634042
0.0490487
0.0377421
0.0288383
0.0218172
0.0163264
0.0120389
0.00872354
0.0061879
0.0042819
0.00289409
0.00188387
0.00118768
0.000476085
0.000494113
62.1102
59.3447
49.6053
42.1189
37.2523
31.8243
26.3312
21.7203
17.7829
14.3276
11.4549
9.20872
7.50184
6.20806
5.21804
4.43398
3.77887
3.206
2.69618
2.2455
1.8557
1.52357
1.24379
1.00977
0.815426
0.657064
0.5278
0.422958
0.337944
0.269327
0.213998
0.169125
0.133176
0.104483
0.0816446
0.0633845
0.0490346
0.0377322
0.0288314
0.0218123
0.0163229
0.0120364
0.00872181
0.00618668
0.00428099
0.00289342
0.0018834
0.00118731
0.000476013
0.000493726
54.8659
53.6717
46.8221
40.3184
35.7281
30.8728
25.7763
21.3459
17.5518
14.2096
11.3993
9.17984
7.48176
6.18894
5.19697
4.41197
3.75815
3.18833
2.68224
2.23511
1.84813
1.51815
1.23994
1.00707
0.813557
0.655739
0.526876
0.422306
0.337481
0.26899
0.213757
0.168966
0.133079
0.10443
0.0816164
0.0633689
0.0490226
0.0377218
0.0288225
0.0218054
0.0163178
0.0120328
0.00871929
0.00618497
0.00427978
0.00289254
0.00188279
0.00118684
0.000476009
0.000493151
47.7822
47.6552
43.2542
38.0526
33.8908
29.6265
25.0278
20.8516
17.2356
14.0358
11.3101
9.13043
7.44831
6.16041
5.16866
4.38393
3.73239
3.16659
2.66515
2.22238
1.83887
1.51152
1.23523
1.00377
0.811282
0.654133
0.525757
0.421514
0.336924
0.268595
0.213478
0.168773
0.132942
0.104331
0.0815457
0.0633234
0.0489956
0.0377073
0.0288147
0.0218003
0.0163135
0.012029
0.00871612
0.00618257
0.00427802
0.00289128
0.00188193
0.00118621
0.000476092
0.00049228
40.831
41.4435
38.9782
35.2216
31.6891
28.0438
24.0292
20.1983
16.8078
13.7854
11.1731
9.05111
7.39543
6.11853
5.13045
4.34807
3.70029
3.1398
2.64418
2.20678
1.82753
1.50341
1.22948
0.999748
0.808508
0.652177
0.524393
0.420552
0.33625
0.268119
0.213141
0.168541
0.132778
0.104216
0.0814652
0.0632682
0.0489554
0.0376772
0.0287926
0.0217852
0.0163042
0.0120237
0.00871318
0.00618073
0.00427661
0.00289004
0.00188092
0.00118538
0.000476255
0.000490977
34.0076
35.1482
34.1347
31.7835
29.0646
26.0887
22.7242
19.3375
16.2352
13.4324
10.9689
8.92908
7.3146
6.05762
5.07865
4.30178
3.65998
3.10659
2.61833
2.18757
1.81357
1.49344
1.22241
0.994807
0.805104
0.649782
0.522727
0.419379
0.33543
0.26754
0.212731
0.168259
0.132581
0.104079
0.0813687
0.0632019
0.0489081
0.0376435
0.0287685
0.0217678
0.016291
0.0120135
0.0087056
0.00617553
0.00427341
0.00288826
0.00187998
0.00118479
0.000476831
0.00048933
27.3386
28.8584
28.8943
27.7748
25.9752
23.7325
21.0654
18.2158
15.4777
12.9453
10.673
8.74717
7.19434
5.97004
5.00813
4.24171
3.6091
3.06526
2.58633
2.16383
1.79635
1.48115
1.21371
0.988731
0.800919
0.646847
0.520687
0.417948
0.33443
0.266836
0.212235
0.167918
0.132344
0.103913
0.0812521
0.0631221
0.0488516
0.0376033
0.0287397
0.0217468
0.0162755
0.0120021
0.00869731
0.00616954
0.00426904
0.00288498
0.00187759
0.00118312
0.000476818
0.000487307
20.8828
22.6629
23.4349
23.3078
22.4245
20.9613
19.0222
16.7834
14.4906
12.2878
10.2556
8.48338
7.01945
5.84545
4.91201
4.16317
3.54443
3.01349
2.54653
2.13435
1.77499
1.46591
1.20295
0.981215
0.795745
0.643229
0.518177
0.41619
0.333206
0.265977
0.211629
0.167503
0.132055
0.103712
0.0811111
0.0630257
0.0487832
0.0375546
0.0287046
0.0217215
0.016257
0.0119887
0.00868748
0.0061624
0.00426391
0.00288132
0.00187507
0.00118138
0.00047655
0.000485138
14.7324
16.668
17.9343
18.5502
18.4829
17.7945
16.5899
15.0063
13.2312
11.4217
9.68319
8.1109
6.77055
5.67041
4.78109
4.06003
3.46177
2.94833
2.49679
2.0976
1.74839
1.44695
1.18957
0.971885
0.789325
0.638754
0.515077
0.414027
0.331703
0.264926
0.210891
0.166997
0.131705
0.103468
0.0809409
0.0629094
0.0487009
0.037496
0.0286626
0.0216913
0.016235
0.0119726
0.00867573
0.00615387
0.00425781
0.00287695
0.00187201
0.00117923
0.000476214
0.00048278
9.01328
11.0072
12.5756
13.7039
14.2894
14.3033
13.802
12.8806
11.6708
10.3126
8.92201
7.59992
6.42444
5.42807
4.6036
3.92421
3.35558
2.8659
2.43433
2.05156
1.71513
1.42325
1.17288
0.960246
0.781318
0.63319
0.511229
0.411351
0.329847
0.263633
0.209986
0.166378
0.131276
0.103171
0.0807335
0.0627677
0.0486005
0.0374246
0.0286115
0.0216547
0.0162083
0.0119533
0.00866162
0.00614366
0.00425048
0.00287164
0.00186827
0.0011766
0.000475813
0.000479995
3.88127
5.84138
7.55224
8.98926
10.0378
10.622
10.7424
10.4455
9.81018
8.94075
7.94456
6.92146
5.95576
5.09875
4.36508
3.74556
3.21883
2.76127
2.35563
1.99371
1.67336
1.39351
1.15194
0.945664
0.771286
0.626241
0.506432
0.408026
0.327548
0.262036
0.208873
0.165618
0.130752
0.102809
0.0804812
0.0625954
0.048479
0.0373385
0.02855
0.0216107
0.0161765
0.0119303
0.00864493
0.00613157
0.00424178
0.00286531
0.0018638
0.00117345
0.000475316
0.00047671
-0.491211
1.34876
3.0658
4.63473
5.95536
6.94051
7.55282
7.79358
7.69412
7.31578
6.74008
6.05459
5.34122
4.66179
4.04923
3.51191
3.04281
2.62824
2.25624
1.92081
1.62078
1.35608
1.1256
0.927318
0.758661
0.617519
0.500421
0.403875
0.324685
0.260055
0.207496
0.164679
0.130107
0.102363
0.080172
0.0623844
0.0483303
0.0372332
0.028475
0.0215573
0.0161378
0.0119025
0.00862477
0.00611695
0.00423122
0.00285761
0.00185833
0.00116958
0.000474627
0.000472798
-3.94348
-2.29927
-0.690578
0.860514
2.27767
3.48336
4.42477
5.07278
5.42108
5.49047
5.32779
4.99683
4.56685
4.09991
3.6399
3.21014
2.81757
2.45948
2.13078
1.82892
1.55448
1.30886
1.09235
0.904161
0.742712
0.606524
0.492855
0.398665
0.321101
0.257584
0.205785
0.163514
0.129308
0.101814
0.0797921
0.0621256
0.0481488
0.0371052
0.0283842
0.0214928
0.0160915
0.0118693
0.00860075
0.00609959
0.00421871
0.00284847
0.00185183
0.00116499
0.000473814
0.000468219
-6.36766
-4.97557
-3.56323
-2.14829
-0.78242
0.475638
1.57453
2.47243
3.14021
3.56786
3.76849
3.776
3.63802
3.40617
3.12561
2.82841
2.5329
2.24692
1.97306
1.71335
1.47098
1.24928
1.05034
0.874861
0.722503
0.592608
0.483291
0.392097
0.316595
0.254486
0.20365
0.162062
0.128316
0.101133
0.0793229
0.0618064
0.0479257
0.0369482
0.0282731
0.0214142
0.0160351
0.011829
0.00857164
0.00607855
0.00420353
0.00283735
0.0018439
0.00115936
0.000472685
0.000462723
-7.74946
-6.63781
-5.47609
-4.27726
-3.07168
-1.89782
-0.796335
0.19228
1.03128
1.6936
2.16746
2.45877
2.58965
2.59327
2.50606
2.36051
2.18091
1.98307
1.77675
1.56901
1.36628
1.17432
0.997315
0.837782
0.696864
0.574951
0.471163
0.383783
0.310901
0.250585
0.200971
0.160242
0.127077
0.100286
0.0787408
0.0614113
0.0476509
0.0367557
0.0281374
0.0213185
0.0159668
0.0117803
0.00853661
0.00605332
0.00418539
0.00282411
0.00183448
0.00115267
0.000471328
0.000456291
-8.18814
-7.35346
-6.45888
-5.51313
-4.53056
-3.53223
-2.54518
-1.60075
-0.731971
0.0302151
0.661559
1.14865
1.49119
1.7013
1.80001
1.81188
1.76004
1.66348
1.53668
1.39104
1.23624
1.0806
0.930657
0.790955
0.664352
0.552522
0.455749
0.373223
0.303681
0.245649
0.197594
0.157951
0.125521
0.0992252
0.0780152
0.0609196
0.0473105
0.0365181
0.0279706
0.0212012
0.0158832
0.0117209
0.00849398
0.00602267
0.00416338
0.00280805
0.00182304
0.00114455
0.000469507
0.000448625
-7.88111
-7.29233
-6.64721
-5.95122
-5.20833
-4.42696
-3.62196
-2.81331
-2.02469
-1.28191
-0.610403
-0.0317266
0.439769
0.799089
1.05057
1.20581
1.28035
1.2905
1.25137
1.17635
1.07736
0.964883
0.847617
0.732186
0.62329
0.524082
0.436161
0.359794
0.294502
0.239383
0.193317
0.155053
0.123559
0.0978916
0.0771061
0.0603049
0.0468872
0.0362239
0.0277649
0.0210571
0.015781
0.0116485
0.00844221
0.00598562
0.00413689
0.00278882
0.00180941
0.00113488
0.000467285
0.000439703
-7.07745
-6.68667
-6.25006
-5.77092
-5.24767
-4.68116
-4.07742
-3.44665
-2.80253
-2.16205
-1.54489
-0.971543
-0.460691
-0.026628
0.322617
0.585843
0.767847
0.877587
0.926257
0.925825
0.888239
0.824841
0.745732
0.659253
0.571843
0.4882
0.411335
0.342725
0.28282
0.231411
0.187885
0.151375
0.121073
0.0962068
0.0759615
0.0595323
0.0463577
0.0358575
0.0275098
0.020879
0.0156552
0.0115596
0.00837888
0.00594044
0.00410469
0.00276553
0.00179293
0.00112321
0.0004644
0.000429212
-6.0215
-5.7766
-5.49818
-5.1883
-4.84329
-4.46045
-4.04068
-3.5876
-3.10711
-2.60789
-2.10183
-1.60346
-1.12873
-0.693268
-0.310448
0.0102682
0.264238
0.451681
0.576887
0.647147
0.671647
0.660488
0.623703
0.570414
0.508292
0.443393
0.380087
0.321122
0.267984
0.221269
0.180975
0.146693
0.117911
0.0940695
0.0745137
0.0585566
0.0456921
0.0353991
0.0271919
0.0206581
0.0154998
0.0114503
0.00830136
0.00588541
0.00406568
0.00273748
0.00177319
0.0011093
0.000460838
0.000417106
-4.90971
-4.76408
-4.59591
-4.4066
-4.19239
-3.94965
-3.67702
-3.3746
-3.04361
-2.68696
-2.30997
-1.92053
-1.52893
-1.14712
-0.787643
-0.46231
-0.180721
0.0507588
0.229552
0.356758
0.43667
0.475952
0.482664
0.465213
0.431505
0.388367
0.341233
0.294009
0.249239
0.208401
0.172188
0.140731
0.113884
0.0913494
0.072675
0.0573189
0.0448511
0.0348224
0.0267938
0.0203824
0.015307
0.011315
0.0082059
0.00581794
0.00401804
0.00270341
0.00174931
0.00109255
0.000456281
0.000403074
-3.87229
-3.78966
-3.69287
-3.58298
-3.45694
-3.31153
-3.14485
-2.95565
-2.74305
-2.50688
-2.24836
-1.97044
-1.67804
-1.37805
-1.07909
-0.790837
-0.523149
-0.284855
-0.0827883
0.0790118
0.19959
0.280977
0.327628
0.345627
0.34172
0.322519
0.293871
0.26048
0.225807
0.192191
0.161062
0.133152
0.108752
0.0878823
0.0703335
0.0557433
0.0437842
0.0340938
0.026293
0.0200373
0.0150667
0.0111472
0.00808808
0.00573511
0.00395985
0.00266207
0.00172052
0.00107249
0.000450578
0.000387038
-2.97711
-2.93214
-2.87875
-2.81775
-2.74703
-2.66416
-2.56749
-2.45564
-2.32714
-2.18071
-2.01568
-1.83223
-1.63176
-1.41705
-1.1925
-0.964052
-0.738863
-0.524731
-0.329226
-0.158821
-0.0180788
0.0908461
0.168368
0.217147
0.2415
0.246616
0.237821
0.219956
0.197014
0.17202
0.14709
0.123568
0.102231
0.083466
0.0673486
0.0537336
0.0424261
0.0331694
0.0256602
0.0196027
0.0147657
0.010938
0.00794184
0.00563277
0.00388828
0.00261154
0.00168551
0.00104827
0.00044327
0.00036871
-2.2454
-2.22181
-2.19344
-2.16091
-2.12284
-2.07763
-2.02409
-1.96111
-1.88741
-1.80163
-1.70255
-1.58931
-1.46155
-1.31969
-1.16513
-1.0005
-0.82971
-0.657816
-0.490708
-0.334506
-0.194876
-0.0762697
0.0186007
0.0890788
0.136449
0.163568
0.174242
0.172604
0.162555
0.147421
0.129802
0.111578
0.0940045
0.0778633
0.0635499
0.0511699
0.0406944
0.0319937
0.0248577
0.0190536
0.0143872
0.0106759
0.00775963
0.0055059
0.0038
0.00254962
0.00164294
0.00101908
0.000433984
0.000348033
-1.6699
-1.65795
-1.64338
-1.62664
-1.6069
-1.58317
-1.55468
-1.52069
-1.48029
-1.4324
-1.37595
-1.30992
-1.23342
-1.14586
-1.04714
-0.937817
-0.819328
-0.694104
-0.565564
-0.437962
-0.316004
-0.204353
-0.107003
-0.0267757
0.0350567
0.0788099
0.106189
0.119843
0.122863
0.118309
0.1089
0.0968331
0.0837548
0.070816
0.0587409
0.047909
0.0384877
0.0304962
0.0238377
0.0183574
0.0139091
0.0103462
0.00753143
0.00534769
0.00369042
0.00247328
0.00159075
0.00098366
0.000422032
0.000324828
-1.22953
-1.2237
-1.21645
-1.20813
-1.19826
-1.18623
-1.17161
-1.15394
-1.13265
-1.10701
-1.07626
-1.03957
-0.996117
-0.945112
-0.885928
-0.818217
-0.742065
-0.658158
-0.567907
-0.473514
-0.377925
-0.284603
-0.197207
-0.119099
-0.0529203
-0.000212664
0.0387113
0.0647059
0.079494
0.0853021
0.0844717
0.0791755
0.0712393
0.0620817
0.0527155
0.0437898
0.0356861
0.0285915
0.0225403
0.0174729
0.0133035
0.00992989
0.00724454
0.00514969
0.00355393
0.00237882
0.00152671
0.000940658
0.000406731
0.000299153
-0.899083
-0.896344
-0.892867
-0.888883
-0.884126
-0.87825
-0.871007
-0.862141
-0.851313
-0.83809
-0.821981
-0.80243
-0.77883
-0.750534
-0.716903
-0.677364
-0.631498
-0.579155
-0.520573
-0.456505
-0.388293
-0.317892
-0.24775
-0.180614
-0.119178
-0.0657477
-0.0218958
0.0117091
0.0353335
0.0500035
0.0572534
0.0588221
0.0564091
0.0515028
0.0452938
0.0386503
0.0321589
0.0261807
0.0208941
0.0163494
0.0125352
0.00940299
0.00688255
0.00490079
0.00338308
0.00226137
0.00144761
0.00088821
0.000387025
0.000271019
-0.654514
-0.6533
-0.651704
-0.649884
-0.647692
-0.644936
-0.641481
-0.637192
-0.631879
-0.625297
-0.617156
-0.607119
-0.594795
-0.579744
-0.561484
-0.539517
-0.513366
-0.482633
-0.447069
-0.406677
-0.361798
-0.3132
-0.262124
-0.210236
-0.159521
-0.11205
-0.0697279
-0.0340065
-0.0057089
0.0150568
0.0288169
0.0365726
0.0395738
0.0391179
0.0363895
0.0323644
0.027782
0.0231594
0.0188182
0.0149274
0.0115617
0.00873573
0.00642504
0.00458717
0.00316865
0.00211491
0.00134975
0.000824112
0.00036175
0.000240637
-0.475224
-0.474735
-0.474052
-0.473277
-0.472332
-0.47111
-0.469542
-0.467558
-0.465056
-0.461903
-0.457938
-0.452968
-0.446764
-0.439055
-0.429528
-0.417835
-0.403604
-0.386459
-0.366057
-0.342139
-0.314591
-0.283523
-0.249336
-0.212779
-0.174941
-0.137206
-0.101108
-0.0681506
-0.0395895
-0.016266
0.00150243
0.0139046
0.0215464
0.025292
0.0261037
0.0249008
0.0224719
0.0194348
0.0162303
0.013141
0.0103331
0.00789215
0.00584663
0.00419126
0.00289871
0.00193154
0.00122799
0.000745386
0.000329204
0.000208161
-0.344671
-0.344515
-0.344259
-0.34397
-0.343608
-0.343115
-0.342455
-0.341593
-0.340478
-0.339039
-0.33719
-0.334827
-0.331821
-0.328018
-0.323231
-0.317244
-0.309811
-0.30066
-0.289507
-0.276077
-0.260134
-0.241529
-0.220247
-0.196469
-0.170618
-0.143378
-0.115683
-0.0886273
-0.0633575
-0.0409019
-0.022036
-0.00717003
0.00367264
0.010817
0.0148316
0.0164071
0.0162416
0.0149597
0.0130651
0.0109274
0.00879728
0.00683195
0.00511772
0.00369212
0.00255888
0.00170171
0.00107636
0.000648537
0.000287561
0.000173948
-0.250041
-0.250028
-0.249964
-0.249891
-0.24979
-0.249629
-0.249391
-0.249058
-0.248605
-0.247995
-0.247185
-0.246119
-0.244729
-0.242929
-0.240618
-0.237669
-0.233935
-0.229244
-0.223401
-0.2162
-0.207426
-0.196887
-0.184431
-0.16999
-0.153619
-0.135538
-0.116159
-0.0960851
-0.0760757
-0.0569721
-0.0395821
-0.024574
-0.0123735
-0.003123
0.00331236
0.0072822
0.00926522
0.00977753
0.00930215
0.00824234
0.00690644
0.00551325
0.00420508
0.00306492
0.0021314
0.00141327
0.000886821
0.000528817
0.000234163
0.000138058
-0.181684
-0.181725
-0.18174
-0.181756
-0.181763
-0.181745
-0.181692
-0.181597
-0.181447
-0.181225
-0.180907
-0.180466
-0.179867
-0.179064
-0.178003
-0.176614
-0.174815
-0.172504
-0.169564
-0.16586
-0.161242
-0.155552
-0.148637
-0.140366
-0.130651
-0.119486
-0.106967
-0.0933255
-0.0789415
-0.0643218
-0.0500651
-0.0367827
-0.0250204
-0.0151733
-0.00743893
-0.00180194
0.0019314
0.00407819
0.00500889
0.00508841
0.0046351
0.00390279
0.00307752
0.00228428
0.00159733
0.00105302
0.000650941
0.000381368
0.000166727
0.000101064
-0.132428
-0.132487
-0.13253
-0.132577
-0.132624
-0.132661
-0.132684
-0.132689
-0.132671
-0.13262
-0.132525
-0.132373
-0.132146
-0.131822
-0.131371
-0.130758
-0.129937
-0.128853
-0.127439
-0.125613
-0.123284
-0.120344
-0.116681
-0.112178
-0.106726
-0.100244
-0.0926929
-0.0841034
-0.0745957
-0.0643961
-0.0538324
-0.0433169
-0.0332966
-0.0241992
-0.0163655
-0.0100053
-0.00517239
-0.00177809
0.000375415
0.00154485
0.00199974
0.00198702
0.00171094
0.00132554
0.000935773
0.000605059
0.000357448
0.000199093
8.12206e-05
6.2118e-05
-0.0970347
-0.0970942
-0.0971449
-0.0971981
-0.0972537
-0.0973067
-0.0973547
-0.097396
-0.0974284
-0.0974478
-0.0974489
-0.0974247
-0.0973666
-0.097263
-0.0970996
-0.0968576
-0.0965138
-0.0960387
-0.0953961
-0.0945411
-0.0934198
-0.0919684
-0.0901133
-0.0877731
-0.0848616
-0.0812954
-0.077002
-0.0719353
-0.0660902
-0.0595206
-0.0523546
-0.0447959
-0.0371195
-0.0296418
-0.0226849
-0.0165272
-0.0113653
-0.00728638
-0.00426899
-0.00220005
-0.000908899
-0.00020199
0.000107145
0.000178144
0.000133583
5.81547e-05
-1.30494e-06
-2.21287e-05
-2.3423e-05
2.27219e-05
-0.0716974
-0.0717513
-0.0717995
-0.0718497
-0.0719031
-0.071957
-0.0720099
-0.072061
-0.0721092
-0.0721528
-0.0721891
-0.0722149
-0.0722262
-0.0722177
-0.0721822
-0.0721107
-0.0719911
-0.0718083
-0.071543
-0.0711712
-0.0706633
-0.0699832
-0.0690877
-0.0679266
-0.0664425
-0.0645735
-0.062256
-0.0594316
-0.0560549
-0.0521057
-0.0476003
-0.042605
-0.0372408
-0.0316841
-0.0261513
-0.0208767
-0.0160777
-0.0119246
-0.00851469
-0.00586586
-0.00392297
-0.00257932
-0.00170153
-0.00115443
-0.000818623
-0.000600696
-0.000437563
-0.000291795
-0.000153597
-2.06577e-05
-0.0536504
-0.0536982
-0.0537417
-0.0537861
-0.0538332
-0.0538817
-0.0539304
-0.0539791
-0.0540277
-0.0540754
-0.0541213
-0.0541638
-0.0542009
-0.0542301
-0.0542477
-0.0542492
-0.0542288
-0.0541788
-0.0540897
-0.053949
-0.0537414
-0.0534471
-0.0530422
-0.0524974
-0.051778
-0.0508441
-0.0496514
-0.0481531
-0.0463033
-0.0440632
-0.0414069
-0.0383318
-0.0348665
-0.0310781
-0.0270748
-0.0229992
-0.0190158
-0.0152871
-0.0119525
-0.00910557
-0.00678484
-0.00497351
-0.00361217
-0.00261563
-0.00189194
-0.001357
-0.000943098
-0.000604006
-0.000303787
-6.38984e-05
-0.0409806
-0.0410213
-0.0410585
-0.0410962
-0.0411364
-0.0411782
-0.0412207
-0.0412637
-0.0413072
-0.041351
-0.0413947
-0.0414377
-0.0414792
-0.0415181
-0.0415529
-0.0415813
-0.0416005
-0.0416066
-0.0415947
-0.0415584
-0.0414898
-0.0413787
-0.0412122
-0.0409743
-0.0406453
-0.0402015
-0.0396152
-0.038855
-0.0378866
-0.0366752
-0.0351883
-0.0334005
-0.0312995
-0.0288925
-0.0262123
-0.0233211
-0.0203082
-0.0172845
-0.0143672
-0.0116656
-0.00926284
-0.00720698
-0.00550694
-0.00413876
-0.00305574
-0.00220181
-0.00151989
-0.000964746
-0.000480279
-0.000111686
-0.032254
-0.0322872
-0.0323175
-0.032348
-0.0323804
-0.0324141
-0.0324485
-0.0324833
-0.0325188
-0.0325549
-0.0325916
-0.0326286
-0.0326657
-0.0327023
-0.0327379
-0.0327713
-0.0328012
-0.0328257
-0.0328423
-0.0328479
-0.0328384
-0.0328083
-0.0327508
-0.0326573
-0.0325167
-0.0323158
-0.0320381
-0.0316643
-0.0311721
-0.0305364
-0.0297308
-0.0287288
-0.027507
-0.026049
-0.0243497
-0.0224207
-0.0202939
-0.018022
-0.0156768
-0.0133409
-0.011098
-0.00902083
-0.00716213
-0.00554922
-0.0041846
-0.00305127
-0.00211572
-0.00134478
-0.000670179
-0.000164152
-0.0266938
-0.0267172
-0.0267387
-0.0267604
-0.0267835
-0.0268078
-0.0268327
-0.0268582
-0.0268844
-0.0269114
-0.0269392
-0.0269677
-0.026997
-0.0270267
-0.0270565
-0.027086
-0.0271144
-0.0271406
-0.0271636
-0.0271817
-0.0271929
-0.0271943
-0.0271825
-0.0271526
-0.0270985
-0.0270122
-0.026884
-0.0267021
-0.0264522
-0.0261176
-0.0256791
-0.0251155
-0.0244047
-0.0235249
-0.0224576
-0.0211908
-0.0197227
-0.0180661
-0.0162501
-0.014321
-0.0123387
-0.0103715
-0.00848653
-0.00674216
-0.00517993
-0.00382153
-0.00266321
-0.00169146
-0.000835239
-0.000198472
-0.0234641
-0.023475
-0.0234853
-0.0234959
-0.0235073
-0.0235193
-0.0235317
-0.0235444
-0.0235575
-0.0235711
-0.0235852
-0.0235999
-0.0236151
-0.0236308
-0.0236468
-0.0236628
-0.0236784
-0.0236929
-0.0237059
-0.0237163
-0.0237231
-0.0237244
-0.0237184
-0.023702
-0.0236716
-0.0236222
-0.0235478
-0.0234408
-0.0232921
-0.0230901
-0.0228216
-0.0224706
-0.0220188
-0.0214465
-0.020733
-0.0198589
-0.0188089
-0.0175752
-0.0161611
-0.0145847
-0.0128808
-0.0110994
-0.0093024
-0.00755567
-0.00591955
-0.00444082
-0.00313941
-0.00202178
-0.0010176
-0.000255804
-489.078
-326.328
-235.064
-179.602
-137.035
-103.48
-75.3249
-51.1504
-29.94
-11.0328
6.1782
22.1235
37.0173
51.0038
64.2151
76.7737
88.7494
100.149
110.983
121.351
131.373
141.131
150.654
159.939
169.009
177.893
186.622
195.221
203.711
212.105
220.42
228.665
236.844
244.956
253.011
261.03
269
276.881
284.663
292.387
300.116
307.867
315.645
323.461
331.317
339.216
347.185
355.308
363.763
372.831
382.891
394.387
407.681
422.672
438.711
455.509
473.499
490.017
496.146
489.986
-488.929
-326.635
-235.202
-179.677
-137.072
-103.493
-75.3184
-51.1289
-29.905
-10.9823
6.2478
22.2114
37.1204
51.121
64.3462
76.9196
88.9113
100.333
111.196
121.601
131.663
141.463
151.028
160.362
169.489
178.439
187.242
195.926
204.513
213.019
221.46
229.848
238.186
246.481
254.742
262.984
271.194
279.363
287.51
295.671
303.88
312.164
320.545
329.037
337.663
346.494
355.686
365.52
376.37
388.611
402.446
417.725
433.814
449.564
463.461
474.086
480.541
481.476
473.549
458.791
-488.146
-326.954
-235.346
-179.75
-137.107
-103.502
-75.3104
-51.1063
-29.8658
-10.9212
6.32649
22.2971
37.2103
51.2181
64.4535
77.0389
89.0448
100.487
111.384
121.825
131.917
141.738
151.32
160.674
169.823
178.798
187.628
196.34
204.956
213.492
221.962
230.376
238.74
247.064
255.358
263.621
271.84
280.019
288.195
296.416
304.709
313.09
321.583
330.225
339.098
348.368
358.292
369.18
381.264
394.541
408.621
422.679
435.567
446.03
452.941
455.616
454.319
449.957
442.213
431.88
-486.866
-327.209
-235.472
-179.806
-137.13
-103.504
-75.2967
-51.0782
-29.8186
-10.8492
6.4147
22.3908
37.3094
51.326
64.574
77.1725
89.1898
100.644
111.563
122.035
132.162
142.025
151.654
161.064
170.28
179.333
188.255
197.071
205.806
214.477
223.099
231.683
240.237
248.774
257.304
265.825
274.334
282.844
291.39
300.017
308.757
317.646
326.74
336.138
345.999
356.523
367.879
380.086
392.879
405.642
417.463
427.317
434.323
437.951
438.098
435.173
430.245
424.577
417.975
410.189
-485.082
-327.441
-235.601
-179.864
-137.152
-103.505
-75.2806
-51.0453
-29.7648
-10.7716
6.51477
22.5113
37.4475
51.4795
64.7437
77.3594
89.3937
100.865
111.808
122.31
132.47
142.363
152.021
161.46
170.708
179.795
188.754
197.61
206.387
215.104
223.777
232.418
241.036
249.645
258.255
266.867
275.488
284.14
292.864
301.702
310.699
319.92
329.457
339.427
349.937
361.008
372.484
383.957
394.776
404.151
411.338
415.831
417.498
416.588
413.622
409.298
404.49
399.949
395.255
389.838
-482.676
-327.658
-235.734
-179.924
-137.174
-103.503
-75.2608
-51.0093
-29.7096
-10.6946
6.61202
22.6268
37.5804
51.6308
64.9155
77.5534
89.6115
101.112
112.093
122.644
132.862
142.82
152.548
162.067
171.405
180.594
189.666
198.647
207.561
216.426
225.26
234.074
242.88
251.69
260.515
269.357
278.231
287.168
296.213
305.415
314.831
324.527
334.554
344.909
355.478
365.978
375.945
384.788
391.912
396.863
399.446
399.765
398.191
395.248
391.476
387.358
383.367
379.86
376.423
372.547
-479.539
-327.818
-235.858
-179.987
-137.196
-103.496
-75.2313
-50.9602
-29.6401
-10.5999
6.73307
22.7703
37.7438
51.8138
65.1184
77.7751
89.8502
101.37
112.377
122.961
133.217
143.212
152.98
162.543
171.932
181.179
190.316
199.37
208.364
217.32
226.252
235.173
244.098
253.038
262.001
270.997
280.049
289.191
298.467
307.914
317.554
327.368
337.26
347.023
356.32
364.715
371.743
377.014
380.314
381.65
381.244
379.472
376.774
373.57
370.191
366.871
363.831
361.225
358.733
355.995
-475.679
-327.905
-235.981
-180.058
-137.224
-103.491
-75.2013
-50.9079
-29.5644
-10.4957
6.86859
22.935
37.937
52.0373
65.3752
78.0664
90.1772
101.738
112.798
123.447
133.774
143.846
153.696
163.349
172.837
182.194
191.449
200.63
209.76
218.858
227.939
237.015
246.099
255.2
264.327
273.492
282.717
292.023
301.418
310.873
320.303
329.545
338.343
346.366
353.253
358.682
362.445
364.497
364.963
364.105
362.264
359.786
356.984
354.098
351.29
348.664
346.322
344.329
342.48
340.588
-471.111
-327.888
-236.096
-180.128
-137.25
-103.481
-75.1627
-50.8448
-29.4759
-10.3771
7.0182
23.1117
38.138
52.2629
65.6264
78.3424
90.4772
102.066
113.165
123.861
134.243
144.372
154.282
164.004
173.568
183.01
192.358
201.64
210.876
220.085
229.279
238.468
247.662
256.865
266.082
275.314
284.555
293.775
302.9
311.794
320.257
328.029
334.824
340.377
344.499
347.118
348.298
348.22
347.141
345.349
343.116
340.67
338.187
335.785
333.539
331.501
329.719
328.208
326.852
325.622
-465.776
-327.682
-236.188
-180.193
-137.272
-103.463
-75.1122
-50.7638
-29.3621
-10.2241
7.21284
23.3447
38.4081
52.5715
65.9759
78.7335
90.9107
102.549
113.709
124.478
134.939
145.151
155.149
164.964
174.63
184.178
193.638
203.033
212.381
221.696
230.986
240.256
249.505
258.725
267.897
276.984
285.919
294.59
302.832
310.438
317.175
322.823
327.214
330.268
332.009
332.559
332.117
330.916
329.192
327.157
324.98
322.792
320.683
318.709
316.908
315.315
313.95
312.793
311.806
311.1
-459.589
-327.192
-236.223
-180.237
-137.282
-103.435
-75.0538
-50.676
-29.2426
-10.0665
7.40997
23.5768
38.6726
52.8689
66.3075
79.0985
91.3098
102.989
114.202
125.035
135.565
145.848
155.922
165.818
175.57
185.207
194.754
204.231
213.65
223.018
232.333
241.584
250.749
259.788
268.634
277.191
285.321
292.852
299.592
305.355
309.992
313.421
315.641
316.736
316.856
316.194
314.951
313.32
311.465
309.516
307.57
305.698
303.946
302.341
300.907
299.674
298.647
297.775
297.083
296.803
-452.439
-326.299
-236.165
-180.239
-137.266
-103.382
-74.9667
-50.5538
-29.0808
-9.85722
7.66898
23.8814
39.0208
53.2616
66.7459
79.5822
91.8398
103.573
114.852
125.76
136.369
146.731
156.885
166.862
176.692
186.401
196.007
205.522
214.948
224.275
233.483
242.532
251.362
259.883
267.976
275.498
282.285
288.177
293.043
296.8
299.434
301.001
301.614
301.433
300.63
299.381
297.838
296.131
294.361
292.604
290.913
289.329
287.877
286.57
285.427
284.477
283.716
283.07
282.611
282.682
-444.189
-324.848
-235.962
-180.179
-137.22
-103.309
-74.866
-50.4216
-28.9111
-9.64164
7.93214
24.1874
39.3669
53.648
67.173
80.0486
92.3468
104.128
115.466
126.439
137.115
147.542
157.756
167.786
177.658
187.389
196.986
206.447
215.754
224.873
233.75
242.305
250.435
258.012
264.897
270.95
276.053
280.125
283.144
285.144
286.213
286.48
286.098
285.22
283.992
282.54
280.965
279.348
277.748
276.209
274.763
273.435
272.238
271.18
270.277
269.561
269.02
268.56
268.292
268.654
-434.686
-322.651
-235.53
-180.008
-137.109
-103.186
-74.7186
-50.2415
-28.6895
-9.36825
8.25918
24.5633
39.7889
54.1155
67.685
80.6029
92.9438
104.774
116.168
127.198
137.926
148.396
158.638
168.677
178.527
188.193
197.663
206.913
215.895
224.542
232.762
240.446
247.47
253.71
259.059
263.44
266.824
269.228
270.722
271.413
271.43
270.914
270
268.807
267.439
265.978
264.489
263.018
261.604
260.271
259.041
257.928
256.944
256.09
255.384
254.86
254.499
254.192
254.081
254.687
-423.754
-319.49
-234.772
-179.68
-136.919
-103.011
-74.5373
-50.0366
-28.4485
-9.07999
8.59662
24.9451
40.2114
54.5769
68.1825
81.1327
93.505
105.37
116.799
127.859
138.604
149.069
159.277
169.241
178.959
188.414
197.571
206.374
214.745
222.588
229.795
236.256
241.872
246.571
250.316
253.117
255.024
256.127
256.539
256.384
255.788
254.868
253.724
252.439
251.083
249.706
248.349
247.042
245.808
244.663
243.621
242.695
241.891
241.21
240.67
240.306
240.097
239.918
239.94
240.749
-411.191
-315.112
-233.54
-179.106
-136.592
-102.742
-74.2826
-49.7688
-28.1498
-8.73713
8.98569
25.3753
40.678
55.0757
68.7076
81.6771
94.0638
105.939
117.37
128.415
139.116
149.496
159.566
169.32
178.734
187.764
196.348
204.404
211.839
218.555
224.462
229.491
233.603
236.798
239.114
240.625
241.429
241.638
241.369
240.732
239.827
238.738
237.535
236.275
234.999
233.742
232.53
231.381
230.311
229.331
228.453
227.685
227.034
226.499
226.098
225.87
225.789
225.719
225.851
226.831
-396.779
-309.258
-231.662
-178.192
-136.08
-102.358
-73.9533
-49.4503
-27.8173
-8.37473
9.38038
25.7969
41.1201
55.5307
69.1654
82.126
94.4919
106.332
117.705
128.657
139.215
149.385
159.16
168.509
177.385
185.721
193.44
200.455
206.687
212.07
216.565
220.165
222.897
224.822
226.026
226.609
226.68
226.344
225.698
224.826
223.802
222.682
221.513
220.333
219.169
218.044
216.974
215.973
215.051
214.219
213.483
212.854
212.335
211.926
211.645
211.532
211.56
211.583
211.81
212.93
-380.302
-301.663
-228.908
-176.792
-135.29
-101.795
-73.503
-49.046
-27.4243
-7.9737
9.79249
26.2139
41.5323
55.9255
69.5258
82.4318
94.7198
106.451
117.673
128.413
138.68
148.463
157.728
166.428
174.498
181.868
188.469
194.239
199.142
203.165
206.329
208.683
210.301
211.274
211.703
211.687
211.321
210.69
209.867
208.913
207.878
206.8
205.711
204.635
203.592
202.597
201.662
200.796
200.008
199.306
198.696
198.187
197.783
197.484
197.306
197.293
197.414
197.517
197.823
199.06
-361.588
-292.101
-225.027
-174.742
-134.124
-101
-72.9077
-48.5541
-26.9876
-7.56777
10.1718
26.5591
41.8292
56.1539
69.6594
82.4381
94.5586
106.07
117.003
127.366
137.148
146.319
154.832
162.632
169.661
175.869
181.218
185.696
189.318
192.124
194.179
195.566
196.377
196.707
196.649
196.286
195.693
194.932
194.057
193.11
192.123
191.126
190.138
189.176
188.255
187.385
186.575
185.834
185.167
184.581
184.084
183.683
183.381
183.177
183.091
183.164
183.366
183.538
183.913
185.241
-340.555
-280.402
-219.734
-171.836
-132.438
-99.8798
-72.1084
-47.9417
-26.4961
-7.16574
10.49
26.7834
41.9388
56.1186
69.4395
81.9839
93.8082
104.946
115.41
125.191
134.265
142.593
150.132
156.842
162.692
167.671
171.79
175.083
177.607
179.439
180.663
181.37
181.65
181.586
181.253
180.717
180.032
179.244
178.39
177.498
176.593
175.694
174.815
173.97
173.167
172.415
171.723
171.095
170.539
170.059
169.663
169.359
169.148
169.03
169.024
169.173
169.445
169.677
170.109
171.508
-317.294
-266.491
-212.764
-167.856
-130.075
-98.3373
-71.0547
-47.1953
-25.9681
-6.81486
10.6716
26.7821
41.7254
55.6504
68.6605
80.8249
92.1854
102.761
112.549
121.535
129.693
136.996
143.423
148.966
153.636
157.464
160.503
162.82
164.497
165.62
166.276
166.548
166.512
166.234
165.774
165.178
164.486
163.731
162.939
162.131
161.324
160.531
159.764
159.032
158.344
157.705
157.122
156.601
156.147
155.765
155.462
155.246
155.118
155.078
155.144
155.359
155.69
155.975
156.455
157.904
-292.109
-250.414
-203.895
-162.577
-126.853
-96.2489
-69.6731
-46.2856
-25.4127
-6.56007
10.6367
26.4403
41.0382
54.5618
67.099
78.7051
89.4098
99.2232
108.142
116.158
123.262
129.455
134.749
139.177
142.788
145.644
147.824
149.41
150.487
151.138
151.44
151.461
151.262
150.894
150.399
149.813
149.166
148.479
147.773
147.063
146.361
145.678
145.023
144.402
143.823
143.291
142.812
142.391
142.033
141.743
141.526
141.391
141.339
141.37
141.501
141.774
142.156
142.487
143.007
144.485
-265.536
-232.364
-193.022
-155.814
-122.6
-93.4943
-67.8971
-45.1966
-24.8601
-6.47438
10.2719
25.6058
39.6891
52.6332
64.5117
75.3701
85.234
94.1173
102.03
108.983
114.999
120.11
124.367
127.831
130.576
132.684
134.237
135.318
136.006
136.372
136.477
136.377
136.117
135.737
135.268
134.736
134.162
133.565
132.958
132.353
131.759
131.187
130.641
130.129
129.655
129.226
128.847
128.521
128.253
128.049
127.914
127.854
127.872
127.968
128.157
128.481
128.907
129.276
129.828
131.316
-238.287
-212.689
-180.188
-147.461
-117.177
-89.9601
-65.6591
-43.9105
-24.3403
-6.63158
9.46406
24.132
37.5059
49.6791
60.7156
70.6595
79.5438
87.398
94.2551
100.156
105.152
109.307
112.694
115.392
117.487
119.059
120.19
120.951
121.41
121.623
121.641
121.506
121.252
120.909
120.502
120.049
119.567
119.07
118.568
118.072
117.588
117.124
116.686
116.279
115.909
115.579
115.294
115.059
114.878
114.755
114.696
114.707
114.79
114.944
115.186
115.554
116.015
116.417
116.993
118.472
-211.135
-191.887
-165.631
-137.539
-110.524
-85.5772
-62.9161
-42.4231
-23.8893
-7.1037
8.11286
21.9015
34.3689
45.595
55.6418
64.5611
72.4019
79.2161
85.062
90.0065
94.1244
97.4964
100.207
102.34
103.977
105.195
106.062
106.64
106.982
107.135
107.138
107.022
106.816
106.541
106.216
105.857
105.477
105.085
104.692
104.304
103.929
103.573
103.24
102.935
102.663
102.428
102.234
102.086
101.987
101.941
101.954
102.031
102.174
102.381
102.669
103.074
103.564
103.991
104.583
106.035
-184.793
-170.563
-149.769
-126.231
-102.694
-80.3408
-59.6554
-40.7348
-23.5263
-7.92472
6.17967
18.8853
30.2758
40.4237
49.3949
57.2537
64.0676
69.9087
74.8552
78.9903
82.3997
85.1698
87.3845
89.1231
90.4585
91.4564
92.1745
92.6631
92.9651
93.1168
93.1487
93.0866
92.9516
92.7614
92.531
92.2727
91.9969
91.7124
91.4269
91.1467
90.8778
90.6252
90.3936
90.1873
90.0102
89.8663
89.7595
89.6934
89.6717
89.698
89.7772
89.9143
90.1111
90.3662
90.6938
91.1282
91.6382
92.0852
92.6836
94.0916
-159.824
-149.365
-133.163
-113.884
-93.8729
-74.3364
-55.9102
-38.8527
-23.2419
-9.06705
3.71902
15.1772
25.3729
34.3743
42.2529
49.0844
54.9494
59.9327
64.1218
67.6049
70.4683
72.7945
74.6601
76.1349
77.2812
78.1536
78.7995
79.2593
79.5675
79.753
79.8401
79.8494
79.7979
79.7001
79.5679
79.4117
79.2402
79.0608
78.8801
78.7037
78.5366
78.3835
78.2485
78.1355
78.0481
77.9898
77.9643
77.9748
78.0247
78.1173
78.2568
78.448
78.6921
78.9879
79.3481
79.8043
80.3266
80.7857
81.3828
82.7307
-136.623
-128.905
-116.436
-100.969
-84.3683
-67.7364
-51.7559
-36.7809
-22.982
-10.4215
0.8975
11.0053
19.9523
27.8023
34.6287
40.512
45.5373
49.7919
53.3626
56.3337
58.7845
60.7884
62.4117
63.7135
64.7455
65.5524
66.1726
66.6389
66.979
67.2163
67.3705
67.4582
67.4936
67.4884
67.4528
67.3955
67.3238
67.2443
67.1626
67.0837
67.0121
66.9518
66.9066
66.8801
66.8754
66.8959
66.9446
67.0246
67.1388
67.2904
67.4829
67.7205
68.0044
68.333
68.7179
69.1875
69.7136
70.1773
70.7647
72.0381
-115.431
-109.691
-100.186
-88.0092
-74.5634
-60.7786
-47.3016
-34.5193
-22.6524
-11.8097
-2.02946
6.69512
14.4007
21.1437
26.9933
32.0267
36.3246
39.9683
43.0367
45.6043
47.7397
49.5054
50.9566
52.142
53.1038
53.8785
54.4972
54.9863
55.3684
55.6627
55.8852
56.0498
56.1681
56.2502
56.3045
56.3386
56.3588
56.3707
56.3793
56.389
56.4038
56.4273
56.4629
56.5138
56.5828
56.6729
56.7868
56.9274
57.097
57.2985
57.535
57.8103
58.1249
58.4777
58.8785
59.3526
59.874
60.3344
60.9039
62.0903
-96.3763
-92.0881
-84.9098
-75.4905
-64.8496
-53.7225
-42.6714
-32.0662
-22.1395
-13.0211
-4.77012
2.60354
9.12329
14.8347
19.7971
24.0776
27.7466
30.8737
33.5258
35.7653
37.6492
39.2283
40.5477
41.6468
42.5598
43.316
43.9406
44.4551
44.878
45.2248
45.5091
45.7422
45.9339
46.0928
46.226
46.3401
46.4404
46.532
46.6192
46.7058
46.7954
46.8912
46.9962
47.1132
47.2447
47.3934
47.5617
47.752
47.9664
48.2074
48.4778
48.7805
49.1162
49.4834
49.8909
50.3606
50.8685
51.318
51.8617
52.9512
-79.4994
-76.3147
-70.9575
-63.799
-55.5648
-46.8095
-37.9902
-29.4298
-21.3454
-13.8682
-7.06553
-0.958444
4.46426
9.23542
13.4013
17.0156
20.1348
22.8151
25.1101
27.0697
28.7392
30.1594
31.3659
32.3902
33.2594
33.9973
34.624
35.157
35.6112
35.9996
36.3332
36.6216
36.8729
37.0944
37.2922
37.4717
37.6379
37.7948
37.9464
38.0959
38.2465
38.4009
38.5619
38.7318
38.913
39.1076
39.3178
39.5456
39.793
40.062
40.3549
40.6743
41.0206
41.3922
41.7968
42.2532
42.7395
43.1705
43.6815
44.6673
-64.7733
-62.4541
-58.5232
-53.1861
-46.9537
-40.2303
-33.3699
-26.6361
-20.2155
-14.2277
-8.73976
-3.77892
0.655892
4.58517
8.04162
11.0648
13.6973
15.9818
17.9594
19.6683
21.1437
22.4168
23.5158
24.465
25.2861
25.9975
26.6156
27.1543
27.6257
28.0403
28.4073
28.7345
29.0288
29.2961
29.5416
29.7701
29.9856
30.1917
30.3916
30.5883
30.7845
30.9826
31.1847
31.3932
31.6099
31.8367
32.0754
32.3279
32.5958
32.8807
33.1846
33.5097
33.8561
34.2224
34.615
35.0497
35.507
35.9129
36.3852
37.2639
-52.1158
-50.485
-47.6677
-43.7732
-39.1601
-34.1159
-28.9052
-23.7327
-18.7501
-14.0592
-9.72136
-5.76605
-2.19948
0.988467
3.81854
6.31777
8.51619
10.4446
12.1332
13.6102
14.902
16.0322
17.022
17.8904
18.6538
19.3269
19.9225
20.4515
20.9238
21.3476
21.7305
22.0788
22.3982
22.6936
22.9693
23.2293
23.4769
23.7153
23.947
24.1747
24.4006
24.6268
24.8551
25.0874
25.3254
25.5706
25.8247
26.089
26.3651
26.6543
26.9581
27.2784
27.6151
27.9671
28.3395
28.7453
29.1675
29.5428
29.972
30.7432
-41.4019
-40.3129
-38.3551
-35.5821
-32.245
-28.5451
-24.6747
-20.7877
-17.0023
-13.4012
-10.0374
-6.93972
-4.11883
-1.57217
0.711663
2.7496
4.56157
6.16874
7.59222
8.85231
9.96799
10.9567
11.8342
12.6146
13.3105
13.9332
14.4923
14.9966
15.4536
15.8701
16.2519
16.6042
16.9315
17.2378
17.5267
17.8014
18.0646
18.3189
18.5666
18.8097
19.0501
19.2896
19.5297
19.772
20.0179
20.2687
20.5257
20.7902
21.0633
21.3461
21.6399
21.9462
22.2649
22.5949
22.9402
23.3116
23.6942
24.0347
24.4183
25.0848
-32.4748
-31.7989
-30.49
-28.5695
-26.2126
-23.5581
-20.7435
-17.8816
-15.0616
-12.3487
-9.7868
-7.40224
-5.20757
-3.20515
-1.39018
0.24687
1.71832
3.03792
4.21987
5.27815
6.22608
7.0761
7.83962
8.527
9.14759
9.70973
10.2208
10.6875
11.1157
11.5104
11.8764
12.2176
12.5376
12.8397
13.1267
13.4011
13.6652
13.9211
14.1705
14.4153
14.6569
14.8967
15.136
15.3762
15.6184
15.8637
16.1131
16.3676
16.6283
16.896
17.1718
17.4567
17.7507
18.0527
18.3661
18.6994
19.0397
19.3429
19.6798
20.2472
-25.1568
-24.7806
-23.9461
-22.6563
-21.0327
-19.1698
-17.1643
-15.0972
-13.0347
-11.0268
-9.10867
-7.3032
-5.62309
-4.07336
-2.65342
-1.35881
-0.182573
0.883699
1.8491
2.72288
3.51409
4.23132
4.88262
5.47538
6.01635
6.51164
6.96673
7.38657
7.77554
8.13759
8.47621
8.79451
9.09529
9.38102
9.65394
9.91604
10.1691
10.4148
10.6545
10.8897
11.1215
11.3512
11.5797
11.808
12.0373
12.2682
12.5017
12.7387
12.9798
13.2258
13.4776
13.7359
14.0007
14.271
14.5494
14.8427
15.14
15.4051
15.696
16.1718
-19.2574
-19.0847
-18.5833
-17.746
-16.656
-15.3769
-13.9757
-12.5098
-11.0273
-9.56567
-8.15265
-6.80716
-5.54095
-4.3601
-3.26641
-2.2586
-1.33327
-0.485684
0.289661
0.998621
1.6471
2.24087
2.78542
3.28588
3.747
4.17315
4.56829
4.936
5.27952
5.60177
5.90535
6.19262
6.46568
6.72641
6.97652
7.21756
7.45091
7.67782
7.89944
8.11685
8.33102
8.54283
8.75314
8.96276
9.17245
9.38293
9.59488
9.80895
10.0258
10.2459
10.47
10.6987
10.9318
11.1686
11.4111
11.6644
11.9195
12.1472
12.3943
12.7875
-14.5805
-14.5352
-14.2566
-13.7328
-13.0202
-12.1605
-11.1998
-10.178
-9.12954
-8.08216
-7.05699
-6.06926
-5.12917
-4.2428
-3.41306
-2.64048
-1.92388
-1.2609
-0.648468
-0.08306
0.439017
0.921485
1.36797
1.78195
2.16666
2.52515
2.86019
3.17434
3.46992
3.74904
4.01361
4.26534
4.5058
4.73638
4.95838
5.17294
5.38112
5.58387
5.78206
5.97653
6.16803
6.35725
6.54485
6.73146
6.91769
7.1041
7.29122
7.47958
7.66965
7.86188
8.05678
8.25482
8.45583
8.65914
8.86626
9.08116
9.2964
9.48861
9.69512
10.0156
-10.9325
-10.9585
-10.8209
-10.5064
-10.0526
-9.48665
-8.83941
-8.13843
-7.40802
-6.66823
-5.93489
-5.21988
-4.53162
-3.87562
-3.2551
-2.67145
-2.12475
-1.61411
-1.13799
-0.694439
-0.281256
0.103862
0.463229
0.799111
1.11367
1.40897
1.68689
1.94923
2.19759
2.43348
2.65825
2.87314
3.07927
3.27766
3.46926
3.65492
3.83542
4.01145
4.18369
4.35277
4.51924
4.68364
4.84647
5.00823
5.16937
5.33035
5.49156
5.65341
5.81628
5.98051
6.14647
6.31452
6.4845
6.65583
6.82963
7.00889
7.18758
7.34723
7.51724
7.77491
-8.12925
-8.18871
-8.13475
-7.9546
-7.67317
-7.30759
-6.87845
-6.4044
-5.90233
-5.38651
-4.86856
-4.3575
-3.86
-3.38076
-2.92279
-2.48781
-2.0765
-1.6888
-1.32411
-0.981463
-0.659633
-0.357268
-0.0729514
0.194744
0.447216
0.685808
0.911793
1.12637
1.33064
1.52564
1.71232
1.89154
2.0641
2.23073
2.39209
2.54882
2.70146
2.85055
2.99656
3.13996
3.28117
3.4206
3.55861
3.69558
3.83188
3.96782
4.10373
4.23992
4.37666
4.51421
4.65287
4.79287
4.93407
5.07598
5.21944
5.36665
5.51276
5.64336
5.78133
5.98591
-6.00363
-6.07316
-6.0649
-5.96758
-5.79754
-5.56545
-5.28485
-4.96817
-4.627
-4.27133
-3.90954
-3.54829
-3.19274
-2.84665
-2.51264
-2.19238
-1.88681
-1.59628
-1.32069
-1.05968
-0.812619
-0.578779
-0.357331
-0.147413
0.0518468
0.241303
0.421781
0.594067
0.758902
0.916979
1.06894
1.21539
1.35687
1.49388
1.62691
1.75639
1.88273
2.00628
2.12741
2.24645
2.36372
2.47951
2.59408
2.70774
2.82074
2.93332
3.04574
3.15821
3.27095
3.38416
3.49803
3.61275
3.72816
3.84389
3.96053
4.07968
4.19749
4.30283
4.41331
4.57381
-4.40968
-4.4765
-4.4904
-4.44198
-4.34196
-4.19688
-4.01551
-3.80608
-3.57642
-3.33344
-3.08305
-2.83011
-2.57845
-2.331
-2.08991
-1.85665
-1.63216
-1.41695
-1.21119
-1.01483
-0.82762
-0.649196
-0.479109
-0.316862
-0.161936
-0.0138036
0.128054
0.264139
0.394933
0.520891
0.642443
0.759987
0.873895
0.984514
1.09217
1.19717
1.29979
1.4003
1.49893
1.59594
1.69156
1.78598
1.87941
1.97206
2.06413
2.1558
2.24724
2.33863
2.43012
2.52185
2.61396
2.70658
2.79958
2.89264
2.98618
3.08136
3.17514
3.25901
3.34639
3.47092
-3.22531
-3.28353
-3.30593
-3.28503
-3.22787
-3.13838
-3.02224
-2.88482
-2.73136
-2.56658
-2.39458
-2.21883
-2.04214
-1.86672
-1.69423
-1.5259
-1.36256
-1.20475
-1.05274
-0.906628
-0.76638
-0.631844
-0.502801
-0.378985
-0.260099
-0.145834
-0.0358748
0.0700913
0.172368
0.271246
0.367006
0.459907
0.550195
0.638105
0.723855
0.807653
0.889691
0.970148
1.0492
1.12701
1.20375
1.27956
1.35459
1.42899
1.5029
1.57645
1.64977
1.72299
1.79621
1.86953
1.94306
2.01688
2.09087
2.16477
2.23888
2.31401
2.3878
2.45381
2.52214
2.61777
-2.35145
-2.39925
-2.4229
-2.41661
-2.38503
-2.3305
-2.25667
-2.16703
-2.06506
-1.95393
-1.83648
-1.71513
-1.59189
-1.4684
-1.34591
-1.22539
-1.10753
-0.992812
-0.881528
-0.773843
-0.669812
-0.569408
-0.472544
-0.379092
-0.288896
-0.201782
-0.117566
-0.0360625
0.0429147
0.119548
0.194012
0.266475
0.337095
0.406024
0.473408
0.539387
0.604086
0.66763
0.730136
0.791724
0.852503
0.912578
0.97205
1.03103
1.08961
1.1479
1.20597
1.26392
1.32183
1.37977
1.4378
1.49597
1.55419
1.61224
1.67033
1.72902
1.78648
1.83788
1.89077
1.9635
-1.71026
-1.74798
-1.76945
-1.77028
-1.75358
-1.72073
-1.67407
-1.61585
-1.54836
-1.47374
-1.3939
-1.31053
-1.22505
-1.13862
-1.05219
-0.966479
-0.882037
-0.799264
-0.718433
-0.639717
-0.563209
-0.488941
-0.416898
-0.347031
-0.279267
-0.213516
-0.149678
-0.0876445
-0.0273077
0.0314422
0.0887129
0.144608
0.199228
0.252669
0.305025
0.356387
0.406839
0.456462
0.505335
0.553538
0.601149
0.648235
0.69487
0.741126
0.787076
0.832785
0.878315
0.923727
0.969075
1.0144
1.05976
1.10517
1.15054
1.19572
1.24083
1.28626
1.3306
1.37025
1.41082
1.46563
-1.24166
-1.2706
-1.28862
-1.29245
-1.28417
-1.26461
-1.23527
-1.19759
-1.15307
-1.10313
-1.04907
-0.992035
-0.933014
-0.872836
-0.812176
-0.751574
-0.691449
-0.632117
-0.573806
-0.516676
-0.460826
-0.406312
-0.353154
-0.301346
-0.25086
-0.201658
-0.153688
-0.106892
-0.0612112
-0.0165813
0.0270608
0.0697772
0.111629
0.152675
0.192975
0.232587
0.271564
0.309958
0.347821
0.385207
0.422166
0.458744
0.494991
0.530955
0.566688
0.602232
0.63763
0.672922
0.708145
0.743325
0.778492
0.813654
0.848742
0.883623
0.918379
0.953268
0.987212
1.01755
1.04841
1.08937
-0.90032
-0.922059
-0.936448
-0.941108
-0.937452
-0.925956
-0.907583
-0.883266
-0.853983
-0.820668
-0.784187
-0.745319
-0.704742
-0.663033
-0.620673
-0.578052
-0.535481
-0.493201
-0.451394
-0.410193
-0.369691
-0.329947
-0.290995
-0.25285
-0.215509
-0.17896
-0.143182
-0.108147
-0.0738234
-0.0401785
-0.00717627
0.0252184
0.0570409
0.0883266
0.119112
0.149431
0.179317
0.208803
0.237922
0.266709
0.295195
0.323411
0.351389
0.379161
0.406761
0.434218
0.461558
0.488809
0.515991
0.543122
0.570215
0.597272
0.624233
0.650991
0.677596
0.704212
0.730021
0.753074
0.776374
0.806739
-0.652253
-0.6683
-0.679407
-0.683862
-0.682626
-0.675978
-0.664533
-0.648892
-0.629689
-0.607536
-0.583007
-0.556624
-0.528847
-0.500072
-0.470635
-0.440814
-0.410832
-0.38087
-0.351067
-0.321529
-0.292332
-0.263533
-0.235168
-0.207258
-0.179813
-0.152837
-0.126322
-0.100259
-0.0746343
-0.049432
-0.0246336
-0.000221008
0.0238252
0.0475246
0.0708979
0.0939655
0.116747
0.139261
0.161528
0.18357
0.205406
0.227055
0.248537
0.269873
0.291085
0.312189
0.333203
0.354142
0.37502
0.395842
0.416617
0.437336
0.457951
0.478375
0.498635
0.518829
0.53834
0.555752
0.573232
0.595568
-0.472341
-0.484006
-0.492357
-0.496177
-0.496123
-0.492354
-0.485268
-0.475247
-0.462701
-0.448028
-0.431605
-0.413776
-0.39485
-0.375097
-0.354746
-0.333991
-0.312991
-0.291876
-0.270749
-0.249692
-0.228766
-0.208018
-0.18748
-0.167176
-0.14712
-0.12732
-0.10778
-0.0884992
-0.0694728
-0.0506956
-0.0321595
-0.0138565
0.00422263
0.0220878
0.0397497
0.0572195
0.0745076
0.0916242
0.108581
0.125391
0.142064
0.158613
0.175048
0.191383
0.207629
0.223798
0.239897
0.255936
0.27192
0.287851
0.303728
0.319542
0.33525
0.350783
0.366152
0.38141
0.396093
0.409179
0.422217
0.438521
-0.342057
-0.350415
-0.356558
-0.35963
-0.360079
-0.357999
-0.353645
-0.347258
-0.3391
-0.32943
-0.318489
-0.306506
-0.293683
-0.280199
-0.266211
-0.251849
-0.237226
-0.222433
-0.207544
-0.19262
-0.177708
-0.162844
-0.148056
-0.133365
-0.118787
-0.10433
-0.0900032
-0.0758088
-0.0617483
-0.0478217
-0.0340269
-0.0203619
-0.00682322
0.00659286
0.0198912
0.0330767
0.0461544
0.0591287
0.0720056
0.0847915
0.0974926
0.110114
0.122662
0.135143
0.147564
0.15993
0.172244
0.18451
0.196728
0.208897
0.221012
0.233061
0.245006
0.256794
0.268423
0.279917
0.290927
0.300724
0.310401
0.322208
-0.247846
-0.253747
-0.258173
-0.260534
-0.261133
-0.260026
-0.257373
-0.253329
-0.248058
-0.241724
-0.234483
-0.226482
-0.217851
-0.208709
-0.199158
-0.189287
-0.179171
-0.168874
-0.158448
-0.147936
-0.137373
-0.126787
-0.1162
-0.105629
-0.0950876
-0.0845856
-0.0741304
-0.0637279
-0.0533813
-0.0430935
-0.0328655
-0.0226982
-0.0125917
-0.00254568
0.00744121
0.0173702
0.0272427
0.0370599
0.046824
0.0565375
0.0662029
0.0758218
0.0853966
0.0949299
0.104425
0.113882
0.123301
0.132683
0.142024
0.151321
0.160565
0.169744
0.178826
0.187766
0.196556
0.2052
0.213437
0.220751
0.227902
0.236381
-0.179826
-0.18392
-0.18704
-0.188785
-0.189359
-0.188795
-0.187194
-0.184651
-0.181271
-0.177154
-0.172399
-0.167099
-0.161336
-0.155186
-0.148716
-0.141983
-0.135039
-0.127924
-0.120675
-0.113322
-0.10589
-0.0983981
-0.0908639
-0.0833006
-0.075719
-0.0681279
-0.0605342
-0.0529436
-0.0453603
-0.0377879
-0.0302288
-0.0226857
-0.0151599
-0.00765312
-0.000165983
0.00730069
0.0147463
0.02217
0.0295718
0.0369518
0.04431
0.0516459
0.0589593
0.0662503
0.073519
0.0807637
0.0879823
0.095172
0.102328
0.109445
0.116513
0.123518
0.130433
0.137221
0.14387
0.15037
0.156525
0.161976
0.16724
0.173273
-0.130776
-0.13356
-0.135708
-0.13695
-0.137427
-0.137153
-0.136194
-0.134608
-0.132457
-0.129805
-0.126712
-0.123233
-0.119421
-0.115323
-0.11098
-0.10643
-0.101704
-0.0968294
-0.0918307
-0.0867275
-0.0815366
-0.0762723
-0.0709463
-0.0655687
-0.0601475
-0.0546899
-0.0492014
-0.043687
-0.0381507
-0.032596
-0.0270258
-0.0214429
-0.0158496
-0.0102482
-0.00464011
0.00097267
0.00658861
0.0122057
0.0178228
0.0234384
0.0290514
0.0346596
0.0402615
0.0458553
0.0514393
0.0570104
0.0625646
0.0680977
0.0736037
0.079075
0.0845016
0.0898694
0.0951546
0.100327
0.105369
0.110265
0.114867
0.11893
0.122793
0.127038
-0.0954891
-0.0973296
-0.0987622
-0.0996093
-0.0999632
-0.099833
-0.0992579
-0.0982728
-0.096915
-0.0952218
-0.0932285
-0.0909689
-0.0884737
-0.0857713
-0.0828868
-0.0798426
-0.0766583
-0.0733513
-0.069936
-0.0664256
-0.0628306
-0.0591606
-0.0554235
-0.0516261
-0.0477741
-0.0438727
-0.039926
-0.0359381
-0.0319119
-0.0278506
-0.0237567
-0.0196328
-0.0154812
-0.0113041
-0.00710354
-0.00288155
0.0013599
0.00561842
0.00989219
0.0141791
0.0184772
0.0227837
0.027096
0.0314113
0.0357269
0.0400383
0.044341
0.0486293
0.0528965
0.057134
0.0613314
0.0654744
0.0695419
0.0735077
0.0773536
0.0810566
0.0845084
0.0875413
0.0903701
0.0933172
-0.0701929
-0.0713617
-0.0722745
-0.072818
-0.0730518
-0.0729807
-0.072628
-0.0720135
-0.0711588
-0.0700848
-0.0688116
-0.0673583
-0.0657423
-0.0639798
-0.0620849
-0.0600708
-0.0579485
-0.0557283
-0.0534186
-0.0510272
-0.0485604
-0.0460241
-0.043423
-0.0407615
-0.038043
-0.0352711
-0.0324484
-0.0295776
-0.0266608
-0.0237004
-0.0206981
-0.0176561
-0.0145761
-0.0114601
-0.00830978
-0.00512708
-0.00191391
0.00132742
0.00459492
0.0078863
0.0111992
0.0145306
0.0178773
0.0212362
0.0246034
0.0279743
0.0313432
0.034704
0.0380492
0.0413696
0.0446546
0.0478898
0.0510561
0.0541308
0.0570942
0.0599206
0.062529
0.0648076
0.06688
0.0688954
-0.0521683
-0.0528666
-0.0534084
-0.0537254
-0.0538543
-0.0537974
-0.053568
-0.0531769
-0.0526354
-0.0519549
-0.0511458
-0.0502182
-0.0491812
-0.0480432
-0.0468117
-0.0454936
-0.0440945
-0.0426198
-0.041074
-0.0394611
-0.0377844
-0.036047
-0.0342512
-0.0323994
-0.0304934
-0.028535
-0.0265256
-0.0244667
-0.0223594
-0.020205
-0.0180045
-0.0157593
-0.0134705
-0.0111395
-0.00876745
-0.006356
-0.00390663
-0.00142139
0.00109792
0.00364907
0.00622971
0.00883674
0.011467
0.0141168
0.0167823
0.0194583
0.022139
0.0248176
0.0274865
0.030136
0.0327552
0.0353297
0.0378419
0.0402706
0.0425953
0.0447883
0.0467884
0.0485212
0.0500458
0.0514001
-0.0395045
-0.0398765
-0.0401546
-0.0403041
-0.0403448
-0.0402777
-0.0401098
-0.0398462
-0.0394925
-0.039054
-0.0385357
-0.0379421
-0.0372775
-0.0365454
-0.0357494
-0.0348923
-0.0339767
-0.0330047
-0.0319782
-0.0308986
-0.0297673
-0.0285853
-0.0273534
-0.0260723
-0.0247426
-0.0233646
-0.0219387
-0.0204651
-0.0189443
-0.0173762
-0.0157614
-0.0141
-0.0123927
-0.0106397
-0.00884195
-0.00699992
-0.00511481
-0.00318771
-0.00122019
0.00078625
0.00282942
0.0049068
0.00701523
0.00915136
0.0113109
0.0134888
0.0156787
0.0178734
0.0200644
0.0222415
0.0243924
0.0265024
0.0285536
0.0305254
0.0323958
0.0341361
0.0356994
0.0370358
0.0381612
0.0390499
-0.0307999
-0.0309686
-0.0310762
-0.0311195
-0.0311026
-0.0310275
-0.0308966
-0.0307122
-0.0304762
-0.0301908
-0.0298577
-0.0294783
-0.0290542
-0.0285864
-0.0280759
-0.0275233
-0.0269292
-0.0262939
-0.0256176
-0.0249002
-0.0241416
-0.0233414
-0.0224993
-0.0216147
-0.0206871
-0.0197157
-0.0187
-0.0176391
-0.0165325
-0.0153791
-0.0141786
-0.0129302
-0.0116335
-0.0102881
-0.00889389
-0.00745075
-0.00595912
-0.00441951
-0.00283301
-0.00120078
0.000475184
0.00219244
0.0039477
0.00573732
0.00755657
0.00939973
0.0112598
0.0131289
0.0149975
0.0168547
0.0186876
0.020481
0.0222173
0.0238766
0.0254364
0.0268684
0.0281358
0.0292025
0.0300547
0.0306341
-0.0252528
-0.0252906
-0.0252716
-0.0252373
-0.0251714
-0.0250791
-0.0249588
-0.0248114
-0.0246366
-0.0244347
-0.0242056
-0.0239491
-0.0236652
-0.0233534
-0.0230134
-0.0226447
-0.0222466
-0.0218184
-0.0213593
-0.0208685
-0.0203449
-0.0197874
-0.019195
-0.0185663
-0.0179003
-0.0171954
-0.0164505
-0.0156641
-0.014835
-0.0139618
-0.0130432
-0.0120779
-0.0110651
-0.0100034
-0.00889215
-0.00773056
-0.0065183
-0.00525511
-0.00394125
-0.00257709
-0.00116373
0.000297328
0.00180375
0.00335278
0.00494062
0.00656245
0.00821205
0.00988209
0.0115635
0.0132456
0.0149149
0.0165556
0.0181493
0.0196742
0.0211048
0.0224107
0.0235568
0.0245082
0.0252271
0.0256428
-0.0220099
-0.0220922
-0.0220702
-0.022073
-0.0220485
-0.0220114
-0.0219567
-0.0218858
-0.021798
-0.0216932
-0.0215709
-0.0214308
-0.0212723
-0.0210947
-0.0208973
-0.0206792
-0.0204394
-0.0201767
-0.0198901
-0.0195779
-0.0192388
-0.0188711
-0.0184731
-0.0180429
-0.0175785
-0.0170776
-0.0165382
-0.0159578
-0.015334
-0.0146642
-0.013946
-0.0131766
-0.0123535
-0.011474
-0.0105358
-0.00953624
-0.00847349
-0.00734554
-0.00615106
-0.00488891
-0.00355887
-0.00216131
-0.000697773
0.000829419
0.00241639
0.00405778
0.00574613
0.00747227
0.00922451
0.0109886
0.0127472
0.0144796
0.0161618
0.0177662
0.0192612
0.020611
0.0217769
0.0227172
0.0233834
0.0237215
92.6166
70.9333
51.5409
36.8144
23.7916
12.1744
1.35221
-8.95138
-18.978
-28.9124
-38.9254
-49.1724
-59.7986
-70.9775
-82.9701
-96.0737
-110.429
-126.105
-144.356
-168.81
-200.391
-224.723
-228.358
-339.261
-952.005
92.5064
70.9238
51.5276
36.8039
23.7818
12.1654
1.34355
-8.95984
-18.9865
-28.921
-38.9342
-49.1816
-59.8083
-70.9879
-82.9815
-96.0863
-110.443
-126.121
-144.376
-168.835
-200.416
-224.738
-228.485
-340.057
-947.528
92.3878
70.9159
51.5144
36.7939
23.7725
12.1567
1.33522
-8.96801
-18.9946
-28.9293
-38.9428
-49.1906
-59.8178
-70.9982
-82.9928
-96.0989
-110.457
-126.137
-144.394
-168.86
-200.444
-224.736
-228.547
-341.659
-940.452
92.2638
70.9052
51.4996
36.7831
23.7625
12.1477
1.32656
-8.97644
-19.003
-28.9378
-38.9515
-49.1997
-59.8274
-71.0085
-83.004
-96.1112
-110.47
-126.151
-144.411
-168.884
-200.473
-224.719
-228.559
-343.892
-931.678
92.1116
70.8879
51.4803
36.7693
23.7502
12.1366
1.3162
-8.98643
-19.0129
-28.9477
-38.9616
-49.2101
-59.8383
-71.02
-83.0164
-96.1247
-110.485
-126.165
-144.427
-168.91
-200.505
-224.684
-228.574
-346.739
-920.4
91.9173
70.8597
51.4541
36.7508
23.7343
12.1226
1.30319
-8.99879
-19.0249
-28.9596
-38.9737
-49.2225
-59.8511
-71.0333
-83.0305
-96.1401
-110.501
-126.181
-144.444
-168.939
-200.545
-224.622
-228.619
-350.264
-905.876
91.6701
70.8145
51.4181
36.7254
23.7132
12.1043
1.28656
-9.01437
-19.0399
-28.9743
-38.9883
-49.2373
-59.8662
-71.049
-83.0469
-96.1576
-110.519
-126.197
-144.461
-168.975
-200.598
-224.517
-228.715
-354.481
-887.842
91.3572
70.7435
51.3681
36.6903
23.6847
12.0801
1.26491
-9.03444
-19.059
-28.9928
-39.0065
-49.2553
-59.8843
-71.0675
-83.0661
-96.1777
-110.539
-126.214
-144.479
-169.024
-200.669
-224.346
-228.894
-359.312
-866.441
90.9624
70.6345
51.2979
36.6406
23.6453
12.0469
1.23597
-9.06073
-19.0838
-29.0167
-39.0297
-49.2779
-59.9064
-71.0895
-83.0889
-96.2019
-110.563
-126.234
-144.502
-169.091
-200.757
-224.078
-229.215
-364.606
-841.89
90.4644
70.4702
51.1988
36.5701
23.5905
12.0012
1.1966
-9.09578
-19.116
-29.0471
-39.0589
-49.3063
-59.9339
-71.1164
-83.1168
-96.233
-110.596
-126.26
-144.53
-169.182
-200.851
-223.68
-229.751
-370.152
-814.165
89.8372
70.2275
51.0594
36.4708
23.5152
11.9394
1.14381
-9.14232
-19.158
-29.0858
-39.0957
-49.3422
-59.9698
-71.1524
-83.1539
-96.2732
-110.638
-126.294
-144.566
-169.294
-200.928
-223.115
-230.595
-375.69
-783.102
89.0486
69.8808
50.8648
36.3341
23.4134
11.8573
1.07447
-9.2034
-19.2135
-29.1372
-39.1442
-49.3877
-60.0154
-71.201
-83.2056
-96.3274
-110.689
-126.328
-144.602
-169.42
-200.952
-222.349
-231.861
-380.911
-748.638
88.0531
69.3974
50.595
36.1464
23.2743
11.7464
0.982551
-9.28218
-19.2853
-29.2064
-39.2118
-49.4521
-60.0767
-71.2613
-83.266
-96.3875
-110.738
-126.349
-144.631
-169.556
-200.884
-221.355
-233.65
-385.398
-710.86
86.7828
68.7259
50.2209
35.8911
23.085
11.594
0.854586
-9.39217
-19.3828
-29.2962
-39.2955
-49.53
-60.1469
-71.3246
-83.3253
-96.445
-110.781
-126.357
-144.654
-169.697
-200.663
-220.113
-236.019
-388.607
-669.999
85.1606
67.8038
49.6985
35.5393
22.8281
11.3928
0.689681
-9.53108
-19.5014
-29.3993
-39.3871
-49.6127
-60.2215
-71.3912
-83.3862
-96.5003
-110.813
-126.343
-144.67
-169.822
-200.211
-218.629
-238.963
-389.888
-626.456
83.1283
66.5832
49.0082
35.0814
22.5022
11.1455
0.492844
-9.69411
-19.6403
-29.5198
-39.4928
-49.7058
-60.3028
-71.461
-83.4468
-96.5491
-110.823
-126.296
-144.672
-169.894
-199.428
-216.942
-242.371
-388.523
-580.836
80.6649
65.044
48.1451
34.5071
22.0954
10.8374
0.249417
-9.89323
-19.8074
-29.6625
-39.6156
-49.8109
-60.3902
-71.5313
-83.5022
-96.5826
-110.798
-126.202
-144.646
-169.848
-198.204
-215.112
-245.973
-383.786
-533.936
77.7415
63.1434
47.0658
33.7794
21.5812
10.4494
-0.0547877
-10.1392
-20.0104
-29.8322
-39.7575
-49.9275
-60.4815
-71.5973
-83.5446
-96.587
-110.717
-126.041
-144.567
-169.58
-196.428
-213.209
-249.288
-375.051
-486.7
74.3166
60.8224
45.7127
32.8548
20.928
9.95844
-0.436312
-10.444
-20.2577
-30.0339
-39.9206
-50.0546
-60.5719
-71.6513
-83.5615
-96.5411
-110.55
-125.788
-144.385
-168.951
-194.012
-211.262
-251.624
-361.914
-440.143
70.3614
58.0336
44.025
31.6849
20.0981
9.33614
-0.916059
-10.8224
-20.559
-30.2732
-40.1061
-50.1889
-60.6538
-71.6808
-83.5333
-96.4132
-110.259
-125.405
-144.01
-167.779
-190.904
-209.192
-252.107
-344.334
-395.239
65.864
54.7469
41.9417
30.2163
19.0477
8.54872
-1.51918
-11.2921
-20.9256
-30.5554
-40.3137
-50.3242
-60.715
-71.6668
-83.4298
-96.1587
-109.795
-124.833
-143.3
-165.869
-187.082
-206.732
-249.805
-322.712
-352.791
60.8416
50.9503
39.4068
28.3936
17.7276
7.55721
-2.27498
-11.8736
-21.37
-30.8853
-40.5404
-50.4495
-60.7367
-71.5806
-83.2064
-95.7176
-109.094
-123.976
-142.054
-163.037
-182.526
-203.392
-243.924
-297.886
-313.323
55.3454
46.6543
36.3791
26.1657
16.087
6.31937
-3.21592
-12.5894
-21.9048
-31.2658
-40.779
-50.5476
-60.6907
-71.3792
-82.8
-95.0126
-108.068
-122.682
-140.029
-159.137
-177.143
-198.499
-234.025
-271.009
-277.035
49.4565
41.894
32.8415
23.494
14.0801
4.79385
-4.37464
-13.4614
-22.5406
-31.6956
-41.0156
-50.5915
-60.5353
-71.0005
-82.1258
-93.9464
-106.596
-120.742
-136.973
-154.06
-170.715
-191.352
-220.194
-243.312
-243.835
43.2759
36.7281
28.81
20.3619
11.675
2.94746
-5.77846
-14.5068
-23.2821
-32.1651
-41.2257
-50.5407
-60.2103
-70.3589
-81.0767
-92.3961
-104.505
-117.902
-132.666
-147.704
-162.896
-181.46
-203.055
-215.869
-213.465
36.9135
31.2388
24.3379
16.7857
8.86573
0.76561
-7.44055
-15.7306
-24.1219
-32.6518
-41.3695
-50.3358
-59.6317
-69.3441
-79.5227
-90.2069
-101.581
-113.907
-126.947
-139.946
-153.332
-168.75
-183.605
-189.44
-185.631
30.4804
25.5304
19.5172
12.8233
5.68482
-1.73432
-9.34758
-17.1151
-25.0315
-33.1122
-41.3855
-49.8933
-58.6901
-67.8233
-77.313
-87.1967
-97.5963
-108.557
-119.723
-130.668
-141.838
-153.623
-162.957
-164.474
-160.109
24.0873
19.7281
14.4769
8.58033
2.21418
-4.48894
-11.4453
-18.6063
-25.9502
-33.4733
-41.1843
-49.1033
-57.2546
-65.6503
-74.2874
-83.1821
-92.3686
-101.75
-110.986
-119.841
-128.554
-136.845
-142.115
-141.2
-136.777
17.8509
13.9777
9.37952
4.21075
-1.40837
-7.37796
-13.6258
-20.102
-26.7751
-33.6264
-40.6473
-47.8352
-55.1862
-62.6842
-70.3049
-78.0305
-85.821
-93.52
-100.849
-107.644
-113.954
-119.322
-121.864
-119.754
-115.588
11.9027
8.44594
4.41806
-0.0865933
-4.99025
-10.2216
-15.7225
-21.4469
-27.3584
-33.4288
-39.6349
-45.9551
-52.3634
-58.8236
-65.2926
-71.722
-78.0323
-84.064
-89.5984
-94.4969
-98.7288
-101.914
-102.777
-100.239
-96.5356
6.39576
3.32042
-0.190456
-4.079
-8.29601
-12.7916
-17.5208
-22.4428
-27.5209
-32.7213
-38.0116
-43.3578
-48.7204
-54.052
-59.2978
-64.3949
-69.2559
-73.7452
-77.6954
-80.9964
-83.62
-85.3218
-85.2543
-82.7455
-79.6176
1.50456
-1.19679
-4.21723
-7.51994
-11.073
-14.841
-18.789
-22.8824
-27.0865
-31.3665
-35.6867
-40.0084
-44.2881
-48.4761
-52.5169
-56.3493
-59.8982
-63.0602
-65.7142
-67.7873
-69.2817
-70.0622
-69.5574
-67.3281
-64.8095
-2.5892
-4.90704
-7.44634
-10.182
-13.0921
-16.1504
-19.3298
-22.6014
-25.9348
-29.2984
-32.6582
-35.978
-39.2181
-42.3343
-45.2795
-48.0046
-50.4542
-52.5565
-54.2313
-55.4398
-56.2088
-56.4704
-55.8303
-53.9901
-52.0521
-5.7267
-7.6486
-9.7129
-11.9016
-14.1983
-16.5836
-19.0364
-21.5337
-24.0509
-26.562
-29.0392
-31.4529
-33.7718
-35.962
-37.9889
-39.8187
-41.4153
-42.7332
-43.7234
-44.371
-44.7133
-44.7177
-44.1073
-42.6737
-41.2451
-7.81427
-9.33933
-10.9465
-12.6225
-14.3553
-16.1304
-17.9321
-19.7434
-21.5461
-23.3208
-25.0475
-26.705
-28.2714
-29.7241
-31.0406
-32.2003
-33.1824
-33.9604
-34.5061
-34.8177
-34.932
-34.8338
-34.3262
-33.2618
-32.2499
-8.86151
-10.0107
-11.1999
-12.4199
-13.6619
-14.9157
-16.1705
-17.4147
-18.6359
-19.8215
-20.9584
-22.033
-23.032
-23.9416
-24.7489
-25.4428
-26.0127
-26.4438
-26.7207
-26.847
-26.8538
-26.7335
-26.3463
-25.5873
-24.8961
-8.99436
-9.81263
-10.6449
-11.4853
-12.3278
-13.166
-13.9929
-14.8013
-15.5837
-16.3325
-17.04
-17.6986
-18.3008
-18.8391
-19.3069
-19.6989
-20.01
-20.2326
-20.3582
-20.3917
-20.357
-20.25
-19.9721
-19.449
-18.9916
-8.43118
-8.98053
-9.5304
-10.0774
-10.6178
-11.1479
-11.6635
-12.1607
-12.6352
-13.083
-13.5
-13.8822
-14.2259
-14.5273
-14.7834
-14.992
-15.1509
-15.2561
-15.3029
-15.2957
-15.2519
-15.1689
-14.9781
-14.6275
-14.3327
-7.43075
-7.77867
-8.12181
-8.45847
-8.78659
-9.10411
-9.40891
-9.69888
-9.97193
-10.226
-10.4592
-10.6696
-10.8555
-11.0152
-11.1473
-11.2511
-11.3259
-11.3694
-11.379
-11.358
-11.3186
-11.259
-11.1324
-10.9025
-10.7164
-6.23557
-6.44393
-6.64666
-6.84307
-7.03209
-7.21271
-7.3839
-7.54467
-7.69405
-7.83111
-7.95499
-8.06489
-8.16005
-8.23974
-8.30344
-8.35101
-8.38225
-8.39592
-8.39036
-8.36796
-8.33696
-8.29623
-8.21407
-8.06599
-7.9503
-5.0324
-5.15079
-5.26456
-5.37351
-5.47711
-5.57493
-5.66649
-5.75138
-5.82916
-5.89946
-5.96192
-6.01622
-6.06204
-6.09912
-6.12724
-6.14647
-6.15679
-6.15748
-6.1475
-6.12845
-6.10581
-6.07883
-6.0265
-5.93236
-5.86118
-3.93894
-4.00301
-4.06384
-4.12145
-4.1756
-4.22611
-4.27279
-4.31546
-4.35396
-4.38813
-4.41784
-4.44297
-4.46341
-4.47905
-4.48982
-4.49581
-4.49706
-4.49313
-4.48335
-4.46878
-4.45298
-4.43548
-4.40252
-4.34324
-4.29972
-3.01138
-3.04447
-3.07551
-3.10458
-3.13156
-3.1564
-3.17902
-3.19936
-3.21734
-3.23292
-3.24605
-3.25669
-3.26479
-3.27032
-3.27326
-3.27368
-3.27163
-3.26683
-3.25885
-3.24836
-3.23768
-3.2265
-3.20594
-3.1689
-3.1424
-2.26192
-2.27823
-2.29333
-2.30729
-2.32006
-2.33162
-2.34195
-2.35102
-2.35881
-2.3653
-2.37048
-2.37434
-2.37685
-2.37801
-2.37781
-2.3763
-2.37352
-2.3693
-2.36335
-2.35611
-2.34904
-2.34196
-2.3292
-2.30616
-2.29004
-1.67714
-1.68478
-1.69172
-1.69804
-1.7037
-1.70871
-1.71305
-1.71672
-1.71971
-1.72201
-1.72362
-1.72454
-1.72476
-1.72427
-1.72307
-1.72121
-1.7187
-1.71543
-1.71123
-1.70636
-1.70176
-1.69732
-1.68944
-1.67519
-1.66539
-1.23214
-1.23548
-1.23845
-1.24108
-1.24335
-1.24529
-1.24686
-1.24809
-1.24896
-1.24947
-1.24962
-1.24941
-1.24885
-1.24791
-1.24662
-1.24498
-1.24302
-1.24067
-1.2378
-1.2346
-1.23164
-1.22886
-1.22399
-1.2152
-1.20924
-0.89947
-0.90079
-0.901907
-0.902846
-0.903601
-0.904174
-0.904564
-0.904771
-0.904793
-0.904631
-0.904285
-0.903756
-0.903041
-0.90214
-0.90105
-0.899791
-0.898368
-0.896739
-0.894832
-0.892749
-0.890861
-0.889124
-0.886135
-0.880725
-0.877107
-0.6539
-0.654319
-0.654628
-0.654846
-0.654968
-0.654997
-0.654931
-0.654771
-0.654517
-0.654168
-0.653724
-0.653188
-0.652556
-0.651829
-0.651005
-0.650097
-0.649108
-0.648012
-0.646762
-0.645423
-0.644223
-0.643139
-0.641295
-0.637969
-0.635768
-0.474202
-0.474251
-0.474242
-0.474186
-0.47408
-0.473927
-0.473725
-0.473475
-0.473177
-0.47283
-0.472436
-0.471995
-0.471505
-0.470967
-0.470379
-0.469749
-0.469079
-0.468353
-0.467542
-0.466684
-0.465922
-0.465243
-0.464106
-0.462065
-0.460726
-0.343504
-0.343422
-0.34331
-0.343174
-0.343012
-0.342827
-0.342617
-0.342382
-0.342123
-0.341839
-0.341531
-0.341199
-0.340843
-0.340461
-0.340054
-0.339626
-0.339179
-0.338703
-0.338179
-0.337631
-0.337147
-0.336719
-0.336015
-0.334761
-0.333944
-0.248848
-0.248737
-0.248609
-0.24847
-0.248318
-0.248153
-0.247975
-0.247786
-0.247584
-0.247369
-0.247143
-0.246904
-0.246653
-0.24639
-0.246113
-0.245826
-0.24553
-0.245219
-0.24488
-0.244528
-0.244218
-0.243945
-0.243506
-0.242734
-0.242234
-0.180508
-0.180406
-0.180295
-0.180178
-0.180055
-0.179925
-0.179788
-0.179646
-0.179496
-0.179341
-0.179179
-0.179011
-0.178837
-0.178657
-0.178469
-0.178277
-0.178081
-0.177877
-0.177657
-0.17743
-0.17723
-0.177054
-0.176778
-0.176302
-0.175993
-0.131284
-0.131201
-0.131113
-0.131022
-0.130927
-0.130829
-0.130727
-0.130623
-0.130514
-0.130403
-0.130289
-0.130172
-0.130052
-0.129928
-0.129801
-0.129672
-0.129542
-0.129406
-0.129262
-0.129113
-0.128981
-0.128865
-0.128688
-0.12839
-0.128197
-0.0959157
-0.0958501
-0.0957822
-0.0957129
-0.0956418
-0.0955693
-0.0954951
-0.0954195
-0.0953421
-0.0952632
-0.0951825
-0.0951004
-0.0950166
-0.0949311
-0.0948435
-0.0947551
-0.0946662
-0.0945751
-0.0944785
-0.0943793
-0.0942916
-0.0942141
-0.0941004
-0.0939137
-0.0937903
-0.0706054
-0.0705563
-0.0705058
-0.0704544
-0.070402
-0.0703486
-0.0702941
-0.0702386
-0.0701821
-0.0701248
-0.0700666
-0.070008
-0.0699488
-0.0698888
-0.0698278
-0.0697666
-0.0697053
-0.0696426
-0.0695764
-0.0695079
-0.0694465
-0.069392
-0.0693149
-0.0691935
-0.0691109
-0.0525784
-0.0525407
-0.0525022
-0.0524634
-0.0524242
-0.0523845
-0.0523444
-0.0523039
-0.0522628
-0.0522212
-0.0521792
-0.0521369
-0.0520941
-0.0520508
-0.0520067
-0.0519627
-0.051919
-0.0518748
-0.0518285
-0.0517806
-0.0517377
-0.0516998
-0.051649
-0.0515697
-0.0515114
-0.0399295
-0.0399011
-0.0398722
-0.0398432
-0.0398137
-0.039784
-0.0397539
-0.0397236
-0.0396928
-0.0396619
-0.0396307
-0.0395996
-0.0395683
-0.0395369
-0.0395052
-0.0394736
-0.0394423
-0.0394108
-0.0393776
-0.0393428
-0.0393112
-0.0392837
-0.0392485
-0.0391936
-0.0391478
-0.0312259
-0.0312048
-0.0311835
-0.0311622
-0.0311408
-0.0311192
-0.0310974
-0.0310753
-0.031053
-0.0310305
-0.0310078
-0.0309851
-0.0309625
-0.0309398
-0.030917
-0.0308944
-0.0308723
-0.0308501
-0.0308268
-0.0308019
-0.0307791
-0.0307603
-0.0307375
-0.0306982
-0.0306569
-0.0257109
-0.0256967
-0.0256824
-0.025668
-0.0256534
-0.0256387
-0.0256238
-0.0256088
-0.0255936
-0.0255784
-0.025563
-0.0255477
-0.0255324
-0.0255171
-0.0255016
-0.0254863
-0.0254714
-0.0254566
-0.0254409
-0.0254234
-0.0254074
-0.0253968
-0.0253856
-0.0253555
-0.0253063
-0.0225331
-0.0225261
-0.022519
-0.022512
-0.0225048
-0.0224976
-0.0224902
-0.0224826
-0.022475
-0.0224672
-0.0224594
-0.0224517
-0.0224439
-0.0224362
-0.0224284
-0.0224207
-0.0224135
-0.0224067
-0.0223987
-0.0223881
-0.0223786
-0.0223791
-0.0223842
-0.0223558
-0.0222734
150.32
73.051
56.7164
50.0164
41.9696
34.2529
27.9667
22.7969
18.2948
14.4678
11.4408
9.16622
7.48489
6.22912
5.27463
4.50945
3.85578
3.27247
2.74776
2.28294
1.8825
1.54265
1.25743
1.01925
0.821827
0.661458
0.530689
0.424824
0.339077
0.269972
0.214329
0.169276
0.133248
0.10453
0.0816708
0.0634156
0.0490671
0.037762
0.0288608
0.0218394
0.0163454
0.0120564
0.0087387
0.00619897
0.00428994
0.00289752
0.00188165
0.00118677
0.000476951
0.000495125
150.095
73.1012
56.7133
50.0153
41.9692
34.2527
27.9665
22.7969
18.2948
14.4678
11.4409
9.16624
7.48482
6.22902
5.27459
4.50951
3.85585
3.27245
2.74766
2.28283
1.88244
1.54266
1.25749
1.01933
0.821892
0.661503
0.530708
0.424824
0.339057
0.269941
0.214293
0.169244
0.133221
0.10451
0.0816563
0.063408
0.0490633
0.0377603
0.0288606
0.0218402
0.0163463
0.0120576
0.00873991
0.00619989
0.00429058
0.00289763
0.00188104
0.00118644
0.000476956
0.000495137
149.748
73.1663
56.7042
50.0127
41.9682
34.2521
27.9662
22.7967
18.2948
14.4679
11.441
9.16631
7.48478
6.22891
5.27453
4.50951
3.85585
3.2724
2.74756
2.28273
1.88238
1.54266
1.25754
1.0194
0.821944
0.661539
0.530722
0.424822
0.339041
0.269914
0.214263
0.169217
0.133199
0.104494
0.0816444
0.0634017
0.0490602
0.0377588
0.0288605
0.0218408
0.0163471
0.0120586
0.00874089
0.00620062
0.00429109
0.00289771
0.00188056
0.00118616
0.00047695
0.000495148
149.299
73.2473
56.6876
50.0082
41.9664
34.2508
27.9654
22.7964
18.2948
14.4681
11.4412
9.16647
7.48481
6.22883
5.27441
4.50943
3.85578
3.2723
2.74743
2.28261
1.88231
1.54265
1.25757
1.01945
0.821984
0.661567
0.530733
0.424821
0.339027
0.269893
0.214239
0.169194
0.13318
0.104481
0.0816343
0.0633964
0.0490575
0.0377576
0.0288603
0.0218413
0.0163477
0.0120594
0.0087417
0.00620124
0.00429153
0.00289779
0.00188016
0.00118594
0.000476942
0.000495165
148.722
73.3564
56.6622
50.001
41.9635
34.2488
27.964
22.7959
18.295
14.4685
11.4417
9.16679
7.48493
6.22877
5.27427
4.50927
3.85562
3.27212
2.74726
2.28247
1.88223
1.54262
1.25758
1.01948
0.82201
0.661586
0.530739
0.424817
0.339013
0.269873
0.214218
0.169175
0.133165
0.10447
0.0816261
0.063392
0.0490553
0.0377566
0.0288602
0.0218417
0.0163482
0.01206
0.00874236
0.00620173
0.00429187
0.00289784
0.00187983
0.00118575
0.000476931
0.000495167
147.977
73.5043
56.6267
49.9907
41.9593
34.2456
27.9619
22.7949
18.2951
14.4692
11.4424
9.16729
7.48518
6.22878
5.2741
4.50903
3.85536
3.27187
2.74703
2.28229
1.88211
1.54257
1.25757
1.01949
0.822024
0.661596
0.53074
0.424811
0.339001
0.269856
0.214199
0.169159
0.133151
0.10446
0.0816189
0.0633882
0.0490534
0.0377556
0.0288601
0.0218421
0.0163486
0.0120606
0.00874291
0.00620215
0.00429216
0.00289789
0.00187954
0.00118559
0.000476924
0.000495171
147.028
73.701
56.5788
49.977
41.9539
34.2411
27.9587
22.7935
18.2954
14.4702
11.4434
9.16803
7.48558
6.22886
5.27393
4.50871
3.85499
3.27152
2.74674
2.28207
1.88196
1.54249
1.25754
1.01948
0.822023
0.661596
0.530736
0.424803
0.338988
0.26984
0.214183
0.169144
0.13314
0.104451
0.0816127
0.0633849
0.0490517
0.0377548
0.0288599
0.0218423
0.0163489
0.012061
0.00874335
0.00620248
0.00429239
0.00289792
0.0018793
0.00118545
0.000476917
0.000495169
145.825
73.9575
56.5147
49.9591
41.9475
34.2352
27.9543
22.7915
18.2956
14.4716
11.4447
9.169
7.48615
6.22905
5.27378
4.50834
3.85454
3.27109
2.74637
2.28179
1.88177
1.54237
1.25748
1.01945
0.822008
0.661586
0.530725
0.424791
0.338973
0.269824
0.214167
0.169131
0.133129
0.104444
0.0816071
0.0633819
0.0490501
0.037754
0.0288597
0.0218425
0.0163492
0.0120613
0.00874372
0.00620276
0.00429259
0.00289794
0.00187909
0.00118533
0.000476911
0.000495169
144.312
74.2857
56.4294
49.9356
41.9404
34.2277
27.9483
22.7887
18.2959
14.4734
11.4466
9.17029
7.48688
6.22933
5.27367
4.50794
3.854
3.27055
2.74592
2.28145
1.88153
1.54222
1.25739
1.0194
0.821976
0.661565
0.530707
0.424775
0.338957
0.269808
0.214152
0.169118
0.133119
0.104437
0.0816022
0.0633791
0.0490486
0.0377532
0.0288595
0.0218425
0.0163493
0.0120616
0.008744
0.00620297
0.00429274
0.00289795
0.00187891
0.00118523
0.000476901
0.000495165
142.418
74.6979
56.3164
49.9032
41.9331
34.2188
27.9408
22.785
18.2963
14.4759
11.449
9.17193
7.48779
6.22967
5.27356
4.5075
3.8534
3.26994
2.74539
2.28104
1.88124
1.54202
1.25726
1.01932
0.821926
0.661531
0.530681
0.424754
0.338938
0.26979
0.214137
0.169106
0.13311
0.10443
0.0815974
0.0633765
0.0490471
0.0377524
0.0288591
0.0218425
0.0163494
0.0120618
0.00874421
0.00620313
0.00429285
0.00289795
0.00187875
0.00118514
0.000476889
0.000495159
140.057
75.2046
56.1692
49.8562
41.9255
34.2081
27.9314
22.7804
18.2969
14.4792
11.4523
9.17411
7.48887
6.23002
5.2734
4.50699
3.85271
3.26923
2.74478
2.28057
1.8809
1.54177
1.2571
1.01922
0.821856
0.661483
0.530645
0.424726
0.338916
0.269771
0.214121
0.169094
0.133101
0.104424
0.0815929
0.0633739
0.0490456
0.0377515
0.0288587
0.0218424
0.0163494
0.0120618
0.00874435
0.00620323
0.00429293
0.00289794
0.00187861
0.00118506
0.000476873
0.000495148
137.116
75.8104
55.983
49.784
41.9168
34.1952
27.9197
22.7746
18.2978
14.4836
11.4567
9.17701
7.49024
6.23034
5.27305
4.50633
3.8519
3.26843
2.74409
2.28003
1.8805
1.54148
1.2569
1.01908
0.821765
0.66142
0.530599
0.424692
0.33889
0.26975
0.214104
0.169081
0.133092
0.104417
0.0815882
0.0633711
0.049044
0.0377504
0.0288582
0.0218422
0.0163493
0.0120619
0.00874442
0.00620329
0.00429297
0.00289791
0.00187848
0.00118498
0.000476854
0.000495134
133.438
76.5019
55.7605
49.669
41.9043
34.1785
27.9042
22.7672
18.2988
14.4892
11.4626
9.18101
7.49208
6.23062
5.27243
4.50532
3.85083
3.26748
2.7433
2.27942
1.88004
1.54115
1.25666
1.01892
0.821651
0.66134
0.530542
0.42465
0.338858
0.269725
0.214085
0.169068
0.133082
0.10441
0.0815834
0.0633682
0.0490421
0.0377493
0.0288575
0.0218418
0.016349
0.0120618
0.00874441
0.00620329
0.00429297
0.00289787
0.00187835
0.00118491
0.000476828
0.000495113
128.805
77.2126
55.5142
49.4853
41.8807
34.1554
27.8827
22.7569
18.2997
14.4962
11.4702
9.1864
7.49467
6.23101
5.27143
4.50381
3.84934
3.26623
2.74234
2.27871
1.87951
1.54076
1.25638
1.01872
0.821515
0.661244
0.530472
0.4246
0.338821
0.269696
0.214063
0.169052
0.133071
0.104402
0.081578
0.0633649
0.04904
0.0377478
0.0288566
0.0218413
0.0163487
0.0120616
0.00874434
0.00620323
0.00429293
0.0028978
0.00187822
0.00118483
0.000476796
0.000495085
123.042
77.7903
55.2554
49.1984
41.8284
34.1206
27.8516
22.742
18.2999
14.5046
11.4797
9.19346
7.49823
6.23165
5.27009
4.50162
3.84716
3.26448
2.74107
2.27783
1.87889
1.54031
1.25606
1.01849
0.821356
0.66113
0.53039
0.42454
0.338777
0.269664
0.214039
0.169035
0.133059
0.104394
0.0815722
0.0633611
0.0490375
0.0377461
0.0288556
0.0218406
0.0163483
0.0120613
0.00874417
0.00620311
0.00429285
0.00289771
0.00187809
0.00118475
0.000476756
0.000495049
116.239
78.0504
54.9975
48.7774
41.7164
34.0581
27.7995
22.7167
18.2981
14.5148
11.492
9.20276
7.50321
6.23282
5.26848
4.4987
3.84411
3.26198
2.73928
2.27662
1.87808
1.53975
1.25568
1.01823
0.821172
0.660999
0.530295
0.424471
0.338727
0.269626
0.214011
0.169016
0.133045
0.104384
0.0815655
0.0633568
0.0490346
0.0377441
0.0288542
0.0218397
0.0163476
0.0120609
0.00874392
0.00620293
0.00429273
0.00289759
0.00187795
0.00118466
0.000476707
0.000495
108.756
77.827
54.7642
48.226
41.5287
33.9609
27.7156
22.6669
18.2826
14.5203
11.5051
9.21497
7.51077
6.23542
5.26711
4.49522
3.84015
3.25852
2.7367
2.27488
1.87694
1.53899
1.25518
1.0179
0.82095
0.660844
0.530185
0.424391
0.33867
0.269583
0.21398
0.168994
0.13303
0.104373
0.0815579
0.0633518
0.0490312
0.0377417
0.0288526
0.0218386
0.0163468
0.0120604
0.00874355
0.00620266
0.00429254
0.00289744
0.0018778
0.00118457
0.000476648
0.000494936
100.94
76.9336
54.535
47.5513
41.247
33.83
27.6068
22.598
18.2539
14.5157
11.5102
9.22212
7.51651
6.23829
5.26648
4.49202
3.83581
3.25431
2.73329
2.27242
1.87527
1.53789
1.25446
1.01744
0.820658
0.660648
0.530052
0.424298
0.338604
0.269535
0.213944
0.16897
0.133013
0.104361
0.0815492
0.063346
0.0490271
0.0377388
0.0288506
0.0218372
0.0163458
0.0120596
0.00874307
0.0062023
0.0042923
0.00289724
0.00187762
0.00118445
0.000476581
0.000494852
92.9889
75.1998
54.239
46.7551
40.8378
33.6493
27.4666
22.5057
18.2128
14.5063
11.5136
9.22722
7.51831
6.23628
5.2617
4.48633
3.83039
3.24965
2.72951
2.26952
1.8731
1.53635
1.25342
1.01676
0.820229
0.660369
0.529871
0.424177
0.338523
0.269477
0.213903
0.168942
0.132994
0.104347
0.0815394
0.0633393
0.0490224
0.0377354
0.0288482
0.0218355
0.0163446
0.0120588
0.00874244
0.00620183
0.00429197
0.002897
0.00187741
0.00118432
0.000476507
0.000494739
85.0394
72.5364
53.763
45.8393
40.2658
33.3957
27.2862
22.3829
18.1537
14.488
11.5128
9.23033
7.5192
6.23332
5.2548
4.47722
3.82114
3.2419
2.72387
2.26575
1.87059
1.5346
1.25217
1.01587
0.819621
0.659957
0.529601
0.423999
0.338407
0.269399
0.21385
0.168908
0.13297
0.10433
0.0815281
0.0633316
0.0490169
0.0377313
0.0288453
0.0218335
0.0163431
0.0120577
0.00874166
0.00620124
0.00429155
0.00289668
0.00187717
0.00118416
0.000476432
0.000494588
77.2027
68.9418
52.9479
44.7913
39.4959
33.036
27.0516
22.2199
18.0693
14.4567
11.5055
9.23001
7.51775
6.2282
5.24576
4.46611
3.81006
3.23223
2.71611
2.25993
1.86644
1.53183
1.25041
1.01479
0.818946
0.659487
0.529266
0.423755
0.338238
0.269284
0.213773
0.168859
0.132939
0.104309
0.0815138
0.0633222
0.0490103
0.0377265
0.0288419
0.0218311
0.0163413
0.0120563
0.00874071
0.00620052
0.00429103
0.00289629
0.00187686
0.00118396
0.000476366
0.00049438
69.5522
64.4965
51.6152
43.5751
38.4998
32.5286
26.7432
22.0046
17.9501
14.4063
11.4881
9.22399
7.51254
6.22005
5.23384
4.45223
3.79642
3.22042
2.70677
2.25298
1.86136
1.52815
1.24775
1.01293
0.817729
0.658726
0.52882
0.423487
0.338064
0.269156
0.213676
0.16879
0.132891
0.104276
0.0814927
0.0633086
0.0490011
0.03772
0.0288374
0.0218279
0.0163391
0.0120547
0.00873955
0.00619965
0.00429038
0.0028958
0.00187649
0.0011837
0.000476324
0.000494089
62.1128
59.3464
49.6062
42.1196
37.2528
31.8247
26.3316
21.7206
17.7832
14.328
11.4553
9.20887
7.50139
6.20742
5.21804
4.43475
3.7796
3.20598
2.69538
2.2445
1.85517
1.52369
1.24457
1.0107
0.816187
0.657617
0.528038
0.422947
0.337721
0.268953
0.213562
0.168726
0.132847
0.104242
0.081466
0.0632891
0.0489871
0.0377102
0.0288307
0.0218234
0.0163359
0.0120526
0.00873804
0.00619856
0.00428959
0.00289521
0.00187604
0.00118337
0.000476329
0.000493677
54.8684
53.6735
46.8232
40.3192
35.7288
30.8734
25.7767
21.3463
17.5521
14.2099
11.3997
9.17997
7.48135
6.18836
5.19697
4.41269
3.75885
3.18832
2.68148
2.23415
1.84761
1.51827
1.24071
1.00799
0.814311
0.656288
0.527114
0.422296
0.337261
0.26862
0.213323
0.168569
0.132753
0.10419
0.0814391
0.0632738
0.0489754
0.0377
0.0288221
0.0218167
0.0163311
0.0120492
0.00873579
0.00619701
0.00428852
0.00289443
0.00187546
0.00118293
0.000476405
0.000493079
47.7845
47.657
43.2554
38.0535
33.8916
29.6272
25.0284
20.852
17.236
14.0361
11.3105
9.13054
7.44795
6.15991
5.16868
4.38461
3.73306
3.1666
2.66444
2.22148
1.83838
1.51165
1.23598
1.00468
0.812028
0.654677
0.525995
0.421505
0.336707
0.268229
0.213048
0.16838
0.132618
0.104092
0.0813701
0.0632291
0.0489489
0.0376859
0.0288146
0.021812
0.0163271
0.0120457
0.00873291
0.00619481
0.00428694
0.00289331
0.00187466
0.00118231
0.000476556
0.000492191
40.8332
41.4454
38.9797
35.2227
31.69
28.0445
24.0298
20.1987
16.8081
13.7857
11.1734
9.05122
7.39514
6.11812
5.13051
4.34871
3.70093
3.13982
2.64353
2.20594
1.82706
1.50354
1.23021
1.00064
0.809244
0.652714
0.524632
0.420545
0.336037
0.267758
0.212716
0.16815
0.132458
0.10398
0.0812917
0.063175
0.0489094
0.0376564
0.0287929
0.0217973
0.0163181
0.0120408
0.00873028
0.00619322
0.00428573
0.00289226
0.00187376
0.0011815
0.000476768
0.000490865
34.0098
35.1501
34.1362
31.7847
29.0657
26.0896
22.7248
19.338
16.2356
13.4327
10.9692
8.9292
7.3144
6.05732
5.07874
4.30238
3.66058
3.10663
2.61773
2.18678
1.81314
1.49358
1.22312
0.995677
0.805829
0.650312
0.522966
0.419375
0.335222
0.267185
0.212313
0.167873
0.132265
0.103845
0.0811976
0.06311
0.0488629
0.0376233
0.0287692
0.0217802
0.0163052
0.012031
0.00872302
0.0061883
0.00428279
0.00289071
0.00187302
0.00118097
0.000477382
0.000489188
27.3407
28.8603
28.8959
27.7762
25.9763
23.7334
21.0661
18.2164
15.4781
12.9456
10.6733
8.74732
7.19423
5.96985
5.00826
4.24226
3.60966
3.06531
2.5858
2.16311
1.79595
1.48128
1.21439
0.989578
0.801632
0.64737
0.52093
0.417949
0.33423
0.26649
0.211824
0.167538
0.132032
0.103682
0.0810836
0.0630315
0.0488072
0.0375837
0.0287408
0.0217597
0.0162901
0.0120199
0.00871507
0.00618263
0.0042787
0.00288771
0.00187088
0.00117941
0.000477426
0.00048713
20.8849
22.6648
23.4366
23.3092
22.4257
20.9623
19.023
16.784
14.491
12.2882
10.2559
8.48357
7.01944
5.84537
4.91218
4.16368
3.54494
3.01355
2.54606
2.1337
1.77462
1.46605
1.2036
0.982036
0.796446
0.643745
0.518423
0.416198
0.333014
0.26564
0.211228
0.16713
0.131748
0.103484
0.0809452
0.0629363
0.0487398
0.0375358
0.0287064
0.021735
0.0162721
0.0120069
0.00870565
0.00617587
0.00427393
0.0028844
0.00186869
0.00117786
0.00047724
0.000484927
14.7345
16.6699
17.936
18.5517
18.4842
17.7955
16.5908
15.007
13.2317
11.4222
9.68355
8.11115
6.77064
5.67044
4.78129
4.0605
3.46223
2.94841
2.49639
2.09702
1.74806
1.44709
1.19019
0.97268
0.790013
0.639264
0.515328
0.414044
0.331521
0.264601
0.210501
0.166632
0.131403
0.103244
0.0807779
0.0628215
0.0486584
0.0374781
0.0286651
0.0217056
0.0162507
0.0119915
0.00869441
0.00616783
0.00426827
0.00288046
0.00186604
0.00117594
0.000477013
0.000482531
9.01535
11.0091
12.5773
13.7054
14.2907
14.3045
13.8029
12.8814
11.6715
10.3131
8.92244
7.60024
6.42463
5.4282
4.60385
3.92464
3.35599
2.86599
2.434
2.05107
1.71484
1.4234
1.17346
0.961013
0.781993
0.633694
0.511487
0.411378
0.329678
0.26332
0.209608
0.166021
0.130981
0.10295
0.0805737
0.0626814
0.0485592
0.0374079
0.028615
0.0216699
0.0162249
0.0119728
0.00868093
0.0061582
0.00426147
0.00287565
0.00186277
0.00117359
0.000476731
0.000479697
3.88329
5.84323
7.55393
8.99078
10.0391
10.6232
10.7434
10.4463
9.8109
8.94135
7.94505
6.92185
5.95604
5.09897
4.36537
3.74596
3.2192
2.76137
2.35538
1.9933
1.67314
1.39368
1.1525
0.946401
0.771947
0.626739
0.506696
0.408066
0.327392
0.261739
0.208509
0.165271
0.130464
0.102592
0.0803252
0.0625113
0.0484393
0.0373233
0.0285547
0.0216272
0.0161941
0.0119507
0.00866498
0.00614682
0.00425339
0.0028699
0.00185883
0.00117074
0.000476357
0.000476347
-0.489243
1.35058
3.06748
4.63627
5.95676
6.94176
7.55391
7.79452
7.69493
7.31646
6.74065
6.05506
5.34159
4.66209
4.04955
3.51229
3.04315
2.62836
2.25607
1.9205
1.62061
1.35626
1.12613
0.928023
0.759306
0.61801
0.500692
0.403928
0.324545
0.259774
0.207148
0.164344
0.129827
0.102152
0.0800203
0.0623029
0.0482927
0.0372199
0.0284812
0.0215751
0.0161567
0.0119239
0.00864568
0.00613303
0.00424355
0.00286284
0.00185394
0.0011672
0.000475798
0.000472374
-3.94156
-2.29748
-0.688907
0.862067
2.2791
3.48466
4.42593
5.0738
5.42197
5.49124
5.32845
4.99738
4.5673
4.10029
3.64027
3.21052
2.81789
2.45963
2.1307
1.82872
1.5544
1.30906
1.09286
0.904833
0.74334
0.607008
0.493133
0.398733
0.320979
0.257322
0.205457
0.163193
0.129038
0.10161
0.079646
0.0620475
0.0481137
0.0370942
0.0283922
0.0215122
0.0161118
0.0118919
0.0086227
0.00611666
0.00423188
0.00285444
0.00184811
0.00116297
0.00047514
0.000467752
-6.3658
-4.97381
-3.56157
-2.14674
-0.780976
0.476967
1.57574
2.47352
3.14117
3.56871
3.76922
3.77663
3.63856
3.40663
3.12603
2.82881
2.53323
2.24711
1.97307
1.71326
1.47097
1.24951
1.05083
0.8755
0.723112
0.593084
0.483577
0.392182
0.316492
0.254247
0.203343
0.161756
0.128058
0.100937
0.0791832
0.0617323
0.0478937
0.03694
0.0282833
0.0214355
0.0160571
0.011853
0.00859483
0.00609678
0.00421767
0.00284415
0.00184092
0.00115777
0.000474213
0.000462261
-7.74766
-6.6361
-5.47446
-4.27572
-3.07023
-1.89648
-0.795093
0.193414
1.0323
1.69452
2.16827
2.45948
2.59027
2.5938
2.50653
2.36093
2.18127
1.98331
1.77684
1.56902
1.36636
1.17458
0.99779
0.838388
0.697451
0.575419
0.471456
0.383885
0.310822
0.250371
0.200689
0.159956
0.126833
0.1001
0.0786092
0.0613422
0.0476227
0.0367508
0.0281502
0.021342
0.0159908
0.0118061
0.00856131
0.00607293
0.00420064
0.00283185
0.00183237
0.00115162
0.000473142
0.000455887
-8.18641
-7.3518
-6.45729
-5.51162
-4.52913
-3.53088
-2.54391
-1.59958
-0.730897
0.0311921
0.662439
1.14944
1.49188
1.70191
1.80056
1.81235
1.76044
1.66378
1.53688
1.39117
1.2364
1.0809
0.931125
0.791532
0.664919
0.552983
0.456051
0.373345
0.303629
0.245465
0.19734
0.157688
0.125294
0.0990511
0.0778929
0.0608564
0.0472868
0.0365171
0.0279864
0.0212274
0.0159097
0.0117488
0.00852046
0.00604388
0.00417992
0.00281688
0.00182195
0.00114416
0.000471706
0.000448339
-7.87948
-7.29075
-6.64568
-5.94975
-5.20692
-4.42562
-3.6207
-2.81212
-2.02358
-1.28089
-0.60946
-0.0308703
0.440541
0.799777
1.05118
1.20635
1.28081
1.29088
1.25166
1.17658
1.07761
0.965229
0.848085
0.73274
0.623837
0.524537
0.436472
0.359938
0.294481
0.239233
0.193097
0.154817
0.123352
0.0977322
0.076995
0.060249
0.0468689
0.0362276
0.0277845
0.0210866
0.0158106
0.0116789
0.00847082
0.00600871
0.00415494
0.00279895
0.00180957
0.00113534
0.000469992
0.00043957
-7.0759
-6.68516
-6.24859
-5.76949
-5.2463
-4.67984
-4.07615
-3.44545
-2.80139
-2.16098
-1.54389
-0.970624
-0.459852
-0.0258656
0.323303
0.586455
0.768383
0.878047
0.926645
0.926165
0.888579
0.825237
0.746211
0.659792
0.572374
0.488653
0.411658
0.342895
0.282835
0.2313
0.187702
0.151169
0.120889
0.0960646
0.0758634
0.0594849
0.0463459
0.0358669
0.027534
0.0209124
0.0156884
0.011593
0.00841
0.00596575
0.00412455
0.00277724
0.0017946
0.00112471
0.000467716
0.000429245
-6.02002
-5.77515
-5.49677
-5.18692
-4.84194
-4.45914
-4.03942
-3.58639
-3.10595
-2.60679
-2.10079
-1.60248
-1.12783
-0.692437
-0.309687
0.0109568
0.264856
0.45223
0.577374
0.647588
0.672075
0.66094
0.624203
0.570949
0.508815
0.443846
0.380425
0.321321
0.268038
0.221203
0.180834
0.146524
0.117755
0.0939479
0.0744314
0.0585199
0.0456885
0.0354155
0.0272219
0.0206964
0.0155374
0.0114873
0.00833552
0.0059134
0.00408774
0.00275113
0.00177669
0.00111204
0.000464856
0.000417281
-4.90829
-4.76268
-4.59454
-4.40526
-4.19108
-3.94837
-3.67577
-3.37339
-3.04244
-2.68584
-2.3089
-1.91952
-1.52798
-1.14622
-0.78681
-0.461542
-0.180018
0.0514002
0.230136
0.357297
0.437184
0.476467
0.483195
0.465756
0.432028
0.388827
0.341591
0.29424
0.249338
0.208385
0.172095
0.140603
0.11376
0.0912523
0.0726113
0.0572952
0.0448577
0.0348473
0.0268308
0.0204266
0.0153498
0.0113564
0.00824372
0.00584917
0.0040428
0.00271941
0.00175496
0.00109672
0.000461046
0.00040336
-3.87093
-3.78831
-3.69155
-3.58167
-3.45565
-3.31027
-3.14361
-2.95444
-2.74187
-2.50574
-2.24726
-1.96938
-1.67703
-1.37709
-1.07818
-0.789991
-0.522359
-0.284123
-0.0821094
0.0796444
0.20019
0.281557
0.328201
0.34619
0.342254
0.322993
0.294253
0.260749
0.225954
0.192229
0.161022
0.133071
0.108666
0.0878146
0.0702925
0.0557359
0.0438034
0.0341293
0.0263387
0.0200885
0.0151158
0.0111939
0.00813037
0.00577028
0.00398788
0.00268086
0.00172868
0.00107828
0.00045615
0.000387412
-2.9758
-2.93083
-2.87745
-2.81647
-2.74576
-2.66291
-2.56626
-2.45443
-2.32595
-2.17956
-2.01455
-1.83114
-1.6307
-1.41604
-1.19153
-0.963132
-0.737994
-0.523914
-0.328459
-0.1581
-0.0173976
0.0914952
0.168991
0.217742
0.242057
0.247113
0.238234
0.220267
0.197215
0.172118
0.14711
0.123541
0.10219
0.0834329
0.0673344
0.0537458
0.0424606
0.0332176
0.0257162
0.0196625
0.0148224
0.010991
0.00798953
0.00567267
0.00392022
0.0026336
0.00169652
0.00105589
0.000449707
0.000369188
-2.24413
-2.22055
-2.19218
-2.15965
-2.1216
-2.07639
-2.02286
-1.9599
-1.88622
-1.80045
-1.7014
-1.58818
-1.46045
-1.31862
-1.16411
-0.999518
-0.828768
-0.656921
-0.489858
-0.333703
-0.194116
-0.0755512
0.0192808
0.0897187
0.137043
0.1641
0.174696
0.172965
0.162816
0.147585
0.129888
0.111612
0.0940145
0.0778709
0.0635678
0.0512062
0.0407477
0.0320572
0.0249263
0.0191238
0.0144531
0.0107367
0.00781391
0.00555147
0.00383659
0.00257554
0.00165725
0.0010288
0.000441431
0.000348671
-1.66866
-1.65671
-1.64214
-1.6254
-1.60567
-1.58194
-1.55345
-1.51948
-1.47908
-1.43121
-1.37478
-1.30876
-1.23229
-1.14476
-1.04607
-0.936775
-0.818323
-0.693138
-0.564641
-0.437083
-0.31517
-0.203564
-0.106261
-0.0260816
0.0356972
0.079388
0.106693
0.120261
0.123188
0.118544
0.109058
0.0969339
0.0838224
0.0708707
0.0587964
0.0479742
0.0385636
0.0305783
0.0239216
0.0184402
0.0139861
0.0104164
0.00759363
0.00540005
0.00373255
0.00250373
0.00160889
0.000995848
0.000430667
0.000325707
-1.22832
-1.22248
-1.21523
-1.20691
-1.19703
-1.18501
-1.17039
-1.15273
-1.13144
-1.10581
-1.07507
-1.03839
-0.994957
-0.943972
-0.884811
-0.817126
-0.741005
-0.657132
-0.566919
-0.472568
-0.377022
-0.283748
-0.196401
-0.118345
-0.0522229
0.000420727
0.0392731
0.0651872
0.0798899
0.085613
0.0847063
0.0793493
0.0713715
0.0621907
0.0528153
0.0438899
0.0357897
0.0286962
0.022643
0.0175713
0.013394
0.0100115
0.00731634
0.00521018
0.00360269
0.0024147
0.00154937
0.000955792
0.000416808
0.000300366
-0.897895
-0.895147
-0.891663
-0.887675
-0.882914
-0.877034
-0.86979
-0.860925
-0.850099
-0.83688
-0.820778
-0.801235
-0.777647
-0.749366
-0.715753
-0.676234
-0.630394
-0.57808
-0.519531
-0.455499
-0.387328
-0.316972
-0.246879
-0.179795
-0.118418
-0.0650505
-0.0212684
0.0122612
0.0358054
0.0503955
0.0575704
0.0590751
0.0566131
0.0516736
0.045445
0.038792
0.0322959
0.0263128
0.0210196
0.0164668
0.012642
0.00949837
0.00696593
0.00497103
0.00343979
0.00230372
0.00147558
0.000906827
0.000398803
0.000272642
-0.653347
-0.652121
-0.650517
-0.648689
-0.646491
-0.643729
-0.640271
-0.635979
-0.630665
-0.624084
-0.615946
-0.605914
-0.593598
-0.578556
-0.56031
-0.538359
-0.512227
-0.481517
-0.445981
-0.405621
-0.360778
-0.312222
-0.261192
-0.209355
-0.158695
-0.111285
-0.0690287
-0.0333787
-0.00515569
0.0155337
0.0292206
0.03691
0.0398561
0.0393582
0.0366
0.0325552
0.0279591
0.0233246
0.0189713
0.0150679
0.0116881
0.00884773
0.00652235
0.00466906
0.00323487
0.00216497
0.00138395
0.000846837
0.000375527
0.000242759
-0.474082
-0.47358
-0.472887
-0.472102
-0.471149
-0.46992
-0.468345
-0.466355
-0.463849
-0.460694
-0.456728
-0.451759
-0.445559
-0.437855
-0.428337
-0.416655
-0.402439
-0.385313
-0.364934
-0.341042
-0.313525
-0.282493
-0.248347
-0.211836
-0.174049
-0.136371
-0.100334
-0.067443
-0.0389524
-0.0157008
0.001996
0.014331
0.0219131
0.025609
0.0263813
0.0251485
0.0226964
0.0196396
0.0164165
0.0133092
0.0104832
0.00802409
0.00596064
0.00428707
0.00297628
0.00199076
0.00126947
0.000772926
0.000345325
0.000210894
-0.343549
-0.343378
-0.34311
-0.342811
-0.34244
-0.341937
-0.341269
-0.340399
-0.339278
-0.337835
-0.335983
-0.333618
-0.330613
-0.326812
-0.32203
-0.31605
-0.308628
-0.29949
-0.288355
-0.274946
-0.259029
-0.240454
-0.219207
-0.195469
-0.169663
-0.142475
-0.114835
-0.087841
-0.062636
-0.0402483
-0.021451
-0.00665212
0.004128
0.0112165
0.0151834
0.0167193
0.0165211
0.015211
0.0132907
0.011129
0.00897555
0.00698771
0.00525166
0.00380447
0.00264991
0.00177173
0.00112632
0.000681717
0.000306434
0.000177431
-0.24894
-0.248911
-0.248834
-0.24875
-0.248639
-0.248467
-0.248219
-0.247877
-0.247416
-0.2468
-0.245985
-0.244914
-0.243522
-0.241722
-0.239412
-0.236467
-0.23274
-0.228057
-0.222227
-0.215042
-0.206289
-0.195774
-0.183347
-0.16894
-0.152608
-0.134571
-0.115241
-0.0952221
-0.0752721
-0.0562311
-0.0389064
-0.0239638
-0.0118272
-0.0026367
0.00374429
0.00766626
0.00960743
0.0100828
0.00957394
0.00848322
0.00711819
0.00569731
0.0043627
0.00319691
0.00223843
0.0014961
0.0009467
0.000568648
0.000256325
0.000142478
-0.180601
-0.180626
-0.180627
-0.180631
-0.180626
-0.180596
-0.180533
-0.180427
-0.180268
-0.180037
-0.179712
-0.179265
-0.178661
-0.177856
-0.176793
-0.175405
-0.173609
-0.171304
-0.168373
-0.16468
-0.160077
-0.154406
-0.147515
-0.139271
-0.12959
-0.118461
-0.105985
-0.092392
-0.0780609
-0.0634985
-0.0493023
-0.0360828
-0.0243837
-0.0145987
-0.00692304
-0.00134068
0.00234284
0.00444432
0.00533361
0.00537489
0.0048859
0.00412001
0.00326298
0.00243935
0.00172318
0.00115085
0.000722346
0.000428969
0.000192755
0.000106595
-0.131363
-0.131405
-0.131435
-0.131469
-0.131503
-0.131527
-0.131539
-0.131532
-0.131503
-0.131442
-0.131339
-0.131179
-0.130946
-0.130616
-0.130161
-0.129546
-0.128725
-0.127644
-0.126234
-0.124417
-0.122098
-0.119173
-0.115528
-0.111047
-0.105622
-0.099171
-0.091656
-0.0831075
-0.0736461
-0.0634974
-0.0529891
-0.0425322
-0.0325729
-0.0235373
-0.0157648
-0.00946367
-0.00468694
-0.0013452
0.000759318
0.00188312
0.00229534
0.00224258
0.00192877
0.00150755
0.00108365
0.000720445
0.000442238
0.000255778
0.000111828
6.89838e-05
-0.0959792
-0.0960219
-0.0960585
-0.0960989
-0.0961416
-0.0961817
-0.0962173
-0.096247
-0.0962685
-0.0962776
-0.0962691
-0.0962363
-0.0961706
-0.0960605
-0.0958919
-0.0956461
-0.0953003
-0.094825
-0.0941844
-0.0933337
-0.0922196
-0.0907782
-0.0889365
-0.0866134
-0.0837231
-0.0801821
-0.0759187
-0.0708866
-0.0650811
-0.0585563
-0.0514396
-0.0439348
-0.0363155
-0.0288977
-0.0220021
-0.0159057
-0.0108039
-0.00678317
-0.00382122
-0.00180482
-0.000563272
9.68466e-05
0.000361821
0.000390997
0.00030675
0.000193695
9.87805e-05
4.49659e-05
1.24498e-05
3.10963e-05
-0.0706537
-0.0706909
-0.0707251
-0.0707624
-0.0708027
-0.0708435
-0.0708838
-0.0709229
-0.0709598
-0.0709924
-0.0710185
-0.0710347
-0.0710374
-0.0710211
-0.0709791
-0.0709021
-0.0707787
-0.0705937
-0.0703283
-0.0699585
-0.0694549
-0.0687817
-0.0678962
-0.0667481
-0.0652805
-0.0634318
-0.0611387
-0.0583431
-0.0549999
-0.0510889
-0.0466268
-0.0416794
-0.0363677
-0.0308671
-0.0253934
-0.0201798
-0.0154425
-0.0113507
-0.00800101
-0.00541037
-0.00352335
-0.00223297
-0.00140587
-0.000906921
-0.000616851
-0.000442288
-0.000320135
-0.000212822
-0.000111633
-1.05019e-05
-0.0526162
-0.0526479
-0.0526777
-0.0527095
-0.0527439
-0.0527795
-0.0528158
-0.0528526
-0.0528898
-0.0529266
-0.0529621
-0.0529949
-0.0530231
-0.0530441
-0.0530546
-0.05305
-0.0530248
-0.0529713
-0.0528803
-0.0527395
-0.0525338
-0.0522436
-0.0518455
-0.0513102
-0.0506034
-0.0496856
-0.0485127
-0.0470381
-0.0452164
-0.0430088
-0.0403898
-0.0373568
-0.0339383
-0.0302011
-0.0262531
-0.0222361
-0.0183134
-0.0146469
-0.0113748
-0.00858986
-0.00632981
-0.0045774
-0.00327282
-0.00233072
-0.00165903
-0.0011736
-0.000806702
-0.000512018
-0.000255153
-5.18301e-05
-0.0399582
-0.0399839
-0.0400084
-0.0400343
-0.0400625
-0.0400922
-0.0401231
-0.0401548
-0.0401876
-0.0402209
-0.0402546
-0.040288
-0.0403207
-0.0403513
-0.0403788
-0.0404007
-0.0404146
-0.0404165
-0.0404019
-0.0403644
-0.0402964
-0.0401878
-0.0400259
-0.0397948
-0.0394754
-0.039044
-0.0384733
-0.0377321
-0.0367867
-0.0356024
-0.0341469
-0.0323952
-0.0303348
-0.0279733
-0.0253429
-0.0225056
-0.0195502
-0.0165867
-0.0137317
-0.0110933
-0.00875397
-0.00676103
-0.00512278
-0.00381472
-0.00278978
-0.0019916
-0.00136302
-0.000858604
-0.000424293
-9.74326e-05
-0.0312476
-0.0312677
-0.031287
-0.0313073
-0.0313292
-0.0313523
-0.0313764
-0.0314013
-0.0314273
-0.0314542
-0.0314821
-0.0315106
-0.0315398
-0.0315691
-0.031598
-0.0316255
-0.0316503
-0.0316707
-0.0316843
-0.0316882
-0.0316783
-0.0316494
-0.0315949
-0.0315062
-0.0313728
-0.0311812
-0.0309156
-0.0305569
-0.0300829
-0.0294692
-0.0286892
-0.0277171
-0.0265296
-0.0251103
-0.0234545
-0.0215734
-0.0194986
-0.0172827
-0.0149967
-0.0127226
-0.0105434
-0.00853093
-0.00673712
-0.00518859
-0.00388711
-0.00281509
-0.00193882
-0.00122466
-0.000606925
-0.000147664
-0.0257254
-0.0257393
-0.0257529
-0.0257671
-0.0257825
-0.025799
-0.0258163
-0.0258344
-0.0258534
-0.0258733
-0.0258942
-0.025916
-0.0259389
-0.0259625
-0.0259868
-0.0260111
-0.0260348
-0.0260571
-0.0260769
-0.0260925
-0.0261023
-0.0261034
-0.0260925
-0.0260648
-0.0260145
-0.0259338
-0.0258133
-0.0256412
-0.0254037
-0.0250843
-0.0246643
-0.0241228
-0.0234382
-0.022589
-0.0215569
-0.0203301
-0.018907
-0.0173001
-0.0155384
-0.0136676
-0.0117473
-0.00984463
-0.00802613
-0.00634907
-0.00485402
-0.00356177
-0.00246811
-0.00155876
-0.000765666
-0.000180204
-0.0225403
-0.0225476
-0.0225547
-0.0225622
-0.0225704
-0.022579
-0.0225881
-0.0225976
-0.0226076
-0.0226181
-0.0226291
-0.0226406
-0.0226528
-0.0226655
-0.0226786
-0.0226917
-0.0227047
-0.0227169
-0.0227277
-0.0227362
-0.0227414
-0.0227418
-0.0227353
-0.0227191
-0.0226897
-0.0226423
-0.0225711
-0.0224688
-0.0223265
-0.022133
-0.0218755
-0.0215384
-0.021104
-0.0205528
-0.0198649
-0.0190212
-0.0180067
-0.0168139
-0.0154462
-0.0139216
-0.0122743
-0.0105541
-0.00882162
-0.00714188
-0.00557403
-0.00416367
-0.00293008
-0.00187863
-0.000942206
-0.000235634
)
;

boundaryField
{
    aerofoil
    {
        type            zeroGradient;
    }
    inlet
    {
        type            zeroGradient;
    }
    outlet
    {
        type            fixedValue;
        value           uniform 0;
    }
    back
    {
        type            empty;
    }
    front
    {
        type            empty;
    }
}


// ************************************************************************* //
