/*--------------------------------*- C++ -*----------------------------------*\
  =========                 |
  \\      /  F ield         | OpenFOAM: The Open Source CFD Toolbox
   \\    /   O peration     | Website:  https://openfoam.org
    \\  /    A nd           | Version:  12
     \\/     M anipulation  |
\*---------------------------------------------------------------------------*/
FoamFile
{
    format      ascii;
    class       volScalarField;
    location    "50";
    object      nut;
}
// * * * * * * * * * * * * * * * * * * * * * * * * * * * * * * * * * * * * * //

dimensions      [0 2 -1 0 0 0 0];

internalField   nonuniform List<scalar> 
16200
(
3.78949e-05
3.32255e-05
3.23471e-05
3.13835e-05
3.07406e-05
3.07307e-05
3.01715e-05
2.98262e-05
2.96019e-05
2.94004e-05
2.90504e-05
2.87728e-05
2.86558e-05
2.83873e-05
2.81912e-05
2.79918e-05
2.77789e-05
2.75598e-05
2.73123e-05
2.70168e-05
2.66422e-05
2.62604e-05
2.58127e-05
2.54049e-05
2.50669e-05
2.48574e-05
2.48063e-05
2.49408e-05
2.52014e-05
2.56058e-05
2.60989e-05
2.66556e-05
2.72482e-05
2.78534e-05
2.84405e-05
2.89827e-05
2.94e-05
2.96553e-05
2.97315e-05
2.96299e-05
2.94038e-05
2.9083e-05
2.86699e-05
2.8172e-05
2.7595e-05
2.69476e-05
2.62412e-05
2.54899e-05
2.47097e-05
2.39197e-05
2.31421e-05
2.24158e-05
2.18165e-05
2.14609e-05
2.14928e-05
2.21252e-05
1.85078e-05
1.45426e-05
1.28364e-05
1.33344e-05
0.00014354
0.000168155
0.000184047
0.000192365
0.000198086
0.000204086
0.000205142
0.000204278
0.000201952
0.000198353
0.000194546
0.000190145
0.000186159
0.000180853
0.000175395
0.000169374
0.000162761
0.000155604
0.000147595
0.000138375
0.000127608
0.000115815
0.000103105
9.03293e-05
7.48738e-05
6.10269e-05
4.97829e-05
4.12904e-05
3.50838e-05
3.05407e-05
2.73114e-05
2.48273e-05
2.2709e-05
2.07307e-05
1.87098e-05
1.6522e-05
1.47412e-05
1.33005e-05
1.22103e-05
1.15069e-05
1.09928e-05
1.05101e-05
1.00451e-05
9.59037e-06
9.14294e-06
8.7027e-06
8.27059e-06
7.84714e-06
7.43136e-06
7.01967e-06
6.60496e-06
6.1757e-06
5.71589e-06
5.20402e-06
4.608e-06
3.8604e-06
2.73371e-06
2.02364e-06
1.73738e-06
8.94558e-07
9.29483e-05
0.000145062
0.000201757
0.000247822
0.000286048
0.000313309
0.000322155
0.000321584
0.000314738
0.000304037
0.00029258
0.000280465
0.00026542
0.000246428
0.000225272
0.000202047
0.00017737
0.000152897
0.000131927
0.000116537
0.000107163
0.000103567
8.87297e-05
7.30344e-05
5.93928e-05
4.81353e-05
3.92934e-05
3.25771e-05
2.74952e-05
2.35968e-05
2.05082e-05
1.78281e-05
1.53976e-05
1.31815e-05
1.12304e-05
9.66638e-06
8.49529e-06
7.6126e-06
6.94867e-06
6.43886e-06
6.02421e-06
5.6778e-06
5.3908e-06
5.15515e-06
4.96456e-06
4.81369e-06
4.11828e-06
3.08161e-06
2.30968e-06
1.71347e-06
1.25429e-06
9.1927e-07
6.90299e-07
5.42193e-07
4.50804e-07
3.93474e-07
3.54156e-07
3.81893e-07
6.71708e-07
2.87885e-07
0.000115127
0.000194724
0.000253551
0.000311727
0.000344777
0.000361763
0.000364283
0.000354011
0.000334937
0.000308195
0.000277646
0.000246585
0.000216135
0.000184928
0.00015236
0.00012294
9.38503e-05
6.75227e-05
4.74432e-05
3.27744e-05
2.25599e-05
1.54964e-05
1.1035e-05
8.06214e-06
6.11485e-06
4.79633e-06
3.87715e-06
3.21276e-06
2.75663e-06
2.4045e-06
2.1854e-06
2.01252e-06
1.88617e-06
1.32574e-06
9.34623e-07
7.23334e-07
6.05865e-07
5.3163e-07
4.72689e-07
4.19382e-07
3.71196e-07
3.29095e-07
2.92337e-07
2.58615e-07
2.25614e-07
1.9298e-07
1.62581e-07
1.36512e-07
1.15764e-07
1.00263e-07
8.93817e-08
8.23202e-08
7.82676e-08
7.6623e-08
7.71429e-08
7.89432e-08
7.95899e-08
9.01417e-08
1.21045e-07
5.34451e-08
0.000156939
0.000271929
0.000325095
0.000340064
0.000342485
0.000332237
0.000311476
0.000282384
0.000251168
0.000217375
0.000183868
0.000152696
0.000117358
8.05297e-05
5.22987e-05
3.25245e-05
1.98986e-05
1.23434e-05
7.81747e-06
5.06762e-06
3.53866e-06
2.68086e-06
2.28334e-06
2.16178e-06
2.27626e-06
2.6191e-06
3.18227e-06
2.49149e-06
1.97949e-06
1.56638e-06
1.35369e-06
1.3321e-06
1.36611e-06
1.2896e-06
1.15537e-06
1.03271e-06
9.00771e-07
7.70142e-07
6.64673e-07
5.83375e-07
5.1677e-07
4.5737e-07
3.99581e-07
3.41308e-07
2.85292e-07
2.35837e-07
1.95273e-07
1.63683e-07
1.39999e-07
1.22841e-07
1.10901e-07
1.03071e-07
9.85453e-08
9.6984e-08
9.83918e-08
1.01498e-07
1.03123e-07
1.1436e-07
1.79567e-07
8.03285e-08
0.000204255
0.000246712
0.000279651
0.000267257
0.0002568
0.000234906
0.00020553
0.000166634
0.000125879
8.9122e-05
6.01914e-05
3.90405e-05
2.43519e-05
1.49454e-05
9.2103e-06
5.91556e-06
4.22713e-06
3.58654e-06
3.1951e-06
2.5367e-06
2.96422e-06
3.34262e-06
3.15994e-06
2.64965e-06
1.88874e-06
1.46982e-06
1.33624e-06
1.34335e-06
1.33396e-06
1.23301e-06
1.068e-06
8.93531e-07
7.60262e-07
6.87667e-07
6.56625e-07
6.31209e-07
5.86711e-07
5.28331e-07
4.70778e-07
4.20392e-07
3.76373e-07
3.3538e-07
2.95372e-07
2.5721e-07
2.23162e-07
1.94825e-07
1.72543e-07
1.55861e-07
1.44038e-07
1.36332e-07
1.32108e-07
1.30843e-07
1.32164e-07
1.35992e-07
1.42436e-07
1.49929e-07
1.54309e-07
1.67706e-07
2.40768e-07
1.2988e-07
8.93439e-05
9.9058e-05
0.000100943
9.46118e-05
8.27833e-05
6.52568e-05
4.87825e-05
3.33531e-05
2.15604e-05
1.36943e-05
8.74737e-06
5.83462e-06
4.39635e-06
4.24248e-06
5.51897e-06
4.57987e-06
3.21825e-06
2.61701e-06
2.51894e-06
2.87761e-06
3.10775e-06
3.00703e-06
3.03151e-06
2.68679e-06
2.16925e-06
2.05214e-06
2.14914e-06
2.0302e-06
1.76269e-06
1.60124e-06
1.4721e-06
1.29965e-06
1.15413e-06
1.05976e-06
9.68459e-07
8.54336e-07
7.38009e-07
6.37851e-07
5.55693e-07
4.86894e-07
4.26217e-07
3.7089e-07
3.2125e-07
2.78826e-07
2.44451e-07
2.17865e-07
1.98199e-07
1.84437e-07
1.75653e-07
1.71081e-07
1.70094e-07
1.72157e-07
1.76816e-07
1.83819e-07
1.92974e-07
2.0235e-07
2.0778e-07
2.21124e-07
2.92715e-07
1.8524e-07
3.01176e-05
3.00965e-05
2.94561e-05
2.72453e-05
2.31507e-05
1.80227e-05
1.35151e-05
9.89364e-06
7.64056e-06
5.61218e-06
3.14147e-06
3.54435e-06
5.17996e-06
5.53089e-06
4.35393e-06
3.04055e-06
2.48273e-06
2.43239e-06
2.66027e-06
2.79788e-06
2.58764e-06
2.21057e-06
1.7531e-06
1.42297e-06
1.28787e-06
1.30275e-06
1.36006e-06
1.33855e-06
1.22192e-06
1.07718e-06
9.52062e-07
8.72524e-07
8.30494e-07
7.9458e-07
7.38462e-07
6.6513e-07
5.91414e-07
5.26495e-07
4.70894e-07
4.21952e-07
3.77684e-07
3.38012e-07
3.03853e-07
2.75927e-07
2.54266e-07
2.38445e-07
2.27818e-07
2.21759e-07
2.19681e-07
2.21062e-07
2.25382e-07
2.32107e-07
2.40693e-07
2.50697e-07
2.61682e-07
2.71863e-07
2.78146e-07
2.91048e-07
3.49862e-07
2.60868e-07
4.66745e-06
1.17006e-05
1.61519e-05
1.49518e-05
1.35588e-05
6.73722e-06
4.5641e-06
5.03117e-06
6.39522e-06
6.53062e-06
5.19724e-06
4.2459e-06
4.10486e-06
3.89189e-06
3.52927e-06
3.19839e-06
3.25429e-06
3.79654e-06
4.04421e-06
3.70818e-06
3.35921e-06
2.77786e-06
2.25445e-06
2.03655e-06
2.04118e-06
2.05027e-06
1.8976e-06
1.66423e-06
1.43446e-06
1.24482e-06
1.11445e-06
1.03382e-06
9.67351e-07
8.86051e-07
7.91292e-07
6.99182e-07
6.18978e-07
5.51268e-07
4.93345e-07
4.42928e-07
3.99333e-07
3.62781e-07
3.33484e-07
3.112e-07
2.95362e-07
2.85244e-07
2.80133e-07
2.79345e-07
2.82241e-07
2.88162e-07
2.96443e-07
3.06396e-07
3.17395e-07
3.28916e-07
3.40358e-07
3.50499e-07
3.58141e-07
3.70716e-07
4.09996e-07
3.49582e-07
8.44651e-07
1.51742e-06
2.51334e-06
3.49642e-06
4.72936e-06
4.79774e-06
4.25492e-06
4.31722e-06
5.56192e-06
6.78795e-06
6.27876e-06
5.28793e-06
4.02581e-06
3.17323e-06
2.8363e-06
2.77971e-06
2.96331e-06
3.35501e-06
3.55597e-06
3.29562e-06
2.71613e-06
2.19226e-06
1.93222e-06
1.9075e-06
1.96048e-06
1.89665e-06
1.70495e-06
1.48859e-06
1.30422e-06
1.17281e-06
1.08492e-06
1.0129e-06
9.32378e-07
8.41049e-07
7.50831e-07
6.70821e-07
6.03015e-07
5.45727e-07
4.96963e-07
4.55705e-07
4.21723e-07
3.94932e-07
3.75044e-07
3.61522e-07
3.53719e-07
3.50927e-07
3.52459e-07
3.576e-07
3.65635e-07
3.75796e-07
3.87328e-07
3.99563e-07
4.12009e-07
4.24183e-07
4.35289e-07
4.44895e-07
4.54512e-07
4.66739e-07
4.80508e-07
4.58357e-07
9.32552e-07
1.68406e-06
2.42096e-06
2.78366e-06
3.41152e-06
4.15623e-06
4.69829e-06
5.00937e-06
5.68275e-06
6.53956e-06
6.26325e-06
5.61806e-06
4.7374e-06
4.00026e-06
3.75255e-06
3.7573e-06
3.79334e-06
3.75228e-06
3.57283e-06
3.23109e-06
2.79752e-06
2.48425e-06
2.35406e-06
2.32291e-06
2.21828e-06
1.99665e-06
1.74669e-06
1.52967e-06
1.36508e-06
1.24638e-06
1.14906e-06
1.05118e-06
9.48431e-07
8.49265e-07
7.61468e-07
6.87325e-07
6.25589e-07
5.74308e-07
5.32104e-07
4.98272e-07
4.72347e-07
4.53816e-07
4.42039e-07
4.36267e-07
4.35729e-07
4.39601e-07
4.47088e-07
4.57347e-07
4.6956e-07
4.82898e-07
4.96626e-07
5.10231e-07
5.23485e-07
5.35916e-07
5.46337e-07
5.55288e-07
5.67841e-07
5.8004e-07
5.62949e-07
5.87759e-07
9.93111e-07
1.87316e-06
2.79083e-06
2.99777e-06
3.2848e-06
3.78e-06
4.37141e-06
4.77658e-06
5.08305e-06
5.39134e-06
5.01658e-06
4.34346e-06
4.03355e-06
3.89104e-06
3.93131e-06
3.908e-06
3.6777e-06
3.32061e-06
2.94472e-06
2.62053e-06
2.4061e-06
2.31805e-06
2.28607e-06
2.20858e-06
2.03371e-06
1.81314e-06
1.60988e-06
1.44794e-06
1.32355e-06
1.21998e-06
1.12066e-06
1.02066e-06
9.24981e-07
8.397e-07
7.67294e-07
7.07221e-07
6.57936e-07
6.18095e-07
5.86861e-07
5.63626e-07
5.47869e-07
5.38912e-07
5.3605e-07
5.38426e-07
5.45209e-07
5.55462e-07
5.68314e-07
5.82872e-07
5.98327e-07
6.13909e-07
6.28995e-07
6.43312e-07
6.56933e-07
6.69299e-07
6.7864e-07
6.86698e-07
7.03119e-07
7.15535e-07
6.6162e-07
7.42856e-07
1.06638e-06
1.94704e-06
2.95803e-06
3.44204e-06
3.89026e-06
4.33661e-06
4.7371e-06
4.92445e-06
4.96864e-06
4.89514e-06
4.43552e-06
4.01952e-06
4.03425e-06
4.20589e-06
4.37484e-06
4.27205e-06
3.89996e-06
3.41982e-06
2.9822e-06
2.68168e-06
2.52926e-06
2.46447e-06
2.38215e-06
2.22324e-06
2.01139e-06
1.80241e-06
1.62658e-06
1.48467e-06
1.36381e-06
1.25153e-06
1.14323e-06
1.04201e-06
9.52504e-07
8.76938e-07
8.14974e-07
7.65154e-07
7.25966e-07
6.96237e-07
6.75083e-07
6.61771e-07
6.55532e-07
6.55574e-07
6.60975e-07
6.70836e-07
6.84121e-07
6.99895e-07
7.17166e-07
7.3514e-07
7.53032e-07
7.70216e-07
7.86179e-07
8.00884e-07
8.14743e-07
8.26993e-07
8.35092e-07
8.42256e-07
8.63773e-07
8.76824e-07
7.79415e-07
9.27649e-07
1.18166e-06
2.03854e-06
2.90963e-06
3.57585e-06
4.24708e-06
4.77823e-06
5.07076e-06
5.07336e-06
4.91231e-06
4.63225e-06
4.17202e-06
3.88287e-06
3.9477e-06
4.09034e-06
4.14814e-06
3.98139e-06
3.64634e-06
3.26438e-06
2.9405e-06
2.72204e-06
2.58851e-06
2.4748e-06
2.3232e-06
2.13288e-06
1.93706e-06
1.76289e-06
1.61633e-06
1.48961e-06
1.37359e-06
1.26445e-06
1.16375e-06
1.07486e-06
9.99771e-07
9.38544e-07
8.90082e-07
8.52974e-07
8.25921e-07
8.07857e-07
7.97844e-07
7.95048e-07
7.98563e-07
8.07509e-07
8.20855e-07
8.37634e-07
8.56778e-07
8.77332e-07
8.98356e-07
9.19106e-07
9.3892e-07
9.57248e-07
9.7372e-07
9.88558e-07
1.00253e-06
1.01464e-06
1.02128e-06
1.02754e-06
1.05558e-06
1.06983e-06
9.20921e-07
1.14807e-06
1.34625e-06
2.24138e-06
2.97767e-06
3.65838e-06
4.33257e-06
4.86731e-06
5.15524e-06
5.19336e-06
5.09204e-06
4.85373e-06
4.48075e-06
4.26541e-06
4.27464e-06
4.25226e-06
4.12194e-06
3.86979e-06
3.56519e-06
3.27875e-06
3.04803e-06
2.87189e-06
2.71562e-06
2.54191e-06
2.34347e-06
2.1412e-06
1.95633e-06
1.79626e-06
1.65705e-06
1.53192e-06
1.41755e-06
1.31431e-06
1.22423e-06
1.14865e-06
1.08768e-06
1.04034e-06
1.00529e-06
9.81105e-07
9.66478e-07
9.6025e-07
9.6134e-07
9.68805e-07
9.81651e-07
9.98953e-07
1.01963e-06
1.04272e-06
1.06714e-06
1.09198e-06
1.11635e-06
1.13961e-06
1.16114e-06
1.18046e-06
1.19729e-06
1.21221e-06
1.2264e-06
1.23849e-06
1.2436e-06
1.24906e-06
1.28532e-06
1.30132e-06
1.09131e-06
1.41116e-06
1.55481e-06
2.5236e-06
3.18338e-06
3.84741e-06
4.40474e-06
4.79057e-06
4.97957e-06
5.02595e-06
5.01097e-06
4.89004e-06
4.65938e-06
4.50627e-06
4.42162e-06
4.24891e-06
4.00558e-06
3.72371e-06
3.45973e-06
3.23782e-06
3.05495e-06
2.88906e-06
2.71492e-06
2.52426e-06
2.32824e-06
2.14423e-06
1.98031e-06
1.83592e-06
1.70714e-06
1.59128e-06
1.48818e-06
1.39895e-06
1.32451e-06
1.26495e-06
1.21959e-06
1.18727e-06
1.16658e-06
1.15611e-06
1.1544e-06
1.16024e-06
1.17236e-06
1.18984e-06
1.2116e-06
1.23679e-06
1.26435e-06
1.29336e-06
1.32276e-06
1.35166e-06
1.37921e-06
1.40483e-06
1.42796e-06
1.44818e-06
1.46535e-06
1.48037e-06
1.4949e-06
1.50719e-06
1.51073e-06
1.51552e-06
1.56203e-06
1.58041e-06
1.2974e-06
1.72618e-06
1.81945e-06
2.8575e-06
3.47157e-06
4.14667e-06
4.61756e-06
4.89274e-06
4.99857e-06
5.03885e-06
5.07249e-06
5.02667e-06
4.8888e-06
4.7565e-06
4.59317e-06
4.34061e-06
4.04677e-06
3.76588e-06
3.52194e-06
3.31357e-06
3.12501e-06
2.93841e-06
2.74422e-06
2.54866e-06
2.36333e-06
2.19551e-06
2.04616e-06
1.9143e-06
1.79737e-06
1.69503e-06
1.60733e-06
1.5348e-06
1.47736e-06
1.43447e-06
1.40517e-06
1.38821e-06
1.38219e-06
1.38556e-06
1.39678e-06
1.4144e-06
1.43729e-06
1.46436e-06
1.49482e-06
1.52766e-06
1.5621e-06
1.59704e-06
1.63162e-06
1.66477e-06
1.69575e-06
1.72393e-06
1.74889e-06
1.77026e-06
1.78792e-06
1.80325e-06
1.81846e-06
1.83127e-06
1.83329e-06
1.83767e-06
1.89695e-06
1.9185e-06
1.54779e-06
2.10525e-06
2.16401e-06
3.23822e-06
3.80443e-06
4.48405e-06
4.89238e-06
5.09923e-06
5.15768e-06
5.18588e-06
5.21874e-06
5.18228e-06
5.0688e-06
4.91929e-06
4.70513e-06
4.41359e-06
4.11918e-06
3.85351e-06
3.6201e-06
3.4084e-06
3.20569e-06
3.00159e-06
2.80222e-06
2.61464e-06
2.44415e-06
2.29066e-06
2.15737e-06
2.04038e-06
1.94039e-06
1.85558e-06
1.78648e-06
1.73262e-06
1.69339e-06
1.66797e-06
1.65497e-06
1.65381e-06
1.6628e-06
1.68017e-06
1.70425e-06
1.73364e-06
1.76721e-06
1.80396e-06
1.84328e-06
1.88422e-06
1.92606e-06
1.9677e-06
2.00822e-06
2.04653e-06
2.08179e-06
2.1134e-06
2.14093e-06
2.16403e-06
2.18275e-06
2.19892e-06
2.21548e-06
2.22948e-06
2.23058e-06
2.23487e-06
2.31008e-06
2.33565e-06
1.85763e-06
2.56651e-06
2.63435e-06
3.70539e-06
4.22964e-06
4.90749e-06
5.28684e-06
5.47916e-06
5.53563e-06
5.56272e-06
5.57551e-06
5.51563e-06
5.38512e-06
5.20117e-06
4.93665e-06
4.62904e-06
4.33593e-06
4.0695e-06
3.82613e-06
3.59723e-06
3.36927e-06
3.15402e-06
2.95491e-06
2.77167e-06
2.61109e-06
2.47276e-06
2.35159e-06
2.25028e-06
2.16824e-06
2.10165e-06
2.05114e-06
2.01568e-06
1.99276e-06
1.98353e-06
1.98719e-06
2.00202e-06
2.02572e-06
2.05741e-06
2.09506e-06
2.13764e-06
2.18326e-06
2.23068e-06
2.28086e-06
2.33231e-06
2.38427e-06
2.43554e-06
2.48499e-06
2.53143e-06
2.57392e-06
2.61175e-06
2.64432e-06
2.67131e-06
2.69289e-06
2.71149e-06
2.73092e-06
2.74737e-06
2.74703e-06
2.75166e-06
2.84711e-06
2.87949e-06
2.26338e-06
3.15249e-06
3.28756e-06
4.3043e-06
4.79064e-06
5.44895e-06
5.80984e-06
6.00634e-06
6.07213e-06
6.09101e-06
6.0675e-06
5.96858e-06
5.8054e-06
5.58896e-06
5.27608e-06
4.96735e-06
4.67345e-06
4.39955e-06
4.1427e-06
3.88413e-06
3.64623e-06
3.42951e-06
3.22734e-06
3.05388e-06
2.90697e-06
2.77624e-06
2.66987e-06
2.58865e-06
2.52243e-06
2.47418e-06
2.44217e-06
2.41697e-06
2.41111e-06
2.42012e-06
2.4395e-06
2.47178e-06
2.51357e-06
2.56287e-06
2.61804e-06
2.67751e-06
2.7431e-06
2.80912e-06
2.87748e-06
2.94727e-06
3.01295e-06
3.08167e-06
3.14792e-06
3.21014e-06
3.26702e-06
3.3176e-06
3.36109e-06
3.3971e-06
3.42585e-06
3.45059e-06
3.4762e-06
3.49761e-06
3.49666e-06
3.50164e-06
3.62452e-06
3.66553e-06
2.85274e-06
3.97577e-06
4.2197e-06
5.12572e-06
5.58179e-06
6.21004e-06
6.56192e-06
6.77028e-06
6.84682e-06
6.85144e-06
6.78693e-06
6.64491e-06
6.44368e-06
6.1483e-06
5.83014e-06
5.51336e-06
5.21022e-06
4.92372e-06
4.62928e-06
4.3627e-06
4.12269e-06
3.89387e-06
3.70268e-06
3.54359e-06
3.39728e-06
3.28111e-06
3.19986e-06
3.13183e-06
3.08518e-06
3.04297e-06
3.02079e-06
3.02051e-06
3.03168e-06
3.06219e-06
3.10726e-06
3.16512e-06
3.23397e-06
3.31165e-06
3.3964e-06
3.48648e-06
3.58106e-06
3.67917e-06
3.78035e-06
3.88345e-06
3.99834e-06
4.10167e-06
4.20135e-06
4.29516e-06
4.36559e-06
4.44105e-06
4.50589e-06
4.55953e-06
4.60244e-06
4.63903e-06
4.67612e-06
4.70658e-06
4.7051e-06
4.71004e-06
4.87397e-06
4.92592e-06
3.80069e-06
5.27741e-06
5.58885e-06
6.31215e-06
6.72977e-06
7.31236e-06
7.65569e-06
7.8736e-06
7.95602e-06
7.94295e-06
7.84071e-06
7.65964e-06
7.42195e-06
7.05722e-06
6.71821e-06
6.3857e-06
6.06747e-06
5.73329e-06
5.43214e-06
5.16355e-06
4.90109e-06
4.68806e-06
4.51436e-06
4.34737e-06
4.21802e-06
4.13835e-06
4.06874e-06
4.02608e-06
3.96703e-06
3.94863e-06
3.96001e-06
3.99601e-06
4.03176e-06
4.10931e-06
4.19892e-06
4.30475e-06
4.42506e-06
4.55726e-06
4.69932e-06
4.84904e-06
5.00533e-06
5.14078e-06
5.30402e-06
5.46994e-06
5.63637e-06
5.80024e-06
5.95813e-06
6.10656e-06
6.24222e-06
6.36283e-06
6.46658e-06
6.55247e-06
6.65569e-06
6.71553e-06
6.77456e-06
6.82205e-06
6.82034e-06
6.78542e-06
7.05687e-06
7.07825e-06
5.41955e-06
7.4935e-06
7.68345e-06
8.13129e-06
8.47663e-06
8.98531e-06
9.30365e-06
9.51245e-06
9.5846e-06
9.54588e-06
9.40737e-06
9.18993e-06
8.84123e-06
8.47909e-06
8.11693e-06
7.76626e-06
7.43476e-06
7.05314e-06
6.75305e-06
6.4943e-06
6.21761e-06
6.03068e-06
5.84164e-06
5.73602e-06
5.62957e-06
5.56405e-06
5.50293e-06
5.44778e-06
5.44526e-06
5.48498e-06
5.55938e-06
5.66334e-06
5.759e-06
5.9064e-06
6.07759e-06
6.27117e-06
6.48494e-06
6.71613e-06
6.96125e-06
7.21789e-06
7.48366e-06
7.75753e-06
8.03722e-06
8.32062e-06
8.60368e-06
8.88201e-06
9.14987e-06
9.33089e-06
9.55637e-06
9.75614e-06
9.92795e-06
1.00698e-05
1.02393e-05
1.03377e-05
1.04339e-05
1.05108e-05
1.04466e-05
1.04488e-05
1.086e-05
1.08621e-05
8.2625e-06
1.13884e-05
1.10262e-05
1.10548e-05
1.125e-05
1.1637e-05
1.18964e-05
1.20669e-05
1.21055e-05
1.20282e-05
1.18486e-05
1.15931e-05
1.11598e-05
1.07657e-05
1.03804e-05
1.00158e-05
9.58566e-06
9.2523e-06
8.97107e-06
8.65703e-06
8.46352e-06
8.25637e-06
8.16639e-06
8.0652e-06
8.07923e-06
7.93652e-06
7.89966e-06
7.93913e-06
8.04071e-06
8.19313e-06
8.38815e-06
8.6205e-06
8.88767e-06
9.11094e-06
9.43325e-06
9.78806e-06
1.01726e-05
1.05832e-05
1.10148e-05
1.14635e-05
1.19258e-05
1.23999e-05
1.28823e-05
1.33691e-05
1.38541e-05
1.43292e-05
1.47852e-05
1.52118e-05
1.56005e-05
1.59443e-05
1.62398e-05
1.64856e-05
1.6635e-05
1.68025e-05
1.69649e-05
1.70949e-05
1.69972e-05
1.69982e-05
1.76477e-05
1.76076e-05
1.33218e-05
1.83064e-05
1.65933e-05
1.59437e-05
1.58258e-05
1.5993e-05
1.61231e-05
1.62028e-05
1.61706e-05
1.60322e-05
1.58001e-05
1.55008e-05
1.49694e-05
1.45458e-05
1.41461e-05
1.37836e-05
1.33031e-05
1.3005e-05
1.26578e-05
1.24728e-05
1.22601e-05
1.22132e-05
1.21409e-05
1.22382e-05
1.20379e-05
1.20549e-05
1.21852e-05
1.24097e-05
1.27121e-05
1.30788e-05
1.35001e-05
1.39706e-05
1.44886e-05
1.49233e-05
1.55214e-05
1.61688e-05
1.6862e-05
1.75957e-05
1.8362e-05
1.9155e-05
1.9969e-05
2.0801e-05
2.16456e-05
2.24955e-05
2.33398e-05
2.41646e-05
2.49537e-05
2.5689e-05
2.63564e-05
2.69453e-05
2.74511e-05
2.78715e-05
2.81373e-05
2.84292e-05
2.87143e-05
2.89449e-05
2.88053e-05
2.90453e-05
2.98697e-05
2.97393e-05
2.24126e-05
3.06864e-05
2.62351e-05
2.40345e-05
2.36427e-05
2.33816e-05
2.32329e-05
2.31188e-05
2.29444e-05
2.27001e-05
2.23904e-05
2.20394e-05
2.13917e-05
2.09529e-05
2.05671e-05
2.00393e-05
1.97386e-05
1.95388e-05
1.92299e-05
1.92007e-05
1.90908e-05
1.92577e-05
1.91466e-05
1.90834e-05
1.92198e-05
1.95282e-05
1.99835e-05
2.05621e-05
2.12432e-05
2.2009e-05
2.28478e-05
2.3754e-05
2.47287e-05
2.57765e-05
2.6902e-05
2.78418e-05
2.90947e-05
3.04137e-05
3.17856e-05
3.32001e-05
3.46483e-05
3.61242e-05
3.76192e-05
3.91201e-05
4.06074e-05
4.20554e-05
4.34363e-05
4.47193e-05
4.58804e-05
4.6902e-05
4.77796e-05
4.85151e-05
4.90062e-05
4.95293e-05
5.00443e-05
5.025e-05
5.02779e-05
5.06535e-05
5.20776e-05
5.17583e-05
3.88936e-05
5.29719e-05
4.34719e-05
3.8728e-05
3.74349e-05
3.63109e-05
3.55767e-05
3.50572e-05
3.45978e-05
3.41581e-05
3.37236e-05
3.33075e-05
3.25189e-05
3.21017e-05
3.17931e-05
3.12572e-05
3.11286e-05
3.11551e-05
3.09842e-05
3.12774e-05
3.14099e-05
3.13099e-05
3.13836e-05
3.17581e-05
3.23984e-05
3.32726e-05
3.43486e-05
3.55947e-05
3.6982e-05
3.84863e-05
4.00928e-05
4.1797e-05
4.36059e-05
4.55323e-05
4.75871e-05
4.97749e-05
5.20891e-05
5.45157e-05
5.70321e-05
5.96201e-05
6.16411e-05
6.42861e-05
6.69609e-05
6.96401e-05
7.22891e-05
7.48619e-05
7.73083e-05
7.95733e-05
8.1617e-05
8.34139e-05
8.49589e-05
8.62553e-05
8.71566e-05
8.76526e-05
8.76359e-05
8.76252e-05
8.76216e-05
8.76267e-05
8.76397e-05
8.76491e-05
6.90554e-05
8.73745e-05
7.51574e-05
6.57361e-05
6.17736e-05
5.96257e-05
5.76672e-05
5.63056e-05
5.52649e-05
5.44438e-05
5.37855e-05
5.32789e-05
5.23148e-05
5.19985e-05
5.18979e-05
5.14512e-05
5.17054e-05
5.22101e-05
5.23842e-05
5.33221e-05
5.28315e-05
5.3196e-05
5.40239e-05
5.52715e-05
5.68968e-05
5.88586e-05
6.11125e-05
6.36123e-05
6.63151e-05
6.91858e-05
7.22061e-05
7.53759e-05
7.87155e-05
8.22537e-05
8.60145e-05
8.80849e-05
8.80304e-05
8.79774e-05
8.79255e-05
8.78749e-05
8.78255e-05
8.77771e-05
8.773e-05
8.7684e-05
8.76393e-05
8.75959e-05
8.75542e-05
8.7514e-05
8.74758e-05
8.74394e-05
8.74053e-05
8.73736e-05
8.73451e-05
8.73203e-05
8.73004e-05
8.72869e-05
8.72819e-05
8.72884e-05
8.73115e-05
8.73544e-05
8.73708e-05
8.70618e-05
9.2248e-05
9.19703e-05
9.17009e-05
9.14417e-05
9.11938e-05
9.09578e-05
9.0734e-05
9.05225e-05
9.0323e-05
8.97331e-05
8.85315e-05
8.84649e-05
8.88209e-05
8.86687e-05
8.93629e-05
8.92343e-05
8.9113e-05
8.89988e-05
8.88908e-05
8.87888e-05
8.86918e-05
8.85998e-05
8.85121e-05
8.84284e-05
8.83482e-05
8.82713e-05
8.81973e-05
8.81261e-05
8.80572e-05
8.79906e-05
8.7926e-05
8.78634e-05
8.78025e-05
8.77432e-05
8.76855e-05
8.76292e-05
8.75743e-05
8.75207e-05
8.74684e-05
8.74172e-05
8.73673e-05
8.73185e-05
8.72709e-05
8.72246e-05
8.71801e-05
8.71375e-05
8.70973e-05
8.70591e-05
8.70233e-05
8.69898e-05
8.69589e-05
8.69313e-05
8.69081e-05
8.68911e-05
8.68823e-05
8.6885e-05
8.6908e-05
8.69736e-05
8.70535e-05
8.66937e-05
9.16933e-05
9.14483e-05
9.12051e-05
9.09672e-05
9.07369e-05
9.05157e-05
9.03045e-05
9.01035e-05
8.99129e-05
8.97325e-05
8.9562e-05
8.9401e-05
8.9249e-05
8.91055e-05
8.89699e-05
8.88419e-05
8.87206e-05
8.86058e-05
8.84967e-05
8.8393e-05
8.82941e-05
8.81996e-05
8.81091e-05
8.80223e-05
8.79387e-05
8.78581e-05
8.77802e-05
8.77049e-05
8.76318e-05
8.75609e-05
8.74922e-05
8.74254e-05
8.73607e-05
8.72982e-05
8.72379e-05
8.71795e-05
8.71231e-05
8.70686e-05
8.70158e-05
8.69646e-05
8.69149e-05
8.68664e-05
8.68189e-05
8.67717e-05
8.67244e-05
8.668e-05
8.66393e-05
8.66017e-05
8.65667e-05
8.6534e-05
8.65035e-05
8.64752e-05
8.645e-05
8.64302e-05
8.64184e-05
8.64148e-05
8.64256e-05
8.6504e-05
8.6679e-05
8.6261e-05
9.09243e-05
9.07306e-05
9.05274e-05
9.0321e-05
9.01158e-05
8.9915e-05
8.97205e-05
8.95336e-05
8.93549e-05
8.91844e-05
8.9022e-05
8.88675e-05
8.87205e-05
8.85808e-05
8.84477e-05
8.83211e-05
8.82004e-05
8.80853e-05
8.79755e-05
8.78706e-05
8.77702e-05
8.76741e-05
8.75819e-05
8.74933e-05
8.74076e-05
8.73245e-05
8.72436e-05
8.71645e-05
8.70869e-05
8.70105e-05
8.69349e-05
8.68599e-05
8.67851e-05
8.67133e-05
8.66462e-05
8.65836e-05
8.65253e-05
8.64711e-05
8.64207e-05
8.63739e-05
8.63307e-05
8.62907e-05
8.6254e-05
8.62201e-05
8.61892e-05
8.61608e-05
8.61346e-05
8.61104e-05
8.60878e-05
8.60667e-05
8.60469e-05
8.60287e-05
8.60124e-05
8.59999e-05
8.59932e-05
8.59931e-05
8.60053e-05
8.607e-05
8.62371e-05
8.59179e-05
8.98461e-05
8.9737e-05
8.96006e-05
8.94462e-05
8.9281e-05
8.91109e-05
8.89405e-05
8.87729e-05
8.86101e-05
8.84534e-05
8.8303e-05
8.8159e-05
8.80211e-05
8.78887e-05
8.77613e-05
8.76384e-05
8.75193e-05
8.74036e-05
8.72908e-05
8.71805e-05
8.70724e-05
8.6966e-05
8.68663e-05
8.6775e-05
8.66912e-05
8.6614e-05
8.65427e-05
8.64765e-05
8.64149e-05
8.63572e-05
8.6303e-05
8.62521e-05
8.62044e-05
8.61595e-05
8.61177e-05
8.60786e-05
8.60422e-05
8.60084e-05
8.5977e-05
8.59479e-05
8.59211e-05
8.58963e-05
8.58736e-05
8.58527e-05
8.58337e-05
8.58161e-05
8.58001e-05
8.57852e-05
8.57713e-05
8.57583e-05
8.5746e-05
8.57348e-05
8.57248e-05
8.57175e-05
8.57139e-05
8.57148e-05
8.57239e-05
8.57673e-05
8.58779e-05
8.56863e-05
8.82939e-05
8.83232e-05
8.83019e-05
8.8242e-05
8.81512e-05
8.80369e-05
8.7907e-05
8.7768e-05
8.76252e-05
8.74826e-05
8.73434e-05
8.72097e-05
8.70828e-05
8.69635e-05
8.6852e-05
8.67486e-05
8.66529e-05
8.65646e-05
8.64831e-05
8.64082e-05
8.63394e-05
8.6276e-05
8.62178e-05
8.61642e-05
8.61148e-05
8.60692e-05
8.60269e-05
8.59876e-05
8.59508e-05
8.59163e-05
8.58839e-05
8.58533e-05
8.58246e-05
8.57977e-05
8.57726e-05
8.57492e-05
8.57275e-05
8.57073e-05
8.56886e-05
8.56714e-05
8.56555e-05
8.5641e-05
8.56277e-05
8.56156e-05
8.56046e-05
8.55946e-05
8.55854e-05
8.5577e-05
8.55691e-05
8.55618e-05
8.55549e-05
8.55486e-05
8.55431e-05
8.55393e-05
8.55379e-05
8.55394e-05
8.55464e-05
8.55749e-05
8.56463e-05
8.5535e-05
8.68742e-05
8.68977e-05
8.6894e-05
8.68696e-05
8.68281e-05
8.67732e-05
8.6709e-05
8.66387e-05
8.65655e-05
8.64914e-05
8.64184e-05
8.63477e-05
8.628e-05
8.62159e-05
8.61558e-05
8.60996e-05
8.60473e-05
8.59988e-05
8.5954e-05
8.59125e-05
8.58742e-05
8.58389e-05
8.58063e-05
8.57762e-05
8.57484e-05
8.57226e-05
8.56987e-05
8.56763e-05
8.56554e-05
8.56358e-05
8.56173e-05
8.55999e-05
8.55836e-05
8.55683e-05
8.55541e-05
8.5541e-05
8.55288e-05
8.55176e-05
8.55074e-05
8.5498e-05
8.54895e-05
8.54818e-05
8.54749e-05
8.54686e-05
8.54631e-05
8.54581e-05
8.54536e-05
8.54496e-05
8.54458e-05
8.54424e-05
8.54392e-05
8.54364e-05
8.54341e-05
8.54327e-05
8.54328e-05
8.54348e-05
8.54402e-05
8.54588e-05
8.55038e-05
8.54414e-05
8.60531e-05
8.60726e-05
8.60775e-05
8.60712e-05
8.60557e-05
8.60325e-05
8.60039e-05
8.59715e-05
8.5937e-05
8.59013e-05
8.58657e-05
8.58307e-05
8.5797e-05
8.57648e-05
8.57343e-05
8.57056e-05
8.56788e-05
8.56538e-05
8.56305e-05
8.56088e-05
8.55888e-05
8.55703e-05
8.55531e-05
8.55372e-05
8.55226e-05
8.55089e-05
8.54964e-05
8.54845e-05
8.54736e-05
8.54632e-05
8.54536e-05
8.54445e-05
8.54362e-05
8.54283e-05
8.54212e-05
8.54147e-05
8.54088e-05
8.54034e-05
8.53987e-05
8.53945e-05
8.53908e-05
8.53876e-05
8.53848e-05
8.53825e-05
8.53806e-05
8.5379e-05
8.53778e-05
8.53767e-05
8.53758e-05
8.53751e-05
8.53745e-05
8.53741e-05
8.53739e-05
8.53742e-05
8.53754e-05
8.53777e-05
8.5382e-05
8.53941e-05
8.54219e-05
8.53883e-05
8.55908e-05
8.56075e-05
8.56165e-05
8.56193e-05
8.56171e-05
8.56105e-05
8.56007e-05
8.55885e-05
8.55747e-05
8.55599e-05
8.55447e-05
8.55295e-05
8.55145e-05
8.55e-05
8.54862e-05
8.54731e-05
8.54608e-05
8.54492e-05
8.54384e-05
8.54283e-05
8.5419e-05
8.54103e-05
8.54024e-05
8.5395e-05
8.53884e-05
8.53821e-05
8.53765e-05
8.53711e-05
8.53663e-05
8.53618e-05
8.53577e-05
8.53539e-05
8.53505e-05
8.53475e-05
8.53449e-05
8.53426e-05
8.53407e-05
8.53391e-05
8.53379e-05
8.53371e-05
8.53365e-05
8.53363e-05
8.53364e-05
8.53367e-05
8.53372e-05
8.5338e-05
8.53389e-05
8.53399e-05
8.5341e-05
8.53422e-05
8.53434e-05
8.53447e-05
8.53461e-05
8.53477e-05
8.53497e-05
8.53522e-05
8.53558e-05
8.53638e-05
8.53809e-05
8.53636e-05
8.53349e-05
8.53504e-05
8.53615e-05
8.5369e-05
8.53736e-05
8.53755e-05
8.53755e-05
8.53738e-05
8.53709e-05
8.53672e-05
8.53629e-05
8.53583e-05
8.53536e-05
8.53489e-05
8.53443e-05
8.53398e-05
8.53357e-05
8.53317e-05
8.5328e-05
8.53246e-05
8.53215e-05
8.53186e-05
8.53161e-05
8.53138e-05
8.53119e-05
8.53101e-05
8.53087e-05
8.53074e-05
8.53064e-05
8.53055e-05
8.53049e-05
8.53045e-05
8.53043e-05
8.53043e-05
8.53046e-05
8.5305e-05
8.53058e-05
8.53067e-05
8.53079e-05
8.53093e-05
8.53109e-05
8.53127e-05
8.53147e-05
8.53169e-05
8.53192e-05
8.53216e-05
8.53241e-05
8.53267e-05
8.53292e-05
8.53319e-05
8.53344e-05
8.5337e-05
8.53395e-05
8.5342e-05
8.53447e-05
8.53475e-05
8.53508e-05
8.53563e-05
8.53668e-05
8.53585e-05
8.51946e-05
8.52096e-05
8.5222e-05
8.5232e-05
8.52402e-05
8.52466e-05
8.52517e-05
8.52555e-05
8.52584e-05
8.52606e-05
8.52622e-05
8.52634e-05
8.52643e-05
8.52649e-05
8.52655e-05
8.52659e-05
8.52663e-05
8.52667e-05
8.52671e-05
8.52676e-05
8.52681e-05
8.52687e-05
8.52695e-05
8.52703e-05
8.52713e-05
8.52723e-05
8.52735e-05
8.52747e-05
8.52761e-05
8.52776e-05
8.52793e-05
8.5281e-05
8.52829e-05
8.5285e-05
8.52872e-05
8.52896e-05
8.52921e-05
8.52948e-05
8.52977e-05
8.53007e-05
8.53039e-05
8.53072e-05
8.53107e-05
8.53142e-05
8.53179e-05
8.53216e-05
8.53254e-05
8.53292e-05
8.5333e-05
8.53367e-05
8.53404e-05
8.5344e-05
8.53475e-05
8.53509e-05
8.53542e-05
8.53573e-05
8.53605e-05
8.53647e-05
8.53713e-05
8.53677e-05
8.51159e-05
8.51313e-05
8.51448e-05
8.51566e-05
8.5167e-05
8.5176e-05
8.5184e-05
8.51909e-05
8.51971e-05
8.52026e-05
8.52075e-05
8.52119e-05
8.5216e-05
8.52197e-05
8.52233e-05
8.52265e-05
8.52297e-05
8.52326e-05
8.52356e-05
8.52384e-05
8.52412e-05
8.52439e-05
8.52468e-05
8.52495e-05
8.52524e-05
8.52553e-05
8.52582e-05
8.52612e-05
8.52643e-05
8.52674e-05
8.52706e-05
8.5274e-05
8.52774e-05
8.52809e-05
8.52846e-05
8.52884e-05
8.52924e-05
8.52965e-05
8.53007e-05
8.5305e-05
8.53095e-05
8.5314e-05
8.53187e-05
8.53234e-05
8.53283e-05
8.53332e-05
8.5338e-05
8.53429e-05
8.53478e-05
8.53526e-05
8.53573e-05
8.53618e-05
8.53662e-05
8.53703e-05
8.53742e-05
8.53777e-05
8.53811e-05
8.53846e-05
8.5389e-05
8.53878e-05
8.50692e-05
8.50854e-05
8.51001e-05
8.51133e-05
8.51254e-05
8.51362e-05
8.51462e-05
8.51552e-05
8.51635e-05
8.51711e-05
8.51781e-05
8.51846e-05
8.51908e-05
8.51964e-05
8.52019e-05
8.5207e-05
8.5212e-05
8.52166e-05
8.52213e-05
8.52257e-05
8.52301e-05
8.52343e-05
8.52386e-05
8.52428e-05
8.5247e-05
8.52512e-05
8.52555e-05
8.52598e-05
8.52642e-05
8.52686e-05
8.52731e-05
8.52777e-05
8.52824e-05
8.52871e-05
8.5292e-05
8.52971e-05
8.53022e-05
8.53075e-05
8.53129e-05
8.53184e-05
8.53241e-05
8.53298e-05
8.53356e-05
8.53416e-05
8.53475e-05
8.53535e-05
8.53596e-05
8.53655e-05
8.53715e-05
8.53773e-05
8.5383e-05
8.53885e-05
8.53938e-05
8.53987e-05
8.54033e-05
8.54073e-05
8.5411e-05
8.54143e-05
8.54176e-05
8.54175e-05
8.50378e-05
8.50554e-05
8.50715e-05
8.50862e-05
8.50999e-05
8.51123e-05
8.51239e-05
8.51346e-05
8.51445e-05
8.51537e-05
8.51624e-05
8.51704e-05
8.51781e-05
8.51852e-05
8.51921e-05
8.51986e-05
8.5205e-05
8.5211e-05
8.52169e-05
8.52226e-05
8.52283e-05
8.52337e-05
8.52392e-05
8.52446e-05
8.525e-05
8.52554e-05
8.52609e-05
8.52663e-05
8.52718e-05
8.52774e-05
8.52831e-05
8.52888e-05
8.52947e-05
8.53006e-05
8.53067e-05
8.53129e-05
8.53193e-05
8.53258e-05
8.53324e-05
8.53391e-05
8.5346e-05
8.53529e-05
8.536e-05
8.53671e-05
8.53743e-05
8.53815e-05
8.53887e-05
8.53959e-05
8.5403e-05
8.54099e-05
8.54167e-05
8.54232e-05
8.54294e-05
8.54352e-05
8.54405e-05
8.54452e-05
8.54492e-05
8.54526e-05
8.54554e-05
8.54559e-05
8.50135e-05
8.50327e-05
8.50506e-05
8.5067e-05
8.50823e-05
8.50965e-05
8.51096e-05
8.51218e-05
8.51333e-05
8.5144e-05
8.51541e-05
8.51636e-05
8.51726e-05
8.51811e-05
8.51893e-05
8.51971e-05
8.52047e-05
8.52119e-05
8.5219e-05
8.52259e-05
8.52327e-05
8.52394e-05
8.5246e-05
8.52525e-05
8.52591e-05
8.52656e-05
8.52722e-05
8.52788e-05
8.52855e-05
8.52922e-05
8.52991e-05
8.5306e-05
8.53131e-05
8.53203e-05
8.53276e-05
8.53351e-05
8.53427e-05
8.53505e-05
8.53584e-05
8.53665e-05
8.53747e-05
8.5383e-05
8.53914e-05
8.53999e-05
8.54084e-05
8.5417e-05
8.54256e-05
8.54341e-05
8.54425e-05
8.54507e-05
8.54587e-05
8.54664e-05
8.54737e-05
8.54804e-05
8.54867e-05
8.5492e-05
8.54966e-05
8.55002e-05
8.55028e-05
8.55035e-05
8.49917e-05
8.50131e-05
8.50329e-05
8.50513e-05
8.50684e-05
8.50843e-05
8.50992e-05
8.51131e-05
8.51262e-05
8.51384e-05
8.515e-05
8.51609e-05
8.51713e-05
8.51812e-05
8.51907e-05
8.51998e-05
8.52086e-05
8.52172e-05
8.52255e-05
8.52336e-05
8.52417e-05
8.52495e-05
8.52574e-05
8.52652e-05
8.52729e-05
8.52807e-05
8.52885e-05
8.52964e-05
8.53044e-05
8.53124e-05
8.53206e-05
8.53289e-05
8.53373e-05
8.53459e-05
8.53546e-05
8.53635e-05
8.53726e-05
8.53819e-05
8.53913e-05
8.54009e-05
8.54106e-05
8.54205e-05
8.54304e-05
8.54405e-05
8.54506e-05
8.54608e-05
8.54709e-05
8.54809e-05
8.54909e-05
8.55005e-05
8.551e-05
8.5519e-05
8.55275e-05
8.55354e-05
8.55426e-05
8.55488e-05
8.5554e-05
8.5558e-05
8.55606e-05
8.55613e-05
8.49706e-05
8.49944e-05
8.50165e-05
8.50371e-05
8.50563e-05
8.50742e-05
8.5091e-05
8.51067e-05
8.51216e-05
8.51355e-05
8.51487e-05
8.51612e-05
8.51732e-05
8.51846e-05
8.51956e-05
8.52061e-05
8.52164e-05
8.52263e-05
8.5236e-05
8.52455e-05
8.52549e-05
8.52641e-05
8.52734e-05
8.52825e-05
8.52917e-05
8.53009e-05
8.53101e-05
8.53194e-05
8.53288e-05
8.53384e-05
8.53481e-05
8.53579e-05
8.53679e-05
8.53781e-05
8.53885e-05
8.5399e-05
8.54098e-05
8.54208e-05
8.5432e-05
8.54433e-05
8.54549e-05
8.54665e-05
8.54784e-05
8.54903e-05
8.55023e-05
8.55142e-05
8.55262e-05
8.55381e-05
8.55498e-05
8.55611e-05
8.55722e-05
8.55828e-05
8.55928e-05
8.5602e-05
8.56103e-05
8.56175e-05
8.56234e-05
8.56278e-05
8.56306e-05
8.56311e-05
8.49496e-05
8.4976e-05
8.50007e-05
8.50237e-05
8.50453e-05
8.50654e-05
8.50843e-05
8.51021e-05
8.51189e-05
8.51347e-05
8.51498e-05
8.51641e-05
8.51778e-05
8.51909e-05
8.52035e-05
8.52157e-05
8.52275e-05
8.52391e-05
8.52504e-05
8.52615e-05
8.52724e-05
8.52833e-05
8.52941e-05
8.53048e-05
8.53156e-05
8.53264e-05
8.53374e-05
8.53484e-05
8.53595e-05
8.53708e-05
8.53823e-05
8.53939e-05
8.54058e-05
8.54179e-05
8.54302e-05
8.54427e-05
8.54555e-05
8.54685e-05
8.54818e-05
8.54953e-05
8.5509e-05
8.55228e-05
8.55368e-05
8.55509e-05
8.55651e-05
8.55792e-05
8.55933e-05
8.56073e-05
8.56211e-05
8.56344e-05
8.56474e-05
8.56598e-05
8.56715e-05
8.56822e-05
8.56918e-05
8.57001e-05
8.57069e-05
8.57118e-05
8.57147e-05
8.57151e-05
8.49289e-05
8.49583e-05
8.49858e-05
8.50115e-05
8.50356e-05
8.50582e-05
8.50795e-05
8.50995e-05
8.51185e-05
8.51365e-05
8.51537e-05
8.517e-05
8.51856e-05
8.52007e-05
8.52152e-05
8.52293e-05
8.5243e-05
8.52564e-05
8.52695e-05
8.52825e-05
8.52953e-05
8.5308e-05
8.53206e-05
8.53333e-05
8.5346e-05
8.53587e-05
8.53716e-05
8.53846e-05
8.53978e-05
8.54111e-05
8.54247e-05
8.54385e-05
8.54526e-05
8.54669e-05
8.54816e-05
8.54965e-05
8.55116e-05
8.55271e-05
8.55428e-05
8.55588e-05
8.5575e-05
8.55914e-05
8.5608e-05
8.56246e-05
8.56414e-05
8.56581e-05
8.56748e-05
8.56912e-05
8.57074e-05
8.57232e-05
8.57384e-05
8.57529e-05
8.57666e-05
8.5779e-05
8.57902e-05
8.57998e-05
8.58075e-05
8.58131e-05
8.58161e-05
8.58163e-05
8.49095e-05
8.49421e-05
8.49725e-05
8.50012e-05
8.50281e-05
8.50534e-05
8.50773e-05
8.50999e-05
8.51214e-05
8.51418e-05
8.51612e-05
8.51799e-05
8.51978e-05
8.5215e-05
8.52317e-05
8.5248e-05
8.52638e-05
8.52793e-05
8.52946e-05
8.53097e-05
8.53247e-05
8.53395e-05
8.53544e-05
8.53692e-05
8.53842e-05
8.53993e-05
8.54145e-05
8.54298e-05
8.54455e-05
8.54613e-05
8.54774e-05
8.54938e-05
8.55105e-05
8.55275e-05
8.55449e-05
8.55626e-05
8.55806e-05
8.55989e-05
8.56176e-05
8.56366e-05
8.56558e-05
8.56752e-05
8.56949e-05
8.57146e-05
8.57344e-05
8.57542e-05
8.57738e-05
8.57932e-05
8.58123e-05
8.58308e-05
8.58487e-05
8.58656e-05
8.58815e-05
8.5896e-05
8.5909e-05
8.592e-05
8.59289e-05
8.59351e-05
8.59383e-05
8.59381e-05
8.48931e-05
8.49289e-05
8.49626e-05
8.49944e-05
8.50243e-05
8.50526e-05
8.50794e-05
8.51048e-05
8.5129e-05
8.51521e-05
8.51742e-05
8.51954e-05
8.52158e-05
8.52356e-05
8.52548e-05
8.52735e-05
8.52919e-05
8.53099e-05
8.53277e-05
8.53452e-05
8.53628e-05
8.53802e-05
8.53976e-05
8.54151e-05
8.54328e-05
8.54505e-05
8.54685e-05
8.54867e-05
8.55052e-05
8.5524e-05
8.55431e-05
8.55626e-05
8.55825e-05
8.56027e-05
8.56233e-05
8.56443e-05
8.56657e-05
8.56875e-05
8.57097e-05
8.57322e-05
8.5755e-05
8.5778e-05
8.58013e-05
8.58247e-05
8.58481e-05
8.58714e-05
8.58947e-05
8.59175e-05
8.59399e-05
8.59617e-05
8.59827e-05
8.60025e-05
8.60211e-05
8.60379e-05
8.6053e-05
8.60656e-05
8.60757e-05
8.60826e-05
8.6086e-05
8.60853e-05
8.48823e-05
8.49214e-05
8.49584e-05
8.49934e-05
8.50265e-05
8.5058e-05
8.50878e-05
8.51163e-05
8.51435e-05
8.51695e-05
8.51945e-05
8.52186e-05
8.52419e-05
8.52646e-05
8.52867e-05
8.53082e-05
8.53294e-05
8.53503e-05
8.5371e-05
8.53915e-05
8.5412e-05
8.54325e-05
8.5453e-05
8.54736e-05
8.54944e-05
8.55154e-05
8.55367e-05
8.55583e-05
8.55802e-05
8.56025e-05
8.56253e-05
8.56484e-05
8.5672e-05
8.56961e-05
8.57206e-05
8.57456e-05
8.57711e-05
8.5797e-05
8.58234e-05
8.58501e-05
8.58772e-05
8.59045e-05
8.59321e-05
8.59597e-05
8.59875e-05
8.60151e-05
8.60424e-05
8.60694e-05
8.60957e-05
8.61213e-05
8.61458e-05
8.6169e-05
8.61906e-05
8.62103e-05
8.62276e-05
8.62422e-05
8.62536e-05
8.62613e-05
8.62648e-05
8.62635e-05
8.48809e-05
8.49233e-05
8.49636e-05
8.50019e-05
8.50383e-05
8.5073e-05
8.51061e-05
8.51378e-05
8.51682e-05
8.51974e-05
8.52257e-05
8.5253e-05
8.52795e-05
8.53054e-05
8.53307e-05
8.53556e-05
8.53801e-05
8.54043e-05
8.54284e-05
8.54523e-05
8.54763e-05
8.55003e-05
8.55244e-05
8.55487e-05
8.55733e-05
8.55982e-05
8.56234e-05
8.5649e-05
8.56751e-05
8.57016e-05
8.57286e-05
8.57562e-05
8.57843e-05
8.5813e-05
8.58422e-05
8.5872e-05
8.59023e-05
8.59331e-05
8.59645e-05
8.59962e-05
8.60284e-05
8.60609e-05
8.60935e-05
8.61263e-05
8.61591e-05
8.61917e-05
8.6224e-05
8.62557e-05
8.62867e-05
8.63167e-05
8.63454e-05
8.63725e-05
8.63977e-05
8.64204e-05
8.64404e-05
8.64572e-05
8.64701e-05
8.64787e-05
8.64823e-05
8.64802e-05
8.48952e-05
8.49406e-05
8.49839e-05
8.50253e-05
8.50649e-05
8.51028e-05
8.51392e-05
8.51743e-05
8.52081e-05
8.52407e-05
8.52724e-05
8.53033e-05
8.53334e-05
8.53628e-05
8.53918e-05
8.54204e-05
8.54487e-05
8.54767e-05
8.55047e-05
8.55327e-05
8.55608e-05
8.55889e-05
8.56174e-05
8.5646e-05
8.56751e-05
8.57046e-05
8.57345e-05
8.57649e-05
8.57959e-05
8.58275e-05
8.58597e-05
8.58926e-05
8.59261e-05
8.59603e-05
8.59951e-05
8.60306e-05
8.60668e-05
8.61035e-05
8.61408e-05
8.61786e-05
8.62168e-05
8.62553e-05
8.62941e-05
8.63329e-05
8.63716e-05
8.64101e-05
8.64482e-05
8.64855e-05
8.65219e-05
8.6557e-05
8.65906e-05
8.66222e-05
8.66514e-05
8.66778e-05
8.67008e-05
8.67199e-05
8.67346e-05
8.67441e-05
8.67477e-05
8.67446e-05
8.49339e-05
8.49815e-05
8.50273e-05
8.50715e-05
8.5114e-05
8.51551e-05
8.51947e-05
8.52331e-05
8.52704e-05
8.53067e-05
8.5342e-05
8.53766e-05
8.54106e-05
8.54441e-05
8.54772e-05
8.55099e-05
8.55425e-05
8.5575e-05
8.56076e-05
8.56402e-05
8.56731e-05
8.57062e-05
8.57397e-05
8.57736e-05
8.5808e-05
8.58429e-05
8.58785e-05
8.59147e-05
8.59516e-05
8.59893e-05
8.60277e-05
8.6067e-05
8.6107e-05
8.61478e-05
8.61894e-05
8.62317e-05
8.62748e-05
8.63186e-05
8.6363e-05
8.6408e-05
8.64534e-05
8.64991e-05
8.65451e-05
8.6591e-05
8.66368e-05
8.66822e-05
8.6727e-05
8.67708e-05
8.68135e-05
8.68545e-05
8.68937e-05
8.69304e-05
8.69642e-05
8.69946e-05
8.70211e-05
8.70429e-05
8.70594e-05
8.70698e-05
8.70733e-05
8.70691e-05
8.50104e-05
8.50592e-05
8.51067e-05
8.51529e-05
8.51978e-05
8.52415e-05
8.52841e-05
8.53257e-05
8.53664e-05
8.54062e-05
8.54454e-05
8.54841e-05
8.55222e-05
8.55601e-05
8.55977e-05
8.56352e-05
8.56727e-05
8.57103e-05
8.57481e-05
8.57862e-05
8.58247e-05
8.58636e-05
8.59031e-05
8.59432e-05
8.5984e-05
8.60255e-05
8.60679e-05
8.6111e-05
8.61551e-05
8.62001e-05
8.6246e-05
8.62929e-05
8.63407e-05
8.63895e-05
8.64392e-05
8.64898e-05
8.65412e-05
8.65934e-05
8.66463e-05
8.66997e-05
8.67537e-05
8.68079e-05
8.68622e-05
8.69165e-05
8.69705e-05
8.70239e-05
8.70765e-05
8.71279e-05
8.71777e-05
8.72255e-05
8.72709e-05
8.73134e-05
8.73524e-05
8.73873e-05
8.74175e-05
8.74422e-05
8.74607e-05
8.74721e-05
8.74755e-05
8.74699e-05
8.51448e-05
8.51933e-05
8.52411e-05
8.52882e-05
8.53346e-05
8.53802e-05
8.54252e-05
8.54695e-05
8.55134e-05
8.55567e-05
8.55998e-05
8.56426e-05
8.56852e-05
8.57278e-05
8.57705e-05
8.58133e-05
8.58564e-05
8.58999e-05
8.59438e-05
8.59883e-05
8.60334e-05
8.60792e-05
8.61259e-05
8.61734e-05
8.62218e-05
8.62712e-05
8.63217e-05
8.63732e-05
8.64259e-05
8.64797e-05
8.65346e-05
8.65907e-05
8.66479e-05
8.67062e-05
8.67656e-05
8.6826e-05
8.68874e-05
8.69496e-05
8.70124e-05
8.70759e-05
8.71398e-05
8.7204e-05
8.72681e-05
8.7332e-05
8.73954e-05
8.7458e-05
8.75194e-05
8.75793e-05
8.76371e-05
8.76925e-05
8.77449e-05
8.77937e-05
8.78383e-05
8.78781e-05
8.79123e-05
8.79401e-05
8.79606e-05
8.79729e-05
8.7976e-05
8.79688e-05
8.53697e-05
8.54154e-05
8.54614e-05
8.55077e-05
8.5554e-05
8.56004e-05
8.56468e-05
8.56932e-05
8.57397e-05
8.57863e-05
8.58331e-05
8.58801e-05
8.59274e-05
8.59752e-05
8.60234e-05
8.60722e-05
8.61217e-05
8.61719e-05
8.6223e-05
8.6275e-05
8.63279e-05
8.6382e-05
8.64372e-05
8.64936e-05
8.65512e-05
8.66102e-05
8.66704e-05
8.67321e-05
8.67951e-05
8.68594e-05
8.69252e-05
8.69923e-05
8.70608e-05
8.71305e-05
8.72013e-05
8.72733e-05
8.73463e-05
8.74201e-05
8.74947e-05
8.75697e-05
8.76451e-05
8.77205e-05
8.77958e-05
8.78705e-05
8.79444e-05
8.80172e-05
8.80883e-05
8.81573e-05
8.82239e-05
8.82873e-05
8.83471e-05
8.84026e-05
8.84531e-05
8.84979e-05
8.85361e-05
8.8567e-05
8.85895e-05
8.86026e-05
8.86052e-05
8.85962e-05
8.57363e-05
8.57764e-05
8.5818e-05
8.58612e-05
8.59055e-05
8.5951e-05
8.59975e-05
8.6045e-05
8.60934e-05
8.61428e-05
8.6193e-05
8.62443e-05
8.62965e-05
8.63498e-05
8.64043e-05
8.64598e-05
8.65167e-05
8.65748e-05
8.66343e-05
8.66952e-05
8.67576e-05
8.68215e-05
8.68869e-05
8.6954e-05
8.70228e-05
8.70932e-05
8.71652e-05
8.7239e-05
8.73144e-05
8.73914e-05
8.747e-05
8.75501e-05
8.76317e-05
8.77147e-05
8.77988e-05
8.78841e-05
8.79704e-05
8.80574e-05
8.81449e-05
8.82328e-05
8.83208e-05
8.84085e-05
8.84957e-05
8.8582e-05
8.8667e-05
8.87503e-05
8.88314e-05
8.89098e-05
8.89851e-05
8.90565e-05
8.91235e-05
8.91855e-05
8.92415e-05
8.9291e-05
8.93329e-05
8.93665e-05
8.93906e-05
8.94043e-05
8.94063e-05
8.93954e-05
8.63311e-05
8.63628e-05
8.63978e-05
8.64355e-05
8.6476e-05
8.65189e-05
8.65642e-05
8.66116e-05
8.66612e-05
8.67129e-05
8.67665e-05
8.68222e-05
8.68798e-05
8.69393e-05
8.70009e-05
8.70644e-05
8.71299e-05
8.71974e-05
8.7267e-05
8.73387e-05
8.74124e-05
8.74882e-05
8.7566e-05
8.7646e-05
8.7728e-05
8.7812e-05
8.7898e-05
8.79859e-05
8.80757e-05
8.81672e-05
8.82605e-05
8.83553e-05
8.84515e-05
8.8549e-05
8.86476e-05
8.87471e-05
8.88473e-05
8.89479e-05
8.90488e-05
8.91495e-05
8.92499e-05
8.93495e-05
8.9448e-05
8.9545e-05
8.96402e-05
8.97329e-05
8.98228e-05
8.99093e-05
8.99919e-05
9.00699e-05
9.01428e-05
9.02097e-05
9.027e-05
9.03228e-05
9.03674e-05
9.04026e-05
9.04277e-05
9.04414e-05
9.04426e-05
9.043e-05
8.72981e-05
8.73241e-05
8.7354e-05
8.73875e-05
8.74249e-05
8.74659e-05
8.75105e-05
8.75587e-05
8.76103e-05
8.76652e-05
8.77234e-05
8.77847e-05
8.78492e-05
8.79168e-05
8.79874e-05
8.80609e-05
8.81373e-05
8.82165e-05
8.82985e-05
8.83832e-05
8.84705e-05
8.85603e-05
8.86527e-05
8.87473e-05
8.88443e-05
8.89434e-05
8.90445e-05
8.91475e-05
8.92522e-05
8.93584e-05
8.94661e-05
8.9575e-05
8.96848e-05
8.97955e-05
8.99067e-05
9.00182e-05
9.01297e-05
9.02411e-05
9.0352e-05
9.0462e-05
9.0571e-05
9.06785e-05
9.07841e-05
9.08875e-05
9.09883e-05
9.10861e-05
9.11803e-05
9.12705e-05
9.13561e-05
9.14365e-05
9.15112e-05
9.15795e-05
9.16406e-05
9.16939e-05
9.17384e-05
9.17734e-05
9.17979e-05
9.18108e-05
9.1811e-05
9.17974e-05
8.88725e-05
8.89154e-05
8.89599e-05
8.90066e-05
8.90561e-05
8.91086e-05
8.91644e-05
8.92238e-05
8.92869e-05
8.93537e-05
8.94242e-05
8.94985e-05
8.95764e-05
8.96577e-05
8.97426e-05
8.98306e-05
8.99218e-05
9.00159e-05
9.01127e-05
9.02121e-05
9.03137e-05
9.04175e-05
9.05233e-05
9.06307e-05
9.07396e-05
9.08498e-05
9.09612e-05
9.10734e-05
9.11863e-05
9.12996e-05
9.14133e-05
9.1527e-05
9.16407e-05
9.1754e-05
9.18668e-05
9.19788e-05
9.20899e-05
9.21999e-05
9.23085e-05
9.24154e-05
9.25205e-05
9.26235e-05
9.2724e-05
9.28218e-05
9.29165e-05
9.30078e-05
9.30954e-05
9.31788e-05
9.32575e-05
9.33312e-05
9.33992e-05
9.34611e-05
9.35162e-05
9.3564e-05
9.36036e-05
9.36344e-05
9.36556e-05
9.36663e-05
9.36656e-05
9.36525e-05
9.13946e-05
9.15432e-05
9.16868e-05
9.18259e-05
9.1961e-05
9.20925e-05
9.22207e-05
9.23458e-05
9.24681e-05
9.25878e-05
9.27052e-05
9.28202e-05
9.29332e-05
9.30442e-05
9.31533e-05
9.32605e-05
9.33661e-05
9.347e-05
9.35723e-05
9.36731e-05
9.37725e-05
9.38704e-05
9.3967e-05
9.40622e-05
9.41562e-05
9.42488e-05
9.43402e-05
9.44304e-05
9.45194e-05
9.46071e-05
9.46937e-05
9.4779e-05
9.48632e-05
9.4946e-05
9.50276e-05
9.51079e-05
9.51869e-05
9.52644e-05
9.53405e-05
9.54149e-05
9.54877e-05
9.55586e-05
9.56276e-05
9.56945e-05
9.57591e-05
9.58212e-05
9.58805e-05
9.59369e-05
9.59901e-05
9.60396e-05
9.60853e-05
9.61267e-05
9.61634e-05
9.61951e-05
9.62212e-05
9.62413e-05
9.62549e-05
9.62614e-05
9.62602e-05
9.62507e-05
2.07124e-05
2.12985e-05
2.141e-05
2.13477e-05
2.12716e-05
2.10578e-05
2.08462e-05
2.04343e-05
2.01463e-05
2.10957e-05
4.86025e-05
3.60804e-05
3.19869e-05
3.01362e-05
4.53073e-05
1.85679e-05
5.04204e-05
2.36825e-05
2.6506e-05
2.78765e-05
2.89689e-05
2.95703e-05
2.95452e-05
3.09305e-05
3.5079e-05
0.000175501
0.000169753
0.00017248
0.000171264
0.000171921
0.000171139
0.000171014
0.000169581
0.000170368
0.000176275
0.000205755
0.000156338
0.000156959
0.000130375
0.000102068
9.4938e-05
0.000168016
0.000129967
0.000166805
0.000153749
0.00014829
0.000149525
0.000163498
0.000181373
0.000163008
0.000335303
0.000311158
0.000317495
0.000318166
0.00032224
0.000323394
0.000325743
0.000324193
0.000326057
0.000335875
0.00036983
0.000340609
0.000250907
0.000172035
0.00013088
0.000133538
0.000173025
0.000161609
0.000188044
0.000169443
0.000160628
0.000154148
0.00015011
0.000139181
9.87518e-05
0.000518695
0.000486033
0.000498791
0.000502181
0.000510247
0.000513317
0.000514603
0.000507663
0.000500911
0.00049409
0.000485126
0.000413999
0.000297259
0.000215202
0.000177667
0.000178492
0.000194811
0.000190905
0.000202548
0.00019664
0.00019231
0.000180744
0.000160948
0.000123955
8.85698e-05
0.000740039
0.000704161
0.000724168
0.000729651
0.000738911
0.000737899
0.000726862
0.000701343
0.000668967
0.000625418
0.00056548
0.000461824
0.00034533
0.00027146
0.000241432
0.000240077
0.00024987
0.000253865
0.00025726
0.00024712
0.000223845
0.000190901
0.000155714
0.000115578
8.49647e-05
0.00100199
0.000966276
0.000989572
0.000990523
0.000988703
0.000967367
0.000928898
0.000872619
0.000805251
0.000724649
0.000630131
0.000515809
0.00041244
0.000354688
0.000330409
0.000324331
0.000326722
0.000323923
0.000309806
0.000277229
0.000238718
0.000193486
0.000147732
0.000103858
9.01265e-05
0.00129385
0.00125391
0.00126585
0.00124633
0.00121495
0.00115927
0.00108679
0.000999239
0.000903522
0.000800319
0.000693316
0.000587427
0.000505712
0.000460519
0.000434935
0.000422353
0.000412633
0.000389808
0.000342076
0.000289677
0.000236321
0.000177629
0.000130314
9.59946e-05
8.14982e-05
0.00159088
0.00153261
0.00151033
0.00145303
0.00138073
0.00129029
0.00119
0.00108271
0.000975047
0.000870193
0.0007742
0.0006917
0.000630195
0.00059064
0.000559253
0.000535028
0.000502385
0.000442682
0.000362756
0.000282837
0.000214133
0.000155469
0.000114455
8.19849e-05
6.25791e-05
0.00184681
0.0017543
0.00168165
0.00158282
0.0014768
0.00136398
0.00125154
0.00114327
0.00104529
0.00096043
0.000889351
0.000827902
0.000777705
0.000735771
0.000694481
0.000651313
0.000583575
0.000483726
0.00036339
0.00026031
0.00018524
0.00012805
9.33768e-05
6.91233e-05
5.91921e-05
0.00203341
0.00190124
0.00178027
0.0016528
0.00153001
0.00141331
0.00130932
0.00122118
0.00115089
0.00109369
0.00104342
0.000995044
0.000950788
0.000902615
0.000845462
0.000768255
0.000645669
0.000463419
0.000295672
0.000183249
0.000122472
9.20183e-05
7.71974e-05
6.40127e-05
3.5785e-05
0.00215567
0.00199148
0.00184337
0.00170762
0.00158975
0.00149031
0.00141305
0.00135553
0.00131218
0.00127408
0.00123594
0.00119521
0.00115048
0.00108862
0.000999399
0.000864922
0.000650941
0.000399378
0.000205728
0.000115224
8.43004e-05
7.44808e-05
6.88724e-05
6.08445e-05
1.60003e-05
0.0022704
0.00209584
0.00194828
0.00182513
0.00172944
0.00165762
0.00160789
0.00157318
0.00154773
0.00152318
0.00149435
0.00145481
0.00138751
0.00128311
0.00108052
0.000791121
0.00055181
0.000295775
0.000129123
8.08811e-05
6.93819e-05
6.53489e-05
6.13554e-05
3.41161e-05
7.97926e-06
0.00246895
0.00231248
0.0021924
0.00209645
0.0020258
0.00197661
0.00194351
0.00192083
0.00190476
0.00188545
0.00184071
0.00162521
0.00138842
0.00115554
0.00092939
0.000749524
0.000460456
0.000195302
8.34479e-05
6.31454e-05
5.76303e-05
5.45503e-05
4.17163e-05
1.74203e-05
4.55232e-06
0.00285394
0.0027403
0.00266654
0.00260203
0.00252724
0.00239865
0.00225612
0.00209456
0.00191958
0.00174248
0.00157488
0.00141319
0.00125136
0.00110151
0.000892546
0.000616235
0.000322529
0.000113584
5.85139e-05
4.96574e-05
4.57303e-05
4.27478e-05
2.43182e-05
1.06165e-05
3.12806e-06
0.002799
0.00274349
0.00257302
0.00242682
0.0022762
0.00213497
0.00199914
0.00186475
0.00172508
0.0015844
0.00145267
0.00124526
0.00105364
0.000865949
0.000664249
0.000429388
0.000186974
6.48067e-05
4.24896e-05
3.85389e-05
3.57077e-05
2.98568e-05
1.6375e-05
7.62987e-06
2.65244e-06
0.00240434
0.00234732
0.0021723
0.00203205
0.00188237
0.0017031
0.00148001
0.00128934
0.00113088
0.00100366
0.000897702
0.000801414
0.000698575
0.000575767
0.000421365
0.000239946
9.14452e-05
4.22904e-05
3.32615e-05
3.0009e-05
2.74939e-05
2.19026e-05
1.30887e-05
6.44387e-06
2.60641e-06
0.00190742
0.00164249
0.00134639
0.001131
0.000954683
0.000823633
0.000726107
0.000657299
0.000605183
0.000562639
0.000519048
0.000466693
0.000398652
0.000311676
0.000207998
0.000107802
4.85832e-05
3.38451e-05
3.05445e-05
2.56987e-05
2.33052e-05
1.88948e-05
1.19177e-05
6.08198e-06
2.78138e-06
0.00108251
0.000842707
0.000649331
0.000536858
0.000457822
0.000406143
0.000368892
0.000340007
0.000313291
0.000286242
0.000255724
0.000220043
0.000178287
0.000132109
8.66561e-05
5.20291e-05
3.5907e-05
3.23967e-05
3.02446e-05
2.51981e-05
2.23853e-05
1.81845e-05
1.17774e-05
6.11175e-06
3.10013e-06
0.000581775
0.00042766
0.000316157
0.000256893
0.000216985
0.000189788
0.000168732
0.000151271
0.000135404
0.000120382
0.000105289
8.97702e-05
7.39578e-05
5.88797e-05
4.62839e-05
3.82426e-05
3.51932e-05
3.47683e-05
3.19292e-05
2.65652e-05
2.2746e-05
1.84172e-05
1.2081e-05
6.39642e-06
3.57116e-06
0.000208508
0.000165463
0.00012312
0.000109865
9.42087e-05
8.36342e-05
7.56016e-05
6.91206e-05
6.35375e-05
5.856e-05
5.39442e-05
4.9621e-05
4.56751e-05
4.23806e-05
4.00927e-05
3.90658e-05
3.90945e-05
3.94848e-05
3.54645e-05
2.89296e-05
2.39635e-05
1.92281e-05
1.26678e-05
6.93436e-06
4.23494e-06
7.58166e-05
7.1524e-05
6.61891e-05
6.08528e-05
5.65023e-05
5.34815e-05
5.11656e-05
4.9351e-05
4.78804e-05
4.66723e-05
4.56736e-05
4.48696e-05
4.42852e-05
4.39839e-05
4.40381e-05
4.4457e-05
4.50978e-05
4.56883e-05
3.95149e-05
3.15215e-05
2.56881e-05
2.04262e-05
1.35524e-05
7.81266e-06
5.18857e-06
5.74341e-05
5.80858e-05
5.50109e-05
5.3459e-05
5.24334e-05
5.1673e-05
5.10609e-05
5.06094e-05
5.02922e-05
5.00952e-05
5.00135e-05
5.00482e-05
5.02099e-05
5.05201e-05
5.10044e-05
5.16536e-05
5.23717e-05
5.29799e-05
4.3699e-05
3.44775e-05
2.80275e-05
2.21329e-05
1.49376e-05
9.21297e-06
6.60637e-06
6.03731e-05
5.92967e-05
5.88458e-05
5.85712e-05
5.8352e-05
5.8158e-05
5.79845e-05
5.78457e-05
5.77694e-05
5.77656e-05
5.78454e-05
5.80167e-05
5.82863e-05
5.86644e-05
5.9165e-05
5.97783e-05
6.04274e-05
6.09592e-05
4.86487e-05
3.83604e-05
3.12917e-05
2.46696e-05
1.71906e-05
1.14646e-05
8.81209e-06
6.70586e-05
6.70925e-05
6.71271e-05
6.71188e-05
6.70785e-05
6.70171e-05
6.69476e-05
6.68801e-05
6.6823e-05
6.68118e-05
6.68633e-05
6.69891e-05
6.71958e-05
6.74903e-05
6.78815e-05
6.83588e-05
6.88555e-05
6.92362e-05
5.55732e-05
4.42695e-05
3.63175e-05
2.87873e-05
2.09732e-05
1.51631e-05
1.2389e-05
7.61677e-05
7.63167e-05
7.63914e-05
7.64049e-05
7.63781e-05
7.63255e-05
7.626e-05
7.61918e-05
7.61301e-05
7.60834e-05
7.60589e-05
7.60833e-05
7.61646e-05
7.63096e-05
7.65236e-05
7.67944e-05
7.70646e-05
7.72483e-05
6.59601e-05
5.36638e-05
4.44358e-05
3.57492e-05
2.74425e-05
2.14081e-05
1.84174e-05
8.50553e-05
8.51113e-05
8.51063e-05
8.50552e-05
8.49722e-05
8.48688e-05
8.47543e-05
8.46365e-05
8.45223e-05
8.44178e-05
8.43288e-05
8.42603e-05
8.42158e-05
8.41971e-05
8.42039e-05
8.42324e-05
8.42762e-05
8.43313e-05
8.22329e-05
6.8858e-05
5.79304e-05
4.77721e-05
3.87133e-05
3.22573e-05
2.89154e-05
9.2451e-05
9.23578e-05
9.22287e-05
9.20711e-05
9.18939e-05
9.17037e-05
9.15064e-05
9.13071e-05
9.11098e-05
9.09186e-05
9.07363e-05
9.05664e-05
9.04103e-05
9.02702e-05
9.0146e-05
9.00375e-05
8.99429e-05
8.98619e-05
8.97955e-05
8.97488e-05
8.0849e-05
6.88245e-05
5.86778e-05
5.1554e-05
4.7686e-05
9.74777e-05
9.73057e-05
9.71006e-05
9.68735e-05
9.66346e-05
9.63884e-05
9.61378e-05
9.58836e-05
9.56263e-05
9.5365e-05
9.50992e-05
9.48336e-05
9.45766e-05
9.43279e-05
9.40885e-05
9.38577e-05
9.36357e-05
9.34218e-05
9.3217e-05
9.30227e-05
9.28406e-05
9.26721e-05
9.25152e-05
8.66196e-05
8.20525e-05
9.97904e-05
9.9591e-05
9.93679e-05
9.9126e-05
9.8871e-05
9.86063e-05
9.83336e-05
9.8054e-05
9.77676e-05
9.74739e-05
9.71718e-05
9.68594e-05
9.65339e-05
9.61907e-05
9.58507e-05
9.55146e-05
9.51821e-05
9.4853e-05
9.4527e-05
9.42037e-05
9.38826e-05
9.35626e-05
9.32421e-05
9.29188e-05
9.25891e-05
9.98737e-05
9.96765e-05
9.94632e-05
9.92356e-05
9.89964e-05
9.87473e-05
9.84889e-05
9.82218e-05
9.7946e-05
9.76613e-05
9.73664e-05
9.706e-05
9.67395e-05
9.64017e-05
9.60418e-05
9.56524e-05
9.52567e-05
9.48628e-05
9.44702e-05
9.40785e-05
9.36868e-05
9.32944e-05
9.29002e-05
9.25027e-05
9.21008e-05
9.85691e-05
9.83958e-05
9.82124e-05
9.80192e-05
9.78172e-05
9.76067e-05
9.73879e-05
9.71609e-05
9.69255e-05
9.66815e-05
9.64281e-05
9.61643e-05
9.58883e-05
9.55981e-05
9.5291e-05
9.49636e-05
9.46115e-05
9.42286e-05
9.38143e-05
9.34013e-05
9.29892e-05
9.25774e-05
9.21654e-05
9.17528e-05
9.13392e-05
9.63559e-05
9.6209e-05
9.60561e-05
9.58965e-05
9.57308e-05
9.55587e-05
9.538e-05
9.51946e-05
9.50022e-05
9.48028e-05
9.45957e-05
9.43803e-05
9.41554e-05
9.39202e-05
9.36731e-05
9.34128e-05
9.31375e-05
9.28454e-05
9.25355e-05
9.22066e-05
9.18571e-05
9.14851e-05
9.10915e-05
9.06796e-05
9.02629e-05
9.32653e-05
9.31354e-05
9.30023e-05
9.28648e-05
9.27234e-05
9.25774e-05
9.24268e-05
9.22712e-05
9.21105e-05
9.19445e-05
9.17729e-05
9.15952e-05
9.14109e-05
9.12193e-05
9.10199e-05
9.08123e-05
9.05956e-05
9.03696e-05
9.0134e-05
8.98889e-05
8.9635e-05
8.93728e-05
8.91039e-05
8.88311e-05
8.8559e-05
9.01441e-05
9.00443e-05
8.99433e-05
8.98401e-05
8.97349e-05
8.96271e-05
8.95169e-05
8.9404e-05
8.92884e-05
8.91699e-05
8.90486e-05
8.89242e-05
8.87965e-05
8.86653e-05
8.85306e-05
8.83921e-05
8.825e-05
8.81042e-05
8.79551e-05
8.78028e-05
8.76485e-05
8.74923e-05
8.73352e-05
8.71781e-05
8.70234e-05
8.78286e-05
8.77673e-05
8.7706e-05
8.76436e-05
8.75806e-05
8.75164e-05
8.74513e-05
8.7385e-05
8.73177e-05
8.72492e-05
8.71798e-05
8.71092e-05
8.70375e-05
8.69646e-05
8.68905e-05
8.68153e-05
8.67391e-05
8.6662e-05
8.65842e-05
8.6506e-05
8.6428e-05
8.63504e-05
8.62734e-05
8.61974e-05
8.61236e-05
8.64238e-05
8.63928e-05
8.63622e-05
8.63311e-05
8.62998e-05
8.6268e-05
8.6236e-05
8.62034e-05
8.61706e-05
8.61374e-05
8.61039e-05
8.60701e-05
8.6036e-05
8.60015e-05
8.59668e-05
8.59318e-05
8.58966e-05
8.58611e-05
8.58257e-05
8.57903e-05
8.57555e-05
8.57209e-05
8.5687e-05
8.56536e-05
8.56213e-05
8.56625e-05
8.56498e-05
8.56373e-05
8.56246e-05
8.56119e-05
8.55989e-05
8.55859e-05
8.55726e-05
8.55594e-05
8.55459e-05
8.55325e-05
8.55189e-05
8.55054e-05
8.54917e-05
8.54779e-05
8.54641e-05
8.54503e-05
8.54365e-05
8.54227e-05
8.54091e-05
8.53958e-05
8.53828e-05
8.53701e-05
8.53578e-05
8.5346e-05
8.52741e-05
8.52709e-05
8.52679e-05
8.52647e-05
8.52616e-05
8.52583e-05
8.52552e-05
8.52518e-05
8.52485e-05
8.52451e-05
8.52418e-05
8.52384e-05
8.52351e-05
8.52316e-05
8.52283e-05
8.52248e-05
8.52214e-05
8.52179e-05
8.52145e-05
8.52111e-05
8.5208e-05
8.5205e-05
8.52021e-05
8.51993e-05
8.51968e-05
8.50811e-05
8.50825e-05
8.50839e-05
8.50852e-05
8.50867e-05
8.5088e-05
8.50894e-05
8.50906e-05
8.5092e-05
8.50933e-05
8.50946e-05
8.50959e-05
8.50973e-05
8.50985e-05
8.50998e-05
8.5101e-05
8.51023e-05
8.51035e-05
8.51048e-05
8.51061e-05
8.51076e-05
8.51091e-05
8.51106e-05
8.51123e-05
8.51141e-05
8.49854e-05
8.49886e-05
8.4992e-05
8.49953e-05
8.49986e-05
8.5002e-05
8.50053e-05
8.50086e-05
8.5012e-05
8.50153e-05
8.50187e-05
8.5022e-05
8.50254e-05
8.50287e-05
8.5032e-05
8.50353e-05
8.50386e-05
8.50419e-05
8.50452e-05
8.50485e-05
8.50519e-05
8.50553e-05
8.50587e-05
8.50621e-05
8.50656e-05
8.49331e-05
8.49373e-05
8.49415e-05
8.49456e-05
8.49498e-05
8.4954e-05
8.49582e-05
8.49623e-05
8.49665e-05
8.49707e-05
8.49749e-05
8.4979e-05
8.49832e-05
8.49874e-05
8.49915e-05
8.49957e-05
8.49998e-05
8.50039e-05
8.50081e-05
8.50122e-05
8.50164e-05
8.50207e-05
8.50249e-05
8.50292e-05
8.50335e-05
8.49012e-05
8.49056e-05
8.49101e-05
8.49146e-05
8.4919e-05
8.49235e-05
8.4928e-05
8.49325e-05
8.4937e-05
8.49414e-05
8.4946e-05
8.49504e-05
8.49549e-05
8.49594e-05
8.49639e-05
8.49684e-05
8.49729e-05
8.49773e-05
8.49818e-05
8.49863e-05
8.49909e-05
8.49954e-05
8.49999e-05
8.50044e-05
8.50089e-05
8.48759e-05
8.48806e-05
8.48851e-05
8.48898e-05
8.48944e-05
8.4899e-05
8.49036e-05
8.49082e-05
8.49128e-05
8.49174e-05
8.49221e-05
8.49267e-05
8.49313e-05
8.49359e-05
8.49405e-05
8.49451e-05
8.49498e-05
8.49544e-05
8.4959e-05
8.49637e-05
8.49683e-05
8.4973e-05
8.49776e-05
8.49823e-05
8.4987e-05
8.4854e-05
8.48587e-05
8.48633e-05
8.48679e-05
8.48726e-05
8.48772e-05
8.48818e-05
8.48865e-05
8.48911e-05
8.48957e-05
8.49004e-05
8.49051e-05
8.49097e-05
8.49144e-05
8.49191e-05
8.49237e-05
8.49284e-05
8.49331e-05
8.49377e-05
8.49424e-05
8.49471e-05
8.49518e-05
8.49565e-05
8.49612e-05
8.49659e-05
8.48327e-05
8.48374e-05
8.4842e-05
8.48466e-05
8.48512e-05
8.48559e-05
8.48605e-05
8.48652e-05
8.48698e-05
8.48745e-05
8.48792e-05
8.48838e-05
8.48885e-05
8.48931e-05
8.48978e-05
8.49025e-05
8.49072e-05
8.49119e-05
8.49166e-05
8.49213e-05
8.4926e-05
8.49307e-05
8.49355e-05
8.49402e-05
8.49449e-05
8.48124e-05
8.48169e-05
8.48214e-05
8.4826e-05
8.48306e-05
8.48352e-05
8.48398e-05
8.48444e-05
8.4849e-05
8.48536e-05
8.48583e-05
8.48629e-05
8.48676e-05
8.48723e-05
8.4877e-05
8.48816e-05
8.48863e-05
8.4891e-05
8.48957e-05
8.49005e-05
8.49052e-05
8.49099e-05
8.49146e-05
8.49194e-05
8.49241e-05
8.47922e-05
8.47968e-05
8.48014e-05
8.48061e-05
8.48107e-05
8.48154e-05
8.48201e-05
8.48248e-05
8.48295e-05
8.48341e-05
8.48388e-05
8.48435e-05
8.48482e-05
8.48529e-05
8.48576e-05
8.48623e-05
8.4867e-05
8.48717e-05
8.48764e-05
8.48811e-05
8.48858e-05
8.48906e-05
8.48953e-05
8.49001e-05
8.49048e-05
8.47756e-05
8.47803e-05
8.4785e-05
8.47897e-05
8.47943e-05
8.4799e-05
8.48037e-05
8.48084e-05
8.4813e-05
8.48177e-05
8.48224e-05
8.48271e-05
8.48318e-05
8.48365e-05
8.48411e-05
8.48459e-05
8.48506e-05
8.48553e-05
8.486e-05
8.48647e-05
8.48694e-05
8.48742e-05
8.48789e-05
8.48836e-05
8.48884e-05
8.47646e-05
8.47694e-05
8.47741e-05
8.47788e-05
8.47835e-05
8.47882e-05
8.47929e-05
8.47976e-05
8.48023e-05
8.4807e-05
8.48117e-05
8.48164e-05
8.48211e-05
8.48258e-05
8.48305e-05
8.48352e-05
8.48399e-05
8.48446e-05
8.48494e-05
8.48541e-05
8.48588e-05
8.48635e-05
8.48682e-05
8.48729e-05
8.48775e-05
8.47628e-05
8.47674e-05
8.47721e-05
8.47768e-05
8.47815e-05
8.47861e-05
8.47908e-05
8.47955e-05
8.48002e-05
8.48049e-05
8.48096e-05
8.48143e-05
8.4819e-05
8.48237e-05
8.48284e-05
8.48332e-05
8.48379e-05
8.48426e-05
8.48474e-05
8.48521e-05
8.48569e-05
8.48617e-05
8.48664e-05
8.48713e-05
8.48761e-05
8.47765e-05
8.47813e-05
8.47859e-05
8.47907e-05
8.47954e-05
8.48001e-05
8.48048e-05
8.48095e-05
8.48143e-05
8.4819e-05
8.48237e-05
8.48284e-05
8.48332e-05
8.48379e-05
8.48427e-05
8.48474e-05
8.48522e-05
8.48569e-05
8.48617e-05
8.48665e-05
8.48712e-05
8.4876e-05
8.48808e-05
8.48856e-05
8.48904e-05
8.48143e-05
8.4819e-05
8.48237e-05
8.48285e-05
8.48332e-05
8.4838e-05
8.48427e-05
8.48475e-05
8.48523e-05
8.4857e-05
8.48618e-05
8.48665e-05
8.48713e-05
8.48761e-05
8.48809e-05
8.48857e-05
8.48905e-05
8.48953e-05
8.49001e-05
8.49049e-05
8.49097e-05
8.49145e-05
8.49194e-05
8.49242e-05
8.4929e-05
8.4889e-05
8.48939e-05
8.48987e-05
8.49035e-05
8.49084e-05
8.49132e-05
8.4918e-05
8.49229e-05
8.49277e-05
8.49326e-05
8.49374e-05
8.49423e-05
8.49471e-05
8.4952e-05
8.49569e-05
8.49617e-05
8.49666e-05
8.49715e-05
8.49764e-05
8.49813e-05
8.49862e-05
8.4991e-05
8.49959e-05
8.50007e-05
8.50055e-05
8.50206e-05
8.50255e-05
8.50304e-05
8.50354e-05
8.50403e-05
8.50452e-05
8.50501e-05
8.50551e-05
8.506e-05
8.50649e-05
8.50699e-05
8.50748e-05
8.50798e-05
8.50848e-05
8.50897e-05
8.50947e-05
8.50997e-05
8.51046e-05
8.51096e-05
8.51146e-05
8.51196e-05
8.51246e-05
8.51296e-05
8.51347e-05
8.51398e-05
8.52419e-05
8.5247e-05
8.52521e-05
8.52572e-05
8.52623e-05
8.52674e-05
8.52725e-05
8.52776e-05
8.52826e-05
8.52878e-05
8.52928e-05
8.5298e-05
8.53031e-05
8.53082e-05
8.53133e-05
8.53184e-05
8.53235e-05
8.53287e-05
8.53338e-05
8.53389e-05
8.53441e-05
8.53492e-05
8.53544e-05
8.53595e-05
8.53646e-05
8.56019e-05
8.56072e-05
8.56126e-05
8.56179e-05
8.56232e-05
8.56286e-05
8.56339e-05
8.56393e-05
8.56446e-05
8.565e-05
8.56553e-05
8.56607e-05
8.56661e-05
8.56714e-05
8.56768e-05
8.56822e-05
8.56876e-05
8.5693e-05
8.56983e-05
8.57037e-05
8.57091e-05
8.57146e-05
8.572e-05
8.57254e-05
8.57309e-05
8.61864e-05
8.61922e-05
8.61979e-05
8.62037e-05
8.62094e-05
8.62152e-05
8.62209e-05
8.62267e-05
8.62324e-05
8.62382e-05
8.6244e-05
8.62497e-05
8.62555e-05
8.62613e-05
8.62671e-05
8.62729e-05
8.62787e-05
8.62845e-05
8.62903e-05
8.62961e-05
8.63019e-05
8.63078e-05
8.63136e-05
8.63194e-05
8.63252e-05
8.71356e-05
8.7142e-05
8.71484e-05
8.71549e-05
8.71613e-05
8.71678e-05
8.71742e-05
8.71807e-05
8.71872e-05
8.71937e-05
8.72001e-05
8.72066e-05
8.72131e-05
8.72196e-05
8.72261e-05
8.72326e-05
8.72391e-05
8.72457e-05
8.72522e-05
8.72587e-05
8.72653e-05
8.72718e-05
8.72784e-05
8.72849e-05
8.72915e-05
8.86757e-05
8.86834e-05
8.86912e-05
8.8699e-05
8.87068e-05
8.87146e-05
8.87224e-05
8.87303e-05
8.87381e-05
8.87459e-05
8.87538e-05
8.87616e-05
8.87695e-05
8.87774e-05
8.87852e-05
8.87931e-05
8.8801e-05
8.88089e-05
8.88168e-05
8.88248e-05
8.88327e-05
8.88406e-05
8.88486e-05
8.88565e-05
8.88645e-05
9.1121e-05
9.11318e-05
9.11426e-05
9.11534e-05
9.11641e-05
9.1175e-05
9.11858e-05
9.11966e-05
9.12075e-05
9.12184e-05
9.12293e-05
9.12402e-05
9.12511e-05
9.1262e-05
9.1273e-05
9.1284e-05
9.12949e-05
9.1306e-05
9.1317e-05
9.1328e-05
9.13391e-05
9.13501e-05
9.13612e-05
9.13723e-05
9.13834e-05
0.000245277
0.000676692
0.00118876
0.00169626
0.00217795
0.00261079
0.00300833
0.00339009
0.00375507
0.00406511
0.00426567
0.00434286
0.00432087
0.00422331
0.00406818
0.00387615
0.00366714
0.00345504
0.00325207
0.00306058
0.00288439
0.00272295
0.00257734
0.00244699
0.00233045
0.00222503
0.0021304
0.00204381
0.00196553
0.00189402
0.00182787
0.00176805
0.00171322
0.00166308
0.0016175
0.00157605
0.00153804
0.00150138
0.00146561
0.00142907
0.00139071
0.00134956
0.00130544
0.00125805
0.00120791
0.0011554
0.0011006
0.0010435
0.000985558
0.000920405
0.000382054
0.000749276
0.00122569
0.00171801
0.00219315
0.00262288
0.0030189
0.0033997
0.00376376
0.00407258
0.00427199
0.00434815
0.00432531
0.0042271
0.00407155
0.00387906
0.00366971
0.00345735
0.00325414
0.00306243
0.00288601
0.00272435
0.00257865
0.00244814
0.00233148
0.00222598
0.00213131
0.00204469
0.00196636
0.00189488
0.00182883
0.00176916
0.00171413
0.00166406
0.00161852
0.00157713
0.00153926
0.00150266
0.00146692
0.00143043
0.00139209
0.00135103
0.00130701
0.00125964
0.00120955
0.00115711
0.00110238
0.00104525
0.000987194
0.000922198
0.000563365
0.000885882
0.0013083
0.00177054
0.00223444
0.00266148
0.00305726
0.00343643
0.00379714
0.00410205
0.00429828
0.00437183
0.00434666
0.00424654
0.0040893
0.00389504
0.00368409
0.00347019
0.00326554
0.00307245
0.00289474
0.00273193
0.00258535
0.002454
0.0023367
0.00223073
0.00213575
0.00204894
0.00197048
0.00189902
0.00183313
0.00177371
0.0017186
0.00166874
0.00162344
0.0015823
0.0015448
0.00150845
0.00147297
0.00143676
0.0013987
0.00135803
0.00131439
0.00126735
0.00121757
0.00116546
0.00111097
0.00105391
0.000995741
0.000930867
0.000773898
0.0010786
0.0014462
0.0018628
0.00230255
0.00271997
0.00311279
0.00348891
0.00384487
0.00414452
0.00433633
0.00440614
0.00437759
0.00427474
0.00411504
0.00391823
0.00370496
0.00348885
0.00328212
0.00308705
0.00290747
0.002743
0.00259512
0.00246255
0.00234432
0.00223768
0.00214224
0.00205516
0.00197653
0.00190511
0.00183945
0.00178037
0.00172525
0.0016757
0.00163078
0.00158999
0.001553
0.00151706
0.00148196
0.00144621
0.00140859
0.0013685
0.00132545
0.00127891
0.00122962
0.00117798
0.00112386
0.00106695
0.00100866
0.000943892
0.00101709
0.00132071
0.00164288
0.00200355
0.00240315
0.00279894
0.00318273
0.00355313
0.00390311
0.00419696
0.00438408
0.0044498
0.00441737
0.0043113
0.0041486
0.00394869
0.00373251
0.00351357
0.00330414
0.00310649
0.00292445
0.00275782
0.00260819
0.00247402
0.00235456
0.00224701
0.00215096
0.00206353
0.0019847
0.00191332
0.00184796
0.0017893
0.00173427
0.00168514
0.00164074
0.00160044
0.00156412
0.00152873
0.00149419
0.00145908
0.00142209
0.00138279
0.00134056
0.00129474
0.00124613
0.00119515
0.00114154
0.00108487
0.00102646
0.000961793
0.00129916
0.00160892
0.00189784
0.00219972
0.00254401
0.00290138
0.00326479
0.00362359
0.00396527
0.00425333
0.00443682
0.00449937
0.00446358
0.00435455
0.00418895
0.00398579
0.00376639
0.00354418
0.00333157
0.00313082
0.00294579
0.0027765
0.00262471
0.00248855
0.00236755
0.00225885
0.00216202
0.00207415
0.00199509
0.00192378
0.00185878
0.00180065
0.00174583
0.00169722
0.00165348
0.00161382
0.00157833
0.00154368
0.00150986
0.00147564
0.00143948
0.00140122
0.00136006
0.0013152
0.0012675
0.00121737
0.00116445
0.00110814
0.00104962
0.000985054
0.00162129
0.00194069
0.00220703
0.00245423
0.00273355
0.00303423
0.00335993
0.00369553
0.00402326
0.00430472
0.00448658
0.00454859
0.00451154
0.00440107
0.00423361
0.00402791
0.00380552
0.00358001
0.00336397
0.00315978
0.00297137
0.00279904
0.00264466
0.00250616
0.00238333
0.00227326
0.0021755
0.00208709
0.00200777
0.00193656
0.00187199
0.00181449
0.00176002
0.00171203
0.00166912
0.00163024
0.00159575
0.00156203
0.00152915
0.00149604
0.00146095
0.00142399
0.00138419
0.00134055
0.00129401
0.00124497
0.00119291
0.00113712
0.00107854
0.00101409
0.00196613
0.00230378
0.00256046
0.00276367
0.00297757
0.0032078
0.00347525
0.0037692
0.00407096
0.00434131
0.00452292
0.00458823
0.00455379
0.00444503
0.00427824
0.00407185
0.00384761
0.00361939
0.00340018
0.00319255
0.00300061
0.002825
0.00266778
0.00252667
0.00240178
0.00229013
0.00219131
0.0021023
0.00202274
0.00195168
0.00188764
0.00183085
0.00177689
0.00172966
0.00168772
0.00164977
0.00161642
0.00158384
0.00155209
0.00152037
0.00148658
0.00145122
0.00141307
0.00137094
0.00132583
0.00127813
0.00122717
0.00117208
0.00111353
0.00104923
0.00229573
0.00267076
0.00293791
0.00311508
0.00327343
0.0034301
0.00362215
0.00385169
0.00410767
0.00435529
0.00453419
0.00460636
0.00457974
0.00447771
0.00431593
0.00411242
0.00388884
0.00365955
0.00343814
0.00322764
0.00303243
0.00285363
0.00269346
0.0025496
0.00242252
0.00230919
0.00220924
0.00211959
0.00203983
0.00196901
0.0019056
0.00184965
0.00179641
0.00175007
0.00170927
0.0016724
0.00164035
0.0016091
0.00157869
0.00154861
0.00151638
0.00148288
0.00144669
0.00140639
0.00136301
0.00131693
0.00126731
0.00121315
0.00115476
0.00109067
0.00256617
0.00299781
0.00330341
0.00348193
0.00360529
0.00369938
0.00381089
0.00395683
0.00414219
0.00434619
0.00451194
0.0045905
0.00457653
0.00448733
0.00433673
0.00414156
0.00392286
0.00369559
0.00347411
0.00326217
0.00306461
0.00288318
0.00272032
0.00257388
0.00244469
0.00232971
0.0022287
0.00213848
0.00205868
0.00198829
0.00192569
0.00187074
0.00181847
0.00177323
0.00173374
0.00169812
0.00166749
0.00163775
0.00160886
0.00158066
0.00155022
0.00151886
0.00148494
0.00144676
0.00140543
0.00136126
0.00131325
0.0012603
0.00120226
0.00113849
0.00276462
0.00325158
0.00361278
0.00382229
0.00393884
0.00399405
0.00403681
0.00409407
0.00418853
0.00432229
0.00445401
0.00453045
0.00453017
0.00445941
0.00432731
0.0041479
0.00394051
0.00372033
0.00350251
0.00329184
0.00309383
0.00291107
0.00274626
0.00259772
0.00246679
0.00235041
0.00224857
0.002158
0.00207844
0.00200877
0.00194726
0.00189356
0.00184264
0.00179881
0.00176088
0.00172676
0.00169774
0.00166968
0.00164252
0.00161637
0.00158795
0.00155895
0.00152755
0.00149181
0.00145281
0.00141086
0.00136476
0.00131331
0.00125587
0.00119257
0.00292297
0.00342988
0.00383071
0.00408451
0.00422154
0.00426908
0.00427051
0.00425534
0.00425636
0.00429887
0.00436894
0.00442334
0.00442956
0.00437862
0.00427121
0.00411591
0.00392808
0.00372232
0.00351392
0.00330908
0.00311404
0.00293245
0.00276735
0.00261787
0.00248604
0.00236892
0.0022668
0.00217633
0.00209753
0.00202914
0.00196924
0.00191725
0.00186817
0.00182626
0.0017903
0.00175804
0.00173091
0.00170474
0.0016795
0.00165555
0.00162934
0.00160287
0.00157421
0.00154116
0.00150479
0.00146534
0.00142144
0.00137181
0.00131532
0.00125265
0.00310379
0.00356584
0.00395011
0.00422463
0.00438919
0.00445524
0.00444883
0.00439491
0.00432614
0.00427869
0.00426697
0.00427308
0.00426811
0.00423059
0.00415019
0.00402627
0.00386752
0.00368587
0.00349528
0.00330318
0.00311663
0.00294035
0.0027779
0.00262954
0.00249832
0.00238158
0.00228005
0.00219044
0.00211312
0.00204673
0.00198915
0.00193958
0.00189322
0.00185403
0.00182078
0.00179109
0.00176641
0.00174253
0.00171956
0.00169798
0.00167419
0.00165035
0.00162458
0.00159444
0.00156091
0.00152419
0.00148278
0.00143528
0.0013801
0.00131828
0.00334565
0.00367166
0.00396357
0.00420512
0.00437528
0.00446768
0.00448219
0.0044304
0.00433607
0.00423115
0.00414436
0.00408503
0.00404621
0.0040059
0.00394614
0.00385646
0.00373471
0.00358792
0.00342573
0.00325628
0.00308663
0.00292262
0.00276798
0.00262471
0.00249684
0.00238247
0.00228307
0.0021955
0.00212078
0.00205747
0.00200334
0.00195726
0.00191481
0.00187956
0.00185014
0.00182414
0.00180291
0.00178205
0.00176196
0.00174309
0.00172205
0.00170102
0.00167829
0.00165121
0.00162069
0.00158691
0.00154819
0.00150313
0.00144967
0.00138887
0.00348461
0.00362703
0.00378534
0.00395306
0.00409671
0.00420508
0.00425453
0.00424011
0.00417115
0.00406432
0.00394594
0.00383775
0.00375729
0.00369747
0.00364531
0.00358458
0.00350345
0.0034012
0.00327954
0.00314514
0.00300415
0.00286253
0.00272401
0.00259224
0.00247246
0.00236384
0.00226887
0.00218499
0.00211411
0.00205487
0.00200531
0.00196399
0.00192713
0.00189751
0.00187371
0.00185331
0.00183737
0.00182105
0.00180511
0.00178974
0.00177212
0.00175425
0.00173477
0.00171097
0.00168362
0.0016529
0.00161709
0.00157465
0.0015233
0.00146367
0.00305968
0.00311524
0.00319285
0.00330443
0.00342186
0.00354054
0.00363292
0.00368311
0.00368638
0.00364037
0.00355843
0.0034581
0.00336677
0.00329182
0.00323706
0.00319544
0.00315059
0.00309599
0.00302407
0.00293797
0.00283987
0.00273473
0.00262459
0.00251508
0.00241145
0.00231472
0.00222834
0.00215078
0.00208538
0.00203131
0.00198734
0.00195202
0.00192247
0.00190043
0.00188447
0.00187219
0.00186416
0.00185479
0.00184519
0.00183498
0.00182221
0.00180846
0.00179289
0.00177284
0.00174897
0.00172151
0.00168875
0.00164917
0.00160034
0.00154186
0.00200722
0.00205399
0.00210879
0.00219086
0.00229025
0.00241061
0.00253549
0.00265176
0.00274839
0.00280784
0.00282719
0.00281128
0.00277894
0.00273688
0.0027028
0.00268175
0.00266875
0.00265932
0.00264086
0.00261212
0.00256945
0.00251484
0.00244769
0.0023742
0.00229859
0.00222314
0.00215207
0.00208499
0.00202713
0.00197863
0.00194008
0.00191073
0.00188957
0.00187669
0.00187085
0.00186987
0.00187341
0.00187486
0.0018753
0.00187326
0.00186801
0.00186038
0.00185016
0.00183499
0.00181533
0.00179158
0.00176232
0.00172574
0.00167988
0.00162249
0.00104066
0.00103951
0.00104728
0.00107241
0.00111531
0.00118033
0.00126635
0.00137089
0.0014896
0.00160978
0.00172099
0.00181553
0.00189373
0.00194805
0.00198713
0.00202263
0.00205607
0.00209415
0.00212777
0.00215686
0.00217548
0.00218188
0.00217037
0.00214775
0.00211442
0.0020737
0.00202881
0.00197981
0.00193381
0.00189225
0.00185808
0.00183282
0.00181859
0.00181462
0.00181963
0.00183224
0.00185092
0.00186771
0.00188316
0.00189395
0.00190073
0.001903
0.00190117
0.00189331
0.00187968
0.00186093
0.00183594
0.00180308
0.0017609
0.00170441
0.00053101
0.000511658
0.000495054
0.000483537
0.000477968
0.000480786
0.000494185
0.000521118
0.00056458
0.000624446
0.000699152
0.000786177
0.000883591
0.000982961
0.00108345
0.00118259
0.0012789
0.00137714
0.00146995
0.00156224
0.00164662
0.00171911
0.00177002
0.00181066
0.00183336
0.00184263
0.00183789
0.00181921
0.00179479
0.00176562
0.00173666
0.00171258
0.00170111
0.00170229
0.00171568
0.00174181
0.00177778
0.00181456
0.00185103
0.00188095
0.00190626
0.00192437
0.00193608
0.00193996
0.00193589
0.00192478
0.0019062
0.0018783
0.00184112
0.00178576
0.000232137
0.000247002
0.000239698
0.00023322
0.00022721
0.000221669
0.0002166
0.000212623
0.000210958
0.000213255
0.000221697
0.000238562
0.000266557
0.000305896
0.000356968
0.000420728
0.000495275
0.000581872
0.000677231
0.000783893
0.000901033
0.00102579
0.00114306
0.00125946
0.00135865
0.00144088
0.0015
0.0015354
0.00155628
0.00156131
0.00155368
0.00153929
0.00153182
0.00153433
0.00154994
0.00158448
0.0016353
0.00169318
0.00175517
0.00181067
0.00186248
0.00190467
0.00193778
0.00196074
0.0019725
0.00197412
0.00196586
0.00194622
0.00191665
0.00186352
8.36307e-05
0.000108872
0.000108248
0.000107869
0.000107678
0.00010764
0.000107684
0.000107849
0.000108163
0.000108555
0.00010902
0.000109555
0.000110418
0.000111789
0.000114755
0.000120358
0.000130259
0.000146511
0.000170507
0.000206034
0.00025816
0.000326247
0.000400254
0.000499378
0.000604412
0.000723439
0.000845385
0.000963485
0.0010735
0.00116122
0.00121989
0.00125213
0.0012759
0.00129449
0.00131477
0.00135222
0.00140985
0.0014845
0.00157203
0.00165724
0.00174267
0.00181792
0.00188207
0.00193394
0.00197078
0.00199319
0.00200231
0.00199631
0.00197914
0.00193148
6.21957e-05
6.59549e-05
6.68737e-05
6.77237e-05
6.85418e-05
6.93207e-05
7.01057e-05
7.09397e-05
7.1841e-05
7.28149e-05
7.38904e-05
7.5085e-05
7.63946e-05
7.77773e-05
7.92026e-05
8.0784e-05
8.23952e-05
8.39839e-05
8.54748e-05
8.71017e-05
9.00421e-05
9.59838e-05
0.000103473
0.000119355
0.000142514
0.000179821
0.000234792
0.000310533
0.00040959
0.000526382
0.000647797
0.000759974
0.00086159
0.000941968
0.00100029
0.00105448
0.00111582
0.0011932
0.0012927
0.00140063
0.0015196
0.00163343
0.00173777
0.00182959
0.00190332
0.00195798
0.00199461
0.00201171
0.00201486
0.00197923
6.13773e-05
6.25451e-05
6.36983e-05
6.46936e-05
6.5591e-05
6.63838e-05
6.7121e-05
6.78384e-05
6.85474e-05
6.92581e-05
7.00012e-05
7.07869e-05
7.15806e-05
7.23901e-05
7.32824e-05
7.41282e-05
7.50061e-05
7.58961e-05
7.68309e-05
7.77169e-05
7.85951e-05
7.94395e-05
8.00943e-05
8.0913e-05
8.14863e-05
8.24896e-05
8.51281e-05
9.1929e-05
0.000107626
0.000138318
0.000189471
0.000263653
0.000365101
0.000484537
0.000603145
0.000710491
0.000799659
0.00088179
0.000972871
0.0010756
0.00120285
0.00134172
0.00148305
0.00161908
0.00173892
0.0018374
0.00191428
0.00196624
0.0020009
0.00198847
6.81541e-05
6.93219e-05
7.03998e-05
7.12977e-05
7.20848e-05
7.27616e-05
7.33695e-05
7.39475e-05
7.4508e-05
7.50615e-05
7.56271e-05
7.62075e-05
7.67683e-05
7.73052e-05
7.77831e-05
7.8269e-05
7.87327e-05
7.91671e-05
7.96069e-05
8.001e-05
8.03595e-05
8.06607e-05
8.09312e-05
8.10913e-05
8.12052e-05
8.12235e-05
8.11934e-05
8.11333e-05
8.12022e-05
8.18786e-05
8.46489e-05
9.29725e-05
0.000114437
0.000159787
0.000236507
0.000346464
0.000471665
0.000593779
0.000702242
0.000795893
0.000895986
0.00101083
0.00114767
0.00130299
0.00146022
0.00160474
0.00173029
0.00182944
0.00190829
0.00193426
7.71569e-05
7.82138e-05
7.91481e-05
7.99101e-05
8.05635e-05
8.11138e-05
8.15881e-05
8.20194e-05
8.24225e-05
8.28027e-05
8.31755e-05
8.35417e-05
8.38817e-05
8.41959e-05
8.45385e-05
8.48155e-05
8.50811e-05
8.53318e-05
8.5633e-05
8.59089e-05
8.61377e-05
8.63144e-05
8.65094e-05
8.65871e-05
8.66889e-05
8.67075e-05
8.66833e-05
8.66071e-05
8.64962e-05
8.63455e-05
8.62761e-05
8.63477e-05
8.68232e-05
8.89962e-05
9.73565e-05
0.000123777
0.000184085
0.000291443
0.00043169
0.000570503
0.00069164
0.000791146
0.000885941
0.000996316
0.0011307
0.00128201
0.001438
0.00158084
0.00170867
0.00178714
8.58955e-05
8.6801e-05
8.7547e-05
8.81477e-05
8.86508e-05
8.90655e-05
8.9411e-05
8.97171e-05
9.00015e-05
9.02715e-05
9.05358e-05
9.0795e-05
9.10353e-05
9.12505e-05
9.14202e-05
9.15987e-05
9.17578e-05
9.18952e-05
9.20325e-05
9.21491e-05
9.22373e-05
9.22987e-05
9.23651e-05
9.23679e-05
9.2372e-05
9.23329e-05
9.22597e-05
9.21309e-05
9.19713e-05
9.18185e-05
9.17468e-05
9.17805e-05
9.18822e-05
9.20428e-05
9.24115e-05
9.36035e-05
9.82443e-05
0.000117539
0.000172147
0.000275028
0.000425503
0.000584461
0.000720432
0.000826378
0.000917829
0.00101555
0.00113371
0.00126943
0.00141577
0.00153896
9.31358e-05
9.37822e-05
9.4322e-05
9.47581e-05
9.51138e-05
9.53994e-05
9.56258e-05
9.58145e-05
9.59798e-05
9.61282e-05
9.62641e-05
9.6389e-05
9.64983e-05
9.65861e-05
9.66952e-05
9.67727e-05
9.68468e-05
9.69177e-05
9.70104e-05
9.70914e-05
9.71625e-05
9.7209e-05
9.72659e-05
9.72771e-05
9.72998e-05
9.72915e-05
9.72592e-05
9.71927e-05
9.70867e-05
9.69322e-05
9.67874e-05
9.66368e-05
9.64654e-05
9.6228e-05
9.59798e-05
9.57374e-05
9.57461e-05
9.66564e-05
0.000101304
0.000117922
0.000168281
0.00027102
0.000426816
0.000603379
0.00075905
0.000876046
0.00096684
0.00105324
0.00115428
0.00125786
9.79256e-05
9.83429e-05
9.8701e-05
9.89901e-05
9.922e-05
9.93958e-05
9.95251e-05
9.96227e-05
9.97028e-05
9.97729e-05
9.98373e-05
9.98982e-05
9.99516e-05
9.99952e-05
0.000100014
0.000100045
0.000100071
0.000100091
0.000100106
0.000100113
0.000100113
0.000100101
0.000100095
0.000100067
0.000100038
9.99956e-05
9.99307e-05
9.98303e-05
9.96996e-05
9.95443e-05
9.93807e-05
9.92161e-05
9.90543e-05
9.88713e-05
9.86512e-05
9.83806e-05
9.81269e-05
9.79207e-05
9.79653e-05
9.86867e-05
0.0001025
0.000115851
0.000156556
0.000249448
0.000403526
0.000593365
0.000775526
0.000915303
0.00102129
0.00107751
0.00010006
0.000100312
0.00010053
0.000100707
0.000100843
0.000100941
0.000101005
0.000101043
0.000101067
0.000101081
0.000101088
0.000101089
0.000101083
0.000101066
0.000101062
0.000101045
0.00010103
0.00010102
0.000101018
0.000101013
0.000101005
0.000100986
0.000100966
0.000100931
0.000100897
0.000100846
0.000100782
0.000100704
0.000100608
0.000100475
0.000100313
0.000100108
9.98687e-05
9.9572e-05
9.92215e-05
9.88202e-05
9.84132e-05
9.80206e-05
9.76819e-05
9.7449e-05
9.74368e-05
9.80311e-05
0.000100759
0.000110439
0.000139461
0.000210154
0.00034311
0.000531522
0.000746178
0.000883378
0.000100032
0.000100177
0.000100305
0.000100408
0.000100485
0.000100535
0.000100561
0.000100567
0.00010056
0.000100546
0.000100527
0.000100506
0.000100482
0.000100457
0.000100419
0.000100388
0.000100356
0.000100323
0.000100286
0.000100245
0.000100199
0.000100146
0.000100092
0.000100029
9.99616e-05
9.98881e-05
9.98007e-05
9.96953e-05
9.95725e-05
9.94305e-05
9.92614e-05
9.90691e-05
9.88698e-05
9.86582e-05
9.84209e-05
9.81622e-05
9.78788e-05
9.75563e-05
9.72042e-05
9.67878e-05
9.63504e-05
9.58989e-05
9.55269e-05
9.54954e-05
9.64418e-05
0.000100442
0.000115425
0.000160265
0.000268268
0.000429823
9.86584e-05
9.87393e-05
9.88092e-05
9.88651e-05
9.89033e-05
9.89239e-05
9.89266e-05
9.89155e-05
9.88947e-05
9.88673e-05
9.88357e-05
9.88006e-05
9.8762e-05
9.87168e-05
9.86777e-05
9.86315e-05
9.85866e-05
9.8544e-05
9.85029e-05
9.84591e-05
9.84125e-05
9.83572e-05
9.82952e-05
9.82243e-05
9.81456e-05
9.80549e-05
9.7953e-05
9.78427e-05
9.77234e-05
9.75831e-05
9.74216e-05
9.72288e-05
9.70159e-05
9.67707e-05
9.64962e-05
9.61988e-05
9.58803e-05
9.55535e-05
9.52173e-05
9.48828e-05
9.45319e-05
9.41631e-05
9.37617e-05
9.33409e-05
9.29351e-05
9.25947e-05
9.24027e-05
9.33574e-05
9.93558e-05
0.000123434
9.64018e-05
9.64412e-05
9.64739e-05
9.64967e-05
9.65091e-05
9.65088e-05
9.64972e-05
9.64758e-05
9.64462e-05
9.64112e-05
9.63716e-05
9.63296e-05
9.6285e-05
9.62414e-05
9.61908e-05
9.61432e-05
9.60946e-05
9.60446e-05
9.59907e-05
9.59323e-05
9.58693e-05
9.57995e-05
9.57241e-05
9.56417e-05
9.55517e-05
9.54546e-05
9.53456e-05
9.52238e-05
9.50896e-05
9.49428e-05
9.47714e-05
9.45797e-05
9.43783e-05
9.41669e-05
9.39381e-05
9.37048e-05
9.3457e-05
9.31924e-05
9.291e-05
9.25852e-05
9.22329e-05
9.18335e-05
9.1389e-05
9.09074e-05
9.03887e-05
8.98406e-05
8.93699e-05
8.88311e-05
8.83662e-05
8.83729e-05
9.32904e-05
9.33112e-05
9.3327e-05
9.33371e-05
9.33399e-05
9.33348e-05
9.33222e-05
9.3302e-05
9.32761e-05
9.32449e-05
9.32103e-05
9.31725e-05
9.31329e-05
9.30885e-05
9.30457e-05
9.29987e-05
9.29508e-05
9.2902e-05
9.28514e-05
9.27975e-05
9.27396e-05
9.26746e-05
9.26019e-05
9.2521e-05
9.243e-05
9.23275e-05
9.2213e-05
9.2089e-05
9.19555e-05
9.18093e-05
9.16451e-05
9.1461e-05
9.12595e-05
9.10381e-05
9.07941e-05
9.05368e-05
9.02619e-05
8.9981e-05
8.96902e-05
8.94008e-05
8.91043e-05
8.87987e-05
8.84737e-05
8.8114e-05
8.7722e-05
8.72869e-05
8.67386e-05
8.6209e-05
8.56569e-05
8.50481e-05
9.01599e-05
9.01735e-05
9.0184e-05
9.01912e-05
9.01939e-05
9.01919e-05
9.01848e-05
9.01729e-05
9.01561e-05
9.01353e-05
9.01102e-05
9.0082e-05
9.00497e-05
9.00166e-05
8.99784e-05
8.99392e-05
8.98972e-05
8.9852e-05
8.98026e-05
8.9748e-05
8.96875e-05
8.96205e-05
8.95468e-05
8.94658e-05
8.93774e-05
8.92809e-05
8.91742e-05
8.90561e-05
8.89263e-05
8.87841e-05
8.86216e-05
8.8442e-05
8.82488e-05
8.80401e-05
8.78146e-05
8.75808e-05
8.73327e-05
8.70727e-05
8.68008e-05
8.65052e-05
8.6195e-05
8.58587e-05
8.54989e-05
8.51151e-05
8.47026e-05
8.42634e-05
8.38681e-05
8.33999e-05
8.29291e-05
8.24427e-05
8.78383e-05
8.7847e-05
8.78538e-05
8.78589e-05
8.78615e-05
8.78613e-05
8.78581e-05
8.78515e-05
8.78416e-05
8.78277e-05
8.78106e-05
8.77894e-05
8.7766e-05
8.77376e-05
8.77076e-05
8.76732e-05
8.76356e-05
8.75943e-05
8.75488e-05
8.74986e-05
8.74432e-05
8.73813e-05
8.73122e-05
8.72349e-05
8.71491e-05
8.70524e-05
8.69448e-05
8.68265e-05
8.66974e-05
8.65558e-05
8.63987e-05
8.62258e-05
8.60377e-05
8.58286e-05
8.56009e-05
8.53574e-05
8.50946e-05
8.48184e-05
8.45265e-05
8.42278e-05
8.39176e-05
8.35978e-05
8.32653e-05
8.29142e-05
8.25466e-05
8.21545e-05
8.16958e-05
8.12615e-05
8.08208e-05
8.03609e-05
8.64282e-05
8.64322e-05
8.64351e-05
8.64371e-05
8.64377e-05
8.64366e-05
8.64337e-05
8.64286e-05
8.64207e-05
8.64103e-05
8.63965e-05
8.63799e-05
8.63589e-05
8.63358e-05
8.63081e-05
8.62776e-05
8.62427e-05
8.6204e-05
8.61604e-05
8.61115e-05
8.60563e-05
8.59945e-05
8.59255e-05
8.5849e-05
8.57649e-05
8.56724e-05
8.55703e-05
8.54576e-05
8.5333e-05
8.51954e-05
8.50404e-05
8.48696e-05
8.4683e-05
8.44771e-05
8.42532e-05
8.40142e-05
8.37589e-05
8.34875e-05
8.32004e-05
8.28926e-05
8.25673e-05
8.22208e-05
8.18532e-05
8.1465e-05
8.10539e-05
8.06217e-05
8.02113e-05
7.9753e-05
7.92932e-05
7.88397e-05
8.56628e-05
8.56631e-05
8.56624e-05
8.56612e-05
8.5659e-05
8.56557e-05
8.56512e-05
8.56451e-05
8.56372e-05
8.56269e-05
8.5614e-05
8.55977e-05
8.55792e-05
8.55563e-05
8.55311e-05
8.55013e-05
8.5468e-05
8.543e-05
8.53873e-05
8.53395e-05
8.52859e-05
8.52259e-05
8.51589e-05
8.50842e-05
8.5001e-05
8.49079e-05
8.48042e-05
8.46894e-05
8.45628e-05
8.44232e-05
8.42688e-05
8.41003e-05
8.39157e-05
8.37116e-05
8.34892e-05
8.3248e-05
8.2987e-05
8.27076e-05
8.24083e-05
8.20942e-05
8.1762e-05
8.14148e-05
8.10513e-05
8.0668e-05
8.02689e-05
7.9851e-05
7.93879e-05
7.89346e-05
7.8472e-05
7.79963e-05
8.52718e-05
8.52694e-05
8.52662e-05
8.52624e-05
8.52578e-05
8.52523e-05
8.52458e-05
8.5238e-05
8.52287e-05
8.52175e-05
8.52038e-05
8.51879e-05
8.51684e-05
8.51468e-05
8.5121e-05
8.50921e-05
8.50588e-05
8.50216e-05
8.49796e-05
8.49325e-05
8.48795e-05
8.482e-05
8.47533e-05
8.46789e-05
8.45963e-05
8.45048e-05
8.44036e-05
8.42918e-05
8.41683e-05
8.40316e-05
8.38795e-05
8.3712e-05
8.3528e-05
8.33246e-05
8.31022e-05
8.2862e-05
8.26038e-05
8.2327e-05
8.20316e-05
8.17157e-05
8.13796e-05
8.10224e-05
8.06432e-05
8.02421e-05
7.98182e-05
7.9372e-05
7.8928e-05
7.84455e-05
7.79515e-05
7.74538e-05
8.50774e-05
8.50733e-05
8.50685e-05
8.50632e-05
8.5057e-05
8.50498e-05
8.50418e-05
8.50325e-05
8.50218e-05
8.50094e-05
8.49951e-05
8.49779e-05
8.49588e-05
8.49361e-05
8.49107e-05
8.48814e-05
8.48485e-05
8.48113e-05
8.47695e-05
8.47225e-05
8.46697e-05
8.46105e-05
8.45444e-05
8.44706e-05
8.43884e-05
8.42968e-05
8.41948e-05
8.40816e-05
8.39564e-05
8.38179e-05
8.36651e-05
8.34979e-05
8.33148e-05
8.31133e-05
8.28931e-05
8.26541e-05
8.23956e-05
8.21169e-05
8.18171e-05
8.1499e-05
8.11598e-05
8.08019e-05
8.04248e-05
8.00267e-05
7.96112e-05
7.9176e-05
7.87073e-05
7.82353e-05
7.7749e-05
7.72447e-05
8.49809e-05
8.49762e-05
8.49706e-05
8.49643e-05
8.49572e-05
8.49492e-05
8.49402e-05
8.49299e-05
8.49183e-05
8.49049e-05
8.48895e-05
8.48722e-05
8.4852e-05
8.48295e-05
8.48035e-05
8.47744e-05
8.47414e-05
8.47042e-05
8.46625e-05
8.46156e-05
8.4563e-05
8.45042e-05
8.44384e-05
8.43648e-05
8.42828e-05
8.41916e-05
8.40904e-05
8.39784e-05
8.38547e-05
8.3718e-05
8.35668e-05
8.34006e-05
8.32178e-05
8.30164e-05
8.27961e-05
8.25573e-05
8.22997e-05
8.20223e-05
8.1725e-05
8.14071e-05
8.10682e-05
8.07081e-05
8.03262e-05
7.99221e-05
7.94958e-05
7.90471e-05
7.8589e-05
7.81005e-05
7.75956e-05
7.70793e-05
8.49284e-05
8.49231e-05
8.49171e-05
8.49104e-05
8.49028e-05
8.48942e-05
8.48847e-05
8.48737e-05
8.48616e-05
8.48477e-05
8.48321e-05
8.48141e-05
8.4794e-05
8.47709e-05
8.47451e-05
8.47156e-05
8.46826e-05
8.46455e-05
8.46038e-05
8.4557e-05
8.45045e-05
8.44459e-05
8.43802e-05
8.43069e-05
8.42252e-05
8.41342e-05
8.4033e-05
8.39206e-05
8.37962e-05
8.36586e-05
8.35068e-05
8.33403e-05
8.31579e-05
8.29575e-05
8.2739e-05
8.2502e-05
8.22454e-05
8.19683e-05
8.16701e-05
8.13518e-05
8.10122e-05
8.0652e-05
8.02716e-05
7.98695e-05
7.94486e-05
7.90082e-05
7.85411e-05
7.80626e-05
7.75678e-05
7.70525e-05
8.48964e-05
8.4891e-05
8.48849e-05
8.4878e-05
8.48702e-05
8.48614e-05
8.48516e-05
8.48404e-05
8.48279e-05
8.48137e-05
8.47978e-05
8.47797e-05
8.47592e-05
8.47362e-05
8.47101e-05
8.46808e-05
8.46477e-05
8.46106e-05
8.4569e-05
8.45223e-05
8.447e-05
8.44114e-05
8.4346e-05
8.42728e-05
8.41912e-05
8.41003e-05
8.39993e-05
8.38873e-05
8.37634e-05
8.36265e-05
8.34757e-05
8.33099e-05
8.31278e-05
8.29279e-05
8.27095e-05
8.24723e-05
8.22158e-05
8.19391e-05
8.1642e-05
8.13239e-05
8.09847e-05
8.0624e-05
8.02422e-05
7.98382e-05
7.94129e-05
7.89659e-05
7.8504e-05
7.80172e-05
7.75129e-05
7.69943e-05
8.48711e-05
8.48657e-05
8.48595e-05
8.48526e-05
8.48447e-05
8.48358e-05
8.48259e-05
8.48146e-05
8.4802e-05
8.47876e-05
8.47716e-05
8.47533e-05
8.47329e-05
8.47098e-05
8.46837e-05
8.46544e-05
8.46214e-05
8.45844e-05
8.45429e-05
8.44963e-05
8.4444e-05
8.43856e-05
8.43202e-05
8.42472e-05
8.41658e-05
8.40752e-05
8.39745e-05
8.38627e-05
8.37389e-05
8.3602e-05
8.34511e-05
8.32853e-05
8.31033e-05
8.29041e-05
8.26868e-05
8.2451e-05
8.21959e-05
8.19202e-05
8.16236e-05
8.13064e-05
8.09675e-05
8.06074e-05
8.02268e-05
7.98244e-05
7.94027e-05
7.89609e-05
7.84964e-05
7.80168e-05
7.75202e-05
7.70037e-05
8.48492e-05
8.48438e-05
8.48376e-05
8.48307e-05
8.48229e-05
8.4814e-05
8.4804e-05
8.47927e-05
8.47801e-05
8.47657e-05
8.47496e-05
8.47314e-05
8.47109e-05
8.46878e-05
8.46618e-05
8.46326e-05
8.45997e-05
8.45628e-05
8.45213e-05
8.44748e-05
8.44227e-05
8.43643e-05
8.42991e-05
8.42264e-05
8.41452e-05
8.40548e-05
8.39542e-05
8.38427e-05
8.37189e-05
8.35824e-05
8.3432e-05
8.32666e-05
8.3085e-05
8.28862e-05
8.26693e-05
8.24336e-05
8.21784e-05
8.19028e-05
8.16064e-05
8.12889e-05
8.09501e-05
8.05899e-05
8.02085e-05
7.98054e-05
7.93814e-05
7.89365e-05
7.84741e-05
7.79901e-05
7.74886e-05
7.69717e-05
8.4828e-05
8.48225e-05
8.48164e-05
8.48094e-05
8.48016e-05
8.47927e-05
8.47828e-05
8.47715e-05
8.47589e-05
8.47445e-05
8.47284e-05
8.47102e-05
8.46898e-05
8.46667e-05
8.46408e-05
8.46116e-05
8.45788e-05
8.45419e-05
8.45005e-05
8.44541e-05
8.44021e-05
8.43439e-05
8.42789e-05
8.42063e-05
8.41253e-05
8.40351e-05
8.39348e-05
8.38233e-05
8.37e-05
8.35637e-05
8.34135e-05
8.32482e-05
8.3067e-05
8.28686e-05
8.26524e-05
8.24176e-05
8.21633e-05
8.18887e-05
8.15933e-05
8.12768e-05
8.09389e-05
8.05796e-05
8.01994e-05
7.97976e-05
7.93758e-05
7.89341e-05
7.84713e-05
7.79915e-05
7.74943e-05
7.69778e-05
8.48077e-05
8.48023e-05
8.47962e-05
8.47893e-05
8.47815e-05
8.47727e-05
8.47628e-05
8.47515e-05
8.47389e-05
8.47246e-05
8.47086e-05
8.46904e-05
8.467e-05
8.4647e-05
8.46211e-05
8.4592e-05
8.45593e-05
8.45225e-05
8.44812e-05
8.4435e-05
8.43831e-05
8.43251e-05
8.42602e-05
8.41878e-05
8.41069e-05
8.4017e-05
8.39168e-05
8.38058e-05
8.36826e-05
8.35467e-05
8.33967e-05
8.32318e-05
8.30509e-05
8.2853e-05
8.26372e-05
8.24027e-05
8.21485e-05
8.1874e-05
8.15786e-05
8.1262e-05
8.0924e-05
8.05645e-05
8.01838e-05
7.97816e-05
7.93588e-05
7.89155e-05
7.84536e-05
7.79717e-05
7.74724e-05
7.69572e-05
8.47875e-05
8.47821e-05
8.47761e-05
8.47692e-05
8.47614e-05
8.47527e-05
8.47428e-05
8.47316e-05
8.4719e-05
8.47048e-05
8.46888e-05
8.46706e-05
8.46503e-05
8.46274e-05
8.46016e-05
8.45725e-05
8.45399e-05
8.45033e-05
8.44621e-05
8.4416e-05
8.43643e-05
8.43064e-05
8.42417e-05
8.41694e-05
8.40888e-05
8.3999e-05
8.38993e-05
8.37884e-05
8.36658e-05
8.35301e-05
8.33806e-05
8.3216e-05
8.30355e-05
8.28381e-05
8.26228e-05
8.23889e-05
8.21355e-05
8.18619e-05
8.15675e-05
8.12519e-05
8.0915e-05
8.05567e-05
8.01771e-05
7.97762e-05
7.93549e-05
7.89137e-05
7.84521e-05
7.79727e-05
7.74756e-05
7.69598e-05
8.47708e-05
8.47654e-05
8.47593e-05
8.47523e-05
8.47446e-05
8.47358e-05
8.47259e-05
8.47147e-05
8.47021e-05
8.46879e-05
8.46719e-05
8.46538e-05
8.46335e-05
8.46106e-05
8.45849e-05
8.45559e-05
8.45234e-05
8.44868e-05
8.44458e-05
8.43997e-05
8.43481e-05
8.42904e-05
8.42257e-05
8.41537e-05
8.40732e-05
8.39837e-05
8.3884e-05
8.37736e-05
8.36511e-05
8.35158e-05
8.33664e-05
8.32023e-05
8.30221e-05
8.28251e-05
8.26103e-05
8.23767e-05
8.21237e-05
8.18503e-05
8.15561e-05
8.12407e-05
8.09039e-05
8.05455e-05
8.01658e-05
7.97647e-05
7.9343e-05
7.89011e-05
7.84401e-05
7.79598e-05
7.7462e-05
7.69481e-05
8.47599e-05
8.47544e-05
8.47483e-05
8.47414e-05
8.47336e-05
8.47249e-05
8.4715e-05
8.47038e-05
8.46912e-05
8.4677e-05
8.4661e-05
8.4643e-05
8.46228e-05
8.45999e-05
8.45742e-05
8.45453e-05
8.45128e-05
8.44763e-05
8.44353e-05
8.43893e-05
8.43379e-05
8.42802e-05
8.42157e-05
8.41437e-05
8.40635e-05
8.3974e-05
8.38746e-05
8.37642e-05
8.3642e-05
8.35068e-05
8.33578e-05
8.31938e-05
8.3014e-05
8.28172e-05
8.26027e-05
8.23695e-05
8.21167e-05
8.18438e-05
8.15501e-05
8.12353e-05
8.08992e-05
8.05416e-05
8.01626e-05
7.97624e-05
7.93416e-05
7.89008e-05
7.84399e-05
7.79609e-05
7.7464e-05
7.69493e-05
8.4758e-05
8.47526e-05
8.47465e-05
8.47396e-05
8.47319e-05
8.47231e-05
8.47132e-05
8.47021e-05
8.46895e-05
8.46753e-05
8.46594e-05
8.46413e-05
8.46211e-05
8.45982e-05
8.45725e-05
8.45436e-05
8.45111e-05
8.44746e-05
8.44337e-05
8.43877e-05
8.43362e-05
8.42786e-05
8.42141e-05
8.41422e-05
8.40618e-05
8.39725e-05
8.3873e-05
8.37627e-05
8.36404e-05
8.35054e-05
8.33564e-05
8.31926e-05
8.30128e-05
8.28161e-05
8.26017e-05
8.23686e-05
8.21159e-05
8.18431e-05
8.15495e-05
8.12347e-05
8.08985e-05
8.05408e-05
8.01616e-05
7.97612e-05
7.934e-05
7.88986e-05
7.84382e-05
7.79586e-05
7.74616e-05
7.69482e-05
8.47718e-05
8.47664e-05
8.47603e-05
8.47534e-05
8.47456e-05
8.47369e-05
8.4727e-05
8.47158e-05
8.47032e-05
8.4689e-05
8.4673e-05
8.4655e-05
8.46347e-05
8.46118e-05
8.45861e-05
8.45571e-05
8.45246e-05
8.4488e-05
8.4447e-05
8.44009e-05
8.43494e-05
8.42917e-05
8.42271e-05
8.4155e-05
8.40747e-05
8.39851e-05
8.38856e-05
8.37751e-05
8.36528e-05
8.35175e-05
8.33684e-05
8.32043e-05
8.30244e-05
8.28275e-05
8.26129e-05
8.23795e-05
8.21266e-05
8.18535e-05
8.15597e-05
8.12447e-05
8.09083e-05
8.05505e-05
8.01712e-05
7.97707e-05
7.93496e-05
7.89084e-05
7.84474e-05
7.7968e-05
7.74709e-05
7.69565e-05
8.48095e-05
8.48041e-05
8.4798e-05
8.4791e-05
8.47832e-05
8.47744e-05
8.47645e-05
8.47532e-05
8.47406e-05
8.47263e-05
8.47102e-05
8.46921e-05
8.46717e-05
8.46487e-05
8.46229e-05
8.45938e-05
8.45611e-05
8.45243e-05
8.44831e-05
8.44369e-05
8.43851e-05
8.43271e-05
8.42623e-05
8.41899e-05
8.41092e-05
8.40193e-05
8.39194e-05
8.38085e-05
8.36856e-05
8.35499e-05
8.34002e-05
8.32356e-05
8.3055e-05
8.28576e-05
8.26422e-05
8.24081e-05
8.21544e-05
8.18805e-05
8.15859e-05
8.12701e-05
8.09329e-05
8.05742e-05
8.01939e-05
7.97925e-05
7.93703e-05
7.89279e-05
7.84663e-05
7.79859e-05
7.7488e-05
7.69735e-05
8.48842e-05
8.48787e-05
8.48725e-05
8.48655e-05
8.48576e-05
8.48487e-05
8.48387e-05
8.48274e-05
8.48146e-05
8.48002e-05
8.4784e-05
8.47657e-05
8.47451e-05
8.47219e-05
8.46958e-05
8.46665e-05
8.46335e-05
8.45965e-05
8.45549e-05
8.45083e-05
8.44561e-05
8.43976e-05
8.43322e-05
8.42592e-05
8.41778e-05
8.40872e-05
8.39864e-05
8.38746e-05
8.37509e-05
8.36141e-05
8.34633e-05
8.32975e-05
8.31157e-05
8.29168e-05
8.27e-05
8.24644e-05
8.22092e-05
8.19337e-05
8.16375e-05
8.132e-05
8.0981e-05
8.06205e-05
8.02386e-05
7.98355e-05
7.94117e-05
7.89678e-05
7.85044e-05
7.80225e-05
7.7523e-05
7.70068e-05
8.50157e-05
8.50101e-05
8.50039e-05
8.49968e-05
8.49888e-05
8.49797e-05
8.49695e-05
8.4958e-05
8.49451e-05
8.49304e-05
8.49139e-05
8.48954e-05
8.48745e-05
8.48509e-05
8.48244e-05
8.47946e-05
8.47611e-05
8.47235e-05
8.46813e-05
8.46339e-05
8.45809e-05
8.45215e-05
8.44552e-05
8.43811e-05
8.42985e-05
8.42066e-05
8.41044e-05
8.3991e-05
8.38655e-05
8.37269e-05
8.35741e-05
8.34062e-05
8.32221e-05
8.30208e-05
8.28014e-05
8.25631e-05
8.23051e-05
8.20268e-05
8.17275e-05
8.1407e-05
8.10649e-05
8.07013e-05
8.03163e-05
7.991e-05
7.94831e-05
7.90361e-05
7.85698e-05
7.8085e-05
7.75827e-05
7.70641e-05
8.52369e-05
8.52311e-05
8.52247e-05
8.52174e-05
8.52092e-05
8.51999e-05
8.51894e-05
8.51775e-05
8.51642e-05
8.51492e-05
8.51323e-05
8.51132e-05
8.50917e-05
8.50675e-05
8.50403e-05
8.50097e-05
8.49753e-05
8.49367e-05
8.48934e-05
8.48448e-05
8.47904e-05
8.47295e-05
8.46615e-05
8.45855e-05
8.45009e-05
8.44067e-05
8.4302e-05
8.4186e-05
8.40576e-05
8.39158e-05
8.37597e-05
8.35881e-05
8.34001e-05
8.31947e-05
8.2971e-05
8.27282e-05
8.24654e-05
8.21822e-05
8.18778e-05
8.15521e-05
8.12049e-05
8.0836e-05
8.04456e-05
8.00341e-05
7.96019e-05
7.91499e-05
7.86785e-05
7.81889e-05
7.7682e-05
7.71588e-05
8.55966e-05
8.55906e-05
8.55839e-05
8.55762e-05
8.55676e-05
8.55579e-05
8.5547e-05
8.55346e-05
8.55207e-05
8.5505e-05
8.54873e-05
8.54674e-05
8.5445e-05
8.54198e-05
8.53914e-05
8.53594e-05
8.53236e-05
8.52833e-05
8.52382e-05
8.51875e-05
8.51308e-05
8.50674e-05
8.49966e-05
8.49175e-05
8.48295e-05
8.47315e-05
8.46228e-05
8.45023e-05
8.43691e-05
8.42221e-05
8.40603e-05
8.38827e-05
8.36883e-05
8.34761e-05
8.32453e-05
8.29949e-05
8.27244e-05
8.2433e-05
8.21204e-05
8.17862e-05
8.14304e-05
8.10528e-05
8.06538e-05
8.02337e-05
7.97931e-05
7.93327e-05
7.88533e-05
7.83559e-05
7.78414e-05
7.73111e-05
8.61808e-05
8.61743e-05
8.61671e-05
8.61589e-05
8.61497e-05
8.61392e-05
8.61275e-05
8.61142e-05
8.60993e-05
8.60824e-05
8.60635e-05
8.60421e-05
8.60181e-05
8.5991e-05
8.59606e-05
8.59264e-05
8.5888e-05
8.58448e-05
8.57965e-05
8.57424e-05
8.56818e-05
8.5614e-05
8.55384e-05
8.54541e-05
8.53603e-05
8.5256e-05
8.51403e-05
8.50123e-05
8.48709e-05
8.47151e-05
8.45439e-05
8.43562e-05
8.4151e-05
8.39275e-05
8.36847e-05
8.34219e-05
8.31384e-05
8.28337e-05
8.25074e-05
8.21593e-05
8.17894e-05
8.13977e-05
8.09847e-05
8.05507e-05
8.00964e-05
7.96226e-05
7.91301e-05
7.86201e-05
7.80937e-05
7.75518e-05
8.71292e-05
8.7122e-05
8.71138e-05
8.71046e-05
8.70943e-05
8.70826e-05
8.70694e-05
8.70545e-05
8.70378e-05
8.70189e-05
8.69976e-05
8.69736e-05
8.69467e-05
8.69164e-05
8.68823e-05
8.68441e-05
8.68011e-05
8.6753e-05
8.6699e-05
8.66386e-05
8.65711e-05
8.64957e-05
8.64116e-05
8.6318e-05
8.6214e-05
8.60986e-05
8.59708e-05
8.58297e-05
8.56741e-05
8.5503e-05
8.53154e-05
8.51103e-05
8.48867e-05
8.46438e-05
8.43808e-05
8.40969e-05
8.37916e-05
8.34645e-05
8.31154e-05
8.27442e-05
8.23511e-05
8.19362e-05
8.15001e-05
8.10435e-05
8.0567e-05
8.00715e-05
7.95582e-05
7.90281e-05
7.84823e-05
7.79222e-05
8.86679e-05
8.86591e-05
8.86492e-05
8.8638e-05
8.86254e-05
8.86112e-05
8.85952e-05
8.85772e-05
8.85569e-05
8.8534e-05
8.85082e-05
8.84792e-05
8.84467e-05
8.84101e-05
8.8369e-05
8.83229e-05
8.82712e-05
8.82133e-05
8.81485e-05
8.80762e-05
8.79954e-05
8.79055e-05
8.78054e-05
8.76943e-05
8.75711e-05
8.74348e-05
8.72844e-05
8.71188e-05
8.6937e-05
8.67379e-05
8.65205e-05
8.62839e-05
8.60272e-05
8.57497e-05
8.54506e-05
8.51296e-05
8.47863e-05
8.44205e-05
8.40323e-05
8.36218e-05
8.31895e-05
8.27358e-05
8.22615e-05
8.17675e-05
8.12547e-05
8.07242e-05
8.01772e-05
7.96148e-05
7.90384e-05
7.84493e-05
9.11102e-05
9.10979e-05
9.10841e-05
9.10686e-05
9.1051e-05
9.10313e-05
9.1009e-05
9.0984e-05
9.09558e-05
9.09241e-05
9.08884e-05
9.08484e-05
9.08035e-05
9.07532e-05
9.06968e-05
9.06336e-05
9.05631e-05
9.04843e-05
9.03964e-05
9.02986e-05
9.019e-05
9.00695e-05
8.99361e-05
8.97887e-05
8.96263e-05
8.94479e-05
8.92522e-05
8.90384e-05
8.88055e-05
8.85525e-05
8.82788e-05
8.79835e-05
8.76663e-05
8.73267e-05
8.69647e-05
8.65803e-05
8.61737e-05
8.57454e-05
8.52961e-05
8.48267e-05
8.43382e-05
8.38319e-05
8.33094e-05
8.27721e-05
8.22219e-05
8.16605e-05
8.10899e-05
8.05119e-05
7.99283e-05
7.93411e-05
3.7946e-05
3.30714e-05
3.17956e-05
3.09079e-05
3.06027e-05
2.98162e-05
2.94953e-05
2.89862e-05
2.85868e-05
2.8214e-05
2.81376e-05
2.78789e-05
2.75293e-05
2.71013e-05
2.63548e-05
2.52532e-05
2.42656e-05
2.37085e-05
2.35847e-05
2.37571e-05
2.40784e-05
2.46066e-05
2.51509e-05
2.57509e-05
2.63455e-05
2.6914e-05
2.7435e-05
2.78711e-05
2.8205e-05
2.84827e-05
2.86926e-05
2.88881e-05
2.91137e-05
2.93928e-05
2.96944e-05
2.99727e-05
3.01784e-05
3.02713e-05
3.02278e-05
3.00384e-05
2.97536e-05
2.93756e-05
2.89123e-05
2.837e-05
2.77541e-05
2.70727e-05
2.63357e-05
2.55561e-05
2.47486e-05
2.39309e-05
2.31254e-05
2.23694e-05
2.17384e-05
2.13479e-05
2.13425e-05
2.19361e-05
1.83459e-05
1.44166e-05
1.27505e-05
1.33516e-05
0.000152176
0.000173194
0.000183107
0.000184806
0.000187674
0.000184709
0.000180755
0.000170542
0.000158965
0.000148351
0.000140534
0.000137332
0.00014075
0.00014501
0.000139982
0.000125804
0.000110454
0.000104314
0.000110944
0.000123743
0.000141395
0.000167672
0.000199216
0.000230894
0.000261521
0.000289628
0.000314965
0.000335871
0.000346957
0.000347805
0.000339339
0.000317276
0.00027775
0.000237209
0.000198091
0.000162771
0.000132324
0.000107059
8.68796e-05
7.14083e-05
5.95522e-05
5.04024e-05
4.32691e-05
3.76447e-05
3.31391e-05
2.94683e-05
2.64257e-05
2.38619e-05
2.16675e-05
1.9766e-05
1.81013e-05
1.66285e-05
1.5303e-05
1.40632e-05
1.27989e-05
1.12208e-05
8.46026e-06
7.07106e-06
8.40375e-06
1.12382e-05
9.55236e-05
0.000141324
0.000174251
0.000195619
0.000202149
0.000191625
0.000170361
0.000144297
0.00011821
9.57385e-05
7.67388e-05
6.27994e-05
5.56025e-05
5.42857e-05
5.75477e-05
6.3641e-05
7.13977e-05
8.3098e-05
0.000100686
0.000116356
0.000123478
0.000120818
0.000110534
9.3708e-05
7.47868e-05
5.70894e-05
4.22256e-05
2.99385e-05
2.00633e-05
1.28845e-05
8.31331e-06
5.55648e-06
3.9169e-06
2.94417e-06
2.39283e-06
2.03917e-06
1.79686e-06
1.62613e-06
1.50154e-06
1.40563e-06
1.3262e-06
1.2594e-06
1.20317e-06
1.15631e-06
1.11797e-06
1.08734e-06
1.06344e-06
1.04682e-06
1.04484e-06
1.05599e-06
9.92855e-07
7.3075e-07
5.50276e-07
4.33055e-07
3.60692e-07
3.15252e-07
2.82173e-07
2.96446e-07
4.86227e-07
1.86205e-07
0.000122131
0.000166934
0.000187324
0.000193747
0.000180616
0.000151172
0.000116272
8.42371e-05
6.0047e-05
4.54514e-05
3.74677e-05
3.20313e-05
2.68851e-05
2.05268e-05
1.42919e-05
9.33488e-06
5.89463e-06
3.87807e-06
2.77661e-06
2.09053e-06
1.61268e-06
1.23452e-06
9.76561e-07
7.73747e-07
6.15201e-07
4.84256e-07
3.74144e-07
2.91324e-07
2.41128e-07
2.20155e-07
2.38369e-07
2.79572e-07
3.53419e-07
4.65875e-07
6.25878e-07
6.38637e-07
5.46501e-07
4.88503e-07
4.42011e-07
3.98029e-07
3.56242e-07
3.18357e-07
2.84372e-07
2.52665e-07
2.21333e-07
1.89987e-07
1.60431e-07
1.34829e-07
1.14437e-07
9.92049e-08
8.85353e-08
8.16344e-08
7.77116e-08
7.61746e-08
7.67936e-08
7.86964e-08
7.94902e-08
9.01844e-08
1.21498e-07
5.26321e-08
0.000176066
0.000208851
0.000209405
0.000193124
0.000157622
0.000115744
7.91713e-05
5.2826e-05
3.61235e-05
2.47351e-05
1.67749e-05
1.26614e-05
1.01037e-05
7.47984e-06
5.22005e-06
3.74254e-06
2.68445e-06
1.99714e-06
1.55512e-06
1.24713e-06
1.02367e-06
8.56414e-07
7.63836e-07
7.21823e-07
7.37704e-07
8.26916e-07
1.01272e-06
1.33526e-06
1.86382e-06
1.62389e-06
1.40339e-06
1.32425e-06
1.31066e-06
1.23222e-06
1.11068e-06
1.00346e-06
8.90226e-07
7.68056e-07
6.62053e-07
5.78736e-07
5.10951e-07
4.51254e-07
3.94213e-07
3.3742e-07
2.82846e-07
2.34362e-07
1.9435e-07
1.63076e-07
1.39568e-07
1.22511e-07
1.10626e-07
1.02837e-07
9.83472e-08
9.68302e-08
9.82859e-08
1.01457e-07
1.0313e-07
1.14363e-07
1.79695e-07
8.05887e-08
0.000206674
0.000192785
0.000184222
0.000168668
0.000137506
0.000102773
7.23896e-05
5.03884e-05
3.61187e-05
2.61291e-05
1.83115e-05
1.31584e-05
9.21791e-06
6.13265e-06
4.24539e-06
3.24707e-06
2.83175e-06
2.81567e-06
2.26983e-06
2.24486e-06
2.75958e-06
3.23802e-06
3.07604e-06
2.80766e-06
2.14004e-06
1.61451e-06
1.399e-06
1.3702e-06
1.37298e-06
1.29075e-06
1.12922e-06
9.45796e-07
7.93495e-07
7.0191e-07
6.58285e-07
6.29107e-07
5.8652e-07
5.29798e-07
4.72185e-07
4.20968e-07
3.76123e-07
3.3476e-07
2.94855e-07
2.5695e-07
2.23062e-07
1.94757e-07
1.72439e-07
1.55706e-07
1.43842e-07
1.36115e-07
1.31886e-07
1.30636e-07
1.31981e-07
1.3585e-07
1.42352e-07
1.49941e-07
1.5441e-07
1.67873e-07
2.4114e-07
1.30225e-07
8.46965e-05
8.58079e-05
7.90476e-05
6.28056e-05
4.65667e-05
3.21072e-05
2.03487e-05
1.29687e-05
9.14489e-06
7.41331e-06
6.82939e-06
5.40441e-06
3.58836e-06
5.237e-06
5.36777e-06
5.17577e-06
4.48933e-06
2.49689e-06
2.07959e-06
2.45637e-06
3.00336e-06
2.92236e-06
2.88159e-06
2.59635e-06
2.0791e-06
1.89836e-06
1.97976e-06
1.99418e-06
1.7882e-06
1.6073e-06
1.47387e-06
1.30938e-06
1.1572e-06
1.05465e-06
9.65521e-07
8.57044e-07
7.41811e-07
6.39794e-07
5.55487e-07
4.85289e-07
4.24234e-07
3.69292e-07
3.20246e-07
2.78263e-07
2.44115e-07
2.17613e-07
1.97963e-07
1.8419e-07
1.75391e-07
1.70811e-07
1.69825e-07
1.71907e-07
1.76595e-07
1.83655e-07
1.92891e-07
2.02395e-07
2.07945e-07
2.2138e-07
2.93251e-07
1.85629e-07
1.79738e-05
1.56399e-05
1.33118e-05
9.88854e-06
6.90156e-06
5.17093e-06
3.76866e-06
2.37113e-06
3.76025e-06
6.60622e-06
6.72274e-06
5.127e-06
3.60002e-06
3.27995e-06
3.39588e-06
3.38642e-06
3.03865e-06
2.65947e-06
2.49139e-06
2.56826e-06
2.59756e-06
2.35666e-06
1.87373e-06
1.4771e-06
1.29019e-06
1.2752e-06
1.33471e-06
1.34203e-06
1.24684e-06
1.10686e-06
9.75163e-07
8.83877e-07
8.32134e-07
7.93405e-07
7.39947e-07
6.68911e-07
5.94988e-07
5.28542e-07
4.71392e-07
4.21528e-07
3.77004e-07
3.37438e-07
3.03446e-07
2.75619e-07
2.53984e-07
2.38153e-07
2.27503e-07
2.21434e-07
2.19353e-07
2.20754e-07
2.25105e-07
2.31882e-07
2.40522e-07
2.5061e-07
2.617e-07
2.72033e-07
2.7846e-07
2.91496e-07
3.5062e-07
2.61369e-07
1.25783e-06
2.03156e-06
4.57508e-06
5.22553e-06
5.50046e-06
5.79925e-06
3.08672e-06
2.53659e-06
3.35316e-06
5.80044e-06
6.02322e-06
5.976e-06
4.94193e-06
3.43392e-06
2.82119e-06
2.8401e-06
3.37832e-06
4.08692e-06
4.03959e-06
3.61414e-06
3.27239e-06
2.80454e-06
2.26641e-06
1.9821e-06
1.93197e-06
1.95421e-06
1.86658e-06
1.67225e-06
1.45676e-06
1.26711e-06
1.12786e-06
1.03804e-06
9.68052e-07
8.88107e-07
7.94676e-07
7.02003e-07
6.20293e-07
5.51224e-07
4.92562e-07
4.41994e-07
3.9856e-07
3.62217e-07
3.33063e-07
3.10844e-07
2.95022e-07
2.84894e-07
2.79772e-07
2.78975e-07
2.81881e-07
2.8783e-07
2.96167e-07
3.0619e-07
3.17288e-07
3.28909e-07
3.40487e-07
3.50784e-07
3.58606e-07
3.71295e-07
4.10888e-07
3.50199e-07
8.23005e-07
1.40233e-06
2.20536e-06
3.20143e-06
5.26588e-06
5.6039e-06
4.66797e-06
3.87214e-06
4.22464e-06
5.6841e-06
6.33405e-06
6.30645e-06
4.79581e-06
3.11132e-06
2.46876e-06
2.44653e-06
2.89081e-06
3.52578e-06
3.65138e-06
3.30625e-06
2.73345e-06
2.19266e-06
1.8895e-06
1.82511e-06
1.86493e-06
1.8365e-06
1.68647e-06
1.49169e-06
1.31362e-06
1.18004e-06
1.08841e-06
1.01553e-06
9.36703e-07
8.46467e-07
7.5546e-07
6.73657e-07
6.04148e-07
5.45768e-07
4.96543e-07
4.55207e-07
4.21284e-07
3.94551e-07
3.74682e-07
3.6115e-07
3.53328e-07
3.5052e-07
3.5205e-07
3.57202e-07
3.65273e-07
3.75491e-07
3.87116e-07
3.99456e-07
4.12034e-07
4.24331e-07
4.35579e-07
4.45329e-07
4.55121e-07
4.67493e-07
4.8151e-07
4.5907e-07
9.48588e-07
1.65352e-06
2.24913e-06
2.56765e-06
3.4546e-06
4.37159e-06
5.1699e-06
5.30282e-06
5.41723e-06
5.97155e-06
6.37669e-06
6.33101e-06
5.27191e-06
3.9056e-06
3.3129e-06
3.36567e-06
3.74821e-06
3.90681e-06
3.69744e-06
3.31649e-06
2.83304e-06
2.45282e-06
2.27354e-06
2.23019e-06
2.15336e-06
1.96747e-06
1.73727e-06
1.52696e-06
1.36235e-06
1.24258e-06
1.14657e-06
1.05194e-06
9.51693e-07
8.5297e-07
7.64224e-07
6.8878e-07
6.26031e-07
5.74191e-07
5.31774e-07
4.97901e-07
4.71981e-07
4.53446e-07
4.41649e-07
4.35846e-07
4.35285e-07
4.39143e-07
4.46639e-07
4.56917e-07
4.69185e-07
4.82602e-07
4.96454e-07
5.10199e-07
5.2362e-07
5.36193e-07
5.46763e-07
5.55859e-07
5.68577e-07
5.80926e-07
5.64043e-07
5.88575e-07
1.0118e-06
1.84302e-06
2.52328e-06
2.68359e-06
3.12824e-06
3.67619e-06
4.5644e-06
5.06246e-06
5.0794e-06
5.09361e-06
5.39977e-06
5.08411e-06
4.39843e-06
3.88231e-06
3.66256e-06
3.68408e-06
3.66762e-06
3.41952e-06
3.0494e-06
2.69006e-06
2.42187e-06
2.28451e-06
2.2305e-06
2.16393e-06
2.01336e-06
1.80944e-06
1.61145e-06
1.44841e-06
1.32198e-06
1.2184e-06
1.12092e-06
1.02272e-06
9.27597e-07
8.41809e-07
7.68506e-07
7.07641e-07
6.57843e-07
6.1774e-07
5.86397e-07
5.63111e-07
5.47323e-07
5.38332e-07
5.35452e-07
5.37814e-07
5.44616e-07
5.54902e-07
5.67822e-07
5.82454e-07
5.98016e-07
6.13714e-07
6.28954e-07
6.43431e-07
6.5723e-07
6.69746e-07
6.79231e-07
6.87421e-07
7.03963e-07
7.16529e-07
6.62756e-07
7.43742e-07
1.08445e-06
1.96155e-06
2.77309e-06
3.11106e-06
3.60499e-06
4.03721e-06
4.74707e-06
5.07237e-06
4.91549e-06
4.63661e-06
4.58715e-06
4.40532e-06
4.28121e-06
4.29829e-06
4.33776e-06
4.25555e-06
3.93823e-06
3.47159e-06
3.02242e-06
2.69527e-06
2.50882e-06
2.42151e-06
2.34086e-06
2.1985e-06
2.00161e-06
1.79995e-06
1.62557e-06
1.48325e-06
1.36287e-06
1.25217e-06
1.14534e-06
1.04458e-06
9.54648e-07
8.78283e-07
8.15567e-07
7.65218e-07
7.25713e-07
6.95815e-07
6.74562e-07
6.61178e-07
6.54874e-07
6.54865e-07
6.60232e-07
6.70092e-07
6.83407e-07
6.99263e-07
7.1665e-07
7.3479e-07
7.52843e-07
7.70199e-07
7.86317e-07
8.01199e-07
8.15194e-07
8.27612e-07
8.35844e-07
8.43106e-07
8.64643e-07
8.77898e-07
7.80584e-07
9.2857e-07
1.19146e-06
2.06636e-06
2.85496e-06
3.40321e-06
4.07811e-06
4.52494e-06
5.02541e-06
5.07767e-06
4.74435e-06
4.33433e-06
4.1364e-06
4.00687e-06
4.0544e-06
4.19681e-06
4.23989e-06
4.06989e-06
3.70986e-06
3.28974e-06
2.93689e-06
2.6969e-06
2.54829e-06
2.43371e-06
2.29297e-06
2.11472e-06
1.92652e-06
1.75582e-06
1.61091e-06
1.48599e-06
1.37222e-06
1.26501e-06
1.16528e-06
1.07645e-06
1.0009e-06
9.39097e-07
8.90146e-07
8.52689e-07
8.2541e-07
8.07199e-07
7.97084e-07
7.94211e-07
7.97663e-07
8.06577e-07
8.19919e-07
8.36744e-07
8.55969e-07
8.76675e-07
8.9789e-07
9.18885e-07
9.38932e-07
9.5747e-07
9.74099e-07
9.89079e-07
1.00313e-06
1.01533e-06
1.02205e-06
1.02834e-06
1.05634e-06
1.07078e-06
9.21992e-07
1.14899e-06
1.34853e-06
2.24376e-06
2.94506e-06
3.58725e-06
4.33328e-06
4.81484e-06
5.21467e-06
5.19492e-06
4.88935e-06
4.54674e-06
4.36904e-06
4.27906e-06
4.32335e-06
4.36434e-06
4.26e-06
3.99442e-06
3.64069e-06
3.30231e-06
3.03809e-06
2.84331e-06
2.68059e-06
2.51124e-06
2.3208e-06
2.12478e-06
1.94358e-06
1.78595e-06
1.64917e-06
1.52677e-06
1.41485e-06
1.31325e-06
1.22393e-06
1.14851e-06
1.0874e-06
1.03985e-06
1.0046e-06
9.80256e-07
9.65502e-07
9.59179e-07
9.60192e-07
9.67605e-07
9.80412e-07
9.97715e-07
1.01843e-06
1.04162e-06
1.0662e-06
1.09129e-06
1.11595e-06
1.13952e-06
1.16133e-06
1.18088e-06
1.19786e-06
1.21285e-06
1.22697e-06
1.239e-06
1.24409e-06
1.2495e-06
1.28568e-06
1.30194e-06
1.09215e-06
1.41202e-06
1.55391e-06
2.50384e-06
3.12638e-06
3.7823e-06
4.4469e-06
4.83363e-06
5.09239e-06
5.04234e-06
4.82952e-06
4.6251e-06
4.5253e-06
4.46487e-06
4.43973e-06
4.34283e-06
4.12876e-06
3.83106e-06
3.52462e-06
3.26259e-06
3.05502e-06
2.87643e-06
2.69849e-06
2.50922e-06
2.31547e-06
2.13314e-06
1.97061e-06
1.82787e-06
1.70113e-06
1.5873e-06
1.48577e-06
1.39746e-06
1.32343e-06
1.26399e-06
1.21861e-06
1.18623e-06
1.16545e-06
1.15492e-06
1.15316e-06
1.15896e-06
1.17106e-06
1.18855e-06
1.21034e-06
1.2356e-06
1.26327e-06
1.29247e-06
1.3221e-06
1.35131e-06
1.3792e-06
1.40515e-06
1.42857e-06
1.44898e-06
1.4662e-06
1.48114e-06
1.49542e-06
1.50742e-06
1.5107e-06
1.51529e-06
1.56171e-06
1.58048e-06
1.29795e-06
1.72698e-06
1.81661e-06
2.82961e-06
3.40624e-06
4.08244e-06
4.66779e-06
4.97653e-06
5.12933e-06
5.06272e-06
4.92082e-06
4.80904e-06
4.74949e-06
4.67921e-06
4.57667e-06
4.39173e-06
4.12493e-06
3.83368e-06
3.56204e-06
3.32973e-06
3.12712e-06
2.93336e-06
2.73652e-06
2.54043e-06
2.35508e-06
2.18765e-06
2.03921e-06
1.90869e-06
1.79325e-06
1.69216e-06
1.60529e-06
1.53319e-06
1.47591e-06
1.43304e-06
1.4037e-06
1.38667e-06
1.38059e-06
1.3839e-06
1.39507e-06
1.4127e-06
1.43564e-06
1.4628e-06
1.49342e-06
1.52644e-06
1.56115e-06
1.59639e-06
1.63135e-06
1.66489e-06
1.69628e-06
1.72481e-06
1.75003e-06
1.7715e-06
1.78907e-06
1.80411e-06
1.81887e-06
1.83108e-06
1.83261e-06
1.83668e-06
1.89592e-06
1.91801e-06
1.5483e-06
2.10634e-06
2.15745e-06
3.20151e-06
3.73516e-06
4.422e-06
4.9388e-06
5.19596e-06
5.28912e-06
5.22442e-06
5.12291e-06
5.0416e-06
4.965e-06
4.84615e-06
4.67529e-06
4.43175e-06
4.15807e-06
3.88782e-06
3.63979e-06
3.41587e-06
3.20563e-06
2.99717e-06
2.79564e-06
2.60706e-06
2.43631e-06
2.28329e-06
2.151e-06
2.03524e-06
1.9364e-06
1.85246e-06
1.78389e-06
1.73032e-06
1.69122e-06
1.66585e-06
1.65284e-06
1.65165e-06
1.6606e-06
1.67794e-06
1.70202e-06
1.73146e-06
1.76516e-06
1.8021e-06
1.8417e-06
1.88297e-06
1.92521e-06
1.9673e-06
2.00833e-06
2.04712e-06
2.08284e-06
2.11477e-06
2.14245e-06
2.16549e-06
2.1839e-06
2.19954e-06
2.21544e-06
2.22868e-06
2.22922e-06
2.23327e-06
2.3085e-06
2.33482e-06
1.85832e-06
2.56802e-06
2.6237e-06
3.66016e-06
4.15687e-06
4.84654e-06
5.32382e-06
5.57278e-06
5.65581e-06
5.61199e-06
5.53337e-06
5.44619e-06
5.32733e-06
5.15308e-06
4.91318e-06
4.63453e-06
4.35517e-06
4.08776e-06
3.83775e-06
3.60266e-06
3.36989e-06
3.15119e-06
2.94986e-06
2.76541e-06
2.60449e-06
2.46651e-06
2.34608e-06
2.24561e-06
2.1643e-06
2.09824e-06
2.04807e-06
2.0128e-06
1.98999e-06
1.98081e-06
1.98452e-06
1.99937e-06
2.02311e-06
2.05484e-06
2.09259e-06
2.13531e-06
2.18119e-06
2.22892e-06
2.2795e-06
2.33139e-06
2.38388e-06
2.4357e-06
2.48575e-06
2.53272e-06
2.57562e-06
2.61364e-06
2.64619e-06
2.6729e-06
2.69392e-06
2.71173e-06
2.7303e-06
2.74592e-06
2.74507e-06
2.74963e-06
2.84525e-06
2.87856e-06
2.26439e-06
3.15453e-06
3.2716e-06
4.25209e-06
4.71549e-06
5.38747e-06
5.83018e-06
6.07893e-06
6.1637e-06
6.13558e-06
6.05855e-06
5.94485e-06
5.78064e-06
5.56307e-06
5.261e-06
4.96713e-06
4.68126e-06
4.40817e-06
4.14906e-06
3.88744e-06
3.64649e-06
3.4272e-06
3.22327e-06
3.04886e-06
2.90168e-06
2.77117e-06
2.66525e-06
2.58451e-06
2.51867e-06
2.47068e-06
2.43883e-06
2.4137e-06
2.4079e-06
2.41696e-06
2.43643e-06
2.4688e-06
2.51072e-06
2.56018e-06
2.61559e-06
2.67535e-06
2.74133e-06
2.80779e-06
2.87665e-06
2.94698e-06
3.01328e-06
3.08263e-06
3.14952e-06
3.21226e-06
3.26945e-06
3.32004e-06
3.3633e-06
3.39879e-06
3.42675e-06
3.45051e-06
3.47517e-06
3.4957e-06
3.49434e-06
3.49941e-06
3.62266e-06
3.66489e-06
2.85439e-06
3.97864e-06
4.19685e-06
5.06821e-06
5.50639e-06
6.15033e-06
6.56849e-06
6.82067e-06
6.91062e-06
6.88883e-06
6.79809e-06
6.64901e-06
6.44253e-06
6.14217e-06
5.82658e-06
5.51539e-06
5.21559e-06
4.9295e-06
4.63378e-06
4.36513e-06
4.12282e-06
3.89203e-06
3.69945e-06
3.53959e-06
3.39302e-06
3.27691e-06
3.19585e-06
3.12803e-06
3.08153e-06
3.0394e-06
3.01725e-06
3.01696e-06
3.02815e-06
3.05871e-06
3.10393e-06
3.16199e-06
3.23111e-06
3.30911e-06
3.39427e-06
3.4848e-06
3.57988e-06
3.6785e-06
3.78025e-06
3.88394e-06
3.99952e-06
4.10354e-06
4.2039e-06
4.29821e-06
4.36883e-06
4.4441e-06
4.50844e-06
4.56125e-06
4.603e-06
4.63831e-06
4.67444e-06
4.70423e-06
4.70279e-06
4.70847e-06
4.87296e-06
4.92605e-06
3.8037e-06
5.28206e-06
5.55644e-06
6.24926e-06
6.65487e-06
7.25513e-06
7.65033e-06
7.90147e-06
7.99284e-06
7.96821e-06
7.85687e-06
7.674e-06
7.43209e-06
7.06292e-06
6.72332e-06
6.3919e-06
6.0741e-06
5.73917e-06
5.43652e-06
5.16596e-06
4.90144e-06
4.68672e-06
4.5118e-06
4.34409e-06
4.21439e-06
4.13461e-06
4.06501e-06
4.02238e-06
3.96335e-06
3.94489e-06
3.95622e-06
3.99215e-06
4.02795e-06
4.1056e-06
4.19549e-06
4.30168e-06
4.4225e-06
4.55524e-06
4.69793e-06
4.84827e-06
5.00519e-06
5.14122e-06
5.30507e-06
5.47163e-06
5.63877e-06
5.80336e-06
5.96196e-06
6.1109e-06
6.24671e-06
6.36689e-06
6.46971e-06
6.55425e-06
6.65583e-06
6.71402e-06
6.77195e-06
6.81922e-06
6.81848e-06
6.78504e-06
7.05743e-06
7.08028e-06
5.42467e-06
7.50058e-06
7.63837e-06
8.06155e-06
8.40087e-06
8.92911e-06
9.28788e-06
9.5209e-06
9.5995e-06
9.55809e-06
9.41925e-06
9.20302e-06
8.85266e-06
8.48851e-06
8.12565e-06
7.77465e-06
7.44242e-06
7.05944e-06
6.75758e-06
6.49687e-06
6.21828e-06
6.02981e-06
5.83966e-06
5.73331e-06
5.62646e-06
5.56075e-06
5.49958e-06
5.44442e-06
5.44185e-06
5.48149e-06
5.55579e-06
5.65973e-06
5.75547e-06
5.90312e-06
6.07471e-06
6.26889e-06
6.4833e-06
6.71524e-06
6.96105e-06
7.21839e-06
7.48473e-06
7.75915e-06
8.03932e-06
8.32339e-06
8.60718e-06
8.8864e-06
9.155e-06
9.33666e-06
9.56227e-06
9.76159e-06
9.93193e-06
1.00715e-05
1.02384e-05
1.03345e-05
1.04289e-05
1.05073e-05
1.04467e-05
1.04521e-05
1.08642e-05
1.08682e-05
8.2715e-06
1.13998e-05
1.09635e-05
1.09749e-05
1.11708e-05
1.15792e-05
1.1871e-05
1.20597e-05
1.21041e-05
1.20291e-05
1.18532e-05
1.16008e-05
1.11684e-05
1.07746e-05
1.03893e-05
1.00245e-05
9.59347e-06
9.25871e-06
8.97575e-06
8.65983e-06
8.46463e-06
8.25607e-06
8.16505e-06
8.06315e-06
8.07676e-06
7.93388e-06
7.89696e-06
7.93641e-06
8.0379e-06
8.19019e-06
8.38508e-06
8.61743e-06
8.88472e-06
9.10838e-06
9.43125e-06
9.78683e-06
1.01721e-05
1.05836e-05
1.10159e-05
1.14654e-05
1.19284e-05
1.24032e-05
1.28863e-05
1.33742e-05
1.38603e-05
1.43366e-05
1.47934e-05
1.52206e-05
1.56091e-05
1.59517e-05
1.62446e-05
1.64864e-05
1.66316e-05
1.67961e-05
1.69573e-05
1.70903e-05
1.69989e-05
1.70059e-05
1.76577e-05
1.76196e-05
1.33362e-05
1.83244e-05
1.65055e-05
1.58475e-05
1.57374e-05
1.59282e-05
1.60857e-05
1.61807e-05
1.61551e-05
1.60218e-05
1.57953e-05
1.55003e-05
1.49718e-05
1.45502e-05
1.41518e-05
1.37897e-05
1.33088e-05
1.30098e-05
1.26613e-05
1.2475e-05
1.2261e-05
1.2213e-05
1.214e-05
1.22369e-05
1.20366e-05
1.20536e-05
1.21839e-05
1.24085e-05
1.27107e-05
1.30771e-05
1.3498e-05
1.39682e-05
1.44861e-05
1.49211e-05
1.55196e-05
1.61678e-05
1.68617e-05
1.75965e-05
1.83637e-05
1.91579e-05
1.99732e-05
2.08067e-05
2.16529e-05
2.2505e-05
2.33516e-05
2.41787e-05
2.49694e-05
2.57055e-05
2.63719e-05
2.69576e-05
2.74576e-05
2.78703e-05
2.81287e-05
2.84151e-05
2.86976e-05
2.89357e-05
2.88105e-05
2.90629e-05
2.98928e-05
2.97657e-05
2.24402e-05
3.07188e-05
2.61087e-05
2.3913e-05
2.35367e-05
2.33029e-05
2.31803e-05
2.30817e-05
2.29158e-05
2.2679e-05
2.23758e-05
2.20303e-05
2.13869e-05
2.09513e-05
2.05677e-05
2.00411e-05
1.97408e-05
1.95409e-05
1.92315e-05
1.92017e-05
1.90913e-05
1.92579e-05
1.91467e-05
1.90837e-05
1.92203e-05
1.95291e-05
1.99845e-05
2.05631e-05
2.12436e-05
2.20085e-05
2.28462e-05
2.37514e-05
2.47253e-05
2.57731e-05
2.68989e-05
2.784e-05
2.90944e-05
3.04154e-05
3.17893e-05
3.32065e-05
3.46572e-05
3.61363e-05
3.76344e-05
3.91391e-05
4.063e-05
4.20812e-05
4.34636e-05
4.47469e-05
4.59049e-05
4.69196e-05
4.77851e-05
4.85053e-05
4.89823e-05
4.94976e-05
5.00134e-05
5.02342e-05
5.02872e-05
5.06869e-05
5.21217e-05
5.18063e-05
3.89445e-05
5.30291e-05
4.32824e-05
3.85618e-05
3.72967e-05
3.62067e-05
3.55019e-05
3.50009e-05
3.45538e-05
3.41238e-05
3.36977e-05
3.32882e-05
3.25053e-05
3.20923e-05
3.17868e-05
3.12531e-05
3.1126e-05
3.11535e-05
3.09834e-05
3.12772e-05
3.14104e-05
3.13111e-05
3.1386e-05
3.17617e-05
3.24031e-05
3.32782e-05
3.43546e-05
3.56004e-05
3.69863e-05
3.84884e-05
4.00923e-05
4.1794e-05
4.3601e-05
4.55266e-05
4.75817e-05
4.97715e-05
5.20885e-05
5.45189e-05
5.70393e-05
5.96321e-05
6.16574e-05
6.43073e-05
6.69865e-05
6.96714e-05
7.23256e-05
7.4902e-05
7.73483e-05
7.96105e-05
8.16454e-05
8.34276e-05
8.49503e-05
8.6219e-05
8.70963e-05
8.76496e-05
8.76326e-05
8.76219e-05
8.76183e-05
8.76237e-05
8.76371e-05
8.76474e-05
6.91582e-05
8.73762e-05
7.48616e-05
6.5492e-05
6.15792e-05
5.94762e-05
5.75562e-05
5.6221e-05
5.5199e-05
5.43922e-05
5.37451e-05
5.32474e-05
5.22907e-05
5.19802e-05
5.18842e-05
5.14412e-05
5.16984e-05
5.22056e-05
5.23824e-05
5.33226e-05
5.28345e-05
5.32013e-05
5.40316e-05
5.5281e-05
5.69078e-05
5.887e-05
6.11234e-05
6.36213e-05
6.63209e-05
6.91872e-05
7.22029e-05
7.53689e-05
7.8706e-05
8.22443e-05
8.60074e-05
8.8085e-05
8.80305e-05
8.79775e-05
8.79256e-05
8.7875e-05
8.78254e-05
8.77771e-05
8.77298e-05
8.76838e-05
8.7639e-05
8.75955e-05
8.75536e-05
8.75133e-05
8.74748e-05
8.74382e-05
8.74037e-05
8.73718e-05
8.73427e-05
8.73176e-05
8.72972e-05
8.72835e-05
8.72782e-05
8.72849e-05
8.73083e-05
8.7352e-05
8.73697e-05
8.70631e-05
9.22484e-05
9.19706e-05
9.17012e-05
9.1442e-05
9.1194e-05
9.0958e-05
9.07341e-05
9.05226e-05
9.03231e-05
8.96836e-05
8.84929e-05
8.84345e-05
8.87974e-05
8.86509e-05
8.93633e-05
8.92346e-05
8.91134e-05
8.89992e-05
8.88912e-05
8.87891e-05
8.86922e-05
8.86002e-05
8.85125e-05
8.84288e-05
8.83486e-05
8.82717e-05
8.81977e-05
8.81265e-05
8.80576e-05
8.7991e-05
8.79265e-05
8.78638e-05
8.78029e-05
8.77437e-05
8.76859e-05
8.76297e-05
8.75748e-05
8.75212e-05
8.74688e-05
8.74177e-05
8.73677e-05
8.73189e-05
8.72713e-05
8.7225e-05
8.71803e-05
8.71376e-05
8.70972e-05
8.70589e-05
8.70227e-05
8.69888e-05
8.69574e-05
8.69293e-05
8.69053e-05
8.68878e-05
8.68786e-05
8.68812e-05
8.69042e-05
8.69705e-05
8.70518e-05
8.66946e-05
9.16939e-05
9.14487e-05
9.12054e-05
9.09675e-05
9.07372e-05
9.05159e-05
9.03047e-05
9.01037e-05
8.99131e-05
8.97327e-05
8.95622e-05
8.94011e-05
8.92491e-05
8.91056e-05
8.89701e-05
8.8842e-05
8.87208e-05
8.86059e-05
8.84968e-05
8.83931e-05
8.82942e-05
8.81998e-05
8.81093e-05
8.80224e-05
8.79389e-05
8.78583e-05
8.77804e-05
8.7705e-05
8.7632e-05
8.75612e-05
8.74924e-05
8.74257e-05
8.7361e-05
8.72986e-05
8.72382e-05
8.71799e-05
8.71236e-05
8.70691e-05
8.70164e-05
8.69652e-05
8.69156e-05
8.68671e-05
8.68195e-05
8.67724e-05
8.6725e-05
8.66808e-05
8.66401e-05
8.66024e-05
8.65672e-05
8.65343e-05
8.65032e-05
8.64743e-05
8.64481e-05
8.64274e-05
8.64147e-05
8.64107e-05
8.64214e-05
8.65002e-05
8.66767e-05
8.62615e-05
9.09254e-05
9.07314e-05
9.05281e-05
9.03215e-05
9.01162e-05
8.99152e-05
8.97207e-05
8.95338e-05
8.9355e-05
8.91845e-05
8.90221e-05
8.88676e-05
8.87206e-05
8.85808e-05
8.84477e-05
8.8321e-05
8.82003e-05
8.80852e-05
8.79754e-05
8.78704e-05
8.777e-05
8.76739e-05
8.75818e-05
8.74931e-05
8.74075e-05
8.73243e-05
8.72434e-05
8.71643e-05
8.70866e-05
8.70102e-05
8.69347e-05
8.68597e-05
8.67848e-05
8.6713e-05
8.66459e-05
8.65833e-05
8.65251e-05
8.6471e-05
8.64207e-05
8.63741e-05
8.6331e-05
8.62912e-05
8.62545e-05
8.62209e-05
8.619e-05
8.61616e-05
8.61354e-05
8.61111e-05
8.60884e-05
8.6067e-05
8.60468e-05
8.60281e-05
8.60111e-05
8.5998e-05
8.59907e-05
8.59903e-05
8.60023e-05
8.60672e-05
8.62343e-05
8.59189e-05
8.98482e-05
8.97387e-05
8.9602e-05
8.94473e-05
8.92818e-05
8.91115e-05
8.8941e-05
8.87732e-05
8.86104e-05
8.84536e-05
8.83032e-05
8.81592e-05
8.80212e-05
8.78888e-05
8.77614e-05
8.76385e-05
8.75194e-05
8.74037e-05
8.72909e-05
8.71806e-05
8.70724e-05
8.6966e-05
8.68664e-05
8.67751e-05
8.66913e-05
8.66141e-05
8.65428e-05
8.64765e-05
8.64149e-05
8.63571e-05
8.63029e-05
8.6252e-05
8.62042e-05
8.61594e-05
8.61175e-05
8.60785e-05
8.60422e-05
8.60085e-05
8.59772e-05
8.59482e-05
8.59215e-05
8.58968e-05
8.58742e-05
8.58534e-05
8.58344e-05
8.58169e-05
8.58008e-05
8.57859e-05
8.57718e-05
8.57586e-05
8.57461e-05
8.57345e-05
8.57241e-05
8.57163e-05
8.57124e-05
8.57131e-05
8.57222e-05
8.57656e-05
8.58763e-05
8.56875e-05
8.82973e-05
8.83264e-05
8.83047e-05
8.82443e-05
8.81531e-05
8.80383e-05
8.79082e-05
8.77689e-05
8.76259e-05
8.74831e-05
8.73438e-05
8.721e-05
8.7083e-05
8.69636e-05
8.68521e-05
8.67487e-05
8.66529e-05
8.65646e-05
8.64832e-05
8.64083e-05
8.63395e-05
8.62761e-05
8.62179e-05
8.61644e-05
8.6115e-05
8.60694e-05
8.60271e-05
8.59877e-05
8.59509e-05
8.59164e-05
8.58839e-05
8.58534e-05
8.58247e-05
8.57978e-05
8.57727e-05
8.57493e-05
8.57276e-05
8.57074e-05
8.56888e-05
8.56717e-05
8.56559e-05
8.56414e-05
8.56282e-05
8.56162e-05
8.56052e-05
8.55952e-05
8.5586e-05
8.55775e-05
8.55696e-05
8.55621e-05
8.5555e-05
8.55486e-05
8.55428e-05
8.55387e-05
8.55371e-05
8.55386e-05
8.55455e-05
8.5574e-05
8.56455e-05
8.55364e-05
8.68753e-05
8.68988e-05
8.6895e-05
8.68704e-05
8.68289e-05
8.67738e-05
8.67095e-05
8.66391e-05
8.65658e-05
8.64917e-05
8.64187e-05
8.63478e-05
8.62801e-05
8.62161e-05
8.61559e-05
8.60997e-05
8.60474e-05
8.5999e-05
8.59541e-05
8.59127e-05
8.58744e-05
8.58391e-05
8.58065e-05
8.57764e-05
8.57486e-05
8.57228e-05
8.56988e-05
8.56765e-05
8.56556e-05
8.56359e-05
8.56174e-05
8.56e-05
8.55837e-05
8.55684e-05
8.55542e-05
8.55411e-05
8.5529e-05
8.55178e-05
8.55077e-05
8.54983e-05
8.54899e-05
8.54822e-05
8.54753e-05
8.54691e-05
8.54636e-05
8.54586e-05
8.54541e-05
8.545e-05
8.54462e-05
8.54428e-05
8.54394e-05
8.54365e-05
8.5434e-05
8.54325e-05
8.54326e-05
8.54345e-05
8.544e-05
8.54584e-05
8.55036e-05
8.54428e-05
8.60533e-05
8.60728e-05
8.60777e-05
8.60714e-05
8.60559e-05
8.60327e-05
8.60042e-05
8.59717e-05
8.59371e-05
8.59015e-05
8.58658e-05
8.58309e-05
8.57971e-05
8.57649e-05
8.57344e-05
8.57057e-05
8.56789e-05
8.56538e-05
8.56306e-05
8.56089e-05
8.55889e-05
8.55704e-05
8.55532e-05
8.55373e-05
8.55227e-05
8.55091e-05
8.54965e-05
8.54846e-05
8.54737e-05
8.54633e-05
8.54537e-05
8.54446e-05
8.54362e-05
8.54284e-05
8.54213e-05
8.54148e-05
8.54089e-05
8.54036e-05
8.53989e-05
8.53947e-05
8.53911e-05
8.53879e-05
8.53852e-05
8.53829e-05
8.5381e-05
8.53794e-05
8.53781e-05
8.53771e-05
8.53761e-05
8.53754e-05
8.53747e-05
8.53742e-05
8.53739e-05
8.53742e-05
8.53755e-05
8.53778e-05
8.53821e-05
8.53941e-05
8.5422e-05
8.53897e-05
8.55906e-05
8.56074e-05
8.56164e-05
8.56193e-05
8.56171e-05
8.56106e-05
8.56008e-05
8.55886e-05
8.55748e-05
8.556e-05
8.55448e-05
8.55295e-05
8.55146e-05
8.55001e-05
8.54863e-05
8.54732e-05
8.54609e-05
8.54493e-05
8.54385e-05
8.54284e-05
8.54191e-05
8.54104e-05
8.54025e-05
8.53951e-05
8.53884e-05
8.53822e-05
8.53765e-05
8.53712e-05
8.53664e-05
8.53619e-05
8.53578e-05
8.5354e-05
8.53506e-05
8.53476e-05
8.53449e-05
8.53427e-05
8.53408e-05
8.53393e-05
8.53381e-05
8.53373e-05
8.53368e-05
8.53365e-05
8.53366e-05
8.53369e-05
8.53375e-05
8.53382e-05
8.53391e-05
8.53402e-05
8.53413e-05
8.53424e-05
8.53436e-05
8.53449e-05
8.53462e-05
8.53478e-05
8.53499e-05
8.53524e-05
8.53561e-05
8.53639e-05
8.53811e-05
8.53647e-05
8.53346e-05
8.53501e-05
8.53613e-05
8.53688e-05
8.53735e-05
8.53754e-05
8.53754e-05
8.53737e-05
8.53709e-05
8.53671e-05
8.53629e-05
8.53583e-05
8.53536e-05
8.53489e-05
8.53443e-05
8.53398e-05
8.53357e-05
8.53317e-05
8.5328e-05
8.53246e-05
8.53215e-05
8.53186e-05
8.53161e-05
8.53138e-05
8.53119e-05
8.53101e-05
8.53087e-05
8.53074e-05
8.53064e-05
8.53055e-05
8.53049e-05
8.53045e-05
8.53043e-05
8.53043e-05
8.53046e-05
8.53051e-05
8.53058e-05
8.53068e-05
8.5308e-05
8.53094e-05
8.5311e-05
8.53128e-05
8.53148e-05
8.5317e-05
8.53193e-05
8.53217e-05
8.53242e-05
8.53268e-05
8.53294e-05
8.5332e-05
8.53345e-05
8.53371e-05
8.53395e-05
8.53421e-05
8.53449e-05
8.53477e-05
8.53511e-05
8.53565e-05
8.5367e-05
8.53593e-05
8.51942e-05
8.52093e-05
8.52217e-05
8.52317e-05
8.524e-05
8.52464e-05
8.52515e-05
8.52553e-05
8.52583e-05
8.52605e-05
8.52621e-05
8.52633e-05
8.52642e-05
8.52648e-05
8.52654e-05
8.52658e-05
8.52662e-05
8.52666e-05
8.5267e-05
8.52675e-05
8.5268e-05
8.52686e-05
8.52694e-05
8.52702e-05
8.52712e-05
8.52722e-05
8.52734e-05
8.52746e-05
8.5276e-05
8.52775e-05
8.52792e-05
8.52809e-05
8.52828e-05
8.52849e-05
8.52871e-05
8.52895e-05
8.52921e-05
8.52948e-05
8.52977e-05
8.53007e-05
8.53039e-05
8.53072e-05
8.53107e-05
8.53142e-05
8.53179e-05
8.53216e-05
8.53254e-05
8.53292e-05
8.5333e-05
8.53368e-05
8.53404e-05
8.53441e-05
8.53476e-05
8.5351e-05
8.53543e-05
8.53575e-05
8.53608e-05
8.53648e-05
8.53714e-05
8.53683e-05
8.51155e-05
8.51309e-05
8.51444e-05
8.51562e-05
8.51666e-05
8.51757e-05
8.51837e-05
8.51907e-05
8.51969e-05
8.52023e-05
8.52073e-05
8.52117e-05
8.52158e-05
8.52195e-05
8.5223e-05
8.52263e-05
8.52294e-05
8.52324e-05
8.52354e-05
8.52382e-05
8.5241e-05
8.52437e-05
8.52466e-05
8.52493e-05
8.52522e-05
8.52551e-05
8.5258e-05
8.5261e-05
8.52641e-05
8.52672e-05
8.52704e-05
8.52738e-05
8.52772e-05
8.52807e-05
8.52844e-05
8.52882e-05
8.52922e-05
8.52963e-05
8.53005e-05
8.53048e-05
8.53093e-05
8.53139e-05
8.53185e-05
8.53233e-05
8.53281e-05
8.5333e-05
8.53379e-05
8.53429e-05
8.53477e-05
8.53525e-05
8.53572e-05
8.53618e-05
8.53661e-05
8.53703e-05
8.53743e-05
8.53779e-05
8.53813e-05
8.53847e-05
8.53891e-05
8.53883e-05
8.50687e-05
8.50849e-05
8.50996e-05
8.51129e-05
8.5125e-05
8.51358e-05
8.51458e-05
8.51548e-05
8.51632e-05
8.51707e-05
8.51778e-05
8.51843e-05
8.51904e-05
8.51961e-05
8.52016e-05
8.52067e-05
8.52117e-05
8.52163e-05
8.5221e-05
8.52254e-05
8.52298e-05
8.5234e-05
8.52383e-05
8.52425e-05
8.52468e-05
8.5251e-05
8.52553e-05
8.52595e-05
8.52639e-05
8.52683e-05
8.52728e-05
8.52774e-05
8.52821e-05
8.52869e-05
8.52918e-05
8.52968e-05
8.5302e-05
8.53073e-05
8.53127e-05
8.53182e-05
8.53239e-05
8.53296e-05
8.53354e-05
8.53414e-05
8.53473e-05
8.53534e-05
8.53594e-05
8.53654e-05
8.53714e-05
8.53772e-05
8.53829e-05
8.53884e-05
8.53937e-05
8.53986e-05
8.54033e-05
8.54073e-05
8.5411e-05
8.54142e-05
8.54175e-05
8.54176e-05
8.50373e-05
8.50549e-05
8.5071e-05
8.50858e-05
8.50994e-05
8.51119e-05
8.51235e-05
8.51341e-05
8.51441e-05
8.51533e-05
8.5162e-05
8.517e-05
8.51777e-05
8.51849e-05
8.51918e-05
8.51983e-05
8.52046e-05
8.52106e-05
8.52166e-05
8.52222e-05
8.52279e-05
8.52334e-05
8.52389e-05
8.52443e-05
8.52497e-05
8.52551e-05
8.52605e-05
8.5266e-05
8.52715e-05
8.52771e-05
8.52827e-05
8.52885e-05
8.52944e-05
8.53003e-05
8.53064e-05
8.53126e-05
8.5319e-05
8.53255e-05
8.53321e-05
8.53388e-05
8.53457e-05
8.53527e-05
8.53597e-05
8.53669e-05
8.53741e-05
8.53813e-05
8.53885e-05
8.53957e-05
8.54028e-05
8.54098e-05
8.54165e-05
8.54231e-05
8.54293e-05
8.54351e-05
8.54404e-05
8.54451e-05
8.54492e-05
8.54525e-05
8.54553e-05
8.54558e-05
8.50129e-05
8.50322e-05
8.50501e-05
8.50665e-05
8.50818e-05
8.5096e-05
8.51091e-05
8.51214e-05
8.51328e-05
8.51435e-05
8.51536e-05
8.51631e-05
8.51722e-05
8.51807e-05
8.51889e-05
8.51967e-05
8.52042e-05
8.52115e-05
8.52186e-05
8.52255e-05
8.52323e-05
8.5239e-05
8.52456e-05
8.52521e-05
8.52587e-05
8.52652e-05
8.52718e-05
8.52784e-05
8.52851e-05
8.52918e-05
8.52987e-05
8.53056e-05
8.53127e-05
8.53199e-05
8.53273e-05
8.53348e-05
8.53424e-05
8.53502e-05
8.53581e-05
8.53662e-05
8.53744e-05
8.53827e-05
8.53911e-05
8.53996e-05
8.54082e-05
8.54168e-05
8.54253e-05
8.54339e-05
8.54423e-05
8.54505e-05
8.54585e-05
8.54662e-05
8.54736e-05
8.54803e-05
8.54865e-05
8.54919e-05
8.54965e-05
8.55001e-05
8.55026e-05
8.55033e-05
8.49912e-05
8.50126e-05
8.50324e-05
8.50508e-05
8.50679e-05
8.50838e-05
8.50987e-05
8.51126e-05
8.51257e-05
8.51379e-05
8.51495e-05
8.51604e-05
8.51708e-05
8.51807e-05
8.51902e-05
8.51993e-05
8.52082e-05
8.52167e-05
8.52251e-05
8.52332e-05
8.52412e-05
8.52491e-05
8.5257e-05
8.52647e-05
8.52725e-05
8.52803e-05
8.52881e-05
8.5296e-05
8.5304e-05
8.5312e-05
8.53202e-05
8.53285e-05
8.53369e-05
8.53455e-05
8.53543e-05
8.53632e-05
8.53723e-05
8.53815e-05
8.5391e-05
8.54005e-05
8.54103e-05
8.54202e-05
8.54301e-05
8.54402e-05
8.54504e-05
8.54605e-05
8.54707e-05
8.54807e-05
8.54906e-05
8.55003e-05
8.55098e-05
8.55188e-05
8.55273e-05
8.55352e-05
8.55424e-05
8.55487e-05
8.55539e-05
8.55578e-05
8.55604e-05
8.55611e-05
8.49701e-05
8.49939e-05
8.5016e-05
8.50366e-05
8.50558e-05
8.50737e-05
8.50905e-05
8.51063e-05
8.51211e-05
8.5135e-05
8.51482e-05
8.51607e-05
8.51727e-05
8.51841e-05
8.51951e-05
8.52057e-05
8.52159e-05
8.52258e-05
8.52356e-05
8.52451e-05
8.52545e-05
8.52637e-05
8.5273e-05
8.52821e-05
8.52913e-05
8.53005e-05
8.53097e-05
8.5319e-05
8.53285e-05
8.5338e-05
8.53477e-05
8.53575e-05
8.53676e-05
8.53778e-05
8.53881e-05
8.53987e-05
8.54095e-05
8.54205e-05
8.54317e-05
8.5443e-05
8.54546e-05
8.54663e-05
8.54781e-05
8.549e-05
8.5502e-05
8.5514e-05
8.5526e-05
8.55379e-05
8.55495e-05
8.5561e-05
8.5572e-05
8.55826e-05
8.55926e-05
8.56018e-05
8.56101e-05
8.56173e-05
8.56233e-05
8.56277e-05
8.56303e-05
8.56308e-05
8.49491e-05
8.49756e-05
8.50003e-05
8.50233e-05
8.50448e-05
8.5065e-05
8.50839e-05
8.51016e-05
8.51184e-05
8.51343e-05
8.51493e-05
8.51636e-05
8.51773e-05
8.51904e-05
8.52031e-05
8.52153e-05
8.52271e-05
8.52387e-05
8.525e-05
8.52611e-05
8.5272e-05
8.52829e-05
8.52937e-05
8.53045e-05
8.53153e-05
8.53261e-05
8.5337e-05
8.5348e-05
8.53592e-05
8.53705e-05
8.5382e-05
8.53936e-05
8.54055e-05
8.54176e-05
8.54299e-05
8.54425e-05
8.54553e-05
8.54683e-05
8.54816e-05
8.5495e-05
8.55087e-05
8.55226e-05
8.55366e-05
8.55507e-05
8.55648e-05
8.5579e-05
8.55931e-05
8.56071e-05
8.56209e-05
8.56343e-05
8.56472e-05
8.56596e-05
8.56713e-05
8.5682e-05
8.56917e-05
8.56999e-05
8.57067e-05
8.57117e-05
8.57145e-05
8.57148e-05
8.49285e-05
8.49579e-05
8.49854e-05
8.50111e-05
8.50352e-05
8.50578e-05
8.50791e-05
8.50991e-05
8.51181e-05
8.51361e-05
8.51533e-05
8.51696e-05
8.51853e-05
8.52003e-05
8.52148e-05
8.52289e-05
8.52426e-05
8.5256e-05
8.52692e-05
8.52821e-05
8.52949e-05
8.53076e-05
8.53203e-05
8.5333e-05
8.53457e-05
8.53584e-05
8.53713e-05
8.53843e-05
8.53975e-05
8.54109e-05
8.54245e-05
8.54383e-05
8.54524e-05
8.54667e-05
8.54814e-05
8.54962e-05
8.55114e-05
8.55269e-05
8.55426e-05
8.55586e-05
8.55748e-05
8.55912e-05
8.56078e-05
8.56245e-05
8.56412e-05
8.56579e-05
8.56746e-05
8.56911e-05
8.57073e-05
8.5723e-05
8.57383e-05
8.57528e-05
8.57664e-05
8.57789e-05
8.57901e-05
8.57996e-05
8.58074e-05
8.58129e-05
8.58159e-05
8.58159e-05
8.49092e-05
8.49417e-05
8.49722e-05
8.50008e-05
8.50278e-05
8.50531e-05
8.5077e-05
8.50996e-05
8.51211e-05
8.51414e-05
8.51609e-05
8.51795e-05
8.51974e-05
8.52147e-05
8.52314e-05
8.52476e-05
8.52635e-05
8.5279e-05
8.52943e-05
8.53094e-05
8.53244e-05
8.53392e-05
8.53541e-05
8.5369e-05
8.5384e-05
8.5399e-05
8.54142e-05
8.54296e-05
8.54452e-05
8.54611e-05
8.54772e-05
8.54936e-05
8.55103e-05
8.55273e-05
8.55447e-05
8.55624e-05
8.55804e-05
8.55988e-05
8.56174e-05
8.56364e-05
8.56556e-05
8.56751e-05
8.56947e-05
8.57144e-05
8.57343e-05
8.5754e-05
8.57737e-05
8.57931e-05
8.58121e-05
8.58307e-05
8.58485e-05
8.58655e-05
8.58814e-05
8.58959e-05
8.59089e-05
8.59199e-05
8.59287e-05
8.59349e-05
8.59381e-05
8.59378e-05
8.48929e-05
8.49287e-05
8.49624e-05
8.49941e-05
8.5024e-05
8.50523e-05
8.50791e-05
8.51045e-05
8.51287e-05
8.51518e-05
8.51739e-05
8.51951e-05
8.52156e-05
8.52353e-05
8.52546e-05
8.52733e-05
8.52916e-05
8.53097e-05
8.53274e-05
8.5345e-05
8.53625e-05
8.538e-05
8.53974e-05
8.5415e-05
8.54326e-05
8.54504e-05
8.54684e-05
8.54866e-05
8.55051e-05
8.55239e-05
8.5543e-05
8.55625e-05
8.55823e-05
8.56025e-05
8.56232e-05
8.56442e-05
8.56656e-05
8.56874e-05
8.57096e-05
8.57321e-05
8.57549e-05
8.57779e-05
8.58012e-05
8.58246e-05
8.5848e-05
8.58713e-05
8.58945e-05
8.59174e-05
8.59398e-05
8.59616e-05
8.59825e-05
8.60024e-05
8.60209e-05
8.60378e-05
8.60528e-05
8.60655e-05
8.60755e-05
8.60825e-05
8.60858e-05
8.6085e-05
8.48821e-05
8.49212e-05
8.49582e-05
8.49932e-05
8.50263e-05
8.50578e-05
8.50876e-05
8.51161e-05
8.51433e-05
8.51693e-05
8.51943e-05
8.52184e-05
8.52417e-05
8.52644e-05
8.52865e-05
8.5308e-05
8.53293e-05
8.53502e-05
8.53709e-05
8.53914e-05
8.54119e-05
8.54323e-05
8.54528e-05
8.54735e-05
8.54943e-05
8.55153e-05
8.55366e-05
8.55582e-05
8.55801e-05
8.56024e-05
8.56252e-05
8.56483e-05
8.56719e-05
8.5696e-05
8.57205e-05
8.57455e-05
8.5771e-05
8.57969e-05
8.58233e-05
8.585e-05
8.58771e-05
8.59044e-05
8.5932e-05
8.59597e-05
8.59874e-05
8.6015e-05
8.60423e-05
8.60693e-05
8.60957e-05
8.61212e-05
8.61457e-05
8.61689e-05
8.61905e-05
8.62102e-05
8.62275e-05
8.62421e-05
8.62535e-05
8.62612e-05
8.62647e-05
8.62633e-05
8.48807e-05
8.49232e-05
8.49635e-05
8.50017e-05
8.50381e-05
8.50728e-05
8.5106e-05
8.51377e-05
8.51681e-05
8.51973e-05
8.52255e-05
8.52528e-05
8.52794e-05
8.53052e-05
8.53306e-05
8.53554e-05
8.53799e-05
8.54042e-05
8.54282e-05
8.54522e-05
8.54762e-05
8.55002e-05
8.55243e-05
8.55486e-05
8.55732e-05
8.55981e-05
8.56233e-05
8.56489e-05
8.5675e-05
8.57015e-05
8.57286e-05
8.57561e-05
8.57842e-05
8.58129e-05
8.58421e-05
8.58719e-05
8.59022e-05
8.59331e-05
8.59644e-05
8.59962e-05
8.60283e-05
8.60608e-05
8.60935e-05
8.61263e-05
8.6159e-05
8.61916e-05
8.62239e-05
8.62556e-05
8.62866e-05
8.63166e-05
8.63453e-05
8.63724e-05
8.63976e-05
8.64203e-05
8.64403e-05
8.64571e-05
8.647e-05
8.64786e-05
8.64822e-05
8.648e-05
8.48951e-05
8.49404e-05
8.49837e-05
8.50252e-05
8.50648e-05
8.51027e-05
8.51391e-05
8.51742e-05
8.5208e-05
8.52406e-05
8.52723e-05
8.53031e-05
8.53332e-05
8.53627e-05
8.53917e-05
8.54203e-05
8.54486e-05
8.54766e-05
8.55046e-05
8.55326e-05
8.55606e-05
8.55888e-05
8.56173e-05
8.5646e-05
8.5675e-05
8.57045e-05
8.57344e-05
8.57649e-05
8.57959e-05
8.58274e-05
8.58597e-05
8.58925e-05
8.5926e-05
8.59602e-05
8.59951e-05
8.60306e-05
8.60667e-05
8.61034e-05
8.61407e-05
8.61785e-05
8.62167e-05
8.62553e-05
8.6294e-05
8.63328e-05
8.63716e-05
8.64101e-05
8.64481e-05
8.64855e-05
8.65219e-05
8.6557e-05
8.65906e-05
8.66221e-05
8.66513e-05
8.66777e-05
8.67007e-05
8.67199e-05
8.67345e-05
8.6744e-05
8.67476e-05
8.67445e-05
8.49338e-05
8.49815e-05
8.50273e-05
8.50715e-05
8.5114e-05
8.5155e-05
8.51947e-05
8.52331e-05
8.52703e-05
8.53066e-05
8.5342e-05
8.53766e-05
8.54106e-05
8.5444e-05
8.54771e-05
8.55099e-05
8.55425e-05
8.5575e-05
8.56075e-05
8.56402e-05
8.5673e-05
8.57061e-05
8.57396e-05
8.57735e-05
8.58079e-05
8.58429e-05
8.58784e-05
8.59147e-05
8.59516e-05
8.59893e-05
8.60277e-05
8.60669e-05
8.61069e-05
8.61477e-05
8.61893e-05
8.62317e-05
8.62748e-05
8.63186e-05
8.6363e-05
8.6408e-05
8.64534e-05
8.64991e-05
8.6545e-05
8.6591e-05
8.66368e-05
8.66822e-05
8.67269e-05
8.67708e-05
8.68134e-05
8.68545e-05
8.68936e-05
8.69303e-05
8.69642e-05
8.69946e-05
8.7021e-05
8.70428e-05
8.70593e-05
8.70698e-05
8.70733e-05
8.7069e-05
8.50104e-05
8.50592e-05
8.51067e-05
8.51529e-05
8.51978e-05
8.52415e-05
8.52841e-05
8.53257e-05
8.53663e-05
8.54062e-05
8.54454e-05
8.5484e-05
8.55222e-05
8.556e-05
8.55977e-05
8.56352e-05
8.56727e-05
8.57103e-05
8.57481e-05
8.57862e-05
8.58247e-05
8.58636e-05
8.59031e-05
8.59432e-05
8.5984e-05
8.60255e-05
8.60678e-05
8.6111e-05
8.61551e-05
8.62001e-05
8.6246e-05
8.62929e-05
8.63407e-05
8.63895e-05
8.64392e-05
8.64897e-05
8.65412e-05
8.65934e-05
8.66463e-05
8.66997e-05
8.67536e-05
8.68079e-05
8.68622e-05
8.69165e-05
8.69705e-05
8.70239e-05
8.70765e-05
8.71278e-05
8.71776e-05
8.72255e-05
8.72709e-05
8.73134e-05
8.73524e-05
8.73873e-05
8.74175e-05
8.74422e-05
8.74607e-05
8.74721e-05
8.74754e-05
8.74698e-05
8.51449e-05
8.51933e-05
8.52411e-05
8.52882e-05
8.53346e-05
8.53802e-05
8.54252e-05
8.54695e-05
8.55134e-05
8.55567e-05
8.55998e-05
8.56426e-05
8.56852e-05
8.57278e-05
8.57705e-05
8.58133e-05
8.58564e-05
8.58999e-05
8.59438e-05
8.59883e-05
8.60334e-05
8.60792e-05
8.61259e-05
8.61734e-05
8.62218e-05
8.62712e-05
8.63217e-05
8.63732e-05
8.64259e-05
8.64797e-05
8.65346e-05
8.65907e-05
8.66479e-05
8.67062e-05
8.67656e-05
8.6826e-05
8.68874e-05
8.69495e-05
8.70124e-05
8.70759e-05
8.71398e-05
8.7204e-05
8.72681e-05
8.7332e-05
8.73954e-05
8.7458e-05
8.75194e-05
8.75792e-05
8.76371e-05
8.76925e-05
8.77448e-05
8.77937e-05
8.78383e-05
8.78781e-05
8.79123e-05
8.794e-05
8.79606e-05
8.79729e-05
8.7976e-05
8.79687e-05
8.53697e-05
8.54154e-05
8.54615e-05
8.55077e-05
8.5554e-05
8.56004e-05
8.56468e-05
8.56933e-05
8.57397e-05
8.57863e-05
8.58331e-05
8.58801e-05
8.59274e-05
8.59752e-05
8.60234e-05
8.60722e-05
8.61217e-05
8.61719e-05
8.6223e-05
8.6275e-05
8.63279e-05
8.6382e-05
8.64372e-05
8.64936e-05
8.65512e-05
8.66102e-05
8.66704e-05
8.67321e-05
8.67951e-05
8.68595e-05
8.69252e-05
8.69923e-05
8.70608e-05
8.71305e-05
8.72013e-05
8.72733e-05
8.73463e-05
8.74201e-05
8.74947e-05
8.75697e-05
8.76451e-05
8.77205e-05
8.77958e-05
8.78705e-05
8.79444e-05
8.80172e-05
8.80883e-05
8.81573e-05
8.82239e-05
8.82873e-05
8.83471e-05
8.84026e-05
8.84531e-05
8.84979e-05
8.85361e-05
8.8567e-05
8.85894e-05
8.86026e-05
8.86052e-05
8.85962e-05
8.57364e-05
8.57764e-05
8.58181e-05
8.58612e-05
8.59056e-05
8.59511e-05
8.59976e-05
8.6045e-05
8.60935e-05
8.61428e-05
8.61931e-05
8.62443e-05
8.62965e-05
8.63499e-05
8.64043e-05
8.64599e-05
8.65167e-05
8.65748e-05
8.66343e-05
8.66952e-05
8.67576e-05
8.68215e-05
8.6887e-05
8.69541e-05
8.70228e-05
8.70932e-05
8.71652e-05
8.7239e-05
8.73144e-05
8.73914e-05
8.747e-05
8.75501e-05
8.76317e-05
8.77147e-05
8.77989e-05
8.78841e-05
8.79704e-05
8.80574e-05
8.8145e-05
8.82328e-05
8.83208e-05
8.84085e-05
8.84957e-05
8.8582e-05
8.8667e-05
8.87503e-05
8.88314e-05
8.89098e-05
8.89851e-05
8.90565e-05
8.91235e-05
8.91855e-05
8.92415e-05
8.9291e-05
8.93329e-05
8.93665e-05
8.93906e-05
8.94043e-05
8.94063e-05
8.93954e-05
8.63311e-05
8.63629e-05
8.63978e-05
8.64356e-05
8.6476e-05
8.65189e-05
8.65642e-05
8.66117e-05
8.66613e-05
8.67129e-05
8.67666e-05
8.68222e-05
8.68798e-05
8.69393e-05
8.70009e-05
8.70644e-05
8.71299e-05
8.71975e-05
8.72671e-05
8.73387e-05
8.74124e-05
8.74882e-05
8.75661e-05
8.7646e-05
8.7728e-05
8.7812e-05
8.7898e-05
8.79859e-05
8.80757e-05
8.81672e-05
8.82605e-05
8.83553e-05
8.84515e-05
8.8549e-05
8.86476e-05
8.87471e-05
8.88473e-05
8.89479e-05
8.90488e-05
8.91495e-05
8.92499e-05
8.93495e-05
8.9448e-05
8.9545e-05
8.96402e-05
8.97329e-05
8.98228e-05
8.99093e-05
8.99919e-05
9.00699e-05
9.01428e-05
9.02097e-05
9.027e-05
9.03228e-05
9.03674e-05
9.04026e-05
9.04277e-05
9.04414e-05
9.04426e-05
9.043e-05
8.72981e-05
8.73242e-05
8.7354e-05
8.73876e-05
8.74249e-05
8.74659e-05
8.75106e-05
8.75587e-05
8.76103e-05
8.76652e-05
8.77234e-05
8.77848e-05
8.78493e-05
8.79168e-05
8.79874e-05
8.80609e-05
8.81373e-05
8.82165e-05
8.82985e-05
8.83832e-05
8.84705e-05
8.85604e-05
8.86527e-05
8.87474e-05
8.88443e-05
8.89434e-05
8.90445e-05
8.91475e-05
8.92522e-05
8.93585e-05
8.94661e-05
8.9575e-05
8.96848e-05
8.97955e-05
8.99067e-05
9.00182e-05
9.01298e-05
9.02411e-05
9.0352e-05
9.0462e-05
9.0571e-05
9.06785e-05
9.07841e-05
9.08875e-05
9.09884e-05
9.10861e-05
9.11803e-05
9.12705e-05
9.13561e-05
9.14365e-05
9.15112e-05
9.15795e-05
9.16406e-05
9.16939e-05
9.17384e-05
9.17734e-05
9.17979e-05
9.18108e-05
9.1811e-05
9.17974e-05
8.88725e-05
8.89154e-05
8.89599e-05
8.90067e-05
8.90561e-05
8.91086e-05
8.91645e-05
8.92239e-05
8.92869e-05
8.93537e-05
8.94243e-05
8.94985e-05
8.95764e-05
8.96578e-05
8.97426e-05
8.98307e-05
8.99218e-05
9.00159e-05
9.01127e-05
9.02121e-05
9.03138e-05
9.04176e-05
9.05233e-05
9.06307e-05
9.07396e-05
9.08499e-05
9.09612e-05
9.10734e-05
9.11863e-05
9.12996e-05
9.14133e-05
9.1527e-05
9.16407e-05
9.1754e-05
9.18668e-05
9.19788e-05
9.20899e-05
9.21999e-05
9.23085e-05
9.24154e-05
9.25205e-05
9.26235e-05
9.2724e-05
9.28218e-05
9.29165e-05
9.30078e-05
9.30954e-05
9.31788e-05
9.32575e-05
9.33312e-05
9.33992e-05
9.34611e-05
9.35162e-05
9.3564e-05
9.36036e-05
9.36344e-05
9.36556e-05
9.36663e-05
9.36656e-05
9.36525e-05
9.13946e-05
9.15432e-05
9.16868e-05
9.18259e-05
9.19611e-05
9.20925e-05
9.22207e-05
9.23458e-05
9.24681e-05
9.25878e-05
9.27052e-05
9.28203e-05
9.29332e-05
9.30442e-05
9.31533e-05
9.32605e-05
9.33661e-05
9.347e-05
9.35723e-05
9.36732e-05
9.37725e-05
9.38705e-05
9.3967e-05
9.40623e-05
9.41562e-05
9.42488e-05
9.43403e-05
9.44304e-05
9.45194e-05
9.46071e-05
9.46937e-05
9.4779e-05
9.48632e-05
9.4946e-05
9.50276e-05
9.51079e-05
9.51869e-05
9.52644e-05
9.53405e-05
9.54149e-05
9.54877e-05
9.55586e-05
9.56276e-05
9.56945e-05
9.57591e-05
9.58212e-05
9.58805e-05
9.59369e-05
9.59901e-05
9.60396e-05
9.60853e-05
9.61267e-05
9.61634e-05
9.61951e-05
9.62212e-05
9.62413e-05
9.62549e-05
9.62614e-05
9.62602e-05
9.62507e-05
2.05705e-05
2.11589e-05
2.12635e-05
2.12168e-05
2.11219e-05
2.09025e-05
2.06604e-05
2.02254e-05
1.98389e-05
1.99768e-05
3.91933e-05
3.39396e-05
3.0984e-05
2.80706e-05
2.7532e-05
3.91703e-05
1.78621e-05
2.4136e-05
2.64464e-05
2.78105e-05
2.89465e-05
2.94419e-05
2.98823e-05
3.15007e-05
3.54484e-05
0.000174419
0.000169115
0.000171786
0.000170798
0.000171224
0.000170404
0.000170103
0.00016866
0.000169258
0.000167318
0.000160193
0.000156138
0.000159413
0.000118822
9.91642e-05
0.000113465
9.10559e-05
0.00015228
0.000172601
0.000164261
0.000155421
0.00015488
0.00017054
0.000194007
0.000171585
0.000334838
0.000310837
0.000317102
0.000317797
0.000320977
0.000321731
0.000324216
0.000325388
0.000336308
0.000361668
0.000350307
0.000311996
0.000223143
0.000155733
0.000126035
0.00012682
0.000128165
0.000182679
0.000198485
0.000182784
0.000166625
0.000158064
0.000156501
0.000148518
0.000105381
0.000518633
0.000486243
0.000498658
0.000501565
0.00050772
0.000509577
0.000511041
0.000510173
0.000519153
0.000531039
0.000505308
0.000377169
0.000266788
0.000197703
0.000170356
0.000167474
0.000173846
0.000205533
0.000209027
0.000198192
0.000186365
0.000174063
0.000162793
0.000131201
9.84353e-05
0.00074017
0.000704497
0.00072325
0.000726824
0.000732141
0.000727924
0.000715963
0.000697453
0.000680234
0.000648665
0.000567404
0.000428262
0.000322795
0.000261439
0.000236704
0.000228235
0.000234121
0.000256771
0.000257485
0.000241151
0.000210861
0.000180355
0.000158054
0.000123404
0.000100176
0.00100154
0.000965025
0.000984951
0.000981436
0.000972905
0.000945655
0.000905797
0.000856139
0.000801311
0.000727787
0.000619576
0.000490958
0.000402895
0.00035214
0.000326027
0.000311936
0.000310962
0.000320582
0.000309346
0.000274917
0.000235426
0.000191936
0.000154194
0.00011189
0.00011056
0.0012907
0.00124798
0.00125339
0.00122641
0.00118602
0.00112392
0.00105096
0.000970171
0.000885801
0.000790171
0.000681467
0.000578612
0.000512441
0.000467876
0.000435182
0.000409065
0.000393819
0.00038505
0.000351241
0.000304547
0.000259975
0.000198021
0.000141971
0.000105312
0.000100646
0.00158157
0.00151786
0.00148601
0.00142001
0.00133903
0.00124443
0.00114553
0.00104612
0.000950646
0.000857191
0.000770336
0.000698766
0.000648426
0.000605421
0.000563124
0.000520593
0.000482837
0.000446335
0.000387623
0.000324694
0.000257213
0.000186466
0.000128075
9.21698e-05
7.87816e-05
0.00182833
0.00172856
0.00164553
0.00153894
0.00142705
0.00131279
0.00120423
0.00110579
0.00102216
0.000952871
0.000896495
0.00084795
0.000804933
0.000759689
0.000702755
0.000635497
0.000567975
0.000499451
0.000405652
0.000313016
0.000218579
0.000145883
0.000103405
7.97422e-05
7.28637e-05
0.00200561
0.00186548
0.00173629
0.00160317
0.00147756
0.00136224
0.00126448
0.00118768
0.00113266
0.00109211
0.00105783
0.00102242
0.000984789
0.000931195
0.000853263
0.000753555
0.000639423
0.000492625
0.000331616
0.000211396
0.000140142
0.000102937
8.65869e-05
7.36246e-05
3.58557e-05
0.00212235
0.00195113
0.00179717
0.00165791
0.00153923
0.00144262
0.00137198
0.00132511
0.00129579
0.00127408
0.00125284
0.00122669
0.00118819
0.00111782
0.00100353
0.000847414
0.000643518
0.000416114
0.000210899
0.000133646
9.20628e-05
8.13882e-05
7.60667e-05
6.59247e-05
1.49533e-05
0.00223743
0.00205681
0.00190479
0.00177861
0.00168165
0.00161144
0.00156644
0.00154046
0.0015278
0.00151912
0.00150685
0.00148021
0.00141674
0.00129794
0.00106053
0.000780471
0.00056948
0.000316049
0.000143319
8.68149e-05
7.27673e-05
6.87619e-05
6.47662e-05
2.96365e-05
7.46596e-06
0.00244267
0.00227956
0.00215421
0.00205342
0.00197914
0.00192881
0.00189798
0.00188163
0.00187595
0.00187001
0.00182691
0.00160345
0.0013625
0.00112635
0.000906065
0.000738813
0.0004518
0.000202794
8.52801e-05
6.33786e-05
5.73924e-05
5.42852e-05
3.55094e-05
1.57248e-05
4.42523e-06
0.00283827
0.00271574
0.00263474
0.00256349
0.00248383
0.00235413
0.00221005
0.00204752
0.00187332
0.00169872
0.00153364
0.00137252
0.00120945
0.00106166
0.000853503
0.000583488
0.000313297
0.000111582
5.60275e-05
4.76156e-05
4.38587e-05
4.10246e-05
2.23909e-05
1.02716e-05
3.15733e-06
0.00276881
0.00270891
0.00253771
0.00238934
0.00223609
0.00209097
0.00194958
0.00180909
0.00166595
0.00152463
0.00138962
0.00122342
0.0010256
0.000833574
0.000630398
0.000402187
0.000177236
6.0714e-05
4.06026e-05
3.64708e-05
3.39782e-05
2.91042e-05
1.59482e-05
7.58951e-06
2.70505e-06
0.00238613
0.00232398
0.00214136
0.00199384
0.00183919
0.00168387
0.00146061
0.0012703
0.00111212
0.000985311
0.000877852
0.000779568
0.000672397
0.000549547
0.000397217
0.000221656
8.46046e-05
3.91994e-05
3.26478e-05
3.06255e-05
2.81931e-05
2.23565e-05
1.30513e-05
6.46645e-06
2.63961e-06
0.00189393
0.001629
0.00133433
0.00112071
0.000946171
0.000814898
0.000716644
0.000646167
0.000591872
0.000547258
0.000501831
0.000449103
0.000380209
0.000295358
0.000194332
9.8333e-05
4.50118e-05
3.21365e-05
3.00992e-05
2.69157e-05
2.40589e-05
1.92339e-05
1.18679e-05
6.07112e-06
2.79187e-06
0.00107652
0.000837419
0.000644816
0.000532379
0.000453019
0.000400301
0.000361854
0.000331726
0.00030397
0.00027634
0.000245683
0.000210646
0.000169386
0.000124822
8.09978e-05
4.84155e-05
3.44078e-05
3.16307e-05
3.11501e-05
2.64484e-05
2.31046e-05
1.84598e-05
1.1739e-05
6.09136e-06
3.09777e-06
0.000581944
0.00042719
0.0003151
0.000255207
0.000214756
0.00018698
0.000165435
0.000147568
0.000131426
0.000116325
0.000101339
8.61993e-05
7.07735e-05
5.63718e-05
4.44399e-05
3.71202e-05
3.46775e-05
3.45062e-05
3.42836e-05
2.80491e-05
2.35535e-05
1.87103e-05
1.20625e-05
6.37287e-06
3.56154e-06
0.000202976
0.000158364
0.000117029
0.000104002
9.33325e-05
8.25085e-05
7.42771e-05
6.76808e-05
6.20625e-05
5.71343e-05
5.26376e-05
4.85046e-05
4.47595e-05
4.16976e-05
3.96177e-05
3.87794e-05
3.89398e-05
3.94029e-05
3.81014e-05
3.05798e-05
2.48811e-05
1.95867e-05
1.26955e-05
6.91925e-06
4.22169e-06
7.46073e-05
7.00837e-05
6.48507e-05
6.04829e-05
5.60319e-05
5.29539e-05
5.06187e-05
4.8817e-05
4.73851e-05
4.62368e-05
4.53123e-05
4.45906e-05
4.40856e-05
4.38542e-05
4.39616e-05
4.44147e-05
4.50661e-05
4.56698e-05
4.20041e-05
3.31368e-05
2.6622e-05
2.08097e-05
1.36101e-05
7.80303e-06
5.17199e-06
5.71624e-05
5.79951e-05
5.48443e-05
5.32642e-05
5.22304e-05
5.14725e-05
5.08783e-05
5.04542e-05
5.01713e-05
5.0013e-05
4.99706e-05
5.00405e-05
5.02311e-05
5.05591e-05
5.105e-05
5.16913e-05
5.23875e-05
5.29835e-05
4.56166e-05
3.5869e-05
2.88989e-05
2.25203e-05
1.5021e-05
9.21105e-06
6.58682e-06
6.03391e-05
5.92351e-05
5.87791e-05
5.85076e-05
5.82948e-05
5.81092e-05
5.79453e-05
5.78279e-05
5.77765e-05
5.77988e-05
5.79028e-05
5.8093e-05
5.83752e-05
5.87581e-05
5.92553e-05
5.98532e-05
6.04738e-05
6.09813e-05
4.98801e-05
3.94353e-05
3.20349e-05
2.50298e-05
1.7288e-05
1.1468e-05
8.78736e-06
6.7032e-05
6.70663e-05
6.71043e-05
6.71002e-05
6.70646e-05
6.70084e-05
6.69442e-05
6.68823e-05
6.68451e-05
6.68547e-05
6.6925e-05
6.70647e-05
6.72801e-05
6.75777e-05
6.79653e-05
6.84279e-05
6.88964e-05
6.92468e-05
5.61614e-05
4.50052e-05
3.68955e-05
2.90953e-05
2.10722e-05
1.5168e-05
1.23547e-05
7.61469e-05
7.62982e-05
7.63756e-05
7.63917e-05
7.63677e-05
7.6318e-05
7.62556e-05
7.61906e-05
7.6132e-05
7.60878e-05
7.6077e-05
7.61118e-05
7.62001e-05
7.63486e-05
7.65615e-05
7.68222e-05
7.707e-05
7.72469e-05
6.60518e-05
5.40842e-05
4.48348e-05
3.59851e-05
2.75283e-05
2.14057e-05
1.83646e-05
8.50351e-05
8.50927e-05
8.50893e-05
8.50397e-05
8.49584e-05
8.48566e-05
8.47439e-05
8.46278e-05
8.45154e-05
8.44125e-05
8.43251e-05
8.42573e-05
8.42132e-05
8.41941e-05
8.42039e-05
8.42301e-05
8.42705e-05
8.43225e-05
8.19999e-05
6.90005e-05
5.81416e-05
4.79118e-05
3.87619e-05
3.22295e-05
2.88281e-05
9.24301e-05
9.2338e-05
9.22098e-05
9.20531e-05
9.18768e-05
9.16876e-05
9.14918e-05
9.1295e-05
9.10985e-05
9.09083e-05
9.07268e-05
9.05578e-05
9.04024e-05
9.02629e-05
9.0139e-05
9.00301e-05
8.99346e-05
8.98521e-05
8.97845e-05
8.97367e-05
8.08683e-05
6.88375e-05
5.86538e-05
5.14699e-05
4.7536e-05
9.74404e-05
9.72698e-05
9.70664e-05
9.68415e-05
9.66054e-05
9.63624e-05
9.61154e-05
9.58647e-05
9.56111e-05
9.53532e-05
9.50912e-05
9.48262e-05
9.45697e-05
9.43215e-05
9.40824e-05
9.38517e-05
9.36294e-05
9.34151e-05
9.321e-05
9.30155e-05
9.28333e-05
9.26648e-05
9.25082e-05
8.64331e-05
8.17938e-05
9.97573e-05
9.95598e-05
9.93385e-05
9.90986e-05
9.88458e-05
9.85832e-05
9.83127e-05
9.80352e-05
9.77508e-05
9.74591e-05
9.7159e-05
9.68493e-05
9.65272e-05
9.61884e-05
9.58486e-05
9.55126e-05
9.51802e-05
9.4851e-05
9.4525e-05
9.42018e-05
9.3881e-05
9.35612e-05
9.32411e-05
9.29182e-05
9.25891e-05
9.98494e-05
9.96536e-05
9.94417e-05
9.92156e-05
9.89779e-05
9.87302e-05
9.84731e-05
9.82072e-05
9.79326e-05
9.7649e-05
9.73555e-05
9.70507e-05
9.67323e-05
9.63969e-05
9.60396e-05
9.56526e-05
9.52569e-05
9.48629e-05
9.44704e-05
9.40787e-05
9.36871e-05
9.32947e-05
9.29006e-05
9.25032e-05
9.21014e-05
9.85531e-05
9.83807e-05
9.81983e-05
9.8006e-05
9.7805e-05
9.75956e-05
9.73776e-05
9.71515e-05
9.69168e-05
9.66736e-05
9.6421e-05
9.61582e-05
9.58833e-05
9.55945e-05
9.52888e-05
9.49627e-05
9.46116e-05
9.42296e-05
9.38154e-05
9.34024e-05
9.29902e-05
9.25785e-05
9.21664e-05
9.17539e-05
9.13403e-05
9.63471e-05
9.62007e-05
9.60484e-05
9.58895e-05
9.57244e-05
9.55529e-05
9.53748e-05
9.519e-05
9.49982e-05
9.47993e-05
9.45927e-05
9.43778e-05
9.41535e-05
9.39189e-05
9.36725e-05
9.34128e-05
9.31382e-05
9.28467e-05
9.25373e-05
9.22088e-05
9.18598e-05
9.14879e-05
9.1094e-05
9.06815e-05
9.0265e-05
9.32622e-05
9.31327e-05
9.29999e-05
9.28628e-05
9.27218e-05
9.25762e-05
9.24259e-05
9.22707e-05
9.21103e-05
9.19446e-05
9.17733e-05
9.15958e-05
9.14117e-05
9.12204e-05
9.10213e-05
9.08139e-05
9.05976e-05
9.03719e-05
9.01367e-05
8.9892e-05
8.96384e-05
8.93765e-05
8.91076e-05
8.88348e-05
8.85627e-05
9.01428e-05
9.00433e-05
8.99425e-05
8.98394e-05
8.97344e-05
8.96268e-05
8.95168e-05
8.9404e-05
8.92885e-05
8.91701e-05
8.90489e-05
8.89245e-05
8.87968e-05
8.86656e-05
8.85308e-05
8.83924e-05
8.82504e-05
8.81046e-05
8.79556e-05
8.78034e-05
8.76493e-05
8.74932e-05
8.73361e-05
8.71791e-05
8.70245e-05
8.78271e-05
8.7766e-05
8.77047e-05
8.76425e-05
8.75795e-05
8.75155e-05
8.74505e-05
8.73842e-05
8.7317e-05
8.72486e-05
8.71792e-05
8.71086e-05
8.70369e-05
8.6964e-05
8.689e-05
8.68147e-05
8.67386e-05
8.66615e-05
8.65837e-05
8.65056e-05
8.64278e-05
8.63503e-05
8.62733e-05
8.61975e-05
8.61237e-05
8.64221e-05
8.63913e-05
8.63607e-05
8.63297e-05
8.62986e-05
8.62669e-05
8.62349e-05
8.62024e-05
8.61697e-05
8.61364e-05
8.6103e-05
8.60692e-05
8.60351e-05
8.60006e-05
8.59659e-05
8.59308e-05
8.58956e-05
8.58602e-05
8.58248e-05
8.57895e-05
8.57547e-05
8.57203e-05
8.56864e-05
8.56532e-05
8.5621e-05
8.56611e-05
8.56486e-05
8.56362e-05
8.56235e-05
8.56109e-05
8.5598e-05
8.55851e-05
8.55719e-05
8.55586e-05
8.55452e-05
8.55318e-05
8.55183e-05
8.55047e-05
8.5491e-05
8.54773e-05
8.54635e-05
8.54497e-05
8.54358e-05
8.54221e-05
8.54085e-05
8.53953e-05
8.53824e-05
8.53697e-05
8.53574e-05
8.53457e-05
8.52729e-05
8.52698e-05
8.52668e-05
8.52637e-05
8.52607e-05
8.52575e-05
8.52543e-05
8.5251e-05
8.52478e-05
8.52444e-05
8.52411e-05
8.52377e-05
8.52344e-05
8.52309e-05
8.52275e-05
8.52241e-05
8.52206e-05
8.52172e-05
8.52138e-05
8.52104e-05
8.52074e-05
8.52044e-05
8.52015e-05
8.51988e-05
8.51964e-05
8.50803e-05
8.50817e-05
8.50831e-05
8.50845e-05
8.50859e-05
8.50873e-05
8.50887e-05
8.509e-05
8.50914e-05
8.50927e-05
8.50941e-05
8.50954e-05
8.50967e-05
8.5098e-05
8.50993e-05
8.51005e-05
8.51018e-05
8.5103e-05
8.51043e-05
8.51056e-05
8.51071e-05
8.51086e-05
8.51102e-05
8.51119e-05
8.51137e-05
8.49846e-05
8.49878e-05
8.49912e-05
8.49945e-05
8.49979e-05
8.50013e-05
8.50046e-05
8.5008e-05
8.50113e-05
8.50147e-05
8.50181e-05
8.50214e-05
8.50247e-05
8.50281e-05
8.50314e-05
8.50347e-05
8.5038e-05
8.50413e-05
8.50446e-05
8.50479e-05
8.50513e-05
8.50547e-05
8.50581e-05
8.50616e-05
8.50651e-05
8.49325e-05
8.49367e-05
8.49409e-05
8.4945e-05
8.49492e-05
8.49534e-05
8.49576e-05
8.49618e-05
8.4966e-05
8.49701e-05
8.49744e-05
8.49785e-05
8.49827e-05
8.49869e-05
8.4991e-05
8.49952e-05
8.49993e-05
8.50034e-05
8.50076e-05
8.50118e-05
8.5016e-05
8.50202e-05
8.50244e-05
8.50287e-05
8.5033e-05
8.49005e-05
8.4905e-05
8.49094e-05
8.49139e-05
8.49184e-05
8.49229e-05
8.49274e-05
8.49319e-05
8.49364e-05
8.49408e-05
8.49454e-05
8.49498e-05
8.49543e-05
8.49588e-05
8.49633e-05
8.49678e-05
8.49723e-05
8.49768e-05
8.49812e-05
8.49858e-05
8.49903e-05
8.49948e-05
8.49993e-05
8.50038e-05
8.50084e-05
8.48754e-05
8.488e-05
8.48846e-05
8.48892e-05
8.48938e-05
8.48985e-05
8.49031e-05
8.49077e-05
8.49123e-05
8.49169e-05
8.49216e-05
8.49262e-05
8.49308e-05
8.49354e-05
8.494e-05
8.49447e-05
8.49493e-05
8.49539e-05
8.49585e-05
8.49632e-05
8.49678e-05
8.49725e-05
8.49771e-05
8.49818e-05
8.49865e-05
8.48535e-05
8.48581e-05
8.48627e-05
8.48674e-05
8.4872e-05
8.48767e-05
8.48813e-05
8.48859e-05
8.48906e-05
8.48952e-05
8.48999e-05
8.49045e-05
8.49092e-05
8.49139e-05
8.49185e-05
8.49232e-05
8.49279e-05
8.49325e-05
8.49372e-05
8.49419e-05
8.49466e-05
8.49513e-05
8.4956e-05
8.49607e-05
8.49654e-05
8.48322e-05
8.48368e-05
8.48414e-05
8.48461e-05
8.48507e-05
8.48554e-05
8.486e-05
8.48646e-05
8.48693e-05
8.48739e-05
8.48786e-05
8.48832e-05
8.4888e-05
8.48926e-05
8.48973e-05
8.4902e-05
8.49067e-05
8.49114e-05
8.49161e-05
8.49208e-05
8.49255e-05
8.49302e-05
8.4935e-05
8.49397e-05
8.49444e-05
8.48119e-05
8.48164e-05
8.4821e-05
8.48256e-05
8.48302e-05
8.48348e-05
8.48394e-05
8.4844e-05
8.48486e-05
8.48533e-05
8.48579e-05
8.48626e-05
8.48673e-05
8.48719e-05
8.48766e-05
8.48813e-05
8.4886e-05
8.48907e-05
8.48954e-05
8.49001e-05
8.49049e-05
8.49096e-05
8.49143e-05
8.4919e-05
8.49238e-05
8.47918e-05
8.47964e-05
8.4801e-05
8.48057e-05
8.48103e-05
8.4815e-05
8.48196e-05
8.48243e-05
8.4829e-05
8.48337e-05
8.48384e-05
8.4843e-05
8.48477e-05
8.48524e-05
8.48571e-05
8.48618e-05
8.48665e-05
8.48712e-05
8.48759e-05
8.48807e-05
8.48854e-05
8.48901e-05
8.48949e-05
8.48997e-05
8.49044e-05
8.47754e-05
8.47801e-05
8.47848e-05
8.47895e-05
8.47941e-05
8.47988e-05
8.48035e-05
8.48082e-05
8.48128e-05
8.48175e-05
8.48222e-05
8.48269e-05
8.48316e-05
8.48363e-05
8.4841e-05
8.48457e-05
8.48504e-05
8.48552e-05
8.48599e-05
8.48646e-05
8.48693e-05
8.4874e-05
8.48788e-05
8.48834e-05
8.48881e-05
8.47641e-05
8.47689e-05
8.47736e-05
8.47784e-05
8.47831e-05
8.47878e-05
8.47925e-05
8.47973e-05
8.48019e-05
8.48067e-05
8.48114e-05
8.48161e-05
8.48208e-05
8.48255e-05
8.48302e-05
8.4835e-05
8.48397e-05
8.48444e-05
8.48491e-05
8.48539e-05
8.48586e-05
8.48633e-05
8.4868e-05
8.48727e-05
8.48773e-05
8.47625e-05
8.47672e-05
8.47719e-05
8.47766e-05
8.47812e-05
8.47859e-05
8.47906e-05
8.47953e-05
8.48e-05
8.48047e-05
8.48094e-05
8.48141e-05
8.48188e-05
8.48235e-05
8.48283e-05
8.4833e-05
8.48377e-05
8.48425e-05
8.48472e-05
8.4852e-05
8.48567e-05
8.48615e-05
8.48663e-05
8.48711e-05
8.4876e-05
8.47765e-05
8.47812e-05
8.47859e-05
8.47906e-05
8.47953e-05
8.48e-05
8.48047e-05
8.48094e-05
8.48141e-05
8.48189e-05
8.48236e-05
8.48283e-05
8.48331e-05
8.48378e-05
8.48425e-05
8.48473e-05
8.4852e-05
8.48568e-05
8.48616e-05
8.48663e-05
8.48711e-05
8.48759e-05
8.48807e-05
8.48855e-05
8.48903e-05
8.48144e-05
8.48191e-05
8.48238e-05
8.48286e-05
8.48333e-05
8.48381e-05
8.48428e-05
8.48476e-05
8.48524e-05
8.48571e-05
8.48619e-05
8.48666e-05
8.48714e-05
8.48762e-05
8.4881e-05
8.48858e-05
8.48906e-05
8.48953e-05
8.49002e-05
8.4905e-05
8.49098e-05
8.49146e-05
8.49194e-05
8.49242e-05
8.4929e-05
8.4889e-05
8.48938e-05
8.48986e-05
8.49035e-05
8.49083e-05
8.49132e-05
8.4918e-05
8.49229e-05
8.49277e-05
8.49326e-05
8.49374e-05
8.49423e-05
8.49471e-05
8.4952e-05
8.49568e-05
8.49617e-05
8.49666e-05
8.49715e-05
8.49763e-05
8.49812e-05
8.49861e-05
8.4991e-05
8.49958e-05
8.50007e-05
8.50055e-05
8.50206e-05
8.50255e-05
8.50305e-05
8.50354e-05
8.50403e-05
8.50452e-05
8.50502e-05
8.50551e-05
8.506e-05
8.5065e-05
8.50699e-05
8.50749e-05
8.50798e-05
8.50848e-05
8.50898e-05
8.50947e-05
8.50997e-05
8.51047e-05
8.51096e-05
8.51147e-05
8.51196e-05
8.51247e-05
8.51297e-05
8.51348e-05
8.51399e-05
8.52419e-05
8.5247e-05
8.52521e-05
8.52572e-05
8.52623e-05
8.52674e-05
8.52724e-05
8.52776e-05
8.52826e-05
8.52877e-05
8.52928e-05
8.52979e-05
8.5303e-05
8.53082e-05
8.53133e-05
8.53184e-05
8.53235e-05
8.53287e-05
8.53338e-05
8.53389e-05
8.53441e-05
8.53492e-05
8.53543e-05
8.53595e-05
8.53646e-05
8.5602e-05
8.56073e-05
8.56126e-05
8.5618e-05
8.56233e-05
8.56287e-05
8.5634e-05
8.56393e-05
8.56447e-05
8.565e-05
8.56554e-05
8.56608e-05
8.56661e-05
8.56715e-05
8.56769e-05
8.56823e-05
8.56876e-05
8.5693e-05
8.56984e-05
8.57038e-05
8.57092e-05
8.57146e-05
8.572e-05
8.57255e-05
8.5731e-05
8.61866e-05
8.61923e-05
8.6198e-05
8.62038e-05
8.62095e-05
8.62152e-05
8.6221e-05
8.62267e-05
8.62325e-05
8.62383e-05
8.6244e-05
8.62498e-05
8.62556e-05
8.62614e-05
8.62671e-05
8.62729e-05
8.62787e-05
8.62845e-05
8.62903e-05
8.62962e-05
8.6302e-05
8.63078e-05
8.63136e-05
8.63194e-05
8.63252e-05
8.71356e-05
8.71421e-05
8.71485e-05
8.7155e-05
8.71614e-05
8.71679e-05
8.71743e-05
8.71808e-05
8.71872e-05
8.71937e-05
8.72002e-05
8.72067e-05
8.72132e-05
8.72197e-05
8.72262e-05
8.72327e-05
8.72392e-05
8.72457e-05
8.72523e-05
8.72588e-05
8.72653e-05
8.72719e-05
8.72784e-05
8.7285e-05
8.72915e-05
8.86757e-05
8.86835e-05
8.86913e-05
8.86991e-05
8.87068e-05
8.87147e-05
8.87225e-05
8.87303e-05
8.87381e-05
8.8746e-05
8.87538e-05
8.87617e-05
8.87695e-05
8.87774e-05
8.87853e-05
8.87932e-05
8.88011e-05
8.8809e-05
8.88169e-05
8.88248e-05
8.88327e-05
8.88407e-05
8.88486e-05
8.88566e-05
8.88645e-05
9.11212e-05
9.11319e-05
9.11427e-05
9.11535e-05
9.11642e-05
9.1175e-05
9.11859e-05
9.11967e-05
9.12076e-05
9.12184e-05
9.12293e-05
9.12402e-05
9.12511e-05
9.12621e-05
9.1273e-05
9.1284e-05
9.1295e-05
9.1306e-05
9.1317e-05
9.1328e-05
9.13391e-05
9.13502e-05
9.13612e-05
9.13723e-05
9.13835e-05
0.000241757
0.000674604
0.00118808
0.00169576
0.00217624
0.00260795
0.00300449
0.00338582
0.00375076
0.00406093
0.00426147
0.00433869
0.00431687
0.00421951
0.00406455
0.0038728
0.00366408
0.00345227
0.00324957
0.00305836
0.00288245
0.00272126
0.00257581
0.00244566
0.00232928
0.00222396
0.0021294
0.00204285
0.00196464
0.00189313
0.0018269
0.00176698
0.00171233
0.00166214
0.00161653
0.00157503
0.0015369
0.00150018
0.00146439
0.00142781
0.00138943
0.00134819
0.001304
0.00125658
0.0012064
0.00115381
0.00109896
0.00104188
0.000984046
0.000918745
0.000374325
0.000741571
0.00122081
0.00171628
0.00219428
0.00262722
0.00302484
0.00340544
0.00376813
0.00407602
0.00427472
0.00435065
0.00432774
0.00422953
0.00407363
0.00388101
0.00367147
0.0034588
0.00325529
0.00306334
0.00288675
0.00272499
0.00257898
0.00244842
0.00233174
0.00222618
0.00213144
0.0020448
0.00196659
0.00189505
0.00182879
0.00176882
0.00171449
0.00166438
0.00161891
0.00157752
0.00153943
0.00150282
0.0014672
0.00143079
0.00139262
0.00135154
0.00130753
0.00126035
0.00121038
0.0011579
0.00110315
0.0010462
0.000988499
0.000922976
0.000558128
0.000878367
0.0013023
0.00176796
0.00223504
0.00266629
0.00306412
0.00344289
0.00380148
0.00410507
0.00430015
0.00437334
0.00434813
0.00424814
0.00409045
0.00389612
0.00368502
0.00347081
0.00326585
0.00307255
0.00289471
0.00273191
0.00258494
0.00245361
0.00233636
0.00223036
0.0021353
0.0020485
0.00197026
0.0018987
0.00183244
0.00177247
0.00171859
0.00166863
0.00162343
0.00158226
0.00154432
0.00150794
0.00147261
0.00143651
0.00139872
0.00135796
0.0013143
0.00126755
0.00121793
0.0011657
0.00111115
0.00105439
0.000996866
0.00093106
0.0007726
0.00107528
0.00144209
0.00186105
0.00230371
0.00272618
0.00312155
0.00349704
0.00384994
0.00414766
0.00433767
0.00440685
0.00437822
0.00427554
0.00411522
0.0039184
0.003705
0.00348853
0.00328145
0.00308618
0.00290654
0.00274219
0.00259383
0.00246137
0.00234326
0.00223663
0.00214112
0.00205405
0.00197577
0.00190419
0.00183798
0.00177807
0.00172474
0.00167506
0.00163026
0.00158943
0.00155177
0.00151574
0.00148087
0.00144522
0.001408
0.00136773
0.00132461
0.00127849
0.00122941
0.00117757
0.00112334
0.00106685
0.00100956
0.00094342
0.00101974
0.00132389
0.00164396
0.00200511
0.00240657
0.00280785
0.0031947
0.00356424
0.00390999
0.00420106
0.0043855
0.00445007
0.00441737
0.00431141
0.00414789
0.00394792
0.00373159
0.00351221
0.00330237
0.00310452
0.00292248
0.00275608
0.00260588
0.00247188
0.00235264
0.00224514
0.00214901
0.0020616
0.00198323
0.00191167
0.00184556
0.00178578
0.00173311
0.00168385
0.0016396
0.00159924
0.00156202
0.00152647
0.00149224
0.00145722
0.00142078
0.00138121
0.00133884
0.00129358
0.00124525
0.00119398
0.0011402
0.00108407
0.0010271
0.000960584
0.00130518
0.00161938
0.00190667
0.00220739
0.00255196
0.00291467
0.00328149
0.00363924
0.00397541
0.00425961
0.00443925
0.00449985
0.00446337
0.00435424
0.00418747
0.00398414
0.00376449
0.00354172
0.00332858
0.00312761
0.00294262
0.00277368
0.00262122
0.00248529
0.00236459
0.00225599
0.00215909
0.00207123
0.00199275
0.00192123
0.00185528
0.00179571
0.00174381
0.00169512
0.00165158
0.00161185
0.00157523
0.00154032
0.00150695
0.00147272
0.00143732
0.00139869
0.00135732
0.00131318
0.00126583
0.00121532
0.00116214
0.00110649
0.00104994
0.00098305
0.00162928
0.001958
0.00222503
0.00247056
0.00274864
0.00305391
0.003383
0.00371732
0.00403829
0.00431459
0.00449123
0.00455015
0.00451171
0.00440071
0.00423165
0.0040255
0.00380268
0.00357641
0.0033597
0.00315521
0.00296685
0.00279494
0.00263984
0.00250161
0.00237915
0.00226923
0.00217139
0.00208298
0.00200433
0.00193289
0.0018672
0.00180794
0.00175691
0.00170896
0.00166629
0.00162736
0.00159153
0.00155743
0.00152511
0.0014919
0.0014578
0.00142037
0.00138026
0.00133754
0.00129143
0.00124192
0.00118952
0.00113448
0.0010785
0.00101125
0.00197347
0.00232643
0.0025881
0.00279077
0.00300259
0.00323636
0.00350662
0.00379886
0.00409264
0.00435643
0.00453127
0.00459207
0.00455519
0.0044452
0.00427616
0.00406891
0.00384395
0.0036147
0.00339459
0.00318652
0.0029946
0.00281948
0.00266147
0.00252065
0.00239619
0.00228475
0.00218583
0.00209681
0.00201795
0.00194663
0.00188131
0.00182247
0.00177242
0.00172539
0.00168377
0.0016458
0.00161093
0.00157782
0.00154679
0.00151481
0.0014823
0.00144636
0.00140781
0.00136681
0.00132222
0.00127397
0.00122257
0.0011683
0.00111305
0.00104554
0.00229924
0.00269647
0.00297501
0.00315469
0.00331119
0.00347038
0.00366418
0.00389109
0.00413782
0.00437729
0.00454783
0.00461381
0.00458336
0.00447909
0.0043143
0.00410927
0.00388455
0.00365389
0.00343129
0.00322012
0.00302485
0.00284652
0.00268553
0.00254196
0.00241535
0.00230225
0.00220217
0.00211248
0.0020334
0.00196229
0.00189749
0.00183925
0.00179029
0.00174438
0.001704
0.00166716
0.00163344
0.00160147
0.00157193
0.00154141
0.00151077
0.00147663
0.00143995
0.00140099
0.00135825
0.00131155
0.00126139
0.00120808
0.00115376
0.00108614
0.00256464
0.00302481
0.00334944
0.00353544
0.00365856
0.00375445
0.00386633
0.00400824
0.00418289
0.00437698
0.00453263
0.00460318
0.00458362
0.00449082
0.00433616
0.00413865
0.00391822
0.00368916
0.00346611
0.0032532
0.0030554
0.00287436
0.00271068
0.00256452
0.00243581
0.00232108
0.00221987
0.00212959
0.00205035
0.00197957
0.00191549
0.00185809
0.00181038
0.00176583
0.0017269
0.00169137
0.00165896
0.0016283
0.00160043
0.00157159
0.00154308
0.00151105
0.00147653
0.00143996
0.00139938
0.00135455
0.00130591
0.0012538
0.00120064
0.00113313
0.00276054
0.0032801
0.00366703
0.00389003
0.00400942
0.00406635
0.00410812
0.00415969
0.0042419
0.00436381
0.00448351
0.00454998
0.00454202
0.00446589
0.00432856
0.00414563
0.00393575
0.00371334
0.00349352
0.00328149
0.003083
0.00290043
0.00273484
0.00258659
0.00245614
0.00233999
0.00223783
0.00214718
0.00206793
0.00199773
0.00193471
0.00187852
0.00183233
0.00178946
0.00175227
0.00171828
0.00168738
0.00165819
0.00163214
0.00160518
0.001579
0.00154938
0.00151733
0.00148344
0.00144536
0.00140275
0.00135593
0.00130527
0.00125352
0.00118644
0.00292121
0.00346195
0.00389224
0.00416487
0.004309
0.00435895
0.00435852
0.00433627
0.00432371
0.0043528
0.00440897
0.00445136
0.00444756
0.00438896
0.00427478
0.00411462
0.00392329
0.00371481
0.00350399
0.0032973
0.00310147
0.00291975
0.00275399
0.00260489
0.00247357
0.00235668
0.00225411
0.0021636
0.00208474
0.00201555
0.00195408
0.00189969
0.00185547
0.00181471
0.0017797
0.0017476
0.00171846
0.00169095
0.00166685
0.00164198
0.00161829
0.00159131
0.001562
0.00153106
0.00149579
0.00145573
0.00141107
0.00136215
0.00131209
0.00124581
0.00310884
0.00360316
0.00401681
0.00431297
0.00448885
0.00455887
0.00455051
0.00448898
0.00440631
0.00434464
0.00431787
0.00431026
0.004293
0.00424507
0.00415611
0.00402552
0.003862
0.00367712
0.00348381
0.00328945
0.0031018
0.00292502
0.00276215
0.00261439
0.00248385
0.00236743
0.00226533
0.0021758
0.00209798
0.00203044
0.00197131
0.00191959
0.00187812
0.00184023
0.00180813
0.00177854
0.00175164
0.00172619
0.00170425
0.00168173
0.00166065
0.00163654
0.00161019
0.00158241
0.00155022
0.00151302
0.00147084
0.00142396
0.00137586
0.00131079
0.00335924
0.00371296
0.00403058
0.00429318
0.00447735
0.00457537
0.00458863
0.00452992
0.00442291
0.00430447
0.00420324
0.00412971
0.00407707
0.00402349
0.00395295
0.00385457
0.00372636
0.00357571
0.00341075
0.00323878
0.00306788
0.00290296
0.00274853
0.00260634
0.00247961
0.00236596
0.00226606
0.00217899
0.00210339
0.00203856
0.00198285
0.00193505
0.0018975
0.0018636
0.00183552
0.00180944
0.00178564
0.00176294
0.00174361
0.00172389
0.00170563
0.00168463
0.00166147
0.00163701
0.00160813
0.00157408
0.00153467
0.00149012
0.00144425
0.00138078
0.00350234
0.00366501
0.00384263
0.00402761
0.00418528
0.00430011
0.00434955
0.00433024
0.00425214
0.0041341
0.004004
0.00388329
0.00378936
0.00371435
0.0036494
0.00357762
0.0034879
0.00338062
0.00325648
0.00311979
0.00297778
0.0028351
0.00269781
0.00256812
0.00245046
0.00234346
0.00224852
0.00216602
0.00209425
0.00203342
0.00198252
0.00194017
0.00190807
0.00187989
0.00185758
0.00183677
0.00181762
0.00179907
0.00178334
0.00176733
0.00175242
0.00173493
0.00171529
0.00169434
0.00166897
0.00163831
0.00160195
0.00156
0.00151657
0.001455
0.00306826
0.00313554
0.00322477
0.00334802
0.00347721
0.00360193
0.00369565
0.00374417
0.00374384
0.00369102
0.00360233
0.00349355
0.00339144
0.00330151
0.00323316
0.00317862
0.00312262
0.00306149
0.00298673
0.00289846
0.00279984
0.00269352
0.00258642
0.00248047
0.00238056
0.0022871
0.0022021
0.00212776
0.00206212
0.00200713
0.00196257
0.00192733
0.00190232
0.00188187
0.00186758
0.0018544
0.00184221
0.00183008
0.00181983
0.00180928
0.00179889
0.00178587
0.00177049
0.00175349
0.00173198
0.00170503
0.001672
0.00163291
0.00159213
0.00153261
0.00200111
0.00205157
0.00211072
0.00219807
0.00230444
0.00242922
0.00255621
0.0026736
0.00277221
0.00283028
0.00284846
0.00282927
0.00279044
0.00273592
0.00268961
0.00265515
0.00262875
0.00261004
0.00258653
0.00255481
0.00251142
0.00245509
0.00239233
0.00232386
0.00225364
0.00218346
0.00211571
0.00205455
0.00199818
0.00195056
0.00191328
0.00188598
0.00186909
0.00185819
0.00185435
0.00185193
0.0018501
0.00184794
0.00184635
0.00184436
0.00184092
0.00183427
0.00182468
0.00181266
0.00179576
0.00177309
0.00174388
0.00170797
0.00167012
0.00161257
0.00103871
0.00103796
0.00104634
0.00107249
0.00111739
0.00118403
0.0012712
0.00137681
0.00149774
0.00161902
0.00173195
0.00182702
0.00190282
0.00194889
0.00197881
0.00200207
0.00202126
0.00204718
0.00207237
0.00209457
0.00210929
0.00211029
0.00210215
0.00208367
0.00205547
0.00202048
0.00198003
0.00193935
0.00189673
0.0018586
0.00182866
0.00180846
0.00179847
0.00179712
0.00180475
0.00181553
0.00182754
0.00183963
0.00185114
0.00186239
0.00187001
0.00187333
0.00187258
0.00186783
0.00185728
0.00184025
0.00181582
0.00178388
0.00174945
0.00169373
0.000535033
0.000516039
0.000499814
0.000488775
0.000483934
0.000487588
0.00050195
0.000530081
0.000575464
0.000637435
0.000714967
0.00080493
0.000904363
0.00100244
0.00110024
0.00119335
0.00127973
0.00136688
0.00144975
0.00153033
0.00160591
0.00166522
0.00171636
0.00175537
0.0017786
0.00178955
0.00178612
0.00177462
0.00175216
0.00172716
0.00170527
0.00168947
0.00168241
0.00168686
0.00170366
0.00172791
0.00175625
0.00178693
0.00181686
0.00184755
0.00187236
0.00189142
0.00190466
0.00191139
0.00191056
0.00190187
0.00188436
0.00185785
0.00182799
0.00177415
0.000229119
0.000250813
0.000243553
0.000237129
0.000231208
0.000225731
0.000220764
0.000217004
0.000215755
0.000218713
0.000228307
0.000246919
0.000277304
0.000318982
0.000372815
0.0004386
0.000513565
0.000599677
0.000693818
0.000797347
0.000909005
0.0010209
0.00113468
0.00124619
0.00134077
0.00141872
0.00147218
0.00150826
0.00152199
0.00152598
0.00152559
0.00152223
0.00151716
0.00152258
0.00154186
0.00157464
0.00161733
0.00166805
0.00172047
0.00177687
0.00182625
0.00186909
0.00190418
0.00192944
0.00194436
0.00194899
0.00194245
0.00192467
0.00190181
0.00185081
8.32121e-05
0.000110228
0.000109613
0.000109243
0.000109062
0.000109009
0.000109031
0.000109191
0.00010953
0.000109938
0.000110461
0.000111082
0.000112065
0.00011353
0.000116668
0.000122495
0.000132551
0.000149024
0.00017347
0.000208326
0.000260655
0.000321249
0.000399786
0.000501535
0.000606969
0.000724259
0.000841732
0.000957577
0.00105401
0.00113387
0.00119792
0.00124293
0.00126699
0.0012875
0.00131081
0.00134646
0.00139676
0.00146355
0.00153841
0.00162425
0.00170507
0.00178059
0.00184731
0.00190074
0.00194032
0.00196624
0.00197761
0.0019741
0.00196272
0.00191755
6.22653e-05
6.61698e-05
6.70812e-05
6.79237e-05
6.87332e-05
6.9501e-05
7.02801e-05
7.11191e-05
7.20288e-05
7.30054e-05
7.40881e-05
7.52894e-05
7.66021e-05
7.79774e-05
7.94064e-05
8.09662e-05
8.25512e-05
8.41481e-05
8.56957e-05
8.73477e-05
8.9944e-05
9.37447e-05
0.000100875
0.000116465
0.000138703
0.000174775
0.000227889
0.000301989
0.000393089
0.000500829
0.00062168
0.000747937
0.000848216
0.000930869
0.00099267
0.0010472
0.00110377
0.00117555
0.00126132
0.00136965
0.00148139
0.0015952
0.00170289
0.00179543
0.00187135
0.0019298
0.00196935
0.00198943
0.00199705
0.00196406
6.13595e-05
6.25229e-05
6.36746e-05
6.46684e-05
6.55624e-05
6.63528e-05
6.70935e-05
6.78222e-05
6.85417e-05
6.92557e-05
6.99928e-05
7.07676e-05
7.15489e-05
7.23607e-05
7.32418e-05
7.40812e-05
7.49633e-05
7.58551e-05
7.67732e-05
7.76525e-05
7.85018e-05
7.92415e-05
7.98786e-05
8.06792e-05
8.12328e-05
8.20848e-05
8.42433e-05
9.00304e-05
0.000103087
0.000128893
0.000175094
0.000251529
0.00035036
0.000468579
0.000587229
0.000694697
0.000783377
0.000863081
0.000943085
0.00104588
0.00116465
0.00130294
0.00144853
0.00158487
0.00170645
0.00180909
0.00188938
0.0019449
0.0019822
0.00197227
6.81217e-05
6.92866e-05
7.03648e-05
7.12626e-05
7.20484e-05
7.27247e-05
7.33365e-05
7.39235e-05
7.44901e-05
7.50431e-05
7.56005e-05
7.6166e-05
7.67091e-05
7.72395e-05
7.77158e-05
7.81931e-05
7.86646e-05
7.91097e-05
7.95527e-05
7.99624e-05
8.03094e-05
8.06224e-05
8.08833e-05
8.10579e-05
8.11862e-05
8.11952e-05
8.11379e-05
8.10338e-05
8.10853e-05
8.16144e-05
8.36813e-05
9.18614e-05
0.000111055
0.000153139
0.00022546
0.000329884
0.000450778
0.000571265
0.000672679
0.000767656
0.000860859
0.000974012
0.00111405
0.00126889
0.00142787
0.00157713
0.00170687
0.00181033
0.00188954
0.00191757
7.71285e-05
7.81834e-05
7.91167e-05
7.98774e-05
8.05289e-05
8.1078e-05
8.15546e-05
8.19923e-05
8.24007e-05
8.2781e-05
8.31468e-05
8.35009e-05
8.38281e-05
8.41404e-05
8.44714e-05
8.47443e-05
8.50186e-05
8.52769e-05
8.55658e-05
8.58343e-05
8.60559e-05
8.62744e-05
8.64408e-05
8.65216e-05
8.66306e-05
8.66449e-05
8.66165e-05
8.65155e-05
8.64499e-05
8.63728e-05
8.63183e-05
8.62794e-05
8.67398e-05
8.86312e-05
9.59959e-05
0.000119011
0.000173506
0.000273801
0.000404344
0.000544047
0.000662013
0.000760619
0.000856601
0.000965642
0.0011006
0.00125625
0.00141707
0.00156471
0.00169121
0.00177103
8.58698e-05
8.67742e-05
8.75178e-05
8.81161e-05
8.86166e-05
8.90298e-05
8.93762e-05
8.96861e-05
8.99732e-05
9.0242e-05
9.05007e-05
9.075e-05
9.09783e-05
9.11851e-05
9.13519e-05
9.15211e-05
9.16805e-05
9.18209e-05
9.19573e-05
9.20757e-05
9.21614e-05
9.22351e-05
9.22931e-05
9.23027e-05
9.23133e-05
9.22651e-05
9.21732e-05
9.20168e-05
9.18663e-05
9.17575e-05
9.17214e-05
9.17034e-05
9.18401e-05
9.20087e-05
9.24086e-05
9.35186e-05
9.75576e-05
0.000114014
0.00015866
0.000259311
0.000402492
0.000561082
0.000698536
0.000803837
0.000895598
0.000995747
0.00111738
0.00125741
0.00140174
0.00152529
9.31111e-05
9.37547e-05
9.42916e-05
9.47247e-05
9.50778e-05
9.53617e-05
9.55884e-05
9.57795e-05
9.59472e-05
9.60958e-05
9.62293e-05
9.63491e-05
9.64527e-05
9.65379e-05
9.66387e-05
9.67117e-05
9.6785e-05
9.68545e-05
9.69374e-05
9.70101e-05
9.7071e-05
9.7131e-05
9.71715e-05
9.71796e-05
9.72015e-05
9.71884e-05
9.71521e-05
9.70727e-05
9.69818e-05
9.68544e-05
9.6717e-05
9.65339e-05
9.6404e-05
9.61765e-05
9.59545e-05
9.57423e-05
9.57678e-05
9.6552e-05
9.98742e-05
0.00011541
0.000159289
0.000259539
0.000416924
0.000592822
0.00074862
0.000866889
0.000959162
0.00104703
0.00114709
0.00125025
9.78854e-05
9.8301e-05
9.86574e-05
9.89448e-05
9.91734e-05
9.93488e-05
9.94791e-05
9.9579e-05
9.96613e-05
9.97322e-05
9.97958e-05
9.98543e-05
9.99036e-05
9.99425e-05
9.99598e-05
9.99848e-05
0.000100006
0.000100023
0.000100036
0.000100042
0.000100038
0.000100026
0.000100019
9.99926e-05
9.99649e-05
9.99168e-05
9.98416e-05
9.9729e-05
9.95872e-05
9.94344e-05
9.92843e-05
9.91191e-05
9.89722e-05
9.87988e-05
9.86017e-05
9.83606e-05
9.81157e-05
9.79247e-05
9.79044e-05
9.86512e-05
0.000101586
0.000114291
0.000156191
0.000247739
0.000403152
0.000595576
0.000779374
0.00091979
0.00102446
0.00107966
0.000100026
0.000100276
0.000100493
0.00010067
0.000100805
0.000100903
0.000100968
0.000101009
0.000101034
0.000101049
0.000101057
0.000101057
0.000101051
0.000101033
0.000101026
0.000101006
0.000100989
0.000100974
0.000100966
0.000100955
0.000100941
0.000100921
0.000100897
0.000100858
0.000100821
0.000100769
0.000100706
0.000100627
0.00010053
0.000100396
0.000100231
0.000100022
9.97928e-05
9.94951e-05
9.9147e-05
9.8745e-05
9.83379e-05
9.79367e-05
9.76025e-05
9.73627e-05
9.73211e-05
9.78979e-05
0.000100882
0.000110449
0.000140529
0.000214636
0.000352983
0.000545443
0.000759016
0.000894678
0.000100007
0.000100152
0.000100279
0.000100382
0.000100459
0.000100509
0.000100536
0.000100543
0.000100538
0.000100524
0.000100506
0.000100485
0.000100461
0.000100434
0.000100395
0.000100362
0.000100326
0.00010029
0.000100251
0.000100207
0.00010016
0.000100105
0.000100052
9.999e-05
9.99231e-05
9.98486e-05
9.97583e-05
9.96501e-05
9.95156e-05
9.93641e-05
9.91983e-05
9.90192e-05
9.88194e-05
9.86099e-05
9.83783e-05
9.81238e-05
9.78365e-05
9.75142e-05
9.71366e-05
9.67332e-05
9.6279e-05
9.58337e-05
9.5504e-05
9.54667e-05
9.65507e-05
0.000101224
0.000118472
0.000167568
0.000277897
0.000440533
9.86421e-05
9.87228e-05
9.87927e-05
9.88485e-05
9.88869e-05
9.8908e-05
9.89114e-05
9.89011e-05
9.88812e-05
9.88544e-05
9.88232e-05
9.87883e-05
9.87496e-05
9.87048e-05
9.8664e-05
9.86166e-05
9.85696e-05
9.8524e-05
9.84796e-05
9.84324e-05
9.83824e-05
9.83259e-05
9.8263e-05
9.81898e-05
9.81097e-05
9.80202e-05
9.79205e-05
9.78132e-05
9.76912e-05
9.75457e-05
9.73806e-05
9.71951e-05
9.69834e-05
9.67362e-05
9.64581e-05
9.61534e-05
9.58313e-05
9.54941e-05
9.51561e-05
9.48091e-05
9.44543e-05
9.4081e-05
9.36782e-05
9.32649e-05
9.28686e-05
9.25605e-05
9.24949e-05
9.37468e-05
0.000100218
0.000125407
9.63929e-05
9.64323e-05
9.6465e-05
9.6488e-05
9.65005e-05
9.65006e-05
9.64893e-05
9.64684e-05
9.64393e-05
9.64047e-05
9.63655e-05
9.63238e-05
9.62793e-05
9.6235e-05
9.61844e-05
9.61354e-05
9.60847e-05
9.60325e-05
9.5977e-05
9.59173e-05
9.58531e-05
9.57817e-05
9.57072e-05
9.56256e-05
9.55359e-05
9.54392e-05
9.533e-05
9.52084e-05
9.50666e-05
9.49113e-05
9.47414e-05
9.45637e-05
9.4361e-05
9.41508e-05
9.39236e-05
9.36891e-05
9.34384e-05
9.31738e-05
9.28738e-05
9.25564e-05
9.21901e-05
9.17916e-05
9.13577e-05
9.08687e-05
9.03528e-05
8.9815e-05
8.93491e-05
8.88283e-05
8.83638e-05
8.83891e-05
9.32873e-05
9.3308e-05
9.33238e-05
9.3334e-05
9.33368e-05
9.33319e-05
9.33194e-05
9.32995e-05
9.32738e-05
9.32427e-05
9.32082e-05
9.31704e-05
9.31306e-05
9.30865e-05
9.30429e-05
9.29953e-05
9.29462e-05
9.28959e-05
9.28437e-05
9.27881e-05
9.27287e-05
9.26628e-05
9.259e-05
9.25082e-05
9.24167e-05
9.23153e-05
9.22027e-05
9.20814e-05
9.19465e-05
9.17963e-05
9.16301e-05
9.14535e-05
9.12518e-05
9.10289e-05
9.07815e-05
9.05167e-05
9.024e-05
8.9954e-05
8.96637e-05
8.93691e-05
8.907e-05
8.87628e-05
8.84364e-05
8.80785e-05
8.76874e-05
8.72521e-05
8.67127e-05
8.6188e-05
8.56125e-05
8.49995e-05
9.01587e-05
9.01722e-05
9.01827e-05
9.01898e-05
9.01925e-05
9.01905e-05
9.01834e-05
9.01715e-05
9.01546e-05
9.01338e-05
9.01086e-05
9.00803e-05
9.0048e-05
9.00145e-05
8.99762e-05
8.99364e-05
8.98935e-05
8.98475e-05
8.97972e-05
8.97419e-05
8.96809e-05
8.96134e-05
8.954e-05
8.94594e-05
8.93712e-05
8.92749e-05
8.91682e-05
8.90501e-05
8.89172e-05
8.87713e-05
8.86099e-05
8.84374e-05
8.82444e-05
8.80365e-05
8.7812e-05
8.75765e-05
8.73272e-05
8.70678e-05
8.67866e-05
8.64962e-05
8.61779e-05
8.58436e-05
8.54921e-05
8.51049e-05
8.46964e-05
8.42657e-05
8.38725e-05
8.34142e-05
8.29438e-05
8.24506e-05
8.78368e-05
8.78454e-05
8.78521e-05
8.78571e-05
8.78596e-05
8.78593e-05
8.7856e-05
8.78493e-05
8.78393e-05
8.78253e-05
8.7808e-05
8.77868e-05
8.77631e-05
8.77346e-05
8.77042e-05
8.76696e-05
8.76316e-05
8.75897e-05
8.75437e-05
8.74929e-05
8.74369e-05
8.73749e-05
8.73058e-05
8.72282e-05
8.71422e-05
8.7046e-05
8.69392e-05
8.68222e-05
8.66934e-05
8.65509e-05
8.63931e-05
8.62219e-05
8.6034e-05
8.58238e-05
8.55946e-05
8.53461e-05
8.50818e-05
8.48033e-05
8.4514e-05
8.42126e-05
8.39027e-05
8.35828e-05
8.32494e-05
8.29003e-05
8.25341e-05
8.21422e-05
8.16908e-05
8.12609e-05
8.08089e-05
8.0351e-05
8.64265e-05
8.64304e-05
8.64332e-05
8.64351e-05
8.64355e-05
8.64344e-05
8.64313e-05
8.64261e-05
8.64181e-05
8.64076e-05
8.63936e-05
8.63768e-05
8.63558e-05
8.63324e-05
8.63046e-05
8.62738e-05
8.62387e-05
8.61996e-05
8.61558e-05
8.61065e-05
8.60512e-05
8.59893e-05
8.59203e-05
8.58438e-05
8.57598e-05
8.56673e-05
8.55651e-05
8.54521e-05
8.53267e-05
8.51882e-05
8.50339e-05
8.48651e-05
8.46791e-05
8.4474e-05
8.42512e-05
8.40124e-05
8.37573e-05
8.34862e-05
8.31956e-05
8.28896e-05
8.25612e-05
8.22157e-05
8.18521e-05
8.14627e-05
8.1054e-05
8.06266e-05
8.02168e-05
7.97653e-05
7.93086e-05
7.88542e-05
8.56615e-05
8.56616e-05
8.56609e-05
8.56596e-05
8.56573e-05
8.56539e-05
8.56493e-05
8.5643e-05
8.5635e-05
8.56246e-05
8.56116e-05
8.55952e-05
8.55765e-05
8.55536e-05
8.55281e-05
8.54983e-05
8.54648e-05
8.54266e-05
8.53838e-05
8.53357e-05
8.5282e-05
8.52221e-05
8.5155e-05
8.50802e-05
8.49968e-05
8.4904e-05
8.48006e-05
8.46863e-05
8.45602e-05
8.44207e-05
8.4266e-05
8.40972e-05
8.39127e-05
8.37078e-05
8.34846e-05
8.32416e-05
8.29804e-05
8.27001e-05
8.24033e-05
8.20874e-05
8.17569e-05
8.14096e-05
8.10444e-05
8.06626e-05
8.0264e-05
7.98453e-05
7.93861e-05
7.89344e-05
7.84648e-05
7.79924e-05
8.52706e-05
8.52681e-05
8.52649e-05
8.5261e-05
8.52564e-05
8.52508e-05
8.52443e-05
8.52364e-05
8.5227e-05
8.52157e-05
8.52019e-05
8.51859e-05
8.51664e-05
8.51446e-05
8.51188e-05
8.50898e-05
8.50565e-05
8.50191e-05
8.49771e-05
8.49298e-05
8.48768e-05
8.48172e-05
8.47504e-05
8.4676e-05
8.45933e-05
8.45018e-05
8.44005e-05
8.42886e-05
8.41649e-05
8.40281e-05
8.38762e-05
8.37092e-05
8.35257e-05
8.33227e-05
8.3101e-05
8.28614e-05
8.26037e-05
8.23268e-05
8.20303e-05
8.17146e-05
8.13775e-05
8.10206e-05
8.0643e-05
8.02413e-05
7.98183e-05
7.93744e-05
7.89301e-05
7.84513e-05
7.79597e-05
7.74622e-05
8.50765e-05
8.50725e-05
8.50677e-05
8.50622e-05
8.5056e-05
8.50489e-05
8.50408e-05
8.50314e-05
8.50208e-05
8.50083e-05
8.49939e-05
8.49767e-05
8.49575e-05
8.49348e-05
8.49094e-05
8.488e-05
8.48471e-05
8.48099e-05
8.4768e-05
8.47209e-05
8.46681e-05
8.46089e-05
8.45427e-05
8.44689e-05
8.43866e-05
8.4295e-05
8.41931e-05
8.40801e-05
8.39551e-05
8.38168e-05
8.36638e-05
8.34963e-05
8.3313e-05
8.3111e-05
8.28903e-05
8.26504e-05
8.2392e-05
8.21128e-05
8.18149e-05
8.14956e-05
8.11576e-05
8.07995e-05
8.04209e-05
8.00237e-05
7.96083e-05
7.91719e-05
7.87052e-05
7.82334e-05
7.77424e-05
7.72405e-05
8.49802e-05
8.49754e-05
8.49698e-05
8.49636e-05
8.49565e-05
8.49484e-05
8.49395e-05
8.49291e-05
8.49175e-05
8.49042e-05
8.48888e-05
8.48715e-05
8.48513e-05
8.48287e-05
8.48027e-05
8.47736e-05
8.47405e-05
8.47034e-05
8.46615e-05
8.46146e-05
8.4562e-05
8.45031e-05
8.44373e-05
8.43637e-05
8.42816e-05
8.41904e-05
8.40892e-05
8.39772e-05
8.38534e-05
8.37166e-05
8.35655e-05
8.33994e-05
8.32168e-05
8.30157e-05
8.27957e-05
8.25573e-05
8.22999e-05
8.20224e-05
8.17247e-05
8.14067e-05
8.10674e-05
8.07072e-05
8.03259e-05
7.99215e-05
7.94954e-05
7.90478e-05
7.85894e-05
7.81027e-05
7.75993e-05
7.70833e-05
8.49278e-05
8.49226e-05
8.49166e-05
8.49099e-05
8.49023e-05
8.48938e-05
8.48842e-05
8.48733e-05
8.48612e-05
8.48472e-05
8.48316e-05
8.48137e-05
8.47935e-05
8.47705e-05
8.47446e-05
8.47152e-05
8.46822e-05
8.46451e-05
8.46033e-05
8.45565e-05
8.4504e-05
8.44454e-05
8.43796e-05
8.43063e-05
8.42245e-05
8.41335e-05
8.40323e-05
8.392e-05
8.37956e-05
8.3658e-05
8.35062e-05
8.33395e-05
8.31569e-05
8.29563e-05
8.27374e-05
8.25e-05
8.22433e-05
8.1966e-05
8.16687e-05
8.13499e-05
8.1011e-05
8.06507e-05
8.02693e-05
7.98678e-05
7.94468e-05
7.90055e-05
7.85392e-05
7.80608e-05
7.75629e-05
7.70492e-05
8.48957e-05
8.48904e-05
8.48843e-05
8.48774e-05
8.48696e-05
8.48608e-05
8.4851e-05
8.48398e-05
8.48274e-05
8.48132e-05
8.47973e-05
8.47792e-05
8.47588e-05
8.47358e-05
8.47097e-05
8.46803e-05
8.46473e-05
8.46101e-05
8.45685e-05
8.45218e-05
8.44695e-05
8.44109e-05
8.43454e-05
8.42722e-05
8.41906e-05
8.40997e-05
8.39987e-05
8.38867e-05
8.37628e-05
8.36259e-05
8.34751e-05
8.33093e-05
8.31273e-05
8.29275e-05
8.27093e-05
8.24723e-05
8.2216e-05
8.19392e-05
8.1642e-05
8.13238e-05
8.09844e-05
8.06237e-05
8.0242e-05
7.98379e-05
7.94127e-05
7.89663e-05
7.85043e-05
7.80184e-05
7.75149e-05
7.69965e-05
8.48706e-05
8.48652e-05
8.4859e-05
8.48521e-05
8.48443e-05
8.48354e-05
8.48255e-05
8.48142e-05
8.48016e-05
8.47872e-05
8.47712e-05
8.4753e-05
8.47326e-05
8.47095e-05
8.46834e-05
8.46541e-05
8.46211e-05
8.45841e-05
8.45425e-05
8.44959e-05
8.44436e-05
8.43852e-05
8.43198e-05
8.42468e-05
8.41653e-05
8.40747e-05
8.3974e-05
8.38622e-05
8.37384e-05
8.36016e-05
8.34506e-05
8.32847e-05
8.31027e-05
8.29033e-05
8.26859e-05
8.24499e-05
8.21947e-05
8.1919e-05
8.16229e-05
8.13055e-05
8.0967e-05
8.06069e-05
8.02257e-05
7.98237e-05
7.9402e-05
7.89597e-05
7.84957e-05
7.8016e-05
7.75177e-05
7.70021e-05
8.48487e-05
8.48432e-05
8.48371e-05
8.48302e-05
8.48223e-05
8.48135e-05
8.48035e-05
8.47922e-05
8.47796e-05
8.47652e-05
8.47491e-05
8.47309e-05
8.47105e-05
8.46873e-05
8.46614e-05
8.46321e-05
8.45992e-05
8.45623e-05
8.45208e-05
8.44743e-05
8.44222e-05
8.43638e-05
8.42986e-05
8.42258e-05
8.41446e-05
8.40542e-05
8.39536e-05
8.38421e-05
8.37184e-05
8.35818e-05
8.34314e-05
8.3266e-05
8.30844e-05
8.28857e-05
8.26689e-05
8.24333e-05
8.21781e-05
8.19025e-05
8.16061e-05
8.12886e-05
8.09497e-05
8.05894e-05
8.02081e-05
7.9805e-05
7.93811e-05
7.89365e-05
7.8474e-05
7.79905e-05
7.74894e-05
7.69728e-05
8.48275e-05
8.4822e-05
8.48159e-05
8.48089e-05
8.48012e-05
8.47923e-05
8.47824e-05
8.47711e-05
8.47584e-05
8.47441e-05
8.4728e-05
8.47098e-05
8.46894e-05
8.46663e-05
8.46403e-05
8.46111e-05
8.45783e-05
8.45415e-05
8.45001e-05
8.44537e-05
8.44016e-05
8.43435e-05
8.42784e-05
8.42058e-05
8.41248e-05
8.40345e-05
8.39342e-05
8.38228e-05
8.36995e-05
8.35632e-05
8.3413e-05
8.32477e-05
8.30664e-05
8.2868e-05
8.26518e-05
8.24169e-05
8.21626e-05
8.1888e-05
8.15928e-05
8.12763e-05
8.09386e-05
8.05793e-05
8.01989e-05
7.97973e-05
7.93757e-05
7.89337e-05
7.84712e-05
7.79914e-05
7.74934e-05
7.69775e-05
8.48072e-05
8.48018e-05
8.47957e-05
8.47888e-05
8.47811e-05
8.47722e-05
8.47623e-05
8.47511e-05
8.47385e-05
8.47242e-05
8.47081e-05
8.46899e-05
8.46696e-05
8.46465e-05
8.46207e-05
8.45915e-05
8.45588e-05
8.4522e-05
8.44808e-05
8.44345e-05
8.43826e-05
8.43246e-05
8.42597e-05
8.41873e-05
8.41064e-05
8.40164e-05
8.39162e-05
8.38052e-05
8.36821e-05
8.35462e-05
8.33962e-05
8.32313e-05
8.30504e-05
8.28525e-05
8.26367e-05
8.24022e-05
8.21481e-05
8.18736e-05
8.15782e-05
8.12616e-05
8.09236e-05
8.05642e-05
8.01835e-05
7.97813e-05
7.93585e-05
7.89153e-05
7.84534e-05
7.79718e-05
7.74727e-05
7.69578e-05
8.47871e-05
8.47817e-05
8.47757e-05
8.47688e-05
8.47611e-05
8.47523e-05
8.47424e-05
8.47312e-05
8.47186e-05
8.47043e-05
8.46883e-05
8.46702e-05
8.46498e-05
8.46269e-05
8.46011e-05
8.4572e-05
8.45394e-05
8.45028e-05
8.44616e-05
8.44155e-05
8.43638e-05
8.43059e-05
8.42412e-05
8.41689e-05
8.40883e-05
8.39984e-05
8.38987e-05
8.37879e-05
8.36653e-05
8.35296e-05
8.338e-05
8.32155e-05
8.3035e-05
8.28376e-05
8.26224e-05
8.23884e-05
8.2135e-05
8.18614e-05
8.15671e-05
8.12516e-05
8.09148e-05
8.05565e-05
8.01769e-05
7.97762e-05
7.9355e-05
7.89137e-05
7.84523e-05
7.79729e-05
7.74753e-05
7.69599e-05
8.47705e-05
8.47651e-05
8.4759e-05
8.4752e-05
8.47442e-05
8.47354e-05
8.47255e-05
8.47143e-05
8.47017e-05
8.46875e-05
8.46715e-05
8.46534e-05
8.46331e-05
8.46102e-05
8.45845e-05
8.45555e-05
8.4523e-05
8.44864e-05
8.44453e-05
8.43993e-05
8.43477e-05
8.42899e-05
8.42253e-05
8.41532e-05
8.40728e-05
8.39833e-05
8.38836e-05
8.37732e-05
8.36507e-05
8.35154e-05
8.33661e-05
8.3202e-05
8.30218e-05
8.28248e-05
8.261e-05
8.23765e-05
8.21235e-05
8.18502e-05
8.1556e-05
8.12407e-05
8.09039e-05
8.05455e-05
8.01658e-05
7.97648e-05
7.93431e-05
7.89013e-05
7.84403e-05
7.79602e-05
7.74625e-05
7.69488e-05
8.47593e-05
8.47539e-05
8.47477e-05
8.47409e-05
8.4733e-05
8.47243e-05
8.47144e-05
8.47032e-05
8.46906e-05
8.46765e-05
8.46605e-05
8.46425e-05
8.46222e-05
8.45993e-05
8.45737e-05
8.45447e-05
8.45123e-05
8.44757e-05
8.44348e-05
8.43888e-05
8.43373e-05
8.42796e-05
8.42152e-05
8.41432e-05
8.40629e-05
8.39734e-05
8.38741e-05
8.37637e-05
8.36415e-05
8.35063e-05
8.33573e-05
8.31934e-05
8.30136e-05
8.28169e-05
8.26023e-05
8.23691e-05
8.21164e-05
8.18435e-05
8.15499e-05
8.12352e-05
8.08991e-05
8.05415e-05
8.01625e-05
7.97624e-05
7.93417e-05
7.89009e-05
7.84402e-05
7.79611e-05
7.74641e-05
7.69495e-05
8.47578e-05
8.47524e-05
8.47463e-05
8.47394e-05
8.47317e-05
8.47229e-05
8.47131e-05
8.47019e-05
8.46893e-05
8.46751e-05
8.46592e-05
8.46411e-05
8.46209e-05
8.4598e-05
8.45723e-05
8.45434e-05
8.45109e-05
8.44744e-05
8.44335e-05
8.43875e-05
8.4336e-05
8.42784e-05
8.42139e-05
8.41419e-05
8.40616e-05
8.39723e-05
8.38728e-05
8.37625e-05
8.36403e-05
8.35053e-05
8.33563e-05
8.31924e-05
8.30126e-05
8.2816e-05
8.26016e-05
8.23685e-05
8.21159e-05
8.18431e-05
8.15495e-05
8.12348e-05
8.08986e-05
8.05409e-05
8.01617e-05
7.97613e-05
7.93402e-05
7.88989e-05
7.84384e-05
7.7959e-05
7.7462e-05
7.69487e-05
8.47718e-05
8.47664e-05
8.47603e-05
8.47534e-05
8.47457e-05
8.47369e-05
8.4727e-05
8.47158e-05
8.47032e-05
8.4689e-05
8.4673e-05
8.4655e-05
8.46347e-05
8.46118e-05
8.45861e-05
8.45571e-05
8.45246e-05
8.4488e-05
8.4447e-05
8.4401e-05
8.43494e-05
8.42917e-05
8.42271e-05
8.4155e-05
8.40747e-05
8.39851e-05
8.38856e-05
8.37751e-05
8.36528e-05
8.35175e-05
8.33684e-05
8.32043e-05
8.30244e-05
8.28276e-05
8.2613e-05
8.23796e-05
8.21267e-05
8.18536e-05
8.15598e-05
8.12449e-05
8.09085e-05
8.05506e-05
8.01714e-05
7.97709e-05
7.93498e-05
7.89086e-05
7.84477e-05
7.79683e-05
7.74711e-05
7.69567e-05
8.48096e-05
8.48042e-05
8.47981e-05
8.47911e-05
8.47833e-05
8.47745e-05
8.47645e-05
8.47533e-05
8.47407e-05
8.47264e-05
8.47103e-05
8.46922e-05
8.46718e-05
8.46488e-05
8.46229e-05
8.45938e-05
8.45612e-05
8.45244e-05
8.44832e-05
8.4437e-05
8.43852e-05
8.43272e-05
8.42624e-05
8.419e-05
8.41093e-05
8.40194e-05
8.39195e-05
8.38086e-05
8.36857e-05
8.355e-05
8.34003e-05
8.32357e-05
8.30552e-05
8.28577e-05
8.26424e-05
8.24083e-05
8.21546e-05
8.18808e-05
8.15862e-05
8.12704e-05
8.09332e-05
8.05745e-05
8.01943e-05
7.97929e-05
7.93707e-05
7.89284e-05
7.84668e-05
7.79864e-05
7.74885e-05
7.69741e-05
8.48841e-05
8.48786e-05
8.48724e-05
8.48654e-05
8.48575e-05
8.48486e-05
8.48386e-05
8.48272e-05
8.48144e-05
8.48e-05
8.47838e-05
8.47655e-05
8.47449e-05
8.47218e-05
8.46957e-05
8.46663e-05
8.46334e-05
8.45963e-05
8.45548e-05
8.45081e-05
8.44559e-05
8.43974e-05
8.43321e-05
8.4259e-05
8.41777e-05
8.4087e-05
8.39863e-05
8.38745e-05
8.37507e-05
8.36139e-05
8.34632e-05
8.32974e-05
8.31156e-05
8.29167e-05
8.27e-05
8.24643e-05
8.22091e-05
8.19337e-05
8.16374e-05
8.13199e-05
8.0981e-05
8.06205e-05
8.02386e-05
7.98355e-05
7.94117e-05
7.89678e-05
7.85044e-05
7.80226e-05
7.75231e-05
7.70068e-05
8.50157e-05
8.50101e-05
8.50039e-05
8.49968e-05
8.49888e-05
8.49797e-05
8.49695e-05
8.4958e-05
8.4945e-05
8.49304e-05
8.49139e-05
8.48953e-05
8.48744e-05
8.48509e-05
8.48244e-05
8.47946e-05
8.47611e-05
8.47235e-05
8.46813e-05
8.46339e-05
8.45809e-05
8.45215e-05
8.44552e-05
8.43811e-05
8.42985e-05
8.42066e-05
8.41044e-05
8.3991e-05
8.38655e-05
8.37269e-05
8.35741e-05
8.34062e-05
8.32221e-05
8.30208e-05
8.28015e-05
8.25632e-05
8.23052e-05
8.20268e-05
8.17276e-05
8.14071e-05
8.1065e-05
8.07014e-05
8.03164e-05
7.99102e-05
7.94833e-05
7.90362e-05
7.85699e-05
7.80851e-05
7.75829e-05
7.70643e-05
8.52369e-05
8.52312e-05
8.52247e-05
8.52174e-05
8.52092e-05
8.51999e-05
8.51894e-05
8.51776e-05
8.51642e-05
8.51492e-05
8.51323e-05
8.51132e-05
8.50917e-05
8.50675e-05
8.50403e-05
8.50097e-05
8.49753e-05
8.49367e-05
8.48934e-05
8.48448e-05
8.47904e-05
8.47295e-05
8.46615e-05
8.45855e-05
8.45009e-05
8.44067e-05
8.43021e-05
8.4186e-05
8.40576e-05
8.39159e-05
8.37597e-05
8.35881e-05
8.34001e-05
8.31948e-05
8.29711e-05
8.27282e-05
8.24655e-05
8.21822e-05
8.18779e-05
8.15522e-05
8.12049e-05
8.0836e-05
8.04456e-05
8.00342e-05
7.9602e-05
7.91499e-05
7.86785e-05
7.81889e-05
7.7682e-05
7.71589e-05
8.55967e-05
8.55907e-05
8.5584e-05
8.55763e-05
8.55677e-05
8.5558e-05
8.55471e-05
8.55347e-05
8.55208e-05
8.55051e-05
8.54874e-05
8.54675e-05
8.54451e-05
8.54198e-05
8.53914e-05
8.53595e-05
8.53237e-05
8.52834e-05
8.52382e-05
8.51876e-05
8.51309e-05
8.50675e-05
8.49966e-05
8.49176e-05
8.48296e-05
8.47316e-05
8.46229e-05
8.45024e-05
8.43692e-05
8.42221e-05
8.40604e-05
8.38828e-05
8.36884e-05
8.34762e-05
8.32453e-05
8.2995e-05
8.27244e-05
8.2433e-05
8.21204e-05
8.17862e-05
8.14304e-05
8.10528e-05
8.06538e-05
8.02337e-05
7.97931e-05
7.93327e-05
7.88533e-05
7.83558e-05
7.78414e-05
7.7311e-05
8.61809e-05
8.61744e-05
8.61672e-05
8.6159e-05
8.61498e-05
8.61393e-05
8.61276e-05
8.61143e-05
8.60994e-05
8.60825e-05
8.60636e-05
8.60422e-05
8.60181e-05
8.59911e-05
8.59607e-05
8.59264e-05
8.5888e-05
8.58449e-05
8.57966e-05
8.57424e-05
8.56819e-05
8.56141e-05
8.55385e-05
8.54542e-05
8.53603e-05
8.52561e-05
8.51404e-05
8.50124e-05
8.4871e-05
8.47152e-05
8.45439e-05
8.43562e-05
8.41511e-05
8.39275e-05
8.36847e-05
8.34219e-05
8.31384e-05
8.28337e-05
8.25074e-05
8.21594e-05
8.17894e-05
8.13978e-05
8.09847e-05
8.05507e-05
8.00964e-05
7.96225e-05
7.91301e-05
7.86201e-05
7.80936e-05
7.75517e-05
8.71292e-05
8.7122e-05
8.71139e-05
8.71047e-05
8.70943e-05
8.70826e-05
8.70694e-05
8.70545e-05
8.70378e-05
8.70189e-05
8.69976e-05
8.69737e-05
8.69467e-05
8.69164e-05
8.68823e-05
8.68441e-05
8.68011e-05
8.6753e-05
8.6699e-05
8.66386e-05
8.65711e-05
8.64957e-05
8.64117e-05
8.63181e-05
8.62141e-05
8.60986e-05
8.59709e-05
8.58297e-05
8.56741e-05
8.5503e-05
8.53154e-05
8.51103e-05
8.48867e-05
8.46438e-05
8.43807e-05
8.40968e-05
8.37915e-05
8.34645e-05
8.31154e-05
8.27442e-05
8.2351e-05
8.19361e-05
8.15e-05
8.10433e-05
8.05668e-05
8.00714e-05
7.9558e-05
7.90279e-05
7.84821e-05
7.79219e-05
8.86679e-05
8.86591e-05
8.86492e-05
8.8638e-05
8.86254e-05
8.86112e-05
8.85952e-05
8.85772e-05
8.85568e-05
8.8534e-05
8.85082e-05
8.84792e-05
8.84466e-05
8.841e-05
8.83689e-05
8.83228e-05
8.82712e-05
8.82133e-05
8.81485e-05
8.80762e-05
8.79954e-05
8.79055e-05
8.78054e-05
8.76942e-05
8.75711e-05
8.74348e-05
8.72844e-05
8.71188e-05
8.6937e-05
8.67379e-05
8.65205e-05
8.62839e-05
8.60272e-05
8.57496e-05
8.54506e-05
8.51296e-05
8.47863e-05
8.44205e-05
8.40323e-05
8.36218e-05
8.31894e-05
8.27357e-05
8.22614e-05
8.17674e-05
8.12546e-05
8.07241e-05
8.0177e-05
7.96146e-05
7.90382e-05
7.84491e-05
9.11103e-05
9.10981e-05
9.10843e-05
9.10687e-05
9.10512e-05
9.10314e-05
9.10092e-05
9.09841e-05
9.09559e-05
9.09242e-05
9.08886e-05
9.08486e-05
9.08037e-05
9.07533e-05
9.06969e-05
9.06337e-05
9.05632e-05
9.04843e-05
9.03965e-05
9.02987e-05
9.01901e-05
9.00695e-05
8.99361e-05
8.97887e-05
8.96264e-05
8.94479e-05
8.92523e-05
8.90384e-05
8.88055e-05
8.85525e-05
8.82788e-05
8.79835e-05
8.76663e-05
8.73267e-05
8.69647e-05
8.65803e-05
8.61737e-05
8.57454e-05
8.52961e-05
8.48267e-05
8.43382e-05
8.3832e-05
8.33095e-05
8.27723e-05
8.22221e-05
8.16608e-05
8.10903e-05
8.05125e-05
7.99292e-05
7.93424e-05
)
;

boundaryField
{
    aerofoil
    {
        type            nutkWallFunction;
        Cmu             0.09;
        kappa           0.41;
        E               9.8;
        value           nonuniform List<scalar> 
170
(
1.14561e-05
8.40489e-06
7.77788e-06
7.18209e-06
6.73047e-06
6.5805e-06
6.3404e-06
6.15925e-06
6.02778e-06
5.91796e-06
5.7778e-06
5.64327e-06
5.57483e-06
5.47681e-06
5.40531e-06
5.33696e-06
5.26821e-06
5.20277e-06
5.13791e-06
5.06929e-06
4.98402e-06
4.90089e-06
4.80517e-06
4.7232e-06
4.66291e-06
4.63778e-06
4.65452e-06
4.7217e-06
4.82083e-06
4.95442e-06
5.10577e-06
5.26657e-06
5.42923e-06
5.58798e-06
5.73498e-06
5.86227e-06
5.95073e-06
5.98872e-06
5.96945e-06
5.89112e-06
5.76623e-06
5.60348e-06
5.40467e-06
5.17179e-06
4.90548e-06
4.606e-06
4.27348e-06
3.90844e-06
3.51201e-06
3.08654e-06
2.63688e-06
2.17202e-06
1.70691e-06
1.26258e-06
8.64943e-07
5.4643e-07
0
0
0
3.29181e-06
8.28623e-07
1.36534e-06
1.40747e-06
1.39779e-06
1.33233e-06
1.20973e-06
1.06199e-06
8.37992e-07
6.00355e-07
5.53336e-07
4.21676e-06
1.91462e-06
8.64687e-07
1.78205e-07
1.89988e-06
0
5.17004e-06
2.37384e-06
3.82464e-06
4.6218e-06
5.18907e-06
5.49184e-06
5.39262e-06
6.36332e-06
1.00938e-05
7.41439e-07
1.28357e-06
1.32292e-06
1.31762e-06
1.24773e-06
1.12372e-06
9.67526e-07
7.32269e-07
4.56411e-07
1.77417e-07
2.64132e-06
1.42237e-06
5.38294e-07
0
0
2.59615e-06
2.59195e-07
2.58318e-06
3.75753e-06
4.53951e-06
5.13324e-06
5.43089e-06
5.47172e-06
6.52558e-06
1.01154e-05
1.13375e-05
8.27391e-06
7.5448e-06
6.9302e-06
6.6554e-06
6.29923e-06
6.07985e-06
5.84476e-06
5.65563e-06
5.49696e-06
5.44604e-06
5.35608e-06
5.23223e-06
5.06848e-06
4.80961e-06
4.45117e-06
4.1317e-06
3.95667e-06
3.9325e-06
4.01397e-06
4.14752e-06
4.34185e-06
4.54438e-06
4.76172e-06
4.97676e-06
5.1821e-06
5.36991e-06
5.53008e-06
5.65503e-06
5.75496e-06
5.82642e-06
5.88193e-06
5.93442e-06
5.99408e-06
6.05593e-06
6.10894e-06
6.13932e-06
6.13418e-06
6.08406e-06
5.98425e-06
5.84596e-06
5.6704e-06
5.45999e-06
5.21653e-06
4.94079e-06
4.63305e-06
4.29327e-06
3.92173e-06
3.51923e-06
3.08773e-06
2.63204e-06
2.16083e-06
1.68918e-06
1.23808e-06
8.34043e-07
5.09892e-07
0
0
0
3.29633e-06
)
;
    }
    inlet
    {
        type            fixedValue;
        value           uniform 0;
    }
    outlet
    {
        type            zeroGradient;
    }
    back
    {
        type            empty;
    }
    front
    {
        type            empty;
    }
}


// ************************************************************************* //
