/*--------------------------------*- C++ -*----------------------------------*\
  =========                 |
  \\      /  F ield         | OpenFOAM: The Open Source CFD Toolbox
   \\    /   O peration     | Website:  https://openfoam.org
    \\  /    A nd           | Version:  12
     \\/     M anipulation  |
\*---------------------------------------------------------------------------*/
FoamFile
{
    format      ascii;
    class       labelList;
    note        "nPoints: 32960 nCells: 16200 nFaces: 65080 nInternalFaces: 32120";
    location    "constant/polyMesh";
    object      neighbour;
}
// * * * * * * * * * * * * * * * * * * * * * * * * * * * * * * * * * * * * * //


32120
(
1
60
3624
2
61
3
62
4
63
5
64
6
65
7
66
8
67
9
68
10
69
11
70
12
71
13
72
14
73
15
74
16
75
17
76
18
77
19
78
20
79
21
80
22
81
23
82
24
83
25
84
26
85
27
86
28
87
29
88
30
89
31
90
32
91
33
92
34
93
35
94
36
95
37
96
38
97
39
98
40
99
41
100
42
101
43
102
44
103
45
104
46
105
47
106
48
107
49
108
50
109
51
110
52
111
53
112
54
113
55
114
56
115
57
116
58
117
59
118
119
8159
61
120
3649
62
121
63
122
64
123
65
124
66
125
67
126
68
127
69
128
70
129
71
130
72
131
73
132
74
133
75
134
76
135
77
136
78
137
79
138
80
139
81
140
82
141
83
142
84
143
85
144
86
145
87
146
88
147
89
148
90
149
91
150
92
151
93
152
94
153
95
154
96
155
97
156
98
157
99
158
100
159
101
160
102
161
103
162
104
163
105
164
106
165
107
166
108
167
109
168
110
169
111
170
112
171
113
172
114
173
115
174
116
175
117
176
118
177
119
178
179
8219
121
180
3674
122
181
123
182
124
183
125
184
126
185
127
186
128
187
129
188
130
189
131
190
132
191
133
192
134
193
135
194
136
195
137
196
138
197
139
198
140
199
141
200
142
201
143
202
144
203
145
204
146
205
147
206
148
207
149
208
150
209
151
210
152
211
153
212
154
213
155
214
156
215
157
216
158
217
159
218
160
219
161
220
162
221
163
222
164
223
165
224
166
225
167
226
168
227
169
228
170
229
171
230
172
231
173
232
174
233
175
234
176
235
177
236
178
237
179
238
239
8279
181
240
3699
182
241
183
242
184
243
185
244
186
245
187
246
188
247
189
248
190
249
191
250
192
251
193
252
194
253
195
254
196
255
197
256
198
257
199
258
200
259
201
260
202
261
203
262
204
263
205
264
206
265
207
266
208
267
209
268
210
269
211
270
212
271
213
272
214
273
215
274
216
275
217
276
218
277
219
278
220
279
221
280
222
281
223
282
224
283
225
284
226
285
227
286
228
287
229
288
230
289
231
290
232
291
233
292
234
293
235
294
236
295
237
296
238
297
239
298
299
8339
241
300
3724
242
301
243
302
244
303
245
304
246
305
247
306
248
307
249
308
250
309
251
310
252
311
253
312
254
313
255
314
256
315
257
316
258
317
259
318
260
319
261
320
262
321
263
322
264
323
265
324
266
325
267
326
268
327
269
328
270
329
271
330
272
331
273
332
274
333
275
334
276
335
277
336
278
337
279
338
280
339
281
340
282
341
283
342
284
343
285
344
286
345
287
346
288
347
289
348
290
349
291
350
292
351
293
352
294
353
295
354
296
355
297
356
298
357
299
358
359
8399
301
360
3749
302
361
303
362
304
363
305
364
306
365
307
366
308
367
309
368
310
369
311
370
312
371
313
372
314
373
315
374
316
375
317
376
318
377
319
378
320
379
321
380
322
381
323
382
324
383
325
384
326
385
327
386
328
387
329
388
330
389
331
390
332
391
333
392
334
393
335
394
336
395
337
396
338
397
339
398
340
399
341
400
342
401
343
402
344
403
345
404
346
405
347
406
348
407
349
408
350
409
351
410
352
411
353
412
354
413
355
414
356
415
357
416
358
417
359
418
419
8459
361
420
3774
362
421
363
422
364
423
365
424
366
425
367
426
368
427
369
428
370
429
371
430
372
431
373
432
374
433
375
434
376
435
377
436
378
437
379
438
380
439
381
440
382
441
383
442
384
443
385
444
386
445
387
446
388
447
389
448
390
449
391
450
392
451
393
452
394
453
395
454
396
455
397
456
398
457
399
458
400
459
401
460
402
461
403
462
404
463
405
464
406
465
407
466
408
467
409
468
410
469
411
470
412
471
413
472
414
473
415
474
416
475
417
476
418
477
419
478
479
8519
421
480
3799
422
481
423
482
424
483
425
484
426
485
427
486
428
487
429
488
430
489
431
490
432
491
433
492
434
493
435
494
436
495
437
496
438
497
439
498
440
499
441
500
442
501
443
502
444
503
445
504
446
505
447
506
448
507
449
508
450
509
451
510
452
511
453
512
454
513
455
514
456
515
457
516
458
517
459
518
460
519
461
520
462
521
463
522
464
523
465
524
466
525
467
526
468
527
469
528
470
529
471
530
472
531
473
532
474
533
475
534
476
535
477
536
478
537
479
538
539
8579
481
540
3824
482
541
483
542
484
543
485
544
486
545
487
546
488
547
489
548
490
549
491
550
492
551
493
552
494
553
495
554
496
555
497
556
498
557
499
558
500
559
501
560
502
561
503
562
504
563
505
564
506
565
507
566
508
567
509
568
510
569
511
570
512
571
513
572
514
573
515
574
516
575
517
576
518
577
519
578
520
579
521
580
522
581
523
582
524
583
525
584
526
585
527
586
528
587
529
588
530
589
531
590
532
591
533
592
534
593
535
594
536
595
537
596
538
597
539
598
599
8639
541
600
3849
542
601
543
602
544
603
545
604
546
605
547
606
548
607
549
608
550
609
551
610
552
611
553
612
554
613
555
614
556
615
557
616
558
617
559
618
560
619
561
620
562
621
563
622
564
623
565
624
566
625
567
626
568
627
569
628
570
629
571
630
572
631
573
632
574
633
575
634
576
635
577
636
578
637
579
638
580
639
581
640
582
641
583
642
584
643
585
644
586
645
587
646
588
647
589
648
590
649
591
650
592
651
593
652
594
653
595
654
596
655
597
656
598
657
599
658
659
8699
601
660
3874
602
661
603
662
604
663
605
664
606
665
607
666
608
667
609
668
610
669
611
670
612
671
613
672
614
673
615
674
616
675
617
676
618
677
619
678
620
679
621
680
622
681
623
682
624
683
625
684
626
685
627
686
628
687
629
688
630
689
631
690
632
691
633
692
634
693
635
694
636
695
637
696
638
697
639
698
640
699
641
700
642
701
643
702
644
703
645
704
646
705
647
706
648
707
649
708
650
709
651
710
652
711
653
712
654
713
655
714
656
715
657
716
658
717
659
718
719
8759
661
720
3899
662
721
663
722
664
723
665
724
666
725
667
726
668
727
669
728
670
729
671
730
672
731
673
732
674
733
675
734
676
735
677
736
678
737
679
738
680
739
681
740
682
741
683
742
684
743
685
744
686
745
687
746
688
747
689
748
690
749
691
750
692
751
693
752
694
753
695
754
696
755
697
756
698
757
699
758
700
759
701
760
702
761
703
762
704
763
705
764
706
765
707
766
708
767
709
768
710
769
711
770
712
771
713
772
714
773
715
774
716
775
717
776
718
777
719
778
779
8819
721
780
3924
722
781
723
782
724
783
725
784
726
785
727
786
728
787
729
788
730
789
731
790
732
791
733
792
734
793
735
794
736
795
737
796
738
797
739
798
740
799
741
800
742
801
743
802
744
803
745
804
746
805
747
806
748
807
749
808
750
809
751
810
752
811
753
812
754
813
755
814
756
815
757
816
758
817
759
818
760
819
761
820
762
821
763
822
764
823
765
824
766
825
767
826
768
827
769
828
770
829
771
830
772
831
773
832
774
833
775
834
776
835
777
836
778
837
779
838
839
8879
781
840
3949
782
841
783
842
784
843
785
844
786
845
787
846
788
847
789
848
790
849
791
850
792
851
793
852
794
853
795
854
796
855
797
856
798
857
799
858
800
859
801
860
802
861
803
862
804
863
805
864
806
865
807
866
808
867
809
868
810
869
811
870
812
871
813
872
814
873
815
874
816
875
817
876
818
877
819
878
820
879
821
880
822
881
823
882
824
883
825
884
826
885
827
886
828
887
829
888
830
889
831
890
832
891
833
892
834
893
835
894
836
895
837
896
838
897
839
898
899
8939
841
900
3974
842
901
843
902
844
903
845
904
846
905
847
906
848
907
849
908
850
909
851
910
852
911
853
912
854
913
855
914
856
915
857
916
858
917
859
918
860
919
861
920
862
921
863
922
864
923
865
924
866
925
867
926
868
927
869
928
870
929
871
930
872
931
873
932
874
933
875
934
876
935
877
936
878
937
879
938
880
939
881
940
882
941
883
942
884
943
885
944
886
945
887
946
888
947
889
948
890
949
891
950
892
951
893
952
894
953
895
954
896
955
897
956
898
957
899
958
959
8999
901
960
3999
902
961
903
962
904
963
905
964
906
965
907
966
908
967
909
968
910
969
911
970
912
971
913
972
914
973
915
974
916
975
917
976
918
977
919
978
920
979
921
980
922
981
923
982
924
983
925
984
926
985
927
986
928
987
929
988
930
989
931
990
932
991
933
992
934
993
935
994
936
995
937
996
938
997
939
998
940
999
941
1000
942
1001
943
1002
944
1003
945
1004
946
1005
947
1006
948
1007
949
1008
950
1009
951
1010
952
1011
953
1012
954
1013
955
1014
956
1015
957
1016
958
1017
959
1018
1019
9059
961
1020
4024
962
1021
963
1022
964
1023
965
1024
966
1025
967
1026
968
1027
969
1028
970
1029
971
1030
972
1031
973
1032
974
1033
975
1034
976
1035
977
1036
978
1037
979
1038
980
1039
981
1040
982
1041
983
1042
984
1043
985
1044
986
1045
987
1046
988
1047
989
1048
990
1049
991
1050
992
1051
993
1052
994
1053
995
1054
996
1055
997
1056
998
1057
999
1058
1000
1059
1001
1060
1002
1061
1003
1062
1004
1063
1005
1064
1006
1065
1007
1066
1008
1067
1009
1068
1010
1069
1011
1070
1012
1071
1013
1072
1014
1073
1015
1074
1016
1075
1017
1076
1018
1077
1019
1078
1079
9119
1021
1080
4049
1022
1081
1023
1082
1024
1083
1025
1084
1026
1085
1027
1086
1028
1087
1029
1088
1030
1089
1031
1090
1032
1091
1033
1092
1034
1093
1035
1094
1036
1095
1037
1096
1038
1097
1039
1098
1040
1099
1041
1100
1042
1101
1043
1102
1044
1103
1045
1104
1046
1105
1047
1106
1048
1107
1049
1108
1050
1109
1051
1110
1052
1111
1053
1112
1054
1113
1055
1114
1056
1115
1057
1116
1058
1117
1059
1118
1060
1119
1061
1120
1062
1121
1063
1122
1064
1123
1065
1124
1066
1125
1067
1126
1068
1127
1069
1128
1070
1129
1071
1130
1072
1131
1073
1132
1074
1133
1075
1134
1076
1135
1077
1136
1078
1137
1079
1138
1139
9179
1081
1140
4074
1082
1141
1083
1142
1084
1143
1085
1144
1086
1145
1087
1146
1088
1147
1089
1148
1090
1149
1091
1150
1092
1151
1093
1152
1094
1153
1095
1154
1096
1155
1097
1156
1098
1157
1099
1158
1100
1159
1101
1160
1102
1161
1103
1162
1104
1163
1105
1164
1106
1165
1107
1166
1108
1167
1109
1168
1110
1169
1111
1170
1112
1171
1113
1172
1114
1173
1115
1174
1116
1175
1117
1176
1118
1177
1119
1178
1120
1179
1121
1180
1122
1181
1123
1182
1124
1183
1125
1184
1126
1185
1127
1186
1128
1187
1129
1188
1130
1189
1131
1190
1132
1191
1133
1192
1134
1193
1135
1194
1136
1195
1137
1196
1138
1197
1139
1198
1199
9239
1141
1200
4099
1142
1201
1143
1202
1144
1203
1145
1204
1146
1205
1147
1206
1148
1207
1149
1208
1150
1209
1151
1210
1152
1211
1153
1212
1154
1213
1155
1214
1156
1215
1157
1216
1158
1217
1159
1218
1160
1219
1161
1220
1162
1221
1163
1222
1164
1223
1165
1224
1166
1225
1167
1226
1168
1227
1169
1228
1170
1229
1171
1230
1172
1231
1173
1232
1174
1233
1175
1234
1176
1235
1177
1236
1178
1237
1179
1238
1180
1239
1181
1240
1182
1241
1183
1242
1184
1243
1185
1244
1186
1245
1187
1246
1188
1247
1189
1248
1190
1249
1191
1250
1192
1251
1193
1252
1194
1253
1195
1254
1196
1255
1197
1256
1198
1257
1199
1258
1259
9299
1201
1260
4124
1202
1261
1203
1262
1204
1263
1205
1264
1206
1265
1207
1266
1208
1267
1209
1268
1210
1269
1211
1270
1212
1271
1213
1272
1214
1273
1215
1274
1216
1275
1217
1276
1218
1277
1219
1278
1220
1279
1221
1280
1222
1281
1223
1282
1224
1283
1225
1284
1226
1285
1227
1286
1228
1287
1229
1288
1230
1289
1231
1290
1232
1291
1233
1292
1234
1293
1235
1294
1236
1295
1237
1296
1238
1297
1239
1298
1240
1299
1241
1300
1242
1301
1243
1302
1244
1303
1245
1304
1246
1305
1247
1306
1248
1307
1249
1308
1250
1309
1251
1310
1252
1311
1253
1312
1254
1313
1255
1314
1256
1315
1257
1316
1258
1317
1259
1318
1319
9359
1261
1320
4149
1262
1321
1263
1322
1264
1323
1265
1324
1266
1325
1267
1326
1268
1327
1269
1328
1270
1329
1271
1330
1272
1331
1273
1332
1274
1333
1275
1334
1276
1335
1277
1336
1278
1337
1279
1338
1280
1339
1281
1340
1282
1341
1283
1342
1284
1343
1285
1344
1286
1345
1287
1346
1288
1347
1289
1348
1290
1349
1291
1350
1292
1351
1293
1352
1294
1353
1295
1354
1296
1355
1297
1356
1298
1357
1299
1358
1300
1359
1301
1360
1302
1361
1303
1362
1304
1363
1305
1364
1306
1365
1307
1366
1308
1367
1309
1368
1310
1369
1311
1370
1312
1371
1313
1372
1314
1373
1315
1374
1316
1375
1317
1376
1318
1377
1319
1378
1379
9419
1321
1380
4174
1322
1381
1323
1382
1324
1383
1325
1384
1326
1385
1327
1386
1328
1387
1329
1388
1330
1389
1331
1390
1332
1391
1333
1392
1334
1393
1335
1394
1336
1395
1337
1396
1338
1397
1339
1398
1340
1399
1341
1400
1342
1401
1343
1402
1344
1403
1345
1404
1346
1405
1347
1406
1348
1407
1349
1408
1350
1409
1351
1410
1352
1411
1353
1412
1354
1413
1355
1414
1356
1415
1357
1416
1358
1417
1359
1418
1360
1419
1361
1420
1362
1421
1363
1422
1364
1423
1365
1424
1366
1425
1367
1426
1368
1427
1369
1428
1370
1429
1371
1430
1372
1431
1373
1432
1374
1433
1375
1434
1376
1435
1377
1436
1378
1437
1379
1438
1439
9479
1381
1440
4199
1382
1441
1383
1442
1384
1443
1385
1444
1386
1445
1387
1446
1388
1447
1389
1448
1390
1449
1391
1450
1392
1451
1393
1452
1394
1453
1395
1454
1396
1455
1397
1456
1398
1457
1399
1458
1400
1459
1401
1460
1402
1461
1403
1462
1404
1463
1405
1464
1406
1465
1407
1466
1408
1467
1409
1468
1410
1469
1411
1470
1412
1471
1413
1472
1414
1473
1415
1474
1416
1475
1417
1476
1418
1477
1419
1478
1420
1479
1421
1480
1422
1481
1423
1482
1424
1483
1425
1484
1426
1485
1427
1486
1428
1487
1429
1488
1430
1489
1431
1490
1432
1491
1433
1492
1434
1493
1435
1494
1436
1495
1437
1496
1438
1497
1439
1498
1499
9539
1441
1500
4224
1442
1501
1443
1502
1444
1503
1445
1504
1446
1505
1447
1506
1448
1507
1449
1508
1450
1509
1451
1510
1452
1511
1453
1512
1454
1513
1455
1514
1456
1515
1457
1516
1458
1517
1459
1518
1460
1519
1461
1520
1462
1521
1463
1522
1464
1523
1465
1524
1466
1525
1467
1526
1468
1527
1469
1528
1470
1529
1471
1530
1472
1531
1473
1532
1474
1533
1475
1534
1476
1535
1477
1536
1478
1537
1479
1538
1480
1539
1481
1540
1482
1541
1483
1542
1484
1543
1485
1544
1486
1545
1487
1546
1488
1547
1489
1548
1490
1549
1491
1550
1492
1551
1493
1552
1494
1553
1495
1554
1496
1555
1497
1556
1498
1557
1499
1558
1559
9599
1501
1560
4249
1502
1561
1503
1562
1504
1563
1505
1564
1506
1565
1507
1566
1508
1567
1509
1568
1510
1569
1511
1570
1512
1571
1513
1572
1514
1573
1515
1574
1516
1575
1517
1576
1518
1577
1519
1578
1520
1579
1521
1580
1522
1581
1523
1582
1524
1583
1525
1584
1526
1585
1527
1586
1528
1587
1529
1588
1530
1589
1531
1590
1532
1591
1533
1592
1534
1593
1535
1594
1536
1595
1537
1596
1538
1597
1539
1598
1540
1599
1541
1600
1542
1601
1543
1602
1544
1603
1545
1604
1546
1605
1547
1606
1548
1607
1549
1608
1550
1609
1551
1610
1552
1611
1553
1612
1554
1613
1555
1614
1556
1615
1557
1616
1558
1617
1559
1618
1619
9659
1561
1620
4274
1562
1621
1563
1622
1564
1623
1565
1624
1566
1625
1567
1626
1568
1627
1569
1628
1570
1629
1571
1630
1572
1631
1573
1632
1574
1633
1575
1634
1576
1635
1577
1636
1578
1637
1579
1638
1580
1639
1581
1640
1582
1641
1583
1642
1584
1643
1585
1644
1586
1645
1587
1646
1588
1647
1589
1648
1590
1649
1591
1650
1592
1651
1593
1652
1594
1653
1595
1654
1596
1655
1597
1656
1598
1657
1599
1658
1600
1659
1601
1660
1602
1661
1603
1662
1604
1663
1605
1664
1606
1665
1607
1666
1608
1667
1609
1668
1610
1669
1611
1670
1612
1671
1613
1672
1614
1673
1615
1674
1616
1675
1617
1676
1618
1677
1619
1678
1679
9719
1621
1680
4299
1622
1681
1623
1682
1624
1683
1625
1684
1626
1685
1627
1686
1628
1687
1629
1688
1630
1689
1631
1690
1632
1691
1633
1692
1634
1693
1635
1694
1636
1695
1637
1696
1638
1697
1639
1698
1640
1699
1641
1700
1642
1701
1643
1702
1644
1703
1645
1704
1646
1705
1647
1706
1648
1707
1649
1708
1650
1709
1651
1710
1652
1711
1653
1712
1654
1713
1655
1714
1656
1715
1657
1716
1658
1717
1659
1718
1660
1719
1661
1720
1662
1721
1663
1722
1664
1723
1665
1724
1666
1725
1667
1726
1668
1727
1669
1728
1670
1729
1671
1730
1672
1731
1673
1732
1674
1733
1675
1734
1676
1735
1677
1736
1678
1737
1679
1738
1739
9779
1681
1740
4324
1682
1741
1683
1742
1684
1743
1685
1744
1686
1745
1687
1746
1688
1747
1689
1748
1690
1749
1691
1750
1692
1751
1693
1752
1694
1753
1695
1754
1696
1755
1697
1756
1698
1757
1699
1758
1700
1759
1701
1760
1702
1761
1703
1762
1704
1763
1705
1764
1706
1765
1707
1766
1708
1767
1709
1768
1710
1769
1711
1770
1712
1771
1713
1772
1714
1773
1715
1774
1716
1775
1717
1776
1718
1777
1719
1778
1720
1779
1721
1780
1722
1781
1723
1782
1724
1783
1725
1784
1726
1785
1727
1786
1728
1787
1729
1788
1730
1789
1731
1790
1732
1791
1733
1792
1734
1793
1735
1794
1736
1795
1737
1796
1738
1797
1739
1798
1799
9839
1741
1800
4349
1742
1801
1743
1802
1744
1803
1745
1804
1746
1805
1747
1806
1748
1807
1749
1808
1750
1809
1751
1810
1752
1811
1753
1812
1754
1813
1755
1814
1756
1815
1757
1816
1758
1817
1759
1818
1760
1819
1761
1820
1762
1821
1763
1822
1764
1823
1765
1824
1766
1825
1767
1826
1768
1827
1769
1828
1770
1829
1771
1830
1772
1831
1773
1832
1774
1833
1775
1834
1776
1835
1777
1836
1778
1837
1779
1838
1780
1839
1781
1840
1782
1841
1783
1842
1784
1843
1785
1844
1786
1845
1787
1846
1788
1847
1789
1848
1790
1849
1791
1850
1792
1851
1793
1852
1794
1853
1795
1854
1796
1855
1797
1856
1798
1857
1799
1858
1859
9899
1801
1860
4374
1802
1861
1803
1862
1804
1863
1805
1864
1806
1865
1807
1866
1808
1867
1809
1868
1810
1869
1811
1870
1812
1871
1813
1872
1814
1873
1815
1874
1816
1875
1817
1876
1818
1877
1819
1878
1820
1879
1821
1880
1822
1881
1823
1882
1824
1883
1825
1884
1826
1885
1827
1886
1828
1887
1829
1888
1830
1889
1831
1890
1832
1891
1833
1892
1834
1893
1835
1894
1836
1895
1837
1896
1838
1897
1839
1898
1840
1899
1841
1900
1842
1901
1843
1902
1844
1903
1845
1904
1846
1905
1847
1906
1848
1907
1849
1908
1850
1909
1851
1910
1852
1911
1853
1912
1854
1913
1855
1914
1856
1915
1857
1916
1858
1917
1859
1918
1919
9959
1861
1920
4399
1862
1921
1863
1922
1864
1923
1865
1924
1866
1925
1867
1926
1868
1927
1869
1928
1870
1929
1871
1930
1872
1931
1873
1932
1874
1933
1875
1934
1876
1935
1877
1936
1878
1937
1879
1938
1880
1939
1881
1940
1882
1941
1883
1942
1884
1943
1885
1944
1886
1945
1887
1946
1888
1947
1889
1948
1890
1949
1891
1950
1892
1951
1893
1952
1894
1953
1895
1954
1896
1955
1897
1956
1898
1957
1899
1958
1900
1959
1901
1960
1902
1961
1903
1962
1904
1963
1905
1964
1906
1965
1907
1966
1908
1967
1909
1968
1910
1969
1911
1970
1912
1971
1913
1972
1914
1973
1915
1974
1916
1975
1917
1976
1918
1977
1919
1978
1979
10019
1921
1980
4424
1922
1981
1923
1982
1924
1983
1925
1984
1926
1985
1927
1986
1928
1987
1929
1988
1930
1989
1931
1990
1932
1991
1933
1992
1934
1993
1935
1994
1936
1995
1937
1996
1938
1997
1939
1998
1940
1999
1941
2000
1942
2001
1943
2002
1944
2003
1945
2004
1946
2005
1947
2006
1948
2007
1949
2008
1950
2009
1951
2010
1952
2011
1953
2012
1954
2013
1955
2014
1956
2015
1957
2016
1958
2017
1959
2018
1960
2019
1961
2020
1962
2021
1963
2022
1964
2023
1965
2024
1966
2025
1967
2026
1968
2027
1969
2028
1970
2029
1971
2030
1972
2031
1973
2032
1974
2033
1975
2034
1976
2035
1977
2036
1978
2037
1979
2038
2039
10079
1981
2040
4449
1982
2041
1983
2042
1984
2043
1985
2044
1986
2045
1987
2046
1988
2047
1989
2048
1990
2049
1991
2050
1992
2051
1993
2052
1994
2053
1995
2054
1996
2055
1997
2056
1998
2057
1999
2058
2000
2059
2001
2060
2002
2061
2003
2062
2004
2063
2005
2064
2006
2065
2007
2066
2008
2067
2009
2068
2010
2069
2011
2070
2012
2071
2013
2072
2014
2073
2015
2074
2016
2075
2017
2076
2018
2077
2019
2078
2020
2079
2021
2080
2022
2081
2023
2082
2024
2083
2025
2084
2026
2085
2027
2086
2028
2087
2029
2088
2030
2089
2031
2090
2032
2091
2033
2092
2034
2093
2035
2094
2036
2095
2037
2096
2038
2097
2039
2098
2099
10139
2041
2100
4474
2042
2101
2043
2102
2044
2103
2045
2104
2046
2105
2047
2106
2048
2107
2049
2108
2050
2109
2051
2110
2052
2111
2053
2112
2054
2113
2055
2114
2056
2115
2057
2116
2058
2117
2059
2118
2060
2119
2061
2120
2062
2121
2063
2122
2064
2123
2065
2124
2066
2125
2067
2126
2068
2127
2069
2128
2070
2129
2071
2130
2072
2131
2073
2132
2074
2133
2075
2134
2076
2135
2077
2136
2078
2137
2079
2138
2080
2139
2081
2140
2082
2141
2083
2142
2084
2143
2085
2144
2086
2145
2087
2146
2088
2147
2089
2148
2090
2149
2091
2150
2092
2151
2093
2152
2094
2153
2095
2154
2096
2155
2097
2156
2098
2157
2099
2158
2159
10199
2101
2160
4499
2102
2161
2103
2162
2104
2163
2105
2164
2106
2165
2107
2166
2108
2167
2109
2168
2110
2169
2111
2170
2112
2171
2113
2172
2114
2173
2115
2174
2116
2175
2117
2176
2118
2177
2119
2178
2120
2179
2121
2180
2122
2181
2123
2182
2124
2183
2125
2184
2126
2185
2127
2186
2128
2187
2129
2188
2130
2189
2131
2190
2132
2191
2133
2192
2134
2193
2135
2194
2136
2195
2137
2196
2138
2197
2139
2198
2140
2199
2141
2200
2142
2201
2143
2202
2144
2203
2145
2204
2146
2205
2147
2206
2148
2207
2149
2208
2150
2209
2151
2210
2152
2211
2153
2212
2154
2213
2155
2214
2156
2215
2157
2216
2158
2217
2159
2218
2219
10259
2161
2220
4524
2162
2221
2163
2222
2164
2223
2165
2224
2166
2225
2167
2226
2168
2227
2169
2228
2170
2229
2171
2230
2172
2231
2173
2232
2174
2233
2175
2234
2176
2235
2177
2236
2178
2237
2179
2238
2180
2239
2181
2240
2182
2241
2183
2242
2184
2243
2185
2244
2186
2245
2187
2246
2188
2247
2189
2248
2190
2249
2191
2250
2192
2251
2193
2252
2194
2253
2195
2254
2196
2255
2197
2256
2198
2257
2199
2258
2200
2259
2201
2260
2202
2261
2203
2262
2204
2263
2205
2264
2206
2265
2207
2266
2208
2267
2209
2268
2210
2269
2211
2270
2212
2271
2213
2272
2214
2273
2215
2274
2216
2275
2217
2276
2218
2277
2219
2278
2279
10319
2221
2280
4549
2222
2281
2223
2282
2224
2283
2225
2284
2226
2285
2227
2286
2228
2287
2229
2288
2230
2289
2231
2290
2232
2291
2233
2292
2234
2293
2235
2294
2236
2295
2237
2296
2238
2297
2239
2298
2240
2299
2241
2300
2242
2301
2243
2302
2244
2303
2245
2304
2246
2305
2247
2306
2248
2307
2249
2308
2250
2309
2251
2310
2252
2311
2253
2312
2254
2313
2255
2314
2256
2315
2257
2316
2258
2317
2259
2318
2260
2319
2261
2320
2262
2321
2263
2322
2264
2323
2265
2324
2266
2325
2267
2326
2268
2327
2269
2328
2270
2329
2271
2330
2272
2331
2273
2332
2274
2333
2275
2334
2276
2335
2277
2336
2278
2337
2279
2338
2339
10379
2281
2340
4574
2282
2341
2283
2342
2284
2343
2285
2344
2286
2345
2287
2346
2288
2347
2289
2348
2290
2349
2291
2350
2292
2351
2293
2352
2294
2353
2295
2354
2296
2355
2297
2356
2298
2357
2299
2358
2300
2359
2301
2360
2302
2361
2303
2362
2304
2363
2305
2364
2306
2365
2307
2366
2308
2367
2309
2368
2310
2369
2311
2370
2312
2371
2313
2372
2314
2373
2315
2374
2316
2375
2317
2376
2318
2377
2319
2378
2320
2379
2321
2380
2322
2381
2323
2382
2324
2383
2325
2384
2326
2385
2327
2386
2328
2387
2329
2388
2330
2389
2331
2390
2332
2391
2333
2392
2334
2393
2335
2394
2336
2395
2337
2396
2338
2397
2339
2398
2399
10439
2341
2400
4599
2342
2401
2343
2402
2344
2403
2345
2404
2346
2405
2347
2406
2348
2407
2349
2408
2350
2409
2351
2410
2352
2411
2353
2412
2354
2413
2355
2414
2356
2415
2357
2416
2358
2417
2359
2418
2360
2419
2361
2420
2362
2421
2363
2422
2364
2423
2365
2424
2366
2425
2367
2426
2368
2427
2369
2428
2370
2429
2371
2430
2372
2431
2373
2432
2374
2433
2375
2434
2376
2435
2377
2436
2378
2437
2379
2438
2380
2439
2381
2440
2382
2441
2383
2442
2384
2443
2385
2444
2386
2445
2387
2446
2388
2447
2389
2448
2390
2449
2391
2450
2392
2451
2393
2452
2394
2453
2395
2454
2396
2455
2397
2456
2398
2457
2399
2458
2459
10499
2401
2460
4624
2402
2461
2403
2462
2404
2463
2405
2464
2406
2465
2407
2466
2408
2467
2409
2468
2410
2469
2411
2470
2412
2471
2413
2472
2414
2473
2415
2474
2416
2475
2417
2476
2418
2477
2419
2478
2420
2479
2421
2480
2422
2481
2423
2482
2424
2483
2425
2484
2426
2485
2427
2486
2428
2487
2429
2488
2430
2489
2431
2490
2432
2491
2433
2492
2434
2493
2435
2494
2436
2495
2437
2496
2438
2497
2439
2498
2440
2499
2441
2500
2442
2501
2443
2502
2444
2503
2445
2504
2446
2505
2447
2506
2448
2507
2449
2508
2450
2509
2451
2510
2452
2511
2453
2512
2454
2513
2455
2514
2456
2515
2457
2516
2458
2517
2459
2518
2519
10559
2461
2520
4649
2462
2521
2463
2522
2464
2523
2465
2524
2466
2525
2467
2526
2468
2527
2469
2528
2470
2529
2471
2530
2472
2531
2473
2532
2474
2533
2475
2534
2476
2535
2477
2536
2478
2537
2479
2538
2480
2539
2481
2540
2482
2541
2483
2542
2484
2543
2485
2544
2486
2545
2487
2546
2488
2547
2489
2548
2490
2549
2491
2550
2492
2551
2493
2552
2494
2553
2495
2554
2496
2555
2497
2556
2498
2557
2499
2558
2500
2559
2501
2560
2502
2561
2503
2562
2504
2563
2505
2564
2506
2565
2507
2566
2508
2567
2509
2568
2510
2569
2511
2570
2512
2571
2513
2572
2514
2573
2515
2574
2516
2575
2517
2576
2518
2577
2519
2578
2579
10619
2521
2580
4674
2522
2581
2523
2582
2524
2583
2525
2584
2526
2585
2527
2586
2528
2587
2529
2588
2530
2589
2531
2590
2532
2591
2533
2592
2534
2593
2535
2594
2536
2595
2537
2596
2538
2597
2539
2598
2540
2599
2541
2600
2542
2601
2543
2602
2544
2603
2545
2604
2546
2605
2547
2606
2548
2607
2549
2608
2550
2609
2551
2610
2552
2611
2553
2612
2554
2613
2555
2614
2556
2615
2557
2616
2558
2617
2559
2618
2560
2619
2561
2620
2562
2621
2563
2622
2564
2623
2565
2624
2566
2625
2567
2626
2568
2627
2569
2628
2570
2629
2571
2630
2572
2631
2573
2632
2574
2633
2575
2634
2576
2635
2577
2636
2578
2637
2579
2638
2639
10679
2581
2640
4699
2582
2641
2583
2642
2584
2643
2585
2644
2586
2645
2587
2646
2588
2647
2589
2648
2590
2649
2591
2650
2592
2651
2593
2652
2594
2653
2595
2654
2596
2655
2597
2656
2598
2657
2599
2658
2600
2659
2601
2660
2602
2661
2603
2662
2604
2663
2605
2664
2606
2665
2607
2666
2608
2667
2609
2668
2610
2669
2611
2670
2612
2671
2613
2672
2614
2673
2615
2674
2616
2675
2617
2676
2618
2677
2619
2678
2620
2679
2621
2680
2622
2681
2623
2682
2624
2683
2625
2684
2626
2685
2627
2686
2628
2687
2629
2688
2630
2689
2631
2690
2632
2691
2633
2692
2634
2693
2635
2694
2636
2695
2637
2696
2638
2697
2639
2698
2699
10739
2641
2700
4724
2642
2701
2643
2702
2644
2703
2645
2704
2646
2705
2647
2706
2648
2707
2649
2708
2650
2709
2651
2710
2652
2711
2653
2712
2654
2713
2655
2714
2656
2715
2657
2716
2658
2717
2659
2718
2660
2719
2661
2720
2662
2721
2663
2722
2664
2723
2665
2724
2666
2725
2667
2726
2668
2727
2669
2728
2670
2729
2671
2730
2672
2731
2673
2732
2674
2733
2675
2734
2676
2735
2677
2736
2678
2737
2679
2738
2680
2739
2681
2740
2682
2741
2683
2742
2684
2743
2685
2744
2686
2745
2687
2746
2688
2747
2689
2748
2690
2749
2691
2750
2692
2751
2693
2752
2694
2753
2695
2754
2696
2755
2697
2756
2698
2757
2699
2758
2759
10799
2701
2760
4749
2702
2761
2703
2762
2704
2763
2705
2764
2706
2765
2707
2766
2708
2767
2709
2768
2710
2769
2711
2770
2712
2771
2713
2772
2714
2773
2715
2774
2716
2775
2717
2776
2718
2777
2719
2778
2720
2779
2721
2780
2722
2781
2723
2782
2724
2783
2725
2784
2726
2785
2727
2786
2728
2787
2729
2788
2730
2789
2731
2790
2732
2791
2733
2792
2734
2793
2735
2794
2736
2795
2737
2796
2738
2797
2739
2798
2740
2799
2741
2800
2742
2801
2743
2802
2744
2803
2745
2804
2746
2805
2747
2806
2748
2807
2749
2808
2750
2809
2751
2810
2752
2811
2753
2812
2754
2813
2755
2814
2756
2815
2757
2816
2758
2817
2759
2818
2819
10859
2761
2820
4774
2762
2821
2763
2822
2764
2823
2765
2824
2766
2825
2767
2826
2768
2827
2769
2828
2770
2829
2771
2830
2772
2831
2773
2832
2774
2833
2775
2834
2776
2835
2777
2836
2778
2837
2779
2838
2780
2839
2781
2840
2782
2841
2783
2842
2784
2843
2785
2844
2786
2845
2787
2846
2788
2847
2789
2848
2790
2849
2791
2850
2792
2851
2793
2852
2794
2853
2795
2854
2796
2855
2797
2856
2798
2857
2799
2858
2800
2859
2801
2860
2802
2861
2803
2862
2804
2863
2805
2864
2806
2865
2807
2866
2808
2867
2809
2868
2810
2869
2811
2870
2812
2871
2813
2872
2814
2873
2815
2874
2816
2875
2817
2876
2818
2877
2819
2878
2879
10919
2821
2880
4799
2822
2881
2823
2882
2824
2883
2825
2884
2826
2885
2827
2886
2828
2887
2829
2888
2830
2889
2831
2890
2832
2891
2833
2892
2834
2893
2835
2894
2836
2895
2837
2896
2838
2897
2839
2898
2840
2899
2841
2900
2842
2901
2843
2902
2844
2903
2845
2904
2846
2905
2847
2906
2848
2907
2849
2908
2850
2909
2851
2910
2852
2911
2853
2912
2854
2913
2855
2914
2856
2915
2857
2916
2858
2917
2859
2918
2860
2919
2861
2920
2862
2921
2863
2922
2864
2923
2865
2924
2866
2925
2867
2926
2868
2927
2869
2928
2870
2929
2871
2930
2872
2931
2873
2932
2874
2933
2875
2934
2876
2935
2877
2936
2878
2937
2879
2938
2939
10979
2881
2940
4824
2882
2941
2883
2942
2884
2943
2885
2944
2886
2945
2887
2946
2888
2947
2889
2948
2890
2949
2891
2950
2892
2951
2893
2952
2894
2953
2895
2954
2896
2955
2897
2956
2898
2957
2899
2958
2900
2959
2901
2960
2902
2961
2903
2962
2904
2963
2905
2964
2906
2965
2907
2966
2908
2967
2909
2968
2910
2969
2911
2970
2912
2971
2913
2972
2914
2973
2915
2974
2916
2975
2917
2976
2918
2977
2919
2978
2920
2979
2921
2980
2922
2981
2923
2982
2924
2983
2925
2984
2926
2985
2927
2986
2928
2987
2929
2988
2930
2989
2931
2990
2932
2991
2933
2992
2934
2993
2935
2994
2936
2995
2937
2996
2938
2997
2939
2998
2999
11039
2941
3000
4849
2942
3001
2943
3002
2944
3003
2945
3004
2946
3005
2947
3006
2948
3007
2949
3008
2950
3009
2951
3010
2952
3011
2953
3012
2954
3013
2955
3014
2956
3015
2957
3016
2958
3017
2959
3018
2960
3019
2961
3020
2962
3021
2963
3022
2964
3023
2965
3024
2966
3025
2967
3026
2968
3027
2969
3028
2970
3029
2971
3030
2972
3031
2973
3032
2974
3033
2975
3034
2976
3035
2977
3036
2978
3037
2979
3038
2980
3039
2981
3040
2982
3041
2983
3042
2984
3043
2985
3044
2986
3045
2987
3046
2988
3047
2989
3048
2990
3049
2991
3050
2992
3051
2993
3052
2994
3053
2995
3054
2996
3055
2997
3056
2998
3057
2999
3058
3059
11099
3001
3060
4874
3002
3061
3003
3062
3004
3063
3005
3064
3006
3065
3007
3066
3008
3067
3009
3068
3010
3069
3011
3070
3012
3071
3013
3072
3014
3073
3015
3074
3016
3075
3017
3076
3018
3077
3019
3078
3020
3079
3021
3080
3022
3081
3023
3082
3024
3083
3025
3084
3026
3085
3027
3086
3028
3087
3029
3088
3030
3089
3031
3090
3032
3091
3033
3092
3034
3093
3035
3094
3036
3095
3037
3096
3038
3097
3039
3098
3040
3099
3041
3100
3042
3101
3043
3102
3044
3103
3045
3104
3046
3105
3047
3106
3048
3107
3049
3108
3050
3109
3051
3110
3052
3111
3053
3112
3054
3113
3055
3114
3056
3115
3057
3116
3058
3117
3059
3118
3119
11159
3061
3120
4899
3062
3121
3063
3122
3064
3123
3065
3124
3066
3125
3067
3126
3068
3127
3069
3128
3070
3129
3071
3130
3072
3131
3073
3132
3074
3133
3075
3134
3076
3135
3077
3136
3078
3137
3079
3138
3080
3139
3081
3140
3082
3141
3083
3142
3084
3143
3085
3144
3086
3145
3087
3146
3088
3147
3089
3148
3090
3149
3091
3150
3092
3151
3093
3152
3094
3153
3095
3154
3096
3155
3097
3156
3098
3157
3099
3158
3100
3159
3101
3160
3102
3161
3103
3162
3104
3163
3105
3164
3106
3165
3107
3166
3108
3167
3109
3168
3110
3169
3111
3170
3112
3171
3113
3172
3114
3173
3115
3174
3116
3175
3117
3176
3118
3177
3119
3178
3179
11219
3121
3180
4924
3122
3181
3123
3182
3124
3183
3125
3184
3126
3185
3127
3186
3128
3187
3129
3188
3130
3189
3131
3190
3132
3191
3133
3192
3134
3193
3135
3194
3136
3195
3137
3196
3138
3197
3139
3198
3140
3199
3141
3200
3142
3201
3143
3202
3144
3203
3145
3204
3146
3205
3147
3206
3148
3207
3149
3208
3150
3209
3151
3210
3152
3211
3153
3212
3154
3213
3155
3214
3156
3215
3157
3216
3158
3217
3159
3218
3160
3219
3161
3220
3162
3221
3163
3222
3164
3223
3165
3224
3166
3225
3167
3226
3168
3227
3169
3228
3170
3229
3171
3230
3172
3231
3173
3232
3174
3233
3175
3234
3176
3235
3177
3236
3178
3237
3179
3238
3239
11279
3181
3240
4949
3182
3241
3183
3242
3184
3243
3185
3244
3186
3245
3187
3246
3188
3247
3189
3248
3190
3249
3191
3250
3192
3251
3193
3252
3194
3253
3195
3254
3196
3255
3197
3256
3198
3257
3199
3258
3200
3259
3201
3260
3202
3261
3203
3262
3204
3263
3205
3264
3206
3265
3207
3266
3208
3267
3209
3268
3210
3269
3211
3270
3212
3271
3213
3272
3214
3273
3215
3274
3216
3275
3217
3276
3218
3277
3219
3278
3220
3279
3221
3280
3222
3281
3223
3282
3224
3283
3225
3284
3226
3285
3227
3286
3228
3287
3229
3288
3230
3289
3231
3290
3232
3291
3233
3292
3234
3293
3235
3294
3236
3295
3237
3296
3238
3297
3239
3298
3299
11339
3241
3300
4974
3242
3301
3243
3302
3244
3303
3245
3304
3246
3305
3247
3306
3248
3307
3249
3308
3250
3309
3251
3310
3252
3311
3253
3312
3254
3313
3255
3314
3256
3315
3257
3316
3258
3317
3259
3318
3260
3319
3261
3320
3262
3321
3263
3322
3264
3323
3265
3324
3266
3325
3267
3326
3268
3327
3269
3328
3270
3329
3271
3330
3272
3331
3273
3332
3274
3333
3275
3334
3276
3335
3277
3336
3278
3337
3279
3338
3280
3339
3281
3340
3282
3341
3283
3342
3284
3343
3285
3344
3286
3345
3287
3346
3288
3347
3289
3348
3290
3349
3291
3350
3292
3351
3293
3352
3294
3353
3295
3354
3296
3355
3297
3356
3298
3357
3299
3358
3359
11399
3301
3360
4999
3302
3361
3303
3362
3304
3363
3305
3364
3306
3365
3307
3366
3308
3367
3309
3368
3310
3369
3311
3370
3312
3371
3313
3372
3314
3373
3315
3374
3316
3375
3317
3376
3318
3377
3319
3378
3320
3379
3321
3380
3322
3381
3323
3382
3324
3383
3325
3384
3326
3385
3327
3386
3328
3387
3329
3388
3330
3389
3331
3390
3332
3391
3333
3392
3334
3393
3335
3394
3336
3395
3337
3396
3338
3397
3339
3398
3340
3399
3341
3400
3342
3401
3343
3402
3344
3403
3345
3404
3346
3405
3347
3406
3348
3407
3349
3408
3350
3409
3351
3410
3352
3411
3353
3412
3354
3413
3355
3414
3356
3415
3357
3416
3358
3417
3359
3418
3419
11459
3361
3420
5024
3362
3421
3363
3422
3364
3423
3365
3424
3366
3425
3367
3426
3368
3427
3369
3428
3370
3429
3371
3430
3372
3431
3373
3432
3374
3433
3375
3434
3376
3435
3377
3436
3378
3437
3379
3438
3380
3439
3381
3440
3382
3441
3383
3442
3384
3443
3385
3444
3386
3445
3387
3446
3388
3447
3389
3448
3390
3449
3391
3450
3392
3451
3393
3452
3394
3453
3395
3454
3396
3455
3397
3456
3398
3457
3399
3458
3400
3459
3401
3460
3402
3461
3403
3462
3404
3463
3405
3464
3406
3465
3407
3466
3408
3467
3409
3468
3410
3469
3411
3470
3412
3471
3413
3472
3414
3473
3415
3474
3416
3475
3417
3476
3418
3477
3419
3478
3479
11519
3421
3480
5049
3422
3481
3423
3482
3424
3483
3425
3484
3426
3485
3427
3486
3428
3487
3429
3488
3430
3489
3431
3490
3432
3491
3433
3492
3434
3493
3435
3494
3436
3495
3437
3496
3438
3497
3439
3498
3440
3499
3441
3500
3442
3501
3443
3502
3444
3503
3445
3504
3446
3505
3447
3506
3448
3507
3449
3508
3450
3509
3451
3510
3452
3511
3453
3512
3454
3513
3455
3514
3456
3515
3457
3516
3458
3517
3459
3518
3460
3519
3461
3520
3462
3521
3463
3522
3464
3523
3465
3524
3466
3525
3467
3526
3468
3527
3469
3528
3470
3529
3471
3530
3472
3531
3473
3532
3474
3533
3475
3534
3476
3535
3477
3536
3478
3537
3479
3538
3539
11579
3481
3540
5074
3482
3541
3483
3542
3484
3543
3485
3544
3486
3545
3487
3546
3488
3547
3489
3548
3490
3549
3491
3550
3492
3551
3493
3552
3494
3553
3495
3554
3496
3555
3497
3556
3498
3557
3499
3558
3500
3559
3501
3560
3502
3561
3503
3562
3504
3563
3505
3564
3506
3565
3507
3566
3508
3567
3509
3568
3510
3569
3511
3570
3512
3571
3513
3572
3514
3573
3515
3574
3516
3575
3517
3576
3518
3577
3519
3578
3520
3579
3521
3580
3522
3581
3523
3582
3524
3583
3525
3584
3526
3585
3527
3586
3528
3587
3529
3588
3530
3589
3531
3590
3532
3591
3533
3592
3534
3593
3535
3594
3536
3595
3537
3596
3538
3597
3539
3598
3599
11639
3541
5099
3542
3543
3544
3545
3546
3547
3548
3549
3550
3551
3552
3553
3554
3555
3556
3557
3558
3559
3560
3561
3562
3563
3564
3565
3566
3567
3568
3569
3570
3571
3572
3573
3574
3575
3576
3577
3578
3579
3580
3581
3582
3583
3584
3585
3586
3587
3588
3589
3590
3591
3592
3593
3594
3595
3596
3597
3598
3599
11699
3601
3625
5100
3602
3626
3603
3627
3604
3628
3605
3629
3606
3630
3607
3631
3608
3632
3609
3633
3610
3634
3611
3635
3612
3636
3613
3637
3614
3638
3615
3639
3616
3640
3617
3641
3618
3642
3619
3643
3620
3644
3621
3645
3622
3646
3623
3647
3624
3648
3649
3626
3650
5150
3627
3651
3628
3652
3629
3653
3630
3654
3631
3655
3632
3656
3633
3657
3634
3658
3635
3659
3636
3660
3637
3661
3638
3662
3639
3663
3640
3664
3641
3665
3642
3666
3643
3667
3644
3668
3645
3669
3646
3670
3647
3671
3648
3672
3649
3673
3674
3651
3675
5200
3652
3676
3653
3677
3654
3678
3655
3679
3656
3680
3657
3681
3658
3682
3659
3683
3660
3684
3661
3685
3662
3686
3663
3687
3664
3688
3665
3689
3666
3690
3667
3691
3668
3692
3669
3693
3670
3694
3671
3695
3672
3696
3673
3697
3674
3698
3699
3676
3700
5250
3677
3701
3678
3702
3679
3703
3680
3704
3681
3705
3682
3706
3683
3707
3684
3708
3685
3709
3686
3710
3687
3711
3688
3712
3689
3713
3690
3714
3691
3715
3692
3716
3693
3717
3694
3718
3695
3719
3696
3720
3697
3721
3698
3722
3699
3723
3724
3701
3725
5300
3702
3726
3703
3727
3704
3728
3705
3729
3706
3730
3707
3731
3708
3732
3709
3733
3710
3734
3711
3735
3712
3736
3713
3737
3714
3738
3715
3739
3716
3740
3717
3741
3718
3742
3719
3743
3720
3744
3721
3745
3722
3746
3723
3747
3724
3748
3749
3726
3750
5350
3727
3751
3728
3752
3729
3753
3730
3754
3731
3755
3732
3756
3733
3757
3734
3758
3735
3759
3736
3760
3737
3761
3738
3762
3739
3763
3740
3764
3741
3765
3742
3766
3743
3767
3744
3768
3745
3769
3746
3770
3747
3771
3748
3772
3749
3773
3774
3751
3775
5400
3752
3776
3753
3777
3754
3778
3755
3779
3756
3780
3757
3781
3758
3782
3759
3783
3760
3784
3761
3785
3762
3786
3763
3787
3764
3788
3765
3789
3766
3790
3767
3791
3768
3792
3769
3793
3770
3794
3771
3795
3772
3796
3773
3797
3774
3798
3799
3776
3800
5450
3777
3801
3778
3802
3779
3803
3780
3804
3781
3805
3782
3806
3783
3807
3784
3808
3785
3809
3786
3810
3787
3811
3788
3812
3789
3813
3790
3814
3791
3815
3792
3816
3793
3817
3794
3818
3795
3819
3796
3820
3797
3821
3798
3822
3799
3823
3824
3801
3825
5500
3802
3826
3803
3827
3804
3828
3805
3829
3806
3830
3807
3831
3808
3832
3809
3833
3810
3834
3811
3835
3812
3836
3813
3837
3814
3838
3815
3839
3816
3840
3817
3841
3818
3842
3819
3843
3820
3844
3821
3845
3822
3846
3823
3847
3824
3848
3849
3826
3850
5550
3827
3851
3828
3852
3829
3853
3830
3854
3831
3855
3832
3856
3833
3857
3834
3858
3835
3859
3836
3860
3837
3861
3838
3862
3839
3863
3840
3864
3841
3865
3842
3866
3843
3867
3844
3868
3845
3869
3846
3870
3847
3871
3848
3872
3849
3873
3874
3851
3875
5600
3852
3876
3853
3877
3854
3878
3855
3879
3856
3880
3857
3881
3858
3882
3859
3883
3860
3884
3861
3885
3862
3886
3863
3887
3864
3888
3865
3889
3866
3890
3867
3891
3868
3892
3869
3893
3870
3894
3871
3895
3872
3896
3873
3897
3874
3898
3899
3876
3900
5650
3877
3901
3878
3902
3879
3903
3880
3904
3881
3905
3882
3906
3883
3907
3884
3908
3885
3909
3886
3910
3887
3911
3888
3912
3889
3913
3890
3914
3891
3915
3892
3916
3893
3917
3894
3918
3895
3919
3896
3920
3897
3921
3898
3922
3899
3923
3924
3901
3925
5700
3902
3926
3903
3927
3904
3928
3905
3929
3906
3930
3907
3931
3908
3932
3909
3933
3910
3934
3911
3935
3912
3936
3913
3937
3914
3938
3915
3939
3916
3940
3917
3941
3918
3942
3919
3943
3920
3944
3921
3945
3922
3946
3923
3947
3924
3948
3949
3926
3950
5750
3927
3951
3928
3952
3929
3953
3930
3954
3931
3955
3932
3956
3933
3957
3934
3958
3935
3959
3936
3960
3937
3961
3938
3962
3939
3963
3940
3964
3941
3965
3942
3966
3943
3967
3944
3968
3945
3969
3946
3970
3947
3971
3948
3972
3949
3973
3974
3951
3975
5800
3952
3976
3953
3977
3954
3978
3955
3979
3956
3980
3957
3981
3958
3982
3959
3983
3960
3984
3961
3985
3962
3986
3963
3987
3964
3988
3965
3989
3966
3990
3967
3991
3968
3992
3969
3993
3970
3994
3971
3995
3972
3996
3973
3997
3974
3998
3999
3976
4000
5850
3977
4001
3978
4002
3979
4003
3980
4004
3981
4005
3982
4006
3983
4007
3984
4008
3985
4009
3986
4010
3987
4011
3988
4012
3989
4013
3990
4014
3991
4015
3992
4016
3993
4017
3994
4018
3995
4019
3996
4020
3997
4021
3998
4022
3999
4023
4024
4001
4025
5900
4002
4026
4003
4027
4004
4028
4005
4029
4006
4030
4007
4031
4008
4032
4009
4033
4010
4034
4011
4035
4012
4036
4013
4037
4014
4038
4015
4039
4016
4040
4017
4041
4018
4042
4019
4043
4020
4044
4021
4045
4022
4046
4023
4047
4024
4048
4049
4026
4050
5950
4027
4051
4028
4052
4029
4053
4030
4054
4031
4055
4032
4056
4033
4057
4034
4058
4035
4059
4036
4060
4037
4061
4038
4062
4039
4063
4040
4064
4041
4065
4042
4066
4043
4067
4044
4068
4045
4069
4046
4070
4047
4071
4048
4072
4049
4073
4074
4051
4075
6000
4052
4076
4053
4077
4054
4078
4055
4079
4056
4080
4057
4081
4058
4082
4059
4083
4060
4084
4061
4085
4062
4086
4063
4087
4064
4088
4065
4089
4066
4090
4067
4091
4068
4092
4069
4093
4070
4094
4071
4095
4072
4096
4073
4097
4074
4098
4099
4076
4100
6050
4077
4101
4078
4102
4079
4103
4080
4104
4081
4105
4082
4106
4083
4107
4084
4108
4085
4109
4086
4110
4087
4111
4088
4112
4089
4113
4090
4114
4091
4115
4092
4116
4093
4117
4094
4118
4095
4119
4096
4120
4097
4121
4098
4122
4099
4123
4124
4101
4125
6100
4102
4126
4103
4127
4104
4128
4105
4129
4106
4130
4107
4131
4108
4132
4109
4133
4110
4134
4111
4135
4112
4136
4113
4137
4114
4138
4115
4139
4116
4140
4117
4141
4118
4142
4119
4143
4120
4144
4121
4145
4122
4146
4123
4147
4124
4148
4149
4126
4150
6150
4127
4151
4128
4152
4129
4153
4130
4154
4131
4155
4132
4156
4133
4157
4134
4158
4135
4159
4136
4160
4137
4161
4138
4162
4139
4163
4140
4164
4141
4165
4142
4166
4143
4167
4144
4168
4145
4169
4146
4170
4147
4171
4148
4172
4149
4173
4174
4151
4175
6200
4152
4176
4153
4177
4154
4178
4155
4179
4156
4180
4157
4181
4158
4182
4159
4183
4160
4184
4161
4185
4162
4186
4163
4187
4164
4188
4165
4189
4166
4190
4167
4191
4168
4192
4169
4193
4170
4194
4171
4195
4172
4196
4173
4197
4174
4198
4199
4176
4200
6250
4177
4201
4178
4202
4179
4203
4180
4204
4181
4205
4182
4206
4183
4207
4184
4208
4185
4209
4186
4210
4187
4211
4188
4212
4189
4213
4190
4214
4191
4215
4192
4216
4193
4217
4194
4218
4195
4219
4196
4220
4197
4221
4198
4222
4199
4223
4224
4201
4225
6300
4202
4226
4203
4227
4204
4228
4205
4229
4206
4230
4207
4231
4208
4232
4209
4233
4210
4234
4211
4235
4212
4236
4213
4237
4214
4238
4215
4239
4216
4240
4217
4241
4218
4242
4219
4243
4220
4244
4221
4245
4222
4246
4223
4247
4224
4248
4249
4226
4250
6350
4227
4251
4228
4252
4229
4253
4230
4254
4231
4255
4232
4256
4233
4257
4234
4258
4235
4259
4236
4260
4237
4261
4238
4262
4239
4263
4240
4264
4241
4265
4242
4266
4243
4267
4244
4268
4245
4269
4246
4270
4247
4271
4248
4272
4249
4273
4274
4251
4275
6400
4252
4276
4253
4277
4254
4278
4255
4279
4256
4280
4257
4281
4258
4282
4259
4283
4260
4284
4261
4285
4262
4286
4263
4287
4264
4288
4265
4289
4266
4290
4267
4291
4268
4292
4269
4293
4270
4294
4271
4295
4272
4296
4273
4297
4274
4298
4299
4276
4300
6450
4277
4301
4278
4302
4279
4303
4280
4304
4281
4305
4282
4306
4283
4307
4284
4308
4285
4309
4286
4310
4287
4311
4288
4312
4289
4313
4290
4314
4291
4315
4292
4316
4293
4317
4294
4318
4295
4319
4296
4320
4297
4321
4298
4322
4299
4323
4324
4301
4325
6500
4302
4326
4303
4327
4304
4328
4305
4329
4306
4330
4307
4331
4308
4332
4309
4333
4310
4334
4311
4335
4312
4336
4313
4337
4314
4338
4315
4339
4316
4340
4317
4341
4318
4342
4319
4343
4320
4344
4321
4345
4322
4346
4323
4347
4324
4348
4349
4326
4350
6550
4327
4351
4328
4352
4329
4353
4330
4354
4331
4355
4332
4356
4333
4357
4334
4358
4335
4359
4336
4360
4337
4361
4338
4362
4339
4363
4340
4364
4341
4365
4342
4366
4343
4367
4344
4368
4345
4369
4346
4370
4347
4371
4348
4372
4349
4373
4374
4351
4375
6600
4352
4376
4353
4377
4354
4378
4355
4379
4356
4380
4357
4381
4358
4382
4359
4383
4360
4384
4361
4385
4362
4386
4363
4387
4364
4388
4365
4389
4366
4390
4367
4391
4368
4392
4369
4393
4370
4394
4371
4395
4372
4396
4373
4397
4374
4398
4399
4376
4400
6650
4377
4401
4378
4402
4379
4403
4380
4404
4381
4405
4382
4406
4383
4407
4384
4408
4385
4409
4386
4410
4387
4411
4388
4412
4389
4413
4390
4414
4391
4415
4392
4416
4393
4417
4394
4418
4395
4419
4396
4420
4397
4421
4398
4422
4399
4423
4424
4401
4425
6700
4402
4426
4403
4427
4404
4428
4405
4429
4406
4430
4407
4431
4408
4432
4409
4433
4410
4434
4411
4435
4412
4436
4413
4437
4414
4438
4415
4439
4416
4440
4417
4441
4418
4442
4419
4443
4420
4444
4421
4445
4422
4446
4423
4447
4424
4448
4449
4426
4450
6750
4427
4451
4428
4452
4429
4453
4430
4454
4431
4455
4432
4456
4433
4457
4434
4458
4435
4459
4436
4460
4437
4461
4438
4462
4439
4463
4440
4464
4441
4465
4442
4466
4443
4467
4444
4468
4445
4469
4446
4470
4447
4471
4448
4472
4449
4473
4474
4451
4475
6800
4452
4476
4453
4477
4454
4478
4455
4479
4456
4480
4457
4481
4458
4482
4459
4483
4460
4484
4461
4485
4462
4486
4463
4487
4464
4488
4465
4489
4466
4490
4467
4491
4468
4492
4469
4493
4470
4494
4471
4495
4472
4496
4473
4497
4474
4498
4499
4476
4500
6850
4477
4501
4478
4502
4479
4503
4480
4504
4481
4505
4482
4506
4483
4507
4484
4508
4485
4509
4486
4510
4487
4511
4488
4512
4489
4513
4490
4514
4491
4515
4492
4516
4493
4517
4494
4518
4495
4519
4496
4520
4497
4521
4498
4522
4499
4523
4524
4501
4525
6900
4502
4526
4503
4527
4504
4528
4505
4529
4506
4530
4507
4531
4508
4532
4509
4533
4510
4534
4511
4535
4512
4536
4513
4537
4514
4538
4515
4539
4516
4540
4517
4541
4518
4542
4519
4543
4520
4544
4521
4545
4522
4546
4523
4547
4524
4548
4549
4526
4550
6950
4527
4551
4528
4552
4529
4553
4530
4554
4531
4555
4532
4556
4533
4557
4534
4558
4535
4559
4536
4560
4537
4561
4538
4562
4539
4563
4540
4564
4541
4565
4542
4566
4543
4567
4544
4568
4545
4569
4546
4570
4547
4571
4548
4572
4549
4573
4574
4551
4575
7000
4552
4576
4553
4577
4554
4578
4555
4579
4556
4580
4557
4581
4558
4582
4559
4583
4560
4584
4561
4585
4562
4586
4563
4587
4564
4588
4565
4589
4566
4590
4567
4591
4568
4592
4569
4593
4570
4594
4571
4595
4572
4596
4573
4597
4574
4598
4599
4576
4600
7050
4577
4601
4578
4602
4579
4603
4580
4604
4581
4605
4582
4606
4583
4607
4584
4608
4585
4609
4586
4610
4587
4611
4588
4612
4589
4613
4590
4614
4591
4615
4592
4616
4593
4617
4594
4618
4595
4619
4596
4620
4597
4621
4598
4622
4599
4623
4624
4601
4625
7100
4602
4626
4603
4627
4604
4628
4605
4629
4606
4630
4607
4631
4608
4632
4609
4633
4610
4634
4611
4635
4612
4636
4613
4637
4614
4638
4615
4639
4616
4640
4617
4641
4618
4642
4619
4643
4620
4644
4621
4645
4622
4646
4623
4647
4624
4648
4649
4626
4650
7150
4627
4651
4628
4652
4629
4653
4630
4654
4631
4655
4632
4656
4633
4657
4634
4658
4635
4659
4636
4660
4637
4661
4638
4662
4639
4663
4640
4664
4641
4665
4642
4666
4643
4667
4644
4668
4645
4669
4646
4670
4647
4671
4648
4672
4649
4673
4674
4651
4675
7200
4652
4676
4653
4677
4654
4678
4655
4679
4656
4680
4657
4681
4658
4682
4659
4683
4660
4684
4661
4685
4662
4686
4663
4687
4664
4688
4665
4689
4666
4690
4667
4691
4668
4692
4669
4693
4670
4694
4671
4695
4672
4696
4673
4697
4674
4698
4699
4676
4700
7250
4677
4701
4678
4702
4679
4703
4680
4704
4681
4705
4682
4706
4683
4707
4684
4708
4685
4709
4686
4710
4687
4711
4688
4712
4689
4713
4690
4714
4691
4715
4692
4716
4693
4717
4694
4718
4695
4719
4696
4720
4697
4721
4698
4722
4699
4723
4724
4701
4725
7300
4702
4726
4703
4727
4704
4728
4705
4729
4706
4730
4707
4731
4708
4732
4709
4733
4710
4734
4711
4735
4712
4736
4713
4737
4714
4738
4715
4739
4716
4740
4717
4741
4718
4742
4719
4743
4720
4744
4721
4745
4722
4746
4723
4747
4724
4748
4749
4726
4750
7350
4727
4751
4728
4752
4729
4753
4730
4754
4731
4755
4732
4756
4733
4757
4734
4758
4735
4759
4736
4760
4737
4761
4738
4762
4739
4763
4740
4764
4741
4765
4742
4766
4743
4767
4744
4768
4745
4769
4746
4770
4747
4771
4748
4772
4749
4773
4774
4751
4775
7400
4752
4776
4753
4777
4754
4778
4755
4779
4756
4780
4757
4781
4758
4782
4759
4783
4760
4784
4761
4785
4762
4786
4763
4787
4764
4788
4765
4789
4766
4790
4767
4791
4768
4792
4769
4793
4770
4794
4771
4795
4772
4796
4773
4797
4774
4798
4799
4776
4800
7450
4777
4801
4778
4802
4779
4803
4780
4804
4781
4805
4782
4806
4783
4807
4784
4808
4785
4809
4786
4810
4787
4811
4788
4812
4789
4813
4790
4814
4791
4815
4792
4816
4793
4817
4794
4818
4795
4819
4796
4820
4797
4821
4798
4822
4799
4823
4824
4801
4825
7500
4802
4826
4803
4827
4804
4828
4805
4829
4806
4830
4807
4831
4808
4832
4809
4833
4810
4834
4811
4835
4812
4836
4813
4837
4814
4838
4815
4839
4816
4840
4817
4841
4818
4842
4819
4843
4820
4844
4821
4845
4822
4846
4823
4847
4824
4848
4849
4826
4850
7550
4827
4851
4828
4852
4829
4853
4830
4854
4831
4855
4832
4856
4833
4857
4834
4858
4835
4859
4836
4860
4837
4861
4838
4862
4839
4863
4840
4864
4841
4865
4842
4866
4843
4867
4844
4868
4845
4869
4846
4870
4847
4871
4848
4872
4849
4873
4874
4851
4875
7600
4852
4876
4853
4877
4854
4878
4855
4879
4856
4880
4857
4881
4858
4882
4859
4883
4860
4884
4861
4885
4862
4886
4863
4887
4864
4888
4865
4889
4866
4890
4867
4891
4868
4892
4869
4893
4870
4894
4871
4895
4872
4896
4873
4897
4874
4898
4899
4876
4900
7650
4877
4901
4878
4902
4879
4903
4880
4904
4881
4905
4882
4906
4883
4907
4884
4908
4885
4909
4886
4910
4887
4911
4888
4912
4889
4913
4890
4914
4891
4915
4892
4916
4893
4917
4894
4918
4895
4919
4896
4920
4897
4921
4898
4922
4899
4923
4924
4901
4925
7700
4902
4926
4903
4927
4904
4928
4905
4929
4906
4930
4907
4931
4908
4932
4909
4933
4910
4934
4911
4935
4912
4936
4913
4937
4914
4938
4915
4939
4916
4940
4917
4941
4918
4942
4919
4943
4920
4944
4921
4945
4922
4946
4923
4947
4924
4948
4949
4926
4950
7750
4927
4951
4928
4952
4929
4953
4930
4954
4931
4955
4932
4956
4933
4957
4934
4958
4935
4959
4936
4960
4937
4961
4938
4962
4939
4963
4940
4964
4941
4965
4942
4966
4943
4967
4944
4968
4945
4969
4946
4970
4947
4971
4948
4972
4949
4973
4974
4951
4975
7800
4952
4976
4953
4977
4954
4978
4955
4979
4956
4980
4957
4981
4958
4982
4959
4983
4960
4984
4961
4985
4962
4986
4963
4987
4964
4988
4965
4989
4966
4990
4967
4991
4968
4992
4969
4993
4970
4994
4971
4995
4972
4996
4973
4997
4974
4998
4999
4976
5000
7850
4977
5001
4978
5002
4979
5003
4980
5004
4981
5005
4982
5006
4983
5007
4984
5008
4985
5009
4986
5010
4987
5011
4988
5012
4989
5013
4990
5014
4991
5015
4992
5016
4993
5017
4994
5018
4995
5019
4996
5020
4997
5021
4998
5022
4999
5023
5024
5001
5025
7900
5002
5026
5003
5027
5004
5028
5005
5029
5006
5030
5007
5031
5008
5032
5009
5033
5010
5034
5011
5035
5012
5036
5013
5037
5014
5038
5015
5039
5016
5040
5017
5041
5018
5042
5019
5043
5020
5044
5021
5045
5022
5046
5023
5047
5024
5048
5049
5026
5050
7950
5027
5051
5028
5052
5029
5053
5030
5054
5031
5055
5032
5056
5033
5057
5034
5058
5035
5059
5036
5060
5037
5061
5038
5062
5039
5063
5040
5064
5041
5065
5042
5066
5043
5067
5044
5068
5045
5069
5046
5070
5047
5071
5048
5072
5049
5073
5074
5051
5075
8000
5052
5076
5053
5077
5054
5078
5055
5079
5056
5080
5057
5081
5058
5082
5059
5083
5060
5084
5061
5085
5062
5086
5063
5087
5064
5088
5065
5089
5066
5090
5067
5091
5068
5092
5069
5093
5070
5094
5071
5095
5072
5096
5073
5097
5074
5098
5099
5076
8050
5077
5078
5079
5080
5081
5082
5083
5084
5085
5086
5087
5088
5089
5090
5091
5092
5093
5094
5095
5096
5097
5098
5099
5101
5150
13200
5102
5151
13201
5103
5152
13202
5104
5153
13203
5105
5154
13204
5106
5155
13205
5107
5156
13206
5108
5157
13207
5109
5158
13208
5110
5159
13209
5111
5160
13210
5112
5161
13211
5113
5162
13212
5114
5163
13213
5115
5164
13214
5116
5165
13215
5117
5166
13216
5118
5167
13217
5119
5168
13218
5120
5169
13219
5121
5170
13220
5122
5171
13221
5123
5172
13222
5124
5173
13223
5125
5174
13224
5126
5175
13225
5127
5176
13226
5128
5177
13227
5129
5178
13228
5130
5179
13229
5131
5180
13230
5132
5181
13231
5133
5182
13232
5134
5183
13233
5135
5184
13234
5136
5185
13235
5137
5186
13236
5138
5187
13237
5139
5188
13238
5140
5189
13239
5141
5190
13240
5142
5191
13241
5143
5192
13242
5144
5193
13243
5145
5194
13244
5146
5195
13245
5147
5196
13246
5148
5197
13247
5149
5198
13248
5199
13249
5151
5200
5152
5201
5153
5202
5154
5203
5155
5204
5156
5205
5157
5206
5158
5207
5159
5208
5160
5209
5161
5210
5162
5211
5163
5212
5164
5213
5165
5214
5166
5215
5167
5216
5168
5217
5169
5218
5170
5219
5171
5220
5172
5221
5173
5222
5174
5223
5175
5224
5176
5225
5177
5226
5178
5227
5179
5228
5180
5229
5181
5230
5182
5231
5183
5232
5184
5233
5185
5234
5186
5235
5187
5236
5188
5237
5189
5238
5190
5239
5191
5240
5192
5241
5193
5242
5194
5243
5195
5244
5196
5245
5197
5246
5198
5247
5199
5248
5249
5201
5250
5202
5251
5203
5252
5204
5253
5205
5254
5206
5255
5207
5256
5208
5257
5209
5258
5210
5259
5211
5260
5212
5261
5213
5262
5214
5263
5215
5264
5216
5265
5217
5266
5218
5267
5219
5268
5220
5269
5221
5270
5222
5271
5223
5272
5224
5273
5225
5274
5226
5275
5227
5276
5228
5277
5229
5278
5230
5279
5231
5280
5232
5281
5233
5282
5234
5283
5235
5284
5236
5285
5237
5286
5238
5287
5239
5288
5240
5289
5241
5290
5242
5291
5243
5292
5244
5293
5245
5294
5246
5295
5247
5296
5248
5297
5249
5298
5299
5251
5300
5252
5301
5253
5302
5254
5303
5255
5304
5256
5305
5257
5306
5258
5307
5259
5308
5260
5309
5261
5310
5262
5311
5263
5312
5264
5313
5265
5314
5266
5315
5267
5316
5268
5317
5269
5318
5270
5319
5271
5320
5272
5321
5273
5322
5274
5323
5275
5324
5276
5325
5277
5326
5278
5327
5279
5328
5280
5329
5281
5330
5282
5331
5283
5332
5284
5333
5285
5334
5286
5335
5287
5336
5288
5337
5289
5338
5290
5339
5291
5340
5292
5341
5293
5342
5294
5343
5295
5344
5296
5345
5297
5346
5298
5347
5299
5348
5349
5301
5350
5302
5351
5303
5352
5304
5353
5305
5354
5306
5355
5307
5356
5308
5357
5309
5358
5310
5359
5311
5360
5312
5361
5313
5362
5314
5363
5315
5364
5316
5365
5317
5366
5318
5367
5319
5368
5320
5369
5321
5370
5322
5371
5323
5372
5324
5373
5325
5374
5326
5375
5327
5376
5328
5377
5329
5378
5330
5379
5331
5380
5332
5381
5333
5382
5334
5383
5335
5384
5336
5385
5337
5386
5338
5387
5339
5388
5340
5389
5341
5390
5342
5391
5343
5392
5344
5393
5345
5394
5346
5395
5347
5396
5348
5397
5349
5398
5399
5351
5400
5352
5401
5353
5402
5354
5403
5355
5404
5356
5405
5357
5406
5358
5407
5359
5408
5360
5409
5361
5410
5362
5411
5363
5412
5364
5413
5365
5414
5366
5415
5367
5416
5368
5417
5369
5418
5370
5419
5371
5420
5372
5421
5373
5422
5374
5423
5375
5424
5376
5425
5377
5426
5378
5427
5379
5428
5380
5429
5381
5430
5382
5431
5383
5432
5384
5433
5385
5434
5386
5435
5387
5436
5388
5437
5389
5438
5390
5439
5391
5440
5392
5441
5393
5442
5394
5443
5395
5444
5396
5445
5397
5446
5398
5447
5399
5448
5449
5401
5450
5402
5451
5403
5452
5404
5453
5405
5454
5406
5455
5407
5456
5408
5457
5409
5458
5410
5459
5411
5460
5412
5461
5413
5462
5414
5463
5415
5464
5416
5465
5417
5466
5418
5467
5419
5468
5420
5469
5421
5470
5422
5471
5423
5472
5424
5473
5425
5474
5426
5475
5427
5476
5428
5477
5429
5478
5430
5479
5431
5480
5432
5481
5433
5482
5434
5483
5435
5484
5436
5485
5437
5486
5438
5487
5439
5488
5440
5489
5441
5490
5442
5491
5443
5492
5444
5493
5445
5494
5446
5495
5447
5496
5448
5497
5449
5498
5499
5451
5500
5452
5501
5453
5502
5454
5503
5455
5504
5456
5505
5457
5506
5458
5507
5459
5508
5460
5509
5461
5510
5462
5511
5463
5512
5464
5513
5465
5514
5466
5515
5467
5516
5468
5517
5469
5518
5470
5519
5471
5520
5472
5521
5473
5522
5474
5523
5475
5524
5476
5525
5477
5526
5478
5527
5479
5528
5480
5529
5481
5530
5482
5531
5483
5532
5484
5533
5485
5534
5486
5535
5487
5536
5488
5537
5489
5538
5490
5539
5491
5540
5492
5541
5493
5542
5494
5543
5495
5544
5496
5545
5497
5546
5498
5547
5499
5548
5549
5501
5550
5502
5551
5503
5552
5504
5553
5505
5554
5506
5555
5507
5556
5508
5557
5509
5558
5510
5559
5511
5560
5512
5561
5513
5562
5514
5563
5515
5564
5516
5565
5517
5566
5518
5567
5519
5568
5520
5569
5521
5570
5522
5571
5523
5572
5524
5573
5525
5574
5526
5575
5527
5576
5528
5577
5529
5578
5530
5579
5531
5580
5532
5581
5533
5582
5534
5583
5535
5584
5536
5585
5537
5586
5538
5587
5539
5588
5540
5589
5541
5590
5542
5591
5543
5592
5544
5593
5545
5594
5546
5595
5547
5596
5548
5597
5549
5598
5599
5551
5600
5552
5601
5553
5602
5554
5603
5555
5604
5556
5605
5557
5606
5558
5607
5559
5608
5560
5609
5561
5610
5562
5611
5563
5612
5564
5613
5565
5614
5566
5615
5567
5616
5568
5617
5569
5618
5570
5619
5571
5620
5572
5621
5573
5622
5574
5623
5575
5624
5576
5625
5577
5626
5578
5627
5579
5628
5580
5629
5581
5630
5582
5631
5583
5632
5584
5633
5585
5634
5586
5635
5587
5636
5588
5637
5589
5638
5590
5639
5591
5640
5592
5641
5593
5642
5594
5643
5595
5644
5596
5645
5597
5646
5598
5647
5599
5648
5649
5601
5650
5602
5651
5603
5652
5604
5653
5605
5654
5606
5655
5607
5656
5608
5657
5609
5658
5610
5659
5611
5660
5612
5661
5613
5662
5614
5663
5615
5664
5616
5665
5617
5666
5618
5667
5619
5668
5620
5669
5621
5670
5622
5671
5623
5672
5624
5673
5625
5674
5626
5675
5627
5676
5628
5677
5629
5678
5630
5679
5631
5680
5632
5681
5633
5682
5634
5683
5635
5684
5636
5685
5637
5686
5638
5687
5639
5688
5640
5689
5641
5690
5642
5691
5643
5692
5644
5693
5645
5694
5646
5695
5647
5696
5648
5697
5649
5698
5699
5651
5700
5652
5701
5653
5702
5654
5703
5655
5704
5656
5705
5657
5706
5658
5707
5659
5708
5660
5709
5661
5710
5662
5711
5663
5712
5664
5713
5665
5714
5666
5715
5667
5716
5668
5717
5669
5718
5670
5719
5671
5720
5672
5721
5673
5722
5674
5723
5675
5724
5676
5725
5677
5726
5678
5727
5679
5728
5680
5729
5681
5730
5682
5731
5683
5732
5684
5733
5685
5734
5686
5735
5687
5736
5688
5737
5689
5738
5690
5739
5691
5740
5692
5741
5693
5742
5694
5743
5695
5744
5696
5745
5697
5746
5698
5747
5699
5748
5749
5701
5750
5702
5751
5703
5752
5704
5753
5705
5754
5706
5755
5707
5756
5708
5757
5709
5758
5710
5759
5711
5760
5712
5761
5713
5762
5714
5763
5715
5764
5716
5765
5717
5766
5718
5767
5719
5768
5720
5769
5721
5770
5722
5771
5723
5772
5724
5773
5725
5774
5726
5775
5727
5776
5728
5777
5729
5778
5730
5779
5731
5780
5732
5781
5733
5782
5734
5783
5735
5784
5736
5785
5737
5786
5738
5787
5739
5788
5740
5789
5741
5790
5742
5791
5743
5792
5744
5793
5745
5794
5746
5795
5747
5796
5748
5797
5749
5798
5799
5751
5800
5752
5801
5753
5802
5754
5803
5755
5804
5756
5805
5757
5806
5758
5807
5759
5808
5760
5809
5761
5810
5762
5811
5763
5812
5764
5813
5765
5814
5766
5815
5767
5816
5768
5817
5769
5818
5770
5819
5771
5820
5772
5821
5773
5822
5774
5823
5775
5824
5776
5825
5777
5826
5778
5827
5779
5828
5780
5829
5781
5830
5782
5831
5783
5832
5784
5833
5785
5834
5786
5835
5787
5836
5788
5837
5789
5838
5790
5839
5791
5840
5792
5841
5793
5842
5794
5843
5795
5844
5796
5845
5797
5846
5798
5847
5799
5848
5849
5801
5850
5802
5851
5803
5852
5804
5853
5805
5854
5806
5855
5807
5856
5808
5857
5809
5858
5810
5859
5811
5860
5812
5861
5813
5862
5814
5863
5815
5864
5816
5865
5817
5866
5818
5867
5819
5868
5820
5869
5821
5870
5822
5871
5823
5872
5824
5873
5825
5874
5826
5875
5827
5876
5828
5877
5829
5878
5830
5879
5831
5880
5832
5881
5833
5882
5834
5883
5835
5884
5836
5885
5837
5886
5838
5887
5839
5888
5840
5889
5841
5890
5842
5891
5843
5892
5844
5893
5845
5894
5846
5895
5847
5896
5848
5897
5849
5898
5899
5851
5900
5852
5901
5853
5902
5854
5903
5855
5904
5856
5905
5857
5906
5858
5907
5859
5908
5860
5909
5861
5910
5862
5911
5863
5912
5864
5913
5865
5914
5866
5915
5867
5916
5868
5917
5869
5918
5870
5919
5871
5920
5872
5921
5873
5922
5874
5923
5875
5924
5876
5925
5877
5926
5878
5927
5879
5928
5880
5929
5881
5930
5882
5931
5883
5932
5884
5933
5885
5934
5886
5935
5887
5936
5888
5937
5889
5938
5890
5939
5891
5940
5892
5941
5893
5942
5894
5943
5895
5944
5896
5945
5897
5946
5898
5947
5899
5948
5949
5901
5950
5902
5951
5903
5952
5904
5953
5905
5954
5906
5955
5907
5956
5908
5957
5909
5958
5910
5959
5911
5960
5912
5961
5913
5962
5914
5963
5915
5964
5916
5965
5917
5966
5918
5967
5919
5968
5920
5969
5921
5970
5922
5971
5923
5972
5924
5973
5925
5974
5926
5975
5927
5976
5928
5977
5929
5978
5930
5979
5931
5980
5932
5981
5933
5982
5934
5983
5935
5984
5936
5985
5937
5986
5938
5987
5939
5988
5940
5989
5941
5990
5942
5991
5943
5992
5944
5993
5945
5994
5946
5995
5947
5996
5948
5997
5949
5998
5999
5951
6000
5952
6001
5953
6002
5954
6003
5955
6004
5956
6005
5957
6006
5958
6007
5959
6008
5960
6009
5961
6010
5962
6011
5963
6012
5964
6013
5965
6014
5966
6015
5967
6016
5968
6017
5969
6018
5970
6019
5971
6020
5972
6021
5973
6022
5974
6023
5975
6024
5976
6025
5977
6026
5978
6027
5979
6028
5980
6029
5981
6030
5982
6031
5983
6032
5984
6033
5985
6034
5986
6035
5987
6036
5988
6037
5989
6038
5990
6039
5991
6040
5992
6041
5993
6042
5994
6043
5995
6044
5996
6045
5997
6046
5998
6047
5999
6048
6049
6001
6050
6002
6051
6003
6052
6004
6053
6005
6054
6006
6055
6007
6056
6008
6057
6009
6058
6010
6059
6011
6060
6012
6061
6013
6062
6014
6063
6015
6064
6016
6065
6017
6066
6018
6067
6019
6068
6020
6069
6021
6070
6022
6071
6023
6072
6024
6073
6025
6074
6026
6075
6027
6076
6028
6077
6029
6078
6030
6079
6031
6080
6032
6081
6033
6082
6034
6083
6035
6084
6036
6085
6037
6086
6038
6087
6039
6088
6040
6089
6041
6090
6042
6091
6043
6092
6044
6093
6045
6094
6046
6095
6047
6096
6048
6097
6049
6098
6099
6051
6100
6052
6101
6053
6102
6054
6103
6055
6104
6056
6105
6057
6106
6058
6107
6059
6108
6060
6109
6061
6110
6062
6111
6063
6112
6064
6113
6065
6114
6066
6115
6067
6116
6068
6117
6069
6118
6070
6119
6071
6120
6072
6121
6073
6122
6074
6123
6075
6124
6076
6125
6077
6126
6078
6127
6079
6128
6080
6129
6081
6130
6082
6131
6083
6132
6084
6133
6085
6134
6086
6135
6087
6136
6088
6137
6089
6138
6090
6139
6091
6140
6092
6141
6093
6142
6094
6143
6095
6144
6096
6145
6097
6146
6098
6147
6099
6148
6149
6101
6150
6102
6151
6103
6152
6104
6153
6105
6154
6106
6155
6107
6156
6108
6157
6109
6158
6110
6159
6111
6160
6112
6161
6113
6162
6114
6163
6115
6164
6116
6165
6117
6166
6118
6167
6119
6168
6120
6169
6121
6170
6122
6171
6123
6172
6124
6173
6125
6174
6126
6175
6127
6176
6128
6177
6129
6178
6130
6179
6131
6180
6132
6181
6133
6182
6134
6183
6135
6184
6136
6185
6137
6186
6138
6187
6139
6188
6140
6189
6141
6190
6142
6191
6143
6192
6144
6193
6145
6194
6146
6195
6147
6196
6148
6197
6149
6198
6199
6151
6200
6152
6201
6153
6202
6154
6203
6155
6204
6156
6205
6157
6206
6158
6207
6159
6208
6160
6209
6161
6210
6162
6211
6163
6212
6164
6213
6165
6214
6166
6215
6167
6216
6168
6217
6169
6218
6170
6219
6171
6220
6172
6221
6173
6222
6174
6223
6175
6224
6176
6225
6177
6226
6178
6227
6179
6228
6180
6229
6181
6230
6182
6231
6183
6232
6184
6233
6185
6234
6186
6235
6187
6236
6188
6237
6189
6238
6190
6239
6191
6240
6192
6241
6193
6242
6194
6243
6195
6244
6196
6245
6197
6246
6198
6247
6199
6248
6249
6201
6250
6202
6251
6203
6252
6204
6253
6205
6254
6206
6255
6207
6256
6208
6257
6209
6258
6210
6259
6211
6260
6212
6261
6213
6262
6214
6263
6215
6264
6216
6265
6217
6266
6218
6267
6219
6268
6220
6269
6221
6270
6222
6271
6223
6272
6224
6273
6225
6274
6226
6275
6227
6276
6228
6277
6229
6278
6230
6279
6231
6280
6232
6281
6233
6282
6234
6283
6235
6284
6236
6285
6237
6286
6238
6287
6239
6288
6240
6289
6241
6290
6242
6291
6243
6292
6244
6293
6245
6294
6246
6295
6247
6296
6248
6297
6249
6298
6299
6251
6300
6252
6301
6253
6302
6254
6303
6255
6304
6256
6305
6257
6306
6258
6307
6259
6308
6260
6309
6261
6310
6262
6311
6263
6312
6264
6313
6265
6314
6266
6315
6267
6316
6268
6317
6269
6318
6270
6319
6271
6320
6272
6321
6273
6322
6274
6323
6275
6324
6276
6325
6277
6326
6278
6327
6279
6328
6280
6329
6281
6330
6282
6331
6283
6332
6284
6333
6285
6334
6286
6335
6287
6336
6288
6337
6289
6338
6290
6339
6291
6340
6292
6341
6293
6342
6294
6343
6295
6344
6296
6345
6297
6346
6298
6347
6299
6348
6349
6301
6350
6302
6351
6303
6352
6304
6353
6305
6354
6306
6355
6307
6356
6308
6357
6309
6358
6310
6359
6311
6360
6312
6361
6313
6362
6314
6363
6315
6364
6316
6365
6317
6366
6318
6367
6319
6368
6320
6369
6321
6370
6322
6371
6323
6372
6324
6373
6325
6374
6326
6375
6327
6376
6328
6377
6329
6378
6330
6379
6331
6380
6332
6381
6333
6382
6334
6383
6335
6384
6336
6385
6337
6386
6338
6387
6339
6388
6340
6389
6341
6390
6342
6391
6343
6392
6344
6393
6345
6394
6346
6395
6347
6396
6348
6397
6349
6398
6399
6351
6400
6352
6401
6353
6402
6354
6403
6355
6404
6356
6405
6357
6406
6358
6407
6359
6408
6360
6409
6361
6410
6362
6411
6363
6412
6364
6413
6365
6414
6366
6415
6367
6416
6368
6417
6369
6418
6370
6419
6371
6420
6372
6421
6373
6422
6374
6423
6375
6424
6376
6425
6377
6426
6378
6427
6379
6428
6380
6429
6381
6430
6382
6431
6383
6432
6384
6433
6385
6434
6386
6435
6387
6436
6388
6437
6389
6438
6390
6439
6391
6440
6392
6441
6393
6442
6394
6443
6395
6444
6396
6445
6397
6446
6398
6447
6399
6448
6449
6401
6450
6402
6451
6403
6452
6404
6453
6405
6454
6406
6455
6407
6456
6408
6457
6409
6458
6410
6459
6411
6460
6412
6461
6413
6462
6414
6463
6415
6464
6416
6465
6417
6466
6418
6467
6419
6468
6420
6469
6421
6470
6422
6471
6423
6472
6424
6473
6425
6474
6426
6475
6427
6476
6428
6477
6429
6478
6430
6479
6431
6480
6432
6481
6433
6482
6434
6483
6435
6484
6436
6485
6437
6486
6438
6487
6439
6488
6440
6489
6441
6490
6442
6491
6443
6492
6444
6493
6445
6494
6446
6495
6447
6496
6448
6497
6449
6498
6499
6451
6500
6452
6501
6453
6502
6454
6503
6455
6504
6456
6505
6457
6506
6458
6507
6459
6508
6460
6509
6461
6510
6462
6511
6463
6512
6464
6513
6465
6514
6466
6515
6467
6516
6468
6517
6469
6518
6470
6519
6471
6520
6472
6521
6473
6522
6474
6523
6475
6524
6476
6525
6477
6526
6478
6527
6479
6528
6480
6529
6481
6530
6482
6531
6483
6532
6484
6533
6485
6534
6486
6535
6487
6536
6488
6537
6489
6538
6490
6539
6491
6540
6492
6541
6493
6542
6494
6543
6495
6544
6496
6545
6497
6546
6498
6547
6499
6548
6549
6501
6550
6502
6551
6503
6552
6504
6553
6505
6554
6506
6555
6507
6556
6508
6557
6509
6558
6510
6559
6511
6560
6512
6561
6513
6562
6514
6563
6515
6564
6516
6565
6517
6566
6518
6567
6519
6568
6520
6569
6521
6570
6522
6571
6523
6572
6524
6573
6525
6574
6526
6575
6527
6576
6528
6577
6529
6578
6530
6579
6531
6580
6532
6581
6533
6582
6534
6583
6535
6584
6536
6585
6537
6586
6538
6587
6539
6588
6540
6589
6541
6590
6542
6591
6543
6592
6544
6593
6545
6594
6546
6595
6547
6596
6548
6597
6549
6598
6599
6551
6600
6552
6601
6553
6602
6554
6603
6555
6604
6556
6605
6557
6606
6558
6607
6559
6608
6560
6609
6561
6610
6562
6611
6563
6612
6564
6613
6565
6614
6566
6615
6567
6616
6568
6617
6569
6618
6570
6619
6571
6620
6572
6621
6573
6622
6574
6623
6575
6624
6576
6625
6577
6626
6578
6627
6579
6628
6580
6629
6581
6630
6582
6631
6583
6632
6584
6633
6585
6634
6586
6635
6587
6636
6588
6637
6589
6638
6590
6639
6591
6640
6592
6641
6593
6642
6594
6643
6595
6644
6596
6645
6597
6646
6598
6647
6599
6648
6649
6601
6650
6602
6651
6603
6652
6604
6653
6605
6654
6606
6655
6607
6656
6608
6657
6609
6658
6610
6659
6611
6660
6612
6661
6613
6662
6614
6663
6615
6664
6616
6665
6617
6666
6618
6667
6619
6668
6620
6669
6621
6670
6622
6671
6623
6672
6624
6673
6625
6674
6626
6675
6627
6676
6628
6677
6629
6678
6630
6679
6631
6680
6632
6681
6633
6682
6634
6683
6635
6684
6636
6685
6637
6686
6638
6687
6639
6688
6640
6689
6641
6690
6642
6691
6643
6692
6644
6693
6645
6694
6646
6695
6647
6696
6648
6697
6649
6698
6699
6651
6700
6652
6701
6653
6702
6654
6703
6655
6704
6656
6705
6657
6706
6658
6707
6659
6708
6660
6709
6661
6710
6662
6711
6663
6712
6664
6713
6665
6714
6666
6715
6667
6716
6668
6717
6669
6718
6670
6719
6671
6720
6672
6721
6673
6722
6674
6723
6675
6724
6676
6725
6677
6726
6678
6727
6679
6728
6680
6729
6681
6730
6682
6731
6683
6732
6684
6733
6685
6734
6686
6735
6687
6736
6688
6737
6689
6738
6690
6739
6691
6740
6692
6741
6693
6742
6694
6743
6695
6744
6696
6745
6697
6746
6698
6747
6699
6748
6749
6701
6750
6702
6751
6703
6752
6704
6753
6705
6754
6706
6755
6707
6756
6708
6757
6709
6758
6710
6759
6711
6760
6712
6761
6713
6762
6714
6763
6715
6764
6716
6765
6717
6766
6718
6767
6719
6768
6720
6769
6721
6770
6722
6771
6723
6772
6724
6773
6725
6774
6726
6775
6727
6776
6728
6777
6729
6778
6730
6779
6731
6780
6732
6781
6733
6782
6734
6783
6735
6784
6736
6785
6737
6786
6738
6787
6739
6788
6740
6789
6741
6790
6742
6791
6743
6792
6744
6793
6745
6794
6746
6795
6747
6796
6748
6797
6749
6798
6799
6751
6800
6752
6801
6753
6802
6754
6803
6755
6804
6756
6805
6757
6806
6758
6807
6759
6808
6760
6809
6761
6810
6762
6811
6763
6812
6764
6813
6765
6814
6766
6815
6767
6816
6768
6817
6769
6818
6770
6819
6771
6820
6772
6821
6773
6822
6774
6823
6775
6824
6776
6825
6777
6826
6778
6827
6779
6828
6780
6829
6781
6830
6782
6831
6783
6832
6784
6833
6785
6834
6786
6835
6787
6836
6788
6837
6789
6838
6790
6839
6791
6840
6792
6841
6793
6842
6794
6843
6795
6844
6796
6845
6797
6846
6798
6847
6799
6848
6849
6801
6850
6802
6851
6803
6852
6804
6853
6805
6854
6806
6855
6807
6856
6808
6857
6809
6858
6810
6859
6811
6860
6812
6861
6813
6862
6814
6863
6815
6864
6816
6865
6817
6866
6818
6867
6819
6868
6820
6869
6821
6870
6822
6871
6823
6872
6824
6873
6825
6874
6826
6875
6827
6876
6828
6877
6829
6878
6830
6879
6831
6880
6832
6881
6833
6882
6834
6883
6835
6884
6836
6885
6837
6886
6838
6887
6839
6888
6840
6889
6841
6890
6842
6891
6843
6892
6844
6893
6845
6894
6846
6895
6847
6896
6848
6897
6849
6898
6899
6851
6900
6852
6901
6853
6902
6854
6903
6855
6904
6856
6905
6857
6906
6858
6907
6859
6908
6860
6909
6861
6910
6862
6911
6863
6912
6864
6913
6865
6914
6866
6915
6867
6916
6868
6917
6869
6918
6870
6919
6871
6920
6872
6921
6873
6922
6874
6923
6875
6924
6876
6925
6877
6926
6878
6927
6879
6928
6880
6929
6881
6930
6882
6931
6883
6932
6884
6933
6885
6934
6886
6935
6887
6936
6888
6937
6889
6938
6890
6939
6891
6940
6892
6941
6893
6942
6894
6943
6895
6944
6896
6945
6897
6946
6898
6947
6899
6948
6949
6901
6950
6902
6951
6903
6952
6904
6953
6905
6954
6906
6955
6907
6956
6908
6957
6909
6958
6910
6959
6911
6960
6912
6961
6913
6962
6914
6963
6915
6964
6916
6965
6917
6966
6918
6967
6919
6968
6920
6969
6921
6970
6922
6971
6923
6972
6924
6973
6925
6974
6926
6975
6927
6976
6928
6977
6929
6978
6930
6979
6931
6980
6932
6981
6933
6982
6934
6983
6935
6984
6936
6985
6937
6986
6938
6987
6939
6988
6940
6989
6941
6990
6942
6991
6943
6992
6944
6993
6945
6994
6946
6995
6947
6996
6948
6997
6949
6998
6999
6951
7000
6952
7001
6953
7002
6954
7003
6955
7004
6956
7005
6957
7006
6958
7007
6959
7008
6960
7009
6961
7010
6962
7011
6963
7012
6964
7013
6965
7014
6966
7015
6967
7016
6968
7017
6969
7018
6970
7019
6971
7020
6972
7021
6973
7022
6974
7023
6975
7024
6976
7025
6977
7026
6978
7027
6979
7028
6980
7029
6981
7030
6982
7031
6983
7032
6984
7033
6985
7034
6986
7035
6987
7036
6988
7037
6989
7038
6990
7039
6991
7040
6992
7041
6993
7042
6994
7043
6995
7044
6996
7045
6997
7046
6998
7047
6999
7048
7049
7001
7050
7002
7051
7003
7052
7004
7053
7005
7054
7006
7055
7007
7056
7008
7057
7009
7058
7010
7059
7011
7060
7012
7061
7013
7062
7014
7063
7015
7064
7016
7065
7017
7066
7018
7067
7019
7068
7020
7069
7021
7070
7022
7071
7023
7072
7024
7073
7025
7074
7026
7075
7027
7076
7028
7077
7029
7078
7030
7079
7031
7080
7032
7081
7033
7082
7034
7083
7035
7084
7036
7085
7037
7086
7038
7087
7039
7088
7040
7089
7041
7090
7042
7091
7043
7092
7044
7093
7045
7094
7046
7095
7047
7096
7048
7097
7049
7098
7099
7051
7100
7052
7101
7053
7102
7054
7103
7055
7104
7056
7105
7057
7106
7058
7107
7059
7108
7060
7109
7061
7110
7062
7111
7063
7112
7064
7113
7065
7114
7066
7115
7067
7116
7068
7117
7069
7118
7070
7119
7071
7120
7072
7121
7073
7122
7074
7123
7075
7124
7076
7125
7077
7126
7078
7127
7079
7128
7080
7129
7081
7130
7082
7131
7083
7132
7084
7133
7085
7134
7086
7135
7087
7136
7088
7137
7089
7138
7090
7139
7091
7140
7092
7141
7093
7142
7094
7143
7095
7144
7096
7145
7097
7146
7098
7147
7099
7148
7149
7101
7150
7102
7151
7103
7152
7104
7153
7105
7154
7106
7155
7107
7156
7108
7157
7109
7158
7110
7159
7111
7160
7112
7161
7113
7162
7114
7163
7115
7164
7116
7165
7117
7166
7118
7167
7119
7168
7120
7169
7121
7170
7122
7171
7123
7172
7124
7173
7125
7174
7126
7175
7127
7176
7128
7177
7129
7178
7130
7179
7131
7180
7132
7181
7133
7182
7134
7183
7135
7184
7136
7185
7137
7186
7138
7187
7139
7188
7140
7189
7141
7190
7142
7191
7143
7192
7144
7193
7145
7194
7146
7195
7147
7196
7148
7197
7149
7198
7199
7151
7200
7152
7201
7153
7202
7154
7203
7155
7204
7156
7205
7157
7206
7158
7207
7159
7208
7160
7209
7161
7210
7162
7211
7163
7212
7164
7213
7165
7214
7166
7215
7167
7216
7168
7217
7169
7218
7170
7219
7171
7220
7172
7221
7173
7222
7174
7223
7175
7224
7176
7225
7177
7226
7178
7227
7179
7228
7180
7229
7181
7230
7182
7231
7183
7232
7184
7233
7185
7234
7186
7235
7187
7236
7188
7237
7189
7238
7190
7239
7191
7240
7192
7241
7193
7242
7194
7243
7195
7244
7196
7245
7197
7246
7198
7247
7199
7248
7249
7201
7250
7202
7251
7203
7252
7204
7253
7205
7254
7206
7255
7207
7256
7208
7257
7209
7258
7210
7259
7211
7260
7212
7261
7213
7262
7214
7263
7215
7264
7216
7265
7217
7266
7218
7267
7219
7268
7220
7269
7221
7270
7222
7271
7223
7272
7224
7273
7225
7274
7226
7275
7227
7276
7228
7277
7229
7278
7230
7279
7231
7280
7232
7281
7233
7282
7234
7283
7235
7284
7236
7285
7237
7286
7238
7287
7239
7288
7240
7289
7241
7290
7242
7291
7243
7292
7244
7293
7245
7294
7246
7295
7247
7296
7248
7297
7249
7298
7299
7251
7300
7252
7301
7253
7302
7254
7303
7255
7304
7256
7305
7257
7306
7258
7307
7259
7308
7260
7309
7261
7310
7262
7311
7263
7312
7264
7313
7265
7314
7266
7315
7267
7316
7268
7317
7269
7318
7270
7319
7271
7320
7272
7321
7273
7322
7274
7323
7275
7324
7276
7325
7277
7326
7278
7327
7279
7328
7280
7329
7281
7330
7282
7331
7283
7332
7284
7333
7285
7334
7286
7335
7287
7336
7288
7337
7289
7338
7290
7339
7291
7340
7292
7341
7293
7342
7294
7343
7295
7344
7296
7345
7297
7346
7298
7347
7299
7348
7349
7301
7350
7302
7351
7303
7352
7304
7353
7305
7354
7306
7355
7307
7356
7308
7357
7309
7358
7310
7359
7311
7360
7312
7361
7313
7362
7314
7363
7315
7364
7316
7365
7317
7366
7318
7367
7319
7368
7320
7369
7321
7370
7322
7371
7323
7372
7324
7373
7325
7374
7326
7375
7327
7376
7328
7377
7329
7378
7330
7379
7331
7380
7332
7381
7333
7382
7334
7383
7335
7384
7336
7385
7337
7386
7338
7387
7339
7388
7340
7389
7341
7390
7342
7391
7343
7392
7344
7393
7345
7394
7346
7395
7347
7396
7348
7397
7349
7398
7399
7351
7400
7352
7401
7353
7402
7354
7403
7355
7404
7356
7405
7357
7406
7358
7407
7359
7408
7360
7409
7361
7410
7362
7411
7363
7412
7364
7413
7365
7414
7366
7415
7367
7416
7368
7417
7369
7418
7370
7419
7371
7420
7372
7421
7373
7422
7374
7423
7375
7424
7376
7425
7377
7426
7378
7427
7379
7428
7380
7429
7381
7430
7382
7431
7383
7432
7384
7433
7385
7434
7386
7435
7387
7436
7388
7437
7389
7438
7390
7439
7391
7440
7392
7441
7393
7442
7394
7443
7395
7444
7396
7445
7397
7446
7398
7447
7399
7448
7449
7401
7450
7402
7451
7403
7452
7404
7453
7405
7454
7406
7455
7407
7456
7408
7457
7409
7458
7410
7459
7411
7460
7412
7461
7413
7462
7414
7463
7415
7464
7416
7465
7417
7466
7418
7467
7419
7468
7420
7469
7421
7470
7422
7471
7423
7472
7424
7473
7425
7474
7426
7475
7427
7476
7428
7477
7429
7478
7430
7479
7431
7480
7432
7481
7433
7482
7434
7483
7435
7484
7436
7485
7437
7486
7438
7487
7439
7488
7440
7489
7441
7490
7442
7491
7443
7492
7444
7493
7445
7494
7446
7495
7447
7496
7448
7497
7449
7498
7499
7451
7500
7452
7501
7453
7502
7454
7503
7455
7504
7456
7505
7457
7506
7458
7507
7459
7508
7460
7509
7461
7510
7462
7511
7463
7512
7464
7513
7465
7514
7466
7515
7467
7516
7468
7517
7469
7518
7470
7519
7471
7520
7472
7521
7473
7522
7474
7523
7475
7524
7476
7525
7477
7526
7478
7527
7479
7528
7480
7529
7481
7530
7482
7531
7483
7532
7484
7533
7485
7534
7486
7535
7487
7536
7488
7537
7489
7538
7490
7539
7491
7540
7492
7541
7493
7542
7494
7543
7495
7544
7496
7545
7497
7546
7498
7547
7499
7548
7549
7501
7550
7502
7551
7503
7552
7504
7553
7505
7554
7506
7555
7507
7556
7508
7557
7509
7558
7510
7559
7511
7560
7512
7561
7513
7562
7514
7563
7515
7564
7516
7565
7517
7566
7518
7567
7519
7568
7520
7569
7521
7570
7522
7571
7523
7572
7524
7573
7525
7574
7526
7575
7527
7576
7528
7577
7529
7578
7530
7579
7531
7580
7532
7581
7533
7582
7534
7583
7535
7584
7536
7585
7537
7586
7538
7587
7539
7588
7540
7589
7541
7590
7542
7591
7543
7592
7544
7593
7545
7594
7546
7595
7547
7596
7548
7597
7549
7598
7599
7551
7600
7552
7601
7553
7602
7554
7603
7555
7604
7556
7605
7557
7606
7558
7607
7559
7608
7560
7609
7561
7610
7562
7611
7563
7612
7564
7613
7565
7614
7566
7615
7567
7616
7568
7617
7569
7618
7570
7619
7571
7620
7572
7621
7573
7622
7574
7623
7575
7624
7576
7625
7577
7626
7578
7627
7579
7628
7580
7629
7581
7630
7582
7631
7583
7632
7584
7633
7585
7634
7586
7635
7587
7636
7588
7637
7589
7638
7590
7639
7591
7640
7592
7641
7593
7642
7594
7643
7595
7644
7596
7645
7597
7646
7598
7647
7599
7648
7649
7601
7650
7602
7651
7603
7652
7604
7653
7605
7654
7606
7655
7607
7656
7608
7657
7609
7658
7610
7659
7611
7660
7612
7661
7613
7662
7614
7663
7615
7664
7616
7665
7617
7666
7618
7667
7619
7668
7620
7669
7621
7670
7622
7671
7623
7672
7624
7673
7625
7674
7626
7675
7627
7676
7628
7677
7629
7678
7630
7679
7631
7680
7632
7681
7633
7682
7634
7683
7635
7684
7636
7685
7637
7686
7638
7687
7639
7688
7640
7689
7641
7690
7642
7691
7643
7692
7644
7693
7645
7694
7646
7695
7647
7696
7648
7697
7649
7698
7699
7651
7700
7652
7701
7653
7702
7654
7703
7655
7704
7656
7705
7657
7706
7658
7707
7659
7708
7660
7709
7661
7710
7662
7711
7663
7712
7664
7713
7665
7714
7666
7715
7667
7716
7668
7717
7669
7718
7670
7719
7671
7720
7672
7721
7673
7722
7674
7723
7675
7724
7676
7725
7677
7726
7678
7727
7679
7728
7680
7729
7681
7730
7682
7731
7683
7732
7684
7733
7685
7734
7686
7735
7687
7736
7688
7737
7689
7738
7690
7739
7691
7740
7692
7741
7693
7742
7694
7743
7695
7744
7696
7745
7697
7746
7698
7747
7699
7748
7749
7701
7750
7702
7751
7703
7752
7704
7753
7705
7754
7706
7755
7707
7756
7708
7757
7709
7758
7710
7759
7711
7760
7712
7761
7713
7762
7714
7763
7715
7764
7716
7765
7717
7766
7718
7767
7719
7768
7720
7769
7721
7770
7722
7771
7723
7772
7724
7773
7725
7774
7726
7775
7727
7776
7728
7777
7729
7778
7730
7779
7731
7780
7732
7781
7733
7782
7734
7783
7735
7784
7736
7785
7737
7786
7738
7787
7739
7788
7740
7789
7741
7790
7742
7791
7743
7792
7744
7793
7745
7794
7746
7795
7747
7796
7748
7797
7749
7798
7799
7751
7800
7752
7801
7753
7802
7754
7803
7755
7804
7756
7805
7757
7806
7758
7807
7759
7808
7760
7809
7761
7810
7762
7811
7763
7812
7764
7813
7765
7814
7766
7815
7767
7816
7768
7817
7769
7818
7770
7819
7771
7820
7772
7821
7773
7822
7774
7823
7775
7824
7776
7825
7777
7826
7778
7827
7779
7828
7780
7829
7781
7830
7782
7831
7783
7832
7784
7833
7785
7834
7786
7835
7787
7836
7788
7837
7789
7838
7790
7839
7791
7840
7792
7841
7793
7842
7794
7843
7795
7844
7796
7845
7797
7846
7798
7847
7799
7848
7849
7801
7850
7802
7851
7803
7852
7804
7853
7805
7854
7806
7855
7807
7856
7808
7857
7809
7858
7810
7859
7811
7860
7812
7861
7813
7862
7814
7863
7815
7864
7816
7865
7817
7866
7818
7867
7819
7868
7820
7869
7821
7870
7822
7871
7823
7872
7824
7873
7825
7874
7826
7875
7827
7876
7828
7877
7829
7878
7830
7879
7831
7880
7832
7881
7833
7882
7834
7883
7835
7884
7836
7885
7837
7886
7838
7887
7839
7888
7840
7889
7841
7890
7842
7891
7843
7892
7844
7893
7845
7894
7846
7895
7847
7896
7848
7897
7849
7898
7899
7851
7900
7852
7901
7853
7902
7854
7903
7855
7904
7856
7905
7857
7906
7858
7907
7859
7908
7860
7909
7861
7910
7862
7911
7863
7912
7864
7913
7865
7914
7866
7915
7867
7916
7868
7917
7869
7918
7870
7919
7871
7920
7872
7921
7873
7922
7874
7923
7875
7924
7876
7925
7877
7926
7878
7927
7879
7928
7880
7929
7881
7930
7882
7931
7883
7932
7884
7933
7885
7934
7886
7935
7887
7936
7888
7937
7889
7938
7890
7939
7891
7940
7892
7941
7893
7942
7894
7943
7895
7944
7896
7945
7897
7946
7898
7947
7899
7948
7949
7901
7950
7902
7951
7903
7952
7904
7953
7905
7954
7906
7955
7907
7956
7908
7957
7909
7958
7910
7959
7911
7960
7912
7961
7913
7962
7914
7963
7915
7964
7916
7965
7917
7966
7918
7967
7919
7968
7920
7969
7921
7970
7922
7971
7923
7972
7924
7973
7925
7974
7926
7975
7927
7976
7928
7977
7929
7978
7930
7979
7931
7980
7932
7981
7933
7982
7934
7983
7935
7984
7936
7985
7937
7986
7938
7987
7939
7988
7940
7989
7941
7990
7942
7991
7943
7992
7944
7993
7945
7994
7946
7995
7947
7996
7948
7997
7949
7998
7999
7951
8000
7952
8001
7953
8002
7954
8003
7955
8004
7956
8005
7957
8006
7958
8007
7959
8008
7960
8009
7961
8010
7962
8011
7963
8012
7964
8013
7965
8014
7966
8015
7967
8016
7968
8017
7969
8018
7970
8019
7971
8020
7972
8021
7973
8022
7974
8023
7975
8024
7976
8025
7977
8026
7978
8027
7979
8028
7980
8029
7981
8030
7982
8031
7983
8032
7984
8033
7985
8034
7986
8035
7987
8036
7988
8037
7989
8038
7990
8039
7991
8040
7992
8041
7993
8042
7994
8043
7995
8044
7996
8045
7997
8046
7998
8047
7999
8048
8049
8001
8050
8002
8051
8003
8052
8004
8053
8005
8054
8006
8055
8007
8056
8008
8057
8009
8058
8010
8059
8011
8060
8012
8061
8013
8062
8014
8063
8015
8064
8016
8065
8017
8066
8018
8067
8019
8068
8020
8069
8021
8070
8022
8071
8023
8072
8024
8073
8025
8074
8026
8075
8027
8076
8028
8077
8029
8078
8030
8079
8031
8080
8032
8081
8033
8082
8034
8083
8035
8084
8036
8085
8037
8086
8038
8087
8039
8088
8040
8089
8041
8090
8042
8091
8043
8092
8044
8093
8045
8094
8046
8095
8047
8096
8048
8097
8049
8098
8099
8051
8052
8053
8054
8055
8056
8057
8058
8059
8060
8061
8062
8063
8064
8065
8066
8067
8068
8069
8070
8071
8072
8073
8074
8075
8076
8077
8078
8079
8080
8081
8082
8083
8084
8085
8086
8087
8088
8089
8090
8091
8092
8093
8094
8095
8096
8097
8098
8099
8101
8160
11724
8102
8161
8103
8162
8104
8163
8105
8164
8106
8165
8107
8166
8108
8167
8109
8168
8110
8169
8111
8170
8112
8171
8113
8172
8114
8173
8115
8174
8116
8175
8117
8176
8118
8177
8119
8178
8120
8179
8121
8180
8122
8181
8123
8182
8124
8183
8125
8184
8126
8185
8127
8186
8128
8187
8129
8188
8130
8189
8131
8190
8132
8191
8133
8192
8134
8193
8135
8194
8136
8195
8137
8196
8138
8197
8139
8198
8140
8199
8141
8200
8142
8201
8143
8202
8144
8203
8145
8204
8146
8205
8147
8206
8148
8207
8149
8208
8150
8209
8151
8210
8152
8211
8153
8212
8154
8213
8155
8214
8156
8215
8157
8216
8158
8217
8159
8218
8219
8161
8220
11749
8162
8221
8163
8222
8164
8223
8165
8224
8166
8225
8167
8226
8168
8227
8169
8228
8170
8229
8171
8230
8172
8231
8173
8232
8174
8233
8175
8234
8176
8235
8177
8236
8178
8237
8179
8238
8180
8239
8181
8240
8182
8241
8183
8242
8184
8243
8185
8244
8186
8245
8187
8246
8188
8247
8189
8248
8190
8249
8191
8250
8192
8251
8193
8252
8194
8253
8195
8254
8196
8255
8197
8256
8198
8257
8199
8258
8200
8259
8201
8260
8202
8261
8203
8262
8204
8263
8205
8264
8206
8265
8207
8266
8208
8267
8209
8268
8210
8269
8211
8270
8212
8271
8213
8272
8214
8273
8215
8274
8216
8275
8217
8276
8218
8277
8219
8278
8279
8221
8280
11774
8222
8281
8223
8282
8224
8283
8225
8284
8226
8285
8227
8286
8228
8287
8229
8288
8230
8289
8231
8290
8232
8291
8233
8292
8234
8293
8235
8294
8236
8295
8237
8296
8238
8297
8239
8298
8240
8299
8241
8300
8242
8301
8243
8302
8244
8303
8245
8304
8246
8305
8247
8306
8248
8307
8249
8308
8250
8309
8251
8310
8252
8311
8253
8312
8254
8313
8255
8314
8256
8315
8257
8316
8258
8317
8259
8318
8260
8319
8261
8320
8262
8321
8263
8322
8264
8323
8265
8324
8266
8325
8267
8326
8268
8327
8269
8328
8270
8329
8271
8330
8272
8331
8273
8332
8274
8333
8275
8334
8276
8335
8277
8336
8278
8337
8279
8338
8339
8281
8340
11799
8282
8341
8283
8342
8284
8343
8285
8344
8286
8345
8287
8346
8288
8347
8289
8348
8290
8349
8291
8350
8292
8351
8293
8352
8294
8353
8295
8354
8296
8355
8297
8356
8298
8357
8299
8358
8300
8359
8301
8360
8302
8361
8303
8362
8304
8363
8305
8364
8306
8365
8307
8366
8308
8367
8309
8368
8310
8369
8311
8370
8312
8371
8313
8372
8314
8373
8315
8374
8316
8375
8317
8376
8318
8377
8319
8378
8320
8379
8321
8380
8322
8381
8323
8382
8324
8383
8325
8384
8326
8385
8327
8386
8328
8387
8329
8388
8330
8389
8331
8390
8332
8391
8333
8392
8334
8393
8335
8394
8336
8395
8337
8396
8338
8397
8339
8398
8399
8341
8400
11824
8342
8401
8343
8402
8344
8403
8345
8404
8346
8405
8347
8406
8348
8407
8349
8408
8350
8409
8351
8410
8352
8411
8353
8412
8354
8413
8355
8414
8356
8415
8357
8416
8358
8417
8359
8418
8360
8419
8361
8420
8362
8421
8363
8422
8364
8423
8365
8424
8366
8425
8367
8426
8368
8427
8369
8428
8370
8429
8371
8430
8372
8431
8373
8432
8374
8433
8375
8434
8376
8435
8377
8436
8378
8437
8379
8438
8380
8439
8381
8440
8382
8441
8383
8442
8384
8443
8385
8444
8386
8445
8387
8446
8388
8447
8389
8448
8390
8449
8391
8450
8392
8451
8393
8452
8394
8453
8395
8454
8396
8455
8397
8456
8398
8457
8399
8458
8459
8401
8460
11849
8402
8461
8403
8462
8404
8463
8405
8464
8406
8465
8407
8466
8408
8467
8409
8468
8410
8469
8411
8470
8412
8471
8413
8472
8414
8473
8415
8474
8416
8475
8417
8476
8418
8477
8419
8478
8420
8479
8421
8480
8422
8481
8423
8482
8424
8483
8425
8484
8426
8485
8427
8486
8428
8487
8429
8488
8430
8489
8431
8490
8432
8491
8433
8492
8434
8493
8435
8494
8436
8495
8437
8496
8438
8497
8439
8498
8440
8499
8441
8500
8442
8501
8443
8502
8444
8503
8445
8504
8446
8505
8447
8506
8448
8507
8449
8508
8450
8509
8451
8510
8452
8511
8453
8512
8454
8513
8455
8514
8456
8515
8457
8516
8458
8517
8459
8518
8519
8461
8520
11874
8462
8521
8463
8522
8464
8523
8465
8524
8466
8525
8467
8526
8468
8527
8469
8528
8470
8529
8471
8530
8472
8531
8473
8532
8474
8533
8475
8534
8476
8535
8477
8536
8478
8537
8479
8538
8480
8539
8481
8540
8482
8541
8483
8542
8484
8543
8485
8544
8486
8545
8487
8546
8488
8547
8489
8548
8490
8549
8491
8550
8492
8551
8493
8552
8494
8553
8495
8554
8496
8555
8497
8556
8498
8557
8499
8558
8500
8559
8501
8560
8502
8561
8503
8562
8504
8563
8505
8564
8506
8565
8507
8566
8508
8567
8509
8568
8510
8569
8511
8570
8512
8571
8513
8572
8514
8573
8515
8574
8516
8575
8517
8576
8518
8577
8519
8578
8579
8521
8580
11899
8522
8581
8523
8582
8524
8583
8525
8584
8526
8585
8527
8586
8528
8587
8529
8588
8530
8589
8531
8590
8532
8591
8533
8592
8534
8593
8535
8594
8536
8595
8537
8596
8538
8597
8539
8598
8540
8599
8541
8600
8542
8601
8543
8602
8544
8603
8545
8604
8546
8605
8547
8606
8548
8607
8549
8608
8550
8609
8551
8610
8552
8611
8553
8612
8554
8613
8555
8614
8556
8615
8557
8616
8558
8617
8559
8618
8560
8619
8561
8620
8562
8621
8563
8622
8564
8623
8565
8624
8566
8625
8567
8626
8568
8627
8569
8628
8570
8629
8571
8630
8572
8631
8573
8632
8574
8633
8575
8634
8576
8635
8577
8636
8578
8637
8579
8638
8639
8581
8640
11924
8582
8641
8583
8642
8584
8643
8585
8644
8586
8645
8587
8646
8588
8647
8589
8648
8590
8649
8591
8650
8592
8651
8593
8652
8594
8653
8595
8654
8596
8655
8597
8656
8598
8657
8599
8658
8600
8659
8601
8660
8602
8661
8603
8662
8604
8663
8605
8664
8606
8665
8607
8666
8608
8667
8609
8668
8610
8669
8611
8670
8612
8671
8613
8672
8614
8673
8615
8674
8616
8675
8617
8676
8618
8677
8619
8678
8620
8679
8621
8680
8622
8681
8623
8682
8624
8683
8625
8684
8626
8685
8627
8686
8628
8687
8629
8688
8630
8689
8631
8690
8632
8691
8633
8692
8634
8693
8635
8694
8636
8695
8637
8696
8638
8697
8639
8698
8699
8641
8700
11949
8642
8701
8643
8702
8644
8703
8645
8704
8646
8705
8647
8706
8648
8707
8649
8708
8650
8709
8651
8710
8652
8711
8653
8712
8654
8713
8655
8714
8656
8715
8657
8716
8658
8717
8659
8718
8660
8719
8661
8720
8662
8721
8663
8722
8664
8723
8665
8724
8666
8725
8667
8726
8668
8727
8669
8728
8670
8729
8671
8730
8672
8731
8673
8732
8674
8733
8675
8734
8676
8735
8677
8736
8678
8737
8679
8738
8680
8739
8681
8740
8682
8741
8683
8742
8684
8743
8685
8744
8686
8745
8687
8746
8688
8747
8689
8748
8690
8749
8691
8750
8692
8751
8693
8752
8694
8753
8695
8754
8696
8755
8697
8756
8698
8757
8699
8758
8759
8701
8760
11974
8702
8761
8703
8762
8704
8763
8705
8764
8706
8765
8707
8766
8708
8767
8709
8768
8710
8769
8711
8770
8712
8771
8713
8772
8714
8773
8715
8774
8716
8775
8717
8776
8718
8777
8719
8778
8720
8779
8721
8780
8722
8781
8723
8782
8724
8783
8725
8784
8726
8785
8727
8786
8728
8787
8729
8788
8730
8789
8731
8790
8732
8791
8733
8792
8734
8793
8735
8794
8736
8795
8737
8796
8738
8797
8739
8798
8740
8799
8741
8800
8742
8801
8743
8802
8744
8803
8745
8804
8746
8805
8747
8806
8748
8807
8749
8808
8750
8809
8751
8810
8752
8811
8753
8812
8754
8813
8755
8814
8756
8815
8757
8816
8758
8817
8759
8818
8819
8761
8820
11999
8762
8821
8763
8822
8764
8823
8765
8824
8766
8825
8767
8826
8768
8827
8769
8828
8770
8829
8771
8830
8772
8831
8773
8832
8774
8833
8775
8834
8776
8835
8777
8836
8778
8837
8779
8838
8780
8839
8781
8840
8782
8841
8783
8842
8784
8843
8785
8844
8786
8845
8787
8846
8788
8847
8789
8848
8790
8849
8791
8850
8792
8851
8793
8852
8794
8853
8795
8854
8796
8855
8797
8856
8798
8857
8799
8858
8800
8859
8801
8860
8802
8861
8803
8862
8804
8863
8805
8864
8806
8865
8807
8866
8808
8867
8809
8868
8810
8869
8811
8870
8812
8871
8813
8872
8814
8873
8815
8874
8816
8875
8817
8876
8818
8877
8819
8878
8879
8821
8880
12024
8822
8881
8823
8882
8824
8883
8825
8884
8826
8885
8827
8886
8828
8887
8829
8888
8830
8889
8831
8890
8832
8891
8833
8892
8834
8893
8835
8894
8836
8895
8837
8896
8838
8897
8839
8898
8840
8899
8841
8900
8842
8901
8843
8902
8844
8903
8845
8904
8846
8905
8847
8906
8848
8907
8849
8908
8850
8909
8851
8910
8852
8911
8853
8912
8854
8913
8855
8914
8856
8915
8857
8916
8858
8917
8859
8918
8860
8919
8861
8920
8862
8921
8863
8922
8864
8923
8865
8924
8866
8925
8867
8926
8868
8927
8869
8928
8870
8929
8871
8930
8872
8931
8873
8932
8874
8933
8875
8934
8876
8935
8877
8936
8878
8937
8879
8938
8939
8881
8940
12049
8882
8941
8883
8942
8884
8943
8885
8944
8886
8945
8887
8946
8888
8947
8889
8948
8890
8949
8891
8950
8892
8951
8893
8952
8894
8953
8895
8954
8896
8955
8897
8956
8898
8957
8899
8958
8900
8959
8901
8960
8902
8961
8903
8962
8904
8963
8905
8964
8906
8965
8907
8966
8908
8967
8909
8968
8910
8969
8911
8970
8912
8971
8913
8972
8914
8973
8915
8974
8916
8975
8917
8976
8918
8977
8919
8978
8920
8979
8921
8980
8922
8981
8923
8982
8924
8983
8925
8984
8926
8985
8927
8986
8928
8987
8929
8988
8930
8989
8931
8990
8932
8991
8933
8992
8934
8993
8935
8994
8936
8995
8937
8996
8938
8997
8939
8998
8999
8941
9000
12074
8942
9001
8943
9002
8944
9003
8945
9004
8946
9005
8947
9006
8948
9007
8949
9008
8950
9009
8951
9010
8952
9011
8953
9012
8954
9013
8955
9014
8956
9015
8957
9016
8958
9017
8959
9018
8960
9019
8961
9020
8962
9021
8963
9022
8964
9023
8965
9024
8966
9025
8967
9026
8968
9027
8969
9028
8970
9029
8971
9030
8972
9031
8973
9032
8974
9033
8975
9034
8976
9035
8977
9036
8978
9037
8979
9038
8980
9039
8981
9040
8982
9041
8983
9042
8984
9043
8985
9044
8986
9045
8987
9046
8988
9047
8989
9048
8990
9049
8991
9050
8992
9051
8993
9052
8994
9053
8995
9054
8996
9055
8997
9056
8998
9057
8999
9058
9059
9001
9060
12099
9002
9061
9003
9062
9004
9063
9005
9064
9006
9065
9007
9066
9008
9067
9009
9068
9010
9069
9011
9070
9012
9071
9013
9072
9014
9073
9015
9074
9016
9075
9017
9076
9018
9077
9019
9078
9020
9079
9021
9080
9022
9081
9023
9082
9024
9083
9025
9084
9026
9085
9027
9086
9028
9087
9029
9088
9030
9089
9031
9090
9032
9091
9033
9092
9034
9093
9035
9094
9036
9095
9037
9096
9038
9097
9039
9098
9040
9099
9041
9100
9042
9101
9043
9102
9044
9103
9045
9104
9046
9105
9047
9106
9048
9107
9049
9108
9050
9109
9051
9110
9052
9111
9053
9112
9054
9113
9055
9114
9056
9115
9057
9116
9058
9117
9059
9118
9119
9061
9120
12124
9062
9121
9063
9122
9064
9123
9065
9124
9066
9125
9067
9126
9068
9127
9069
9128
9070
9129
9071
9130
9072
9131
9073
9132
9074
9133
9075
9134
9076
9135
9077
9136
9078
9137
9079
9138
9080
9139
9081
9140
9082
9141
9083
9142
9084
9143
9085
9144
9086
9145
9087
9146
9088
9147
9089
9148
9090
9149
9091
9150
9092
9151
9093
9152
9094
9153
9095
9154
9096
9155
9097
9156
9098
9157
9099
9158
9100
9159
9101
9160
9102
9161
9103
9162
9104
9163
9105
9164
9106
9165
9107
9166
9108
9167
9109
9168
9110
9169
9111
9170
9112
9171
9113
9172
9114
9173
9115
9174
9116
9175
9117
9176
9118
9177
9119
9178
9179
9121
9180
12149
9122
9181
9123
9182
9124
9183
9125
9184
9126
9185
9127
9186
9128
9187
9129
9188
9130
9189
9131
9190
9132
9191
9133
9192
9134
9193
9135
9194
9136
9195
9137
9196
9138
9197
9139
9198
9140
9199
9141
9200
9142
9201
9143
9202
9144
9203
9145
9204
9146
9205
9147
9206
9148
9207
9149
9208
9150
9209
9151
9210
9152
9211
9153
9212
9154
9213
9155
9214
9156
9215
9157
9216
9158
9217
9159
9218
9160
9219
9161
9220
9162
9221
9163
9222
9164
9223
9165
9224
9166
9225
9167
9226
9168
9227
9169
9228
9170
9229
9171
9230
9172
9231
9173
9232
9174
9233
9175
9234
9176
9235
9177
9236
9178
9237
9179
9238
9239
9181
9240
12174
9182
9241
9183
9242
9184
9243
9185
9244
9186
9245
9187
9246
9188
9247
9189
9248
9190
9249
9191
9250
9192
9251
9193
9252
9194
9253
9195
9254
9196
9255
9197
9256
9198
9257
9199
9258
9200
9259
9201
9260
9202
9261
9203
9262
9204
9263
9205
9264
9206
9265
9207
9266
9208
9267
9209
9268
9210
9269
9211
9270
9212
9271
9213
9272
9214
9273
9215
9274
9216
9275
9217
9276
9218
9277
9219
9278
9220
9279
9221
9280
9222
9281
9223
9282
9224
9283
9225
9284
9226
9285
9227
9286
9228
9287
9229
9288
9230
9289
9231
9290
9232
9291
9233
9292
9234
9293
9235
9294
9236
9295
9237
9296
9238
9297
9239
9298
9299
9241
9300
12199
9242
9301
9243
9302
9244
9303
9245
9304
9246
9305
9247
9306
9248
9307
9249
9308
9250
9309
9251
9310
9252
9311
9253
9312
9254
9313
9255
9314
9256
9315
9257
9316
9258
9317
9259
9318
9260
9319
9261
9320
9262
9321
9263
9322
9264
9323
9265
9324
9266
9325
9267
9326
9268
9327
9269
9328
9270
9329
9271
9330
9272
9331
9273
9332
9274
9333
9275
9334
9276
9335
9277
9336
9278
9337
9279
9338
9280
9339
9281
9340
9282
9341
9283
9342
9284
9343
9285
9344
9286
9345
9287
9346
9288
9347
9289
9348
9290
9349
9291
9350
9292
9351
9293
9352
9294
9353
9295
9354
9296
9355
9297
9356
9298
9357
9299
9358
9359
9301
9360
12224
9302
9361
9303
9362
9304
9363
9305
9364
9306
9365
9307
9366
9308
9367
9309
9368
9310
9369
9311
9370
9312
9371
9313
9372
9314
9373
9315
9374
9316
9375
9317
9376
9318
9377
9319
9378
9320
9379
9321
9380
9322
9381
9323
9382
9324
9383
9325
9384
9326
9385
9327
9386
9328
9387
9329
9388
9330
9389
9331
9390
9332
9391
9333
9392
9334
9393
9335
9394
9336
9395
9337
9396
9338
9397
9339
9398
9340
9399
9341
9400
9342
9401
9343
9402
9344
9403
9345
9404
9346
9405
9347
9406
9348
9407
9349
9408
9350
9409
9351
9410
9352
9411
9353
9412
9354
9413
9355
9414
9356
9415
9357
9416
9358
9417
9359
9418
9419
9361
9420
12249
9362
9421
9363
9422
9364
9423
9365
9424
9366
9425
9367
9426
9368
9427
9369
9428
9370
9429
9371
9430
9372
9431
9373
9432
9374
9433
9375
9434
9376
9435
9377
9436
9378
9437
9379
9438
9380
9439
9381
9440
9382
9441
9383
9442
9384
9443
9385
9444
9386
9445
9387
9446
9388
9447
9389
9448
9390
9449
9391
9450
9392
9451
9393
9452
9394
9453
9395
9454
9396
9455
9397
9456
9398
9457
9399
9458
9400
9459
9401
9460
9402
9461
9403
9462
9404
9463
9405
9464
9406
9465
9407
9466
9408
9467
9409
9468
9410
9469
9411
9470
9412
9471
9413
9472
9414
9473
9415
9474
9416
9475
9417
9476
9418
9477
9419
9478
9479
9421
9480
12274
9422
9481
9423
9482
9424
9483
9425
9484
9426
9485
9427
9486
9428
9487
9429
9488
9430
9489
9431
9490
9432
9491
9433
9492
9434
9493
9435
9494
9436
9495
9437
9496
9438
9497
9439
9498
9440
9499
9441
9500
9442
9501
9443
9502
9444
9503
9445
9504
9446
9505
9447
9506
9448
9507
9449
9508
9450
9509
9451
9510
9452
9511
9453
9512
9454
9513
9455
9514
9456
9515
9457
9516
9458
9517
9459
9518
9460
9519
9461
9520
9462
9521
9463
9522
9464
9523
9465
9524
9466
9525
9467
9526
9468
9527
9469
9528
9470
9529
9471
9530
9472
9531
9473
9532
9474
9533
9475
9534
9476
9535
9477
9536
9478
9537
9479
9538
9539
9481
9540
12299
9482
9541
9483
9542
9484
9543
9485
9544
9486
9545
9487
9546
9488
9547
9489
9548
9490
9549
9491
9550
9492
9551
9493
9552
9494
9553
9495
9554
9496
9555
9497
9556
9498
9557
9499
9558
9500
9559
9501
9560
9502
9561
9503
9562
9504
9563
9505
9564
9506
9565
9507
9566
9508
9567
9509
9568
9510
9569
9511
9570
9512
9571
9513
9572
9514
9573
9515
9574
9516
9575
9517
9576
9518
9577
9519
9578
9520
9579
9521
9580
9522
9581
9523
9582
9524
9583
9525
9584
9526
9585
9527
9586
9528
9587
9529
9588
9530
9589
9531
9590
9532
9591
9533
9592
9534
9593
9535
9594
9536
9595
9537
9596
9538
9597
9539
9598
9599
9541
9600
12324
9542
9601
9543
9602
9544
9603
9545
9604
9546
9605
9547
9606
9548
9607
9549
9608
9550
9609
9551
9610
9552
9611
9553
9612
9554
9613
9555
9614
9556
9615
9557
9616
9558
9617
9559
9618
9560
9619
9561
9620
9562
9621
9563
9622
9564
9623
9565
9624
9566
9625
9567
9626
9568
9627
9569
9628
9570
9629
9571
9630
9572
9631
9573
9632
9574
9633
9575
9634
9576
9635
9577
9636
9578
9637
9579
9638
9580
9639
9581
9640
9582
9641
9583
9642
9584
9643
9585
9644
9586
9645
9587
9646
9588
9647
9589
9648
9590
9649
9591
9650
9592
9651
9593
9652
9594
9653
9595
9654
9596
9655
9597
9656
9598
9657
9599
9658
9659
9601
9660
12349
9602
9661
9603
9662
9604
9663
9605
9664
9606
9665
9607
9666
9608
9667
9609
9668
9610
9669
9611
9670
9612
9671
9613
9672
9614
9673
9615
9674
9616
9675
9617
9676
9618
9677
9619
9678
9620
9679
9621
9680
9622
9681
9623
9682
9624
9683
9625
9684
9626
9685
9627
9686
9628
9687
9629
9688
9630
9689
9631
9690
9632
9691
9633
9692
9634
9693
9635
9694
9636
9695
9637
9696
9638
9697
9639
9698
9640
9699
9641
9700
9642
9701
9643
9702
9644
9703
9645
9704
9646
9705
9647
9706
9648
9707
9649
9708
9650
9709
9651
9710
9652
9711
9653
9712
9654
9713
9655
9714
9656
9715
9657
9716
9658
9717
9659
9718
9719
9661
9720
12374
9662
9721
9663
9722
9664
9723
9665
9724
9666
9725
9667
9726
9668
9727
9669
9728
9670
9729
9671
9730
9672
9731
9673
9732
9674
9733
9675
9734
9676
9735
9677
9736
9678
9737
9679
9738
9680
9739
9681
9740
9682
9741
9683
9742
9684
9743
9685
9744
9686
9745
9687
9746
9688
9747
9689
9748
9690
9749
9691
9750
9692
9751
9693
9752
9694
9753
9695
9754
9696
9755
9697
9756
9698
9757
9699
9758
9700
9759
9701
9760
9702
9761
9703
9762
9704
9763
9705
9764
9706
9765
9707
9766
9708
9767
9709
9768
9710
9769
9711
9770
9712
9771
9713
9772
9714
9773
9715
9774
9716
9775
9717
9776
9718
9777
9719
9778
9779
9721
9780
12399
9722
9781
9723
9782
9724
9783
9725
9784
9726
9785
9727
9786
9728
9787
9729
9788
9730
9789
9731
9790
9732
9791
9733
9792
9734
9793
9735
9794
9736
9795
9737
9796
9738
9797
9739
9798
9740
9799
9741
9800
9742
9801
9743
9802
9744
9803
9745
9804
9746
9805
9747
9806
9748
9807
9749
9808
9750
9809
9751
9810
9752
9811
9753
9812
9754
9813
9755
9814
9756
9815
9757
9816
9758
9817
9759
9818
9760
9819
9761
9820
9762
9821
9763
9822
9764
9823
9765
9824
9766
9825
9767
9826
9768
9827
9769
9828
9770
9829
9771
9830
9772
9831
9773
9832
9774
9833
9775
9834
9776
9835
9777
9836
9778
9837
9779
9838
9839
9781
9840
12424
9782
9841
9783
9842
9784
9843
9785
9844
9786
9845
9787
9846
9788
9847
9789
9848
9790
9849
9791
9850
9792
9851
9793
9852
9794
9853
9795
9854
9796
9855
9797
9856
9798
9857
9799
9858
9800
9859
9801
9860
9802
9861
9803
9862
9804
9863
9805
9864
9806
9865
9807
9866
9808
9867
9809
9868
9810
9869
9811
9870
9812
9871
9813
9872
9814
9873
9815
9874
9816
9875
9817
9876
9818
9877
9819
9878
9820
9879
9821
9880
9822
9881
9823
9882
9824
9883
9825
9884
9826
9885
9827
9886
9828
9887
9829
9888
9830
9889
9831
9890
9832
9891
9833
9892
9834
9893
9835
9894
9836
9895
9837
9896
9838
9897
9839
9898
9899
9841
9900
12449
9842
9901
9843
9902
9844
9903
9845
9904
9846
9905
9847
9906
9848
9907
9849
9908
9850
9909
9851
9910
9852
9911
9853
9912
9854
9913
9855
9914
9856
9915
9857
9916
9858
9917
9859
9918
9860
9919
9861
9920
9862
9921
9863
9922
9864
9923
9865
9924
9866
9925
9867
9926
9868
9927
9869
9928
9870
9929
9871
9930
9872
9931
9873
9932
9874
9933
9875
9934
9876
9935
9877
9936
9878
9937
9879
9938
9880
9939
9881
9940
9882
9941
9883
9942
9884
9943
9885
9944
9886
9945
9887
9946
9888
9947
9889
9948
9890
9949
9891
9950
9892
9951
9893
9952
9894
9953
9895
9954
9896
9955
9897
9956
9898
9957
9899
9958
9959
9901
9960
12474
9902
9961
9903
9962
9904
9963
9905
9964
9906
9965
9907
9966
9908
9967
9909
9968
9910
9969
9911
9970
9912
9971
9913
9972
9914
9973
9915
9974
9916
9975
9917
9976
9918
9977
9919
9978
9920
9979
9921
9980
9922
9981
9923
9982
9924
9983
9925
9984
9926
9985
9927
9986
9928
9987
9929
9988
9930
9989
9931
9990
9932
9991
9933
9992
9934
9993
9935
9994
9936
9995
9937
9996
9938
9997
9939
9998
9940
9999
9941
10000
9942
10001
9943
10002
9944
10003
9945
10004
9946
10005
9947
10006
9948
10007
9949
10008
9950
10009
9951
10010
9952
10011
9953
10012
9954
10013
9955
10014
9956
10015
9957
10016
9958
10017
9959
10018
10019
9961
10020
12499
9962
10021
9963
10022
9964
10023
9965
10024
9966
10025
9967
10026
9968
10027
9969
10028
9970
10029
9971
10030
9972
10031
9973
10032
9974
10033
9975
10034
9976
10035
9977
10036
9978
10037
9979
10038
9980
10039
9981
10040
9982
10041
9983
10042
9984
10043
9985
10044
9986
10045
9987
10046
9988
10047
9989
10048
9990
10049
9991
10050
9992
10051
9993
10052
9994
10053
9995
10054
9996
10055
9997
10056
9998
10057
9999
10058
10000
10059
10001
10060
10002
10061
10003
10062
10004
10063
10005
10064
10006
10065
10007
10066
10008
10067
10009
10068
10010
10069
10011
10070
10012
10071
10013
10072
10014
10073
10015
10074
10016
10075
10017
10076
10018
10077
10019
10078
10079
10021
10080
12524
10022
10081
10023
10082
10024
10083
10025
10084
10026
10085
10027
10086
10028
10087
10029
10088
10030
10089
10031
10090
10032
10091
10033
10092
10034
10093
10035
10094
10036
10095
10037
10096
10038
10097
10039
10098
10040
10099
10041
10100
10042
10101
10043
10102
10044
10103
10045
10104
10046
10105
10047
10106
10048
10107
10049
10108
10050
10109
10051
10110
10052
10111
10053
10112
10054
10113
10055
10114
10056
10115
10057
10116
10058
10117
10059
10118
10060
10119
10061
10120
10062
10121
10063
10122
10064
10123
10065
10124
10066
10125
10067
10126
10068
10127
10069
10128
10070
10129
10071
10130
10072
10131
10073
10132
10074
10133
10075
10134
10076
10135
10077
10136
10078
10137
10079
10138
10139
10081
10140
12549
10082
10141
10083
10142
10084
10143
10085
10144
10086
10145
10087
10146
10088
10147
10089
10148
10090
10149
10091
10150
10092
10151
10093
10152
10094
10153
10095
10154
10096
10155
10097
10156
10098
10157
10099
10158
10100
10159
10101
10160
10102
10161
10103
10162
10104
10163
10105
10164
10106
10165
10107
10166
10108
10167
10109
10168
10110
10169
10111
10170
10112
10171
10113
10172
10114
10173
10115
10174
10116
10175
10117
10176
10118
10177
10119
10178
10120
10179
10121
10180
10122
10181
10123
10182
10124
10183
10125
10184
10126
10185
10127
10186
10128
10187
10129
10188
10130
10189
10131
10190
10132
10191
10133
10192
10134
10193
10135
10194
10136
10195
10137
10196
10138
10197
10139
10198
10199
10141
10200
12574
10142
10201
10143
10202
10144
10203
10145
10204
10146
10205
10147
10206
10148
10207
10149
10208
10150
10209
10151
10210
10152
10211
10153
10212
10154
10213
10155
10214
10156
10215
10157
10216
10158
10217
10159
10218
10160
10219
10161
10220
10162
10221
10163
10222
10164
10223
10165
10224
10166
10225
10167
10226
10168
10227
10169
10228
10170
10229
10171
10230
10172
10231
10173
10232
10174
10233
10175
10234
10176
10235
10177
10236
10178
10237
10179
10238
10180
10239
10181
10240
10182
10241
10183
10242
10184
10243
10185
10244
10186
10245
10187
10246
10188
10247
10189
10248
10190
10249
10191
10250
10192
10251
10193
10252
10194
10253
10195
10254
10196
10255
10197
10256
10198
10257
10199
10258
10259
10201
10260
12599
10202
10261
10203
10262
10204
10263
10205
10264
10206
10265
10207
10266
10208
10267
10209
10268
10210
10269
10211
10270
10212
10271
10213
10272
10214
10273
10215
10274
10216
10275
10217
10276
10218
10277
10219
10278
10220
10279
10221
10280
10222
10281
10223
10282
10224
10283
10225
10284
10226
10285
10227
10286
10228
10287
10229
10288
10230
10289
10231
10290
10232
10291
10233
10292
10234
10293
10235
10294
10236
10295
10237
10296
10238
10297
10239
10298
10240
10299
10241
10300
10242
10301
10243
10302
10244
10303
10245
10304
10246
10305
10247
10306
10248
10307
10249
10308
10250
10309
10251
10310
10252
10311
10253
10312
10254
10313
10255
10314
10256
10315
10257
10316
10258
10317
10259
10318
10319
10261
10320
12624
10262
10321
10263
10322
10264
10323
10265
10324
10266
10325
10267
10326
10268
10327
10269
10328
10270
10329
10271
10330
10272
10331
10273
10332
10274
10333
10275
10334
10276
10335
10277
10336
10278
10337
10279
10338
10280
10339
10281
10340
10282
10341
10283
10342
10284
10343
10285
10344
10286
10345
10287
10346
10288
10347
10289
10348
10290
10349
10291
10350
10292
10351
10293
10352
10294
10353
10295
10354
10296
10355
10297
10356
10298
10357
10299
10358
10300
10359
10301
10360
10302
10361
10303
10362
10304
10363
10305
10364
10306
10365
10307
10366
10308
10367
10309
10368
10310
10369
10311
10370
10312
10371
10313
10372
10314
10373
10315
10374
10316
10375
10317
10376
10318
10377
10319
10378
10379
10321
10380
12649
10322
10381
10323
10382
10324
10383
10325
10384
10326
10385
10327
10386
10328
10387
10329
10388
10330
10389
10331
10390
10332
10391
10333
10392
10334
10393
10335
10394
10336
10395
10337
10396
10338
10397
10339
10398
10340
10399
10341
10400
10342
10401
10343
10402
10344
10403
10345
10404
10346
10405
10347
10406
10348
10407
10349
10408
10350
10409
10351
10410
10352
10411
10353
10412
10354
10413
10355
10414
10356
10415
10357
10416
10358
10417
10359
10418
10360
10419
10361
10420
10362
10421
10363
10422
10364
10423
10365
10424
10366
10425
10367
10426
10368
10427
10369
10428
10370
10429
10371
10430
10372
10431
10373
10432
10374
10433
10375
10434
10376
10435
10377
10436
10378
10437
10379
10438
10439
10381
10440
12674
10382
10441
10383
10442
10384
10443
10385
10444
10386
10445
10387
10446
10388
10447
10389
10448
10390
10449
10391
10450
10392
10451
10393
10452
10394
10453
10395
10454
10396
10455
10397
10456
10398
10457
10399
10458
10400
10459
10401
10460
10402
10461
10403
10462
10404
10463
10405
10464
10406
10465
10407
10466
10408
10467
10409
10468
10410
10469
10411
10470
10412
10471
10413
10472
10414
10473
10415
10474
10416
10475
10417
10476
10418
10477
10419
10478
10420
10479
10421
10480
10422
10481
10423
10482
10424
10483
10425
10484
10426
10485
10427
10486
10428
10487
10429
10488
10430
10489
10431
10490
10432
10491
10433
10492
10434
10493
10435
10494
10436
10495
10437
10496
10438
10497
10439
10498
10499
10441
10500
12699
10442
10501
10443
10502
10444
10503
10445
10504
10446
10505
10447
10506
10448
10507
10449
10508
10450
10509
10451
10510
10452
10511
10453
10512
10454
10513
10455
10514
10456
10515
10457
10516
10458
10517
10459
10518
10460
10519
10461
10520
10462
10521
10463
10522
10464
10523
10465
10524
10466
10525
10467
10526
10468
10527
10469
10528
10470
10529
10471
10530
10472
10531
10473
10532
10474
10533
10475
10534
10476
10535
10477
10536
10478
10537
10479
10538
10480
10539
10481
10540
10482
10541
10483
10542
10484
10543
10485
10544
10486
10545
10487
10546
10488
10547
10489
10548
10490
10549
10491
10550
10492
10551
10493
10552
10494
10553
10495
10554
10496
10555
10497
10556
10498
10557
10499
10558
10559
10501
10560
12724
10502
10561
10503
10562
10504
10563
10505
10564
10506
10565
10507
10566
10508
10567
10509
10568
10510
10569
10511
10570
10512
10571
10513
10572
10514
10573
10515
10574
10516
10575
10517
10576
10518
10577
10519
10578
10520
10579
10521
10580
10522
10581
10523
10582
10524
10583
10525
10584
10526
10585
10527
10586
10528
10587
10529
10588
10530
10589
10531
10590
10532
10591
10533
10592
10534
10593
10535
10594
10536
10595
10537
10596
10538
10597
10539
10598
10540
10599
10541
10600
10542
10601
10543
10602
10544
10603
10545
10604
10546
10605
10547
10606
10548
10607
10549
10608
10550
10609
10551
10610
10552
10611
10553
10612
10554
10613
10555
10614
10556
10615
10557
10616
10558
10617
10559
10618
10619
10561
10620
12749
10562
10621
10563
10622
10564
10623
10565
10624
10566
10625
10567
10626
10568
10627
10569
10628
10570
10629
10571
10630
10572
10631
10573
10632
10574
10633
10575
10634
10576
10635
10577
10636
10578
10637
10579
10638
10580
10639
10581
10640
10582
10641
10583
10642
10584
10643
10585
10644
10586
10645
10587
10646
10588
10647
10589
10648
10590
10649
10591
10650
10592
10651
10593
10652
10594
10653
10595
10654
10596
10655
10597
10656
10598
10657
10599
10658
10600
10659
10601
10660
10602
10661
10603
10662
10604
10663
10605
10664
10606
10665
10607
10666
10608
10667
10609
10668
10610
10669
10611
10670
10612
10671
10613
10672
10614
10673
10615
10674
10616
10675
10617
10676
10618
10677
10619
10678
10679
10621
10680
12774
10622
10681
10623
10682
10624
10683
10625
10684
10626
10685
10627
10686
10628
10687
10629
10688
10630
10689
10631
10690
10632
10691
10633
10692
10634
10693
10635
10694
10636
10695
10637
10696
10638
10697
10639
10698
10640
10699
10641
10700
10642
10701
10643
10702
10644
10703
10645
10704
10646
10705
10647
10706
10648
10707
10649
10708
10650
10709
10651
10710
10652
10711
10653
10712
10654
10713
10655
10714
10656
10715
10657
10716
10658
10717
10659
10718
10660
10719
10661
10720
10662
10721
10663
10722
10664
10723
10665
10724
10666
10725
10667
10726
10668
10727
10669
10728
10670
10729
10671
10730
10672
10731
10673
10732
10674
10733
10675
10734
10676
10735
10677
10736
10678
10737
10679
10738
10739
10681
10740
12799
10682
10741
10683
10742
10684
10743
10685
10744
10686
10745
10687
10746
10688
10747
10689
10748
10690
10749
10691
10750
10692
10751
10693
10752
10694
10753
10695
10754
10696
10755
10697
10756
10698
10757
10699
10758
10700
10759
10701
10760
10702
10761
10703
10762
10704
10763
10705
10764
10706
10765
10707
10766
10708
10767
10709
10768
10710
10769
10711
10770
10712
10771
10713
10772
10714
10773
10715
10774
10716
10775
10717
10776
10718
10777
10719
10778
10720
10779
10721
10780
10722
10781
10723
10782
10724
10783
10725
10784
10726
10785
10727
10786
10728
10787
10729
10788
10730
10789
10731
10790
10732
10791
10733
10792
10734
10793
10735
10794
10736
10795
10737
10796
10738
10797
10739
10798
10799
10741
10800
12824
10742
10801
10743
10802
10744
10803
10745
10804
10746
10805
10747
10806
10748
10807
10749
10808
10750
10809
10751
10810
10752
10811
10753
10812
10754
10813
10755
10814
10756
10815
10757
10816
10758
10817
10759
10818
10760
10819
10761
10820
10762
10821
10763
10822
10764
10823
10765
10824
10766
10825
10767
10826
10768
10827
10769
10828
10770
10829
10771
10830
10772
10831
10773
10832
10774
10833
10775
10834
10776
10835
10777
10836
10778
10837
10779
10838
10780
10839
10781
10840
10782
10841
10783
10842
10784
10843
10785
10844
10786
10845
10787
10846
10788
10847
10789
10848
10790
10849
10791
10850
10792
10851
10793
10852
10794
10853
10795
10854
10796
10855
10797
10856
10798
10857
10799
10858
10859
10801
10860
12849
10802
10861
10803
10862
10804
10863
10805
10864
10806
10865
10807
10866
10808
10867
10809
10868
10810
10869
10811
10870
10812
10871
10813
10872
10814
10873
10815
10874
10816
10875
10817
10876
10818
10877
10819
10878
10820
10879
10821
10880
10822
10881
10823
10882
10824
10883
10825
10884
10826
10885
10827
10886
10828
10887
10829
10888
10830
10889
10831
10890
10832
10891
10833
10892
10834
10893
10835
10894
10836
10895
10837
10896
10838
10897
10839
10898
10840
10899
10841
10900
10842
10901
10843
10902
10844
10903
10845
10904
10846
10905
10847
10906
10848
10907
10849
10908
10850
10909
10851
10910
10852
10911
10853
10912
10854
10913
10855
10914
10856
10915
10857
10916
10858
10917
10859
10918
10919
10861
10920
12874
10862
10921
10863
10922
10864
10923
10865
10924
10866
10925
10867
10926
10868
10927
10869
10928
10870
10929
10871
10930
10872
10931
10873
10932
10874
10933
10875
10934
10876
10935
10877
10936
10878
10937
10879
10938
10880
10939
10881
10940
10882
10941
10883
10942
10884
10943
10885
10944
10886
10945
10887
10946
10888
10947
10889
10948
10890
10949
10891
10950
10892
10951
10893
10952
10894
10953
10895
10954
10896
10955
10897
10956
10898
10957
10899
10958
10900
10959
10901
10960
10902
10961
10903
10962
10904
10963
10905
10964
10906
10965
10907
10966
10908
10967
10909
10968
10910
10969
10911
10970
10912
10971
10913
10972
10914
10973
10915
10974
10916
10975
10917
10976
10918
10977
10919
10978
10979
10921
10980
12899
10922
10981
10923
10982
10924
10983
10925
10984
10926
10985
10927
10986
10928
10987
10929
10988
10930
10989
10931
10990
10932
10991
10933
10992
10934
10993
10935
10994
10936
10995
10937
10996
10938
10997
10939
10998
10940
10999
10941
11000
10942
11001
10943
11002
10944
11003
10945
11004
10946
11005
10947
11006
10948
11007
10949
11008
10950
11009
10951
11010
10952
11011
10953
11012
10954
11013
10955
11014
10956
11015
10957
11016
10958
11017
10959
11018
10960
11019
10961
11020
10962
11021
10963
11022
10964
11023
10965
11024
10966
11025
10967
11026
10968
11027
10969
11028
10970
11029
10971
11030
10972
11031
10973
11032
10974
11033
10975
11034
10976
11035
10977
11036
10978
11037
10979
11038
11039
10981
11040
12924
10982
11041
10983
11042
10984
11043
10985
11044
10986
11045
10987
11046
10988
11047
10989
11048
10990
11049
10991
11050
10992
11051
10993
11052
10994
11053
10995
11054
10996
11055
10997
11056
10998
11057
10999
11058
11000
11059
11001
11060
11002
11061
11003
11062
11004
11063
11005
11064
11006
11065
11007
11066
11008
11067
11009
11068
11010
11069
11011
11070
11012
11071
11013
11072
11014
11073
11015
11074
11016
11075
11017
11076
11018
11077
11019
11078
11020
11079
11021
11080
11022
11081
11023
11082
11024
11083
11025
11084
11026
11085
11027
11086
11028
11087
11029
11088
11030
11089
11031
11090
11032
11091
11033
11092
11034
11093
11035
11094
11036
11095
11037
11096
11038
11097
11039
11098
11099
11041
11100
12949
11042
11101
11043
11102
11044
11103
11045
11104
11046
11105
11047
11106
11048
11107
11049
11108
11050
11109
11051
11110
11052
11111
11053
11112
11054
11113
11055
11114
11056
11115
11057
11116
11058
11117
11059
11118
11060
11119
11061
11120
11062
11121
11063
11122
11064
11123
11065
11124
11066
11125
11067
11126
11068
11127
11069
11128
11070
11129
11071
11130
11072
11131
11073
11132
11074
11133
11075
11134
11076
11135
11077
11136
11078
11137
11079
11138
11080
11139
11081
11140
11082
11141
11083
11142
11084
11143
11085
11144
11086
11145
11087
11146
11088
11147
11089
11148
11090
11149
11091
11150
11092
11151
11093
11152
11094
11153
11095
11154
11096
11155
11097
11156
11098
11157
11099
11158
11159
11101
11160
12974
11102
11161
11103
11162
11104
11163
11105
11164
11106
11165
11107
11166
11108
11167
11109
11168
11110
11169
11111
11170
11112
11171
11113
11172
11114
11173
11115
11174
11116
11175
11117
11176
11118
11177
11119
11178
11120
11179
11121
11180
11122
11181
11123
11182
11124
11183
11125
11184
11126
11185
11127
11186
11128
11187
11129
11188
11130
11189
11131
11190
11132
11191
11133
11192
11134
11193
11135
11194
11136
11195
11137
11196
11138
11197
11139
11198
11140
11199
11141
11200
11142
11201
11143
11202
11144
11203
11145
11204
11146
11205
11147
11206
11148
11207
11149
11208
11150
11209
11151
11210
11152
11211
11153
11212
11154
11213
11155
11214
11156
11215
11157
11216
11158
11217
11159
11218
11219
11161
11220
12999
11162
11221
11163
11222
11164
11223
11165
11224
11166
11225
11167
11226
11168
11227
11169
11228
11170
11229
11171
11230
11172
11231
11173
11232
11174
11233
11175
11234
11176
11235
11177
11236
11178
11237
11179
11238
11180
11239
11181
11240
11182
11241
11183
11242
11184
11243
11185
11244
11186
11245
11187
11246
11188
11247
11189
11248
11190
11249
11191
11250
11192
11251
11193
11252
11194
11253
11195
11254
11196
11255
11197
11256
11198
11257
11199
11258
11200
11259
11201
11260
11202
11261
11203
11262
11204
11263
11205
11264
11206
11265
11207
11266
11208
11267
11209
11268
11210
11269
11211
11270
11212
11271
11213
11272
11214
11273
11215
11274
11216
11275
11217
11276
11218
11277
11219
11278
11279
11221
11280
13024
11222
11281
11223
11282
11224
11283
11225
11284
11226
11285
11227
11286
11228
11287
11229
11288
11230
11289
11231
11290
11232
11291
11233
11292
11234
11293
11235
11294
11236
11295
11237
11296
11238
11297
11239
11298
11240
11299
11241
11300
11242
11301
11243
11302
11244
11303
11245
11304
11246
11305
11247
11306
11248
11307
11249
11308
11250
11309
11251
11310
11252
11311
11253
11312
11254
11313
11255
11314
11256
11315
11257
11316
11258
11317
11259
11318
11260
11319
11261
11320
11262
11321
11263
11322
11264
11323
11265
11324
11266
11325
11267
11326
11268
11327
11269
11328
11270
11329
11271
11330
11272
11331
11273
11332
11274
11333
11275
11334
11276
11335
11277
11336
11278
11337
11279
11338
11339
11281
11340
13049
11282
11341
11283
11342
11284
11343
11285
11344
11286
11345
11287
11346
11288
11347
11289
11348
11290
11349
11291
11350
11292
11351
11293
11352
11294
11353
11295
11354
11296
11355
11297
11356
11298
11357
11299
11358
11300
11359
11301
11360
11302
11361
11303
11362
11304
11363
11305
11364
11306
11365
11307
11366
11308
11367
11309
11368
11310
11369
11311
11370
11312
11371
11313
11372
11314
11373
11315
11374
11316
11375
11317
11376
11318
11377
11319
11378
11320
11379
11321
11380
11322
11381
11323
11382
11324
11383
11325
11384
11326
11385
11327
11386
11328
11387
11329
11388
11330
11389
11331
11390
11332
11391
11333
11392
11334
11393
11335
11394
11336
11395
11337
11396
11338
11397
11339
11398
11399
11341
11400
13074
11342
11401
11343
11402
11344
11403
11345
11404
11346
11405
11347
11406
11348
11407
11349
11408
11350
11409
11351
11410
11352
11411
11353
11412
11354
11413
11355
11414
11356
11415
11357
11416
11358
11417
11359
11418
11360
11419
11361
11420
11362
11421
11363
11422
11364
11423
11365
11424
11366
11425
11367
11426
11368
11427
11369
11428
11370
11429
11371
11430
11372
11431
11373
11432
11374
11433
11375
11434
11376
11435
11377
11436
11378
11437
11379
11438
11380
11439
11381
11440
11382
11441
11383
11442
11384
11443
11385
11444
11386
11445
11387
11446
11388
11447
11389
11448
11390
11449
11391
11450
11392
11451
11393
11452
11394
11453
11395
11454
11396
11455
11397
11456
11398
11457
11399
11458
11459
11401
11460
13099
11402
11461
11403
11462
11404
11463
11405
11464
11406
11465
11407
11466
11408
11467
11409
11468
11410
11469
11411
11470
11412
11471
11413
11472
11414
11473
11415
11474
11416
11475
11417
11476
11418
11477
11419
11478
11420
11479
11421
11480
11422
11481
11423
11482
11424
11483
11425
11484
11426
11485
11427
11486
11428
11487
11429
11488
11430
11489
11431
11490
11432
11491
11433
11492
11434
11493
11435
11494
11436
11495
11437
11496
11438
11497
11439
11498
11440
11499
11441
11500
11442
11501
11443
11502
11444
11503
11445
11504
11446
11505
11447
11506
11448
11507
11449
11508
11450
11509
11451
11510
11452
11511
11453
11512
11454
11513
11455
11514
11456
11515
11457
11516
11458
11517
11459
11518
11519
11461
11520
13124
11462
11521
11463
11522
11464
11523
11465
11524
11466
11525
11467
11526
11468
11527
11469
11528
11470
11529
11471
11530
11472
11531
11473
11532
11474
11533
11475
11534
11476
11535
11477
11536
11478
11537
11479
11538
11480
11539
11481
11540
11482
11541
11483
11542
11484
11543
11485
11544
11486
11545
11487
11546
11488
11547
11489
11548
11490
11549
11491
11550
11492
11551
11493
11552
11494
11553
11495
11554
11496
11555
11497
11556
11498
11557
11499
11558
11500
11559
11501
11560
11502
11561
11503
11562
11504
11563
11505
11564
11506
11565
11507
11566
11508
11567
11509
11568
11510
11569
11511
11570
11512
11571
11513
11572
11514
11573
11515
11574
11516
11575
11517
11576
11518
11577
11519
11578
11579
11521
11580
13149
11522
11581
11523
11582
11524
11583
11525
11584
11526
11585
11527
11586
11528
11587
11529
11588
11530
11589
11531
11590
11532
11591
11533
11592
11534
11593
11535
11594
11536
11595
11537
11596
11538
11597
11539
11598
11540
11599
11541
11600
11542
11601
11543
11602
11544
11603
11545
11604
11546
11605
11547
11606
11548
11607
11549
11608
11550
11609
11551
11610
11552
11611
11553
11612
11554
11613
11555
11614
11556
11615
11557
11616
11558
11617
11559
11618
11560
11619
11561
11620
11562
11621
11563
11622
11564
11623
11565
11624
11566
11625
11567
11626
11568
11627
11569
11628
11570
11629
11571
11630
11572
11631
11573
11632
11574
11633
11575
11634
11576
11635
11577
11636
11578
11637
11579
11638
11639
11581
11640
13174
11582
11641
11583
11642
11584
11643
11585
11644
11586
11645
11587
11646
11588
11647
11589
11648
11590
11649
11591
11650
11592
11651
11593
11652
11594
11653
11595
11654
11596
11655
11597
11656
11598
11657
11599
11658
11600
11659
11601
11660
11602
11661
11603
11662
11604
11663
11605
11664
11606
11665
11607
11666
11608
11667
11609
11668
11610
11669
11611
11670
11612
11671
11613
11672
11614
11673
11615
11674
11616
11675
11617
11676
11618
11677
11619
11678
11620
11679
11621
11680
11622
11681
11623
11682
11624
11683
11625
11684
11626
11685
11627
11686
11628
11687
11629
11688
11630
11689
11631
11690
11632
11691
11633
11692
11634
11693
11635
11694
11636
11695
11637
11696
11638
11697
11639
11698
11699
11641
13199
11642
11643
11644
11645
11646
11647
11648
11649
11650
11651
11652
11653
11654
11655
11656
11657
11658
11659
11660
11661
11662
11663
11664
11665
11666
11667
11668
11669
11670
11671
11672
11673
11674
11675
11676
11677
11678
11679
11680
11681
11682
11683
11684
11685
11686
11687
11688
11689
11690
11691
11692
11693
11694
11695
11696
11697
11698
11699
11701
11725
13200
11702
11726
11703
11727
11704
11728
11705
11729
11706
11730
11707
11731
11708
11732
11709
11733
11710
11734
11711
11735
11712
11736
11713
11737
11714
11738
11715
11739
11716
11740
11717
11741
11718
11742
11719
11743
11720
11744
11721
11745
11722
11746
11723
11747
11724
11748
11749
11726
11750
13250
11727
11751
11728
11752
11729
11753
11730
11754
11731
11755
11732
11756
11733
11757
11734
11758
11735
11759
11736
11760
11737
11761
11738
11762
11739
11763
11740
11764
11741
11765
11742
11766
11743
11767
11744
11768
11745
11769
11746
11770
11747
11771
11748
11772
11749
11773
11774
11751
11775
13300
11752
11776
11753
11777
11754
11778
11755
11779
11756
11780
11757
11781
11758
11782
11759
11783
11760
11784
11761
11785
11762
11786
11763
11787
11764
11788
11765
11789
11766
11790
11767
11791
11768
11792
11769
11793
11770
11794
11771
11795
11772
11796
11773
11797
11774
11798
11799
11776
11800
13350
11777
11801
11778
11802
11779
11803
11780
11804
11781
11805
11782
11806
11783
11807
11784
11808
11785
11809
11786
11810
11787
11811
11788
11812
11789
11813
11790
11814
11791
11815
11792
11816
11793
11817
11794
11818
11795
11819
11796
11820
11797
11821
11798
11822
11799
11823
11824
11801
11825
13400
11802
11826
11803
11827
11804
11828
11805
11829
11806
11830
11807
11831
11808
11832
11809
11833
11810
11834
11811
11835
11812
11836
11813
11837
11814
11838
11815
11839
11816
11840
11817
11841
11818
11842
11819
11843
11820
11844
11821
11845
11822
11846
11823
11847
11824
11848
11849
11826
11850
13450
11827
11851
11828
11852
11829
11853
11830
11854
11831
11855
11832
11856
11833
11857
11834
11858
11835
11859
11836
11860
11837
11861
11838
11862
11839
11863
11840
11864
11841
11865
11842
11866
11843
11867
11844
11868
11845
11869
11846
11870
11847
11871
11848
11872
11849
11873
11874
11851
11875
13500
11852
11876
11853
11877
11854
11878
11855
11879
11856
11880
11857
11881
11858
11882
11859
11883
11860
11884
11861
11885
11862
11886
11863
11887
11864
11888
11865
11889
11866
11890
11867
11891
11868
11892
11869
11893
11870
11894
11871
11895
11872
11896
11873
11897
11874
11898
11899
11876
11900
13550
11877
11901
11878
11902
11879
11903
11880
11904
11881
11905
11882
11906
11883
11907
11884
11908
11885
11909
11886
11910
11887
11911
11888
11912
11889
11913
11890
11914
11891
11915
11892
11916
11893
11917
11894
11918
11895
11919
11896
11920
11897
11921
11898
11922
11899
11923
11924
11901
11925
13600
11902
11926
11903
11927
11904
11928
11905
11929
11906
11930
11907
11931
11908
11932
11909
11933
11910
11934
11911
11935
11912
11936
11913
11937
11914
11938
11915
11939
11916
11940
11917
11941
11918
11942
11919
11943
11920
11944
11921
11945
11922
11946
11923
11947
11924
11948
11949
11926
11950
13650
11927
11951
11928
11952
11929
11953
11930
11954
11931
11955
11932
11956
11933
11957
11934
11958
11935
11959
11936
11960
11937
11961
11938
11962
11939
11963
11940
11964
11941
11965
11942
11966
11943
11967
11944
11968
11945
11969
11946
11970
11947
11971
11948
11972
11949
11973
11974
11951
11975
13700
11952
11976
11953
11977
11954
11978
11955
11979
11956
11980
11957
11981
11958
11982
11959
11983
11960
11984
11961
11985
11962
11986
11963
11987
11964
11988
11965
11989
11966
11990
11967
11991
11968
11992
11969
11993
11970
11994
11971
11995
11972
11996
11973
11997
11974
11998
11999
11976
12000
13750
11977
12001
11978
12002
11979
12003
11980
12004
11981
12005
11982
12006
11983
12007
11984
12008
11985
12009
11986
12010
11987
12011
11988
12012
11989
12013
11990
12014
11991
12015
11992
12016
11993
12017
11994
12018
11995
12019
11996
12020
11997
12021
11998
12022
11999
12023
12024
12001
12025
13800
12002
12026
12003
12027
12004
12028
12005
12029
12006
12030
12007
12031
12008
12032
12009
12033
12010
12034
12011
12035
12012
12036
12013
12037
12014
12038
12015
12039
12016
12040
12017
12041
12018
12042
12019
12043
12020
12044
12021
12045
12022
12046
12023
12047
12024
12048
12049
12026
12050
13850
12027
12051
12028
12052
12029
12053
12030
12054
12031
12055
12032
12056
12033
12057
12034
12058
12035
12059
12036
12060
12037
12061
12038
12062
12039
12063
12040
12064
12041
12065
12042
12066
12043
12067
12044
12068
12045
12069
12046
12070
12047
12071
12048
12072
12049
12073
12074
12051
12075
13900
12052
12076
12053
12077
12054
12078
12055
12079
12056
12080
12057
12081
12058
12082
12059
12083
12060
12084
12061
12085
12062
12086
12063
12087
12064
12088
12065
12089
12066
12090
12067
12091
12068
12092
12069
12093
12070
12094
12071
12095
12072
12096
12073
12097
12074
12098
12099
12076
12100
13950
12077
12101
12078
12102
12079
12103
12080
12104
12081
12105
12082
12106
12083
12107
12084
12108
12085
12109
12086
12110
12087
12111
12088
12112
12089
12113
12090
12114
12091
12115
12092
12116
12093
12117
12094
12118
12095
12119
12096
12120
12097
12121
12098
12122
12099
12123
12124
12101
12125
14000
12102
12126
12103
12127
12104
12128
12105
12129
12106
12130
12107
12131
12108
12132
12109
12133
12110
12134
12111
12135
12112
12136
12113
12137
12114
12138
12115
12139
12116
12140
12117
12141
12118
12142
12119
12143
12120
12144
12121
12145
12122
12146
12123
12147
12124
12148
12149
12126
12150
14050
12127
12151
12128
12152
12129
12153
12130
12154
12131
12155
12132
12156
12133
12157
12134
12158
12135
12159
12136
12160
12137
12161
12138
12162
12139
12163
12140
12164
12141
12165
12142
12166
12143
12167
12144
12168
12145
12169
12146
12170
12147
12171
12148
12172
12149
12173
12174
12151
12175
14100
12152
12176
12153
12177
12154
12178
12155
12179
12156
12180
12157
12181
12158
12182
12159
12183
12160
12184
12161
12185
12162
12186
12163
12187
12164
12188
12165
12189
12166
12190
12167
12191
12168
12192
12169
12193
12170
12194
12171
12195
12172
12196
12173
12197
12174
12198
12199
12176
12200
14150
12177
12201
12178
12202
12179
12203
12180
12204
12181
12205
12182
12206
12183
12207
12184
12208
12185
12209
12186
12210
12187
12211
12188
12212
12189
12213
12190
12214
12191
12215
12192
12216
12193
12217
12194
12218
12195
12219
12196
12220
12197
12221
12198
12222
12199
12223
12224
12201
12225
14200
12202
12226
12203
12227
12204
12228
12205
12229
12206
12230
12207
12231
12208
12232
12209
12233
12210
12234
12211
12235
12212
12236
12213
12237
12214
12238
12215
12239
12216
12240
12217
12241
12218
12242
12219
12243
12220
12244
12221
12245
12222
12246
12223
12247
12224
12248
12249
12226
12250
14250
12227
12251
12228
12252
12229
12253
12230
12254
12231
12255
12232
12256
12233
12257
12234
12258
12235
12259
12236
12260
12237
12261
12238
12262
12239
12263
12240
12264
12241
12265
12242
12266
12243
12267
12244
12268
12245
12269
12246
12270
12247
12271
12248
12272
12249
12273
12274
12251
12275
14300
12252
12276
12253
12277
12254
12278
12255
12279
12256
12280
12257
12281
12258
12282
12259
12283
12260
12284
12261
12285
12262
12286
12263
12287
12264
12288
12265
12289
12266
12290
12267
12291
12268
12292
12269
12293
12270
12294
12271
12295
12272
12296
12273
12297
12274
12298
12299
12276
12300
14350
12277
12301
12278
12302
12279
12303
12280
12304
12281
12305
12282
12306
12283
12307
12284
12308
12285
12309
12286
12310
12287
12311
12288
12312
12289
12313
12290
12314
12291
12315
12292
12316
12293
12317
12294
12318
12295
12319
12296
12320
12297
12321
12298
12322
12299
12323
12324
12301
12325
14400
12302
12326
12303
12327
12304
12328
12305
12329
12306
12330
12307
12331
12308
12332
12309
12333
12310
12334
12311
12335
12312
12336
12313
12337
12314
12338
12315
12339
12316
12340
12317
12341
12318
12342
12319
12343
12320
12344
12321
12345
12322
12346
12323
12347
12324
12348
12349
12326
12350
14450
12327
12351
12328
12352
12329
12353
12330
12354
12331
12355
12332
12356
12333
12357
12334
12358
12335
12359
12336
12360
12337
12361
12338
12362
12339
12363
12340
12364
12341
12365
12342
12366
12343
12367
12344
12368
12345
12369
12346
12370
12347
12371
12348
12372
12349
12373
12374
12351
12375
14500
12352
12376
12353
12377
12354
12378
12355
12379
12356
12380
12357
12381
12358
12382
12359
12383
12360
12384
12361
12385
12362
12386
12363
12387
12364
12388
12365
12389
12366
12390
12367
12391
12368
12392
12369
12393
12370
12394
12371
12395
12372
12396
12373
12397
12374
12398
12399
12376
12400
14550
12377
12401
12378
12402
12379
12403
12380
12404
12381
12405
12382
12406
12383
12407
12384
12408
12385
12409
12386
12410
12387
12411
12388
12412
12389
12413
12390
12414
12391
12415
12392
12416
12393
12417
12394
12418
12395
12419
12396
12420
12397
12421
12398
12422
12399
12423
12424
12401
12425
14600
12402
12426
12403
12427
12404
12428
12405
12429
12406
12430
12407
12431
12408
12432
12409
12433
12410
12434
12411
12435
12412
12436
12413
12437
12414
12438
12415
12439
12416
12440
12417
12441
12418
12442
12419
12443
12420
12444
12421
12445
12422
12446
12423
12447
12424
12448
12449
12426
12450
14650
12427
12451
12428
12452
12429
12453
12430
12454
12431
12455
12432
12456
12433
12457
12434
12458
12435
12459
12436
12460
12437
12461
12438
12462
12439
12463
12440
12464
12441
12465
12442
12466
12443
12467
12444
12468
12445
12469
12446
12470
12447
12471
12448
12472
12449
12473
12474
12451
12475
14700
12452
12476
12453
12477
12454
12478
12455
12479
12456
12480
12457
12481
12458
12482
12459
12483
12460
12484
12461
12485
12462
12486
12463
12487
12464
12488
12465
12489
12466
12490
12467
12491
12468
12492
12469
12493
12470
12494
12471
12495
12472
12496
12473
12497
12474
12498
12499
12476
12500
14750
12477
12501
12478
12502
12479
12503
12480
12504
12481
12505
12482
12506
12483
12507
12484
12508
12485
12509
12486
12510
12487
12511
12488
12512
12489
12513
12490
12514
12491
12515
12492
12516
12493
12517
12494
12518
12495
12519
12496
12520
12497
12521
12498
12522
12499
12523
12524
12501
12525
14800
12502
12526
12503
12527
12504
12528
12505
12529
12506
12530
12507
12531
12508
12532
12509
12533
12510
12534
12511
12535
12512
12536
12513
12537
12514
12538
12515
12539
12516
12540
12517
12541
12518
12542
12519
12543
12520
12544
12521
12545
12522
12546
12523
12547
12524
12548
12549
12526
12550
14850
12527
12551
12528
12552
12529
12553
12530
12554
12531
12555
12532
12556
12533
12557
12534
12558
12535
12559
12536
12560
12537
12561
12538
12562
12539
12563
12540
12564
12541
12565
12542
12566
12543
12567
12544
12568
12545
12569
12546
12570
12547
12571
12548
12572
12549
12573
12574
12551
12575
14900
12552
12576
12553
12577
12554
12578
12555
12579
12556
12580
12557
12581
12558
12582
12559
12583
12560
12584
12561
12585
12562
12586
12563
12587
12564
12588
12565
12589
12566
12590
12567
12591
12568
12592
12569
12593
12570
12594
12571
12595
12572
12596
12573
12597
12574
12598
12599
12576
12600
14950
12577
12601
12578
12602
12579
12603
12580
12604
12581
12605
12582
12606
12583
12607
12584
12608
12585
12609
12586
12610
12587
12611
12588
12612
12589
12613
12590
12614
12591
12615
12592
12616
12593
12617
12594
12618
12595
12619
12596
12620
12597
12621
12598
12622
12599
12623
12624
12601
12625
15000
12602
12626
12603
12627
12604
12628
12605
12629
12606
12630
12607
12631
12608
12632
12609
12633
12610
12634
12611
12635
12612
12636
12613
12637
12614
12638
12615
12639
12616
12640
12617
12641
12618
12642
12619
12643
12620
12644
12621
12645
12622
12646
12623
12647
12624
12648
12649
12626
12650
15050
12627
12651
12628
12652
12629
12653
12630
12654
12631
12655
12632
12656
12633
12657
12634
12658
12635
12659
12636
12660
12637
12661
12638
12662
12639
12663
12640
12664
12641
12665
12642
12666
12643
12667
12644
12668
12645
12669
12646
12670
12647
12671
12648
12672
12649
12673
12674
12651
12675
15100
12652
12676
12653
12677
12654
12678
12655
12679
12656
12680
12657
12681
12658
12682
12659
12683
12660
12684
12661
12685
12662
12686
12663
12687
12664
12688
12665
12689
12666
12690
12667
12691
12668
12692
12669
12693
12670
12694
12671
12695
12672
12696
12673
12697
12674
12698
12699
12676
12700
15150
12677
12701
12678
12702
12679
12703
12680
12704
12681
12705
12682
12706
12683
12707
12684
12708
12685
12709
12686
12710
12687
12711
12688
12712
12689
12713
12690
12714
12691
12715
12692
12716
12693
12717
12694
12718
12695
12719
12696
12720
12697
12721
12698
12722
12699
12723
12724
12701
12725
15200
12702
12726
12703
12727
12704
12728
12705
12729
12706
12730
12707
12731
12708
12732
12709
12733
12710
12734
12711
12735
12712
12736
12713
12737
12714
12738
12715
12739
12716
12740
12717
12741
12718
12742
12719
12743
12720
12744
12721
12745
12722
12746
12723
12747
12724
12748
12749
12726
12750
15250
12727
12751
12728
12752
12729
12753
12730
12754
12731
12755
12732
12756
12733
12757
12734
12758
12735
12759
12736
12760
12737
12761
12738
12762
12739
12763
12740
12764
12741
12765
12742
12766
12743
12767
12744
12768
12745
12769
12746
12770
12747
12771
12748
12772
12749
12773
12774
12751
12775
15300
12752
12776
12753
12777
12754
12778
12755
12779
12756
12780
12757
12781
12758
12782
12759
12783
12760
12784
12761
12785
12762
12786
12763
12787
12764
12788
12765
12789
12766
12790
12767
12791
12768
12792
12769
12793
12770
12794
12771
12795
12772
12796
12773
12797
12774
12798
12799
12776
12800
15350
12777
12801
12778
12802
12779
12803
12780
12804
12781
12805
12782
12806
12783
12807
12784
12808
12785
12809
12786
12810
12787
12811
12788
12812
12789
12813
12790
12814
12791
12815
12792
12816
12793
12817
12794
12818
12795
12819
12796
12820
12797
12821
12798
12822
12799
12823
12824
12801
12825
15400
12802
12826
12803
12827
12804
12828
12805
12829
12806
12830
12807
12831
12808
12832
12809
12833
12810
12834
12811
12835
12812
12836
12813
12837
12814
12838
12815
12839
12816
12840
12817
12841
12818
12842
12819
12843
12820
12844
12821
12845
12822
12846
12823
12847
12824
12848
12849
12826
12850
15450
12827
12851
12828
12852
12829
12853
12830
12854
12831
12855
12832
12856
12833
12857
12834
12858
12835
12859
12836
12860
12837
12861
12838
12862
12839
12863
12840
12864
12841
12865
12842
12866
12843
12867
12844
12868
12845
12869
12846
12870
12847
12871
12848
12872
12849
12873
12874
12851
12875
15500
12852
12876
12853
12877
12854
12878
12855
12879
12856
12880
12857
12881
12858
12882
12859
12883
12860
12884
12861
12885
12862
12886
12863
12887
12864
12888
12865
12889
12866
12890
12867
12891
12868
12892
12869
12893
12870
12894
12871
12895
12872
12896
12873
12897
12874
12898
12899
12876
12900
15550
12877
12901
12878
12902
12879
12903
12880
12904
12881
12905
12882
12906
12883
12907
12884
12908
12885
12909
12886
12910
12887
12911
12888
12912
12889
12913
12890
12914
12891
12915
12892
12916
12893
12917
12894
12918
12895
12919
12896
12920
12897
12921
12898
12922
12899
12923
12924
12901
12925
15600
12902
12926
12903
12927
12904
12928
12905
12929
12906
12930
12907
12931
12908
12932
12909
12933
12910
12934
12911
12935
12912
12936
12913
12937
12914
12938
12915
12939
12916
12940
12917
12941
12918
12942
12919
12943
12920
12944
12921
12945
12922
12946
12923
12947
12924
12948
12949
12926
12950
15650
12927
12951
12928
12952
12929
12953
12930
12954
12931
12955
12932
12956
12933
12957
12934
12958
12935
12959
12936
12960
12937
12961
12938
12962
12939
12963
12940
12964
12941
12965
12942
12966
12943
12967
12944
12968
12945
12969
12946
12970
12947
12971
12948
12972
12949
12973
12974
12951
12975
15700
12952
12976
12953
12977
12954
12978
12955
12979
12956
12980
12957
12981
12958
12982
12959
12983
12960
12984
12961
12985
12962
12986
12963
12987
12964
12988
12965
12989
12966
12990
12967
12991
12968
12992
12969
12993
12970
12994
12971
12995
12972
12996
12973
12997
12974
12998
12999
12976
13000
15750
12977
13001
12978
13002
12979
13003
12980
13004
12981
13005
12982
13006
12983
13007
12984
13008
12985
13009
12986
13010
12987
13011
12988
13012
12989
13013
12990
13014
12991
13015
12992
13016
12993
13017
12994
13018
12995
13019
12996
13020
12997
13021
12998
13022
12999
13023
13024
13001
13025
15800
13002
13026
13003
13027
13004
13028
13005
13029
13006
13030
13007
13031
13008
13032
13009
13033
13010
13034
13011
13035
13012
13036
13013
13037
13014
13038
13015
13039
13016
13040
13017
13041
13018
13042
13019
13043
13020
13044
13021
13045
13022
13046
13023
13047
13024
13048
13049
13026
13050
15850
13027
13051
13028
13052
13029
13053
13030
13054
13031
13055
13032
13056
13033
13057
13034
13058
13035
13059
13036
13060
13037
13061
13038
13062
13039
13063
13040
13064
13041
13065
13042
13066
13043
13067
13044
13068
13045
13069
13046
13070
13047
13071
13048
13072
13049
13073
13074
13051
13075
15900
13052
13076
13053
13077
13054
13078
13055
13079
13056
13080
13057
13081
13058
13082
13059
13083
13060
13084
13061
13085
13062
13086
13063
13087
13064
13088
13065
13089
13066
13090
13067
13091
13068
13092
13069
13093
13070
13094
13071
13095
13072
13096
13073
13097
13074
13098
13099
13076
13100
15950
13077
13101
13078
13102
13079
13103
13080
13104
13081
13105
13082
13106
13083
13107
13084
13108
13085
13109
13086
13110
13087
13111
13088
13112
13089
13113
13090
13114
13091
13115
13092
13116
13093
13117
13094
13118
13095
13119
13096
13120
13097
13121
13098
13122
13099
13123
13124
13101
13125
16000
13102
13126
13103
13127
13104
13128
13105
13129
13106
13130
13107
13131
13108
13132
13109
13133
13110
13134
13111
13135
13112
13136
13113
13137
13114
13138
13115
13139
13116
13140
13117
13141
13118
13142
13119
13143
13120
13144
13121
13145
13122
13146
13123
13147
13124
13148
13149
13126
13150
16050
13127
13151
13128
13152
13129
13153
13130
13154
13131
13155
13132
13156
13133
13157
13134
13158
13135
13159
13136
13160
13137
13161
13138
13162
13139
13163
13140
13164
13141
13165
13142
13166
13143
13167
13144
13168
13145
13169
13146
13170
13147
13171
13148
13172
13149
13173
13174
13151
13175
16100
13152
13176
13153
13177
13154
13178
13155
13179
13156
13180
13157
13181
13158
13182
13159
13183
13160
13184
13161
13185
13162
13186
13163
13187
13164
13188
13165
13189
13166
13190
13167
13191
13168
13192
13169
13193
13170
13194
13171
13195
13172
13196
13173
13197
13174
13198
13199
13176
16150
13177
13178
13179
13180
13181
13182
13183
13184
13185
13186
13187
13188
13189
13190
13191
13192
13193
13194
13195
13196
13197
13198
13199
13201
13250
13202
13251
13203
13252
13204
13253
13205
13254
13206
13255
13207
13256
13208
13257
13209
13258
13210
13259
13211
13260
13212
13261
13213
13262
13214
13263
13215
13264
13216
13265
13217
13266
13218
13267
13219
13268
13220
13269
13221
13270
13222
13271
13223
13272
13224
13273
13225
13274
13226
13275
13227
13276
13228
13277
13229
13278
13230
13279
13231
13280
13232
13281
13233
13282
13234
13283
13235
13284
13236
13285
13237
13286
13238
13287
13239
13288
13240
13289
13241
13290
13242
13291
13243
13292
13244
13293
13245
13294
13246
13295
13247
13296
13248
13297
13249
13298
13299
13251
13300
13252
13301
13253
13302
13254
13303
13255
13304
13256
13305
13257
13306
13258
13307
13259
13308
13260
13309
13261
13310
13262
13311
13263
13312
13264
13313
13265
13314
13266
13315
13267
13316
13268
13317
13269
13318
13270
13319
13271
13320
13272
13321
13273
13322
13274
13323
13275
13324
13276
13325
13277
13326
13278
13327
13279
13328
13280
13329
13281
13330
13282
13331
13283
13332
13284
13333
13285
13334
13286
13335
13287
13336
13288
13337
13289
13338
13290
13339
13291
13340
13292
13341
13293
13342
13294
13343
13295
13344
13296
13345
13297
13346
13298
13347
13299
13348
13349
13301
13350
13302
13351
13303
13352
13304
13353
13305
13354
13306
13355
13307
13356
13308
13357
13309
13358
13310
13359
13311
13360
13312
13361
13313
13362
13314
13363
13315
13364
13316
13365
13317
13366
13318
13367
13319
13368
13320
13369
13321
13370
13322
13371
13323
13372
13324
13373
13325
13374
13326
13375
13327
13376
13328
13377
13329
13378
13330
13379
13331
13380
13332
13381
13333
13382
13334
13383
13335
13384
13336
13385
13337
13386
13338
13387
13339
13388
13340
13389
13341
13390
13342
13391
13343
13392
13344
13393
13345
13394
13346
13395
13347
13396
13348
13397
13349
13398
13399
13351
13400
13352
13401
13353
13402
13354
13403
13355
13404
13356
13405
13357
13406
13358
13407
13359
13408
13360
13409
13361
13410
13362
13411
13363
13412
13364
13413
13365
13414
13366
13415
13367
13416
13368
13417
13369
13418
13370
13419
13371
13420
13372
13421
13373
13422
13374
13423
13375
13424
13376
13425
13377
13426
13378
13427
13379
13428
13380
13429
13381
13430
13382
13431
13383
13432
13384
13433
13385
13434
13386
13435
13387
13436
13388
13437
13389
13438
13390
13439
13391
13440
13392
13441
13393
13442
13394
13443
13395
13444
13396
13445
13397
13446
13398
13447
13399
13448
13449
13401
13450
13402
13451
13403
13452
13404
13453
13405
13454
13406
13455
13407
13456
13408
13457
13409
13458
13410
13459
13411
13460
13412
13461
13413
13462
13414
13463
13415
13464
13416
13465
13417
13466
13418
13467
13419
13468
13420
13469
13421
13470
13422
13471
13423
13472
13424
13473
13425
13474
13426
13475
13427
13476
13428
13477
13429
13478
13430
13479
13431
13480
13432
13481
13433
13482
13434
13483
13435
13484
13436
13485
13437
13486
13438
13487
13439
13488
13440
13489
13441
13490
13442
13491
13443
13492
13444
13493
13445
13494
13446
13495
13447
13496
13448
13497
13449
13498
13499
13451
13500
13452
13501
13453
13502
13454
13503
13455
13504
13456
13505
13457
13506
13458
13507
13459
13508
13460
13509
13461
13510
13462
13511
13463
13512
13464
13513
13465
13514
13466
13515
13467
13516
13468
13517
13469
13518
13470
13519
13471
13520
13472
13521
13473
13522
13474
13523
13475
13524
13476
13525
13477
13526
13478
13527
13479
13528
13480
13529
13481
13530
13482
13531
13483
13532
13484
13533
13485
13534
13486
13535
13487
13536
13488
13537
13489
13538
13490
13539
13491
13540
13492
13541
13493
13542
13494
13543
13495
13544
13496
13545
13497
13546
13498
13547
13499
13548
13549
13501
13550
13502
13551
13503
13552
13504
13553
13505
13554
13506
13555
13507
13556
13508
13557
13509
13558
13510
13559
13511
13560
13512
13561
13513
13562
13514
13563
13515
13564
13516
13565
13517
13566
13518
13567
13519
13568
13520
13569
13521
13570
13522
13571
13523
13572
13524
13573
13525
13574
13526
13575
13527
13576
13528
13577
13529
13578
13530
13579
13531
13580
13532
13581
13533
13582
13534
13583
13535
13584
13536
13585
13537
13586
13538
13587
13539
13588
13540
13589
13541
13590
13542
13591
13543
13592
13544
13593
13545
13594
13546
13595
13547
13596
13548
13597
13549
13598
13599
13551
13600
13552
13601
13553
13602
13554
13603
13555
13604
13556
13605
13557
13606
13558
13607
13559
13608
13560
13609
13561
13610
13562
13611
13563
13612
13564
13613
13565
13614
13566
13615
13567
13616
13568
13617
13569
13618
13570
13619
13571
13620
13572
13621
13573
13622
13574
13623
13575
13624
13576
13625
13577
13626
13578
13627
13579
13628
13580
13629
13581
13630
13582
13631
13583
13632
13584
13633
13585
13634
13586
13635
13587
13636
13588
13637
13589
13638
13590
13639
13591
13640
13592
13641
13593
13642
13594
13643
13595
13644
13596
13645
13597
13646
13598
13647
13599
13648
13649
13601
13650
13602
13651
13603
13652
13604
13653
13605
13654
13606
13655
13607
13656
13608
13657
13609
13658
13610
13659
13611
13660
13612
13661
13613
13662
13614
13663
13615
13664
13616
13665
13617
13666
13618
13667
13619
13668
13620
13669
13621
13670
13622
13671
13623
13672
13624
13673
13625
13674
13626
13675
13627
13676
13628
13677
13629
13678
13630
13679
13631
13680
13632
13681
13633
13682
13634
13683
13635
13684
13636
13685
13637
13686
13638
13687
13639
13688
13640
13689
13641
13690
13642
13691
13643
13692
13644
13693
13645
13694
13646
13695
13647
13696
13648
13697
13649
13698
13699
13651
13700
13652
13701
13653
13702
13654
13703
13655
13704
13656
13705
13657
13706
13658
13707
13659
13708
13660
13709
13661
13710
13662
13711
13663
13712
13664
13713
13665
13714
13666
13715
13667
13716
13668
13717
13669
13718
13670
13719
13671
13720
13672
13721
13673
13722
13674
13723
13675
13724
13676
13725
13677
13726
13678
13727
13679
13728
13680
13729
13681
13730
13682
13731
13683
13732
13684
13733
13685
13734
13686
13735
13687
13736
13688
13737
13689
13738
13690
13739
13691
13740
13692
13741
13693
13742
13694
13743
13695
13744
13696
13745
13697
13746
13698
13747
13699
13748
13749
13701
13750
13702
13751
13703
13752
13704
13753
13705
13754
13706
13755
13707
13756
13708
13757
13709
13758
13710
13759
13711
13760
13712
13761
13713
13762
13714
13763
13715
13764
13716
13765
13717
13766
13718
13767
13719
13768
13720
13769
13721
13770
13722
13771
13723
13772
13724
13773
13725
13774
13726
13775
13727
13776
13728
13777
13729
13778
13730
13779
13731
13780
13732
13781
13733
13782
13734
13783
13735
13784
13736
13785
13737
13786
13738
13787
13739
13788
13740
13789
13741
13790
13742
13791
13743
13792
13744
13793
13745
13794
13746
13795
13747
13796
13748
13797
13749
13798
13799
13751
13800
13752
13801
13753
13802
13754
13803
13755
13804
13756
13805
13757
13806
13758
13807
13759
13808
13760
13809
13761
13810
13762
13811
13763
13812
13764
13813
13765
13814
13766
13815
13767
13816
13768
13817
13769
13818
13770
13819
13771
13820
13772
13821
13773
13822
13774
13823
13775
13824
13776
13825
13777
13826
13778
13827
13779
13828
13780
13829
13781
13830
13782
13831
13783
13832
13784
13833
13785
13834
13786
13835
13787
13836
13788
13837
13789
13838
13790
13839
13791
13840
13792
13841
13793
13842
13794
13843
13795
13844
13796
13845
13797
13846
13798
13847
13799
13848
13849
13801
13850
13802
13851
13803
13852
13804
13853
13805
13854
13806
13855
13807
13856
13808
13857
13809
13858
13810
13859
13811
13860
13812
13861
13813
13862
13814
13863
13815
13864
13816
13865
13817
13866
13818
13867
13819
13868
13820
13869
13821
13870
13822
13871
13823
13872
13824
13873
13825
13874
13826
13875
13827
13876
13828
13877
13829
13878
13830
13879
13831
13880
13832
13881
13833
13882
13834
13883
13835
13884
13836
13885
13837
13886
13838
13887
13839
13888
13840
13889
13841
13890
13842
13891
13843
13892
13844
13893
13845
13894
13846
13895
13847
13896
13848
13897
13849
13898
13899
13851
13900
13852
13901
13853
13902
13854
13903
13855
13904
13856
13905
13857
13906
13858
13907
13859
13908
13860
13909
13861
13910
13862
13911
13863
13912
13864
13913
13865
13914
13866
13915
13867
13916
13868
13917
13869
13918
13870
13919
13871
13920
13872
13921
13873
13922
13874
13923
13875
13924
13876
13925
13877
13926
13878
13927
13879
13928
13880
13929
13881
13930
13882
13931
13883
13932
13884
13933
13885
13934
13886
13935
13887
13936
13888
13937
13889
13938
13890
13939
13891
13940
13892
13941
13893
13942
13894
13943
13895
13944
13896
13945
13897
13946
13898
13947
13899
13948
13949
13901
13950
13902
13951
13903
13952
13904
13953
13905
13954
13906
13955
13907
13956
13908
13957
13909
13958
13910
13959
13911
13960
13912
13961
13913
13962
13914
13963
13915
13964
13916
13965
13917
13966
13918
13967
13919
13968
13920
13969
13921
13970
13922
13971
13923
13972
13924
13973
13925
13974
13926
13975
13927
13976
13928
13977
13929
13978
13930
13979
13931
13980
13932
13981
13933
13982
13934
13983
13935
13984
13936
13985
13937
13986
13938
13987
13939
13988
13940
13989
13941
13990
13942
13991
13943
13992
13944
13993
13945
13994
13946
13995
13947
13996
13948
13997
13949
13998
13999
13951
14000
13952
14001
13953
14002
13954
14003
13955
14004
13956
14005
13957
14006
13958
14007
13959
14008
13960
14009
13961
14010
13962
14011
13963
14012
13964
14013
13965
14014
13966
14015
13967
14016
13968
14017
13969
14018
13970
14019
13971
14020
13972
14021
13973
14022
13974
14023
13975
14024
13976
14025
13977
14026
13978
14027
13979
14028
13980
14029
13981
14030
13982
14031
13983
14032
13984
14033
13985
14034
13986
14035
13987
14036
13988
14037
13989
14038
13990
14039
13991
14040
13992
14041
13993
14042
13994
14043
13995
14044
13996
14045
13997
14046
13998
14047
13999
14048
14049
14001
14050
14002
14051
14003
14052
14004
14053
14005
14054
14006
14055
14007
14056
14008
14057
14009
14058
14010
14059
14011
14060
14012
14061
14013
14062
14014
14063
14015
14064
14016
14065
14017
14066
14018
14067
14019
14068
14020
14069
14021
14070
14022
14071
14023
14072
14024
14073
14025
14074
14026
14075
14027
14076
14028
14077
14029
14078
14030
14079
14031
14080
14032
14081
14033
14082
14034
14083
14035
14084
14036
14085
14037
14086
14038
14087
14039
14088
14040
14089
14041
14090
14042
14091
14043
14092
14044
14093
14045
14094
14046
14095
14047
14096
14048
14097
14049
14098
14099
14051
14100
14052
14101
14053
14102
14054
14103
14055
14104
14056
14105
14057
14106
14058
14107
14059
14108
14060
14109
14061
14110
14062
14111
14063
14112
14064
14113
14065
14114
14066
14115
14067
14116
14068
14117
14069
14118
14070
14119
14071
14120
14072
14121
14073
14122
14074
14123
14075
14124
14076
14125
14077
14126
14078
14127
14079
14128
14080
14129
14081
14130
14082
14131
14083
14132
14084
14133
14085
14134
14086
14135
14087
14136
14088
14137
14089
14138
14090
14139
14091
14140
14092
14141
14093
14142
14094
14143
14095
14144
14096
14145
14097
14146
14098
14147
14099
14148
14149
14101
14150
14102
14151
14103
14152
14104
14153
14105
14154
14106
14155
14107
14156
14108
14157
14109
14158
14110
14159
14111
14160
14112
14161
14113
14162
14114
14163
14115
14164
14116
14165
14117
14166
14118
14167
14119
14168
14120
14169
14121
14170
14122
14171
14123
14172
14124
14173
14125
14174
14126
14175
14127
14176
14128
14177
14129
14178
14130
14179
14131
14180
14132
14181
14133
14182
14134
14183
14135
14184
14136
14185
14137
14186
14138
14187
14139
14188
14140
14189
14141
14190
14142
14191
14143
14192
14144
14193
14145
14194
14146
14195
14147
14196
14148
14197
14149
14198
14199
14151
14200
14152
14201
14153
14202
14154
14203
14155
14204
14156
14205
14157
14206
14158
14207
14159
14208
14160
14209
14161
14210
14162
14211
14163
14212
14164
14213
14165
14214
14166
14215
14167
14216
14168
14217
14169
14218
14170
14219
14171
14220
14172
14221
14173
14222
14174
14223
14175
14224
14176
14225
14177
14226
14178
14227
14179
14228
14180
14229
14181
14230
14182
14231
14183
14232
14184
14233
14185
14234
14186
14235
14187
14236
14188
14237
14189
14238
14190
14239
14191
14240
14192
14241
14193
14242
14194
14243
14195
14244
14196
14245
14197
14246
14198
14247
14199
14248
14249
14201
14250
14202
14251
14203
14252
14204
14253
14205
14254
14206
14255
14207
14256
14208
14257
14209
14258
14210
14259
14211
14260
14212
14261
14213
14262
14214
14263
14215
14264
14216
14265
14217
14266
14218
14267
14219
14268
14220
14269
14221
14270
14222
14271
14223
14272
14224
14273
14225
14274
14226
14275
14227
14276
14228
14277
14229
14278
14230
14279
14231
14280
14232
14281
14233
14282
14234
14283
14235
14284
14236
14285
14237
14286
14238
14287
14239
14288
14240
14289
14241
14290
14242
14291
14243
14292
14244
14293
14245
14294
14246
14295
14247
14296
14248
14297
14249
14298
14299
14251
14300
14252
14301
14253
14302
14254
14303
14255
14304
14256
14305
14257
14306
14258
14307
14259
14308
14260
14309
14261
14310
14262
14311
14263
14312
14264
14313
14265
14314
14266
14315
14267
14316
14268
14317
14269
14318
14270
14319
14271
14320
14272
14321
14273
14322
14274
14323
14275
14324
14276
14325
14277
14326
14278
14327
14279
14328
14280
14329
14281
14330
14282
14331
14283
14332
14284
14333
14285
14334
14286
14335
14287
14336
14288
14337
14289
14338
14290
14339
14291
14340
14292
14341
14293
14342
14294
14343
14295
14344
14296
14345
14297
14346
14298
14347
14299
14348
14349
14301
14350
14302
14351
14303
14352
14304
14353
14305
14354
14306
14355
14307
14356
14308
14357
14309
14358
14310
14359
14311
14360
14312
14361
14313
14362
14314
14363
14315
14364
14316
14365
14317
14366
14318
14367
14319
14368
14320
14369
14321
14370
14322
14371
14323
14372
14324
14373
14325
14374
14326
14375
14327
14376
14328
14377
14329
14378
14330
14379
14331
14380
14332
14381
14333
14382
14334
14383
14335
14384
14336
14385
14337
14386
14338
14387
14339
14388
14340
14389
14341
14390
14342
14391
14343
14392
14344
14393
14345
14394
14346
14395
14347
14396
14348
14397
14349
14398
14399
14351
14400
14352
14401
14353
14402
14354
14403
14355
14404
14356
14405
14357
14406
14358
14407
14359
14408
14360
14409
14361
14410
14362
14411
14363
14412
14364
14413
14365
14414
14366
14415
14367
14416
14368
14417
14369
14418
14370
14419
14371
14420
14372
14421
14373
14422
14374
14423
14375
14424
14376
14425
14377
14426
14378
14427
14379
14428
14380
14429
14381
14430
14382
14431
14383
14432
14384
14433
14385
14434
14386
14435
14387
14436
14388
14437
14389
14438
14390
14439
14391
14440
14392
14441
14393
14442
14394
14443
14395
14444
14396
14445
14397
14446
14398
14447
14399
14448
14449
14401
14450
14402
14451
14403
14452
14404
14453
14405
14454
14406
14455
14407
14456
14408
14457
14409
14458
14410
14459
14411
14460
14412
14461
14413
14462
14414
14463
14415
14464
14416
14465
14417
14466
14418
14467
14419
14468
14420
14469
14421
14470
14422
14471
14423
14472
14424
14473
14425
14474
14426
14475
14427
14476
14428
14477
14429
14478
14430
14479
14431
14480
14432
14481
14433
14482
14434
14483
14435
14484
14436
14485
14437
14486
14438
14487
14439
14488
14440
14489
14441
14490
14442
14491
14443
14492
14444
14493
14445
14494
14446
14495
14447
14496
14448
14497
14449
14498
14499
14451
14500
14452
14501
14453
14502
14454
14503
14455
14504
14456
14505
14457
14506
14458
14507
14459
14508
14460
14509
14461
14510
14462
14511
14463
14512
14464
14513
14465
14514
14466
14515
14467
14516
14468
14517
14469
14518
14470
14519
14471
14520
14472
14521
14473
14522
14474
14523
14475
14524
14476
14525
14477
14526
14478
14527
14479
14528
14480
14529
14481
14530
14482
14531
14483
14532
14484
14533
14485
14534
14486
14535
14487
14536
14488
14537
14489
14538
14490
14539
14491
14540
14492
14541
14493
14542
14494
14543
14495
14544
14496
14545
14497
14546
14498
14547
14499
14548
14549
14501
14550
14502
14551
14503
14552
14504
14553
14505
14554
14506
14555
14507
14556
14508
14557
14509
14558
14510
14559
14511
14560
14512
14561
14513
14562
14514
14563
14515
14564
14516
14565
14517
14566
14518
14567
14519
14568
14520
14569
14521
14570
14522
14571
14523
14572
14524
14573
14525
14574
14526
14575
14527
14576
14528
14577
14529
14578
14530
14579
14531
14580
14532
14581
14533
14582
14534
14583
14535
14584
14536
14585
14537
14586
14538
14587
14539
14588
14540
14589
14541
14590
14542
14591
14543
14592
14544
14593
14545
14594
14546
14595
14547
14596
14548
14597
14549
14598
14599
14551
14600
14552
14601
14553
14602
14554
14603
14555
14604
14556
14605
14557
14606
14558
14607
14559
14608
14560
14609
14561
14610
14562
14611
14563
14612
14564
14613
14565
14614
14566
14615
14567
14616
14568
14617
14569
14618
14570
14619
14571
14620
14572
14621
14573
14622
14574
14623
14575
14624
14576
14625
14577
14626
14578
14627
14579
14628
14580
14629
14581
14630
14582
14631
14583
14632
14584
14633
14585
14634
14586
14635
14587
14636
14588
14637
14589
14638
14590
14639
14591
14640
14592
14641
14593
14642
14594
14643
14595
14644
14596
14645
14597
14646
14598
14647
14599
14648
14649
14601
14650
14602
14651
14603
14652
14604
14653
14605
14654
14606
14655
14607
14656
14608
14657
14609
14658
14610
14659
14611
14660
14612
14661
14613
14662
14614
14663
14615
14664
14616
14665
14617
14666
14618
14667
14619
14668
14620
14669
14621
14670
14622
14671
14623
14672
14624
14673
14625
14674
14626
14675
14627
14676
14628
14677
14629
14678
14630
14679
14631
14680
14632
14681
14633
14682
14634
14683
14635
14684
14636
14685
14637
14686
14638
14687
14639
14688
14640
14689
14641
14690
14642
14691
14643
14692
14644
14693
14645
14694
14646
14695
14647
14696
14648
14697
14649
14698
14699
14651
14700
14652
14701
14653
14702
14654
14703
14655
14704
14656
14705
14657
14706
14658
14707
14659
14708
14660
14709
14661
14710
14662
14711
14663
14712
14664
14713
14665
14714
14666
14715
14667
14716
14668
14717
14669
14718
14670
14719
14671
14720
14672
14721
14673
14722
14674
14723
14675
14724
14676
14725
14677
14726
14678
14727
14679
14728
14680
14729
14681
14730
14682
14731
14683
14732
14684
14733
14685
14734
14686
14735
14687
14736
14688
14737
14689
14738
14690
14739
14691
14740
14692
14741
14693
14742
14694
14743
14695
14744
14696
14745
14697
14746
14698
14747
14699
14748
14749
14701
14750
14702
14751
14703
14752
14704
14753
14705
14754
14706
14755
14707
14756
14708
14757
14709
14758
14710
14759
14711
14760
14712
14761
14713
14762
14714
14763
14715
14764
14716
14765
14717
14766
14718
14767
14719
14768
14720
14769
14721
14770
14722
14771
14723
14772
14724
14773
14725
14774
14726
14775
14727
14776
14728
14777
14729
14778
14730
14779
14731
14780
14732
14781
14733
14782
14734
14783
14735
14784
14736
14785
14737
14786
14738
14787
14739
14788
14740
14789
14741
14790
14742
14791
14743
14792
14744
14793
14745
14794
14746
14795
14747
14796
14748
14797
14749
14798
14799
14751
14800
14752
14801
14753
14802
14754
14803
14755
14804
14756
14805
14757
14806
14758
14807
14759
14808
14760
14809
14761
14810
14762
14811
14763
14812
14764
14813
14765
14814
14766
14815
14767
14816
14768
14817
14769
14818
14770
14819
14771
14820
14772
14821
14773
14822
14774
14823
14775
14824
14776
14825
14777
14826
14778
14827
14779
14828
14780
14829
14781
14830
14782
14831
14783
14832
14784
14833
14785
14834
14786
14835
14787
14836
14788
14837
14789
14838
14790
14839
14791
14840
14792
14841
14793
14842
14794
14843
14795
14844
14796
14845
14797
14846
14798
14847
14799
14848
14849
14801
14850
14802
14851
14803
14852
14804
14853
14805
14854
14806
14855
14807
14856
14808
14857
14809
14858
14810
14859
14811
14860
14812
14861
14813
14862
14814
14863
14815
14864
14816
14865
14817
14866
14818
14867
14819
14868
14820
14869
14821
14870
14822
14871
14823
14872
14824
14873
14825
14874
14826
14875
14827
14876
14828
14877
14829
14878
14830
14879
14831
14880
14832
14881
14833
14882
14834
14883
14835
14884
14836
14885
14837
14886
14838
14887
14839
14888
14840
14889
14841
14890
14842
14891
14843
14892
14844
14893
14845
14894
14846
14895
14847
14896
14848
14897
14849
14898
14899
14851
14900
14852
14901
14853
14902
14854
14903
14855
14904
14856
14905
14857
14906
14858
14907
14859
14908
14860
14909
14861
14910
14862
14911
14863
14912
14864
14913
14865
14914
14866
14915
14867
14916
14868
14917
14869
14918
14870
14919
14871
14920
14872
14921
14873
14922
14874
14923
14875
14924
14876
14925
14877
14926
14878
14927
14879
14928
14880
14929
14881
14930
14882
14931
14883
14932
14884
14933
14885
14934
14886
14935
14887
14936
14888
14937
14889
14938
14890
14939
14891
14940
14892
14941
14893
14942
14894
14943
14895
14944
14896
14945
14897
14946
14898
14947
14899
14948
14949
14901
14950
14902
14951
14903
14952
14904
14953
14905
14954
14906
14955
14907
14956
14908
14957
14909
14958
14910
14959
14911
14960
14912
14961
14913
14962
14914
14963
14915
14964
14916
14965
14917
14966
14918
14967
14919
14968
14920
14969
14921
14970
14922
14971
14923
14972
14924
14973
14925
14974
14926
14975
14927
14976
14928
14977
14929
14978
14930
14979
14931
14980
14932
14981
14933
14982
14934
14983
14935
14984
14936
14985
14937
14986
14938
14987
14939
14988
14940
14989
14941
14990
14942
14991
14943
14992
14944
14993
14945
14994
14946
14995
14947
14996
14948
14997
14949
14998
14999
14951
15000
14952
15001
14953
15002
14954
15003
14955
15004
14956
15005
14957
15006
14958
15007
14959
15008
14960
15009
14961
15010
14962
15011
14963
15012
14964
15013
14965
15014
14966
15015
14967
15016
14968
15017
14969
15018
14970
15019
14971
15020
14972
15021
14973
15022
14974
15023
14975
15024
14976
15025
14977
15026
14978
15027
14979
15028
14980
15029
14981
15030
14982
15031
14983
15032
14984
15033
14985
15034
14986
15035
14987
15036
14988
15037
14989
15038
14990
15039
14991
15040
14992
15041
14993
15042
14994
15043
14995
15044
14996
15045
14997
15046
14998
15047
14999
15048
15049
15001
15050
15002
15051
15003
15052
15004
15053
15005
15054
15006
15055
15007
15056
15008
15057
15009
15058
15010
15059
15011
15060
15012
15061
15013
15062
15014
15063
15015
15064
15016
15065
15017
15066
15018
15067
15019
15068
15020
15069
15021
15070
15022
15071
15023
15072
15024
15073
15025
15074
15026
15075
15027
15076
15028
15077
15029
15078
15030
15079
15031
15080
15032
15081
15033
15082
15034
15083
15035
15084
15036
15085
15037
15086
15038
15087
15039
15088
15040
15089
15041
15090
15042
15091
15043
15092
15044
15093
15045
15094
15046
15095
15047
15096
15048
15097
15049
15098
15099
15051
15100
15052
15101
15053
15102
15054
15103
15055
15104
15056
15105
15057
15106
15058
15107
15059
15108
15060
15109
15061
15110
15062
15111
15063
15112
15064
15113
15065
15114
15066
15115
15067
15116
15068
15117
15069
15118
15070
15119
15071
15120
15072
15121
15073
15122
15074
15123
15075
15124
15076
15125
15077
15126
15078
15127
15079
15128
15080
15129
15081
15130
15082
15131
15083
15132
15084
15133
15085
15134
15086
15135
15087
15136
15088
15137
15089
15138
15090
15139
15091
15140
15092
15141
15093
15142
15094
15143
15095
15144
15096
15145
15097
15146
15098
15147
15099
15148
15149
15101
15150
15102
15151
15103
15152
15104
15153
15105
15154
15106
15155
15107
15156
15108
15157
15109
15158
15110
15159
15111
15160
15112
15161
15113
15162
15114
15163
15115
15164
15116
15165
15117
15166
15118
15167
15119
15168
15120
15169
15121
15170
15122
15171
15123
15172
15124
15173
15125
15174
15126
15175
15127
15176
15128
15177
15129
15178
15130
15179
15131
15180
15132
15181
15133
15182
15134
15183
15135
15184
15136
15185
15137
15186
15138
15187
15139
15188
15140
15189
15141
15190
15142
15191
15143
15192
15144
15193
15145
15194
15146
15195
15147
15196
15148
15197
15149
15198
15199
15151
15200
15152
15201
15153
15202
15154
15203
15155
15204
15156
15205
15157
15206
15158
15207
15159
15208
15160
15209
15161
15210
15162
15211
15163
15212
15164
15213
15165
15214
15166
15215
15167
15216
15168
15217
15169
15218
15170
15219
15171
15220
15172
15221
15173
15222
15174
15223
15175
15224
15176
15225
15177
15226
15178
15227
15179
15228
15180
15229
15181
15230
15182
15231
15183
15232
15184
15233
15185
15234
15186
15235
15187
15236
15188
15237
15189
15238
15190
15239
15191
15240
15192
15241
15193
15242
15194
15243
15195
15244
15196
15245
15197
15246
15198
15247
15199
15248
15249
15201
15250
15202
15251
15203
15252
15204
15253
15205
15254
15206
15255
15207
15256
15208
15257
15209
15258
15210
15259
15211
15260
15212
15261
15213
15262
15214
15263
15215
15264
15216
15265
15217
15266
15218
15267
15219
15268
15220
15269
15221
15270
15222
15271
15223
15272
15224
15273
15225
15274
15226
15275
15227
15276
15228
15277
15229
15278
15230
15279
15231
15280
15232
15281
15233
15282
15234
15283
15235
15284
15236
15285
15237
15286
15238
15287
15239
15288
15240
15289
15241
15290
15242
15291
15243
15292
15244
15293
15245
15294
15246
15295
15247
15296
15248
15297
15249
15298
15299
15251
15300
15252
15301
15253
15302
15254
15303
15255
15304
15256
15305
15257
15306
15258
15307
15259
15308
15260
15309
15261
15310
15262
15311
15263
15312
15264
15313
15265
15314
15266
15315
15267
15316
15268
15317
15269
15318
15270
15319
15271
15320
15272
15321
15273
15322
15274
15323
15275
15324
15276
15325
15277
15326
15278
15327
15279
15328
15280
15329
15281
15330
15282
15331
15283
15332
15284
15333
15285
15334
15286
15335
15287
15336
15288
15337
15289
15338
15290
15339
15291
15340
15292
15341
15293
15342
15294
15343
15295
15344
15296
15345
15297
15346
15298
15347
15299
15348
15349
15301
15350
15302
15351
15303
15352
15304
15353
15305
15354
15306
15355
15307
15356
15308
15357
15309
15358
15310
15359
15311
15360
15312
15361
15313
15362
15314
15363
15315
15364
15316
15365
15317
15366
15318
15367
15319
15368
15320
15369
15321
15370
15322
15371
15323
15372
15324
15373
15325
15374
15326
15375
15327
15376
15328
15377
15329
15378
15330
15379
15331
15380
15332
15381
15333
15382
15334
15383
15335
15384
15336
15385
15337
15386
15338
15387
15339
15388
15340
15389
15341
15390
15342
15391
15343
15392
15344
15393
15345
15394
15346
15395
15347
15396
15348
15397
15349
15398
15399
15351
15400
15352
15401
15353
15402
15354
15403
15355
15404
15356
15405
15357
15406
15358
15407
15359
15408
15360
15409
15361
15410
15362
15411
15363
15412
15364
15413
15365
15414
15366
15415
15367
15416
15368
15417
15369
15418
15370
15419
15371
15420
15372
15421
15373
15422
15374
15423
15375
15424
15376
15425
15377
15426
15378
15427
15379
15428
15380
15429
15381
15430
15382
15431
15383
15432
15384
15433
15385
15434
15386
15435
15387
15436
15388
15437
15389
15438
15390
15439
15391
15440
15392
15441
15393
15442
15394
15443
15395
15444
15396
15445
15397
15446
15398
15447
15399
15448
15449
15401
15450
15402
15451
15403
15452
15404
15453
15405
15454
15406
15455
15407
15456
15408
15457
15409
15458
15410
15459
15411
15460
15412
15461
15413
15462
15414
15463
15415
15464
15416
15465
15417
15466
15418
15467
15419
15468
15420
15469
15421
15470
15422
15471
15423
15472
15424
15473
15425
15474
15426
15475
15427
15476
15428
15477
15429
15478
15430
15479
15431
15480
15432
15481
15433
15482
15434
15483
15435
15484
15436
15485
15437
15486
15438
15487
15439
15488
15440
15489
15441
15490
15442
15491
15443
15492
15444
15493
15445
15494
15446
15495
15447
15496
15448
15497
15449
15498
15499
15451
15500
15452
15501
15453
15502
15454
15503
15455
15504
15456
15505
15457
15506
15458
15507
15459
15508
15460
15509
15461
15510
15462
15511
15463
15512
15464
15513
15465
15514
15466
15515
15467
15516
15468
15517
15469
15518
15470
15519
15471
15520
15472
15521
15473
15522
15474
15523
15475
15524
15476
15525
15477
15526
15478
15527
15479
15528
15480
15529
15481
15530
15482
15531
15483
15532
15484
15533
15485
15534
15486
15535
15487
15536
15488
15537
15489
15538
15490
15539
15491
15540
15492
15541
15493
15542
15494
15543
15495
15544
15496
15545
15497
15546
15498
15547
15499
15548
15549
15501
15550
15502
15551
15503
15552
15504
15553
15505
15554
15506
15555
15507
15556
15508
15557
15509
15558
15510
15559
15511
15560
15512
15561
15513
15562
15514
15563
15515
15564
15516
15565
15517
15566
15518
15567
15519
15568
15520
15569
15521
15570
15522
15571
15523
15572
15524
15573
15525
15574
15526
15575
15527
15576
15528
15577
15529
15578
15530
15579
15531
15580
15532
15581
15533
15582
15534
15583
15535
15584
15536
15585
15537
15586
15538
15587
15539
15588
15540
15589
15541
15590
15542
15591
15543
15592
15544
15593
15545
15594
15546
15595
15547
15596
15548
15597
15549
15598
15599
15551
15600
15552
15601
15553
15602
15554
15603
15555
15604
15556
15605
15557
15606
15558
15607
15559
15608
15560
15609
15561
15610
15562
15611
15563
15612
15564
15613
15565
15614
15566
15615
15567
15616
15568
15617
15569
15618
15570
15619
15571
15620
15572
15621
15573
15622
15574
15623
15575
15624
15576
15625
15577
15626
15578
15627
15579
15628
15580
15629
15581
15630
15582
15631
15583
15632
15584
15633
15585
15634
15586
15635
15587
15636
15588
15637
15589
15638
15590
15639
15591
15640
15592
15641
15593
15642
15594
15643
15595
15644
15596
15645
15597
15646
15598
15647
15599
15648
15649
15601
15650
15602
15651
15603
15652
15604
15653
15605
15654
15606
15655
15607
15656
15608
15657
15609
15658
15610
15659
15611
15660
15612
15661
15613
15662
15614
15663
15615
15664
15616
15665
15617
15666
15618
15667
15619
15668
15620
15669
15621
15670
15622
15671
15623
15672
15624
15673
15625
15674
15626
15675
15627
15676
15628
15677
15629
15678
15630
15679
15631
15680
15632
15681
15633
15682
15634
15683
15635
15684
15636
15685
15637
15686
15638
15687
15639
15688
15640
15689
15641
15690
15642
15691
15643
15692
15644
15693
15645
15694
15646
15695
15647
15696
15648
15697
15649
15698
15699
15651
15700
15652
15701
15653
15702
15654
15703
15655
15704
15656
15705
15657
15706
15658
15707
15659
15708
15660
15709
15661
15710
15662
15711
15663
15712
15664
15713
15665
15714
15666
15715
15667
15716
15668
15717
15669
15718
15670
15719
15671
15720
15672
15721
15673
15722
15674
15723
15675
15724
15676
15725
15677
15726
15678
15727
15679
15728
15680
15729
15681
15730
15682
15731
15683
15732
15684
15733
15685
15734
15686
15735
15687
15736
15688
15737
15689
15738
15690
15739
15691
15740
15692
15741
15693
15742
15694
15743
15695
15744
15696
15745
15697
15746
15698
15747
15699
15748
15749
15701
15750
15702
15751
15703
15752
15704
15753
15705
15754
15706
15755
15707
15756
15708
15757
15709
15758
15710
15759
15711
15760
15712
15761
15713
15762
15714
15763
15715
15764
15716
15765
15717
15766
15718
15767
15719
15768
15720
15769
15721
15770
15722
15771
15723
15772
15724
15773
15725
15774
15726
15775
15727
15776
15728
15777
15729
15778
15730
15779
15731
15780
15732
15781
15733
15782
15734
15783
15735
15784
15736
15785
15737
15786
15738
15787
15739
15788
15740
15789
15741
15790
15742
15791
15743
15792
15744
15793
15745
15794
15746
15795
15747
15796
15748
15797
15749
15798
15799
15751
15800
15752
15801
15753
15802
15754
15803
15755
15804
15756
15805
15757
15806
15758
15807
15759
15808
15760
15809
15761
15810
15762
15811
15763
15812
15764
15813
15765
15814
15766
15815
15767
15816
15768
15817
15769
15818
15770
15819
15771
15820
15772
15821
15773
15822
15774
15823
15775
15824
15776
15825
15777
15826
15778
15827
15779
15828
15780
15829
15781
15830
15782
15831
15783
15832
15784
15833
15785
15834
15786
15835
15787
15836
15788
15837
15789
15838
15790
15839
15791
15840
15792
15841
15793
15842
15794
15843
15795
15844
15796
15845
15797
15846
15798
15847
15799
15848
15849
15801
15850
15802
15851
15803
15852
15804
15853
15805
15854
15806
15855
15807
15856
15808
15857
15809
15858
15810
15859
15811
15860
15812
15861
15813
15862
15814
15863
15815
15864
15816
15865
15817
15866
15818
15867
15819
15868
15820
15869
15821
15870
15822
15871
15823
15872
15824
15873
15825
15874
15826
15875
15827
15876
15828
15877
15829
15878
15830
15879
15831
15880
15832
15881
15833
15882
15834
15883
15835
15884
15836
15885
15837
15886
15838
15887
15839
15888
15840
15889
15841
15890
15842
15891
15843
15892
15844
15893
15845
15894
15846
15895
15847
15896
15848
15897
15849
15898
15899
15851
15900
15852
15901
15853
15902
15854
15903
15855
15904
15856
15905
15857
15906
15858
15907
15859
15908
15860
15909
15861
15910
15862
15911
15863
15912
15864
15913
15865
15914
15866
15915
15867
15916
15868
15917
15869
15918
15870
15919
15871
15920
15872
15921
15873
15922
15874
15923
15875
15924
15876
15925
15877
15926
15878
15927
15879
15928
15880
15929
15881
15930
15882
15931
15883
15932
15884
15933
15885
15934
15886
15935
15887
15936
15888
15937
15889
15938
15890
15939
15891
15940
15892
15941
15893
15942
15894
15943
15895
15944
15896
15945
15897
15946
15898
15947
15899
15948
15949
15901
15950
15902
15951
15903
15952
15904
15953
15905
15954
15906
15955
15907
15956
15908
15957
15909
15958
15910
15959
15911
15960
15912
15961
15913
15962
15914
15963
15915
15964
15916
15965
15917
15966
15918
15967
15919
15968
15920
15969
15921
15970
15922
15971
15923
15972
15924
15973
15925
15974
15926
15975
15927
15976
15928
15977
15929
15978
15930
15979
15931
15980
15932
15981
15933
15982
15934
15983
15935
15984
15936
15985
15937
15986
15938
15987
15939
15988
15940
15989
15941
15990
15942
15991
15943
15992
15944
15993
15945
15994
15946
15995
15947
15996
15948
15997
15949
15998
15999
15951
16000
15952
16001
15953
16002
15954
16003
15955
16004
15956
16005
15957
16006
15958
16007
15959
16008
15960
16009
15961
16010
15962
16011
15963
16012
15964
16013
15965
16014
15966
16015
15967
16016
15968
16017
15969
16018
15970
16019
15971
16020
15972
16021
15973
16022
15974
16023
15975
16024
15976
16025
15977
16026
15978
16027
15979
16028
15980
16029
15981
16030
15982
16031
15983
16032
15984
16033
15985
16034
15986
16035
15987
16036
15988
16037
15989
16038
15990
16039
15991
16040
15992
16041
15993
16042
15994
16043
15995
16044
15996
16045
15997
16046
15998
16047
15999
16048
16049
16001
16050
16002
16051
16003
16052
16004
16053
16005
16054
16006
16055
16007
16056
16008
16057
16009
16058
16010
16059
16011
16060
16012
16061
16013
16062
16014
16063
16015
16064
16016
16065
16017
16066
16018
16067
16019
16068
16020
16069
16021
16070
16022
16071
16023
16072
16024
16073
16025
16074
16026
16075
16027
16076
16028
16077
16029
16078
16030
16079
16031
16080
16032
16081
16033
16082
16034
16083
16035
16084
16036
16085
16037
16086
16038
16087
16039
16088
16040
16089
16041
16090
16042
16091
16043
16092
16044
16093
16045
16094
16046
16095
16047
16096
16048
16097
16049
16098
16099
16051
16100
16052
16101
16053
16102
16054
16103
16055
16104
16056
16105
16057
16106
16058
16107
16059
16108
16060
16109
16061
16110
16062
16111
16063
16112
16064
16113
16065
16114
16066
16115
16067
16116
16068
16117
16069
16118
16070
16119
16071
16120
16072
16121
16073
16122
16074
16123
16075
16124
16076
16125
16077
16126
16078
16127
16079
16128
16080
16129
16081
16130
16082
16131
16083
16132
16084
16133
16085
16134
16086
16135
16087
16136
16088
16137
16089
16138
16090
16139
16091
16140
16092
16141
16093
16142
16094
16143
16095
16144
16096
16145
16097
16146
16098
16147
16099
16148
16149
16101
16150
16102
16151
16103
16152
16104
16153
16105
16154
16106
16155
16107
16156
16108
16157
16109
16158
16110
16159
16111
16160
16112
16161
16113
16162
16114
16163
16115
16164
16116
16165
16117
16166
16118
16167
16119
16168
16120
16169
16121
16170
16122
16171
16123
16172
16124
16173
16125
16174
16126
16175
16127
16176
16128
16177
16129
16178
16130
16179
16131
16180
16132
16181
16133
16182
16134
16183
16135
16184
16136
16185
16137
16186
16138
16187
16139
16188
16140
16189
16141
16190
16142
16191
16143
16192
16144
16193
16145
16194
16146
16195
16147
16196
16148
16197
16149
16198
16199
16151
16152
16153
16154
16155
16156
16157
16158
16159
16160
16161
16162
16163
16164
16165
16166
16167
16168
16169
16170
16171
16172
16173
16174
16175
16176
16177
16178
16179
16180
16181
16182
16183
16184
16185
16186
16187
16188
16189
16190
16191
16192
16193
16194
16195
16196
16197
16198
16199
)


// ************************************************************************* //
