/*--------------------------------*- C++ -*----------------------------------*\
  =========                 |
  \\      /  F ield         | OpenFOAM: The Open Source CFD Toolbox
   \\    /   O peration     | Website:  https://openfoam.org
    \\  /    A nd           | Version:  12
     \\/     M anipulation  |
\*---------------------------------------------------------------------------*/
FoamFile
{
    format      ascii;
    class       surfaceScalarField;
    location    "400";
    object      phi;
}
// * * * * * * * * * * * * * * * * * * * * * * * * * * * * * * * * * * * * * //

dimensions      [0 3 -1 0 0 0 0];

internalField   nonuniform List<scalar> 
21254
(
-0.254339
0.283802
-0.0294863
0.316213
-0.0323884
0.345275
-0.0290755
0.3717
-0.0264046
0.396647
-0.0249546
0.4172
-0.0205523
0.433693
-0.0165121
0.446923
-0.0132433
0.455512
-0.00859328
0.46048
-0.00496238
0.461235
-0.000745647
0.455861
0.00538476
0.443305
0.0125653
0.421122
0.022191
0.38518
0.0359445
0.32957
0.0556108
0.24687
0.0826968
0.137128
0.109736
0.0265165
0.110589
-0.0461944
0.0726726
-0.0631756
0.0169285
-0.0634821
0.000274543
-0.0713747
0.00776579
-0.0767216
0.00540673
-0.0803646
0.003717
-0.0838216
0.00278507
-0.0892241
0.0040098
-0.0958028
0.00692989
-0.102771
0.0103449
-0.107792
0.00825287
-0.0783761
-0.0340915
0.0692453
-0.150444
0.18618
-0.115269
0.15971
0.0268066
0.0844576
0.0733359
-0.177776
0.262087
-0.385363
0.20694
-0.27596
-0.108867
0.0174488
-0.282668
-0.220852
-0.0334694
-0.18559
-0.0352803
-0.143401
-0.042181
-0.0979018
-0.0455028
-0.0504441
-0.0474427
-0.00283236
-0.0475915
0.0430648
-0.0458903
0.086135
-0.0430744
0.124866
-0.0387344
0.158485
-0.0336241
0.186658
-0.0281753
0.210011
-0.0233549
0.229273
-0.0192624
0.245085
-0.0158138
0.258568
-0.0134823
0.270094
-0.0115281
0.280366
-0.0102717
0.289666
-0.00930313
0.298433
-0.00876427
0.306786
-0.00835414
0.314956
-0.0081599
0.322861
-0.00789688
0.330359
-0.00745759
0.336338
-0.00592575
0.34047
-0.00407425
0.343204
-0.0026712
0.344449
-0.00119915
0.343989
0.000509081
0.341367
0.00261918
0.336776
0.00474776
0.330222
0.00666471
0.322025
0.00832191
0.312536
0.00967202
0.302266
0.0104847
0.291966
0.0106025
0.282995
0.00930925
0.2789
0.00459506
0.284767
-0.00867466
0.368023
-0.0780097
-0.231587
0.262043
-0.0599548
0.293281
-0.0636192
0.326018
-0.0618218
0.356635
-0.0570046
0.386429
-0.054762
0.414098
-0.0482293
0.438928
-0.0413622
0.461202
-0.035533
0.480361
-0.0277524
0.496356
-0.020949
0.509826
-0.0142049
0.521805
-0.00658166
0.53221
0.0021698
0.540402
0.0140049
0.544503
0.0318441
0.539855
0.0602587
0.516465
0.106082
0.456795
0.169399
0.343017
0.224352
0.187031
0.22864
0.030287
0.173638
-0.0508805
0.0813936
-0.0660435
0.0228239
-0.0748511
0.0142281
-0.0790814
0.00796789
-0.0828928
0.00631327
-0.0909025
0.0113109
-0.105195
0.0211495
-0.119221
0.0256337
-0.118001
0.00839695
-0.0671779
-0.0868034
0.0587982
-0.277577
0.181222
-0.23734
0.189488
0.0183837
-0.0264081
0.287972
-0.362715
0.597893
-0.460291
0.303891
-0.33379
-0.234696
-0.00590468
-0.603349
-0.200525
-0.0645303
-0.167115
-0.0687027
-0.127904
-0.081384
-0.086465
-0.086939
-0.0425032
-0.0913881
0.00381094
-0.093894
0.0495262
-0.0916039
0.0912898
-0.0848415
0.128946
-0.0763946
0.162294
-0.0669769
0.191177
-0.0570614
0.216115
-0.0482948
0.237647
-0.0407957
0.256084
-0.0342532
0.272162
-0.0295615
0.286311
-0.0256795
0.298957
-0.0229184
0.310558
-0.0209072
0.32149
-0.0196948
0.33188
-0.0187444
0.34197
-0.0182403
0.351837
-0.0177534
0.361373
-0.0169568
0.369818
-0.0143219
0.376758
-0.0109521
0.38256
-0.00840948
0.387262
-0.00583982
0.391316
-0.00348877
0.395103
-0.00115163
0.398732
0.0012673
0.401895
0.00361996
0.404481
0.00587788
0.406245
0.00810764
0.407065
0.00991309
0.406844
0.0111743
0.405962
0.0106653
0.403728
0.00744295
0.411545
-0.0185447
0.433311
-0.0937712
-0.225841
0.257072
-0.0911598
0.288591
-0.0951573
0.322568
-0.0957756
0.353578
-0.088033
0.383081
-0.0842643
0.411108
-0.0762806
0.435852
-0.0661286
0.457752
-0.0574403
0.476119
-0.0461171
0.491143
-0.0359638
0.502506
-0.0255535
0.510177
-0.014239
0.51423
-0.00186989
0.516242
0.0120005
0.517669
0.0304234
0.52239
0.0555399
0.532857
0.0956177
0.543034
0.159225
0.52326
0.244127
0.437838
0.314063
0.280484
0.330991
0.0967469
0.265134
-0.0226689
0.1422
-0.0604816
0.0520956
-0.0708426
0.0183417
-0.0758929
0.0109343
-0.0851612
0.0197592
-0.103908
0.0401889
-0.123544
0.0469132
-0.124275
0.0106716
-0.0749245
-0.138071
0.0442211
-0.398028
0.174444
-0.366638
0.137225
0.0559402
-0.157695
0.582402
-0.439698
0.880071
-0.479426
0.343425
-0.37166
-0.342457
-0.0498169
-0.922667
-0.19444
-0.0959504
-0.160285
-0.102845
-0.119493
-0.122178
-0.0771696
-0.129246
-0.0330733
-0.13547
0.0126864
-0.139647
0.0576047
-0.136524
0.0990783
-0.126319
0.136809
-0.114131
0.170575
-0.100747
0.200048
-0.0865375
0.22558
-0.0738277
0.247726
-0.0629441
0.266918
-0.0534448
0.283642
-0.0462867
0.298447
-0.0404856
0.311729
-0.0362017
0.323892
-0.0330712
0.335238
-0.0310412
0.346001
-0.0295065
0.356459
-0.0286924
0.366599
-0.0278835
0.376248
-0.026576
0.384906
-0.0229354
0.392109
-0.018101
0.398048
-0.0142954
0.402819
-0.01056
0.406481
-0.00711153
0.409143
-0.00381443
0.411034
-0.000499033
0.412282
0.00245857
0.413095
0.00516887
0.413744
0.0075978
0.414406
0.00941519
0.415253
0.0105361
0.416763
0.00935686
0.41833
0.00620313
0.427392
-0.0292995
0.447803
-0.111382
-0.21912
0.251466
-0.123523
0.283997
-0.127676
0.319637
-0.131426
0.352017
-0.120412
0.383285
-0.115555
0.41306
-0.106081
0.44008
-0.0931633
0.46413
-0.081498
0.485356
-0.0673367
0.50337
-0.0539648
0.518177
-0.0403434
0.529668
-0.0257155
0.53785
-0.01004
0.542245
0.00761167
0.543048
0.0296246
0.540775
0.0578107
0.539968
0.0964239
0.548768
0.15042
0.56567
0.227219
0.560502
0.319221
0.489644
0.401839
0.333776
0.420985
0.13888
0.337065
0.00123512
0.189734
-0.0516627
0.0712639
-0.0652487
0.024279
-0.0771953
0.0313126
-0.0998219
0.062783
-0.124787
0.0725231
-0.130835
0.017453
-0.0903451
-0.179748
0.0215509
-0.51071
0.158296
-0.5032
0.0625089
0.151476
-0.265478
0.909664
-0.478594
1.09285
-0.499878
0.364226
-0.408262
-0.433637
-0.105685
-1.22068
-0.186983
-0.128078
-0.152606
-0.137222
-0.110814
-0.163956
-0.0679335
-0.172112
-0.0233123
-0.180082
0.0229073
-0.185864
0.0680488
-0.181668
0.109585
-0.16786
0.147212
-0.151764
0.180968
-0.134507
0.210487
-0.116061
0.236244
-0.0995858
0.258857
-0.0855604
0.278707
-0.0732958
0.296309
-0.0638906
0.31199
-0.0561683
0.326244
-0.0504591
0.339327
-0.0461543
0.351595
-0.0433108
0.363244
-0.041153
0.374437
-0.0398801
0.385258
-0.0386905
0.395602
-0.0368938
0.40494
-0.0322284
0.412874
-0.0259821
0.419515
-0.0208703
0.424937
-0.0159168
0.429229
-0.0113393
0.432439
-0.00699591
0.434817
-0.00274534
0.436311
0.00108472
0.437061
0.00456534
0.437212
0.00765102
0.436993
0.00989501
0.436656
0.0112466
0.436789
0.00973277
0.437733
0.0059357
0.445186
-0.0380033
0.465118
-0.126062
-0.216378
0.250032
-0.157185
0.283896
-0.161543
0.321536
-0.169069
0.355002
-0.153896
0.387605
-0.14818
0.418765
-0.137265
0.446854
-0.121268
0.472032
-0.106676
0.494554
-0.0898503
0.513516
-0.0729108
0.529288
-0.0560986
0.541682
-0.0380915
0.550901
-0.0192463
0.556528
0.00199497
0.558987
0.027172
0.558676
0.0581275
0.55673
0.0983739
0.557306
0.14985
0.567893
0.216638
0.587855
0.299265
0.588752
0.400947
0.520527
0.489213
0.360167
0.497424
0.160869
0.389049
0.0161422
0.215981
-0.0429704
0.0828851
-0.0648368
0.0522892
-0.0920597
0.0901412
-0.12275
0.104725
-0.13633
0.0325727
-0.107642
-0.210363
-0.00916737
-0.610384
0.1177
-0.629026
-0.0213773
0.290993
-0.34577
1.2338
-0.500591
1.24785
-0.522954
0.386527
-0.446293
-0.510395
-0.172076
-1.49352
-0.182715
-0.161734
-0.147233
-0.172697
-0.103572
-0.207601
-0.0593282
-0.216342
-0.0134762
-0.225926
0.03388
-0.23322
0.0799263
-0.227718
0.121958
-0.209898
0.159825
-0.189637
0.193788
-0.168476
0.223434
-0.14571
0.249378
-0.125533
0.272332
-0.108515
0.292615
-0.0935807
0.310739
-0.0820153
0.327119
-0.0725499
0.342031
-0.0653719
0.355768
-0.0598937
0.368645
-0.0561868
0.380871
-0.0533798
0.392582
-0.0515849
0.403831
-0.0499323
0.414557
-0.047596
0.42431
-0.0419496
0.432675
-0.0342977
0.439717
-0.0278618
0.445492
-0.0216359
0.45009
-0.0158994
0.453542
-0.0104357
0.456047
-0.00516573
0.45762
-0.000409349
0.458461
0.00380875
0.458708
0.0075286
0.458523
0.0102076
0.458231
0.0117144
0.458277
0.00980598
0.459318
0.00517581
0.465773
-0.0454885
0.484055
-0.143037
-0.214674
0.249848
-0.192359
0.285535
-0.197231
0.325117
-0.208668
0.360194
-0.188986
0.394148
-0.182162
0.427043
-0.170182
0.456331
-0.150566
0.483063
-0.133407
0.506782
-0.113557
0.527265
-0.0933749
0.544735
-0.07355
0.558866
-0.052205
0.569888
-0.0302571
0.577767
-0.0058763
0.582396
0.0225456
0.584483
0.056042
0.584231
0.0986229
0.582914
0.151165
0.584019
0.215526
0.594268
0.289009
0.614561
0.380643
0.613977
0.489786
0.537245
0.574137
0.367908
0.558379
0.164789
0.419099
0.0197712
0.227765
-0.042166
0.113724
-0.0785396
0.126398
-0.115772
0.142451
-0.13818
0.0555832
-0.122678
-0.227207
-0.044034
-0.689672
0.0503506
-0.723275
-0.11113
0.452174
-0.401728
1.52385
-0.513626
1.35946
-0.544605
0.417076
-0.483678
-0.570955
-0.247437
-1.72623
-0.179539
-0.196866
-0.142744
-0.209478
-0.097026
-0.253302
-0.0509703
-0.262386
-0.00344773
-0.273444
0.04553
-0.282198
0.0929466
-0.275139
0.135858
-0.252816
0.174251
-0.228036
0.20853
-0.202761
0.238363
-0.175548
0.264393
-0.151567
0.287495
-0.13162
0.308071
-0.114159
0.326582
-0.100527
0.343431
-0.0894019
0.358881
-0.0808223
0.37326
-0.0742748
0.386764
-0.0696915
0.399608
-0.0662219
0.411934
-0.063906
0.423771
-0.0617572
0.435029
-0.0588331
0.44542
-0.0523047
0.454417
-0.0432467
0.462017
-0.0353981
0.468363
-0.0279148
0.473461
-0.0209222
0.47737
-0.0143067
0.480293
-0.00796946
0.482242
-0.00223285
0.483355
0.00284954
0.483782
0.00730723
0.483783
0.0104774
0.483546
0.0123377
0.483656
0.0102311
0.484814
0.00473674
0.490263
-0.051363
0.505352
-0.153794
-0.214471
0.251607
-0.229483
0.288888
-0.234528
0.330745
-0.25053
0.367615
-0.225881
0.403305
-0.217875
0.437685
-0.204581
0.468505
-0.181393
0.496343
-0.161243
0.52139
-0.138588
0.543064
-0.11503
0.561616
-0.0920804
0.577158
-0.0677307
0.589512
-0.0425972
0.598711
-0.0150671
0.605007
0.0162575
0.60857
0.0524847
0.610396
0.0968036
0.611265
0.150302
0.61159
0.215211
0.613059
0.287548
0.624168
0.369542
0.644364
0.469598
0.635528
0.582977
0.54235
0.651576
0.357868
0.603567
0.149247
0.436148
0.0103192
0.251932
-0.0545138
0.191364
-0.100797
0.190708
-0.133283
0.0901715
-0.133435
-0.22925
-0.07862
-0.745596
-0.0318398
-0.768903
-0.200817
0.621606
-0.438797
1.76162
-0.521048
1.44192
-0.561866
0.457908
-0.517137
-0.615865
-0.326157
-1.91649
-0.177518
-0.233817
-0.139025
-0.247952
-0.0910297
-0.301284
-0.0428847
-0.31052
0.00661137
-0.322934
0.0576404
-0.333228
0.106794
-0.324297
0.150971
-0.296999
0.190194
-0.267267
0.225029
-0.237602
0.255148
-0.205674
0.281329
-0.177751
0.304568
-0.154862
0.325321
-0.134913
0.344081
-0.119291
0.361274
-0.106595
0.3772
-0.0967504
0.392081
-0.0891548
0.406139
-0.0837512
0.41953
-0.0796103
0.432377
-0.0767527
0.444703
-0.074073
0.456476
-0.0705944
0.467311
-0.0631085
0.47686
-0.0527661
0.485011
-0.0434918
0.491799
-0.0346592
0.497327
-0.0263922
0.501576
-0.0185603
0.504801
-0.0111222
0.506962
-0.00433732
0.508257
0.00163294
0.508847
0.0068069
0.508896
0.0105395
0.50876
0.0125862
0.508849
0.010214
0.510054
0.00372055
0.514466
-0.0563106
0.526854
-0.165945
-0.21518
0.254311
-0.268639
0.293704
-0.273927
0.33801
-0.294858
0.376648
-0.264539
0.414168
-0.255417
0.45029
-0.24072
0.482504
-0.213615
0.511941
-0.190673
0.538072
-0.164703
0.560976
-0.137913
0.580929
-0.112013
0.597687
-0.0844738
0.611345
-0.0562434
0.622092
-0.0258093
0.629952
0.00840154
0.63522
0.0472161
0.638534
0.0934898
0.64077
0.148061
0.642426
0.213551
0.642725
0.28724
0.644586
0.367673
0.657539
0.45663
0.675303
0.5652
0.651524
0.675343
0.533677
0.721411
0.327159
0.642609
0.118306
0.460524
-0.00760482
0.31701
-0.0727009
0.256374
-0.117561
0.135802
-0.136443
-0.211872
-0.112239
-0.770349
-0.113016
-0.767968
-0.276727
0.785043
-0.460209
1.94463
-0.523801
1.50527
-0.573028
0.506768
-0.543486
-0.645096
-0.400458
-2.05676
-0.176314
-0.272666
-0.136004
-0.288254
-0.0853653
-0.351905
-0.0348251
-0.36105
0.016962
-0.374717
0.0702707
-0.386536
0.121505
-0.375535
0.16722
-0.342721
0.20753
-0.307583
0.243125
-0.273203
0.273663
-0.236218
0.300049
-0.204142
0.323416
-0.178233
0.344284
-0.155783
0.363187
-0.138194
0.380672
-0.124081
0.39691
-0.11299
0.412205
-0.10445
0.426716
-0.0982616
0.440609
-0.093502
0.453942
-0.0900806
0.466801
-0.0869225
0.479086
-0.082862
0.490493
-0.0744872
0.500614
-0.0628465
0.509332
-0.0521529
0.516672
-0.0419325
0.522704
-0.0323462
0.5274
-0.0232109
0.53098
-0.0145894
0.533496
-0.00671703
0.535048
0.00024268
0.535838
0.00622632
0.536049
0.0106084
0.53596
0.0130727
0.536045
0.0106784
0.537268
0.00325085
0.540599
-0.0594261
0.550048
-0.171837
-0.216894
0.258146
-0.309886
0.29971
-0.315509
0.346555
-0.341724
0.387241
-0.305246
0.426873
-0.295071
0.464932
-0.278794
0.498857
-0.247543
0.529547
-0.221357
0.557189
-0.192329
0.581245
-0.161946
0.602199
-0.132949
0.620131
-0.10239
0.635089
-0.0711911
0.647121
-0.0378329
0.656331
-0.000803417
0.663111
0.0404441
0.667783
0.0888233
0.67108
0.144774
0.673766
0.210875
0.675566
0.285453
0.67556
0.367692
0.678472
0.453734
0.693353
0.550333
0.705114
0.663612
0.658476
0.768064
0.506968
0.794025
0.280745
0.686442
0.086618
0.511377
-0.0223854
0.367445
-0.0853239
0.201739
-0.126607
-0.173358
-0.139033
-0.7592
-0.180479
-0.725225
-0.330879
0.935903
-0.468018
2.08158
-0.521718
1.55914
-0.577468
0.562627
-0.560501
-0.662295
-0.461516
-2.15558
-0.175795
-0.313766
-0.133385
-0.330648
-0.0799735
-0.405304
-0.0269172
-0.414096
0.0274848
-0.429115
0.0833701
-0.442422
0.137003
-0.429171
0.184535
-0.390258
0.226162
-0.349217
0.262709
-0.309759
0.29383
-0.267345
0.320531
-0.230849
0.344066
-0.201771
0.365037
-0.176757
0.384065
-0.157223
0.401679
-0.141698
0.418199
-0.129509
0.433801
-0.120053
0.448688
-0.113146
0.463014
-0.107829
0.476855
-0.103917
0.490161
-0.100224
0.502932
-0.0956204
0.514876
-0.086416
0.525589
-0.0735292
0.534837
-0.0613658
0.542714
-0.049758
0.549196
-0.0387848
0.554346
-0.0283572
0.558304
-0.018503
0.561113
-0.00946717
0.562923
-0.00151426
0.563875
0.00534749
0.564213
0.0103441
0.564225
0.0131355
0.564299
0.0105994
0.565407
0.00228293
0.567652
-0.0619721
0.574246
-0.178855
-0.219205
0.262885
-0.353583
0.306799
-0.359443
0.35647
-0.391416
0.399345
-0.348142
0.44092
-0.336663
0.481113
-0.319003
0.51673
-0.283167
0.549038
-0.253652
0.578075
-0.221348
0.603374
-0.187223
0.625548
-0.155105
0.644759
-0.121588
0.660812
-0.0872365
0.674007
-0.0510218
0.684666
-0.0114607
0.692677
0.0324339
0.698621
0.0828764
0.702905
0.140488
0.706345
0.207429
0.70918
0.282612
0.710378
0.366483
0.710073
0.454025
0.714911
0.545477
0.731188
0.647323
0.730999
0.768243
0.651973
0.873007
0.46583
0.872434
0.239173
0.737792
0.0695326
0.537283
-0.0278106
0.300055
-0.0986901
-0.104412
-0.151413
-0.707005
-0.226916
-0.64942
-0.361662
1.07041
-0.46348
2.18297
-0.513807
1.60928
-0.574554
0.623103
-0.567074
-0.669524
-0.499502
-2.22087
-0.175937
-0.357025
-0.131252
-0.375321
-0.0747963
-0.461746
-0.0188381
-0.470046
0.0382922
-0.486241
0.0971038
-0.501233
0.153272
-0.485342
0.202864
-0.439855
0.24606
-0.392419
0.283783
-0.347488
0.315627
-0.299198
0.342735
-0.257962
0.36651
-0.225551
0.387585
-0.197834
0.406696
-0.176337
0.424442
-0.159444
0.441102
-0.14617
0.456939
-0.135889
0.472169
-0.128376
0.486864
-0.122521
0.501062
-0.118111
0.514853
-0.114006
0.528123
-0.108879
0.54059
-0.0988588
0.551848
-0.0847567
0.561696
-0.0711629
0.570086
-0.0580915
0.577105
-0.0457267
0.582702
-0.0339067
0.587059
-0.0227491
0.590243
-0.0125079
0.592311
-0.0034055
0.593504
0.00436952
0.594005
0.0101327
0.594094
0.0134488
0.594127
0.0111228
0.595151
0.00203441
0.596311
-0.0624868
0.599884
-0.179492
-0.222302
0.268419
-0.399718
0.314769
-0.40581
0.367366
-0.444034
0.412744
-0.393539
0.456717
-0.380658
0.499096
-0.361396
0.53643
-0.320498
0.570512
-0.28773
0.601055
-0.251869
0.627718
-0.213867
0.651062
-0.178431
0.671251
-0.141767
0.688534
-0.10451
0.703068
-0.0655519
0.714764
-0.0231503
0.724061
0.0231415
0.731158
0.0757887
0.73659
0.135065
0.740689
0.203345
0.743941
0.279374
0.746323
0.364124
0.746777
0.453591
0.746421
0.545866
0.754332
0.639452
0.769847
0.752791
0.749739
0.893102
0.633683
0.988418
0.428156
0.943544
0.217324
0.749659
0.0697303
0.450244
-0.0460929
0.00769273
-0.144269
-0.610797
-0.249493
-0.542585
-0.369367
1.19078
-0.447108
2.26048
-0.49855
1.66088
-0.563273
0.687993
-0.562981
-0.670114
-0.512217
-2.27158
-0.176478
-0.402841
-0.129419
-0.422369
-0.0697289
-0.521426
-0.0107173
-0.529049
0.0495112
-0.546465
0.111344
-0.563066
0.170361
-0.544361
0.222247
-0.491745
0.267229
-0.437408
0.306261
-0.386527
0.339009
-0.331955
0.366641
-0.285601
0.390735
-0.24965
0.411967
-0.219069
0.431164
-0.195534
0.448967
-0.177248
0.465745
-0.162948
0.481767
-0.15191
0.497199
-0.143808
0.512197
-0.137517
0.526814
-0.132726
0.541017
-0.128204
0.554719
-0.122575
0.56772
-0.111846
0.579532
-0.0965537
0.589932
-0.0815314
0.598896
-0.0670261
0.606416
-0.0532035
0.612508
-0.0400076
0.617275
-0.0274799
0.620782
-0.0159733
0.623181
-0.00575301
0.624582
0.00300677
0.625248
0.00952163
0.62541
0.0133033
0.62543
0.0110484
0.626246
0.00128296
0.626266
-0.0627123
0.626831
-0.180887
-0.22585
0.274726
-0.448603
0.323772
-0.454873
0.37948
-0.499761
0.427321
-0.441403
0.473735
-0.427088
0.518488
-0.406162
0.558033
-0.36005
0.593823
-0.323504
0.625956
-0.283986
0.65397
-0.241863
0.678654
-0.203101
0.700153
-0.163256
0.718434
-0.122784
0.733999
-0.0811134
0.746971
-0.0361208
0.75742
0.0126924
0.765583
0.067625
0.771888
0.128758
0.776745
0.198483
0.780523
0.27559
0.783385
0.361252
0.785236
0.451725
0.784866
0.546219
0.785792
0.638511
0.797801
0.740769
0.80834
0.882516
0.761217
1.03542
0.615455
1.0891
0.407193
0.957912
0.214046
0.643892
0.0427296
0.177448
-0.114743
-0.454015
-0.248872
-0.407832
-0.355387
1.29711
-0.418634
2.32335
-0.474031
1.71615
-0.54232
0.756131
-0.548213
-0.664036
-0.505181
-2.31263
-0.177468
-0.451221
-0.127734
-0.472095
-0.0646834
-0.584465
-0.00238205
-0.591343
0.0611019
-0.609945
0.12622
-0.628182
0.188346
-0.606489
0.242691
-0.546094
0.28964
-0.484362
0.330207
-0.427102
0.363998
-0.365754
0.392293
-0.313904
0.416759
-0.274121
0.43819
-0.240503
0.457479
-0.214823
0.475357
-0.195128
0.492184
-0.179773
0.508319
-0.168045
0.523958
-0.159444
0.539191
-0.152749
0.554103
-0.147633
0.568664
-0.14276
0.58285
-0.13675
0.596348
-0.125329
0.608709
-0.108888
0.619672
-0.0924575
0.629173
-0.0764765
0.637241
-0.0612101
0.643786
-0.0464996
0.649003
-0.032595
0.652898
-0.0197172
0.65559
-0.00826083
0.657266
0.00156076
0.658074
0.00900743
0.658344
0.0134403
0.658308
0.0116345
0.658866
0.00151645
0.657836
-0.0607731
0.655445
-0.176041
-0.230074
0.281643
-0.500185
0.333558
-0.506801
0.392575
-0.558798
0.443238
-0.492083
0.492316
-0.476189
0.539564
-0.453422
0.581262
-0.401746
0.619051
-0.361288
0.6528
-0.317718
0.682308
-0.271351
0.708276
-0.229056
0.730933
-0.185902
0.750502
-0.142347
0.767222
-0.0978274
0.781233
-0.0501288
0.792687
0.00124665
0.801922
0.0583965
0.809215
0.121479
0.814861
0.192851
0.819098
0.271375
0.822282
0.358092
0.824654
0.449386
0.825722
0.545188
0.825088
0.63921
0.829637
0.736299
0.846237
0.865988
0.845959
1.03572
0.770911
1.16441
0.605008
1.12494
0.395288
0.855394
0.173666
0.396588
-0.059994
-0.223411
-0.225654
-0.239848
-0.321105
1.39309
-0.377051
2.37904
-0.438171
1.7774
-0.510138
0.828335
-0.522081
-0.652421
-0.481217
-2.35351
-0.178753
-0.50254
-0.126372
-0.524468
-0.0596354
-0.651195
0.00613261
-0.657103
0.0731553
-0.676963
0.14187
-0.696897
0.207182
-0.671802
0.26427
-0.603185
0.31336
-0.533458
0.355619
-0.469369
0.390606
-0.40075
0.419679
-0.342984
0.444641
-0.299089
0.466355
-0.262219
0.485754
-0.234225
0.503686
-0.213059
0.520563
-0.19665
0.536771
-0.184251
0.552516
-0.175189
0.56795
-0.16818
0.58311
-0.162792
0.598024
-0.157671
0.612604
-0.151326
0.626604
-0.139323
0.639485
-0.121761
0.650998
-0.103953
0.66105
-0.0865109
0.66961
-0.0697462
0.676676
-0.053577
0.682337
-0.0382367
0.686635
-0.0239797
0.689681
-0.011274
0.691601
-0.000332721
0.692605
0.00801912
0.692944
0.0130845
0.692879
0.0115847
0.693131
0.00127798
0.690912
-0.0587629
0.685584
-0.171698
-0.234673
0.289267
-0.554787
0.344222
-0.56177
0.40678
-0.621373
0.460354
-0.54568
0.512184
-0.528032
0.562122
-0.503375
0.606175
-0.445806
0.645981
-0.40108
0.681605
-0.353325
0.712651
-0.30238
0.740111
-0.2565
0.764013
-0.209795
0.784736
-0.163063
0.802568
-0.115657
0.817509
-0.065067
0.830104
-0.0113473
0.840329
0.0481728
0.848478
0.113328
0.854932
0.186396
0.859857
0.266444
0.863466
0.354476
0.866178
0.44666
0.868255
0.543095
0.868899
0.638549
0.869599
0.735583
0.880644
0.854893
0.899882
1.01636
0.882607
1.18151
0.778898
1.22859
0.589041
1.04543
0.337258
0.647723
0.0305152
0.0824498
-0.178032
-0.0302883
-0.267662
1.48259
-0.321111
2.43216
-0.389142
1.84537
-0.465071
0.90426
-0.483377
-0.634003
-0.441879
-2.39335
-0.18053
-0.556681
-0.125007
-0.579986
-0.0545071
-0.721686
0.0149864
-0.726591
0.0856999
-0.747673
0.158143
-0.769338
0.227041
-0.740702
0.287023
-0.66317
0.338492
-0.584934
0.382598
-0.513482
0.418918
-0.43708
0.448863
-0.372936
0.474414
-0.324646
0.496443
-0.284251
0.516005
-0.253787
0.534029
-0.231083
0.550951
-0.213573
0.567164
-0.200461
0.582987
-0.191012
0.598573
-0.183762
0.613947
-0.178165
0.62914
-0.172858
0.644113
-0.166293
0.658563
-0.153759
0.671948
-0.135129
0.683991
-0.115966
0.694585
-0.0970691
0.703696
-0.0788055
0.71127
-0.0611028
0.717388
-0.0442572
0.722087
-0.0285346
0.725463
-0.0144562
0.72767
-0.00230352
0.728864
0.0071309
0.729293
0.0130536
0.729154
0.0122682
0.729051
0.00216335
0.725779
-0.0544567
0.717521
-0.161363
-0.239741
0.297599
-0.612654
0.355716
-0.619898
0.422006
-0.687682
0.478626
-0.602316
0.533439
-0.582869
0.586367
-0.556314
0.632796
-0.492233
0.674823
-0.443105
0.712531
-0.391014
0.745291
-0.335121
0.774162
-0.285355
0.799422
-0.235044
0.821195
-0.18483
0.840158
-0.134615
0.856341
-0.0812443
0.869908
-0.0249079
0.881109
0.0369819
0.890115
0.104334
0.89713
0.179399
0.902641
0.260955
0.906827
0.350319
0.909779
0.443741
0.912302
0.540617
0.91441
0.636504
0.91535
0.734737
0.92067
0.849664
0.940387
0.996712
0.955652
1.16646
0.911371
1.27369
0.767093
1.19096
0.517877
0.89533
0.170158
0.427701
-0.100854
0.242614
-0.195756
1.57812
-0.249415
2.4855
-0.325372
1.92146
-0.4058
0.984991
-0.430362
-0.609832
-0.386827
-2.43704
-0.182466
-0.613955
-0.123944
-0.638502
-0.0492912
-0.796334
0.0241294
-0.800004
0.0987814
-0.82232
0.175289
-0.845845
0.247862
-0.813275
0.310999
-0.726311
0.364963
-0.638903
0.411128
-0.559657
0.448906
-0.474866
0.479899
-0.403938
0.506122
-0.350873
0.528568
-0.306701
0.548346
-0.273565
0.566449
-0.249187
0.583391
-0.230512
0.599648
-0.216719
0.615511
-0.206872
0.631172
-0.199423
0.646716
-0.193706
0.662183
-0.188325
0.677502
-0.18161
0.692367
-0.168624
0.706265
-0.149022
0.718817
-0.128514
0.729941
-0.108185
0.739556
-0.0884171
0.747642
-0.069199
0.754208
-0.0508187
0.759338
-0.0336427
0.763101
-0.0181985
0.765568
-0.00476362
0.766984
0.00570587
0.767511
0.012467
0.767278
0.0123467
0.76677
0.00263009
0.76234
-0.0502923
0.751243
-0.151342
-0.245347
0.306584
-0.673899
0.368036
-0.681363
0.438246
-0.757909
0.498089
-0.662183
0.556179
-0.640971
0.612144
-0.612295
0.661215
-0.541313
0.705663
-0.487533
0.745401
-0.430734
0.779897
-0.369596
0.810348
-0.315791
0.83702
-0.261704
0.86021
-0.208015
0.880239
-0.15464
0.897435
-0.0984382
0.911996
-0.0394646
0.924101
0.0248775
0.933943
0.0944945
0.941862
0.171479
0.947931
0.254884
0.952535
0.345707
0.956018
0.440246
0.958807
0.537809
0.961777
0.633518
0.964239
0.732252
0.967453
0.846395
0.981026
0.983017
1.00555
1.14177
1.00224
1.27693
0.91136
1.28187
0.693711
1.11263
0.337563
0.783633
0.00563029
0.575095
-0.106287
1.68998
-0.160464
2.53942
-0.245765
2.00677
-0.330877
1.07028
-0.360917
-0.57974
-0.314617
-2.48202
-0.184695
-0.674605
-0.12281
-0.700384
-0.0438879
-0.875248
0.0336806
-0.877567
0.112521
-0.901156
0.193292
-0.926613
0.269839
-0.889824
0.336301
-0.792778
0.392996
-0.695605
0.441319
-0.607991
0.480739
-0.514295
0.512843
-0.436049
0.539845
-0.377879
0.562767
-0.329625
0.582824
-0.293622
0.601051
-0.267414
0.618037
-0.247497
0.634295
-0.232976
0.650178
-0.222754
0.665909
-0.215153
0.681565
-0.20936
0.697224
-0.203984
0.712859
-0.197239
0.728171
-0.18393
0.742508
-0.163345
0.755543
-0.141533
0.767177
-0.119788
0.777309
-0.0985138
0.785904
-0.077743
0.792962
-0.0577931
0.798517
-0.0390596
0.802617
-0.0221121
0.80542
-0.00732097
0.807028
0.00440204
0.80765
0.01224
0.807321
0.0131912
0.806343
0.00437229
0.80082
-0.0436965
0.787086
-0.135832
-0.251309
0.316045
-0.738641
0.381134
-0.746462
0.45552
-0.832315
0.518859
-0.725537
0.580317
-0.702454
0.639467
-0.671456
0.691432
-0.593272
0.738397
-0.534497
0.780316
-0.472631
0.81676
-0.406018
0.849017
-0.348027
0.877094
-0.289769
0.901557
-0.232469
0.922813
-0.17589
0.941038
-0.116656
0.956623
-0.0550436
0.969616
0.0118957
0.980333
0.0837903
0.988878
0.162952
0.995648
0.248135
1.00075
0.340636
1.00465
0.436367
1.0079
0.534603
1.0113
0.630176
1.01514
0.728484
1.01886
0.842765
1.02744
0.974494
1.04822
1.12114
1.06344
1.2623
1.01798
1.32818
0.849567
1.27998
0.516854
1.11494
0.141876
0.951208
0.00123591
1.83118
-0.052804
2.59313
-0.149086
2.10321
-0.238705
1.16031
-0.272056
-0.546871
-0.22291
-2.53145
-0.187163
-0.73875
-0.121786
-0.765756
-0.0383434
-0.958685
0.0436864
-0.959589
0.126926
-0.984391
0.212159
-1.01185
0.292986
-0.970653
0.362955
-0.862752
0.42258
-0.755239
0.473247
-0.658667
0.514393
-0.555452
0.547748
-0.469409
0.575633
-0.40577
0.599127
-0.353119
0.619493
-0.313989
0.63792
-0.285839
0.654965
-0.264543
0.671243
-0.249252
0.687123
-0.238634
0.70287
-0.230899
0.718635
-0.225126
0.734461
-0.219808
0.750371
-0.213151
0.766026
-0.199585
0.780792
-0.178113
0.79432
-0.155061
0.806441
-0.131912
0.817096
-0.109172
0.826173
-0.0868341
0.833708
-0.0653303
0.839693
-0.0450403
0.844201
-0.0266108
0.84729
-0.0104189
0.8491
0.0025611
0.849824
0.011412
0.849361
0.0134634
0.847923
0.00572314
0.841272
-0.037361
0.824908
-0.120474
-0.257771
0.326279
-0.807155
0.39519
-0.815386
0.47382
-0.910962
0.540992
-0.792733
0.605883
-0.767358
0.668574
-0.734164
0.723451
-0.64816
0.773123
-0.584146
0.817474
-0.516959
0.856005
-0.444525
0.889873
-0.381875
0.919632
-0.319516
0.945381
-0.25821
0.967855
-0.19836
0.987322
-0.136118
1.00383
-0.0715522
1.01781
-0.00207845
1.02934
0.0722674
1.0387
0.153592
1.04603
0.240802
1.05165
0.335009
1.05612
0.431883
1.05975
0.530955
1.06352
0.626385
1.06798
0.723999
1.07287
0.837813
1.07964
0.9676
1.09375
1.10687
1.11093
1.24505
1.09411
1.34494
0.979029
1.39481
0.695147
1.3988
0.307538
1.33908
0.130396
2.0083
0.0743248
2.64903
-0.0323104
2.20994
-0.125758
1.25413
-0.159636
-0.51301
-0.112086
-2.57801
-0.189936
-0.806583
-0.120811
-0.834878
-0.0325172
-1.04697
0.0541168
-1.04622
0.142076
-1.07235
0.232082
-1.10185
0.317283
-1.05586
0.391089
-0.936565
0.453781
-0.817942
0.507005
-0.7119
0.550045
-0.598501
0.584764
-0.504134
0.613619
-0.434628
0.637742
-0.377243
0.658517
-0.334765
0.677128
-0.304449
0.694295
-0.281709
0.710573
-0.265528
0.726449
-0.254511
0.742202
-0.24665
0.758018
-0.240944
0.773985
-0.235772
0.790148
-0.229314
0.806151
-0.215582
0.821326
-0.193281
0.835276
-0.168995
0.847857
-0.144475
0.858977
-0.120258
0.868566
-0.0963796
0.876554
-0.0732376
0.882993
-0.0513595
0.887856
-0.0312933
0.891283
-0.0136092
0.893343
0.000810057
0.894101
0.0110278
0.89356
0.0144919
0.891562
0.00842555
0.883903
-0.0286571
0.865192
-0.100213
-0.264621
0.337109
-0.87965
0.409928
-0.888215
0.493343
-0.994397
0.564198
-0.863603
0.633024
-0.836212
0.699297
-0.800446
0.757488
-0.706342
0.80991
-0.636567
0.856786
-0.563809
0.897461
-0.485172
0.933385
-0.41778
0.96469
-0.350806
0.992009
-0.285521
1.01577
-0.222115
1.03634
-0.15668
1.05393
-0.089136
1.06881
-0.0169518
1.08112
0.0599639
1.09113
0.143594
1.09911
0.232839
1.10535
0.328789
1.11017
0.427094
1.11428
0.52687
1.11856
0.62214
1.12341
0.719202
1.12908
0.832195
1.1358
0.960907
1.14534
1.09739
1.15718
1.23359
1.15235
1.3503
1.08253
1.46401
0.864356
1.61621
0.498461
1.7056
0.286403
2.22082
0.220983
2.71417
0.108365
2.32275
0.0153342
1.34763
-0.0183025
-0.479948
0.0214436
-2.61817
-0.192894
-0.878309
-0.11982
-0.907946
-0.0264551
-1.14033
0.0650426
-1.13771
0.157965
-1.16526
0.253015
-1.1969
0.342972
-1.14582
0.420728
-1.01433
0.486727
-0.88395
0.542611
-0.767796
0.5877
-0.643596
0.623917
-0.540357
0.653838
-0.46455
0.678701
-0.402108
0.699929
-0.35599
0.718816
-0.323337
0.736089
-0.29898
0.75241
-0.28185
0.768276
-0.270375
0.784061
-0.262436
0.799886
-0.256767
0.815976
-0.251864
0.832335
-0.245673
0.848658
-0.231907
0.864208
-0.208834
0.878544
-0.183336
0.891596
-0.15753
0.903177
-0.131847
0.913204
-0.106416
0.921697
-0.0817403
0.928551
-0.0582138
0.933815
-0.0365647
0.937523
-0.0173302
0.939797
-0.00152305
0.940675
0.0100295
0.939954
0.0149578
0.937428
0.0108302
0.928715
-0.0203292
0.907808
-0.0803085
-0.271939
0.348566
-0.956284
0.425599
-0.965262
0.513836
-1.08265
0.588956
-0.938749
0.661667
-0.908931
0.731919
-0.870716
0.793325
-0.767758
0.848855
-0.692064
0.898441
-0.613372
0.941505
-0.528212
0.979363
-0.455621
1.01256
-0.383995
1.04137
-0.314324
1.0665
-0.247241
1.0882
-0.178376
1.10691
-0.107843
1.1227
-0.0327334
1.13585
0.0468154
1.14668
0.132759
1.15525
0.224266
1.16196
0.322065
1.1673
0.421742
1.17184
0.52231
1.17658
0.617377
1.18184
0.713914
1.18777
0.826199
1.19471
0.953849
1.20243
1.08952
1.20888
1.22706
1.20505
1.35406
1.16597
1.50292
1.01867
1.7635
0.707487
2.01693
0.473458
2.45483
0.389871
2.79767
0.280113
2.43264
0.188202
1.43997
0.156992
-0.448793
0.17841
-2.63892
-0.196048
-0.954199
-0.118822
-0.985169
-0.0200907
-1.23905
0.0766102
-1.2344
0.174704
-1.26335
0.275069
-1.29727
0.370009
-1.24076
0.452007
-1.09634
0.521517
-0.95347
0.580287
-0.826574
0.627569
-0.690884
0.665341
-0.578132
0.69645
-0.49566
0.722109
-0.427767
0.743856
-0.377737
0.763077
-0.342556
0.780505
-0.316408
0.796908
-0.298252
0.812785
-0.286251
0.828528
-0.278181
0.844399
-0.272637
0.860541
-0.268007
0.877111
-0.262241
0.893708
-0.248503
0.909575
-0.224691
0.924317
-0.198067
0.937748
-0.17094
0.949762
-0.143834
0.960284
-0.116891
0.969172
-0.0905581
0.976456
-0.0653834
0.98212
-0.0420661
0.986177
-0.0211565
0.988662
-0.00371295
0.989574
0.00947681
0.988714
0.016257
0.98558
0.0145963
0.975916
-0.00972002
0.95305
-0.0561049
-0.279564
0.360679
-1.03741
0.442206
-1.0468
0.535599
-1.17606
0.614997
-1.01816
0.692
-0.985963
0.766256
-0.944979
0.831316
-0.832802
0.890044
-0.750796
0.942509
-0.665809
0.987894
-0.573574
1.02801
-0.495715
1.06298
-0.41896
1.09344
-0.344771
1.1201
-0.273899
1.14305
-0.201328
1.16285
-0.127637
1.17968
-0.0495646
1.19377
0.0327292
1.20524
0.121298
1.21449
0.21502
1.22172
0.314851
1.22755
0.415923
1.2326
0.517267
1.23757
0.612428
1.24327
0.708234
1.24944
0.820052
1.25625
0.947025
1.26352
1.08226
1.26724
1.22353
1.26086
1.36077
1.23798
1.52548
1.15473
1.84634
0.923845
2.24817
0.692926
2.68607
0.585458
2.90493
0.485211
2.53308
0.401787
1.52387
0.365048
-0.41262
0.357967
-2.63229
-0.199404
-1.03436
-0.117785
-1.06678
-0.0134534
-1.34338
0.0887456
-1.33659
0.192373
-1.36698
0.298353
-1.40325
0.398589
-1.34101
0.485048
-1.1828
0.55824
-1.02667
0.620028
-0.888369
0.669656
-0.740518
0.709183
-0.617659
0.74155
-0.528028
0.76809
-0.454304
0.790425
-0.400072
0.81001
-0.362139
0.827659
-0.334057
0.844112
-0.314703
0.860021
-0.302161
0.875775
-0.293932
0.891654
-0.288516
0.907891
-0.284243
0.92459
-0.278942
0.941438
-0.265349
0.957639
-0.240896
0.972693
-0.213121
0.986503
-0.184755
0.998942
-0.156275
1.00988
-0.127834
1.01922
-0.0999058
1.02692
-0.0730945
1.03297
-0.0481117
1.03731
-0.0255278
1.04001
-0.00646924
1.04101
0.00831516
1.03994
0.0170744
1.03622
0.0180992
1.02565
0.000451047
1.00102
-0.0323391
-0.287745
0.373474
-1.12314
0.459661
-1.133
0.558508
-1.27493
0.64253
-1.10221
0.723953
-1.06739
0.802585
-1.02363
0.871364
-0.901594
0.933602
-0.813001
0.989038
-0.721226
1.03716
-0.621682
1.07947
-0.538006
1.1165
-0.455987
1.1487
-0.376963
1.17669
-0.301892
1.20113
-0.225764
1.22205
-0.148558
1.2399
-0.0674171
1.25483
0.0177885
1.26708
0.109048
1.27696
0.205127
1.28482
0.306984
1.29101
0.409715
1.29654
0.51171
1.302
0.606939
1.30793
0.702271
1.31438
0.81354
1.3212
0.940097
1.32816
1.07517
1.33154
1.22008
1.32361
1.36864
1.30693
1.54202
1.27251
1.88073
1.13436
2.38639
0.940627
2.87978
0.814427
3.03108
0.719497
2.62815
0.64845
1.59534
0.604161
-0.368446
0.559783
-2.5875
-0.202963
-1.11914
-0.116744
-1.153
-0.00643966
-1.45367
0.101501
-1.44453
0.211003
-1.47648
0.322911
-1.51516
0.428667
-1.44677
0.519866
-1.27401
0.596994
-1.10381
0.662059
-0.95344
0.714112
-0.792574
0.755496
-0.659044
0.789229
-0.56176
0.816735
-0.481809
0.839754
-0.423088
0.859763
-0.382146
0.877657
-0.351948
0.894281
-0.331326
0.910223
-0.318101
0.925958
-0.309668
0.94185
-0.304408
0.958119
-0.300511
0.974967
-0.29579
0.992069
-0.282446
1.00851
-0.257332
1.02388
-0.228475
1.03805
-0.19891
1.05086
-0.169053
1.06218
-0.139107
1.07194
-0.109595
1.08003
-0.0810794
1.08642
-0.0543494
1.0911
-0.029998
1.094
-0.00907998
1.09503
0.00762116
1.09381
0.0186853
1.08944
0.0230078
1.07791
0.0127995
1.0521
-0.00545081
-0.296322
0.386922
-1.21375
0.47813
-1.22422
0.582672
-1.37949
0.671446
-1.191
0.757738
-1.15372
0.840873
-1.10677
0.913692
-0.974397
0.979392
-0.878706
1.03821
-0.780025
1.08902
-0.672477
1.13384
-0.582814
1.17295
-0.495092
1.20696
-0.410971
1.23667
-0.3316
1.26239
-0.251487
1.28458
-0.170751
1.30348
-0.0863237
1.31933
0.0019397
1.33238
0.0959923
1.34297
0.194535
1.35144
0.298509
1.35818
0.402978
1.3639
0.505989
1.36975
0.601086
1.37618
0.695838
1.38288
0.806825
1.38969
0.933259
1.39619
1.06864
1.4003
1.21607
1.39395
1.37519
1.37943
1.55641
1.37488
1.88503
1.3254
2.43609
1.20337
3.00199
1.08141
3.15293
0.985944
2.72379
0.92455
1.6572
0.871743
-0.316244
0.780347
-2.4966
-0.206622
-1.20884
-0.115537
-1.24408
0.000967029
-1.57017
0.11507
-1.55862
0.230672
-1.59207
0.348831
-1.63332
0.460474
-1.55843
0.556616
-1.37017
0.637929
-1.18513
0.706375
-1.02189
0.761097
-0.847295
0.804429
-0.702378
0.839669
-0.596997
0.868254
-0.510393
0.891954
-0.446783
0.912462
-0.402652
0.930653
-0.370135
0.947413
-0.348086
0.96344
-0.334125
0.979231
-0.32546
0.995106
-0.320281
1.01144
-0.316842
1.02844
-0.312784
1.04567
-0.299684
1.06238
-0.274038
1.07815
-0.244242
1.09242
-0.213176
1.10562
-0.18225
1.11741
-0.150888
1.12748
-0.11967
1.13594
-0.0895294
1.1428
-0.0612245
1.14776
-0.0349678
1.15079
-0.0121869
1.15187
0.00640543
1.15044
0.0198248
1.1455
0.0276992
1.13309
0.024733
1.10628
0.0205074
-0.30531
0.40111
-1.30955
0.497496
-1.32062
0.608103
-1.49011
0.702073
-1.28499
0.793223
-1.24487
0.881229
-1.19479
0.958268
-1.05145
1.02792
-0.948333
1.08995
-0.842041
1.14375
-0.72626
1.1911
-0.630164
1.23257
-0.536556
1.26855
-0.446959
1.29999
-0.36304
1.32717
-0.278674
1.35052
-0.194108
1.37069
-0.106502
1.38752
-0.0148929
1.40148
0.0820149
1.41256
0.183446
1.42168
0.289371
1.42894
0.395693
1.43511
0.499794
1.44145
0.594719
1.44809
0.689159
1.45499
0.799863
1.46196
0.926199
1.46846
1.06203
1.47325
1.21122
1.47078
1.3776
1.4586
1.56849
1.46875
1.87482
1.48873
2.41613
1.45896
3.03172
1.37875
3.23312
1.29175
2.81092
1.23541
1.71393
1.16541
-0.246403
1.01465
-2.3456
-0.210596
-1.30355
-0.114284
-1.34038
0.00890022
-1.69334
0.129377
-1.67909
0.251427
-1.71412
0.376158
-1.75806
0.493964
-1.67624
0.595459
-1.47167
0.681124
-1.2708
0.753233
-1.094
0.810736
-0.904799
0.856171
-0.747811
0.892958
-0.633782
0.922678
-0.540108
0.947204
-0.471306
0.968257
-0.423698
0.9868
-0.38868
1.00378
-0.365062
1.01988
-0.350225
1.03575
-0.34133
1.0517
-0.336222
1.06797
-0.333114
1.085
-0.329813
1.10263
-0.3173
1.11949
-0.290888
1.13536
-0.260099
1.15026
-0.228053
1.16358
-0.19554
1.17549
-0.162747
1.18615
-0.130269
1.19499
-0.0982652
1.20182
-0.0679102
1.20707
-0.0400215
1.21057
-0.0154209
1.2116
0.00568731
1.20999
0.0217912
1.2045
0.0336471
1.19125
0.0386439
1.16384
0.0487502
-0.314725
0.416056
-1.41089
0.517924
-1.42249
0.634889
-1.6071
0.734287
-1.3844
0.830678
-1.34129
0.923832
-1.28795
1.00534
-1.13294
1.07892
-1.02192
1.14466
-0.907764
1.20157
-0.783158
1.2517
-0.680294
1.29548
-0.580332
1.33345
-0.484934
1.36671
-0.396313
1.39546
-0.307424
1.42035
-0.219009
1.44152
-0.127683
1.45923
-0.0326127
1.47412
0.0671142
1.48608
0.171475
1.49561
0.279835
1.50343
0.387856
1.51008
0.493133
1.5167
0.588081
1.52383
0.682017
1.53117
0.792493
1.53845
0.918871
1.5453
1.05513
1.55107
1.2055
1.55242
1.37636
1.54589
1.57497
1.56056
1.86002
1.62288
2.35394
1.6833
2.97142
1.67863
3.23773
1.6278
2.8619
1.5777
1.76448
1.47524
-0.144591
1.25294
-2.12383
-0.214566
-1.40371
-0.112927
-1.44202
0.0171918
-1.82346
0.144445
-1.80634
0.273328
-1.843
0.405056
-1.88979
0.529428
-1.80063
0.636444
-1.5787
0.726746
-1.36111
0.802655
-1.16991
0.863142
-0.965287
0.910801
-0.795466
0.949292
-0.672269
0.980238
-0.571048
1.00559
-0.496646
1.02736
-0.445472
1.04623
-0.407547
1.06351
-0.382345
1.07974
-0.366451
1.09549
-0.35707
1.11144
-0.35217
1.12794
-0.349612
1.14533
-0.347204
1.16278
-0.334735
1.18005
-0.308154
1.19604
-0.27608
1.21111
-0.243114
1.22486
-0.209278
1.23726
-0.175137
1.24788
-0.140877
1.2571
-0.10747
1.2645
-0.0753051
1.2699
-0.0454332
1.27328
-0.0188518
1.27456
0.00426635
1.27264
0.0234574
1.26667
0.0393036
1.2527
0.052153
1.22492
0.0757721
-0.324632
0.431684
-1.51795
0.539329
-1.53015
0.663015
-1.7308
0.768089
-1.4895
0.870069
-1.44327
0.968581
-1.38648
1.05482
-1.21919
1.13271
-1.09979
1.20226
-0.977313
1.26241
-0.843303
1.31548
-0.733358
1.36183
-0.626694
1.40207
-0.525178
1.43724
-0.431493
1.46767
-0.337857
1.49399
-0.245345
1.51621
-0.149911
1.53535
-0.0517706
1.55085
0.0515982
1.56375
0.158559
1.5738
0.269764
1.58208
0.379547
1.58933
0.485851
1.59613
0.581254
1.60371
0.6744
1.6112
0.784949
1.61916
0.910839
1.62669
1.04752
1.63362
1.19853
1.63872
1.37121
1.63914
1.57446
1.65644
1.84264
1.736
2.27436
1.8608
2.84657
1.94359
3.15493
1.95506
2.85053
1.92034
1.79957
1.77757
-0.00202459
1.48309
-1.82922
-0.218844
-1.50949
-0.111414
-1.54944
0.0260278
-1.96089
0.160414
-1.94072
0.296519
-1.9791
0.435534
-2.02881
0.566787
-1.93189
0.679718
-1.69163
0.774921
-1.45632
0.854884
-1.24988
0.91847
-1.02887
0.96854
-0.845533
1.00887
-0.712593
1.04116
-0.603329
1.06754
-0.523026
1.08971
-0.467646
1.10924
-0.427078
1.12668
-0.399773
1.14314
-0.382905
1.15908
-0.37301
1.17522
-0.368297
1.19176
-0.366155
1.20889
-0.364329
1.22686
-0.352689
1.24416
-0.325445
1.26042
-0.292321
1.27544
-0.258105
1.28939
-0.223189
1.30204
-0.187742
1.31317
-0.151934
1.32252
-0.116729
1.33027
-0.082921
1.33599
-0.0509694
1.33943
-0.0220492
1.34064
0.00334499
1.33858
0.025841
1.33203
0.0462458
1.31764
0.0670888
1.2898
0.104256
-0.334986
0.448071
-1.63104
0.56194
-1.64403
0.692685
-1.86157
0.803793
-1.60062
0.911617
-1.55113
1.01579
-1.49065
1.10699
-1.31038
1.18938
-1.18218
1.263
-1.05093
1.32666
-0.906953
1.38275
-0.789447
1.4317
-0.67565
1.47438
-0.567864
1.5113
-0.468428
1.5438
-0.370366
1.57154
-0.2731
1.59534
-0.173726
1.61533
-0.0717733
1.63185
0.0350607
1.64544
0.144952
1.65629
0.258901
1.665
0.370814
1.67252
0.47831
1.68023
0.573531
1.68778
0.66682
1.69604
0.776663
1.70403
0.902801
1.71272
1.03878
1.72088
1.19038
1.72964
1.36251
1.73787
1.56622
1.75826
1.82216
1.83879
2.19391
1.99469
2.69075
2.14614
3.00346
2.22642
2.77037
2.21661
1.80982
2.04061
0.17325
1.6913
-1.4805
-0.223215
-1.62126
-0.109773
-1.66288
0.035457
-2.10611
0.177336
-2.08259
0.321034
-2.1228
0.467786
-2.17557
0.606296
-2.07041
0.725397
-1.81074
0.825786
-1.55671
0.909999
-1.33409
0.976933
-1.0958
1.02946
-0.898053
1.07171
-0.754833
1.1053
-0.63692
1.13272
-0.550447
1.15588
-0.490821
1.17566
-0.446852
1.19357
-0.417672
1.21013
-0.399455
1.22647
-0.389342
1.24244
-0.384262
1.25883
-0.382541
1.27641
-0.381892
1.29433
-0.370601
1.31185
-0.342949
1.32834
-0.308799
1.34384
-0.273585
1.35795
-0.237277
1.37063
-0.200404
1.38183
-0.163114
1.39169
-0.126565
1.39956
-0.0907798
1.40538
-0.056791
1.40925
-0.0259519
1.41019
0.00229969
1.40808
0.0277295
1.40125
0.0527787
1.38615
0.0817508
1.35843
0.131263
-0.345849
0.465352
-1.75055
0.585546
-1.76424
0.723844
-1.99988
0.84122
-1.71802
0.955236
-1.66514
1.06544
-1.60088
1.1618
-1.40675
1.24902
-1.26938
1.32683
-1.12874
1.3942
-0.974318
1.45346
-0.848713
1.5055
-0.727696
1.55021
-0.612579
1.58987
-0.508099
1.62375
-0.404256
1.65324
-0.302601
1.6784
-0.1989
1.69956
-0.0929523
1.71723
0.0173735
1.73142
0.130736
1.74326
0.247036
1.75248
0.361577
1.76062
0.470141
1.76837
0.565749
1.77666
0.658502
1.78515
0.768129
1.79424
0.893652
1.80348
1.02948
1.81339
1.18043
1.82491
1.35096
1.83966
1.55139
1.86621
1.79555
1.94105
2.11904
2.09926
2.53248
2.28633
2.81636
2.41731
2.63949
2.43168
1.79578
2.24451
0.360186
1.86864
-1.10457
-0.227726
-1.73938
-0.1079
-1.7827
0.0454367
-2.25944
0.19526
-2.2324
0.346957
-2.2745
0.501864
-2.33049
0.648037
-2.21659
0.77365
-1.93636
0.879458
-1.66252
0.968195
-1.42283
1.03872
-1.16632
1.09383
-0.953156
1.13809
-0.79909
1.17331
-0.672137
1.20171
-0.578855
1.2256
-0.514719
1.24614
-0.467385
1.26423
-0.435751
1.28123
-0.416446
1.29744
-0.405542
1.31365
-0.400459
1.33044
-0.399316
1.34791
-0.399359
1.36618
-0.388852
1.38387
-0.360619
1.40039
-0.325299
1.41577
-0.288933
1.43019
-0.251658
1.44324
-0.213406
1.45486
-0.174668
1.4644
-0.136013
1.47256
-0.0988125
1.47885
-0.0629139
1.48254
-0.0294303
1.48379
0.00131322
1.48146
0.0303525
1.47383
0.0607536
1.45864
0.0974138
1.43135
0.159059
-0.357125
0.483383
-1.87682
0.610457
-1.89132
0.756555
-2.146
0.880616
-1.84209
1.00111
-1.78567
1.11764
-1.71741
1.21963
-1.50873
1.31181
-1.36157
1.39411
-1.21103
1.46554
-1.04575
1.52831
-0.911474
1.58296
-0.782346
1.63085
-0.660479
1.67221
-0.549474
1.70836
-0.440415
1.73938
-0.333633
1.76595
-0.225491
1.78849
-0.11551
1.80737
-0.00152442
1.82259
0.115498
1.83462
0.234993
1.84481
0.351359
1.85305
0.461885
1.86121
0.557572
1.87004
0.649643
1.87895
0.759184
1.88872
0.883851
1.8993
1.01887
1.91084
1.16889
1.92493
1.33691
1.94494
1.53138
1.97759
1.76287
2.04852
2.04816
2.19269
2.38836
2.38309
2.62596
2.53581
2.48689
2.56591
1.76612
2.38621
0.539187
2.01323
-0.732291
-0.232415
-1.86409
-0.105911
-1.9092
0.0560222
-2.42136
0.214235
-2.39061
0.374343
-2.43461
0.537859
-2.49401
0.692077
-2.37082
0.824579
-2.06887
0.936209
-1.77415
1.02973
-1.51635
1.10373
-1.24031
1.16192
-1.01134
1.20824
-0.845412
1.24513
-0.709038
1.27473
-0.608453
1.29951
-0.539501
1.3205
-0.488378
1.33931
-0.454553
1.35645
-0.433573
1.37294
-0.422012
1.38919
-0.41669
1.40604
-0.416151
1.42379
-0.417088
1.44219
-0.407235
1.45988
-0.378293
1.47678
-0.342172
1.49239
-0.304518
1.50671
-0.265949
1.51971
-0.226374
1.53132
-0.186257
1.54167
-0.146335
1.54969
-0.106805
1.55602
-0.0692398
1.55991
-0.0333414
1.56089
0.000262937
1.55835
0.0327225
1.55082
0.0680252
1.53521
0.112676
1.50862
0.185025
-0.368972
0.50232
-2.01017
0.636557
-2.02558
0.790916
-2.30038
0.922067
-1.97327
1.04946
-1.91306
1.1726
-1.84057
1.28044
-1.61659
1.37793
-1.45904
1.46499
-1.29809
1.54018
-1.12093
1.60679
-0.978086
1.66482
-0.840374
1.71515
-0.710816
1.75924
-0.593571
1.79737
-0.478558
1.83033
-0.366607
1.85867
-0.253845
1.88237
-0.139228
1.90203
-0.0211998
1.91827
0.0992366
1.93133
0.221905
1.94162
0.341049
1.95089
0.452592
1.95966
0.548779
1.96849
0.640785
1.97833
0.749309
1.98858
0.873564
2.00004
1.00737
2.01364
1.15527
2.0304
1.32012
2.05413
1.5076
2.09146
1.72548
2.1599
1.97969
2.2875
2.26071
2.46106
2.45238
2.61114
2.33692
2.64535
1.73218
2.48272
0.701593
2.13353
-0.383068
-0.237281
-1.99578
-0.103638
-2.04283
0.0673653
-2.59235
0.234373
-2.55761
0.403357
-2.60359
0.575937
-2.6666
0.738623
-2.53352
0.878425
-2.20867
0.996005
-1.89173
1.09453
-1.61487
1.17279
-1.31857
1.23373
-1.07227
1.28229
-0.893977
1.32077
-0.747523
1.35177
-0.639461
1.37734
-0.565066
1.39933
-0.510363
1.41836
-0.473575
1.43583
-0.451025
1.4526
-0.438753
1.46928
-0.433351
1.4862
-0.433057
1.50406
-0.434931
1.5226
-0.425759
1.54063
-0.396298
1.55752
-0.359041
1.57315
-0.320116
1.58772
-0.280474
1.60101
-0.239618
1.61278
-0.197958
1.62273
-0.156209
1.63115
-0.115116
1.63731
-0.0752497
1.64137
-0.0372272
1.64246
-0.000588575
1.63978
0.0356759
1.63196
0.0761493
1.61634
0.128719
1.59045
0.211357
-0.381295
0.522141
-2.15102
0.663899
-2.16734
0.827041
-2.46354
0.965568
-2.11181
1.10016
-2.04769
1.23038
-1.97078
1.34436
-1.73056
1.44741
-1.56211
1.53944
-1.39012
1.61932
-1.2008
1.68944
-1.0482
1.75091
-0.901846
1.80421
-0.76412
1.85081
-0.64018
1.8912
-0.51896
1.92589
-0.401305
1.9557
-0.283678
1.98106
-0.164596
2.00205
-0.0422088
2.01909
0.0821786
2.03289
0.208081
2.04423
0.329698
2.05348
0.443326
2.06254
0.539698
2.07247
0.630839
2.08246
0.73929
2.09343
0.86257
2.1062
0.99457
2.12099
1.14047
2.13992
1.30121
2.1664
1.48112
2.2074
1.68447
2.27457
1.91255
2.38698
2.14833
2.53755
2.30181
2.67139
2.20322
2.70237
1.7016
2.55788
0.845456
2.24015
-0.0661673
-0.242195
-2.13488
-0.101184
-2.18384
0.079396
-2.77292
0.255657
-2.73386
0.434043
-2.78197
0.616096
-2.84865
0.787849
-2.70528
0.935294
-2.35612
1.05922
-2.01566
1.16316
-1.7188
1.24516
-1.40057
1.30932
-1.13642
1.3607
-0.94535
1.40093
-0.787767
1.43321
-0.671743
1.45991
-0.591768
1.48225
-0.532704
1.50206
-0.49337
1.52007
-0.469005
1.53695
-0.455626
1.55375
-0.450122
1.57075
-0.45004
1.5889
-0.453058
1.60778
-0.444618
1.62595
-0.414449
1.64284
-0.3759
1.65885
-0.33609
1.67344
-0.295034
1.68661
-0.252753
1.69829
-0.209606
1.70859
-0.16647
1.71718
-0.123682
1.72352
-0.0815717
1.72736
-0.0410751
1.72856
-0.00183813
1.72573
0.038387
1.71759
0.0840815
1.70203
0.144047
1.67676
0.236118
-0.394192
0.542894
-2.29973
0.692647
-2.31711
0.864969
-2.63588
1.0113
-2.25817
1.15353
-2.18992
1.29113
-2.10841
1.41156
-1.851
1.52052
-1.67105
1.61797
-1.48757
1.70217
-1.28499
1.77659
-1.12261
1.84136
-0.966623
1.89776
-0.820524
1.94701
-0.689439
1.98972
-0.561681
2.02676
-0.438352
2.05818
-0.315113
2.08483
-0.191262
2.10695
-0.0643403
2.12535
0.0637607
2.13976
0.193653
2.15168
0.317763
2.16193
0.433062
2.1714
0.530213
2.18143
0.620785
2.19218
0.728522
2.20405
0.850676
2.21736
0.981227
2.23387
1.12395
2.25458
1.28049
2.28334
1.45232
2.32539
1.64238
2.39102
1.84689
2.4914
2.0479
2.62021
2.17298
2.73285
2.0907
2.75677
1.67789
2.62773
0.97428
2.3428
0.218752
-0.247306
-2.28176
-0.0983843
-2.33275
0.0921648
-2.96346
0.278266
-2.91996
0.466501
-2.97021
0.658657
-3.04082
0.839756
-2.88638
0.995351
-2.51172
1.12615
-2.14645
1.23561
-1.82825
1.32215
-1.4871
1.38955
-1.2038
1.44309
-0.99889
1.48548
-0.83016
1.51906
-0.705333
1.54692
-0.619622
1.57036
-0.556137
1.59044
-0.513439
1.60884
-0.487394
1.62624
-0.473
1.64312
-0.466985
1.6606
-0.467499
1.67887
-0.471308
1.69791
-0.463628
1.71648
-0.432993
1.7335
-0.392898
1.74931
-0.35186
1.7639
-0.309592
1.77711
-0.26591
1.78925
-0.221687
1.79946
-0.176613
1.8078
-0.131932
1.81429
-0.0879377
1.81827
-0.0449044
1.81919
-0.00256294
1.81627
0.0415417
1.80828
0.092357
1.79293
0.159771
1.76863
0.260834
-0.407619
0.564671
-2.45679
0.722801
-2.47525
0.904775
-2.81787
1.05938
-2.41278
1.20964
-2.34021
1.35504
-2.25381
1.48239
-1.97835
1.59754
-1.78622
1.70038
-1.59039
1.78945
-1.37406
1.86811
-1.20126
1.93679
-1.0353
1.99637
-0.880107
2.04854
-0.741611
2.09356
-0.606714
2.13267
-0.477469
2.16598
-0.348441
2.19421
-0.219499
2.21795
-0.0880902
2.23692
0.0447783
2.25256
0.177999
2.26521
0.305096
2.27557
0.422692
2.28563
0.520137
2.29598
0.610421
2.30731
0.717179
2.31979
0.838173
2.33423
0.96677
2.35148
1.10671
2.37377
1.25821
2.40362
1.42248
2.44656
1.59945
2.50913
1.78433
2.59912
1.95793
2.70904
2.06307
2.803
1.9969
2.81782
1.66343
2.69967
1.09186
2.44778
0.469829
-0.252564
-2.43682
-0.0953889
-2.48992
0.105824
-3.16467
0.302209
-3.11633
0.500874
-3.16887
0.703635
-3.24358
0.894844
-3.0776
1.05874
-2.67562
1.19654
-2.28425
1.3119
-1.94361
1.40304
-1.57822
1.47404
-1.2748
1.53053
-1.05537
1.57478
-0.874412
1.61002
-0.740584
1.63898
-0.648576
1.66312
-0.580273
1.68405
-0.534361
1.70285
-0.506182
1.72042
-0.490551
1.73783
-0.484376
1.75545
-0.485086
1.77404
-0.489869
1.79343
-0.482992
1.81195
-0.451482
1.82935
-0.410269
1.84512
-0.367602
1.85971
-0.32414
1.87311
-0.279277
1.88491
-0.233446
1.89519
-0.18686
1.90364
-0.140346
1.91005
-0.0943307
1.91397
-0.048818
1.91482
-0.00344284
1.91222
0.0440613
1.90403
0.100401
1.88863
0.17502
1.86575
0.283304
-0.421617
0.587445
-2.62262
0.754413
-2.64223
0.946635
-3.01011
1.1099
-2.57607
1.26858
-2.49889
1.42222
-2.40747
1.55669
-2.11283
1.67846
-1.90798
1.78716
-1.69909
1.88151
-1.4684
1.9644
-1.28414
2.03692
-1.10782
2.1
-0.94319
2.15516
-0.796776
2.203
-0.654557
2.24402
-0.518498
2.27938
-0.38381
2.30938
-0.249513
2.33407
-0.112792
2.3547
0.0241431
2.37099
0.161698
2.3842
0.291874
2.3955
0.411377
2.40583
0.509797
2.41671
0.599523
2.4284
0.705476
2.44116
0.825401
2.45633
0.951591
2.47452
1.08851
2.49768
1.23505
2.52845
1.39169
2.57062
1.55726
2.62958
1.72535
2.70984
1.87764
2.80376
1.96914
2.88053
1.92027
2.88829
1.65582
2.77925
1.20068
2.5563
0.692749
-0.257911
-2.60052
-0.0920132
-2.65582
0.120356
-3.37703
0.327614
-3.32358
0.537234
-3.37849
0.751153
-3.45751
0.95268
-3.27913
1.12576
-2.8487
1.27115
-2.42964
1.39267
-2.06512
1.48868
-1.67422
1.56342
-1.34952
1.62248
-1.11443
1.66898
-0.920921
1.70582
-0.77742
1.73616
-0.678918
1.7611
-0.60521
1.7829
-0.556154
1.80214
-0.525403
1.82045
-0.508866
1.83784
-0.501726
1.85578
-0.502992
1.87494
-0.508997
1.89434
-0.502362
1.91322
-0.470339
1.93059
-0.427605
1.94671
-0.383687
1.96145
-0.33885
1.97466
-0.292439
1.98627
-0.245012
1.99659
-0.197126
2.00492
-0.148595
2.01123
-0.10055
2.01526
-0.0527235
2.01624
-0.00426057
2.013
0.0474852
2.00515
0.1085
1.99021
0.19029
1.96827
0.305615
-0.436279
0.611273
-2.79762
0.787568
-2.81853
0.990518
-3.21308
1.16295
-2.74851
1.33054
-2.66652
1.49278
-2.56972
1.63494
-2.25499
1.76332
-2.03637
1.87847
-1.81425
1.97789
-1.5678
2.06581
-1.37206
2.14251
-1.18452
2.20918
-1.00985
2.26723
-0.854837
2.31773
-0.705054
2.36159
-0.562367
2.39889
-0.42112
2.43033
-0.28096
2.45677
-0.139242
2.47816
0.00274074
2.49569
0.144162
2.50943
0.278124
2.52102
0.399783
2.53207
0.498733
2.54314
0.588447
2.55507
0.693536
2.56844
0.812021
2.58389
0.936139
2.60297
1.06943
2.62652
1.2115
2.65706
1.36116
2.698
1.51634
2.75283
1.67054
2.82357
1.8069
2.90352
1.88921
2.96565
1.85832
2.96726
1.6545
2.8664
1.30106
2.66884
0.889572
-0.263468
-2.77333
-0.0883468
-2.83093
0.135786
-3.60115
0.354488
-3.54228
0.575681
-3.59968
0.801488
-3.68332
1.01404
-3.49169
1.1965
-3.03116
1.34975
-2.58289
1.47774
-2.1931
1.57897
-1.77543
1.65748
-1.42802
1.71995
-1.17691
1.76856
-0.969533
1.8073
-0.816183
1.83857
-0.710171
1.86487
-0.63152
1.88722
-0.578476
1.90707
-0.545262
1.92565
-0.527413
1.94376
-0.51983
1.96207
-0.52126
1.9812
-0.528084
2.00119
-0.522319
2.02027
-0.489395
2.0378
-0.445105
2.05408
-0.399931
2.0686
-0.353332
2.08177
-0.305575
2.09376
-0.256962
2.10371
-0.207043
2.11208
-0.156928
2.11827
-0.106718
2.12201
-0.0564569
2.12293
-0.00519798
2.12013
0.0502329
2.11203
0.1165
2.09782
0.204406
2.07707
0.326015
-0.451462
0.636259
-2.98242
0.822316
-3.0046
1.03665
-3.42742
1.21869
-2.93058
1.39569
-2.84352
1.56703
-2.74108
1.71697
-2.40495
1.85292
-2.17231
1.97453
-1.93585
2.07964
-1.6729
2.17218
-1.46459
2.25352
-1.26585
2.32397
-1.0803
2.38557
-0.916443
2.43886
-0.758351
2.48493
-0.608436
2.52447
-0.460669
2.55782
-0.31432
2.58556
-0.166994
2.60832
-0.0200217
2.62646
0.126013
2.64126
0.263317
2.65349
0.387548
2.66447
0.487745
2.67602
0.576884
2.68828
0.681277
2.70187
0.798421
2.71763
0.920375
2.73657
1.05049
2.76007
1.188
2.79029
1.33095
2.82937
1.47725
2.87949
1.6204
2.94179
1.74457
3.00845
1.82256
3.05797
1.80894
3.05375
1.65881
2.96097
1.39362
2.78572
1.06476
-0.269087
-2.9557
-0.0842947
-3.01572
0.15229
-3.83772
0.383074
-3.77305
0.616478
-3.83308
0.854491
-3.92134
1.07898
-3.71619
1.27122
-3.2234
1.43284
-2.74451
1.56787
-2.32811
1.67429
-1.88183
1.75715
-1.51087
1.82248
-1.24222
1.87377
-1.02085
1.91419
-0.856588
1.94712
-0.743122
1.97428
-0.658644
1.99733
-0.601543
2.01808
-0.565981
2.03724
-0.546581
2.05557
-0.538124
2.07427
-0.539927
2.0938
-0.547575
2.11437
-0.542851
2.1337
-0.508693
2.1514
-0.462781
2.16746
-0.415957
2.18213
-0.367968
2.19545
-0.318863
2.20702
-0.268495
2.21697
-0.216943
2.22535
-0.165253
2.23159
-0.112893
2.23523
-0.060008
2.2361
-0.00595169
2.23316
0.0533232
2.22553
0.124337
2.21138
0.218813
2.19189
0.345839
-0.46734
0.662372
-3.17746
0.858779
-3.20101
1.08499
-3.65366
1.27721
-3.1228
1.46405
-3.03039
1.645
-2.92203
1.80358
-2.56353
1.94716
-2.31592
2.07526
-2.06394
2.18646
-1.78409
2.28452
-1.56264
2.37012
-1.35145
2.44439
-1.15456
2.50953
-0.981585
2.56581
-0.814641
2.61464
-0.65727
2.6562
-0.502227
2.6916
-0.349732
2.72074
-0.196142
2.74467
-0.0439571
2.76422
0.106456
2.77943
0.248104
2.79207
0.374899
2.80359
0.476222
2.81514
0.565336
2.82763
0.668781
2.84127
0.784771
2.8571
0.904539
2.87581
1.03178
2.89909
1.16473
2.92822
1.30183
2.9647
1.44078
3.01044
1.57467
3.06411
1.69091
3.11943
1.76728
3.15789
1.77064
3.14913
1.66777
3.06307
1.47928
2.90706
1.22014
-0.274853
-3.14819
-0.0798281
-3.21074
0.169778
-4.08732
0.41331
-4.01657
0.659492
-4.07926
0.91079
-4.17263
1.14737
-3.95278
1.35037
-3.4264
1.52078
-2.91491
1.66295
-2.47027
1.77515
-1.99402
1.86207
-1.59778
1.93108
-1.31125
1.98474
-1.07452
2.02698
-0.898827
2.06165
-0.777779
2.08983
-0.686821
2.11403
-0.625734
2.13531
-0.587247
2.15473
-0.565987
2.17389
-0.557256
2.19298
-0.558992
2.21313
-0.567679
2.23378
-0.563463
2.25349
-0.528364
2.27141
-0.480669
2.28782
-0.432339
2.30245
-0.382566
2.31573
-0.332107
2.32707
-0.279803
2.33718
-0.227019
2.34518
-0.173223
2.35108
-0.118766
2.3548
-0.0637234
2.35545
-0.00660942
2.35262
0.0561209
2.3451
0.131795
2.33186
0.231995
2.31361
0.363778
-0.48395
0.689756
-3.38327
0.897033
-3.40831
1.1359
-3.89254
1.33874
-3.32567
1.53602
-3.22767
1.72714
-3.11318
1.89452
-2.73093
2.04589
-2.46727
2.18136
-2.1994
2.29879
-1.90152
2.40235
-1.66619
2.49272
-1.44181
2.57146
-1.2333
2.63991
-1.05004
2.69975
-0.874485
2.75091
-0.708434
2.79505
-0.546365
2.83217
-0.386859
2.86328
-0.227263
2.88841
-0.0690907
2.90857
0.0862879
2.92459
0.232082
2.93765
0.361835
2.94967
0.464191
2.96127
0.553736
2.97359
0.65645
2.98712
0.771243
3.0028
0.888863
3.02121
1.01337
3.04363
1.14232
3.07075
1.27471
3.10474
1.40679
3.14548
1.53393
3.19164
1.64473
3.23698
1.72197
3.26537
1.74239
3.25218
1.68099
3.17233
1.55891
3.03365
1.35875
-0.280761
-3.35137
-0.0750338
-3.41646
0.18842
-4.35076
0.445345
-4.27349
0.705189
-4.33909
0.970165
-4.43762
1.21983
-4.20244
1.43377
-3.64034
1.61326
-3.09438
1.76334
-2.62033
1.88157
-2.11223
1.97313
-1.68934
2.04551
-1.38364
2.10197
-1.13098
2.14646
-0.943313
2.18233
-0.813639
2.21214
-0.716624
2.23698
-0.650566
2.25914
-0.609387
2.27947
-0.586301
2.29887
-0.576638
2.31839
-0.578473
2.33901
-0.58825
2.36011
-0.584527
2.38029
-0.548521
2.3986
-0.498946
2.41482
-0.448534
2.42961
-0.397325
2.44265
-0.34512
2.45414
-0.291261
2.46383
-0.236676
2.47181
-0.18117
2.47773
-0.124644
2.48135
-0.067286
2.48199
-0.00716462
2.47926
0.0589584
2.47213
0.13908
2.45931
0.245017
2.44218
0.381196
-0.501192
0.718373
-3.60045
0.937189
-3.62713
1.18922
-4.14459
1.40333
-3.53978
1.61162
-3.436
1.81325
-3.31481
1.99002
-2.9077
2.14984
-2.62712
2.29302
-2.34258
2.41693
-2.02541
2.52618
-1.77543
2.62181
-1.53743
2.70454
-1.31602
2.77733
-1.12284
2.83997
-0.937132
2.89429
-0.762752
2.94071
-0.592796
2.98001
-0.426161
3.01258
-0.259844
3.0392
-0.0957124
3.06025
0.0652243
3.07714
0.215189
3.09077
0.348201
3.10243
0.452525
3.11415
0.542021
3.12649
0.644104
3.1397
0.758026
3.15474
0.873822
3.17233
0.995783
3.19354
1.12111
3.21927
1.24899
3.24975
1.37633
3.2855
1.49818
3.32471
1.60552
3.36104
1.68569
3.38126
1.72231
3.3649
1.69747
3.29028
1.63319
3.16596
1.48256
-0.286861
-3.5657
-0.0696953
-3.63362
0.208214
-4.62866
0.47933
-4.5446
0.753422
-4.61318
1.03284
-4.71703
1.2962
-4.46581
1.52191
-3.86606
1.71126
-3.28373
1.86946
-2.77852
1.99379
-2.23655
2.09045
-1.78599
2.16658
-1.45978
2.22588
-1.19028
2.27247
-0.989898
2.3101
-0.851261
2.34087
-0.747378
2.3671
-0.676788
2.38984
-0.63211
2.41086
-0.607305
2.43092
-0.596673
2.45092
-0.598441
2.4722
-0.609499
2.49398
-0.606282
2.51445
-0.568962
2.53282
-0.517283
2.54943
-0.465116
2.5642
-0.412068
2.57721
-0.358096
2.58865
-0.302673
2.59811
-0.246108
2.60588
-0.188922
2.61164
-0.130379
2.61497
-0.0706041
2.6158
-0.00799576
2.61307
0.0616672
2.60618
0.145926
2.59397
0.257191
2.57829
0.396594
-0.519184
0.748384
-3.82966
0.979225
-3.85798
1.24526
-4.41064
1.47122
-3.76576
1.69094
-3.65571
1.90395
-3.52785
2.09024
-3.094
2.25921
-2.79607
2.41014
-2.49351
2.54095
-2.15621
2.65639
-1.89086
2.75736
-1.6384
2.84499
-1.40366
2.92132
-1.19918
2.98785
-1.00366
3.04514
-0.820048
3.094
-0.641659
3.13522
-0.467392
3.16949
-0.294123
3.19762
-0.123842
3.21964
0.0431948
3.2369
0.197925
3.2507
0.334397
3.26268
0.440538
3.27448
0.53021
3.28634
0.63224
3.29929
0.745078
3.31348
0.859632
3.33021
0.979056
3.34969
1.10163
3.37301
1.22568
3.40052
1.34882
3.43161
1.4671
3.46418
1.57295
3.4926
1.65732
3.50565
1.70937
3.4862
1.71692
3.41647
1.70271
3.30494
1.59401
-0.292973
-3.79191
-0.0638992
-3.86268
0.229387
-4.92193
0.515379
-4.83057
0.804437
-4.90223
1.09946
-5.01207
1.37708
-4.74343
1.61502
-4.104
1.81474
-3.48344
1.98122
-2.94498
2.11249
-2.3678
2.21395
-1.88745
2.29412
-1.53995
2.35646
-1.25263
2.40539
-1.03883
2.44506
-0.890914
2.47731
-0.779623
2.5044
-0.703856
2.52813
-0.655828
2.54987
-0.629035
2.57046
-0.617239
2.59116
-0.619122
2.61271
-0.631032
2.63524
-0.628781
2.65619
-0.589893
2.67485
-0.535908
2.69169
-0.481928
2.70646
-0.426813
2.71944
-0.371055
2.73066
-0.313865
2.74027
-0.255702
2.74765
-0.196277
2.75324
-0.135945
2.75666
-0.0740009
2.75732
-0.00860236
2.75478
0.0642762
2.74817
0.152655
2.73684
0.268654
2.72228
0.411405
-0.537957
0.779778
-4.07148
1.0234
-4.1016
1.30413
-4.6914
1.54257
-4.00421
1.77455
-3.88774
1.99914
-3.75244
2.19608
-3.29094
2.37427
-2.97429
2.53364
-2.65288
2.6717
-2.29427
2.79346
-2.01261
2.89986
-1.74479
2.99238
-1.49618
3.07312
-1.27991
3.14298
-1.07353
3.20349
-0.880559
3.25512
-0.6933
3.29852
-0.510796
3.33467
-0.330282
3.36355
-0.152732
3.38688
0.0198636
3.40466
0.180132
3.41905
0.320007
3.43097
0.428612
3.44219
0.518978
3.45369
0.620737
3.46596
0.732799
3.47932
0.846278
3.49472
0.963652
3.5127
1.08367
3.53363
1.20476
3.55736
1.3251
3.58391
1.44055
3.61037
1.5465
3.63161
1.63613
3.63882
1.70228
3.6171
1.73869
3.55121
1.76833
3.45101
1.69382
-0.299303
-4.03056
-0.0575668
-4.10441
0.251787
-5.23127
0.553569
-5.13235
0.85852
-5.20717
1.16948
-5.32301
1.4626
-5.03655
1.71341
-4.35481
1.92402
-3.69404
2.09965
-3.12059
2.23774
-2.50588
2.34481
-1.9945
2.42902
-1.62418
2.49452
-1.31812
2.54599
-1.0903
2.58732
-0.932235
2.62094
-0.813229
2.64932
-0.732221
2.67424
-0.680737
2.69658
-0.651361
2.71789
-0.638533
2.73945
-0.640667
2.76178
-0.65335
2.78447
-0.651457
2.80617
-0.611554
2.8253
-0.555001
2.8422
-0.498795
2.85718
-0.44177
2.87016
-0.384006
2.88135
-0.325033
2.89037
-0.264697
2.89793
-0.203821
2.90336
-0.141363
2.90652
-0.0771471
2.90722
-0.00930098
2.90473
0.0667596
2.89862
0.158742
2.88785
0.279406
2.87447
0.424526
-0.557537
0.812721
-4.32667
1.06973
-4.35862
1.36593
-4.98761
1.61755
-4.25584
1.8623
-4.13249
2.09936
-3.98953
2.30697
-3.49857
2.49504
-3.16234
2.66333
-2.82117
2.80892
-2.43985
2.93743
-2.14112
3.04981
-1.85716
3.14729
-1.59366
3.23247
-1.36509
3.30622
-1.14729
3.36981
-0.944153
3.42402
-0.747521
3.46989
-0.55667
3.50756
-0.367958
3.53829
-0.183468
3.56242
-0.00427668
3.58096
0.161579
3.59513
0.305834
3.60702
0.41671
3.61805
0.507944
3.62885
0.60993
3.64028
0.721376
3.65283
0.833723
3.6667
0.949786
3.68249
1.06789
3.70065
1.18661
3.72126
1.3045
3.74299
1.41883
3.76387
1.52562
3.77952
1.62054
3.78131
1.70057
3.7575
1.76246
3.69545
1.83019
3.60492
1.78428
-0.305745
-4.28235
-0.0507766
-4.35937
0.275701
-5.55774
0.593907
-5.45054
0.915682
-5.52894
1.24386
-5.6512
1.55273
-5.34542
1.81753
-4.61961
2.03923
-3.91573
2.22433
-3.30568
2.37006
-2.65158
2.48266
-2.1071
2.57157
-1.71309
2.64038
-1.38694
2.69429
-1.1442
2.7377
-0.975628
2.77311
-0.848628
2.80258
-0.761683
2.82817
-0.70631
2.85165
-0.674833
2.87391
-0.660779
2.89589
-0.662637
2.91897
-0.676422
2.94265
-0.675095
2.96454
-0.633408
2.98419
-0.574616
3.00138
-0.515962
3.01642
-0.456785
3.02941
-0.396984
3.04041
-0.336013
3.04961
-0.273887
3.0568
-0.210998
3.06209
-0.146645
3.06519
-0.0802261
3.06575
-0.00984137
3.06351
0.0690525
3.05777
0.164558
3.04748
0.289772
3.0354
0.436835
-0.577989
0.847164
-4.59584
1.11837
-4.62983
1.43085
-5.30012
1.69636
-4.52136
1.95442
-4.39059
2.20468
-4.23979
2.42386
-3.71775
2.6223
-3.36081
2.79961
-2.99846
2.95347
-2.5937
3.08889
-2.27652
3.20737
-1.97563
3.31017
-1.69645
3.4
-1.45492
3.47778
-1.22507
3.54458
-1.01096
3.60174
-0.804684
3.64975
-0.604687
3.68945
-0.40766
3.72165
-0.215684
3.7464
-0.0290277
3.7655
0.142471
3.77997
0.291345
3.79155
0.405129
3.80226
0.497241
3.8126
0.599596
3.82279
0.711187
3.83392
0.8226
3.84608
0.937628
3.86
1.05398
3.87528
1.17134
3.89233
1.28747
3.90968
1.40148
3.92572
1.5096
3.9358
1.61052
3.93294
1.70351
3.90795
1.78746
3.84854
1.8894
3.76662
1.86591
-0.312324
-4.54801
-0.0433134
-4.62838
0.30104
-5.90208
0.636906
-5.78639
0.9763
-5.86833
1.32252
-5.99741
1.64821
-5.67112
1.92708
-4.89848
2.16138
-4.15003
2.3564
-3.50069
2.50988
-2.80505
2.62838
-2.22558
2.72189
-1.80662
2.79432
-1.45937
2.85106
-1.20094
2.8966
-1.02115
2.93343
-0.885454
2.96441
-0.792649
2.99126
-0.733143
3.01562
-0.699183
3.03848
-0.683635
3.06121
-0.685354
3.08508
-0.700275
3.10963
-0.699617
3.13231
-0.65606
3.15233
-0.594618
3.16964
-0.53325
3.18496
-0.47208
3.198
-0.410007
3.20903
-0.347022
3.21805
-0.2829
3.22508
-0.218009
3.23025
-0.151805
3.23312
-0.0830726
3.23377
-0.0104839
3.2316
0.0712254
3.22642
0.169744
3.21692
0.299263
3.20556
0.447966
-0.599294
0.883292
-4.87984
1.16936
-4.91591
1.49908
-5.62984
1.77903
-4.80133
2.05156
-4.66312
2.31544
-4.5037
2.5465
-3.94883
2.75573
-3.57003
2.94319
-3.18592
3.10515
-2.75566
3.2482
-2.41956
3.37293
-2.10034
3.48153
-1.80504
3.57606
-1.54946
3.65799
-1.307
3.72856
-1.08154
3.78872
-0.864847
3.83898
-0.654952
3.8807
-0.449387
3.9138
-0.2488
3.93979
-0.0550201
3.95927
0.122978
3.97367
0.276947
3.98524
0.393556
3.99521
0.487279
4.00459
0.590233
4.01385
0.70193
4.02341
0.81305
4.03395
0.92709
4.04519
1.04275
4.05801
1.15853
4.07131
1.27417
4.08502
1.38778
4.09619
1.49845
4.10159
1.60518
4.09504
1.71011
4.06861
1.81384
4.01214
1.94569
3.93707
1.94092
-0.319055
-4.82825
-0.0352506
-4.91217
0.327998
-6.26532
0.682221
-6.1406
1.04025
-6.22634
1.4052
-6.36238
1.74888
-6.01479
2.04344
-5.19304
2.29005
-4.39663
2.49566
-3.70628
2.65737
-2.96673
2.78246
-2.35067
2.8806
-1.90476
2.95706
-1.53582
3.0163
-1.26018
3.06421
-1.06905
3.10306
-0.924301
3.13544
-0.825014
3.16339
-0.761081
3.18856
-0.724348
3.21246
-0.707515
3.23622
-0.709113
3.26078
-0.724815
3.28598
-0.724791
3.30953
-0.67959
3.32994
-0.61501
3.3478
-0.55109
3.36305
-0.487305
3.37618
-0.423127
3.38726
-0.358092
3.39614
-0.291773
3.40323
-0.225087
3.40811
-0.156682
3.41096
-0.0859021
3.41153
-0.0110356
3.40969
0.0731028
3.40468
0.174805
3.39569
0.308292
3.38575
0.458101
-0.621557
0.921132
-5.17942
1.22291
-5.21769
1.57077
-5.97772
1.86626
-5.09683
2.15357
-4.95046
2.43176
-4.78189
2.67585
-4.19292
2.89639
-3.7906
3.09377
-3.38329
3.26483
-2.92671
3.4155
-2.57021
3.54732
-2.23214
3.66154
-1.91926
3.76128
-1.6492
3.84744
-1.39316
3.92143
-1.15553
3.98462
-0.928039
4.03781
-0.708151
4.08115
-0.492732
4.11593
-0.283584
4.14277
-0.0818741
4.1627
0.103045
4.17723
0.262411
4.18822
0.382579
4.19739
0.478128
4.20583
0.581806
4.21382
0.69395
4.2219
0.804979
4.23049
0.918508
4.23968
1.03357
4.24934
1.14888
4.2597
1.26382
4.26882
1.37866
4.2758
1.49149
4.27709
1.60393
4.26762
1.71963
4.23957
1.84187
4.18542
1.99968
4.11685
2.00929
-0.325933
-5.12387
-0.0265657
-5.21154
0.35666
-6.64853
0.730305
-6.51424
1.10801
-6.60404
1.49313
-6.74748
1.8556
-6.37727
2.16585
-5.50329
2.426
-4.65679
2.64292
-3.92319
2.81308
-3.13688
2.94487
-2.48244
3.04845
-2.00836
3.12862
-1.61599
3.19119
-1.32275
3.24132
-1.11916
3.28206
-0.96504
3.31585
-0.858786
3.3451
-0.790323
3.37139
-0.750623
3.39615
-0.732264
3.42076
-0.733713
3.44658
-0.750618
3.47268
-0.750868
3.49674
-0.703631
3.51782
-0.636077
3.53609
-0.569337
3.55168
-0.502899
3.56494
-0.436371
3.57593
-0.369074
3.58489
-0.300728
3.59149
-0.231669
3.59632
-0.161487
3.59937
-0.0889219
3.59988
-0.0115199
3.59818
0.0748324
3.59335
0.179648
3.58515
0.3165
3.57601
0.467038
-0.644831
0.960842
-5.49543
1.27918
-5.53604
1.64603
-6.34458
1.95756
-5.40837
2.2607
-5.2536
2.55432
-5.07553
2.81135
-4.44998
3.0442
-4.02343
3.2526
-3.59168
3.43284
-3.10694
3.59183
-2.72919
3.73061
-2.37091
3.85075
-2.03939
3.9557
-1.75414
4.04659
-1.48405
4.12473
-1.23367
4.1909
-0.994215
4.24637
-0.76363
4.29187
-0.538242
4.32804
-0.319754
4.35559
-0.109434
4.37584
0.082796
4.39048
0.247767
4.40083
0.372239
4.40951
0.469462
4.41692
0.5744
4.42353
0.687368
4.43004
0.798468
4.43637
0.912193
4.443
1.02696
4.4502
1.14167
4.45682
1.25721
4.46279
1.3727
4.46596
1.48834
4.46342
1.6065
4.45055
1.73254
4.42222
1.87014
4.36958
2.05218
4.30644
2.07239
-0.332972
-5.43573
-0.0172093
-5.52729
0.387089
-7.05282
0.7813
-6.90843
1.17954
-7.00227
1.58562
-7.15357
1.968
-6.75964
2.29535
-5.83063
2.56963
-4.93106
2.79828
-4.15182
2.97787
-3.31644
3.11653
-2.62111
3.22552
-2.11735
3.31001
-1.70048
3.37576
-1.38849
3.42849
-1.17188
3.471
-1.00754
3.50639
-0.89416
3.53705
-0.820975
3.56465
-0.778209
3.59048
-0.758084
3.616
-0.759217
3.64258
-0.777179
3.66983
-0.778096
3.69463
-0.728414
3.7164
-0.657827
3.73511
-0.588045
3.75112
-0.518889
3.76454
-0.449796
3.77548
-0.379995
3.78418
-0.309421
3.7911
-0.238573
3.7957
-0.166069
3.79841
-0.0916
3.79927
-0.0123546
3.7975
0.076632
3.79329
0.183903
3.78539
0.324404
3.77717
0.475437
-0.669094
1.00245
-5.82879
1.33819
-5.87178
1.72521
-6.73162
2.05392
-5.73709
2.37337
-5.5731
2.68319
-5.38535
2.95431
-4.7211
3.19993
-4.26908
3.41919
-3.81093
3.60931
-3.29704
3.77684
-2.8967
3.92299
-2.51705
4.04983
-2.16622
4.16044
-1.86475
4.25578
-1.57939
4.33779
-1.31569
4.40757
-1.064
4.46571
-0.821767
4.51298
-0.585521
4.55077
-0.357553
4.57936
-0.138023
4.60007
0.0620635
4.61413
0.233718
4.6243
0.362071
4.63196
0.461806
4.63802
0.568363
4.64336
0.682033
4.64801
0.79385
4.65247
0.907743
4.65675
1.02269
4.66065
1.13778
4.66458
1.25329
4.66693
1.37035
4.66642
1.48886
4.66073
1.61222
4.64555
1.74774
4.61592
1.89973
4.56472
2.10326
4.50623
2.13074
-0.340146
-5.76467
-0.00704447
-5.86038
0.419456
-7.4793
0.835091
-7.32406
1.25538
-7.42255
1.68376
-7.58193
2.08699
-7.16288
2.43222
-6.17586
2.72143
-5.22027
2.96239
-4.39276
3.15178
-3.50582
3.29773
-2.76705
3.41268
-2.23232
3.5014
-1.7892
3.57074
-1.45783
3.62599
-1.22712
3.67086
-1.0524
3.70794
-0.931221
3.73995
-0.852975
3.76854
-0.806787
3.79551
-0.785038
3.82237
-0.786068
3.84989
-0.804678
3.87819
-0.806378
3.90415
-0.754359
3.92647
-0.68014
3.9457
-0.607254
3.96195
-0.535149
3.97561
-0.46342
3.98654
-0.390908
3.9956
-0.318465
4.00211
-0.245064
4.00692
-0.170834
4.0095
-0.0941424
4.01018
-0.012989
4.00877
0.0780807
4.00476
0.187932
3.99762
0.331575
3.98989
0.482989
-0.694476
1.04607
-6.18039
1.40023
-6.22595
1.80841
-7.13981
2.15496
-6.08365
2.49214
-5.91027
2.8186
-5.71185
3.10469
-5.00721
3.36343
-4.5278
3.59492
-4.04243
3.79504
-3.49715
3.97163
-3.07328
4.12565
-2.67106
4.2592
-2.29976
4.37572
-1.98127
4.476
-1.67967
4.56236
-1.40204
4.63524
-1.13689
4.69611
-0.882638
4.74578
-0.635197
4.78484
-0.396623
4.81435
-0.167542
4.83492
0.0415003
4.84929
0.219339
4.85855
0.352808
4.86531
0.455051
4.87038
0.563297
4.87417
0.678258
4.87688
0.791156
4.87901
0.905639
4.88096
1.02075
4.88252
1.13623
4.88276
1.25305
4.8822
1.37092
4.87856
1.49251
4.8696
1.62121
4.85241
1.76493
4.82206
1.93003
4.77202
2.15319
4.71737
2.18535
-0.347523
-6.11162
0.00381359
-6.21171
0.453654
-7.92914
0.892159
-7.76254
1.33549
-7.86586
1.78741
-8.03387
2.21274
-7.58821
2.57688
-6.54
2.8818
-5.52517
3.13579
-4.64673
3.33533
-3.70534
3.48932
-2.92104
3.61018
-2.35318
3.70357
-1.88259
3.77642
-1.53067
3.83477
-1.28545
3.88165
-1.09927
3.92064
-0.970194
3.95413
-0.886458
3.98427
-0.836916
4.01241
-0.813162
4.04004
-0.813685
4.06901
-0.833634
4.09836
-0.835705
4.12521
-0.781196
4.1483
-0.703215
4.16826
-0.627207
4.18504
-0.551886
4.19876
-0.477124
4.21013
-0.402243
4.21883
-0.327151
4.22556
-0.251764
4.23003
-0.175265
4.23272
-0.0967975
4.23338
-0.0136209
4.23217
0.0793219
4.22836
0.191769
4.22169
0.338222
4.21498
0.489862
-0.721063
1.09188
-6.55121
1.46541
-6.59948
1.8959
-7.57031
2.2614
-6.44915
2.61681
-6.26573
2.96125
-6.05629
3.26268
-5.30864
3.53553
-4.80068
3.77932
-4.28621
3.99053
-3.70835
4.17643
-3.25916
4.33903
-2.83364
4.47944
-2.44016
4.60179
-2.10361
4.70755
-1.78542
4.79786
-1.49236
4.87461
-1.21364
4.9385
-0.946533
4.99031
-0.687011
5.03055
-0.436869
5.0608
-0.197799
5.08223
0.0200644
5.09577
0.205812
5.10468
0.34389
5.11037
0.449361
5.11419
0.559473
5.11636
0.676101
5.11732
0.790211
5.11754
0.905444
5.11673
1.02157
5.11536
1.13762
5.1132
1.25522
5.10904
1.3751
5.10233
1.49923
5.0911
1.63245
5.07173
1.78429
5.04046
1.96126
4.99159
2.20198
4.93999
2.23687
-0.35505
-6.47763
0.0155579
-6.58231
0.489944
-8.4035
0.952794
-8.22539
1.42016
-8.33322
1.89704
-8.51073
2.34561
-8.03679
2.72945
-6.92385
3.05117
-5.84688
3.31899
-4.91454
3.52919
-3.91553
3.69139
-3.08323
3.8188
-2.48061
3.9173
-1.98109
3.9939
-1.60728
4.05506
-1.3466
4.10437
-1.14857
4.14531
-1.01111
4.18029
-0.921432
4.21186
-0.868466
4.24144
-0.842736
4.2705
-0.842728
4.30051
-0.863632
4.33098
-0.866164
4.35908
-0.80928
4.38327
-0.727392
4.40346
-0.647366
4.4206
-0.569012
4.43485
-0.491351
4.4463
-0.413691
4.45508
-0.335915
4.46189
-0.25854
4.46644
-0.179785
4.46908
-0.0993934
4.46982
-0.0143157
4.46856
0.0806128
4.46535
0.195007
4.45883
0.344783
4.45271
0.495807
-0.748792
1.13994
-6.94235
1.53388
-6.99344
1.98789
-8.02433
2.37328
-6.83456
2.74824
-6.64067
3.11125
-6.41933
3.42901
-5.62643
3.71656
-5.08822
3.97373
-4.54337
4.19629
-3.9309
4.39215
-3.45501
4.56286
-3.00434
4.71102
-2.58831
4.83986
-2.23245
4.95088
-1.89645
5.04596
-1.58743
5.12638
-1.29407
5.19313
-1.01328
5.24702
-0.74091
5.28912
-0.478975
5.32024
-0.228909
5.34168
-0.00137725
5.35515
0.192343
5.36294
0.336107
5.36784
0.444451
5.37029
0.557028
5.37078
0.675602
5.36996
0.791047
5.36759
0.907822
5.36475
1.02444
5.36076
1.14162
5.35567
1.26033
5.34901
1.38178
5.33948
1.50876
5.32532
1.64663
5.3042
1.8054
5.27256
1.99284
5.22372
2.25073
5.17538
2.28518
-0.362741
-6.86368
0.0281554
-6.9732
0.528606
-8.90395
1.01662
-8.71338
1.50963
-8.82621
2.01256
-9.01368
2.48575
-8.50997
2.89078
-7.32887
3.22984
-6.18592
3.51226
-5.19695
3.73382
-4.13707
3.90507
-3.25447
4.03911
-2.61466
4.14283
-2.08482
4.2234
-1.68784
4.28802
-1.4112
4.33965
-1.2002
4.38279
-1.05423
4.41965
-0.958292
4.45254
-0.901333
4.48315
-0.873341
4.51345
-0.87302
4.54519
-0.895361
4.57704
-0.897993
4.60616
-0.838395
4.63102
-0.752238
4.65229
-0.668616
4.67005
-0.586759
4.68448
-0.505781
4.6961
-0.425293
4.70539
-0.345201
4.71193
-0.265055
4.71643
-0.184254
4.71905
-0.10199
4.72004
-0.0152748
4.71884
0.081828
4.71563
0.198234
4.70973
0.350638
4.70431
0.501373
-0.777821
1.19032
-7.35486
1.60583
-7.40894
2.0845
-8.50301
2.4911
-7.24117
2.88629
-7.0359
3.26889
-6.80193
3.60397
-5.96152
3.90729
-5.39156
4.17836
-4.81444
4.41256
-4.16508
4.619
-3.66144
4.7989
-3.18422
4.95467
-2.74406
5.09016
-2.36793
5.20696
-2.01325
5.30679
-1.68726
5.3912
-1.37847
5.46085
-1.08293
5.51709
-0.797154
5.56075
-0.522631
5.5928
-0.26098
5.61421
-0.0227699
5.62764
0.178916
5.63494
0.328804
5.63848
0.440907
5.63949
0.556004
5.63828
0.676809
5.63544
0.793891
5.63118
0.91209
5.62566
1.02997
5.61893
1.14838
5.61127
1.26802
5.60184
1.39122
5.58972
1.52089
5.57355
1.6628
5.55082
1.82812
5.51792
2.0257
5.46981
2.29879
5.42365
2.33129
-0.370722
-7.27077
0.0415695
-7.38549
0.569532
-9.43189
1.08428
-9.22813
1.60461
-9.34653
2.13479
-9.54383
2.63407
-9.00925
3.06104
-7.75585
3.41892
-6.54381
3.71669
-5.4947
3.95031
-4.37067
4.13035
-3.4345
4.27192
-2.75624
4.38113
-2.19403
4.46599
-1.77269
4.53367
-1.47887
4.58824
-1.25476
4.63323
-1.09921
4.6719
-0.996959
4.70646
-0.935886
4.73896
-0.90583
4.77063
-0.904675
4.80354
-0.928263
4.83698
-0.931424
4.86732
-0.868726
4.8934
-0.778301
4.91537
-0.690576
4.93362
-0.605002
4.9487
-0.520844
4.96053
-0.437122
4.96963
-0.35429
4.97633
-0.271763
4.9812
-0.189105
4.98385
-0.104623
4.98455
-0.0159523
4.98355
0.0828454
4.98074
0.201061
4.97498
0.356457
4.96982
0.506367
-0.808272
1.24335
-7.78993
1.68146
-7.84706
2.18648
-9.00804
2.61492
-7.66963
3.03154
-7.45251
3.43524
-7.20566
3.78827
-6.31458
4.10786
-5.71114
4.39325
-5.09982
4.64017
-4.41199
4.85752
-3.87877
5.0471
-3.37379
5.2111
-2.90804
5.35362
-2.51045
5.47632
-2.13594
5.5812
-1.79214
5.66939
-1.46666
5.74235
-1.1559
5.8012
-0.856004
5.84646
-0.5679
5.87911
-0.293615
5.90117
-0.044837
5.91386
0.166224
5.92028
0.322376
5.92262
0.438569
5.92243
0.556184
5.91971
0.679531
5.91484
0.798749
5.90848
0.918458
5.90057
1.03788
5.89162
1.15734
5.88108
1.27859
5.86884
1.40349
5.85428
1.53546
5.83608
1.68101
5.81165
1.85253
5.77818
2.05912
5.72972
2.34719
5.68584
2.37514
-0.378782
-7.70026
0.0560733
-7.82033
0.612939
-9.98875
1.15573
-9.7709
1.70452
-9.89531
2.26422
-10.1036
2.79051
-9.53554
3.24118
-8.2065
3.61825
-6.92087
3.93229
-5.80872
4.1787
-4.61706
4.36862
-3.62442
4.51764
-2.90526
4.63258
-2.30898
4.72196
-1.86207
4.7934
-1.5503
4.85079
-1.31216
4.8981
-1.1465
4.93873
-1.03758
4.97509
-0.972238
5.00877
-0.939499
5.04215
-0.938042
5.07668
-0.962786
5.11148
-0.966213
5.14327
-0.900509
5.17039
-0.805409
5.19335
-0.713529
5.21216
-0.623795
5.22755
-0.53623
5.24004
-0.449606
5.24938
-0.363637
5.25632
-0.27869
5.26083
-0.193627
5.26354
-0.107325
5.26437
-0.0167853
5.26381
0.083415
5.26083
0.204051
5.25546
0.361756
5.2509
0.511042
-0.840081
1.29894
-8.2488
1.76104
-8.30916
2.29342
-9.54044
2.74527
-8.12148
3.18477
-7.89204
3.61007
-7.63096
3.98239
-6.6869
4.31884
-6.04762
4.61984
-5.40081
4.87998
-4.67212
5.10886
-4.10762
5.3084
-3.57331
5.48096
-3.08059
5.63078
-2.66025
5.75955
-2.26471
5.86978
-1.90237
5.96232
-1.55921
6.03872
-1.23229
6.09988
-0.917166
6.14681
-0.614832
6.18055
-0.327363
6.20252
-0.066794
6.21499
0.153752
6.22052
0.316855
6.22203
0.437046
6.22037
0.557852
6.21567
0.684217
6.20901
0.805422
6.20034
0.927105
6.19011
1.04813
6.17859
1.16887
6.16551
1.2917
6.15102
1.41798
6.13423
1.55227
6.1139
1.70134
6.08767
1.87875
6.05336
2.0934
6.00509
2.39541
5.96269
2.4175
-0.38719
-8.15315
0.0714941
-8.27901
0.658971
-10.5762
1.23164
-10.3436
1.81054
-10.4742
2.40072
-10.6937
2.95605
-10.0909
3.43113
-8.68159
3.82894
-7.31868
4.16002
-6.13979
4.41974
-4.87677
4.62006
-3.82472
4.77698
-3.06221
4.89836
-2.43036
4.99254
-1.95625
5.06744
-1.62518
5.12789
-1.37261
5.17789
-1.19648
5.22045
-1.08014
5.2586
-1.01038
5.29404
-0.974936
5.32908
-0.973067
5.3651
-0.998802
5.40163
-1.00274
5.4348
-0.933665
5.46319
-0.833796
5.48704
-0.737362
5.50685
-0.643593
5.52282
-0.552181
5.53545
-0.462237
5.5451
-0.373279
5.55211
-0.285728
5.55691
-0.198426
5.5597
-0.110158
5.56068
-0.0177601
5.5598
0.0842809
5.55719
0.206662
5.55193
0.367065
5.54762
0.515265
-0.873466
1.35738
-8.73271
1.84467
-8.79646
2.4061
-10.1019
2.88266
-8.59807
3.34574
-8.35511
3.79407
-8.07932
4.18656
-7.07941
4.54139
-6.40243
4.85828
-5.71769
5.13204
-4.94587
5.37334
-4.34889
5.58326
-3.78322
5.76477
-3.26208
5.92244
-2.81791
6.05803
-2.4003
6.17338
-2.01771
6.27048
-1.65631
6.35046
-1.31228
6.41414
-0.980843
6.46263
-0.663312
6.49755
-0.362284
6.51971
-0.0889516
6.53172
0.141756
6.53646
0.312101
6.53666
0.436856
6.53347
0.561032
6.52745
0.690251
6.51854
0.814317
6.50784
0.937808
6.49532
1.06065
6.48132
1.1829
6.466
1.30703
6.44921
1.4348
6.43009
1.5714
6.40751
1.72394
6.38022
1.90604
6.34466
2.12892
6.29594
2.44409
6.25477
2.45864
-0.395799
-8.63081
0.0880179
-8.76282
0.707656
-11.1958
1.31171
-10.9476
1.92234
-11.0848
2.54487
-11.3163
3.13078
-10.6768
3.63203
-9.18283
4.05159
-7.73823
4.40079
-6.48896
4.67459
-5.15055
4.88564
-4.03576
5.05136
-3.22793
5.17893
-2.55793
5.27817
-2.05549
5.35736
-1.70436
5.42071
-1.43596
5.47315
-1.24891
5.51817
-1.12516
5.55803
-1.05022
5.59552
-1.01242
5.63198
-1.00952
5.66996
-1.03678
5.70829
-1.04106
5.74311
-0.968477
5.77269
-0.86336
5.79745
-0.76211
5.81813
-0.664265
5.83473
-0.568766
5.84776
-0.475263
5.85777
-0.383289
5.86513
-0.293088
5.86984
-0.203175
5.87261
-0.112927
5.87359
-0.0187855
5.87295
0.0849271
5.87061
0.208994
5.86534
0.372304
5.86151
0.519169
-0.908457
1.41883
-9.24308
1.93269
-9.31032
2.52472
-10.6939
3.02709
-9.10044
3.51526
-8.84331
3.98782
-8.55189
4.40125
-7.49284
4.77516
-6.77636
5.10916
-6.05169
5.39781
-5.23451
5.65153
-4.60259
5.8727
-4.00437
6.06351
-3.45287
6.22939
-2.98378
6.37158
-2.54248
6.49296
-2.13909
6.59471
-1.75805
6.67831
-1.39588
6.74464
-1.04716
6.79535
-0.714034
6.83093
-0.397846
6.8534
-0.111424
6.865
0.130161
6.86888
0.308228
6.86796
0.437772
6.86322
0.565769
6.85541
0.698063
6.84493
0.824794
6.83178
0.950951
6.81726
1.07518
6.80062
1.19954
6.78296
1.32469
6.76351
1.45426
6.74238
1.59254
6.71816
1.74818
6.68917
1.93503
6.65275
2.16532
6.60325
2.49356
6.56348
2.49837
-0.404594
-9.13467
0.105672
-9.27308
0.759175
-11.8493
1.39652
-11.5849
2.04068
-11.729
2.69741
-11.973
3.31525
-11.2946
3.84388
-9.71147
4.28666
-8.18101
4.65484
-6.85714
4.94363
-5.43932
5.16629
-4.25841
5.34061
-3.40227
5.47536
-2.69268
5.57983
-2.15996
5.66315
-1.78767
5.73012
-1.50293
5.7852
-1.30398
5.83239
-1.17234
5.87453
-1.09235
5.91369
-1.05158
5.95231
-1.04813
5.99187
-1.07633
6.03232
-1.0815
6.06879
-1.00493
6.09962
-0.894189
6.12575
-0.78823
6.14698
-0.685487
6.16447
-0.586245
6.17796
-0.488745
6.1884
-0.393713
6.19556
-0.300264
6.20067
-0.208285
6.2036
-0.115902
6.2048
-0.0199823
6.20411
0.0856187
6.20174
0.211372
6.19673
0.377352
6.19308
0.522795
-0.945143
1.48337
-9.78131
2.02523
-9.85218
2.6495
-11.3182
3.17902
-9.62998
3.69377
-9.35805
4.19213
-9.05028
4.62785
-7.92858
5.02183
-7.17032
5.37358
-6.40344
5.67758
-5.53848
5.94482
-4.8698
6.17745
-4.23697
6.37833
-3.65373
6.55267
-3.15811
6.70216
-2.69197
6.82929
-2.26621
6.93606
-1.86481
7.02359
-1.48341
7.09295
-1.11653
7.14538
-0.766443
7.18207
-0.434548
7.20456
-0.133911
7.21588
0.118838
7.21887
0.305238
7.21676
0.439891
7.21065
0.571876
7.20081
0.707902
7.18833
0.837269
7.17341
0.965868
7.15627
1.09231
7.13772
1.21809
7.11759
1.34482
7.09602
1.47584
7.07256
1.61602
7.04669
1.77408
7.01587
1.96584
6.97832
2.20285
6.92813
2.54371
6.8889
2.53758
-0.413799
-9.66601
0.124376
-9.81124
0.813785
-12.5387
1.48607
-12.2572
2.16554
-12.4084
2.85838
-12.6658
3.51032
-11.9466
4.06788
-10.269
4.53456
-8.64767
4.92306
-7.24562
5.22784
-5.74407
5.46229
-4.49287
5.64645
-3.58643
5.78837
-2.8346
5.89843
-2.27002
5.98618
-1.87541
6.05661
-1.57335
6.11478
-1.36214
6.1644
-1.22196
6.20867
-1.13661
6.24982
-1.09273
6.29018
-1.08848
6.33221
-1.11835
6.37419
-1.12348
6.41265
-1.04339
6.44516
-0.926682
6.47217
-0.815236
6.4948
-0.708106
6.51265
-0.604093
6.52686
-0.502943
6.53757
-0.404418
6.54539
-0.308066
6.55052
-0.213431
6.55332
-0.118676
6.55456
-0.0212277
6.55418
0.0860042
6.55167
0.213873
6.54671
0.38231
6.54306
0.526506
-0.983636
1.55125
-10.3489
2.1227
-10.4236
2.78088
-11.9764
3.33924
-10.1884
3.88191
-9.90075
4.40693
-9.57529
4.86612
-8.38778
5.28123
-7.58546
5.65196
-6.77416
5.97198
-5.85847
6.25332
-5.15112
6.4981
-4.48173
6.70971
-3.86532
6.89278
-3.34117
7.05004
-2.84922
7.1836
-2.39977
7.29538
-1.97658
7.38677
-1.57481
7.45932
-1.18907
7.51369
-0.820832
7.55139
-0.47224
7.5746
-0.157118
7.58533
0.108101
7.58732
0.303252
7.58422
0.442988
7.57649
0.579606
7.5651
0.719294
7.55041
0.851955
7.53331
0.982966
7.51404
1.11158
7.4932
1.23892
7.47066
1.36735
7.44683
1.49966
7.42133
1.64154
7.39348
1.80192
7.36123
1.99811
7.32258
2.24149
7.27134
2.59494
7.23263
2.57626
-0.423189
-10.2265
0.144528
-10.379
0.871505
-13.2657
1.58067
-12.9664
2.29742
-13.1252
3.02857
-13.397
3.71614
-12.6341
4.30449
-10.8574
4.79684
-9.14002
5.20662
-7.65539
5.52775
-6.0652
5.77533
-4.74042
5.96926
-3.78038
6.11877
-2.98411
6.235
-2.38625
6.32727
-1.96767
6.40156
-1.64764
6.46273
-1.42329
6.51501
-1.27424
6.56152
-1.1831
6.60481
-1.13602
6.6474
-1.13106
6.69117
-1.16212
6.73577
-1.16807
6.77563
-1.08324
6.80993
-0.960974
6.83845
-0.843744
6.86176
-0.731408
6.88064
-0.622966
6.89542
-0.517721
6.90649
-0.415465
6.91441
-0.315982
6.91985
-0.218843
6.92309
-0.121929
6.92428
-0.0224045
6.92363
0.0866183
6.92138
0.21613
6.91646
0.387271
6.91314
0.529842
-1.02405
1.62268
-10.9476
2.22528
-11.0262
2.91939
-12.6705
3.50794
-10.7769
4.07992
-10.4727
4.63329
-10.1287
5.1173
-8.87181
5.55474
-8.02288
5.94492
-7.16433
6.28187
-6.1954
6.57821
-5.44744
6.8361
-4.7396
7.05827
-4.08748
7.25108
-3.53396
7.41606
-3.01419
7.55649
-2.5402
7.67379
-2.09388
7.76936
-1.67037
7.84495
-1.26466
7.90153
-0.877402
7.94053
-0.511251
7.96374
-0.180325
7.97418
0.0976536
7.97538
0.302061
7.97076
0.447597
7.96187
0.5885
7.94862
0.732541
7.93217
0.868418
7.9129
1.00222
7.89131
1.13317
7.86802
1.26221
7.84336
1.39201
7.81736
1.52566
7.78985
1.66905
7.76007
1.83171
7.72623
2.03195
7.68613
2.28158
7.63372
2.64733
7.59538
2.61457
-0.432994
-10.8175
0.165669
-10.9776
0.932921
-14.0329
1.68085
-13.7143
2.43713
-13.8814
3.20813
-14.168
3.93348
-13.3595
4.55415
-11.478
5.07358
-9.65944
5.5057
-8.08749
5.84453
-6.40401
6.10557
-5.00147
6.31018
-3.98499
6.46785
-3.14179
6.59008
-2.50847
6.68752
-2.0651
6.76561
-1.72573
6.83016
-1.48783
6.88496
-1.32904
6.93411
-1.23224
6.97966
-1.18156
7.02433
-1.17573
7.07045
-1.20823
7.11715
-1.21476
7.15952
-1.1256
7.19507
-0.996519
7.22498
-0.873646
7.24944
-0.755855
7.26941
-0.642929
7.28466
-0.532957
7.29632
-0.427117
7.30462
-0.32426
7.31019
-0.224412
7.3134
-0.125126
7.31467
-0.0236931
7.31444
0.0868616
7.31203
0.218515
7.30697
0.392344
7.30361
0.533267
-1.06647
1.69779
-11.5789
2.3332
-11.6616
3.06483
-13.4021
3.68565
-11.3977
4.28847
-11.0756
4.87181
-10.712
5.38178
-9.38179
5.84241
-8.48352
6.25363
-7.57554
6.6088
-6.55055
6.92045
-5.75905
7.19176
-5.01089
7.42565
-4.32136
7.62851
-3.73681
7.80188
-3.18756
7.94904
-2.68735
8.07197
-2.21681
8.17245
-1.77084
8.25121
-1.34343
8.30992
-0.936114
8.3503
-0.551622
8.37371
-0.203739
8.38387
0.0875051
8.38418
0.301744
8.37844
0.453338
8.36787
0.599069
8.35303
0.747386
8.33457
0.886869
8.31317
1.02364
8.28928
1.15704
8.26359
1.2879
8.23663
1.41894
8.2085
1.55381
8.17902
1.69851
8.14713
1.86361
8.11187
2.0672
8.07015
2.32331
8.01646
2.701
7.97811
2.65291
-0.443073
-11.4409
0.188589
-11.6093
0.997401
-14.8417
1.78663
-14.5035
2.58429
-14.6791
3.39772
-14.9814
4.16312
-14.1249
4.81785
-12.1328
5.36598
-10.2076
5.82183
-8.54333
6.1791
-6.76128
6.45437
-5.27672
6.67001
-4.20065
6.83629
-3.30807
6.96519
-2.63738
7.06788
-2.16777
7.15
-1.80785
7.21784
-1.55567
7.27579
-1.38699
7.32746
-1.28389
7.3753
-1.2294
7.4223
-1.22272
7.47108
-1.25701
7.51998
-1.26365
7.5643
-1.16992
7.60198
-1.03418
7.63337
-0.905027
7.65904
-0.781522
7.67959
-0.663472
7.69595
-0.549299
7.70789
-0.439044
7.71681
-0.333161
7.72238
-0.229965
7.72593
-0.128667
7.72742
-0.0251608
7.72695
0.0873051
7.72468
0.220819
7.71953
0.397537
7.71606
0.536753
-1.11113
1.77686
-12.2446
2.44701
-12.3318
3.21855
-14.1737
3.87271
-12.0519
4.50822
-11.7111
5.12296
-11.3268
5.6603
-9.91914
6.14574
-8.96895
6.57898
-8.00876
6.95258
-6.92412
7.28126
-6.08771
7.56665
-5.29627
7.81281
-4.5675
8.0256
-3.94959
8.20801
-3.36996
8.36261
-2.84195
8.49159
-2.34579
8.59646
-1.87572
8.67876
-1.42571
8.74003
-0.997378
8.78161
-0.593202
8.80568
-0.227793
8.81517
0.0780042
8.81487
0.302052
8.8078
0.460399
8.79577
0.611117
8.77905
0.764081
8.75862
0.907323
8.73506
1.04718
8.70914
1.18298
8.68126
1.31575
8.65208
1.44814
8.62138
1.58447
8.58962
1.73028
8.55602
1.8972
8.51876
2.10446
8.4757
2.36636
8.42045
2.75625
8.3819
2.69142
-0.453622
-12.0984
0.212417
-12.2753
1.066
-15.6953
1.89845
-15.3359
2.74019
-15.5208
3.5983
-15.8395
4.4057
-14.9323
5.09626
-12.8233
5.67433
-10.7856
6.15527
-9.02425
6.53222
-7.1382
6.8226
-5.56711
7.04997
-4.42802
7.22499
-3.48309
7.36087
-2.77326
7.46908
-2.27597
7.55591
-1.89467
7.62732
-1.62707
7.68849
-1.44816
7.74255
-1.33794
7.79315
-1.28
7.84257
-1.27213
7.89365
-1.30809
7.94539
-1.31538
7.99198
-1.2165
8.03147
-1.07367
8.06442
-0.937962
8.09159
-0.808685
8.11319
-0.685056
8.13014
-0.56624
8.14281
-0.451705
8.15183
-0.342153
8.15804
-0.236158
8.16163
-0.132224
8.16311
-0.0266286
8.16275
0.0877095
8.16036
0.223215
8.15508
0.402832
8.15175
0.540143
-1.15797
1.86008
-12.9467
2.56666
-13.0384
3.38024
-14.9873
4.06982
-12.7415
4.73985
-12.3811
5.38764
-11.9746
5.95389
-10.4854
6.46547
-9.48055
6.92156
-8.46483
7.31518
-7.31771
7.66076
-6.43327
7.96116
-5.59664
8.22011
-4.82643
8.44426
-4.17374
8.6359
-3.56159
8.79814
-3.00419
8.93338
-2.48102
9.0434
-1.98573
9.12942
-1.51175
9.19332
-1.06126
9.23621
-0.636097
9.26071
-0.252287
9.27007
0.0686398
9.26855
0.303568
9.26031
0.468649
9.24673
0.624691
9.22814
0.782675
9.20589
0.92957
9.17999
1.07308
9.1518
1.21116
9.12159
1.34597
9.08995
1.47978
9.05742
1.617
9.02354
1.76414
8.98807
1.93266
8.94893
2.14359
8.90414
2.41116
8.84676
2.81362
8.80815
2.73002
-0.464535
-12.7918
0.238107
-12.9779
1.13843
-16.5956
2.01642
-16.2139
2.90443
-16.4088
3.81
-16.7451
4.66158
-15.7839
5.39048
-13.5522
6.00036
-11.3955
6.50764
-9.53152
6.90518
-7.53574
7.21123
-5.87314
7.45086
-4.66767
7.63571
-3.66795
7.77893
-2.91648
7.89294
-2.38997
7.98417
-1.98591
8.05955
-1.70244
8.12365
-1.51225
8.18112
-1.3954
8.23395
-1.33283
8.28625
-1.32442
8.33996
-1.36179
8.39422
-1.36962
8.44341
-1.26569
8.48496
-1.11521
8.51975
-0.972736
8.54811
-0.837038
8.57103
-0.707962
8.58865
-0.583847
8.60213
-0.465164
8.61149
-0.351501
8.61801
-0.242648
8.62167
-0.135853
8.62324
-0.0281559
8.62272
0.0882216
8.62051
0.225472
8.61496
0.408383
8.61153
0.543603
-1.20719
1.94764
-13.6872
2.69262
-13.7834
3.55048
-15.8451
4.27762
-13.4687
4.98366
-13.0872
5.66648
-12.6574
6.26307
-11.082
6.80189
-10.0193
7.28237
-8.9453
7.69698
-7.7323
8.06095
-6.79722
8.37727
-5.91295
8.64957
-5.09871
8.88516
-4.40933
9.08641
-3.76283
9.25716
-3.17494
9.39888
-2.62274
9.51419
-2.10106
9.60424
-1.60178
9.67055
-1.12758
9.71502
-0.680568
9.74007
-0.277338
9.74902
0.0596979
9.7466
0.305981
9.73726
0.477994
9.72215
0.639806
9.70188
0.802945
9.67739
0.954062
9.64956
1.10091
9.61869
1.24203
9.58634
1.37832
9.55228
1.51383
9.51728
1.652
9.48132
1.8001
9.44354
1.97043
9.40275
2.18437
9.35592
2.45799
9.29692
2.8726
9.25767
2.76927
-0.475904
-13.5231
0.265088
-13.7189
1.21467
-17.5452
2.14134
-17.1406
3.07804
-17.3455
4.03325
-17.7003
4.9319
-16.6825
5.70083
-14.3212
6.34435
-12.039
6.87951
-10.0667
7.29866
-7.95486
7.62135
-6.19585
7.8742
-4.92052
8.06883
-3.86259
8.21981
-3.06746
8.34001
-2.51016
8.43647
-2.08237
8.5158
-1.78176
8.58348
-1.57994
8.64367
-1.45557
8.69959
-1.38875
8.75442
-1.37924
8.81123
-1.4186
8.86851
-1.42689
8.92012
-1.3173
8.96391
-1.15898
9.0004
-1.00922
9.0302
-0.866828
9.05412
-0.731868
9.07287
-0.602586
9.08683
-0.479103
9.097
-0.361656
9.10349
-0.249114
9.10749
-0.139823
9.10911
-0.0297715
9.10894
0.0884339
9.10631
0.228091
9.10074
0.413981
9.09698
0.547347
-1.25919
2.04022
-14.4682
2.82561
-14.5687
3.72996
-16.7495
4.49651
-14.2352
5.241
-13.8317
5.96037
-13.3768
6.58923
-11.7108
7.15678
-10.5869
7.66284
-9.45134
8.09937
-8.16881
8.48244
-7.18027
8.81528
-6.24577
9.10176
-5.38518
9.34954
-4.6571
9.56121
-3.9745
9.74018
-3.3539
9.88944
-2.772
10.01
-2.22156
10.1042
-1.69608
10.1735
-1.1968
10.2197
-0.726852
10.2452
-0.302801
10.254
0.0508676
10.2509
0.309178
10.2402
0.488603
10.2233
0.656779
10.2013
0.824941
10.1745
0.980815
10.1445
1.13091
10.1116
1.27495
10.0765
1.41345
10.0402
1.55011
10.003
1.68926
9.96468
1.83837
9.92502
2.01008
9.88191
2.22748
9.8334
2.50649
9.7719
2.9341
9.73187
2.80928
-0.487659
-14.2947
0.294091
-14.5007
1.29576
-18.5468
2.27304
-18.1178
3.26139
-18.3339
4.26893
-18.7079
5.21718
-17.6308
6.02867
-15.1327
6.70759
-12.718
7.27187
-10.6309
7.71414
-8.39713
8.05429
-6.53598
8.32092
-5.18717
8.5263
-4.06796
8.68543
-3.2266
8.81201
-2.63673
8.91352
-2.18388
8.99722
-1.86544
9.06851
-1.65123
9.13207
-1.51913
9.19117
-1.44785
9.24902
-1.43708
9.30857
-1.47814
9.36879
-1.4871
9.42331
-1.37182
9.46933
-1.20499
9.50764
-1.04752
9.53919
-0.898367
9.56438
-0.757047
9.58395
-0.622134
9.59864
-0.493783
9.60929
-0.372289
9.61639
-0.256193
9.62034
-0.143753
9.62213
-0.0315489
9.62191
0.088666
9.61932
0.230706
9.61335
0.41997
9.60958
0.551145
-1.31368
2.13712
-15.2916
2.96582
-15.3974
3.91916
-17.7028
4.72737
-15.0434
5.51162
-14.6159
6.2701
-14.1353
6.93253
-12.3733
7.53057
-11.1849
8.06377
-9.98453
8.52347
-8.62848
8.92675
-7.58353
9.27693
-6.59594
9.57855
-5.68679
9.83914
-4.91769
10.0616
-4.19698
10.2499
-3.54216
10.4061
-2.92818
10.5327
-2.34824
10.6314
-1.79477
10.7036
-1.269
10.7516
-0.774846
10.7778
-0.328953
10.7862
0.0424641
10.7821
0.313257
10.7701
0.500619
10.7519
0.674935
10.7279
0.848945
10.6993
1.00944
10.6667
1.16351
10.6313
1.31036
10.5939
1.45093
10.5549
1.58902
10.5152
1.72901
10.4749
1.87872
10.4328
2.05208
10.3876
2.27272
10.3369
2.55715
10.2732
2.9978
10.2325
2.85001
-0.500115
-15.1082
0.324256
-15.325
1.3812
-19.6038
2.41227
-19.1489
3.45486
-19.3765
4.51807
-19.7711
5.51837
-18.6311
6.37455
-15.9889
7.09097
-13.4344
7.68611
-11.2261
8.15223
-8.86323
8.5114
-6.89517
8.7924
-5.46817
9.00886
-4.28443
9.17669
-3.39443
9.31041
-2.77044
9.41733
-2.29081
9.50548
-1.95358
9.58072
-1.72648
9.64752
-1.58591
9.70961
-1.50994
9.77054
-1.498
9.83353
-1.54112
9.89712
-1.55068
9.95447
-1.42916
10.0028
-1.25334
10.0432
-1.0879
10.0764
-0.931509
10.1029
-0.783567
10.1235
-0.642756
10.139
-0.509269
10.15
-0.383266
10.1574
-0.263549
10.1618
-0.148098
10.1637
-0.0335129
10.1632
0.0892643
10.1606
0.233265
10.1544
0.426255
10.1505
0.555054
-1.37116
2.23961
-16.1601
3.11337
-16.2712
4.11868
-18.7081
4.97061
-15.8954
5.79705
-15.4424
6.59679
-14.9351
7.29458
-13.0711
7.92448
-11.8148
8.48603
-10.5461
8.97011
-9.11254
9.39461
-8.00802
9.76326
-6.96458
10.0806
-6.00415
10.3547
-5.1918
10.5889
-4.43112
10.7866
-3.73985
10.9509
-3.09246
11.0837
-2.48108
11.1858
-1.89692
11.2626
-1.34579
11.3126
-0.824794
11.3387
-0.355035
11.3479
0.0331859
11.3417
0.319495
11.3293
0.513032
11.309
0.695236
11.2828
0.875148
11.2529
1.03935
11.2175
1.19894
11.1804
1.34743
11.14
1.4914
11.0988
1.63015
11.0568
1.77103
11.0129
1.92264
10.9683
2.09665
10.9213
2.31973
10.868
2.61046
10.8022
3.06362
10.7603
2.8919
-0.513197
-15.9662
0.35675
-16.195
1.4713
-20.7183
2.55899
-20.2366
3.65896
-20.4764
4.78096
-20.8931
5.83646
-19.6866
6.74005
-16.8925
7.49529
-14.1896
8.1232
-11.854
8.61496
-9.35499
8.99343
-7.27363
9.29001
-5.76478
9.51848
-4.5129
9.69524
-3.5712
9.836
-2.91119
9.94886
-2.40367
10.0419
-2.04663
10.1209
-1.80546
10.1922
-1.65717
10.2573
-1.57512
10.3208
-1.56147
10.3865
-1.6068
10.4549
-1.6191
10.5138
-1.48801
10.5652
-1.3047
10.6083
-1.13099
10.6431
-0.966361
10.6711
-0.811506
10.6917
-0.663351
10.709
-0.526612
10.7206
-0.39485
10.7285
-0.271439
10.7334
-0.152934
10.7354
-0.0355414
10.7349
0.0898018
10.7323
0.235891
10.7244
0.434229
10.7209
0.558557
-1.43176
2.34776
-17.0761
3.26851
-17.192
4.32866
-19.7683
5.22667
-16.7934
6.09847
-16.3142
6.94041
-15.777
7.67608
-13.8068
8.33988
-12.4786
8.93147
-11.1376
9.4411
-9.62215
9.88821
-8.45513
10.2763
-7.35263
10.6104
-6.33824
10.8986
-5.48001
11.1446
-4.67715
11.3524
-3.94761
11.5245
-3.26459
11.6643
-2.62093
11.773
-2.00558
11.8515
-1.42432
11.903
-0.876262
11.9307
-0.382813
11.9379
0.0260235
11.9343
0.323061
11.9183
0.529006
11.8969
0.716637
11.8691
0.903024
11.8349
1.07346
11.7986
1.23535
11.7577
1.38825
11.7166
1.53258
11.6707
1.67597
11.6262
1.81554
11.5826
1.96619
11.5353
2.14399
11.4852
2.36979
11.4292
2.66647
11.3604
3.13247
11.3168
2.93551
-0.52678
-16.8712
0.39037
-17.1121
1.56642
-21.8943
2.71416
-21.3843
3.87502
-21.6373
5.05821
-22.0763
6.17217
-20.8006
7.12565
-17.846
7.92243
-14.9864
8.5844
-12.516
9.10313
-9.8737
9.50248
-7.67299
9.81514
-6.07742
10.0563
-4.7541
10.2433
-3.75818
10.3902
-3.05807
10.51
-2.52352
10.6067
-2.14325
10.6911
-1.88985
10.7649
-1.73102
10.8344
-1.6446
10.9012
-1.62831
10.9715
-1.677
11.0413
-1.6889
11.1055
-1.55218
11.1601
-1.35937
11.2034
-1.17421
11.2409
-1.00392
11.269
-0.839571
11.2934
-0.687725
11.3101
-0.543337
11.3212
-0.405928
11.3307
-0.280926
11.3349
-0.15713
11.3363
-0.0369021
11.3357
0.0904284
11.3341
0.237552
11.3281
0.440237
11.3223
0.564397
-1.49547
2.46124
-18.0419
3.43314
-18.1639
4.55037
-20.8855
5.49702
-17.74
6.4157
-17.2329
7.30353
-16.6648
8.07857
-14.5818
8.77779
-13.1778
9.40109
-11.7609
9.93739
-10.1584
10.4082
-8.92591
10.8169
-7.76136
11.1682
-6.6895
11.4716
-5.78345
11.7307
-4.9363
11.9478
-4.16465
12.1294
-3.44625
12.276
-2.76749
12.3903
-2.11988
12.4708
-1.50485
12.5244
-0.929964
12.5547
-0.413058
12.5627
0.0179751
12.5542
0.331492
12.54
0.543222
12.5163
0.740307
12.4864
0.932973
12.4524
1.10748
12.4121
1.27564
12.3695
1.43077
12.3227
1.57945
12.2775
1.72113
12.2297
1.86334
12.181
2.01494
12.1327
2.19223
12.0798
2.4227
12.0231
2.72311
11.9496
3.20602
11.9059
2.97922
-0.540853
-17.8258
0.426755
-18.0797
1.66722
-23.1348
2.87792
-22.595
4.10238
-22.8617
5.35131
-23.3252
6.52624
-21.9755
7.53248
-18.8522
8.37271
-15.8266
9.07104
-13.2143
9.6183
-10.421
10.0397
-8.09437
10.368
-6.40572
10.6212
-5.0073
10.8176
-3.95456
10.9765
-3.21701
11.1012
-2.64826
11.2053
-2.24725
11.2922
-1.97679
11.3694
-1.80824
11.4423
-1.7175
11.5146
-1.7006
11.5885
-1.75085
11.6621
-1.76253
11.7301
-1.62021
11.7847
-1.41389
11.8335
-1.22305
11.8708
-1.04121
11.9024
-0.871186
11.9264
-0.711636
11.9426
-0.559516
11.9569
-0.420315
11.9638
-0.287737
11.9692
-0.162532
11.9717
-0.0394024
11.9723
0.0898843
11.968
0.241889
11.9614
0.446789
11.9579
0.567999
-1.07354
1.77558
-18.7439
2.51702
-18.9053
3.45436
-21.8229
4.36264
-18.6483
5.39569
-18.2659
6.60218
-17.8713
7.90095
-15.8805
9.36209
-14.6389
11.006
-13.4049
13.4735
-12.6259
12.87
-8.32248
12.2617
-7.15302
11.7396
-6.16744
11.2826
-5.32637
10.8852
-4.53899
10.5394
-3.81878
10.2367
-3.1436
9.97467
-2.50542
9.74926
-1.8945
9.56312
-1.31873
9.40728
-0.774147
9.28345
-0.289249
9.18939
0.112021
9.12338
0.397495
9.07519
0.591403
9.03568
0.779811
9.01429
0.954353
8.98619
1.13558
8.95746
1.30437
8.99159
1.39664
9.0001
1.57093
9.01782
1.70342
9.04036
1.84079
9.06955
1.98576
9.10691
2.15488
9.15153
2.37809
9.20239
2.67225
9.26711
3.1413
9.31671
2.92961
-0.388042
-18.5113
0.3239
-18.7916
1.30398
-24.1149
2.39237
-23.6834
3.7094
-24.1788
5.40729
-25.0231
7.53486
-24.1031
9.67322
-20.9906
9.51223
-15.6656
9.30687
-13.0089
9.13665
-10.2507
9.00298
-7.96071
8.89921
-6.30192
8.82159
-4.9297
8.761
-3.89396
8.71486
-3.17088
8.67795
-2.61135
8.6509
-2.22021
8.62773
-1.95361
8.6081
-1.78861
8.5894
-1.69879
8.57514
-1.68634
8.56497
-1.74068
8.55894
-1.7565
8.5584
-1.61967
8.5679
-1.42339
8.57974
-1.23488
8.59802
-1.05949
8.62284
-0.896002
8.65033
-0.739127
8.6845
-0.59368
8.72348
-0.459288
8.76544
-0.329702
8.81261
-0.209695
8.86741
-0.0942014
8.92668
0.0306172
8.99726
0.1713
9.08557
0.358488
9.16397
0.489592
-1.1731
1.9453
-19.5161
2.76014
-19.7201
3.7901
-22.8528
4.78791
-19.6461
5.92226
-19.4003
7.24627
-19.1953
8.67177
-17.306
10.274
-16.2412
12.0769
-15.2077
14.7815
-15.3305
14.1209
-7.66183
13.4554
-6.48749
12.8839
-5.59594
12.386
-4.82855
11.9501
-4.10301
11.5704
-3.43915
11.2393
-2.81243
10.9516
-2.21778
10.7075
-1.65036
10.4992
-1.11051
10.33
-0.604923
10.1955
-0.154748
10.0933
0.214154
10.0178
0.472969
9.96481
0.644437
9.92062
0.823993
9.89464
0.980329
9.86829
1.16192
9.83733
1.33532
9.87114
1.36283
9.88161
1.56046
9.89927
1.68576
9.92394
1.81612
9.95731
1.95239
9.9968
2.11539
10.0435
2.33138
10.1024
2.61332
10.1707
3.07304
10.2249
2.87542
-0.418616
-19.2658
0.364963
-19.5752
1.44357
-25.1935
2.64151
-24.8813
4.09185
-25.6291
5.96238
-26.8936
8.30779
-26.4485
10.6646
-23.3474
10.4826
-15.4836
10.2538
-12.7802
10.0647
-10.0616
9.91415
-7.81016
9.79923
-6.18705
9.71044
-4.8409
9.64712
-3.83065
9.59532
-3.11909
9.55596
-2.57198
9.52191
-2.18617
9.49541
-1.92711
9.47421
-1.76741
9.45583
-1.68042
9.43994
-1.67045
9.42837
-1.7291
9.42118
-1.74931
9.4234
-1.62188
9.42959
-1.42958
9.44393
-1.24921
9.46454
-1.0801
9.48963
-0.921093
9.52123
-0.770722
9.55939
-0.631848
9.60031
-0.500207
9.64808
-0.377477
9.70099
-0.262612
9.75756
-0.150781
9.82457
-0.0364168
9.90307
0.0927859
9.99971
0.26181
10.0877
0.401637
-1.28141
2.1304
-20.3651
3.0259
-20.6156
4.15833
-23.9853
5.25398
-20.7418
6.49989
-20.6462
7.95397
-20.6494
9.51766
-18.8697
11.2754
-17.9989
13.2521
-17.1845
16.2185
-18.2969
15.4935
-6.93682
14.7674
-5.76137
14.1422
-4.97066
13.5959
-4.28231
13.1197
-3.62682
12.7034
-3.02282
12.3408
-2.44986
12.0269
-1.90385
11.7573
-1.38081
11.5284
-0.88161
11.3433
-0.419832
11.1936
-0.00497311
11.0789
0.328825
10.9998
0.55209
10.9416
0.702643
10.8925
0.873064
10.8658
1.00704
10.8348
1.19291
10.7973
1.3728
10.8388
1.32129
10.8491
1.55024
10.8666
1.66824
10.8952
1.78747
10.9306
1.91702
10.9741
2.07188
11.0269
2.27864
11.0875
2.55267
11.1652
2.99533
11.2238
2.81684
-0.4519
-20.0953
0.41008
-20.4372
1.59744
-26.3808
2.91692
-26.2008
4.51405
-27.2262
6.57484
-28.9545
9.15912
-29.0328
11.7558
-25.9441
11.5481
-15.2759
11.2952
-12.5272
11.0813
-9.84774
10.9174
-7.64622
10.7901
-6.05978
10.6927
-4.74356
10.6193
-3.75723
10.5622
-3.06202
10.5187
-2.52849
10.484
-2.15141
10.4543
-1.89747
10.4298
-1.74289
10.41
-1.6606
10.3907
-1.65119
10.3761
-1.71446
10.37
-1.74316
10.3713
-1.62321
10.3784
-1.43666
10.3934
-1.26428
10.4167
-1.10331
10.4442
-0.948655
10.4801
-0.806637
10.5205
-0.672257
10.5656
-0.54523
10.6173
-0.42926
10.6762
-0.32147
10.7406
-0.21523
10.8156
-0.111411
10.9002
0.00811231
11.0074
0.1546
11.1011
0.307961
-1.39952
2.33321
-21.2988
3.31794
-21.6004
4.5617
-25.2291
5.76589
-21.946
7.13397
-22.0143
8.73006
-22.2455
10.4463
-20.586
12.3752
-19.9278
14.5428
-19.3521
17.7951
-21.5492
17.0025
-6.14424
16.2085
-4.96736
15.5204
-4.28256
14.9223
-3.68422
14.4026
-3.10707
13.9445
-2.56474
13.5476
-2.05299
13.2025
-1.55878
12.9069
-1.08512
12.6588
-0.633519
12.4531
-0.214195
12.2897
0.158443
12.1682
0.450323
12.0769
0.64342
12.0132
0.766341
11.9589
0.927379
11.9312
1.03474
11.8932
1.23086
11.8551
1.41088
11.8979
1.27848
11.9097
1.53846
11.9309
1.64701
11.9593
1.75908
11.9986
1.87774
12.0461
2.0244
12.1026
2.22212
12.173
2.48224
12.2537
2.9146
12.3226
2.74796
-0.486879
-21.0079
0.461443
-21.3855
1.76818
-27.6875
3.22029
-27.6529
4.97924
-28.9852
7.24924
-31.2244
10.0968
-31.8803
12.9592
-28.8066
12.726
-15.0426
12.441
-12.2423
12.2061
-9.61279
12.0219
-7.46211
11.8793
-5.91716
11.772
-4.63634
11.689
-3.67423
11.6271
-3.00012
11.5779
-2.47928
11.5407
-2.11423
11.5083
-1.86504
11.4807
-1.71529
11.4557
-1.63561
11.4393
-1.63479
11.4238
-1.6989
11.4151
-1.73448
11.4158
-1.62391
11.4241
-1.44494
11.4422
-1.28236
11.4643
-1.12541
11.4965
-0.980898
11.535
-0.845138
11.5799
-0.717094
11.6312
-0.596533
11.6871
-0.485248
11.7501
-0.384444
11.8207
-0.285807
11.9019
-0.192564
11.9968
-0.086839
12.1129
0.0385123
12.2203
0.200568
-1.52835
2.55488
-22.3253
3.63798
-22.6835
5.0045
-26.5956
6.32742
-23.2689
7.82981
-23.5167
9.58224
-23.9979
11.4663
-22.4701
13.5828
-22.0443
15.9617
-21.7309
19.5299
-25.1174
18.6624
-5.27675
17.7886
-4.09353
17.0397
-3.53369
16.384
-3.02855
15.8092
-2.53228
15.3122
-2.06772
14.8739
-1.61473
14.4969
-1.1817
14.1722
-0.760486
13.9002
-0.361471
13.6734
0.0125527
13.4958
0.336104
13.3567
0.589356
13.261
0.739148
13.1895
0.837863
13.1297
0.987187
13.0966
1.06785
13.0596
1.26781
13.0166
1.45389
13.0625
1.23259
13.0736
1.52737
13.0963
1.62433
13.1304
1.72501
13.1713
1.83682
13.2224
1.97324
13.2868
2.15779
13.3627
2.40629
13.4547
2.82258
13.5261
2.6766
-0.524776
-22.0115
0.518821
-22.4291
1.95655
-29.1253
3.55573
-29.252
5.49203
-30.9215
7.99225
-33.7247
11.1283
-35.0164
14.279
-31.9572
14.0181
-14.7818
13.7023
-11.9264
13.442
-9.35249
13.2391
-7.25921
13.0781
-5.75621
12.9598
-4.51808
12.8698
-3.58422
12.8016
-2.9319
12.7471
-2.42478
12.702
-2.06911
12.667
-1.83003
12.6366
-1.68495
12.6107
-1.60972
12.5895
-1.61358
12.5715
-1.68085
12.5645
-1.72752
12.5629
-1.62233
12.5747
-1.45669
12.5921
-1.29979
12.6194
-1.15263
12.6546
-1.01612
12.6959
-0.886474
12.7435
-0.76463
12.7993
-0.652386
12.8637
-0.549629
12.9311
-0.451798
13.0119
-0.366616
13.0994
-0.280084
13.205
-0.1924
13.3342
-0.0905999
13.4496
0.0851148
-1.66884
2.79771
-23.4542
3.98771
-23.8735
5.4904
-28.0983
6.94336
-24.7219
8.59377
-25.1671
10.5179
-25.9221
12.5869
-24.539
14.9101
-24.3676
17.5193
-24.3401
21.4352
-29.0332
20.4831
-4.32467
19.5274
-3.1379
18.7052
-2.71149
17.9858
-2.30908
17.3583
-1.90486
16.8089
-1.51824
16.3321
-1.13794
15.9158
-0.765489
15.5594
-0.404024
15.2585
-0.060615
15.012
0.259092
14.8155
0.53265
14.6666
0.738282
14.5578
0.847918
14.48
0.915629
14.4143
1.05295
14.3774
1.10469
14.3349
1.31032
14.2886
1.50019
14.3412
1.17997
14.3533
1.51534
14.3771
1.60051
14.4124
1.68971
14.4587
1.79047
14.5154
1.91653
14.5852
2.08804
14.6663
2.32517
14.7686
2.72027
14.8473
2.59793
-0.564733
-23.1156
0.582673
-23.5765
2.16536
-30.7079
3.92505
-31.0117
6.05695
-33.0534
8.81035
-36.4781
12.2657
-38.4718
15.735
-35.4265
15.4415
-14.4883
15.0894
-11.5744
14.8001
-9.06321
14.574
-7.03311
14.3998
-5.58204
14.2674
-4.38569
14.1672
-3.48399
14.0893
-2.85403
14.03
-2.36545
13.9832
-2.0223
13.9441
-1.79098
13.9093
-1.65011
13.8828
-1.58324
13.8552
-1.58594
13.8389
-1.66453
13.8281
-1.71671
13.8286
-1.62283
13.8382
-1.46634
13.8592
-1.32077
13.8879
-1.1813
13.9264
-1.0546
13.9728
-0.932878
14.0272
-0.819055
14.0879
-0.713022
14.1569
-0.618664
14.2348
-0.52964
14.3182
-0.450006
14.4183
-0.380213
14.5328
-0.306781
14.6734
-0.231258
14.8031
-0.0445621
-1.82242
3.06376
-24.6956
4.37185
-25.1816
6.02267
-29.7491
7.61944
-26.3186
9.43256
-26.9802
11.5461
-28.0356
13.8176
-26.8105
16.3695
-26.9194
19.2353
-27.2059
23.536
-33.3339
22.4894
-3.27804
21.4408
-2.08936
20.5362
-1.80684
19.7468
-1.51971
19.0588
-1.21684
18.4552
-0.914705
17.9284
-0.611073
17.4739
-0.311001
17.0846
-0.0146882
16.754
0.269938
16.483
0.530161
16.267
0.748689
16.1036
0.901645
15.9835
0.967991
15.8973
1.00185
15.8276
1.12267
15.7869
1.1454
15.7408
1.35638
15.6872
1.55384
15.7425
1.12469
15.7575
1.5003
15.7844
1.57361
15.8229
1.65119
15.8746
1.73882
15.9386
1.8525
16.0136
2.01307
16.104
2.23477
16.2159
2.60834
16.3043
2.50952
-0.608316
-24.3297
0.654581
-24.8394
2.39585
-32.4492
4.33237
-32.9482
6.67914
-35.4002
9.7102
-39.5092
13.5139
-42.2755
17.3313
-39.2439
17.0059
-14.1629
16.6173
-11.1857
16.2956
-8.7415
16.046
-6.78358
15.852
-5.38808
15.7046
-4.23821
15.5967
-3.37619
15.5098
-2.76708
15.4441
-2.29979
15.3902
-1.96839
15.3454
-1.74613
15.3105
-1.61519
15.2777
-1.5505
15.2519
-1.56006
15.2317
-1.64441
15.2194
-1.70439
15.2204
-1.62376
15.2322
-1.47812
15.2532
-1.34179
15.2855
-1.21367
15.3276
-1.09662
15.3773
-0.982638
15.4369
-0.878639
15.5045
-0.780622
15.5784
-0.692575
15.663
-0.614203
15.7591
-0.546044
15.866
-0.487127
15.9914
-0.432139
16.1495
-0.389341
16.2893
-0.184385
-1.98955
3.35447
-26.0605
4.79242
-26.6196
6.60748
-31.5642
8.36203
-28.0732
10.3538
-28.972
12.6758
-30.3576
15.1711
-29.3058
17.9735
-29.7217
21.1205
-30.353
25.8485
-38.0619
24.6945
-2.12394
23.5417
-0.936666
22.5492
-0.814291
21.6811
-0.651638
20.9257
-0.461399
20.264
-0.253064
19.6875
-0.0345456
19.1873
0.189232
18.7579
0.414779
18.3966
0.63121
18.0979
0.828863
17.8614
0.985239
17.6785
1.08452
17.5481
1.09839
17.4545
1.09548
17.3736
1.20357
17.3301
1.18891
17.2775
1.40902
17.2195
1.61178
17.2804
1.06377
17.2955
1.48521
17.3248
1.54437
17.3658
1.61014
17.4203
1.68435
17.4893
1.78356
17.5731
1.92926
17.6736
2.13427
17.7927
2.48918
17.8891
2.41313
-0.654396
-25.6648
0.734432
-26.2282
2.65005
-34.3648
4.78092
-35.0791
7.36331
-37.9826
10.7006
-42.8464
14.8858
-46.4607
19.0851
-43.4432
18.7275
-13.8052
18.2968
-10.7551
17.9413
-8.38602
17.6643
-6.50664
17.4501
-5.17381
17.2905
-4.07871
17.1662
-3.25182
17.0747
-2.67555
16.9991
-2.22424
16.9403
-1.90957
16.8939
-1.69979
16.8512
-1.57243
16.8165
-1.5158
16.7867
-1.53027
16.763
-1.62073
16.7514
-1.69283
16.7511
-1.62338
16.7632
-1.49029
16.7863
-1.3649
16.8206
-1.24795
16.8663
-1.14233
16.9216
-1.03791
16.9866
-0.943589
17.0614
-0.855424
17.1443
-0.775534
17.2379
-0.707744
17.3409
-0.649053
17.4589
-0.605117
17.5977
-0.570971
17.7706
-0.562232
17.926
-0.339695
-2.17238
3.67286
-27.561
5.25384
-28.2005
7.24823
-33.5586
9.17676
-30.0017
11.3656
-31.1608
13.9174
-32.9094
16.6602
-32.0486
19.7399
-32.8014
23.1992
-33.8123
28.3952
-43.2578
27.1282
-0.857014
25.8588
0.332786
24.7665
0.278059
23.8134
0.301413
22.9805
0.371571
22.2523
0.475138
21.6181
0.599645
21.0665
0.740872
20.5957
0.885627
20.1987
1.0282
19.8699
1.15768
19.6109
1.24428
19.4131
1.28226
19.2714
1.24012
19.1673
1.19958
19.0825
1.28832
19.0333
1.23817
18.9772
1.46508
18.9142
1.67473
18.9842
0.993764
19.0004
1.469
19.0308
1.51402
19.0791
1.56188
19.1406
1.62278
19.2167
1.70749
19.3077
1.83823
19.4184
2.02357
19.5577
2.34989
19.6689
2.30199
-0.704004
-27.1332
0.823241
-27.7555
2.93037
-36.472
5.2747
-37.4235
8.11616
-40.824
11.7889
-46.5192
16.3902
-51.0621
21.0147
-48.0678
20.6208
-13.4113
20.1454
-10.2797
19.7549
-7.99552
19.4459
-6.19768
19.2101
-4.938
19.0294
-3.89799
18.8952
-3.11759
18.7901
-2.57044
18.7113
-2.14546
18.6461
-1.84436
18.5905
-1.64425
18.544
-1.52597
18.5054
-1.47716
18.4717
-1.49662
18.4466
-1.59556
18.43
-1.67623
18.4305
-1.62387
18.4432
-1.50299
18.4684
-1.39018
18.5066
-1.28614
18.554
-1.1897
18.6146
-1.09853
18.6847
-1.01365
18.7663
-0.937106
18.858
-0.867216
18.9582
-0.807924
19.0718
-0.762638
19.2024
-0.735696
19.3537
-0.722269
19.5398
-0.748331
19.7067
-0.506617
-2.37147
4.02121
-29.2107
5.75921
-29.9386
7.95184
-35.7512
10.0717
-32.1216
12.478
-33.5671
15.2828
-35.7142
18.2978
-35.0636
21.683
-36.1865
25.4895
-37.6189
31.2056
-48.9739
29.8081
0.540586
28.4083
1.73255
27.2044
1.48197
26.1532
1.3526
25.2364
1.28846
24.437
1.27446
23.7386
1.29809
23.1334
1.34615
22.6149
1.40409
22.1759
1.46718
21.8164
1.5172
21.5275
1.5332
21.3066
1.50312
21.1471
1.39964
21.0328
1.3139
20.9343
1.3868
20.8798
1.29271
20.817
1.52785
20.7453
1.74638
20.8164
0.922731
20.8346
1.45074
20.8697
1.47894
20.9192
1.51238
20.9866
1.55542
21.0686
1.62549
21.1689
1.73791
21.2861
1.9064
21.4259
2.21008
21.5371
2.19071
-0.756929
-28.7478
0.92262
-29.435
3.23987
-38.7892
5.81786
-40.0015
8.94308
-43.9493
12.9805
-50.5566
18.0432
-56.1248
23.1282
-53.1528
22.7031
-12.9862
22.179
-9.75564
21.7473
-7.56384
21.4078
-5.85816
21.1427
-4.6729
20.942
-3.6973
20.791
-2.96662
20.6756
-2.45508
20.5838
-2.05362
20.5108
-1.77135
20.4528
-1.58629
20.4014
-1.47457
20.3575
-1.43322
20.3224
-1.46152
20.2921
-1.56525
20.2746
-1.6588
20.2723
-1.62154
20.284
-1.51467
20.3121
-1.41831
20.353
-1.32701
20.4089
-1.24563
20.474
-1.16367
20.5524
-1.09203
20.6403
-1.02498
20.7398
-0.96677
20.8517
-0.919763
20.9768
-0.887775
21.1194
-0.878266
21.2883
-0.891176
21.5026
-0.962639
21.6937
-0.697789
-2.58897
4.40276
-31.0245
6.31358
-31.8494
8.72411
-38.1617
11.0545
-34.452
13.7006
-36.2131
16.7861
-38.7997
20.1017
-38.3792
23.8281
-39.9129
28.0158
-41.8065
34.3077
-55.2657
32.7642
2.08406
31.22
3.2768
29.891
2.81102
28.7318
2.51186
27.7218
2.29844
26.8395
2.15678
26.0685
2.06916
25.404
2.0106
24.8335
1.9746
24.3556
1.94514
23.9602
1.91262
23.6488
1.84452
23.4148
1.73714
23.2457
1.56878
23.1236
1.43595
23.0217
1.48868
22.966
1.34847
22.898
1.59582
22.8287
1.81571
22.9122
0.839173
22.9338
1.4291
22.9739
1.43893
23.034
1.45222
23.1077
1.48177
23.2001
1.53304
23.3143
1.62368
23.4563
1.76447
23.6354
2.03097
23.7809
2.04515
-0.81391
-30.5228
1.03302
-31.2819
3.58061
-41.3368
6.41497
-42.8358
9.8507
-47.385
14.2886
-54.9945
19.8527
-61.6889
25.4511
-58.7513
24.9909
-12.526
24.4178
-9.18257
23.938
-7.08411
23.5617
-5.4819
23.2662
-4.37735
23.0439
-3.47503
22.8751
-2.79786
22.7429
-2.32285
22.6402
-1.95094
22.5597
-1.69087
22.4904
-1.51696
22.436
-1.42021
22.3878
-1.38498
22.345
-1.41875
22.3131
-1.53334
22.2954
-1.64115
22.29
-1.61615
22.3039
-1.52861
22.3318
-1.44622
22.3762
-1.37133
22.4313
-1.30076
22.5033
-1.23573
22.5866
-1.17533
22.6834
-1.12178
22.7922
-1.07553
22.9134
-1.04099
23.0499
-1.02433
23.2069
-1.03527
23.3869
-1.07117
23.6008
-1.17662
23.7926
-0.889597
-2.82503
4.81905
-33.0185
6.92034
-33.9507
9.57143
-40.8128
12.1349
-37.0154
15.0459
-39.1242
18.4402
-42.194
22.0892
-42.0281
26.1904
-44.0141
30.8029
-46.419
37.7294
-62.1921
36.0251
3.78843
34.3174
4.98451
32.8503
4.27815
31.5725
3.78979
30.4578
3.41316
29.4797
3.13486
28.6328
2.91613
27.8955
2.74785
27.2664
2.60378
26.7308
2.48068
26.2918
2.35166
25.9377
2.19856
25.664
2.01084
25.4663
1.76648
25.3222
1.58007
25.2039
1.60702
25.1339
1.41842
25.0548
1.67494
24.9639
1.90657
25.0478
0.75531
25.0649
1.41195
25.1043
1.39953
25.1609
1.39566
25.2398
1.4028
25.3396
1.43329
25.4562
1.50704
25.5913
1.6293
25.7423
1.87997
25.8651
1.92242
-0.874155
-32.4737
1.15518
-33.3113
3.95513
-44.1367
7.06957
-45.9503
10.8459
-51.1614
15.724
-59.8726
21.838
-67.803
28.0034
-64.9167
27.5105
-12.0331
26.8862
-8.55834
26.3501
-6.54799
25.9251
-5.05688
25.5942
-4.04653
25.3502
-3.23099
25.1661
-2.61378
25.0261
-2.1829
24.9191
-1.84395
24.8289
-1.60064
24.7565
-1.44455
24.6906
-1.35436
24.6352
-1.32959
24.5874
-1.37089
24.5513
-1.49728
24.5325
-1.6224
24.5365
-1.62007
24.5559
-1.54807
24.5933
-1.4836
24.6487
-1.42674
24.7185
-1.37059
24.8047
-1.32196
24.9034
-1.274
25.0146
-1.23301
25.1386
-1.19959
25.2783
-1.18067
25.4334
-1.17951
25.6102
-1.21204
25.8251
-1.28614
26.1078
-1.45928
26.3593
-1.14116
-3.08178
5.27352
7.58407
10.5007
13.3223
16.5268
20.2653
24.2855
28.8018
33.8812
41.5053
39.6239
37.7345
36.1111
34.6931
33.4589
32.3831
31.4457
30.6389
29.95
29.3773
28.9128
28.5549
28.2879
28.0978
27.9617
27.8502
27.7914
27.7277
27.6642
27.764
27.8031
27.8635
27.9462
28.0489
28.1731
28.3255
28.5149
28.7696
28.9718
-0.937664
1.29193
4.36626
7.78608
11.9301
17.2845
24.0089
30.7809
30.2747
29.608
29.0316
28.5688
28.1999
27.9147
27.7024
27.5411
27.4204
27.3321
27.2621
27.2096
27.1649
27.1302
27.0986
27.075
27.0681
27.082
27.1153
27.1649
27.2352
27.3204
27.4229
27.5411
27.6752
27.8233
27.9892
28.1759
28.382
28.6103
28.8319
-2.4476
2.20143
0.265335
1.94612
0.250994
1.68003
0.217936
1.40789
0.168149
1.13389
0.10455
0.859251
0.0292517
0.589276
-0.0522743
0.323715
-0.13216
0.0694016
-0.202365
-0.172539
-0.255457
-0.395378
-0.285456
-0.614034
-0.285541
-0.836023
-0.256274
-1.06801
-0.209677
-1.30377
-0.148875
-1.54476
-0.0738396
-1.78276
0.0166554
-2.01763
0.122305
-2.23796
0.242837
-2.43748
0.377443
-2.60447
0.525667
-2.73135
0.686226
-2.80681
0.856289
-2.82395
1.03148
-2.77679
1.20614
-2.66837
1.37448
-2.50792
1.53113
-2.31261
1.67326
-2.10029
1.80118
-1.88659
1.91983
-1.68026
2.03409
-1.48549
2.14808
-1.30253
2.26506
-1.13183
2.38567
-0.973087
2.51031
-0.826405
2.63909
-0.691319
2.77215
-0.567634
2.91
-0.454608
3.05307
-0.351737
3.20208
-0.258157
3.35752
-0.173275
3.52004
-0.0962613
3.68967
-0.0264997
3.86732
0.0367361
4.05366
0.0940478
4.24914
0.14603
4.45428
0.19318
4.67023
0.235961
4.89723
0.274789
5.13656
0.310012
5.38842
0.342019
5.65383
0.371068
5.93363
0.397452
6.22838
0.421413
6.5395
0.443174
6.86712
0.462934
7.21285
0.480874
7.57742
0.497153
7.9618
0.51191
8.36714
0.525321
8.79473
0.537455
9.24553
0.548434
9.72089
0.558359
10.2226
0.567317
10.7513
0.575387
11.3087
0.582649
11.8986
0.587549
9.31181
0.592321
10.2201
0.596879
11.2192
0.601296
12.3182
0.605282
13.5221
0.609086
14.8435
0.61232
16.3011
0.615207
17.8862
0.617986
19.6661
0.618579
21.5366
0.623147
23.7764
0.61633
25.8719
28.9608
-2.40469
0.326492
-2.31837
0.346563
-2.23312
0.363485
-2.15186
0.383299
-2.07121
0.404149
-1.99272
0.426311
-1.91485
0.449624
-1.83961
0.474342
-1.76528
0.500491
-1.69384
0.528044
-1.62383
0.557327
-1.55693
0.588215
-1.49177
0.620884
-1.42996
0.655427
-1.3702
0.691897
-1.31384
0.730473
-1.25978
0.771232
-1.20912
0.814291
-1.16071
0.859743
-1.11565
0.907744
-1.07275
0.95844
-1.03299
1.01207
-0.995107
1.06868
-0.960065
1.12849
-0.926639
1.19173
-0.895801
1.25862
-0.866383
1.32921
-0.839333
1.40395
-0.813566
1.48302
-0.789992
1.56653
-0.767617
1.65453
-0.747253
1.74794
-0.728089
1.84672
-0.71081
1.95071
-0.694644
2.06104
-0.680258
2.17727
-0.666951
2.30043
-0.655295
2.43031
-0.644664
2.56779
-0.635545
2.71297
-0.627381
2.86642
-0.620582
3.02843
-0.614649
3.19974
-0.609903
3.38086
-0.605945
3.57216
-0.603058
3.77415
-0.600806
3.98773
-0.599449
4.2135
-0.59863
4.45199
-0.598559
4.70412
-0.598911
4.97028
-0.599865
5.25177
-0.601176
5.54899
-0.602912
5.86319
-0.604926
6.19513
-0.607215
6.54535
-0.609707
6.91566
-0.61237
7.3063
-0.615159
7.7189
-0.618067
8.15466
-0.621029
8.6145
-0.624081
9.10008
-0.627137
9.61264
-0.63018
10.1536
-0.633195
10.724
-0.636172
11.3253
-0.63911
11.9608
-0.641219
9.16608
-0.643412
10.0898
-0.645645
11.1033
-0.647984
12.2226
-0.650353
13.452
-0.652748
14.8055
-0.655193
16.2918
-0.657295
17.9281
-0.659857
19.7093
-0.660429
21.6943
-0.667008
23.7992
-0.663341
26.3556
28.8515
-1.81384
1.81633
0.257998
1.78819
0.276611
1.7272
0.27823
1.63395
0.260128
1.51078
0.228032
1.35301
0.186676
1.16161
0.139546
0.938854
0.0911418
0.691778
0.0458027
0.429684
0.00829071
0.159781
-0.0140265
-0.111513
-0.0121781
-0.383767
0.0169908
-0.654579
0.0628353
-0.921957
0.118998
-1.17837
0.183927
-1.41923
0.25763
-1.63758
0.341677
-1.83091
0.436088
-1.99287
0.540167
-2.12035
0.652951
-2.20695
0.773397
-2.25035
0.899474
-2.24789
1.02946
-2.20241
1.16045
-2.11777
1.2902
-2.00332
1.41652
-1.86838
1.53863
-1.72374
1.65646
-1.57652
1.77289
-1.43172
1.88929
-1.29096
2.00761
-1.15546
2.12965
-1.02502
2.2555
-0.900105
2.38554
-0.780825
2.52007
-0.667626
2.65912
-0.560668
2.80328
-0.460164
2.95273
-0.366046
3.10816
-0.278299
3.26992
-0.196743
3.43865
-0.121251
3.6143
-0.051552
3.79774
0.012623
3.98958
0.0716963
4.19015
0.126005
4.40003
0.17585
4.62044
0.221527
4.85159
0.263326
5.09477
0.301577
5.35018
0.336504
5.61889
0.368415
5.90172
0.397534
6.19924
0.424099
6.51292
0.448314
6.84289
0.470377
7.19077
0.490465
7.55732
0.508748
7.94351
0.525388
8.35048
0.540496
8.77962
0.55419
9.23183
0.56662
9.70845
0.577875
10.2113
0.58805
10.7411
0.597238
11.2995
0.605506
11.8903
0.611102
9.30621
0.616554
10.2147
0.621809
11.214
0.62683
12.3132
0.631467
13.5174
0.635828
14.8391
0.639591
16.2973
0.643039
17.8828
0.646241
19.6629
0.647328
21.5355
0.652231
23.7715
0.646404
25.8777
28.9498
-1.77442
0.284795
-1.73262
0.30256
-1.69234
0.321823
-1.65253
0.341825
-1.61203
0.362928
-1.57214
0.385251
-1.53171
0.408896
-1.49199
0.433863
-1.45188
0.460334
-1.41252
0.488244
-1.37292
0.517792
-1.334
0.549078
-1.29515
0.582156
-1.25692
0.61714
-1.21905
0.65413
-1.18185
0.693325
-1.14524
0.734692
-1.10938
0.778553
-1.0745
0.824896
-1.04049
0.873896
-1.00775
0.925697
-0.976027
0.980527
-0.945792
1.03841
-0.916709
1.09958
-0.889263
1.16423
-0.863024
1.23255
-0.838501
1.3046
-0.815203
1.38081
-0.793636
1.46133
-0.77326
1.5463
-0.754579
1.63571
-0.737063
1.73056
-0.721126
1.83063
-0.706293
1.93599
-0.692996
2.04759
-0.680721
2.1651
-0.669893
2.28946
-0.660022
2.42055
-0.651493
2.55912
-0.64386
2.70545
-0.637464
2.8599
-0.631889
3.02296
-0.627435
3.19517
-0.623742
3.37727
-0.621029
3.56934
-0.618946
3.77216
-0.617757
3.98644
-0.617115
4.21295
-0.617227
4.452
-0.617759
4.70479
-0.618943
4.97137
-0.620478
5.2534
-0.622517
5.55094
-0.624831
5.86556
-0.62749
6.19774
-0.630358
6.54824
-0.633454
6.91875
-0.636671
7.30954
-0.639996
7.72223
-0.643421
8.15814
-0.646941
8.61805
-0.650464
9.10359
-0.654004
9.61621
-0.657545
10.1571
-0.661
10.7275
-0.664423
11.3287
-0.667793
11.9642
-0.670234
9.16852
-0.672714
10.0923
-0.675319
11.1059
-0.67795
12.2253
-0.680661
13.4547
-0.68341
14.8083
-0.68621
16.2946
-0.68866
17.9305
-0.691576
19.7122
-0.69253
21.6953
-0.699676
23.8063
-0.697222
26.3532
28.8714
-1.04395
1.04281
0.260574
1.03739
0.282099
1.02133
0.293726
0.989634
0.291113
0.938289
0.278117
0.86581
0.25813
0.770114
0.233426
0.652196
0.207409
0.511813
0.183931
0.350495
0.167699
0.169746
0.164331
-0.0220249
0.178084
-0.216031
0.209484
-0.407505
0.253582
-0.595242
0.306006
-0.776501
0.364875
-0.949064
0.429934
-1.10883
0.501321
-1.25164
0.578896
-1.37398
0.662439
-1.47225
0.751344
-1.54386
0.844941
-1.58683
0.942613
-1.60097
1.04351
-1.58725
1.1469
-1.54894
1.25177
-1.49003
1.35778
-1.41609
1.46454
-1.3318
1.57233
-1.24166
1.6826
-1.14807
1.79585
-1.05344
1.91284
-0.958365
2.03472
-0.863958
2.16101
-0.770413
2.29215
-0.678679
2.42831
-0.58903
2.56963
-0.502173
2.71644
-0.418246
2.86896
-0.337728
3.0277
-0.260707
3.19304
-0.187495
3.3655
-0.118128
3.54505
-0.0527713
3.73244
0.00860051
3.9283
0.0660831
4.13271
0.119842
4.34634
0.169909
4.5704
0.216404
4.80509
0.25949
5.05169
0.299312
5.31035
0.336064
5.58215
0.369903
5.86787
0.401037
6.16811
0.429614
6.48434
0.455823
6.81668
0.479828
7.16676
0.501776
7.53536
0.521845
7.92342
0.540172
8.33216
0.55688
8.7629
0.572112
9.2166
0.585926
9.69464
0.598484
10.1987
0.609869
10.7298
0.620185
11.2892
0.629464
11.881
0.635773
9.2999
0.641916
10.2085
0.647833
11.2081
0.65353
12.3075
0.658805
13.5122
0.663758
14.8341
0.668204
16.2929
0.672012
17.879
0.675977
19.6589
0.677251
21.5342
0.683019
23.7657
0.677571
25.8831
28.938
-1.03456
0.275893
-1.02498
0.294204
-1.01631
0.313581
-1.00647
0.333081
-0.997164
0.353897
-0.987085
0.376025
-0.977513
0.39945
-0.96724
0.424277
-0.957399
0.450518
-0.946922
0.478318
-0.936919
0.507758
-0.926245
0.538884
-0.915953
0.571817
-0.905041
0.606639
-0.894446
0.643497
-0.883278
0.682529
-0.872344
0.723747
-0.860842
0.767371
-0.849479
0.813553
-0.837685
0.862384
-0.825985
0.91405
-0.813928
0.968709
-0.801962
1.02653
-0.789865
1.08769
-0.777871
1.15234
-0.765876
1.22073
-0.754126
1.29297
-0.742592
1.36942
-0.731389
1.45025
-0.720587
1.53561
-0.710221
1.62548
-0.700418
1.72083
-0.691131
1.82147
-0.682554
1.92746
-0.674526
2.03969
-0.667274
2.15786
-0.66062
2.28292
-0.654789
2.4147
-0.649542
2.55399
-0.645175
2.70104
-0.64136
2.85619
-0.63839
3.01994
-0.636007
3.19288
-0.634371
3.37557
-0.63328
3.56834
-0.63292
3.77172
-0.633037
3.98665
-0.633803
4.21362
-0.634908
4.45327
-0.636626
4.70642
-0.638657
4.97354
-0.641232
5.25588
-0.644002
5.5538
-0.647181
5.86864
-0.650563
6.20115
-0.654153
6.55178
-0.657895
6.92251
-0.661772
7.31342
-0.665725
7.72624
-0.669762
8.16218
-0.673839
8.62215
-0.677928
9.10773
-0.682013
9.62032
-0.686053
10.1612
-0.690055
10.7315
-0.693965
11.3327
-0.697786
11.968
-0.700535
9.17127
-0.703404
10.0952
-0.706315
11.1088
-0.70935
12.2283
-0.712415
13.4578
-0.715567
14.8115
-0.718766
16.2978
-0.721553
17.9333
-0.724929
19.7156
-0.726145
21.6965
-0.734157
23.8143
-0.732452
26.3514
28.8921
-0.543649
0.525966
0.275418
0.515822
0.290992
0.508565
0.300003
0.496899
0.301545
0.476234
0.297728
0.442495
0.290597
0.393215
0.281722
0.326165
0.273193
0.241614
0.267637
0.139808
0.268273
0.0251115
0.278505
-0.0983915
0.30064
-0.223209
0.334108
-0.34659
0.376324
-0.46553
0.424947
-0.579713
0.47865
-0.686634
0.536936
-0.785195
0.599642
-0.872832
0.666651
-0.948264
0.73775
-1.00961
0.812808
-1.05615
0.891443
-1.08697
0.973545
-1.10231
1.05886
-1.10257
1.14726
-1.0892
1.23843
-1.0637
1.33234
-1.02822
1.4291
-0.984685
1.52881
-0.934742
1.6327
-0.879751
1.74081
-0.820637
1.85377
-0.758363
1.97235
-0.693366
2.09605
-0.626619
2.22527
-0.558522
2.36024
-0.490053
2.50102
-0.421506
2.64792
-0.353688
2.80101
-0.286779
2.96082
-0.22142
3.12758
-0.157742
3.30185
-0.0962459
3.48348
-0.0370199
3.67325
0.0196018
3.87162
0.0736938
4.07864
0.125041
4.29493
0.173661
4.52175
0.219485
4.75924
0.262524
5.00863
0.3028
5.27008
0.340378
5.54457
0.375356
5.8329
0.407789
6.13567
0.437837
6.45429
0.465599
6.78891
0.491202
7.14115
0.514785
7.51177
0.536431
7.90177
0.556301
8.31227
0.574505
8.7447
0.591147
9.19995
0.606354
9.67943
0.620173
10.1849
0.632754
10.7172
0.644176
11.2778
0.654514
11.8707
0.66155
9.29286
0.668415
10.2017
0.675044
11.2014
0.681425
12.3011
0.687389
13.5062
0.692984
14.8285
0.698056
16.2878
0.702392
17.8746
0.707019
19.6543
0.708691
21.5325
0.715071
23.7593
0.710429
25.8878
28.9259
-0.553909
0.285333
-0.563686
0.302392
-0.57161
0.321065
-0.580227
0.340338
-0.58735
0.360868
-0.595155
0.382673
-0.60142
0.405754
-0.608348
0.430217
-0.613799
0.456115
-0.619859
0.483535
-0.624492
0.512619
-0.629701
0.543379
-0.633598
0.57597
-0.638001
0.610442
-0.641203
0.646989
-0.644805
0.685643
-0.647341
0.726569
-0.650221
0.769866
-0.652111
0.81574
-0.654254
0.864239
-0.655519
0.915592
-0.656947
0.969935
-0.657547
1.02739
-0.658211
1.08823
-0.658198
1.15256
-0.658152
1.22062
-0.657528
1.29256
-0.65684
1.36872
-0.655707
1.44931
-0.654511
1.53444
-0.653016
1.62414
-0.6515
1.71937
-0.649845
1.81995
-0.648233
1.92592
-0.646642
2.0382
-0.645166
2.15647
-0.643857
2.28168
-0.64273
2.41366
-0.641911
2.55321
-0.641289
2.70051
-0.641066
2.85599
-0.64112
3.02008
-0.64161
3.19337
-0.642398
3.37644
-0.643652
3.56956
-0.645187
3.77335
-0.647205
3.98861
-0.649402
4.21603
-0.652135
4.45594
-0.655046
4.7095
-0.658428
4.97684
-0.661966
5.25953
-0.66588
5.55761
-0.669914
5.87275
-0.674219
6.20537
-0.678631
6.55622
-0.683157
6.92698
-0.687753
7.31804
-0.692451
7.73091
-0.697139
8.16692
-0.70183
8.62688
-0.706544
9.11245
-0.711213
9.62502
-0.715822
10.1658
-0.72035
10.736
-0.724789
11.3371
-0.729142
11.9724
-0.732258
9.17438
-0.735471
10.0984
-0.738788
11.1121
-0.742198
12.2317
-0.74569
13.4613
-0.749237
14.815
-0.752855
16.3014
-0.756048
17.9365
-0.759883
19.7194
-0.761556
21.6982
-0.770192
23.8229
-0.769686
26.3509
28.9131
-0.278413
0.263421
0.28722
0.256242
0.297091
0.251655
0.30349
0.245472
0.30709
0.23338
0.308933
0.213404
0.310091
0.182661
0.311605
0.140686
0.314765
0.0862734
0.321119
0.0214381
0.332677
-0.0523328
0.351365
-0.130081
0.378066
-0.209082
0.412335
-0.285953
0.453018
-0.360422
0.498808
-0.430629
0.548796
-0.49664
0.602495
-0.556617
0.659645
-0.610472
0.720184
-0.656626
0.78397
-0.695057
0.851015
-0.724722
0.921199
-0.745938
0.994609
-0.758259
1.07127
-0.762387
1.15128
-0.758466
1.2346
-0.747555
1.32136
-0.730123
1.41176
-0.707201
1.50584
-0.679216
1.60478
-0.646898
1.70846
-0.610463
1.81736
-0.570358
1.93222
-0.526898
2.05256
-0.480495
2.17884
-0.431667
2.31133
-0.380807
2.45013
-0.328528
2.59552
-0.275138
2.74759
-0.221246
2.90678
-0.167113
3.07342
-0.11333
3.24792
-0.0600888
3.43021
-0.00792696
3.62094
0.0431081
3.82057
0.0926011
4.02902
0.140492
4.247
0.186505
4.47566
0.230547
4.71517
0.272489
4.96667
0.312261
5.2303
0.349816
5.50701
0.385144
5.79756
0.418275
6.10254
0.449242
6.42332
0.478104
6.76004
0.50493
7.11432
0.529803
7.48689
0.552806
7.87876
0.574042
8.29104
0.593596
8.72514
0.611563
9.18199
0.628033
9.66296
0.6431
10.1698
0.656857
10.7034
0.669381
11.2652
0.680785
11.8593
0.688538
9.28511
0.696153
10.194
0.703492
11.1941
0.710589
12.294
0.717262
13.4995
0.723504
14.8223
0.729267
16.282
0.734208
17.8697
0.739428
19.6491
0.741736
21.5302
0.748488
23.7526
0.745007
25.8913
28.9139
-0.292379
0.297234
-0.30625
0.314937
-0.320233
0.333078
-0.3329
0.352278
-0.3466
0.372931
-0.359032
0.394814
-0.372537
0.417885
-0.384671
0.442346
-0.397909
0.468189
-0.409711
0.495524
-0.422552
0.524474
-0.433962
0.555087
-0.446303
0.587478
-0.457238
0.621756
-0.468958
0.658013
-0.479342
0.696427
-0.490396
0.737043
-0.500156
0.780045
-0.510469
0.825577
-0.51959
0.873751
-0.52912
0.924736
-0.537544
0.978736
-0.546265
1.03581
-0.553994
1.09629
-0.561885
1.16022
-0.568882
1.22791
-0.57593
1.29944
-0.5822
1.37523
-0.588421
1.45542
-0.593962
1.54018
-0.599391
1.62951
-0.604258
1.7244
-0.608978
1.82464
-0.613252
1.93033
-0.617381
2.04234
-0.621198
2.16039
-0.624895
2.28541
-0.628409
2.41726
-0.631852
2.5567
-0.635237
2.70396
-0.638609
2.85942
-0.642048
3.02356
-0.645491
3.19688
-0.649095
3.38005
-0.652758
3.57331
-0.656649
3.77722
-0.660504
3.9927
-0.664732
4.22021
-0.668967
4.46038
-0.673569
4.71403
-0.678221
4.98163
-0.683136
5.26436
-0.688093
5.56268
-0.693295
5.87786
-0.69851
6.21065
-0.703886
6.56151
-0.709257
6.93239
-0.714707
7.32343
-0.720123
7.73638
-0.725566
8.17234
-0.730981
8.6323
-0.73637
9.11788
-0.741666
9.63033
-0.746888
10.1711
-0.752008
10.7412
-0.757017
11.3422
-0.761924
11.9773
-0.765424
9.17789
-0.769047
10.102
-0.772776
11.1159
-0.776611
12.2356
-0.780546
13.4653
-0.784545
14.819
-0.78861
16.3055
-0.792266
17.9402
-0.79652
19.7237
-0.798856
21.7005
-0.807905
23.832
-0.808933
26.3519
28.9341
-0.16155
0.153971
0.293185
0.149371
0.300939
0.14502
0.307462
0.138043
0.313429
0.127334
0.319388
0.11085
0.325962
0.0883691
0.333833
0.0585847
0.343926
0.0222811
0.357214
-0.0204831
0.374845
-0.0670354
0.397786
-0.116011
0.42651
-0.164606
0.460883
-0.212378
0.500333
-0.257694
0.544151
-0.300964
0.591682
-0.340904
0.642503
-0.37795
0.696375
-0.410874
0.753205
-0.440056
0.812898
-0.464435
0.875493
-0.484439
0.941
-0.499303
1.00957
-0.509516
1.08133
-0.514567
1.15642
-0.515073
1.23499
-0.510831
1.3172
-0.502484
1.40331
-0.489978
1.49341
-0.473888
1.58862
-0.454109
1.68876
-0.431025
1.79422
-0.40453
1.90579
-0.375031
2.02301
-0.342547
2.14639
-0.307477
2.27623
-0.270001
2.41265
-0.230457
2.55594
-0.18913
2.70622
-0.146347
2.86396
-0.102488
3.02948
-0.0578287
3.20323
-0.012832
3.38511
0.032343
3.57574
0.0772513
3.77553
0.121738
3.98452
0.165389
4.20326
0.20808
4.43296
0.249512
4.6737
0.289552
4.92663
0.328024
5.19181
0.364807
5.47021
0.399815
5.76254
0.43301
6.06934
0.464356
6.39197
0.493842
6.73055
0.521489
7.08666
0.547323
7.46105
0.571415
7.85467
0.59378
8.26867
0.61449
8.70443
0.63364
9.16284
0.651285
9.64531
0.667523
10.1536
0.682393
10.6885
0.695979
11.2516
0.708382
11.8469
0.716903
9.27658
0.725216
10.1857
0.73331
11.186
0.741152
12.2862
0.748554
13.4921
0.755471
14.8154
0.761925
16.2756
0.767512
17.8641
0.773372
19.6432
0.776339
21.5272
0.783524
23.7454
0.781125
25.8937
28.902
-0.170076
0.304934
-0.18213
0.325699
-0.194809
0.345045
-0.20816
0.364294
-0.220729
0.385088
-0.234378
0.407262
-0.247238
0.430608
-0.261256
0.455284
-0.274384
0.48136
-0.288707
0.508866
-0.302039
0.537974
-0.316558
0.568716
-0.330034
0.601211
-0.344622
0.635541
-0.358146
0.671835
-0.372668
0.71023
-0.386095
0.750809
-0.400406
0.793725
-0.413631
0.83914
-0.427568
0.887143
-0.440423
0.93794
-0.453857
0.991712
-0.466286
1.04857
-0.479094
1.10872
-0.490934
1.17238
-0.503061
1.23974
-0.514268
1.31093
-0.52561
1.38634
-0.536113
1.46618
-0.546644
1.55054
-0.556424
1.6395
-0.566132
1.73399
-0.575176
1.83387
-0.584064
1.93914
-0.592403
2.05082
-0.600555
2.16851
-0.608241
2.29322
-0.615729
2.42475
-0.622855
2.56393
-0.629801
2.71093
-0.636507
2.8662
-0.643031
3.03012
-0.649423
3.20331
-0.655698
3.3864
-0.661928
3.57954
-0.667901
3.78345
-0.674045
3.99882
-0.680022
4.22642
-0.686226
4.46652
-0.692327
4.72028
-0.698581
4.9878
-0.704752
5.27066
-0.711112
5.56895
-0.717372
5.88421
-0.723736
6.21692
-0.730038
6.56787
-0.73641
6.93867
-0.742689
7.32976
-0.748991
7.74261
-0.755201
8.1786
-0.761365
8.6385
-0.76747
9.12398
-0.773489
9.63637
-0.779349
10.177
-0.785101
10.7469
-0.790721
11.3478
-0.796235
11.9828
-0.800139
9.18179
-0.804187
10.1061
-0.808363
11.1201
-0.812661
12.2399
-0.81709
13.4697
-0.821554
14.8235
-0.826097
16.31
-0.83026
17.9444
-0.834992
19.7285
-0.838022
21.7035
-0.84754
23.8415
-0.85011
26.3545
28.955
-0.127611
0.122473
0.297319
0.117685
0.305508
0.111253
0.313466
0.102895
0.321649
0.0914791
0.330432
0.0770716
0.340286
0.0588136
0.351749
0.0371313
0.365559
0.0116375
0.382384
-0.0164909
0.402965
-0.0468456
0.427835
-0.0776385
0.457327
-0.108476
0.491431
-0.137966
0.529878
-0.16633
0.572243
-0.192638
0.618073
-0.217401
0.667014
-0.23978
0.718852
-0.260273
0.773469
-0.278062
0.830801
-0.293654
0.890883
-0.306296
0.953755
-0.316473
1.01958
-0.32354
1.0885
-0.327978
1.16072
-0.329278
1.23638
-0.32791
1.31571
-0.323516
1.39901
-0.316547
1.48635
-0.306706
1.57886
-0.294284
1.67627
-0.278998
1.77901
-0.26113
1.88787
-0.240478
2.00244
-0.21735
2.12323
-0.19166
2.25061
-0.16373
2.3847
-0.133567
2.52583
-0.101477
2.67412
-0.0675676
2.83009
-0.0321393
2.99405
0.00458979
3.16651
0.0423908
3.34731
0.0809889
3.53712
0.120142
3.73642
0.159418
3.94519
0.198685
4.16402
0.237573
4.39402
0.27593
4.63534
0.31348
4.88904
0.35006
5.15522
0.38548
5.43478
0.419609
5.72841
0.452324
6.03661
0.483542
6.36074
0.513201
6.70088
0.541264
7.0586
0.567716
7.43459
0.592551
7.82982
0.615804
8.24542
0.637492
8.68275
0.657657
9.14268
0.676343
9.62662
0.693611
10.1363
0.709525
10.6726
0.72414
11.237
0.737534
11.8335
0.746753
9.26736
0.755807
10.1767
0.764654
11.1772
0.773189
12.2776
0.781328
13.484
0.788976
14.8077
0.79615
16.2684
0.802398
17.8579
0.808908
19.6367
0.812574
21.5236
0.820245
23.7377
0.818889
25.895
28.89
-0.132966
0.309616
-0.14066
0.332786
-0.151267
0.354655
-0.162496
0.374923
-0.17423
0.395786
-0.185582
0.418264
-0.197866
0.441952
-0.209703
0.466957
-0.222552
0.493346
-0.234859
0.521164
-0.248247
0.550566
-0.26103
0.581597
-0.27491
0.614355
-0.288133
0.648942
-0.302435
0.685459
-0.316035
0.72407
-0.330663
0.764818
-0.344561
0.807895
-0.359399
0.853418
-0.373471
0.901518
-0.388379
0.952351
-0.402512
1.00615
-0.417338
1.06296
-0.431368
1.12306
-0.445956
1.18659
-0.45976
1.25383
-0.473962
1.32482
-0.487383
1.40004
-0.501069
1.47962
-0.514012
1.56373
-0.527075
1.65238
-0.539429
1.74657
-0.551797
1.8461
-0.563515
1.95105
-0.575144
2.06237
-0.586181
2.17972
-0.597065
2.30406
-0.607433
2.43526
-0.617606
2.57408
-0.627337
2.72077
-0.636865
2.87573
-0.646043
3.03937
-0.654986
3.21229
-0.663704
3.39514
-0.672005
3.58811
-0.680339
3.79178
-0.688323
4.00705
-0.696401
4.23444
-0.704208
4.47448
-0.712087
4.72808
-0.719725
4.99557
-0.727442
5.27829
-0.734973
5.57658
-0.742555
5.8917
-0.749967
6.22442
-0.757412
6.57522
-0.764695
6.94602
-0.771982
7.33695
-0.779103
7.74981
-0.78618
8.18566
-0.793176
8.64549
-0.800014
9.13083
-0.806747
9.6431
-0.813327
10.1836
-0.819749
10.7534
-0.826016
11.3541
-0.832137
11.989
-0.836502
9.18616
-0.841017
10.1106
-0.84567
11.1247
-0.850455
12.2447
-0.855371
13.4746
-0.860376
14.8285
-0.865439
16.3151
-0.87014
17.9491
-0.875355
19.7337
-0.879153
21.7074
-0.889257
23.8516
-0.893217
26.3585
28.9761
-0.138103
0.132273
0.302567
0.125346
0.312081
0.11697
0.321618
0.106799
0.331478
0.0950672
0.341997
0.0814431
0.353585
0.0663067
0.366765
0.0493499
0.382204
0.031196
0.400475
0.011696
0.422168
-0.00817261
0.447687
-0.0283885
0.477261
-0.0478462
0.510912
-0.0667525
0.548515
-0.0842532
0.589799
-0.100846
0.63441
-0.115835
0.682076
-0.129807
0.732582
-0.142057
0.785811
-0.153173
0.841695
-0.162473
0.900276
-0.170475
0.961557
-0.176528
1.02573
-0.181117
1.09292
-0.18367
1.16336
-0.184607
1.23717
-0.183465
1.31466
-0.18065
1.39607
-0.175787
1.48156
-0.169163
1.57214
-0.160397
1.66757
-0.149706
1.76825
-0.136792
1.87502
-0.121848
1.98745
-0.104669
2.10612
-0.0854611
2.23138
-0.0640827
2.36339
-0.0407686
2.50251
-0.0154528
2.64888
0.0116185
2.80302
0.0404817
2.96527
0.0708642
3.13614
0.102668
3.31557
0.135626
3.50423
0.169447
3.70261
0.203967
3.91072
0.23884
4.1291
0.273942
4.35891
0.308984
4.60025
0.34378
4.85424
0.378091
5.12088
0.41174
5.40112
0.444533
5.6956
0.476337
6.0048
0.506998
6.33007
0.536423
6.67145
0.564528
7.03049
0.59123
7.40787
0.616541
7.80451
0.640413
8.22155
0.662859
8.66031
0.68385
9.12168
0.703409
9.60706
0.721604
10.1181
0.738457
10.6558
0.754044
11.2214
0.768351
11.8192
0.778255
9.25745
0.788018
10.1669
0.797568
11.1676
0.806847
12.2683
0.81573
13.4751
0.824098
14.7993
0.832028
16.2605
0.838963
17.8509
0.846151
19.6295
0.850542
21.5192
0.858736
23.7295
0.85837
25.8954
28.8779
-0.143256
0.314534
-0.149162
0.338272
-0.1566
0.361858
-0.166003
0.383763
-0.175367
0.404985
-0.18535
0.427641
-0.195164
0.451674
-0.205841
0.477012
-0.216241
0.50372
-0.227579
0.53187
-0.238604
0.561609
-0.250597
0.592955
-0.262218
0.626039
-0.27483
0.660928
-0.287035
0.697766
-0.300245
0.736677
-0.313004
0.777711
-0.326723
0.821043
-0.339975
0.866839
-0.354149
0.915165
-0.36784
0.96623
-0.382356
1.02018
-0.396358
1.07718
-0.411122
1.1374
-0.425345
1.20103
-0.440184
1.2683
-0.454474
1.33935
-0.469271
1.41453
-0.483507
1.49407
-0.498105
1.57808
-0.512124
1.66662
-0.526378
1.76063
-0.540071
1.85999
-0.553875
1.96472
-0.567111
2.07579
-0.580343
2.19285
-0.593053
2.31693
-0.605671
2.44781
-0.617782
2.58634
-0.629778
2.73274
-0.641314
2.88737
-0.652635
3.05071
-0.663647
3.22336
-0.674143
3.40592
-0.684599
3.5986
-0.694613
3.80205
-0.704644
4.01704
-0.714282
4.24424
-0.723896
4.48401
-0.733137
4.73747
-0.742388
5.00475
-0.751371
5.28738
-0.760294
5.58542
-0.768974
5.90048
-0.777652
6.23301
-0.786055
6.58371
-0.794462
6.95434
-0.80261
7.34521
-0.810691
7.75783
-0.818623
8.19361
-0.826435
8.65329
-0.8341
9.13848
-0.841597
9.65058
-0.848929
10.1909
-0.856056
10.7605
-0.863005
11.361
-0.869762
11.9957
-0.874627
9.19101
-0.879627
10.1156
-0.884785
11.1299
-0.890099
12.25
-0.895529
13.4801
-0.901112
14.8341
-0.906723
16.3207
-0.912005
17.9544
-0.917745
19.7394
-0.922359
21.712
-0.933024
23.8622
-0.938442
26.3639
28.9974
-0.169636
0.162431
0.309658
0.15382
0.32068
0.14369
0.331653
0.132378
0.34279
0.119915
0.354351
0.10677
0.366731
0.0929667
0.380437
0.0790161
0.396157
0.0648542
0.414486
0.0509769
0.436049
0.0372246
0.461271
0.0241324
0.490364
0.011516
0.523343
-8.19415e-05
0.560132
-0.0110075
0.600529
-0.0207963
0.64423
-0.0298979
0.690978
-0.0378468
0.740577
-0.0451345
0.792901
-0.0512566
0.847873
-0.0566885
0.905518
-0.0608892
0.965829
-0.0643061
1.02897
-0.0663851
1.09507
-0.0675344
1.16435
-0.0672395
1.23696
-0.0659026
1.31319
-0.0630962
1.39335
-0.0591685
1.47752
-0.0536829
1.56673
-0.0468779
1.66068
-0.0383892
1.75983
-0.0284156
1.86498
-0.0166758
1.97577
-0.00334404
2.09275
0.0118085
2.21628
0.0286495
2.34653
0.0473551
2.48387
0.0677493
2.62848
0.0899608
2.78089
0.11376
2.94146
0.139219
3.11076
0.166095
3.28874
0.194259
3.4761
0.223551
3.67335
0.253712
3.88053
0.284628
4.09817
0.31608
4.32741
0.347908
4.56842
0.379861
4.82225
0.411743
5.08899
0.443369
5.36947
0.474539
5.66442
0.505066
5.97426
0.534829
6.3003
0.563672
6.6426
0.591475
7.00266
0.618178
7.38117
0.643667
7.77902
0.667888
8.19733
0.690827
8.63737
0.712449
9.10007
0.732763
9.58674
0.751727
10.0992
0.769418
10.6381
0.785836
11.205
0.801052
11.804
0.811609
9.2469
0.822046
10.1565
0.832275
11.1574
0.842271
12.2583
0.85189
13.4655
0.861004
14.7902
0.86964
16.2518
0.877281
17.8433
0.885206
19.6216
0.890316
21.5141
0.89908
23.7208
0.899732
25.8947
28.8658
-0.176272
0.321064
-0.182367
0.344305
-0.188862
0.368127
-0.19625
0.391055
-0.204469
0.412858
-0.21258
0.43565
-0.221275
0.459968
-0.229941
0.485617
-0.239281
0.512631
-0.248534
0.541095
-0.258519
0.571151
-0.268361
0.602822
-0.278994
0.636228
-0.289458
0.671456
-0.300739
0.708611
-0.311801
0.747845
-0.323718
0.789205
-0.335396
0.832862
-0.347927
0.878964
-0.360195
0.927599
-0.373297
0.978948
-0.386119
1.0332
-0.399722
1.09042
-0.413028
1.1509
-0.42707
1.21475
-0.440773
1.28222
-0.455139
1.35341
-0.469153
1.42875
-0.483724
1.50838
-0.497912
1.59248
-0.512559
1.68104
-0.526792
1.77506
-0.541355
1.87438
-0.5555
1.97905
-0.56985
2.09001
-0.583783
2.20696
-0.597804
2.33086
-0.611401
2.46158
-0.625012
2.59989
-0.638197
2.74605
-0.651286
2.90046
-0.664031
3.06354
-0.676324
3.23593
-0.688562
3.4182
-0.700358
3.61064
-0.71212
3.81379
-0.723471
4.02855
-0.734751
4.25545
-0.745612
4.49503
-0.756413
4.74819
-0.766877
5.01531
-0.777223
5.29764
-0.787273
5.59557
-0.797234
5.91036
-0.806875
6.24274
-0.816473
6.59322
-0.825723
6.96372
-0.834931
7.35435
-0.843924
7.76687
-0.852775
8.20241
-0.861414
8.66189
-0.869926
9.14692
-0.878181
9.65882
-0.886255
10.199
-0.894115
10.7684
-0.901774
11.3687
-0.909269
12.0032
-0.914582
9.19633
-0.920102
10.1211
-0.925799
11.1356
-0.931659
12.2559
-0.93771
13.4862
-0.943834
14.8402
-0.950036
16.3269
-0.955933
17.9603
-0.962281
19.7458
-0.967722
21.7174
-0.979042
23.8736
-0.985931
26.3708
29.0188
-0.217534
0.209023
0.318056
0.198921
0.330667
0.187409
0.343066
0.174641
0.355397
0.161059
0.367825
0.146929
0.38068
0.132885
0.394393
0.119201
0.409657
0.106497
0.427121
0.0948075
0.447553
0.0845044
0.47153
0.0752677
0.499418
0.0672998
0.531285
0.0601875
0.567063
0.0541516
0.606557
0.0487433
0.649459
0.0442381
0.695491
0.0402134
0.744424
0.0370123
0.796122
0.0342182
0.850493
0.0322211
0.907551
0.0306273
0.967255
0.0298757
1.02976
0.0296124
1.09518
0.0303027
1.16372
0.031591
1.23553
0.0339069
1.31093
0.0369035
1.39022
0.0410033
1.47349
0.045944
1.56168
0.0521343
1.65455
0.0593573
1.75252
0.0679517
1.85644
0.07774
1.96592
0.088991
2.08154
0.101564
2.20366
0.115673
2.33246
0.131182
2.46832
0.148283
2.61142
0.166825
2.76231
0.186956
2.92138
0.20851
3.08921
0.231489
3.26579
0.255757
3.45184
0.2812
3.64789
0.307667
3.85404
0.335045
4.07076
0.363217
4.29923
0.391973
4.53963
0.421167
4.79304
0.450605
5.05952
0.480091
5.33998
0.509456
5.63504
0.538526
5.94518
0.567131
6.27168
0.595112
6.6146
0.622353
6.97542
0.648725
7.35479
0.67413
7.75362
0.69849
8.17297
0.7217
8.61417
0.743748
9.07802
0.76459
9.5659
0.784227
10.0795
0.802618
10.6197
0.819778
11.1878
0.835758
11.788
0.846914
9.23574
0.857988
10.1454
0.868926
11.1464
0.879609
12.2476
0.889952
13.4551
0.899749
14.7804
0.90915
16.2424
0.917516
17.8349
0.926185
19.6129
0.932045
21.5082
0.941385
23.7114
0.943035
25.8931
28.8534
-0.225405
0.328949
-0.232449
0.351277
-0.238717
0.374415
-0.245118
0.397325
-0.251747
0.419491
-0.258738
0.442453
-0.265782
0.467025
-0.273322
0.492931
-0.280904
0.520227
-0.289034
0.548964
-0.297152
0.579303
-0.305891
0.611275
-0.314604
0.644987
-0.323977
0.680523
-0.333296
0.717996
-0.343318
0.757549
-0.353264
0.799235
-0.36395
0.843222
-0.374533
0.889646
-0.385861
0.938601
-0.397062
0.990267
-0.409021
1.04483
-0.420856
1.10238
-0.433401
1.16314
-0.445796
1.22729
-0.458901
1.29503
-0.471825
1.36649
-0.485389
1.44205
-0.498756
1.52191
-0.512694
1.60619
-0.526408
1.69492
-0.540621
1.78908
-0.554581
1.88851
-0.568908
1.99323
-0.582993
2.10426
-0.597353
2.22121
-0.611427
2.34511
-0.625685
2.47576
-0.639659
2.61401
-0.653675
2.76004
-0.667443
2.91432
-0.680918
3.07725
-0.694371
3.24943
-0.707492
3.43154
-0.720589
3.62371
-0.733315
3.82665
-0.745961
4.04113
-0.758215
4.26784
-0.770401
4.50714
-0.782235
4.76013
-0.79393
5.02693
-0.805276
5.3091
-0.816527
5.60675
-0.827437
5.92136
-0.83824
6.25346
-0.848671
6.6038
-0.859029
6.97401
-0.869103
7.36448
-0.879044
7.77674
-0.888746
8.21209
-0.8983
8.67136
-0.907565
9.15619
-0.916676
9.66789
-0.925498
10.2078
-0.934119
10.777
-0.942517
11.3771
-0.950702
12.0114
-0.95656
9.20217
-0.962617
10.1271
-0.968892
11.1418
-0.975321
12.2623
-0.981951
13.4928
-0.98872
14.847
-0.995539
16.3337
-1.00209
17.9668
-1.00909
19.7528
-1.01541
21.7238
-1.02742
23.8856
-1.03581
26.3792
29.0403
-0.276332
0.267155
0.326771
0.256644
0.34102
0.244526
0.354996
0.231073
0.368732
0.216443
0.382292
0.201176
0.395857
0.185677
0.409746
0.170738
0.424534
0.15688
0.440844
0.144859
0.459531
0.134852
0.481409
0.127109
0.507137
0.121229
0.537043
0.117088
0.571191
0.114108
0.609416
0.112188
0.651376
0.110843
0.696715
0.110161
0.745111
0.1098
0.796361
0.109976
0.850331
0.110399
0.907005
0.111333
0.966344
0.112508
1.02847
0.114241
1.09348
0.116294
1.16155
0.119007
1.23285
0.122122
1.30771
0.125972
1.38641
0.130341
1.46902
0.135576
1.55649
0.141498
1.64855
0.148423
1.74563
0.156208
1.84859
0.165097
1.95705
0.174981
2.0716
0.186056
2.1926
0.198235
2.32023
0.211691
2.45487
0.226364
2.59671
0.242388
2.7463
0.259696
2.90405
0.278346
3.07058
0.298251
3.24587
0.319406
3.43069
0.341709
3.62557
0.365085
3.83065
0.389434
4.0464
0.41466
4.27398
0.440648
4.51361
0.46725
4.76641
0.49431
5.03245
0.521672
5.31259
0.549185
5.60751
0.576654
5.91769
0.603924
6.24439
0.630858
6.58766
0.657303
6.94897
0.683128
7.32897
0.70819
7.72856
0.732421
8.14875
0.755725
8.59086
0.778003
9.05574
0.799208
9.5447
0.819285
10.0594
0.838248
10.6007
0.856076
11.17
0.872729
11.7713
0.884429
9.22405
0.896085
10.1337
0.907624
11.1349
0.918968
12.2363
0.930006
13.4441
0.940553
14.7699
0.950696
16.2323
0.95979
17.8258
0.969149
19.6035
0.975836
21.5015
0.985728
23.7015
0.988172
25.8906
28.8409
-0.284823
0.337189
-0.292323
0.358484
-0.298785
0.38054
-0.304554
0.402797
-0.310412
0.424977
-0.316356
0.448158
-0.322592
0.472916
-0.328867
0.499056
-0.335519
0.526564
-0.342197
0.555549
-0.349338
0.586146
-0.356476
0.618376
-0.364134
0.652363
-0.371791
0.688178
-0.380032
0.725964
-0.388265
0.765815
-0.397111
0.807816
-0.405949
0.852118
-0.415441
0.898878
-0.424929
0.948168
-0.435091
1.00018
-0.445236
1.05508
-0.456044
1.11295
-0.466862
1.17406
-0.478331
1.23853
-0.489767
1.30659
-0.501853
1.37836
-0.513921
1.45423
-0.52657
1.53438
-0.539181
1.61893
-0.552316
1.70791
-0.565406
1.80232
-0.57895
1.90196
-0.592436
2.00688
-0.606294
2.11805
-0.620066
2.23513
-0.634134
2.35911
-0.648108
2.48983
-0.662247
2.62811
-0.676308
2.77416
-0.690224
2.9284
-0.704244
3.09127
-0.718071
3.26339
-0.731926
3.44533
-0.745531
3.6374
-0.759128
3.84017
-0.772411
4.05453
-0.785649
4.281
-0.798562
4.52014
-0.811378
4.77287
-0.823863
5.03952
-0.836281
5.32145
-0.848324
5.61888
-0.860277
5.93324
-0.871849
6.2652
-0.883332
6.61522
-0.894508
6.98524
-0.905542
7.37544
-0.916291
7.78748
-0.926899
8.22262
-0.937188
8.68168
-0.947343
9.16627
-0.957181
9.67774
-0.966846
10.2174
-0.976229
10.7864
-0.985378
11.3862
-0.99429
12.0203
-1.00069
9.20858
-1.00731
10.1337
-1.01413
11.1487
-1.02121
12.2694
-1.02845
13.5
-1.03589
14.8545
-1.04337
16.3412
-1.05061
17.9741
-1.05822
19.7604
-1.06554
21.7311
-1.07822
23.8983
-1.08813
26.3891
29.062
-0.344858
0.336975
0.334772
0.327414
0.350673
0.316085
0.366356
0.303114
0.381784
0.288519
0.396904
0.272671
0.411776
0.255922
0.426498
0.239039
0.441475
0.222733
0.457139
0.208027
0.474284
0.19562
0.493791
0.186175
0.516621
0.179668
0.543515
0.175946
0.574945
0.174337
0.610979
0.174391
0.65135
0.175394
0.695657
0.177098
0.743432
0.179102
0.794293
0.181467
0.84799
0.183959
0.904443
0.18676
0.963569
0.18966
1.02549
0.192881
1.09028
0.19624
1.15811
0.200013
1.22911
0.204027
1.30361
0.208554
1.38191
0.213447
1.46405
0.218989
1.55098
0.225047
1.64242
0.231882
1.73884
0.239362
1.84105
0.247736
1.94872
0.256865
2.06242
0.266965
2.18254
0.277927
2.30923
0.289941
2.44288
0.302938
2.58367
0.317075
2.73218
0.332325
2.8888
0.348725
3.05418
0.366289
3.22833
0.384966
3.412
0.404741
3.6058
0.425519
3.80986
0.447284
4.02462
0.46996
4.25128
0.49348
4.49008
0.517726
4.74215
0.542582
5.00758
0.567895
5.28726
0.593525
5.58186
0.619335
5.89186
0.645189
6.21852
0.670927
6.56191
0.696408
6.92349
0.721487
7.30389
0.746057
7.70399
0.769947
8.12485
0.793104
8.56771
0.815414
9.03343
0.836805
9.52331
0.857232
10.039
0.876612
10.5813
0.894921
11.1517
0.912191
11.7541
0.924364
9.21187
0.936541
10.1216
0.948636
11.1228
0.960608
12.2243
0.972312
13.4324
0.983507
14.7587
0.994372
16.2214
1.00424
17.816
1.01426
19.5935
1.02178
21.494
1.03226
23.6911
1.0358
25.887
28.8282
-0.352415
0.344796
-0.358983
0.365106
-0.364547
0.386112
-0.369346
0.407628
-0.374163
0.429746
-0.379166
0.453166
-0.384455
0.478115
-0.389814
0.504417
-0.3955
0.532131
-0.401261
0.56131
-0.407368
0.592113
-0.413554
0.624577
-0.420146
0.658802
-0.426819
0.694874
-0.433924
0.732903
-0.441103
0.773034
-0.448778
0.815317
-0.456531
0.85992
-0.464807
0.906971
-0.473147
0.956572
-0.482044
1.00889
-0.491014
1.06412
-0.500586
1.12233
-0.510196
1.18376
-0.520422
1.24856
-0.530712
1.31698
-0.541599
1.38907
-0.552536
1.46527
-0.564059
1.54574
-0.575611
1.63061
-0.587731
1.71988
-0.59986
1.81457
-0.612544
1.9145
-0.625195
2.01965
-0.638345
2.13107
-0.651472
2.24836
-0.665012
2.37253
-0.678507
2.50342
-0.692332
2.64182
-0.706052
2.78797
-0.720057
2.94228
-0.733971
3.10519
-0.74801
3.2773
-0.761926
3.45927
-0.775952
3.65131
-0.789757
3.85402
-0.80359
4.06826
-0.817208
4.29467
-0.830808
4.53366
-0.844149
4.78629
-0.857435
5.05274
-0.87041
5.3345
-0.883348
5.63174
-0.895879
5.94595
-0.908352
6.27762
-0.920544
6.62748
-0.932604
6.99723
-0.944404
7.38722
-0.956031
7.79904
-0.967329
8.23396
-0.978483
8.69278
-0.989352
9.17718
-1.00005
9.68838
-1.01042
10.2278
-1.02059
10.7965
-1.0305
11.3962
-1.04019
12.03
-1.04711
9.21547
-1.0543
10.1409
-1.06174
11.1561
-1.06943
12.2771
-1.07737
13.508
-1.08545
14.8625
-1.09361
16.3494
-1.10158
17.9821
-1.10994
19.7688
-1.11819
21.7393
-1.13168
23.9117
-1.14319
26.4006
29.084
-0.4202
0.413988
0.341147
0.40611
0.358572
0.396534
0.375957
0.385099
0.3932
0.371773
0.410228
0.35659
0.426925
0.339814
0.443268
0.321831
0.459418
0.303411
0.475557
0.285447
0.492208
0.269138
0.510104
0.255499
0.530221
0.245427
0.553594
0.239111
0.581222
0.236381
0.613721
0.236451
0.65124
0.238606
0.693517
0.24194
0.740055
0.24595
0.7903
0.250169
0.843726
0.254563
0.900066
0.258947
0.959135
0.263454
1.021
0.267945
1.08574
0.272602
1.15347
0.277292
1.22436
0.28225
1.29868
0.287366
1.37673
0.292884
1.45856
0.298709
1.5451
0.305086
1.63607
0.311914
1.73195
0.319417
1.83358
0.32747
1.94061
0.336268
2.05365
0.345702
2.17306
0.355946
2.29901
0.366925
2.43186
0.378816
2.5718
0.391559
2.7194
0.405299
2.87508
0.419976
3.03947
0.435699
3.21262
0.452402
3.39529
0.470117
3.58809
0.488783
3.7912
0.508375
4.00503
0.528871
4.23078
0.550209
4.46873
0.572335
4.72002
0.595138
4.98476
0.618521
5.26387
0.642352
5.55801
0.666532
5.86767
0.690919
6.19413
0.715379
6.53745
0.739785
6.89908
0.763967
7.27971
0.787828
7.68013
0.811256
8.10143
0.834097
8.54486
0.856251
9.01128
0.877653
9.50191
0.898214
10.0185
0.917877
10.5617
0.936595
11.133
0.954296
11.7364
0.966867
9.19931
0.979498
10.1089
0.992135
11.1102
1.00463
12.2118
1.01695
13.42
1.02886
14.7468
1.04047
16.2098
1.05095
17.8055
1.06179
19.5827
1.07003
21.4858
1.08111
23.68
1.08556
25.8826
28.8151
-0.426208
0.350903
-0.431393
0.370378
-0.435783
0.390603
-0.439746
0.41166
-0.443755
0.433837
-0.448053
0.457497
-0.452468
0.482595
-0.457105
0.509054
-0.461842
0.536918
-0.466841
0.566283
-0.471953
0.597274
-0.477373
0.629949
-0.482902
0.664376
-0.488758
0.700662
-0.494739
0.738935
-0.501113
0.779323
-0.507598
0.821854
-0.514493
0.866715
-0.521519
0.914056
-0.529003
0.963944
-0.536624
1.01657
-0.544713
1.07209
-0.552938
1.13062
-0.561681
1.19237
-0.570561
1.25752
-0.579957
1.32624
-0.589487
1.39868
-0.599565
1.47521
-0.609762
1.55602
-0.620506
1.64122
-0.631361
1.73082
-0.642762
1.82584
-0.654238
1.92607
-0.666235
2.03153
-0.678319
2.14324
-0.690873
2.2608
-0.703489
2.38523
-0.716538
2.51635
-0.729606
2.65495
-0.743031
2.80129
-0.756468
2.95578
-0.770194
3.11881
-0.783901
3.29105
-0.797831
3.47307
-0.811686
3.66515
-0.825686
3.86789
-0.839569
4.08214
-0.853542
4.30854
-0.86733
4.54748
-0.881135
4.80001
-0.89475
5.0664
-0.908354
5.34802
-0.921626
5.64518
-0.934914
5.95918
-0.947945
6.2907
-0.960879
6.64034
-0.973607
7.00994
-0.98614
7.39969
-0.998374
7.81133
-1.01048
8.24603
-1.02233
8.70469
-1.03398
9.18878
-1.04536
9.6998
-1.05656
10.2389
-1.06745
10.8074
-1.0781
11.4068
-1.08854
12.0405
-1.09605
9.22297
-1.10382
10.1487
-1.11189
11.1641
-1.1202
12.2854
-1.1288
13.5166
-1.13763
14.8714
-1.14651
16.3582
-1.15522
17.9908
-1.16428
19.7779
-1.17352
21.7486
-1.1879
23.9261
-1.20091
26.4136
29.1063
-0.497283
0.49305
0.34558
0.487515
0.364215
0.480476
0.38307
0.471709
0.402056
0.460971
0.421018
0.448152
0.439811
0.433163
0.458291
0.416183
0.476449
0.39754
0.49422
0.377967
0.51182
0.358399
0.529681
0.34019
0.54846
0.32468
0.569105
0.31309
0.592836
0.305929
0.620874
0.303154
0.654033
0.304001
0.692654
0.30751
0.736562
0.312561
0.785227
0.318359
0.83794
0.324315
0.894083
0.330261
0.9532
0.336063
1.01517
0.341825
1.07998
0.347493
1.14777
0.353195
1.21867
0.358864
1.29296
0.364684
1.37092
0.370632
1.45257
0.376906
1.53883
0.38346
1.62947
0.390491
1.72493
0.39794
1.82608
0.405955
1.93261
0.414464
2.0451
0.423598
2.16393
0.433282
2.28928
0.443656
2.4215
0.454682
2.56074
0.466479
2.70761
0.47903
2.8625
0.492456
3.02606
0.506708
3.19833
0.521879
3.38013
0.537907
3.57204
0.55483
3.77429
0.572573
3.98727
0.591195
4.21216
0.610662
4.44926
0.6309
4.69977
0.651844
4.96381
0.673425
5.24226
0.695579
5.53585
0.718163
5.84508
0.741088
6.1712
0.764224
6.5143
0.787446
6.87585
0.810661
7.25649
0.833696
7.65709
0.856464
8.07866
0.878839
8.52249
0.900721
8.9894
0.92198
9.48065
0.94253
9.99793
0.962315
10.5419
0.981265
11.1141
0.999344
11.7183
1.01222
9.18644
1.02516
10.096
1.03828
11.097
1.05137
12.1987
1.06414
13.4073
1.07663
14.7343
1.08886
16.1976
1.1001
17.7943
1.11165
19.5711
1.12066
21.4767
1.13238
23.6683
1.13789
25.8771
28.8015
-0.501533
0.355236
-0.505314
0.374221
-0.508731
0.394069
-0.512111
0.415072
-0.515711
0.437455
-0.519528
0.46133
-0.523471
0.486528
-0.527541
0.513129
-0.53179
0.541138
-0.53616
0.570658
-0.540753
0.601824
-0.545454
0.634654
-0.55041
0.669275
-0.555494
0.705757
-0.560874
0.744247
-0.56637
0.784831
-0.572195
0.8276
-0.578161
0.8727
-0.584485
0.92029
-0.590959
0.970439
-0.597824
1.02333
-0.604856
1.07915
-0.61229
1.13795
-0.619911
1.20002
-0.627959
1.26545
-0.636189
1.3345
-0.644892
1.40726
-0.653769
1.48412
-0.663136
1.56526
-0.67268
1.6508
-0.682719
1.74074
-0.692931
1.8361
-0.70364
1.93666
-0.714527
2.04246
-0.725884
2.15448
-0.737391
2.27236
-0.749357
2.39708
-0.761442
2.52849
-0.773977
2.66738
-0.786603
2.81397
-0.799589
2.96867
-0.812688
3.13195
-0.826065
3.30434
-0.839505
3.48655
-0.853199
3.67876
-0.866893
3.88162
-0.880803
4.09595
-0.89464
4.32237
-0.908607
4.56134
-0.922484
4.81389
-0.936443
5.08027
-0.950163
5.36186
-0.963945
5.65889
-0.977562
5.97283
-0.991159
6.30423
-1.00458
6.65373
-1.01784
7.02315
-1.03089
7.4128
-1.04384
7.82424
-1.05652
8.25878
-1.06907
8.71719
-1.08138
9.20115
-1.09349
9.71186
-1.10535
10.2508
-1.117
10.8191
-1.12842
11.4182
-1.1396
12.0516
-1.14763
9.23098
-1.156
10.157
-1.16467
11.1728
-1.1737
12.2944
-1.18298
13.5259
-1.19245
14.8808
-1.2021
16.3679
-1.21171
18.0004
-1.22157
19.7878
-1.23205
21.7591
-1.2471
23.9412
-1.26155
26.428
29.1292
-0.576541
0.573753
0.348188
0.570213
0.367649
0.565624
0.387615
0.559616
0.407988
0.551975
0.428639
0.542286
0.449443
0.530421
0.470151
0.516121
0.490703
0.499495
0.51085
0.480675
0.530602
0.460358
0.550008
0.439393
0.569393
0.419226
0.589285
0.401399
0.610635
0.387565
0.634723
0.378645
0.662928
0.3749
0.696414
0.375662
0.735775
0.379891
0.781011
0.386199
0.831608
0.393492
0.886803
0.400949
0.945718
0.408243
1.00789
0.415243
1.07296
0.42204
1.14098
0.428654
1.21203
0.435208
1.28642
0.441677
1.36442
0.448214
1.44604
0.454833
1.53219
0.461726
1.62259
0.468879
1.71775
0.476443
1.81853
0.48439
1.92463
0.492825
2.03667
0.501692
2.15503
0.511077
2.27991
0.520938
2.41161
0.531387
2.5503
0.54241
2.69656
0.554121
2.8508
0.5665
3.01366
0.57965
3.18519
0.593544
3.36622
0.608239
3.55735
0.623659
3.75884
0.639886
3.97106
0.656888
4.19514
0.674697
4.43145
0.693267
4.6812
0.712564
4.9445
0.732518
5.22231
0.753052
5.51531
0.774118
5.82401
0.795605
6.14971
0.817423
6.49248
0.839458
6.85381
0.861606
7.23434
0.88376
7.63493
0.905779
8.05664
0.927539
8.50072
0.948967
8.96797
0.969946
9.45969
0.990344
9.97753
1.01018
10.5221
1.02915
11.0951
1.04745
11.7
1.06057
9.17332
1.07403
10.0825
1.08726
11.0838
1.1007
12.1853
1.11429
13.3937
1.12734
14.7212
1.14001
16.1849
1.15191
17.7824
1.16438
19.5587
1.17411
21.467
1.18632
23.656
1.19235
25.871
28.7872
-0.579496
0.358063
-0.582288
0.376898
-0.585155
0.396789
-0.588213
0.417984
-0.59152
0.440607
-0.594974
0.464624
-0.598557
0.489947
-0.602237
0.516648
-0.606052
0.54481
-0.609999
0.574459
-0.614053
0.605762
-0.618288
0.638761
-0.622639
0.67355
-0.627212
0.71022
-0.631888
0.748876
-0.636834
0.78968
-0.641885
0.832634
-0.647249
0.877976
-0.652743
0.925785
-0.658561
0.976174
-0.664515
1.02931
-0.670845
1.08539
-0.677344
1.14448
-0.684217
1.20681
-0.691265
1.27255
-0.698756
1.34191
-0.706406
1.41497
-0.714513
1.49215
-0.722797
1.57361
-0.73156
1.65948
-0.740501
1.74975
-0.749935
1.84544
-0.759551
1.94635
-0.769649
2.05247
-0.779938
2.16485
-0.790718
2.28305
-0.801673
2.40811
-0.813098
2.53983
-0.824684
2.67904
-0.836713
2.82592
-0.848902
2.98093
-0.861462
3.14444
-0.874162
3.3171
-0.887221
3.49954
-0.900369
3.69195
-0.913792
3.89498
-0.927265
4.10947
-0.940974
4.33603
-0.954715
4.57512
-0.968645
4.82774
-0.982466
5.09415
-0.996455
5.37575
-1.01037
5.67281
-1.02431
5.98668
-1.03815
6.31802
-1.05195
6.66746
-1.06557
7.03681
-1.07914
7.42633
-1.09252
7.83768
-1.10583
8.27205
-1.11894
8.73035
-1.13189
9.21406
-1.14463
9.72465
-1.15717
10.2633
-1.1695
10.8314
-1.18163
11.4303
-1.19356
12.0635
-1.20225
9.23961
-1.21113
10.1659
-1.22035
11.182
-1.22999
12.3041
-1.24008
13.536
-1.25048
14.8912
-1.26086
16.3783
-1.27093
18.0105
-1.28163
19.7985
-1.29311
21.7706
-1.30968
23.9578
-1.3253
26.4436
29.1529
-0.658503
0.657018
0.349611
0.655218
0.36947
0.652704
0.390095
0.649306
0.411412
0.644591
0.433322
0.638342
0.455717
0.63006
0.478402
0.619563
0.501225
0.606427
0.523956
0.590656
0.546397
0.572226
0.56841
0.551655
0.589987
0.529672
0.611243
0.507681
0.632648
0.487375
0.655006
0.470753
0.679571
0.459226
0.70792
0.453546
0.741473
0.453299
0.781239
0.457466
0.827456
0.464452
0.879798
0.472822
0.937361
0.481458
0.999231
0.489813
1.06461
0.497704
1.13307
0.505259
1.20448
0.512563
1.2791
0.519767
1.35722
0.526863
1.43892
0.533951
1.52509
0.541095
1.61542
0.548437
1.7104
0.556039
1.8109
0.564011
1.91665
0.572348
2.02831
0.581071
2.14631
0.590173
2.27078
0.599708
2.40207
0.609663
2.54032
0.620138
2.68609
0.631115
2.83979
0.6427
3.00207
0.654877
3.173
0.667748
3.35335
0.681276
3.54381
0.695503
3.74463
0.710391
3.95615
0.726019
4.17952
0.742374
4.41509
0.759467
4.6641
0.777259
4.92671
0.795716
5.20385
0.81479
5.49623
0.834415
5.80438
0.85453
6.12959
0.875046
6.47196
0.895882
6.83297
0.916903
7.21331
0.938044
7.61379
0.959236
8.03544
0.9803
8.47966
1.0013
8.94699
1.02181
9.43918
1.04192
9.95743
1.06155
10.5024
1.08078
11.0759
1.09899
11.6818
1.11245
9.15985
1.12578
10.0692
1.13967
11.0699
1.15328
12.1717
1.16712
13.3798
1.18067
14.7077
1.19433
16.1713
1.20683
17.7699
1.21963
19.5459
1.23
21.4566
1.24343
23.6426
1.24979
25.8647
28.7719
-0.660472
0.360001
-0.662587
0.378961
-0.664982
0.399129
-0.667676
0.420605
-0.670556
0.443429
-0.673542
0.467563
-0.676633
0.492991
-0.679816
0.51981
-0.683145
0.548098
-0.686573
0.577878
-0.690171
0.609319
-0.693877
0.642464
-0.69778
0.677407
-0.701799
0.714238
-0.70604
0.753063
-0.710405
0.794046
-0.715016
0.837188
-0.719765
0.882727
-0.724786
0.930742
-0.729951
0.981347
-0.735418
1.03471
-0.741042
1.09103
-0.746995
1.15036
-0.753114
1.21295
-0.759604
1.27896
-0.766245
1.34857
-0.773283
1.42192
-0.780509
1.4994
-0.788145
1.58116
-0.795977
1.66734
-0.80424
1.75793
-0.812709
1.85395
-0.821626
1.95518
-0.83075
2.06164
-0.840334
2.17435
-0.850131
2.2929
-0.860388
2.41829
-0.870852
2.55035
-0.88177
2.68989
-0.892892
2.8371
-0.904448
2.99241
-0.916191
3.15624
-0.92834
3.32919
-0.940664
3.51192
-0.953346
3.70458
-0.966177
3.90787
-0.979314
4.12257
-0.992572
4.34934
-1.00609
4.58859
-1.01967
4.84138
-1.03348
5.10788
-1.04734
5.38959
-1.06131
5.6867
-1.07531
6.00063
-1.08933
6.33199
-1.10328
6.68143
-1.11727
7.05075
-1.13112
7.44022
-1.14495
7.85147
-1.15865
8.28579
-1.17229
8.74396
-1.1858
9.22762
-1.19899
9.73781
-1.2123
10.2767
-1.22522
10.8443
-1.23795
11.443
-1.25057
12.0761
-1.25971
9.24879
-1.26926
10.1754
-1.27918
11.1919
-1.28975
12.3146
-1.30027
13.5465
-1.31131
14.9023
-1.32245
16.3894
-1.33357
18.0216
-1.34515
19.81
-1.35774
21.7832
-1.37534
23.9754
-1.39261
26.4609
29.1778
-0.744173
0.743287
0.35039
0.742366
0.370323
0.741224
0.391211
0.739574
0.413007
0.737182
0.435703
0.733692
0.459164
0.728816
0.483275
0.722044
0.50796
0.71307
0.532934
0.70142
0.558015
0.68688
0.582957
0.669278
0.60756
0.648903
0.631626
0.626306
0.655218
0.602736
0.678584
0.579892
0.702392
0.560043
0.727776
0.545156
0.756339
0.536577
0.789825
0.534444
0.829569
0.537904
0.876345
0.545254
0.929992
0.554691
0.989801
0.564624
1.05466
0.574173
1.12353
0.582955
1.19568
0.591155
1.2709
0.598954
1.34941
0.606624
1.43126
0.614229
1.51748
0.621817
1.60784
0.629426
1.70278
0.637189
1.80314
0.645152
1.90868
0.653432
2.02004
0.662035
2.13769
0.670987
2.26184
0.680242
2.3928
0.689856
2.53071
0.699827
2.6761
0.710244
2.82939
0.721123
2.99118
0.73256
3.16157
0.744519
3.34138
0.757097
3.53124
0.770264
3.73145
0.78404
3.94239
0.798447
4.16511
0.813588
4.39995
0.829287
4.6484
0.845731
4.91026
0.862822
5.18676
0.880554
5.4785
0.898922
5.78601
0.917735
6.11077
0.936935
6.45276
0.956573
6.81333
0.976565
7.19331
0.996897
7.59345
1.01703
8.0153
1.03752
8.45918
1.05759
8.92692
1.07764
9.41914
1.09757
9.93749
1.11678
10.4832
1.13569
11.0569
1.15426
11.6632
1.16742
9.14668
1.18107
10.0556
1.19498
11.056
1.20925
12.1574
1.22327
13.3658
1.23725
14.6937
1.2513
16.1572
1.26428
17.7569
1.27811
19.532
1.28889
21.4459
1.30321
23.6283
1.30992
25.8579
28.7551
-0.745721
0.361479
-0.747517
0.380717
-0.749597
0.401182
-0.751895
0.422888
-0.754317
0.445854
-0.756848
0.470089
-0.759469
0.495622
-0.762233
0.522567
-0.765075
0.550949
-0.768078
0.580864
-0.771204
0.612447
-0.774483
0.645715
-0.777878
0.680801
-0.781446
0.717769
-0.785153
0.756765
-0.789064
0.797913
-0.79312
0.84124
-0.797379
0.886936
-0.801794
0.935154
-0.806462
0.985958
-0.811293
1.03954
-0.816393
1.09607
-0.82164
1.15561
-0.827207
1.21845
-0.832946
1.28471
-0.839019
1.35457
-0.845275
1.42819
-0.851891
1.50594
-0.858701
1.58799
-0.865897
1.67446
-0.873298
1.76536
-0.881105
1.86168
-0.88913
1.96323
-0.897577
2.07002
-0.906265
2.18307
-0.915373
2.30193
-0.924716
2.42767
-0.934497
2.56007
-0.944501
2.69993
-0.954972
2.84751
-0.965649
3.00313
-0.976766
3.1673
-0.988128
3.34059
-0.999862
3.5236
-1.01183
3.7166
-1.02417
3.92016
-1.03672
4.13516
-1.04958
4.36217
-1.06263
4.60167
-1.07593
4.85465
-1.0894
5.12138
-1.10307
5.40324
-1.11693
5.70056
-1.13078
6.01445
-1.14482
6.34602
-1.15893
6.69551
-1.17292
7.06475
-1.18707
7.45433
-1.20131
7.86572
-1.2153
8.29974
-1.22928
8.75796
-1.24324
9.24155
-1.25726
9.75184
-1.27079
10.2901
-1.28436
10.8578
-1.29802
11.4567
-1.3113
12.0894
-1.32073
9.2582
-1.33079
10.1855
-1.34157
11.2027
-1.35238
12.3255
-1.36408
13.5582
-1.37565
14.9138
-1.38759
16.4014
-1.39953
18.0335
-1.4123
19.8228
-1.42572
21.7966
-1.44493
23.9946
-1.46259
26.4786
29.2047
-0.834934
0.834118
0.350924
0.833573
0.370762
0.83302
0.391649
0.832382
0.413579
0.831404
0.436593
0.829932
0.460599
0.82759
0.48555
0.824157
0.511377
0.819104
0.537934
0.812081
0.565034
0.802535
0.592462
0.790124
0.619975
0.774474
0.647242
0.755622
0.674079
0.733815
0.700362
0.709986
0.726231
0.685617
0.752121
0.662903
0.779064
0.644092
0.808615
0.631187
0.842485
0.625115
0.882399
0.625706
0.929412
0.631603
0.983889
0.64095
1.04532
0.651797
1.11267
0.662577
1.18491
0.672508
1.26096
0.681567
1.34035
0.689912
1.42291
0.697958
1.50943
0.705771
1.60002
0.713737
1.69481
0.721602
1.79527
0.72971
1.90057
0.737928
2.01181
0.74637
2.12925
0.755091
2.2531
0.764134
2.38376
0.773381
2.52146
0.782873
2.66661
0.792777
2.81947
0.803047
2.98092
0.813718
3.15089
0.82498
3.33012
0.836567
3.51964
0.848865
3.71916
0.861594
3.92965
0.874894
4.15181
0.888837
4.38601
0.903424
4.63382
0.918647
4.89504
0.934641
5.17077
0.951097
5.46204
0.96798
5.76912
0.985549
6.0932
1.00376
6.43455
1.02225
6.79483
1.04111
7.17445
1.0601
7.57446
1.07963
7.99578
1.09894
8.43986
1.11845
8.90741
1.13789
9.3997
1.15716
9.91821
1.17635
10.464
1.19485
11.0384
1.2131
11.6449
1.22643
9.13334
1.24012
10.0419
1.25417
11.0419
1.26842
12.1432
1.28298
13.3513
1.29723
14.6795
1.31191
16.1425
1.32515
17.7437
1.34004
19.5172
1.35079
21.4351
1.36678
23.6123
1.37302
25.8517
28.7358
-0.836289
0.36274
-0.837898
0.382239
-0.839699
0.402927
-0.841643
0.424786
-0.843686
0.447859
-0.845815
0.472192
-0.848055
0.497828
-0.850391
0.524881
-0.852854
0.553375
-0.855417
0.583407
-0.858111
0.615099
-0.860924
0.648508
-0.863909
0.68374
-0.86699
0.720834
-0.870251
0.759975
-0.873629
0.801277
-0.877206
0.844763
-0.880905
0.890627
-0.884826
0.93902
-0.888881
0.990008
-0.89318
1.04378
-0.897609
1.1005
-0.902333
1.16028
-0.9072
1.22332
-0.912303
1.28975
-0.917618
1.3599
-0.923306
1.43382
-0.929195
1.51184
-0.935382
1.59412
-0.941669
1.68077
-0.948448
1.77208
-0.955358
1.86861
-0.962798
1.97062
-0.970249
2.07749
-0.978219
2.19098
-0.986513
2.31025
-0.995188
2.43629
-1.004
2.56891
-1.01333
2.70921
-1.02288
2.85709
-1.03289
3.0131
-1.04323
3.17767
-1.0539
3.35123
-1.06482
3.53455
-1.07626
3.72801
-1.0878
3.93172
-1.09983
4.14717
-1.11211
4.37448
-1.12467
4.61422
-1.13758
4.86759
-1.15064
5.13445
-1.16395
5.41656
-1.17751
5.71413
-1.19142
6.02838
-1.20514
6.35974
-1.21916
6.70954
-1.23348
7.07907
-1.24751
7.46837
-1.26181
7.88
-1.27613
8.31406
-1.29047
8.77228
-1.30478
9.25586
-1.31906
9.7661
-1.33324
10.3044
-1.34758
10.8722
-1.36138
11.4705
-1.37533
12.1034
-1.38541
9.26834
-1.39606
10.1961
-1.40721
11.2139
-1.41892
12.3371
-1.4311
13.5704
-1.44367
14.9264
-1.45641
16.4141
-1.46941
18.0465
-1.48283
19.8362
-1.49755
21.8113
-1.51878
24.0158
-1.53605
26.4959
29.235
-1.49156
1.48999
0.351963
1.4888
0.371769
1.48786
0.392385
1.48701
0.414299
1.48616
0.437273
1.48494
0.461747
1.48336
0.486997
1.48091
0.513787
1.47716
0.541584
1.47153
0.570649
1.4636
0.600307
1.45233
0.631244
1.43701
0.662495
1.41702
0.694073
1.39152
0.725805
1.36081
0.756952
1.32515
0.787733
1.28629
0.817942
1.24673
0.848135
1.21001
0.879217
1.17967
0.912699
1.15899
0.950095
1.14908
0.993763
1.14965
1.04477
1.15858
1.1037
1.17272
1.17077
1.18898
1.24468
1.2049
1.32442
1.21922
1.40857
1.23177
1.49687
1.24308
1.58868
1.25357
1.68431
1.26388
1.78494
1.27416
1.89028
1.28443
2.00152
1.29473
2.11893
1.30496
2.24286
1.3154
2.3733
1.32582
2.51102
1.3365
2.65592
1.34709
2.80888
1.35802
2.96998
1.36909
3.13981
1.38025
3.31895
1.39194
3.50794
1.40379
3.7073
1.41606
3.91737
1.42866
4.1392
1.44152
4.37314
1.45493
4.62039
1.46878
4.88119
1.48256
5.15697
1.49685
5.44775
1.51141
5.75454
1.52592
6.07869
1.54042
6.42004
1.55484
6.78041
1.56905
7.16023
1.5828
7.56071
1.59594
7.98263
1.60851
8.42729
1.62002
8.8959
1.63048
9.38923
1.6394
9.90929
1.64696
10.4565
1.65286
11.0325
1.65679
11.641
1.65801
9.13211
1.6578
10.0421
1.65603
11.0437
1.65212
12.1471
1.64608
13.3573
1.63682
14.6887
1.62488
16.1545
1.608
17.7605
1.5886
19.5366
1.56038
21.4633
1.53342
23.6392
1.48786
25.8972
28.7628
-1.49308
0.364035
-1.49479
0.383712
-1.49668
0.404621
-1.49876
0.426652
-1.50078
0.449724
-1.50307
0.474326
-1.50545
0.50007
-1.50776
0.527079
-1.51045
0.55596
-1.51304
0.585916
-1.51586
0.617823
-1.51882
0.651412
-1.52197
0.686803
-1.52511
0.723932
-1.52857
0.763349
-1.53223
0.804907
-1.5359
0.848353
-1.53989
0.894593
-1.54399
0.943039
-1.54835
0.994352
-1.55293
1.04827
-1.55757
1.10513
-1.56252
1.16514
-1.56775
1.22856
-1.57331
1.29521
-1.57902
1.36562
-1.58489
1.43959
-1.591
1.51797
-1.59759
1.60061
-1.60444
1.68764
-1.6115
1.77904
-1.619
1.87614
-1.6266
1.97811
-1.63464
2.08556
-1.64311
2.19936
-1.65159
2.31877
-1.66068
2.44529
-1.66994
2.57821
-1.67967
2.71884
-1.68959
2.86705
-1.69997
3.0234
-1.71055
3.1883
-1.72142
3.36203
-1.73265
3.54584
-1.74397
3.73928
-1.75566
3.94347
-1.76738
4.15887
-1.77946
4.38662
-1.79151
4.62626
-1.80371
4.87984
-1.81596
5.1467
-1.82813
5.42877
-1.84025
5.72626
-1.85203
6.0402
-1.86383
6.37156
-1.87502
6.72076
-1.88594
7.09001
-1.89653
7.47897
-1.90636
7.88985
-1.91575
8.32346
-1.92445
8.78099
-1.93199
9.2634
-1.93869
9.77281
-1.94451
10.3102
-1.94897
10.8767
-1.95253
11.474
-1.95458
12.1055
-1.95486
9.26859
-1.95438
10.1957
-1.95283
11.2123
-1.95001
12.3344
-1.94569
13.566
-1.93953
14.9202
-1.93084
16.4054
-1.91923
18.0349
-1.90508
19.822
-1.88942
21.7956
-1.87488
24.0013
-1.85649
26.4775
29.212
-1.68329
1.68245
0.352972
1.68196
0.37236
1.68126
0.393131
1.68073
0.41491
1.68011
0.437915
1.67987
0.46205
1.67924
0.487634
1.67845
0.514626
1.6772
0.542827
1.67528
0.572602
1.67207
0.603495
1.66741
0.635936
1.66009
0.6698
1.64983
0.704349
1.63536
0.740253
1.61608
0.776256
1.59123
0.812565
1.56055
0.848632
1.52451
0.884158
1.48481
0.918933
1.444
0.953491
1.40543
0.988677
1.37307
1.02611
1.35033
1.06752
1.33844
1.11557
1.33775
1.17147
1.34596
1.23646
1.35991
1.31048
1.3763
1.39217
1.39238
1.48079
1.40669
1.57437
1.41898
1.67202
1.42977
1.77415
1.43968
1.88037
1.44952
1.99168
1.45941
2.10905
1.46945
2.23282
1.47901
2.36373
1.4887
2.50133
1.49814
2.64647
1.50741
2.79961
1.51673
2.96065
1.52602
3.13051
1.53547
3.30949
1.54501
3.4984
1.55465
3.69764
1.56443
3.90759
1.57423
4.12939
1.58443
4.36295
1.59491
4.60989
1.60543
4.87067
1.61622
5.14616
1.62731
5.43666
1.63833
5.74351
1.64957
6.06745
1.66064
6.40895
1.67167
6.76939
1.6824
7.14949
1.69291
7.55019
1.70293
7.9726
1.7122
8.41802
1.72074
8.88735
1.72828
9.38169
1.73483
9.90273
1.73991
10.4514
1.74358
11.0289
1.74552
11.6391
1.74521
9.13242
1.74373
10.0436
1.74047
11.047
1.73519
12.1524
1.72798
13.3645
1.7177
14.699
1.70458
16.1676
1.68639
17.7787
1.66597
19.557
1.63659
21.4927
1.60824
23.6676
1.56079
25.9447
28.7898
-1.68388
0.364736
-1.68464
0.384561
-1.68569
0.405757
-1.68658
0.427615
-1.68789
0.451107
-1.68907
0.475549
-1.69038
0.501429
-1.692
0.52872
-1.69348
0.55746
-1.69526
0.587707
-1.69721
0.619775
-1.69919
0.653378
-1.70133
0.68894
-1.70365
0.726236
-1.70616
0.765843
-1.70857
0.807291
-1.71147
0.851228
-1.71427
0.897377
-1.71729
0.946029
-1.72038
0.997417
-1.72387
1.05172
-1.72741
1.10866
-1.73124
1.16893
-1.73514
1.23245
-1.73921
1.29922
-1.74351
1.36992
-1.74816
1.44418
-1.7529
1.52271
-1.75788
1.60552
-1.76312
1.69289
-1.76862
1.78448
-1.77425
1.88178
-1.78034
1.98412
-1.78657
2.09181
-1.79298
2.20569
-1.79986
2.32568
-1.80679
2.45214
-1.81422
2.58567
-1.82188
2.72643
-1.82973
2.87494
-1.83799
3.0316
-1.84614
3.19648
-1.85502
3.37085
-1.86397
3.55482
-1.87315
3.74842
-1.88258
3.95293
-1.8924
4.16865
-1.90211
4.39636
-1.91235
4.63647
-1.92229
4.88981
-1.93271
5.1571
-1.94296
5.43904
-1.95307
5.73635
-1.96331
6.05045
-1.97333
6.38156
-1.98323
6.73067
-1.99262
7.0994
-2.00183
7.48818
-2.01061
7.89863
-2.01892
8.33177
-2.02627
8.78836
-2.03321
9.27034
-2.03926
9.77887
-2.04437
10.3153
-2.04852
10.8808
-2.05138
11.4769
-2.05323
12.1073
-2.05329
9.2687
-2.05262
10.195
-2.05084
11.2106
-2.04801
12.3315
-2.04343
13.5615
-2.03718
14.9139
-2.02796
16.3962
-2.01598
18.0229
-2.00167
19.8077
-1.9861
21.7801
-1.97121
23.9864
-1.95221
26.4585
29.1877
-1.87324
1.87303
0.353549
1.87257
0.373002
1.87211
0.393691
1.87179
0.415365
1.8715
0.438257
1.87121
0.462433
1.8711
0.48777
1.87091
0.514876
1.87066
0.543095
1.8703
0.573007
1.86945
0.604349
1.86792
0.637501
1.86558
0.672137
1.86169
0.708272
1.85561
0.746329
1.84641
0.785488
1.83316
0.82581
1.81474
0.867075
1.79055
0.908349
1.75977
0.949733
1.72304
0.99022
1.68184
1.0299
1.63867
1.06928
1.59734
1.10886
1.56214
1.15078
1.53661
1.19701
1.52304
1.25004
1.52117
1.31235
1.52919
1.38417
1.54328
1.4667
1.55995
1.55772
1.57603
1.65593
1.59015
1.76004
1.60183
1.86868
1.612
1.98152
1.62153
2.0995
1.63094
2.22342
1.64059
2.35407
1.65004
2.49188
1.65903
2.63747
1.66767
2.79097
1.67591
2.9524
1.68407
3.12235
1.69208
3.30147
1.70004
3.49045
1.70792
3.68976
1.71575
3.89976
1.72356
4.12157
1.73147
4.35504
1.7392
4.60214
1.74729
4.86259
1.75539
5.13804
1.76355
5.42851
1.7717
5.73535
1.7797
6.05946
1.78781
6.40082
1.79571
6.7615
1.8033
7.14189
1.81039
7.5431
1.81723
7.96575
1.82341
8.41184
1.82898
8.88176
1.83371
9.37697
1.83745
9.89898
1.83993
10.4489
1.84101
11.0278
1.8406
11.6395
1.83876
9.13424
1.83569
10.0466
1.83074
11.0519
1.82433
12.1588
1.81554
13.3733
1.80375
14.7108
1.7892
16.1822
1.76997
17.798
1.74793
19.579
1.71741
21.5232
1.68732
23.6977
1.63864
25.9933
28.8179
-1.87324
0.364921
-1.87355
0.385004
-1.87366
0.405997
-1.87424
0.428267
-1.87462
0.451565
-1.87515
0.476119
-1.8758
0.502122
-1.87677
0.529701
-1.87754
0.558255
-1.87864
0.588798
-1.87971
0.620856
-1.88111
0.654765
-1.88233
0.690167
-1.88389
0.727779
-1.88546
0.767402
-1.8872
0.809017
-1.88896
0.852981
-1.89092
0.899315
-1.89306
0.94816
-1.89541
0.999753
-1.89782
1.05412
-1.90044
1.11127
-1.90314
1.1716
-1.9059
1.23521
-1.90892
1.30222
-1.91219
1.37318
-1.91558
1.44755
-1.91907
1.5262
-1.92288
1.6093
-1.92679
1.6968
-1.93089
1.78854
-1.93528
1.88618
-1.93973
1.98853
-1.94447
2.09657
-1.94964
2.21081
-1.95462
2.33068
-1.96023
2.4577
-1.96584
2.5913
-1.97177
2.73231
-1.97789
2.88108
-1.98419
3.03784
-1.99103
3.20335
-1.9979
3.37767
-2.00483
3.56178
-2.0123
3.75585
-2.01968
3.96033
-2.02743
4.17638
-2.03527
4.40423
-2.0433
4.64448
-2.05141
4.89794
-2.05967
5.16535
-2.06799
5.44738
-2.07641
5.74477
-2.08468
6.05873
-2.0928
6.38968
-2.10091
6.73878
-2.10899
7.10749
-2.11663
7.49582
-2.12397
7.90597
-2.13076
8.33856
-2.13713
8.79473
-2.14304
9.27624
-2.148
9.78384
-2.15218
10.3195
-2.1555
10.8841
-2.15779
11.4792
-2.15866
12.1082
-2.15852
9.2685
-2.15739
10.1939
-2.15538
11.2085
-2.15209
12.3282
-2.1475
13.5568
-2.14055
14.907
-2.13125
16.3869
-2.1191
18.0107
-2.10442
19.793
-2.08917
21.7648
-2.07381
23.971
-2.05495
26.4396
29.1614
-2.06536
2.06495
0.353839
2.06455
0.373377
2.06419
0.393997
2.06396
0.415588
2.06378
0.438389
2.06358
0.462632
2.06345
0.487862
2.06345
0.514881
2.06334
0.543181
2.06331
0.573043
2.06326
0.604375
2.06317
0.637602
2.06268
0.672604
2.06182
0.709144
2.06017
0.74796
2.05713
0.788538
2.05193
0.831001
2.04381
0.875199
2.03146
0.920699
2.01397
0.967225
1.98993
1.01425
1.95858
1.06125
1.92062
1.10724
1.87721
1.15227
1.83122
1.19678
1.78679
1.24145
1.74858
1.28825
1.72097
1.33996
1.7059
1.39925
1.70391
1.46868
1.71223
1.54941
1.72696
1.6412
1.74385
1.74316
1.75963
1.85289
1.77285
1.96831
1.78347
2.08887
1.79287
2.21403
1.8018
2.34514
1.81079
2.48291
1.81997
2.62828
1.82868
2.78228
1.8365
2.94457
1.84383
3.11503
1.85088
3.29441
1.85755
3.48379
1.86402
3.68327
1.87033
3.89346
1.87642
4.11546
1.88227
4.3492
1.88808
4.59631
1.89382
4.85686
1.89944
5.13241
1.90501
5.42294
1.91047
5.72987
1.91587
6.05407
1.92098
6.3957
1.92583
6.75665
1.93035
7.13735
1.93472
7.53874
1.93835
7.96212
1.94172
8.40847
1.94423
8.87924
1.946
9.3752
1.94674
9.89824
1.94656
10.4491
1.94516
11.0292
1.94248
11.6421
1.93886
9.13787
1.93388
10.0516
1.92752
11.0583
1.91907
12.1672
1.90878
13.3836
1.89553
14.7241
1.87948
16.1982
1.85844
17.819
1.83506
19.6024
1.80322
21.5551
1.77131
23.7296
1.7212
26.0434
28.8466
-2.06529
0.364827
-2.06517
0.384826
-2.06491
0.405734
-2.06495
0.428263
-2.06487
0.451485
-2.06508
0.4763
-2.0652
0.502245
-2.06529
0.529778
-2.0658
0.558768
-2.06612
0.589109
-2.06655
0.621295
-2.06698
0.655178
-2.06768
0.690877
-2.06838
0.728473
-2.06922
0.768252
-2.07007
0.809854
-2.07123
0.854151
-2.07241
0.900491
-2.07376
0.949513
-2.07514
1.00113
-2.07638
1.05535
-2.07816
1.11304
-2.07981
1.17325
-2.08184
1.23724
-2.08394
1.30431
-2.08594
1.37518
-2.08836
1.44995
-2.09085
1.52869
-2.09347
1.61189
-2.09617
1.69951
-2.09918
1.79152
-2.10213
1.88914
-2.10559
1.99196
-2.109
2.09998
-2.11262
2.2144
-2.11654
2.33462
-2.12053
2.46165
-2.12468
2.59546
-2.12909
2.73668
-2.13368
2.88568
-2.13856
3.04268
-2.14329
3.20809
-2.14852
3.38287
-2.1538
3.56707
-2.15943
3.76144
-2.16512
3.96604
-2.17098
4.18221
-2.17694
4.4102
-2.18325
4.65076
-2.18967
4.90435
-2.19605
5.17171
-2.20254
5.45386
-2.20896
5.75117
-2.21547
6.06523
-2.22207
6.39626
-2.22836
6.74505
-2.23451
7.11362
-2.2405
7.50179
-2.24609
7.91155
-2.25164
8.3441
-2.2567
8.79978
-2.26102
9.28055
-2.26493
9.78775
-2.268
10.3226
-2.27021
10.8863
-2.27165
11.4806
-2.27215
12.1086
-2.27133
9.26771
-2.26977
10.1923
-2.26711
11.2059
-2.26341
12.3245
-2.25817
13.5516
-2.25101
14.8998
-2.24109
16.377
-2.2284
17.998
-2.21376
19.7784
-2.19848
21.7495
-2.18339
23.9559
-2.16514
26.4214
29.1333
-2.26073
2.26037
0.354105
2.26015
0.373565
2.25999
0.394113
2.25993
0.415623
2.25977
0.438511
2.25971
0.462672
2.25973
0.487802
2.2597
0.514908
2.2599
0.542944
2.26005
0.572896
2.26008
0.604323
2.26019
0.637496
2.26048
0.672298
2.26043
0.709197
2.26024
0.748136
2.2596
0.789183
2.25852
0.832076
2.25617
0.877553
2.25179
0.925074
2.24437
0.974656
2.23275
1.02586
2.21552
1.07849
2.19101
1.13175
2.15875
1.18453
2.11887
1.23667
2.07275
1.28757
2.0236
1.3374
1.97586
1.3877
1.93522
1.4399
1.90581
1.4981
1.89041
1.56481
1.88898
1.64263
1.89826
1.73389
1.91369
1.83746
1.93054
1.95147
1.94532
2.07408
1.95708
2.20228
1.96641
2.3358
1.97476
2.47456
1.98284
2.62019
1.99117
2.77396
1.99927
2.93645
2.00642
3.10788
2.01266
3.28816
2.01843
3.47802
2.02365
3.67804
2.02862
3.88849
2.03329
4.11078
2.03737
4.34512
2.0414
4.59226
2.04487
4.8534
2.04861
5.12865
2.0517
5.41987
2.05473
5.72681
2.05763
6.05118
2.05999
6.39332
2.0622
6.75445
2.06403
7.1355
2.06536
7.53742
2.06628
7.96119
2.06646
8.4083
2.06617
8.87952
2.06505
9.37633
2.06318
9.90009
2.06017
10.4521
2.0561
11.0332
2.05093
11.6473
2.04546
9.14333
2.03853
10.0585
2.0303
11.0665
2.02011
12.1774
2.00765
13.3961
1.99265
14.7391
1.97485
16.216
1.95272
17.8412
1.92742
19.6277
1.89398
21.5885
1.86072
23.7628
1.80888
26.0953
28.875
-2.26018
0.364248
-2.25952
0.384132
-2.25925
0.405439
-2.25856
0.42753
-2.25825
0.451164
-2.25788
0.475892
-2.25756
0.501921
-2.25736
0.52955
-2.25707
0.55847
-2.25689
0.588912
-2.2568
0.621212
-2.25668
0.65504
-2.25684
0.691037
-2.25697
0.72859
-2.25705
0.768338
-2.25745
0.810248
-2.25766
0.854359
-2.2582
0.901025
-2.25872
0.95004
-2.25925
1.00165
-2.26012
1.05622
-2.26084
1.11376
-2.26192
1.17433
-2.26286
1.23818
-2.26401
1.30545
-2.26538
1.37654
-2.2668
1.45137
-2.26828
1.53017
-2.27002
1.61362
-2.27165
1.70113
-2.27373
1.79359
-2.27573
1.89113
-2.27786
1.99407
-2.28009
2.10221
-2.28265
2.21694
-2.28517
2.33713
-2.28786
2.46432
-2.2907
2.5983
-2.29375
2.7397
-2.2968
2.88872
-2.30026
3.04612
-2.30374
3.21157
-2.30731
3.38641
-2.3111
3.57087
-2.31502
3.76532
-2.31918
3.9702
-2.32329
4.1863
-2.32768
4.41459
-2.33203
4.6551
-2.33649
4.90881
-2.34109
5.1763
-2.34582
5.45857
-2.35048
5.75582
-2.35528
6.07001
-2.35982
6.40079
-2.36449
6.7497
-2.36888
7.11801
-2.3734
7.50628
-2.37759
7.91574
-2.38125
8.34774
-2.38471
8.80324
-2.38776
9.28358
-2.39033
9.79032
-2.39221
10.3244
-2.39333
10.8875
-2.39347
11.4808
-2.39294
12.1081
-2.39151
9.26623
-2.38932
10.1902
-2.38628
11.2028
-2.38197
12.3202
-2.37614
13.5458
-2.36818
14.8919
-2.35796
16.3667
-2.34498
17.9851
-2.32994
19.7633
-2.31554
21.7351
-2.30109
23.9415
-2.28296
26.4032
29.1046
-2.4602
2.45985
0.354445
2.45976
0.373649
2.45975
0.394124
2.45964
0.415733
2.4596
0.438543
2.45966
0.462621
2.45962
0.487833
2.45985
0.51468
2.45981
0.542975
2.46005
0.572665
2.46035
0.604007
2.46057
0.637282
2.46067
0.672189
2.46085
0.709028
2.46087
0.748102
2.46111
0.788953
2.46093
0.832248
2.46074
0.877745
2.45971
0.926105
2.45789
0.976481
2.45394
1.0298
2.44712
1.08532
2.43592
1.14295
2.41837
1.20209
2.39304
1.262
2.3591
1.32151
2.31648
1.38002
2.2671
1.43708
2.2143
1.4927
2.16348
1.54892
2.12069
1.60761
2.09063
1.6727
2.07604
1.74848
2.07614
1.83736
2.08692
1.9407
2.10329
2.05771
2.11941
2.18618
2.13284
2.32236
2.14267
2.46474
2.15048
2.61238
2.15787
2.76658
2.16518
2.92912
2.1725
3.10058
2.17894
3.2817
2.18408
3.47289
2.18823
3.67387
2.19183
3.88491
2.19487
4.10773
2.19762
4.34239
2.19968
4.59018
2.20152
4.85157
2.20282
5.12732
2.20405
5.41865
2.2048
5.72603
2.205
6.05099
2.20492
6.39338
2.20448
6.75491
2.20361
7.13635
2.20221
7.53884
2.20021
7.96317
2.19767
8.41085
2.19452
8.88265
2.1906
9.38026
2.18585
9.90484
2.18024
10.4577
2.17351
11.0399
2.16548
11.6553
2.15816
9.15065
2.14963
10.067
2.13932
11.0768
2.12697
12.1898
2.1129
13.4102
2.09609
14.7559
2.0765
16.2356
2.05226
17.8654
2.02523
19.6547
1.99024
21.6235
1.95539
23.7977
1.90195
26.1487
28.902
-2.45922
0.363265
-2.45845
0.383359
-2.45754
0.404537
-2.45685
0.42685
-2.45604
0.450366
-2.45513
0.474976
-2.45444
0.501251
-2.45367
0.528781
-2.45297
0.55778
-2.45237
0.588307
-2.45185
0.620704
-2.45145
0.654631
-2.45079
0.690387
-2.45043
0.728229
-2.45
0.76792
-2.44972
0.80996
-2.44956
0.854206
-2.44938
0.90084
-2.44915
0.949823
-2.44928
1.00177
-2.44937
1.05633
-2.44948
1.11385
-2.44957
1.17442
-2.45004
1.23864
-2.45033
1.30575
-2.45084
1.37704
-2.45137
1.4519
-2.45213
1.53092
-2.45275
1.61424
-2.45379
1.70217
-2.45454
1.79433
-2.45572
1.89231
-2.45681
1.99514
-2.45817
2.10356
-2.45947
2.21822
-2.46086
2.33852
-2.46259
2.46602
-2.46426
2.59996
-2.4661
2.74152
-2.4679
2.89052
-2.46991
3.0481
-2.47191
3.21356
-2.47414
3.38861
-2.47657
3.57329
-2.47889
3.76762
-2.48146
3.97275
-2.48411
4.18894
-2.48686
4.41732
-2.48952
4.65774
-2.49249
4.91176
-2.49539
5.17918
-2.49824
5.4614
-2.50121
5.75878
-2.50397
6.07274
-2.50705
6.40386
-2.50975
6.75236
-2.51259
7.12084
-2.51504
7.50869
-2.51761
7.91831
-2.51975
8.34985
-2.52177
8.80526
-2.5233
9.28508
-2.52406
9.79107
-2.52466
10.325
-2.52445
10.8872
-2.52379
11.4801
-2.52205
12.1063
-2.51984
9.26402
-2.51689
10.1871
-2.51306
11.199
-2.50823
12.3154
-2.50165
13.5392
-2.49321
14.8834
-2.4822
16.3557
-2.4689
17.9717
-2.45433
19.7488
-2.4403
21.721
-2.42647
23.9276
-2.40982
26.3866
29.0766
-2.66693
2.66712
0.354364
2.66697
0.373859
2.66705
0.394082
2.66702
0.415804
2.66704
0.438541
2.66716
0.462542
2.66715
0.487851
2.66706
0.514797
2.6674
0.542637
2.66749
0.572602
2.66746
0.604037
2.66771
0.637045
2.66785
0.672056
2.66788
0.709007
2.66815
0.747832
2.66832
0.788799
2.66835
0.832217
2.66826
0.877844
2.66835
0.926018
2.66796
0.976869
2.6672
1.03057
2.66538
1.08715
2.66184
1.14648
2.65515
1.20878
2.64365
1.2735
2.62559
1.33957
2.59877
1.40685
2.56217
1.47367
2.51599
1.53888
2.4625
1.6024
2.40573
1.66439
2.35192
1.7265
2.3077
1.79272
2.27828
1.86676
2.26582
1.95317
2.26804
2.05547
2.28043
2.1738
2.29576
2.30701
2.30968
2.45084
2.31949
2.60255
2.32629
2.75979
2.33186
2.92353
2.33774
3.09471
2.34381
3.27561
2.34948
3.46724
2.3541
3.66924
2.35712
3.8819
2.35901
4.10582
2.36038
4.34104
2.36116
4.58937
2.36166
4.85109
2.36128
5.12768
2.36051
5.41945
2.35911
5.72739
2.35742
6.05271
2.35499
6.39578
2.35213
6.75778
2.3486
7.13986
2.34468
7.54278
2.33995
7.96787
2.33488
8.41594
2.32884
8.88867
2.32228
9.38683
2.31457
9.91254
2.3063
10.466
2.29702
11.0492
2.28659
11.6658
2.27747
9.15976
2.26684
10.0777
2.25447
11.0891
2.24039
12.2039
2.22431
13.4262
2.20534
14.7749
2.18375
16.2572
2.15782
17.8913
2.12911
19.6834
2.09236
21.6602
2.05652
23.8335
2.00041
26.2048
28.9244
-2.66588
0.362281
-2.66487
0.382394
-2.6637
0.403412
-2.66259
0.425754
-2.66149
0.449305
-2.66046
0.473951
-2.65928
0.500094
-2.65818
0.527676
-2.65712
0.556734
-2.65615
0.587327
-2.65505
0.619617
-2.65406
0.653623
-2.65313
0.689463
-2.65213
0.727219
-2.65121
0.767009
-2.65042
0.809159
-2.64955
0.853338
-2.64864
0.899912
-2.64802
0.949206
-2.64718
1.00093
-2.64667
1.05581
-2.64613
1.11331
-2.64556
1.17385
-2.64498
1.23806
-2.64475
1.30552
-2.64436
1.37664
-2.64396
1.45151
-2.64377
1.53072
-2.6436
1.61406
-2.64347
1.70203
-2.64356
1.79442
-2.64353
1.89227
-2.64374
1.99535
-2.64402
2.10384
-2.64421
2.2184
-2.64467
2.33898
-2.64487
2.46621
-2.64538
2.60046
-2.64601
2.74215
-2.6466
2.8911
-2.64717
3.04866
-2.6481
3.21448
-2.64903
3.38953
-2.64979
3.57405
-2.65077
3.76859
-2.6518
3.97378
-2.65289
4.19002
-2.65387
4.41829
-2.65512
4.65899
-2.65629
4.91292
-2.65738
5.18026
-2.65861
5.46261
-2.65997
5.76014
-2.66114
6.07388
-2.66208
6.4048
-2.66344
6.7537
-2.66441
7.1218
-2.66542
7.50968
-2.66603
7.91891
-2.66668
8.35046
-2.66689
8.80546
-2.66692
9.28507
-2.66648
9.79063
-2.66562
10.3241
-2.66426
10.8859
-2.66199
11.4778
-2.65938
12.1037
-2.65626
9.26086
-2.65241
10.1833
-2.64814
11.1947
-2.64241
12.3097
-2.6352
13.532
-2.62593
14.8742
-2.61423
16.344
-2.60064
17.9581
-2.58619
19.7343
-2.57318
21.708
-2.56118
23.9156
-2.54616
26.3716
29.0525
-2.87806
2.87783
0.35449
2.87772
0.37393
2.87727
0.394466
2.87708
0.415945
2.87695
0.438618
2.87671
0.462741
2.87653
0.48798
2.87645
0.514857
2.87625
0.542797
2.87615
0.572685
2.87612
0.604037
2.87601
0.637145
2.87597
0.672074
2.87584
0.709137
2.87577
0.747886
2.87559
0.788973
2.87547
0.832329
2.87523
0.878079
2.87507
0.92618
2.87479
0.977145
2.87437
1.03099
2.87391
1.08761
2.87277
1.14762
2.87081
1.21073
2.86713
1.27719
2.8599
1.34679
2.84743
1.41934
2.82762
1.49347
2.7982
1.56831
2.75766
1.64292
2.70684
1.71523
2.64814
1.78519
2.58722
1.85365
2.53138
1.92259
2.48803
1.99654
2.46244
2.08104
2.45596
2.1803
2.46473
2.29823
2.48135
2.43423
2.49874
2.58514
2.51136
2.74719
2.5186
2.91627
2.52227
3.09106
2.52488
3.27298
2.52768
3.46445
2.5304
3.6665
2.53242
3.8799
2.53317
4.10506
2.53249
4.34173
2.53091
4.59093
2.52867
4.85335
2.52615
5.13016
2.52294
5.42268
2.51929
5.73101
2.51515
6.05687
2.51025
6.40063
2.50494
6.76312
2.49893
7.14582
2.49238
7.54934
2.48522
7.97501
2.47737
8.4238
2.46878
8.89723
2.45936
9.39626
2.44943
9.92245
2.43847
10.4769
2.42662
11.061
2.41393
11.6785
2.40271
9.17096
2.39022
10.0901
2.37612
11.1032
2.35996
12.22
2.34176
13.4444
2.32085
14.7958
2.29729
16.2808
2.26953
17.9191
2.23895
19.714
2.20033
21.6988
2.16355
23.8703
2.10319
26.2651
28.9353
-2.87702
0.361235
-2.87584
0.381166
-2.87462
0.40219
-2.87344
0.424548
-2.87207
0.447931
-2.87093
0.472787
-2.8698
0.498962
-2.86854
0.526393
-2.86711
0.555307
-2.86575
0.58595
-2.86443
0.618297
-2.86319
0.652366
-2.86182
0.688088
-2.86053
0.72592
-2.85932
0.765794
-2.85802
0.80785
-2.85682
0.852127
-2.85553
0.898616
-2.85435
0.948024
-2.85329
0.999864
-2.85199
1.05451
-2.85082
1.11213
-2.84978
1.17281
-2.84871
1.23698
-2.8476
1.30441
-2.84665
1.37569
-2.84568
1.45053
-2.84471
1.52974
-2.8439
1.61326
-2.84293
1.70104
-2.84213
1.79364
-2.84119
1.89131
-2.84044
1.99461
-2.83956
2.10295
-2.83889
2.21774
-2.83811
2.33818
-2.83737
2.46548
-2.83674
2.59981
-2.8358
2.74121
-2.83536
2.89065
-2.83465
3.04796
-2.83409
3.21391
-2.8333
3.38874
-2.83269
3.57342
-2.83226
3.76816
-2.83148
3.97298
-2.83111
4.18964
-2.83063
4.41778
-2.83001
4.65837
-2.82951
4.9124
-2.82891
5.17966
-2.82849
5.46215
-2.82761
5.75926
-2.82718
6.07339
-2.82652
6.40414
-2.82578
6.75289
-2.82505
7.12107
-2.82426
7.50883
-2.82332
7.91795
-2.8223
8.34939
-2.82093
8.80408
-2.81928
9.28337
-2.81748
9.78882
-2.81517
10.3218
-2.81229
10.883
-2.80927
11.4747
-2.80499
12.0994
-2.80108
9.25692
-2.79684
10.179
-2.79109
11.189
-2.7846
12.3031
-2.77662
13.524
-2.76667
14.8642
-2.75454
16.3319
-2.74048
17.944
-2.72681
19.7206
-2.71513
21.6963
-2.70438
23.9049
-2.69258
26.3597
29.0394
-3.10708
3.10703
0.354605
3.10702
0.373992
3.10706
0.394476
3.10716
0.415895
3.10712
0.438701
3.10714
0.462765
3.10702
0.48813
3.10717
0.514744
3.10719
0.542797
3.10729
0.572609
3.10728
0.604068
3.10716
0.63728
3.10714
0.672112
3.10739
0.708884
3.10737
0.747918
3.10744
0.788904
3.10742
0.832359
3.10749
0.878013
3.10747
0.926206
3.10735
0.977259
3.10737
1.03097
3.10734
1.08763
3.10729
1.14768
3.1073
1.21071
3.10681
1.2777
3.10541
1.34818
3.10251
1.42224
3.09564
1.50033
3.0829
1.58106
3.06165
1.66416
3.02881
1.74808
2.98274
1.83125
2.92368
1.91271
2.85454
1.99172
2.78167
2.06942
2.71413
2.14856
2.6597
2.23473
2.62538
2.33253
2.61236
2.44726
2.6163
2.58118
2.63006
2.73344
2.64606
2.90025
2.65951
3.07762
2.66894
3.26352
2.67575
3.45765
2.68134
3.66087
2.68594
3.8753
2.68926
4.1017
2.69106
4.33993
2.69082
4.5911
2.68916
4.85501
2.686
5.13324
2.68231
5.42637
2.67732
5.7359
2.67183
6.06235
2.66555
6.40681
2.65836
6.7703
2.65034
7.15374
2.64173
7.55793
2.63245
7.9842
2.62232
8.43391
2.61164
8.90782
2.60018
9.40768
2.5879
9.93466
2.57489
10.4899
2.56068
11.0752
2.54557
11.6936
2.53316
9.18331
2.5188
10.1045
2.50299
11.119
2.48504
12.2379
2.46497
13.4645
2.44222
14.8185
2.4172
16.3058
2.38681
17.9495
2.3557
19.7451
2.31152
21.743
2.28055
23.9012
2.20358
26.3421
28.9161
-3.10552
0.359707
-3.10396
0.379609
-3.10235
0.400608
-3.10076
0.422949
-3.09893
0.446119
-3.09711
0.470966
-3.09527
0.497137
-3.09326
0.524369
-3.09142
0.553477
-3.08942
0.583939
-3.08741
0.616305
-3.08527
0.650205
-3.08312
0.685955
-3.08104
0.723827
-3.0788
0.763555
-3.07663
0.805668
-3.07431
0.849815
-3.07208
0.896372
-3.06992
0.945869
-3.06748
0.997411
-3.06513
1.05215
-3.0629
1.10988
-3.06077
1.17069
-3.05841
1.2346
-3.05617
1.30217
-3.05391
1.3734
-3.05158
1.44821
-3.04946
1.52759
-3.0471
1.61091
-3.04496
1.69888
-3.04261
1.79129
-3.0405
1.88917
-3.0384
1.9925
-3.03617
2.10069
-3.03397
2.21554
-3.03187
2.33605
-3.03001
2.46362
-3.02789
2.59766
-3.02584
2.73917
-3.02377
2.88854
-3.0218
3.04598
-3.01983
3.2119
-3.01779
3.3867
-3.01599
3.57158
-3.01378
3.76594
-3.01203
3.97118
-3.0099
4.1875
-3.00808
4.41591
-3.0063
4.65658
-3.00429
4.91033
-3.00237
5.17772
-3.00028
5.45998
-2.99832
5.75729
-2.99628
6.07126
-2.99423
6.40207
-2.99236
6.75092
-2.99013
7.11882
-2.98791
7.50652
-2.98557
7.91559
-2.98325
8.34698
-2.98063
8.80143
-2.97783
9.28049
-2.97455
9.78551
-2.97108
10.3182
-2.96711
10.879
-2.9625
11.4701
-2.95758
12.0945
-2.95316
9.25245
-2.94774
10.1736
-2.9417
11.1828
-2.93437
12.2958
-2.92528
13.5149
-2.91419
14.8531
-2.901
16.3187
-2.88685
17.9299
-2.87283
19.7066
-2.86314
21.6866
-2.85637
23.8981
-2.83884
26.3422
29.0602
-3.37543
3.37502
3.3746
3.3742
3.37362
3.37306
3.37251
3.37199
3.37128
3.3704
3.36953
3.36868
3.36784
3.36682
3.36562
3.36444
3.36307
3.36172
3.36016
3.35842
3.35666
3.3547
3.35254
3.35041
3.3479
3.34543
3.34266
3.33916
3.33469
3.32804
3.31738
3.30087
3.27624
3.24158
3.19652
3.14273
3.08386
3.0267
2.97746
2.94164
2.92083
2.91286
2.91201
2.91297
2.91231
2.90948
2.90489
2.90022
2.89541
2.89016
2.88406
2.8771
2.86941
2.86112
2.85245
2.84317
2.83338
2.82318
2.81235
2.80097
2.78887
2.77626
2.76286
2.74899
2.73423
2.71868
2.70249
2.68539
2.6709
2.65498
2.63706
2.61709
2.59526
2.56985
2.54374
2.50865
2.48061
2.42342
2.40852
2.28927
-3.37408
-3.37268
-3.37127
-3.36962
-3.36814
-3.36643
-3.3645
-3.36274
-3.36076
-3.35875
-3.35654
-3.35429
-3.35204
-3.34959
-3.34712
-3.34445
-3.34178
-3.33912
-3.33606
-3.33322
-3.33018
-3.327
-3.32361
-3.32029
-3.31677
-3.31315
-3.30952
-3.30562
-3.30173
-3.29779
-3.29367
-3.28953
-3.28504
-3.28077
-3.27617
-3.27163
-3.2668
-3.26209
-3.25732
-3.25254
-3.24754
-3.24261
-3.23771
-3.23275
-3.2279
-3.22305
-3.21818
-3.21338
-3.20845
-3.20384
-3.19918
-3.19473
-3.1903
-3.18595
-3.1817
-3.17739
-3.17323
-3.16923
-3.16502
-3.16078
-3.15635
-3.15188
-3.14728
-3.1422
-3.13699
-3.13129
-3.12513
-3.11922
-3.11274
-3.10541
-3.09679
-3.08672
-3.07457
-3.06089
-3.04658
-3.03293
-3.02425
-3.02303
-2.98532
)
;

boundaryField
{
    inlet
    {
        type            calculated;
        value           nonuniform List<scalar> 
134
(
-35.2103
-36.2612
-43.7294
-39.837
-42.3286
-45.9324
-46.0483
-48.5304
-51.4983
-69.8162
5.66984
6.87397
5.90156
5.20784
4.64738
4.21067
3.85354
3.55459
3.29274
3.05335
-34.6178
2.81611
2.55647
2.27788
1.95654
1.71623
1.71841
1.47725
1.7386
1.97007
0.655569
1.37276
1.33917
1.31295
1.30011
1.30905
1.35463
1.43991
1.62523
1.72022
-35.5409
-47.2111
-49.3701
-55.3055
-65.2269
-74.5274
-71.6888
0.627293
0.657415
0.68935
0.722486
0.756949
0.793045
0.830845
0.870428
0.911832
0.955385
1.00065
1.04853
1.09864
1.15145
1.20661
1.26506
1.32676
1.39221
1.46093
1.5337
1.61058
1.69248
1.78045
1.87495
1.97802
2.09225
2.22278
2.2954
-11.5269
-7.89163
-5.9716
-4.59409
-3.67759
-2.94588
-2.4014
-2.02168
-1.72322
-1.51233
-1.37462
-1.30183
-1.28487
-1.33625
-1.46563
-1.59882
-1.61325
-1.56194
-1.51695
-1.47638
-1.44083
-1.4072
-1.37653
-1.35118
-1.33367
-1.3288
-1.34547
-1.39875
-1.49222
-1.68764
-1.3628
-0.682924
-0.717158
-0.753195
-0.790712
-0.829914
-0.87108
-0.914334
-0.959726
-1.00732
-1.05732
-1.10987
-1.16517
-1.22325
-1.28442
-1.34897
-1.41751
-1.48954
-1.56629
-1.83355
-1.9279
-2.02859
-2.1371
-2.2542
-2.38191
-2.52204
-2.67947
-2.85968
-3.08117
)
;
    }
    outlet
    {
        type            calculated;
        value           nonuniform List<scalar> 
160
(
0.355011
0.358348
0.374412
0.378218
0.394876
0.399184
0.41647
0.421299
0.439257
0.444632
0.463303
0.469255
0.48865
0.495202
0.515442
0.522602
0.543673
0.551491
0.573468
0.581929
0.60491
0.61408
0.638105
0.647961
0.673115
0.683694
0.710067
0.721359
0.749085
0.761077
0.790254
0.802989
0.8337
0.847132
0.879545
0.893689
0.927935
0.942801
0.978994
0.994546
1.03291
1.0491
1.08976
1.10666
1.1498
1.16729
1.21318
1.23123
1.28016
1.29864
1.35091
1.36972
1.42572
1.44457
1.50476
1.52362
1.58768
1.607
1.67478
1.69485
1.76455
1.78715
1.85581
1.88493
1.94734
1.98798
2.0367
2.0963
2.12317
2.2109
2.20735
2.33138
2.29183
2.45875
2.38166
2.59279
2.48301
2.73434
2.60186
2.88358
2.74133
3.04093
2.90094
3.20678
3.07657
3.38174
3.264
3.56642
3.46039
3.76101
3.66525
3.96612
3.87986
4.18255
4.10629
4.41089
4.34506
4.65154
4.59697
4.9055
4.86185
5.17296
5.14068
5.45531
5.43454
5.75275
5.74431
6.06669
6.07151
6.39771
6.41635
6.7464
6.78039
7.11456
7.16435
7.50233
7.56922
7.91129
7.99612
8.34258
8.44643
8.79694
8.9211
9.27591
9.42149
9.78086
9.94933
10.3131
10.5054
10.8737
11.0913
11.4643
11.7106
12.0883
9.19775
9.24651
10.1203
10.1671
11.1369
11.1755
12.2579
12.2871
13.4863
13.5048
14.8439
14.8409
16.3319
16.305
17.9846
17.9156
19.7732
19.6929
21.8002
21.6779
23.9161
23.8968
26.4613
26.3045
28.91
29.1561
)
;
    }
    walls
    {
        type            calculated;
        value           uniform 0;
    }
    frontAndBack
    {
        type            empty;
    }
}


// ************************************************************************* //
