/*--------------------------------*- C++ -*----------------------------------*\
  =========                 |
  \\      /  F ield         | OpenFOAM: The Open Source CFD Toolbox
   \\    /   O peration     | Website:  https://openfoam.org
    \\  /    A nd           | Version:  12
     \\/     M anipulation  |
\*---------------------------------------------------------------------------*/
FoamFile
{
    format      ascii;
    class       volScalarField;
    location    "150";
    object      omega;
}
// * * * * * * * * * * * * * * * * * * * * * * * * * * * * * * * * * * * * * //

dimensions      [0 0 -1 0 0 0 0];

internalField   nonuniform List<scalar> 
16200
(
149974
129592
126924
124353
123778
123900
124395
124857
124982
124661
124126
123662
123725
124231
125132
126216
127195
127742
127632
127088
126589
126325
126408
126730
127335
128248
129471
130980
132774
134895
137281
139870
142607
145446
148362
151294
154104
156727
159135
161332
163459
165641
167933
170420
173200
176396
180148
184627
190048
196704
205024
215675
229730
248952
276293
316979
309895
397709
540546
224316
54782.8
50453.1
50119
48863.3
48253.1
48333.2
49241.8
51212.7
54482
59163.5
64793.1
70326.2
75214.9
79498.5
82315.3
83291.6
82396.8
79865.2
75930.8
70731.4
64888.6
59332.7
54850.8
51350.8
48433.9
45811.9
43355.1
41061.1
39059.6
37574.6
36628.6
36154.3
36084.3
36344.3
36843.5
37470.7
38144.9
38792.2
39435.1
40107.9
40696.3
41082.5
41282.3
41317.9
41214.8
40999.5
40695.6
40319.7
39883.1
39393
38853.1
38263.5
37616.3
36873.4
35882.2
34116.8
30257.7
29018.2
25613.1
15819.6
29645.8
28180.4
26874.2
25414
24320.4
24061
24761.7
26771
30645.1
36810.7
45057
54927.2
66528
76966.4
85008.6
91603.8
96825.4
100240
101274
100110
95937.5
89400.6
81910.6
74442.2
67521.8
61428.9
56243.8
51911.4
48296.9
45094.8
41954.1
38763.9
35514.5
32244.7
29053.9
26104.6
23537.6
21316.7
19400.9
17734.9
16248
14897.6
13669.9
12553.5
11538
10613.7
9772.5
9007.9
8312.23
7680.3
7110.56
6602.19
6153.1
5755.43
5387.72
5019.96
4624.02
4407.9
4477.55
2360.83
23525.1
22538.3
20302.1
17782.8
15312.9
13549.3
12465.9
12177.8
12816.1
14487.3
17000.7
20475.9
25062
29442
33194.3
36239
38154.6
38276.3
35761.1
30566
25062.9
20367.2
16583.9
13562.5
11135.3
9156.39
7515.96
6140.08
4977.51
4005.22
3221.26
2586.17
2070.06
1661.16
1345.75
1106.41
922.37
778.463
663.74
570.342
492.725
427.056
370.393
320.412
278.631
243.363
213.199
187.593
165.883
147.362
131.619
118.418
107.604
99.0823
92.8847
89.2813
88.8024
92.1628
106.627
138.547
22514.5
23568.7
21697.1
17877.3
13648
10409.9
8110.16
6398.26
5045.16
3994.61
3257.18
2847.72
2648.99
2543.42
2466.5
2375.06
2222.74
2008.68
1764.4
1510.9
1278
1069.86
884.833
721.849
580.609
460.406
360.126
278.428
214.527
166.374
131.327
106.003
87.9674
75.3343
66.4874
60.2134
55.7002
52.3547
49.7895
47.7532
46.0828
44.6706
43.4415
42.3389
41.3147
40.3067
39.207
37.931
36.572
35.1615
33.7266
32.3008
30.9176
29.6061
28.3939
27.3101
26.3445
25.3674
24.6362
26.7495
18272.7
22185.2
24338.6
23338.1
20232
15898.3
11572
8089.72
5801.78
4316.35
3444.8
2895.86
2420.08
1945.04
1487.24
1081.89
755.203
512.405
343.351
230.719
160.506
118.845
94.6963
80.6691
72.2066
66.6469
62.9004
60.1628
58.0336
56.1441
54.2851
52.5864
51.0119
49.5366
48.143
46.8187
45.5548
44.3435
43.1761
42.0428
40.9327
39.833
38.7286
37.6038
36.4454
35.2471
34.0127
32.7559
31.499
30.2678
29.0877
27.9797
26.9581
26.0299
25.1979
24.4631
23.8025
23.1181
22.4828
23.3949
10460.7
14711.4
19356.3
21649.8
23019.9
22954.6
20941.8
16986.4
11886.4
7232.99
3996.28
1993.71
902.506
390.377
180.323
101.366
72.6613
61.6721
56.7926
54.1905
52.6274
51.4806
50.5345
49.6819
48.8594
48.0251
47.147
46.2678
45.4079
44.5616
43.7249
42.8949
42.0696
41.2473
40.427
39.6078
38.7887
37.9677
37.141
36.3033
35.4483
34.5689
33.659
32.7152
31.7394
30.7396
29.7297
28.7277
27.7532
26.8246
25.9569
25.1601
24.4387
23.7919
23.2151
22.7022
22.2308
21.7288
21.1932
21.5036
1895.15
2727.17
3549.15
3543.51
3123.01
2344.68
1472.75
789.2
387.164
198.328
117.254
81.8989
66.872
60.7674
58.5098
57.3133
56.4198
55.5655
54.665
53.6853
52.6025
51.3977
50.1602
48.9443
47.7548
46.5932
45.4598
44.3547
43.2775
42.2276
41.2041
40.2058
39.2313
38.2791
37.3472
36.4333
35.5338
34.6441
33.7582
32.8702
31.975
31.07
30.156
29.238
28.3248
27.4286
26.5627
25.7399
24.971
24.2638
23.6224
23.0471
22.535
22.0804
21.6757
21.3117
20.9696
20.6011
20.1718
20.0731
159.092
110.296
101.143
94.4114
85.5683
75.4142
65.961
59.091
54.9514
52.7911
51.496
50.5567
49.7718
49.057
48.3754
47.7065
47.041
46.3754
45.7068
45.0291
44.3304
43.5963
42.8099
41.974
41.155
40.3491
39.5532
38.7646
37.9812
37.2017
36.4251
35.6508
34.8783
34.1073
33.3368
32.5656
31.7916
31.0124
30.2257
29.4308
28.629
27.8245
27.0241
26.2372
25.4741
24.7451
24.0595
23.4242
22.8436
22.3194
21.8506
21.4342
21.0656
20.7389
20.4471
20.1815
19.9275
19.6551
19.3175
18.9594
104.533
73.0587
60.7856
57.3168
54.8094
53.3584
52.2916
51.4825
50.8142
50.2298
49.6806
49.13
48.5534
47.9392
47.2805
46.5715
45.8078
44.9881
44.1117
43.1738
42.1897
41.232
40.298
39.3867
38.4967
37.6265
36.7743
35.9382
35.1167
34.3084
33.5119
32.726
31.9494
31.1804
30.4173
29.6584
28.9019
28.1471
27.3948
26.6478
25.9108
25.1905
24.4942
23.8297
23.2038
22.6219
22.0876
21.6025
21.1663
20.777
20.4315
20.1259
19.8558
19.6165
19.4026
19.2063
19.0168
18.8182
18.5611
18.0372
92.1056
68.4131
57.4422
53.1816
50.4799
48.8719
47.6524
46.6873
45.8667
45.1415
44.4748
43.8385
43.2135
42.5902
41.961
41.3193
40.659
39.9761
39.2661
38.5209
37.7247
36.9457
36.1829
35.4336
34.6956
33.9668
33.2455
32.5302
31.8198
31.1135
30.4107
29.7108
29.0131
28.3173
27.6232
26.931
26.2422
25.5593
24.8864
24.2288
23.5925
22.9839
22.4085
21.8711
21.3748
20.9213
20.5107
20.1418
19.8124
19.5197
19.2605
19.0313
18.8288
18.6498
18.4903
18.3441
18.2027
18.0616
17.874
17.2518
78.681
62.2595
54.1927
50.2064
47.7356
46.2796
45.1889
44.3301
43.5952
42.9347
42.3105
41.6936
41.0648
40.4139
39.734
39.0192
38.2646
37.4675
36.6244
35.8061
35.0125
34.2396
33.4844
32.7451
32.0196
31.3063
30.6035
29.9098
29.2239
28.545
27.8722
27.2049
26.5431
25.8869
25.2377
24.5974
23.9692
23.3571
22.7658
22.2002
21.6647
21.1631
20.698
20.2708
19.8818
19.5302
19.2142
18.9316
18.6797
18.456
18.2579
18.0826
17.9281
17.7922
17.6724
17.5632
17.4589
17.3635
17.2358
16.5638
66.4456
55.2143
49.7787
46.2765
44.0133
42.6129
41.5462
40.694
39.9605
39.3012
38.6822
38.0783
37.4723
36.8547
36.2179
35.5556
34.8621
34.1329
33.3904
32.671
31.9704
31.2849
30.6122
29.9501
29.2972
28.6521
28.0136
27.3808
26.7532
26.1304
25.5126
24.9004
24.2951
23.6986
23.1139
22.5443
21.9938
21.4664
20.966
20.4957
20.0578
19.6537
19.2838
18.9474
18.6432
18.3694
18.1238
17.9043
17.7084
17.5343
17.3798
17.2433
17.1234
17.0188
16.9281
16.8467
16.7709
16.7118
16.6356
15.9498
56.6895
48.8996
45.0715
42.368
40.4647
39.2845
38.3966
37.6849
37.0638
36.4928
35.9414
35.387
34.8145
34.215
33.5821
32.9101
32.1944
31.4921
30.8058
30.1354
29.4793
28.8359
28.2035
27.5807
26.9665
26.36
25.7604
25.1675
24.5811
24.0018
23.4305
22.8689
22.3195
21.7849
21.2685
20.7735
20.3031
19.8601
19.4463
19.063
18.7105
18.3884
18.0956
17.8306
17.5915
17.3764
17.1833
17.0102
16.8556
16.7178
16.5955
16.4877
16.3933
16.3121
16.243
16.1825
16.1285
16.0977
16.0652
15.3935
48.5923
43.3546
40.6409
38.4855
36.8069
35.6488
34.7802
34.0914
33.5013
32.969
32.4643
31.9654
31.4572
30.9299
30.3759
29.789
29.2135
28.6435
28.0786
27.5158
26.9558
26.399
25.8457
25.2963
24.7477
24.2017
23.6597
23.1222
22.5908
22.0677
21.5548
21.0552
20.5718
20.1077
19.6657
19.2481
18.8569
18.4932
18.1574
17.8493
17.5679
17.3119
17.0799
16.8701
16.6806
16.5097
16.356
16.2178
16.0941
15.9837
15.8857
15.7995
15.7245
15.6608
15.6081
15.5632
15.5255
15.5162
15.5195
14.8838
41.6241
38.2705
36.4878
34.9067
33.6619
32.642
31.8266
31.1652
30.5925
30.0725
29.5771
29.0864
28.5852
28.0619
27.5481
27.0438
26.544
26.0482
25.5565
25.0683
24.5831
24.1004
23.6201
23.1391
22.6592
22.1815
21.7059
21.2349
20.7701
20.3145
19.8708
19.4424
19.032
18.6422
18.2749
17.9317
17.6133
17.3198
17.0507
16.8049
16.5811
16.3778
16.1934
16.0264
15.8753
15.7386
15.6153
15.5041
15.4043
15.3152
15.2363
15.167
15.1072
15.0572
15.0167
14.9836
14.958
14.9639
14.9947
14.4127
35.6026
33.5043
32.3336
31.1898
30.2802
29.5208
28.8559
28.2592
27.7159
27.2146
26.7307
26.2616
25.8058
25.3602
24.9229
24.4892
24.0589
23.6319
23.2081
22.7873
22.3689
21.9516
21.535
21.1199
20.7074
20.297
19.8913
19.4914
19.1004
18.7198
18.3524
18.0006
17.6665
17.3518
17.0568
16.7824
16.5291
16.2963
16.0833
15.889
15.712
15.551
15.4048
15.272
15.1515
15.0424
14.9437
14.8545
14.7743
14.7026
14.6394
14.5841
14.5367
14.4978
14.467
14.4429
14.4261
14.4416
14.4907
13.9757
30.5348
29.2672
28.4957
27.6683
26.9922
26.4092
25.8899
25.4156
24.9726
24.5522
24.1478
23.7545
23.3693
22.9901
22.6133
22.2379
21.8647
21.4938
21.1253
20.7593
20.3944
20.0311
19.6701
19.3128
18.9586
18.6102
18.2683
17.9359
17.6139
17.3043
17.0089
16.729
16.4658
16.2179
15.987
15.7734
15.5768
15.3962
15.231
15.0802
14.9427
14.8174
14.7033
14.5995
14.5051
14.4194
14.3418
14.2717
14.2086
14.1523
14.1025
14.0591
14.022
13.9917
13.9685
13.9511
13.9404
13.961
14.02
13.576
26.3363
25.6185
25.1218
24.5442
24.0559
23.6209
23.2263
22.8595
22.5117
22.177
21.851
21.5307
21.2139
20.8975
20.5801
20.2625
19.9453
19.629
19.314
18.9993
18.6859
18.3748
18.0665
17.7624
17.4645
17.1733
16.8907
16.6189
16.3588
16.1116
15.8783
15.6583
15.4521
15.2602
15.0828
14.919
14.7685
14.6307
14.505
14.3902
14.2849
14.1888
14.101
14.0209
13.9477
13.8812
13.8207
13.766
13.7168
13.6728
13.634
13.6003
13.5716
13.5487
13.5316
13.519
13.512
13.5339
13.5963
13.2219
22.8873
22.5167
22.2079
21.8206
21.4788
21.164
20.8725
20.5967
20.331
20.0718
19.8161
19.562
19.3085
19.0508
18.7907
18.5291
18.2667
18.0042
17.7408
17.4777
17.2164
16.9571
16.7016
16.4518
16.2079
15.9717
15.7453
15.529
15.324
15.1309
14.9485
14.7779
14.6195
14.4726
14.3372
14.2126
14.0983
13.9935
13.8973
13.8096
13.7292
13.6556
13.5883
13.5265
13.47
13.4185
13.3716
13.3291
13.2908
13.2568
13.2268
13.2008
13.1789
13.1617
13.1491
13.14
13.1354
13.1564
13.217
12.9116
20.0835
19.9164
19.7298
19.4786
19.2446
19.0213
18.8099
18.6063
18.4073
18.2107
18.0147
17.8182
17.6176
17.4135
17.2066
16.9978
16.7878
16.576
16.3637
16.1525
15.9423
15.7352
15.5328
15.3352
15.1438
14.9606
14.7857
14.6199
14.4626
14.3143
14.1757
14.0465
13.9268
13.8164
13.7147
13.6212
13.5354
13.4566
13.3842
13.3178
13.2567
13.2007
13.1492
13.1024
13.0597
13.0207
12.9854
12.9531
12.9241
12.8983
12.8757
12.8563
12.8402
12.8277
12.8189
12.8126
12.8093
12.8276
12.8813
12.6417
17.8432
17.7852
17.6769
17.5189
17.3613
17.2049
17.0529
16.9035
16.7555
16.6075
16.4587
16.3086
16.1533
15.995
15.8344
15.6723
15.508
15.3429
15.1784
15.0143
14.8526
14.6948
14.5405
14.3909
14.248
14.1115
13.982
13.8583
13.7414
13.6321
13.5304
13.4356
13.3483
13.2678
13.1939
13.126
13.0638
13.0066
12.9542
12.9062
12.8618
12.821
12.7837
12.7495
12.7182
12.6896
12.6636
12.6401
12.619
12.6002
12.5837
12.57
12.5587
12.5502
12.5445
12.5405
12.5378
12.5527
12.5956
12.4146
16.0923
16.0856
16.0259
15.9293
15.8248
15.7166
15.6082
15.4995
15.3903
15.28
15.1684
15.0532
14.9351
14.8149
14.6932
14.5708
14.4465
14.3226
14.2002
14.0786
13.96
13.8442
13.7329
13.6258
13.5235
13.4258
13.3323
13.244
13.1612
13.0843
13.013
12.9468
12.8857
12.8296
12.7781
12.7307
12.6873
12.6474
12.6108
12.5773
12.5465
12.5183
12.4925
12.4689
12.4475
12.4281
12.4102
12.3941
12.3796
12.3669
12.3557
12.3465
12.3391
12.3336
12.3303
12.3273
12.3254
12.3358
12.3669
12.2337
14.7629
14.7751
14.744
14.6864
14.6182
14.5444
14.468
14.3899
14.3103
14.2293
14.147
14.0616
13.9742
13.8857
13.7966
13.7062
13.6161
13.5272
13.4389
13.3531
13.2693
13.1891
13.1119
13.0391
12.9683
12.9007
12.8368
12.777
12.7213
12.6698
12.6224
12.5787
12.5382
12.5009
12.4667
12.4353
12.4065
12.38
12.3557
12.3334
12.3129
12.2941
12.2769
12.2611
12.2468
12.2338
12.2221
12.2116
12.2023
12.1942
12.1873
12.1815
12.1768
12.1735
12.1716
12.1698
12.1686
12.1751
12.1953
12.0985
13.79
13.8043
13.7882
13.754
13.7101
13.6605
13.6076
13.5525
13.4957
13.4377
13.3786
13.3172
13.2548
13.1921
13.1295
13.0663
13.0041
12.9424
12.8826
12.8243
12.7687
12.7152
12.6649
12.6157
12.5689
12.5246
12.4832
12.4448
12.4092
12.3764
12.3462
12.3185
12.2928
12.2692
12.2475
12.2275
12.2091
12.1923
12.1767
12.1624
12.1493
12.1373
12.1262
12.1161
12.1069
12.0986
12.0912
12.0845
12.0787
12.0737
12.0695
12.066
12.0633
12.0614
12.0605
12.0596
12.0592
12.0628
12.074
12.0031
13.1109
13.1205
13.109
13.0878
13.0593
13.0262
12.9901
12.9521
12.9128
12.8725
12.8315
12.7891
12.7465
12.7039
12.6611
12.619
12.5779
12.5377
12.4991
12.4618
12.4265
12.3925
12.3596
12.3283
12.2989
12.2713
12.2457
12.222
12.2002
12.1801
12.1617
12.1447
12.1291
12.1148
12.1015
12.0892
12.0778
12.0673
12.0576
12.0487
12.0405
12.0329
12.0259
12.0195
12.0137
12.0085
12.0038
11.9997
11.9961
11.9931
11.9907
11.9888
11.9874
11.9866
11.9864
11.9864
11.9867
11.9885
11.9928
11.9393
12.6641
12.6653
12.6547
12.6391
12.6192
12.5964
12.5716
12.5457
12.5188
12.4915
12.464
12.4358
12.4076
12.3799
12.3522
12.3254
12.2995
12.2744
12.2505
12.2276
12.2055
12.1843
12.1641
12.1451
12.1273
12.1109
12.0956
12.0816
12.0687
12.0568
12.0458
12.0357
12.0265
12.0179
12.0099
12.0026
11.9957
11.9893
11.9834
11.9778
11.9726
11.9677
11.9632
11.959
11.9553
11.9518
11.9487
11.946
11.9438
11.9419
11.9406
11.9396
11.939
11.9388
11.939
11.9397
11.9409
11.9422
11.9418
11.8988
12.3992
12.391
12.3777
12.3621
12.3454
12.3277
12.3093
12.2906
12.2718
12.2531
12.2346
12.216
12.1978
12.1801
12.1628
12.1461
12.1302
12.115
12.1006
12.0864
12.0729
12.06
12.0479
12.0366
12.0261
12.0164
12.0075
11.9992
11.9917
11.9848
11.9785
11.9728
11.9676
11.9629
11.9585
11.9543
11.9502
11.9462
11.9424
11.9387
11.9351
11.9317
11.9284
11.9253
11.9224
11.9198
11.9174
11.9152
11.9133
11.9118
11.9105
11.9096
11.9091
11.9091
11.9096
11.9106
11.9125
11.915
11.9125
11.872
12.2741
12.2558
12.2375
12.2192
12.2014
12.1842
12.1676
12.1517
12.1366
12.1222
12.1085
12.0952
12.0827
12.071
12.0599
12.0497
12.04
12.0308
12.0221
12.0138
12.006
11.9985
11.9914
11.9846
11.9781
11.9718
11.9658
11.96
11.9545
11.9491
11.9438
11.9388
11.9339
11.9292
11.9246
11.9202
11.9159
11.9118
11.9077
11.9039
11.9001
11.8965
11.893
11.8897
11.8867
11.8839
11.8814
11.8792
11.8773
11.8759
11.8747
11.874
11.8738
11.874
11.8748
11.8761
11.8785
11.8838
11.8878
11.8404
12.2111
12.1966
12.1813
12.1656
12.1499
12.1344
12.1192
12.1045
12.0904
12.0769
12.064
12.0517
12.0401
12.029
12.0184
12.0084
11.9988
11.9898
11.9811
11.9729
11.965
11.9574
11.9502
11.9432
11.9365
11.93
11.9237
11.9177
11.9118
11.9062
11.9007
11.8954
11.8904
11.8855
11.8809
11.8764
11.8722
11.8681
11.8643
11.8606
11.857
11.8536
11.8502
11.8469
11.8436
11.8406
11.838
11.8359
11.8342
11.833
11.8321
11.8318
11.8318
11.8325
11.8338
11.8354
11.8373
11.8445
11.8585
11.8033
12.1254
12.1168
12.1062
12.0943
12.0816
12.0686
12.0556
12.0428
12.0303
12.0181
12.0063
11.995
11.984
11.9735
11.9634
11.9537
11.9444
11.9355
11.927
11.9187
11.9108
11.9033
11.896
11.889
11.8822
11.8756
11.8692
11.8629
11.8568
11.8507
11.8447
11.8387
11.8327
11.8273
11.8223
11.8178
11.8137
11.8101
11.8068
11.8039
11.8014
11.7992
11.7974
11.7958
11.7946
11.7937
11.793
11.7927
11.7926
11.7928
11.7932
11.7939
11.7949
11.7963
11.798
11.8
11.8023
11.8088
11.8239
11.7817
12.0068
12.0075
12.0043
11.9983
11.9903
11.981
11.971
11.9606
11.9501
11.9397
11.9296
11.9197
11.91
11.9006
11.8914
11.8824
11.8735
11.8648
11.8562
11.8476
11.8391
11.8307
11.8228
11.8157
11.8092
11.8034
11.7981
11.7934
11.7891
11.7853
11.7819
11.7789
11.7762
11.7738
11.7718
11.77
11.7686
11.7674
11.7665
11.7658
11.7654
11.7652
11.7652
11.7654
11.7658
11.7665
11.7673
11.7683
11.7695
11.7708
11.7723
11.7739
11.7756
11.7775
11.7796
11.7818
11.784
11.7888
11.799
11.7731
11.8387
11.854
11.8632
11.8674
11.8675
11.8644
11.859
11.852
11.844
11.8355
11.8269
11.8183
11.8101
11.8024
11.7952
11.7885
11.7824
11.7768
11.7718
11.7673
11.7633
11.7597
11.7565
11.7537
11.7512
11.7491
11.7473
11.7458
11.7445
11.7435
11.7427
11.7421
11.7418
11.7416
11.7417
11.7419
11.7424
11.743
11.7438
11.7448
11.7459
11.7472
11.7487
11.7503
11.7521
11.7539
11.7559
11.758
11.7602
11.7625
11.7649
11.7672
11.7697
11.7721
11.7746
11.777
11.7793
11.783
11.79
11.7746
11.6813
11.6969
11.7087
11.7174
11.7233
11.7271
11.7291
11.7298
11.7296
11.7287
11.7275
11.726
11.7245
11.723
11.7215
11.7202
11.7191
11.7181
11.7173
11.7167
11.7163
11.716
11.7159
11.716
11.7162
11.7166
11.7171
11.7178
11.7186
11.7195
11.7206
11.7218
11.7232
11.7246
11.7263
11.728
11.7299
11.7319
11.7341
11.7363
11.7387
11.7413
11.7439
11.7466
11.7495
11.7524
11.7554
11.7585
11.7616
11.7647
11.7678
11.7709
11.774
11.777
11.7798
11.7825
11.785
11.7882
11.7931
11.7844
11.5856
11.6017
11.6153
11.6267
11.6362
11.644
11.6504
11.6557
11.6602
11.664
11.6672
11.6701
11.6726
11.675
11.6772
11.6792
11.6812
11.6832
11.6851
11.687
11.689
11.6909
11.6929
11.6949
11.6969
11.6991
11.7012
11.7035
11.7058
11.7081
11.7106
11.7132
11.7158
11.7185
11.7214
11.7243
11.7274
11.7305
11.7338
11.7372
11.7407
11.7442
11.7479
11.7516
11.7555
11.7593
11.7633
11.7672
11.7712
11.7752
11.7791
11.7829
11.7866
11.7902
11.7935
11.7966
11.7994
11.8023
11.8059
11.8013
11.5261
11.5432
11.5583
11.5716
11.5834
11.5938
11.603
11.6112
11.6186
11.6253
11.6314
11.6369
11.6421
11.6469
11.6514
11.6556
11.6597
11.6636
11.6673
11.671
11.6746
11.6781
11.6815
11.6849
11.6883
11.6917
11.6952
11.6986
11.7021
11.7056
11.7092
11.7129
11.7166
11.7204
11.7243
11.7283
11.7324
11.7366
11.7409
11.7452
11.7497
11.7543
11.7589
11.7637
11.7684
11.7733
11.7782
11.783
11.7879
11.7927
11.7974
11.802
11.8064
11.8106
11.8145
11.8181
11.8212
11.824
11.827
11.8249
11.4869
11.5052
11.5217
11.5367
11.5502
11.5626
11.5738
11.584
11.5934
11.6021
11.6101
11.6175
11.6245
11.631
11.6371
11.6429
11.6485
11.6538
11.6589
11.6639
11.6687
11.6734
11.678
11.6826
11.6871
11.6916
11.6961
11.7005
11.7051
11.7096
11.7142
11.7189
11.7236
11.7284
11.7333
11.7383
11.7434
11.7486
11.7539
11.7593
11.7648
11.7704
11.7761
11.7818
11.7876
11.7935
11.7994
11.8052
11.8111
11.8168
11.8224
11.8279
11.8331
11.838
11.8425
11.8466
11.8501
11.8531
11.8558
11.8552
11.458
11.4777
11.4959
11.5125
11.5277
11.5417
11.5546
11.5665
11.5775
11.5878
11.5973
11.6062
11.6146
11.6225
11.63
11.6371
11.6438
11.6504
11.6566
11.6627
11.6686
11.6744
11.6801
11.6856
11.6912
11.6967
11.7021
11.7076
11.7132
11.7187
11.7243
11.73
11.7357
11.7416
11.7475
11.7536
11.7598
11.766
11.7724
11.7789
11.7855
11.7923
11.7991
11.806
11.8129
11.8199
11.8269
11.8339
11.8408
11.8476
11.8542
11.8606
11.8668
11.8725
11.8778
11.8825
11.8865
11.8898
11.8924
11.8926
11.4335
11.4552
11.4751
11.4935
11.5104
11.5261
11.5406
11.5541
11.5667
11.5784
11.5894
11.5997
11.6094
11.6185
11.6273
11.6356
11.6435
11.6512
11.6586
11.6657
11.6727
11.6796
11.6863
11.6929
11.6995
11.706
11.7126
11.7191
11.7257
11.7323
11.739
11.7458
11.7527
11.7596
11.7667
11.774
11.7813
11.7888
11.7964
11.8042
11.8121
11.8201
11.8282
11.8364
11.8446
11.8529
11.8612
11.8695
11.8777
11.8857
11.8935
11.9011
11.9082
11.915
11.9211
11.9265
11.9312
11.9348
11.9374
11.9381
11.4103
11.4342
11.4562
11.4766
11.4954
11.5129
11.5292
11.5444
11.5585
11.5718
11.5843
11.596
11.6071
11.6176
11.6276
11.6372
11.6463
11.6552
11.6638
11.6721
11.6803
11.6883
11.6961
11.7039
11.7116
11.7193
11.727
11.7348
11.7425
11.7504
11.7583
11.7664
11.7745
11.7828
11.7912
11.7998
11.8085
11.8174
11.8265
11.8357
11.8451
11.8546
11.8642
11.8739
11.8837
11.8935
11.9033
11.9131
11.9227
11.9322
11.9414
11.9503
11.9587
11.9666
11.9737
11.98
11.9853
11.9894
11.9922
11.993
11.3866
11.413
11.4374
11.4601
11.4811
11.5007
11.5189
11.5359
11.5519
11.5669
11.581
11.5943
11.6069
11.6189
11.6303
11.6413
11.6519
11.6621
11.672
11.6817
11.6911
11.7004
11.7096
11.7187
11.7277
11.7368
11.7458
11.7549
11.7641
11.7733
11.7827
11.7922
11.8019
11.8117
11.8217
11.8318
11.8422
11.8527
11.8635
11.8744
11.8855
11.8968
11.9082
11.9197
11.9313
11.9429
11.9545
11.9661
11.9775
11.9887
11.9995
12.01
12.0198
12.029
12.0374
12.0447
12.0507
12.0554
12.0584
12.0593
11.3615
11.3908
11.418
11.4432
11.4667
11.4887
11.5091
11.5283
11.5463
11.5632
11.5791
11.5943
11.6086
11.6223
11.6354
11.648
11.6601
11.6719
11.6834
11.6946
11.7055
11.7164
11.7271
11.7377
11.7483
11.7589
11.7695
11.7802
11.791
11.802
11.813
11.8243
11.8357
11.8473
11.8592
11.8712
11.8835
11.896
11.9088
11.9217
11.9349
11.9483
11.9618
11.9755
11.9892
12.003
12.0168
12.0304
12.0439
12.0571
12.0699
12.0822
12.0938
12.1046
12.1143
12.1228
12.1298
12.135
12.1383
12.1391
11.3348
11.3673
11.3976
11.4258
11.4521
11.4767
11.4997
11.5213
11.5416
11.5608
11.5789
11.5961
11.6125
11.6281
11.6431
11.6576
11.6716
11.6852
11.6984
11.7114
11.7242
11.7368
11.7493
11.7617
11.7742
11.7866
11.7991
11.8118
11.8245
11.8374
11.8505
11.8638
11.8774
11.8912
11.9052
11.9195
11.9341
11.949
11.9641
11.9796
11.9952
12.0111
12.0272
12.0434
12.0597
12.076
12.0924
12.1086
12.1245
12.1401
12.1553
12.1697
12.1834
12.196
12.2074
12.2172
12.2253
12.2312
12.2347
12.2354
11.3064
11.3427
11.3765
11.408
11.4375
11.4651
11.491
11.5154
11.5383
11.56
11.5806
11.6002
11.6189
11.6369
11.6541
11.6707
11.6869
11.7026
11.718
11.7331
11.748
11.7627
11.7774
11.792
11.8066
11.8212
11.836
11.8509
11.866
11.8813
11.8968
11.9126
11.9287
11.9451
11.9618
11.9788
11.9962
12.0139
12.0319
12.0502
12.0689
12.0878
12.1069
12.1262
12.1456
12.165
12.1844
12.2036
12.2225
12.241
12.2589
12.276
12.2921
12.3069
12.3202
12.3317
12.3409
12.3477
12.3515
12.3518
11.277
11.3173
11.355
11.3903
11.4233
11.4544
11.4835
11.5111
11.5371
11.5617
11.5852
11.6075
11.6289
11.6495
11.6693
11.6885
11.7072
11.7254
11.7433
11.7609
11.7783
11.7956
11.8127
11.8299
11.8471
11.8644
11.8819
11.8995
11.9174
11.9355
11.954
11.9728
11.9919
12.0114
12.0313
12.0516
12.0723
12.0934
12.1149
12.1368
12.159
12.1815
12.2043
12.2273
12.2505
12.2736
12.2967
12.3195
12.342
12.364
12.3852
12.4054
12.4244
12.4418
12.4574
12.4708
12.4815
12.4891
12.4931
12.4931
11.2474
11.2922
11.3342
11.3736
11.4106
11.4455
11.4784
11.5095
11.5389
11.5669
11.5936
11.6192
11.6437
11.6673
11.6902
11.7124
11.734
11.7552
11.776
11.7966
11.8169
11.8372
11.8574
11.8776
11.898
11.9184
11.9391
11.96
11.9813
12.0029
12.0248
12.0472
12.07
12.0933
12.117
12.1413
12.166
12.1913
12.217
12.2431
12.2697
12.2967
12.3239
12.3514
12.379
12.4066
12.4342
12.4614
12.4882
12.5143
12.5395
12.5635
12.5859
12.6065
12.6248
12.6404
12.6528
12.6614
12.6658
12.6651
11.2192
11.2689
11.3155
11.3595
11.4009
11.44
11.477
11.5121
11.5454
11.5773
11.6077
11.6369
11.665
11.6922
11.7185
11.7442
11.7693
11.794
11.8183
11.8424
11.8662
11.8901
11.9139
11.9378
11.9619
11.9861
12.0107
12.0356
12.0609
12.0866
12.1128
12.1396
12.1669
12.1947
12.2232
12.2522
12.2819
12.3121
12.3429
12.3743
12.4062
12.4385
12.4711
12.5041
12.5372
12.5703
12.6032
12.6358
12.6678
12.6989
12.7289
12.7574
12.7841
12.8085
12.83
12.8483
12.8626
12.8724
12.877
12.8756
11.1948
11.2496
11.3012
11.3501
11.3963
11.4401
11.4816
11.5212
11.5589
11.595
11.6297
11.663
11.6953
11.7266
11.757
11.7868
11.8159
11.8447
11.8731
11.9013
11.9294
11.9575
11.9857
12.014
12.0425
12.0714
12.1007
12.1304
12.1606
12.1914
12.2228
12.2548
12.2875
12.321
12.3552
12.3901
12.4257
12.4621
12.4992
12.5369
12.5753
12.6141
12.6534
12.693
12.7328
12.7726
12.8121
12.8512
12.8895
12.9268
12.9627
12.9968
13.0285
13.0574
13.0829
13.1044
13.121
13.1322
13.1369
13.1344
11.1776
11.2378
11.2947
11.3488
11.4001
11.449
11.4955
11.54
11.5826
11.6235
11.663
11.7011
11.7381
11.774
11.8092
11.8437
11.8777
11.9112
11.9445
11.9777
12.0108
12.044
12.0773
12.111
12.145
12.1794
12.2144
12.2499
12.2862
12.3231
12.3608
12.3994
12.4388
12.4791
12.5204
12.5625
12.6055
12.6495
12.6942
12.7398
12.7862
12.8331
12.8806
12.9284
12.9764
13.0243
13.072
13.1191
13.1653
13.2101
13.2532
13.294
13.3319
13.3664
13.3967
13.4219
13.4414
13.4541
13.459
13.455
11.173
11.2385
11.3009
11.3604
11.4172
11.4714
11.5234
11.5733
11.6213
11.6675
11.7123
11.7558
11.7982
11.8397
11.8803
11.9203
11.9599
11.9992
12.0383
12.0773
12.1164
12.1557
12.1954
12.2355
12.2761
12.3173
12.3592
12.402
12.4456
12.4901
12.5357
12.5823
12.63
12.6788
12.7287
12.7798
12.832
12.8853
12.9397
12.995
13.0512
13.1082
13.1658
13.2239
13.2821
13.3403
13.398
13.4551
13.5109
13.5651
13.617
13.6662
13.7118
13.753
13.7891
13.819
13.8418
13.8563
13.8612
13.8554
11.1884
11.2593
11.3272
11.3922
11.4546
11.5146
11.5723
11.628
11.6818
11.734
11.7849
11.8344
11.883
11.9307
11.9777
12.0242
12.0704
12.1164
12.1624
12.2085
12.2549
12.3016
12.3489
12.3969
12.4456
12.4952
12.5457
12.5973
12.6501
12.7041
12.7593
12.816
12.874
12.9334
12.9942
13.0565
13.1202
13.1853
13.2516
13.3192
13.3879
13.4575
13.5279
13.5987
13.6698
13.7407
13.8112
13.8806
13.9486
14.0144
14.0775
14.137
14.1921
14.2418
14.285
14.3207
14.3475
14.3641
14.369
14.3607
11.2354
11.3113
11.3844
11.4549
11.523
11.5888
11.6526
11.7145
11.7747
11.8335
11.891
11.9474
12.003
12.0579
12.1124
12.1665
12.2205
12.2746
12.3289
12.3836
12.4388
12.4946
12.5514
12.609
12.6678
12.7278
12.789
12.8518
12.916
12.9818
13.0493
13.1186
13.1896
13.2625
13.3371
13.4136
13.4919
13.5719
13.6535
13.7367
13.8212
13.9068
13.9934
14.0805
14.1679
14.2551
14.3416
14.4268
14.5101
14.5907
14.6677
14.7403
14.8073
14.8676
14.9198
14.9625
14.9943
15.0134
15.0181
15.0066
11.3313
11.4115
11.4893
11.565
11.6386
11.7104
11.7804
11.8489
11.916
11.9819
12.0469
12.1112
12.1749
12.2382
12.3013
12.3645
12.4279
12.4918
12.5562
12.6213
12.6874
12.7546
12.8231
12.8929
12.9643
13.0374
13.1123
13.1891
13.268
13.3489
13.4321
13.5175
13.6053
13.6954
13.7879
13.8826
13.9797
14.079
14.1803
14.2835
14.3884
14.4948
14.6022
14.7104
14.8187
14.9268
15.034
15.1394
15.2424
15.3419
15.4368
15.5261
15.6083
15.6819
15.7454
15.7971
15.835
15.8572
15.8615
15.8456
11.5033
11.5866
11.6683
11.7486
11.8275
11.905
11.9814
12.0568
12.1314
12.2053
12.2787
12.3519
12.425
12.4982
12.5718
12.646
12.7209
12.7967
12.8737
12.952
13.0318
13.1133
13.1967
13.2822
13.3698
13.4598
13.5523
13.6474
13.7452
13.8459
13.9496
14.0562
14.1659
14.2786
14.3944
14.5132
14.635
14.7596
14.8868
15.0164
15.1481
15.2817
15.4165
15.5522
15.6882
15.8236
15.9577
16.0896
16.2182
16.3422
16.4604
16.5712
16.673
16.7639
16.8419
16.9049
16.9506
16.9765
16.98
16.9585
11.7959
11.8807
11.9652
12.0492
12.1327
12.2159
12.2988
12.3815
12.4642
12.5471
12.6303
12.714
12.7984
12.8837
12.9702
13.058
13.1474
13.2385
13.3316
13.4269
13.5246
13.6248
13.7279
13.8339
13.943
14.0555
14.1714
14.2909
14.4142
14.5414
14.6725
14.8076
14.9468
15.09
15.2373
15.3884
15.5435
15.7021
15.8641
16.0292
16.197
16.3671
16.5387
16.7112
16.8839
17.0559
17.2259
17.3929
17.5554
17.7119
17.8607
17.9998
18.1272
18.2406
18.3374
18.4151
18.4707
18.5013
18.5036
18.4745
12.2872
12.3717
12.4573
12.544
12.6317
12.7204
12.8101
12.901
12.9931
13.0867
13.1818
13.2787
13.3774
13.4783
13.5816
13.6874
13.796
13.9076
14.0225
14.1408
14.2628
14.3887
14.5187
14.6531
14.7919
14.9355
15.084
15.2376
15.3963
15.5603
15.7297
15.9046
16.0849
16.2705
16.4615
16.6578
16.859
17.0649
17.2751
17.4893
17.7068
17.9269
18.149
18.372
18.5949
18.8165
19.0353
19.2497
19.458
19.6581
19.8478
20.0248
20.1862
20.3293
20.451
20.5478
20.6163
20.6527
20.6533
20.6139
13.1256
13.2085
13.2946
13.3838
13.4759
13.5712
13.6694
13.7708
13.8754
13.9834
14.0948
14.2099
14.3288
14.4518
14.579
14.7107
14.8471
14.9884
15.135
15.287
15.4447
15.6083
15.7781
15.9542
16.137
16.3265
16.523
16.7266
16.9375
17.1556
17.3812
17.6141
17.8544
18.1018
18.3563
18.6176
18.8854
19.1591
19.4383
19.7223
20.0103
20.3013
20.5943
20.8879
21.1808
21.4712
21.7573
22.0369
22.3077
22.5672
22.8125
23.0403
23.2475
23.4302
23.5847
23.7067
23.792
23.8358
23.8336
23.7805
14.6252
14.7117
14.8034
14.9004
15.0031
15.1114
15.2256
15.3458
15.4722
15.6048
15.744
15.8898
16.0426
16.2024
16.3696
16.5444
16.7269
16.9176
17.1165
17.3241
17.5404
17.7657
18.0003
18.2443
18.4979
18.7613
19.0346
19.3179
19.6111
19.9144
20.2276
20.5506
20.8832
21.2251
21.576
21.9353
22.3025
22.6769
23.0576
23.4436
23.8337
24.2267
24.6209
25.0146
25.4058
25.7923
26.1715
26.5408
26.897
27.2369
27.5568
27.8528
28.1205
28.3554
28.5528
28.7074
28.8141
28.8671
28.8607
28.7892
17.5508
17.683
17.8203
17.9637
18.1142
18.2726
18.4398
18.6162
18.8026
18.9993
19.2067
19.4253
19.6554
19.8972
20.151
20.4171
20.6957
20.9868
21.2908
21.6077
21.9375
22.2805
22.6366
23.0058
23.3881
23.7835
24.1917
24.6127
25.0463
25.492
25.9497
26.4189
26.8989
27.3893
27.8892
28.3979
28.9144
29.4374
29.9658
30.4981
31.0326
31.5675
32.1007
32.6298
33.1523
33.6653
34.1657
34.65
35.1145
35.555
35.9672
36.3463
36.6871
36.9842
37.2321
37.4245
37.5553
37.6179
37.6056
37.5116
24.1961
24.6623
25.1292
25.598
26.0695
26.5447
27.0242
27.5088
27.9991
28.4955
28.9986
29.5087
30.0263
30.5516
31.0849
31.6265
32.1765
32.7351
33.3024
33.8784
34.4633
35.0569
35.6592
36.2701
36.8894
37.5169
38.1523
38.7953
39.4455
40.1025
40.7656
41.4343
42.1078
42.7853
43.4658
44.1484
44.8318
45.5147
46.1956
46.8729
47.5449
48.2094
48.8642
49.5069
50.1348
50.745
51.3343
51.8992
52.4359
52.9404
53.4083
53.835
54.2153
54.5442
54.8159
55.0247
55.1643
55.2282
55.2098
55.102
67932.1
73238.1
75444.7
77347.3
78750.9
79955.2
81002
81953.5
82838.8
83679.5
84491.4
85289.1
86085
86889.8
87719
88590.8
89507.9
90449.8
91498.8
93012.9
95219.6
97005.8
97542
104485
132960
27475.2
29024.3
29441.7
30003.6
30435.9
30832.1
31188.4
31520.9
31835.8
32139.6
32437.3
32733.8
33035.1
33349
33684.6
34051.5
34468.7
34988.4
35685.8
36552.2
37521.4
39321.3
45146.8
57907.4
65539.8
15338.8
15821.1
15970.9
16208.3
16407.4
16599.7
16781.5
16959.1
17134.9
17312.3
17494.3
17684.7
17888.9
18115
18372.9
18677
19054.4
19551.7
20218.7
21097
22341
24637.9
29137.1
34641.2
34160.4
10209.6
10373.5
10430.3
10555.1
10672.2
10793.6
10915.9
11041.8
11173.1
11312.3
11461.9
11625.6
11809.2
12021.6
12274.4
12585.6
12986.2
13525.9
14265.7
15303.2
16827.8
19248.2
22679.2
25021.2
23384.4
7476.41
7515.16
7537.34
7616.42
7700.55
7794.17
7894.15
8002.1
8119.83
8249.64
8394.25
8557.51
8745.56
8967.92
9238.4
9577.58
10018.9
10617.8
11456.1
12635.8
14300.3
16562
19006
19919.6
19567.7
5814.84
5805.59
5818.75
5880.37
5952.87
6037.47
6131.72
6236.73
6354.52
6487.62
6639.21
6813.55
7016.93
7259.33
7556
7929.8
8416.99
9069.81
9960.7
11152.5
12666.6
14329.1
15568.5
15708.6
15726.1
4726.45
4702.98
4719.84
4777.95
4849.71
4935.13
5032.52
5142.84
5268.12
5411.21
5575.86
5766.99
5991.29
6258.1
6581.39
6981.85
7486.91
8124.72
8909.06
9799.69
10644.7
11169.4
11248.2
10811.6
10325.4
3982.86
3962.7
3990.36
4052.62
4129.97
4221.98
4328.05
4449.25
4586.99
4744.04
4924.17
5132.1
5373.02
5652.52
5976.6
6350.92
6771.71
7213.23
7608.75
7859.2
7862.55
7562.22
6927.87
5806.35
4569.43
3468.32
3460.81
3504.26
3575.2
3662.15
3763.84
3880.51
4012.96
4161.9
4328.87
4515.23
4722.04
4948.58
5190.66
5436.31
5667.07
5855.6
5972.02
5954.29
5747.63
5282.55
4625.73
3830.43
2842.5
1923.26
3118.01
3127
3186.34
3266.17
3361.51
3469.37
3589.45
3721.11
3863.53
4014.72
4169.66
4321.63
4462.06
4586.42
4677.21
4711.61
4663.83
4486.16
4157.16
3684.81
3089.85
2485.09
1937.19
1342.24
860.151
2881.96
2902.13
2967.56
3045.71
3134.45
3228.48
3324.86
3420.17
3510.9
3596.35
3669.24
3721.12
3743.82
3720.64
3626.15
3447.61
3180.95
2819.3
2395.49
1951.76
1540.87
1204.45
924.496
631.128
426.019
2688.86
2698.81
2742.59
2790.14
2838.66
2885.54
2926.1
2956.65
2973.45
2969.14
2930.96
2850.7
2723.43
2537.27
2295.4
2010.97
1705.12
1405.84
1133.86
900.232
713.133
571.491
450.473
323.955
243.321
2430.67
2401.6
2396.14
2393.19
2385.08
2365.52
2327.04
2265.74
2178.36
2057.17
1902.67
1719.57
1514.57
1302.31
1095.4
905.256
740.513
605.511
497.654
411.883
344.675
292.559
244.271
192.68
158.093
2027.25
1944.89
1869.42
1793.82
1705.13
1599.17
1476.28
1338.88
1190.84
1039.65
891.674
753.15
629.297
523.977
437.566
368.746
315.069
273.39
240.264
212.945
190.166
170.857
150.783
127.777
108.004
1440.83
1296.91
1153.09
1024.16
897.404
777.212
664.893
563.02
473.566
397.79
335.48
285.667
246.759
216.801
193.71
175.696
161.323
149.465
139.19
129.845
121.221
113.041
103.446
91.3351
77.9967
798.209
650.686
521.712
427.779
351.596
291.812
244.957
208.867
181.436
160.778
145.225
133.421
124.304
117.071
111.128
106.056
101.561
97.4191
93.4214
89.3945
85.3105
81.0044
75.4385
67.812
59.3389
352.124
264.203
201.114
164.043
138.78
121.727
109.806
101.302
95.0557
90.3156
86.581
83.5202
80.9096
78.5962
76.4715
74.4571
72.493
70.5255
68.4779
66.2718
63.885
61.1771
57.5054
52.6779
47.0006
148.16
113.432
93.1924
82.8675
76.4251
72.2024
69.1936
66.9146
65.0859
63.5449
62.1908
60.9588
59.8044
58.6951
57.6042
56.5089
55.3886
54.2171
52.9479
51.5272
49.9297
48.0228
45.4901
42.3211
38.2524
76.721
65.3853
59.4997
56.3592
54.2917
52.7963
51.6155
50.6264
49.7586
48.9704
48.234
47.5303
46.8442
46.1628
45.4738
44.7646
44.022
43.2267
42.343
41.3287
40.149
38.7423
36.9658
34.7487
31.7054
51.1752
47.2334
44.9551
43.5088
42.4611
41.6352
40.943
40.3369
39.7877
39.2764
38.7893
38.316
37.8477
37.3759
36.8917
36.3855
35.8467
35.2584
34.5912
33.8108
32.9289
31.8806
30.582
28.9558
26.6448
39.0005
37.2697
36.0666
35.1569
34.4646
33.9006
33.4194
32.9928
32.6028
32.2367
31.8853
31.541
31.1971
30.8469
30.4831
30.0977
29.681
29.218
28.6896
28.1006
27.4288
26.6287
25.6539
24.4307
22.6879
31.4348
30.4515
29.6912
29.079
28.5792
28.1653
27.8086
27.4902
27.1973
26.9207
26.6532
26.3891
26.1229
25.8489
25.561
25.2522
24.9136
24.541
24.1384
23.6865
23.1675
22.5532
21.8164
20.8944
19.6099
26.0562
25.4231
24.9099
24.4817
24.1103
23.7972
23.524
23.2777
23.0491
22.8314
22.6193
22.408
22.193
21.9696
21.7324
21.4753
21.2066
20.9262
20.6171
20.2698
19.8711
19.4049
18.8535
18.1697
17.2556
22.0401
21.6147
21.2584
20.9526
20.6808
20.4405
20.2273
20.0324
19.8496
19.6739
19.501
19.3274
19.1492
18.9624
18.7684
18.5716
18.3707
18.1579
17.9234
17.6609
17.3616
17.0167
16.6142
16.1239
15.5017
19.0162
18.7261
18.4758
18.2557
18.0571
17.8746
17.7075
17.5525
17.4053
17.2622
17.1202
16.9764
16.8313
16.6863
16.5406
16.3934
16.2433
16.0859
15.9133
15.7213
15.505
15.2595
14.9771
14.6422
14.2401
16.7699
16.5711
16.3948
16.236
16.0906
15.9553
15.8278
15.7062
15.5889
15.4749
15.3631
15.253
15.1439
15.0353
14.9263
14.8163
14.7044
14.5897
14.4683
14.3346
14.1861
14.0202
13.8327
13.6174
13.3724
15.1704
15.0344
14.9107
14.7969
14.6909
14.591
14.4961
14.4049
14.3168
14.2309
14.1469
14.0641
13.9822
13.9006
13.819
13.7369
13.6538
13.5692
13.4824
13.3929
13.2974
13.1924
13.0763
12.9476
12.8079
14.0921
14.0072
13.9264
13.8495
13.7762
13.7059
13.6379
13.5714
13.5054
13.4406
13.3769
13.3142
13.2522
13.1906
13.1292
13.0678
13.0061
12.9438
12.8807
12.8165
12.7509
12.6837
12.6153
12.5452
12.4721
13.4305
13.3821
13.3345
13.2878
13.2421
13.1971
13.1525
13.1079
13.063
13.0171
12.9696
12.9212
12.8734
12.8261
12.7792
12.7327
12.6863
12.6401
12.594
12.5479
12.5018
12.4557
12.4097
12.3638
12.3184
13.0499
13.0244
12.9984
12.972
12.9453
12.9182
12.8906
12.8623
12.8331
12.8027
12.7708
12.7371
12.7009
12.6617
12.6226
12.5838
12.5454
12.5073
12.4694
12.4318
12.3944
12.3572
12.3203
12.2836
12.2472
12.7871
12.7737
12.7596
12.7447
12.7291
12.7128
12.6957
12.6777
12.6587
12.6386
12.6171
12.5942
12.5695
12.5427
12.5137
12.4819
12.4468
12.4109
12.3751
12.3394
12.3038
12.2683
12.2327
12.197
12.1613
12.5226
12.5148
12.5064
12.4973
12.4875
12.4771
12.466
12.454
12.4413
12.4276
12.4129
12.3971
12.38
12.3616
12.3417
12.3202
12.2969
12.2718
12.2447
12.2157
12.1843
12.1506
12.1148
12.0789
12.0429
12.1836
12.1778
12.1717
12.165
12.1579
12.1503
12.1421
12.1333
12.124
12.1139
12.1032
12.0917
12.0794
12.0661
12.052
12.0369
12.0207
12.0035
11.9853
11.9661
11.946
11.925
11.9035
11.8816
11.8598
11.8471
11.8443
11.8412
11.8379
11.8343
11.8304
11.8263
11.8218
11.817
11.8118
11.8062
11.8003
11.7939
11.7871
11.7799
11.7722
11.7642
11.7557
11.7469
11.7378
11.7284
11.7188
11.7092
11.6995
11.6902
11.5974
11.5983
11.599
11.5997
11.6002
11.6006
11.6009
11.601
11.601
11.6009
11.6006
11.6001
11.5995
11.5988
11.5979
11.5969
11.5958
11.5946
11.5933
11.592
11.5906
11.5893
11.5881
11.587
11.5861
11.4418
11.4456
11.4493
11.453
11.4566
11.4602
11.4637
11.4672
11.4706
11.474
11.4774
11.4806
11.4839
11.4871
11.4903
11.4934
11.4965
11.4996
11.5028
11.5059
11.5091
11.5124
11.5157
11.519
11.5225
11.3513
11.3568
11.3623
11.3677
11.3732
11.3786
11.384
11.3894
11.3948
11.4002
11.4055
11.4109
11.4162
11.4216
11.4269
11.4322
11.4376
11.4429
11.4483
11.4537
11.4592
11.4646
11.4701
11.4756
11.4812
11.2975
11.3039
11.3102
11.3166
11.323
11.3293
11.3357
11.3421
11.3484
11.3548
11.3612
11.3675
11.3739
11.3803
11.3867
11.3931
11.3995
11.4059
11.4123
11.4188
11.4253
11.4318
11.4383
11.4448
11.4514
11.2618
11.2686
11.2753
11.2821
11.2889
11.2957
11.3025
11.3093
11.3162
11.323
11.3298
11.3367
11.3435
11.3504
11.3572
11.3641
11.371
11.3779
11.3848
11.3917
11.3986
11.4056
11.4125
11.4195
11.4265
11.2338
11.2408
11.2477
11.2547
11.2617
11.2687
11.2757
11.2827
11.2897
11.2967
11.3037
11.3108
11.3178
11.3249
11.3319
11.339
11.3461
11.3532
11.3603
11.3674
11.3745
11.3817
11.3888
11.396
11.4031
11.2082
11.2153
11.2223
11.2294
11.2364
11.2435
11.2505
11.2576
11.2647
11.2718
11.2789
11.286
11.2932
11.3003
11.3074
11.3146
11.3217
11.3289
11.3361
11.3433
11.3505
11.3577
11.3649
11.3721
11.3794
11.1826
11.1897
11.1967
11.2038
11.2109
11.218
11.2251
11.2322
11.2393
11.2464
11.2535
11.2607
11.2678
11.275
11.2821
11.2893
11.2965
11.3037
11.3109
11.3181
11.3253
11.3325
11.3398
11.347
11.3543
11.1559
11.1629
11.17
11.1771
11.1841
11.1912
11.1983
11.2054
11.2125
11.2196
11.2268
11.2339
11.2411
11.2482
11.2554
11.2625
11.2697
11.2769
11.2841
11.2913
11.2985
11.3058
11.313
11.3203
11.3275
11.1278
11.1349
11.1419
11.149
11.156
11.1631
11.1702
11.1773
11.1844
11.1915
11.1986
11.2057
11.2129
11.22
11.2272
11.2343
11.2415
11.2487
11.2559
11.2631
11.2703
11.2775
11.2847
11.2919
11.2992
11.0988
11.1058
11.1129
11.1199
11.1269
11.134
11.1411
11.1481
11.1552
11.1623
11.1694
11.1765
11.1836
11.1908
11.1979
11.205
11.2122
11.2194
11.2265
11.2337
11.2409
11.2481
11.2553
11.2625
11.2698
11.0696
11.0766
11.0837
11.0907
11.0977
11.1047
11.1118
11.1189
11.1259
11.133
11.1401
11.1472
11.1543
11.1614
11.1685
11.1756
11.1828
11.1899
11.1971
11.2042
11.2114
11.2186
11.2258
11.233
11.2402
11.0418
11.0488
11.0558
11.0628
11.0698
11.0768
11.0839
11.0909
11.098
11.105
11.1121
11.1192
11.1263
11.1334
11.1405
11.1476
11.1547
11.1618
11.169
11.1761
11.1833
11.1905
11.1977
11.2048
11.212
11.0176
11.0246
11.0316
11.0386
11.0456
11.0526
11.0596
11.0667
11.0737
11.0807
11.0878
11.0949
11.102
11.109
11.1161
11.1232
11.1304
11.1375
11.1446
11.1518
11.1589
11.1661
11.1732
11.1804
11.1876
11.0004
11.0074
11.0144
11.0214
11.0284
11.0354
11.0424
11.0495
11.0565
11.0636
11.0706
11.0777
11.0848
11.0919
11.099
11.1061
11.1132
11.1203
11.1274
11.1346
11.1417
11.1489
11.1561
11.1633
11.1704
10.9953
11.0023
11.0093
11.0163
11.0233
11.0304
11.0374
11.0445
11.0515
11.0586
11.0657
11.0728
11.0799
11.087
11.0941
11.1012
11.1083
11.1155
11.1226
11.1298
11.137
11.1441
11.1513
11.1585
11.1657
11.0096
11.0167
11.0237
11.0308
11.0378
11.0449
11.052
11.0591
11.0662
11.0733
11.0805
11.0876
11.0947
11.1019
11.109
11.1162
11.1234
11.1306
11.1378
11.145
11.1522
11.1594
11.1667
11.1739
11.1812
11.0545
11.0616
11.0688
11.0759
11.0831
11.0902
11.0974
11.1046
11.1118
11.119
11.1262
11.1334
11.1406
11.1479
11.1551
11.1624
11.1696
11.1769
11.1842
11.1915
11.1988
11.2061
11.2134
11.2207
11.2281
11.1467
11.1539
11.1612
11.1685
11.1758
11.1831
11.1904
11.1978
11.2051
11.2124
11.2198
11.2272
11.2345
11.2419
11.2493
11.2567
11.2641
11.2716
11.279
11.2865
11.2939
11.3014
11.3089
11.3163
11.3238
11.3123
11.3198
11.3274
11.3349
11.3424
11.35
11.3576
11.3651
11.3727
11.3803
11.3879
11.3955
11.4032
11.4108
11.4185
11.4261
11.4338
11.4415
11.4492
11.4569
11.4646
11.4723
11.48
11.4878
11.4955
11.5945
11.6024
11.6103
11.6183
11.6262
11.6342
11.6422
11.6502
11.6582
11.6662
11.6742
11.6822
11.6903
11.6983
11.7064
11.7145
11.7226
11.7307
11.7388
11.7469
11.755
11.7632
11.7713
11.7795
11.7877
12.0682
12.0768
12.0854
12.0941
12.1027
12.1114
12.1201
12.1287
12.1374
12.1461
12.1549
12.1636
12.1723
12.1811
12.1899
12.1986
12.2074
12.2162
12.2251
12.2339
12.2427
12.2516
12.2605
12.2694
12.2782
12.8757
12.8855
12.8953
12.9052
12.915
12.9249
12.9348
12.9447
12.9546
12.9646
12.9745
12.9845
12.9944
13.0044
13.0145
13.0245
13.0345
13.0446
13.0547
13.0647
13.0748
13.085
13.0951
13.1053
13.1154
14.3157
14.3278
14.34
14.3522
14.3643
14.3766
14.3888
14.401
14.4133
14.4256
14.4379
14.4502
14.4626
14.475
14.4874
14.4998
14.5122
14.5247
14.5372
14.5497
14.5622
14.5748
14.5873
14.5999
14.6126
17.1086
17.1259
17.1432
17.1605
17.1779
17.1953
17.2127
17.2302
17.2477
17.2652
17.2828
17.3004
17.3181
17.3358
17.3535
17.3712
17.389
17.4068
17.4247
17.4426
17.4606
17.4785
17.4965
17.5146
17.5327
23.3735
23.4053
23.4372
23.4692
23.5013
23.5335
23.5657
23.5981
23.6305
23.6631
23.6957
23.7284
23.7612
23.7941
23.8271
23.8602
23.8934
23.9266
23.96
23.9934
24.027
24.0606
24.0943
24.1282
24.1621
13719.2
5615.92
3435.69
2566.11
2109.83
1778.33
1501.98
1273.08
1090.08
949.204
843.032
759.923
687.932
619.655
552.786
487.919
426.732
370.852
321.157
277.756
240.234
207.937
180.226
156.538
136.313
119.018
104.204
91.4895
80.5496
71.1011
62.9102
55.7925
49.5861
44.1496
39.3691
35.1484
31.4022
28.0565
25.0581
22.3699
19.9638
17.8164
15.9062
14.2108
12.7084
11.3787
10.2041
9.16848
8.26152
7.4627
10732.5
5357.54
3408.32
2566.31
2113.15
1780.78
1503.5
1274.03
1090.7
949.635
843.361
760.185
688.138
619.814
552.911
488.019
426.815
370.921
321.214
277.804
240.273
207.968
180.251
156.558
136.328
119.029
104.212
91.4946
80.5526
71.1025
62.9104
55.7918
49.5847
44.1477
39.3669
35.146
31.3997
28.0541
25.0558
22.3678
19.9619
17.8146
15.9046
14.2093
12.7069
11.3773
10.2028
9.16724
8.26032
7.46151
8522.48
4977.42
3349.31
2563.1
2118.83
1786.35
1507.7
1276.97
1092.62
950.777
843.986
760.542
688.398
620.072
553.199
488.336
427.14
371.234
321.499
278.052
240.482
208.14
180.39
156.666
136.41
119.09
104.255
91.5231
80.5696
71.1104
62.9112
55.7873
49.5764
44.1368
39.3542
35.1324
31.3858
28.0405
25.0429
22.3558
19.9508
17.8043
15.8951
14.2004
12.6986
11.3695
10.1953
9.16012
8.2534
7.45473
6963.46
4578.21
3263.27
2554.88
2127.4
1796.14
1515.34
1282.26
1095.96
952.671
844.964
761.075
688.793
620.472
553.649
488.828
427.642
371.714
321.935
278.433
240.804
208.405
180.602
156.833
136.538
119.184
104.322
91.568
80.5966
71.1233
62.9133
55.7812
49.5644
44.1206
39.3353
35.1119
31.3649
28.02
25.0235
22.3376
19.934
17.7888
15.8807
14.187
12.686
11.3576
10.184
9.14928
8.24287
7.44439
5802.24
4195.28
3156.74
2537.78
2136.47
1810.24
1527.4
1290.82
1101.28
955.49
846.198
761.586
689.136
620.885
554.186
489.458
428.31
372.366
322.533
278.958
241.251
208.774
180.9
157.067
136.717
119.318
104.418
91.6323
80.6359
71.1428
62.9174
55.7737
49.5484
44.0986
39.3094
35.0839
31.3361
27.9917
24.9965
22.3124
19.9107
17.7672
15.8606
14.1683
12.6685
11.341
10.1682
9.13414
8.22816
7.42994
4906.87
3835.76
3034.89
2508.38
2142.15
1827.38
1544.5
1303.76
1109.45
959.604
847.619
761.779
689.103
621.054
554.637
490.127
429.091
373.164
323.286
279.631
241.829
209.257
181.291
157.376
136.956
119.496
104.546
91.7195
80.6898
71.1703
62.9244
55.7651
49.5284
44.0705
39.2759
35.0473
31.2984
27.9546
24.961
22.2792
19.8799
17.7387
15.8341
14.1435
12.6452
11.319
10.1473
9.11407
8.20866
7.41079
4207.94
3502.62
2901.67
2464.82
2139.92
1844.6
1566.2
1322.05
1121.66
965.792
849.394
761.377
688.264
620.588
554.713
490.642
429.869
374.046
324.162
280.437
242.536
209.855
181.782
157.768
137.26
119.725
104.712
91.8329
80.7609
71.2077
62.9352
55.7558
49.5042
44.0358
39.2341
35.0013
31.2508
27.9075
24.916
22.2369
19.8406
17.7023
15.8003
14.1119
12.6155
11.2909
10.1205
9.08839
8.18372
7.38629
3664.94
3200.46
2761.21
2407.16
2126.15
1857.7
1590.48
1345.87
1139.23
975.403
852.227
760.366
686.203
618.986
553.991
490.7
430.445
374.889
325.089
281.337
243.352
210.561
182.371
158.244
137.633
120.009
104.919
91.976
80.8518
71.2566
62.9511
55.7464
49.476
43.9942
39.1833
34.9451
31.1924
27.8495
24.8602
22.1845
19.7919
17.6571
15.7581
14.0725
12.5784
11.2559
10.0872
9.05638
8.15262
7.35576
3251.14
2935.54
2618.72
2337.15
2098.71
1862.1
1613.58
1373.88
1162.93
990.226
857.676
759.384
682.776
615.761
551.95
489.876
430.518
375.493
325.941
282.255
244.232
211.351
183.047
158.799
138.075
120.348
105.169
92.1511
80.9645
71.3188
62.9733
55.7376
49.444
43.9454
39.1231
34.8779
31.1221
27.7795
24.7928
22.1209
19.7326
17.602
15.7068
14.0245
12.5332
11.2131
10.0465
9.01732
8.11469
7.31851
2945.2
2712.46
2479.77
2257.43
2057.3
1853.94
1630.61
1402.76
1191.99
1011.73
868.12
760.182
678.554
610.688
548.076
487.653
429.673
375.562
326.518
283.06
245.094
212.175
183.78
159.418
138.577
120.74
105.462
92.3588
81.1003
71.3956
63.0027
55.7299
49.4083
43.8894
39.053
34.7991
31.0392
27.6965
24.7125
22.045
19.6617
17.536
15.6453
13.9669
12.479
11.1618
9.99762
8.97045
8.0692
7.27384
2722.01
2529.06
2347.45
2169.83
2002.02
1830.24
1636.29
1427.4
1223.31
1039.69
885.877
765.756
675.441
604.312
542.124
483.527
427.413
374.698
326.532
283.553
245.805
212.945
184.517
160.068
139.119
121.174
105.793
92.5966
81.2583
71.4869
63.0397
55.7239
49.3693
43.8262
38.9729
34.7081
30.9429
27.5996
24.6185
21.9558
19.5783
17.4583
15.5727
13.8989
12.415
11.1013
9.93995
8.9151
8.01551
7.22115
2537.7
2366.73
2215.74
2071.63
1931.4
1788.15
1625.25
1441.45
1251.4
1070.96
911.246
779.289
676.955
598.667
534.666
477.284
423.272
372.436
325.606
283.455
246.167
213.527
185.166
160.69
139.666
121.626
106.146
92.8565
81.4341
71.5907
63.0835
55.7191
49.3268
43.7556
38.8824
34.6047
30.8328
27.4883
24.51
21.8526
19.4815
17.3679
15.4883
13.8198
12.3405
11.0308
9.8728
8.85068
7.95304
7.15989
2314.44
2177.3
2057.61
1947.29
1836.17
1721.29
1590.63
1437.18
1268.69
1099.2
940.67
801.475
686.993
597.707
527.93
469.614
417.128
368.381
323.321
282.414
245.91
213.724
185.59
161.19
140.153
122.055
106.497
93.1219
81.6177
71.701
63.1309
55.7141
49.2801
43.6774
38.7814
34.4886
30.7086
27.3621
24.3865
21.7346
19.3705
17.2642
15.3913
13.7289
12.2549
10.9498
9.7957
8.77675
7.88143
7.08971
1954.53
1875.32
1808.07
1751.38
1686.69
1610.85
1518.58
1402.48
1264.3
1114.81
966.194
827.763
706.18
605.68
526.218
463.028
409.891
362.568
319.383
280.07
244.714
213.281
185.598
161.432
140.486
122.395
106.799
93.3635
81.7902
71.806
63.1747
55.7045
49.2268
43.5902
38.6693
34.3595
30.5699
27.2207
24.2475
21.6015
19.245
17.1468
15.2815
13.6258
12.1579
10.858
9.70838
8.69306
7.80042
7.01046
1398.15
1378.39
1374.17
1391.24
1403.9
1398.72
1369.34
1309.17
1217.14
1101.48
974.604
847.461
728.088
622.293
533.57
462.053
404.455
356.254
314.073
276.281
242.304
211.919
184.955
161.232
140.529
122.551
106.986
93.5344
81.92
71.8848
63.2015
55.6823
49.162
43.4914
38.5446
34.2168
30.4166
27.064
24.0931
21.4531
19.1048
17.0154
15.1584
13.5105
12.0493
10.7554
9.61082
8.59967
7.71016
6.9223
775.559
779.406
798.874
846.615
911.433
979.692
1038.6
1072.03
1065.99
1018.08
938
840.15
737.127
637.656
547.337
469.536
405.206
352.73
309.116
271.681
238.756
209.488
183.446
160.388
140.114
122.391
106.961
93.5654
81.9584
71.904
63.1889
55.6329
49.0767
43.3753
38.4042
34.0587
30.2478
26.8915
23.9229
21.2893
18.9497
16.8699
15.0223
13.3829
11.9294
10.6422
9.50332
8.49689
7.61098
6.82568
340.542
341.138
348.224
369.197
405.602
458.56
529.605
614.17
696.411
754.203
772.112
749.394
696.429
626.597
551.177
478.065
412.049
355.321
307.932
268.501
235.17
206.376
181.106
158.788
139.095
121.778
106.608
93.3665
81.8385
71.8151
63.1028
55.5331
48.9557
43.2323
38.2421
33.882
30.0619
26.7027
23.7368
21.1101
18.7799
16.7107
14.8734
13.2435
11.7986
10.5189
9.38649
8.38542
7.50367
6.72146
143.345
141.566
140.985
143.277
148.898
158.855
176.548
207.935
258.663
327.729
403.709
468.984
508.543
516.4
496.134
456.795
408.1
357.722
310.62
269.225
233.978
204.169
178.736
156.741
137.526
120.656
105.839
92.8482
81.4834
71.5572
62.8973
55.3499
48.776
43.0471
38.0485
33.6805
29.8554
26.4956
23.5339
20.9152
18.5956
16.538
14.7121
13.0929
11.6576
10.3863
9.26123
8.26625
7.38925
6.6108
75.261
74.2191
73.1911
72.6547
72.523
72.6418
73.1474
74.6099
78.6732
89.2062
111.749
149.346
198.917
251.618
296.307
324.078
331.347
320.154
296.098
265.567
233.797
204.096
177.92
155.398
136.053
119.318
104.747
92.0097
80.8543
71.0816
62.5269
55.0459
48.5094
42.7993
37.8094
33.4453
29.6228
26.2672
23.3126
20.7041
18.3965
16.3519
14.539
12.9317
11.5072
10.2455
9.12869
8.14065
7.26914
6.49521
50.3544
50.0404
49.5487
49.1673
48.8722
48.5732
48.2546
47.9245
47.6006
47.3527
47.438
48.7489
53.6433
65.6908
87.004
116.156
148.479
177.708
198.196
206.787
203.565
191.205
173.527
154.082
135.337
118.501
103.837
91.1318
80.0795
70.4293
61.9908
54.6046
48.1358
42.4706
37.5102
33.1658
29.357
26.013
23.0705
20.4754
18.1823
16.1527
14.3544
12.7607
11.3485
10.0977
8.99016
8.01003
7.14483
6.37635
38.5596
38.4018
38.1523
37.918
37.7115
37.4881
37.2408
36.9745
36.6889
36.3845
36.0653
35.7421
35.442
35.2496
35.4655
36.993
41.5986
51.0485
65.5876
83.4749
101.581
116.42
125.271
127.031
122.381
113.253
101.926
90.2754
79.4262
69.807
61.4155
54.093
47.6839
42.0691
37.1508
32.8395
29.0555
25.7312
22.8066
20.229
17.9534
15.941
14.1592
12.5809
11.1826
9.94398
8.8471
7.87599
7.01807
6.25608
31.1774
31.0718
30.9272
30.7662
30.6138
30.446
30.2585
30.0556
29.838
29.6055
29.359
29.1016
28.8364
28.5661
28.2929
28.0221
27.7742
27.6225
27.8066
28.9298
31.9861
37.813
46.338
56.3978
66.1176
73.542
77.2836
76.9598
73.2
67.2303
60.3371
53.4863
47.1994
41.6363
36.7623
32.4874
28.7307
25.4291
22.5259
19.9689
17.7129
15.7194
13.9556
12.3942
11.0113
9.78632
8.70123
7.74029
6.89067
6.13618
25.9058
25.8381
25.7479
25.6323
25.5161
25.388
25.2448
25.0896
24.9235
24.7461
24.5579
24.3601
24.154
23.9406
23.7196
23.4905
23.2519
23.0023
22.7411
22.4715
22.2086
22.0034
22.0042
22.5512
24.1756
27.3175
31.9094
37.2534
42.2574
45.8328
47.2728
46.4695
43.8582
40.1526
36.0477
32.0353
28.3656
25.1077
22.2372
19.7056
17.47
15.495
13.7494
12.2053
10.8384
9.62763
8.55524
7.60532
6.76488
6.0188
21.9586
21.9221
21.8654
21.7842
21.6976
21.6019
21.4948
21.3783
21.2535
21.1204
20.9787
20.8289
20.6718
20.5073
20.3354
20.1548
19.9645
19.7626
19.5474
19.317
19.0696
18.8039
18.5194
18.2184
17.9112
17.6286
17.4532
17.5635
18.2328
19.6909
21.9039
24.4902
26.852
28.4113
28.8205
28.0554
26.3682
24.1366
21.7169
19.3594
17.1936
15.2572
13.54
12.018
10.6684
9.47235
8.41279
7.47435
6.64375
5.90615
18.9803
18.9688
18.935
18.8807
18.8188
18.7491
18.6706
18.5847
18.4924
18.3937
18.2885
18.1767
18.0585
17.9337
17.8017
17.6618
17.5128
17.3534
17.1821
16.9971
16.7969
16.5798
16.3444
16.0892
15.8129
15.5149
15.195
14.8551
14.5018
14.1525
13.8501
13.6815
13.7757
14.2442
15.0793
16.1031
17.0259
17.5636
17.5433
16.9493
15.8997
14.5757
13.153
11.7602
10.4691
9.30544
8.26842
7.34665
6.52858
5.79975
16.7647
16.7663
16.7491
16.716
16.6743
16.6255
16.5693
16.5069
16.4392
16.3663
16.288
16.2042
16.1148
16.0193
15.9175
15.8083
15.6909
15.5641
15.4266
15.2772
15.1145
14.9371
14.7436
14.5327
14.3033
14.054
13.784
13.4925
13.179
12.8435
12.4867
12.1103
11.7188
11.3219
10.9402
10.6117
10.3918
10.3313
10.4374
10.6457
10.8367
10.8817
10.6937
10.2531
9.6019
8.81827
7.9826
7.1591
6.38961
5.68297
15.1818
15.1873
15.1809
15.1627
15.1361
15.1028
15.0629
15.0175
14.9672
14.9124
14.853
14.7887
14.7192
14.6443
14.5632
14.4753
14.3799
14.2759
14.1623
14.0379
13.9016
13.7521
13.5883
13.4091
13.2131
12.9995
12.7673
12.5156
12.2438
11.9515
11.6386
11.3052
10.9518
10.5795
10.1898
9.78508
9.36903
8.94759
8.53045
8.13345
7.77864
7.4883
7.27194
7.11444
6.97582
6.80602
6.5637
6.23098
5.81799
5.34096
14.1043
14.1119
14.1118
14.103
14.0868
14.0644
14.036
14.0023
13.9641
13.9216
13.8748
13.8233
13.767
13.7055
13.6381
13.5642
13.4831
13.394
13.2958
13.1877
13.0687
12.9376
12.7934
12.635
12.4613
12.2714
12.0643
11.8392
11.5954
11.3324
11.0501
10.7482
10.4273
10.0879
9.7311
9.35824
8.97111
8.57188
8.16302
7.74736
7.32845
6.91045
6.49848
6.09943
5.72209
5.37599
5.06758
4.79629
4.55311
4.31953
13.4403
13.4467
13.4479
13.443
13.432
13.4155
13.3937
13.3671
13.3361
13.3008
13.2614
13.2176
13.1691
13.1154
13.056
12.9904
12.9178
12.8375
12.7486
12.6502
12.5415
12.4213
12.2888
12.1429
11.9826
11.807
11.6151
11.4062
11.1795
10.9346
10.6711
10.3889
10.0883
9.76975
9.4341
9.0826
8.71673
8.33843
7.94985
7.55345
7.15184
6.74788
6.34441
5.94435
5.55072
5.16631
4.79425
4.43758
4.09969
3.78425
13.0549
13.0573
13.0561
13.0506
13.0405
13.0258
13.0066
12.983
12.9553
12.9236
12.8878
12.8478
12.8031
12.7535
12.6983
12.6371
12.5691
12.4936
12.4099
12.317
12.2142
12.1005
11.9748
11.8364
11.6841
11.517
11.3343
11.1351
10.9188
10.6848
10.4327
10.1624
9.87415
9.56826
9.24556
8.90713
8.55442
8.18919
7.81347
7.42954
7.03999
6.64753
6.25485
5.8647
5.47978
5.10273
4.73578
4.38105
4.04046
3.715
12.7871
12.785
12.7802
12.7724
12.761
12.7459
12.727
12.7043
12.6778
12.6476
12.6135
12.5754
12.5328
12.4853
12.4326
12.3739
12.3088
12.2365
12.1562
12.0671
11.9684
11.8591
11.7383
11.6052
11.4586
11.2978
11.1217
10.9298
10.7211
10.4952
10.2517
9.99047
9.71152
9.41527
9.1024
8.77392
8.43114
8.07578
7.70978
7.3354
6.95504
6.57133
6.18695
5.8046
5.42698
5.05646
4.69551
4.34604
4.00981
3.6884
12.5186
12.5128
12.505
12.4948
12.4818
12.4658
12.4466
12.4241
12.3983
12.369
12.3361
12.2993
12.2582
12.2126
12.1619
12.1056
12.043
11.9735
11.8965
11.811
11.7163
11.6114
11.4955
11.3677
11.2269
11.0724
10.9032
10.7185
10.5176
10.3
10.0652
9.81307
9.5436
9.25712
8.95425
8.63592
8.30339
7.95823
7.60229
7.23768
6.86681
6.49221
6.11648
5.74224
5.37209
5.00856
4.65385
4.31008
3.97908
3.66203
12.1779
12.1708
12.1619
12.1511
12.1381
12.1226
12.1043
12.0832
12.059
12.0316
12.0007
11.9662
11.9277
11.8847
11.8369
11.7838
11.7247
11.659
11.586
11.505
11.4152
11.3157
11.2056
11.0842
10.9503
10.8032
10.6421
10.466
10.2744
10.0665
9.84209
9.6008
9.34262
9.06781
8.77689
8.47068
8.15033
7.81731
7.47336
7.12055
6.76107
6.39736
6.03196
5.66743
5.30635
4.95107
4.60397
4.26701
3.94196
3.63049
11.841
11.8336
11.8248
11.8144
11.8021
11.7877
11.771
11.7516
11.7295
11.7044
11.676
11.6441
11.6084
11.5683
11.5237
11.4738
11.4182
11.3563
11.2874
11.2108
11.1257
11.0314
10.9269
10.8115
10.6842
10.5443
10.3907
10.2228
10.0399
9.84131
9.62662
9.39554
9.14801
8.8842
8.60458
8.30988
8.00115
7.67976
7.34732
7.00575
6.65722
6.30406
5.94869
5.59361
5.2413
4.89419
4.55447
4.22424
3.90534
3.59913
11.591
11.5834
11.5747
11.5645
11.5527
11.5391
11.5233
11.5053
11.4847
11.4612
11.4347
11.4047
11.3711
11.3333
11.2909
11.2435
11.1906
11.1315
11.0656
10.9922
10.9106
10.8201
10.7197
10.6087
10.4862
10.3514
10.2034
10.0415
9.86491
9.67309
9.46556
9.24201
9.00234
8.74668
8.47541
8.18922
7.88908
7.57628
7.25237
6.91922
6.57885
6.23353
5.88563
5.53761
5.19191
4.85086
4.51675
4.19158
3.87713
3.57507
11.435
11.4273
11.4184
11.4082
11.3965
11.3831
11.3678
11.3504
11.3305
11.308
11.2825
11.2537
11.2213
11.1848
11.1439
11.098
11.0467
10.9894
10.9253
10.854
10.7746
10.6864
10.5886
10.4803
10.3608
10.2292
10.0847
9.92653
9.75394
9.56636
9.36329
9.14443
8.90965
8.65906
8.39302
8.11217
7.81745
7.51007
7.19156
6.8637
6.52849
6.18817
5.84505
5.50153
5.16003
4.82291
4.49236
4.17045
3.85902
3.55951
11.3443
11.3363
11.3272
11.3168
11.3051
11.2917
11.2765
11.2593
11.2397
11.2176
11.1926
11.1645
11.1327
11.097
11.0569
11.0119
10.9615
10.9052
10.8422
10.7721
10.6939
10.6071
10.5108
10.4042
10.2864
10.1567
10.0142
9.85823
9.68798
9.50289
9.30247
9.0864
8.85454
8.60697
8.34405
8.06637
7.77485
7.47069
7.15538
6.83067
6.49854
6.16117
5.82087
5.48003
5.14105
4.80623
4.47783
4.15784
3.84807
3.55018
11.2903
11.2821
11.2728
11.2624
11.2505
11.2371
11.2219
11.2047
11.1853
11.1634
11.1386
11.1107
11.0793
11.044
11.0043
10.9599
10.91
10.8543
10.792
10.7225
10.6452
10.5592
10.4637
10.3581
10.2414
10.1128
9.97158
9.81689
9.64805
9.46446
9.26563
9.05122
8.8211
8.57534
8.31427
8.0385
7.74892
7.44671
7.13333
6.81052
6.48025
6.14468
5.80611
5.4669
5.12943
4.79604
4.46893
4.15014
3.8415
3.54452
11.2545
11.2462
11.2368
11.2263
11.2144
11.2009
11.1857
11.1685
11.1491
11.1273
11.1027
11.0749
11.0438
11.0087
10.9693
10.9251
10.8757
10.8203
10.7584
10.6894
10.6126
10.5271
10.4323
10.3273
10.2113
10.0835
9.94303
9.78922
9.62133
9.43874
9.24097
9.02768
8.79874
8.5542
8.29439
8.01991
7.73162
7.43071
7.11863
6.7971
6.46807
6.1337
5.79627
5.45815
5.12171
4.78925
4.46301
4.145
3.83701
3.5407
11.2264
11.2181
11.2087
11.1981
11.1862
11.1727
11.1575
11.1404
11.121
11.0992
11.0747
11.0471
11.0161
10.9812
10.942
10.8981
10.8489
10.7938
10.7323
10.6636
10.5871
10.5021
10.4077
10.3032
10.1878
10.0605
9.92075
9.76763
9.60046
9.41865
9.22171
9.00929
8.78125
8.53765
8.27881
8.00531
7.71804
7.41814
7.10707
6.78653
6.45848
6.12505
5.78852
5.45125
5.1156
4.7839
4.45833
4.14095
3.83357
3.53773
11.2009
11.1926
11.1832
11.1726
11.1607
11.1472
11.132
11.1149
11.0956
11.0739
11.0495
11.022
10.991
10.9563
10.9173
10.8736
10.8246
10.7698
10.7086
10.6402
10.5641
10.4795
10.3855
10.2815
10.1665
10.0398
9.90058
9.74807
9.58157
9.40046
9.20426
8.99263
8.76542
8.52268
8.26473
7.99214
7.70578
7.4068
7.09664
6.77701
6.44984
6.11725
5.78154
5.44504
5.11011
4.77907
4.45413
4.13729
3.83038
3.53501
11.1753
11.167
11.1576
11.1471
11.1351
11.1217
11.1066
11.0895
11.0703
11.0487
11.0243
10.9969
10.9662
10.9316
10.8928
10.8492
10.8005
10.7459
10.685
10.617
10.5412
10.4569
10.3634
10.2598
10.1453
10.0191
9.88048
9.72858
9.56273
9.38233
9.18687
8.97602
8.74962
8.50773
8.25065
7.97896
7.69351
7.39544
7.08619
6.76745
6.44116
6.10943
5.77453
5.43879
5.10459
4.77422
4.44989
4.13362
3.82725
3.53231
11.1486
11.1403
11.131
11.1205
11.1086
11.0952
11.0801
11.0631
11.044
11.0225
10.9982
10.9709
10.9403
10.9059
10.8672
10.8239
10.7754
10.7211
10.6605
10.5928
10.5173
10.4335
10.3403
10.2372
10.1232
9.99762
9.85957
9.70831
9.54314
9.36347
9.16878
8.95875
8.7332
8.49219
8.23603
7.96527
7.68076
7.38365
7.07535
6.75754
6.43216
6.10131
5.76725
5.43232
5.09886
4.76919
4.4455
4.1298
3.82393
3.52948
11.1205
11.1123
11.103
11.0925
11.0807
11.0674
11.0524
11.0355
11.0164
10.995
10.9709
10.9437
10.9132
10.879
10.8405
10.7974
10.7491
10.6951
10.6348
10.5674
10.4923
10.4089
10.3162
10.2136
10.1001
9.97507
9.83763
9.68704
9.5226
9.34368
9.1498
8.94062
8.71596
8.47588
8.22066
7.95088
7.66736
7.37125
7.06393
6.74711
6.42268
6.09276
5.75958
5.42549
5.09282
4.76388
4.44086
4.12579
3.82048
3.52652
11.0915
11.0834
11.0741
11.0637
11.0519
11.0387
11.0237
11.0069
10.9879
10.9666
10.9426
10.9156
10.8852
10.8511
10.8129
10.77
10.722
10.6682
10.6082
10.5411
10.4665
10.3834
10.2912
10.1891
10.0762
9.95172
9.81492
9.66502
9.50131
9.32319
9.13014
8.92184
8.6981
8.45898
8.20475
7.93598
7.65349
7.3584
7.05212
6.73631
6.41287
6.0839
5.75165
5.41842
5.08657
4.75838
4.43606
4.12162
3.81687
3.52343
11.0624
11.0543
11.0451
11.0347
11.023
11.0098
10.9949
10.9782
10.9593
10.9381
10.9142
10.8873
10.8571
10.8232
10.7851
10.7425
10.6947
10.6412
10.5815
10.5148
10.4405
10.3578
10.2661
10.1644
10.0521
9.92824
9.79209
9.64288
9.47992
9.30258
9.11038
8.90296
8.68014
8.44198
8.18875
7.92099
7.63953
7.34547
7.04022
6.72543
6.40298
6.07498
5.74364
5.41129
5.08026
4.75284
4.43122
4.11742
3.81326
3.52032
11.0346
11.0265
11.0174
11.007
10.9954
10.9823
10.9675
10.9508
10.932
10.9109
10.8871
10.8604
10.8303
10.7966
10.7587
10.7162
10.6687
10.6154
10.556
10.4896
10.4157
10.3334
10.2421
10.1409
10.0291
9.90582
9.77028
9.62173
9.45948
9.2829
9.09149
8.88491
8.66298
8.42574
8.17345
7.90666
7.62618
7.33312
7.02885
6.71503
6.39354
6.06645
5.736
5.40448
5.07424
4.74754
4.42659
4.1134
3.80978
3.51734
11.0104
11.0024
10.9932
10.983
10.9714
10.9583
10.9436
10.927
10.9083
10.8872
10.8635
10.8369
10.807
10.7734
10.7357
10.6934
10.646
10.593
10.5338
10.4677
10.3941
10.3122
10.2212
10.1205
10.0091
9.88629
9.75128
9.60331
9.44167
9.26574
9.07504
8.86919
8.64803
8.41158
8.16012
7.89417
7.61455
7.32235
7.01894
6.70596
6.3853
6.05901
5.72932
5.39854
5.06897
4.74292
4.42254
4.10989
3.80676
3.51475
10.9933
10.9852
10.9761
10.9659
10.9543
10.9413
10.9266
10.91
10.8914
10.8704
10.8468
10.8203
10.7904
10.7569
10.7193
10.6772
10.6299
10.5771
10.518
10.4522
10.3787
10.2971
10.2064
10.1059
9.99485
9.8724
9.73778
9.59021
9.42901
9.25355
9.06334
8.85802
8.6374
8.40152
8.15065
7.8853
7.60628
7.31469
7.01189
6.69951
6.37944
6.05372
5.72458
5.39431
5.06523
4.73962
4.41967
4.10739
3.8046
3.5129
10.9881
10.9801
10.971
10.9608
10.9492
10.9362
10.9215
10.905
10.8864
10.8654
10.8418
10.8153
10.7855
10.752
10.7144
10.6723
10.6251
10.5723
10.5133
10.4475
10.3741
10.2925
10.2019
10.1015
9.99058
9.86823
9.73372
9.58628
9.42521
9.24989
9.05983
8.85467
8.63422
8.39851
8.14781
7.88264
7.60381
7.3124
7.00978
6.69759
6.37769
6.05214
5.72316
5.39304
5.06411
4.73864
4.41881
4.10664
3.80396
3.51234
11.0025
10.9944
10.9853
10.975
10.9634
10.9504
10.9357
10.9191
10.9004
10.8794
10.8557
10.8292
10.7993
10.7657
10.728
10.6858
10.6385
10.5856
10.5264
10.4604
10.3869
10.3051
10.2142
10.1136
10.0024
9.87977
9.74494
9.59717
9.43574
9.26004
9.06958
8.86398
8.64308
8.40691
8.15572
7.89006
7.61072
7.3188
7.01567
6.70298
6.38258
6.05656
5.72712
5.39657
5.06723
4.74138
4.42121
4.10872
3.80575
3.51388
11.0473
11.0392
11.03
11.0196
11.0079
10.9948
10.9799
10.9632
10.9444
10.9232
10.8994
10.8726
10.8424
10.8086
10.7706
10.728
10.6804
10.627
10.5674
10.5009
10.4268
10.3444
10.2528
10.1515
10.0394
9.91589
9.78009
9.63126
9.4687
9.2918
9.10005
8.89311
8.67079
8.43314
8.18043
7.91321
7.63229
7.33877
7.03406
6.71979
6.39786
6.07035
5.73949
5.40759
5.07698
4.74995
4.42869
4.11522
3.81136
3.51868
11.1393
11.131
11.1217
11.1112
11.0993
11.0859
11.0708
11.0539
11.0347
11.0132
10.9889
10.9617
10.9311
10.8967
10.8581
10.8148
10.7664
10.7122
10.6516
10.584
10.5087
10.425
10.3321
10.2291
10.1154
9.99
9.85219
9.70119
9.53631
9.35692
9.16253
8.9528
8.72756
8.48687
8.23103
7.9606
7.67642
7.37963
7.07165
6.75416
6.42908
6.09853
5.76475
5.43008
5.09688
4.76743
4.44395
4.12846
3.82277
3.52847
11.3048
11.2962
11.2866
11.2758
11.2636
11.2498
11.2342
11.2167
11.197
11.1749
11.1499
11.1218
11.0903
11.0549
11.0152
10.9707
10.9208
10.8651
10.8028
10.7333
10.6559
10.5698
10.4743
10.3685
10.2517
10.1229
9.98149
9.82656
9.65746
9.47357
9.2744
9.05964
8.82913
8.58296
8.32147
8.04525
7.75521
7.45253
7.13868
6.81541
6.48469
6.14867
5.80967
5.47006
5.13222
4.79847
4.47103
4.15194
3.84301
3.54581
11.5865
11.5776
11.5675
11.5561
11.5433
11.5288
11.5125
11.4941
11.4734
11.4501
11.4239
11.3945
11.3614
11.3243
11.2826
11.2359
11.1836
11.1251
11.0598
10.987
10.9059
10.8158
10.7158
10.6052
10.483
10.3485
10.2007
10.039
9.86266
9.67103
9.46365
9.24024
9.00068
8.74513
8.47396
8.18787
7.88782
7.57511
7.25128
6.91819
6.57789
6.23263
5.88481
5.53685
5.1912
4.85022
4.51614
4.19101
3.87665
3.5746
12.0596
12.0499
12.039
12.0267
12.0127
11.9971
11.9794
11.9595
11.9371
11.9119
11.8836
11.8517
11.8159
11.7758
11.7307
11.6803
11.6238
11.5606
11.4902
11.4116
11.3242
11.2271
11.1194
11.0004
10.869
10.7245
10.566
10.3927
10.2039
9.99908
9.77771
9.53958
9.28467
9.01321
8.72569
8.42294
8.10606
7.77649
7.43597
7.08647
6.73023
6.36963
6.00719
5.64545
5.28693
4.93406
4.5891
4.25411
3.93089
3.62095
12.8659
12.8549
12.8424
12.8284
12.8126
12.7947
12.7746
12.752
12.7266
12.6979
12.6657
12.6296
12.5889
12.5434
12.4923
12.4351
12.3711
12.2996
12.2199
12.1311
12.0324
11.9229
11.8017
11.6677
11.5202
11.3581
11.1806
10.9869
10.7764
10.5484
10.3026
10.0389
9.75736
9.45841
9.14276
8.81143
8.4658
8.10758
7.73875
7.36159
6.97857
6.59232
6.20555
5.82097
5.44122
5.06881
4.70604
4.35498
4.01738
3.69469
14.3036
14.29
14.2746
14.2573
14.2377
14.2157
14.1909
14.163
14.1316
14.0964
14.0567
14.0122
13.9622
13.9062
13.8434
13.7733
13.6949
13.6074
13.51
13.4016
13.2814
13.1482
13.001
12.8388
12.6606
12.4654
12.2523
12.0204
11.7693
11.4984
11.2075
10.8968
10.5666
10.2178
9.85128
9.46868
9.0718
8.66283
8.24424
7.81878
7.38934
6.95894
6.53059
6.10725
5.69172
5.28662
4.89426
4.51665
4.15544
3.81195
17.0914
17.0719
17.05
17.0253
16.9974
16.9661
16.9308
16.8911
16.8465
16.7964
16.7401
16.677
16.6064
16.5272
16.4388
16.34
16.2299
16.1073
15.9712
15.8202
15.6531
15.4688
15.2659
15.0432
14.7997
14.5343
14.2461
13.9346
13.5993
13.2401
12.8573
12.4516
12.0241
11.5762
11.1101
10.6281
10.1329
9.62776
9.11598
8.60111
8.08678
7.57658
7.07398
6.58223
6.10429
5.64276
5.19987
4.7774
4.3767
3.99873
23.3414
23.3053
23.2646
23.2188
23.1673
23.1094
23.0444
22.9713
22.8893
22.7974
22.6945
22.5794
22.4508
22.3074
22.1476
21.9699
21.7727
21.5544
21.3132
21.0473
20.7553
20.4354
20.0862
19.7064
19.2952
18.8516
18.3756
17.8672
17.3271
16.7566
16.1576
15.5326
14.8845
14.217
13.5343
12.8408
12.1415
11.4411
10.7449
10.0576
9.38388
8.72816
8.09428
7.48561
6.905
6.35468
5.83636
5.35118
4.8998
4.48243
150110
129679
126933
124307
123688
123766
124234
124657
124768
124496
124183
124202
124636
125343
126214
127076
127730
127920
127603
127015
126379
125930
125908
126206
126838
127827
129192
130930
133012
135382
137987
140764
143646
146564
149456
152258
154906
157350
159564
161546
163418
165300
167231
169277
171515
174036
176947
180369
184456
189419
195576
203438
213829
228120
248624
251868
309895
397709
540546
223861
52732.8
49913.7
51744.5
53118.1
54664.1
55895.8
56608.9
56606.3
55912.3
54816.1
53729
53006.2
52396.4
51793.7
51782.4
53105.4
56239.8
61504.1
68829.5
77637.8
86676.3
94729.2
101002
105649
109003
111460
113412
115241
117174
118148
117767
116256
113866
110807
107247
103283
99249.6
95302.4
91569.6
88175.1
85142.8
82428.9
80002.2
77841.2
75935.8
74285
72893.3
71771.2
70939.3
70440.1
70356.2
70834.9
72126.6
74638.7
78991.7
86218
99767.9
114435
147488
235177
24360.9
26114.8
29450.6
32793.9
35828.1
38020.8
39200.5
39050.5
37202.8
33662.7
29123.7
23766.1
18992.3
15859
14019.3
12904.6
12311.8
12142.2
12289.9
12602.7
13105.2
13726.3
14407.7
15062.2
15643.8
16122.9
16490.3
16742.5
16667.4
16030.5
15022.3
13805.5
12493.5
11182.1
9956.76
8943.65
8041.63
7248.29
6554.85
5946.3
5402.53
4910.53
4466.21
4066.06
3706.78
3385.16
3097.98
2842.3
2615.84
2417
2244.9
2099.39
1977.84
1875.82
1789.75
1722.43
1701.76
1707.89
1903.34
3280.08
13427.7
16278.5
20075.1
24514.9
29466.6
33851.7
38169.3
41454.2
42828.3
41035.4
36236.3
30205.9
24612.4
20218.5
16983.6
14781.9
13453.5
12809.3
12596.3
12418
11912.3
11074
10049.9
8954.98
7878.3
6867.78
5942.12
5102.03
4342.91
3660.36
3058.31
2539.61
2104.44
1749.52
1466.93
1242.83
1057.67
904.206
776.29
668.529
576.64
497.556
428.71
370.793
321.995
280.778
245.831
216.034
190.398
168.216
148.991
132.359
117.96
105.388
94.2255
84.1732
75.2779
67.9846
58.462
54.4847
6863.59
8724.21
11434.7
15323.6
20681.4
25606
30059.9
34366.2
39139.4
42995.6
45197.8
46018.2
45397.6
42759.9
38234.8
32452.4
26103.9
19722.8
13838.4
9050.42
5781.99
3722.86
2439.38
1626.65
1102.1
756.793
525.839
370.866
266.522
196.575
149.843
118.279
96.8167
82.1197
71.8771
64.6158
59.2992
55.3
52.2086
49.7541
47.7549
46.0876
44.6635
43.4136
42.2645
41.0925
39.7865
38.4199
37.0007
35.5409
34.0655
32.6064
31.1957
29.8611
28.628
27.5235
26.5354
25.536
24.723
26.4127
3358
3837.38
4106.03
4726.36
5750.07
7314.89
9404.74
11909.5
13585.6
13999.2
12948.6
10621.5
7925.41
5486.93
3570.81
2218.34
1337.11
794.429
473.622
291.298
192.038
136.904
105.385
86.9205
75.7418
68.6465
64.018
60.8696
58.5386
56.4023
54.4957
52.7749
51.1884
49.7045
48.3031
46.9712
45.6997
44.4807
43.3057
42.1649
41.0473
39.9399
38.8275
37.6943
36.5271
35.3198
34.0762
32.8106
31.5454
30.3067
29.1199
28.0064
26.9803
26.0486
25.2138
24.4769
23.8147
23.1281
22.484
23.3917
2104.17
1890.64
1359.21
914.688
617.424
465.739
407.275
395.589
379.511
343.813
293.679
238.37
187.548
145.352
111.578
86.7269
70.8498
61.873
57.0286
54.3583
52.791
51.6399
50.6854
49.8238
48.994
48.1548
47.2737
46.3904
45.5269
44.6775
43.8378
43.0048
42.1763
41.3507
40.527
39.7042
38.8814
38.0565
37.2256
36.3834
35.5237
34.6391
33.7237
32.774
31.7921
30.7861
29.77
28.7622
27.7824
26.8492
25.9775
25.1776
24.4538
23.8051
23.227
22.7131
22.241
21.7379
21.1974
21.503
1850.87
1843.9
1566.75
1074.95
723.912
487.008
318.181
198.606
124.386
86.1784
69.7126
62.911
60.1657
58.9456
58.164
57.3509
56.545
55.7075
54.81
53.8302
52.7456
51.5375
50.2942
49.0727
47.878
46.7114
45.5733
44.4636
43.3819
42.3277
41.2999
40.2974
39.3188
38.3624
37.4264
36.5083
35.6046
34.7106
33.8204
32.9278
32.0279
31.118
30.1991
29.2761
28.3582
27.4574
26.5873
25.7609
24.9888
24.2791
23.6355
23.0586
22.5453
22.0899
21.6847
21.3204
20.9782
20.6095
20.1779
20.0746
586.881
702.903
658.188
384.382
197.46
101.626
65.8433
56.064
53.4192
52.2537
51.3304
50.5493
49.8306
49.139
48.4632
47.7953
47.1301
46.4646
45.7964
45.1189
44.42
43.6853
42.8976
42.0593
41.2378
40.4296
39.6313
38.8402
38.0544
37.2723
36.4931
35.7161
34.941
34.167
33.3935
32.6192
31.842
31.0593
30.2691
29.4705
28.6649
27.8566
27.0526
26.262
25.4956
24.7636
24.0752
23.4377
22.8552
22.3294
21.8595
21.4422
21.073
20.7459
20.454
20.1883
19.9345
19.6623
19.3241
18.9616
108.889
80.469
66.3616
59.4258
55.5075
53.5786
52.3829
51.562
50.9003
50.3198
49.7717
49.2211
48.6444
48.0299
47.3706
46.6605
45.8957
45.075
44.1976
43.2583
42.2713
41.3105
40.3734
39.459
38.5661
37.6931
36.8382
35.9994
35.1752
34.3643
33.5651
32.7766
31.9972
31.2254
30.4595
29.6976
28.9381
28.1803
27.4249
26.6748
25.9349
25.2116
24.5127
23.8456
23.2175
22.6337
22.0978
21.6113
21.174
20.7838
20.4377
20.1317
19.8612
19.6218
19.4078
19.2117
19.0224
18.8242
18.5675
18.0397
91.8489
68.5117
57.5293
53.2481
50.5372
48.9313
47.7121
46.7485
45.9285
45.2042
44.5374
43.9005
43.2754
42.6517
42.0224
41.3803
40.7198
40.0367
39.3265
38.581
37.7839
37.0032
36.2384
35.4871
34.7472
34.0164
33.2932
32.5759
31.8635
31.1552
30.4503
29.7481
29.0483
28.3502
27.6536
26.959
26.2677
25.5824
24.907
24.2471
23.6086
22.9979
22.4206
21.8815
21.3838
20.9291
20.5175
20.1477
19.8177
19.5245
19.2649
19.0354
18.8328
18.6537
18.4943
18.3482
18.2071
18.0665
17.8798
17.2542
78.615
62.3015
54.2326
50.2483
47.7817
46.3298
45.2421
44.3859
43.6522
42.9926
42.3682
41.7508
41.1216
40.4702
39.7896
39.0739
38.3184
37.5204
36.6763
35.8563
35.061
34.2862
33.5291
32.7878
32.0605
31.3453
30.6407
29.9451
29.2574
28.5766
27.9019
27.2327
26.5688
25.9107
25.2594
24.6171
23.9869
23.3728
22.7797
22.2124
21.6753
21.1723
20.7059
20.2777
19.8879
19.5354
19.2188
18.9357
18.6835
18.4595
18.2611
18.0857
17.931
17.7951
17.6754
17.5664
17.4623
17.3674
17.2409
16.5659
66.4217
55.251
49.8191
46.3124
44.0485
42.6509
41.5855
40.7348
40.0022
39.344
38.7251
38.1209
37.5149
36.8969
36.2599
35.5971
34.9032
34.1735
33.4299
32.7093
32.0074
31.3206
30.6464
29.9829
29.3285
28.6819
28.0418
27.4075
26.7783
26.1539
25.5345
24.9206
24.3136
23.7155
23.1291
22.558
22.0059
21.4771
20.9754
20.5038
20.0649
19.6599
19.2892
18.9521
18.6473
18.373
18.1271
17.9072
17.7111
17.5367
17.3821
17.2455
17.1255
17.021
16.9303
16.8491
16.7735
16.7148
16.6398
15.9517
56.6719
48.9211
45.0938
42.3904
40.4897
39.3122
38.4265
37.7167
37.0968
36.5268
35.9756
35.4213
34.8487
34.249
33.6158
32.9434
32.2272
31.524
30.8368
30.1653
29.5082
28.8636
28.2299
27.6059
26.9904
26.3826
25.7817
25.1874
24.5997
24.019
23.4463
22.8834
22.3326
21.7967
21.279
20.7828
20.3114
19.8673
19.4526
19.0685
18.7153
18.3926
18.0993
17.8338
17.5944
17.3789
17.1856
17.0123
16.8575
16.7196
16.5972
16.4893
16.3949
16.3137
16.2446
16.1842
16.1304
16.1001
16.0687
15.3951
48.587
43.3733
40.6647
38.5067
36.827
35.6699
34.802
34.1141
33.5246
32.9929
32.4883
31.9894
31.4811
30.9537
30.3995
29.8123
29.2364
28.666
28.1006
27.5373
26.9766
26.4191
25.8651
25.3148
24.7652
24.2183
23.6752
23.1367
22.6042
22.08
21.566
21.0654
20.5809
20.1158
19.6728
19.2544
18.8625
18.4981
18.1617
17.853
17.5711
17.3148
17.0824
16.8723
16.6826
16.5115
16.3576
16.2193
16.0955
15.985
15.8869
15.8007
15.7257
15.662
15.6092
15.5644
15.5269
15.5179
15.5223
14.885
41.6199
38.2811
36.5005
34.92
33.6764
32.6575
31.8432
31.1826
30.6104
30.0908
29.5953
29.1045
28.603
28.0795
27.5653
27.0607
26.5605
26.0644
25.5722
25.0836
24.5979
24.1147
23.6338
23.1521
22.6714
22.193
21.7167
21.2449
20.7793
20.3229
19.8784
19.4493
19.0382
18.6477
18.2796
17.936
17.617
17.3231
17.0535
16.8074
16.5833
16.3797
16.1951
16.028
15.8767
15.7399
15.6164
15.5052
15.4053
15.3162
15.2372
15.1679
15.108
15.058
15.0176
14.9845
14.959
14.9651
14.9969
14.4138
35.6027
33.5123
32.3454
31.2012
30.2916
29.5327
28.8683
28.2719
27.7289
27.2278
26.7438
26.2746
25.8186
25.3728
24.9352
24.5014
24.0707
23.6434
23.2193
22.7981
22.3793
21.9616
21.5445
21.1288
20.7158
20.3048
19.8986
19.4981
19.1065
18.7254
18.3574
18.0051
17.6705
17.3553
17.0599
16.7851
16.5315
16.2984
16.0852
15.8906
15.7135
15.5523
15.406
15.2731
15.1525
15.0433
14.9446
14.8553
14.775
14.7033
14.64
14.5847
14.5373
14.4983
14.4676
14.4435
14.4268
14.4425
14.4924
13.9765
30.5347
29.2715
28.5016
27.6748
26.9994
26.4172
25.8984
25.4246
24.9818
24.5616
24.1572
23.7638
23.3785
22.9992
22.6221
22.2466
21.8731
21.502
21.1332
20.7669
20.4017
20.038
19.6767
19.3189
18.9643
18.6154
18.2731
17.9403
17.6179
17.3079
17.0121
16.7318
16.4683
16.2202
15.989
15.7751
15.5784
15.3976
15.2323
15.0813
14.9437
14.8183
14.7041
14.6002
14.5058
14.42
14.3423
14.2722
14.2091
14.1528
14.103
14.0595
14.0224
13.9921
13.9689
13.9515
13.9409
13.9616
14.0212
13.5766
26.3373
25.6215
25.1266
24.5492
24.0611
23.6265
23.2322
22.8656
22.518
22.1834
21.8575
21.5371
21.2203
20.9038
20.5863
20.2686
19.9512
19.6347
19.3195
19.0046
18.6909
18.3796
18.0709
17.7665
17.4683
17.1768
16.8938
16.6218
16.3614
16.1139
15.8803
15.6601
15.4537
15.2616
15.0841
14.9201
14.7695
14.6316
14.5058
14.3909
14.2856
14.1894
14.1016
14.0213
13.9482
13.8816
13.8211
13.7664
13.7171
13.6731
13.6343
13.6005
13.5719
13.549
13.5319
13.5193
13.5123
13.5343
13.5972
13.2223
22.8878
22.5184
22.2103
21.8234
21.4819
21.1674
20.8763
20.6007
20.3352
20.0761
19.8204
19.5664
19.3128
19.055
18.7949
18.5332
18.2706
18.008
17.7444
17.4812
17.2197
16.9602
16.7045
16.4544
16.2103
15.9739
15.7473
15.5308
15.3256
15.1323
14.9497
14.779
14.6205
14.4735
14.338
14.2133
14.0989
13.994
13.8979
13.81
13.7296
13.656
13.5887
13.5268
13.4703
13.4188
13.3719
13.3293
13.2911
13.257
13.227
13.201
13.1791
13.1618
13.1493
13.1402
13.1356
13.1566
13.2176
12.9119
20.0841
19.9175
19.7315
19.4805
19.2467
19.0236
18.8124
18.6088
18.41
18.2134
18.0174
17.821
17.6204
17.4163
17.2093
17.0004
16.7904
16.5784
16.3661
16.1547
15.9444
15.7371
15.5346
15.3368
15.1453
14.9619
14.7869
14.621
14.4635
14.3152
14.1765
14.0472
13.9274
13.8169
13.7152
13.6217
13.5358
13.4569
13.3845
13.318
13.257
13.2009
13.1495
13.1026
13.0599
13.0209
12.9855
12.9532
12.9242
12.8984
12.8758
12.8565
12.8404
12.8278
12.819
12.8127
12.8094
12.8278
12.8817
12.642
17.8435
17.7858
17.6778
17.52
17.3625
17.2063
17.0544
16.9051
16.7572
16.6092
16.4605
16.3103
16.1551
15.9967
15.8361
15.6739
15.5095
15.3444
15.1798
15.0156
14.8538
14.6959
14.5415
14.3919
14.2489
14.1122
13.9827
13.8589
13.742
13.6326
13.5309
13.436
13.3486
13.2682
13.1942
13.1263
13.064
13.0068
12.9544
12.9064
12.862
12.8212
12.7838
12.7496
12.7183
12.6897
12.6637
12.6402
12.6191
12.6003
12.5838
12.5701
12.5588
12.5503
12.5446
12.5406
12.5379
12.5528
12.5959
12.4147
16.0926
16.086
16.0265
15.93
15.8256
15.7175
15.6091
15.5005
15.3913
15.281
15.1694
15.0542
14.9361
14.8159
14.6941
14.5717
14.4474
14.3235
14.201
14.0793
13.9607
13.8448
13.7335
13.6264
13.524
13.4262
13.3327
13.2443
13.1615
13.0845
13.0133
12.947
12.8859
12.8298
12.7782
12.7308
12.6874
12.6475
12.6109
12.5773
12.5465
12.5183
12.4925
12.469
12.4475
12.4281
12.4102
12.3941
12.3797
12.3669
12.3558
12.3466
12.3391
12.3337
12.3303
12.3274
12.3254
12.3359
12.3671
12.2338
14.7631
14.7753
14.7444
14.6867
14.6187
14.5449
14.4685
14.3904
14.3108
14.2299
14.1476
14.0621
13.9748
13.8863
13.7972
13.7067
13.6166
13.5276
13.4394
13.3535
13.2697
13.1894
13.1122
13.0393
12.9686
12.9009
12.837
12.7772
12.7215
12.67
12.6225
12.5788
12.5383
12.501
12.4668
12.4354
12.4066
12.3801
12.3558
12.3334
12.3129
12.2941
12.2769
12.2612
12.2468
12.2338
12.2221
12.2116
12.2023
12.1942
12.1874
12.1815
12.1768
12.1735
12.1716
12.1699
12.1687
12.1752
12.1954
12.0986
13.7901
13.8045
13.7884
13.7542
13.7104
13.6607
13.6079
13.5527
13.496
13.438
13.3789
13.3175
13.2551
13.1924
13.1297
13.0665
13.0043
12.9426
12.8828
12.8245
12.7688
12.7153
12.665
12.6158
12.569
12.5247
12.4833
12.4448
12.4092
12.3764
12.3463
12.3186
12.2929
12.2692
12.2475
12.2275
12.2092
12.1923
12.1767
12.1624
12.1493
12.1373
12.1262
12.1161
12.1069
12.0986
12.0912
12.0845
12.0787
12.0737
12.0695
12.066
12.0633
12.0614
12.0605
12.0596
12.0593
12.0628
12.074
12.0032
13.1109
13.1206
13.1091
13.0878
13.0594
13.0263
12.9902
12.9523
12.9129
12.8726
12.8317
12.7893
12.7466
12.704
12.6612
12.619
12.578
12.5378
12.4992
12.4619
12.4266
12.3925
12.3597
12.3284
12.2989
12.2713
12.2457
12.2221
12.2002
12.1801
12.1617
12.1447
12.1291
12.1148
12.1015
12.0891
12.0778
12.0673
12.0576
12.0487
12.0405
12.0329
12.0259
12.0195
12.0137
12.0085
12.0038
11.9997
11.9961
11.9931
11.9907
11.9888
11.9874
11.9866
11.9864
11.9864
11.9867
11.9885
11.9929
11.9393
12.664
12.6653
12.6547
12.6391
12.6192
12.5964
12.5717
12.5457
12.5189
12.4916
12.464
12.4358
12.4077
12.3799
12.3523
12.3254
12.2995
12.2744
12.2505
12.2277
12.2055
12.1843
12.1641
12.1451
12.1273
12.1109
12.0956
12.0816
12.0686
12.0567
12.0458
12.0357
12.0264
12.0179
12.0099
12.0025
11.9957
11.9893
11.9834
11.9778
11.9725
11.9677
11.9632
11.959
11.9552
11.9518
11.9487
11.946
11.9437
11.9419
11.9406
11.9396
11.939
11.9388
11.939
11.9397
11.9409
11.9422
11.9418
11.8988
12.3992
12.3909
12.3777
12.3621
12.3454
12.3276
12.3092
12.2906
12.2718
12.253
12.2345
12.216
12.1978
12.1801
12.1627
12.1461
12.1302
12.1149
12.1005
12.0864
12.0728
12.06
12.0479
12.0366
12.0261
12.0164
12.0074
11.9992
11.9917
11.9848
11.9785
11.9727
11.9675
11.9629
11.9585
11.9543
11.9502
11.9462
11.9424
11.9386
11.9351
11.9317
11.9284
11.9253
11.9224
11.9198
11.9174
11.9152
11.9133
11.9117
11.9105
11.9096
11.9091
11.9091
11.9096
11.9106
11.9125
11.9151
11.9126
11.872
12.274
12.2558
12.2374
12.2192
12.2014
12.1841
12.1675
12.1516
12.1365
12.1221
12.1084
12.0952
12.0827
12.0709
12.0599
12.0496
12.0399
12.0307
12.022
12.0138
12.006
11.9985
11.9914
11.9846
11.9781
11.9718
11.9658
11.96
11.9544
11.949
11.9438
11.9388
11.9339
11.9292
11.9246
11.9202
11.9159
11.9117
11.9077
11.9038
11.9001
11.8965
11.893
11.8897
11.8866
11.8838
11.8813
11.8792
11.8773
11.8758
11.8747
11.874
11.8738
11.874
11.8748
11.8761
11.8785
11.8838
11.8878
11.8404
12.211
12.1965
12.1812
12.1655
12.1498
12.1343
12.1191
12.1045
12.0904
12.0769
12.064
12.0517
12.04
12.0289
12.0183
12.0083
11.9988
11.9897
11.9811
11.9728
11.9649
11.9574
11.9501
11.9431
11.9364
11.9299
11.9237
11.9176
11.9118
11.9061
11.9007
11.8954
11.8903
11.8855
11.8808
11.8764
11.8721
11.8681
11.8642
11.8605
11.857
11.8535
11.8502
11.8469
11.8435
11.8406
11.838
11.8359
11.8342
11.833
11.8321
11.8317
11.8318
11.8325
11.8338
11.8354
11.8373
11.8445
11.8585
11.8033
12.1253
12.1167
12.1061
12.0941
12.0815
12.0685
12.0555
12.0427
12.0302
12.018
12.0062
11.9949
11.984
11.9735
11.9634
11.9537
11.9444
11.9355
11.9269
11.9187
11.9108
11.9032
11.8959
11.8889
11.8821
11.8756
11.8691
11.8629
11.8567
11.8506
11.8446
11.8387
11.8327
11.8272
11.8222
11.8177
11.8137
11.81
11.8068
11.8039
11.8014
11.7992
11.7973
11.7958
11.7946
11.7936
11.793
11.7926
11.7926
11.7927
11.7932
11.7939
11.7949
11.7963
11.798
11.8
11.8023
11.8088
11.8239
11.7817
12.0066
12.0073
12.0042
11.9982
11.9902
11.9809
11.9708
11.9604
11.95
11.9396
11.9295
11.9196
11.9099
11.9005
11.8913
11.8823
11.8734
11.8647
11.8561
11.8475
11.8391
11.8306
11.8227
11.8156
11.8091
11.8033
11.7981
11.7933
11.7891
11.7853
11.7818
11.7788
11.7761
11.7738
11.7717
11.77
11.7686
11.7674
11.7664
11.7658
11.7653
11.7651
11.7651
11.7654
11.7658
11.7665
11.7673
11.7683
11.7694
11.7708
11.7722
11.7739
11.7756
11.7775
11.7796
11.7818
11.784
11.7888
11.799
11.7731
11.8384
11.8537
11.8629
11.8671
11.8673
11.8642
11.8588
11.8518
11.8438
11.8353
11.8267
11.8182
11.81
11.8023
11.7951
11.7884
11.7823
11.7767
11.7717
11.7672
11.7632
11.7596
11.7564
11.7536
11.7512
11.7491
11.7472
11.7457
11.7444
11.7434
11.7426
11.7421
11.7417
11.7416
11.7417
11.7419
11.7424
11.743
11.7438
11.7448
11.7459
11.7472
11.7487
11.7503
11.752
11.7539
11.7559
11.758
11.7602
11.7625
11.7648
11.7672
11.7696
11.7721
11.7746
11.7769
11.7793
11.783
11.79
11.7746
11.6812
11.6967
11.7086
11.7172
11.7232
11.7269
11.7289
11.7297
11.7294
11.7286
11.7274
11.7259
11.7244
11.7229
11.7215
11.7202
11.719
11.7181
11.7173
11.7167
11.7162
11.716
11.7159
11.716
11.7162
11.7166
11.7171
11.7177
11.7185
11.7195
11.7206
11.7218
11.7231
11.7246
11.7262
11.728
11.7299
11.7319
11.734
11.7363
11.7387
11.7412
11.7439
11.7466
11.7494
11.7524
11.7554
11.7584
11.7615
11.7647
11.7678
11.7709
11.774
11.7769
11.7798
11.7825
11.785
11.7882
11.7931
11.7844
11.5854
11.6016
11.6152
11.6266
11.636
11.6439
11.6503
11.6556
11.6601
11.6639
11.6672
11.67
11.6726
11.6749
11.6771
11.6792
11.6812
11.6831
11.6851
11.687
11.6889
11.6909
11.6928
11.6948
11.6969
11.699
11.7012
11.7034
11.7057
11.7081
11.7106
11.7131
11.7158
11.7185
11.7214
11.7243
11.7274
11.7305
11.7338
11.7372
11.7406
11.7442
11.7479
11.7516
11.7554
11.7593
11.7633
11.7672
11.7712
11.7751
11.7791
11.7829
11.7866
11.7901
11.7935
11.7966
11.7993
11.8022
11.8059
11.8013
11.5261
11.5431
11.5582
11.5715
11.5833
11.5937
11.6029
11.6112
11.6186
11.6252
11.6313
11.6369
11.642
11.6468
11.6513
11.6556
11.6597
11.6635
11.6673
11.671
11.6745
11.678
11.6815
11.6849
11.6883
11.6917
11.6951
11.6986
11.7021
11.7056
11.7092
11.7129
11.7166
11.7204
11.7243
11.7283
11.7324
11.7366
11.7408
11.7452
11.7497
11.7543
11.7589
11.7636
11.7684
11.7733
11.7781
11.783
11.7879
11.7927
11.7974
11.802
11.8064
11.8106
11.8145
11.818
11.8211
11.824
11.827
11.8249
11.4868
11.5051
11.5216
11.5366
11.5502
11.5625
11.5738
11.584
11.5934
11.602
11.61
11.6175
11.6244
11.6309
11.6371
11.6429
11.6485
11.6538
11.6589
11.6639
11.6687
11.6734
11.678
11.6826
11.6871
11.6916
11.696
11.7005
11.705
11.7096
11.7142
11.7189
11.7236
11.7284
11.7333
11.7383
11.7434
11.7486
11.7539
11.7593
11.7648
11.7704
11.7761
11.7818
11.7876
11.7935
11.7994
11.8052
11.8111
11.8168
11.8224
11.8279
11.8331
11.838
11.8425
11.8466
11.8501
11.8531
11.8558
11.8551
11.4579
11.4777
11.4958
11.5124
11.5277
11.5417
11.5546
11.5665
11.5775
11.5877
11.5973
11.6062
11.6146
11.6225
11.6299
11.637
11.6438
11.6503
11.6566
11.6627
11.6686
11.6744
11.68
11.6856
11.6912
11.6966
11.7021
11.7076
11.7131
11.7187
11.7243
11.73
11.7357
11.7416
11.7475
11.7536
11.7597
11.766
11.7724
11.7789
11.7855
11.7923
11.7991
11.806
11.8129
11.8199
11.8269
11.8339
11.8408
11.8476
11.8542
11.8606
11.8668
11.8725
11.8778
11.8825
11.8865
11.8898
11.8924
11.8926
11.4335
11.4551
11.4751
11.4934
11.5104
11.5261
11.5406
11.5541
11.5667
11.5784
11.5893
11.5996
11.6093
11.6185
11.6272
11.6355
11.6435
11.6512
11.6585
11.6657
11.6727
11.6795
11.6863
11.6929
11.6995
11.706
11.7125
11.7191
11.7257
11.7323
11.739
11.7458
11.7527
11.7596
11.7667
11.774
11.7813
11.7888
11.7964
11.8042
11.8121
11.8201
11.8282
11.8364
11.8446
11.8529
11.8612
11.8695
11.8777
11.8857
11.8935
11.9011
11.9082
11.915
11.9211
11.9265
11.9312
11.9348
11.9374
11.9381
11.4103
11.4341
11.4562
11.4765
11.4954
11.5129
11.5292
11.5444
11.5585
11.5718
11.5842
11.596
11.607
11.6176
11.6276
11.6371
11.6463
11.6552
11.6638
11.6721
11.6803
11.6882
11.6961
11.7039
11.7116
11.7193
11.727
11.7348
11.7425
11.7504
11.7583
11.7663
11.7745
11.7828
11.7912
11.7998
11.8085
11.8174
11.8265
11.8357
11.845
11.8545
11.8642
11.8739
11.8837
11.8935
11.9033
11.9131
11.9227
11.9322
11.9414
11.9503
11.9587
11.9666
11.9737
11.98
11.9853
11.9894
11.9922
11.993
11.3866
11.413
11.4374
11.4601
11.4811
11.5007
11.5189
11.5359
11.5519
11.5669
11.5809
11.5943
11.6069
11.6189
11.6303
11.6413
11.6519
11.6621
11.672
11.6816
11.6911
11.7004
11.7096
11.7187
11.7277
11.7368
11.7458
11.7549
11.7641
11.7733
11.7827
11.7922
11.8019
11.8117
11.8217
11.8318
11.8422
11.8527
11.8635
11.8744
11.8855
11.8968
11.9082
11.9197
11.9313
11.9429
11.9545
11.9661
11.9775
11.9887
11.9995
12.01
12.0198
12.029
12.0374
12.0447
12.0507
12.0554
12.0584
12.0593
11.3615
11.3908
11.418
11.4432
11.4667
11.4886
11.5091
11.5283
11.5462
11.5632
11.5791
11.5942
11.6086
11.6223
11.6354
11.648
11.6601
11.6719
11.6834
11.6945
11.7055
11.7163
11.7271
11.7377
11.7483
11.7589
11.7695
11.7802
11.791
11.802
11.813
11.8243
11.8357
11.8473
11.8592
11.8712
11.8835
11.896
11.9088
11.9217
11.9349
11.9483
11.9618
11.9755
11.9892
12.003
12.0168
12.0304
12.0439
12.0571
12.0699
12.0822
12.0938
12.1046
12.1143
12.1228
12.1298
12.135
12.1383
12.1391
11.3348
11.3673
11.3976
11.4258
11.4521
11.4767
11.4997
11.5213
11.5416
11.5608
11.5789
11.5961
11.6124
11.6281
11.6431
11.6576
11.6716
11.6851
11.6984
11.7114
11.7242
11.7368
11.7493
11.7617
11.7742
11.7866
11.7991
11.8118
11.8245
11.8374
11.8505
11.8638
11.8774
11.8912
11.9052
11.9195
11.9341
11.949
11.9641
11.9796
11.9952
12.0111
12.0272
12.0434
12.0597
12.076
12.0924
12.1085
12.1245
12.1401
12.1552
12.1697
12.1834
12.196
12.2074
12.2172
12.2253
12.2312
12.2347
12.2354
11.3064
11.3427
11.3764
11.408
11.4375
11.4651
11.491
11.5154
11.5383
11.56
11.5806
11.6002
11.6189
11.6368
11.6541
11.6707
11.6869
11.7026
11.718
11.7331
11.748
11.7627
11.7774
11.792
11.8066
11.8212
11.836
11.8509
11.866
11.8813
11.8968
11.9126
11.9287
11.945
11.9617
11.9788
11.9961
12.0138
12.0319
12.0502
12.0689
12.0877
12.1069
12.1262
12.1456
12.165
12.1844
12.2036
12.2225
12.241
12.2589
12.276
12.2921
12.3069
12.3202
12.3317
12.3409
12.3477
12.3515
12.3518
11.277
11.3173
11.355
11.3903
11.4233
11.4543
11.4835
11.5111
11.5371
11.5617
11.5852
11.6075
11.6289
11.6495
11.6693
11.6885
11.7072
11.7254
11.7433
11.7609
11.7783
11.7956
11.8127
11.8299
11.8471
11.8644
11.8819
11.8995
11.9174
11.9355
11.954
11.9728
11.9919
12.0114
12.0313
12.0516
12.0723
12.0934
12.1149
12.1368
12.159
12.1815
12.2043
12.2273
12.2505
12.2736
12.2967
12.3195
12.342
12.364
12.3852
12.4054
12.4244
12.4418
12.4574
12.4708
12.4815
12.4891
12.4931
12.4931
11.2474
11.2922
11.3342
11.3736
11.4106
11.4455
11.4784
11.5094
11.5389
11.5669
11.5936
11.6192
11.6437
11.6673
11.6902
11.7124
11.734
11.7552
11.776
11.7966
11.8169
11.8372
11.8574
11.8776
11.898
11.9184
11.9391
11.96
11.9813
12.0029
12.0248
12.0472
12.07
12.0933
12.117
12.1413
12.166
12.1913
12.217
12.2431
12.2697
12.2966
12.3239
12.3514
12.379
12.4066
12.4341
12.4614
12.4882
12.5143
12.5395
12.5635
12.5859
12.6065
12.6248
12.6404
12.6528
12.6614
12.6658
12.6651
11.2192
11.2688
11.3155
11.3594
11.4009
11.44
11.477
11.5121
11.5454
11.5772
11.6077
11.6369
11.665
11.6922
11.7185
11.7442
11.7693
11.794
11.8183
11.8423
11.8662
11.8901
11.9139
11.9378
11.9618
11.9861
12.0107
12.0356
12.0609
12.0866
12.1128
12.1396
12.1669
12.1947
12.2232
12.2522
12.2819
12.3121
12.3429
12.3743
12.4062
12.4385
12.4711
12.5041
12.5372
12.5702
12.6032
12.6358
12.6677
12.6989
12.7289
12.7574
12.7841
12.8085
12.83
12.8483
12.8626
12.8724
12.877
12.8756
11.1948
11.2495
11.3012
11.3501
11.3963
11.44
11.4816
11.5212
11.5589
11.595
11.6297
11.663
11.6953
11.7266
11.757
11.7867
11.8159
11.8447
11.8731
11.9013
11.9294
11.9575
11.9856
12.014
12.0425
12.0714
12.1006
12.1304
12.1606
12.1914
12.2228
12.2548
12.2875
12.321
12.3552
12.3901
12.4257
12.4621
12.4992
12.5369
12.5753
12.6141
12.6534
12.693
12.7328
12.7726
12.8121
12.8512
12.8895
12.9268
12.9627
12.9968
13.0285
13.0574
13.0829
13.1044
13.121
13.1322
13.1369
13.1344
11.1776
11.2377
11.2947
11.3488
11.4001
11.4489
11.4955
11.54
11.5826
11.6235
11.663
11.7011
11.738
11.774
11.8092
11.8437
11.8777
11.9112
11.9445
11.9777
12.0108
12.044
12.0773
12.111
12.145
12.1794
12.2144
12.2499
12.2862
12.3231
12.3608
12.3994
12.4388
12.4791
12.5203
12.5625
12.6055
12.6495
12.6942
12.7398
12.7861
12.8331
12.8806
12.9284
12.9764
13.0243
13.072
13.1191
13.1653
13.2101
13.2532
13.294
13.3319
13.3664
13.3967
13.4219
13.4414
13.4541
13.459
13.455
11.1729
11.2385
11.3009
11.3604
11.4172
11.4714
11.5234
11.5733
11.6212
11.6675
11.7123
11.7558
11.7982
11.8396
11.8803
11.9203
11.9599
11.9992
12.0382
12.0773
12.1164
12.1557
12.1954
12.2355
12.2761
12.3173
12.3592
12.402
12.4456
12.4901
12.5357
12.5823
12.63
12.6788
12.7287
12.7798
12.832
12.8853
12.9397
12.995
13.0512
13.1082
13.1658
13.2239
13.2821
13.3403
13.398
13.4551
13.5109
13.5651
13.617
13.6662
13.7118
13.753
13.7891
13.819
13.8418
13.8563
13.8612
13.8554
11.1884
11.2593
11.3271
11.3922
11.4546
11.5145
11.5723
11.628
11.6818
11.734
11.7848
11.8344
11.883
11.9307
11.9777
12.0242
12.0704
12.1164
12.1624
12.2085
12.2549
12.3016
12.3489
12.3969
12.4456
12.4952
12.5457
12.5973
12.6501
12.7041
12.7593
12.816
12.874
12.9334
12.9942
13.0565
13.1202
13.1853
13.2516
13.3192
13.3879
13.4575
13.5279
13.5987
13.6698
13.7407
13.8112
13.8806
13.9486
14.0144
14.0775
14.137
14.1921
14.2418
14.285
14.3207
14.3475
14.3641
14.369
14.3607
11.2354
11.3113
11.3844
11.4549
11.523
11.5888
11.6526
11.7145
11.7747
11.8335
11.891
11.9474
12.003
12.0579
12.1124
12.1665
12.2205
12.2746
12.3289
12.3835
12.4388
12.4946
12.5514
12.609
12.6678
12.7278
12.789
12.8518
12.916
12.9818
13.0493
13.1186
13.1896
13.2625
13.3371
13.4136
13.4919
13.5719
13.6535
13.7367
13.8212
13.9068
13.9934
14.0805
14.1679
14.2551
14.3416
14.4268
14.5101
14.5907
14.6677
14.7403
14.8073
14.8676
14.9198
14.9625
14.9943
15.0134
15.0181
15.0066
11.3313
11.4114
11.4893
11.565
11.6386
11.7104
11.7804
11.8489
11.916
11.9819
12.0469
12.1112
12.1748
12.2382
12.3013
12.3645
12.4279
12.4917
12.5562
12.6213
12.6874
12.7546
12.8231
12.8929
12.9643
13.0374
13.1123
13.1891
13.2679
13.3489
13.4321
13.5175
13.6053
13.6954
13.7879
13.8826
13.9797
14.079
14.1803
14.2835
14.3884
14.4948
14.6022
14.7104
14.8187
14.9268
15.034
15.1394
15.2424
15.3419
15.4368
15.5261
15.6083
15.6819
15.7454
15.7971
15.835
15.8572
15.8615
15.8456
11.5033
11.5866
11.6683
11.7486
11.8275
11.905
11.9814
12.0568
12.1314
12.2053
12.2787
12.3519
12.425
12.4982
12.5718
12.646
12.7208
12.7967
12.8737
12.952
13.0318
13.1133
13.1967
13.2822
13.3698
13.4598
13.5523
13.6474
13.7452
13.8459
13.9496
14.0562
14.1659
14.2786
14.3944
14.5132
14.635
14.7596
14.8868
15.0164
15.1481
15.2817
15.4165
15.5522
15.6882
15.8236
15.9577
16.0896
16.2182
16.3422
16.4604
16.5712
16.673
16.7639
16.8419
16.9049
16.9506
16.9765
16.98
16.9585
11.7958
11.8807
11.9652
12.0492
12.1327
12.2159
12.2988
12.3815
12.4642
12.5471
12.6302
12.714
12.7984
12.8837
12.9702
13.058
13.1474
13.2385
13.3316
13.4269
13.5246
13.6248
13.7279
13.8339
13.943
14.0555
14.1714
14.2909
14.4142
14.5414
14.6725
14.8076
14.9468
15.09
15.2372
15.3884
15.5435
15.7021
15.8641
16.0292
16.197
16.3671
16.5387
16.7112
16.8839
17.0559
17.2259
17.3929
17.5554
17.7119
17.8607
17.9998
18.1272
18.2406
18.3374
18.4151
18.4707
18.5013
18.5036
18.4745
12.2872
12.3717
12.4573
12.544
12.6317
12.7204
12.8101
12.901
12.9931
13.0867
13.1818
13.2786
13.3774
13.4783
13.5816
13.6874
13.796
13.9076
14.0225
14.1408
14.2628
14.3887
14.5187
14.653
14.7919
14.9355
15.084
15.2376
15.3963
15.5603
15.7297
15.9046
16.0848
16.2705
16.4615
16.6577
16.859
17.0649
17.2751
17.4893
17.7068
17.9269
18.149
18.372
18.5949
18.8165
19.0353
19.2497
19.458
19.6581
19.8478
20.0248
20.1862
20.3293
20.451
20.5478
20.6163
20.6527
20.6533
20.6139
13.1256
13.2085
13.2946
13.3838
13.4759
13.5711
13.6694
13.7708
13.8754
13.9834
14.0948
14.2099
14.3288
14.4518
14.579
14.7107
14.8471
14.9884
15.135
15.287
15.4447
15.6083
15.7781
15.9542
16.137
16.3265
16.523
16.7266
16.9375
17.1556
17.3812
17.6141
17.8544
18.1018
18.3563
18.6176
18.8854
19.1591
19.4383
19.7223
20.0103
20.3013
20.5943
20.8879
21.1808
21.4712
21.7573
22.0369
22.3077
22.5672
22.8125
23.0403
23.2475
23.4302
23.5847
23.7067
23.792
23.8358
23.8336
23.7805
14.6252
14.7117
14.8034
14.9004
15.0031
15.1114
15.2256
15.3458
15.4722
15.6048
15.744
15.8898
16.0426
16.2024
16.3696
16.5444
16.7269
16.9176
17.1165
17.324
17.5404
17.7657
18.0003
18.2443
18.4979
18.7613
19.0346
19.3179
19.6111
19.9144
20.2276
20.5506
20.8832
21.2251
21.576
21.9353
22.3025
22.6769
23.0576
23.4436
23.8337
24.2267
24.6209
25.0146
25.4058
25.7923
26.1715
26.5408
26.897
27.2369
27.5568
27.8528
28.1205
28.3554
28.5528
28.7074
28.8141
28.8671
28.8607
28.7892
17.5508
17.683
17.8203
17.9637
18.1142
18.2726
18.4398
18.6162
18.8026
18.9993
19.2067
19.4253
19.6553
19.8972
20.151
20.4171
20.6957
20.9868
21.2908
21.6077
21.9375
22.2805
22.6366
23.0058
23.3881
23.7835
24.1917
24.6127
25.0463
25.492
25.9497
26.4189
26.8989
27.3893
27.8892
28.3979
28.9144
29.4374
29.9658
30.4981
31.0326
31.5675
32.1007
32.6298
33.1523
33.6653
34.1657
34.65
35.1145
35.555
35.9672
36.3463
36.6871
36.9842
37.2321
37.4245
37.5553
37.6179
37.6056
37.5116
24.1961
24.6623
25.1292
25.598
26.0695
26.5447
27.0242
27.5088
27.9991
28.4955
28.9986
29.5087
30.0263
30.5516
31.0849
31.6265
32.1765
32.7351
33.3024
33.8784
34.4633
35.0569
35.6592
36.2701
36.8894
37.5169
38.1523
38.7953
39.4455
40.1025
40.7656
41.4343
42.1078
42.7853
43.4658
44.1484
44.8318
45.5147
46.1956
46.8729
47.5449
48.2094
48.8642
49.5069
50.1348
50.745
51.3343
51.8992
52.4359
52.9404
53.4083
53.835
54.2153
54.5442
54.8159
55.0247
55.1643
55.2282
55.2098
55.102
67919.5
73226.9
75435
77339.6
78744.4
79949.8
80997.4
81949.4
82835.4
83676.3
84488.4
85286
86081.5
86886.5
87716.4
88591.6
89515.2
90470.1
91540.1
93085.8
95325.9
97145.8
97652.4
104592
133204
27469.5
29019.8
29437.8
30000.3
30433.2
30829.9
31186.8
31520.2
31836.3
32141.7
32441.4
32740.5
33044.2
33358.9
33691
34044.8
34432.2
34895.5
35500.6
36234.7
37015.3
38616.3
44238.3
56674
64470.6
15336.1
15818.9
15968.9
16206.6
16406
16598.7
16781.3
16959.7
17136.9
17316.5
17501.3
17695
17902.5
18129.6
18381.6
18665.4
18996.4
19403.4
19915.8
20547.6
21426.3
23211.1
27142.4
31919.7
30772.5
10208.2
10372.2
10429.2
10554.1
10671.4
10793.1
10916
11042.7
11175.7
11317.3
11470.4
11638.6
11827.1
12042.6
12291.6
12582.6
12931.6
13362.2
13899.8
14581.3
15552
17185.1
19601
20672.9
17373
7475.58
7514.38
7536.57
7615.63
7699.86
7793.69
7894.2
8003.13
8122.65
8255.42
8404.51
8573.88
8769.63
8999.58
9272.32
9597.7
9991.02
10473.6
11070.5
11816
12776.4
13990.1
14995.7
14019.4
10092.9
5814.34
5805.02
5818.06
5879.57
5952.07
6036.84
6131.64
6237.85
6357.94
6495.01
6652.94
6836.41
7052.21
7309.42
7619.33
7994.35
8446.51
8990.64
9637.85
10376.8
11136.9
11696.8
11529.4
9599.35
5922.12
4725.98
4702.31
4718.91
4776.79
4848.49
4934.13
5032.3
5144.33
5272.94
5421.9
5596.24
5802.55
6047.75
6340.81
6693.23
7116.94
7618.49
8193.46
8810.87
9382.49
9732.71
9673.51
8847.44
6689.98
3762.72
3982.09
3961.54
3988.73
4050.64
4127.87
4220.21
4327.49
4451.44
4594.33
4760.28
4954.86
5185.06
5457.56
5778.84
6154.2
6584.71
7058.12
7531.87
7920.96
8149.97
8098.62
7606.14
6515.15
4739.43
2800.54
3466.73
3458.49
3501.1
3571.42
3658.12
3760.29
3878.72
4015.06
4171.21
4350.29
4555.77
4791.02
5058.06
5354.46
5667.09
5970.77
6234.74
6424.48
6482.2
6338.1
5878.38
5084.43
4062.79
2739.07
1546.96
3114.89
3122.6
3180.47
3259.14
3353.8
3461.9
3583.78
3719.67
3869.96
4033.93
4208.07
4386.2
4559.63
4722.55
4857.88
4943.11
4960.01
4850.59
4580.72
4111.97
3482.01
2793.24
2113.76
1325.9
731.367
2876.36
2894.44
2957.34
3033.33
3120.29
3213.4
3310.18
3407.73
3503.17
3595.35
3678.43
3744.15
3785.32
3788.67
3727.97
3587.12
3353.73
3015.52
2603.6
2150.92
1716.27
1344.24
1010.89
630.964
381.321
2680.31
2687.31
2727.62
2772.22
2817.88
2862.52
2901.6
2931.57
2948.6
2946.76
2914.11
2842.22
2726.05
2553.72
2325.29
2053.79
1757.83
1465.82
1198.64
966.845
775.753
624.753
485.417
325.391
227.824
2422.24
2390.41
2381.69
2375.63
2364.1
2341.42
2300.33
2237.14
2148.77
2028.84
1876.64
1697.07
1496.81
1290.22
1089.56
905.955
747.679
618.208
514.672
431.578
364.926
311.004
256.962
193.564
152.55
2023.32
1938.62
1860.47
1782.33
1691.6
1584.06
1460.13
1322.28
1174.65
1024.5
878.085
741.561
620.029
517.216
433.398
367.112
315.771
276.135
244.723
218.659
196.466
176.932
155.105
128.135
105.912
1443.09
1298.2
1153.44
1023.65
896.194
775.407
662.602
560.351
470.655
394.83
332.655
283.133
244.644
215.193
192.669
175.247
161.467
150.173
140.422
131.496
123.133
114.95
104.81
91.3988
77.1975
802.381
654.184
524.434
429.788
352.948
292.607
245.302
208.873
181.206
160.41
144.794
132.988
123.916
116.764
110.93
105.987
101.634
97.6411
93.7927
89.8978
85.8996
81.6027
75.8649
67.8211
59.0601
353.764
265.448
201.98
164.639
139.167
121.96
109.927
101.344
95.0449
90.2727
86.5223
83.4584
80.8555
78.5585
76.4579
74.4731
72.5445
70.6146
68.6066
66.4341
64.0736
61.3669
57.6394
52.6909
46.9162
148.46
113.648
93.3335
82.9632
76.488
72.2425
69.2175
66.9273
65.0913
63.5461
62.1905
60.9594
59.808
58.7035
57.6192
56.5321
55.4213
54.26
53.0017
51.5912
50.0003
48.0929
45.5431
42.3369
38.2357
76.7633
65.4169
59.5217
56.3758
54.3046
52.8068
51.6243
50.6342
49.7659
48.9776
48.2416
47.5386
46.8538
46.174
45.4869
44.7799
44.04
43.2473
42.3663
41.3539
40.1765
38.7697
36.9886
34.7623
31.7071
51.1819
47.2389
44.9594
43.5125
42.4645
41.6386
40.9464
40.3405
39.7915
39.2805
38.7939
38.3211
37.8534
37.3823
36.8989
36.3937
35.8559
35.2686
34.6024
33.8231
32.9419
31.8938
30.594
28.9648
26.6494
39.0023
37.2714
36.0679
35.1583
34.4659
33.9021
33.4211
32.9947
32.6048
32.239
31.8878
31.5437
31.2001
30.8502
30.4867
30.1015
29.6853
29.2226
28.6945
28.1057
27.4343
26.6344
25.6596
24.4361
22.6914
31.4355
30.4519
29.6915
29.0792
28.5794
28.1656
27.809
27.4907
27.1979
26.9214
26.6541
26.3901
26.124
25.8502
25.5625
25.2539
24.9155
24.5431
24.1406
23.6889
23.1701
22.556
21.8194
20.8972
19.6119
26.0564
25.4232
24.9099
24.4816
24.1103
23.7973
23.5241
23.2778
23.0493
22.8317
22.6196
22.4084
22.1935
21.9701
21.733
21.4759
21.2074
20.9271
20.618
20.2708
19.8722
19.4061
18.8548
18.1711
17.2566
22.0401
21.6146
21.2582
20.9524
20.6806
20.4404
20.2271
20.0323
19.8495
19.6738
19.501
19.3274
19.1492
18.9625
18.7685
18.5717
18.3709
18.1581
17.9237
17.6612
17.362
17.0172
16.6148
16.1245
15.5021
19.016
18.7259
18.4756
18.2555
18.0569
17.8744
17.7073
17.5523
17.4051
17.262
17.1201
16.9763
16.8312
16.6862
16.5406
16.3934
16.2433
16.0859
15.9133
15.7213
15.505
15.2596
14.9773
14.6424
14.2403
16.7697
16.5709
16.3946
16.2359
16.0904
15.9551
15.8276
15.706
15.5887
15.4747
15.363
15.2529
15.1438
15.0351
14.9261
14.8162
14.7043
14.5896
14.4682
14.3345
14.186
14.0201
13.8327
13.6175
13.3724
15.1702
15.0342
14.9105
14.7967
14.6907
14.5908
14.4958
14.4047
14.3165
14.2307
14.1467
14.0639
13.982
13.9004
13.8188
13.7367
13.6536
13.569
13.4822
13.3927
13.2972
13.1923
13.0763
12.9476
12.8079
14.0918
14.007
13.9262
13.8493
13.7759
13.7057
13.6377
13.5712
13.5052
13.4403
13.3767
13.314
13.252
13.1904
13.129
13.0676
13.0059
12.9436
12.8806
12.8164
12.7507
12.6836
12.6151
12.5451
12.4721
13.4302
13.3818
13.3343
13.2876
13.2419
13.1969
13.1523
13.1078
13.0628
13.0169
12.9695
12.9211
12.8733
12.826
12.7791
12.7325
12.6862
12.64
12.5939
12.5478
12.5017
12.4556
12.4096
12.3638
12.3184
13.0497
13.0242
12.9982
12.9719
12.9451
12.918
12.8904
12.8621
12.8329
12.8026
12.7707
12.7369
12.7008
12.6616
12.6225
12.5838
12.5453
12.5072
12.4693
12.4317
12.3943
12.3571
12.3202
12.2835
12.2471
12.7869
12.7735
12.7594
12.7445
12.7289
12.7126
12.6954
12.6774
12.6585
12.6384
12.6169
12.594
12.5693
12.5426
12.5135
12.4817
12.4467
12.4108
12.375
12.3393
12.3037
12.2681
12.2325
12.1969
12.1611
12.5223
12.5145
12.506
12.497
12.4872
12.4768
12.4656
12.4537
12.4409
12.4272
12.4126
12.3967
12.3797
12.3613
12.3414
12.3199
12.2966
12.2715
12.2445
12.2154
12.1841
12.1504
12.1146
12.0787
12.0427
12.1832
12.1774
12.1713
12.1646
12.1575
12.1499
12.1417
12.1329
12.1236
12.1135
12.1028
12.0913
12.079
12.0658
12.0516
12.0365
12.0203
12.0031
11.9849
11.9658
11.9457
11.9247
11.9032
11.8813
11.8595
11.8468
11.8439
11.8409
11.8375
11.834
11.8301
11.8259
11.8214
11.8166
11.8114
11.8059
11.7999
11.7936
11.7868
11.7796
11.7719
11.7639
11.7554
11.7466
11.7375
11.7282
11.7186
11.709
11.6993
11.69
11.5971
11.598
11.5988
11.5994
11.6
11.6004
11.6007
11.6008
11.6008
11.6007
11.6004
11.5999
11.5993
11.5986
11.5977
11.5967
11.5956
11.5944
11.5931
11.5918
11.5905
11.5892
11.588
11.5869
11.586
11.4416
11.4454
11.4491
11.4528
11.4564
11.46
11.4636
11.4671
11.4705
11.4739
11.4772
11.4805
11.4837
11.4869
11.4901
11.4933
11.4964
11.4995
11.5027
11.5058
11.509
11.5123
11.5156
11.5189
11.5224
11.3512
11.3567
11.3622
11.3676
11.3731
11.3785
11.3839
11.3893
11.3947
11.4001
11.4054
11.4108
11.4161
11.4215
11.4268
11.4322
11.4375
11.4429
11.4483
11.4537
11.4591
11.4646
11.4701
11.4756
11.4812
11.2974
11.3038
11.3102
11.3165
11.3229
11.3293
11.3356
11.342
11.3484
11.3547
11.3611
11.3675
11.3738
11.3802
11.3866
11.393
11.3994
11.4059
11.4123
11.4187
11.4252
11.4317
11.4382
11.4448
11.4513
11.2617
11.2685
11.2753
11.2821
11.2889
11.2957
11.3025
11.3093
11.3161
11.323
11.3298
11.3366
11.3435
11.3503
11.3572
11.3641
11.3709
11.3778
11.3847
11.3917
11.3986
11.4055
11.4125
11.4195
11.4265
11.2338
11.2407
11.2477
11.2547
11.2616
11.2686
11.2756
11.2826
11.2897
11.2967
11.3037
11.3107
11.3178
11.3248
11.3319
11.339
11.3461
11.3532
11.3603
11.3674
11.3745
11.3816
11.3888
11.3959
11.4031
11.2082
11.2153
11.2223
11.2293
11.2364
11.2435
11.2505
11.2576
11.2647
11.2718
11.2789
11.286
11.2931
11.3003
11.3074
11.3146
11.3217
11.3289
11.3361
11.3433
11.3505
11.3577
11.3649
11.3721
11.3793
11.1826
11.1897
11.1967
11.2038
11.2109
11.2179
11.225
11.2321
11.2392
11.2464
11.2535
11.2606
11.2678
11.2749
11.2821
11.2893
11.2965
11.3036
11.3108
11.3181
11.3253
11.3325
11.3397
11.347
11.3543
11.1559
11.1629
11.17
11.1771
11.1841
11.1912
11.1983
11.2054
11.2125
11.2196
11.2268
11.2339
11.241
11.2482
11.2554
11.2625
11.2697
11.2769
11.2841
11.2913
11.2985
11.3058
11.313
11.3202
11.3275
11.1278
11.1349
11.1419
11.149
11.156
11.1631
11.1702
11.1773
11.1844
11.1915
11.1986
11.2057
11.2128
11.22
11.2271
11.2343
11.2415
11.2487
11.2558
11.263
11.2703
11.2775
11.2847
11.2919
11.2992
11.0988
11.1058
11.1128
11.1199
11.1269
11.134
11.141
11.1481
11.1552
11.1623
11.1694
11.1765
11.1836
11.1907
11.1979
11.205
11.2122
11.2194
11.2265
11.2337
11.2409
11.2481
11.2553
11.2625
11.2698
11.0696
11.0766
11.0836
11.0907
11.0977
11.1047
11.1118
11.1188
11.1259
11.133
11.1401
11.1472
11.1543
11.1614
11.1685
11.1756
11.1828
11.1899
11.1971
11.2042
11.2114
11.2186
11.2258
11.233
11.2402
11.0418
11.0488
11.0558
11.0628
11.0698
11.0768
11.0839
11.0909
11.098
11.105
11.1121
11.1192
11.1263
11.1334
11.1405
11.1476
11.1547
11.1618
11.169
11.1761
11.1833
11.1905
11.1976
11.2048
11.212
11.0176
11.0246
11.0316
11.0386
11.0456
11.0526
11.0596
11.0666
11.0737
11.0807
11.0878
11.0949
11.1019
11.109
11.1161
11.1232
11.1303
11.1375
11.1446
11.1517
11.1589
11.1661
11.1732
11.1804
11.1876
11.0004
11.0074
11.0144
11.0214
11.0284
11.0354
11.0424
11.0495
11.0565
11.0636
11.0706
11.0777
11.0848
11.0919
11.0989
11.1061
11.1132
11.1203
11.1274
11.1346
11.1417
11.1489
11.1561
11.1632
11.1704
10.9953
11.0023
11.0093
11.0163
11.0233
11.0303
11.0374
11.0444
11.0515
11.0586
11.0657
11.0727
11.0798
11.0869
11.0941
11.1012
11.1083
11.1155
11.1226
11.1298
11.137
11.1441
11.1513
11.1585
11.1657
11.0096
11.0167
11.0237
11.0308
11.0378
11.0449
11.052
11.0591
11.0662
11.0733
11.0804
11.0876
11.0947
11.1019
11.109
11.1162
11.1234
11.1306
11.1378
11.145
11.1522
11.1594
11.1666
11.1739
11.1811
11.0545
11.0616
11.0687
11.0759
11.083
11.0902
11.0974
11.1046
11.1118
11.119
11.1262
11.1334
11.1406
11.1478
11.1551
11.1623
11.1696
11.1769
11.1842
11.1915
11.1988
11.2061
11.2134
11.2207
11.2281
11.1466
11.1539
11.1612
11.1685
11.1758
11.1831
11.1904
11.1977
11.2051
11.2124
11.2198
11.2272
11.2345
11.2419
11.2493
11.2567
11.2641
11.2716
11.279
11.2864
11.2939
11.3014
11.3088
11.3163
11.3238
11.3123
11.3198
11.3273
11.3349
11.3424
11.35
11.3575
11.3651
11.3727
11.3803
11.3879
11.3955
11.4032
11.4108
11.4185
11.4261
11.4338
11.4415
11.4491
11.4568
11.4646
11.4723
11.48
11.4877
11.4955
11.5945
11.6024
11.6103
11.6183
11.6262
11.6342
11.6422
11.6502
11.6582
11.6662
11.6742
11.6822
11.6903
11.6983
11.7064
11.7145
11.7226
11.7306
11.7388
11.7469
11.755
11.7632
11.7713
11.7795
11.7877
12.0682
12.0768
12.0854
12.0941
12.1027
12.1114
12.12
12.1287
12.1374
12.1461
12.1548
12.1636
12.1723
12.1811
12.1898
12.1986
12.2074
12.2162
12.2251
12.2339
12.2427
12.2516
12.2605
12.2693
12.2782
12.8757
12.8855
12.8953
12.9052
12.915
12.9249
12.9348
12.9447
12.9546
12.9645
12.9745
12.9845
12.9944
13.0044
13.0144
13.0245
13.0345
13.0446
13.0546
13.0647
13.0748
13.085
13.0951
13.1053
13.1154
14.3157
14.3278
14.34
14.3521
14.3643
14.3765
14.3888
14.401
14.4133
14.4256
14.4379
14.4502
14.4626
14.475
14.4874
14.4998
14.5122
14.5247
14.5372
14.5497
14.5622
14.5748
14.5873
14.5999
14.6125
17.1086
17.1259
17.1432
17.1605
17.1779
17.1953
17.2127
17.2302
17.2477
17.2652
17.2828
17.3004
17.3181
17.3357
17.3535
17.3712
17.389
17.4068
17.4247
17.4426
17.4606
17.4785
17.4965
17.5146
17.5327
23.3735
23.4053
23.4372
23.4692
23.5013
23.5335
23.5657
23.5981
23.6305
23.6631
23.6957
23.7284
23.7612
23.7941
23.8271
23.8602
23.8934
23.9266
23.96
23.9934
24.027
24.0606
24.0943
24.1282
24.1621
13717.1
5615.24
3435.7
2566.71
2110.27
1778.38
1501.82
1272.9
1089.97
949.186
843.095
760.021
688.02
619.709
552.802
487.906
426.701
370.814
321.118
277.72
240.202
207.91
180.205
156.522
136.3
119.009
104.198
91.4855
80.5474
71.1004
62.9107
55.7938
49.5881
44.152
39.3717
35.1511
31.4048
28.0591
25.0605
22.3721
19.9659
17.8182
15.908
14.2124
12.7099
11.3801
10.2054
9.16975
8.26274
7.46389
10729.2
5356.38
3407.54
2565.36
2112.38
1780.46
1503.5
1274.16
1090.84
949.722
843.389
760.183
688.137
619.831
552.948
488.073
426.877
370.985
321.275
277.857
240.318
208.006
180.282
156.582
136.346
119.043
104.222
91.5016
80.5572
71.1052
62.9116
55.7918
49.5839
44.1463
39.3651
35.144
31.3975
28.0519
25.0537
22.3658
19.96
17.8128
15.9029
14.2077
12.7054
11.3759
10.2014
9.1659
8.259
7.46022
8519.21
4975.63
3348.13
2561.93
2117.88
1785.88
1507.61
1277.06
1092.77
950.893
844.058
760.588
688.443
620.126
553.265
488.412
427.221
371.313
321.572
278.116
240.536
208.185
180.425
156.694
136.432
119.106
104.267
91.5321
80.5758
71.1143
62.9134
55.7882
49.5763
44.136
39.3529
35.1307
31.384
28.0386
25.041
22.3539
19.949
17.8027
15.8935
14.1989
12.6971
11.3681
10.1939
9.15874
8.25203
7.45338
6961.09
4576.39
3261.88
2553.55
2126.28
1795.53
1515.13
1282.3
1096.1
952.813
845.076
761.168
688.883
620.565
553.746
488.928
427.743
371.81
322.022
278.508
240.867
208.457
180.644
156.866
136.564
119.204
104.337
91.5793
80.6047
71.1289
62.9168
55.7831
49.5652
44.1205
39.3346
35.1108
31.3635
28.0185
25.0218
22.336
19.9324
17.7873
15.8791
14.1855
12.6846
11.3562
10.1826
9.14786
8.24145
7.44299
5800.86
4193.82
3155.39
2536.41
2135.25
1809.5
1527.1
1290.81
1101.42
955.649
846.345
761.722
689.269
621.016
554.314
489.583
428.43
372.478
322.634
279.046
241.324
208.835
180.949
157.106
136.748
119.342
104.436
91.6462
80.6462
71.1501
62.9224
55.7769
49.5502
44.0994
39.3094
35.0833
31.3352
27.9905
24.9952
22.311
19.9093
17.7658
15.8592
14.1668
12.667
11.3396
10.1668
9.13268
8.22667
7.4285
4906.32
3834.87
3033.78
2507.13
2140.92
1826.57
1544.12
1303.7
1109.56
959.77
847.79
761.948
689.273
621.221
554.795
490.275
429.23
373.293
323.402
279.731
241.913
209.326
181.348
157.422
136.992
119.525
104.568
91.7364
80.7026
71.1798
62.9311
55.7697
49.5314
44.0723
39.2768
35.0475
31.2981
27.9539
24.9601
22.2781
19.8787
17.7375
15.8328
14.1422
12.6438
11.3176
10.1459
9.11258
8.20712
7.40931
4208.02
3502.36
2900.94
2463.79
2138.79
1843.77
1565.77
1321.94
1121.75
965.956
849.577
761.568
688.462
620.782
554.896
490.811
430.025
374.191
324.292
280.55
242.632
209.934
181.847
157.82
137.302
119.759
104.738
91.8533
80.7766
71.2195
62.9439
55.762
49.5086
44.0388
39.236
35.0024
31.2513
27.9074
24.9155
22.2362
19.8398
17.7013
15.7991
14.1106
12.6141
11.2896
10.1191
9.0869
8.18211
7.38478
3665.44
3200.81
2760.94
2406.45
2125.2
1856.93
1590.04
1345.74
1139.31
975.56
852.41
760.565
686.417
619.2
554.193
490.884
430.616
375.047
325.232
281.463
243.459
210.65
182.445
158.303
137.682
120.048
104.949
92.0002
80.8707
71.2712
62.9621
55.7545
49.4821
43.9986
39.1864
34.9472
31.1937
27.8501
24.8604
22.1843
19.7914
17.6564
15.7572
14.0714
12.5772
11.2546
10.0858
9.05491
8.15098
7.35424
3251.84
2936.48
2618.96
2336.81
2098.02
1861.44
1613.17
1373.76
1163.01
990.379
857.851
759.579
682.991
615.983
552.163
490.071
430.697
375.66
326.094
282.391
244.349
211.45
183.129
158.866
138.129
120.393
105.205
92.1794
80.987
71.3364
62.9869
55.7478
49.4518
43.9514
39.1275
34.8812
31.1244
27.7809
24.7936
22.1213
19.7326
17.6017
15.7062
14.0236
12.5322
11.212
10.0452
9.01589
8.113
7.317
2945.86
2713.9
2480.55
2257.52
2056.91
1853.46
1630.26
1402.65
1192.09
1011.89
868.288
760.364
678.76
610.907
548.291
487.852
429.855
375.732
326.676
283.203
245.219
212.281
183.869
159.492
138.638
120.79
105.503
92.3914
81.1265
71.4165
63.0191
55.7425
49.4182
43.8971
39.059
34.8037
31.0427
27.6989
24.7141
22.0461
19.6623
17.5362
15.6451
13.9664
12.4783
11.161
9.99658
8.96913
8.06752
7.27239
2722.43
2530.85
2348.77
2170.41
2002.02
1830
1636.04
1427.32
1223.42
1039.87
886.044
765.922
675.627
604.516
542.332
483.722
427.592
374.865
326.69
283.698
245.935
213.057
184.611
160.148
139.186
121.229
105.838
92.6336
81.2884
71.5112
63.0591
55.739
49.3814
43.8358
38.9805
34.7143
30.9477
27.6032
24.6211
21.9578
19.5796
17.4591
15.573
13.8988
12.4147
11.1007
9.93916
8.91396
8.01384
7.21981
2538.03
2368.66
2217.53
2072.78
1931.9
1788.27
1625.2
1441.44
1251.53
1071.15
911.422
779.443
677.118
598.849
534.858
477.47
423.443
372.596
325.758
283.597
246.296
213.641
185.263
160.774
139.737
121.685
106.196
92.8974
81.4679
71.6184
63.106
55.7369
49.3413
43.7674
38.8919
34.6125
30.8391
27.4932
24.5138
21.8556
19.4837
17.3695
15.4892
13.8203
12.3407
11.0306
9.87238
8.84981
7.95149
7.15873
2315.97
2179.61
2059.86
1949.06
1837.34
1721.96
1590.95
1437.34
1268.87
1099.41
940.857
801.625
687.137
597.863
528.099
469.783
417.287
368.529
323.461
282.547
246.034
213.836
185.687
161.275
140.227
122.118
106.55
93.1662
81.6547
71.7318
63.1563
55.7345
49.2969
43.6912
38.7928
34.4981
30.7164
27.3683
24.3915
21.7388
19.3738
17.2667
15.3931
13.7301
12.2558
10.9502
9.79576
8.77625
7.88002
7.08882
1958.72
1878.84
1811.1
1753.91
1688.68
1612.33
1519.55
1403.04
1264.65
1115.07
966.397
827.916
706.311
605.813
526.36
463.175
410.033
362.702
319.509
280.19
244.828
213.386
185.692
161.515
140.559
122.459
106.854
93.4099
81.8296
71.8393
63.2026
55.7274
49.2458
43.6061
38.6825
34.3708
30.5794
27.2284
24.2539
21.607
19.2495
17.1503
15.2841
13.628
12.1596
10.8592
9.70906
8.69309
7.79932
7.00993
1404.02
1383.12
1378.13
1394.61
1406.76
1401.1
1371.14
1310.31
1217.78
1101.84
974.83
847.612
728.205
622.404
533.683
462.169
404.574
356.37
314.184
276.386
242.404
212.014
185.04
161.309
140.598
122.612
107.04
93.5813
81.9605
71.9196
63.2312
55.707
49.1829
43.509
38.5595
34.2297
30.4276
27.073
24.1008
21.4599
19.1104
17.02
15.1622
13.5137
12.0521
10.7574
9.61228
8.60034
7.70942
6.92223
778.918
782.361
801.563
849.136
913.834
982.024
1040.7
1073.54
1066.84
1018.49
938.209
840.27
737.206
637.727
547.413
469.616
405.291
352.822
309.211
271.772
238.842
209.57
183.521
160.456
140.177
122.448
107.012
93.6108
81.9983
71.9388
63.2192
55.6586
49.0989
43.3943
38.4205
34.0729
30.2601
26.9019
23.9319
21.2974
18.9566
16.8758
15.0272
13.3872
11.9333
10.6452
9.5057
8.49838
7.61082
6.8262
341.277
341.817
348.867
369.824
406.242
459.29
530.44
614.916
696.879
754.442
772.277
749.538
696.528
626.658
551.228
478.119
412.107
355.387
308.008
268.581
235.247
206.448
181.172
158.847
139.149
121.827
106.654
93.4081
81.8758
71.8482
63.1322
55.5586
48.978
43.2518
38.2591
33.897
30.0751
26.714
23.7468
21.1193
18.7881
16.7177
14.8794
13.2491
11.8037
10.5231
9.38991
8.38784
7.50418
6.72266
143.445
141.667
141.087
143.385
149.018
159.013
176.774
208.217
258.949
328.024
404.095
469.488
509.053
516.807
496.427
457.006
408.252
357.833
310.711
269.307
234.055
204.24
178.799
156.796
137.574
120.699
105.879
92.8849
81.5167
71.5871
62.9244
55.3738
48.7974
43.0661
38.0654
33.6957
29.8689
26.5074
23.5445
20.9252
18.6046
16.546
14.7192
13.0996
11.6639
10.3917
9.26574
8.2697
7.39062
6.61278
75.2774
74.2365
73.2094
72.674
72.5444
72.6684
73.1814
74.6519
78.7316
89.3169
111.993
149.815
199.627
252.478
297.191
324.886
332.012
320.643
296.418
265.763
233.921
204.187
177.993
155.459
136.103
119.36
104.784
92.0422
80.8836
71.1077
62.5506
55.067
48.5287
42.8168
37.8252
33.4598
29.6358
26.2786
23.3232
20.7142
18.406
16.3606
14.5469
12.9394
11.5147
10.252
9.13427
8.14509
7.27135
6.49798
50.359
50.0452
49.5536
49.1722
48.8772
48.5789
48.2606
47.929
47.6023
47.3534
47.4441
48.7792
53.744
65.9251
87.418
116.762
149.244
178.544
198.98
207.418
204.006
191.48
173.687
154.178
135.402
118.552
103.879
91.1667
80.1088
70.4541
62.0122
54.6231
48.1525
42.4857
37.5241
33.1787
29.3688
26.0234
23.0804
20.4852
18.1917
16.1616
14.3626
12.769
11.3567
10.105
8.99661
8.01538
7.14794
6.3799
38.5611
38.4038
38.1543
37.9199
37.7135
37.4904
37.2432
36.9759
36.6887
36.3831
36.0639
35.7414
35.4423
35.2526
35.4795
37.0455
41.7426
51.3367
66.0358
84.0469
102.201
117.001
125.747
127.37
122.594
113.377
101.999
90.3232
79.4628
69.8365
61.4394
54.1118
47.6995
42.0826
37.1626
32.8503
29.0653
25.7399
22.8149
20.2375
17.9619
15.9493
14.1672
12.5892
11.1911
9.95172
8.85408
7.8819
7.02179
6.26019
31.1783
31.0729
30.9282
30.7672
30.6148
30.4472
30.2596
30.0562
29.8377
29.6045
29.3581
29.101
28.8362
28.5658
28.2927
28.0225
27.7765
27.6299
27.8291
28.9905
32.1174
38.0358
46.6449
56.7522
66.4677
73.8429
77.5103
77.1144
73.2956
67.2864
60.3717
53.51
47.2176
41.6506
36.7737
32.497
28.7389
25.436
22.5325
19.9759
17.72
15.7265
13.9628
12.402
11.0195
9.79387
8.70816
7.74634
6.89468
6.14059
25.9062
25.8386
25.7483
25.6327
25.5165
25.3886
25.2454
25.0899
24.9232
24.7455
24.5573
24.3596
24.1537
23.9403
23.7193
23.4904
23.2524
23.0035
22.7429
22.4739
22.2121
22.0101
22.02
22.5875
24.2466
27.4294
32.054
37.4126
42.4077
45.9544
47.3582
46.5234
43.8912
40.1738
36.0619
32.0459
28.3737
25.1137
22.2425
19.7109
17.4756
15.5007
13.7552
12.212
10.8456
9.63444
8.56155
7.61085
6.76859
6.02294
21.9587
21.9221
21.8654
21.7842
21.6977
21.602
21.4949
21.3782
21.2532
21.1198
20.9781
20.8285
20.6714
20.5071
20.3351
20.1548
19.9648
19.7633
19.5485
19.3183
19.071
18.8052
18.5206
18.2195
17.9125
17.6309
17.459
17.5774
18.2594
19.7314
21.9534
24.5413
26.898
28.4492
28.8488
28.0766
26.3833
24.1463
21.7236
19.3655
17.1991
15.2624
13.545
12.0238
10.6748
9.47815
8.41803
7.47893
6.64663
5.9096
18.9802
18.9687
18.9349
18.8806
18.8187
18.749
18.6705
18.5845
18.4921
18.3933
18.2881
18.1764
18.0582
17.9334
17.8014
17.6616
17.5129
17.3537
17.1825
16.9977
16.7975
16.5805
16.345
16.0896
15.8131
15.5147
15.1945
14.8543
14.5008
14.1517
13.8501
13.6834
13.7811
14.2544
15.0939
16.1217
17.0469
17.5838
17.5607
16.9644
15.9117
14.585
13.1604
11.7671
10.4758
9.31114
8.27319
7.35041
6.53062
5.80201
16.7645
16.7661
16.7489
16.7158
16.6741
16.6253
16.5692
16.5067
16.4389
16.3659
16.2876
16.2039
16.1145
16.0191
15.9172
15.8081
15.6908
15.5642
15.4269
15.2776
15.1149
14.9374
14.7439
14.5329
14.3033
14.0539
13.7838
13.4921
13.1785
12.8427
12.4856
12.1089
11.7172
11.3202
10.9387
10.6113
10.3933
10.336
10.4459
10.6588
10.8527
10.899
10.7112
10.2695
9.61696
8.82979
7.99078
7.16451
6.39165
5.6849
15.1816
15.1871
15.1807
15.1624
15.1359
15.1026
15.0627
15.0172
14.9669
14.9121
14.8526
14.7883
14.7189
14.644
14.5629
14.4751
14.3797
14.2758
14.1622
14.0379
13.9016
13.7522
13.5884
13.4091
13.213
12.9993
12.7669
12.5151
12.2433
11.9508
11.6377
11.3042
10.9507
10.5784
10.1886
9.78391
9.36788
8.94646
8.52955
8.13314
7.77969
7.49157
7.27828
7.1243
6.98908
6.82082
6.57839
6.24356
5.82604
5.34689
14.1041
14.1117
14.1115
14.1028
14.0866
14.0641
14.0357
14.0021
13.9639
13.9213
13.8745
13.8231
13.7668
13.7052
13.6379
13.564
13.4829
13.3938
13.2957
13.1877
13.0686
12.9375
12.7933
12.6349
12.4612
12.2713
12.0641
11.839
11.5951
11.3321
11.0496
10.7477
10.4266
10.0872
9.73027
9.35739
8.97022
8.5709
8.16202
7.74658
7.32778
6.90995
6.49831
6.09997
5.72382
5.37894
5.07195
4.8022
4.55899
4.32694
13.4401
13.4465
13.4477
13.4428
13.4318
13.4153
13.3935
13.3669
13.3358
13.3006
13.2612
13.2174
13.1689
13.1152
13.0558
12.9902
12.9176
12.8373
12.7484
12.6501
12.5413
12.4212
12.2887
12.1428
11.9825
11.8068
11.6149
11.4059
11.1792
10.9342
10.6707
10.3885
10.0879
9.76932
9.43366
9.08214
8.71628
8.33796
7.94937
7.55289
7.15132
6.74741
6.34395
5.94402
5.55048
5.16618
4.7943
4.43774
4.10001
3.78518
13.0547
13.0571
13.056
13.0505
13.0404
13.0256
13.0064
12.9828
12.9551
12.9234
12.8876
12.8476
12.8029
12.7533
12.6981
12.6369
12.5689
12.4934
12.4097
12.3169
12.2141
12.1003
11.9747
11.8362
11.6839
11.5169
11.3341
11.135
10.9186
10.6846
10.4325
10.1621
9.87382
9.56789
9.24516
8.90673
8.55398
8.18869
7.81293
7.42909
7.03958
6.64718
6.25461
5.86466
5.48004
5.10306
4.73603
4.38124
4.04022
3.71496
12.7869
12.7847
12.78
12.7721
12.7607
12.7456
12.7267
12.704
12.6776
12.6474
12.6133
12.5751
12.5325
12.4851
12.4323
12.3737
12.3086
12.2362
12.1559
12.0669
11.9682
11.8589
11.7381
11.605
11.4584
11.2975
11.1215
10.9295
10.7208
10.4949
10.2514
9.99012
9.71118
9.41494
9.10206
8.77358
8.43082
8.07547
7.70948
7.33505
6.9547
6.57103
6.18664
5.80432
5.42668
5.05621
4.69532
4.34586
4.00971
3.68829
12.5182
12.5125
12.5047
12.4944
12.4814
12.4654
12.4463
12.4238
12.398
12.3687
12.3357
12.2989
12.2579
12.2123
12.1616
12.1052
12.0427
11.9732
11.8962
11.8107
11.716
11.6111
11.4952
11.3674
11.2267
11.0721
10.9029
10.7182
10.5173
10.2997
10.0649
9.81271
9.54322
9.25673
8.95385
8.63553
8.30299
7.95779
7.60183
7.23729
6.86644
6.49189
6.11624
5.74212
5.37215
5.00867
4.65391
4.3101
3.97884
3.66189
12.1775
12.1703
12.1615
12.1507
12.1377
12.1221
12.1039
12.0828
12.0586
12.0312
12.0003
11.9658
11.9273
11.8843
11.8365
11.7834
11.7243
11.6586
11.5857
11.5047
11.4149
11.3154
11.2053
11.0838
10.95
10.8029
10.6417
10.4656
10.274
10.0662
9.8417
9.6004
9.34223
9.06743
8.77651
8.47031
8.14999
7.81699
7.47308
7.12024
6.76078
6.3971
6.03169
5.66716
5.30605
4.9508
4.60374
4.26679
3.94186
3.63037
11.8406
11.8332
11.8245
11.8141
11.8018
11.7874
11.7706
11.7513
11.7292
11.7041
11.6757
11.6438
11.608
11.568
11.5233
11.4735
11.4179
11.356
11.2871
11.2105
11.1254
11.0311
10.9267
10.8112
10.684
10.544
10.3904
10.2225
10.0396
9.84102
9.62632
9.39524
9.1477
8.8839
8.60427
8.30958
8.00084
7.67943
7.34698
7.00545
6.65693
6.3038
5.94849
5.59348
5.24127
4.89419
4.55445
4.22419
3.90514
3.59899
11.5907
11.5832
11.5744
11.5643
11.5525
11.5388
11.5231
11.505
11.4844
11.461
11.4344
11.4045
11.3708
11.333
11.2907
11.2433
11.1903
11.1312
11.0654
10.992
10.9104
10.8199
10.7195
10.6085
10.486
10.3512
10.2032
10.0412
9.86468
9.67286
9.46533
9.24178
9.00211
8.74645
8.47519
8.189
7.88888
7.57609
7.25221
6.91903
6.57867
6.23335
5.88545
5.53741
5.19168
4.85064
4.51656
4.19139
3.87704
3.57496
11.4349
11.4271
11.4182
11.408
11.3963
11.3829
11.3676
11.3502
11.3303
11.3078
11.2823
11.2535
11.2211
11.1846
11.1437
11.0979
11.0466
10.9892
10.9252
10.8539
10.7745
10.6863
10.5884
10.4802
10.3607
10.2291
10.0846
9.92638
9.7538
9.56621
9.36315
9.14428
8.90951
8.65891
8.39287
8.11201
7.81728
7.50989
7.19137
6.86352
6.52832
6.188
5.84491
5.50143
5.15998
4.82288
4.49231
4.17039
3.85887
3.5594
11.3442
11.3362
11.3271
11.3167
11.305
11.2916
11.2764
11.2592
11.2396
11.2175
11.1925
11.1644
11.1326
11.0969
11.0568
11.0118
10.9614
10.9051
10.8421
10.772
10.6939
10.607
10.5107
10.4041
10.2863
10.1566
10.0141
9.85813
9.68788
9.50279
9.30237
9.08629
8.85443
8.60687
8.34394
8.06626
7.77475
7.4706
7.15529
6.83057
6.49844
6.16107
5.82076
5.4799
5.14089
4.80607
4.47768
4.15771
3.84801
3.5501
11.2902
11.282
11.2728
11.2623
11.2504
11.237
11.2218
11.2046
11.1852
11.1633
11.1385
11.1106
11.0792
11.0439
11.0043
10.9598
10.91
10.8542
10.7919
10.7225
10.6451
10.5591
10.4637
10.358
10.2413
10.1128
9.97151
9.81682
9.64798
9.46439
9.26556
9.05115
8.82102
8.57526
8.31418
8.03841
7.74882
7.4466
7.13321
6.8104
6.48013
6.14457
5.806
5.46681
5.12937
4.796
4.46887
4.15007
3.84138
3.54442
11.2544
11.2461
11.2368
11.2262
11.2143
11.2008
11.1856
11.1685
11.1491
11.1272
11.1026
11.0749
11.0437
11.0086
10.9693
10.9251
10.8756
10.8203
10.7584
10.6894
10.6125
10.5271
10.4322
10.3272
10.2112
10.0834
9.94298
9.78916
9.62127
9.43868
9.24091
9.02762
8.79867
8.55413
8.29432
8.01983
7.73155
7.43064
7.11856
6.79703
6.468
6.13363
5.79619
5.45805
5.12158
4.78913
4.4629
4.14489
3.83696
3.54063
11.2264
11.2181
11.2087
11.1981
11.1862
11.1727
11.1575
11.1403
11.121
11.0992
11.0747
11.0471
11.016
10.9811
10.942
10.898
10.8488
10.7938
10.7322
10.6636
10.5871
10.5021
10.4077
10.3032
10.1877
10.0605
9.92071
9.76758
9.60042
9.41861
9.22166
9.00924
8.78119
8.53759
8.27874
8.00524
7.71796
7.41806
7.10698
6.78644
6.45839
6.12496
5.78844
5.45117
5.11554
4.78384
4.45827
4.14088
3.83348
3.53765
11.2009
11.1925
11.1832
11.1726
11.1606
11.1472
11.132
11.1149
11.0956
11.0739
11.0494
11.0219
10.991
10.9563
10.9173
10.8736
10.8246
10.7698
10.7086
10.6402
10.5641
10.4794
10.3855
10.2814
10.1665
10.0398
9.90054
9.74803
9.58153
9.40042
9.20422
8.99259
8.76537
8.52263
8.26467
7.99208
7.70572
7.40674
7.09658
6.77695
6.44977
6.11719
5.78147
5.44495
5.11002
4.77897
4.45403
4.1372
3.83033
3.53495
11.1753
11.167
11.1576
11.147
11.1351
11.1217
11.1066
11.0895
11.0703
11.0486
11.0243
10.9969
10.9661
10.9316
10.8927
10.8492
10.8005
10.7459
10.685
10.6169
10.5412
10.4569
10.3633
10.2597
10.1453
10.0191
9.88045
9.72855
9.5627
9.38229
9.18683
8.97598
8.74958
8.50768
8.2506
7.9789
7.69344
7.39537
7.08612
6.76738
6.44108
6.10935
5.77445
5.43872
5.10453
4.77417
4.44982
4.13356
3.82717
3.53224
11.1486
11.1403
11.131
11.1204
11.1086
11.0952
11.0801
11.0631
11.044
11.0224
10.9982
10.9709
10.9403
10.9059
10.8672
10.8239
10.7754
10.7211
10.6604
10.5927
10.5173
10.4334
10.3403
10.2372
10.1232
9.9976
9.85954
9.70828
9.54311
9.36343
9.16875
8.95871
8.73315
8.49215
8.23598
7.96522
7.68071
7.3836
7.07529
6.75749
6.4321
6.10125
5.76719
5.43225
5.09878
4.76911
4.44542
4.12973
3.82388
3.52942
11.1205
11.1123
11.103
11.0925
11.0807
11.0674
11.0524
11.0355
11.0164
10.995
10.9708
10.9437
10.9132
10.8789
10.8405
10.7974
10.7491
10.6951
10.6347
10.5674
10.4923
10.4088
10.3162
10.2135
10.1001
9.97505
9.83761
9.68701
9.52257
9.34365
9.14977
8.94058
8.71592
8.47583
8.22062
7.95083
7.66731
7.37119
7.06387
6.74705
6.42262
6.09269
5.75952
5.42543
5.09276
4.76383
4.4408
4.12573
3.82042
3.52646
11.0915
11.0833
11.0741
11.0637
11.0519
11.0386
11.0237
11.0069
10.9879
10.9666
10.9426
10.9155
10.8852
10.8511
10.8129
10.77
10.7219
10.6682
10.6081
10.5411
10.4664
10.3834
10.2912
10.189
10.0761
9.95169
9.8149
9.66499
9.50128
9.32316
9.13011
8.9218
8.69806
8.45894
8.20471
7.93594
7.65344
7.35836
7.05207
6.73626
6.41282
6.08385
5.75159
5.41836
5.08651
4.75832
4.436
4.12156
3.81683
3.52338
11.0624
11.0542
11.045
11.0347
11.023
11.0098
10.9949
10.9782
10.9593
10.9381
10.9142
10.8873
10.8571
10.8232
10.7851
10.7425
10.6947
10.6412
10.5814
10.5148
10.4405
10.3578
10.2661
10.1644
10.0521
9.92822
9.79207
9.64286
9.47989
9.30255
9.11035
8.90292
8.68011
8.44194
8.18871
7.92095
7.63948
7.34543
7.04017
6.72538
6.40293
6.07493
5.7436
5.41125
5.08022
4.7528
4.43117
4.11737
3.81322
3.52028
11.0346
11.0265
11.0173
11.007
10.9954
10.9822
10.9674
10.9508
10.932
10.9109
10.8871
10.8603
10.8303
10.7965
10.7587
10.7162
10.6686
10.6154
10.556
10.4896
10.4156
10.3334
10.2421
10.1409
10.0291
9.9058
9.77026
9.62171
9.45945
9.28287
9.09147
8.88488
8.66295
8.4257
8.17342
7.90662
7.62614
7.33308
7.02881
6.71499
6.3935
6.06641
5.73596
5.40444
5.07419
4.7475
4.42655
4.11336
3.80975
3.51731
11.0104
11.0023
10.9932
10.9829
10.9714
10.9583
10.9435
10.9269
10.9082
10.8872
10.8635
10.8369
10.807
10.7734
10.7356
10.6934
10.646
10.593
10.5338
10.4677
10.3941
10.3121
10.2212
10.1204
10.0091
9.88627
9.75126
9.60329
9.44165
9.26572
9.07501
8.86917
8.648
8.41156
8.16009
7.89414
7.61452
7.32231
7.0189
6.70593
6.38526
6.05897
5.72929
5.3985
5.06894
4.74288
4.42251
4.10986
3.80673
3.51472
10.9933
10.9852
10.9761
10.9659
10.9543
10.9413
10.9266
10.91
10.8914
10.8704
10.8468
10.8202
10.7904
10.7569
10.7193
10.6771
10.6299
10.5771
10.518
10.4521
10.3787
10.297
10.2064
10.1059
9.99483
9.87239
9.73776
9.59019
9.42899
9.25353
9.06332
8.85799
8.63738
8.4015
8.15062
7.88527
7.60625
7.31466
7.01186
6.69948
6.37941
6.05369
5.72455
5.39428
5.0652
4.73959
4.41964
4.10736
3.80458
3.51288
10.9881
10.9801
10.971
10.9608
10.9492
10.9362
10.9215
10.905
10.8863
10.8654
10.8418
10.8153
10.7855
10.752
10.7144
10.6723
10.6251
10.5723
10.5133
10.4475
10.3741
10.2925
10.2019
10.1015
9.99056
9.86822
9.7337
9.58626
9.42519
9.24987
9.05981
8.85465
8.6342
8.39849
8.14779
7.88262
7.60379
7.31238
7.00976
6.69756
6.37766
6.05211
5.72314
5.39302
5.06409
4.73862
4.41879
4.10662
3.80394
3.51233
11.0025
10.9944
10.9853
10.975
10.9634
10.9504
10.9357
10.9191
10.9004
10.8794
10.8557
10.8291
10.7992
10.7657
10.728
10.6858
10.6385
10.5855
10.5264
10.4604
10.3869
10.3051
10.2142
10.1136
10.0024
9.87975
9.74493
9.59715
9.43572
9.26003
9.06956
8.86396
8.64306
8.40689
8.1557
7.89004
7.6107
7.31878
7.01565
6.70295
6.38256
6.05654
5.7271
5.39655
5.06721
4.74137
4.42119
4.10871
3.80574
3.51387
11.0473
11.0391
11.03
11.0196
11.0079
10.9948
10.9799
10.9632
10.9444
10.9232
10.8994
10.8725
10.8424
10.8086
10.7706
10.728
10.6804
10.627
10.5674
10.5009
10.4268
10.3443
10.2528
10.1515
10.0394
9.91587
9.78007
9.63124
9.46869
9.29178
9.10004
8.89309
8.67078
8.43312
8.18042
7.91319
7.63227
7.33876
7.03404
6.71977
6.39784
6.07034
5.73948
5.40758
5.07697
4.74994
4.42868
4.11521
3.81135
3.51867
11.1393
11.131
11.1217
11.1112
11.0993
11.0859
11.0708
11.0538
11.0347
11.0132
10.9889
10.9617
10.931
10.8967
10.8581
10.8148
10.7663
10.7121
10.6516
10.584
10.5087
10.425
10.3321
10.2291
10.1154
9.98999
9.85218
9.70118
9.53629
9.3569
9.16251
8.95278
8.72755
8.48686
8.23102
7.96058
7.6764
7.37962
7.07163
6.75415
6.42907
6.09851
5.76473
5.43007
5.09686
4.76742
4.44394
4.12845
3.82277
3.52846
11.3047
11.2962
11.2866
11.2758
11.2635
11.2498
11.2342
11.2167
11.197
11.1748
11.1499
11.1218
11.0903
11.0549
11.0152
10.9707
10.9208
10.8651
10.8028
10.7333
10.6559
10.5698
10.4743
10.3685
10.2517
10.1229
9.98148
9.82655
9.65744
9.47355
9.27439
9.05962
8.82911
8.58295
8.32145
8.04524
7.7552
7.45252
7.13867
6.8154
6.48467
6.14866
5.80966
5.47005
5.13221
4.79846
4.47103
4.15193
3.843
3.5458
11.5865
11.5776
11.5675
11.5561
11.5433
11.5288
11.5125
11.4941
11.4734
11.4501
11.4239
11.3945
11.3614
11.3242
11.2826
11.2359
11.1836
11.1251
11.0598
10.987
10.9059
10.8158
10.7158
10.6052
10.483
10.3485
10.2007
10.039
9.86265
9.67102
9.46364
9.24022
9.00067
8.74511
8.47395
8.18786
7.88781
7.57509
7.25127
6.91818
6.57788
6.23262
5.8848
5.53684
5.19119
4.85021
4.51613
4.19101
3.87664
3.5746
12.0596
12.0499
12.039
12.0266
12.0127
11.9971
11.9794
11.9595
11.9371
11.9119
11.8836
11.8517
11.8159
11.7758
11.7307
11.6802
11.6238
11.5606
11.4902
11.4116
11.3242
11.2271
11.1194
11.0004
10.869
10.7245
10.566
10.3927
10.2039
9.99907
9.7777
9.53957
9.28466
9.0132
8.72568
8.42293
8.10605
7.77648
7.43596
7.08646
6.73022
6.36962
6.00718
5.64544
5.28692
4.93405
4.58909
4.2541
3.93088
3.62095
12.8659
12.8549
12.8424
12.8284
12.8126
12.7947
12.7746
12.752
12.7266
12.6979
12.6657
12.6296
12.5889
12.5434
12.4923
12.4351
12.3711
12.2996
12.2199
12.1311
12.0324
11.9229
11.8017
11.6677
11.5202
11.3581
11.1806
10.9869
10.7764
10.5484
10.3026
10.0389
9.75735
9.45841
9.14275
8.81142
8.46579
8.10757
7.73874
7.36158
6.97856
6.59231
6.20554
5.82096
5.44121
5.0688
4.70604
4.35497
4.01737
3.69469
14.3036
14.29
14.2746
14.2573
14.2377
14.2157
14.1909
14.163
14.1316
14.0963
14.0567
14.0122
13.9622
13.9062
13.8434
13.7733
13.6949
13.6074
13.51
13.4016
13.2814
13.1482
13.001
12.8388
12.6606
12.4654
12.2522
12.0204
11.7693
11.4984
11.2075
10.8968
10.5666
10.2178
9.85127
9.46867
9.07179
8.66282
8.24424
7.81878
7.38934
6.95893
6.53058
6.10724
5.69172
5.28662
4.89426
4.51664
4.15544
3.81195
17.0914
17.0719
17.05
17.0252
16.9974
16.9661
16.9308
16.8911
16.8465
16.7964
16.7401
16.677
16.6064
16.5272
16.4388
16.34
16.2299
16.1073
15.9712
15.8202
15.6531
15.4688
15.2659
15.0432
14.7997
14.5343
14.2461
13.9346
13.5993
13.2401
12.8573
12.4516
12.024
11.5762
11.1101
10.6281
10.1329
9.62776
9.11597
8.60111
8.08678
7.57658
7.07398
6.58223
6.10428
5.64276
5.19987
4.7774
4.3767
3.99872
23.3414
23.3053
23.2646
23.2188
23.1673
23.1094
23.0444
22.9713
22.8893
22.7974
22.6945
22.5794
22.4508
22.3074
22.1476
21.9699
21.7727
21.5544
21.3132
21.0473
20.7553
20.4354
20.0862
19.7064
19.2951
18.8516
18.3756
17.8672
17.3271
16.7566
16.1576
15.5326
14.8845
14.217
13.5343
12.8408
12.1415
11.4411
10.7449
10.0575
9.38386
8.72814
8.09425
7.48559
6.90497
6.35465
5.83633
5.35115
4.89977
4.48239
)
;

boundaryField
{
    aerofoil
    {
        beta1           0.075;
        blended         false;
        type            omegaWallFunction;
        value           nonuniform List<scalar> 
170
(
149974
129592
126924
124353
123778
123900
124395
124857
124982
124661
124126
123662
123725
124231
125132
126216
127195
127742
127632
127088
126589
126325
126408
126730
127335
128248
129471
130980
132774
134895
137281
139870
142607
145446
148362
151294
154104
156727
159135
161332
163459
165641
167933
170420
173200
176396
180148
184627
190048
196704
205024
215675
229730
248952
276293
316979
309895
397709
540546
224316
67932.1
73238.1
75444.7
77347.3
78750.9
79955.2
81002
81953.5
82838.8
83679.5
84491.4
85289.1
86085
86889.8
87719
88590.8
89507.9
90449.8
91498.8
93012.9
95219.6
97005.8
97542
104485
132960
67919.5
73226.9
75435
77339.6
78744.4
79949.8
80997.4
81949.4
82835.4
83676.3
84488.4
85286
86081.5
86886.5
87716.4
88591.6
89515.2
90470.1
91540.1
93085.8
95325.9
97145.8
97652.4
104592
133204
150110
129679
126933
124307
123688
123766
124234
124657
124768
124496
124183
124202
124636
125343
126214
127076
127730
127920
127603
127015
126379
125930
125908
126206
126838
127827
129192
130930
133012
135382
137987
140764
143646
146564
149456
152258
154906
157350
159564
161546
163418
165300
167231
169277
171515
174036
176947
180369
184456
189419
195576
203438
213829
228120
248624
251868
309895
397709
540546
223861
)
;
    }
    inlet
    {
        type            fixedValue;
        value           uniform 100;
    }
    outlet
    {
        type            zeroGradient;
    }
    back
    {
        type            empty;
    }
    front
    {
        type            empty;
    }
}


// ************************************************************************* //
