/*--------------------------------*- C++ -*----------------------------------*\
  =========                 |
  \\      /  F ield         | OpenFOAM: The Open Source CFD Toolbox
   \\    /   O peration     | Website:  https://openfoam.org
    \\  /    A nd           | Version:  12
     \\/     M anipulation  |
\*---------------------------------------------------------------------------*/
FoamFile
{
    format      ascii;
    class       volScalarField;
    location    "150";
    object      p;
}
// * * * * * * * * * * * * * * * * * * * * * * * * * * * * * * * * * * * * * //

dimensions      [0 2 -2 0 0 0 0];

internalField   nonuniform List<scalar> 
16200
(
-488.665
-326.498
-235.217
-179.75
-137.185
-103.629
-75.4922
-51.3228
-30.1241
-11.2249
5.98368
21.9236
36.8137
50.7874
63.9847
76.5289
88.4946
99.89
110.721
121.087
131.109
140.869
150.401
159.694
168.771
177.661
186.394
194.996
203.487
211.883
220.196
228.438
236.613
244.719
252.767
260.774
268.729
276.596
284.363
292.072
299.785
307.52
315.281
323.078
330.916
338.796
346.744
354.844
363.273
372.31
382.33
393.779
407.014
421.935
437.907
454.635
472.564
489.074
495.364
489.684
-488.519
-326.805
-235.353
-179.824
-137.222
-103.641
-75.4864
-51.3025
-30.0906
-11.1761
6.05199
22.0111
36.9175
50.9067
64.1195
76.6797
88.6626
100.08
110.941
121.344
131.406
141.206
150.778
160.12
169.252
178.207
187.013
195.7
204.288
212.794
221.233
229.616
237.948
246.234
254.486
262.716
270.913
279.068
287.2
295.345
303.538
311.804
320.166
328.637
337.243
346.049
355.215
365.016
375.828
388.025
401.814
417.054
433.119
448.868
462.793
473.482
480.051
481.143
473.361
458.732
-487.738
-327.124
-235.494
-179.894
-137.255
-103.651
-75.4794
-51.283
-30.0562
-11.1204
6.12559
22.0924
37.0041
51.0023
64.2276
76.8024
88.8021
100.243
111.139
121.579
131.67
141.489
151.075
160.434
169.586
178.564
187.395
196.109
204.724
213.257
221.723
230.132
238.489
246.803
255.087
263.34
271.548
279.715
287.877
296.084
304.361
312.725
321.2
329.823
338.674
347.918
357.814
368.666
380.713
393.955
408.008
422.058
434.962
445.471
452.453
455.221
454.03
449.759
442.064
431.78
-486.461
-327.379
-235.616
-179.947
-137.275
-103.651
-75.4656
-51.2575
-30.0145
-11.0559
6.20591
22.1781
37.0953
51.104
64.3442
76.935
88.9489
100.403
111.324
121.796
131.922
141.78
151.412
160.825
170.044
179.1
188.022
196.84
205.573
214.241
222.859
231.437
239.984
248.512
257.031
265.541
274.038
282.535
291.067
299.678
308.402
317.273
326.347
335.724
345.56
356.056
367.383
379.561
392.331
405.084
416.914
426.799
433.859
437.557
437.783
434.936
430.076
424.456
417.877
410.109
-484.682
-327.613
-235.743
-180
-137.293
-103.649
-75.4475
-51.2247
-29.9637
-10.9838
6.29948
22.2921
37.2273
51.2529
64.5114
77.1216
89.1543
100.628
111.572
122.075
132.233
142.123
151.783
161.224
170.474
179.564
188.523
197.379
206.155
214.869
223.538
232.173
240.783
249.383
257.982
266.583
275.192
283.832
292.542
301.364
310.345
319.547
329.064
339.012
349.498
360.546
372.001
383.461
394.279
403.67
410.889
415.429
417.153
416.304
413.395
409.118
404.348
399.834
395.153
389.753
-482.279
-327.829
-235.873
-180.058
-137.311
-103.645
-75.4264
-51.1885
-29.9098
-10.9094
6.39379
22.405
37.3581
51.4028
64.6826
77.3156
89.3726
100.875
111.858
122.41
132.626
142.58
152.31
161.83
171.17
180.361
189.433
198.414
207.326
216.189
225.018
233.826
242.624
251.425
260.238
269.069
277.932
286.856
295.886
305.072
314.472
324.15
334.158
344.494
355.046
365.534
375.497
384.347
391.491
396.474
399.098
399.463
397.935
395.035
391.299
387.21
383.243
379.753
376.328
372.464
-479.143
-327.98
-235.994
-180.118
-137.332
-103.637
-75.3964
-51.1397
-29.8407
-10.8153
6.51381
22.5474
37.5203
51.585
64.8851
77.5374
89.6117
101.133
112.142
122.727
132.98
142.973
152.742
162.306
171.697
180.945
190.082
199.135
208.128
217.08
226.008
234.924
243.84
252.77
261.723
270.708
279.748
288.878
298.139
307.571
317.195
326.994
336.872
346.624
355.915
364.312
371.351
376.643
379.972
381.341
380.972
379.235
376.569
373.393
370.036
366.736
363.712
361.12
358.638
355.911
-475.297
-328.054
-236.113
-180.186
-137.359
-103.632
-75.3657
-51.087
-29.7643
-10.7101
6.65001
22.7127
37.7138
51.809
65.1425
77.8296
89.9396
101.502
112.563
123.212
133.537
143.607
153.457
163.111
172.601
181.958
191.213
200.393
209.521
218.616
227.692
236.762
245.838
254.93
264.046
273.201
282.414
291.708
301.089
310.531
319.95
329.183
337.975
345.997
352.891
358.333
362.116
364.192
364.686
363.857
362.043
359.59
356.81
353.943
351.15
348.538
346.208
344.226
342.386
340.504
-470.761
-328.029
-236.227
-180.256
-137.384
-103.621
-75.3264
-51.0233
-29.6748
-10.5903
6.80076
22.8904
37.9156
52.0354
65.3946
78.1069
90.2408
101.831
112.93
123.627
134.006
144.133
154.044
163.766
173.331
182.773
192.121
201.401
210.635
219.841
229.03
238.213
247.399
256.593
265.8
275.022
284.253
293.462
302.577
311.463
319.92
327.69
334.488
340.049
344.185
346.823
348.024
347.968
346.912
345.141
342.927
340.499
338.031
335.642
333.408
331.381
329.608
328.106
326.759
325.538
-465.47
-327.82
-236.319
-180.322
-137.406
-103.604
-75.2758
-50.9421
-29.56
-10.4358
6.99654
23.1245
38.1863
52.3449
65.7452
78.4992
90.6754
102.314
113.475
124.244
134.703
144.912
154.91
164.725
174.392
183.94
193.399
202.792
212.138
221.449
230.734
239.998
249.24
258.452
267.615
276.693
285.62
294.284
302.521
310.124
316.863
322.516
326.917
329.984
331.741
332.309
331.885
330.702
328.996
326.975
324.813
322.637
320.539
318.575
316.783
315.198
313.842
312.693
311.714
311.015
-459.334
-327.325
-236.354
-180.366
-137.417
-103.578
-75.2174
-50.8541
-29.4394
-10.2765
7.19507
23.3578
38.4517
52.6435
66.0781
78.8657
91.0759
102.755
113.969
124.8
135.329
145.61
155.683
165.579
175.331
184.967
194.514
203.989
213.406
222.77
232.08
241.325
250.484
259.515
268.355
276.906
285.031
292.559
299.299
305.066
309.71
313.148
315.381
316.49
316.626
315.978
314.75
313.133
311.29
309.352
307.417
305.554
303.81
302.213
300.787
299.561
298.54
297.676
296.99
296.718
-452.239
-326.429
-236.297
-180.37
-137.403
-103.526
-75.1302
-50.7316
-29.2763
-10.0653
7.4556
23.6638
38.8008
53.0374
66.5179
79.351
91.6073
103.341
114.619
125.526
136.133
146.493
156.646
166.622
176.452
186.16
195.765
205.278
214.702
224.026
233.229
242.274
251.098
259.614
267.704
275.223
282.009
287.904
292.774
296.539
299.183
300.761
301.387
301.218
300.428
299.191
297.659
295.962
294.202
292.452
290.77
289.193
287.747
286.447
285.31
284.367
283.612
282.972
282.519
282.596
-444.048
-324.976
-236.095
-180.311
-137.358
-103.455
-75.0294
-50.5989
-29.1051
-9.84761
7.72052
23.9714
39.1482
53.4253
66.9466
79.8192
92.1161
103.897
115.235
126.206
136.88
147.305
157.517
167.547
177.418
187.148
196.744
206.203
215.508
224.624
233.498
242.05
250.176
257.752
264.636
270.69
275.796
279.875
282.901
284.91
285.989
286.267
285.896
285.029
283.811
282.368
280.802
279.192
277.599
276.067
274.627
273.305
272.113
271.061
270.163
269.453
268.917
268.462
268.2
268.568
-434.607
-322.778
-235.665
-180.142
-137.249
-103.332
-74.8821
-50.4184
-28.8817
-9.5719
8.0495
24.3492
39.5717
53.8945
67.4604
80.3754
92.715
104.545
115.937
126.966
137.692
148.16
158.401
168.439
178.288
187.952
197.422
206.67
215.65
224.295
232.514
240.197
247.221
253.462
258.813
263.199
266.588
269
270.503
271.202
271.23
270.723
269.817
268.633
267.273
265.82
264.336
262.872
261.463
260.136
258.91
257.803
256.823
255.974
255.272
254.753
254.397
254.094
253.989
254.6
-423.735
-319.618
-234.908
-179.816
-137.06
-103.16
-74.7006
-50.2128
-28.6389
-9.28116
8.38915
24.733
39.996
54.3578
67.96
80.9075
93.2784
105.142
116.57
127.629
138.371
148.834
159.041
169.004
178.721
188.175
197.332
206.134
214.504
222.347
229.555
236.017
241.635
246.338
250.088
252.894
254.809
255.919
256.339
256.193
255.605
254.693
253.556
252.278
250.928
249.557
248.205
246.903
245.673
244.532
243.495
242.573
241.772
241.096
240.56
240.2
239.996
239.821
239.848
240.662
-411.229
-315.243
-233.678
-179.245
-136.734
-102.892
-74.446
-49.9443
-28.3382
-8.93569
8.78069
25.1656
40.4648
54.8589
68.4875
81.4546
93.8398
105.714
117.143
128.187
138.885
149.264
159.333
169.086
178.499
187.529
196.113
204.169
211.605
218.323
224.232
229.264
233.381
236.581
238.903
240.42
241.231
241.447
241.185
240.556
239.657
238.575
237.378
236.123
234.852
233.6
232.392
231.247
230.18
229.204
228.329
227.566
226.918
226.387
225.99
225.765
225.688
225.621
225.759
226.742
-396.868
-309.393
-231.802
-178.333
-136.224
-102.509
-74.1167
-49.6249
-28.0036
-8.57055
9.17814
25.59
40.9095
55.3166
68.9483
81.9065
94.2709
106.109
117.481
128.431
138.987
149.157
158.93
168.279
177.154
185.491
193.211
200.228
206.462
211.849
216.347
219.952
222.689
224.62
225.83
226.42
226.497
226.167
225.527
224.662
223.642
222.528
221.364
220.188
219.029
217.907
216.84
215.843
214.924
214.095
213.362
212.736
212.22
211.815
211.537
211.428
211.46
211.486
211.717
212.841
-380.435
-301.805
-229.052
-176.935
-135.437
-101.948
-73.6665
-49.2198
-27.6086
-8.16666
9.59329
26.0101
41.3248
55.7146
69.3121
82.216
94.5023
106.232
117.452
128.191
138.457
148.238
157.503
166.203
174.274
181.646
188.249
194.023
198.929
202.957
206.125
208.484
210.107
211.086
211.52
211.51
211.15
210.524
209.707
208.757
207.726
206.653
205.568
204.496
203.457
202.465
201.532
200.669
199.884
199.184
198.577
198.071
197.67
197.374
197.199
197.189
197.314
197.42
197.73
198.97
-361.753
-292.252
-225.175
-174.889
-134.273
-101.155
-73.0714
-48.7269
-27.1697
-7.75771
9.97597
26.3587
41.6252
55.9468
69.4498
82.2265
94.3454
105.856
116.787
127.149
136.931
146.101
154.614
162.415
169.446
175.656
181.009
185.491
189.117
191.928
193.988
195.38
196.196
196.531
196.477
196.119
195.531
194.775
193.904
192.961
191.978
190.984
190
189.042
188.124
187.256
186.449
185.71
185.045
184.462
183.967
183.568
183.269
183.069
182.985
183.061
183.266
183.441
183.819
185.151
-340.745
-280.562
-219.887
-171.987
-132.59
-100.037
-72.2724
-48.1136
-26.676
-7.35252
10.2978
26.5869
41.7389
55.9159
69.2346
81.7773
93.6002
104.737
115.2
124.981
134.054
142.382
149.923
156.634
162.487
167.47
171.592
174.889
177.419
179.255
180.483
181.195
181.48
181.42
181.092
180.559
179.879
179.094
178.243
177.355
176.454
175.558
174.682
173.839
173.038
172.289
171.599
170.973
170.419
169.942
169.548
169.246
169.037
168.923
168.919
169.071
169.345
169.58
170.016
171.417
-317.497
-266.66
-212.922
-168.01
-130.23
-98.4957
-71.2189
-47.3661
-26.1456
-6.9983
10.4833
26.5899
41.5302
55.4527
68.461
80.624
91.9835
102.558
112.346
121.332
129.491
136.795
143.224
148.769
153.442
157.274
160.317
162.639
164.32
165.447
166.107
166.383
166.351
166.077
165.62
165.027
164.339
163.587
162.798
161.993
161.188
160.399
159.634
158.905
158.218
157.581
157
156.481
156.029
155.65
155.349
155.134
155.009
154.972
155.04
155.258
155.592
155.879
156.362
157.814
-292.317
-250.589
-204.058
-162.735
-127.01
-96.4088
-69.8375
-46.4553
-25.5877
-6.74002
10.4527
26.2529
40.8483
54.3699
66.9058
78.511
89.2152
99.0285
107.948
115.964
123.069
129.264
134.561
138.992
142.605
145.466
147.649
149.239
150.321
150.975
151.281
151.305
151.11
150.744
150.252
149.669
149.024
148.341
147.637
146.93
146.23
145.55
144.896
144.278
143.701
143.171
142.693
142.274
141.918
141.629
141.415
141.282
141.232
141.265
141.398
141.674
142.058
142.391
142.914
144.395
-265.744
-232.544
-193.189
-155.976
-122.76
-93.6555
-68.0615
-45.3649
-25.0326
-6.65064
10.0924
25.4237
39.505
52.4478
64.3255
75.1835
85.0475
93.9313
101.844
108.799
114.816
119.93
124.189
127.656
130.405
132.516
134.072
135.158
135.849
136.218
136.326
136.229
135.972
135.594
135.127
134.597
134.026
133.431
132.826
132.223
131.633
131.062
130.518
130.008
129.536
129.109
128.73
128.406
128.14
127.938
127.804
127.747
127.767
127.864
128.056
128.382
128.81
129.181
129.736
131.226
-238.491
-212.872
-180.358
-147.625
-117.339
-90.1224
-65.8232
-44.0772
-24.5099
-6.80395
9.28942
23.9556
37.3283
49.5008
60.5372
70.4813
79.3662
87.2213
94.0796
99.9819
104.98
109.137
112.526
115.228
117.325
118.901
120.034
120.799
121.261
121.477
121.498
121.365
121.113
120.772
120.367
119.916
119.436
118.941
118.441
117.947
117.465
117.003
116.567
116.162
115.792
115.464
115.18
114.947
114.767
114.646
114.588
114.601
114.686
114.843
115.086
115.456
115.92
116.323
116.901
118.382
-211.333
-192.07
-165.803
-137.706
-110.688
-85.7398
-63.0794
-42.5879
-24.0558
-7.27189
7.94336
21.7311
34.198
45.4242
55.4715
64.3915
72.2334
79.0489
84.8964
89.8427
93.9625
97.3367
100.05
102.185
103.825
105.045
105.915
106.496
106.841
106.996
107.001
106.887
106.683
106.409
106.086
105.729
105.35
104.96
104.569
104.183
103.81
103.455
103.123
102.82
102.55
102.316
102.124
101.977
101.879
101.835
101.849
101.927
102.072
102.282
102.571
102.978
103.469
103.898
104.492
105.946
-184.984
-170.744
-149.941
-126.398
-102.858
-80.5032
-59.8175
-40.8973
-23.6894
-8.08846
6.01557
18.7211
30.112
40.2606
49.2327
57.0927
63.908
69.7507
74.6989
78.8357
82.2471
85.0193
87.2361
88.9769
90.3147
91.3149
92.0354
92.5262
92.8303
92.984
93.0177
92.9572
92.8236
92.6349
92.4059
92.1489
91.8746
91.5916
91.3077
91.0292
90.7619
90.5109
90.2807
90.0757
89.8999
89.7571
89.6514
89.5864
89.5659
89.5937
89.6743
89.813
90.0115
90.2683
90.5975
91.0335
91.545
91.9935
92.5938
94.0036
-160.009
-149.543
-133.334
-114.05
-94.036
-74.4976
-56.0704
-39.0124
-23.4013
-9.22609
3.56047
15.0193
25.216
34.2186
42.0986
48.9316
54.7982
59.7832
63.974
67.4589
70.3241
72.6521
74.5196
75.9964
77.1447
78.0191
78.667
79.1288
79.4387
79.6259
79.7145
79.7252
79.6749
79.5783
79.4473
79.2923
79.1221
78.9441
78.7648
78.5899
78.4243
78.2726
78.1389
78.0271
77.9408
77.8836
77.8591
77.8707
77.9217
78.0155
78.1565
78.3491
78.5948
78.8921
79.2538
79.7114
80.2351
80.6955
81.2943
82.6438
-136.801
-129.078
-116.604
-101.134
-84.5296
-67.8955
-51.9134
-36.9371
-23.1372
-10.5756
0.744594
10.8537
19.8022
27.6538
34.4818
40.3669
45.3939
49.6502
53.2226
56.1953
58.6477
60.6532
62.2782
63.5817
64.6154
65.4241
66.046
66.514
66.8556
67.0943
67.2498
67.3388
67.3752
67.371
67.3365
67.2802
67.2098
67.1315
67.0511
66.9736
66.9033
66.8443
66.8004
66.7749
66.7712
66.7926
66.8423
66.9233
67.0386
67.1912
67.3851
67.6241
67.9094
68.2394
68.6257
69.0965
69.6238
70.0887
70.6776
71.9524
-115.604
-109.859
-100.35
-88.1704
-74.7217
-60.9345
-47.4555
-34.6715
-22.803
-11.9586
-2.1767
6.54962
14.257
21.0018
26.8533
31.8885
36.1882
39.8336
42.9035
45.4726
47.6095
49.3767
50.8293
52.0162
52.9796
53.7558
54.376
54.8666
55.2501
55.5456
55.7692
55.9348
56.0541
56.1371
56.1924
56.2275
56.2487
56.2618
56.2716
56.2826
56.2986
56.3234
56.3601
56.4119
56.4819
56.5728
56.6876
56.829
56.9997
57.2022
57.44
57.7165
58.0325
58.3866
58.7886
59.2639
59.7863
60.2478
60.8186
62.0063
-96.5427
-92.2512
-85.0698
-75.6475
-65.0039
-53.8744
-42.8211
-32.2138
-22.285
-13.1647
-4.91174
2.46391
8.98563
14.699
19.6633
23.9457
27.6163
30.745
33.3986
35.6396
37.5248
39.1052
40.426
41.5265
42.4408
43.1984
43.8243
44.3401
44.7642
45.1122
45.3975
45.6316
45.8242
45.9839
46.118
46.233
46.3344
46.427
46.5153
46.6031
46.6939
46.7908
46.8968
47.0147
47.1471
47.2966
47.4657
47.6568
47.8722
48.1142
48.3857
48.6897
49.0266
49.395
49.8036
50.2743
50.7832
51.2336
51.7785
52.8691
-79.6599
-76.4723
-71.1122
-63.951
-55.7142
-46.9564
-38.1348
-29.5722
-21.4857
-14.0063
-7.20155
-1.09239
4.33235
9.10549
13.2733
16.8894
20.0102
22.692
24.9884
26.9493
28.6202
30.0415
31.2493
32.2748
33.1453
33.8844
34.5124
35.0466
35.502
35.8914
36.226
36.5152
36.7674
36.9896
37.1883
37.3687
37.5359
37.6938
37.8465
37.9971
38.1488
38.3043
38.4662
38.637
38.8189
39.0143
39.2252
39.4539
39.7022
39.9722
40.2662
40.5867
40.9341
41.3069
41.7125
42.1697
42.6568
43.0887
43.6007
44.5875
-64.9278
-62.6058
-58.6722
-53.3324
-47.0975
-40.3717
-33.509
-26.7729
-20.3501
-14.3602
-8.87015
-3.90726
0.529561
4.46076
7.91904
10.944
13.578
15.864
17.8429
19.5531
21.0296
22.3039
23.4041
24.3545
25.1767
25.8893
26.5086
27.0484
27.5209
27.9365
28.3044
28.6325
28.9275
29.1956
29.442
29.6714
29.8878
30.0949
30.2958
30.4936
30.6908
30.8898
31.0929
31.3021
31.5196
31.7471
31.9866
32.2399
32.5087
32.7945
33.0994
33.4256
33.773
34.1403
34.5338
34.9692
35.4272
35.8339
36.3071
37.1866
-52.2639
-50.6303
-47.8104
-43.9134
-39.2978
-34.2512
-29.0382
-23.8636
-18.8789
-14.1859
-9.846
-5.8887
-2.32022
0.869553
3.70136
6.20219
8.4021
10.3319
12.0217
13.5
14.7929
15.9242
16.9151
17.7846
18.5492
19.2234
19.8201
20.3502
20.8235
21.2483
21.632
21.9812
22.3013
22.5975
22.8741
23.1349
23.3835
23.6228
23.8555
24.0843
24.3111
24.5382
24.7673
25.0004
25.2391
25.485
25.7398
26.005
26.2819
26.5719
26.8767
27.198
27.5357
27.8886
28.2617
28.6682
29.091
29.467
29.897
30.6689
-41.5429
-40.4512
-38.4909
-35.7155
-32.3761
-28.6738
-24.8013
-20.9123
-17.1248
-13.5217
-10.156
-7.05646
-4.23377
-1.6854
0.600047
2.63949
4.45286
6.06133
7.48602
8.74725
9.86402
10.8538
11.7323
12.5138
13.2108
13.8345
14.3947
14.9001
15.3581
15.7755
16.1582
16.5112
16.8393
17.1464
17.4361
17.7117
17.9758
18.231
18.4797
18.7237
18.9651
19.2055
19.4464
19.6894
19.936
20.1875
20.4452
20.7104
20.9843
21.268
21.5627
21.8699
22.1895
22.5202
22.8662
23.2382
23.6213
23.9624
24.3467
25.0137
-32.6074
-31.9291
-30.618
-28.6952
-26.3362
-23.6796
-20.8631
-17.9992
-15.1774
-12.4626
-9.89897
-7.51269
-5.31636
-3.31236
-1.49587
0.142582
1.61535
2.93618
4.11929
5.17866
6.12764
6.97868
7.74322
8.43163
9.05325
9.61641
10.1285
10.5962
11.0253
11.4209
11.7877
12.1298
12.4506
12.7535
13.0413
13.3165
13.5815
13.8383
14.0887
14.3343
14.5768
14.8174
15.0575
15.2984
15.5413
15.7872
16.0373
16.2926
16.554
16.8225
17.0991
17.3849
17.6797
17.9824
18.2964
18.6301
18.9709
19.2747
19.6121
20.1799
-25.2793
-24.9012
-24.0649
-22.7733
-21.1479
-19.2832
-17.2759
-15.2072
-13.143
-11.1335
-9.21376
-7.40674
-5.72513
-4.17396
-2.75264
-1.45674
-0.27928
0.788133
1.75462
2.62942
3.42162
4.13983
4.79209
5.38581
5.92776
6.42402
6.88008
7.30086
7.69075
8.05366
8.39312
8.71223
9.0138
9.30031
9.57403
9.83695
10.0909
10.3374
10.578
10.814
11.0467
11.2771
11.5063
11.7354
11.9652
12.1968
12.431
12.6686
12.9105
13.1572
13.4097
13.6688
13.9343
14.2052
14.4841
14.7778
15.0755
15.3411
15.6325
16.1085
-19.3674
-19.1937
-18.6912
-17.8527
-16.7614
-15.481
-14.0784
-12.6111
-11.1272
-9.6642
-8.24981
-6.90298
-5.63545
-4.45334
-3.35842
-2.34944
-1.42301
-0.57438
0.201959
0.911864
1.56127
2.15594
2.70139
3.20275
3.66479
4.09185
4.48789
4.85649
5.20089
5.52397
5.82836
6.1164
6.39022
6.6517
6.90259
7.1444
7.37855
7.60626
7.82869
8.04689
8.26182
8.47435
8.68533
8.89559
9.1059
9.31698
9.52954
9.74426
9.96174
10.1825
10.4073
10.6366
10.8704
11.1077
11.3506
11.6042
11.8597
12.0878
12.3353
12.7286
-14.6759
-14.6306
-14.3518
-13.8275
-13.1143
-12.2538
-11.2922
-10.2694
-9.21992
-8.1715
-7.14525
-6.15645
-5.21526
-4.32783
-3.49706
-2.72348
-2.00592
-1.34203
-0.728721
-0.162474
0.36043
0.843708
1.29102
1.70581
2.09137
2.4507
2.78659
3.10158
3.39798
3.67789
3.94322
4.19569
4.43686
4.66816
4.89087
5.10616
5.31507
5.51856
5.71749
5.91268
6.10487
6.29475
6.48296
6.67015
6.85695
7.04392
7.2316
7.42054
7.6112
7.80402
7.9995
8.19808
8.39958
8.60332
8.81079
9.02597
9.24148
9.43403
9.64092
9.96141
-11.0112
-11.0385
-10.9018
-10.5876
-10.134
-9.56785
-8.92027
-8.21882
-7.48783
-6.74737
-6.01329
-5.29751
-4.60843
-3.95161
-3.33026
-2.7458
-2.19831
-1.68692
-1.21006
-0.765796
-0.3519
0.0339244
0.394016
0.730629
1.04595
1.342
1.62069
1.88378
2.13289
2.36949
2.59496
2.81051
3.0173
3.21633
3.40858
3.59488
3.77604
3.95273
4.12563
4.29534
4.46244
4.62742
4.7908
4.95308
5.11473
5.27619
5.4379
5.60026
5.76363
5.92836
6.09481
6.26331
6.43368
6.60534
6.77942
6.95891
7.13779
7.29773
7.46805
7.72568
-8.19058
-8.25231
-8.20018
-8.02128
-7.7407
-7.37565
-6.94678
-6.47279
-5.97061
-5.45454
-4.93623
-4.42473
-3.92672
-3.44694
-2.98839
-2.55283
-2.14094
-1.75268
-1.38742
-1.04422
-0.721812
-0.418869
-0.133947
0.134369
0.38749
0.62674
0.853396
1.06863
1.27356
1.46918
1.65647
1.83627
2.00939
2.17657
2.33849
2.49577
2.64898
2.79863
2.9452
3.08914
3.23088
3.3708
3.50928
3.64669
3.78341
3.91976
4.05608
4.19268
4.32984
4.4678
4.60683
4.74719
4.88868
5.03085
5.17452
5.32189
5.46815
5.59898
5.73719
5.94167
-6.04759
-6.12026
-6.11463
-6.0193
-5.8508
-5.61988
-5.34011
-5.02401
-4.68319
-4.3277
-3.96592
-3.60458
-3.24884
-2.90249
-2.56818
-2.2476
-1.94167
-1.65077
-1.37481
-1.1134
-0.865918
-0.631639
-0.409717
-0.199305
0.000478119
0.190466
0.371489
0.544309
0.70967
0.868248
1.0207
1.1676
1.30953
1.44699
1.58047
1.7104
1.83719
1.9612
2.08278
2.20227
2.31996
2.43613
2.55108
2.66508
2.77841
2.89132
3.00406
3.11685
3.22992
3.34343
3.45759
3.57257
3.6882
3.80411
3.92089
4.04015
4.15806
4.26358
4.37424
4.5346
-4.43804
-4.50837
-4.52533
-4.47939
-4.38141
-4.23796
-4.05788
-3.84947
-3.62057
-3.37815
-3.12814
-2.87543
-2.62389
-2.37649
-2.13536
-1.90203
-1.67741
-1.46204
-1.25609
-1.05951
-0.872034
-0.693321
-0.522904
-0.360305
-0.204996
-0.0564714
0.0857892
0.222268
0.35345
0.479776
0.601683
0.719565
0.833806
0.944753
1.05274
1.15808
1.26105
1.3619
1.46088
1.55823
1.65415
1.74887
1.84257
1.93548
2.02779
2.11969
2.21137
2.30299
2.39471
2.48665
2.57897
2.67176
2.7649
2.85807
2.95169
3.04693
3.14077
3.22478
3.31229
3.43665
-3.24008
-3.30195
-3.32761
-3.30945
-3.25461
-3.16708
-3.05255
-2.91647
-2.76408
-2.60016
-2.42884
-2.25362
-2.07732
-1.90219
-1.72991
-1.56172
-1.39846
-1.24067
-1.08864
-0.942479
-0.802127
-0.667455
-0.538236
-0.414221
-0.295109
-0.180609
-0.070403
0.0358034
0.138318
0.237422
0.333401
0.426513
0.517014
0.605138
0.691112
0.775141
0.857418
0.938115
1.0174
1.09545
1.1724
1.24841
1.32361
1.39817
1.47224
1.54594
1.61941
1.69278
1.76615
1.83961
1.91326
1.98718
2.06124
2.13519
2.20934
2.2845
2.35831
2.42441
2.49283
2.58826
-2.35591
-2.4071
-2.43386
-2.43028
-2.40107
-2.3486
-2.27653
-2.18839
-2.08767
-1.9776
-1.86102
-1.7404
-1.61776
-1.49476
-1.37266
-1.25247
-1.13485
-1.02033
-0.909179
-0.801588
-0.697602
-0.597208
-0.500315
-0.406811
-0.316535
-0.22933
-0.14501
-0.0634014
0.0156837
0.0924197
0.166988
0.239554
0.310282
0.379326
0.446835
0.512945
0.577785
0.641469
0.704114
0.76583
0.826727
0.886905
0.946468
1.00553
1.06419
1.12255
1.1807
1.23873
1.29671
1.35472
1.4128
1.47101
1.52925
1.58731
1.6454
1.70408
1.76154
1.813
1.86595
1.93847
-1.70716
-1.74792
-1.77222
-1.77557
-1.76112
-1.73027
-1.68536
-1.62867
-1.5625
-1.48902
-1.41016
-1.32763
-1.24287
-1.15706
-1.07114
-0.985875
-0.901806
-0.81935
-0.738778
-0.660277
-0.583937
-0.509803
-0.437858
-0.368065
-0.300349
-0.234631
-0.17081
-0.108789
-0.0484563
0.0102923
0.0675684
0.123474
0.178112
0.231581
0.283976
0.335385
0.385889
0.435566
0.48449
0.532738
0.580383
0.627495
0.674146
0.720415
0.766375
0.812097
0.857641
0.903071
0.948436
0.993778
1.03914
1.08454
1.12989
1.17504
1.22012
1.26552
1.30984
1.34953
1.39012
1.44474
-1.23399
-1.26542
-1.28581
-1.29181
-1.28552
-1.26776
-1.24002
-1.20378
-1.16053
-1.11172
-1.05865
-1.00249
-0.944232
-0.884728
-0.824655
-0.764572
-0.704898
-0.645964
-0.587997
-0.531169
-0.475577
-0.42129
-0.368323
-0.316682
-0.266338
-0.21726
-0.169397
-0.122698
-0.0771014
-0.0325493
0.0110246
0.0536802
0.095481
0.136486
0.176754
0.21634
0.255296
0.29367
0.331511
0.368871
0.405797
0.442338
0.478542
0.514464
0.550154
0.585662
0.621026
0.65629
0.691484
0.726635
0.761764
0.796883
0.831919
0.866748
0.901453
0.936293
0.970203
1.00056
1.03143
1.07222
-0.889787
-0.913559
-0.929904
-0.93639
-0.934428
-0.924497
-0.907547
-0.884528
-0.856412
-0.824152
-0.788614
-0.750596
-0.710773
-0.669744
-0.627986
-0.585909
-0.543821
-0.501979
-0.460562
-0.419716
-0.37953
-0.340073
-0.301377
-0.263464
-0.226331
-0.189971
-0.154362
-0.119484
-0.0853039
-0.0517924
-0.0189129
0.013368
0.0450861
0.0762758
0.106972
0.137208
0.167015
0.196423
0.225463
0.254167
0.282569
0.3107
0.338591
0.366281
0.393802
0.421187
0.448461
0.47565
0.502772
0.529841
0.556869
0.583857
0.610745
0.637434
0.663975
0.690534
0.716303
0.739365
0.762667
0.792896
-0.640948
-0.658506
-0.671099
-0.676982
-0.6771
-0.67173
-0.661473
-0.646936
-0.628744
-0.607523
-0.583839
-0.558229
-0.53115
-0.503014
-0.474154
-0.444863
-0.415363
-0.385847
-0.35645
-0.327287
-0.298433
-0.26995
-0.241871
-0.214224
-0.187018
-0.160261
-0.133946
-0.108069
-0.0826177
-0.0575788
-0.0329348
-0.00866898
0.0152373
0.0388032
0.062048
0.0849918
0.107652
0.130047
0.152196
0.17412
0.195839
0.217374
0.238744
0.259975
0.281087
0.3021
0.323027
0.343885
0.364681
0.385423
0.406115
0.426752
0.447285
0.467635
0.487829
0.507969
0.527442
0.544859
0.562341
0.584574
-0.46146
-0.474199
-0.48363
-0.48852
-0.489501
-0.486731
-0.480591
-0.471465
-0.459751
-0.445854
-0.430144
-0.412977
-0.394658
-0.375467
-0.355634
-0.335362
-0.31481
-0.294115
-0.273378
-0.252685
-0.232095
-0.211659
-0.191407
-0.171368
-0.151554
-0.131981
-0.112651
-0.0935678
-0.0747302
-0.0561348
-0.0377748
-0.0196429
-0.00173031
0.0159732
0.0334778
0.0507952
0.0679346
0.0849073
0.101723
0.118396
0.134937
0.151359
0.167672
0.183893
0.200031
0.216099
0.232102
0.248049
0.263942
0.279784
0.295573
0.311301
0.326928
0.342391
0.357699
0.37291
0.387562
0.400655
0.413701
0.429937
-0.332332
-0.341446
-0.348345
-0.352187
-0.353395
-0.352061
-0.348421
-0.34272
-0.335208
-0.326148
-0.315776
-0.304328
-0.292002
-0.27899
-0.265443
-0.251502
-0.237274
-0.222857
-0.20832
-0.193728
-0.179125
-0.16455
-0.150028
-0.135587
-0.121239
-0.107001
-0.0928809
-0.0788859
-0.0650191
-0.0512821
-0.0376737
-0.0241914
-0.0108317
0.00241054
0.0155401
0.0285634
0.0414843
0.0543088
0.0670412
0.0796893
0.0922577
0.104754
0.117181
0.129549
0.141862
0.154126
0.166342
0.178514
0.19064
0.20272
0.214749
0.226717
0.23859
0.250316
0.261896
0.273353
0.284343
0.294152
0.303844
0.315617
-0.239821
-0.24614
-0.251009
-0.253869
-0.254979
-0.254391
-0.252247
-0.248702
-0.243908
-0.238036
-0.231232
-0.223652
-0.215422
-0.206667
-0.197486
-0.187974
-0.178199
-0.16823
-0.158113
-0.147894
-0.137604
-0.127274
-0.116926
-0.10658
-0.0962499
-0.0859513
-0.0756925
-0.0654823
-0.055325
-0.0452239
-0.0351798
-0.0251925
-0.0152613
-0.00538391
0.00444084
0.0142158
0.0239411
0.0336188
0.0432494
0.0528362
0.0623799
0.0718834
0.0813472
0.0907753
0.100169
0.109529
0.118856
0.128148
0.137403
0.146619
0.155786
0.164896
0.173917
0.182809
0.191563
0.200183
0.208412
0.215745
0.222922
0.231398
-0.173453
-0.177855
-0.181283
-0.183361
-0.184277
-0.184062
-0.182805
-0.180607
-0.17756
-0.173774
-0.169339
-0.164354
-0.158898
-0.153051
-0.146873
-0.140427
-0.133755
-0.126904
-0.119903
-0.112785
-0.105572
-0.0982884
-0.090949
-0.0835722
-0.0761693
-0.0687533
-0.0613316
-0.053912
-0.0464984
-0.0390943
-0.0317008
-0.0243189
-0.0169491
-0.00959142
-0.00224659
0.00508538
0.0124027
0.0197048
0.02699
0.0342588
0.0415099
0.0487435
0.0559579
0.0631545
0.070332
0.0774901
0.0846254
0.0917365
0.0988182
0.105866
0.112871
0.119821
0.126691
0.133446
0.140072
0.146562
0.152723
0.158203
0.163504
0.16956
-0.126838
-0.12968
-0.131889
-0.133262
-0.133886
-0.133785
-0.133007
-0.131614
-0.129661
-0.127214
-0.124326
-0.121057
-0.117454
-0.113567
-0.10943
-0.105083
-0.100553
-0.0958686
-0.0910492
-0.0861179
-0.0810889
-0.0759803
-0.0708032
-0.0655715
-0.0602935
-0.0549791
-0.0496335
-0.0442627
-0.0388694
-0.0334566
-0.0280252
-0.0225768
-0.0171127
-0.0116344
-0.00614349
-0.000641781
0.00486816
0.0103842
0.015904
0.0214263
0.0269489
0.0324702
0.037988
0.0435015
0.0490083
0.0545063
0.0599911
0.0654596
0.0709057
0.0763233
0.0817028
0.0870323
0.0922881
0.097442
0.102477
0.107377
0.111998
0.116098
0.12001
0.124301
-0.0932899
-0.0951159
-0.0965254
-0.0974067
-0.0978088
-0.0977498
-0.0972568
-0.0963687
-0.0951146
-0.0935361
-0.0916615
-0.0895284
-0.087161
-0.0845908
-0.0818366
-0.0789235
-0.0758657
-0.072683
-0.0693863
-0.0659917
-0.0625077
-0.0589477
-0.0553184
-0.0516302
-0.047888
-0.0440993
-0.0402667
-0.0363947
-0.0324841
-0.0285375
-0.024555
-0.0205387
-0.0164894
-0.0124094
-0.00830034
-0.00416501
-5.8853e-06
0.004174
0.00837212
0.0125862
0.0168135
0.0210517
0.0252978
0.0295499
0.0338048
0.0380594
0.0423085
0.0465482
0.0507715
0.0549717
0.0591385
0.0632595
0.0673137
0.0712764
0.0751288
0.0788493
0.0823309
0.0854105
0.0882972
0.0913087
-0.0694017
-0.0705245
-0.071383
-0.0719035
-0.0721232
-0.0720566
-0.0717183
-0.0711327
-0.0703149
-0.0692898
-0.0680716
-0.0666825
-0.0651344
-0.0634458
-0.0616259
-0.0596898
-0.0576444
-0.0555021
-0.0532683
-0.0509538
-0.0485627
-0.0461041
-0.0435813
-0.0410012
-0.0383657
-0.0356795
-0.032943
-0.0301589
-0.0273269
-0.0244488
-0.0215244
-0.018556
-0.0155445
-0.0124928
-0.00940262
-0.00627737
-0.00311929
6.81886e-05
0.00328285
0.00652199
0.00978341
0.0130643
0.016362
0.0196738
0.0229965
0.0263262
0.0296577
0.0329859
0.0363039
0.0396038
0.042875
0.0461046
0.0492733
0.0523592
0.0553422
0.0581978
0.0608463
0.0631796
0.0653186
0.0674123
-0.0525329
-0.0532108
-0.0537028
-0.0539868
-0.0540856
-0.0540086
-0.0537648
-0.0533691
-0.0528287
-0.0521583
-0.0513639
-0.0504583
-0.0494461
-0.0483381
-0.0471375
-0.0458533
-0.0444877
-0.0430485
-0.0415373
-0.039961
-0.0383207
-0.0366223
-0.0348663
-0.0330573
-0.0311947
-0.0292818
-0.0273175
-0.025304
-0.02324
-0.0211278
-0.0189667
-0.0167595
-0.0145064
-0.0122106
-0.00987276
-0.00749612
-0.0050816
-0.00263221
-0.0001489
0.00236582
0.00491072
0.0074829
0.0100802
0.0126995
0.0153374
0.0179896
0.0206508
0.0233151
0.0259749
0.0286218
0.0312443
0.0338293
0.0363583
0.0388111
0.0411666
0.043399
0.045448
0.047243
0.0488417
0.0502842
-0.041446
-0.0417032
-0.0418564
-0.0419111
-0.0418677
-0.0417253
-0.041493
-0.0411709
-0.0407681
-0.0402853
-0.0397308
-0.0391048
-0.0384146
-0.0376598
-0.0368465
-0.0359738
-0.0350469
-0.0340647
-0.0330319
-0.0319472
-0.030815
-0.0296338
-0.0284071
-0.027133
-0.0258144
-0.0244489
-0.0230384
-0.0215807
-0.0200774
-0.0185265
-0.0169298
-0.0152859
-0.0135969
-0.0118618
-0.010083
-0.00825955
-0.00639382
-0.00448556
-0.0025369
-0.00054808
0.00147852
0.00354138
0.0056374
0.00776388
0.00991685
0.0120916
0.0142823
0.0164821
0.0186829
0.0208745
0.023045
0.0251793
0.02726
0.0292664
0.0311777
0.0329658
0.0345864
0.0359912
0.0371975
0.0381815
-0.0335193
-0.0335495
-0.0335231
-0.0334578
-0.0333459
-0.0331853
-0.0329811
-0.0327303
-0.032438
-0.0321017
-0.0317261
-0.0313082
-0.030852
-0.0303545
-0.0298192
-0.0292427
-0.0286285
-0.0279732
-0.0272802
-0.0265463
-0.0257747
-0.024962
-0.024111
-0.0232177
-0.0222843
-0.0213067
-0.0202865
-0.0192193
-0.018107
-0.0169458
-0.0157375
-0.0144792
-0.013173
-0.0118167
-0.0104124
-0.00895834
-0.00745665
-0.00590647
-0.0043098
-0.00266665
-0.000979457
0.000750119
0.00251875
0.0043232
0.00615897
0.00802059
0.00990146
0.0117936
0.0136882
0.0155739
0.0174384
0.0192663
0.0210408
0.0227423
0.0243499
0.0258362
0.0271669
0.0283074
0.0292453
0.0299249
-0.0288256
-0.0287708
-0.0286702
-0.028554
-0.0284106
-0.0282417
-0.0280495
-0.0278309
-0.0275893
-0.0273208
-0.027029
-0.0267095
-0.0263658
-0.0259933
-0.0255954
-0.0251674
-0.024713
-0.0242272
-0.0237137
-0.0231676
-0.0225922
-0.0219825
-0.0213413
-0.0206637
-0.0199518
-0.0192008
-0.0184124
-0.0175822
-0.0167118
-0.0157973
-0.01484
-0.0138367
-0.0127887
-0.0116928
-0.01055
-0.00935787
-0.00811715
-0.00682598
-0.00548549
-0.00409473
-0.00265541
-0.00116811
0.000364328
0.00193991
0.00355456
0.00520406
0.00688208
0.0085818
0.0102943
0.0120091
0.0137134
0.0153919
0.0170269
0.0185976
0.0200801
0.0214452
0.02266
0.0236905
0.024501
0.0250225
-0.024179
-0.0242572
-0.0242336
-0.0242283
-0.0241971
-0.0241487
-0.0240836
-0.0239988
-0.0238982
-0.0237778
-0.0236411
-0.023484
-0.0233095
-0.0231136
-0.0228987
-0.0226608
-0.0224021
-0.0221186
-0.0218119
-0.0214784
-0.0211191
-0.0207301
-0.020312
-0.0198609
-0.0193765
-0.0188548
-0.0182953
-0.0176938
-0.0170495
-0.0163582
-0.0156191
-0.0148281
-0.0139841
-0.0130832
-0.0121244
-0.0111039
-0.0100208
-0.00887206
-0.00765729
-0.00637436
-0.00502376
-0.00360508
-0.0021204
-0.000571289
0.00103813
0.00270309
0.00441611
0.0061686
0.00794912
0.00974405
0.0115366
0.0133068
0.0150317
0.0166846
0.0182354
0.0196495
0.0208901
0.0219163
0.0226817
0.0231335
92.7179
71.0299
51.5885
36.8218
23.7642
12.1183
1.27102
-9.05367
-19.0987
-29.0478
-39.0724
-49.3284
-59.9611
-71.1456
-83.1425
-96.2507
-110.608
-126.289
-144.542
-169.008
-200.6
-224.942
-228.552
-339.283
-953.55
92.6087
71.0205
51.5753
36.8114
23.7545
12.1093
1.26235
-9.06214
-19.1071
-29.0563
-39.0812
-49.3376
-59.9708
-71.156
-83.1539
-96.2634
-110.622
-126.305
-144.562
-169.033
-200.624
-224.956
-228.679
-340.078
-949.075
92.4914
71.0128
51.5622
36.8015
23.7452
12.1007
1.25404
-9.0703
-19.1153
-29.0646
-39.0898
-49.3466
-59.9804
-71.1663
-83.1652
-96.276
-110.636
-126.32
-144.581
-169.059
-200.653
-224.954
-228.739
-341.675
-941.995
92.3688
71.0022
51.5475
36.7908
23.7353
12.0917
1.24541
-9.07873
-19.1237
-29.0731
-39.0985
-49.3557
-59.9899
-71.1765
-83.1764
-96.2884
-110.649
-126.335
-144.598
-169.083
-200.682
-224.936
-228.748
-343.903
-933.21
92.2184
70.9852
51.5284
36.7771
23.7231
12.0807
1.23506
-9.08871
-19.1335
-29.0829
-39.1086
-49.3661
-60.0008
-71.1881
-83.1889
-96.3021
-110.664
-126.35
-144.615
-169.11
-200.714
-224.9
-228.761
-346.744
-921.909
92.0261
70.9573
51.5024
36.7587
23.7072
12.0666
1.22208
-9.10106
-19.1455
-29.0949
-39.1206
-49.3784
-60.0136
-71.2014
-83.2032
-96.3177
-110.681
-126.366
-144.633
-169.14
-200.754
-224.837
-228.803
-350.269
-907.34
91.781
70.9122
51.4664
36.7334
23.6861
12.0484
1.20546
-9.11664
-19.1604
-29.1095
-39.1351
-49.3931
-60.0286
-71.217
-83.2197
-96.3355
-110.699
-126.383
-144.651
-169.177
-200.808
-224.73
-228.897
-354.493
-889.245
91.4702
70.8411
51.4164
36.6982
23.6576
12.0241
1.18381
-9.13671
-19.1795
-29.128
-39.1533
-49.4111
-60.0467
-71.2355
-83.239
-96.3558
-110.72
-126.401
-144.67
-169.227
-200.88
-224.559
-229.075
-359.339
-867.78
91.0773
70.7315
51.346
36.6484
23.6181
11.9909
1.1548
-9.1631
-19.2044
-29.1519
-39.1765
-49.4336
-60.0687
-71.2574
-83.2617
-96.3801
-110.744
-126.421
-144.694
-169.295
-200.969
-224.291
-229.397
-364.655
-843.168
90.581
70.5661
51.2463
36.5774
23.563
11.945
1.11524
-9.19838
-19.2368
-29.1824
-39.2058
-49.462
-60.0961
-71.2842
-83.2895
-96.4111
-110.777
-126.448
-144.723
-169.387
-201.064
-223.892
-229.935
-370.224
-815.376
89.9551
70.322
51.1058
36.4774
23.4871
11.8827
1.06203
-9.24533
-19.2791
-29.2213
-39.2426
-49.4977
-60.1317
-71.3199
-83.3264
-96.4512
-110.82
-126.482
-144.758
-169.498
-201.14
-223.326
-230.781
-375.788
-784.241
89.1672
69.9733
50.9098
36.3395
23.3845
11.7998
0.991965
-9.30701
-19.3349
-29.2728
-39.291
-49.543
-60.1771
-71.3683
-83.3778
-96.5052
-110.871
-126.515
-144.794
-169.624
-201.164
-222.56
-232.051
-381.034
-749.697
88.171
69.487
50.6379
36.1501
23.2439
11.6875
0.898875
-9.38666
-19.4073
-29.3422
-39.3585
-49.6073
-60.2382
-71.4286
-83.4382
-96.5653
-110.92
-126.537
-144.823
-169.76
-201.095
-221.565
-233.843
-385.546
-711.833
86.8986
68.8113
50.2605
35.8921
23.0523
11.5331
0.769319
-9.49776
-19.5053
-29.4322
-39.4422
-49.6851
-60.3085
-71.4919
-83.4978
-96.623
-110.963
-126.545
-144.847
-169.901
-200.874
-220.323
-236.216
-388.78
-670.879
85.2716
67.883
49.7331
35.5361
22.7921
11.3292
0.602418
-9.63796
-19.6246
-29.5356
-39.5339
-49.7679
-60.3832
-71.5587
-83.5591
-96.6787
-110.995
-126.531
-144.863
-170.026
-200.421
-218.839
-239.164
-390.084
-627.242
83.2318
66.6539
49.0361
35.0727
22.4619
11.0785
0.403283
-9.80241
-19.7642
-29.6565
-39.6398
-49.8611
-60.4646
-71.6288
-83.6201
-96.7279
-111.006
-126.484
-144.864
-170.097
-199.638
-217.151
-242.578
-388.739
-581.527
80.7575
65.1037
48.1644
34.4917
22.0498
10.7665
0.157119
-10.0033
-19.9324
-29.7998
-39.763
-49.9665
-60.5524
-71.6994
-83.6759
-96.7618
-110.982
-126.39
-144.839
-170.05
-198.413
-215.321
-246.184
-384.019
-534.535
77.8198
63.19
47.0749
33.7559
21.5294
10.3738
-0.150328
-10.2514
-20.1367
-29.9703
-39.9055
-50.0836
-60.6441
-71.7659
-83.7188
-96.7667
-110.901
-126.229
-144.761
-169.782
-196.636
-213.418
-249.504
-375.296
-487.213
74.3764
60.8531
45.7094
32.8216
20.8687
9.87723
-0.535879
-10.5589
-20.3858
-30.1733
-40.0695
-50.2114
-60.7352
-71.8205
-83.7363
-96.7212
-110.735
-125.977
-144.579
-169.152
-194.22
-211.471
-251.844
-362.167
-440.58
70.3979
58.0453
44.0072
31.6404
20.0301
9.24828
-1.02051
-10.9408
-20.6896
-30.4142
-40.2562
-50.3466
-60.818
-71.8509
-83.7088
-96.5938
-110.444
-125.594
-144.204
-167.979
-191.11
-209.401
-252.329
-344.589
-395.611
65.8716
54.7356
41.9063
30.1583
18.9692
8.45285
-1.6297
-11.415
-21.0595
-30.6988
-40.4655
-50.4832
-60.8804
-71.8379
-83.6062
-96.3399
-109.98
-125.023
-143.494
-166.069
-187.288
-206.942
-250.029
-322.963
-353.111
60.814
50.9116
39.3507
28.3197
17.6369
7.45186
-2.39285
-12.0022
-21.5081
-31.0318
-40.6945
-50.6104
-60.9035
-71.7529
-83.3837
-95.8993
-109.279
-124.165
-142.248
-163.236
-182.73
-203.602
-244.147
-298.131
-313.603
55.2763
46.5834
36.2983
26.0729
15.9818
6.20269
-3.34268
-12.725
-22.0483
-31.4165
-40.9362
-50.7108
-60.8594
-71.553
-82.9782
-95.1949
-108.255
-122.872
-140.223
-159.336
-177.346
-198.708
-234.245
-271.244
-277.284
49.3403
41.786
32.7323
23.3791
13.9578
4.66381
-4.51197
-13.6054
-22.6906
-31.8514
-41.1768
-50.7578
-60.7065
-71.176
-82.3053
-94.1295
-106.782
-120.932
-137.167
-154.257
-170.917
-191.559
-220.41
-243.536
-244.064
43.1085
36.5791
28.6683
20.2216
11.5327
2.80171
-5.92827
-14.6607
-23.4401
-32.3273
-41.3919
-50.711
-60.3844
-70.5366
-81.2578
-92.5801
-104.692
-118.091
-132.859
-147.9
-163.096
-181.665
-203.265
-216.082
-213.677
36.6935
31.0462
24.1609
16.617
8.70085
0.60181
-7.60481
-15.8962
-24.2894
-32.8216
-41.5418
-50.5108
-59.8094
-69.5245
-79.7055
-90.3921
-101.768
-114.097
-127.139
-140.141
-153.529
-168.95
-183.809
-189.644
-185.831
30.2094
25.2941
19.3035
12.6244
5.49522
-1.91817
-9.52812
-17.2939
-25.2098
-33.2906
-41.5648
-50.0739
-58.8721
-68.0068
-77.498
-87.3833
-97.7844
-108.746
-119.914
-130.86
-142.033
-153.819
-163.154
-164.669
-160.3
23.7715
19.451
14.2276
8.35104
1.99912
-4.69398
-11.6433
-18.7995
-26.1403
-33.6614
-41.3715
-49.2901
-57.4414
-65.8373
-74.4748
-83.37
-92.5571
-101.939
-111.176
-120.031
-128.745
-137.035
-142.304
-141.387
-136.959
17.5
13.6665
9.09896
3.9536
-1.64767
-7.60372
-13.8413
-20.31
-26.9774
-33.8247
-40.8426
-48.0285
-55.3779
-62.8748
-70.4947
-78.2196
-86.0095
-93.7079
-101.037
-107.831
-114.14
-119.507
-122.047
-119.933
-115.763
11.5305
8.11138
4.11401
-0.365984
-5.24985
-10.4654
-15.9538
-21.6683
-27.5722
-33.6366
-39.838
-46.1545
-52.5598
-59.0176
-65.4844
-71.9119
-78.2203
-84.2502
-89.7829
-94.6797
-98.9098
-102.092
-102.954
-100.412
-96.7048
6.01862
2.97606
-0.506858
-4.37175
-8.56895
-13.0481
-17.7636
-22.6745
-27.7435
-32.9366
-38.2208
-43.5619
-48.9203
-54.2482
-59.4906
-64.5845
-69.4426
-73.9292
-77.8766
-81.1748
-83.7959
-85.4949
-85.4245
-82.9122
-79.7807
1.13932
-1.53565
-4.53259
-7.81456
-11.3495
-15.1019
-19.0367
-23.1187
-27.3133
-31.5853
-35.8987
-40.2145
-44.4891
-48.6724
-52.7089
-56.5373
-60.0824
-63.2406
-65.8912
-67.9609
-69.4521
-70.2295
-69.7214
-67.4886
-64.9666
-2.92701
-5.22542
-7.74666
-10.4658
-13.3609
-16.4058
-19.5735
-22.8347
-26.1592
-29.5149
-32.868
-36.1817
-39.4163
-42.5274
-45.4678
-48.1884
-50.6337
-52.7319
-54.4026
-55.6074
-56.3729
-56.6312
-55.9877
-54.144
-52.2026
-6.02479
-7.93375
-9.9855
-12.1622
-14.4478
-16.8228
-19.2662
-21.7551
-24.2648
-26.7691
-29.2402
-31.6484
-33.9621
-36.1474
-38.1697
-39.9949
-41.5871
-42.9008
-43.887
-44.5308
-44.8697
-44.8708
-44.2572
-42.8201
-41.3883
-8.06485
-9.58237
-11.1818
-12.8502
-14.5757
-16.3437
-18.1389
-19.9441
-21.7413
-23.5109
-25.2328
-26.8859
-28.448
-29.8965
-31.209
-32.3647
-33.3429
-34.117
-34.659
-34.9671
-35.0783
-34.9771
-34.4666
-33.3989
-32.3842
-9.06141
-10.2072
-11.3925
-12.6084
-13.8462
-15.096
-16.3469
-17.5875
-18.8054
-19.9878
-21.1215
-22.1932
-23.1891
-24.0957
-24.8999
-25.5908
-26.1575
-26.5855
-26.8594
-26.9829
-26.9872
-26.8645
-26.475
-25.7132
-25.0196
-9.14483
-9.96243
-10.7935
-11.6325
-12.4734
-13.3099
-14.1352
-14.942
-15.723
-16.4703
-17.1764
-17.8335
-18.434
-18.9705
-19.4364
-19.8263
-20.1354
-20.3558
-20.4792
-20.5107
-20.4742
-20.3655
-20.0859
-19.5607
-19.1016
-8.53696
-9.08727
-9.63766
-10.1849
-10.7254
-11.2555
-11.7711
-12.2682
-12.7428
-13.1905
-13.6074
-13.9894
-14.3326
-14.6334
-14.8887
-15.0963
-15.2541
-15.3581
-15.4037
-15.3954
-15.3507
-15.2668
-15.0751
-14.723
-14.4271
-7.49852
-7.84815
-8.19266
-8.53047
-8.85959
-9.17807
-9.48382
-9.77477
-10.0488
-10.3038
-10.5378
-10.7489
-10.9352
-11.0952
-11.2273
-11.331
-11.4056
-11.4487
-11.4579
-11.4366
-11.3969
-11.3372
-11.2102
-10.9797
-10.7932
-6.27275
-6.48303
-6.68742
-6.88534
-7.07579
-7.25784
-7.43048
-7.59275
-7.74361
-7.88213
-8.00737
-8.11849
-8.21467
-8.29521
-8.35956
-8.40762
-8.4392
-8.45314
-8.44781
-8.42573
-8.39508
-8.35476
-8.27286
-8.12461
-8.00895
-5.04687
-5.16706
-5.28243
-5.39289
-5.49796
-5.59729
-5.69042
-5.77694
-5.85637
-5.92829
-5.99229
-6.048
-6.09507
-6.13321
-6.16222
-6.1822
-6.19313
-6.19436
-6.18488
-6.16643
-6.14443
-6.11817
-6.06646
-5.97264
-5.90196
-3.93696
-4.00261
-4.06489
-4.12389
-4.17939
-4.23128
-4.27936
-4.32348
-4.36344
-4.39908
-4.4302
-4.45669
-4.47839
-4.49518
-4.507
-4.51396
-4.5161
-4.51302
-4.50407
-4.49037
-4.47547
-4.45885
-4.42667
-4.36789
-4.32496
-2.9989
-3.03312
-3.06519
-3.09526
-3.12328
-3.14925
-3.17309
-3.19477
-3.21416
-3.23117
-3.24568
-3.25763
-3.26691
-3.27349
-3.27734
-3.27858
-3.27724
-3.27313
-3.26584
-3.25612
-3.24625
-3.23594
-3.21622
-3.17986
-3.15411
-2.24278
-2.26007
-2.27611
-2.29101
-2.30473
-2.31728
-2.32862
-2.33873
-2.34756
-2.35508
-2.36125
-2.36606
-2.36947
-2.37148
-2.37208
-2.37135
-2.36933
-2.36586
-2.36069
-2.35427
-2.34803
-2.34177
-2.32979
-2.3074
-2.29192
-1.65568
-1.66394
-1.67142
-1.67825
-1.68445
-1.69007
-1.69512
-1.69959
-1.70345
-1.70667
-1.70918
-1.71095
-1.71193
-1.71213
-1.71155
-1.71024
-1.70825
-1.7055
-1.70186
-1.69762
-1.69369
-1.68995
-1.68278
-1.66918
-1.66002
-1.20904
-1.21296
-1.21649
-1.21969
-1.22255
-1.22507
-1.22724
-1.22907
-1.23056
-1.23169
-1.23246
-1.23288
-1.23293
-1.23261
-1.23192
-1.23088
-1.22949
-1.2277
-1.22539
-1.22274
-1.22032
-1.21806
-1.21372
-1.20541
-1.1999
-0.87927
-0.881005
-0.882452
-0.883675
-0.884684
-0.885529
-0.886218
-0.886782
-0.887203
-0.887486
-0.887591
-0.887514
-0.887218
-0.886711
-0.885976
-0.885047
-0.883924
-0.882595
-0.88099
-0.879242
-0.877679
-0.876279
-0.873641
-0.868588
-0.865309
-0.635657
-0.636285
-0.636806
-0.637257
-0.637621
-0.637914
-0.638112
-0.638226
-0.638236
-0.638153
-0.637962
-0.637679
-0.637291
-0.636813
-0.636237
-0.635585
-0.634848
-0.634015
-0.633032
-0.631974
-0.631044
-0.630218
-0.628656
-0.625604
-0.62363
-0.458332
-0.458557
-0.458698
-0.458791
-0.458829
-0.458842
-0.458819
-0.458774
-0.458683
-0.458546
-0.458334
-0.458053
-0.45769
-0.457268
-0.456791
-0.456295
-0.455784
-0.455261
-0.454689
-0.454104
-0.453614
-0.45319
-0.452294
-0.450466
-0.449288
-0.331175
-0.331123
-0.331054
-0.33099
-0.330917
-0.330842
-0.330743
-0.330626
-0.330475
-0.330301
-0.330095
-0.329871
-0.32962
-0.329349
-0.329049
-0.32873
-0.328385
-0.328012
-0.327585
-0.327136
-0.326744
-0.326408
-0.325809
-0.324663
-0.323926
-0.239647
-0.239513
-0.239374
-0.239256
-0.239154
-0.239076
-0.239001
-0.238921
-0.238812
-0.238666
-0.238471
-0.238234
-0.237959
-0.237666
-0.237367
-0.237087
-0.236835
-0.236607
-0.23638
-0.236155
-0.235969
-0.2358
-0.23543
-0.234696
-0.234202
-0.174924
-0.174789
-0.174635
-0.174473
-0.174288
-0.174096
-0.173893
-0.173696
-0.173496
-0.173307
-0.17311
-0.172912
-0.172694
-0.172465
-0.172214
-0.171963
-0.171711
-0.171474
-0.171234
-0.171008
-0.170821
-0.170667
-0.170416
-0.169955
-0.169645
-0.128651
-0.128465
-0.128277
-0.128114
-0.127983
-0.127897
-0.127842
-0.127808
-0.127758
-0.127672
-0.12752
-0.127306
-0.127026
-0.126715
-0.12639
-0.1261
-0.125854
-0.125666
-0.125513
-0.125391
-0.125304
-0.125222
-0.125044
-0.124711
-0.124471
-0.0953408
-0.095248
-0.0951652
-0.0950868
-0.0949919
-0.0948733
-0.0947216
-0.0945468
-0.0943576
-0.0941752
-0.0940107
-0.0938757
-0.0937638
-0.0936664
-0.0935641
-0.0934522
-0.0933214
-0.0931708
-0.0929936
-0.0928029
-0.0926306
-0.0924768
-0.0922783
-0.0920116
-0.0918301
-0.0717526
-0.071548
-0.071351
-0.0711833
-0.0710462
-0.0709475
-0.0708714
-0.0708074
-0.0707279
-0.0706206
-0.0704682
-0.0702768
-0.0700484
-0.069806
-0.0695621
-0.0693451
-0.0691638
-0.0690248
-0.068913
-0.068823
-0.0687599
-0.0687138
-0.0686234
-0.0684744
-0.0683785
-0.0549948
-0.0548748
-0.0547554
-0.0546359
-0.0545013
-0.0543567
-0.0541998
-0.0540467
-0.053902
-0.053779
-0.0536739
-0.0535866
-0.0535016
-0.0534111
-0.0533018
-0.0531786
-0.0530444
-0.0529087
-0.0527698
-0.0526337
-0.0525197
-0.052424
-0.0523146
-0.0521745
-0.0520698
-0.0435253
-0.0434236
-0.0433267
-0.0432418
-0.0431671
-0.0431071
-0.0430571
-0.0430146
-0.0429675
-0.0429077
-0.042823
-0.0427124
-0.0425741
-0.0424195
-0.0422567
-0.0421068
-0.0419788
-0.0418797
-0.0417989
-0.0417307
-0.0416794
-0.0416339
-0.0415541
-0.0414373
-0.0413395
-0.0352802
-0.0352047
-0.0351362
-0.0350779
-0.0350214
-0.0349716
-0.0349233
-0.0348827
-0.0348424
-0.0348028
-0.0347509
-0.0346847
-0.0345927
-0.0344801
-0.0343453
-0.034208
-0.0340774
-0.0339716
-0.0338881
-0.0338312
-0.0338004
-0.033787
-0.0337523
-0.0336817
-0.0336031
-0.0283029
-0.028292
-0.028286
-0.0282934
-0.028314
-0.0283527
-0.0284066
-0.0284736
-0.0285445
-0.0286105
-0.0286607
-0.02869
-0.0286963
-0.0286857
-0.0286655
-0.0286481
-0.0286409
-0.028652
-0.0286787
-0.0287202
-0.02877
-0.0288283
-0.0288775
-0.028889
-0.02886
-0.0239954
-0.0239854
-0.0239756
-0.0239763
-0.0239829
-0.0240069
-0.0240436
-0.0241003
-0.0241655
-0.0242375
-0.0242973
-0.0243415
-0.0243564
-0.0243499
-0.0243208
-0.0242868
-0.0242534
-0.0242417
-0.0242506
-0.0242886
-0.0243397
-0.0244133
-0.0244924
-0.0245199
-0.0244539
150.366
73.5414
57.4194
49.8152
39.7882
30.5718
24.0494
19.6154
16.345
13.7916
11.7769
10.1753
8.82953
7.62191
6.51428
5.50915
4.60806
3.81183
3.12687
2.54888
2.07147
1.67818
1.35444
1.09226
0.878359
0.709
0.569996
0.457305
0.364627
0.290744
0.230903
0.182589
0.143243
0.111521
0.0853712
0.0648268
0.0489802
0.0364633
0.0266784
0.0190155
0.0126839
0.00806052
0.00550418
0.00317197
0.00153822
0.00172196
0.00149628
0.00206872
0.00195125
0.00185692
150.144
73.5918
57.4176
49.8154
39.7881
30.5712
24.0507
19.6181
16.346
13.7898
11.7743
10.1737
8.82923
7.62171
6.51348
5.50807
4.60734
3.81182
3.1274
2.54972
2.07241
1.67915
1.35544
1.09333
0.879281
0.709665
0.570523
0.457782
0.365141
0.291168
0.231128
0.182521
0.143181
0.111266
0.0851605
0.0646342
0.0488933
0.0365474
0.0269469
0.0192761
0.0129111
0.0082224
0.00568229
0.00342869
0.0015632
0.00155363
0.00141283
0.0020788
0.0020544
0.00184761
149.8
73.6573
57.4108
49.8155
39.789
30.5713
24.052
19.6204
16.3469
13.7884
11.7721
10.1722
8.82883
7.62143
6.51275
5.50713
4.60672
3.81181
3.12784
2.55042
2.07319
1.67994
1.35624
1.0942
0.880023
0.710196
0.570944
0.458161
0.365546
0.291498
0.231295
0.18245
0.143116
0.111046
0.0849787
0.0644695
0.0488113
0.0366048
0.0271548
0.0194831
0.013089
0.00834871
0.00582357
0.0036352
0.0015846
0.00141806
0.00134012
0.00208552
0.00213218
0.00184069
149.356
73.7386
57.3971
49.8149
39.7907
30.5724
24.0536
19.6225
16.3478
13.7873
11.7702
10.1709
8.82828
7.62103
6.51202
5.50626
4.60613
3.81172
3.12815
2.55097
2.07381
1.68058
1.3569
1.09491
0.880632
0.710636
0.571293
0.458478
0.365888
0.291783
0.231451
0.18241
0.143079
0.110883
0.0848462
0.0643497
0.0487648
0.0366747
0.0273468
0.0196632
0.0132464
0.00846056
0.00594181
0.00380115
0.00159272
0.00130307
0.00128323
0.00209512
0.00221096
0.00183381
148.784
73.8469
57.3743
49.8128
39.7943
30.5752
24.0558
19.6246
16.3486
13.7865
11.7686
10.1695
8.82751
7.62039
6.51119
5.50538
4.60555
3.8116
3.12837
2.55139
2.0743
1.68109
1.35742
1.09547
0.881113
0.710981
0.571566
0.458724
0.366152
0.292
0.231563
0.182364
0.143038
0.11074
0.0847285
0.0642443
0.0487155
0.036719
0.0274896
0.0198022
0.0133656
0.00854467
0.00603378
0.003934
0.00160187
0.00121197
0.00123523
0.00210156
0.00226762
0.00182911
148.046
73.9933
57.34
49.8081
39.799
30.5798
24.0588
19.6268
16.3496
13.7859
11.7673
10.1682
8.82654
7.61952
6.5102
5.50443
4.6049
3.81139
3.12849
2.5517
2.07468
1.6815
1.35785
1.09595
0.881516
0.71127
0.571794
0.458935
0.36638
0.29219
0.231666
0.182332
0.143009
0.110624
0.0846331
0.0641593
0.0486804
0.0367642
0.0276182
0.0199238
0.0134713
0.00861927
0.00611374
0.00404699
0.00160798
0.00113284
0.00119709
0.00210844
0.00231986
0.00182469
147.104
74.1872
57.2907
49.7996
39.8062
30.5873
24.0632
19.6292
16.3507
13.7856
11.7662
10.1668
8.82534
7.61837
6.50904
5.50337
4.60418
3.81109
3.1285
2.5519
2.07496
1.68182
1.35818
1.09633
0.881837
0.711498
0.571974
0.459101
0.366558
0.292338
0.231742
0.182295
0.142977
0.11052
0.0845471
0.064083
0.0486418
0.0367915
0.0277147
0.0200192
0.0135527
0.00867659
0.00617803
0.0041408
0.0016163
0.00106911
0.0011642
0.00211267
0.00235704
0.00182143
145.91
74.4396
57.2221
49.7852
39.815
30.5978
24.0694
19.6322
16.3519
13.7855
11.7653
10.1656
8.824
7.617
6.50765
5.50216
4.60333
3.81067
3.1284
2.552
2.07515
1.68205
1.35845
1.09663
0.882096
0.711685
0.572123
0.459243
0.366712
0.292468
0.231813
0.182269
0.142956
0.110437
0.0844778
0.0640221
0.048615
0.0368217
0.0278043
0.0201048
0.0136264
0.00872869
0.00623499
0.0042215
0.00162205
0.00101314
0.00113776
0.00211723
0.00239247
0.00181822
144.406
74.7617
57.1278
49.7623
39.8266
30.6128
24.0785
19.6362
16.3532
13.7854
11.7646
10.1644
8.8225
7.61539
6.50608
5.50078
4.60235
3.81012
3.12818
2.55199
2.07524
1.68219
1.35863
1.09686
0.882295
0.711827
0.572236
0.459351
0.366829
0.292566
0.231863
0.18224
0.142933
0.110363
0.084416
0.0639682
0.048587
0.0368404
0.0278723
0.0201725
0.0136836
0.0087691
0.0062809
0.00428843
0.00162855
0.000967849
0.00111486
0.00212008
0.00241828
0.00181592
142.522
75.1659
57.0007
49.7264
39.8401
30.6324
24.0914
19.6419
16.3549
13.7853
11.7637
10.163
8.82086
7.6136
6.50429
5.49923
4.60121
3.80944
3.12784
2.55188
2.07525
1.68227
1.35875
1.09703
0.882442
0.711934
0.572323
0.459442
0.366927
0.292652
0.23191
0.182218
0.142917
0.110303
0.0843664
0.0639257
0.0485675
0.0368616
0.0279357
0.0202335
0.0137353
0.00880594
0.00632151
0.0043456
0.00163295
0.000927849
0.00109652
0.00212315
0.00244273
0.00181395
140.171
75.6616
56.8329
49.6709
39.8562
30.6578
24.1092
19.6505
16.3576
13.7851
11.7624
10.1612
8.81885
7.61153
6.50232
5.4975
4.59991
3.8086
3.12737
2.55165
2.07516
1.68226
1.3588
1.09715
0.882543
0.712006
0.572383
0.459505
0.366998
0.292713
0.231941
0.182194
0.1429
0.11025
0.0843221
0.0638881
0.0485471
0.0368745
0.0279837
0.0202817
0.0137753
0.00883434
0.00635404
0.0043929
0.0016377
0.000895407
0.00108066
0.00212512
0.00246053
0.00181272
137.24
76.2533
56.6187
49.5843
39.8729
30.6882
24.1325
19.6632
16.3622
13.7852
11.7606
10.1586
8.81615
7.60903
6.50006
5.49558
4.59845
3.80761
3.12677
2.55132
2.07499
1.68219
1.35879
1.0972
0.882595
0.712046
0.572419
0.459554
0.367053
0.292764
0.23197
0.182175
0.142888
0.110206
0.0842858
0.0638584
0.0485327
0.0368893
0.0280287
0.0203255
0.0138109
0.00885998
0.00638275
0.00443333
0.00164099
0.00086668
0.00106806
0.00212718
0.00247726
0.00181189
133.57
76.9257
56.359
49.4488
39.889
30.7236
24.1613
19.6807
16.3698
13.786
11.758
10.1547
8.81214
7.60563
6.49732
5.49338
4.59679
3.80647
3.12603
2.55087
2.07472
1.68204
1.35872
1.09721
0.88261
0.712057
0.572433
0.45958
0.367085
0.292795
0.231985
0.182153
0.142875
0.110167
0.0842535
0.0638321
0.0485174
0.0368977
0.0280624
0.0203598
0.0138381
0.00887958
0.00640569
0.00446691
0.00164445
0.000843241
0.00105719
0.00212849
0.00248942
0.00181161
128.944
77.6112
56.0647
49.2383
39.8976
30.7624
24.1944
19.703
16.381
13.7886
11.7553
10.1492
8.80629
7.60074
6.49362
5.49065
4.59484
3.80514
3.12514
2.5503
2.07437
1.68182
1.3586
1.09717
0.882586
0.712037
0.572423
0.459592
0.367104
0.292818
0.231998
0.182135
0.142865
0.110134
0.0842263
0.0638113
0.048506
0.0369074
0.0280941
0.0203913
0.0138621
0.00889728
0.00642605
0.00449567
0.00164709
0.000822242
0.00104867
0.0021297
0.00250044
0.00181183
123.185
78.1557
55.7446
48.9181
39.8842
30.8025
24.2301
19.7298
16.3964
13.7934
11.7527
10.1422
8.7981
7.59362
6.48831
5.48691
4.59234
3.80351
3.12406
2.5496
2.0739
1.68153
1.35843
1.0971
0.882538
0.711996
0.572393
0.459584
0.367101
0.292824
0.232001
0.182114
0.142856
0.110105
0.0842023
0.063793
0.0484937
0.0369124
0.0281174
0.0204157
0.01388
0.00891074
0.00644239
0.00451971
0.00164977
0.000804785
0.00104131
0.00213035
0.00250836
0.00181251
116.378
78.3741
55.4114
48.4559
39.8168
30.8296
24.2598
19.7569
16.4153
13.8016
11.7516
10.1345
8.78777
7.58394
6.4807
5.48151
4.5888
3.8013
3.12267
2.5487
2.07331
1.68114
1.3582
1.09698
0.882463
0.711935
0.572348
0.459564
0.367082
0.292817
0.232
0.182095
0.142848
0.11008
0.0841814
0.0637788
0.0484841
0.0369187
0.0281397
0.0204385
0.0138953
0.00892265
0.00645669
0.00454026
0.00165191
0.00078907
0.00103562
0.00213077
0.00251524
0.00181378
108.885
78.102
55.0918
47.8576
39.6796
30.836
24.2714
19.7693
16.4255
13.8062
11.7499
10.1267
8.77633
7.57221
6.47075
5.47397
4.58367
3.79809
3.12068
2.54746
2.0725
1.6806
1.35786
1.0968
0.882368
0.711867
0.572297
0.459535
0.367047
0.29279
0.231988
0.182072
0.142842
0.11006
0.0841633
0.0637667
0.0484731
0.0369216
0.0281562
0.0204561
0.013906
0.00893156
0.0064681
0.00455744
0.00165389
0.00077563
0.001031
0.00213072
0.00251994
0.0018155
101.051
77.1544
54.7689
47.1318
39.4537
30.8231
24.2733
19.7729
16.4261
13.7992
11.7371
10.1106
8.76003
7.55794
6.4591
5.46483
4.57698
3.79359
3.11781
2.54566
2.07133
1.67982
1.35735
1.09649
0.882208
0.711774
0.572245
0.459511
0.367009
0.292747
0.231965
0.182046
0.142835
0.110044
0.0841485
0.0637588
0.0484638
0.0369253
0.0281727
0.0204733
0.0139147
0.00893943
0.00647794
0.00457173
0.00165522
0.000763101
0.00102776
0.00213052
0.00252351
0.00181784
93.0769
75.3603
54.3726
46.2814
39.1061
30.7753
24.2601
19.7654
16.4209
13.7884
11.7195
10.0872
8.73475
7.53528
6.44141
5.4521
4.56837
3.78804
3.11424
2.54333
2.06973
1.6787
1.35657
1.09597
0.881916
0.711613
0.572175
0.459492
0.366978
0.292694
0.231927
0.182009
0.142822
0.110031
0.0841368
0.0637547
0.0484533
0.0369258
0.0281854
0.0204876
0.0139202
0.00894554
0.00648596
0.00458356
0.00165568
0.000751229
0.00102553
0.00213021
0.00252562
0.00182069
85.0974
72.6305
53.792
45.3087
38.6
30.6695
24.2243
19.741
16.4046
13.7698
11.695
10.0578
8.70424
7.50781
6.41874
5.43433
4.55527
3.7792
3.10873
2.54012
2.06783
1.67747
1.35565
1.09524
0.881408
0.711289
0.572026
0.459456
0.366964
0.292647
0.23188
0.181959
0.142795
0.110016
0.0841275
0.0637577
0.0484462
0.0369261
0.0281977
0.0205022
0.0139241
0.00895132
0.00649368
0.004594
0.00165514
0.000738368
0.00102392
0.00213013
0.0025269
0.00182452
77.2224
68.9638
52.8705
44.2036
37.9014
30.4723
24.1529
19.6911
16.3712
13.7396
11.6612
10.0201
8.66619
7.47385
6.39106
5.41284
4.53937
3.76797
3.10102
2.53502
2.06452
1.67541
1.35437
1.09436
0.880789
0.710833
0.571764
0.459356
0.366949
0.292617
0.231835
0.181898
0.142744
0.109989
0.0841133
0.063765
0.0484432
0.036925
0.0282068
0.020515
0.0139257
0.00895583
0.00650132
0.00460465
0.00165452
0.000723627
0.00102134
0.00213012
0.00252751
0.00182953
69.5254
64.4421
51.433
42.9317
36.98
30.1402
24.0258
19.6047
16.3124
13.693
11.6149
9.97179
8.61886
7.43214
6.35713
5.38654
4.51978
3.75405
3.09149
2.52877
2.06046
1.67275
1.35251
1.09288
0.879651
0.709986
0.571273
0.459161
0.366945
0.292641
0.231832
0.181849
0.142669
0.109935
0.0840807
0.0637697
0.0484474
0.0369275
0.0282157
0.0205277
0.0139253
0.00895844
0.00650924
0.00461752
0.00165675
0.000707001
0.00101608
0.00212913
0.00252692
0.00183657
62.0317
59.2133
49.3243
41.4258
35.8121
29.6225
23.8129
19.4659
16.2165
13.6219
11.5508
9.90906
8.5595
7.38055
6.31543
5.35421
4.49568
3.73691
3.07971
2.52102
2.05544
1.66954
1.35036
1.0912
0.878265
0.70877
0.570366
0.458607
0.366744
0.292636
0.231885
0.181868
0.142614
0.109866
0.0840192
0.0637545
0.0484511
0.0369344
0.028226
0.0205395
0.0139224
0.00895601
0.0065144
0.00463272
0.00166519
0.000691536
0.00100674
0.00212575
0.00252446
0.00184526
54.7271
53.4617
46.4509
39.5834
34.3701
28.8645
23.4716
19.2526
16.068
13.516
11.4626
9.82766
8.48498
7.31665
6.26393
5.31444
4.46606
3.7158
3.0652
2.51148
2.04928
1.66561
1.34773
1.08914
0.876547
0.707248
0.569208
0.457859
0.366417
0.29257
0.231923
0.181897
0.142558
0.10978
0.0839274
0.0637104
0.0484472
0.0369486
0.0282453
0.0205571
0.0139208
0.00894731
0.00651201
0.00464642
0.00168215
0.000682831
0.000995308
0.00211865
0.00251779
0.00185453
47.5803
47.3699
42.8054
37.288
32.6187
27.8153
22.9483
18.9346
15.8467
13.3604
11.3404
9.7209
8.39043
7.23681
6.20012
5.26526
4.4295
3.68978
3.04733
2.49968
2.04163
1.66068
1.3444
1.08654
0.874417
0.705399
0.56782
0.456963
0.366033
0.292519
0.232015
0.181984
0.142518
0.109662
0.0837713
0.0635963
0.0484013
0.0369547
0.0282756
0.0205892
0.01393
0.00893617
0.00649819
0.00465072
0.00170328
0.000685749
0.000987165
0.00210975
0.00250666
0.00186103
40.5669
41.0904
38.4681
34.4428
30.5064
26.4288
22.1813
18.4702
15.5263
13.136
11.1715
9.58042
8.27002
7.13679
6.12062
5.20438
4.3844
3.65774
3.02534
2.48511
2.03207
1.65439
1.34009
1.08321
0.871772
0.703197
0.566231
0.45598
0.365644
0.292494
0.23213
0.182073
0.142451
0.109499
0.0835607
0.0634268
0.0483153
0.0369447
0.0283095
0.0206353
0.0139547
0.0089292
0.00647395
0.00463816
0.00171912
0.000699301
0.000988726
0.00210476
0.00249316
0.00186197
33.6868
34.7385
33.5816
31.0077
27.9758
24.6659
21.1092
17.8077
15.0732
12.8178
10.9381
9.39428
8.11543
7.01056
6.02137
5.12872
4.32859
3.61814
2.99813
2.46692
2.01994
1.64627
1.33446
1.07896
0.868553
0.700662
0.56449
0.454938
0.365237
0.292442
0.232188
0.182083
0.14229
0.109253
0.0832849
0.063215
0.0482136
0.0369429
0.0283655
0.0207065
0.0140007
0.0089297
0.00643961
0.00460314
0.00171671
0.000713205
0.00100073
0.00211036
0.00248555
0.00185744
26.9707
28.4075
28.319
27.0207
24.9851
22.4945
19.6781
16.8885
14.4452
12.3751
10.6176
9.14713
7.91626
6.85086
5.89684
5.03452
4.25938
3.56905
2.96426
2.44404
2.00444
1.6357
1.32714
1.0736
0.864689
0.697801
0.56261
0.453821
0.364752
0.292269
0.232092
0.181939
0.141999
0.108926
0.0829794
0.0630129
0.0481453
0.0369821
0.0284563
0.0208019
0.0140595
0.00893132
0.00639381
0.00454686
0.00169436
0.000720279
0.00101811
0.00212763
0.00248855
0.00185209
20.4821
22.1891
22.8584
22.5931
21.5378
19.899
17.852
15.6571
13.5947
11.7717
10.182
8.81894
7.6587
6.64789
5.74035
4.91675
4.17308
3.50772
2.92169
2.41494
1.98448
1.62198
1.31771
1.06693
0.860138
0.694606
0.560562
0.452548
0.364072
0.291857
0.231753
0.181596
0.141583
0.108562
0.0827032
0.0628722
0.0481412
0.0370677
0.0285664
0.0208935
0.0141031
0.00891342
0.00632754
0.00447126
0.00165775
0.000723031
0.00104119
0.0021564
0.00250478
0.00184967
14.316
16.1911
17.3772
17.891
17.7036
16.897
15.6216
14.0732
12.4746
10.9681
9.5993
8.38555
7.3258
6.3898
5.54297
4.76908
4.06499
3.43063
2.86783
2.37778
1.95882
1.60432
1.30573
1.05874
0.854752
0.690952
0.558192
0.45095
0.363029
0.291073
0.2311
0.181055
0.14109
0.108232
0.0825197
0.0628305
0.0482053
0.0371748
0.0286554
0.0209421
0.0141018
0.0088622
0.00624155
0.00438775
0.00162365
0.000733407
0.00107337
0.00219423
0.0025284
0.00184834
8.59975
10.5468
12.0562
13.1131
13.6191
13.5589
13.0168
12.1269
11.0509
9.92774
8.83672
7.81983
6.89709
6.06154
5.29393
4.58319
3.92888
3.33312
2.79929
2.3302
1.92592
1.58178
1.29063
1.04866
0.848268
0.686587
0.555252
0.448801
0.361459
0.289835
0.230129
0.180362
0.140592
0.107996
0.082458
0.0628791
0.0482998
0.0372523
0.0286749
0.020913
0.0140436
0.00878522
0.00615622
0.00432019
0.00161044
0.000761106
0.0011152
0.00223496
0.00255199
0.00184206
3.48853
5.41497
7.08549
8.4759
9.47556
10.0176
10.1199
9.85319
9.31916
8.62774
7.86671
7.0952
6.35039
5.64616
4.97987
4.34913
3.75723
3.20963
2.71207
2.26946
1.88398
1.55317
1.27161
1.03608
0.840147
0.681051
0.551361
0.445841
0.359218
0.288112
0.22889
0.179603
0.140164
0.107891
0.0825114
0.0629764
0.0483664
0.0372463
0.028591
0.0208011
0.0139449
0.00871221
0.00610179
0.00429122
0.00163095
0.000806164
0.00115742
0.00226535
0.00256222
0.00182688
-0.847867
0.970029
2.66188
4.20324
5.49701
6.46216
7.07177
7.34208
7.31981
7.07388
6.67733
6.19221
5.66528
5.12557
4.58645
4.05527
3.54108
3.05343
2.60126
2.19211
1.83061
1.51684
1.24742
1.02004
0.829646
0.67379
0.546154
0.441885
0.356271
0.285962
0.22747
0.17884
0.139817
0.107874
0.0825989
0.0630326
0.0483332
0.0371185
0.0284005
0.0206273
0.013842
0.00867861
0.00610333
0.00431033
0.00167863
0.000853421
0.00118188
0.00227119
0.00255276
0.00180366
-4.25285
-2.62144
-1.02647
0.510659
1.916
3.11608
4.06438
4.74061
5.14842
5.31514
5.28531
5.10842
4.82984
4.48553
4.0998
3.68991
3.27091
2.85712
2.46127
2.09399
1.76275
1.4705
1.21633
0.999229
0.815778
0.664143
0.539252
0.436782
0.352601
0.283422
0.225899
0.178059
0.139482
0.107843
0.0826163
0.0629711
0.0481663
0.0368782
0.028145
0.0204495
0.013785
0.00871588
0.00616714
0.0043638
0.00173152
0.000878409
0.00117034
0.00224232
0.00252083
0.00178179
-6.6236
-5.23746
-3.83076
-2.42065
-1.05703
0.204
1.3148
2.23869
2.95259
3.45128
3.74825
3.87038
3.85061
3.72152
3.51143
3.24332
2.93759
2.61284
2.28564
1.96997
1.67643
1.41113
1.17607
0.972017
0.797466
0.65148
0.53035
0.43043
0.348193
0.280478
0.224107
0.177127
0.139
0.107641
0.0824544
0.0627468
0.0478826
0.0365845
0.0278958
0.0203227
0.0138029
0.0088222
0.00626894
0.0044163
0.00175402
0.000857598
0.00111296
0.00218317
0.00248118
0.0017746
-7.95044
-6.84014
-5.67891
-4.47932
-3.27054
-2.08932
-0.974196
0.0373165
0.911984
1.62592
2.16848
2.54263
2.76228
2.84831
2.82382
2.712
2.53493
2.31375
2.0679
1.81444
1.56705
1.33517
1.124
0.936555
0.77349
0.635059
0.519025
0.422578
0.342846
0.276922
0.221874
0.175831
0.138196
0.107166
0.0820906
0.062406
0.0475667
0.0363261
0.0277194
0.0202797
0.0138873
0.00896028
0.0063569
0.00442051
0.00171926
0.000783513
0.00102032
0.00211232
0.00245164
0.0017969
-8.33694
-7.50087
-6.60387
-5.65443
-4.66609
-3.65881
-2.65846
-1.6947
-0.798567
0.000966976
0.68073
1.22632
1.63343
1.90671
2.05818
2.10409
2.06343
1.95631
1.80292
1.62204
1.42981
1.23872
1.05718
0.890772
0.742458
0.613976
0.504674
0.412781
0.336197
0.272431
0.218916
0.17395
0.13694
0.106372
0.0815543
0.0620214
0.0472969
0.0361568
0.0276272
0.0202847
0.0139762
0.00906153
0.00637703
0.00434785
0.00162395
0.000676691
0.000923387
0.00206131
0.00245828
0.00185167
-7.98378
-7.39226
-6.74341
-6.04255
-5.2931
-4.50285
-3.68601
-2.8616
-2.05224
-1.28255
-0.577186
0.0421684
0.559242
0.965232
1.25863
1.44497
1.53514
1.54423
1.48967
1.38955
1.2609
1.11823
0.972695
0.832394
0.702664
0.586955
0.486331
0.400291
0.327654
0.266559
0.214932
0.171324
0.135193
0.105303
0.0809296
0.061671
0.0471118
0.0360638
0.0275643
0.0202659
0.0139973
0.00907463
0.00630699
0.00420797
0.00150537
0.000581857
0.000862734
0.00205339
0.00250328
0.0019252
-7.14152
-6.7476
-6.30699
-5.82288
-5.29337
-4.71892
-4.10523
-3.46203
-2.8024
-2.14266
-1.50198
-0.900777
-0.358356
0.108959
0.489976
0.779315
0.978019
1.09271
1.13476
1.11836
1.05895
0.97122
0.867862
0.75899
0.652072
0.552372
0.462749
0.384177
0.316572
0.258897
0.209694
0.167855
0.132936
0.103966
0.0802113
0.0613202
0.0469425
0.0359557
0.027436
0.0201407
0.0139031
0.00899167
0.0061752
0.0040503
0.00141404
0.000541309
0.000859908
0.00208949
0.00257374
0.00198416
-6.05496
-5.80708
-5.52499
-5.21065
-4.86021
-4.47075
-4.04304
-3.58044
-3.08855
-2.5757
-2.05344
-1.53611
-1.03994
-0.581365
-0.175506
0.16583
0.435192
0.630623
0.755319
0.817146
0.827088
0.797652
0.741124
0.668457
0.588593
0.508406
0.432486
0.363379
0.302235
0.249001
0.202957
0.163423
0.130109
0.102309
0.0793302
0.0608799
0.0466895
0.0357415
0.0271824
0.0198973
0.0137188
0.00886632
0.00604294
0.00392956
0.00138966
0.000565732
0.000901324
0.00213428
0.00262213
0.00199428
-4.92071
-4.77247
-4.60115
-4.40809
-4.1894
-3.94138
-3.6626
-3.35306
-3.01383
-2.64762
-2.25954
-1.85736
-1.45134
-1.05382
-0.678072
-0.337297
-0.0427246
0.197434
0.379335
0.503581
0.575064
0.601748
0.593373
0.55993
0.510681
0.453439
0.394158
0.336845
0.283916
0.2364
0.194413
0.157798
0.126512
0.100138
0.0781
0.0601903
0.0462387
0.0353646
0.0268023
0.01957
0.013503
0.00875748
0.00595465
0.00386254
0.00141624
0.00061968
0.000939183
0.00214468
0.00261985
0.00194157
-3.86719
-3.78242
-3.68311
-3.57025
-3.44073
-3.29129
-3.12002
-2.92564
-2.7072
-2.46441
-2.19838
-1.91194
-1.60996
-1.2994
-0.989242
-0.689801
-0.411966
-0.165685
0.0409929
0.203286
0.319995
0.393641
0.4296
0.435178
0.418307
0.38663
0.346703
0.303581
0.260801
0.220458
0.183569
0.150596
0.121843
0.0972206
0.0763566
0.059156
0.0455569
0.0348425
0.0263476
0.0192276
0.0133103
0.00869145
0.00590096
0.00381279
0.00144558
0.000649957
0.000932005
0.00209174
0.00255131
0.00184723
-2.962
-2.91541
-2.86009
-2.7968
-2.72339
-2.63746
-2.53739
-2.42178
-2.28916
-2.13818
-1.96807
-1.77895
-1.57212
-1.35037
-1.11821
-0.881915
-0.649112
-0.428381
-0.228056
-0.0554346
0.0844524
0.189323
0.259987
0.299792
0.313965
0.308597
0.28978
0.262868
0.232105
0.200472
0.169844
0.141354
0.115744
0.093298
0.0739253
0.0576772
0.0446066
0.0341763
0.0258319
0.0188669
0.0131163
0.00862037
0.00582205
0.00371694
0.00142081
0.000624053
0.000872174
0.0019977
0.00245988
0.00175326
-2.22394
-2.19915
-2.16941
-2.13529
-2.09538
-2.04807
-1.99221
-1.92667
-1.85016
-1.76128
-1.65879
-1.54176
-1.40977
-1.26319
-1.10348
-0.933353
-0.757029
-0.579945
-0.408562
-0.249559
-0.109149
0.00793369
0.0989212
0.163462
0.203366
0.222176
0.224383
0.214684
0.197351
0.175837
0.152674
0.129621
0.107885
0.0881576
0.0706796
0.0556844
0.0433508
0.0333368
0.0252199
0.0184454
0.0128632
0.00848204
0.00566369
0.00354251
0.00133957
0.000561282
0.000800561
0.00190362
0.00237721
0.00168844
-1.64647
-1.63362
-1.61797
-1.59996
-1.57878
-1.55345
-1.52327
-1.48749
-1.44519
-1.39528
-1.33662
-1.26811
-1.18883
-1.09813
-0.995905
-0.882776
-0.760311
-0.631186
-0.499139
-0.368835
-0.245366
-0.133773
-0.0382259
0.0384427
0.0952043
0.132786
0.153412
0.160244
0.156784
0.146339
0.131695
0.115027
0.0979508
0.0815474
0.0664162
0.0530069
0.0416452
0.0322
0.0244044
0.0178661
0.0124762
0.00822886
0.00541247
0.00330358
0.00123174
0.000506914
0.000760964
0.00185183
0.00233683
0.00164566
-1.20463
-1.19814
-1.1902
-1.18112
-1.17043
-1.15751
-1.14194
-1.12325
-1.10085
-1.07398
-1.04185
-1.00359
-0.958319
-0.905225
-0.843667
-0.773322
-0.69435
-0.607569
-0.514586
-0.417849
-0.320613
-0.226613
-0.139754
-0.0635006
-0.00046883
0.0479952
0.0818995
0.102483
0.111845
0.112487
0.106915
0.0973605
0.0856602
0.0731963
0.0608961
0.0494442
0.0393299
0.0306464
0.0233054
0.0170896
0.0119471
0.00787726
0.00510491
0.00304779
0.00114619
0.000494126
0.000771334
0.00182957
0.00230144
0.00158596
-0.877206
-0.873858
-0.869673
-0.864886
-0.859264
-0.852497
-0.844384
-0.834677
-0.82304
-0.809005
-0.792048
-0.771544
-0.74684
-0.717236
-0.682072
-0.640778
-0.592978
-0.5386
-0.478003
-0.412101
-0.342423
-0.271133
-0.200862
-0.134506
-0.0748154
-0.0240547
0.0163552
0.0459852
0.0653668
0.0757835
0.0789511
0.0767263
0.0708627
0.0628538
0.0538522
0.04475
0.0362054
0.028532
0.0218318
0.0160654
0.0112578
0.00743005
0.00475547
0.00278722
0.00107612
0.000505596
0.000797753
0.00180683
0.00224734
0.00148132
-0.634904
-0.633457
-0.63161
-0.629484
-0.626925
-0.623724
-0.61976
-0.614889
-0.608933
-0.601637
-0.592718
-0.581827
-0.568571
-0.552493
-0.533106
-0.509908
-0.482436
-0.450319
-0.413367
-0.371659
-0.325645
-0.276218
-0.224754
-0.17304
-0.123145
-0.0771717
-0.0369843
-0.00393405
0.0213149
0.0388208
0.0492766
0.0538119
0.0537653
0.0504768
0.0451406
0.038763
0.032134
0.0257588
0.0199235
0.0147645
0.0103948
0.00687642
0.00435237
0.00250444
0.000995279
0.000504619
0.000806124
0.00174174
0.00213494
0.00133283
-0.458018
-0.457304
-0.456402
-0.455402
-0.454243
-0.452811
-0.45105
-0.448862
-0.446141
-0.44271
-0.438394
-0.432964
-0.426185
-0.417769
-0.407422
-0.394805
-0.379582
-0.361408
-0.339986
-0.315102
-0.286698
-0.254944
-0.220314
-0.183625
-0.146039
-0.108993
-0.0740431
-0.0426771
-0.016101
0.00493518
0.0202211
0.0300569
0.0351384
0.0363967
0.034841
0.0314346
0.027014
0.0222129
0.0174748
0.013092
0.00927647
0.00614698
0.00383878
0.00215345
0.000860054
0.00046215
0.000775429
0.00164376
0.00199577
0.00117716
-0.331202
-0.330999
-0.330682
-0.330287
-0.329775
-0.32907
-0.328156
-0.326989
-0.325545
-0.323746
-0.321529
-0.318777
-0.315374
-0.311147
-0.305915
-0.299442
-0.29149
-0.281777
-0.270042
-0.256013
-0.239492
-0.220355
-0.198635
-0.17456
-0.148608
-0.121519
-0.0942677
-0.0679826
-0.0438147
-0.0227701
-0.00557603
0.00741815
0.0162565
0.0213357
0.0232864
0.0228606
0.020813
0.0178089
0.0143867
0.0109608
0.00783358
0.00519183
0.00318414
0.00171941
0.000667172
0.000379508
0.000718856
0.00151591
0.00183035
0.00103121
-0.239758
-0.239727
-0.239637
-0.23952
-0.23938
-0.239174
-0.238903
-0.238529
-0.238035
-0.23735
-0.236428
-0.235181
-0.233544
-0.231417
-0.22872
-0.22533
-0.221136
-0.215969
-0.209667
-0.202017
-0.192827
-0.181894
-0.169085
-0.154338
-0.13774
-0.119537
-0.10018
-0.0803185
-0.06074
-0.0423116
-0.0258534
-0.0120295
-0.00123281
0.00643825
0.0111809
0.013416
0.013686
0.0125707
0.0106232
0.00831517
0.00601528
0.00397387
0.00236556
0.00119273
0.000409487
0.00025651
0.000629237
0.00136884
0.0016574
0.000898277
-0.175065
-0.17514
-0.175194
-0.175243
-0.175278
-0.175262
-0.175179
-0.175006
-0.174734
-0.174342
-0.17382
-0.173143
-0.17229
-0.171216
-0.169876
-0.168192
-0.166094
-0.163473
-0.16023
-0.156228
-0.15134
-0.145402
-0.138271
-0.1298
-0.119905
-0.108563
-0.0958923
-0.0821442
-0.067741
-0.0532467
-0.0393201
-0.0266076
-0.0156777
-0.00691202
-0.000457567
0.00375537
0.00599413
0.00667038
0.0062415
0.00516087
0.00381186
0.00248269
0.00137476
0.000564393
7.61714e-05
7.28648e-05
0.000489683
0.00116619
0.00143621
0.000749732
-0.128831
-0.128954
-0.129048
-0.12913
-0.129211
-0.129271
-0.129305
-0.129292
-0.129223
-0.129073
-0.12883
-0.128472
-0.127998
-0.12739
-0.12665
-0.125752
-0.124681
-0.123384
-0.121816
-0.119877
-0.117479
-0.114481
-0.110759
-0.106154
-0.100549
-0.0938342
-0.0859879
-0.0770591
-0.0672207
-0.0567712
-0.046101
-0.0356918
-0.0260368
-0.0175664
-0.0106152
-0.00534677
-0.00172658
0.000422234
0.00140352
0.00155963
0.00123191
0.000701172
0.000181614
-0.000200502
-0.000368844
-0.0002014
0.000264196
0.000897692
0.00117129
0.000588756
-0.0954537
-0.0955497
-0.0956446
-0.0957453
-0.0958635
-0.0959787
-0.0960932
-0.0961921
-0.0962803
-0.0963377
-0.0963621
-0.0963291
-0.0962371
-0.0960643
-0.0958138
-0.0954654
-0.0950208
-0.0944467
-0.0937241
-0.092789
-0.0915896
-0.0900257
-0.0880183
-0.0854525
-0.0822476
-0.078306
-0.0735837
-0.0680466
-0.0617437
-0.0547701
-0.0473111
-0.0396307
-0.0320351
-0.0248785
-0.0184855
-0.0130882
-0.00882882
-0.00570199
-0.00360402
-0.00233294
-0.00165908
-0.00135218
-0.00122013
-0.00111612
-0.000935435
-0.000576621
-3.96217e-05
0.000563096
0.000861852
0.000420222
-0.0719624
-0.0721521
-0.0723272
-0.0724904
-0.0726486
-0.0727815
-0.0728818
-0.0729321
-0.0729348
-0.072881
-0.0727853
-0.0726501
-0.0725038
-0.0723508
-0.0722158
-0.0720847
-0.071959
-0.0717957
-0.0715708
-0.0712208
-0.0707087
-0.0699653
-0.0689503
-0.0675927
-0.065851
-0.0636557
-0.0609711
-0.0577467
-0.0539799
-0.0496726
-0.0448908
-0.0397296
-0.0343464
-0.0289441
-0.0237304
-0.0189279
-0.0147034
-0.0111773
-0.00837181
-0.00625012
-0.0047026
-0.00360047
-0.00280174
-0.00218341
-0.00163001
-0.00104925
-0.000421894
0.000185797
0.000540439
0.000263762
-0.05513
-0.0552647
-0.0554064
-0.0555512
-0.0557034
-0.0558354
-0.0559419
-0.0560075
-0.0560444
-0.0560506
-0.0560505
-0.0560497
-0.0560762
-0.0561285
-0.0562214
-0.0563311
-0.0564502
-0.0565323
-0.0565533
-0.0564586
-0.056223
-0.0558001
-0.0551757
-0.0543178
-0.0532218
-0.0518625
-0.0502364
-0.0483123
-0.0460839
-0.0435204
-0.0406289
-0.037407
-0.0339046
-0.0301825
-0.0263457
-0.022518
-0.0188416
-0.0154318
-0.0123989
-0.00979132
-0.00762674
-0.00587436
-0.00448231
-0.0033618
-0.00242918
-0.00160756
-0.000855195
-0.000212795
0.000221203
0.000122349
-0.0436354
-0.0437412
-0.0438486
-0.0439581
-0.0440784
-0.0441908
-0.0442914
-0.0443625
-0.0444072
-0.0444135
-0.0443938
-0.0443474
-0.0442999
-0.0442568
-0.0442455
-0.0442619
-0.0443206
-0.0443974
-0.0444866
-0.0445442
-0.0445487
-0.0444487
-0.0442206
-0.0438219
-0.043243
-0.0424612
-0.0414863
-0.0403131
-0.0389609
-0.0374202
-0.0357005
-0.033778
-0.0316494
-0.0292974
-0.0267327
-0.0239894
-0.0211155
-0.018205
-0.0153478
-0.012647
-0.0101852
-0.00802578
-0.00617709
-0.00463195
-0.00334613
-0.00227241
-0.00137209
-0.000652622
-0.000106602
-1.39101e-05
-0.0353767
-0.0354749
-0.0355744
-0.0356665
-0.0357465
-0.0357976
-0.035818
-0.0358053
-0.0357707
-0.0357186
-0.0356648
-0.035616
-0.0355905
-0.0355915
-0.0356344
-0.0357139
-0.0358363
-0.0359808
-0.0361367
-0.0362646
-0.0363388
-0.0363129
-0.0361644
-0.035864
-0.0354148
-0.0348197
-0.0341126
-0.0333111
-0.0324535
-0.0315396
-0.030578
-0.02953
-0.0283665
-0.0270265
-0.0254737
-0.0236704
-0.0216188
-0.019349
-0.0169266
-0.0144435
-0.0120081
-0.00970589
-0.00762225
-0.00579678
-0.00424567
-0.00296187
-0.00191569
-0.00110115
-0.000431993
-0.000146654
-0.0283146
-0.0283287
-0.0283596
-0.0283986
-0.0284488
-0.0284911
-0.0285229
-0.0285252
-0.0285001
-0.0284391
-0.0283623
-0.0282803
-0.0282283
-0.0282183
-0.0282753
-0.0283877
-0.0285515
-0.0287271
-0.0288906
-0.0289977
-0.0290321
-0.0289711
-0.028824
-0.0285954
-0.0283145
-0.027996
-0.0276698
-0.0273387
-0.0270163
-0.0266816
-0.0263254
-0.025901
-0.0253767
-0.0246914
-0.0238035
-0.0226614
-0.0212416
-0.0195386
-0.0175816
-0.0154351
-0.0131796
-0.0109262
-0.00876988
-0.0067988
-0.00507296
-0.00362367
-0.00244473
-0.00152526
-0.000730134
-0.000260739
-0.0240129
-0.0240317
-0.0240661
-0.0240978
-0.0241214
-0.0241209
-0.0240984
-0.0240451
-0.0239698
-0.0238752
-0.0237822
-0.0237044
-0.0236667
-0.0236779
-0.0237494
-0.0238712
-0.0240324
-0.0242043
-0.0243615
-0.0244727
-0.0245169
-0.0244799
-0.0243623
-0.0241733
-0.0239367
-0.0236765
-0.0234256
-0.0232004
-0.0230226
-0.0228794
-0.0227656
-0.0226341
-0.0224528
-0.0221522
-0.0216866
-0.020992
-0.0200344
-0.0187854
-0.0172529
-0.0154661
-0.0134963
-0.0114298
-0.0093688
-0.00741215
-0.00564308
-0.00412205
-0.00286387
-0.00186173
-0.000965505
-0.000341134
-489.197
-326.427
-235.172
-179.703
-137.122
-103.563
-75.4032
-51.2259
-30.011
-11.0986
6.11756
22.0686
36.9667
50.9585
64.1732
76.7358
88.7148
100.118
110.955
121.327
131.353
141.118
150.645
159.935
169.01
177.9
186.636
195.241
203.737
212.138
220.459
228.711
236.897
245.016
253.079
261.106
269.083
276.974
284.766
292.501
300.241
308.004
315.795
323.624
331.495
339.411
347.397
355.54
364.02
373.119
383.215
394.754
408.1
423.148
439.24
456.073
474.075
490.582
496.627
490.175
-489.049
-326.735
-235.309
-179.778
-137.16
-103.575
-75.3971
-51.2046
-29.976
-11.048
6.1876
22.1573
37.071
51.0772
64.3061
76.8833
88.8781
100.302
111.169
121.578
131.645
141.45
151.02
160.359
169.491
178.446
187.256
195.946
204.54
213.052
221.5
229.894
238.24
246.542
254.812
263.062
271.281
279.46
287.617
295.79
304.012
312.309
320.704
329.212
337.856
346.705
355.92
365.781
376.666
388.947
402.824
418.141
434.255
450.01
463.887
474.456
480.814
481.621
473.577
458.726
-488.265
-327.053
-235.454
-179.851
-137.195
-103.585
-75.3891
-51.1821
-29.9369
-10.9868
6.26643
22.2435
37.1619
51.1755
64.4147
77.0039
89.0126
100.457
111.358
121.802
131.898
141.726
151.313
160.672
169.825
178.806
187.642
196.36
204.982
213.525
222.001
230.422
238.794
247.125
255.427
263.699
271.927
280.116
288.302
296.534
304.839
313.234
321.742
330.399
339.29
348.58
358.53
369.447
381.565
394.876
408.982
423.053
435.933
446.366
453.223
455.825
454.441
449.997
442.209
431.845
-486.985
-327.308
-235.579
-179.907
-137.218
-103.587
-75.3749
-51.1535
-29.8894
-10.9149
6.35417
22.3364
37.2599
51.2823
64.5343
77.137
89.1573
100.614
111.536
122.012
132.144
142.013
151.647
161.061
170.282
179.341
188.269
197.092
205.833
214.51
223.139
231.731
240.293
248.837
257.376
265.906
274.425
282.945
291.503
300.142
308.895
317.798
326.908
336.324
346.205
356.752
368.134
380.366
393.18
405.955
417.774
427.607
434.575
438.149
438.235
435.248
430.263
424.551
417.927
410.126
-485.202
-327.54
-235.708
-179.963
-137.239
-103.587
-75.3583
-51.1203
-29.8354
-10.8375
6.45352
22.4556
37.3963
51.434
64.7026
77.323
89.3608
100.836
111.782
122.288
132.452
142.351
152.014
161.458
170.711
179.804
188.769
197.631
206.414
215.137
223.817
232.466
241.092
249.709
258.327
266.948
275.579
284.242
292.977
301.828
310.839
320.074
329.628
339.616
350.145
361.236
372.73
384.216
395.038
404.403
411.566
416.023
417.647
416.69
413.68
409.316
404.476
399.911
395.204
389.775
-482.795
-327.756
-235.839
-180.023
-137.26
-103.584
-75.3385
-51.0842
-29.7803
-10.7608
6.55037
22.5708
37.529
51.5851
64.8743
77.5169
89.5786
101.082
112.067
122.622
132.845
142.808
152.541
162.065
171.408
180.603
189.682
198.669
207.589
216.462
225.302
234.124
242.938
251.757
260.59
269.441
278.326
287.274
296.33
305.545
314.976
324.687
334.729
345.1
355.684
366.195
376.165
385.004
392.114
397.041
399.592
399.875
398.264
395.288
391.487
387.344
383.334
379.811
376.364
372.478
-479.659
-327.916
-235.963
-180.085
-137.282
-103.577
-75.3088
-51.035
-29.7107
-10.6661
6.67138
22.7143
37.6924
51.7682
65.0773
77.7387
89.8174
101.34
112.351
122.939
133.2
143.201
152.973
162.541
171.935
181.188
190.331
199.392
208.393
217.355
226.294
235.224
244.157
253.104
262.076
271.083
280.145
289.298
298.585
308.045
317.698
327.525
337.43
347.202
356.505
364.899
371.919
377.175
380.452
381.761
381.327
379.527
376.803
373.577
370.178
366.843
363.789
361.171
358.67
355.923
-475.799
-328.004
-236.086
-180.156
-137.31
-103.573
-75.2788
-50.9827
-29.635
-10.5618
6.80707
22.8792
37.8858
51.9918
65.3342
78.0302
90.1446
101.709
112.772
123.425
133.757
143.835
153.69
163.348
172.841
182.204
191.465
200.653
209.79
218.895
227.983
237.068
246.16
255.269
264.405
273.58
282.815
292.131
301.537
311.003
320.444
329.694
338.498
346.522
353.405
358.824
362.572
364.603
365.047
364.167
362.303
359.806
356.986
354.084
351.263
348.625
346.273
344.271
342.413
340.513
-471.232
-327.986
-236.201
-180.227
-137.336
-103.562
-75.2403
-50.9196
-29.5464
-10.4432
6.95687
23.056
38.087
52.2174
65.5855
78.3063
90.4446
102.037
113.139
123.84
134.226
144.361
154.276
164.002
173.573
183.02
192.375
201.663
210.906
220.122
229.324
238.521
247.723
256.935
266.16
275.401
284.652
293.882
303.015
311.917
320.385
328.16
334.953
340.5
344.611
347.217
348.38
348.283
347.186
345.377
343.127
340.667
338.171
335.758
333.502
331.455
329.665
328.146
326.783
325.546
-465.898
-327.782
-236.293
-180.292
-137.358
-103.544
-75.1898
-50.8385
-29.4325
-10.29
7.15178
23.2892
38.3572
52.5261
65.9352
78.6974
90.8783
102.52
113.684
124.457
134.923
145.14
155.143
164.963
174.635
184.189
193.655
203.056
212.412
221.734
231.032
240.31
249.566
258.794
267.974
277.07
286.013
294.69
302.938
310.547
317.284
322.928
327.313
330.356
332.084
332.62
332.163
330.947
329.209
327.16
324.972
322.774
320.655
318.672
316.864
315.263
313.892
312.728
311.735
311.022
-459.712
-327.292
-236.328
-180.336
-137.368
-103.517
-75.1314
-50.7507
-29.3128
-10.1321
7.34916
23.5214
38.6217
52.8236
66.2669
79.0625
91.2772
102.96
114.177
125.014
135.549
145.837
155.916
165.817
175.575
185.218
194.772
204.255
213.682
223.057
232.379
241.637
250.81
259.856
268.709
277.272
285.406
292.94
299.681
305.443
310.076
313.497
315.708
316.792
316.9
316.225
314.97
313.328
311.462
309.503
307.549
305.669
303.909
302.297
300.857
299.618
298.585
297.708
297.009
296.724
-452.563
-326.399
-236.271
-180.338
-137.352
-103.464
-75.0442
-50.6283
-29.1507
-9.92247
7.60846
23.8261
38.97
53.2163
66.7054
79.5461
91.8073
103.544
114.827
125.739
136.353
146.72
156.879
166.861
176.697
186.412
196.025
205.547
214.979
224.314
233.528
242.584
251.42
259.946
268.045
275.569
282.357
288.249
293.112
296.864
299.492
301.049
301.654
301.462
300.65
299.39
297.837
296.122
294.344
292.579
290.882
289.291
287.833
286.521
285.372
284.417
283.652
283.001
282.536
282.601
-444.314
-324.95
-236.068
-180.278
-137.307
-103.391
-74.9434
-50.4958
-28.9807
-9.70655
7.87184
24.1321
39.3162
53.6027
67.1324
80.0124
92.3143
104.1
115.442
126.419
137.099
147.531
157.75
167.786
177.663
187.4
197.004
206.471
215.785
224.91
233.793
242.353
250.487
258.068
264.954
271.008
276.108
280.178
283.191
285.184
286.246
286.505
286.114
285.228
283.993
282.532
280.95
279.326
277.72
276.175
274.724
273.39
272.188
271.126
270.218
269.498
268.953
268.488
268.216
268.573
-434.812
-322.754
-235.637
-180.107
-137.197
-103.268
-74.7961
-50.3155
-28.7586
-9.43283
8.19908
24.508
39.7383
54.0702
67.6444
80.5665
92.9112
104.746
116.143
127.178
137.911
148.385
158.633
168.677
178.533
188.204
197.68
206.936
215.923
224.575
232.801
240.488
247.514
253.754
259.102
263.481
266.861
269.26
270.748
271.432
271.443
270.92
269.998
268.799
267.425
265.958
264.462
262.987
261.567
260.23
258.995
257.878
256.889
256.032
255.322
254.794
254.43
254.118
254.003
254.604
-423.881
-319.594
-234.88
-179.779
-137.007
-103.094
-74.6146
-50.1102
-28.5173
-9.14433
8.53662
24.8897
40.1607
54.5314
68.1416
81.096
93.4723
105.341
116.774
127.839
138.589
149.058
159.271
169.24
178.964
188.424
197.587
206.394
214.769
222.616
229.826
236.288
241.904
246.601
250.344
253.141
255.043
256.14
256.546
256.385
255.784
254.858
253.708
252.419
251.057
249.676
248.314
247.003
245.764
244.615
243.57
242.64
241.832
241.149
240.605
240.237
240.025
239.843
239.861
240.665
-411.318
-315.218
-233.648
-179.206
-136.68
-102.824
-74.36
-49.8421
-28.2184
-8.8013
8.92578
25.3199
40.6273
55.03
68.6665
81.6402
94.0311
105.91
117.346
128.395
139.1
149.485
159.56
169.319
178.737
187.772
196.36
204.42
211.858
218.576
224.483
229.512
233.622
236.814
239.126
240.632
241.431
241.635
241.36
240.719
239.809
238.715
237.509
236.244
234.964
233.704
232.487
231.335
230.261
229.278
228.397
227.626
226.972
226.435
226.031
225.799
225.715
225.642
225.77
226.746
-396.907
-309.365
-231.77
-178.292
-136.168
-102.44
-74.0306
-49.5234
-27.8857
-8.43885
9.32047
25.7415
41.0693
55.4848
69.124
82.0888
94.459
106.303
117.681
128.637
139.198
149.374
159.152
168.506
177.385
185.725
193.446
200.464
206.697
212.08
216.574
220.172
222.901
224.823
226.022
226.601
226.668
226.327
225.677
224.801
223.773
222.649
221.477
220.294
219.127
217.998
216.925
215.921
214.997
214.161
213.423
212.791
212.27
211.858
211.575
211.459
211.485
211.505
211.728
212.844
-380.43
-301.771
-229.016
-176.891
-135.379
-101.878
-73.5804
-49.119
-27.4927
-8.03787
9.73254
26.1584
41.4814
55.8792
69.484
82.3943
94.6865
106.422
117.648
128.392
138.663
148.449
157.718
166.421
174.494
181.866
188.468
194.24
199.142
203.165
206.326
208.677
210.292
211.261
211.686
211.666
211.296
210.662
209.836
208.878
207.84
206.759
205.668
204.59
203.544
202.546
201.608
200.74
199.949
199.244
198.632
198.121
197.715
197.413
197.234
197.218
197.337
197.437
197.74
198.973
-361.715
-292.211
-225.135
-174.842
-134.214
-101.083
-72.9853
-48.6271
-27.0561
-7.63209
10.1117
26.5034
41.778
56.1072
69.6171
82.4001
94.5246
106.04
116.977
127.343
137.129
146.302
154.818
162.62
169.651
175.859
181.209
185.687
189.308
192.112
194.165
195.548
196.356
196.682
196.62
196.254
195.658
194.895
194.017
193.067
192.078
191.078
190.088
189.125
188.202
187.329
186.517
185.773
185.104
184.517
184.017
183.614
183.31
183.105
183.017
183.088
183.288
183.457
183.829
185.154
-340.682
-280.513
-219.842
-171.936
-132.528
-99.9632
-72.1864
-48.0149
-26.5649
-7.23032
10.4297
26.7273
41.8872
56.0714
69.3965
81.945
93.7731
104.915
115.382
125.166
134.242
142.572
150.113
156.824
162.675
167.654
171.771
175.063
177.586
179.416
180.637
181.341
181.618
181.551
181.216
180.677
179.989
179.199
178.342
177.449
176.542
175.641
174.761
173.913
173.109
172.355
171.661
171.031
170.473
169.992
169.594
169.288
169.075
168.956
168.949
169.096
169.365
169.595
170.024
171.42
-317.419
-266.604
-212.871
-167.956
-130.166
-98.4213
-71.1331
-47.269
-26.0373
-6.87988
10.6107
26.7254
41.6731
55.6021
68.6162
80.7844
92.1484
102.727
112.518
121.506
129.666
136.97
143.397
148.941
153.61
157.438
160.475
162.791
164.466
165.587
166.24
166.51
166.471
166.191
165.728
165.13
164.436
163.679
162.885
162.076
161.267
160.473
159.705
158.972
158.282
157.641
157.057
156.534
156.078
155.695
155.391
155.173
155.044
155.002
155.067
155.281
155.61
155.892
156.37
157.816
-292.232
-250.527
-204.002
-162.676
-126.944
-96.3334
-69.7522
-46.3599
-25.4825
-6.62577
10.5751
26.3827
40.9847
54.5121
67.053
78.6625
89.37
99.1859
108.107
116.124
123.229
129.422
134.716
139.144
142.753
145.609
147.787
149.372
150.447
151.097
151.396
151.415
151.214
150.844
150.347
149.76
149.11
148.422
147.715
147.004
146.301
145.617
144.96
144.338
143.758
143.225
142.745
142.322
141.963
141.671
141.453
141.317
141.264
141.293
141.423
141.695
142.075
142.404
142.921
144.397
-265.658
-232.477
-193.128
-155.913
-122.691
-93.5796
-67.977
-45.2717
-24.9309
-6.54107
10.2092
25.5469
39.6339
52.5815
64.4632
75.3244
85.1906
94.0757
101.989
108.943
114.959
120.071
124.327
127.79
130.534
132.64
134.192
135.272
135.959
136.323
136.426
136.324
136.063
135.681
135.21
134.677
134.102
133.503
132.895
132.29
131.696
131.122
130.575
130.062
129.588
129.158
128.777
128.45
128.181
127.976
127.839
127.779
127.796
127.89
128.078
128.401
128.825
129.193
129.742
131.228
-238.407
-212.802
-180.293
-147.56
-117.269
-90.0463
-65.74
-43.9867
-24.4123
-6.69964
9.39973
24.0713
37.4485
49.6248
60.664
70.6101
79.4961
87.3515
94.2092
100.11
105.106
109.26
112.646
115.344
117.437
119.009
120.138
120.898
121.356
121.568
121.585
121.448
121.193
120.849
120.44
119.986
119.503
119.005
118.503
118.006
117.522
117.057
116.619
116.211
115.839
115.508
115.222
114.986
114.804
114.68
114.62
114.631
114.713
114.866
115.107
115.474
115.934
116.334
116.907
118.384
-211.253
-191.999
-165.736
-137.638
-110.617
-85.6643
-62.9982
-42.5007
-23.9629
-7.17356
8.04647
21.8383
34.3086
45.5374
55.5864
64.5074
72.3494
79.1642
85.0104
89.9547
94.0721
97.4434
100.153
102.285
103.922
105.138
106.004
106.581
106.923
107.075
107.077
106.96
106.753
106.477
106.151
105.791
105.41
105.018
104.624
104.236
103.861
103.503
103.17
102.865
102.592
102.356
102.162
102.013
101.913
101.866
101.878
101.954
102.096
102.303
102.59
102.994
103.482
103.908
104.497
105.948
-184.909
-170.674
-149.874
-126.33
-102.787
-80.429
-59.7389
-40.8141
-23.6018
-7.99674
6.11081
18.8192
30.2123
40.3624
49.3352
57.1954
64.01
69.8515
74.798
78.9327
82.3416
85.111
87.325
89.0628
90.3975
91.3947
92.1123
92.6003
92.9017
93.0527
93.0839
93.021
92.8851
92.6941
92.463
92.204
91.9276
91.6427
91.3569
91.0765
90.8074
90.5545
90.3225
90.1157
89.938
89.7934
89.6858
89.619
89.5965
89.6222
89.7008
89.8373
90.0335
90.288
90.6147
91.048
91.5568
92.0023
92.599
94.0052
-159.939
-149.475
-133.267
-113.983
-93.9669
-74.4256
-55.9952
-38.9338
-23.3195
-9.14149
3.6474
15.108
25.3058
34.309
42.189
49.0214
54.887
59.8705
64.0595
67.5422
70.4051
72.7307
74.5957
76.07
77.2158
78.0878
78.7334
79.1928
79.5006
79.6856
79.7723
79.781
79.7289
79.6304
79.4977
79.341
79.1691
78.9895
78.8086
78.6321
78.465
78.3117
78.1764
78.063
77.9751
77.9163
77.8901
77.9
77.9493
78.0413
78.1804
78.3711
78.6148
78.91
79.2694
79.7246
80.2457
80.7035
81.299
82.6453
-136.737
-129.014
-116.54
-101.069
-84.4629
-67.8267
-51.8423
-36.8638
-23.0617
-10.4984
0.823031
10.9329
19.8818
27.7332
34.5607
40.4448
45.4705
49.7252
53.2959
56.2666
58.717
60.7205
62.3434
63.6449
64.6766
65.4832
66.1033
66.5695
66.9094
67.1464
67.3002
67.3876
67.4225
67.4169
67.3809
67.3232
67.2514
67.1718
67.0901
67.0112
66.9396
66.8793
66.8339
66.8071
66.8021
66.822
66.8702
66.9497
67.0634
67.2145
67.4067
67.644
67.9274
68.2556
68.6398
69.1084
69.6335
70.096
70.682
71.9538
-115.544
-109.799
-100.29
-88.1086
-74.6585
-60.8698
-47.3893
-34.6039
-22.7342
-11.889
-2.10667
6.61974
14.3269
21.0711
26.9217
31.9557
36.2541
39.8979
42.9663
45.5336
47.6689
49.4343
50.8852
52.0705
53.0322
53.8069
54.4255
54.9146
55.2968
55.5909
55.8133
55.9776
56.0957
56.1774
56.2316
56.2655
56.2856
56.2975
56.3062
56.316
56.331
56.3545
56.3901
56.4407
56.5095
56.5992
56.7127
56.8527
57.022
57.2232
57.4595
57.7344
58.0488
58.4011
58.8014
59.2747
59.7951
60.2544
60.8225
62.0075
-96.4885
-92.196
-85.0134
-75.5899
-64.9452
-53.8146
-42.7604
-32.1524
-22.2232
-13.1027
-4.8498
2.52545
9.04656
14.759
19.7223
24.0035
27.6728
30.8001
33.4523
35.6918
37.5756
39.1546
40.474
41.5731
42.4861
43.2424
43.8672
44.3819
44.8048
45.1517
45.436
45.669
45.8606
46.0193
46.1525
46.2665
46.3669
46.4586
46.546
46.6328
46.7226
46.8186
46.9236
47.0404
47.1718
47.3202
47.4881
47.6781
47.8923
48.1331
48.4032
48.7058
49.0413
49.4081
49.8151
50.284
50.7911
51.2395
51.782
52.8703
-79.6109
-76.4219
-71.0606
-63.8984
-55.6607
-46.9022
-38.0801
-29.5172
-21.4307
-13.9516
-7.1472
-1.03868
4.38527
9.15745
13.3242
16.9391
20.0588
22.7393
25.0345
26.9942
28.6639
30.084
31.2907
32.3151
33.1846
33.9227
34.5496
35.0829
35.5374
35.926
36.2597
36.5481
36.7994
37.0208
37.2187
37.3984
37.5647
37.7219
37.8737
38.0235
38.1744
38.329
38.4901
38.6599
38.841
39.0354
39.2453
39.473
39.7202
39.9891
40.2819
40.6012
40.9473
41.3187
41.7228
42.1785
42.6639
43.094
43.6039
44.5885
-64.8839
-62.5606
-58.6258
-53.2852
-47.0496
-40.3233
-33.4604
-26.7243
-20.3017
-14.3122
-8.82269
-3.86052
0.575484
4.50576
7.96307
10.987
13.62
15.9049
17.8827
19.5919
21.0674
22.3408
23.44
24.3895
25.2109
25.9227
26.5411
27.0801
27.5519
27.9668
28.334
28.6614
28.9557
29.2231
29.4689
29.6976
29.9133
30.1197
30.32
30.5171
30.7136
30.9119
31.1142
31.3226
31.5392
31.7659
32.0046
32.2569
32.5248
32.8096
33.1135
33.4386
33.7848
34.1509
34.5431
34.9771
35.4336
35.8387
36.3101
37.1876
-52.2249
-50.5901
-47.7693
-43.8715
-39.2554
-34.2086
-28.9955
-23.8211
-18.8366
-14.1442
-9.80485
-5.84826
-2.28055
0.90838
3.73933
6.23926
8.43829
10.3672
12.0562
13.5336
14.8257
15.9562
16.9464
17.8151
18.579
19.2526
19.8486
20.3781
20.8507
21.2749
21.6581
22.0067
22.3263
22.6219
22.8979
23.1582
23.4061
23.6449
23.877
24.1051
24.3314
24.5578
24.7863
25.0187
25.2567
25.5019
25.7559
26.0202
26.2963
26.5855
26.8894
27.2097
27.5463
27.8981
28.2701
28.6753
29.0968
29.4713
29.8997
30.6697
-41.5086
-40.4159
-38.4549
-35.6788
-32.339
-28.6367
-24.7641
-20.8753
-17.0882
-13.4856
-10.1204
-7.0215
-4.19949
-1.65184
0.632874
2.67156
4.4842
6.09193
7.51591
8.77643
9.89253
10.8816
11.7596
12.5405
13.2369
13.8601
14.4197
14.9245
15.3821
15.799
16.1812
16.5338
16.8614
17.168
17.4572
17.7322
17.9959
18.2506
18.4988
18.7423
18.9831
19.2229
19.4633
19.7057
19.9516
20.2025
20.4595
20.724
20.9972
21.2801
21.574
21.8803
22.199
22.5287
22.8737
23.2446
23.6265
23.9663
24.3491
25.0146
-32.5775
-31.8985
-30.5867
-28.6635
-26.3042
-23.6475
-20.831
-17.9674
-15.1458
-12.4315
-9.86834
-7.48261
-5.28685
-3.28345
-1.46757
0.17027
1.64244
2.96266
4.1452
5.204
6.15244
7.00296
7.767
8.45492
9.07608
9.63879
10.1505
10.6177
11.0464
11.4416
11.8081
12.1497
12.4701
12.7726
13.06
13.3348
13.5994
13.8557
14.1056
14.3508
14.5928
14.8329
15.0725
15.3129
15.5552
15.8005
16.05
16.3047
16.5655
16.8333
17.1092
17.3942
17.6882
17.99
18.303
18.6358
18.9755
19.2781
19.6143
20.1806
-25.2535
-24.8747
-24.038
-22.746
-21.1204
-19.2557
-17.2485
-15.1799
-13.116
-11.1068
-9.18747
-7.38089
-5.69974
-4.14906
-2.72824
-1.43284
-0.255863
0.811063
1.77708
2.65143
3.4432
4.16098
4.81285
5.40618
5.94775
6.44364
6.89936
7.31978
7.70933
8.0719
8.41103
8.72979
9.03101
9.31717
9.59054
9.8531
10.1067
10.3528
10.593
10.8286
11.0609
11.2909
11.5196
11.7482
11.9776
12.2087
12.4423
12.6794
12.9207
13.1668
13.4187
13.6771
13.9418
14.212
14.4901
14.7829
15.0796
15.3441
15.6344
16.1092
-19.3453
-19.1711
-18.6682
-17.8294
-16.738
-15.4575
-14.055
-12.5878
-11.1041
-9.64141
-8.22734
-6.88086
-5.6137
-4.43197
-3.33744
-2.32886
-1.40281
-0.554563
0.221414
0.930959
1.58003
2.17436
2.71949
3.22054
3.68228
4.10904
4.5048
4.87311
5.21723
5.54002
5.84413
6.13188
6.4054
6.66658
6.91716
7.15866
7.3925
7.61988
7.84197
8.05982
8.27438
8.48653
8.69713
8.90697
9.11685
9.32749
9.5396
9.75383
9.9708
10.1911
10.4153
10.644
10.8771
11.1137
11.3559
11.6087
11.8633
12.0905
12.337
12.7292
-14.6572
-14.6115
-14.3324
-13.8078
-13.0944
-12.2339
-11.2723
-10.2496
-9.20033
-8.15212
-7.12611
-6.13758
-5.19668
-4.30955
-3.47908
-2.70581
-1.98854
-1.32495
-0.711922
-0.145955
0.376684
0.859699
1.30676
1.7213
2.10662
2.46571
2.80137
3.11611
3.41227
3.69194
3.95703
4.20925
4.45018
4.68122
4.90368
5.11869
5.32734
5.53054
5.72919
5.92408
6.11596
6.30551
6.49338
6.68022
6.86665
7.05322
7.24051
7.42902
7.61924
7.81159
8.00657
8.20462
8.40556
8.60868
8.8155
9.02998
9.24473
9.43645
9.64243
9.96195
-10.9955
-11.0224
-10.8854
-10.5711
-10.1173
-9.55111
-8.90355
-8.20217
-7.47128
-6.73098
-5.99708
-5.2815
-4.59263
-3.93604
-3.31491
-2.73069
-2.18342
-1.67224
-1.1956
-0.751543
-0.337847
0.0477734
0.407671
0.744086
1.05921
1.35506
1.63357
1.89646
2.14538
2.38178
2.60705
2.8224
3.02899
3.22781
3.41984
3.60592
3.78685
3.96331
4.13596
4.30541
4.47224
4.63693
4.80002
4.96199
5.12332
5.28444
5.4458
5.60779
5.77078
5.93509
6.1011
6.26913
6.43899
6.61012
6.78362
6.96247
7.14069
7.29989
7.46939
7.72615
-8.17755
-8.23898
-8.18656
-8.00747
-7.72677
-7.36165
-6.93277
-6.45881
-5.9567
-5.44074
-4.92255
-4.41119
-3.91334
-3.43372
-2.97533
-2.53994
-2.12821
-1.74011
-1.37501
-1.03196
-0.709708
-0.40692
-0.122146
0.146015
0.398986
0.638079
0.864583
1.07966
1.28443
1.47989
1.66702
1.84666
2.01961
2.18662
2.34837
2.50546
2.65848
2.80792
2.95428
3.098
3.23951
3.37918
3.51741
3.65455
3.791
3.92706
4.06308
4.19936
4.33617
4.47377
4.61242
4.75236
4.89341
5.0351
5.17826
5.32507
5.47073
5.60091
5.7384
5.9421
-6.03686
-6.10926
-6.10337
-6.00786
-5.83924
-5.60823
-5.32843
-5.01234
-4.67155
-4.31612
-3.95442
-3.59318
-3.23754
-2.8913
-2.5571
-2.23663
-1.93082
-1.64003
-1.36418
-1.10288
-0.855516
-0.621354
-0.399546
-0.189254
0.0104135
0.20028
0.381186
0.553883
0.719125
0.877579
1.02991
1.17668
1.31848
1.4558
1.58913
1.71891
1.84554
1.96938
2.09079
2.21008
2.32757
2.44354
2.55827
2.67204
2.78513
2.89779
3.01027
3.12279
3.23556
3.34876
3.46258
3.57719
3.69243
3.80792
3.92424
4.043
4.16038
4.26531
4.37533
4.53499
-4.42941
-4.49948
-4.51618
-4.47005
-4.37193
-4.22839
-4.04826
-3.83982
-3.61092
-3.36852
-3.11855
-2.8659
-2.61441
-2.36708
-2.12602
-1.89275
-1.6682
-1.45291
-1.24703
-1.05053
-0.863138
-0.684509
-0.514174
-0.351661
-0.196435
-0.0479996
0.0941768
0.230567
0.361663
0.487896
0.609713
0.727495
0.841635
0.95247
1.06035
1.16556
1.26839
1.3691
1.46793
1.56511
1.66088
1.75541
1.84894
1.94165
2.03376
2.12545
2.21691
2.30828
2.39975
2.49141
2.58343
2.6759
2.76869
2.86148
2.9547
3.04949
3.14285
3.22634
3.31327
3.437
-3.23326
-3.29488
-3.32029
-3.30194
-3.24696
-3.15931
-3.04471
-2.90857
-2.75616
-2.59222
-2.4209
-2.24569
-2.06941
-1.89431
-1.72205
-1.5539
-1.39068
-1.23294
-1.08095
-0.934833
-0.794529
-0.659911
-0.530743
-0.406785
-0.287725
-0.173282
-0.0631299
0.0430179
0.145476
0.244517
0.340432
0.43347
0.523894
0.611929
0.69781
0.781733
0.863902
0.944478
1.02364
1.10155
1.17837
1.25423
1.32928
1.40368
1.47758
1.5511
1.62437
1.69753
1.77067
1.84389
1.91727
1.9909
2.06465
2.13826
2.21204
2.2868
2.36018
2.42581
2.49371
2.58857
-2.35062
-2.40158
-2.42809
-2.42432
-2.39495
-2.34235
-2.27017
-2.18196
-2.08119
-1.97108
-1.85447
-1.73383
-1.61118
-1.48817
-1.36608
-1.24589
-1.12828
-1.01377
-0.902638
-0.79507
-0.691104
-0.590737
-0.493868
-0.400392
-0.310142
-0.222967
-0.138675
-0.0571025
0.0219482
0.0986403
0.173163
0.245672
0.31634
0.385312
0.452746
0.51877
0.583522
0.647108
0.709653
0.77126
0.832046
0.892102
0.95154
1.01046
1.06898
1.12718
1.18516
1.24301
1.30079
1.35858
1.41642
1.47437
1.53233
1.59008
1.64784
1.70616
1.76324
1.81427
1.86674
1.93876
-1.70304
-1.74359
-1.76765
-1.77083
-1.75622
-1.72524
-1.68021
-1.62343
-1.55719
-1.48365
-1.40474
-1.32217
-1.23737
-1.15153
-1.0656
-0.980317
-0.896234
-0.813772
-0.733192
-0.654692
-0.57835
-0.504221
-0.432278
-0.362492
-0.294779
-0.229072
-0.16526
-0.103256
-0.0429406
0.0157796
0.0730245
0.128887
0.18348
0.236892
0.289228
0.340568
0.391004
0.440602
0.489448
0.537607
0.585162
0.632174
0.67872
0.724872
0.770709
0.816293
0.861691
0.906956
0.952143
0.997286
1.04243
1.08759
1.13269
1.17756
1.22234
1.26741
1.31138
1.35068
1.39085
1.445
-1.23061
-1.26189
-1.28207
-1.28792
-1.2815
-1.26362
-1.23578
-1.19945
-1.15612
-1.10725
-1.05411
-0.997905
-0.939599
-0.880056
-0.819945
-0.759832
-0.700127
-0.641171
-0.58318
-0.526335
-0.470725
-0.416424
-0.363441
-0.31179
-0.261434
-0.212351
-0.164483
-0.117789
-0.0721994
-0.0276652
0.015888
0.058512
0.100279
0.141241
0.181465
0.220999
0.259904
0.298217
0.335998
0.373286
0.410139
0.446596
0.482712
0.518533
0.554116
0.5895
0.624732
0.659845
0.694875
0.729842
0.764774
0.799674
0.834477
0.869051
0.903484
0.938027
0.971615
1.00162
1.03209
1.07246
-0.887011
-0.910656
-0.92683
-0.933185
-0.931097
-0.921056
-0.904004
-0.880897
-0.852699
-0.820368
-0.78476
-0.746681
-0.706799
-0.665719
-0.623911
-0.581791
-0.539661
-0.497784
-0.456331
-0.415455
-0.375236
-0.335753
-0.297028
-0.259092
-0.221935
-0.18556
-0.149938
-0.115057
-0.0808764
-0.0473756
-0.0145089
0.0177493
0.0494439
0.0806017
0.111266
0.141463
0.171231
0.200591
0.229582
0.258228
0.286568
0.314625
0.342438
0.370036
0.397459
0.424729
0.451878
0.478926
0.505894
0.532792
0.559637
0.586424
0.613098
0.639555
0.665846
0.692133
0.717606
0.740339
0.763281
0.793117
-0.638366
-0.655846
-0.668311
-0.674102
-0.674125
-0.66867
-0.65833
-0.643719
-0.625454
-0.604166
-0.580415
-0.554746
-0.527607
-0.499419
-0.470508
-0.441173
-0.411629
-0.382074
-0.352636
-0.323438
-0.294545
-0.266028
-0.237913
-0.210238
-0.183004
-0.156228
-0.129897
-0.104016
-0.078563
-0.0535325
-0.0288975
-0.00464907
0.0192408
0.0427831
0.0660059
0.0889201
0.111551
0.133908
0.156016
0.17789
0.199554
0.221023
0.242321
0.263465
0.284483
0.305387
0.326196
0.34692
0.367573
0.388156
0.408679
0.429131
0.449467
0.469603
0.489566
0.509453
0.528652
0.545763
0.562911
0.58478
-0.458821
-0.47154
-0.4809
-0.485737
-0.486658
-0.483832
-0.477632
-0.468449
-0.456675
-0.442723
-0.426956
-0.409739
-0.391368
-0.372133
-0.352254
-0.331944
-0.31135
-0.290617
-0.269839
-0.249108
-0.228477
-0.208005
-0.187717
-0.167649
-0.147809
-0.12822
-0.108876
-0.0897909
-0.070952
-0.0523638
-0.03401
-0.0158908
0.00201125
0.0196981
0.0371876
0.0544823
0.0715983
0.0885378
0.105318
0.121943
0.138431
0.154788
0.171029
0.187164
0.203211
0.219173
0.235062
0.250883
0.266642
0.282336
0.297968
0.313525
0.328968
0.34423
0.359323
0.374296
0.388691
0.401499
0.414233
0.430129
-0.329592
-0.338711
-0.345569
-0.349387
-0.35056
-0.349191
-0.345511
-0.339771
-0.332216
-0.323115
-0.3127
-0.301214
-0.28885
-0.275803
-0.262219
-0.248245
-0.233979
-0.219527
-0.20495
-0.190322
-0.175678
-0.16107
-0.146515
-0.132049
-0.11768
-0.103431
-0.0893017
-0.0753067
-0.0614393
-0.0477084
-0.0341033
-0.0206295
-0.00727562
0.00595486
0.0190734
0.0320773
0.0449766
0.0577685
0.0704639
0.0830624
0.0955756
0.108003
0.120357
0.132639
0.14486
0.157021
0.169128
0.18118
0.193179
0.20512
0.217001
0.228808
0.240507
0.252044
0.263419
0.274653
0.2854
0.29494
0.30434
0.315795
-0.236953
-0.243298
-0.248155
-0.251009
-0.252101
-0.251493
-0.249323
-0.245751
-0.240926
-0.235023
-0.228188
-0.220579
-0.212317
-0.203534
-0.194321
-0.184778
-0.174968
-0.164965
-0.15481
-0.144557
-0.134232
-0.123875
-0.1135
-0.103137
-0.0927933
-0.0824899
-0.072227
-0.0620195
-0.0518631
-0.0417677
-0.0317261
-0.0217461
-0.0118202
-0.0019549
0.00785689
0.0176091
0.027308
0.0369475
0.0465346
0.0560657
0.0655483
0.0749792
0.0843659
0.093707
0.10301
0.11227
0.121493
0.130671
0.139807
0.14889
0.157917
0.166872
0.175728
0.184438
0.192998
0.201406
0.209405
0.216486
0.223388
0.231565
-0.170444
-0.174875
-0.178299
-0.18038
-0.181288
-0.181063
-0.179792
-0.177578
-0.174512
-0.170708
-0.166252
-0.161249
-0.155771
-0.149903
-0.1437
-0.13723
-0.13053
-0.123652
-0.116622
-0.10948
-0.102242
-0.0949416
-0.087587
-0.0802038
-0.0727957
-0.0653817
-0.057961
-0.0505472
-0.0431365
-0.0357389
-0.028349
-0.0209757
-0.0136138
-0.0062719
0.00105478
0.0083581
0.0156422
0.0228994
0.0301348
0.0373429
0.0445291
0.0516886
0.0588264
0.0659386
0.0730295
0.0800931
0.0871301
0.0941334
0.101101
0.108022
0.114892
0.121694
0.128404
0.134986
0.141427
0.147715
0.153658
0.158898
0.163941
0.169716
-0.123539
-0.126431
-0.128666
-0.130063
-0.1307
-0.130609
-0.129834
-0.128443
-0.126487
-0.124037
-0.121141
-0.117867
-0.114253
-0.110355
-0.106203
-0.101842
-0.0972927
-0.0925923
-0.0877546
-0.0828102
-0.0777683
-0.0726538
-0.0674716
-0.0622418
-0.0569654
-0.0516578
-0.046317
-0.0409547
-0.035567
-0.0301636
-0.02474
-0.0193055
-0.0138563
-0.00840155
-0.00293772
0.00252664
0.00799468
0.0134587
0.0189227
0.0243807
0.0298366
0.0352846
0.0407279
0.0461608
0.051585
0.0569929
0.0623834
0.0677478
0.0730827
0.0783774
0.0836254
0.0888109
0.0939135
0.0989009
0.103759
0.108466
0.11288
0.116753
0.12042
0.124447
-0.0900427
-0.0918964
-0.093319
-0.0942108
-0.0946176
-0.0945625
-0.0940693
-0.0931815
-0.0919246
-0.0903445
-0.088465
-0.0863281
-0.0839532
-0.0813763
-0.0786114
-0.0756891
-0.072619
-0.069427
-0.0661197
-0.0627195
-0.0592301
-0.0556705
-0.0520418
-0.0483597
-0.0446227
-0.0408434
-0.0370181
-0.0331569
-0.0292555
-0.0253225
-0.0213535
-0.0173573
-0.0133302
-0.00928094
-0.00520623
-0.00111425
0.00299799
0.00712293
0.0112639
0.0154144
0.0195773
0.0237457
0.0279214
0.0320972
0.0362733
0.0404411
0.0445986
0.0487364
0.0528507
0.0569308
0.0609696
0.0649512
0.0688574
0.0726602
0.0763426
0.0798791
0.0831635
0.0860283
0.0886838
0.0914461
-0.0660984
-0.0672553
-0.0681312
-0.068666
-0.0688959
-0.068838
-0.0685046
-0.0679241
-0.0671081
-0.0660854
-0.0648662
-0.0634765
-0.0619241
-0.0602318
-0.0584047
-0.0564629
-0.0544094
-0.0522622
-0.0500229
-0.0477074
-0.0453159
-0.0428621
-0.0403444
-0.0377741
-0.0351477
-0.0324745
-0.0297497
-0.0269812
-0.0241639
-0.0213054
-0.0184014
-0.0154598
-0.0124773
-0.00946197
-0.00641112
-0.0033324
-0.000223111
0.00290951
0.00606823
0.0092465
0.0124466
0.0156613
0.0188914
0.0221293
0.0253747
0.0286186
0.0318587
0.0350858
0.0382958
0.0414777
0.0446239
0.0477182
0.0507439
0.0536758
0.0564956
0.0591753
0.0616358
0.0637649
0.0656846
0.0675419
-0.0494768
-0.0501379
-0.0506088
-0.050881
-0.0509681
-0.0508832
-0.0506308
-0.0502294
-0.0496819
-0.0490065
-0.0482052
-0.0472945
-0.0462749
-0.0451616
-0.043954
-0.0426656
-0.0412953
-0.0398556
-0.0383444
-0.0367731
-0.0351386
-0.0334509
-0.0317057
-0.0299114
-0.0280627
-0.0261668
-0.0242183
-0.0222237
-0.0201782
-0.0180886
-0.0159509
-0.0137726
-0.0115501
-0.00929107
-0.00699201
-0.00466004
-0.00229147
0.000106841
0.00253846
0.00499672
0.00748438
0.00999372
0.0125259
0.0150728
0.0176343
0.0202011
0.0227715
0.0253354
0.0278892
0.0304205
0.0329215
0.0353752
0.037766
0.04007
0.0422687
0.0443319
0.0462009
0.0478
0.0491891
0.0504065
-0.0384906
-0.0387201
-0.038849
-0.0388842
-0.0388259
-0.0386698
-0.0384275
-0.038096
-0.0376869
-0.0371976
-0.036639
-0.0360085
-0.035316
-0.0345583
-0.0337447
-0.0328712
-0.0319467
-0.0309669
-0.02994
-0.0288614
-0.0277383
-0.026566
-0.0253507
-0.0240873
-0.0227814
-0.0214276
-0.0200315
-0.0185876
-0.0171018
-0.0155692
-0.0139956
-0.0123766
-0.010718
-0.00901555
-0.00727477
-0.00549134
-0.00367057
-0.00180877
8.86718e-05
0.00202466
0.00399304
0.00599496
0.00802335
0.0100782
0.0121516
0.0142417
0.0163395
0.018441
0.0205353
0.0226147
0.0246646
0.026672
0.0286167
0.0304797
0.0322373
0.0338624
0.0353075
0.0365244
0.0375292
0.0382976
-0.0307999
-0.0308112
-0.0307669
-0.0306827
-0.0305533
-0.0303742
-0.0301533
-0.0298849
-0.029577
-0.029224
-0.0288335
-0.0283995
-0.0279293
-0.0274166
-0.0268685
-0.0262786
-0.0256539
-0.0249883
-0.0242884
-0.0235482
-0.0227739
-0.0219592
-0.0211096
-0.0202186
-0.0192911
-0.0183203
-0.0173109
-0.0162563
-0.0151612
-0.0140193
-0.0128357
-0.0116045
-0.0103308
-0.00900934
-0.00764488
-0.00623256
-0.00477724
-0.003275
-0.00173097
-0.000142403
0.00148477
0.00315146
0.00485073
0.00658204
0.00833749
0.0101142
0.0119028
0.013698
0.015488
0.0172641
0.0190109
0.0207152
0.0223573
0.0239191
0.0253768
0.0267041
0.0278638
0.0288218
0.0295648
0.030036
-0.0259753
-0.0258897
-0.0257606
-0.0256188
-0.0254532
-0.0252626
-0.0250523
-0.024816
-0.0245601
-0.024278
-0.0239758
-0.0236467
-0.0232967
-0.022919
-0.0225196
-0.0220917
-0.021641
-0.0211607
-0.0206564
-0.020121
-0.0195595
-0.0189647
-0.0183411
-0.0176814
-0.0169898
-0.016259
-0.0154933
-0.0146859
-0.0138411
-0.0129526
-0.0120245
-0.011051
-0.0100361
-0.00897424
-0.00786903
-0.00671527
-0.00551675
-0.00426902
-0.00297637
-0.00163543
-0.000251288
0.00117794
0.0026461
0.00415356
0.00569322
0.00726335
0.0088548
0.0104631
0.0120764
0.0136864
0.0152776
0.0168361
0.0183417
0.0197746
0.0211085
0.0223149
0.0233585
0.0242061
0.0248209
0.0251331
-0.0213066
-0.0213922
-0.0213822
-0.021385
-0.0213614
-0.0213195
-0.02126
-0.0211798
-0.0210832
-0.0209655
-0.020831
-0.0206748
-0.0205011
-0.0203046
-0.0200892
-0.0198497
-0.0195898
-0.0193042
-0.0189964
-0.0186609
-0.0183008
-0.0179104
-0.0174925
-0.017041
-0.0165585
-0.0160386
-0.0154837
-0.0148874
-0.0142517
-0.0135702
-0.0128449
-0.0120691
-0.0112448
-0.0103653
-0.00943253
-0.00843994
-0.00738976
-0.00627613
-0.00510198
-0.00386244
-0.0025615
-0.00119592
0.000228661
0.00171336
0.00325064
0.00483861
0.00646632
0.00812788
0.0098084
0.0114969
0.013173
0.0148192
0.0164091
0.0179181
0.019313
0.0205607
0.0216218
0.0224566
0.0230167
0.0232484
92.726
71.0451
51.6047
36.8368
23.7788
12.1352
1.29303
-9.02453
-19.064
-29.0097
-39.034
-49.2906
-59.9244
-71.1086
-83.1046
-96.2089
-110.563
-126.236
-144.487
-168.93
-200.515
-224.849
-228.484
-339.414
-952.215
92.6168
71.0357
51.5915
36.8264
23.7691
12.1262
1.28438
-9.03299
-19.0724
-29.0183
-39.0428
-49.2997
-59.9341
-71.119
-83.116
-96.2215
-110.577
-126.252
-144.507
-168.955
-200.539
-224.863
-228.611
-340.21
-947.737
92.4996
71.028
51.5784
36.8165
23.7598
12.1176
1.27609
-9.04113
-19.0806
-29.0266
-39.0514
-49.3087
-59.9436
-71.1293
-83.1273
-96.234
-110.591
-126.267
-144.525
-168.98
-200.568
-224.862
-228.673
-341.811
-940.659
92.377
71.0175
51.5638
36.8058
23.75
12.1086
1.26748
-9.04953
-19.0889
-29.0351
-39.0601
-49.3179
-59.9532
-71.1395
-83.1384
-96.2463
-110.604
-126.282
-144.542
-169.004
-200.597
-224.844
-228.684
-344.044
-931.884
92.2267
71.0005
51.5446
36.7921
23.7378
12.0977
1.25715
-9.05949
-19.0988
-29.0449
-39.0702
-49.3283
-59.9641
-71.151
-83.1508
-96.2599
-110.618
-126.296
-144.558
-169.03
-200.629
-224.809
-228.7
-346.891
-920.603
92.0345
70.9726
51.5186
36.7737
23.7219
12.0837
1.24419
-9.07182
-19.1108
-29.0569
-39.0822
-49.3407
-59.9769
-71.1643
-83.165
-96.2752
-110.635
-126.312
-144.575
-169.059
-200.668
-224.747
-228.745
-350.417
-906.077
91.7896
70.9275
51.4827
36.7484
23.7008
12.0654
1.22759
-9.0874
-19.1257
-29.0715
-39.0968
-49.3554
-59.992
-71.18
-83.1814
-96.2926
-110.653
-126.328
-144.592
-169.095
-200.721
-224.641
-228.84
-354.634
-888.042
91.479
70.8564
51.4327
36.7133
23.6723
12.0412
1.20594
-9.10747
-19.1448
-29.0902
-39.1151
-49.3735
-60.0102
-71.1985
-83.2006
-96.3128
-110.673
-126.345
-144.61
-169.144
-200.792
-224.47
-229.02
-359.465
-866.638
91.0863
70.7469
51.3622
36.6634
23.6328
12.008
1.17695
-9.13384
-19.1697
-29.1141
-39.1384
-49.3962
-60.0323
-71.2206
-83.2234
-96.337
-110.697
-126.365
-144.633
-169.211
-200.88
-224.202
-229.34
-364.759
-842.083
90.5903
70.5816
51.2625
36.5924
23.5776
11.9621
1.13746
-9.16905
-19.2022
-29.1448
-39.1679
-49.4248
-60.06
-71.2476
-83.2513
-96.368
-110.729
-126.391
-144.662
-169.302
-200.974
-223.804
-229.877
-370.305
-814.354
89.9647
70.3374
51.1219
36.4923
23.5018
11.8998
1.08439
-9.21591
-19.2444
-29.1838
-39.205
-49.4609
-60.0959
-71.2836
-83.2884
-96.4082
-110.772
-126.425
-144.698
-169.414
-201.051
-223.238
-230.721
-375.844
-783.287
89.177
69.9888
50.9257
36.3543
23.3992
11.8172
1.01456
-9.27752
-19.3005
-29.2357
-39.2538
-49.5066
-60.1416
-71.3322
-83.3401
-96.4622
-110.823
-126.459
-144.734
-169.541
-201.075
-222.473
-231.987
-381.064
-748.819
88.1812
69.5023
50.6535
36.1649
23.2589
11.7053
0.921744
-9.3572
-19.3731
-29.3056
-39.3218
-49.5712
-60.2029
-71.3925
-83.4004
-96.5222
-110.872
-126.481
-144.763
-169.678
-201.007
-221.479
-233.776
-385.551
-711.035
86.909
68.8264
50.276
35.9072
23.0678
11.5514
0.792406
-9.46848
-19.4716
-29.3961
-39.406
-49.6493
-60.2732
-71.4558
-83.4597
-96.5795
-110.915
-126.489
-144.786
-169.819
-200.787
-220.236
-236.145
-388.76
-670.169
85.2821
67.898
49.7487
35.5517
22.8082
11.3479
0.625534
-9.60909
-19.5915
-29.5001
-39.498
-49.7322
-60.3479
-71.5224
-83.5205
-96.6347
-110.946
-126.475
-144.802
-169.945
-200.334
-218.753
-239.089
-390.04
-626.62
83.2422
66.6687
49.052
35.089
22.4787
11.0976
0.426279
-9.77413
-19.7319
-29.6217
-39.6043
-49.8257
-60.4293
-71.5923
-83.5811
-96.6834
-110.957
-126.429
-144.804
-170.018
-199.552
-217.065
-242.498
-388.674
-580.995
80.7679
65.1184
48.1807
34.5087
22.0673
10.7859
0.179906
-9.97569
-19.9009
-29.7657
-39.728
-49.9311
-60.5169
-71.6626
-83.6364
-96.7169
-110.932
-126.335
-144.778
-169.971
-198.328
-215.235
-246.1
-383.936
-534.09
77.8302
63.2047
47.0916
33.7736
21.5477
10.3936
-0.127702
-10.2246
-20.1062
-29.9371
-39.871
-50.0484
-60.6083
-71.7286
-83.6787
-96.7214
-110.851
-126.174
-144.699
-169.705
-196.552
-213.332
-249.416
-375.198
-486.849
74.3867
60.8677
45.7264
32.84
20.8878
9.89754
-0.513306
-10.5328
-20.3564
-30.1411
-40.0356
-50.1763
-60.6991
-71.7827
-83.6956
-96.6756
-110.685
-125.922
-144.517
-169.076
-194.137
-211.386
-251.752
-362.059
-440.288
70.4085
58.0598
44.0242
31.6592
20.0499
9.2692
-0.997824
-10.9153
-20.6612
-30.3831
-40.223
-50.3117
-60.7816
-71.8125
-83.6675
-96.548
-110.394
-125.539
-144.142
-167.904
-191.029
-209.315
-252.235
-344.476
-395.379
65.8826
54.7499
41.9233
30.1773
18.9896
8.47434
-1.60678
-11.3899
-21.0319
-30.6687
-40.433
-50.4486
-60.8437
-71.7991
-83.5644
-96.2939
-109.93
-124.968
-143.431
-165.995
-187.207
-206.856
-249.934
-322.85
-352.927
60.8256
50.926
39.3676
28.3387
17.6575
7.47378
-2.36966
-11.9774
-21.4812
-31.0026
-40.6627
-50.576
-60.8668
-71.7137
-83.3414
-95.8531
-109.229
-124.11
-142.185
-163.164
-182.651
-203.517
-244.052
-298.021
-313.456
55.2886
46.5982
36.3154
26.092
16.0025
6.22481
-3.31932
-12.7002
-22.0217
-31.3877
-40.9049
-50.6768
-60.8226
-71.5135
-82.9357
-95.1487
-108.204
-122.816
-140.16
-159.265
-177.269
-198.624
-234.153
-271.14
-277.164
49.3532
41.8013
32.7496
23.3983
13.9785
4.68593
-4.48858
-13.5806
-22.6643
-31.8229
-41.1458
-50.724
-60.6698
-71.1364
-82.2626
-94.0833
-106.732
-120.876
-137.105
-154.188
-170.841
-191.478
-220.322
-243.441
-243.962
43.1215
36.5946
28.686
20.2409
11.5535
2.82379
-5.90494
-14.636
-23.4138
-32.2989
-41.361
-50.6773
-60.3478
-70.4971
-81.2151
-92.5341
-104.642
-118.037
-132.798
-147.833
-163.023
-181.586
-203.181
-215.995
-213.589
36.7064
31.0617
24.1786
16.6365
8.72174
0.623906
-7.5815
-15.8715
-24.263
-32.7931
-41.5109
-50.4772
-59.773
-69.4852
-79.6632
-90.3464
-101.719
-114.043
-127.08
-140.076
-153.459
-168.876
-183.73
-189.564
-185.752
30.2222
25.3093
19.321
12.6438
5.51611
-1.89602
-9.50473
-17.2691
-25.1833
-33.2621
-41.5339
-50.0404
-58.836
-67.9679
-77.4562
-87.3382
-97.7357
-108.694
-119.857
-130.798
-141.966
-153.749
-163.081
-164.596
-160.228
23.7843
19.466
14.2447
8.37008
2.01981
-4.67185
-11.6198
-18.7745
-26.1137
-33.6328
-41.3406
-49.2569
-57.4057
-65.799
-74.4338
-83.326
-92.5098
-101.888
-111.121
-119.973
-128.683
-136.971
-142.238
-141.321
-136.895
17.5134
13.6817
9.11585
3.97227
-1.62732
-7.5818
-13.8179
-20.285
-26.9507
-33.7961
-40.812
-47.9957
-55.3429
-62.8374
-70.4548
-78.1771
-85.9642
-93.6598
-100.985
-107.777
-114.083
-119.448
-121.987
-119.874
-115.705
11.5445
8.12683
4.13096
-0.347508
-5.22982
-10.4438
-15.9306
-21.6435
-27.5457
-33.6083
-39.8078
-46.1223
-52.5257
-58.9814
-65.4461
-71.8714
-78.1776
-84.2054
-89.7358
-94.6304
-98.8586
-102.04
-102.9
-100.358
-96.6518
6.03291
2.99176
-0.489792
-4.35333
-8.54914
-13.0268
-17.7408
-22.6501
-27.7175
-32.9089
-38.1914
-43.5308
-48.8874
-54.2136
-59.4543
-64.5465
-69.4029
-73.8877
-77.8335
-81.1302
-83.7498
-85.4477
-85.3766
-82.8643
-79.7331
1.15365
-1.51998
-4.51562
-7.79632
-11.33
-15.0811
-19.0145
-23.0951
-27.2882
-31.5587
-35.8705
-40.1847
-44.4578
-48.6397
-52.6748
-56.5018
-60.0456
-63.2026
-65.8519
-67.9205
-69.4107
-70.1873
-69.6787
-67.4459
-64.924
-2.91277
-5.21
-7.73005
-10.448
-13.3419
-16.3857
-19.5521
-22.8121
-26.1353
-29.4897
-32.8413
-36.1538
-39.387
-42.497
-45.4363
-48.1558
-50.6
-52.6973
-54.3672
-55.5712
-56.336
-56.5936
-55.9497
-54.1061
-52.1649
-6.01073
-7.91871
-9.96946
-12.1452
-14.4297
-16.8037
-19.246
-21.7338
-24.2424
-26.7456
-29.2155
-31.6227
-33.9353
-36.1196
-38.141
-39.9654
-41.5568
-42.8698
-43.8554
-44.4986
-44.8369
-44.8376
-44.2237
-42.7868
-41.355
-8.05122
-9.56792
-11.1665
-12.8341
-14.5587
-16.3259
-18.1201
-19.9245
-21.7207
-23.4894
-25.2104
-26.8626
-28.4239
-29.8716
-31.1833
-32.3384
-33.316
-34.0896
-34.6311
-34.9388
-35.0496
-34.9481
-34.4374
-33.3698
-32.3552
-9.04863
-10.1937
-11.3783
-12.5936
-13.8307
-15.0798
-16.3301
-17.5699
-18.787
-19.9687
-21.1017
-22.1727
-23.168
-24.0739
-24.8776
-25.5679
-26.1342
-26.5617
-26.8353
-26.9584
-26.9624
-26.8394
-26.4497
-25.6881
-24.9946
-9.13321
-9.95025
-10.7808
-11.6192
-12.4596
-13.2956
-14.1203
-14.9266
-15.707
-16.4537
-17.1592
-17.8158
-18.4158
-18.9518
-19.4173
-19.8068
-20.1154
-20.3355
-20.4587
-20.4899
-20.4531
-20.3442
-20.0645
-19.5393
-19.0802
-8.52674
-9.07659
-9.62653
-10.1733
-10.7134
-11.243
-11.7582
-12.2549
-12.729
-13.1763
-13.5928
-13.9743
-14.3172
-14.6176
-14.8725
-15.0797
-15.2372
-15.341
-15.3864
-15.3779
-15.3329
-15.2489
-15.057
-14.7049
-14.409
-7.48998
-7.83923
-8.18337
-8.52082
-8.84959
-9.16772
-9.47313
-9.76371
-10.0374
-10.292
-10.5256
-10.7364
-10.9224
-11.082
-11.2139
-11.3173
-11.3916
-11.4345
-11.4435
-11.422
-11.3821
-11.3222
-11.195
-10.9644
-10.7779
-6.26616
-6.47611
-6.68019
-6.87781
-7.06795
-7.2497
-7.42203
-7.58399
-7.73455
-7.87276
-7.99769
-8.10851
-8.2044
-8.28466
-8.34874
-8.39654
-8.42789
-8.44162
-8.4361
-8.41379
-8.38296
-8.34246
-8.26042
-8.11211
-7.99637
-5.04232
-5.16222
-5.27731
-5.38749
-5.49229
-5.59136
-5.68422
-5.77046
-5.84961
-5.92126
-5.98496
-6.04039
-6.08718
-6.12505
-6.15381
-6.17354
-6.18424
-6.18526
-6.17559
-6.15691
-6.1347
-6.10825
-6.05636
-5.96243
-5.89164
-3.93447
-3.99984
-4.06185
-4.12058
-4.17582
-4.22745
-4.27528
-4.31914
-4.35884
-4.39421
-4.42507
-4.4513
-4.47273
-4.48927
-4.50083
-4.50753
-4.50943
-4.50613
-4.49695
-4.48302
-4.46789
-4.45108
-4.41872
-4.3598
-4.31673
-2.99831
-3.03226
-3.06405
-3.09386
-3.12162
-3.14734
-3.17095
-3.19239
-3.21153
-3.22828
-3.24253
-3.2542
-3.2632
-3.2695
-3.27307
-3.27404
-3.27245
-3.2681
-3.26057
-3.2506
-3.2405
-3.22998
-3.21007
-3.17355
-3.14765
-2.2438
-2.26082
-2.27659
-2.29123
-2.30469
-2.31698
-2.32806
-2.33791
-2.34647
-2.35373
-2.35964
-2.36418
-2.36733
-2.36908
-2.36941
-2.36843
-2.36617
-2.36246
-2.35705
-2.35037
-2.3439
-2.33744
-2.32525
-2.30267
-2.28701
-1.65807
-1.66605
-1.67325
-1.6798
-1.68572
-1.69107
-1.69585
-1.70006
-1.70366
-1.70663
-1.70889
-1.71041
-1.71115
-1.71111
-1.71027
-1.70871
-1.70647
-1.70348
-1.69957
-1.69505
-1.69085
-1.68687
-1.67945
-1.66563
-1.65628
-1.21251
-1.21613
-1.21936
-1.22227
-1.22484
-1.2271
-1.22902
-1.2306
-1.23184
-1.23271
-1.23322
-1.23336
-1.23312
-1.23249
-1.23149
-1.23013
-1.22844
-1.22635
-1.22375
-1.22082
-1.21815
-1.21567
-1.21109
-1.20255
-1.19686
-0.882636
-0.884066
-0.8852
-0.886114
-0.886828
-0.887402
-0.887843
-0.888182
-0.888393
-0.888473
-0.888374
-0.888087
-0.887566
-0.886815
-0.885815
-0.884617
-0.883222
-0.881623
-0.879743
-0.877721
-0.875921
-0.874314
-0.871473
-0.866228
-0.862803
-0.638438
-0.638846
-0.639156
-0.639405
-0.639574
-0.639673
-0.639678
-0.639593
-0.639397
-0.639101
-0.638689
-0.638181
-0.63756
-0.636846
-0.63603
-0.635144
-0.634184
-0.633134
-0.631933
-0.630654
-0.629521
-0.628499
-0.626713
-0.623449
-0.621322
-0.460912
-0.460895
-0.460777
-0.460607
-0.460389
-0.460163
-0.459922
-0.459686
-0.459422
-0.459128
-0.458765
-0.458331
-0.457799
-0.457189
-0.456497
-0.45577
-0.455011
-0.454232
-0.453393
-0.452549
-0.451827
-0.451201
-0.450106
-0.448109
-0.446828
-0.332684
-0.332467
-0.332224
-0.331984
-0.331731
-0.331477
-0.3312
-0.33091
-0.330588
-0.330247
-0.329874
-0.329481
-0.329054
-0.328603
-0.328115
-0.327609
-0.327077
-0.326523
-0.325916
-0.325292
-0.324739
-0.324243
-0.323477
-0.322186
-0.321357
-0.240142
-0.23983
-0.239507
-0.23921
-0.238934
-0.238694
-0.238465
-0.238244
-0.238
-0.237729
-0.237411
-0.237055
-0.236656
-0.236236
-0.235801
-0.235382
-0.234983
-0.234607
-0.23423
-0.233864
-0.233548
-0.23326
-0.232764
-0.231931
-0.231395
-0.17476
-0.174522
-0.17425
-0.173963
-0.173648
-0.173332
-0.17301
-0.172708
-0.172413
-0.172139
-0.171859
-0.171579
-0.171268
-0.170935
-0.170561
-0.170175
-0.169772
-0.169378
-0.168977
-0.168596
-0.168269
-0.167981
-0.167615
-0.167071
-0.166717
-0.127599
-0.127325
-0.127032
-0.126753
-0.126496
-0.126284
-0.126106
-0.125958
-0.125806
-0.125633
-0.125408
-0.125134
-0.124804
-0.124446
-0.12407
-0.123719
-0.123394
-0.123111
-0.122844
-0.122602
-0.122389
-0.122192
-0.121901
-0.121493
-0.121227
-0.093652
-0.0934536
-0.0932631
-0.0930865
-0.0929022
-0.0927108
-0.0924975
-0.092275
-0.0920422
-0.0918201
-0.0916082
-0.0914179
-0.0912334
-0.0910515
-0.0908504
-0.0906368
-0.0904035
-0.0901626
-0.0899091
-0.0896609
-0.0894474
-0.0892554
-0.0890353
-0.0887581
-0.0885742
-0.0699802
-0.0697244
-0.0694571
-0.0692086
-0.0689813
-0.0687949
-0.0686346
-0.0684998
-0.0683598
-0.0682077
-0.0680183
-0.067799
-0.0675412
-0.0672676
-0.0669802
-0.0667094
-0.0664574
-0.066241
-0.066046
-0.0658796
-0.0657414
-0.0656271
-0.0654742
-0.0652823
-0.065164
-0.0528259
-0.0526561
-0.0524862
-0.0523206
-0.052144
-0.0519649
-0.0517776
-0.0515991
-0.0514284
-0.0512785
-0.0511403
-0.0510152
-0.0508853
-0.050748
-0.0505906
-0.0504238
-0.0502496
-0.0500813
-0.0499138
-0.0497533
-0.0496144
-0.0494892
-0.0493574
-0.0492032
-0.049087
-0.0413759
-0.0412299
-0.0410824
-0.0409469
-0.0408232
-0.0407218
-0.0406371
-0.040569
-0.0405004
-0.0404227
-0.0403173
-0.0401831
-0.0400136
-0.0398234
-0.0396179
-0.0394234
-0.0392476
-0.0391048
-0.0389844
-0.0388872
-0.0388128
-0.0387517
-0.0386593
-0.0385353
-0.0384327
-0.0329361
-0.0328339
-0.0327346
-0.0326449
-0.0325579
-0.0324827
-0.0324151
-0.032363
-0.0323169
-0.0322755
-0.0322214
-0.0321497
-0.0320459
-0.0319153
-0.0317564
-0.0315914
-0.0314311
-0.0312972
-0.0311899
-0.0311159
-0.0310729
-0.031052
-0.0310145
-0.0309465
-0.0308729
-0.0265529
-0.0264888
-0.0264245
-0.0263736
-0.0263384
-0.0263294
-0.0263431
-0.0263792
-0.026423
-0.0264646
-0.0264854
-0.0264799
-0.0264399
-0.026375
-0.0262893
-0.0262018
-0.0261197
-0.0260604
-0.0260221
-0.0260126
-0.0260238
-0.0260574
-0.0260884
-0.0260883
-0.0260519
-0.0210473
-0.0210336
-0.0210163
-0.0210067
-0.0210021
-0.0210161
-0.0210457
-0.0210992
-0.0211654
-0.0212415
-0.0213086
-0.0213616
-0.0213874
-0.0213927
-0.0213767
-0.0213551
-0.0213323
-0.0213273
-0.0213394
-0.0213765
-0.0214236
-0.0214914
-0.0215664
-0.0215961
-0.0215397
150.366
73.5413
57.4194
49.815
39.789
30.5728
24.048
19.6125
16.3439
13.7934
11.7796
10.1768
8.82972
7.62203
6.51509
5.51029
4.6088
3.81181
3.12628
2.54796
2.07047
1.67717
1.35342
1.09116
0.877413
0.708317
0.569456
0.456813
0.364104
0.290321
0.230691
0.182685
0.14333
0.111809
0.0856126
0.0650458
0.0490933
0.0363995
0.0264208
0.0187535
0.0124613
0.00790299
0.00532244
0.00290191
0.0015035
0.00189421
0.00159
0.00206301
0.00186031
0.0018653
150.144
73.5917
57.4175
49.8148
39.7897
30.5735
24.0465
19.6096
16.3429
13.7951
11.782
10.1782
8.82989
7.62214
6.51582
5.51134
4.6095
3.81181
3.12574
2.54712
2.06953
1.67621
1.35243
1.0901
0.876499
0.707654
0.56893
0.456338
0.363593
0.289899
0.230469
0.182753
0.143391
0.11206
0.0858202
0.0652364
0.049179
0.0363165
0.0261556
0.0184954
0.0122374
0.00774411
0.0051472
0.00264844
0.00148012
0.00206172
0.00167374
0.00205312
0.00175778
0.00187399
149.801
73.6571
57.4107
49.8147
39.7914
30.5749
24.0457
19.6074
16.3419
13.7963
11.7839
10.1792
8.82986
7.62209
6.51634
5.51213
4.61004
3.8118
3.1253
2.54643
2.06877
1.67543
1.35164
1.08925
0.875768
0.707125
0.568507
0.455958
0.363185
0.289566
0.230297
0.182813
0.143446
0.112269
0.0859907
0.0653926
0.0492527
0.0362542
0.025946
0.0182902
0.0120618
0.00762071
0.00501095
0.00244776
0.00146378
0.00219635
0.00174539
0.00204538
0.00167571
0.0018805
149.356
73.7383
57.3969
49.8138
39.7937
30.5769
24.0455
19.6059
16.3413
13.7973
11.7853
10.1799
8.82965
7.62187
6.51658
5.51267
4.61041
3.81175
3.12492
2.54586
2.06814
1.67478
1.35098
1.08854
0.875149
0.706675
0.568146
0.455637
0.362838
0.28928
0.230144
0.182849
0.143478
0.112428
0.0861186
0.0655111
0.0492997
0.0361877
0.0257586
0.0181141
0.0119093
0.00751352
0.00489756
0.00228437
0.00145762
0.00231059
0.00180121
0.00203545
0.00159622
0.00188626
148.784
73.8465
57.374
49.8116
39.7978
30.5805
24.0462
19.605
16.3411
13.7982
11.7863
10.1801
8.82915
7.62139
6.51657
5.51294
4.61059
3.81163
3.12456
2.54536
2.0676
1.67424
1.35043
1.08797
0.874653
0.706316
0.567859
0.455379
0.362563
0.289057
0.230031
0.182891
0.143516
0.11257
0.0862343
0.0656174
0.0493505
0.0361473
0.0256195
0.0179784
0.0117947
0.0074339
0.00480967
0.00215207
0.00144899
0.00240147
0.00184858
0.0020292
0.00153981
0.00189003
148.046
73.9928
57.3397
49.8067
39.8031
30.5855
24.048
19.6049
16.3411
13.7991
11.7871
10.1801
8.82843
7.62067
6.51627
5.51295
4.6106
3.81143
3.1242
2.5449
2.06712
1.67377
1.34996
1.08747
0.874216
0.705999
0.567605
0.455153
0.362321
0.288859
0.229926
0.18292
0.14354
0.112684
0.0863266
0.0657034
0.0493886
0.0361074
0.0254955
0.0178599
0.0116933
0.00736306
0.00473292
0.00203854
0.00144322
0.00248048
0.0018864
0.00202245
0.00148734
0.00189336
147.105
74.1866
57.2905
49.7981
39.8107
30.5934
24.0514
19.6054
16.3414
13.8
11.7878
10.1799
8.82745
7.61966
6.51567
5.51267
4.6104
3.81114
3.12381
2.54447
2.06669
1.67336
1.34955
1.08705
0.873857
0.705739
0.567397
0.454967
0.362123
0.288699
0.229845
0.18295
0.143566
0.112785
0.0864098
0.0657805
0.0494283
0.0360836
0.0254017
0.0177667
0.0116148
0.00730882
0.00467133
0.00194403
0.00143526
0.00254457
0.00191924
0.00201855
0.0014498
0.0018957
145.911
74.439
57.2218
49.7836
39.8199
30.604
24.0567
19.6069
16.342
13.8009
11.7883
10.1795
8.82633
7.61844
6.51476
5.51211
4.60999
3.81073
3.12338
2.54404
2.06628
1.67297
1.34919
1.08668
0.873534
0.705504
0.567209
0.454801
0.361948
0.288557
0.22977
0.18297
0.14358
0.112865
0.0864748
0.0658419
0.049457
0.0360578
0.0253157
0.0176837
0.0115443
0.00725966
0.00461698
0.00186269
0.00143035
0.00260082
0.00194583
0.00201403
0.00141331
0.00189767
144.408
74.761
57.1276
49.7607
39.8319
30.6191
24.065
19.6096
16.3429
13.8015
11.7886
10.179
8.82502
7.61695
6.51357
5.51125
4.60935
3.81019
3.1229
2.5436
2.06588
1.67262
1.34886
1.08636
0.873264
0.705308
0.567053
0.454662
0.361804
0.288441
0.22971
0.18299
0.143595
0.112934
0.0865324
0.0658959
0.0494856
0.0360422
0.0252502
0.0176184
0.0114896
0.00722185
0.00457349
0.00179542
0.00142469
0.00264675
0.00196885
0.00201142
0.00138669
0.00189887
142.525
75.1652
57.0006
49.7249
39.8457
30.6386
24.0772
19.6146
16.3444
13.8019
11.7886
10.1783
8.82358
7.6153
6.5121
5.51012
4.60848
3.8095
3.12234
2.54314
2.06548
1.67227
1.34855
1.08607
0.873011
0.705124
0.566907
0.454535
0.361675
0.288337
0.229656
0.183002
0.143602
0.112989
0.0865767
0.0659383
0.0495068
0.0360255
0.0251907
0.0175603
0.0114407
0.00718788
0.00453552
0.001738
0.00142144
0.00268714
0.00198752
0.00200824
0.00136089
0.00189945
140.174
75.6609
56.833
49.6696
39.862
30.6637
24.0945
19.6227
16.3469
13.8021
11.7878
10.1769
8.82176
7.61335
6.51037
5.5087
4.6074
3.80868
3.1217
2.54263
2.06506
1.67192
1.34826
1.08581
0.872792
0.704965
0.566781
0.454426
0.361567
0.28825
0.229611
0.183014
0.143609
0.113036
0.0866157
0.0659753
0.0495276
0.036016
0.0251458
0.0175149
0.011403
0.007162
0.00450535
0.00169061
0.00141767
0.0027203
0.00200356
0.00200647
0.00134219
0.0018995
137.244
76.2527
56.6189
49.5832
39.8789
30.6937
24.1175
19.6352
16.3516
13.8025
11.7863
10.1746
8.81925
7.611
6.5083
5.50701
4.60608
3.8077
3.12098
2.54209
2.06462
1.67157
1.34797
1.08555
0.872576
0.704807
0.566658
0.454322
0.36147
0.288173
0.22957
0.183021
0.14361
0.113073
0.0866453
0.066004
0.0495434
0.036006
0.0251051
0.0174746
0.01137
0.00713915
0.00447921
0.00165017
0.00141557
0.00274952
0.00201659
0.00200422
0.0013241
0.00189894
133.575
76.9253
56.3594
49.448
39.895
30.7287
24.1461
19.6529
16.3593
13.8035
11.7839
10.1708
8.81542
7.60772
6.5057
5.50495
4.60452
3.80657
3.12016
2.54148
2.06415
1.67119
1.34768
1.08532
0.87238
0.704662
0.566546
0.454227
0.361384
0.288106
0.229534
0.183026
0.14361
0.113104
0.0866712
0.0660287
0.0495583
0.0360005
0.0250743
0.0174432
0.0113448
0.00712186
0.00445843
0.0016167
0.00141305
0.00277375
0.00202764
0.00200306
0.00131109
0.00189808
128.95
77.6112
56.0654
49.2378
39.9034
30.7668
24.1791
19.6758
16.3709
13.8062
11.7812
10.1654
8.80976
7.60296
6.50207
5.50228
4.60261
3.80524
3.11923
2.54082
2.06364
1.67081
1.34738
1.08508
0.872183
0.704511
0.566428
0.454131
0.361303
0.288044
0.229501
0.183028
0.143605
0.113127
0.08669
0.0660471
0.0495701
0.0359952
0.0250469
0.0174151
0.011323
0.00710671
0.00444043
0.00158816
0.00141163
0.00279533
0.00203666
0.00200159
0.00129864
0.00189646
123.192
78.1563
55.7456
48.9182
39.8898
30.8062
24.2149
19.7033
16.3866
13.8109
11.7785
10.1585
8.80181
7.59598
6.4968
5.49854
4.60009
3.80361
3.11815
2.54007
2.06308
1.67039
1.34707
1.08486
0.872004
0.704367
0.566314
0.454034
0.361226
0.287986
0.229471
0.183028
0.143599
0.113145
0.0867061
0.0660623
0.0495808
0.0359926
0.0250257
0.0173931
0.0113065
0.00709529
0.00442609
0.00156455
0.00140992
0.00281353
0.00204425
0.00200098
0.00128981
0.00189463
116.386
78.3753
55.4128
48.4566
39.8222
30.8327
24.2449
19.7314
16.4059
13.8188
11.777
10.1509
8.79179
7.58649
6.48918
5.49305
4.59646
3.80138
3.11676
2.53918
2.06242
1.66991
1.34674
1.08463
0.871833
0.704226
0.566198
0.45393
0.361148
0.287927
0.229442
0.183026
0.14359
0.113158
0.0867174
0.0660727
0.0495897
0.0359906
0.0250071
0.0173729
0.0112926
0.00708519
0.00441341
0.0015444
0.00140907
0.00282997
0.00205048
0.00200025
0.0012814
0.00189188
108.892
78.1037
55.0936
47.8589
39.6846
30.8386
24.257
19.745
16.4165
13.8228
11.7748
10.1431
8.78074
7.57501
6.47923
5.48538
4.59119
3.7981
3.11478
2.53797
2.06159
1.66932
1.34634
1.08438
0.871677
0.704101
0.566098
0.453828
0.361066
0.287862
0.22941
0.183023
0.143579
0.113167
0.0867269
0.06608
0.0495969
0.0359901
0.0249925
0.0173568
0.0112823
0.00707744
0.00440302
0.00152767
0.00140808
0.00284423
0.00205561
0.00200027
0.00127561
0.00188891
101.058
77.1568
54.7711
47.1337
39.4585
30.8252
24.2597
19.7499
16.4175
13.8151
11.7611
10.1268
8.76488
7.5611
6.46761
5.4761
4.58433
3.79351
3.11189
2.5362
2.06043
1.66852
1.34579
1.08404
0.871487
0.703976
0.566017
0.453737
0.360986
0.287787
0.229367
0.183013
0.143567
0.113172
0.0867347
0.0660834
0.0496031
0.0359908
0.0249803
0.017342
0.0112745
0.0070705
0.00439323
0.00151307
0.00140746
0.00285752
0.00205972
0.0020004
0.00127047
0.00188478
93.0839
75.3635
54.3752
46.2838
39.1104
30.7768
24.2473
19.744
16.4127
13.8034
11.7426
10.1032
8.73999
7.53881
6.45001
5.46329
4.5756
3.78787
3.10828
2.5339
2.05885
1.66739
1.345
1.08351
0.871188
0.703805
0.565946
0.453672
0.360923
0.287708
0.22931
0.182991
0.14355
0.113171
0.0867432
0.0660847
0.049607
0.0359919
0.0249706
0.0173299
0.01127
0.00706547
0.00438458
0.00150037
0.00140639
0.00286968
0.0020628
0.00200107
0.00126751
0.00188039
85.1046
72.6345
53.7951
45.3114
38.6037
30.6704
24.2126
19.7215
16.3971
13.7838
11.7169
10.0734
8.70979
7.51171
6.42743
5.44545
4.56242
3.77899
3.10275
2.53071
2.05697
1.66614
1.34407
1.08277
0.870683
0.703484
0.565817
0.453616
0.360888
0.287638
0.229239
0.182946
0.143522
0.113162
0.086753
0.0660861
0.0496106
0.0359937
0.0249619
0.0173172
0.0112684
0.0070624
0.00437663
0.00148874
0.00140476
0.00288134
0.0020651
0.00200144
0.00126549
0.00187484
77.2303
68.9689
52.8741
44.2064
37.9044
30.4725
24.1423
19.6738
16.3646
13.7527
11.6819
10.0351
8.672
7.47808
6.39979
5.42387
4.54647
3.76778
3.09505
2.52563
2.05368
1.66407
1.34279
1.08189
0.870064
0.70303
0.56559
0.453528
0.360875
0.287595
0.229166
0.182877
0.143473
0.113132
0.0867587
0.0660891
0.0496148
0.0359966
0.024954
0.0173035
0.0112684
0.00706221
0.00437089
0.00147877
0.00140176
0.0028925
0.00206648
0.0020013
0.00126513
0.00186904
69.5341
64.4482
51.437
42.9344
36.9822
30.1399
24.0165
19.5898
16.307
13.7052
11.6343
9.98614
8.62484
7.43665
6.36584
5.39741
4.52681
3.75393
3.08559
2.51943
2.04965
1.6614
1.34092
1.08042
0.868918
0.702177
0.56513
0.453369
0.360899
0.287624
0.229137
0.182801
0.143398
0.113069
0.0867467
0.0660897
0.0496225
0.0360039
0.0249484
0.0172859
0.0112664
0.00706375
0.00436811
0.00147172
0.00139746
0.00290339
0.0020682
0.00199936
0.00126496
0.00186191
62.0412
59.22
49.3286
41.4284
35.8137
29.6218
23.8052
19.4537
16.2124
13.6332
11.5688
9.92266
8.56562
7.38529
6.32404
5.36483
4.50261
3.73687
3.07394
2.5118
2.04469
1.65818
1.33875
1.07874
0.867518
0.700944
0.564245
0.452865
0.360751
0.287643
0.229173
0.182778
0.143334
0.112979
0.086703
0.0660759
0.049629
0.0360176
0.0249486
0.0172665
0.0112581
0.00706326
0.00436786
0.00146927
0.00139309
0.00291425
0.00207123
0.00199596
0.00126421
0.00185345
54.7371
53.4688
46.4555
39.5861
34.3715
28.864
23.4656
19.2433
16.0652
13.5262
11.4789
9.84043
8.4912
7.32161
6.27237
5.32471
4.47282
3.71586
3.05963
2.50243
2.03864
1.65426
1.33611
1.07669
0.865792
0.699412
0.563113
0.452176
0.360491
0.287612
0.229199
0.182749
0.143257
0.112858
0.086622
0.0660392
0.0496318
0.0360421
0.024964
0.0172522
0.0112428
0.00705507
0.0043654
0.00147093
0.00139002
0.0029253
0.00207822
0.00199202
0.0012615
0.00184153
47.5904
47.3773
42.8103
37.2911
32.6205
27.8153
22.9442
18.9278
15.8452
13.3696
11.3552
9.73287
8.39681
7.24199
6.20831
5.27509
4.43605
3.68997
3.04201
2.49087
2.03112
1.64934
1.33276
1.07411
0.863677
0.697576
0.561771
0.451355
0.360179
0.28759
0.229268
0.182756
0.14318
0.112691
0.0864671
0.0659383
0.0495995
0.0360655
0.0249996
0.0172593
0.0112302
0.00703828
0.00435464
0.00147196
0.00138841
0.00293707
0.00209083
0.00199124
0.00125761
0.00182543
40.577
41.098
38.4737
34.4468
30.509
26.4297
22.1789
18.4657
15.5258
13.1441
11.1847
9.59163
8.27659
7.1422
6.12853
5.21367
4.39067
3.65804
3.02029
2.47656
2.02171
1.64308
1.32846
1.07085
0.861101
0.695434
0.560254
0.45045
0.359845
0.287563
0.229325
0.182729
0.143057
0.112466
0.0862554
0.0657902
0.0495383
0.0360832
0.0250504
0.0172891
0.0112287
0.00701714
0.00433167
0.00146504
0.00138395
0.00294757
0.00211026
0.00199783
0.001256
0.00180463
33.6971
34.7469
33.5883
31.0129
27.9794
24.6676
21.1082
17.8051
15.0736
12.8251
10.9499
9.40486
8.12224
7.01618
6.0289
5.13737
4.33451
3.61855
2.99336
2.45863
2.00973
1.63498
1.32287
1.06674
0.858029
0.69301
0.558603
0.449472
0.359454
0.287458
0.229278
0.182584
0.142831
0.112157
0.0859884
0.0656161
0.0494746
0.0361188
0.0251322
0.0173531
0.0112473
0.00699669
0.00429467
0.00144192
0.00136898
0.00295203
0.00213338
0.00201454
0.00126177
0.00178313
26.9817
28.4168
28.3267
27.0269
24.9896
22.4971
19.6785
16.8877
14.4467
12.3819
10.6282
9.15709
7.92321
6.85659
5.90393
5.04246
4.26486
3.56949
2.95975
2.436
1.9944
1.62451
1.31568
1.06164
0.854406
0.690298
0.556795
0.448365
0.358917
0.287171
0.229037
0.182265
0.142484
0.111785
0.085714
0.0654702
0.0494553
0.0361997
0.0252527
0.017443
0.0112779
0.00697393
0.00424426
0.00140361
0.00134146
0.00294732
0.00215652
0.00203868
0.00127645
0.00176372
20.4938
22.1993
22.8671
22.6001
21.5431
19.9023
17.8537
15.658
13.5973
11.7783
10.1916
8.82823
7.66565
6.65362
5.74694
4.92393
4.17809
3.50816
2.91741
2.40717
1.97466
1.61098
1.30649
1.05536
0.85016
0.687246
0.554759
0.44702
0.358111
0.286594
0.228534
0.181752
0.142045
0.111404
0.0854897
0.0653969
0.0494981
0.0363188
0.0253867
0.0175291
0.0112938
0.00693323
0.0041767
0.00135375
0.00130756
0.00293881
0.00218011
0.00206776
0.0012971
0.00174674
14.3285
16.202
17.3865
17.8986
17.7095
16.9013
15.6247
14.0758
12.4784
10.9745
9.60791
8.39407
7.33253
6.39541
5.54905
4.77549
4.06947
3.43099
2.86376
2.37031
1.94931
1.59366
1.29489
1.04763
0.845097
0.683673
0.552298
0.445249
0.356879
0.285631
0.22774
0.181074
0.141576
0.111081
0.0853671
0.0654143
0.0495917
0.0364434
0.0254949
0.0175743
0.0112727
0.00686842
0.00409825
0.00130623
0.0012794
0.00293325
0.00220621
0.00209602
0.00131634
0.00172521
8.61256
10.5581
12.066
13.1214
13.6259
13.5645
13.0214
12.1312
11.0557
9.93407
8.84442
7.8275
6.9035
6.06701
5.29954
4.58888
3.93283
3.3334
2.79545
2.32312
1.91684
1.57157
1.28024
1.03803
0.838877
0.679281
0.549156
0.442857
0.355106
0.284247
0.226685
0.180297
0.141146
0.110861
0.0853522
0.0654962
0.0496855
0.0365174
0.0255307
0.0175548
0.0112111
0.00679305
0.00403144
0.00128229
0.00127191
0.00293583
0.0022294
0.00211501
0.00132392
0.00169453
3.50148
5.42655
7.09576
8.48495
9.48342
10.0244
10.1258
9.85861
9.32468
8.63394
7.87363
7.10208
6.35643
5.65144
4.98506
4.35413
3.76063
3.20979
2.70849
2.26284
1.87543
1.54349
1.26167
1.02587
0.830923
0.673609
0.544986
0.439638
0.352713
0.282464
0.225446
0.179503
0.140807
0.11075
0.0854123
0.0655818
0.0497177
0.0364949
0.0254757
0.0174744
0.0111329
0.00673816
0.00400248
0.00129872
0.00128747
0.00293742
0.00223908
0.00211159
0.00131192
0.00165448
-0.834797
0.981936
2.67269
4.21299
5.50572
6.46988
7.07861
7.34829
7.32577
7.07997
6.68367
6.19848
5.67099
5.13067
4.59125
4.05964
3.54395
3.05349
2.59798
2.18601
1.82261
1.50767
1.23785
1.01015
0.820493
0.666153
0.539503
0.435485
0.349717
0.280357
0.224094
0.178721
0.140533
0.110675
0.0854486
0.0655802
0.0496217
0.0363457
0.0253321
0.0173619
0.011073
0.00673352
0.00402905
0.00135742
0.00131772
0.00292394
0.00221752
0.00207748
0.00127786
0.001614
-4.23978
-2.60937
-1.01536
0.52082
1.9252
3.12433
4.07177
4.7473
5.15466
5.32119
5.29131
5.11425
4.83524
4.49038
4.10419
3.69367
3.27327
2.85705
2.45826
2.08837
1.75525
1.46176
1.20705
0.989575
0.806676
0.656346
0.532408
0.430297
0.346115
0.277949
0.222625
0.177893
0.140217
0.110509
0.0853516
0.065418
0.049378
0.0360957
0.025156
0.0172745
0.0110782
0.00680331
0.00411035
0.00144253
0.00133773
0.00287147
0.00215586
0.00201012
0.00122989
0.00158512
-6.61082
-5.22555
-3.81971
-2.41045
-1.04771
0.212462
1.32245
2.24565
2.959
3.45733
3.75403
3.87586
3.85566
3.72603
3.51536
3.2465
2.93945
2.61259
2.28282
1.96474
1.66933
1.40274
1.16702
0.962593
0.78847
0.643628
0.523436
0.423973
0.341856
0.275167
0.22091
0.176847
0.139678
0.110104
0.0850288
0.0650737
0.0490182
0.0358077
0.0250116
0.0172624
0.0111674
0.00693848
0.00422044
0.00152161
0.00132324
0.00276861
0.00205003
0.0019206
0.00118155
0.00158098
-7.93837
-6.82881
-5.6683
-4.46944
-3.26141
-2.08095
-0.96654
0.0443084
0.918397
1.63185
2.174
2.54773
2.76692
2.85238
2.82724
2.71458
2.53625
2.31322
2.06513
1.80946
1.56027
1.3271
1.11523
0.927441
0.764726
0.627286
0.512148
0.416208
0.336681
0.271755
0.2187
0.175364
0.138752
0.109374
0.0844787
0.064605
0.0486365
0.035576
0.0249691
0.0173496
0.0113283
0.00710061
0.00431036
0.00155582
0.00125065
0.00260965
0.00191729
0.00182712
0.0011528
0.00160752
-8.3259
-7.49045
-6.59404
-5.64521
-4.65748
-3.65084
-2.65113
-1.68798
-0.79243
0.00657569
0.685848
1.23096
1.63754
1.91023
2.06099
2.10601
2.06414
1.9554
1.80007
1.61723
1.42333
1.23102
1.04879
0.882068
0.734026
0.606367
0.497876
0.406497
0.330171
0.267359
0.215706
0.173243
0.137337
0.108309
0.083754
0.0640991
0.048309
0.0354409
0.02502
0.017493
0.0114931
0.00722156
0.00433217
0.00152347
0.00112799
0.00242181
0.00178358
0.00175674
0.00115686
0.00166242
-7.97401
-7.383
-6.73465
-6.03429
-5.28537
-4.49568
-3.67939
-2.85555
-2.04673
-1.27756
-0.572706
0.0461289
0.562664
0.968031
1.26071
1.44615
1.5352
1.54289
1.48669
1.38489
1.25476
1.11097
0.964758
0.824159
0.694606
0.579533
0.479603
0.394057
0.321733
0.261559
0.211671
0.170371
0.135422
0.106971
0.0829421
0.0636225
0.048066
0.0353867
0.0251139
0.017617
0.0115932
0.00725469
0.00426782
0.00143903
0.000986419
0.00224033
0.00168734
0.00172579
0.0011974
0.00172662
-7.13337
-6.73988
-6.29968
-5.816
-5.28693
-4.71296
-4.09975
-3.45704
-2.79789
-2.13863
-1.49843
-0.897714
-0.355829
0.110894
0.49121
0.779728
0.977437
1.09095
1.13163
1.11384
1.05314
0.964403
0.860389
0.751197
0.644351
0.545112
0.456068
0.377975
0.310749
0.253974
0.206397
0.166677
0.133005
0.105376
0.0820355
0.0631357
0.0478264
0.0353066
0.0251382
0.0176358
0.0115771
0.00719027
0.00414597
0.00135048
0.000880858
0.00210951
0.00164206
0.00173313
0.00125278
0.00177227
-6.04872
-5.80121
-5.51946
-5.20548
-4.85541
-4.46634
-4.03902
-3.57682
-3.08533
-2.57288
-2.05103
-1.53414
-1.03844
-0.5804
-0.175151
0.165457
0.433977
0.628414
0.752004
0.812673
0.82153
0.791197
0.734044
0.661039
0.581168
0.501306
0.425873
0.357242
0.29655
0.244206
0.19967
0.162057
0.130019
0.103458
0.080947
0.0625284
0.0474829
0.0351139
0.0250444
0.017537
0.0114731
0.00708369
0.0040278
0.00131393
0.000842873
0.00203263
0.00163965
0.00174583
0.00128952
0.00176792
-4.91646
-4.76855
-4.59752
-4.40476
-4.18639
-3.93869
-3.66022
-3.35099
-3.01208
-2.64618
-2.25844
-1.85661
-1.45098
-1.0539
-0.678685
-0.338511
-0.0446492
0.194709
0.375716
0.499037
0.56963
0.595555
0.586614
0.552849
0.503553
0.446547
0.387683
0.330842
0.278422
0.231772
0.191159
0.156262
0.126244
0.10101
0.07948
0.0616373
0.0469127
0.0347381
0.0248119
0.0173493
0.0113341
0.00699118
0.00396051
0.00134943
0.000869917
0.00198707
0.00163227
0.00172638
0.00127329
0.00170572
-3.865
-3.78054
-3.6815
-3.56889
-3.43963
-3.29044
-3.11942
-2.92528
-2.70706
-2.46451
-2.19874
-1.91257
-1.6109
-1.30069
-0.990951
-0.691996
-0.414703
-0.169042
0.0369676
0.198557
0.31459
0.387634
0.423134
0.42844
0.411521
0.380024
0.340454
0.297786
0.255541
0.216021
0.180361
0.148899
0.121367
0.0977917
0.0774606
0.0603586
0.0460862
0.0342099
0.02451
0.0171483
0.011228
0.00695219
0.00394562
0.00143088
0.000911218
0.00191519
0.00158593
0.0016462
0.00120045
0.00160082
-2.96172
-2.91542
-2.86035
-2.79729
-2.72411
-2.63841
-2.53854
-2.42311
-2.29067
-2.13986
-1.96994
-1.78102
-1.57442
-1.35294
-1.12109
-0.885135
-0.652725
-0.432417
-0.232556
-0.0604071
0.079011
0.183466
0.253804
0.293417
0.307559
0.302336
0.283821
0.257327
0.227091
0.196218
0.166669
0.139492
0.11503
0.0935499
0.0747262
0.0586088
0.0449729
0.0335289
0.0241423
0.0169341
0.0111329
0.00692291
0.00392988
0.00149644
0.000919477
0.00179062
0.00148044
0.00152143
0.00109605
0.00149332
-2.22524
-2.20072
-2.1712
-2.13726
-2.09755
-2.05042
-1.99473
-1.92934
-1.85298
-1.76426
-1.66193
-1.54506
-1.41326
-1.26689
-1.1074
-0.937529
-0.761463
-0.584652
-0.413541
-0.254814
-0.114667
0.00217838
0.0929853
0.157426
0.197336
0.216278
0.218745
0.209424
0.192589
0.171764
0.14954
0.127615
0.106934
0.0880958
0.0711707
0.0563369
0.0435571
0.0326914
0.023699
0.0166778
0.0110053
0.0068503
0.00386069
0.00150754
0.000871314
0.00161118
0.0013522
0.00138563
0.00100324
0.0014082
-1.64912
-1.63651
-1.62105
-1.60319
-1.58217
-1.55698
-1.52692
-1.49126
-1.44908
-1.39928
-1.34076
-1.2724
-1.19328
-1.10275
-1.0007
-0.88774
-0.765442
-0.636466
-0.504553
-0.374365
-0.250998
-0.13948
-0.043978
0.0326919
0.0895186
0.127247
0.148116
0.155293
0.152293
0.14246
0.128622
0.112918
0.0967898
0.0812012
0.0666149
0.0533951
0.0417039
0.0315673
0.0230527
0.0162689
0.0107542
0.0066721
0.00371144
0.0014623
0.000795544
0.00142522
0.00123195
0.00128097
0.000944673
0.0013493
-1.20841
-1.20219
-1.19445
-1.18553
-1.17495
-1.16211
-1.1466
-1.12794
-1.10557
-1.07875
-1.04669
-1.00851
-0.963349
-0.910375
-0.848945
-0.778719
-0.699851
-0.613146
-0.520211
-0.423493
-0.326245
-0.23221
-0.14529
-0.0689479
-0.00579267
0.0428437
0.076984
0.0978831
0.107652
0.10883
0.103946
0.095208
0.0843407
0.0726115
0.0608321
0.0495903
0.0392578
0.0300401
0.0221256
0.0156645
0.0103703
0.00640359
0.00351436
0.00139924
0.000726111
0.00125551
0.00114979
0.00120469
0.000912017
0.00128438
-0.880865
-0.877778
-0.873797
-0.869174
-0.863696
-0.857053
-0.849042
-0.839419
-0.827858
-0.813901
-0.797029
-0.776617
-0.752011
-0.722505
-0.687436
-0.646219
-0.598477
-0.544126
-0.483523
-0.417582
-0.347834
-0.276449
-0.206061
-0.13957
-0.0797243
-0.0287801
0.0118545
0.0417616
0.0615021
0.0723784
0.0761278
0.074586
0.0694358
0.0620755
0.0535573
0.0446791
0.0360136
0.0279488
0.020802
0.0147979
0.00982176
0.00604361
0.0032843
0.00133226
0.000675361
0.0011109
0.00107409
0.00113713
0.000873865
0.00119171
-0.637908
-0.636675
-0.635009
-0.633045
-0.630649
-0.627609
-0.623802
-0.619076
-0.613259
-0.606098
-0.597313
-0.586549
-0.573413
-0.557437
-0.538135
-0.514995
-0.487553
-0.455433
-0.418449
-0.376677
-0.330576
-0.281041
-0.229455
-0.177606
-0.127562
-0.08142
-0.0410388
-0.00774651
0.0178049
0.0357009
0.0466373
0.0517354
0.0522849
0.0495556
0.0446555
0.0385074
0.0318398
0.0252016
0.0190335
0.0136534
0.00911235
0.0055994
0.0030229
0.00124822
0.000612562
0.000950993
0.00098391
0.00104129
0.000810654
0.00106383
-0.460822
-0.460293
-0.459514
-0.458593
-0.457492
-0.456107
-0.454387
-0.452243
-0.449578
-0.446226
-0.442013
-0.436705
-0.430063
-0.421786
-0.411567
-0.399058
-0.383911
-0.365775
-0.344353
-0.319433
-0.290966
-0.259128
-0.224399
-0.187602
-0.149896
-0.112717
-0.0776064
-0.0460464
-0.0192179
0.00213361
0.0178105
0.0280986
0.0336688
0.0353958
0.0342229
0.0310441
0.0266489
0.0216912
0.016716
0.0121377
0.00815908
0.00500445
0.00267302
0.00109955
0.000506506
0.000764879
0.000850055
0.000922793
0.000730375
0.00093134
-0.332874
-0.33282
-0.332625
-0.332336
-0.331931
-0.331338
-0.330538
-0.329491
-0.328169
-0.326498
-0.324411
-0.321789
-0.318509
-0.314392
-0.309251
-0.302848
-0.294938
-0.285245
-0.273504
-0.259452
-0.242892
-0.223706
-0.201931
-0.177793
-0.151771
-0.124595
-0.097237
-0.0708094
-0.0464593
-0.0251741
-0.00768467
0.00566186
0.0148819
0.0203389
0.0226102
0.0223963
0.0204145
0.0173357
0.0137552
0.0101666
0.0068937
0.00420838
0.00219828
0.000858781
0.000338105
0.000539756
0.000691982
0.000785352
0.000648835
0.000807314
-0.240432
-0.240564
-0.240614
-0.240617
-0.240585
-0.240477
-0.240293
-0.24
-0.239582
-0.238976
-0.238136
-0.236974
-0.235425
-0.233385
-0.23077
-0.227457
-0.223329
-0.218218
-0.211959
-0.204342
-0.195173
-0.184253
-0.171449
-0.1567
-0.140089
-0.121861
-0.102457
-0.0825227
-0.0628311
-0.0442489
-0.027583
-0.0135116
-0.00243376
0.00552023
0.0105166
0.012935
0.0132928
0.012156
0.0101095
0.00767405
0.00525125
0.00316022
0.00156186
0.000509354
0.000108063
0.000295809
0.000503545
0.00064324
0.000569388
0.000697448
-0.174989
-0.175131
-0.17523
-0.175307
-0.175369
-0.175389
-0.175358
-0.175256
-0.175079
-0.174802
-0.174415
-0.173882
-0.173176
-0.172238
-0.171019
-0.169434
-0.167408
-0.164835
-0.161621
-0.157634
-0.152754
-0.146825
-0.139707
-0.131255
-0.121382
-0.110062
-0.0974011
-0.0836426
-0.0692047
-0.0546363
-0.0406024
-0.0277394
-0.0166327
-0.00767229
-0.0010359
0.00332656
0.00564625
0.00632936
0.00584051
0.0046668
0.00322207
0.00184714
0.000752913
4.17861e-05
-0.000196208
1.03129e-05
0.00028391
0.000467281
0.000467082
0.000573883
-0.127854
-0.128036
-0.128177
-0.128296
-0.128417
-0.128526
-0.128626
-0.128693
-0.128723
-0.128681
-0.128558
-0.128321
-0.127966
-0.127467
-0.126823
-0.126005
-0.124998
-0.123752
-0.122223
-0.120317
-0.117949
-0.114986
-0.111304
-0.106749
-0.101199
-0.0945459
-0.0867563
-0.0778756
-0.0680632
-0.0576164
-0.0469118
-0.0364395
-0.0266857
-0.0181012
-0.0110266
-0.00565985
-0.00197547
0.000182533
0.00112956
0.00121894
0.000820659
0.00025021
-0.00026085
-0.000576075
-0.000601717
-0.000328707
1.62455e-06
0.000246789
0.000326808
0.000435424
-0.0938693
-0.0940568
-0.0942311
-0.0943943
-0.0945633
-0.0947169
-0.0948648
-0.0949944
-0.0951195
-0.0952233
-0.0953094
-0.095352
-0.0953474
-0.0952674
-0.0951088
-0.0948457
-0.0944758
-0.0939657
-0.0932969
-0.092412
-0.0912622
-0.0897545
-0.0878108
-0.0853202
-0.0821978
-0.078346
-0.0737125
-0.068259
-0.0620244
-0.0550952
-0.0476584
-0.0399671
-0.0323401
-0.0251275
-0.0186776
-0.0132242
-0.00893622
-0.00580415
-0.00373534
-0.0025113
-0.00189133
-0.00161924
-0.00149189
-0.00135788
-0.00112035
-0.000739712
-0.00033074
-2.19863e-05
0.000149832
0.000285446
-0.0702264
-0.0704374
-0.0706229
-0.070789
-0.0709527
-0.0711018
-0.0712372
-0.071342
-0.0714188
-0.0714523
-0.0714517
-0.0714096
-0.0713474
-0.071263
-0.0711784
-0.0710802
-0.0709732
-0.0708209
-0.0706059
-0.0702728
-0.0697895
-0.0690924
-0.0681419
-0.0668671
-0.0652209
-0.0631314
-0.0605528
-0.0574319
-0.0537551
-0.0495233
-0.0447938
-0.0396659
-0.0342935
-0.0288904
-0.0236616
-0.0188512
-0.0146205
-0.01111
-0.00833051
-0.00625166
-0.0047475
-0.00368569
-0.0029076
-0.00230041
-0.00175495
-0.00121014
-0.000708356
-0.000315335
-4.30797e-05
0.00014576
-0.0530104
-0.0531899
-0.053372
-0.0535492
-0.0537282
-0.053882
-0.0540103
-0.0540978
-0.0541618
-0.0542006
-0.0542426
-0.0542909
-0.0543748
-0.0544868
-0.0546409
-0.0548071
-0.0549779
-0.0551039
-0.0551643
-0.0551063
-0.054911
-0.0545347
-0.0539682
-0.0531808
-0.0521672
-0.0509009
-0.0493728
-0.0475491
-0.0454149
-0.0429392
-0.0401222
-0.0369631
-0.0335098
-0.0298213
-0.0260137
-0.0222053
-0.0185576
-0.0151744
-0.0121817
-0.00961368
-0.00749938
-0.00579031
-0.00444341
-0.00336605
-0.00248691
-0.00173954
-0.00110709
-0.000619007
-0.000237927
2.23191e-05
-0.0415247
-0.0416609
-0.0417921
-0.0419184
-0.0420518
-0.0421765
-0.0422938
-0.0423873
-0.0424631
-0.042508
-0.0425353
-0.04254
-0.0425467
-0.0425551
-0.0425916
-0.0426483
-0.042741
-0.0428443
-0.0429565
-0.0430349
-0.0430633
-0.0429924
-0.0428023
-0.0424508
-0.0419293
-0.0412131
-0.0403088
-0.0392101
-0.0379316
-0.0364651
-0.034815
-0.0329618
-0.0308973
-0.0286091
-0.0261021
-0.0234185
-0.0205954
-0.0177426
-0.0149348
-0.0122937
-0.00988728
-0.00779253
-0.00600779
-0.00453686
-0.00333389
-0.00235412
-0.00156693
-0.000959053
-0.000454897
-9.55993e-05
-0.033055
-0.0331738
-0.0332993
-0.0334199
-0.033535
-0.0336225
-0.0336831
-0.0337078
-0.0337114
-0.0336937
-0.0336764
-0.033662
-0.0336731
-0.0337077
-0.0337838
-0.0338915
-0.0340411
-0.0342103
-0.0343944
-0.0345544
-0.0346688
-0.0346898
-0.0345949
-0.0343507
-0.0339578
-0.0334164
-0.0327593
-0.0320061
-0.0311959
-0.0303338
-0.0294282
-0.0284457
-0.0273533
-0.0260919
-0.0246197
-0.022892
-0.0209173
-0.0187139
-0.0163642
-0.0139492
-0.0115906
-0.00936447
-0.00736803
-0.00563422
-0.00418004
-0.00299686
-0.00205375
-0.00132354
-0.000693597
-0.000214981
-0.0266135
-0.0266653
-0.0267183
-0.0267636
-0.0268058
-0.026832
-0.0268453
-0.0268322
-0.0267994
-0.0267405
-0.0266774
-0.0266182
-0.0265977
-0.0266229
-0.0267179
-0.0268654
-0.02706
-0.0272567
-0.0274312
-0.0275369
-0.0275603
-0.0274808
-0.0273144
-0.0270701
-0.0267841
-0.0264738
-0.0261713
-0.0258788
-0.0256067
-0.0253319
-0.0250393
-0.0246824
-0.0242239
-0.0236071
-0.0227857
-0.0217142
-0.0203641
-0.0187374
-0.0168599
-0.0148001
-0.0126331
-0.0104798
-0.00842755
-0.00656406
-0.00494654
-0.00360015
-0.00251914
-0.00167141
-0.000920442
-0.000312389
-0.021063
-0.0210784
-0.0211126
-0.0211488
-0.0211876
-0.0212125
-0.0212297
-0.0212251
-0.0212087
-0.0211749
-0.0211457
-0.0211256
-0.0211428
-0.0211991
-0.0213128
-0.02147
-0.0216692
-0.0218793
-0.0220849
-0.0222518
-0.0223675
-0.0224128
-0.022393
-0.0223098
-0.0221874
-0.0220406
-0.0219
-0.0217743
-0.0216829
-0.0216103
-0.0215512
-0.0214626
-0.0213139
-0.021045
-0.020611
-0.0199598
-0.0190539
-0.0178747
-0.0164222
-0.0147251
-0.0128582
-0.010902
-0.00895731
-0.00711823
-0.00546147
-0.00404656
-0.0028864
-0.00195375
-0.00110782
-0.000379035
)
;

boundaryField
{
    aerofoil
    {
        type            zeroGradient;
    }
    inlet
    {
        type            zeroGradient;
    }
    outlet
    {
        type            fixedValue;
        value           uniform 0;
    }
    back
    {
        type            empty;
    }
    front
    {
        type            empty;
    }
}


// ************************************************************************* //
