/*--------------------------------*- C++ -*----------------------------------*\
  =========                 |
  \\      /  F ield         | OpenFOAM: The Open Source CFD Toolbox
   \\    /   O peration     | Website:  https://openfoam.org
    \\  /    A nd           | Version:  12
     \\/     M anipulation  |
\*---------------------------------------------------------------------------*/
FoamFile
{
    format      ascii;
    class       volVectorField;
    location    "50";
    object      U;
}
// * * * * * * * * * * * * * * * * * * * * * * * * * * * * * * * * * * * * * //

dimensions      [0 1 -1 0 0 0 0];

internalField   nonuniform List<vector> 
16200
(
(31.9294 5.06657e-16 -6.32153)
(25.6754 1.73834e-20 -4.52625)
(24.637 -1.93172e-20 -4.76202)
(23.4887 2.26581e-20 -5.27277)
(22.9571 -1.4616e-20 -5.39902)
(23.0433 -4.02661e-17 -4.78584)
(23.0369 0 -4.22068)
(22.9699 -2.44734e-17 -4.19135)
(22.8636 -3.36369e-17 -4.51052)
(22.7539 -4.36474e-18 -4.75113)
(22.6575 -1.47686e-19 -4.71544)
(22.4989 -5.16663e-18 -4.5383)
(22.4218 9.65023e-18 -4.45485)
(22.3291 -2.80672e-20 -4.47326)
(22.2858 9.59276e-18 -4.51127)
(22.2752 -2.56749e-20 -4.5253)
(22.2718 -7.39765e-18 -4.50201)
(22.2415 -8.77595e-18 -4.48756)
(22.169 1.03588e-17 -4.50134)
(22.0788 -4.43567e-20 -4.5084)
(21.9818 0 -4.4957)
(21.9081 0 -4.48199)
(21.8421 -8.46657e-18 -4.47036)
(21.7875 -1.87827e-17 -4.45966)
(21.7558 -1.97515e-21 -4.46582)
(21.7652 -8.36434e-20 -4.49927)
(21.8323 -5.90753e-18 -4.55879)
(21.9714 6.12403e-18 -4.64271)
(22.1606 3.32443e-18 -4.7448)
(22.4172 3.36474e-18 -4.8587)
(22.7275 0 -4.97656)
(23.0876 -7.2975e-18 -5.09466)
(23.4897 -1.88571e-18 -5.21246)
(23.9237 2.47501e-19 -5.3292)
(24.3738 -2.45708e-19 -5.4425)
(24.8218 2.59671e-19 -5.54907)
(25.2465 -5.24392e-19 -5.64634)
(25.6178 1.61294e-18 -5.73231)
(25.9114 -2.73096e-19 -5.80714)
(26.1178 0 -5.87158)
(26.2621 0 -5.9292)
(26.3653 0 -5.9791)
(26.4362 3.21996e-19 -6.01971)
(26.4841 8.35314e-21 -6.05328)
(26.5129 8.07183e-21 -6.08368)
(26.5212 3.82419e-21 -6.11641)
(26.5041 -3.77645e-19 -6.15713)
(26.4544 3.86751e-19 -6.21116)
(26.3642 4.13525e-19 -6.28318)
(26.2248 2.19554e-19 -6.37478)
(26.0248 -2.30842e-19 -6.47592)
(25.7577 4.94115e-19 -6.55814)
(25.4266 8.29155e-21 -6.57153)
(25.0508 1.49017e-19 -6.46279)
(24.6678 9.98196e-21 -6.19517)
(24.3187 1.92537e-19 -5.71155)
(24.0078 0 -4.85554)
(23.7804 -1.40076e-19 -3.56052)
(23.8665 -2.66727e-21 -2.29579)
(24.4735 0 -1.56211)
(41.3909 -2.34349e-16 -8.75514)
(33.6803 0 -5.86868)
(32.1609 -8.54066e-21 -6.02681)
(30.4545 9.32656e-21 -6.81647)
(29.5824 0 -7.11596)
(29.5088 -2.13997e-19 -6.272)
(29.4437 0 -5.43602)
(29.306 0 -5.27281)
(29.1551 8.65493e-18 -5.63767)
(29.0228 4.55101e-18 -6.00998)
(28.9355 7.92878e-20 -6.03235)
(28.8322 2.84833e-18 -5.81973)
(28.8207 0 -5.68659)
(28.7929 -9.29089e-21 -5.70732)
(28.8174 -5.68003e-18 -5.77154)
(28.8966 -1.32679e-20 -5.81043)
(29.0372 4.59754e-18 -5.79666)
(29.2099 5.42645e-18 -5.80043)
(29.3869 -5.27497e-21 -5.85971)
(29.5756 5.55998e-20 -5.91509)
(29.7713 0 -5.93963)
(30.0094 0 -5.95964)
(30.2827 5.30164e-18 -5.98705)
(30.5918 -1.03793e-20 -6.0159)
(30.9253 6.19365e-18 -6.05704)
(31.2627 3.47372e-18 -6.11246)
(31.5809 -3.69274e-18 -6.17015)
(31.8634 -4.76038e-21 -6.21996)
(32.0902 1.3033e-19 -6.2641)
(32.2462 -1.34496e-19 -6.29698)
(32.3274 -2.08768e-18 -6.32119)
(32.3384 2.33121e-18 -6.33742)
(32.2949 1.57164e-19 -6.3437)
(32.2144 -1.59097e-19 -6.33251)
(32.1103 0 -6.29574)
(31.9891 -1.4214e-18 -6.2304)
(31.8549 5.53292e-19 -6.14228)
(31.7058 1.91101e-19 -6.04567)
(31.5402 0 -5.95698)
(31.3578 8.4993e-19 -5.88633)
(31.1508 -2.26181e-19 -5.82847)
(30.9245 2.30384e-19 -5.77215)
(30.6933 0 -5.70867)
(30.463 0 -5.63263)
(30.2328 -2.72037e-19 -5.54386)
(29.995 2.90511e-19 -5.44643)
(29.7376 -3.00313e-19 -5.34592)
(29.4469 0 -5.24622)
(29.1092 1.78805e-19 -5.14599)
(28.7128 0 -5.03581)
(28.2532 0 -4.89704)
(27.74 2.35204e-19 -4.70375)
(27.2028 -3.56552e-19 -4.42871)
(26.687 -7.10418e-19 -4.05347)
(26.2401 3.20874e-19 -3.57655)
(25.8971 1.91273e-19 -3.00036)
(25.6826 -6.38015e-19 -2.30472)
(25.6204 2.57403e-19 -1.53455)
(25.7231 1.43532e-19 -1.12026)
(25.8872 0 -1.50322)
(45.0955 0 -9.62817)
(37.6967 -6.77712e-21 -6.42728)
(36.0085 8.20043e-21 -6.65271)
(34.0617 0 -7.69737)
(33.0274 -4.06222e-17 -7.94933)
(32.8087 -2.31783e-19 -6.91244)
(32.6078 0 -6.02824)
(32.3727 0 -5.85529)
(32.1735 6.22262e-18 -6.22394)
(32.0689 -3.35804e-18 -6.62939)
(32.0584 -1.2216e-19 -6.67599)
(32.0716 -3.83265e-21 -6.48045)
(32.176 -4.43431e-18 -6.36389)
(32.275 -3.74607e-21 -6.41071)
(32.4273 1.70151e-20 -6.50149)
(32.6211 0 -6.56775)
(32.8606 -3.95178e-18 -6.58695)
(33.1203 3.93349e-20 -6.63116)
(33.3776 5.48749e-18 -6.72362)
(33.6307 -6.26686e-18 -6.79711)
(33.8552 -3.6749e-18 -6.83229)
(34.0426 5.98443e-20 -6.85268)
(34.1781 7.05793e-20 -6.8786)
(34.2621 4.68574e-18 -6.90544)
(34.2927 -5.13816e-18 -6.93599)
(34.2694 -2.83296e-18 -6.96371)
(34.1943 3.01113e-18 -6.97588)
(34.0732 9.91465e-20 -6.96627)
(33.9066 -9.55989e-20 -6.94697)
(33.6973 0 -6.92436)
(33.4526 2.08322e-18 -6.9107)
(33.1844 -2.39896e-19 -6.90783)
(32.9108 2.63693e-19 -6.90757)
(32.6496 -2.67128e-19 -6.89543)
(32.411 1.14254e-18 -6.86008)
(32.1921 -3.04889e-19 -6.80003)
(31.9757 5.57394e-22 -6.72429)
(31.7472 -3.16476e-19 -6.64589)
(31.496 3.40327e-19 -6.57354)
(31.2226 -1.40259e-18 -6.50751)
(30.9368 3.6243e-19 -6.44221)
(30.6511 -3.91891e-19 -6.37158)
(30.3733 3.99455e-19 -6.29328)
(30.1026 0 -6.20962)
(29.8302 -6.78617e-19 -6.12511)
(29.5432 7.00612e-19 -6.04249)
(29.2286 5.04168e-19 -5.95918)
(28.8764 -7.89187e-19 -5.86464)
(28.4832 2.95958e-19 -5.7392)
(28.0555 -9.14155e-19 -5.55534)
(27.6121 1.71752e-19 -5.28299)
(27.1856 -1.78987e-19 -4.89914)
(26.8158 2.02893e-19 -4.39718)
(26.5397 2.23978e-19 -3.79181)
(26.3823 -1.27996e-19 -3.11748)
(26.3543 0 -2.41817)
(26.4518 -1.55211e-19 -1.72212)
(26.6591 3.75292e-19 -1.06037)
(26.951 -4.5029e-19 -0.661415)
(27.234 2.8807e-19 -0.880102)
(47.2816 1.10086e-16 -9.92883)
(40.4606 0 -6.98191)
(38.8446 0 -7.28076)
(36.8907 0 -8.355)
(35.8497 -1.32111e-19 -8.39532)
(35.4832 -2.17808e-19 -7.30089)
(35.1285 1.1812e-17 -6.51978)
(34.8184 8.83661e-18 -6.40412)
(34.616 -1.19719e-17 -6.76949)
(34.5928 1.61971e-18 -7.14824)
(34.7179 5.9929e-20 -7.18381)
(34.8906 -2.27196e-21 -7.02874)
(35.1441 -1.58951e-21 -6.9726)
(35.3919 -3.44858e-18 -7.05078)
(35.667 0 -7.14794)
(35.8983 0 -7.21495)
(36.0373 3.70191e-18 -7.23393)
(36.0794 -4.33756e-18 -7.24614)
(36.0515 -1.03402e-17 -7.25222)
(35.9783 5.8172e-18 -7.21254)
(35.853 3.25726e-18 -7.13967)
(35.6825 3.60633e-18 -7.06063)
(35.4787 0 -7.00201)
(35.2578 0 -6.957)
(35.0341 4.57864e-18 -6.91507)
(34.8146 -2.59113e-18 -6.86178)
(34.5974 3.22157e-19 -6.79152)
(34.3772 -3.05894e-18 -6.70813)
(34.1436 -1.25539e-18 -6.62985)
(33.8897 1.93976e-19 -6.56667)
(33.6163 -1.95968e-19 -6.52675)
(33.3328 -1.6963e-18 -6.49943)
(33.0566 0 -6.46572)
(32.8019 0 -6.40981)
(32.5709 -9.68125e-19 -6.32957)
(32.3521 2.01736e-18 -6.23648)
(32.1265 2.66704e-19 -6.14693)
(31.8794 -2.7006e-19 -6.07102)
(31.6073 0 -6.00657)
(31.3185 0 -5.94247)
(31.0266 -3.20425e-19 -5.86734)
(30.7412 -3.41769e-19 -5.77651)
(30.4626 -3.58083e-19 -5.67256)
(30.1822 3.59938e-19 -5.561)
(29.8871 -5.78257e-21 -5.44466)
(29.5656 -6.13837e-19 -5.31955)
(29.2116 4.26084e-19 -5.17355)
(28.8279 2.27733e-19 -4.98788)
(28.4271 0 -4.74103)
(28.0325 -3.79409e-21 -4.41502)
(27.6754 4.46721e-19 -4.00241)
(27.3883 -1.42985e-18 -3.51126)
(27.1967 5.18078e-19 -2.96467)
(27.1125 -1.91067e-19 -2.3961)
(27.134 0 -1.84466)
(27.2477 -4.51344e-19 -1.34673)
(27.4276 5.06307e-19 -0.913882)
(27.6408 -1.38088e-19 -0.53772)
(27.8656 0 -0.338553)
(28.0617 0 -0.569836)
(49.0955 -2.60696e-16 -9.89149)
(42.4801 0 -7.66681)
(40.9653 -1.11956e-20 -7.91414)
(39.1973 3.26691e-20 -8.6486)
(38.2681 -1.78263e-19 -8.50433)
(37.8405 3.13593e-17 -7.61155)
(37.4334 1.24037e-19 -7.04772)
(37.1501 -9.53111e-18 -7.01367)
(37.0303 1.55607e-19 -7.33991)
(37.1079 1.9695e-21 -7.63677)
(37.3009 7.6061e-21 -7.65301)
(37.4559 -1.72831e-20 -7.5403)
(37.5682 4.4226e-18 -7.48941)
(37.5644 9.65814e-21 -7.51178)
(37.4703 0 -7.52568)
(37.2995 -5.71695e-18 -7.52206)
(37.0683 0 -7.49288)
(36.8045 4.03751e-18 -7.45013)
(36.5339 9.18151e-18 -7.39045)
(36.2693 -5.11136e-18 -7.30886)
(35.9994 0 -7.23178)
(35.7234 -3.15239e-18 -7.17034)
(35.4468 0 -7.1382)
(35.1788 0 -7.11676)
(34.9299 -1.96816e-18 -7.08314)
(34.7001 2.21327e-18 -7.02219)
(34.478 -2.18722e-18 -6.94168)
(34.2502 -1.45758e-19 -6.85939)
(34.0033 1.21587e-18 -6.79626)
(33.7331 0 -6.75686)
(33.4463 1.01233e-18 -6.73571)
(33.1598 1.77063e-18 -6.71022)
(32.892 0 -6.65903)
(32.6511 0 -6.57565)
(32.4289 0 -6.47143)
(32.2069 -8.44176e-19 -6.36562)
(31.9668 0 -6.2718)
(31.7013 0 -6.19047)
(31.4162 0 -6.11158)
(31.1245 0 -6.02331)
(30.8368 -5.37978e-19 -5.91949)
(30.5552 5.44464e-19 -5.80089)
(30.273 -3.01159e-19 -5.67065)
(29.9799 6.03872e-19 -5.52866)
(29.6675 -4.21507e-21 -5.3682)
(29.3348 6.96179e-19 -5.17617)
(28.9891 -1.64236e-18 -4.93629)
(28.6469 9.62902e-19 -4.63389)
(28.3307 2.07986e-19 -4.26116)
(28.0657 6.75737e-19 -3.82141)
(27.8742 -4.79376e-19 -3.33052)
(27.7694 1.15594e-18 -2.81413)
(27.7527 4.09968e-19 -2.30172)
(27.8146 -2.91697e-21 -1.82052)
(27.9385 -4.81834e-19 -1.39293)
(28.1039 0 -1.0321)
(28.2868 0 -0.729251)
(28.4663 1.09228e-19 -0.460209)
(28.6378 0 -0.292159)
(28.7849 -1.43002e-19 -0.403006)
(50.9545 1.72649e-16 -9.84435)
(44.2925 0 -8.35411)
(42.7739 -2.48701e-20 -8.4511)
(41.2113 2.7235e-20 -8.652)
(40.3981 4.18355e-17 -8.45385)
(39.9713 -1.71496e-17 -7.94484)
(39.6005 -2.76741e-17 -7.65272)
(39.3723 1.03681e-17 -7.64545)
(39.2285 1.35425e-17 -7.81579)
(39.1092 1.73213e-18 -7.93787)
(38.9385 4.34833e-21 -7.90146)
(38.671 -4.59403e-21 -7.77894)
(38.38 -4.33891e-18 -7.65122)
(38.0734 3.2052e-18 -7.5833)
(37.7651 2.94419e-20 -7.53408)
(37.4632 5.1012e-18 -7.49409)
(37.1629 5.08206e-20 -7.43911)
(36.8682 -5.16381e-20 -7.3586)
(36.5852 -4.10772e-18 -7.25926)
(36.3111 4.40303e-18 -7.16441)
(36.0304 1.46399e-19 -7.09882)
(35.7452 2.85319e-18 -7.05225)
(35.465 1.22631e-20 -7.02099)
(35.2014 1.11202e-20 -6.9815)
(34.9629 -4.15023e-19 -6.91539)
(34.7429 1.96501e-18 -6.82012)
(34.5237 2.07665e-18 -6.71591)
(34.2888 1.69893e-18 -6.6267)
(34.0285 -1.02112e-18 -6.56786)
(33.7454 -2.78052e-19 -6.53202)
(33.4546 -2.01178e-18 -6.50053)
(33.1762 1.21161e-18 -6.44937)
(32.923 0 -6.36774)
(32.6922 3.353e-19 -6.26333)
(32.4673 -3.38496e-19 -6.15438)
(32.229 -7.16852e-19 -6.05525)
(31.967 3.69397e-19 -5.96744)
(31.684 -7.94918e-21 -5.88126)
(31.3914 -4.17731e-19 -5.78447)
(31.1002 8.61479e-19 -5.66999)
(30.8139 -4.44695e-19 -5.53741)
(30.5284 7.15976e-19 -5.3886)
(30.2365 -9.95759e-19 -5.22248)
(29.9338 1.31158e-18 -5.03232)
(29.6228 -2.71286e-19 -4.80717)
(29.3138 -5.94759e-19 -4.53563)
(29.0237 -1.7035e-19 -4.21045)
(28.7717 9.90451e-19 -3.83194)
(28.5762 -1.57237e-18 -3.40965)
(28.4501 3.72026e-19 -2.96129)
(28.3979 -1.98598e-19 -2.50933)
(28.4149 0 -2.07596)
(28.4891 6.4371e-19 -1.67868)
(28.6044 -6.92175e-19 -1.32816)
(28.7444 -1.11059e-18 -1.02898)
(28.8942 5.32537e-19 -0.77965)
(29.0403 -5.754e-19 -0.566459)
(29.1739 8.03283e-19 -0.36881)
(29.2979 1.79467e-19 -0.230354)
(29.4051 3.24282e-19 -0.279867)
(52.0255 0 -9.82932)
(45.7357 2.9518e-20 -8.79038)
(44.2292 -3.51588e-20 -8.7611)
(42.8138 5.01325e-17 -8.58906)
(42.055 0 -8.42557)
(41.4838 3.02343e-20 -8.2339)
(40.9455 2.85757e-17 -8.10082)
(40.4536 -1.04113e-17 -7.99415)
(39.995 -6.54872e-18 -7.93957)
(39.5801 -1.61647e-18 -7.89738)
(39.1804 -8.07856e-21 -7.86866)
(38.7673 3.11234e-20 -7.82164)
(38.3904 3.79186e-18 -7.72114)
(38.0469 2.75e-18 -7.64406)
(37.7237 3.64726e-18 -7.57843)
(37.4161 0 -7.52679)
(37.1152 0 -7.46286)
(36.8217 0 -7.37152)
(36.536 0 -7.27136)
(36.2511 1.21856e-19 -7.19941)
(35.9566 -2.57384e-19 -7.1702)
(35.662 1.51015e-19 -7.15184)
(35.3811 0 -7.12434)
(35.125 0 -7.067)
(34.8957 0 -6.97974)
(34.6778 1.27849e-21 -6.87887)
(34.4499 -1.74334e-18 -6.78779)
(34.1988 1.99152e-19 -6.72084)
(33.9229 2.2122e-19 -6.67762)
(33.6338 2.45209e-19 -6.63846)
(33.3507 4.90038e-19 -6.58147)
(33.089 -4.95805e-19 -6.49368)
(32.8504 -5.21706e-19 -6.38051)
(32.6221 0 -6.25893)
(32.3859 5.8603e-19 -6.14382)
(32.1297 6.20327e-19 -6.03813)
(31.8537 -1.88892e-18 -5.93345)
(31.5671 1.31067e-18 -5.81791)
(31.2802 0 -5.68364)
(30.9982 7.38437e-19 -5.52855)
(30.7196 -7.50488e-19 -5.35287)
(30.4407 0 -5.15477)
(30.1606 0 -4.92864)
(29.8841 6.75888e-19 -4.66691)
(29.6222 -6.87341e-19 -4.36357)
(29.3894 -9.9017e-19 -4.0176)
(29.2004 1.02619e-18 -3.63476)
(29.0667 4.03252e-19 -3.22736)
(28.9939 1.13499e-18 -2.81209)
(28.9808 -2.88033e-19 -2.4067)
(29.0198 -4.67847e-19 -2.02655)
(29.0991 -4.86313e-19 -1.68208)
(29.2053 5.15071e-19 -1.37794)
(29.3258 -5.26709e-19 -1.11384)
(29.4505 7.62762e-19 -0.886548)
(29.5718 -4.05766e-19 -0.690803)
(29.6841 2.20554e-19 -0.515849)
(29.7845 -1.22997e-19 -0.348285)
(29.8774 4.16555e-19 -0.216567)
(29.9582 -1.6802e-19 -0.206294)
(52.0265 0 -9.58095)
(46.2189 0 -8.84981)
(44.7685 0 -8.85617)
(43.3859 -4.70098e-17 -8.52679)
(42.5569 0 -8.35017)
(41.8179 5.62972e-20 -8.25171)
(41.1536 -2.62798e-17 -8.17894)
(40.5569 9.35823e-18 -8.04618)
(40.0431 -5.76264e-18 -7.90269)
(39.6092 -1.36909e-18 -7.77569)
(39.1963 4.85836e-21 -7.74208)
(38.7722 0 -7.74259)
(38.3881 3.21586e-18 -7.6808)
(38.0438 4.1899e-20 -7.60669)
(37.7247 -2.96034e-18 -7.51654)
(37.423 -5.27738e-20 -7.43145)
(37.1279 0 -7.34111)
(36.8369 -2.64195e-18 -7.23588)
(36.547 -1.85919e-20 -7.13546)
(36.2524 -2.75274e-18 -7.07221)
(35.9509 -2.08218e-19 -7.04779)
(35.6573 -3.80949e-18 -7.02166)
(35.3858 0 -6.9686)
(35.1422 0 -6.87815)
(34.9187 0 -6.76915)
(34.6942 -1.23089e-18 -6.66999)
(34.4497 1.29782e-18 -6.59772)
(34.1802 3.54125e-19 -6.54988)
(33.8938 2.36317e-21 -6.51057)
(33.6074 -3.99325e-19 -6.4567)
(33.3373 0 -6.37437)
(33.0886 4.36306e-19 -6.26501)
(32.853 -1.33649e-18 -6.14268)
(32.6145 -4.75201e-19 -6.02152)
(32.3608 4.79964e-19 -5.90581)
(32.09 -5.12928e-19 -5.78914)
(31.809 0 -5.66085)
(31.5272 -8.51117e-19 -5.51304)
(31.2507 5.79733e-19 -5.34266)
(30.9806 9.35525e-19 -5.14911)
(30.7164 -6.37247e-19 -4.93079)
(30.4597 6.8675e-19 -4.68417)
(30.2167 -7.00949e-19 -4.40531)
(29.9973 0 -4.09278)
(29.8129 -3.14899e-21 -3.74976)
(29.6734 1.99756e-19 -3.38453)
(29.5847 4.21275e-19 -3.00927)
(29.5476 -4.37884e-19 -2.6378)
(29.5575 9.06938e-19 -2.28301)
(29.6061 -9.42143e-19 -1.95465)
(29.6831 -3.6356e-19 -1.65834)
(29.7779 -1.30726e-19 -1.39551)
(29.8811 -9.18387e-19 -1.16426)
(29.9857 1.25449e-18 -0.96074)
(30.0867 0 -0.780523)
(30.181 0 -0.619029)
(30.2663 5.08208e-19 -0.469422)
(30.3424 -5.75579e-19 -0.32429)
(30.4128 0 -0.200621)
(30.4739 0 -0.148933)
(51.7998 2.57735e-20 -9.27105)
(46.2796 -5.53761e-17 -8.73087)
(44.7962 4.17013e-20 -8.86767)
(43.4171 -4.1045e-17 -8.52685)
(42.5766 7.75309e-20 -8.31367)
(41.8248 -4.83032e-20 -8.1923)
(41.1527 1.12044e-17 -8.13214)
(40.547 -7.87322e-18 -8.03587)
(40.0289 4.81892e-18 -7.90822)
(39.592 1.12532e-18 -7.76745)
(39.1738 0 -7.71856)
(38.7473 0 -7.71955)
(38.3616 -2.71828e-18 -7.67187)
(38.0164 -3.94917e-18 -7.60699)
(37.698 0 -7.51454)
(37.3967 0 -7.42111)
(37.1001 -3.48704e-18 -7.33149)
(36.8029 1.95134e-18 -7.24297)
(36.5022 0 -7.16552)
(36.1973 2.6356e-18 -7.11371)
(35.8942 0 -7.0789)
(35.609 1.3943e-18 -7.02779)
(35.3507 2.10292e-19 -6.94565)
(35.1163 1.85133e-18 -6.83513)
(34.8903 -2.21324e-18 -6.72249)
(34.6519 2.53417e-19 -6.63231)
(34.3907 2.82439e-19 -6.56837)
(34.1114 -2.84948e-19 -6.51574)
(33.8277 6.28505e-19 -6.45404)
(33.5547 1.30996e-18 -6.36779)
(33.3 0 -6.25597)
(33.0588 7.34643e-19 -6.1288)
(32.8188 1.08889e-20 -5.99839)
(32.5687 0 -5.86934)
(32.3052 0 -5.73693)
(32.0334 4.30847e-19 -5.59206)
(31.7616 9.23686e-19 -5.4272)
(31.4963 3.07264e-20 -5.23875)
(31.2407 -2.23888e-18 -5.02567)
(30.9969 -2.88806e-19 -4.7871)
(30.768 2.17335e-18 -4.52177)
(30.5602 -1.12105e-18 -4.22915)
(30.3816 0 -3.91139)
(30.2402 1.23538e-18 -3.57423)
(30.1416 -1.73917e-18 -3.2267)
(30.0876 -3.28687e-19 -2.87964)
(30.0758 1.34832e-18 -2.54376)
(30.1006 1.76175e-19 -2.22787)
(30.1539 1.6876e-19 -1.93776)
(30.2271 -1.48581e-18 -1.67596)
(30.3121 9.59738e-19 -1.44208)
(30.402 -9.90406e-19 -1.23371)
(30.4919 0 -1.04729)
(30.5781 -1.18986e-18 -0.879)
(30.6586 6.21354e-21 -0.725223)
(30.7322 1.47817e-18 -0.582483)
(30.7979 -1.06726e-18 -0.446732)
(30.8564 2.94375e-19 -0.314793)
(30.9105 0 -0.194947)
(30.9566 0 -0.108772)
(51.5585 -1.03628e-16 -8.96274)
(46.332 4.66775e-17 -8.53221)
(44.8105 0 -8.77542)
(43.4295 3.44358e-17 -8.50343)
(42.5799 0 -8.30555)
(41.8292 0 -8.15116)
(41.1607 0 -8.05723)
(40.5543 6.62163e-18 -7.96349)
(40.0318 -6.45758e-20 -7.86143)
(39.5865 2.32865e-20 -7.74508)
(39.1624 -1.11133e-20 -7.69153)
(38.7403 1.13848e-20 -7.66386)
(38.3621 0 -7.58865)
(38.0227 1.65723e-18 -7.5009)
(37.707 2.19958e-18 -7.39571)
(37.404 -1.61521e-19 -7.29857)
(37.1017 3.11072e-18 -7.21783)
(36.7952 0 -7.15112)
(36.4847 -2.63257e-19 -7.09409)
(36.1755 2.66433e-19 -7.04198)
(35.8779 0 -6.98178)
(35.6046 -1.3568e-18 -6.89756)
(35.3563 3.75273e-19 -6.79259)
(35.1219 -3.48757e-18 -6.68008)
(34.8838 1.22342e-18 -6.58083)
(34.6281 4.27738e-19 -6.50398)
(34.3545 -9.36769e-19 -6.44006)
(34.074 0 -6.37107)
(33.8 -1.58395e-18 -6.28276)
(33.5402 -9.53482e-21 -6.17099)
(33.2933 0 -6.04244)
(33.0504 -6.20873e-19 -5.90655)
(32.802 1.26583e-18 -5.76769)
(32.5446 0 -5.62265)
(32.2819 -7.13572e-19 -5.46415)
(32.0211 3.54603e-19 -5.28566)
(31.769 0 -5.08378)
(31.5302 0 -4.85762)
(31.3081 2.09398e-19 -4.60735)
(31.1068 0 -4.33369)
(30.9317 0 -4.03868)
(30.7886 -1.89088e-18 -3.72663)
(30.6824 2.16638e-18 -3.40436)
(30.6153 0 -3.0804)
(30.5862 1.0851e-20 -2.76363)
(30.5914 1.34962e-19 -2.46188)
(30.6246 -1.38633e-19 -2.18083)
(30.679 1.23718e-18 -1.9236)
(30.7474 -2.41259e-18 -1.69086)
(30.8236 1.31074e-18 -1.4814)
(30.9028 0 -1.2927)
(30.981 8.66298e-21 -1.12167)
(31.0559 1.58089e-19 -0.965117)
(31.1258 1.75051e-19 -0.820173)
(31.1899 7.16757e-19 -0.684157)
(31.2474 -1.72405e-18 -0.554311)
(31.2982 9.34788e-19 -0.42844)
(31.3433 5.71091e-21 -0.306557)
(31.3849 0 -0.190245)
(31.4194 7.23869e-20 -0.0773825)
(51.2831 8.6704e-17 -8.6529)
(46.3771 0 -8.34082)
(44.8303 -3.42942e-17 -8.61958)
(43.4526 6.43029e-20 -8.40202)
(42.5882 0 -8.2547)
(41.8289 0 -8.12119)
(41.1566 7.78309e-18 -8.0256)
(40.5477 -5.46309e-18 -7.93191)
(40.0207 -3.39857e-18 -7.8443)
(39.5655 -7.83806e-19 -7.75705)
(39.1342 0 -7.7138)
(38.7166 1.09587e-18 -7.66861)
(38.3459 2.0278e-18 -7.56991)
(38.0113 2.34406e-20 -7.46055)
(37.6952 -1.0045e-19 -7.34667)
(37.3862 -2.16868e-18 -7.25297)
(37.0747 0 -7.18458)
(36.7593 0 -7.13413)
(36.4439 2.2255e-19 -7.08618)
(36.1375 -4.73309e-19 -7.02487)
(35.8502 2.50927e-19 -6.93922)
(35.5873 8.43653e-19 -6.82966)
(35.3422 1.83573e-18 -6.71242)
(35.1004 1.32237e-18 -6.6035)
(34.848 -3.38986e-19 -6.51241)
(34.5806 0 -6.43382)
(34.3051 7.86357e-19 -6.35271)
(34.0329 0 -6.25609)
(33.7718 -8.89424e-19 -6.13931)
(33.5222 -4.67823e-19 -6.00559)
(33.2784 0 -5.86154)
(33.0333 1.04796e-18 -5.71059)
(32.7839 -1.5954e-18 -5.55054)
(32.5328 -5.64748e-19 -5.37584)
(32.2862 0 -5.1813)
(32.0509 1.25602e-18 -4.96432)
(31.832 3.62726e-20 -4.72476)
(31.6339 3.3232e-20 -4.46397)
(31.4605 -1.37704e-18 -4.18442)
(31.3159 1.77795e-19 -3.88987)
(31.204 1.67857e-18 -3.58578)
(31.1267 -1.52143e-18 -3.27897)
(31.0839 1.56331e-18 -2.97685)
(31.0731 -1.93488e-19 -2.68628)
(31.0895 -1.42825e-18 -2.41264)
(31.1276 0 -2.15937)
(31.1812 0 -1.92782)
(31.2449 -1.84799e-18 -1.71763)
(31.3138 1.78746e-18 -1.52714)
(31.3843 -1.17956e-19 -1.35398)
(31.4536 -2.29543e-19 -1.19543)
(31.5197 1.09705e-18 -1.04877)
(31.5815 -1.14821e-18 -0.911585)
(31.6382 0 -0.781819)
(31.6893 0 -0.657433)
(31.7345 7.93102e-21 -0.53604)
(31.7737 -8.34342e-20 -0.416682)
(31.8085 4.5588e-21 -0.301838)
(31.8404 -3.9806e-19 -0.18792)
(31.8656 3.99308e-19 -0.0533307)
(50.9767 -7.06274e-17 -8.31637)
(46.4115 0 -8.17806)
(44.8469 2.85792e-17 -8.47112)
(43.4833 0 -8.26095)
(42.6088 -2.08047e-17 -8.13729)
(41.8406 7.47756e-20 -8.03075)
(41.1616 -6.51079e-18 -7.95402)
(40.549 0 -7.87018)
(40.0192 2.85877e-18 -7.78756)
(39.5579 -1.5628e-20 -7.71046)
(39.1241 7.15995e-21 -7.6642)
(38.7134 -9.17034e-19 -7.60105)
(38.3493 3.23883e-22 -7.48801)
(38.0162 0 -7.36822)
(37.6959 -1.59379e-18 -7.25311)
(37.3782 2.17359e-19 -7.16274)
(37.058 -2.2977e-18 -7.09686)
(36.7377 0 -7.04425)
(36.4239 0 -6.987)
(36.1253 4.18406e-19 -6.90974)
(35.8476 3.40432e-20 -6.80784)
(35.5891 -4.62343e-19 -6.69033)
(35.3391 -1.52667e-18 -6.57449)
(35.0855 3.19203e-20 -6.47066)
(34.8218 -5.73067e-19 -6.37799)
(34.5506 -6.31117e-19 -6.28536)
(34.2807 0 -6.1807)
(34.0195 0 -6.05855)
(33.7685 7.47624e-19 -5.92022)
(33.5246 1.19788e-18 -5.76975)
(33.2831 -8.12101e-19 -5.60959)
(33.0416 8.84531e-19 -5.43824)
(32.8025 -8.93418e-19 -5.25163)
(32.5712 4.75315e-19 -5.04598)
(32.3538 1.00777e-18 -4.81965)
(32.1556 -1.8073e-18 -4.5733)
(31.981 7.94575e-19 -4.30935)
(31.8334 0 -4.03141)
(31.7157 8.70551e-19 -3.74422)
(31.6295 -1.60691e-18 -3.45347)
(31.5749 1.34958e-18 -3.1654)
(31.5502 -1.22763e-18 -2.88605)
(31.5519 -1.60885e-19 -2.62049)
(31.5753 1.64082e-19 -2.37226)
(31.6154 -1.45241e-18 -2.14321)
(31.6672 1.32214e-18 -1.93365)
(31.7262 1.63434e-19 -1.74265)
(31.7887 1.66602e-19 -1.56846)
(31.852 -1.70275e-19 -1.40889)
(31.914 -1.74606e-19 -1.2616)
(31.9732 1.90488e-19 -1.12429)
(32.0285 -1.86034e-19 -0.994805)
(32.0793 -1.58446e-18 -0.871368)
(32.1253 2.49828e-18 -0.752521)
(32.1662 -2.17822e-19 -0.636643)
(32.2015 -8.18404e-19 -0.521534)
(32.2315 -8.87591e-19 -0.407116)
(32.258 6.2785e-19 -0.29784)
(32.282 6.20043e-19 -0.186098)
(32.2998 1.08555e-20 -0.0342656)
(50.6428 1.21667e-18 -7.91871)
(46.4391 0 -7.99613)
(44.8558 0 -8.34089)
(43.5074 1.40976e-19 -8.14686)
(42.6229 -4.1932e-20 -8.03715)
(41.8465 6.93011e-18 -7.9465)
(41.1608 0 -7.88593)
(40.5446 -4.68502e-20 -7.81358)
(40.0124 4.84804e-20 -7.73524)
(39.5468 5.05165e-19 -7.66156)
(39.1129 1.05066e-20 -7.60731)
(38.7089 8.56966e-19 -7.53166)
(38.348 -1.43964e-18 -7.4187)
(38.0115 1.38076e-19 -7.30556)
(37.6832 -1.39586e-18 -7.20076)
(37.3564 1.53255e-18 -7.11527)
(37.0306 3.6624e-18 -7.04358)
(36.7107 -7.85686e-19 -6.97438)
(36.4034 -2.86652e-19 -6.89495)
(36.1141 -1.35119e-18 -6.79792)
(35.8428 0 -6.6856)
(35.5832 0 -6.56801)
(35.3256 8.64297e-19 -6.45536)
(35.0631 4.79799e-19 -6.34927)
(34.7958 2.86618e-20 -6.24338)
(34.5292 -5.3517e-19 -6.12827)
(34.2697 5.52254e-19 -5.99809)
(34.0197 -6.12523e-19 -5.85248)
(33.7779 6.18316e-19 -5.69363)
(33.5415 0 -5.52295)
(33.3094 -1.07191e-18 -5.33951)
(33.0836 1.43333e-18 -5.14067)
(32.8688 0 -4.92412)
(32.6705 3.94081e-19 -4.68939)
(32.4935 -2.0791e-18 -4.43807)
(32.3418 -3.60829e-20 -4.17339)
(32.2179 1.96959e-18 -3.89964)
(32.1234 0 -3.62186)
(32.0583 4.63655e-19 -3.34543)
(32.0215 2.42193e-19 -3.07564)
(32.0101 -4.82568e-19 -2.81711)
(32.0205 1.71876e-18 -2.57339)
(32.0482 -1.98899e-18 -2.34664)
(32.0888 0 -2.13768)
(32.1381 3.80428e-19 -1.94617)
(32.1928 0 -1.77092)
(32.2499 -2.3642e-18 -1.61022)
(32.3073 2.01362e-18 -1.46206)
(32.3633 2.32578e-18 -1.32443)
(32.4168 -3.36293e-18 -1.19533)
(32.4669 1.15849e-18 -1.07294)
(32.5132 1.34593e-18 -0.95556)
(32.5551 -1.39671e-18 -0.841875)
(32.5925 0 -0.730851)
(32.625 1.772e-19 -0.621109)
(32.6524 1.78518e-19 -0.510587)
(32.675 -1.01834e-19 -0.399812)
(32.6948 0 -0.294845)
(32.7125 -4.82394e-19 -0.184894)
(32.7241 5.42719e-19 -0.0191867)
(50.2802 1.22219e-18 -7.46492)
(46.462 -5.20533e-20 -7.75837)
(44.8656 -1.37753e-19 -8.17487)
(43.5319 2.68716e-19 -8.02408)
(42.635 1.43278e-17 -7.94077)
(41.851 -1.16398e-17 -7.86447)
(41.1612 -4.89019e-20 -7.80975)
(40.545 -3.20433e-18 -7.73592)
(40.0135 -1.22102e-19 -7.64952)
(39.5467 4.40228e-19 -7.56704)
(39.1149 -1.50246e-19 -7.49739)
(38.7166 -1.38616e-18 -7.41051)
(38.3555 5.78628e-20 -7.30318)
(38.0126 0 -7.20236)
(37.6756 9.0558e-19 -7.10987)
(37.342 3.27021e-19 -7.02724)
(37.0144 -1.7252e-18 -6.94592)
(36.6985 1.3751e-18 -6.85744)
(36.3985 -4.85058e-19 -6.7565)
(36.1155 1.13434e-18 -6.64367)
(35.8456 -6.47204e-19 -6.52477)
(35.5817 1.35574e-18 -6.40644)
(35.3177 -1.46487e-18 -6.29106)
(35.0522 7.64053e-19 -6.17462)
(34.7883 8.67828e-19 -6.05037)
(34.5309 4.96252e-19 -5.91311)
(34.2829 -1.40883e-18 -5.76134)
(34.0444 5.03087e-19 -5.59594)
(33.8142 -1.08283e-18 -5.41756)
(33.5922 1.09329e-18 -5.22557)
(33.3802 -1.4787e-18 -5.01845)
(33.1824 2.63778e-19 -4.7952)
(33.0032 -3.48909e-20 -4.5564)
(32.8467 9.65626e-19 -4.30445)
(32.7161 6.76999e-19 -4.04312)
(32.6131 0 -3.77705)
(32.538 -1.43612e-18 -3.51115)
(32.4899 1.63114e-18 -3.25023)
(32.4666 -9.31607e-21 -2.99857)
(32.4648 -1.69197e-18 -2.75955)
(32.4809 1.91124e-18 -2.5355)
(32.5108 1.99629e-19 -2.32758)
(32.5507 0 -2.13593)
(32.5975 0 -1.95986)
(32.6481 -4.01893e-19 -1.79811)
(32.7005 0 -1.64905)
(32.7528 1.75027e-18 -1.51092)
(32.8038 -1.68329e-18 -1.38193)
(32.8526 2.08184e-19 -1.26036)
(32.8984 1.13511e-19 -1.1446)
(32.9409 1.80093e-18 -1.03319)
(32.9795 2.18622e-19 -0.924802)
(33.014 -1.81931e-18 -0.818414)
(33.0444 -1.01433e-18 -0.713313)
(33.0702 2.01395e-18 -0.60829)
(33.0912 -1.49562e-19 -0.501353)
(33.1077 -2.31342e-18 -0.39352)
(33.1219 1.34745e-18 -0.292112)
(33.1344 3.75363e-19 -0.183871)
(33.1409 -4.28197e-19 -0.00718467)
(49.8869 1.07387e-18 -6.97521)
(46.4709 -4.17785e-20 -7.48013)
(44.8718 1.69227e-17 -7.96954)
(43.5543 -1.26061e-19 -7.88051)
(42.6429 -1.22191e-17 -7.83812)
(41.8503 5.107e-18 -7.78598)
(41.1571 3.848e-18 -7.74093)
(40.5427 2.54373e-18 -7.6662)
(40.0129 1.60227e-18 -7.57153)
(39.5457 -3.32684e-19 -7.47827)
(39.1159 1.69509e-19 -7.39336)
(38.7207 1.07923e-18 -7.29835)
(38.3565 0 -7.19707)
(38.0068 0 -7.10529)
(37.6633 0 -7.01857)
(37.3271 3.01202e-19 -6.93261)
(37.002 6.61801e-19 -6.83943)
(36.6918 3.58291e-19 -6.73466)
(36.398 0 -6.61842)
(36.1181 -9.56301e-19 -6.49478)
(35.8473 0 -6.36877)
(35.5805 0 -6.24265)
(35.3157 0 -6.11432)
(35.0543 6.64536e-19 -5.97889)
(34.7999 7.10363e-19 -5.83204)
(34.5553 -6.20167e-22 -5.67182)
(34.3217 -1.92713e-20 -5.49822)
(34.099 -1.5911e-20 -5.31155)
(33.888 0 -5.11153)
(33.6906 0 -4.89758)
(33.5098 2.393e-19 -4.66978)
(33.3495 -2.53808e-19 -4.4295)
(33.2126 0 -4.17965)
(33.1013 2.42277e-18 -3.9242)
(33.0164 -2.46193e-18 -3.6677)
(32.9574 2.25574e-18 -3.41466)
(32.9225 2.02859e-18 -3.16918)
(32.9093 -4.78624e-18 -2.93458)
(32.9142 -1.51701e-19 -2.71324)
(32.9338 1.53686e-19 -2.50653)
(32.9645 -1.55453e-19 -2.3149)
(33.0032 0 -2.13806)
(33.0472 -2.44354e-18 -1.97515)
(33.0941 1.64227e-19 -1.82491)
(33.1421 5.01607e-18 -1.68585)
(33.1901 -2.5428e-18 -1.55641)
(33.2368 -2.5652e-18 -1.43504)
(33.2815 2.62556e-18 -1.32022)
(33.3237 -3.35241e-19 -1.21056)
(33.3629 1.36484e-18 -1.10474)
(33.3988 -2.81484e-18 -1.00156)
(33.4311 1.26935e-18 -0.899958)
(33.4596 0 -0.799145)
(33.4841 1.58097e-18 -0.698627)
(33.5044 -1.56384e-18 -0.597327)
(33.52 0 -0.493294)
(33.5314 -7.37393e-21 -0.38792)
(33.5411 0 -0.289521)
(33.5491 5.8339e-19 -0.182907)
(33.5514 -5.83209e-19 0.00234534)
(49.4647 3.4291e-17 -6.45745)
(46.458 0 -7.16957)
(44.8712 -1.3752e-17 -7.7261)
(43.5751 1.16738e-17 -7.70405)
(42.651 2.01245e-17 -7.70255)
(41.8522 0 -7.67385)
(41.1581 -3.14239e-18 -7.63754)
(40.5474 0 -7.56358)
(40.0197 -6.26139e-21 -7.46481)
(39.5519 0 -7.36438)
(39.1229 1.15453e-19 -7.26838)
(38.7278 4.20063e-21 -7.16817)
(38.3592 0 -7.06979)
(38.0039 -5.88834e-19 -6.97943)
(37.6576 2.1135e-19 -6.88952)
(37.3226 7.26979e-19 -6.79419)
(37.0021 6.90044e-21 -6.68843)
(36.6975 0 -6.57143)
(36.4076 7.23898e-19 -6.44555)
(36.129 -6.71211e-22 -6.31435)
(35.858 0 -6.17996)
(35.5924 4.80569e-19 -6.04151)
(35.3327 0 -5.89591)
(35.0813 -1.18761e-21 -5.73982)
(34.8407 -2.89743e-21 -5.57136)
(34.6128 -3.17396e-19 -5.39011)
(34.3985 1.02975e-18 -5.1963)
(34.1988 -1.02551e-18 -4.99006)
(34.0157 1.49417e-18 -4.77168)
(33.8516 -3.33167e-19 -4.54205)
(33.709 -1.37818e-18 -4.30319)
(33.5901 -2.0099e-19 -4.05821)
(33.4959 -1.69719e-18 -3.81099)
(33.4263 1.70301e-18 -3.5657)
(33.3802 1.76484e-18 -3.32629)
(33.3555 -3.78991e-18 -3.09611)
(33.3495 2.04197e-18 -2.87766)
(33.3589 2.22227e-19 -2.67253)
(33.3804 0 -2.48141)
(33.4109 2.25932e-19 -2.30426)
(33.4478 -1.64704e-18 -2.1405)
(33.4889 3.67285e-18 -1.98917)
(33.5322 -1.91509e-18 -1.84909)
(33.5764 -1.25173e-19 -1.7189)
(33.6204 2.06879e-18 -1.59725)
(33.6633 -1.31161e-19 -1.48278)
(33.7044 -4.12352e-18 -1.37416)
(33.7434 4.07141e-18 -1.27016)
(33.7798 -3.89379e-18 -1.16963)
(33.8133 2.13225e-18 -1.07149)
(33.8436 -2.3161e-18 -0.974736)
(33.8706 2.26535e-18 -0.878494)
(33.8939 0 -0.782148)
(33.9135 -1.22873e-18 -0.685369)
(33.9292 2.75244e-18 -0.587185)
(33.9403 -2.76344e-18 -0.485675)
(33.9476 -9.59747e-20 -0.382523)
(33.9533 2.43743e-18 -0.286814)
(33.9577 -8.95728e-19 -0.181858)
(33.9563 -6.67056e-20 0.00984088)
(49.015 -9.62644e-20 -5.92247)
(46.4139 -2.62331e-17 -6.83228)
(44.8573 2.0991e-19 -7.45339)
(43.5887 -1.02328e-17 -7.50411)
(42.6556 -7.87747e-18 -7.54154)
(41.8539 -6.03283e-20 -7.5337)
(41.1615 -5.60334e-20 -7.50515)
(40.5556 -1.40373e-19 -7.43518)
(40.0297 -1.11952e-18 -7.33902)
(39.5606 -1.42008e-20 -7.23814)
(39.1307 -8.21724e-20 -7.13765)
(38.7337 -2.62922e-19 -7.03545)
(38.3608 7.03972e-20 -6.9367)
(38.0024 1.27988e-18 -6.84152)
(37.6568 -6.49151e-19 -6.7423)
(37.3259 -1.15582e-18 -6.63442)
(37.011 -1.37444e-18 -6.51592)
(36.7115 -1.07896e-18 -6.38787)
(36.4253 -1.21553e-18 -6.25248)
(36.1495 2.05459e-18 -6.11134)
(35.8823 -1.48476e-18 -5.96424)
(35.6237 -4.28561e-19 -5.80933)
(35.3753 -4.64991e-19 -5.64433)
(35.1394 4.40365e-19 -5.46777)
(34.9178 -4.99558e-19 -5.27926)
(34.7122 -5.20661e-19 -5.07917)
(34.524 2.73148e-19 -4.86814)
(34.3547 0 -4.64715)
(34.2063 2.73597e-18 -4.41776)
(34.0801 -2.45118e-18 -4.18237)
(33.9773 -2.91931e-18 -3.94407)
(33.8978 2.78331e-18 -3.70644)
(33.841 0 -3.47308)
(33.8052 -3.42933e-19 -3.24727)
(33.7881 2.61591e-18 -3.03164)
(33.787 1.61119e-20 -2.82803)
(33.799 -2.8397e-18 -2.63742)
(33.8211 -1.26061e-20 -2.46006)
(33.8507 1.74349e-19 -2.2956)
(33.8855 -3.08406e-18 -2.14327)
(33.9235 2.73809e-18 -2.00208)
(33.9634 9.569e-20 -1.87091)
(34.004 -2.95512e-18 -1.74855)
(34.0443 -1.63178e-19 -1.63383)
(34.0837 3.02919e-18 -1.52553)
(34.1216 -8.53421e-20 -1.42255)
(34.1577 1.00889e-19 -1.32376)
(34.1915 0 -1.22815)
(34.2228 -1.04664e-19 -1.13475)
(34.2514 0 -1.04268)
(34.277 1.10182e-19 -0.951063)
(34.2994 -1.74901e-18 -0.859167)
(34.3184 4.27557e-21 -0.766516)
(34.3339 3.81059e-18 -0.672879)
(34.3456 -4.14958e-18 -0.577402)
(34.353 2.13971e-18 -0.478163)
(34.3566 0 -0.377099)
(34.3591 -1.25757e-18 -0.283858)
(34.3603 1.38961e-18 -0.180608)
(34.3558 0 0.0156857)
(48.5398 -2.26318e-17 -5.38227)
(46.3309 6.75585e-19 -6.46687)
(44.826 -9.59251e-18 -7.147)
(43.5932 8.24484e-18 -7.27391)
(42.6571 -1.90882e-19 -7.3474)
(41.857 2.01422e-19 -7.35706)
(41.1692 -2.24055e-19 -7.33427)
(40.5692 3.82749e-19 -7.26949)
(40.0448 -1.54924e-19 -7.1793)
(39.5743 0 -7.08158)
(39.1431 0 -6.98047)
(38.7438 0 -6.87715)
(38.368 0 -6.77488)
(38.0095 2.49393e-19 -6.67122)
(37.6671 2.99002e-19 -6.56055)
(37.3416 1.03097e-18 -6.44025)
(37.0326 -3.68803e-19 -6.31014)
(36.7387 9.06174e-19 -6.17144)
(36.4578 2.08864e-18 -6.02517)
(36.1883 -1.6512e-18 -5.87137)
(35.9303 0 -5.70899)
(35.6848 6.76382e-19 -5.53664)
(35.4536 -3.64686e-19 -5.3534)
(35.2388 0 -5.15918)
(35.042 1.67815e-18 -4.95464)
(34.8647 -3.01882e-18 -4.74092)
(34.7082 1.54885e-18 -4.5196)
(34.5738 0 -4.29273)
(34.4621 -4.85846e-19 -4.06288)
(34.3731 2.56379e-19 -3.83299)
(34.306 2.31084e-18 -3.60618)
(34.2595 -2.33255e-18 -3.38541)
(34.2316 -2.12958e-18 -3.17325)
(34.22 2.28637e-18 -2.97165)
(34.2221 9.72768e-21 -2.78189)
(34.2352 1.01332e-20 -2.60454)
(34.2568 0 -2.43957)
(34.2848 1.93819e-18 -2.28645)
(34.317 -2.38341e-18 -2.14434)
(34.3521 0 -2.01224)
(34.3886 0 -1.88909)
(34.4256 2.26564e-18 -1.77382)
(34.4625 -2.43298e-18 -1.66539)
(34.4985 -2.28972e-18 -1.56276)
(34.5334 2.4781e-18 -1.46495)
(34.5667 1.15728e-20 -1.37101)
(34.5981 0 -1.28003)
(34.6273 0 -1.19115)
(34.6542 2.47742e-18 -1.10353)
(34.6785 -2.70087e-18 -1.01642)
(34.7 2.61074e-18 -0.929079)
(34.7185 -2.70615e-18 -0.840853)
(34.7338 -2.80685e-18 -0.751378)
(34.7457 4.41073e-18 -0.660513)
(34.754 -1.55063e-18 -0.567484)
(34.7581 -9.97645e-20 -0.470413)
(34.7587 0 -0.371396)
(34.7583 2.93043e-20 -0.280495)
(34.7567 0 -0.179022)
(34.7496 0 0.020151)
(48.0408 3.79509e-17 -4.85065)
(46.2008 6.15163e-19 -6.07419)
(44.7713 1.39091e-19 -6.80629)
(43.5844 -6.92026e-18 -7.01198)
(42.6531 -6.03995e-18 -7.12149)
(41.8595 3.33578e-19 -7.149)
(41.1786 0 -7.13325)
(40.5848 0 -7.07582)
(40.0622 6.57843e-20 -6.99364)
(39.5911 2.55635e-19 -6.90062)
(39.1591 5.37459e-20 -6.80031)
(38.7587 0 -6.69514)
(38.3827 0 -6.58681)
(38.0268 -7.12081e-19 -6.47288)
(37.6897 4.84117e-20 -6.35021)
(37.3708 -1.68626e-18 -6.21776)
(37.069 5.71329e-19 -6.07594)
(36.7827 -3.68843e-20 -5.92536)
(36.5108 -1.31869e-18 -5.7661)
(36.253 4.36844e-19 -5.59767)
(36.0102 0 -5.41937)
(35.7839 1.14973e-18 -5.23084)
(35.5757 3.58529e-19 -5.03243)
(35.3874 -1.55278e-18 -4.82518)
(35.2203 1.36455e-18 -4.61064)
(35.0754 -2.80167e-18 -4.39086)
(34.9532 1.79245e-18 -4.16819)
(34.8536 0 -3.94525)
(34.776 1.99206e-19 -3.72475)
(34.7189 0 -3.5093)
(34.6804 -3.4459e-18 -3.30122)
(34.6584 6.75542e-18 -3.10237)
(34.6504 -3.30579e-18 -2.91411)
(34.6542 -3.34361e-18 -2.73725)
(34.6673 3.27629e-18 -2.57204)
(34.6877 1.10658e-19 -2.41825)
(34.7134 -3.29783e-18 -2.27531)
(34.7429 3.54113e-18 -2.14238)
(34.7747 -1.03401e-19 -2.01849)
(34.8079 0 -1.90264)
(34.8415 3.46149e-18 -1.79386)
(34.875 -6.98277e-18 -1.69121)
(34.9078 3.64053e-18 -1.59382)
(34.9397 3.65068e-18 -1.50084)
(34.9703 -1.36646e-19 -1.41143)
(34.9993 -6.90825e-18 -1.32481)
(35.0266 7.34828e-18 -1.2402)
(35.0517 -3.74524e-18 -1.15686)
(35.0747 2.29572e-19 -1.07408)
(35.0953 1.27631e-19 -0.991182)
(35.1131 -2.41907e-19 -0.907521)
(35.1281 2.07353e-18 -0.822522)
(35.1401 -2.02934e-18 -0.735902)
(35.1489 -2.12134e-18 -0.647604)
(35.1543 2.38171e-18 -0.556921)
(35.1556 2.46679e-18 -0.462037)
(35.1535 -2.72795e-18 -0.365157)
(35.1506 -2.42791e-20 -0.276587)
(35.1466 0 -0.177055)
(35.1372 0 0.0233691)
(47.5201 -1.59989e-17 -4.34126)
(46.0176 2.94732e-17 -5.65399)
(44.6877 1.9564e-17 -6.42634)
(43.5586 6.03125e-18 -6.70876)
(42.6423 8.37988e-20 -6.855)
(41.8606 0 -6.9028)
(41.1889 0 -6.89706)
(40.6019 2.0644e-19 -6.8491)
(40.0821 -2.13781e-19 -6.77565)
(39.612 -5.13127e-21 -6.6875)
(39.1809 1.61633e-20 -6.58819)
(38.7816 -7.91945e-20 -6.48038)
(38.4084 1.68612e-19 -6.36513)
(38.0577 8.57369e-19 -6.2411)
(37.7279 3.86388e-19 -6.10714)
(37.4176 -3.55295e-20 -5.96313)
(37.1256 -1.20881e-18 -5.80943)
(36.8507 3.76829e-18 -5.64627)
(36.5928 -2.81713e-18 -5.47356)
(36.3524 1.88566e-18 -5.29116)
(36.1307 -4.16214e-19 -5.09926)
(35.9289 0 -4.89865)
(35.7485 -2.47323e-19 -4.69073)
(35.5905 2.60573e-18 -4.47742)
(35.4554 -1.85248e-18 -4.26102)
(35.3433 0 -4.04406)
(35.2535 -5.78197e-19 -3.82909)
(35.1848 0 -3.61856)
(35.1352 0 -3.41459)
(35.1026 4.80833e-18 -3.21892)
(35.0845 -4.99433e-18 -3.03284)
(35.0787 2.38246e-18 -2.85715)
(35.083 -2.55289e-18 -2.69227)
(35.0952 -2.72456e-18 -2.53819)
(35.1137 5.49628e-18 -2.39459)
(35.1368 -5.19538e-18 -2.26087)
(35.1632 -7.49793e-20 -2.13624)
(35.1917 2.62401e-18 -2.0198)
(35.2214 -7.1385e-20 -1.91064)
(35.2516 1.58315e-19 -1.80786)
(35.2818 -2.64444e-18 -1.7106)
(35.3115 5.49331e-18 -1.61811)
(35.3405 -2.53101e-18 -1.52964)
(35.3684 2.69939e-18 -1.4445)
(35.395 1.49772e-19 -1.36198)
(35.4201 -2.95434e-18 -1.28142)
(35.4435 1.68432e-19 -1.20214)
(35.4651 0 -1.12351)
(35.4845 -1.91013e-19 -1.04489)
(35.5017 -1.79141e-19 -0.965674)
(35.5163 2.01166e-19 -0.8853)
(35.5282 3.16931e-18 -0.803257)
(35.5372 -3.40754e-18 -0.719335)
(35.5433 -1.13083e-19 -0.63354)
(35.546 1.82131e-18 -0.545238)
(35.5449 1.31457e-20 -0.452672)
(35.5405 -2.08497e-18 -0.358111)
(35.5355 1.13055e-18 -0.271956)
(35.5294 -6.26826e-19 -0.174587)
(35.5182 -5.43593e-19 0.0255031)
(46.9801 -1.19179e-17 -3.8675)
(45.7772 -2.43499e-17 -5.21229)
(44.5692 -1.09925e-17 -6.00994)
(43.5106 -4.73761e-18 -6.36179)
(42.6214 3.96342e-18 -6.54485)
(41.8581 -3.13365e-18 -6.61558)
(41.1986 -2.41263e-18 -6.62295)
(40.6201 -6.89532e-19 -6.58581)
(40.1049 -2.66536e-19 -6.52062)
(39.6384 -1.40517e-19 -6.43654)
(39.211 2.33609e-20 -6.33755)
(38.8161 -2.04113e-19 -6.22642)
(38.4489 -3.55364e-19 -6.1043)
(38.1063 -5.01452e-19 -5.97114)
(37.7865 0 -5.82702)
(37.4878 -1.21735e-18 -5.67229)
(37.2094 8.49283e-19 -5.50739)
(36.9507 -1.60727e-18 -5.33265)
(36.7122 -1.00178e-19 -5.14848)
(36.4944 -4.02011e-19 -4.95558)
(36.2983 1.34226e-18 -4.75515)
(36.1248 1.50355e-18 -4.5489)
(35.9745 -1.52038e-18 -4.33901)
(35.8474 -2.10221e-19 -4.12791)
(35.7432 -2.19641e-19 -3.91814)
(35.6608 3.54803e-18 -3.71212)
(35.5984 -1.74325e-18 -3.512)
(35.5539 2.1e-20 -3.31952)
(35.525 -1.86779e-18 -3.13592)
(35.5093 1.24532e-19 -2.96203)
(35.5043 -3.84658e-18 -2.79822)
(35.5081 1.2516e-19 -2.64456)
(35.5187 7.79892e-18 -2.50084)
(35.5347 -3.67774e-18 -2.36665)
(35.5548 -1.29627e-19 -2.24141)
(35.5778 0 -2.1244)
(35.6028 0 -2.01482)
(35.629 0 -1.91186)
(35.6558 3.99244e-18 -1.81468)
(35.6826 -8.02418e-18 -1.72254)
(35.7092 4.0352e-18 -1.63471)
(35.7351 -2.54399e-19 -1.55057)
(35.7603 3.92932e-18 -1.4695)
(35.7844 -4.11821e-18 -1.39091)
(35.8073 -1.36652e-19 -1.31421)
(35.8289 -4.18816e-18 -1.23882)
(35.8488 4.1274e-18 -1.16416)
(35.867 0 -1.08966)
(35.8832 1.32372e-19 -1.01475)
(35.8973 1.49058e-19 -0.938895)
(35.909 0 -0.861576)
(35.9181 -2.55287e-18 -0.782352)
(35.9245 2.5067e-18 -0.701072)
(35.928 1.57324e-19 -0.617812)
(35.9284 0 -0.532001)
(35.9252 3.04824e-18 -0.441959)
(35.9188 -1.48662e-18 -0.349972)
(35.912 -1.72151e-18 -0.266387)
(35.9042 0 -0.171473)
(35.8914 -1.43769e-19 0.0267155)
(46.4242 1.0373e-17 -3.43714)
(45.4793 1.96233e-17 -4.75609)
(44.4099 -4.93046e-19 -5.56165)
(43.4348 5.32856e-19 -5.97113)
(42.5857 -3.52619e-19 -6.19028)
(41.8483 9.99614e-19 -6.28653)
(41.2055 1.43973e-18 -6.31007)
(40.6383 7.22196e-19 -6.2849)
(40.1311 -1.48016e-19 -6.2275)
(39.6716 1.52716e-19 -6.14681)
(39.2513 -1.93172e-19 -6.04759)
(38.8646 5.17861e-20 -5.93296)
(38.5071 2.35319e-19 -5.80462)
(38.1761 0 -5.66359)
(37.8698 -5.73746e-19 -5.51075)
(37.5869 1.58495e-18 -5.34689)
(37.3267 -1.05072e-18 -5.17288)
(37.089 -1.75049e-18 -4.98962)
(36.8743 1.32544e-18 -4.79833)
(36.6828 2.59747e-19 -4.60059)
(36.5149 2.78262e-18 -4.39838)
(36.3707 -2.2644e-18 -4.19403)
(36.2497 -2.77856e-18 -3.98998)
(36.1512 2.20317e-18 -3.7887)
(36.0737 -2.66518e-18 -3.59241)
(36.0153 1.17851e-19 -3.40299)
(35.9737 -1.65444e-20 -3.22184)
(35.9466 2.80937e-18 -3.04986)
(35.9314 1.70712e-19 -2.88752)
(35.9261 -2.89341e-18 -2.73488)
(35.9284 2.91267e-18 -2.59177)
(35.9369 0 -2.45778)
(35.9501 -2.9446e-18 -2.33244)
(35.9669 2.86568e-18 -2.21516)
(35.9863 0 -2.1053)
(36.0076 -2.97265e-18 -2.00216)
(36.0301 2.99389e-18 -1.90503)
(36.0533 2.98912e-18 -1.81318)
(36.0768 -3.0036e-18 -1.72592)
(36.1001 2.91026e-18 -1.6426)
(36.123 -6.24408e-18 -1.56265)
(36.1453 6.01653e-18 -1.48553)
(36.1668 -3.26017e-18 -1.41073)
(36.1874 -1.84554e-19 -1.33775)
(36.2069 3.11858e-18 -1.26608)
(36.225 -3.17065e-18 -1.19523)
(36.2418 1.91522e-19 -1.12469)
(36.2568 0 -1.05394)
(36.27 -1.10203e-19 -0.982471)
(36.2812 0 -0.90979)
(36.2902 0 -0.835447)
(36.2968 1.20144e-19 -0.759056)
(36.3008 -3.78589e-18 -0.680523)
(36.3021 -1.3481e-19 -0.599972)
(36.3005 6.27452e-18 -0.516895)
(36.2954 -2.09236e-18 -0.429694)
(36.2875 -2.48173e-18 -0.340633)
(36.2791 2.61303e-18 -0.25985)
(36.2698 7.29345e-19 -0.167713)
(36.2557 -8.23965e-19 0.0270415)
(45.8575 -2.32866e-19 -3.05243)
(45.1279 -8.24515e-18 -4.29419)
(44.2065 4.83329e-19 -5.08789)
(43.326 3.01936e-18 -5.53859)
(42.5305 -3.13459e-18 -5.79053)
(41.8276 2.76192e-18 -5.91312)
(41.2074 0 -5.95494)
(40.6562 5.80183e-19 -5.9427)
(40.1614 -3.58235e-19 -5.89319)
(39.7132 -1.4321e-19 -5.81603)
(39.3044 7.19622e-20 -5.71693)
(38.93 -2.38554e-19 -5.59964)
(38.5864 9.42412e-19 -5.46668)
(38.2712 -2.53832e-19 -5.31987)
(37.9826 0 -5.16082)
(37.7197 -2.45398e-19 -4.99101)
(37.4819 3.01861e-19 -4.81192)
(37.269 0 -4.62528)
(37.0807 3.78213e-19 -4.43302)
(36.9169 0 -4.23737)
(36.777 -4.24955e-19 -4.0407)
(36.6602 0 -3.84544)
(36.5653 2.46551e-19 -3.6539)
(36.4905 2.23122e-18 -3.46807)
(36.4339 3.60258e-20 -3.2896)
(36.3931 -2.30377e-18 -3.11963)
(36.3659 2.63477e-19 -2.95883)
(36.3499 1.26381e-19 -2.80741)
(36.343 -1.42752e-19 -2.66527)
(36.3431 -1.28751e-19 -2.53204)
(36.3488 0 -2.40722)
(36.3588 0 -2.29025)
(36.372 4.40455e-18 -2.18053)
(36.3877 -1.44583e-19 -2.07747)
(36.4051 -1.58007e-20 -1.98046)
(36.4239 -4.45975e-18 -1.88889)
(36.4434 1.32408e-19 -1.80213)
(36.4633 0 -1.71958)
(36.4833 7.47043e-20 -1.64066)
(36.5031 -1.33838e-19 -1.56482)
(36.5224 1.5067e-19 -1.4916)
(36.5412 1.62169e-20 -1.42052)
(36.5593 1.62794e-20 -1.35119)
(36.5765 2.91262e-19 -1.28316)
(36.5927 -4.66464e-18 -1.21601)
(36.6077 4.74187e-18 -1.1493)
(36.6214 4.63524e-18 -1.08257)
(36.6335 -4.8958e-18 -1.01536)
(36.644 1.48465e-19 -0.947207)
(36.6525 -5.11453e-18 -0.87767)
(36.659 7.90661e-18 -0.806328)
(36.6632 5.58714e-22 -0.732871)
(36.665 -2.83773e-18 -0.657237)
(36.6643 0 -0.579615)
(36.661 1.87166e-19 -0.499556)
(36.6543 -3.36349e-18 -0.41556)
(36.645 3.65222e-18 -0.32984)
(36.6353 0 -0.252153)
(36.6247 1.09632e-18 -0.16319)
(36.6097 -1.23765e-18 0.0265794)
(45.2868 -5.91333e-18 -2.71042)
(44.7318 -3.51291e-19 -3.83665)
(43.9584 3.80354e-19 -4.5976)
(43.1808 -7.36054e-18 -5.06986)
(42.4512 2.15751e-18 -5.34784)
(41.7923 0 -5.49485)
(41.2022 0 -5.55536)
(40.6732 -1.07661e-19 -5.55652)
(40.1966 1.11481e-19 -5.5155)
(39.7648 -5.70619e-20 -5.44278)
(39.3724 9.86009e-20 -5.3451)
(39.0151 -2.47095e-19 -5.22709)
(38.6898 0 -5.09207)
(38.3946 -2.69434e-19 -4.94276)
(38.1279 0 -4.78148)
(37.8886 2.05994e-19 -4.61048)
(37.676 0 -4.43198)
(37.4894 0 -4.24833)
(37.3279 0 -4.06193)
(37.1905 2.50054e-18 -3.87523)
(37.0759 4.41361e-19 -3.69056)
(36.9826 -5.44865e-18 -3.51007)
(36.9086 5.34161e-18 -3.33558)
(36.8519 -2.90453e-18 -3.16847)
(36.8102 0 -3.00973)
(36.7814 1.02521e-19 -2.85985)
(36.7632 -3.33141e-18 -2.71896)
(36.7536 2.9576e-18 -2.58682)
(36.7507 0 -2.463)
(36.7531 3.32459e-18 -2.34693)
(36.7595 -6.47018e-18 -2.238)
(36.769 3.25291e-18 -2.13559)
(36.7807 0 -2.03913)
(36.7942 1.29675e-20 -1.94809)
(36.809 0 -1.86192)
(36.8247 0 -1.78011)
(36.841 -1.29874e-20 -1.70215)
(36.8575 3.30493e-18 -1.62751)
(36.874 -3.33083e-18 -1.55574)
(36.8903 1.1163e-19 -1.48636)
(36.9062 0 -1.419)
(36.9216 1.12819e-19 -1.35328)
(36.9364 2.14133e-19 -1.28884)
(36.9504 -1.14587e-19 -1.22532)
(36.9635 0 -1.16235)
(36.9756 0 -1.09954)
(36.9864 3.55784e-18 -1.03648)
(36.9958 -3.84722e-18 -0.97275)
(37.0036 9.59072e-20 -0.907922)
(37.0097 3.80093e-18 -0.841612)
(37.0138 -3.68525e-18 -0.77345)
(37.0159 0 -0.703177)
(37.0157 -4.22933e-18 -0.630762)
(37.0133 4.29313e-18 -0.556428)
(37.0083 -2.94703e-19 -0.47979)
(37.0004 -2.3117e-19 -0.399441)
(36.9899 -1.24559e-19 -0.317514)
(36.9792 0 -0.243306)
(36.9676 1.0113e-18 -0.157971)
(36.9519 -9.22807e-19 0.0253402)
(44.7203 5.13507e-18 -2.40459)
(44.3026 5.50497e-19 -3.39372)
(43.669 -5.91065e-19 -4.1024)
(42.9982 3.1879e-18 -4.57562)
(42.3442 -6.942e-19 -4.86963)
(41.7386 -7.44707e-19 -5.03639)
(41.1871 -6.26567e-19 -5.1141)
(40.6877 -1.08211e-18 -5.12859)
(40.2358 5.67359e-19 -5.09689)
(39.8266 -7.1484e-20 -5.03019)
(39.4559 7.35007e-20 -4.93618)
(39.1205 0 -4.82036)
(38.8181 -1.31831e-19 -4.68698)
(38.5467 0 -4.53955)
(38.3049 -2.38032e-19 -4.38118)
(38.0913 1.28901e-18 -4.21475)
(37.9048 -1.31023e-18 -4.04305)
(37.744 1.82795e-19 -3.86871)
(37.6073 -1.74919e-18 -3.69426)
(37.4932 3.42434e-18 -3.52199)
(37.3998 -2.24505e-18 -3.35391)
(37.3249 1.93554e-18 -3.19164)
(37.2666 -1.91606e-18 -3.03644)
(37.2226 2.18379e-18 -2.88913)
(37.1909 -2.07177e-18 -2.75014)
(37.1693 -1.32449e-19 -2.61952)
(37.1561 -2.21968e-18 -2.49705)
(37.1495 2.3902e-18 -2.38228)
(37.148 0 -2.27464)
(37.1505 -4.63501e-18 -2.1735)
(37.156 4.73141e-18 -2.07824)
(37.1637 0 -1.98831)
(37.1732 4.76403e-18 -1.90318)
(37.184 -4.711e-18 -1.82241)
(37.1958 4.86404e-18 -1.74553)
(37.2082 -4.82349e-18 -1.67214)
(37.2212 -8.13679e-20 -1.6018)
(37.2343 -1.42477e-19 -1.53409)
(37.2474 -1.43082e-19 -1.46863)
(37.2603 4.87966e-18 -1.40504)
(37.2729 -4.78056e-18 -1.343)
(37.2851 -5.08337e-18 -1.2822)
(37.2968 4.91098e-18 -1.22234)
(37.3078 -5.02264e-18 -1.16311)
(37.318 5.09544e-18 -1.10418)
(37.3272 5.29939e-18 -1.0452)
(37.3353 1.4252e-19 -0.985797)
(37.3421 -5.31788e-18 -0.925599)
(37.3475 -1.83053e-19 -0.864217)
(37.3512 0 -0.801313)
(37.3532 -2.31218e-20 -0.736554)
(37.3532 -1.76711e-19 -0.669731)
(37.3512 0 -0.600858)
(37.3472 1.09507e-19 -0.53018)
(37.3409 1.15692e-19 -0.457374)
(37.3318 3.82008e-18 -0.381131)
(37.3205 -1.90732e-18 -0.303457)
(37.309 -2.16332e-18 -0.233077)
(37.2967 -1.6073e-19 -0.151813)
(37.2804 -3.26003e-19 0.0236002)
(44.1676 0 -2.12644)
(43.8548 0 -2.97224)
(43.3463 0 -3.61289)
(42.7809 0 -4.06774)
(42.2087 1.9655e-18 -4.3657)
(41.6646 -5.45478e-19 -4.5451)
(41.16 0 -4.63673)
(40.6981 1.27193e-18 -4.66363)
(40.278 -2.06055e-19 -4.642)
(39.8974 0 -4.58334)
(39.5539 0 -4.49597)
(39.2452 -9.67224e-20 -4.38619)
(38.9693 -3.80826e-19 -4.25903)
(38.7245 5.01914e-19 -4.11871)
(38.5092 2.77102e-20 -3.96891)
(38.3216 0 -3.81294)
(38.1601 0 -3.65378)
(38.0228 -2.51611e-18 -3.49408)
(37.9076 4.94894e-18 -3.33617)
(37.8127 -2.40609e-18 -3.18196)
(37.7357 3.0501e-18 -3.03301)
(37.6745 -2.61903e-18 -2.89043)
(37.6271 1.91788e-19 -2.75499)
(37.5915 3.06397e-18 -2.62707)
(37.5658 -6.50801e-18 -2.50675)
(37.5481 3.35356e-18 -2.39383)
(37.5371 3.31044e-18 -2.28793)
(37.5313 -3.23458e-18 -2.18853)
(37.5294 -3.36831e-18 -2.09503)
(37.5307 3.23159e-18 -2.00686)
(37.5343 3.40727e-18 -1.92344)
(37.5396 -3.42622e-18 -1.8443)
(37.5463 -1.00296e-19 -1.769)
(37.5541 0 -1.69717)
(37.5628 3.40269e-18 -1.62846)
(37.572 -6.95643e-18 -1.56251)
(37.5816 1.11935e-19 -1.49899)
(37.5914 3.52733e-18 -1.43755)
(37.6013 -3.49939e-18 -1.37787)
(37.611 7.07912e-18 -1.31965)
(37.6205 -3.583e-18 -1.26261)
(37.6296 -3.45875e-18 -1.20649)
(37.6383 3.6213e-18 -1.15105)
(37.6464 0 -1.096)
(37.6538 3.68974e-18 -1.04106)
(37.6603 -3.87647e-18 -0.985914)
(37.6659 -3.9344e-18 -0.930235)
(37.6702 3.78794e-18 -0.873682)
(37.6733 2.33346e-19 -0.815908)
(37.6748 -4.08483e-18 -0.756621)
(37.6747 4.06701e-18 -0.695545)
(37.6729 4.04376e-19 -0.63251)
(37.6693 0 -0.567555)
(37.6639 -4.79731e-18 -0.50094)
(37.6564 5.20042e-18 -0.432394)
(37.6465 2.70965e-18 -0.3607)
(37.6346 5.81219e-20 -0.287724)
(37.6226 -3.12457e-18 -0.221545)
(37.6097 -2.08146e-19 -0.144791)
(37.5933 7.47647e-19 0.0214484)
(43.6376 -5.48189e-18 -1.86873)
(43.4032 -2.93511e-19 -2.57693)
(43.0014 -1.76741e-18 -3.13949)
(42.5352 -1.16498e-18 -3.56021)
(42.0468 8.38808e-19 -3.84963)
(41.5699 1.40286e-19 -4.0332)
(41.1193 1.21124e-19 -4.1341)
(40.7021 -5.25115e-19 -4.1716)
(40.3206 0 -4.16043)
(39.9745 1.80977e-19 -4.11177)
(39.663 -2.01151e-19 -4.03423)
(39.3846 8.12662e-20 -3.9346)
(39.1378 1.21683e-19 -3.81842)
(38.9209 -9.22774e-19 -3.69032)
(38.7319 2.22956e-18 -3.55428)
(38.569 -1.16471e-18 -3.4137)
(38.4301 1.35571e-18 -3.27148)
(38.313 -1.72803e-18 -3.13006)
(38.2156 -1.71046e-18 -2.99138)
(38.1355 1.83307e-18 -2.85697)
(38.0708 -2.0253e-18 -2.72794)
(38.0193 1.90256e-18 -2.60501)
(37.9791 -2.24998e-18 -2.48861)
(37.9486 2.27034e-18 -2.37884)
(37.9262 2.27706e-18 -2.27562)
(37.9103 2.02299e-20 -2.17863)
(37.8997 -4.67177e-18 -2.08747)
(37.8933 2.27626e-18 -2.00161)
(37.8901 0 -1.92054)
(37.8894 4.88856e-18 -1.84372)
(37.8906 -4.83244e-18 -1.7707)
(37.8933 -4.86094e-18 -1.70108)
(37.8971 4.9711e-18 -1.6345)
(37.9019 -4.90705e-18 -1.57068)
(37.9075 6.50543e-21 -1.50932)
(37.9135 4.95832e-18 -1.45015)
(37.92 -8.51659e-20 -1.39289)
(37.9267 1.58185e-19 -1.33727)
(37.9334 8.5956e-20 -1.28301)
(37.9401 0 -1.22987)
(37.9466 -2.35162e-19 -1.17762)
(37.9528 -5.128e-18 -1.12605)
(37.9587 -1.39925e-19 -1.07493)
(37.964 1.0321e-17 -1.02404)
(37.9688 -1.07608e-17 -0.973116)
(37.9729 5.54205e-18 -0.921888)
(37.976 -5.63656e-18 -0.870054)
(37.9781 5.78017e-18 -0.817315)
(37.9789 -1.94677e-19 -0.763366)
(37.9785 5.8983e-18 -0.707952)
(37.9766 -9.12577e-18 -0.650831)
(37.9732 2.9398e-18 -0.591874)
(37.9681 0 -0.53116)
(37.9616 0 -0.46895)
(37.9532 9.10398e-20 -0.40503)
(37.9426 -3.82034e-18 -0.338283)
(37.9303 4.2451e-18 -0.270398)
(37.918 -3.9035e-20 -0.208732)
(37.9048 1.7328e-19 -0.136888)
(37.8885 -3.9651e-19 0.0190359)
(43.1385 4.44312e-18 -1.62658)
(42.9618 -3.81034e-18 -2.20979)
(42.6479 -6.4457e-19 -2.69072)
(42.2711 3.67619e-18 -3.06636)
(41.864 -1.81228e-18 -3.33624)
(41.4567 5.36288e-19 -3.51554)
(41.0649 5.62479e-19 -3.62037)
(40.698 0 -3.66597)
(40.3602 1.51844e-19 -3.66502)
(40.0532 -8.41327e-20 -3.62788)
(39.7772 -1.8846e-19 -3.56293)
(39.5315 -2.36617e-20 -3.47701)
(39.3148 -1.7371e-19 -3.37577)
(39.1254 0 -3.26392)
(38.9615 0 -3.1454)
(38.8211 0 -3.02346)
(38.7018 2.81542e-20 -2.90075)
(38.6016 -2.14194e-18 -2.77934)
(38.5182 -2.45478e-19 -2.66084)
(38.4496 -1.34352e-19 -2.54642)
(38.3938 2.67886e-18 -2.43686)
(38.349 -2.82511e-18 -2.33263)
(38.3136 2.93233e-18 -2.23395)
(38.2861 0 -2.14081)
(38.2653 0 -2.05304)
(38.2498 0 -1.97033)
(38.2386 0 -1.8923)
(38.231 -3.28668e-18 -1.81848)
(38.226 6.62367e-18 -1.74845)
(38.2231 -3.33641e-18 -1.68176)
(38.2218 0 -1.61803)
(38.2218 0 -1.55696)
(38.2229 0 -1.49826)
(38.2248 -4.93792e-20 -1.44171)
(38.2273 0 -1.38709)
(38.2305 3.47313e-18 -1.33417)
(38.234 -3.39466e-18 -1.28275)
(38.2377 3.5553e-18 -1.23259)
(38.2415 -3.5411e-18 -1.18348)
(38.2454 3.5631e-18 -1.13521)
(38.2491 -7.06392e-18 -1.08761)
(38.2527 7.25346e-18 -1.04049)
(38.2559 1.22747e-19 -0.993673)
(38.2588 -3.58231e-18 -0.946961)
(38.2612 3.78002e-18 -0.900126)
(38.263 -3.95195e-18 -0.85293)
(38.2639 4.25567e-18 -0.805108)
(38.2639 -3.9766e-18 -0.756394)
(38.2629 0 -0.706516)
(38.2607 0 -0.655259)
(38.2572 -4.61518e-18 -0.602432)
(38.2524 -2.53204e-20 -0.547935)
(38.2462 4.71718e-18 -0.491853)
(38.2387 0 -0.434451)
(38.2296 -2.82741e-18 -0.375552)
(38.2187 2.63102e-18 -0.314133)
(38.2062 -9.63112e-20 -0.251709)
(38.1937 0 -0.194881)
(38.1805 0 -0.128326)
(38.1646 0 0.016371)
(42.6766 -3.64235e-19 -1.39751)
(42.5424 3.64794e-18 -1.87151)
(42.299 -1.12914e-18 -2.27309)
(41.9998 -1.2309e-18 -2.598)
(41.6683 2.40656e-18 -2.8404)
(41.3294 -2.05139e-18 -3.00813)
(40.9981 0 -3.1117)
(40.6843 5.52438e-19 -3.16247)
(40.3932 -1.08075e-18 -3.17084)
(40.1278 4.78937e-19 -3.14584)
(39.889 0 -3.09516)
(39.6766 1.9891e-20 -3.02524)
(39.4896 6.00715e-20 -2.94145)
(39.3267 6.55565e-20 -2.84824)
(39.1859 -1.76733e-18 -2.74925)
(39.0654 7.48654e-19 -2.64741)
(38.963 1.35933e-18 -2.54503)
(38.8768 1.51167e-18 -2.44385)
(38.8047 1.1609e-19 -2.34517)
(38.7449 -1.76104e-18 -2.24989)
(38.6957 -1.81133e-18 -2.1586)
(38.6557 3.70484e-18 -2.07161)
(38.6234 -1.96361e-18 -1.98907)
(38.5977 0 -1.91091)
(38.5774 -5.95414e-20 -1.83698)
(38.5617 -2.16873e-18 -1.76702)
(38.5496 -2.13078e-20 -1.70068)
(38.5404 -2.25048e-18 -1.63762)
(38.5336 4.49248e-18 -1.57745)
(38.5285 0 -1.51986)
(38.5249 4.60897e-18 -1.46453)
(38.5224 -4.63323e-18 -1.41122)
(38.5209 0 -1.35973)
(38.5201 4.13036e-20 -1.30989)
(38.52 0 -1.26153)
(38.5205 0 -1.21449)
(38.5213 -1.53337e-19 -1.16859)
(38.5224 4.78246e-18 -1.12367)
(38.5237 -9.74068e-18 -1.07955)
(38.525 9.82685e-18 -1.03606)
(38.5263 -4.99556e-18 -0.993073)
(38.5274 -1.45143e-19 -0.950432)
(38.5284 0 -0.907984)
(38.5291 0 -0.865557)
(38.5294 9.11308e-20 -0.822953)
(38.5291 5.35974e-18 -0.779962)
(38.5281 -1.11191e-17 -0.736343)
(38.5263 5.42377e-18 -0.691866)
(38.5236 0 -0.646296)
(38.5199 0 -0.599451)
(38.5151 2.11731e-19 -0.551163)
(38.5091 0 -0.501365)
(38.502 -3.17227e-18 -0.450171)
(38.4937 7.06713e-18 -0.397837)
(38.4842 -3.73353e-18 -0.344229)
(38.473 6.87785e-20 -0.288422)
(38.4606 2.18109e-18 -0.231726)
(38.4483 -2.3594e-18 -0.17995)
(38.4353 0 -0.118957)
(38.42 3.51628e-19 0.0136947)
(42.2559 0 -1.18129)
(42.1537 5.21105e-19 -1.56239)
(41.9664 3.70102e-18 -1.89105)
(41.7328 -1.83095e-18 -2.16455)
(41.4686 -1.76253e-18 -2.37514)
(41.1938 1.66341e-18 -2.52627)
(40.9213 -6.17713e-19 -2.62431)
(40.6602 0 -2.67733)
(40.4161 -1.91837e-19 -2.69342)
(40.1925 1.27236e-19 -2.68005)
(39.9906 7.98877e-20 -2.64387)
(39.8106 0 -2.59055)
(39.6521 2.35231e-19 -2.52489)
(39.5136 1.17313e-19 -2.45082)
(39.3938 4.6481e-19 -2.37156)
(39.2909 -1.11084e-18 -2.28964)
(39.203 -5.89456e-20 -2.20699)
(39.1285 0 -2.12509)
(39.0657 0 -2.04499)
(39.013 2.04392e-20 -1.9674)
(38.9691 -2.37667e-18 -1.89279)
(38.9327 2.46545e-18 -1.82142)
(38.9027 0 -1.75339)
(38.8782 0 -1.68865)
(38.8583 2.88061e-18 -1.6271)
(38.8422 8.58618e-20 -1.56851)
(38.8291 -2.83425e-18 -1.51265)
(38.8186 -4.12717e-20 -1.45922)
(38.8101 0 -1.40795)
(38.8031 4.26401e-20 -1.35858)
(38.7974 0 -1.31089)
(38.7927 3.07378e-18 -1.26471)
(38.7889 -3.17834e-18 -1.21989)
(38.7859 3.22857e-18 -1.17631)
(38.7835 -3.15609e-18 -1.13386)
(38.7816 -3.20081e-18 -1.09241)
(38.7801 4.67628e-20 -1.05185)
(38.7789 3.30094e-18 -1.01202)
(38.7779 -5.88403e-20 -0.97281)
(38.777 5.94102e-20 -0.934075)
(38.7762 0 -0.895694)
(38.7753 1.21443e-19 -0.857553)
(38.7743 0 -0.819516)
(38.773 3.5682e-18 -0.781436)
(38.7715 -3.72302e-18 -0.743134)
(38.7694 -1.05974e-19 -0.704429)
(38.7668 0 -0.665112)
(38.7635 1.3518e-19 -0.624982)
(38.7595 0 -0.58384)
(38.7545 0 -0.541536)
(38.7486 0 -0.497958)
(38.7418 2.58229e-19 -0.453062)
(38.734 -5.01809e-18 -0.406959)
(38.7253 4.93284e-18 -0.3599)
(38.7155 2.64638e-18 -0.311773)
(38.7044 2.81118e-20 -0.261741)
(38.6923 -3.01017e-18 -0.210922)
(38.6803 -1.67575e-18 -0.164352)
(38.6678 1.63003e-18 -0.109109)
(38.6533 -7.87189e-19 0.0110167)
(41.8788 0 -0.979583)
(41.8015 2.18268e-18 -1.28295)
(41.6588 -2.44527e-18 -1.54754)
(41.4792 1.55651e-18 -1.77262)
(41.2732 -1.20126e-18 -1.95062)
(41.0557 7.02847e-19 -2.0826)
(40.8373 5.22253e-19 -2.17219)
(40.6258 7.10542e-19 -2.22488)
(40.4265 5.11767e-19 -2.24669)
(40.2426 -1.10941e-18 -2.2435)
(40.0757 2.91106e-19 -2.22072)
(39.9263 -6.38465e-19 -2.18306)
(39.794 -9.75726e-20 -2.13456)
(39.6779 2.42341e-19 -2.07856)
(39.5769 6.7396e-19 -2.01776)
(39.4895 -5.64047e-19 -1.95425)
(39.4143 -9.62629e-19 -1.88968)
(39.35 -8.82154e-20 -1.82525)
(39.2951 -1.23479e-19 -1.76184)
(39.2485 -5.59728e-20 -1.70003)
(39.209 1.3728e-18 -1.64024)
(39.1758 0 -1.58269)
(39.1478 1.60375e-18 -1.52748)
(39.1244 -3.37555e-18 -1.47461)
(39.1048 3.46877e-18 -1.42401)
(39.0884 -1.81839e-18 -1.37553)
(39.0747 -3.39042e-20 -1.32901)
(39.0631 3.45721e-20 -1.28423)
(39.0532 0 -1.24099)
(39.0447 -3.57125e-20 -1.19913)
(39.0373 -4.05024e-18 -1.15847)
(39.0309 4.07977e-18 -1.11891)
(39.0253 3.71608e-20 -1.08035)
(39.0204 -3.76065e-20 -1.04271)
(39.0161 -9.74918e-20 -1.00591)
(39.0123 -4.34713e-18 -0.969873)
(39.009 8.69939e-18 -0.934491)
(39.0059 -4.45547e-18 -0.899665)
(39.0031 0 -0.865285)
(39.0004 0 -0.831248)
(38.9978 -4.60268e-18 -0.797452)
(38.9952 4.64944e-18 -0.763802)
(38.9925 1.34464e-19 -0.73018)
(38.9897 -4.83796e-18 -0.696461)
(38.9866 4.99387e-18 -0.662491)
(38.9832 8.87064e-20 -0.628111)
(38.9793 0 -0.593143)
(38.9748 0 -0.557418)
(38.9697 0 -0.520771)
(38.9638 -5.70935e-18 -0.483085)
(38.9572 2.90759e-18 -0.444264)
(38.9498 5.96898e-18 -0.404289)
(38.9416 -3.11872e-18 -0.363303)
(38.9327 -3.45669e-18 -0.321531)
(38.923 3.53119e-18 -0.278896)
(38.9122 -3.9447e-18 -0.234651)
(38.9005 4.22405e-18 -0.189711)
(38.8891 -2.33542e-18 -0.148327)
(38.8772 3.04728e-18 -0.0988764)
(38.8638 4.12276e-19 0.00849643)
(41.5458 -2.67914e-19 -0.794905)
(41.4886 -9.43083e-19 -1.03418)
(41.3814 1.02764e-18 -1.24439)
(41.2458 -1.06777e-18 -1.42634)
(41.0883 0 -1.57354)
(40.9201 4.58719e-19 -1.68596)
(40.7493 1.34468e-18 -1.76554)
(40.5822 -2.50432e-18 -1.8159)
(40.4233 9.02086e-19 -1.84132)
(40.2755 6.73676e-19 -1.84621)
(40.1404 -3.06861e-19 -1.83476)
(40.0186 -4.3585e-19 -1.8107)
(39.9099 0 -1.77726)
(39.8139 9.96316e-20 -1.73714)
(39.7296 -8.49558e-20 -1.69252)
(39.6561 -2.87847e-20 -1.64512)
(39.5922 9.89138e-19 -1.5963)
(39.5369 -1.04763e-18 -1.54704)
(39.4891 0 -1.49807)
(39.4481 -1.57297e-18 -1.44993)
(39.4128 1.55577e-18 -1.40296)
(39.3825 1.85675e-18 -1.35738)
(39.3566 -1.83489e-18 -1.31331)
(39.3345 -2.71865e-20 -1.27079)
(39.3155 2.16466e-18 -1.2298)
(39.2993 -2.20834e-18 -1.19025)
(39.2852 2.31525e-18 -1.15202)
(39.273 -2.32829e-18 -1.11499)
(39.2622 2.44006e-18 -1.07901)
(39.2527 -2.45275e-18 -1.04398)
(39.2441 2.33341e-20 -1.00977)
(39.2365 -3.55901e-20 -0.976323)
(39.2295 3.63881e-20 -0.943582)
(39.2232 -3.71641e-20 -0.9115)
(39.2175 8.77258e-20 -0.880025)
(39.2123 2.79481e-18 -0.849098)
(39.2074 2.9013e-20 -0.818646)
(39.2029 -2.80874e-18 -0.788593)
(39.1987 -2.93661e-18 -0.758849)
(39.1946 2.96069e-18 -0.729332)
(39.1907 8.49839e-20 -0.699961)
(39.1868 0 -0.670657)
(39.1829 -1.12621e-19 -0.641327)
(39.1789 9.05927e-20 -0.611863)
(39.1747 9.28414e-20 -0.582137)
(39.1703 -3.29194e-18 -0.552016)
(39.1655 3.44867e-18 -0.521355)
(39.1602 3.39461e-18 -0.49001)
(39.1544 -3.6809e-18 -0.457849)
(39.148 3.87517e-18 -0.42478)
(39.141 -3.99105e-18 -0.390754)
(39.1333 2.40426e-19 -0.355766)
(39.1251 0 -0.319937)
(39.1163 -1.34451e-19 -0.283481)
(39.1068 -5.54185e-20 -0.246326)
(39.0965 0 -0.207806)
(39.0855 2.93327e-18 -0.168657)
(39.0748 -3.26965e-18 -0.13242)
(39.0637 -2.48947e-19 -0.0887325)
(39.0515 0 0.00601735)
(41.2561 0 -0.630207)
(41.2153 0 -0.817123)
(41.1363 0 -0.982283)
(41.0359 1.37783e-18 -1.1273)
(40.9179 -1.5211e-19 -1.24696)
(40.7907 -1.31646e-18 -1.34084)
(40.66 -5.18845e-19 -1.40989)
(40.5309 0 -1.45642)
(40.407 1.85051e-18 -1.4834)
(40.2908 -2.64128e-18 -1.49398)
(40.1835 1.3104e-18 -1.49128)
(40.0859 -1.48802e-19 -1.47812)
(39.9981 0 -1.45699)
(39.9198 1.44652e-20 -1.42998)
(39.8504 9.52359e-21 -1.39881)
(39.7892 0 -1.36487)
(39.7355 4.1405e-19 -1.32923)
(39.6885 -4.13124e-19 -1.2927)
(39.6473 -6.81807e-19 -1.25591)
(39.6115 7.03792e-19 -1.2193)
(39.5802 0 -1.18321)
(39.553 -1.02388e-18 -1.14784)
(39.5294 2.14179e-18 -1.11332)
(39.5087 7.62004e-20 -1.07972)
(39.4907 -2.44886e-18 -1.04706)
(39.475 1.28751e-18 -1.01531)
(39.461 0 -0.984385)
(39.4486 -2.84811e-18 -0.954224)
(39.4375 2.86318e-18 -0.924734)
(39.4274 -3.0377e-18 -0.895842)
(39.4182 -9.43039e-20 -0.867483)
(39.4098 3.17195e-18 -0.839619)
(39.402 -5.27407e-20 -0.812219)
(39.3949 3.11478e-20 -0.785264)
(39.3882 -3.44021e-18 -0.75872)
(39.3821 3.47556e-18 -0.732552)
(39.3763 -3.6107e-18 -0.706706)
(39.3709 -1.03828e-19 -0.681128)
(39.3657 3.71577e-18 -0.65575)
(39.3607 0 -0.630511)
(39.3559 -7.12116e-20 -0.605348)
(39.3511 4.02318e-18 -0.580201)
(39.3464 -4.06861e-18 -0.554991)
(39.3417 -7.59052e-20 -0.529633)
(39.3368 -7.77868e-20 -0.504018)
(39.3318 -7.98972e-20 -0.478039)
(39.3264 4.48801e-18 -0.45157)
(39.3207 -9.45826e-18 -0.424498)
(39.3145 4.89365e-18 -0.396721)
(39.3079 0 -0.368172)
(39.3007 0 -0.338805)
(39.2931 -2.01359e-19 -0.30863)
(39.285 0 -0.277783)
(39.2764 -3.08953e-18 -0.246444)
(39.2674 3.58408e-18 -0.214561)
(39.2577 -3.67588e-18 -0.181549)
(39.2475 5.92646e-18 -0.14796)
(39.2376 -2.01942e-18 -0.116652)
(39.2275 -2.7602e-19 -0.078553)
(39.2166 0 0.00390331)
(41.0078 -2.58841e-19 -0.487679)
(40.9802 1.75882e-18 -0.632242)
(40.9236 4.78228e-19 -0.760738)
(40.8509 -2.96447e-18 -0.874978)
(40.7645 1.00706e-18 -0.970958)
(40.6702 1.67526e-18 -1.04814)
(40.5724 -9.07393e-19 -1.1069)
(40.4747 -1.32655e-18 -1.14869)
(40.38 5.40605e-20 -1.17548)
(40.2902 1.1698e-18 -1.18947)
(40.2065 8.90411e-19 -1.19288)
(40.1297 -6.03314e-20 -1.18779)
(40.0598 -6.58709e-19 -1.17604)
(39.9968 -1.8369e-20 -1.15922)
(39.9404 -8.00829e-21 -1.13865)
(39.8902 0 -1.11541)
(39.8456 -5.02859e-21 -1.09035)
(39.806 -3.60108e-19 -1.06414)
(39.7711 3.51671e-19 -1.03729)
(39.7402 0 -1.01019)
(39.7129 0 -0.983119)
(39.6889 0 -0.956281)
(39.6676 0 -0.929813)
(39.6488 1.25758e-20 -0.903797)
(39.6322 0 -0.878271)
(39.6173 -1.80031e-20 -0.853236)
(39.604 0 -0.828661)
(39.5919 1.6188e-18 -0.804505)
(39.5809 -1.62724e-18 -0.78072)
(39.5708 1.76974e-18 -0.757267)
(39.5614 -1.761e-18 -0.734113)
(39.5527 -1.91049e-18 -0.711247)
(39.5446 1.9126e-18 -0.688661)
(39.537 0 -0.666354)
(39.5299 -3.94079e-20 -0.644312)
(39.5233 0 -0.622517)
(39.517 -3.01594e-20 -0.600931)
(39.511 4.24599e-20 -0.579515)
(39.5053 0 -0.558218)
(39.4998 0 -0.536993)
(39.4945 6.8194e-20 -0.515786)
(39.4893 0 -0.494552)
(39.4841 2.63618e-18 -0.473228)
(39.479 4.70814e-20 -0.451741)
(39.4738 -2.82049e-20 -0.430005)
(39.4684 -2.7688e-18 -0.407929)
(39.4628 3.11785e-18 -0.38542)
(39.4569 -2.95879e-18 -0.362385)
(39.4507 0 -0.338747)
(39.444 3.42232e-18 -0.314459)
(39.437 -3.52416e-18 -0.289515)
(39.4297 0 -0.263931)
(39.4219 -1.12542e-19 -0.237817)
(39.4139 0 -0.211333)
(39.4054 -8.08655e-20 -0.184427)
(39.3965 -2.46101e-18 -0.156573)
(39.3872 2.61463e-18 -0.128181)
(39.3783 1.41467e-18 -0.101534)
(39.3692 -1.56547e-18 -0.0687491)
(39.3596 0 0.00208409)
(40.7981 -1.29594e-18 -0.36853)
(40.7809 -8.23797e-19 -0.47907)
(40.7417 0 -0.578062)
(40.6904 7.9346e-19 -0.667116)
(40.6285 6.23594e-19 -0.743213)
(40.5601 9.1077e-19 -0.805813)
(40.4882 -1.83432e-18 -0.854999)
(40.4157 -2.50341e-19 -0.891627)
(40.3446 -2.25547e-19 -0.916966)
(40.2765 2.00098e-19 -0.9325)
(40.2124 1.13278e-18 -0.939769)
(40.1528 -1.33769e-18 -0.940242)
(40.0981 9.81726e-19 -0.935259)
(40.0483 -9.03988e-19 -0.925986)
(40.0031 5.13924e-19 -0.913418)
(39.9625 -8.51527e-19 -0.898373)
(39.9259 3.50442e-19 -0.881521)
(39.8932 6.78462e-21 -0.863388)
(39.8639 2.8778e-21 -0.844393)
(39.8377 0 -0.824858)
(39.8143 0 -0.805034)
(39.7934 0 -0.785103)
(39.7747 5.04832e-19 -0.765198)
(39.7579 -5.0344e-19 -0.74541)
(39.7428 -6.58783e-19 -0.725791)
(39.7292 6.77857e-19 -0.706365)
(39.7168 0 -0.687131)
(39.7054 1.72586e-18 -0.668078)
(39.6949 -3.55943e-18 -0.649187)
(39.6852 1.85646e-18 -0.630447)
(39.676 -2.06317e-18 -0.611848)
(39.6675 2.08719e-18 -0.593398)
(39.6595 -2.25772e-18 -0.575103)
(39.6519 2.29145e-18 -0.556975)
(39.6447 -3.25796e-20 -0.539006)
(39.638 -2.58676e-18 -0.521189)
(39.6316 2.62807e-18 -0.503494)
(39.6255 0 -0.485893)
(39.6196 2.88444e-18 -0.468344)
(39.6139 -2.90786e-18 -0.450812)
(39.6085 -5.71717e-20 -0.433253)
(39.6031 -3.15383e-18 -0.415632)
(39.5978 1.23395e-20 -0.397898)
(39.5926 3.35257e-18 -0.379993)
(39.5873 3.72598e-18 -0.36185)
(39.5819 -3.58603e-18 -0.343398)
(39.5764 3.97215e-18 -0.32456)
(39.5706 -4.05578e-18 -0.305267)
(39.5645 1.16943e-19 -0.285467)
(39.5582 -4.45787e-18 -0.265129)
(39.5515 4.45999e-18 -0.244242)
(39.5446 0 -0.222831)
(39.5374 9.43042e-20 -0.201015)
(39.5299 2.66133e-18 -0.178924)
(39.5223 -3.04747e-18 -0.156515)
(39.5142 9.10587e-20 -0.133336)
(39.5059 1.57614e-20 -0.109657)
(39.4979 -1.94624e-18 -0.0872313)
(39.4899 2.53678e-18 -0.059343)
(39.4817 0 0.000685707)
(40.6241 1.96755e-18 -0.272268)
(40.6146 0 -0.355853)
(40.5883 0 -0.431366)
(40.5532 -1.38607e-18 -0.500085)
(40.5099 4.45126e-19 -0.559766)
(40.4612 2.37324e-18 -0.609905)
(40.4095 -1.9181e-18 -0.65042)
(40.3566 1.67718e-18 -0.681785)
(40.3041 -1.14509e-18 -0.704787)
(40.2533 -1.35925e-18 -0.720395)
(40.2048 1.28918e-18 -0.72965)
(40.1594 -6.02202e-20 -0.733566)
(40.1171 -5.30904e-20 -0.733094)
(40.0782 6.61835e-19 -0.729073)
(40.0426 -1.27216e-19 -0.722233)
(40.0102 -5.65236e-19 -0.713186)
(39.9808 1.31942e-20 -0.702445)
(39.9541 -5.70023e-21 -0.690419)
(39.93 -1.01832e-20 -0.677443)
(39.9082 -1.34047e-19 -0.66378)
(39.8885 1.35232e-19 -0.649644)
(39.8707 -1.55358e-19 -0.635196)
(39.8546 1.52409e-19 -0.620559)
(39.84 1.36823e-21 -0.605823)
(39.8267 -5.12975e-19 -0.591048)
(39.8145 5.16009e-19 -0.576271)
(39.8033 0 -0.561505)
(39.793 -8.18477e-19 -0.546758)
(39.7833 1.71491e-18 -0.53203)
(39.7742 -9.15684e-19 -0.517326)
(39.7656 0 -0.502651)
(39.7575 1.15019e-18 -0.488023)
(39.7498 -1.16758e-18 -0.473455)
(39.7426 0 -0.458965)
(39.7357 -1.36064e-18 -0.444552)
(39.7291 1.39482e-18 -0.430211)
(39.7229 0 -0.415922)
(39.717 0 -0.401662)
(39.7112 4.5193e-20 -0.3874)
(39.7057 4.75056e-20 -0.373108)
(39.7004 -4.98599e-20 -0.358755)
(39.6952 -1.9359e-18 -0.344315)
(39.6901 -8.38869e-20 -0.329753)
(39.685 2.06239e-18 -0.315026)
(39.68 -8.17434e-20 -0.300084)
(39.6748 -2.20287e-20 -0.28487)
(39.6696 2.35236e-18 -0.269335)
(39.6641 -2.39767e-18 -0.253424)
(39.6585 -9.80286e-20 -0.237098)
(39.6526 0 -0.220336)
(39.6464 2.75802e-19 -0.203154)
(39.6401 3.21729e-18 -0.185575)
(39.6335 -3.34172e-18 -0.167683)
(39.6268 2.33142e-19 -0.149589)
(39.62 1.79836e-19 -0.131244)
(39.6128 -7.62905e-20 -0.112249)
(39.6056 2.29814e-18 -0.0927801)
(39.5986 -2.43399e-18 -0.074181)
(39.5916 5.14655e-19 -0.0507715)
(39.5847 -8.05246e-19 -0.000530421)
(40.4812 -1.62806e-18 -0.197377)
(40.4773 9.7997e-19 -0.259774)
(40.4607 -7.05901e-20 -0.316741)
(40.4374 3.75315e-19 -0.369189)
(40.4079 9.55995e-19 -0.415463)
(40.3741 -4.37953e-19 -0.455104)
(40.3375 -9.02994e-19 -0.487948)
(40.2996 1.31751e-18 -0.514223)
(40.2615 -1.10489e-18 -0.534393)
(40.2242 0 -0.549069)
(40.1882 0 -0.558935)
(40.154 -4.23481e-20 -0.564675)
(40.1219 0 -0.566945)
(40.0921 0 -0.566336)
(40.0644 9.92069e-19 -0.563374)
(40.039 -1.03461e-18 -0.558509)
(40.0156 -3.63559e-20 -0.552122)
(39.9942 -5.91241e-19 -0.54453)
(39.9747 6.03881e-19 -0.535995)
(39.9568 0 -0.526729)
(39.9405 0 -0.51691)
(39.9256 -4.51258e-21 -0.506675)
(39.912 0 -0.496135)
(39.8995 7.72639e-21 -0.485374)
(39.8881 -9.65543e-21 -0.474453)
(39.8774 0 -0.463414)
(39.8676 -4.73832e-19 -0.452281)
(39.8583 4.7733e-19 -0.441071)
(39.8496 0 -0.429795)
(39.8414 4.55989e-21 -0.418466)
(39.8336 -1.0124e-18 -0.407092)
(39.8262 1.01727e-18 -0.395696)
(39.8192 7.44799e-21 -0.384291)
(39.8125 -1.389e-18 -0.372894)
(39.8062 1.38138e-18 -0.361507)
(39.8001 1.66364e-18 -0.350128)
(39.7944 -1.63726e-18 -0.338744)
(39.7888 0 -0.32734)
(39.7835 -3.78914e-20 -0.315896)
(39.7784 -2.10178e-18 -0.304394)
(39.7735 -5.66967e-20 -0.292818)
(39.7687 -1.11214e-19 -0.28115)
(39.764 2.30676e-18 -0.269366)
(39.7593 0 -0.257436)
(39.7547 0 -0.245324)
(39.75 -5.29825e-20 -0.232988)
(39.7451 0 -0.220387)
(39.7402 8.68713e-20 -0.20748)
(39.735 3.3114e-18 -0.194245)
(39.7297 -3.59079e-18 -0.180669)
(39.7242 -2.44771e-19 -0.166752)
(39.7185 2.05357e-18 -0.152517)
(39.7126 6.2569e-20 -0.138049)
(39.7067 -2.43431e-20 -0.123429)
(39.7007 -2.56551e-18 -0.108615)
(39.6944 -2.81965e-18 -0.0932668)
(39.6881 2.9482e-18 -0.0774704)
(39.6821 -1.70961e-18 -0.0622098)
(39.6763 2.01754e-18 -0.0427917)
(39.6705 0 -0.00132726)
(40.3671 4.86122e-19 -0.140876)
(40.3666 3.9054e-19 -0.186945)
(40.3565 -1.7816e-18 -0.229461)
(40.3416 3.24764e-20 -0.269054)
(40.3219 1.14503e-18 -0.304519)
(40.2988 1.84902e-18 -0.335447)
(40.2735 -2.90712e-18 -0.361641)
(40.2467 1.40781e-18 -0.38318)
(40.2195 -1.01481e-19 -0.40032)
(40.1925 0 -0.413431)
(40.1661 0 -0.42295)
(40.1408 7.82588e-20 -0.429329)
(40.1167 0 -0.433014)
(40.0941 0 -0.434414)
(40.073 -2.6684e-20 -0.433903)
(40.0533 1.50505e-18 -0.431804)
(40.0351 -1.45821e-19 -0.428401)
(40.0182 -1.76984e-19 -0.42393)
(40.0026 -2.15216e-18 -0.418592)
(39.9883 1.55189e-19 -0.412554)
(39.9751 8.54425e-19 -0.405956)
(39.9628 3.78689e-21 -0.398914)
(39.9516 4.58481e-21 -0.391518)
(39.9411 -3.71033e-21 -0.383844)
(39.9314 2.2444e-19 -0.375944)
(39.9224 -2.23037e-19 -0.367863)
(39.9139 1.25125e-21 -0.359621)
(39.9059 -2.66932e-21 -0.351243)
(39.8983 2.02428e-22 -0.34274)
(39.8911 2.86251e-19 -0.334131)
(39.8842 -2.91448e-19 -0.32543)
(39.8777 0 -0.316658)
(39.8714 -6.24455e-21 -0.307832)
(39.8655 0 -0.298969)
(39.8598 0 -0.290076)
(39.8544 8.2505e-19 -0.281156)
(39.8492 8.05917e-20 -0.272201)
(39.8443 -9.34004e-19 -0.263203)
(39.8396 2.76841e-20 -0.254149)
(39.835 1.15835e-18 -0.245028)
(39.8306 7.46685e-20 -0.235828)
(39.8263 4.85454e-20 -0.226539)
(39.8221 -2.8116e-18 -0.217146)
(39.8179 1.46117e-18 -0.207624)
(39.8137 0 -0.197947)
(39.8095 4.63735e-20 -0.188082)
(39.8052 0 -0.178003)
(39.8008 -1.79041e-19 -0.167679)
(39.7962 7.74484e-20 -0.157092)
(39.7915 -3.9559e-20 -0.146235)
(39.7866 -2.45677e-18 -0.135129)
(39.7816 2.49523e-18 -0.123792)
(39.7765 7.58606e-20 -0.112278)
(39.7714 -2.90205e-18 -0.100653)
(39.7662 3.13638e-18 -0.0888664)
(39.7609 -1.63615e-18 -0.0766212)
(39.7555 1.85605e-18 -0.0639543)
(39.7505 -5.81998e-20 -0.0515962)
(39.7456 -6.38872e-19 -0.035688)
(39.7409 3.64305e-19 -0.00187711)
(40.276 4.85783e-19 -0.0993678)
(40.2778 2.35668e-19 -0.133016)
(40.2723 -8.24541e-19 -0.164388)
(40.2632 -5.63576e-19 -0.19394)
(40.2505 1.4597e-18 -0.2208)
(40.2351 2.08722e-18 -0.244617)
(40.2179 -2.50044e-18 -0.265193)
(40.1994 -1.04814e-18 -0.282521)
(40.1802 1.07219e-18 -0.296725)
(40.161 -1.13446e-19 -0.308016)
(40.142 -1.07399e-19 -0.316664)
(40.1235 1.65692e-18 -0.322957)
(40.1057 -1.68466e-18 -0.327192)
(40.0888 -1.4664e-18 -0.329646)
(40.0729 2.81348e-18 -0.330576)
(40.0579 -1.32471e-18 -0.330213)
(40.0438 -1.81998e-20 -0.328759)
(40.0307 0 -0.32639)
(40.0185 0 -0.323256)
(40.0071 -7.87586e-19 -0.319486)
(39.9964 7.94146e-19 -0.315189)
(39.9866 1.03821e-20 -0.310459)
(39.9773 -3.84549e-21 -0.305371)
(39.9687 4.51422e-19 -0.299987)
(39.9607 -8.14273e-20 -0.294355)
(39.9531 -3.59683e-19 -0.288515)
(39.9459 0 -0.282491)
(39.9392 4.5138e-22 -0.276308)
(39.9327 1.34103e-19 -0.269979)
(39.9266 -1.42048e-19 -0.263527)
(39.9207 9.64486e-21 -0.256964)
(39.9151 2.86387e-19 -0.250313)
(39.9097 1.31212e-19 -0.243589)
(39.9046 -9.73419e-19 -0.236811)
(39.8997 1.23406e-18 -0.229983)
(39.895 1.21983e-19 -0.223111)
(39.8905 -8.21298e-19 -0.216188)
(39.8863 -1.25528e-20 -0.209212)
(39.8822 -2.32006e-20 -0.202172)
(39.8782 -1.60871e-20 -0.195064)
(39.8743 0 -0.187879)
(39.8706 0 -0.18061)
(39.8669 -1.62259e-18 -0.173245)
(39.8633 -6.44775e-20 -0.165767)
(39.8597 1.87364e-18 -0.158156)
(39.856 -3.88626e-20 -0.150386)
(39.8522 -2.24125e-18 -0.142438)
(39.8484 -9.88405e-20 -0.134288)
(39.8444 2.46569e-18 -0.12593)
(39.8403 -2.68694e-18 -0.117359)
(39.8361 3.06245e-18 -0.108581)
(39.8318 8.73411e-20 -0.0996114)
(39.8275 1.77115e-18 -0.09051)
(39.8231 -1.88591e-18 -0.0813204)
(39.8187 2.03097e-18 -0.0720004)
(39.8142 -2.19175e-18 -0.0623053)
(39.8098 -5.53859e-21 -0.0522247)
(39.8057 1.38782e-18 -0.042268)
(39.8017 -1.58001e-18 -0.0293429)
(39.798 2.5572e-19 -0.00211717)
(40.2061 -7.20465e-19 -0.0697767)
(40.2089 0 -0.0941066)
(40.206 0 -0.11699)
(40.2006 7.63542e-19 -0.138788)
(40.1925 -1.18471e-18 -0.158875)
(40.1825 0 -0.176958)
(40.1709 -1.58634e-18 -0.192858)
(40.1582 2.4684e-19 -0.206524)
(40.1449 1.46759e-18 -0.218002)
(40.1313 1.69845e-20 -0.227405)
(40.1177 1.35009e-18 -0.234892)
(40.1044 -1.28229e-18 -0.240642)
(40.0914 1.05639e-18 -0.244847)
(40.079 -1.10423e-18 -0.24769)
(40.0671 -1.02027e-18 -0.249347)
(40.0558 9.98504e-19 -0.249975)
(40.0452 0 -0.249719)
(40.0351 -2.44545e-20 -0.248704)
(40.0256 0 -0.247041)
(40.0167 0 -0.244826)
(40.0084 0 -0.242143)
(40.0005 -1.73932e-20 -0.239067)
(39.9931 -9.54266e-19 -0.235656)
(39.9862 1.10682e-19 -0.231965)
(39.9797 1.5985e-18 -0.22803)
(39.9735 -7.51415e-19 -0.223889)
(39.9676 -5.37099e-19 -0.21956)
(39.962 9.68626e-19 -0.215067)
(39.9566 -7.61877e-19 -0.210425)
(39.9515 5.57469e-19 -0.205653)
(39.9466 -9.82524e-20 -0.200766)
(39.9418 -9.85371e-20 -0.195784)
(39.9373 -2.93766e-20 -0.190723)
(39.933 5.58571e-22 -0.185598)
(39.9289 2.48528e-19 -0.180415)
(39.9249 -2.49927e-19 -0.17518)
(39.9212 1.34754e-20 -0.169889)
(39.9175 5.21023e-19 -0.164539)
(39.9141 8.11281e-20 -0.159126)
(39.9107 -5.7037e-19 -0.153643)
(39.9075 0 -0.148087)
(39.9043 0 -0.142451)
(39.9012 9.26312e-19 -0.136732)
(39.8981 -1.99269e-18 -0.130914)
(39.895 1.00158e-18 -0.124986)
(39.8919 3.18484e-20 -0.118928)
(39.8887 -3.48578e-20 -0.112731)
(39.8854 5.37004e-20 -0.106376)
(39.882 1.56683e-18 -0.0998583)
(39.8786 -1.60759e-18 -0.0931736)
(39.875 1.86699e-18 -0.0863411)
(39.8714 1.47234e-20 -0.0793703)
(39.8678 -2.08413e-18 -0.072292)
(39.8642 0 -0.0651406)
(39.8605 -1.26115e-18 -0.057871)
(39.8569 1.37337e-18 -0.050275)
(39.8533 1.38898e-20 -0.0423266)
(39.8499 8.37768e-19 -0.0343982)
(39.8468 -9.19862e-19 -0.0240186)
(39.844 -2.42112e-19 -0.00232088)
(40.1515 3.87126e-20 -0.0493761)
(40.1549 -2.38041e-19 -0.066812)
(40.1537 7.01418e-19 -0.0833442)
(40.1508 1.98228e-18 -0.0992539)
(40.1459 -1.4401e-18 -0.114099)
(40.1395 0 -0.127644)
(40.1319 0 -0.139737)
(40.1233 -1.41124e-19 -0.150314)
(40.1142 1.09383e-19 -0.159379)
(40.1048 -1.75093e-18 -0.166984)
(40.0953 1.90271e-18 -0.173219)
(40.0858 0 -0.178191)
(40.0765 -1.5377e-18 -0.182019)
(40.0674 3.13208e-18 -0.18482)
(40.0587 -2.9658e-18 -0.18671)
(40.0503 1.0093e-19 -0.187797)
(40.0423 1.36376e-18 -0.188179)
(40.0346 2.05036e-20 -0.187948)
(40.0274 1.10042e-18 -0.187182)
(40.0205 -1.12582e-18 -0.185956)
(40.014 0 -0.184334)
(40.0078 7.28022e-21 -0.182373)
(40.002 -6.58544e-21 -0.180121)
(39.9965 1.13231e-20 -0.177621)
(39.9912 0 -0.174905)
(39.9862 5.64834e-19 -0.172002)
(39.9815 4.31485e-19 -0.168931)
(39.977 -9.88072e-19 -0.16571)
(39.9726 0 -0.162353)
(39.9684 5.7372e-19 -0.158874)
(39.9644 -5.72687e-19 -0.155287)
(39.9605 -3.21148e-21 -0.151606)
(39.9568 1.66849e-19 -0.147845)
(39.9533 -1.68822e-19 -0.144015)
(39.9499 8.53499e-20 -0.140123)
(39.9467 -8.49224e-20 -0.136171)
(39.9436 3.2018e-19 -0.13216)
(39.9407 -7.76853e-19 -0.128088)
(39.9378 4.47058e-19 -0.123953)
(39.9351 -2.12955e-20 -0.119753)
(39.9324 -7.90674e-19 -0.115489)
(39.9298 7.98603e-19 -0.111158)
(39.9272 -1.98727e-20 -0.106758)
(39.9247 -5.08483e-20 -0.102279)
(39.9222 0 -0.097715)
(39.9196 -2.667e-20 -0.0930527)
(39.9169 6.94285e-20 -0.0882824)
(39.9142 1.70771e-18 -0.083392)
(39.9114 -1.79595e-18 -0.0783805)
(39.9085 0 -0.0732468)
(39.9056 -2.24579e-18 -0.0679911)
(39.9026 2.29753e-18 -0.0626203)
(39.8996 -1.36119e-18 -0.0571654)
(39.8966 1.37081e-18 -0.0516455)
(39.8937 1.55147e-18 -0.0460207)
(39.8907 -1.67488e-18 -0.0401249)
(39.8878 0 -0.0339132)
(39.8852 0 -0.0276373)
(39.8828 0 -0.0193809)
(39.8807 2.02807e-19 -0.00231316)
(40.1113 0 -0.0354557)
(40.1145 0 -0.0479121)
(40.114 -4.56222e-19 -0.0597542)
(40.1125 1.41731e-19 -0.0712527)
(40.1095 -8.82492e-19 -0.0821026)
(40.1055 1.96252e-18 -0.0921181)
(40.1005 -3.75672e-20 -0.101178)
(40.0948 -1.3243e-18 -0.109219)
(40.0886 -9.18848e-20 -0.116224)
(40.0822 -1.22591e-18 -0.122214)
(40.0755 1.2055e-18 -0.127235)
(40.0688 6.71824e-20 -0.131349)
(40.0621 -3.24673e-20 -0.134628)
(40.0556 0 -0.137148)
(40.0492 -2.99354e-20 -0.138983)
(40.043 2.85668e-20 -0.140207)
(40.0371 1.79567e-18 -0.140886)
(40.0313 -1.84153e-18 -0.141086)
(40.0258 1.61642e-18 -0.140861)
(40.0206 -1.61711e-18 -0.140267)
(40.0156 -1.39932e-18 -0.13935)
(40.0109 1.42019e-18 -0.138154)
(40.0063 1.20703e-18 -0.136714)
(40.002 -1.21541e-18 -0.135062)
(39.9979 0 -0.133222)
(39.994 -7.13056e-21 -0.131218)
(39.9903 -6.85377e-21 -0.129062)
(39.9866 -6.0009e-21 -0.12677)
(39.9832 0 -0.124352)
(39.9798 -8.74509e-21 -0.121823)
(39.9766 4.38353e-19 -0.119194)
(39.9735 -8.37144e-20 -0.116478)
(39.9706 -3.49407e-19 -0.113687)
(39.9678 0 -0.110831)
(39.9651 2.52726e-21 -0.107918)
(39.9625 -8.05822e-21 -0.104949)
(39.96 9.54642e-21 -0.101926)
(39.9577 3.61561e-21 -0.0988489)
(39.9554 4.05202e-21 -0.0957162)
(39.9532 -2.9978e-19 -0.0925275)
(39.951 -7.47464e-20 -0.0892833)
(39.9489 3.87538e-19 -0.0859826)
(39.9468 0 -0.082625)
(39.9448 2.41116e-20 -0.0792047)
(39.9427 -7.27474e-19 -0.0757162)
(39.9406 7.21135e-19 -0.0721511)
(39.9384 1.20061e-20 -0.0685053)
(39.9362 -5.12521e-20 -0.06477)
(39.9339 4.10208e-20 -0.0609434)
(39.9315 0 -0.0570238)
(39.9291 -4.93515e-20 -0.0530223)
(39.9267 7.69261e-20 -0.0489417)
(39.9243 0 -0.0447916)
(39.9219 -1.72202e-18 -0.0405855)
(39.9195 8.69965e-19 -0.0362819)
(39.9172 2.055e-18 -0.0317414)
(39.9149 -1.10281e-18 -0.0269215)
(39.9129 0 -0.02201)
(39.9111 0 -0.0155192)
(39.9095 0 -0.00223125)
(40.0802 3.22996e-19 -0.0257558)
(40.0835 -1.81232e-20 -0.034668)
(40.0835 1.3226e-20 -0.0431088)
(40.083 1.0225e-19 -0.0513783)
(40.0813 6.99979e-19 -0.059254)
(40.0788 -8.43746e-19 -0.0665977)
(40.0757 -8.36173e-19 -0.0733173)
(40.072 8.5535e-19 -0.0793574)
(40.0679 0 -0.0846954)
(40.0635 4.65477e-20 -0.0893326)
(40.0589 0 -0.0932904)
(40.0542 -5.63315e-20 -0.0966023)
(40.0494 2.72144e-20 -0.0993108)
(40.0447 1.40083e-18 -0.101462)
(40.0401 -2.8226e-18 -0.103104)
(40.0356 2.70444e-18 -0.104284)
(40.0311 -1.33624e-18 -0.105049)
(40.0269 1.21689e-18 -0.105442)
(40.0227 -1.21016e-18 -0.105504)
(40.0188 1.59165e-20 -0.105273)
(40.015 -1.01077e-18 -0.104784)
(40.0113 1.00893e-18 -0.104069)
(40.0079 0 -0.103153)
(40.0045 -7.131e-21 -0.102061)
(40.0014 7.30221e-19 -0.100812)
(39.9983 -2.10591e-18 -0.0994241)
(39.9954 1.36275e-18 -0.0979082)
(39.9926 -1.10515e-18 -0.0962776)
(39.9899 1.11028e-18 -0.0945426)
(39.9873 3.69747e-21 -0.0927147)
(39.9848 6.05928e-21 -0.0908037)
(39.9824 6.15871e-19 -0.0888209)
(39.9801 -1.12979e-18 -0.0867762)
(39.9779 5.08266e-19 -0.0846774)
(39.9758 2.84243e-19 -0.0825288)
(39.9738 -4.61538e-19 -0.080333)
(39.9719 1.749e-19 -0.0780898)
(39.97 1.08075e-21 -0.0757988)
(39.9682 1.31928e-19 -0.0734592)
(39.9664 -1.36032e-19 -0.0710711)
(39.9647 0 -0.0686354)
(39.963 0 -0.0661519)
(39.9614 0 -0.06362)
(39.9597 0 -0.0610363)
(39.958 -7.39396e-19 -0.0583983)
(39.9563 7.85346e-19 -0.0557003)
(39.9546 -1.27321e-20 -0.0529383)
(39.9528 -1.10101e-18 -0.050107)
(39.9509 2.4499e-18 -0.0472073)
(39.949 1.45693e-19 -0.0442387)
(39.9471 -1.46426e-18 -0.0411993)
(39.9452 -1.89476e-20 -0.0380896)
(39.9432 -8.97131e-19 -0.0349236)
(39.9413 9.34255e-19 -0.0317048)
(39.9395 -1.19551e-18 -0.0283994)
(39.9377 1.2126e-18 -0.024901)
(39.9359 0 -0.0211649)
(39.9344 -7.72547e-19 -0.0173176)
(39.9331 4.04693e-19 -0.0122423)
(39.932 4.96786e-19 -0.00201777)
(40.0582 -1.26222e-19 -0.0191538)
(40.0611 -1.35537e-19 -0.0254638)
(40.0611 -1.43604e-19 -0.0314242)
(40.061 2.60785e-19 -0.0373275)
(40.0601 5.20495e-19 -0.0429995)
(40.0585 -5.33985e-19 -0.0483382)
(40.0565 0 -0.0532742)
(40.0541 0 -0.0577611)
(40.0513 0 -0.0617745)
(40.0483 -1.09905e-18 -0.0653074)
(40.0451 9.54788e-20 -0.0683671)
(40.0418 3.92621e-20 -0.0709701)
(40.0384 4.19539e-20 -0.0731409)
(40.0351 1.01551e-18 -0.0749071)
(40.0317 0 -0.0762988)
(40.0284 0 -0.077347)
(40.0252 -9.40623e-21 -0.0780826)
(40.022 -2.67925e-20 -0.0785356)
(40.019 -1.14091e-20 -0.0787336)
(40.0161 -1.33064e-20 -0.078704)
(40.0132 -1.02764e-20 -0.0784711)
(40.0105 1.30859e-18 -0.0780585)
(40.0079 -1.31696e-18 -0.0774854)
(40.0054 -8.5585e-21 -0.0767701)
(40.003 1.06422e-18 -0.0759275)
(40.0007 -1.05956e-18 -0.0749709)
(39.9985 0 -0.07391)
(39.9964 -8.20239e-19 -0.0727555)
(39.9943 8.37867e-20 -0.0715158)
(39.9923 1.40448e-18 -0.0702006)
(39.9904 -1.24691e-18 -0.0688183)
(39.9886 5.85279e-19 -0.067378)
(39.9868 -7.09487e-21 -0.0658871)
(39.9851 -6.04859e-21 -0.0643514)
(39.9834 -2.33657e-21 -0.0627736)
(39.9819 0 -0.0611545)
(39.9803 1.45291e-19 -0.0594938)
(39.9789 -1.4809e-19 -0.0577904)
(39.9775 -3.18922e-22 -0.0560436)
(39.9761 3.44237e-22 -0.054254)
(39.9747 0 -0.0524226)
(39.9734 1.91978e-19 -0.0505508)
(39.9721 -1.94161e-19 -0.04864)
(39.9708 0 -0.0466892)
(39.9694 -1.56693e-20 -0.0446974)
(39.9681 0 -0.0426616)
(39.9667 -2.12986e-20 -0.0405815)
(39.9652 0 -0.0384529)
(39.9638 -3.69757e-20 -0.0362744)
(39.9623 -8.4849e-19 -0.0340438)
(39.9608 7.94936e-19 -0.0317652)
(39.9592 -1.04581e-18 -0.0294357)
(39.9577 -1.0527e-19 -0.0270539)
(39.9562 1.20593e-18 -0.024622)
(39.9548 7.5731e-19 -0.0221079)
(39.9534 -7.58721e-19 -0.0194268)
(39.9522 8.22604e-19 -0.0165449)
(39.951 -4.15985e-19 -0.0135637)
(39.9501 -5.07463e-19 -0.00964209)
(39.9494 0 -0.00184351)
(40.0418 0 -0.0143612)
(40.044 5.61958e-19 -0.0188874)
(40.0442 -5.79354e-19 -0.0231059)
(40.0444 4.33494e-20 -0.0273172)
(40.0439 0 -0.031391)
(40.043 7.37173e-20 -0.0352553)
(40.0417 6.02641e-19 -0.0388584)
(40.0402 -6.92911e-19 -0.0421641)
(40.0383 3.84863e-20 -0.0451508)
(40.0363 0 -0.0478079)
(40.0341 -1.39637e-18 -0.0501354)
(40.0318 1.36799e-18 -0.0521402)
(40.0294 0 -0.0538351)
(40.027 2.32748e-20 -0.0552363)
(40.0246 1.22243e-18 -0.0563623)
(40.0223 -1.23633e-18 -0.0572333)
(40.0199 2.08814e-20 -0.05787)
(40.0176 -1.09449e-18 -0.0582933)
(40.0154 1.10767e-18 -0.0585231)
(40.0133 0 -0.0585794)
(40.0112 -9.18116e-19 -0.0584806)
(40.0092 9.46939e-19 -0.0582443)
(40.0073 8.52128e-19 -0.0578852)
(40.0054 -1.62062e-18 -0.0574175)
(40.0036 8.11152e-19 -0.0568524)
(40.0019 1.03664e-20 -0.0562001)
(40.0002 0 -0.0554679)
(39.9986 -1.16519e-18 -0.0546633)
(39.9971 2.24459e-18 -0.0537922)
(39.9956 -1.07818e-18 -0.0528612)
(39.9941 -8.84348e-19 -0.0518749)
(39.9927 8.77703e-19 -0.0508394)
(39.9913 -6.73594e-19 -0.0497586)
(39.99 6.87962e-19 -0.0486363)
(39.9888 5.01024e-19 -0.0474734)
(39.9876 -8.66816e-20 -0.0462711)
(39.9864 -4.01998e-19 -0.0450289)
(39.9853 -2.19685e-19 -0.0437476)
(39.9842 2.2885e-19 -0.0424285)
(39.9832 4.78526e-20 -0.0410742)
(39.9821 -4.85817e-20 -0.0396884)
(39.9811 0 -0.038274)
(39.9801 0 -0.0368334)
(39.979 0 -0.0353675)
(39.978 0 -0.0338769)
(39.9769 1.17003e-20 -0.0323599)
(39.9758 0 -0.0308139)
(39.9747 0 -0.0292354)
(39.9736 -8.04461e-19 -0.0276237)
(39.9724 1.76309e-18 -0.0259761)
(39.9712 1.27593e-19 -0.0242855)
(39.97 -1.0782e-18 -0.0225477)
(39.9688 0 -0.0207638)
(39.9677 0 -0.0189313)
(39.9666 7.57556e-19 -0.0170247)
(39.9656 -1.71385e-18 -0.0149823)
(39.9647 4.47543e-19 -0.0127739)
(39.9639 1.07885e-18 -0.0104714)
(39.9633 -2.85083e-19 -0.00746784)
(39.9628 -3.55228e-19 -0.00160148)
(40.0304 0 -0.0112049)
(40.0319 2.42263e-19 -0.0144036)
(40.032 -9.82802e-20 -0.0173697)
(40.0323 -4.99505e-19 -0.020348)
(40.032 3.94787e-19 -0.0232469)
(40.0315 2.83786e-20 -0.0260157)
(40.0306 6.32539e-20 -0.0286149)
(40.0296 -4.73829e-20 -0.0310163)
(40.0284 -3.2234e-20 -0.0332015)
(40.027 -8.63357e-19 -0.0351602)
(40.0255 8.77871e-19 -0.0368896)
(40.0239 0 -0.0383918)
(40.0222 0 -0.0396744)
(40.0205 -8.39443e-19 -0.0407471)
(40.0188 8.26087e-19 -0.0416219)
(40.0172 -1.52408e-18 -0.0423122)
(40.0155 3.05852e-18 -0.0428323)
(40.0139 -2.95177e-18 -0.0431965)
(40.0123 6.74529e-20 -0.0434186)
(40.0107 1.39967e-18 -0.0435123)
(40.0093 1.26134e-18 -0.0434907)
(40.0078 -1.29015e-18 -0.0433659)
(40.0064 -1.04025e-20 -0.0431478)
(40.005 -1.09466e-18 -0.0428461)
(40.0037 6.6977e-20 -0.0424686)
(40.0025 6.73137e-20 -0.0420221)
(40.0012 6.89517e-20 -0.0415113)
(40 9.01832e-19 -0.0409416)
(39.9988 6.86288e-21 -0.0403169)
(39.9977 0 -0.0396425)
(39.9966 6.45218e-19 -0.0389217)
(39.9955 -1.21839e-18 -0.0381594)
(39.9945 5.70737e-19 -0.0373585)
(39.9935 0 -0.0365221)
(39.9925 -3.9871e-19 -0.0356515)
(39.9916 7.21091e-19 -0.0347481)
(39.9907 -5.59068e-20 -0.0338127)
(39.9899 -2.79878e-19 -0.0328469)
(39.9891 -1.61728e-19 -0.0318531)
(39.9882 1.56261e-19 -0.0308345)
(39.9874 0 -0.0297946)
(39.9867 0 -0.0287368)
(39.9859 -7.11522e-20 -0.0276636)
(39.9851 2.02194e-19 -0.0265756)
(39.9842 6.22256e-20 -0.0254723)
(39.9834 -2.0313e-19 -0.0243518)
(39.9826 0 -0.0232126)
(39.9817 -1.85165e-20 -0.0220513)
(39.9808 1.70058e-20 -0.0208646)
(39.9799 0 -0.0196493)
(39.979 3.00103e-20 -0.0184039)
(39.9781 0 -0.0171234)
(39.9772 0 -0.0158011)
(39.9763 -2.14586e-20 -0.0144352)
(39.9755 -4.53961e-19 -0.0130011)
(39.9748 1.03295e-18 -0.0114507)
(39.9741 3.2367e-20 -0.00976556)
(39.9736 -3.04779e-19 -0.00800851)
(39.9732 -3.52059e-19 -0.00573698)
(39.973 -9.35521e-20 -0.00136866)
(40.0217 1.61168e-20 -0.00893964)
(40.0227 -7.08129e-20 -0.0112218)
(40.0229 -6.51945e-20 -0.0133106)
(40.0232 4.56092e-19 -0.0154154)
(40.0231 -4.67743e-19 -0.0174723)
(40.0228 -5.21064e-19 -0.0194474)
(40.0223 5.10297e-19 -0.0213122)
(40.0217 3.96779e-20 -0.0230455)
(40.0209 5.31578e-19 -0.0246332)
(40.0199 -5.40921e-19 -0.0260662)
(40.0189 2.97111e-20 -0.0273411)
(40.0179 1.06228e-18 -0.0284579)
(40.0167 -2.62816e-20 -0.0294202)
(40.0156 -2.0789e-18 -0.0302336)
(40.0144 1.04635e-18 -0.0309059)
(40.0132 -1.84354e-20 -0.0314454)
(40.0121 0 -0.0318611)
(40.0109 -9.26127e-19 -0.0321623)
(40.0098 1.84598e-18 -0.0323587)
(40.0087 -9.10332e-19 -0.0324593)
(40.0076 -8.35701e-19 -0.0324724)
(40.0065 8.36847e-19 -0.0324063)
(40.0055 0 -0.0322683)
(40.0045 0 -0.0320648)
(40.0035 -6.29142e-21 -0.031801)
(40.0025 -5.92098e-21 -0.0314822)
(40.0016 -8.91393e-21 -0.031112)
(40.0007 -1.13274e-18 -0.0306948)
(39.9998 1.13264e-18 -0.0302338)
(39.9989 -9.63103e-19 -0.0297331)
(39.9981 1.84895e-18 -0.0291962)
(39.9973 -8.91646e-19 -0.0286265)
(39.9965 1.08105e-21 -0.0280267)
(39.9957 -6.43313e-19 -0.0273991)
(39.995 8.02955e-20 -0.0267455)
(39.9943 7.90552e-20 -0.0260673)
(39.9937 8.08775e-20 -0.0253656)
(39.993 4.18787e-19 -0.0246426)
(39.9924 4.61574e-21 -0.0239007)
(39.9918 3.48906e-21 -0.0231431)
(39.9912 1.24345e-19 -0.0223723)
(39.9906 -1.23059e-19 -0.021591)
(39.9899 0 -0.0208006)
(39.9893 -9.84118e-20 -0.0200014)
(39.9887 9.76087e-20 -0.0191913)
(39.9881 0 -0.0183684)
(39.9874 0 -0.0175307)
(39.9867 -4.0653e-19 -0.016676)
(39.9861 4.21997e-19 -0.0157997)
(39.9854 -1.43147e-20 -0.0148989)
(39.9847 -2.50223e-20 -0.013969)
(39.984 0 -0.0130062)
(39.9833 0 -0.0120073)
(39.9827 1.79031e-20 -0.0109687)
(39.9821 5.54398e-19 -0.00987356)
(39.9816 -5.81146e-19 -0.00868697)
(39.9812 -1.49183e-20 -0.00739661)
(39.9809 0 -0.00605091)
(39.9807 -2.17977e-19 -0.00433891)
(39.9806 3.22578e-19 -0.00112363)
(40.0154 -1.80893e-20 -0.00732003)
(40.0166 -6.89373e-20 -0.00895345)
(40.0166 -2.98227e-19 -0.0104046)
(40.0168 1.99254e-19 -0.011886)
(40.0168 0 -0.013339)
(40.0166 -4.51395e-20 -0.0147389)
(40.0163 -6.13604e-19 -0.0160664)
(40.0158 6.25689e-19 -0.0173057)
(40.0153 3.46867e-20 -0.0184466)
(40.0147 3.53006e-20 -0.0194819)
(40.014 -2.48051e-20 -0.0204088)
(40.0133 0 -0.0212261)
(40.0125 1.79482e-20 -0.0219358)
(40.0117 -6.45735e-19 -0.0225409)
(40.0109 1.27208e-18 -0.0230462)
(40.0101 -4.44546e-22 -0.0234566)
(40.0092 -6.39881e-19 -0.023778)
(40.0084 0 -0.0240161)
(40.0076 8.1222e-21 -0.0241776)
(40.0068 0 -0.0242682)
(40.006 0 -0.0242938)
(40.0053 -1.03656e-18 -0.0242601)
(40.0045 1.04484e-18 -0.0241723)
(40.0038 0 -0.0240351)
(40.003 6.39321e-21 -0.0238524)
(40.0023 8.46361e-19 -0.023628)
(40.0017 -8.43255e-19 -0.0233649)
(40.001 0 -0.0230661)
(40.0003 0 -0.0227338)
(39.9997 6.55231e-19 -0.0223707)
(39.9991 -6.535e-19 -0.0219789)
(39.9985 -2.91817e-21 -0.0215609)
(39.9979 4.57362e-21 -0.0211179)
(39.9973 -4.49824e-19 -0.020652)
(39.9968 8.5927e-19 -0.0201641)
(39.9963 -3.98183e-19 -0.0196558)
(39.9958 -9.64658e-22 -0.0191284)
(39.9953 -2.58073e-19 -0.0185842)
(39.9948 2.49607e-19 -0.0180256)
(39.9943 0 -0.0174553)
(39.9939 -6.23617e-21 -0.0168756)
(39.9934 2.84934e-21 -0.0162886)
(39.993 2.8858e-20 -0.0156948)
(39.9925 -4.71679e-20 -0.0150942)
(39.992 1.83725e-20 -0.0144861)
(39.9915 0 -0.0138687)
(39.991 7.06631e-21 -0.0132397)
(39.9905 8.07203e-21 -0.0125971)
(39.99 0 -0.0119394)
(39.9895 2.71445e-20 -0.0112639)
(39.9889 1.80239e-20 -0.0105673)
(39.9885 0 -0.00984604)
(39.988 0 -0.0090949)
(39.9875 -5.37901e-19 -0.00831129)
(39.9872 5.13753e-19 -0.00748006)
(39.9868 1.72154e-20 -0.00657925)
(39.9865 -3.56332e-19 -0.00559564)
(39.9864 3.98965e-19 -0.00457223)
(39.9863 1.24631e-19 -0.00329479)
(39.9863 -2.02096e-19 -0.000943337)
(40.0115 6.74674e-20 -0.00580256)
(40.0118 4.46202e-20 -0.00711101)
(40.0119 2.02148e-19 -0.00814006)
(40.0121 -2.08371e-19 -0.00920014)
(40.0121 1.49454e-19 -0.0102395)
(40.012 0 -0.0112395)
(40.0118 3.84552e-19 -0.0121887)
(40.0116 -7.35507e-19 -0.0130768)
(40.0112 3.38857e-19 -0.0138967)
(40.0108 -2.94571e-20 -0.014643)
(40.0104 -7.88736e-19 -0.0153136)
(40.0099 1.53111e-18 -0.0159071)
(40.0094 -8.08317e-19 -0.0164244)
(40.0089 1.04592e-20 -0.016867)
(40.0083 1.46913e-20 -0.0172378)
(40.0077 -7.66201e-19 -0.0175398)
(40.0071 7.6552e-19 -0.0177768)
(40.0066 7.20455e-19 -0.0179528)
(40.006 -1.43348e-18 -0.0180723)
(40.0054 1.37535e-18 -0.0181394)
(40.0048 -2.80055e-20 -0.0181585)
(40.0043 -6.4883e-19 -0.0181336)
(40.0037 0 -0.0180686)
(40.0032 0 -0.017967)
(40.0027 -5.56721e-19 -0.0178314)
(40.0021 5.47848e-19 -0.0176646)
(40.0016 -4.74343e-21 -0.0174684)
(40.0011 0 -0.017245)
(40.0007 8.55803e-19 -0.0169959)
(40.0002 -8.57796e-19 -0.016723)
(39.9997 -7.39311e-19 -0.0164279)
(39.9993 7.44066e-19 -0.0161123)
(39.9989 6.14363e-19 -0.0157774)
(39.9985 -6.17555e-19 -0.0154249)
(39.9981 -1.22159e-20 -0.0150559)
(39.9977 2.17021e-21 -0.0146721)
(39.9973 -3.81468e-21 -0.0142745)
(39.9969 0 -0.0138655)
(39.9966 -2.70245e-19 -0.013447)
(39.9962 4.99888e-19 -0.0130215)
(39.9959 -2.20479e-19 -0.0125904)
(39.9955 -2.36443e-21 -0.0121554)
(39.9952 5.97271e-20 -0.0117172)
(39.9948 -6.21601e-20 -0.0112754)
(39.9945 4.84915e-20 -0.0108285)
(39.9941 -1.51774e-19 -0.0103751)
(39.9937 9.60835e-20 -0.00991361)
(39.9933 -2.21537e-19 -0.00944253)
(39.993 2.15567e-19 -0.00895753)
(39.9926 -1.26573e-20 -0.00845692)
(39.9922 -1.4986e-20 -0.00793663)
(39.9918 0 -0.00739395)
(39.9915 0 -0.00682424)
(39.9912 -3.56882e-21 -0.00622593)
(39.9909 3.42669e-19 -0.00558911)
(39.9907 -3.64446e-19 -0.00489812)
(39.9905 -8.13339e-21 -0.00414901)
(39.9905 4.63628e-21 -0.00337771)
(39.9905 1.4162e-19 -0.00243769)
(39.9905 -1.06981e-19 -0.000751791)
(40.008 -1.16707e-20 -0.00482036)
(40.0085 -3.75481e-20 -0.00582444)
(40.0085 -2.16941e-20 -0.00652637)
(40.0088 1.38159e-21 -0.00728149)
(40.0088 -1.47089e-20 -0.00801371)
(40.0088 0 -0.00871771)
(40.0087 -3.99722e-19 -0.00938612)
(40.0085 4.11164e-19 -0.0100117)
(40.0083 0 -0.0105898)
(40.008 0 -0.0111169)
(40.0077 1.70955e-20 -0.0115911)
(40.0074 4.53674e-19 -0.0120113)
(40.0071 -4.21267e-19 -0.012378)
(40.0067 4.322e-19 -0.0126917)
(40.0063 -4.45252e-19 -0.0129544)
(40.0059 4.28923e-19 -0.0131681)
(40.0055 -1.0157e-20 -0.0133352)
(40.0051 -1.27094e-18 -0.0134587)
(40.0047 8.3988e-19 -0.0135417)
(40.0043 2.41937e-21 -0.0135873)
(40.0039 7.70757e-19 -0.0135984)
(40.0035 -3.03006e-20 -0.013578)
(40.0031 -7.47358e-19 -0.0135285)
(40.0027 -6.84097e-19 -0.0134523)
(40.0023 6.90554e-19 -0.0133507)
(40.002 6.21526e-19 -0.0132254)
(40.0016 -6.22501e-19 -0.0130772)
(40.0012 5.51417e-19 -0.0129075)
(40.0009 -5.57423e-19 -0.0127169)
(40.0005 -4.70573e-21 -0.012507)
(40.0002 4.3654e-21 -0.0122789)
(39.9999 5.74011e-21 -0.0120345)
(39.9996 0 -0.0117749)
(39.9993 -3.35285e-19 -0.0115022)
(39.999 3.52425e-19 -0.0112177)
(39.9987 -1.4853e-21 -0.0109232)
(39.9984 0 -0.0106202)
(39.9981 -2.02704e-19 -0.0103107)
(39.9979 2.10481e-19 -0.00999628)
(39.9976 -4.42562e-21 -0.00967865)
(39.9973 -3.61309e-21 -0.00935873)
(39.9971 8.5294e-20 -0.00903743)
(39.9968 -8.43675e-20 -0.00871431)
(39.9965 0 -0.00838895)
(39.9963 -7.40119e-21 -0.00805994)
(39.996 7.5281e-21 -0.00772602)
(39.9957 2.69724e-21 -0.00738486)
(39.9954 -6.40048e-22 -0.00703517)
(39.9951 5.28659e-21 -0.00667478)
(39.9948 0 -0.00630183)
(39.9946 0 -0.00591335)
(39.9943 0 -0.00550744)
(39.9941 0 -0.0050793)
(39.9939 3.2434e-19 -0.00462831)
(39.9937 -3.19409e-19 -0.00414637)
(39.9936 2.12968e-19 -0.00362555)
(39.9935 1.42736e-20 -0.00306083)
(39.9935 -2.52618e-19 -0.00248385)
(39.9935 0 -0.00179879)
(39.9936 0 -0.000599667)
(40.0062 9.51933e-21 -0.00435004)
(40.0056 -1.76666e-20 -0.00499978)
(40.0059 5.20672e-20 -0.0054382)
(40.0062 -6.49597e-20 -0.00594836)
(40.0063 2.32677e-20 -0.00644212)
(40.0063 -1.51341e-19 -0.00692201)
(40.0063 -1.53483e-20 -0.00737956)
(40.0062 1.56023e-19 -0.00780914)
(40.0061 0 -0.0082067)
(40.006 -1.02272e-20 -0.00856924)
(40.0058 -2.29947e-19 -0.00889512)
(40.0056 2.27328e-19 -0.00918326)
(40.0054 -1.53936e-20 -0.00943356)
(40.0051 -4.60881e-19 -0.0096465)
(40.0049 9.39611e-19 -0.00982319)
(40.0046 -4.67679e-19 -0.00996512)
(40.0043 4.62263e-19 -0.0100741)
(40.004 -4.65571e-19 -0.0101523)
(40.0037 -1.24975e-21 -0.0102019)
(40.0034 4.39318e-19 -0.0102252)
(40.0032 -4.37355e-19 -0.0102242)
(40.0029 -4.12964e-19 -0.0102009)
(40.0026 8.04947e-19 -0.0101565)
(40.0023 -3.95985e-19 -0.0100925)
(40.002 -3.61816e-19 -0.0100095)
(40.0018 3.66943e-19 -0.00990843)
(40.0015 0 -0.00978978)
(40.0013 6.18683e-19 -0.00965452)
(40.001 -6.18155e-19 -0.0095034)
(40.0007 5.40589e-19 -0.00933791)
(40.0005 -1.03738e-18 -0.00915928)
(40.0003 4.95608e-19 -0.0089692)
(40 0 -0.00876891)
(39.9998 -6.59528e-21 -0.00856018)
(39.9996 -3.59819e-21 -0.00834424)
(39.9994 1.08824e-21 -0.00812259)
(39.9992 0 -0.00789612)
(39.999 -5.03221e-21 -0.00766644)
(39.9988 -2.07772e-19 -0.00743445)
(39.9986 3.87092e-19 -0.0072013)
(39.9984 -1.6839e-19 -0.00696702)
(39.9982 0 -0.00673218)
(39.998 6.99377e-20 -0.00649616)
(39.9978 -7.39957e-20 -0.0062584)
(39.9976 5.17496e-22 -0.00601685)
(39.9973 0 -0.00577062)
(39.9971 0 -0.00551785)
(39.9969 1.12579e-19 -0.00525748)
(39.9967 -1.14831e-19 -0.00498621)
(39.9965 4.43293e-21 -0.00470315)
(39.9963 -2.29377e-19 -0.00440545)
(39.9961 2.31929e-19 -0.00409191)
(39.9959 -7.64837e-21 -0.00376009)
(39.9958 -8.84343e-21 -0.00341038)
(39.9957 -7.60924e-21 -0.00303812)
(39.9956 -8.71231e-21 -0.0026382)
(39.9956 1.36976e-19 -0.00221099)
(39.9956 -2.89819e-19 -0.00178196)
(39.9957 1.65133e-19 -0.00128771)
(39.9957 0 -0.000452512)
(40.0047 2.70938e-22 -0.00386648)
(40.0045 2.36491e-21 -0.0042997)
(40.0046 4.84258e-21 -0.00457608)
(40.0048 0 -0.00491034)
(40.0048 3.61246e-20 -0.00523347)
(40.0048 -1.00735e-19 -0.00555041)
(40.0048 -1.05824e-20 -0.0058535)
(40.0048 6.30915e-20 -0.00613866)
(40.0047 -1.7407e-19 -0.00640254)
(40.0046 -4.62599e-21 -0.00664287)
(40.0045 2.00551e-19 -0.0068581)
(40.0043 2.06998e-19 -0.0070475)
(40.0042 -2.08924e-19 -0.00721079)
(40.004 2.18624e-19 -0.00734842)
(40.0038 -2.27978e-19 -0.00746112)
(40.0036 0 -0.00755004)
(40.0034 -2.6442e-21 -0.0076164)
(40.0032 0 -0.00766178)
(40.003 4.41853e-19 -0.00768755)
(40.0028 -1.11752e-20 -0.00769514)
(40.0026 -4.35799e-19 -0.00768554)
(40.0024 0 -0.00765982)
(40.0022 -2.41004e-21 -0.00761854)
(40.002 0 -0.00756235)
(40.0018 3.66119e-19 -0.00749146)
(40.0016 -3.65544e-19 -0.0074066)
(40.0015 -3.29221e-19 -0.00730824)
(40.0013 1.68149e-20 -0.00719741)
(40.0011 2.38275e-20 -0.00707493)
(40.0009 5.66823e-19 -0.00694241)
(40.0007 -2.74895e-19 -0.00680105)
(40.0005 2.35019e-19 -0.00665247)
(40.0004 -2.3622e-19 -0.00649768)
(40.0002 2.16199e-21 -0.00633816)
(40.0001 -1.7752e-19 -0.00617466)
(39.9999 3.41377e-19 -0.00600829)
(39.9997 -1.63107e-19 -0.00583946)
(39.9996 -1.26924e-19 -0.00566922)
(39.9994 1.27996e-19 -0.00549794)
(39.9993 -8.97519e-20 -0.00532627)
(39.9991 1.50608e-20 -0.00515391)
(39.999 7.3955e-20 -0.00498105)
(39.9988 0 -0.00480684)
(39.9986 -1.91443e-20 -0.00463083)
(39.9985 2.02218e-20 -0.0044516)
(39.9983 -8.21883e-22 -0.00426833)
(39.9982 -1.7907e-21 -0.00407916)
(39.998 5.70908e-20 -0.00388328)
(39.9978 -5.57163e-20 -0.00367901)
(39.9977 -8.57804e-21 -0.00346531)
(39.9975 4.51224e-21 -0.0032404)
(39.9974 -1.39574e-19 -0.0030038)
(39.9973 -1.03733e-20 -0.00275324)
(39.9972 -1.88725e-20 -0.00248968)
(39.9972 1.96395e-19 -0.00220949)
(39.9971 -1.28679e-19 -0.00191168)
(39.9971 1.29428e-19 -0.0015954)
(39.9972 8.1079e-20 -0.00128196)
(39.9972 -9.43173e-20 -0.000930699)
(39.9973 0 -0.00035222)
(40.0039 -1.16723e-20 -0.0031429)
(40.0033 -6.87688e-21 -0.00356722)
(40.0035 1.91469e-20 -0.00375729)
(40.0036 2.00875e-20 -0.00399439)
(40.0036 -1.68266e-21 -0.00421799)
(40.0036 -1.1672e-20 -0.00443294)
(40.0037 0 -0.00463554)
(40.0036 6.06152e-21 -0.00482393)
(40.0036 -5.61999e-22 -0.0049962)
(40.0035 0 -0.00515133)
(40.0035 0 -0.00528847)
(40.0034 6.13299e-20 -0.00540746)
(40.0033 -6.18573e-20 -0.00550827)
(40.0031 0 -0.00559146)
(40.003 1.50517e-19 -0.0056576)
(40.0029 -1.50542e-19 -0.00570758)
(40.0028 8.34093e-22 -0.00574216)
(40.0026 -1.58183e-19 -0.00576236)
(40.0025 1.61193e-19 -0.00576883)
(40.0023 0 -0.00576232)
(40.0022 1.33023e-21 -0.00574316)
(40.0021 1.52668e-19 -0.00571187)
(40.0019 -1.52112e-19 -0.00566861)
(40.0018 1.45263e-19 -0.00561382)
(40.0017 -1.45865e-19 -0.00554774)
(40.0015 -1.75725e-21 -0.00547122)
(40.0014 -1.67534e-21 -0.00538494)
(40.0012 -1.24215e-21 -0.00529015)
(40.0011 0 -0.00518796)
(40.001 2.05028e-19 -0.00507991)
(40.0008 -2.07444e-19 -0.00496714)
(40.0007 9.37728e-22 -0.0048509)
(40.0006 1.62709e-19 -0.00473185)
(40.0005 -1.6362e-19 -0.00461088)
(40.0004 1.30673e-19 -0.00448831)
(40.0002 -2.56036e-19 -0.00436461)
(40.0001 1.19285e-19 -0.00423978)
(40 -9.38455e-22 -0.00411442)
(39.9999 0 -0.00398861)
(39.9998 -1.91446e-21 -0.00386274)
(39.9996 4.47555e-20 -0.00373653)
(39.9995 -4.40883e-20 -0.00361023)
(39.9994 1.26331e-20 -0.00348336)
(39.9993 -1.28171e-20 -0.00335554)
(39.9991 6.66486e-22 -0.00322535)
(39.999 6.75807e-22 -0.00309227)
(39.9989 -5.62637e-20 -0.00295501)
(39.9988 1.3568e-19 -0.00281266)
(39.9987 1.73873e-20 -0.00266266)
(39.9986 -9.17295e-20 -0.00250461)
(39.9985 1.36532e-19 -0.00233684)
(39.9984 -3.03733e-19 -0.00215943)
(39.9983 1.64797e-19 -0.00197101)
(39.9983 1.10956e-19 -0.00177328)
(39.9982 -1.14622e-19 -0.0015646)
(39.9982 5.18809e-21 -0.00134531)
(39.9982 -7.91857e-20 -0.00111645)
(39.9983 -4.76037e-21 -0.000893925)
(39.9983 9.55949e-20 -0.000650432)
(39.9984 -1.27226e-20 -0.000262092)
(40.003 -1.87181e-20 -0.0029733)
(40.0025 9.49637e-22 -0.00319394)
(40.0026 -5.82347e-20 -0.00327466)
(40.0028 5.91026e-20 -0.00340039)
(40.0028 6.67904e-21 -0.00351916)
(40.0028 0 -0.00363662)
(40.0029 6.8227e-20 -0.00374847)
(40.0029 -6.4495e-20 -0.0038529)
(40.0028 4.27157e-20 -0.00394828)
(40.0028 -4.26395e-20 -0.00403367)
(40.0027 0 -0.00410836)
(40.0027 0 -0.00417212)
(40.0026 0 -0.00422479)
(40.0025 -2.20766e-20 -0.00426658)
(40.0024 2.19986e-20 -0.00429768)
(40.0023 -6.68757e-21 -0.00431843)
(40.0023 6.79857e-21 -0.00432901)
(40.0022 4.91475e-21 -0.00432975)
(40.0021 -3.90334e-21 -0.0043208)
(40.002 0 -0.00430234)
(40.0019 -2.89359e-20 -0.00427441)
(40.0018 3.02815e-20 -0.00423729)
(40.0017 2.6506e-22 -0.00419121)
(40.0016 0 -0.00413671)
(40.0015 0 -0.00407436)
(40.0014 1.59464e-22 -0.00400517)
(40.0013 -1.33897e-22 -0.00393013)
(40.0012 3.90676e-20 -0.00385049)
(40.0011 -3.83233e-20 -0.0037672)
(40.001 3.48861e-20 -0.00368146)
(40.0009 -3.47898e-20 -0.0035939)
(40.0008 -7.65383e-22 -0.00350522)
(40.0007 0 -0.00341551)
(40.0006 0 -0.0033251)
(40.0005 9.60697e-22 -0.00323383)
(40.0004 0 -0.00314194)
(40.0003 1.31829e-20 -0.00304935)
(40.0003 -1.10541e-20 -0.00295648)
(40.0002 2.80047e-21 -0.00286344)
(40.0001 -2.00101e-21 -0.00277065)
(40 -1.4374e-21 -0.00267806)
(39.9999 0 -0.00258584)
(39.9998 -1.73392e-20 -0.00249352)
(39.9997 4.08908e-20 -0.00240079)
(39.9996 -2.42258e-20 -0.00230656)
(39.9995 0 -0.00221007)
(39.9994 2.68756e-21 -0.00210982)
(39.9993 -5.04969e-20 -0.00200504)
(39.9992 5.18115e-20 -0.00189403)
(39.9992 6.0264e-20 -0.00177637)
(39.9991 -6.86038e-20 -0.00165138)
(39.9991 8.78532e-20 -0.00151966)
(39.999 -8.30959e-20 -0.00138045)
(39.999 -1.06802e-19 -0.00123593)
(39.999 1.11281e-19 -0.00108529)
(39.999 3.56924e-21 -0.000930174)
(39.999 -7.83073e-20 -0.000769622)
(39.999 4.00578e-20 -0.000615921)
(39.9991 8.11401e-20 -0.000451278)
(39.9991 -1.98317e-20 -0.000195594)
(40.0029 0 -0.00260582)
(40.0023 -8.0993e-20 -0.00276947)
(40.0024 3.16185e-21 -0.00280253)
(40.0024 5.89889e-20 -0.00286882)
(40.0023 7.74328e-20 -0.00292774)
(40.0023 -2.17342e-19 -0.00298417)
(40.0023 1.64948e-20 -0.0030366)
(40.0023 2.60677e-19 -0.00308422)
(40.0023 -3.21003e-19 -0.0031263)
(40.0022 1.63384e-19 -0.00316246)
(40.0022 5.21106e-21 -0.00319232)
(40.0022 4.87929e-21 -0.00321576)
(40.0021 0 -0.00323256)
(40.002 1.02903e-19 -0.00324264)
(40.002 -1.10713e-19 -0.00324584)
(40.0019 -1.80606e-19 -0.00324213)
(40.0019 1.36603e-20 -0.00323134)
(40.0018 1.66695e-19 -0.00321343)
(40.0018 0 -0.00318832)
(40.0017 0 -0.0031562)
(40.0016 0 -0.00311721)
(40.0016 -1.05297e-19 -0.00307184)
(40.0015 2.04354e-19 -0.00302059)
(40.0014 -9.80431e-20 -0.0029644)
(40.0013 0 -0.00290409)
(40.0013 -1.29613e-22 -0.00284077)
(40.0012 1.08814e-22 -0.00277534)
(40.0011 0 -0.00270884)
(40.0011 -1.43804e-21 -0.00264183)
(40.001 -1.21821e-19 -0.00257488)
(40.0009 1.20775e-19 -0.00250805)
(40.0008 0 -0.00244153)
(40.0008 -1.05134e-19 -0.00237505)
(40.0007 1.99058e-19 -0.00230859)
(40.0006 -4.58638e-21 -0.00224194)
(40.0005 -9.25244e-20 -0.00217543)
(40.0005 8.50061e-20 -0.00210917)
(40.0004 -8.62795e-20 -0.00204364)
(40.0003 4.79216e-22 -0.00197897)
(40.0003 7.87402e-20 -0.0019157)
(40.0002 -7.6479e-20 -0.00185376)
(40.0001 -7.80311e-20 -0.00179305)
(40 1.50027e-19 -0.00173259)
(40 -7.5116e-20 -0.00167186)
(39.9999 0 -0.00160958)
(39.9998 0 -0.00154475)
(39.9998 -7.72036e-20 -0.00147518)
(39.9997 1.60337e-19 -0.00140026)
(39.9996 -8.30602e-20 -0.00131876)
(39.9996 3.04635e-21 -0.00123099)
(39.9996 0 -0.00113646)
(39.9995 1.04706e-19 -0.00103685)
(39.9995 -1.7015e-19 -0.000932692)
(39.9995 5.95675e-20 -0.000826854)
(39.9995 7.35572e-20 -0.000718939)
(39.9995 -7.57699e-20 -0.000610942)
(39.9995 0 -0.000502443)
(39.9995 0 -0.000401733)
(39.9996 0 -0.000296122)
(39.9996 0 -0.000136821)
(40.0022 3.55951e-20 -0.00190588)
(40.002 -1.05028e-19 -0.00210581)
(40.002 6.73479e-20 -0.0021333)
(40.002 -1.56783e-20 -0.00219228)
(40.002 1.27631e-20 -0.00223575)
(40.002 1.33315e-19 -0.00227265)
(40.002 -2.19895e-19 -0.00230337)
(40.002 1.01568e-19 -0.00232834)
(40.002 -4.90956e-21 -0.00234789)
(40.0019 1.64731e-19 -0.0023624)
(40.0019 -3.33923e-19 -0.00237169)
(40.0019 1.12307e-20 -0.00237597)
(40.0018 2.92535e-19 -0.00237484)
(40.0018 1.27995e-19 -0.00236836)
(40.0017 -2.64351e-19 -0.00235607)
(40.0017 0 -0.00233813)
(40.0016 -2.20405e-19 -0.0023142)
(40.0016 1.41086e-20 -0.00228471)
(40.0015 1.3271e-20 -0.00224964)
(40.0015 1.96347e-19 -0.00220983)
(40.0014 -1.72947e-19 -0.00216559)
(40.0014 1.72499e-19 -0.00211811)
(40.0013 0 -0.00206793)
(40.0013 -2.89664e-19 -0.00201639)
(40.0012 2.9329e-19 -0.00196396)
(40.0011 -2.58931e-19 -0.00191179)
(40.0011 2.59863e-19 -0.00186001)
(40.001 0 -0.00180938)
(40.001 2.20548e-19 -0.00175952)
(40.0009 -2.19101e-19 -0.00171079)
(40.0008 -1.95791e-19 -0.00166252)
(40.0008 3.77918e-19 -0.00161504)
(40.0007 -1.83808e-19 -0.00156769)
(40.0007 -1.33253e-21 -0.00152104)
(40.0006 -1.51045e-19 -0.00147472)
(40.0006 1.47839e-19 -0.00142975)
(40.0005 1.58573e-21 -0.0013859)
(40.0005 1.24925e-19 -0.00134418)
(40.0004 -9.78171e-21 -0.0013041)
(40.0003 -1.19129e-19 -0.00126633)
(40.0003 -1.04654e-19 -0.00122971)
(40.0002 1.05875e-19 -0.00119421)
(40.0002 8.86548e-20 -0.00115789)
(40.0001 -9.0065e-20 -0.00112041)
(40.0001 7.81579e-20 -0.00107951)
(40 -7.96929e-20 -0.0010349)
(40 -7.47176e-21 -0.00098445)
(39.9999 -6.92975e-20 -0.000928673)
(39.9999 7.11867e-20 -0.000866738)
(39.9999 4.87746e-21 -0.0008003)
(39.9998 0 -0.000729202)
(39.9998 0 -0.000656243)
(39.9998 -4.86896e-21 -0.000582089)
(39.9998 0 -0.000509752)
(39.9998 -5.17632e-21 -0.000438893)
(39.9998 5.4988e-21 -0.000371422)
(39.9998 0 -0.000306545)
(39.9998 5.85593e-20 -0.000248153)
(39.9998 -6.31047e-20 -0.000187598)
(39.9999 4.64615e-21 -9.57021e-05)
(40.002 -7.28676e-20 -0.00127481)
(40.0014 9.99381e-20 -0.00138395)
(40.0015 0 -0.00137872)
(40.0016 1.31108e-20 -0.00142066)
(40.0016 0 -0.00144837)
(40.0016 -1.08747e-19 -0.00147406)
(40.0016 1.90213e-19 -0.00149592)
(40.0016 -2.59961e-19 -0.0015135)
(40.0015 7.59212e-21 -0.0015266)
(40.0015 1.83291e-19 -0.00153496)
(40.0015 0 -0.00153819)
(40.0015 -4.34634e-21 -0.00153613)
(40.0014 5.08515e-21 -0.00152843)
(40.0014 -2.83318e-19 -0.00151516)
(40.0014 1.23225e-20 -0.00149622)
(40.0013 2.6716e-19 -0.00147208)
(40.0013 2.43974e-19 -0.00144302)
(40.0012 -1.13856e-20 -0.00140998)
(40.0012 -2.33563e-19 -0.00137358)
(40.0012 3.78302e-21 -0.00133504)
(40.0011 0 -0.0012951)
(40.0011 3.44209e-21 -0.00125501)
(40.001 0 -0.00121531)
(40.001 0 -0.00117695)
(40.0009 -2.15622e-21 -0.00114004)
(40.0009 3.14283e-19 -0.00110513)
(40.0009 -3.09987e-19 -0.00107189)
(40.0008 -2.81704e-19 -0.00104052)
(40.0008 2.82833e-19 -0.00101042)
(40.0007 0 -0.000981744)
(40.0007 -4.31883e-21 -0.00095399)
(40.0006 2.91515e-21 -0.000927514)
(40.0006 -4.17486e-19 -0.000901954)
(40.0006 8.14194e-19 -0.000877961)
(40.0005 -2.3106e-20 -0.00085536)
(40.0005 -3.64874e-19 -0.000834855)
(40.0005 -6.07717e-21 -0.000815887)
(40.0004 0 -0.000798805)
(40.0004 2.88676e-19 -0.000782607)
(40.0003 -2.81028e-19 -0.000767237)
(40.0003 0 -0.000750911)
(40.0003 -2.14557e-19 -0.000733118)
(40.0002 2.18427e-19 -0.000712027)
(40.0002 0 -0.000687489)
(40.0001 -1.80434e-19 -0.000657763)
(40.0001 1.84089e-19 -0.000622922)
(40.0001 4.35092e-21 -0.000582348)
(40.0001 0 -0.000537391)
(40 0 -0.000488436)
(40 -3.95519e-21 -0.000437534)
(40 -1.26448e-19 -0.000386065)
(40 1.51985e-19 -0.000336256)
(40 3.95828e-21 -0.000289641)
(40 0 -0.000247423)
(40 4.21671e-21 -0.000210657)
(40 -9.14297e-21 -0.000177987)
(40 4.85005e-21 -0.000150543)
(40 1.24859e-21 -0.000124611)
(40 0 -9.75753e-05)
(40 -3.81626e-21 -5.35779e-05)
(40.0015 2.40685e-20 -0.000892114)
(40.001 -1.19792e-20 -0.00090937)
(40.0011 -1.15989e-20 -0.000897295)
(40.0011 0 -0.000903389)
(40.001 0 -0.000903532)
(40.001 2.1875e-20 -0.000903657)
(40.001 -4.01386e-22 -0.000901648)
(40.001 -9.95031e-21 -0.000896868)
(40.0009 0 -0.000888992)
(40.0009 -9.24984e-21 -0.000877393)
(40.0009 -4.85751e-21 -0.000862061)
(40.0009 -4.72861e-21 -0.000842728)
(40.0009 -4.12046e-21 -0.000819784)
(40.0008 1.42643e-19 -0.0007934)
(40.0008 -1.38713e-19 -0.000764411)
(40.0008 -2.56367e-19 -0.000733375)
(40.0008 1.06604e-20 -0.000701406)
(40.0008 2.46051e-19 -0.000669231)
(40.0007 0 -0.000637979)
(40.0007 -3.03525e-21 -0.000608229)
(40.0007 0 -0.000580809)
(40.0007 -2.75759e-21 -0.000555923)
(40.0006 0 -0.00053397)
(40.0006 -6.21464e-21 -0.000514715)
(40.0006 -3.43125e-19 -0.000498159)
(40.0006 3.3811e-19 -0.000483801)
(40.0006 -4.28863e-21 -0.000471488)
(40.0005 0 -0.000460679)
(40.0005 5.49306e-19 -0.000451246)
(40.0005 -1.06341e-18 -0.000442826)
(40.0004 5.27368e-19 -0.00043546)
(40.0004 0 -0.000428938)
(40.0004 0 -0.000423283)
(40.0004 -4.21921e-19 -0.000418304)
(40.0003 4.27676e-21 -0.000413877)
(40.0003 7.81114e-19 -0.0004096)
(40.0003 -3.76701e-19 -0.000404925)
(40.0003 0 -0.000399171)
(40.0002 -8.58798e-21 -0.000391568)
(40.0002 3.00173e-19 -0.000381419)
(40.0002 -5.86269e-19 -0.000367919)
(40.0001 5.23086e-19 -0.000350577)
(40.0001 -2.62534e-19 -0.000329091)
(40.0001 1.85995e-20 -0.000303658)
(40.0001 -1.74259e-20 -0.000274632)
(40.0001 0 -0.000242564)
(40.0001 1.51654e-20 -0.000208653)
(40 -1.7923e-19 -0.000174308)
(40 1.60356e-20 -0.000141174)
(40 1.85981e-19 -0.000110345)
(40 1.29573e-19 -8.36059e-05)
(40 -1.63292e-19 -6.17256e-05)
(40 0 -4.58895e-05)
(40 -1.28406e-19 -3.54692e-05)
(40 2.6123e-19 -3.07021e-05)
(40 -6.75983e-20 -2.89376e-05)
(40 -1.35679e-19 -3.02365e-05)
(40 1.37265e-19 -3.0541e-05)
(40 -7.43038e-20 -2.90923e-05)
(40 0 -1.92407e-05)
(40.0008 -1.00189e-20 -0.000343937)
(40.0006 0 -0.000354594)
(40.0006 -7.15386e-20 -0.000353304)
(40.0006 2.02419e-19 -0.000353571)
(40.0006 -1.3531e-19 -0.000349272)
(40.0005 -1.45671e-19 -0.00034275)
(40.0005 -7.14534e-21 -0.000333516)
(40.0005 2.65344e-19 -0.000321695)
(40.0004 -1.35607e-19 -0.000307532)
(40.0004 -4.39245e-21 -0.000291197)
(40.0004 -3.76057e-22 -0.000273204)
(40.0004 6.42133e-20 -0.000253927)
(40.0003 -6.02342e-20 -0.000234084)
(40.0003 7.6554e-21 -0.000214181)
(40.0003 2.44249e-20 -0.000195021)
(40.0003 -2.7975e-20 -0.000177075)
(40.0002 3.80203e-21 -0.000160999)
(40.0002 0 -0.000147023)
(40.0002 -7.25319e-21 -0.000135512)
(40.0002 0 -0.000126372)
(40.0002 0 -0.000119605)
(40.0001 -3.68017e-19 -0.000114805)
(40.0001 3.68509e-19 -0.000111722)
(40.0001 3.5152e-19 -0.000109847)
(40.0001 -6.9106e-19 -0.000108849)
(40.0001 3.36927e-19 -0.00010824)
(40.0001 -1.17228e-20 -0.000107743)
(40 5.99038e-19 -0.000107072)
(40 -2.27005e-20 -0.000106063)
(40 -6.00319e-19 -0.000104531)
(40 5.49481e-19 -0.000102288)
(40 -5.32595e-19 -9.92398e-05)
(40 -4.89717e-19 -9.51512e-05)
(40 5.12275e-19 -8.98566e-05)
(39.9999 1.23064e-20 -8.29137e-05)
(39.9999 0 -7.41768e-05)
(39.9999 0 -6.32754e-05)
(39.9999 0 -5.01874e-05)
(39.9999 7.70591e-19 -3.45856e-05)
(39.9999 -7.79849e-19 -1.67499e-05)
(39.9999 -6.87389e-19 3.12587e-06)
(39.9999 6.90023e-19 2.42879e-05)
(39.9999 0 4.63354e-05)
(39.9999 -5.79842e-19 6.83839e-05)
(39.9999 5.89969e-19 8.94781e-05)
(39.9999 -4.88353e-19 0.000108484)
(39.9999 9.73652e-19 0.000124564)
(39.9999 -4.33595e-19 0.000136913)
(39.9999 2.81899e-20 0.000144709)
(40 3.18725e-19 0.00014751)
(40 -3.58225e-19 0.000144959)
(40 -2.1455e-20 0.000137372)
(40 -1.97028e-20 0.000124937)
(40 0 0.000109032)
(40 -1.21913e-19 9.01299e-05)
(40 -3.95457e-21 7.05545e-05)
(40 1.11867e-19 5.0159e-05)
(40 -6.21357e-20 3.22872e-05)
(40 1.01342e-19 1.67666e-05)
(40 -3.88635e-20 6.45681e-06)
(39.9998 1.58849e-19 1.36709e-05)
(39.9996 -1.47391e-19 -6.69915e-06)
(39.9996 0 -1.27845e-05)
(39.9996 8.05201e-21 -1.9381e-05)
(39.9996 -3.94193e-21 -2.30655e-05)
(39.9996 5.42554e-19 -2.45362e-05)
(39.9996 -5.3733e-19 -2.44338e-05)
(39.9995 0 -2.29293e-05)
(39.9995 -5.0835e-19 -2.04633e-05)
(39.9995 8.74079e-21 -1.73272e-05)
(39.9995 9.95862e-19 -1.39169e-05)
(39.9995 -4.91217e-19 -1.04323e-05)
(39.9995 0 -7.20056e-06)
(39.9995 -3.23833e-21 -4.31513e-06)
(39.9995 -3.60514e-21 -1.97632e-06)
(39.9995 -3.53508e-21 -1.08755e-07)
(39.9995 2.20188e-19 1.25513e-06)
(39.9995 -1.08812e-20 2.32538e-06)
(39.9995 -1.0376e-19 3.21078e-06)
(39.9995 -4.71422e-20 4.21288e-06)
(39.9995 -5.13985e-20 5.52598e-06)
(39.9995 9.81516e-20 7.44467e-06)
(39.9995 -8.6038e-20 1.01592e-05)
(39.9995 0 1.38642e-05)
(39.9995 3.73209e-19 1.86856e-05)
(39.9995 -3.75232e-19 2.46918e-05)
(39.9995 9.15766e-21 3.19416e-05)
(39.9995 8.87231e-21 4.03597e-05)
(39.9995 -6.45406e-19 4.99438e-05)
(39.9995 6.47661e-19 6.05491e-05)
(39.9995 -1.92066e-20 7.2189e-05)
(39.9995 -3.39716e-20 8.46444e-05)
(39.9995 2.07712e-20 9.78935e-05)
(39.9995 0 0.000111674)
(39.9996 0 0.000125974)
(39.9996 0 0.000140426)
(39.9996 -2.98203e-20 0.000154864)
(39.9996 -8.48332e-19 0.000168786)
(39.9996 8.85832e-19 0.000182004)
(39.9997 5.03783e-20 0.00019393)
(39.9997 0 0.000204211)
(39.9997 7.41126e-19 0.000212199)
(39.9997 -6.8909e-19 0.000217715)
(39.9998 3.81101e-20 0.000220408)
(39.9998 5.70713e-19 0.000220092)
(39.9998 -5.47405e-19 0.000216468)
(39.9998 -5.56506e-20 0.0002097)
(39.9999 3.84081e-19 0.000199968)
(39.9999 -4.91833e-19 0.000187548)
(39.9999 2.00397e-20 0.000172723)
(39.9999 -4.05902e-20 0.000155953)
(39.9999 -2.58396e-19 0.000137799)
(40 3.04435e-19 0.000118771)
(40 0 9.96003e-05)
(40 0 8.058e-05)
(40 1.28976e-20 6.2685e-05)
(40 1.28034e-20 4.569e-05)
(40 -1.39894e-20 3.12111e-05)
(40 -1.5056e-20 1.89185e-05)
(40 0 9.25939e-06)
(10.2805 0 0.926017)
(11.4403 4.19343e-17 0.969681)
(11.5105 0 0.977644)
(11.4925 0 0.969218)
(11.3467 6.71619e-21 0.966651)
(11.1151 0 0.948723)
(10.8231 0 0.927218)
(10.4315 0 0.891502)
(9.92517 0 0.858917)
(9.17625 0 0.801233)
(7.83135 0 0.700133)
(7.04637 0 0.677572)
(6.43572 0 0.695881)
(6.05226 8.07633e-17 0.70066)
(6.06363 1.2728e-16 0.530381)
(7.64453 0 0.309161)
(10.0441 7.31957e-17 0.702039)
(12.5986 5.72278e-17 1.6174)
(14.6891 5.77205e-17 2.20289)
(16.0937 1.48736e-16 2.53082)
(17.0566 9.68246e-17 2.88965)
(17.7391 2.33092e-16 2.81409)
(17.3525 1.31553e-16 1.69293)
(18.3925 4.24881e-16 0.636389)
(27.4645 4.85131e-16 0.321062)
(13.4545 -2.31537e-17 1.14909)
(14.6976 -1.84561e-17 1.23121)
(14.7097 0 1.23904)
(14.6995 8.3374e-18 1.22834)
(14.5105 8.24258e-18 1.22632)
(14.2221 0 1.20457)
(13.849 0 1.17843)
(13.3665 0 1.13295)
(12.752 0 1.09495)
(11.9459 1.72622e-17 1.03535)
(10.8542 0 0.963907)
(9.86749 0 0.937778)
(8.78723 0 0.930784)
(7.89955 4.1688e-20 0.894948)
(8.22491 -4.42111e-20 0.69298)
(10.1034 0 0.360833)
(13.4364 6.02053e-20 0.868918)
(17.2286 2.46765e-19 2.1638)
(19.8974 -2.58434e-17 3.04969)
(21.6929 2.45039e-19 3.57243)
(22.9646 2.51293e-19 4.15393)
(23.921 -5.30142e-17 4.16658)
(24.705 -2.02532e-19 2.66757)
(28.865 -9.12078e-17 1.10414)
(40.0994 -2.07526e-16 1.06312)
(15.0887 2.09929e-20 1.28402)
(16.3201 2.3746e-21 1.36069)
(16.3126 0 1.37392)
(16.2974 -5.19629e-18 1.36062)
(16.079 -2.53882e-18 1.35997)
(15.7661 0 1.33736)
(15.3573 0 1.31027)
(14.8391 0 1.26118)
(14.1817 0 1.22423)
(13.3644 -9.66331e-18 1.17121)
(12.388 0 1.12557)
(11.2722 0 1.10056)
(10.0974 0 1.10487)
(9.2724 -2.27115e-17 1.05224)
(9.80284 -3.07463e-17 0.732422)
(11.952 0 0.313468)
(15.825 -2.14889e-17 0.951818)
(20.0845 -1.60896e-17 2.55294)
(23.0595 0 3.77334)
(25.1933 -2.37975e-17 4.51473)
(26.7801 4.17842e-19 5.26927)
(28.1793 0 5.34006)
(29.9115 -2.03453e-19 3.58259)
(35.1695 0 1.42703)
(45.3007 9.79859e-17 1.00041)
(16.3226 1.16336e-17 1.3842)
(17.5173 8.94024e-18 1.45174)
(17.4889 0 1.47167)
(17.4635 0 1.45681)
(17.2241 0 1.45901)
(16.8912 0 1.43652)
(16.4545 0 1.40912)
(15.9072 3.22165e-18 1.35849)
(15.2151 4.71304e-18 1.32456)
(14.3748 0 1.27965)
(13.3947 8.30912e-18 1.25099)
(12.2848 0 1.24479)
(11.2381 1.31926e-17 1.27135)
(10.7306 0 1.16513)
(11.5658 2.21496e-17 0.669001)
(14.0253 -2.09591e-17 0.227274)
(18.3269 0 1.07167)
(22.9731 1.24861e-17 3.06025)
(26.2843 -1.45926e-17 4.73042)
(28.6515 1.77887e-17 5.69999)
(30.4536 -1.9623e-17 6.56512)
(32.1283 -2.00081e-17 6.58243)
(34.2034 -1.24686e-19 4.48176)
(39.2224 -2.80144e-17 1.767)
(47.8011 -6.39902e-17 0.902918)
(17.3556 0 1.46164)
(18.4914 7.24694e-18 1.52134)
(18.4426 0 1.54885)
(18.4039 3.06493e-18 1.53394)
(18.1477 0 1.53983)
(17.7952 0 1.51771)
(17.333 -1.22339e-18 1.49008)
(16.7577 -2.3273e-18 1.43981)
(16.0395 -3.3671e-18 1.41139)
(15.1907 0 1.3786)
(14.2361 -5.90281e-18 1.37187)
(13.2609 7.75886e-18 1.39557)
(12.5047 -2.12164e-17 1.41942)
(12.4398 0 1.19291)
(13.6445 -1.68581e-17 0.525296)
(16.4187 3.11916e-17 0.138362)
(21.0548 0 1.24041)
(25.922 -9.26058e-18 3.61936)
(29.3416 1.02188e-17 5.67832)
(31.5829 -1.10994e-17 6.63001)
(33.183 0 7.27737)
(34.7002 2.5532e-17 7.07258)
(36.7512 -1.22401e-17 4.87666)
(41.4159 4.29221e-17 2.17181)
(49.399 0 1.29904)
(18.2522 0 1.52299)
(19.3216 -6.01298e-18 1.57662)
(19.2526 0 1.61256)
(19.1977 -2.45718e-18 1.59914)
(18.9252 1.1344e-18 1.60884)
(18.5566 0 1.58749)
(18.0774 9.48947e-19 1.56074)
(17.4902 0 1.51491)
(16.7785 0 1.49726)
(15.9773 0 1.48441)
(15.1444 0 1.50624)
(14.4201 -6.73368e-18 1.54628)
(14.0531 9.08958e-18 1.51118)
(14.4446 -1.16673e-17 1.12437)
(15.9977 0 0.359348)
(19.0233 -1.39363e-19 0.116755)
(23.8053 -9.71618e-18 1.45353)
(28.5897 0 4.06308)
(31.7244 0 6.24586)
(33.5996 -9.30653e-18 6.9529)
(35.0658 0 7.26806)
(36.5304 -1.19618e-17 6.80367)
(38.4948 0 4.74568)
(43.0164 -2.65383e-17 2.59202)
(50.8696 0 2.08999)
(19.0527 0 1.57329)
(20.0568 0 1.62256)
(19.9712 0 1.66819)
(19.9034 -2.03054e-18 1.65818)
(19.6247 -1.88065e-18 1.67226)
(19.2558 -3.5622e-20 1.65343)
(18.7865 0 1.63114)
(18.228 0 1.59663)
(17.5837 0 1.59683)
(16.913 0 1.60949)
(16.3006 -4.71603e-18 1.65205)
(15.9033 -6.1921e-18 1.67169)
(15.9343 0 1.53007)
(16.7262 1.38523e-19 1.00587)
(18.5772 -1.05307e-17 0.25371)
(21.8102 -1.01277e-19 0.210394)
(26.5602 -2.79334e-19 1.69807)
(31.0072 -7.35229e-18 4.25566)
(33.7042 0 6.19852)
(35.3345 -5.79124e-19 6.51309)
(36.8001 -1.46675e-17 6.52333)
(38.3046 0 5.95501)
(40.2331 0 4.2888)
(44.7671 0 3.04312)
(52.1735 -1.15283e-16 2.86759)
(19.8007 -6.39179e-18 1.61691)
(20.7484 0 1.66415)
(20.6591 0 1.72181)
(20.5944 7.97677e-22 1.71819)
(20.3342 1.69691e-18 1.73844)
(19.9993 3.29181e-20 1.72579)
(19.587 7.69074e-19 1.71367)
(19.1184 0 1.6981)
(18.6159 0 1.71959)
(18.1517 0 1.75222)
(17.8129 4.4429e-18 1.79051)
(17.7468 1.13357e-17 1.75262)
(18.1399 -7.0642e-18 1.49998)
(19.2638 8.54391e-18 0.917518)
(21.3593 9.33304e-18 0.305026)
(24.7301 -9.0049e-18 0.465193)
(29.2725 7.57807e-18 1.95985)
(33.2516 7.04558e-18 4.18669)
(35.633 0 5.59467)
(37.2749 1.46868e-17 5.48862)
(38.8846 2.1481e-17 5.33512)
(40.4404 0 4.86055)
(42.305 0 3.82451)
(46.3254 0 3.49583)
(52.6454 1.11156e-16 3.20738)
(20.5538 5.84542e-18 1.65889)
(21.4658 4.06371e-18 1.70734)
(21.4002 0 1.78101)
(21.3697 1.38394e-21 1.78773)
(21.1691 -8.27833e-19 1.81717)
(20.916 0 1.81529)
(20.6158 -1.53643e-18 1.81849)
(20.2943 0 1.8247)
(19.9835 0 1.86152)
(19.7541 -3.26696e-18 1.89731)
(19.6893 -4.22211e-18 1.90639)
(19.9298 -5.28461e-18 1.80063)
(20.6426 9.90624e-20 1.47966)
(22.0504 -7.58342e-18 0.942423)
(24.3523 0 0.547524)
(27.7561 0 0.8629)
(31.9428 -8.09065e-18 2.19115)
(35.45 -8.91751e-18 3.85454)
(37.6527 0 4.56331)
(39.3112 -1.99948e-17 4.33845)
(40.9034 -2.80424e-17 4.35871)
(42.3037 0 4.08747)
(43.7582 -3.32284e-17 3.62678)
(47.0222 0 3.72786)
(52.6142 9.27374e-17 3.20684)
(21.3939 5.54709e-18 1.70541)
(22.3032 -3.97202e-18 1.7594)
(22.3015 -2.68329e-18 1.85427)
(22.3442 1.72619e-18 1.87522)
(22.2449 0 1.91594)
(22.1132 0 1.92727)
(21.959 1.52915e-18 1.94638)
(21.8089 0 1.9697)
(21.7015 0 2.01056)
(21.7059 3.14116e-18 2.03458)
(21.9045 4.0538e-18 2.00644)
(22.4313 5.04276e-18 1.85447)
(23.4302 6.32712e-18 1.53789)
(25.0881 7.48865e-18 1.14219)
(27.5381 -8.30775e-18 0.97041)
(30.8565 0 1.33474)
(34.6604 8.8617e-18 2.33452)
(37.7342 1.06483e-17 3.31067)
(39.6044 0 3.51379)
(40.9682 2.26684e-17 3.53567)
(42.2266 3.02329e-17 3.73474)
(43.2313 0 3.66278)
(44.3216 -2.25906e-19 3.48354)
(47.2282 5.55556e-17 3.73227)
(52.4323 -8.11863e-17 2.9583)
(22.4199 -1.08536e-17 1.76236)
(23.3614 3.94599e-18 1.82636)
(23.4582 3.32142e-21 1.94645)
(23.6002 1.72058e-18 1.98269)
(23.6235 0 2.03413)
(23.6274 0 2.05827)
(23.6281 5.25383e-21 2.09094)
(23.6551 0 2.12509)
(23.7545 0 2.16247)
(23.993 0 2.17063)
(24.4523 0 2.11701)
(25.2556 -5.34953e-20 1.96258)
(26.5208 0 1.72176)
(28.3877 0 1.50706)
(30.9016 1.74794e-17 1.48565)
(34.0863 9.51184e-18 1.77069)
(37.4446 0 2.33992)
(39.7735 0 2.75407)
(40.8622 0 2.89951)
(41.731 2.29023e-17 3.21281)
(42.7063 0 3.43291)
(43.5212 0 3.4194)
(44.5159 2.86883e-17 3.30732)
(47.3222 -4.89549e-17 3.60625)
(52.1946 0 2.56003)
(23.712 5.31947e-18 1.8336)
(24.7039 -3.93129e-18 1.91019)
(24.9123 2.69362e-18 2.0559)
(25.1622 -1.72723e-18 2.10602)
(25.3156 0 2.16723)
(25.4631 0 2.20412)
(25.6281 7.77327e-21 2.24944)
(25.844 0 2.29138)
(26.1611 0 2.32466)
(26.6421 0 2.32357)
(27.3671 0 2.26966)
(28.4423 -5.57736e-18 2.15957)
(29.9426 0 2.03765)
(31.9585 0 1.96787)
(34.4913 -9.56392e-18 1.98481)
(37.359 -1.02621e-17 2.07058)
(39.7897 0 2.24065)
(40.8899 0 2.42322)
(41.2368 0 2.72904)
(41.9451 -2.0432e-17 3.14727)
(42.872 0 3.29851)
(43.65 2.65748e-17 3.26487)
(44.6524 0 3.13984)
(47.4039 0 3.44674)
(51.9152 0 2.10918)
(25.3114 0 1.91799)
(26.36 0 2.0081)
(26.6865 0 2.17818)
(27.0557 0 2.2413)
(27.3534 0 2.31385)
(27.6628 9.25821e-21 2.36626)
(28.0137 -8.38403e-19 2.42622)
(28.4421 -1.72389e-18 2.47654)
(28.9964 0 2.51071)
(29.7357 0 2.51514)
(30.7317 0 2.49097)
(32.0628 0 2.45712)
(33.7543 0 2.43932)
(35.7929 0 2.42095)
(38.018 0 2.34063)
(39.9646 0 2.18738)
(41.0372 0 2.14018)
(41.1444 1.09616e-17 2.31039)
(41.3235 0 2.74652)
(42.1099 1.77985e-17 3.16128)
(43.0052 0 3.25936)
(43.7745 -8.01397e-20 3.18135)
(44.7939 2.2214e-17 3.01687)
(47.4777 3.73576e-17 3.29632)
(51.5987 4.33328e-17 1.66142)
(27.2554 0 2.01051)
(28.3767 -3.92264e-18 2.11572)
(28.8418 0 2.30963)
(29.3566 -1.83244e-18 2.38859)
(29.8269 0 2.4784)
(30.3328 3.2795e-21 2.55219)
(30.9046 0 2.63028)
(31.5744 1.90725e-18 2.69214)
(32.3841 0 2.7375)
(33.3769 4.07614e-18 2.76632)
(34.5917 0 2.7899)
(36.025 -6.47527e-18 2.81374)
(37.5953 7.64781e-18 2.81412)
(39.1556 0 2.72217)
(40.4818 0 2.49045)
(41.2633 0 2.19556)
(41.3292 0 2.08534)
(41.148 5.30979e-20 2.30165)
(41.5007 -1.20197e-17 2.79171)
(42.3019 5.516e-20 3.17175)
(43.1399 0 3.24678)
(43.9069 -3.80672e-17 3.124)
(44.9379 -1.89932e-17 2.92246)
(47.5396 -6.30587e-17 3.14216)
(51.2446 -3.73057e-17 1.22293)
(29.5822 0 2.10304)
(30.8011 4.74351e-20 2.22578)
(31.4316 0 2.44715)
(32.1236 1.85791e-18 2.55071)
(32.7928 -8.78915e-19 2.66743)
(33.5127 -1.36873e-20 2.76708)
(34.3057 0 2.86232)
(35.183 0 2.93461)
(36.1395 0 2.99213)
(37.16 -4.00375e-18 3.03738)
(38.2135 5.08008e-18 3.0707)
(39.2422 6.05411e-18 3.07566)
(40.177 -1.13162e-20 3.01333)
(40.9534 -7.66636e-18 2.82881)
(41.4478 0 2.51388)
(41.5201 0 2.18099)
(41.294 0 2.07952)
(41.2753 -8.55366e-18 2.32836)
(41.7499 1.02761e-17 2.8065)
(42.4819 6.14161e-20 3.14181)
(43.2809 1.52256e-17 3.20535)
(44.0419 1.60197e-17 3.04467)
(45.0812 1.66395e-17 2.82046)
(47.5835 2.65223e-17 2.95109)
(50.8487 2.82299e-17 0.780742)
(32.2776 -4.34846e-18 2.18846)
(33.5905 3.60433e-18 2.32698)
(34.3788 0 2.58224)
(35.2133 -1.6503e-18 2.71876)
(35.9923 5.68103e-20 2.86178)
(36.7574 0 2.97425)
(37.502 -9.79245e-19 3.065)
(38.2182 1.84625e-18 3.12342)
(38.8952 0 3.16476)
(39.5275 3.61372e-18 3.1914)
(40.1035 -4.45692e-18 3.19727)
(40.6116 0 3.16079)
(41.042 -6.06552e-18 3.04771)
(41.3702 6.69604e-18 2.81983)
(41.5236 6.91033e-18 2.48855)
(41.4644 -6.90401e-18 2.173)
(41.3655 6.95736e-18 2.09994)
(41.5182 0 2.35355)
(41.9822 -8.96502e-18 2.78221)
(42.6532 -1.08254e-17 3.0688)
(43.4295 -1.27825e-17 3.11613)
(44.1732 -1.32982e-17 2.92374)
(45.2199 -1.41428e-17 2.69262)
(47.5987 -2.19883e-17 2.70755)
(50.4071 -2.45157e-17 0.340743)
(35.0809 3.80923e-18 2.24944)
(36.2221 0 2.4002)
(36.8785 -2.14033e-18 2.68052)
(37.5178 1.43569e-18 2.83185)
(38.049 1.24748e-18 2.97338)
(38.5287 0 3.06984)
(38.9639 8.46012e-19 3.13513)
(39.3708 -1.59053e-18 3.16953)
(39.7561 0 3.19144)
(40.124 -3.10272e-18 3.19985)
(40.4697 0 3.18366)
(40.7901 4.56498e-18 3.12084)
(41.0839 0 2.98578)
(41.3323 0 2.75405)
(41.4857 -6.00841e-18 2.44552)
(41.528 6.01979e-18 2.17308)
(41.5656 -6.03326e-18 2.13044)
(41.7595 0 2.36934)
(42.1839 7.59242e-18 2.7331)
(42.8274 0 2.96641)
(43.5753 0 2.98739)
(44.2949 1.12036e-17 2.76857)
(45.3477 -1.23707e-17 2.53847)
(47.5718 1.84342e-17 2.41082)
(49.9175 0 -0.0819456)
(36.6566 0 2.22327)
(37.3336 2.47238e-18 2.39121)
(37.7217 1.83709e-18 2.67826)
(38.136 0 2.83461)
(38.4877 -9.34109e-19 2.96892)
(38.8287 0 3.05197)
(39.1578 0 3.1018)
(39.4877 0 3.12419)
(39.8197 2.05466e-18 3.13499)
(40.1539 0 3.12953)
(40.4845 -3.31078e-18 3.09563)
(40.8062 -3.88346e-18 3.01649)
(41.1151 -4.35319e-18 2.87672)
(41.3926 -4.73224e-18 2.66214)
(41.5955 0 2.39453)
(41.6997 0 2.17464)
(41.7744 0 2.1604)
(41.9639 0 2.37535)
(42.3757 0 2.67029)
(42.9992 0 2.84749)
(43.7069 0 2.83281)
(44.4027 -9.30553e-18 2.59193)
(45.4547 -1.22002e-19 2.36065)
(47.4888 -1.47473e-17 2.06718)
(49.3795 0 -0.467801)
(37.06 0 2.13482)
(37.5269 -2.11797e-18 2.34297)
(37.8775 -1.38483e-18 2.62461)
(38.2601 0 2.78429)
(38.603 3.63813e-19 2.91308)
(38.9412 0 2.98998)
(39.2735 -7.0931e-19 3.03453)
(39.6105 0 3.05314)
(39.9529 -1.72727e-18 3.05631)
(40.299 0 3.03706)
(40.6406 2.78563e-18 2.98598)
(40.97 0 2.89463)
(41.2813 3.67952e-18 2.75747)
(41.5568 6.82259e-20 2.56774)
(41.7577 -4.14363e-18 2.34649)
(41.8645 0 2.17969)
(41.9473 0 2.18752)
(42.1476 -4.88148e-18 2.36966)
(42.5587 0 2.59436)
(43.1538 0 2.71314)
(43.8173 -7.37497e-18 2.65537)
(44.4918 7.85319e-18 2.3971)
(45.5286 -5.18328e-20 2.15488)
(47.3366 5.20805e-19 1.68566)
(48.796 -1.14281e-17 -0.800059)
(37.3327 1.97446e-18 2.04591)
(37.7756 1.56593e-18 2.29327)
(38.1444 1.16257e-18 2.56114)
(38.5258 6.12153e-19 2.72107)
(38.8699 0 2.84457)
(39.2041 -2.20062e-19 2.91996)
(39.5313 5.92178e-19 2.96482)
(39.8619 0 2.98317)
(40.1967 0 2.97944)
(40.5319 0 2.94649)
(40.8587 0 2.87968)
(41.169 0 2.77897)
(41.4569 0 2.64646)
(41.7068 3.33905e-18 2.48109)
(41.8882 3.52404e-18 2.30271)
(41.9952 0 2.18101)
(42.0986 0 2.20015)
(42.318 4.14256e-18 2.3434)
(42.722 0 2.50194)
(43.2825 0 2.56323)
(43.9018 1.23172e-17 2.45906)
(44.5549 0 2.18692)
(45.5548 1.53161e-17 1.91747)
(47.1057 1.00682e-17 1.28108)
(48.1733 1.00719e-17 -1.06494)
(37.7419 -1.65646e-18 1.97662)
(38.1446 -1.31181e-18 2.2417)
(38.4938 0 2.49076)
(38.8491 -9.48128e-19 2.64579)
(39.1722 0 2.76323)
(39.4848 1.8343e-19 2.83927)
(39.7916 -5.52725e-19 2.88752)
(40.1015 0 2.90857)
(40.4149 0 2.90172)
(40.7274 0 2.86066)
(41.0306 0 2.78494)
(41.3178 0 2.6803)
(41.583 0 2.55346)
(41.8125 0 2.40777)
(41.9848 0 2.26236)
(42.1039 -3.05163e-18 2.17146)
(42.2328 0 2.18874)
(42.4656 0 2.2897)
(42.8558 4.04402e-18 2.38792)
(43.379 0 2.39363)
(43.9537 -8.99633e-20 2.24457)
(44.5823 0 1.96007)
(45.5187 -6.48103e-18 1.64517)
(46.7923 0 0.871874)
(47.5217 0 -1.25668)
(38.149 0 1.91979)
(38.4864 -8.9375e-19 2.18221)
(38.8008 5.893e-19 2.40872)
(39.121 6.36372e-20 2.55524)
(39.4184 0 2.66568)
(39.7079 2.31776e-19 2.74187)
(39.9938 -3.18018e-20 2.79346)
(40.2826 7.60915e-19 2.81829)
(40.574 0 2.81247)
(40.8642 0 2.77081)
(41.1467 1.56889e-18 2.695)
(41.4157 -1.82137e-18 2.59283)
(41.6653 2.05426e-18 2.47256)
(41.8836 0 2.34078)
(42.0561 2.42594e-18 2.21647)
(42.1917 1.40496e-20 2.14075)
(42.3429 0 2.14519)
(42.5835 3.03355e-18 2.20388)
(42.9561 -3.41022e-18 2.24838)
(43.4383 0 2.20292)
(43.9662 -4.26766e-18 2.01585)
(44.5633 0 1.7182)
(45.4076 0 1.34383)
(46.3995 0 0.48197)
(46.8544 5.57182e-18 -1.37523)
(38.4864 0 1.86388)
(38.7657 1.40121e-18 2.11103)
(39.0467 -9.1467e-19 2.31347)
(39.3354 4.48909e-19 2.4498)
(39.6113 0 2.55246)
(39.8824 -4.26167e-19 2.62638)
(40.1511 8.5626e-19 2.6783)
(40.4211 -1.29311e-18 2.70528)
(40.6919 0 2.70271)
(40.9608 1.08189e-18 2.66662)
(41.2235 -1.31737e-18 2.59891)
(41.4757 1.53212e-18 2.50611)
(41.712 -1.73171e-18 2.39549)
(41.9227 1.8652e-18 2.27503)
(42.099 -2.05492e-18 2.16289)
(42.2514 1.79313e-20 2.08956)
(42.4218 2.33944e-18 2.07247)
(42.6669 -2.56482e-18 2.08836)
(43.0182 2.84547e-18 2.08251)
(43.4551 0 1.99044)
(43.9341 0 1.77383)
(44.4882 0 1.46045)
(45.2144 0 1.02494)
(45.9394 0 0.134156)
(46.1866 -4.91424e-18 -1.42801)
(38.7678 0 1.80295)
(39.0023 -1.00972e-18 2.02742)
(39.2525 6.43771e-19 2.20674)
(39.5131 -2.80813e-19 2.33257)
(39.7694 0 2.42693)
(40.0238 1.94532e-19 2.49567)
(40.2763 -3.71401e-19 2.54376)
(40.5283 5.49875e-19 2.56926)
(40.7788 0 2.56888)
(41.0264 -9.08092e-19 2.54011)
(41.269 -1.06692e-18 2.48412)
(41.5038 0 2.40484)
(41.7266 0 2.30715)
(41.9307 -1.57575e-18 2.19848)
(42.1117 0 2.09431)
(42.2796 3.65167e-18 2.01611)
(42.4659 -1.98049e-18 1.97319)
(42.7119 0 1.94662)
(43.0381 -2.40158e-18 1.8929)
(43.4269 0 1.75976)
(43.8543 0 1.52117)
(44.3505 -3.06154e-18 1.1902)
(44.94 3.38544e-18 0.707482)
(45.4305 -3.5352e-18 -0.153321)
(45.5326 0 -1.42709)
(39.0131 0 1.73344)
(39.2116 7.50822e-20 1.93131)
(39.4312 -2.434e-19 2.08986)
(39.6642 9.73033e-20 2.20572)
(39.8997 8.19325e-20 2.29222)
(40.1364 0 2.35439)
(40.3722 0 2.39607)
(40.6063 0 2.41707)
(40.8378 0 2.41619)
(41.0659 0 2.39254)
(41.2896 8.97351e-19 2.34666)
(41.5074 0 2.28034)
(41.7166 0 2.19623)
(41.9137 0 2.09986)
(42.0974 0 2.00233)
(42.2764 -1.53449e-18 1.91729)
(42.473 0 1.84902)
(42.7145 0 1.78276)
(43.0119 0 1.68504)
(43.3518 0 1.51721)
(43.7243 0 1.2619)
(44.1471 2.60348e-18 0.915193)
(44.5943 -2.89173e-18 0.411966)
(44.8947 3.05088e-18 -0.371902)
(44.9036 0 -1.38641)
(39.2303 0 1.65434)
(39.3983 2.62571e-19 1.82467)
(39.5885 1.048e-19 1.96424)
(39.7943 0 2.07025)
(40.0073 3.02589e-20 2.14953)
(40.2244 0 2.20529)
(40.4423 3.13908e-19 2.24043)
(40.659 0 2.25599)
(40.8732 5.26854e-19 2.25255)
(41.0842 0 2.23037)
(41.2912 0 2.19)
(41.4934 -8.36907e-19 2.13218)
(41.6895 9.37811e-19 2.05836)
(41.8784 0 1.97192)
(42.0608 0 1.87942)
(42.244 0 1.78796)
(42.4426 0 1.69823)
(42.6726 1.45116e-18 1.59845)
(42.9377 -1.56987e-18 1.46436)
(43.2284 1.68684e-18 1.27018)
(43.542 1.80658e-18 1.00345)
(43.881 0 0.649408)
(44.1944 0 0.157372)
(44.3532 -2.04797e-18 -0.521492)
(44.3073 1.96552e-18 -1.31706)
(39.4235 0 1.5649)
(39.5667 0 1.70814)
(39.7304 -8.7939e-20 1.82914)
(39.9101 0 1.92436)
(40.0998 -8.3035e-20 1.99628)
(40.2956 0 2.04631)
(40.4943 -2.63567e-19 2.07623)
(40.6931 3.594e-19 2.0875)
(40.8905 -4.42867e-19 2.0813)
(41.0856 0 2.0585)
(41.2773 0 2.01974)
(41.465 7.05254e-19 1.96567)
(41.6484 -2.3907e-20 1.89721)
(41.8276 0 1.81622)
(42.0042 0 1.72566)
(42.1838 0 1.62809)
(42.375 1.08398e-18 1.5216)
(42.5857 -1.22737e-18 1.39672)
(42.8149 1.32882e-18 1.23707)
(43.0562 -1.43025e-18 1.02684)
(43.308 -1.53575e-18 0.756516)
(43.561 0 0.409312)
(43.7612 0 -0.0436439)
(43.8229 3.30478e-18 -0.608667)
(43.7483 -1.71045e-18 -1.22666)
(39.597 0 1.46519)
(39.7204 4.21992e-20 1.58247)
(39.8614 5.90517e-21 1.6844)
(40.0174 0 1.76691)
(40.1838 0 1.83015)
(40.3575 0 1.87417)
(40.5354 2.41404e-19 1.89973)
(40.7152 -3.02075e-19 1.9079)
(40.895 0 1.89965)
(41.0735 0 1.87584)
(41.2496 0 1.83707)
(41.4227 0 1.784)
(41.5926 -6.47125e-19 1.71729)
(41.76 -6.82962e-19 1.6378)
(41.9262 0 1.54637)
(42.0948 0 1.44298)
(42.2701 -1.78126e-18 1.32453)
(42.4546 0 1.18382)
(42.6453 0 1.01061)
(42.8372 0 0.795836)
(43.0275 0 0.532619)
(43.2017 0 0.208497)
(43.3149 0 -0.187137)
(43.3158 -1.32494e-18 -0.643453)
(43.2295 0 -1.1201)
(39.7531 0 1.35573)
(39.8606 -3.88707e-20 1.44885)
(39.9824 -4.95853e-21 1.53144)
(40.117 -7.73989e-20 1.59942)
(40.2613 -1.19542e-19 1.65212)
(40.4129 -1.64247e-19 1.68874)
(40.5695 -2.02884e-19 1.70939)
(40.7291 -2.58617e-19 1.71437)
(40.8897 -3.07012e-19 1.70422)
(41.0501 -3.55496e-19 1.67934)
(41.209 -4.03656e-19 1.64023)
(41.3659 0 1.58729)
(41.5204 0 1.52093)
(41.6728 1.12069e-18 1.44132)
(41.8238 0 1.34833)
(41.975 0 1.24091)
(42.1277 7.31552e-19 1.1161)
(42.2815 7.18674e-19 0.969064)
(42.4327 0 0.794039)
(42.5772 7.92708e-19 0.586282)
(42.7111 0 0.341848)
(42.8204 8.48981e-19 0.0543074)
(42.8729 0 -0.276421)
(42.8398 8.34557e-19 -0.636293)
(42.7526 0 -1.0011)
(39.892 0 1.23713)
(39.9858 3.5872e-20 1.30856)
(40.0911 0 1.37244)
(40.2065 6.50136e-20 1.42522)
(40.3303 2.17366e-19 1.466)
(40.4607 1.38038e-19 1.49377)
(40.5961 0 1.50812)
(40.7347 2.17551e-19 1.50889)
(40.875 2.58407e-19 1.49608)
(41.0156 5.87698e-19 1.46978)
(41.1554 6.63778e-19 1.43014)
(41.2936 3.5844e-19 1.37732)
(41.4298 3.92648e-19 1.31142)
(41.5636 -4.59509e-19 1.23227)
(41.695 4.58303e-19 1.13941)
(41.8239 0 1.03176)
(41.9499 0 0.907232)
(42.0714 -6.29975e-20 0.763174)
(42.1849 0 0.596874)
(42.2868 -8.25703e-20 0.406369)
(42.3735 6.09009e-19 0.190541)
(42.4346 -7.25385e-19 -0.0526765)
(42.4488 0 -0.319071)
(42.4004 -7.16763e-19 -0.597278)
(42.3192 0 -0.873722)
(40.0124 -3.33435e-20 1.10922)
(40.0941 -2.77187e-20 1.16172)
(40.1844 -6.84279e-20 1.20849)
(40.2825 -8.84595e-20 1.24659)
(40.3872 -9.82827e-20 1.27525)
(40.4975 -1.32626e-19 1.29346)
(40.6121 0 1.30062)
(40.7296 -1.80829e-19 1.29628)
(40.8488 0 1.28018)
(40.9683 -2.42911e-19 1.25215)
(41.0872 -5.28369e-19 1.21211)
(41.2046 -3.02427e-19 1.16001)
(41.3198 -6.3544e-19 1.09576)
(41.432 0 1.01913)
(41.5406 -3.87608e-19 0.929699)
(41.6446 -3.69668e-19 0.826821)
(41.7428 0 0.709441)
(41.8334 -8.69326e-19 0.576537)
(41.9134 0 0.427302)
(41.9802 -9.35362e-19 0.261549)
(42.0314 -5.1905e-19 0.0800498)
(42.0602 -4.45431e-19 -0.117052)
(42.0529 0 -0.325066)
(42.001 -4.29188e-19 -0.536175)
(41.9303 -4.13657e-19 -0.743119)
(40.1129 2.80214e-20 0.972938)
(40.1831 -5.7248e-20 1.00908)
(40.2595 5.75127e-20 1.04076)
(40.3415 -1.00135e-20 1.06555)
(40.4284 0 1.08285)
(40.5196 -3.27703e-21 1.09182)
(40.6141 0 1.09183)
(40.7107 4.53289e-21 1.08239)
(40.8085 0 1.06311)
(40.9064 -1.81473e-19 1.03375)
(41.0034 4.1373e-19 0.994111)
(41.0987 -2.14528e-19 0.944056)
(41.1914 2.56722e-19 0.883466)
(41.2807 -2.45471e-19 0.812197)
(41.3654 2.59642e-19 0.730077)
(41.4444 4.0424e-20 0.636932)
(41.5165 -2.84286e-19 0.532518)
(41.58 6.38659e-19 0.416808)
(41.6328 0 0.290045)
(41.6732 3.67401e-19 0.152942)
(41.7 -3.12263e-19 0.00712063)
(41.7094 3.79867e-19 -0.146717)
(41.6926 -3.10622e-19 -0.304756)
(41.6444 6.57383e-20 -0.461986)
(41.5861 6.30498e-20 -0.614785)
(40.191 0 0.831043)
(40.2501 4.81284e-20 0.853425)
(40.3132 6.62399e-20 0.872281)
(40.3802 7.09661e-20 0.885671)
(40.4505 0 0.893186)
(40.5236 9.66568e-20 0.894162)
(40.5989 1.06932e-19 0.888071)
(40.6755 1.24447e-19 0.874487)
(40.7526 0 0.853057)
(40.8293 1.53051e-19 0.823549)
(40.9047 -1.6724e-19 0.785763)
(40.9782 3.41948e-19 0.739589)
(41.0489 0 0.684957)
(41.1158 3.87631e-19 0.621865)
(41.178 -2.1975e-19 0.550365)
(41.2345 4.27254e-19 0.470626)
(41.2842 2.4101e-19 0.382857)
(41.3259 -2.497e-19 0.287508)
(41.3583 0 0.185243)
(41.3805 0 0.0770543)
(41.3923 2.65677e-19 -0.0353449)
(41.3915 0 -0.151409)
(41.3722 2.64683e-19 -0.268392)
(41.3315 2.56673e-19 -0.383253)
(41.286 2.47943e-19 -0.494338)
(40.2446 0 0.688191)
(40.2928 0 0.699602)
(40.3434 -5.57234e-20 0.708239)
(40.3964 0 0.712614)
(40.4513 0 0.712499)
(40.5079 0 0.707423)
(40.5656 -9.00822e-20 0.697004)
(40.6238 0 0.680934)
(40.6819 0 0.658952)
(40.7391 -1.04849e-19 0.630897)
(40.7947 0 0.59663)
(40.8482 -1.81848e-20 0.5561)
(40.8989 0 0.509312)
(40.9461 -2.8122e-19 0.456371)
(40.989 0 0.397457)
(41.0268 -2.81531e-20 0.33289)
(41.0588 -1.41667e-19 0.26304)
(41.0843 0 0.188467)
(41.1026 0 0.109883)
(41.1134 0 0.0281854)
(41.1169 -1.48056e-19 -0.0551767)
(41.112 0 -0.140032)
(41.0946 0 -0.224494)
(41.0625 0 -0.306762)
(41.0287 0 -0.386218)
(40.2727 0 0.550405)
(40.3104 0 0.553877)
(40.3494 -4.76307e-20 0.555221)
(40.3895 0 0.553363)
(40.4307 0 0.548213)
(40.4726 0 0.539473)
(40.5149 -6.40366e-20 0.526909)
(40.5572 0 0.510324)
(40.5989 0 0.489558)
(40.6395 8.84819e-20 0.46452)
(40.6785 0 0.435139)
(40.7154 -1.83178e-19 0.401412)
(40.7497 0 0.363391)
(40.781 1.09042e-19 0.32122)
(40.8088 0 0.275114)
(40.8326 -2.11916e-19 0.225404)
(40.8519 1.19979e-19 0.172442)
(40.8663 0 0.116724)
(40.8756 0 0.0588385)
(40.8798 0 -0.000537084)
(40.8793 1.25599e-19 -0.0602907)
(40.8734 0 -0.120573)
(40.8592 0 -0.180092)
(40.8353 0 -0.237816)
(40.8114 9.29923e-20 -0.293636)
(40.2776 0 0.422795)
(40.3055 0 0.421265)
(40.3339 4.01025e-20 0.418221)
(40.3628 0 0.41292)
(40.3922 -4.17276e-20 0.405357)
(40.4218 0 0.395356)
(40.4514 1.00631e-19 0.382786)
(40.4806 0 0.367527)
(40.5091 0 0.349489)
(40.5365 0 0.328629)
(40.5625 0 0.30492)
(40.5865 1.28841e-19 0.278381)
(40.6085 -5.98921e-20 0.249076)
(40.628 0 0.21714)
(40.6449 0 0.182764)
(40.6588 8.03683e-20 0.146224)
(40.6695 0 0.107778)
(40.6769 0 0.0677963)
(40.681 0 0.0267048)
(40.6819 -6.56916e-20 -0.0150287)
(40.6801 0 -0.0565757)
(40.6751 0 -0.0983235)
(40.6647 0 -0.139355)
(40.648 0 -0.179078)
(40.6318 -7.87812e-20 -0.21761)
(40.2629 0 0.309396)
(40.2824 0 0.305429)
(40.3019 2.72523e-20 0.300494)
(40.3216 0 0.294099)
(40.3415 3.51582e-20 0.286273)
(40.3613 0 0.276914)
(40.381 -3.93264e-20 0.265945)
(40.4004 3.41353e-20 0.253289)
(40.419 0 0.238888)
(40.4368 0 0.222713)
(40.4533 0 0.204752)
(40.4684 -9.8509e-21 0.185019)
(40.4818 5.05751e-20 0.163558)
(40.4935 0 0.140475)
(40.5033 0 0.115914)
(40.5109 0 0.0900906)
(40.5164 0 0.0631726)
(40.5197 0 0.0354179)
(40.5208 0 0.00713349)
(40.5201 5.55531e-20 -0.0213651)
(40.5178 0 -0.0494506)
(40.5138 0 -0.077658)
(40.5064 0 -0.105291)
(40.4951 0 -0.132029)
(40.4849 0 -0.158071)
(40.2358 -1.78296e-20 0.214258)
(40.2484 0 0.209674)
(40.261 -2.29524e-20 0.204569)
(40.2735 0 0.198634)
(40.286 0 0.191906)
(40.2985 -2.14889e-20 0.184325)
(40.3109 -2.22558e-20 0.175837)
(40.323 -2.87775e-20 0.16637)
(40.3346 -2.37892e-20 0.155864)
(40.3456 0 0.144277)
(40.3556 -2.52013e-20 0.131581)
(40.3646 -3.30399e-20 0.117765)
(40.3724 -2.63423e-20 0.102841)
(40.3789 0 0.0868821)
(40.3841 0 0.0700004)
(40.388 0 0.0523637)
(40.3904 0 0.0340692)
(40.3916 0 0.0153011)
(40.3916 0 -0.00370703)
(40.3906 0 -0.0227314)
(40.3889 0 -0.0412863)
(40.3864 0 -0.0599606)
(40.3819 0 -0.0781928)
(40.3747 0 -0.0957991)
(40.3684 0 -0.113017)
(40.2012 1.50113e-20 0.139829)
(40.2088 1.28014e-20 0.135599)
(40.2163 0 0.131185)
(40.2238 0 0.126398)
(40.2314 1.3921e-20 0.121271)
(40.2389 1.81043e-20 0.115759)
(40.2465 1.87529e-20 0.109811)
(40.2539 1.51569e-20 0.103342)
(40.2609 2.00504e-20 0.0962813)
(40.2675 1.59955e-20 0.0885679)
(40.2734 2.1246e-20 0.0801593)
(40.2786 0 0.071017)
(40.283 3.92102e-20 0.0611279)
(40.2866 0 0.0505387)
(40.2893 1.73828e-20 0.0393366)
(40.2911 0 0.0276574)
(40.2919 1.75228e-20 0.0155471)
(40.2919 1.75075e-20 0.00315112)
(40.2911 1.74608e-20 -0.00933566)
(40.2898 1.73984e-20 -0.021744)
(40.2882 0 -0.033683)
(40.2864 0 -0.0457799)
(40.2835 1.7263e-20 -0.0575246)
(40.279 1.70805e-20 -0.0688343)
(40.2756 1.6975e-20 -0.0799413)
(40.1645 8.30769e-21 0.0844339)
(40.1688 -1.07773e-20 0.0811221)
(40.173 0 0.0778333)
(40.1772 -8.86891e-21 0.0744558)
(40.1815 -1.17231e-20 0.0710085)
(40.1858 0 0.0674524)
(40.1902 -9.52521e-21 0.0637297)
(40.1945 -1.27673e-20 0.0597517)
(40.1987 0 0.0554368)
(40.2026 -1.34759e-20 0.0507142)
(40.206 0 0.0455285)
(40.209 -1.06958e-20 0.0398219)
(40.2113 -1.43229e-20 0.0335659)
(40.213 0 0.0267937)
(40.2141 -1.46494e-20 0.0195788)
(40.2146 -1.10679e-20 0.0120341)
(40.2145 -1.47688e-20 0.00417523)
(40.2141 -3.73947e-21 -0.00386724)
(40.2133 -1.47173e-20 -0.0119222)
(40.2125 -2.55668e-20 -0.0198535)
(40.2116 0 -0.0273523)
(40.2109 0 -0.0350179)
(40.2095 -1.45504e-20 -0.0423924)
(40.2071 -1.43961e-20 -0.049445)
(40.2052 -1.43069e-20 -0.0564123)
(40.1306 -6.99174e-21 0.0463783)
(40.1328 -5.42816e-21 0.0439962)
(40.135 -5.51996e-21 0.0417316)
(40.1372 7.46533e-21 0.0395331)
(40.1396 0 0.0374155)
(40.1421 0 0.0353477)
(40.1447 2.02401e-21 0.033272)
(40.1474 0 0.0310963)
(40.15 0 0.0287316)
(40.1524 0 0.0260985)
(40.1544 -6.59571e-21 0.0231333)
(40.156 2.29646e-21 0.0197694)
(40.1572 0 0.015969)
(40.158 0 0.0117574)
(40.1583 0 0.0071997)
(40.1582 9.32106e-21 0.00239769)
(40.1576 0 -0.00264383)
(40.1567 -9.27842e-21 -0.00781207)
(40.1556 0 -0.0129526)
(40.1545 9.18167e-21 -0.0179507)
(40.1534 0 -0.0225514)
(40.1528 0 -0.0273149)
(40.1519 0 -0.0318337)
(40.1506 0 -0.036106)
(40.15 0 -0.0403456)
(40.1002 0 0.0216075)
(40.1011 4.56719e-21 0.0199953)
(40.1021 1.2738e-21 0.0185441)
(40.1033 3.42012e-21 0.0172371)
(40.1046 0 0.0160865)
(40.106 0 0.0150672)
(40.1075 5.04503e-21 0.0141238)
(40.109 0 0.0131657)
(40.1105 0 0.0121033)
(40.1118 3.96988e-21 0.0108558)
(40.1129 5.55112e-21 0.00935549)
(40.1137 1.50122e-21 0.00752875)
(40.1143 0 0.00532824)
(40.1145 -4.24522e-21 0.00277219)
(40.1145 0 -8.20079e-05)
(40.1142 0 -0.00314207)
(40.1137 0 -0.00640889)
(40.1131 0 -0.00977432)
(40.1124 0 -0.0130865)
(40.1119 0 -0.0162362)
(40.1115 0 -0.0190111)
(40.1114 0 -0.0219183)
(40.1112 -4.12711e-21 -0.0245949)
(40.1105 0 -0.0270505)
(40.1102 0 -0.0294976)
(40.0758 -1.9446e-21 0.00605621)
(40.0761 0 0.00512506)
(40.0764 2.83527e-21 0.00436284)
(40.0768 -4.89126e-21 0.00376729)
(40.0774 0 0.00334349)
(40.0783 -2.11051e-21 0.00306643)
(40.0793 0 0.0028805)
(40.0805 0 0.00269953)
(40.0817 -2.33255e-21 0.00243912)
(40.0828 -5.74923e-21 0.00202412)
(40.0837 0 0.00139116)
(40.0844 3.48797e-21 0.000472488)
(40.0847 0 -0.000770084)
(40.0848 9.62948e-22 -0.00231185)
(40.0846 -2.61968e-21 -0.00409616)
(40.084 0 -0.00603761)
(40.0833 -2.59693e-21 -0.00814135)
(40.0823 -2.56722e-21 -0.0103026)
(40.0812 2.53411e-21 -0.0123893)
(40.0803 -2.50322e-21 -0.0143141)
(40.0794 0 -0.0159131)
(40.0791 0 -0.0176362)
(40.0788 9.85317e-22 -0.0191506)
(40.0786 2.49674e-21 -0.0204916)
(40.0787 -2.52616e-21 -0.0218482)
(40.0563 1.63514e-21 -0.0025491)
(40.0563 0 -0.00301559)
(40.0564 0 -0.00333604)
(40.0567 2.8465e-21 -0.00350811)
(40.0571 1.18308e-21 -0.00353107)
(40.0577 2.99585e-21 -0.00343061)
(40.0583 0 -0.00325975)
(40.059 1.32225e-21 -0.00309307)
(40.0596 3.34236e-21 -0.00300012)
(40.0602 3.4642e-21 -0.00304083)
(40.0606 1.49228e-21 -0.00326563)
(40.0608 0 -0.00372666)
(40.0608 1.57358e-21 -0.00444344)
(40.0607 3.79028e-21 -0.00538486)
(40.0604 3.81307e-21 -0.00649944)
(40.0599 0 -0.0077193)
(40.0594 3.78703e-21 -0.0090451)
(40.0588 3.74447e-21 -0.0103765)
(40.0582 -2.13108e-21 -0.0116114)
(40.0577 3.64735e-21 -0.0126949)
(40.0573 1.52682e-21 -0.0135339)
(40.0573 0 -0.0144482)
(40.0573 3.6111e-21 -0.0151902)
(40.0573 -2.09958e-21 -0.0158177)
(40.0574 3.66592e-21 -0.0165152)
(40.0411 -6.35767e-22 -0.0072222)
(40.0409 0 -0.00733742)
(40.0409 6.55136e-22 -0.00732808)
(40.0409 -1.63825e-21 -0.00719572)
(40.041 -1.68471e-21 -0.00694411)
(40.0413 -1.74294e-21 -0.0065981)
(40.0418 7.50616e-22 -0.00620607)
(40.0425 -1.90106e-21 -0.00583212)
(40.0432 -1.99446e-21 -0.00553346)
(40.044 -2.08638e-21 -0.00535829)
(40.0446 -1.25452e-21 -0.0053463)
(40.0451 -9.58147e-22 -0.00554002)
(40.0455 -2.31207e-21 -0.00594821)
(40.0456 -2.35276e-21 -0.00653576)
(40.0455 -1.35353e-21 -0.00725242)
(40.0451 1.02624e-21 -0.00803754)
(40.0446 -2.36863e-21 -0.0088966)
(40.0439 -2.33954e-21 -0.00973438)
(40.0431 -9.87176e-22 -0.0104645)
(40.0423 -2.2615e-21 -0.0110469)
(40.0414 -2.22876e-21 -0.01142)
(40.041 -9.30952e-22 -0.0118646)
(40.0407 -1.27776e-21 -0.0121522)
(40.0406 -9.20178e-22 -0.0123547)
(40.0407 -2.2236e-21 -0.0126434)
(40.03 5.3435e-22 -0.00885247)
(40.03 0 -0.00877409)
(40.0301 -5.50631e-22 -0.008611)
(40.0302 5.62564e-22 -0.00836218)
(40.0304 5.80048e-22 -0.00802759)
(40.0307 6.02121e-22 -0.00762394)
(40.0311 -1.05514e-21 -0.00718541)
(40.0315 6.63555e-22 -0.00676107)
(40.0319 7.00652e-22 -0.00639676)
(40.0324 7.37675e-22 -0.00613293)
(40.0327 0 -0.00600147)
(40.0329 8.05318e-22 -0.00603622)
(40.033 8.31419e-22 -0.00624799)
(40.0329 8.49215e-22 -0.0066133)
(40.0327 0 -0.00709232)
(40.0324 -8.62554e-22 -0.00763052)
(40.032 8.58075e-22 -0.00822861)
(40.0315 8.46042e-22 -0.0088136)
(40.031 8.29715e-22 -0.00930924)
(40.0305 8.11034e-22 -0.00967196)
(40.03 7.94405e-22 -0.00983951)
(40.0298 7.82453e-22 -0.0100498)
(40.0297 0 -0.0101223)
(40.0296 7.7339e-22 -0.0101107)
(40.0296 7.79608e-22 -0.0101688)
(40.0216 0 -0.00924704)
(40.0214 0 -0.00902869)
(40.0212 0 -0.0087558)
(40.0211 0 -0.00842994)
(40.0211 0 -0.00805216)
(40.0212 0 -0.00763526)
(40.0214 3.56516e-22 -0.00720345)
(40.0217 0 -0.00679224)
(40.0222 0 -0.00643467)
(40.0226 0 -0.00616112)
(40.0231 0 -0.00599453)
(40.0235 0 -0.00595911)
(40.0238 0 -0.00606315)
(40.024 0 -0.00629043)
(40.0241 0 -0.00661093)
(40.0241 0 -0.00697938)
(40.0239 0 -0.00739427)
(40.0236 0 -0.00780181)
(40.0231 -1.64482e-22 -0.00814082)
(40.0224 0 -0.00837261)
(40.0218 0 -0.00843372)
(40.0213 -1.54035e-22 -0.00852648)
(40.0209 0 -0.0085037)
(40.0207 -1.50744e-22 -0.00840503)
(40.0207 0 -0.00835688)
(40.0156 0 -0.00942856)
(40.0156 0 -0.00915014)
(40.0156 2.41715e-23 -0.00883727)
(40.0156 0 -0.00849183)
(40.0156 0 -0.00811408)
(40.0157 0 -0.00771385)
(40.0157 -3.45309e-23 -0.00731014)
(40.0158 0 -0.00693)
(40.0159 0 -0.00659793)
(40.0159 0 -0.00633611)
(40.016 0 -0.00616186)
(40.016 -5.9028e-23 -0.0060929)
(40.016 0 -0.0061317)
(40.016 0 -0.00626196)
(40.0159 0 -0.00645889)
(40.0158 7.61716e-23 -0.00668749)
(40.0156 0 -0.00694407)
(40.0155 0 -0.00718138)
(40.0153 2.20497e-22 -0.0073541)
(40.0151 0 -0.00743801)
(40.0149 0 -0.00739229)
(40.0149 1.29422e-22 -0.0073629)
(40.0149 0 -0.0072413)
(40.0149 1.26655e-22 -0.0070694)
(40.0149 0 -0.00696262)
(40.0105 0 -0.00937116)
(40.0103 0 -0.0090484)
(40.0102 -2.9441e-23 -0.00869515)
(40.0101 0 -0.00831554)
(40.01 0 -0.00791178)
(40.01 0 -0.00749426)
(40.0101 2.95755e-23 -0.00708361)
(40.0103 0 -0.00670763)
(40.0105 0 -0.00638963)
(40.0107 0 -0.00614721)
(40.011 0 -0.00599261)
(40.0113 2.70145e-23 -0.00594199)
(40.0115 0 -0.00599286)
(40.0118 0 -0.00611897)
(40.012 0 -0.00628787)
(40.0122 -2.63093e-23 -0.00646026)
(40.0124 0 -0.00664489)
(40.0124 0 -0.00678405)
(40.0123 -1.11589e-22 -0.00683132)
(40.0121 0 -0.00676861)
(40.0118 0 -0.00657229)
(40.0115 0 -0.00642211)
(40.0112 0 -0.00617262)
(40.011 0 -0.00588863)
(40.0109 0 -0.00569121)
(40.0078 0 -0.00872966)
(40.0078 0 -0.00838317)
(40.008 1.8409e-23 -0.00801647)
(40.0081 0 -0.00763795)
(40.0082 0 -0.00725267)
(40.0084 0 -0.00687255)
(40.0085 -4.3691e-25 -0.00651794)
(40.0087 0 -0.00621179)
(40.0088 0 -0.0059703)
(40.0089 0 -0.0058036)
(40.009 0 -0.00571654)
(40.009 5.65998e-24 -0.00571794)
(40.009 0 -0.00579468)
(40.009 0 -0.00591615)
(40.0089 0 -0.00605041)
(40.0087 -5.04443e-23 -0.00616424)
(40.0085 0 -0.00626896)
(40.0083 0 -0.00630635)
(40.0081 3.56617e-23 -0.00624524)
(40.0079 0 -0.00608231)
(40.0077 0 -0.00581536)
(40.0076 0 -0.00559773)
(40.0075 0 -0.00529538)
(40.0075 0 -0.00498856)
(40.0074 0 -0.00478594)
(40.0055 0 -0.00799685)
(40.0055 0 -0.00768039)
(40.0055 -9.01788e-24 -0.00735686)
(40.0056 0 -0.00703529)
(40.0057 0 -0.00672224)
(40.0057 0 -0.0064299)
(40.0058 -3.22586e-26 -0.00617594)
(40.0059 0 -0.0059751)
(40.006 0 -0.00583351)
(40.0061 0 -0.00575287)
(40.0062 0 -0.00573196)
(40.0063 1.11746e-23 -0.00577072)
(40.0065 0 -0.00584545)
(40.0066 0 -0.00592543)
(40.0066 0 -0.00598608)
(40.0067 1.57828e-23 -0.00600845)
(40.0068 0 -0.00599879)
(40.0068 0 -0.00590875)
(40.0067 4.59077e-24 -0.00573338)
(40.0065 0 -0.00549128)
(40.0064 0 -0.00520936)
(40.0061 3.71189e-24 -0.00495951)
(40.0058 0 -0.00466475)
(40.0056 1.85339e-24 -0.0044055)
(40.0054 0 -0.00426273)
(40.0039 0 -0.00704282)
(40.0039 0 -0.00677451)
(40.004 3.31317e-23 -0.00651555)
(40.0041 0 -0.00627278)
(40.0042 0 -0.00604973)
(40.0043 0 -0.00585275)
(40.0044 2.66744e-23 -0.00568982)
(40.0046 0 -0.00556608)
(40.0048 0 -0.00548228)
(40.0049 0 -0.00543697)
(40.0051 0 -0.0054259)
(40.0052 1.68651e-23 -0.00544582)
(40.0053 0 -0.00547962)
(40.0053 0 -0.00550813)
(40.0053 0 -0.00551561)
(40.0053 1.04894e-23 -0.00548809)
(40.0053 0 -0.005431)
(40.0053 0 -0.00531396)
(40.0053 2.30557e-24 -0.00513586)
(40.0052 0 -0.00491019)
(40.0051 0 -0.0046578)
(40.005 8.5538e-25 -0.00442942)
(40.0048 0 -0.00417399)
(40.0047 2.58647e-24 -0.00395212)
(40.0045 0 -0.00383303)
(40.0034 0 -0.00607436)
(40.0033 0 -0.0058185)
(40.0033 -2.78262e-23 -0.00558029)
(40.0033 0 -0.00536909)
(40.0034 0 -0.00518968)
(40.0034 0 -0.00504761)
(40.0035 -2.2403e-23 -0.00494803)
(40.0035 0 -0.0048926)
(40.0035 0 -0.00487865)
(40.0036 0 -0.00490104)
(40.0036 0 -0.00495022)
(40.0035 -1.41645e-23 -0.00502027)
(40.0035 0 -0.00509356)
(40.0035 0 -0.00515102)
(40.0035 0 -0.00517546)
(40.0036 -8.80977e-24 -0.00514973)
(40.0037 0 -0.00508865)
(40.0038 0 -0.00496191)
(40.0039 -5.17478e-24 -0.00476618)
(40.004 0 -0.00450972)
(40.0041 0 -0.00420719)
(40.004 -3.33682e-24 -0.00395101)
(40.0039 0 -0.00365912)
(40.0037 -3.47971e-24 -0.00339635)
(40.0036 0 -0.00323511)
(40.0031 0 -0.00526577)
(40.0031 0 -0.0050716)
(40.0032 1.98302e-23 -0.00489248)
(40.0032 0 -0.0047356)
(40.0032 0 -0.00460509)
(40.0032 0 -0.00450524)
(40.0031 1.72919e-23 -0.00443925)
(40.0031 0 -0.00440692)
(40.0031 0 -0.00440501)
(40.0031 0 -0.0044284)
(40.0032 0 -0.00446887)
(40.0032 1.42647e-23 -0.0045202)
(40.0033 0 -0.00456849)
(40.0033 0 -0.0046)
(40.0034 0 -0.00460335)
(40.0034 1.187e-23 -0.00456776)
(40.0033 0 -0.00450239)
(40.0033 0 -0.00438753)
(40.0032 -1.02373e-23 -0.00422416)
(40.0031 0 -0.00402181)
(40.003 0 -0.00379273)
(40.0029 -9.45545e-24 -0.00359049)
(40.0028 0 -0.00336709)
(40.0026 -9.51168e-24 -0.00316987)
(40.0025 0 -0.00305331)
(40.0023 0 -0.00439827)
(40.0023 0 -0.0042506)
(40.0023 -1.66536e-23 -0.0041132)
(40.0024 0 -0.00399227)
(40.0025 0 -0.00389202)
(40.0025 0 -0.00381693)
(40.0026 -1.45219e-23 -0.00377045)
(40.0027 0 -0.00375279)
(40.0027 0 -0.00376102)
(40.0027 0 -0.00379052)
(40.0027 0 -0.00383418)
(40.0027 -1.19796e-23 -0.0038861)
(40.0027 0 -0.0039337)
(40.0027 0 -0.00396491)
(40.0027 0 -0.00397059)
(40.0027 -9.96849e-24 -0.0039426)
(40.0028 0 -0.00388776)
(40.003 0 -0.0037904)
(40.0031 1.96779e-23 -0.00365326)
(40.0032 0 -0.00348598)
(40.0033 0 -0.0032979)
(40.0032 1.75809e-23 -0.00313076)
(40.0031 0 -0.00294783)
(40.003 1.73273e-23 -0.00278762)
(40.003 0 -0.00269254)
(40.0024 1.494e-23 -0.0035211)
(40.0024 0 -0.00339209)
(40.0023 1.4542e-23 -0.00327453)
(40.0023 1.43334e-23 -0.00317606)
(40.0023 0 -0.00310229)
(40.0022 1.3879e-23 -0.00305808)
(40.0022 1.36221e-23 -0.00304637)
(40.0022 0 -0.00306561)
(40.0022 1.30362e-23 -0.0031107)
(40.0022 1.27132e-23 -0.0031746)
(40.0023 0 -0.00324747)
(40.0023 1.20392e-23 -0.00332149)
(40.0024 1.17039e-23 -0.00338209)
(40.0024 0 -0.00341673)
(40.0024 1.1086e-23 -0.00341656)
(40.0024 1.0817e-23 -0.00337444)
(40.0024 0 -0.00330122)
(40.0023 1.03001e-23 -0.00318145)
(40.0023 -9.30534e-24 -0.00302127)
(40.0023 9.74391e-24 -0.00283178)
(40.0023 9.48139e-24 -0.00262317)
(40.0023 -8.09578e-24 -0.00244661)
(40.0022 9.07045e-24 -0.00225646)
(40.0022 1.14598e-24 -0.00209481)
(40.0021 0 -0.00199806)
(40.002 -7.04146e-24 -0.00267361)
(40.002 0 -0.00257856)
(40.002 -1.2212e-23 -0.0025003)
(40.002 -1.20368e-23 -0.00244586)
(40.002 5.21584e-24 -0.00242004)
(40.002 -1.16552e-23 -0.00242579)
(40.002 -1.14395e-23 -0.00246323)
(40.002 4.88337e-24 -0.00252648)
(40.002 -1.09474e-23 -0.00260656)
(40.002 -6.00511e-24 -0.00269283)
(40.002 0 -0.00277323)
(40.002 -1.01102e-23 -0.00283814)
(40.002 -9.82864e-24 -0.00287068)
(40.0019 4.37155e-24 -0.00286003)
(40.0019 -5.00705e-24 -0.002801)
(40.0019 -9.08386e-24 -0.00269521)
(40.0019 4.13121e-24 -0.00255358)
(40.002 -8.64977e-24 -0.00236428)
(40.0021 0 -0.00214483)
(40.0021 -8.18269e-24 -0.00191699)
(40.0022 -4.35911e-24 -0.00171395)
(40.0022 0 -0.00153591)
(40.0022 -7.61712e-24 -0.00136705)
(40.0021 -7.54885e-24 -0.0012501)
(40.0021 0 -0.0012068)
(40.0017 -4.62264e-24 -0.00195447)
(40.0017 0 -0.00189894)
(40.0016 0 -0.00185258)
(40.0016 0 -0.00181898)
(40.0016 -4.38006e-24 -0.00180049)
(40.0016 0 -0.00179771)
(40.0016 0 -0.00180882)
(40.0016 -4.10087e-24 -0.00182907)
(40.0017 0 -0.00185312)
(40.0017 -3.92257e-24 -0.00187502)
(40.0017 0 -0.00188819)
(40.0016 0 -0.00188732)
(40.0016 0 -0.00186593)
(40.0016 -3.67106e-24 -0.00182167)
(40.0016 -3.61323e-24 -0.00175458)
(40.0016 0 -0.0016674)
(40.0016 -3.46924e-24 -0.0015653)
(40.0016 0 -0.0014474)
(40.0016 3.26393e-24 -0.0013242)
(40.0017 0 -0.00120592)
(40.0018 -3.02576e-24 -0.00110503)
(40.0018 0 -0.00101676)
(40.0018 0 -0.000940363)
(40.0018 -2.83418e-24 -0.000891121)
(40.0018 0 -0.000876113)
(40.0008 -1.96168e-24 -0.00112558)
(40.0007 0 -0.00108414)
(40.0007 1.94844e-24 -0.00104495)
(40.0007 0 -0.00101016)
(40.0007 0 -0.000981363)
(40.0007 0 -0.000959126)
(40.0007 0 -0.000942557)
(40.0008 1.8081e-24 -0.000929509)
(40.0008 -1.76924e-24 -0.000917737)
(40.0008 1.73139e-24 -0.000904752)
(40.0008 -1.69676e-24 -0.000887772)
(40.0008 1.66535e-24 -0.000864446)
(40.0008 -1.63714e-24 -0.000832862)
(40.0008 0 -0.000793304)
(40.0008 0 -0.000746905)
(40.0008 0 -0.000695168)
(40.0008 0 -0.000640321)
(40.0008 -1.50104e-24 -0.000584067)
(40.0009 -1.27696e-24 -0.000531032)
(40.0009 0 -0.000483931)
(40.001 0 -0.000443169)
(40.001 -1.34138e-24 -0.000409746)
(40.001 0 -0.000382852)
(40.001 1.09076e-24 -0.000365038)
(40.001 0 -0.000357438)
(39.9996 1.64733e-24 -0.000381187)
(39.9996 0 -0.000354547)
(39.9996 -1.63621e-24 -0.0003263)
(39.9996 0 -0.000297874)
(39.9996 0 -0.000270668)
(39.9996 0 -0.000245916)
(39.9996 0 -0.000224525)
(39.9997 -1.51836e-24 -0.00020684)
(39.9997 1.48573e-24 -0.000192727)
(39.9997 -1.45394e-24 -0.000181682)
(39.9997 1.42486e-24 -0.00017282)
(39.9997 -1.39848e-24 -0.000165407)
(39.9997 1.3748e-24 -0.00015808)
(39.9997 0 -0.000149815)
(39.9997 0 -0.000139894)
(39.9997 0 -0.000127821)
(39.9997 0 -0.000114764)
(39.9997 1.2605e-24 -9.95768e-05)
(39.9998 -1.22935e-24 -8.29879e-05)
(39.9998 0 -6.54823e-05)
(39.9999 0 -4.67558e-05)
(39.9999 1.12643e-24 -3.20304e-05)
(39.9999 0 -1.64059e-05)
(39.9999 1.08266e-24 -2.39524e-06)
(40 0 7.31449e-06)
(14.8028 0 0.0351793)
(19.9546 0 0.0161145)
(23.4228 0 0.0140853)
(26.1647 0 0.0136907)
(28.665 0 0.0125038)
(30.902 0 0.00331704)
(32.848 0 -0.0021619)
(34.5537 0 -0.00385922)
(36.0211 0 -0.00812025)
(37.2031 0 -0.0023232)
(38.0817 0 -0.00168043)
(38.7039 0 -0.00185183)
(39.142 0 -0.00543286)
(39.4432 0 -0.00847254)
(39.638 0 -0.00849427)
(39.7518 0 -0.00786454)
(39.8204 0 -0.00686098)
(39.8692 0 -0.00296888)
(39.9049 0 0.000464179)
(39.9322 0 6.85821e-06)
(39.9488 0 0.000966837)
(39.9538 0 -0.00412973)
(39.9559 0 0.00267408)
(39.9614 0 0.00110752)
(39.9661 0 0.00030689)
(39.9679 0 -0.00140026)
(39.9692 0 -0.00506737)
(39.97 0 -0.00203063)
(39.971 0 -0.00821087)
(39.9698 0 -0.00329084)
(39.968 0 0.00382657)
(39.9689 0 0.00673692)
(39.9705 0 0.00225837)
(39.9718 0 0.00283929)
(39.9737 0 0.00423324)
(39.977 0 0.00273417)
(39.9805 0 -0.000149941)
(39.9835 0 -0.000527807)
(39.9862 0 -0.00519486)
(39.9887 0 0.000777666)
(39.9908 0 -0.00321449)
(39.9924 0 -0.000530805)
(39.9937 0 0.00100774)
(39.9949 0 -0.000686865)
(39.9958 0 -0.000224262)
(39.9966 0 0.00103793)
(39.9972 0 0.00133692)
(39.9978 0 0.00133696)
(39.9982 0 0.000396865)
(39.9986 0 -1.17651e-05)
(15.4823 0 0.0520742)
(20.038 0 0.0487883)
(23.3956 0 0.0368211)
(26.1069 0 0.0295834)
(28.5959 0 0.0280256)
(30.835 0 0.0132498)
(32.789 0 0.00685733)
(34.5027 0 0.00425098)
(35.978 0 -0.00244494)
(37.1681 0 0.00213801)
(38.0545 0 0.00176718)
(38.6832 0 0.000381254)
(39.1262 0 -0.00390953)
(39.431 0 -0.00699479)
(39.6289 0 -0.00773728)
(39.7452 0 -0.00739571)
(39.8157 0 -0.00640535)
(39.8656 0 -0.00307367)
(39.9023 0 0.000437582)
(39.9302 0 -0.000164779)
(39.9473 0 0.000733566)
(39.9527 0 -0.00437273)
(39.9551 0 0.00242781)
(39.9607 0 0.000874524)
(39.9654 0 0.000139068)
(39.9672 0 -0.00152717)
(39.9685 0 -0.0050807)
(39.9693 0 -0.0019693)
(39.9704 0 -0.00800826)
(39.9692 0 -0.00313296)
(39.9675 0 0.00383191)
(39.9683 0 0.00670668)
(39.9699 0 0.00239858)
(39.9712 0 0.00284627)
(39.9731 0 0.00428606)
(39.9764 0 0.00270562)
(39.98 0 -0.000233034)
(39.983 0 -0.000626903)
(39.9857 0 -0.00524848)
(39.9883 0 0.000751235)
(39.9904 0 -0.00324597)
(39.992 0 -0.000556415)
(39.9934 0 0.00098262)
(39.9946 0 -0.000691352)
(39.9956 0 -0.000226036)
(39.9964 0 0.00104131)
(39.997 0 0.00133692)
(39.9976 0 0.00134099)
(39.998 0 0.000400303)
(39.9985 0 1.94634e-06)
(16.2985 0 0.0765319)
(20.2405 0 0.0836083)
(23.3657 0 0.0646289)
(25.997 0 0.0493361)
(28.4544 0 0.0469918)
(30.6927 0 0.0256679)
(32.6606 0 0.0178276)
(34.3904 0 0.0138565)
(35.8821 0 0.00436704)
(37.0897 0 0.00731931)
(37.9932 0 0.00565974)
(38.6365 0 0.0029156)
(39.0905 0 -0.00227371)
(39.4038 0 -0.00552116)
(39.6087 0 -0.00686724)
(39.7307 0 -0.00701724)
(39.8053 0 -0.00604558)
(39.858 0 -0.00322884)
(39.8966 0 0.00038066)
(39.926 0 -0.000342932)
(39.9442 0 0.00050255)
(39.9505 0 -0.00463083)
(39.9533 0 0.00221217)
(39.959 0 0.000660114)
(39.9639 0 -3.29272e-05)
(39.9659 0 -0.00164641)
(39.9672 0 -0.00510546)
(39.968 0 -0.00189981)
(39.9691 0 -0.00782398)
(39.968 0 -0.00299407)
(39.9662 0 0.00384837)
(39.967 0 0.00669786)
(39.9686 0 0.00253038)
(39.9699 0 0.00285323)
(39.9718 0 0.00432826)
(39.9751 0 0.00267211)
(39.9787 0 -0.000324068)
(39.9818 0 -0.000730397)
(39.9846 0 -0.00531634)
(39.9873 0 0.000717065)
(39.9895 0 -0.00328455)
(39.9912 0 -0.000577672)
(39.9927 0 0.0009625)
(39.994 0 -0.000692842)
(39.995 0 -0.000220394)
(39.9959 0 0.00105643)
(39.9966 0 0.00133699)
(39.9972 0 0.00135226)
(39.9977 0 0.000414857)
(39.9982 0 1.86186e-05)
(17.1286 0 0.106118)
(20.56 0 0.119988)
(23.3838 0 0.0967701)
(25.8738 0 0.0733001)
(28.2654 0 0.0697423)
(30.4884 0 0.0409941)
(32.4683 0 0.0312584)
(34.2176 0 0.0256307)
(35.7321 0 0.0129737)
(36.9654 0 0.0137452)
(37.8949 0 0.0104715)
(38.5612 0 0.00606761)
(39.0329 0 -0.000216711)
(39.36 0 -0.00375822)
(39.5762 0 -0.00587289)
(39.7074 0 -0.00662255)
(39.7886 0 -0.00573804)
(39.8457 0 -0.00350761)
(39.8876 0 0.000194932)
(39.9193 0 -0.00061393)
(39.9393 0 0.000198904)
(39.947 0 -0.00490258)
(39.9506 0 0.00199389)
(39.9567 0 0.000443757)
(39.9618 0 -0.00017806)
(39.9639 0 -0.00169606)
(39.9653 0 -0.00503281)
(39.9661 0 -0.00180528)
(39.9671 0 -0.00762285)
(39.9661 0 -0.00286257)
(39.9644 0 0.00386476)
(39.965 0 0.00673153)
(39.9666 0 0.00257384)
(39.9678 0 0.00283981)
(39.9698 0 0.00432145)
(39.973 0 0.00260881)
(39.9767 0 -0.000375565)
(39.98 0 -0.000809028)
(39.9829 0 -0.00533357)
(39.9857 0 0.000657164)
(39.9881 0 -0.00330202)
(39.9899 0 -0.000603044)
(39.9916 0 0.000927346)
(39.993 0 -0.000694491)
(39.9941 0 -0.000222057)
(39.9951 0 0.00106171)
(39.9959 0 0.00133183)
(39.9966 0 0.00135956)
(39.9972 0 0.000414823)
(39.9978 0 4.81897e-05)
(17.9396 0 0.137656)
(20.9697 0 0.157875)
(23.4816 0 0.131921)
(25.778 0 0.101749)
(28.0597 0 0.096542)
(30.2397 0 0.0595463)
(32.2197 0 0.0472205)
(33.986 0 0.0396396)
(35.5259 0 0.0233482)
(36.7914 0 0.0215055)
(37.7557 0 0.0162826)
(38.4536 0 0.00986439)
(38.9504 0 0.00227538)
(39.2972 0 -0.00174201)
(39.5295 0 -0.00467343)
(39.6739 0 -0.00624224)
(39.7647 0 -0.0054856)
(39.8284 0 -0.00389582)
(39.8751 0 -7.14685e-05)
(39.9101 0 -0.000955748)
(39.9327 0 -0.000157262)
(39.9425 0 -0.00522533)
(39.9473 0 0.00178253)
(39.9538 0 0.000232542)
(39.9592 0 -0.000303828)
(39.9616 0 -0.00171369)
(39.9629 0 -0.00493766)
(39.9638 0 -0.0017077)
(39.9648 0 -0.00745878)
(39.9637 0 -0.00275327)
(39.962 0 0.00391343)
(39.9625 0 0.00684088)
(39.964 0 0.0026001)
(39.9651 0 0.00285145)
(39.967 0 0.00432311)
(39.9703 0 0.00255914)
(39.974 0 -0.000399817)
(39.9774 0 -0.00087141)
(39.9805 0 -0.00535178)
(39.9835 0 0.000583315)
(39.9861 0 -0.00332945)
(39.9881 0 -0.00063629)
(39.9899 0 0.000885667)
(39.9915 0 -0.000702022)
(39.9928 0 -0.000226857)
(39.9939 0 0.0010672)
(39.9949 0 0.00132523)
(39.9957 0 0.00137331)
(39.9964 0 0.000417849)
(39.9971 0 8.50939e-05)
(18.7203 0 0.172034)
(21.4465 0 0.196968)
(23.6748 0 0.168601)
(25.7498 0 0.134335)
(27.8774 0 0.12746)
(29.9754 0 0.0818304)
(31.9309 0 0.065953)
(33.7025 0 0.0561566)
(35.265 0 0.0358589)
(36.566 0 0.0309822)
(37.572 0 0.0234091)
(38.3103 0 0.0145258)
(38.8399 0 0.00539272)
(39.2129 0 0.000681112)
(39.4668 0 -0.00322921)
(39.6289 0 -0.00576547)
(39.7328 0 -0.00520967)
(39.8055 0 -0.00435097)
(39.8587 0 -0.000392681)
(39.8983 0 -0.0013625)
(39.9245 0 -0.000567181)
(39.9373 0 -0.00558779)
(39.9438 0 0.00154426)
(39.9509 0 8.83537e-07)
(39.9566 0 -0.000424259)
(39.9593 0 -0.00171608)
(39.9606 0 -0.00481748)
(39.9614 0 -0.00157934)
(39.9623 0 -0.00726065)
(39.9612 0 -0.00261776)
(39.9594 0 0.00398006)
(39.9596 0 0.00697943)
(39.9609 0 0.00263403)
(39.9619 0 0.00287171)
(39.9637 0 0.00432944)
(39.9668 0 0.00250228)
(39.9706 0 -0.000423539)
(39.9741 0 -0.000937849)
(39.9774 0 -0.00537981)
(39.9806 0 0.000503399)
(39.9834 0 -0.00336231)
(39.9857 0 -0.000674129)
(39.9877 0 0.000840196)
(39.9895 0 -0.000711786)
(39.991 0 -0.000231365)
(39.9923 0 0.0010733)
(39.9935 0 0.00132128)
(39.9945 0 0.00138964)
(39.9952 0 0.000421655)
(39.9962 0 0.000124622)
(19.4742 0 0.211355)
(21.9783 0 0.237738)
(23.9705 0 0.205469)
(25.8232 0 0.170088)
(27.764 0 0.162367)
(29.7355 0 0.108421)
(31.6295 0 0.087698)
(33.383 0 0.0753659)
(34.9566 0 0.0507245)
(36.2905 0 0.0424814)
(37.3422 0 0.0321909)
(38.1281 0 0.0202159)
(38.6985 0 0.00928618)
(39.1044 0 0.00357588)
(39.3858 0 -0.00136911)
(39.5706 0 -0.00513517)
(39.6917 0 -0.00490441)
(39.7763 0 -0.00483996)
(39.8382 0 -0.000737109)
(39.8841 0 -0.00181144)
(39.9151 0 -0.00105418)
(39.9316 0 -0.00602685)
(39.9404 0 0.00126867)
(39.9484 0 -0.000237248)
(39.9547 0 -0.000536226)
(39.9577 0 -0.00173114)
(39.959 0 -0.00469271)
(39.9596 0 -0.00144526)
(39.9602 0 -0.00704979)
(39.959 0 -0.00246957)
(39.9569 0 0.00407811)
(39.9568 0 0.00716764)
(39.9577 0 0.00269135)
(39.9585 0 0.00292636)
(39.96 0 0.00435013)
(39.9629 0 0.00245527)
(39.9666 0 -0.000436756)
(39.9702 0 -0.0010022)
(39.9736 0 -0.00541943)
(39.977 0 0.000413356)
(39.9801 0 -0.00340803)
(39.9826 0 -0.000717805)
(39.9849 0 0.00079007)
(39.987 0 -0.000727788)
(39.9887 0 -0.000234727)
(39.9902 0 0.00108266)
(39.9916 0 0.00131622)
(39.9928 0 0.00141052)
(39.9937 0 0.000435353)
(39.995 0 0.000167867)
(20.2199 0 0.258058)
(22.5656 0 0.282099)
(24.3745 0 0.242299)
(26.0238 0 0.207842)
(27.7643 0 0.200846)
(29.5698 0 0.139859)
(31.3569 0 0.11277)
(33.0558 0 0.0972947)
(34.617 0 0.0681975)
(35.9723 0 0.0563105)
(37.0678 0 0.0429575)
(37.9059 0 0.0272631)
(38.5238 0 0.0142705)
(38.9694 0 0.00719875)
(39.2845 0 0.000977333)
(39.4973 0 -0.00420186)
(39.64 0 -0.00445112)
(39.7401 0 -0.00529521)
(39.8132 0 -0.00106291)
(39.8674 0 -0.00228795)
(39.9046 0 -0.00161477)
(39.9261 0 -0.00654185)
(39.938 0 0.000919891)
(39.9474 0 -0.000523446)
(39.9542 0 -0.000660804)
(39.9576 0 -0.00176498)
(39.9588 0 -0.0045426)
(39.9591 0 -0.00127505)
(39.9593 0 -0.00675919)
(39.9578 0 -0.00226366)
(39.9553 0 0.00419585)
(39.9546 0 0.00736693)
(39.9549 0 0.00276834)
(39.9552 0 0.00298923)
(39.9563 0 0.00436706)
(39.9588 0 0.00239008)
(39.9623 0 -0.000461462)
(39.9659 0 -0.00108281)
(39.9694 0 -0.00546864)
(39.9729 0 0.000315581)
(39.9762 0 -0.00345671)
(39.979 0 -0.000764986)
(39.9815 0 0.000735074)
(39.9838 0 -0.000744917)
(39.9858 0 -0.000235314)
(39.9876 0 0.00109322)
(39.9892 0 0.00131426)
(39.9907 0 0.00143194)
(39.9918 0 0.000452439)
(39.9933 0 0.000213391)
(20.9943 0 0.314227)
(23.2244 0 0.332559)
(24.898 0 0.280108)
(26.3728 0 0.246496)
(27.9173 0 0.241947)
(29.5317 0 0.176379)
(31.1671 0 0.141526)
(32.7645 0 0.121804)
(34.2758 0 0.0881596)
(35.6284 0 0.0725181)
(36.7563 0 0.055934)
(37.6454 0 0.0359015)
(38.315 0 0.0206386)
(38.8061 0 0.0117588)
(39.1606 0 0.00406392)
(39.407 0 -0.00289197)
(39.5763 0 -0.00377224)
(39.6959 0 -0.00566658)
(39.7833 0 -0.00129484)
(39.8482 0 -0.00272344)
(39.8935 0 -0.00222038)
(39.9211 0 -0.00715086)
(39.9372 0 0.000502856)
(39.9485 0 -0.000868445)
(39.9562 0 -0.000803983)
(39.9602 0 -0.001827)
(39.9612 0 -0.00437297)
(39.961 0 -0.0010912)
(39.9607 0 -0.00642889)
(39.9585 0 -0.00202331)
(39.9554 0 0.00434961)
(39.9538 0 0.0076087)
(39.9533 0 0.00285387)
(39.9529 0 0.0030772)
(39.9532 0 0.00439347)
(39.9551 0 0.00232912)
(39.9581 0 -0.000486445)
(39.9615 0 -0.00117387)
(39.9649 0 -0.00552794)
(39.9685 0 0.000202172)
(39.9719 0 -0.00351764)
(39.9748 0 -0.000821495)
(39.9776 0 0.000670357)
(39.9802 0 -0.000766094)
(39.9824 0 -0.000233096)
(39.9844 0 0.00110538)
(39.9863 0 0.00131152)
(39.988 0 0.00145779)
(39.9894 0 0.000479603)
(39.9913 0 0.000264361)
(21.8516 0 0.38226)
(23.9853 0 0.391976)
(25.5594 0 0.322214)
(26.8897 0 0.286042)
(28.254 0 0.284838)
(29.6699 0 0.218252)
(31.1206 0 0.17484)
(32.5678 0 0.148925)
(33.9794 0 0.110317)
(35.2897 0 0.0907512)
(36.4251 0 0.0709536)
(37.3544 0 0.0461243)
(38.0747 0 0.0285088)
(38.6143 0 0.0174256)
(39.0129 0 0.00807313)
(39.2979 0 -0.000972616)
(39.4987 0 -0.0027281)
(39.6422 0 -0.00580983)
(39.7475 0 -0.0013114)
(39.8259 0 -0.00299848)
(39.8815 0 -0.00277042)
(39.9171 0 -0.00781207)
(39.9386 0 -1.31011e-05)
(39.9529 0 -0.00131691)
(39.9619 0 -0.000982779)
(39.9666 0 -0.00193787)
(39.9675 0 -0.00418334)
(39.9667 0 -0.000878472)
(39.9656 0 -0.00600939)
(39.9626 0 -0.00170988)
(39.9584 0 0.00454417)
(39.9555 0 0.00787361)
(39.9538 0 0.00294548)
(39.9523 0 0.00317202)
(39.9516 0 0.00440927)
(39.9525 0 0.00224338)
(39.9546 0 -0.000531548)
(39.9575 0 -0.00129372)
(39.9606 0 -0.00559851)
(39.964 0 7.29386e-05)
(39.9673 0 -0.00358333)
(39.9704 0 -0.000885046)
(39.9733 0 0.000597958)
(39.976 0 -0.000787959)
(39.9785 0 -0.00022888)
(39.9808 0 0.00111875)
(39.9829 0 0.00131263)
(39.9849 0 0.00148458)
(39.9865 0 0.000509555)
(39.9887 0 0.000319577)
(22.8605 0 0.463252)
(24.8922 0 0.46078)
(26.3852 0 0.371617)
(27.595 0 0.327413)
(28.7982 0 0.328704)
(30.0213 0 0.26539)
(31.2719 0 0.213977)
(32.5313 0 0.179457)
(33.7908 0 0.134506)
(35.0058 0 0.110449)
(36.1067 0 0.0875614)
(37.0508 0 0.0575186)
(37.8112 0 0.0377017)
(38.397 0 0.024167)
(38.8413 0 0.013055)
(39.1686 0 0.00173302)
(39.4054 0 -0.00128448)
(39.5774 0 -0.00561957)
(39.7045 0 -0.00100932)
(39.7996 0 -0.00293869)
(39.8683 0 -0.00311087)
(39.914 0 -0.00844914)
(39.9427 0 -0.000606747)
(39.9611 0 -0.00186066)
(39.9722 0 -0.00117801)
(39.978 0 -0.00213672)
(39.979 0 -0.00401188)
(39.9775 0 -0.000691617)
(39.9755 0 -0.00554486)
(39.9713 0 -0.00134772)
(39.9657 0 0.00481198)
(39.9612 0 0.00821106)
(39.9577 0 0.00303785)
(39.9548 0 0.00329998)
(39.9525 0 0.00441999)
(39.952 0 0.00215046)
(39.9528 0 -0.000582664)
(39.9547 0 -0.00143564)
(39.9571 0 -0.00568375)
(39.96 0 -8.3254e-05)
(39.9631 0 -0.00366507)
(39.9659 0 -0.000960478)
(39.9688 0 0.000515865)
(39.9716 0 -0.000818212)
(39.9742 0 -0.000226047)
(39.9766 0 0.00113576)
(39.979 0 0.00131549)
(39.9812 0 0.00151689)
(39.983 0 0.000549801)
(39.9857 0 0.000382777)
(24.0939 0 0.558141)
(25.997 0 0.537409)
(27.4072 0 0.430366)
(28.5088 0 0.372145)
(29.5675 0 0.373479)
(30.6092 0 0.317256)
(31.6587 0 0.260695)
(32.7112 0 0.215593)
(33.7784 0 0.161885)
(34.8428 0 0.131393)
(35.8529 0 0.104707)
(36.7679 0 0.069067)
(37.5433 0 0.0472135)
(38.1636 0 0.0313651)
(38.6495 0 0.0186842)
(39.0193 0 0.00512613)
(39.2949 0 0.000582882)
(39.4995 0 -0.00502379)
(39.6522 0 -0.000249962)
(39.7677 0 -0.00228751)
(39.8525 0 -0.0028472)
(39.9108 0 -0.0087159)
(39.9488 0 -0.00107914)
(39.9733 0 -0.00244598)
(39.9877 0 -0.00136211)
(39.9953 0 -0.00242118)
(39.9969 0 -0.00388664)
(39.9948 0 -0.000567908)
(39.992 0 -0.00501592)
(39.9864 0 -0.000920395)
(39.9791 0 0.00515895)
(39.9724 0 0.00860849)
(39.9667 0 0.00312917)
(39.9618 0 0.00345213)
(39.9573 0 0.00441716)
(39.9548 0 0.00202334)
(39.9538 0 -0.000660468)
(39.9542 0 -0.00162488)
(39.9553 0 -0.00579308)
(39.9573 0 -0.000273348)
(39.9597 0 -0.00376068)
(39.9621 0 -0.00104948)
(39.9647 0 0.000424647)
(39.9673 0 -0.000852426)
(39.9698 0 -0.000222814)
(39.9723 0 0.00115592)
(39.9747 0 0.00132644)
(39.9771 0 0.00155219)
(39.9791 0 0.000594351)
(39.9821 0 0.000452505)
(25.6213 0 0.66629)
(27.3556 0 0.61702)
(28.663 0 0.496251)
(29.653 0 0.419288)
(30.575 0 0.417113)
(31.4462 0 0.371312)
(32.3003 0 0.31536)
(33.1424 0 0.260446)
(33.9974 0 0.195873)
(34.8702 0 0.155754)
(35.7318 0 0.122819)
(36.5585 0 0.0801411)
(37.3056 0 0.0557176)
(37.9342 0 0.0377819)
(38.4477 0 0.0237605)
(38.8541 0 0.00852311)
(39.1676 0 0.00250782)
(39.4067 0 -0.00433704)
(39.5882 0 0.000789171)
(39.7274 0 -0.000996485)
(39.8317 0 -0.00169934)
(39.9056 0 -0.00820857)
(39.9555 0 -0.00107249)
(39.9885 0 -0.00286195)
(40.0081 0 -0.00141944)
(40.0188 0 -0.00273918)
(40.0219 0 -0.00382592)
(40.0196 0 -0.000611984)
(40.0162 0 -0.00451906)
(40.0094 0 -0.000490718)
(40.0001 0 0.00560245)
(39.9909 0 0.0091298)
(39.9823 0 0.00322025)
(39.975 0 0.00366354)
(39.9678 0 0.00443589)
(39.9626 0 0.00189306)
(39.959 0 -0.000755364)
(39.9571 0 -0.00186529)
(39.9564 0 -0.00593913)
(39.9568 0 -0.000516829)
(39.958 0 -0.00388802)
(39.9595 0 -0.00116642)
(39.9614 0 0.00031361)
(39.9635 0 -0.000897646)
(39.9657 0 -0.000220501)
(39.968 0 0.00117647)
(39.9704 0 0.00134298)
(39.9728 0 0.00159531)
(39.9749 0 0.000651132)
(39.9781 0 0.000532591)
(27.4989 0 0.78557)
(29.0216 0 0.694693)
(30.1945 0 0.565253)
(31.0527 0 0.465938)
(31.8313 0 0.456158)
(32.5362 0 0.421947)
(33.2012 0 0.374632)
(33.8366 0 0.315536)
(34.4757 0 0.241096)
(35.1385 0 0.188404)
(35.811 0 0.145053)
(36.4905 0 0.092012)
(37.1515 0 0.062149)
(37.7451 0 0.0412723)
(38.2574 0 0.0262434)
(38.6839 0 0.0100461)
(39.0274 0 0.00307346)
(39.299 0 -0.00451093)
(39.5103 0 0.00140067)
(39.6753 0 0.000591485)
(39.802 0 0.000518459)
(39.8945 0 -0.00632037)
(39.9595 0 0.000125429)
(40.0038 0 -0.00244708)
(40.0312 0 -0.000861545)
(40.0472 0 -0.00274253)
(40.0534 0 -0.00366836)
(40.0521 0 -0.000853589)
(40.049 0 -0.0040927)
(40.0414 0 -0.00013177)
(40.0302 0 0.00606308)
(40.0183 0 0.00973052)
(40.0063 0 0.00329206)
(39.9961 0 0.00391413)
(39.9855 0 0.00447806)
(39.977 0 0.00173882)
(39.9701 0 -0.00087625)
(39.9652 0 -0.00218201)
(39.9618 0 -0.00613574)
(39.9599 0 -0.000827881)
(39.9592 0 -0.00405463)
(39.9592 0 -0.00132299)
(39.9599 0 0.000178517)
(39.961 0 -0.000954653)
(39.9625 0 -0.000220107)
(39.9643 0 0.00119874)
(39.9663 0 0.00136709)
(39.9686 0 0.0016435)
(39.9705 0 0.000714585)
(39.9739 0 0.000621598)
(29.7506 0 0.909487)
(31.0327 0 0.764746)
(32.0373 0 0.63197)
(32.7318 0 0.507536)
(33.3437 0 0.484011)
(33.8753 0 0.459259)
(34.3539 0 0.428146)
(34.7884 0 0.376108)
(35.2157 0 0.299306)
(35.6664 0 0.235589)
(36.1337 0 0.179004)
(36.6262 0 0.111147)
(37.1459 0 0.0698325)
(37.6502 0 0.0419906)
(38.117 0 0.023608)
(38.5322 0 0.00684092)
(38.8867 0 -0.000439103)
(39.1808 0 -0.00782411)
(39.418 0 -0.000501464)
(39.6083 0 0.000801092)
(39.7588 0 0.00272292)
(39.8724 0 -0.00326287)
(39.9551 0 0.00290332)
(40.0142 0 -0.000384052)
(40.0529 0 0.00111201)
(40.077 0 -0.00173248)
(40.089 0 -0.00290069)
(40.0907 0 -0.00114861)
(40.0894 0 -0.00378325)
(40.0823 0 4.96086e-05)
(40.07 0 0.00645711)
(40.0557 0 0.0104475)
(40.0402 0 0.00334334)
(40.0267 0 0.00423609)
(40.0124 0 0.00461199)
(39.9999 0 0.00161939)
(39.989 0 -0.000972878)
(39.98 0 -0.00256008)
(39.9731 0 -0.0063929)
(39.968 0 -0.00123458)
(39.9646 0 -0.00428601)
(39.9623 0 -0.00154358)
(39.9611 0 4.15684e-06)
(39.9607 0 -0.00104438)
(39.961 0 -0.000235263)
(39.9619 0 0.00121762)
(39.9631 0 0.00139693)
(39.9648 0 0.0016976)
(39.9664 0 0.00079069)
(39.9696 0 0.00072406)
(32.3356 0 1.03361)
(33.3438 0 0.8226)
(34.1403 0 0.690648)
(34.6419 0 0.541212)
(35.0651 0 0.496443)
(35.4179 0 0.47349)
(35.7169 0 0.460556)
(35.9634 0 0.427524)
(36.1922 0 0.362825)
(36.4402 0 0.298108)
(36.7051 0 0.231735)
(36.9975 0 0.148102)
(37.3417 0 0.088398)
(37.7089 0 0.0456692)
(38.0793 0 0.0172472)
(38.4387 0 -0.00370861)
(38.7708 0 -0.0119858)
(39.0657 0 -0.0182634)
(39.3165 0 -0.00846253)
(39.5257 0 -0.00351687)
(39.6977 0 0.00231571)
(39.8327 0 -0.00059191)
(39.9351 0 0.00676002)
(40.012 0 0.00387085)
(40.0657 0 0.00558254)
(40.1017 0 0.00169363)
(40.1231 0 -0.000175596)
(40.1312 0 -0.000541087)
(40.1344 0 -0.00312952)
(40.1302 0 0.00019319)
(40.1185 0 0.00661507)
(40.1029 0 0.0110683)
(40.0843 0 0.0032112)
(40.0678 0 0.00442773)
(40.0496 0 0.00478386)
(40.0328 0 0.00153253)
(40.0173 0 -0.00102217)
(40.0035 0 -0.00299737)
(39.9922 0 -0.00670636)
(39.9829 0 -0.00174458)
(39.9759 0 -0.00459094)
(39.9705 0 -0.00185509)
(39.9666 0 -0.000229121)
(39.9638 0 -0.00118049)
(39.9622 0 -0.000277926)
(39.9615 0 0.00122693)
(39.9615 0 0.00143142)
(39.9623 0 0.00175334)
(39.9631 0 0.000874423)
(39.9657 0 0.000839699)
(34.9298 0 1.1502)
(35.5908 0 0.862978)
(36.1422 0 0.731578)
(36.4613 0 0.564223)
(36.7245 0 0.494397)
(36.941 0 0.462655)
(37.1077 0 0.460002)
(37.2163 0 0.449113)
(37.2952 0 0.410406)
(37.3792 0 0.362624)
(37.4705 0 0.300705)
(37.5807 0 0.210455)
(37.7471 0 0.132306)
(37.9554 0 0.0678757)
(38.1924 0 0.0179023)
(38.451 0 -0.0175036)
(38.7184 0 -0.0329958)
(38.9798 0 -0.0404066)
(39.2203 0 -0.0279224)
(39.4331 0 -0.0177055)
(39.6173 0 -0.00591544)
(39.7695 0 -0.00271586)
(39.8905 0 0.00843257)
(39.9867 0 0.00876038)
(40.0587 0 0.0124894)
(40.1108 0 0.00862746)
(40.1461 0 0.00630613)
(40.1652 0 0.00282849)
(40.1772 0 -0.000867542)
(40.1798 0 0.00112229)
(40.172 0 0.00683227)
(40.1576 0 0.0116472)
(40.1376 0 0.0028506)
(40.119 0 0.0042983)
(40.0977 0 0.00493136)
(40.0766 0 0.00154248)
(40.0564 0 -0.000929934)
(40.0372 0 -0.00342444)
(40.0206 0 -0.00705005)
(40.0064 0 -0.00237492)
(39.9948 0 -0.00498928)
(39.9852 0 -0.00230259)
(39.9777 0 -0.000563317)
(39.9717 0 -0.00139447)
(39.9674 0 -0.00037353)
(39.9644 0 0.00120211)
(39.9625 0 0.00145783)
(39.9617 0 0.00180427)
(39.9614 0 0.000965118)
(39.9627 0 0.00096789)
(36.4366 0 1.22592)
(36.8678 0 0.880907)
(37.2686 0 0.752687)
(37.4977 0 0.581728)
(37.695 0 0.492323)
(37.8746 0 0.446883)
(38.0149 0 0.440516)
(38.0994 0 0.439206)
(38.1493 0 0.423711)
(38.1836 0 0.402777)
(38.2023 0 0.363392)
(38.218 0 0.287212)
(38.2657 0 0.205789)
(38.344 0 0.124948)
(38.4507 0 0.0477717)
(38.5915 0 -0.0163784)
(38.7631 0 -0.0542043)
(38.9552 0 -0.0734539)
(39.1532 0 -0.0631992)
(39.3437 0 -0.0481156)
(39.5219 0 -0.0288187)
(39.6797 0 -0.0165421)
(39.8132 0 0.00141906)
(39.9265 0 0.00900718)
(40.0178 0 0.0186994)
(40.0892 0 0.0183147)
(40.1431 0 0.0178278)
(40.1789 0 0.0117194)
(40.2057 0 0.00571798)
(40.2208 0 0.00505588)
(40.2224 0 0.00844267)
(40.2135 0 0.0126897)
(40.1957 0 0.00240936)
(40.1775 0 0.00343786)
(40.1549 0 0.00459694)
(40.1308 0 0.00136935)
(40.1065 0 -0.000762588)
(40.082 0 -0.00379426)
(40.0598 0 -0.00733544)
(40.0398 0 -0.00305138)
(40.0228 0 -0.00541933)
(40.0081 0 -0.00288011)
(39.9961 0 -0.00101448)
(39.9859 0 -0.00172008)
(39.9779 0 -0.000565445)
(39.9719 0 0.00111435)
(39.9673 0 0.00145552)
(39.9642 0 0.00183041)
(39.9621 0 0.00104746)
(39.9613 0 0.00110449)
(36.8329 0 1.28329)
(37.1369 0 0.903784)
(37.4738 0 0.772271)
(37.6743 0 0.606677)
(37.8494 0 0.504369)
(38.0216 0 0.447164)
(38.1656 0 0.430683)
(38.2646 0 0.425322)
(38.3388 0 0.416996)
(38.401 0 0.412263)
(38.4474 0 0.395654)
(38.4895 0 0.344969)
(38.5468 0 0.281136)
(38.6124 0 0.206181)
(38.6825 0 0.117344)
(38.7659 0 0.0260238)
(38.8674 0 -0.0463946)
(38.9889 0 -0.0966773)
(39.1248 0 -0.105655)
(39.2681 0 -0.0956726)
(39.4172 0 -0.0723993)
(39.5626 0 -0.0503698)
(39.6962 0 -0.0236293)
(39.8194 0 -0.00548687)
(39.9268 0 0.0150636)
(40.0177 0 0.0242862)
(40.0929 0 0.031481)
(40.151 0 0.0271527)
(40.1999 0 0.019787)
(40.2354 0 0.0158439)
(40.2543 0 0.0149372)
(40.2582 0 0.0165292)
(40.2493 0 0.00329722)
(40.2365 0 0.0021206)
(40.2166 0 0.00341317)
(40.1924 0 0.000631349)
(40.166 0 -0.000714978)
(40.1372 0 -0.00409511)
(40.1097 0 -0.00748431)
(40.084 0 -0.00370142)
(40.0611 0 -0.00579485)
(40.0407 0 -0.00355483)
(40.0232 0 -0.00159225)
(40.0079 0 -0.00220414)
(39.9953 0 -0.000918689)
(39.9853 0 0.000916351)
(39.9772 0 0.00138277)
(39.9709 0 0.00180214)
(39.9664 0 0.00110011)
(39.9625 0 0.00123613)
(37.1137 0 1.35086)
(37.3349 0 0.950964)
(37.6348 0 0.802448)
(37.8251 0 0.644331)
(37.9847 0 0.533054)
(38.1427 0 0.466216)
(38.2749 0 0.438265)
(38.3639 0 0.422696)
(38.4278 0 0.410287)
(38.4798 0 0.407542)
(38.5174 0 0.40044)
(38.5502 0 0.366344)
(38.5972 0 0.321078)
(38.6529 0 0.263532)
(38.7107 0 0.184071)
(38.7777 0 0.0894275)
(38.8567 0 -0.00190044)
(38.9498 0 -0.0817724)
(39.0535 0 -0.12186)
(39.1641 0 -0.134834)
(39.2846 0 -0.123073)
(39.4098 0 -0.101519)
(39.5319 0 -0.070964)
(39.6535 0 -0.0446764)
(39.7677 0 -0.0121032)
(39.8734 0 0.0119832)
(39.9689 0 0.0349042)
(40.0524 0 0.0422805)
(40.1299 0 0.0406359)
(40.1947 0 0.0369755)
(40.2408 0 0.0318671)
(40.268 0 0.0283737)
(40.2791 0 0.00954416)
(40.2813 0 0.00232988)
(40.2719 0 0.00141192)
(40.2537 0 -0.00144399)
(40.2296 0 -0.00157192)
(40.1996 0 -0.00473389)
(40.1689 0 -0.00759957)
(40.1384 0 -0.00424249)
(40.1098 0 -0.00589907)
(40.0834 0 -0.0041196)
(40.0601 0 -0.00217448)
(40.0389 0 -0.00279109)
(40.0209 0 -0.00146123)
(40.006 0 0.000544353)
(39.9936 0 0.00119659)
(39.9832 0 0.00166046)
(39.9754 0 0.00106814)
(39.9673 0 0.00133029)
(37.5391 0 1.41385)
(37.6898 0 1.00885)
(37.9457 0 0.836109)
(38.123 0 0.68471)
(38.2681 0 0.566482)
(38.4128 0 0.490163)
(38.5345 0 0.451091)
(38.6155 0 0.424093)
(38.671 0 0.402552)
(38.7139 0 0.393288)
(38.7429 0 0.385389)
(38.7656 0 0.356629)
(38.7993 0 0.32056)
(38.8394 0 0.27516)
(38.8789 0 0.208638)
(38.9221 0 0.122337)
(38.9714 0 0.0311862)
(39.028 0 -0.0574663)
(39.0893 0 -0.113805)
(39.1507 0 -0.144866)
(39.2182 0 -0.148911)
(39.2892 0 -0.137998)
(39.3629 0 -0.115397)
(39.4468 0 -0.0943286)
(39.5405 0 -0.0614703)
(39.6425 0 -0.0300058)
(39.7494 0 0.00859554)
(39.8551 0 0.0362379)
(39.9621 0 0.0530994)
(40.0608 0 0.0617061)
(40.1421 0 0.0606218)
(40.2033 0 0.0546901)
(40.2495 0 0.0293284)
(40.2824 0 0.010983)
(40.2974 0 0.00196447)
(40.2975 0 -0.00443215)
(40.2852 0 -0.00429942)
(40.2611 0 -0.00668255)
(40.2319 0 -0.00829274)
(40.1996 0 -0.00492372)
(40.1672 0 -0.00563745)
(40.1357 0 -0.0043153)
(40.1068 0 -0.00253794)
(40.0796 0 -0.00331099)
(40.0556 0 -0.00214024)
(40.0351 0 -5.07133e-05)
(40.0175 0 0.000825019)
(40.0023 0 0.00135093)
(39.9905 0 0.000888574)
(39.9769 0 0.00133344)
(37.9657 0 1.46134)
(38.0547 0 1.07215)
(38.258 0 0.876388)
(38.4159 0 0.727016)
(38.5452 0 0.601808)
(38.6754 0 0.515461)
(38.7864 0 0.465836)
(38.8599 0 0.4285)
(38.9083 0 0.397286)
(38.9438 0 0.378411)
(38.9666 0 0.364401)
(38.9838 0 0.334976)
(39.0109 0 0.302043)
(39.0439 0 0.263858)
(39.076 0 0.207861)
(39.1111 0 0.133178)
(39.1508 0 0.0500526)
(39.1957 0 -0.0359112)
(39.2428 0 -0.0956822)
(39.287 0 -0.133816)
(39.3329 0 -0.145914)
(39.3755 0 -0.142168)
(39.4121 0 -0.127455)
(39.4482 0 -0.11616)
(39.4865 0 -0.0936024)
(39.5272 0 -0.0711099)
(39.5779 0 -0.034319)
(39.6395 0 0.00169106)
(39.7227 0 0.0361243)
(39.8239 0 0.0661142)
(39.929 0 0.0832368)
(40.0244 0 0.0878453)
(40.1132 0 0.0655325)
(40.1909 0 0.0380451)
(40.2486 0 0.015092)
(40.2872 0 -0.00305553)
(40.3049 0 -0.00827643)
(40.3019 0 -0.01138)
(40.2854 0 -0.011191)
(40.259 0 -0.00676952)
(40.2278 0 -0.00535028)
(40.1942 0 -0.00386384)
(40.1613 0 -0.00220463)
(40.129 0 -0.00329062)
(40.0992 0 -0.00264581)
(40.0729 0 -0.000737254)
(40.0498 0 0.000271723)
(40.0291 0 0.00080839)
(40.0126 0 0.000451017)
(39.9923 0 0.00113432)
(38.3225 0 1.48824)
(38.3618 0 1.13148)
(38.5115 0 0.917359)
(38.6464 0 0.763696)
(38.76 0 0.63165)
(38.8754 0 0.535612)
(38.9758 0 0.477026)
(39.0429 0 0.431702)
(39.0856 0 0.392185)
(39.1153 0 0.363522)
(39.1335 0 0.341403)
(39.1471 0 0.30869)
(39.1695 0 0.275484)
(39.1979 0 0.24149)
(39.2255 0 0.195114)
(39.2554 0 0.133177)
(39.289 0 0.0630994)
(39.3269 0 -0.0123138)
(39.3656 0 -0.0672699)
(39.4013 0 -0.105312)
(39.4384 0 -0.120438)
(39.4721 0 -0.120791)
(39.4991 0 -0.111397)
(39.5238 0 -0.107074)
(39.5478 0 -0.0931824)
(39.5685 0 -0.0813962)
(39.5919 0 -0.0543768)
(39.6157 0 -0.0246806)
(39.6485 0 0.0100527)
(39.6931 0 0.0484945)
(39.7496 0 0.0809012)
(39.8137 0 0.103038)
(39.8923 0 0.0974661)
(39.9864 0 0.0755502)
(40.0807 0 0.0461228)
(40.1684 0 0.0138327)
(40.2357 0 -0.00526659)
(40.278 0 -0.0166544)
(40.2969 0 -0.0179803)
(40.2943 0 -0.0122281)
(40.2771 0 -0.00682969)
(40.2496 0 -0.0032919)
(40.2178 0 -0.00088393)
(40.1835 0 -0.00207361)
(40.1496 0 -0.00233802)
(40.1184 0 -0.00109156)
(40.0899 0 -0.000243164)
(40.0637 0 0.000116282)
(40.0422 0 -0.000283777)
(40.0143 0 0.000612396)
(38.6211 0 1.49447)
(38.6223 0 1.17993)
(38.7213 0 0.957381)
(38.8294 0 0.796974)
(38.9265 0 0.66026)
(39.0263 0 0.556367)
(39.1156 0 0.489406)
(39.1768 0 0.437195)
(39.2148 0 0.390514)
(39.2399 0 0.352604)
(39.2546 0 0.321596)
(39.2654 0 0.284367)
(39.2841 0 0.2493)
(39.3086 0 0.217764)
(39.3329 0 0.179771)
(39.3594 0 0.130781)
(39.3886 0 0.0751453)
(39.4211 0 0.0130145)
(39.4533 0 -0.0338194)
(39.4825 0 -0.0691747)
(39.5127 0 -0.0859952)
(39.5399 0 -0.0902178)
(39.5601 0 -0.0857412)
(39.5779 0 -0.086936)
(39.5942 0 -0.0794527)
(39.6069 0 -0.0752881)
(39.6214 0 -0.0564206)
(39.6355 0 -0.034042)
(39.6557 0 -0.00441152)
(39.6822 0 0.0323477)
(39.7128 0 0.0679523)
(39.7434 0 0.0984387)
(39.7783 0 0.107264)
(39.8272 0 0.099134)
(39.889 0 0.0766538)
(39.9689 0 0.0411101)
(40.0559 0 0.010866)
(40.1397 0 -0.0137978)
(40.2098 0 -0.0245629)
(40.2564 0 -0.0225339)
(40.2787 0 -0.0136871)
(40.2776 0 -0.00519761)
(40.2605 0 0.000643676)
(40.2331 0 0.000870189)
(40.2006 0 -0.000134435)
(40.1675 0 -0.000126091)
(40.1355 0 -4.84705e-05)
(40.1046 0 -0.000318302)
(40.0787 0 -0.00115349)
(40.0429 0 -0.000305785)
(38.8818 0 1.47969)
(38.8561 0 1.2102)
(38.9104 0 0.990965)
(38.9889 0 0.825242)
(39.0673 0 0.685488)
(39.1504 0 0.574982)
(39.2276 0 0.499132)
(39.2825 0 0.440195)
(39.3162 0 0.387436)
(39.3372 0 0.341902)
(39.3489 0 0.303522)
(39.3573 0 0.262425)
(39.3726 0 0.225263)
(39.394 0 0.195004)
(39.4156 0 0.163507)
(39.4389 0 0.125654)
(39.4647 0 0.0835308)
(39.4931 0 0.0348623)
(39.5202 0 -0.00315546)
(39.5441 0 -0.0350465)
(39.5689 0 -0.0529432)
(39.5906 0 -0.0606655)
(39.6055 0 -0.0606668)
(39.6178 0 -0.0662276)
(39.6282 0 -0.0635619)
(39.6346 0 -0.0650583)
(39.6424 0 -0.0529062)
(39.6495 0 -0.0377572)
(39.6625 0 -0.0147741)
(39.6811 0 0.0167314)
(39.7029 0 0.0498086)
(39.7238 0 0.0812412)
(39.7455 0 0.0961413)
(39.7738 0 0.0977664)
(39.8053 0 0.0859455)
(39.8455 0 0.0575558)
(39.8958 0 0.0275045)
(39.9586 0 -0.00398679)
(40.0333 0 -0.0247414)
(40.1105 0 -0.0318168)
(40.1797 0 -0.0257583)
(40.2276 0 -0.0137439)
(40.2507 0 -0.00163123)
(40.2512 0 0.00393682)
(40.2349 0 0.00451055)
(40.2093 0 0.0035386)
(40.1795 0 0.00219947)
(40.1475 0 0.000565098)
(40.1191 0 -0.00146802)
(40.0766 0 -0.00137456)
(39.1128 0 1.44591)
(39.0696 0 1.22011)
(39.0874 0 1.01583)
(39.1356 0 0.850132)
(39.1938 0 0.70984)
(39.2593 0 0.594964)
(39.3234 0 0.510825)
(39.3714 0 0.445426)
(39.4009 0 0.387871)
(39.4184 0 0.336793)
(39.4275 0 0.29271)
(39.4338 0 0.248628)
(39.4463 0 0.209562)
(39.4646 0 0.179533)
(39.484 0 0.152439)
(39.5055 0 0.122749)
(39.5289 0 0.0908486)
(39.5541 0 0.05321)
(39.5773 0 0.022783)
(39.5972 0 -0.00585165)
(39.6176 0 -0.0244062)
(39.635 0 -0.0349101)
(39.6456 0 -0.0383385)
(39.6535 0 -0.0469232)
(39.659 0 -0.047579)
(39.6604 0 -0.0530931)
(39.6627 0 -0.046738)
(39.6642 0 -0.038548)
(39.6712 0 -0.0230311)
(39.6836 0 0.00130001)
(39.6988 0 0.029108)
(39.7129 0 0.0579236)
(39.7276 0 0.0741803)
(39.7482 0 0.0807781)
(39.7702 0 0.0766108)
(39.7957 0 0.0563536)
(39.8239 0 0.0326176)
(39.8547 0 0.00291326)
(39.8944 0 -0.0212534)
(39.9467 0 -0.0357773)
(40.0125 0 -0.0363506)
(40.0823 0 -0.0263406)
(40.1446 0 -0.0107771)
(40.19 0 0.00203925)
(40.213 0 0.0087744)
(40.2155 0 0.0101456)
(40.203 0 0.00818481)
(40.1797 0 0.00464514)
(40.1554 0 0.000346206)
(40.1108 0 -0.00168125)
(39.318 0 1.39476)
(39.2643 0 1.20904)
(39.2545 0 1.02749)
(39.275 0 0.868431)
(39.3119 0 0.730339)
(39.3595 0 0.61346)
(39.4094 0 0.522628)
(39.4492 0 0.451324)
(39.4742 0 0.389812)
(39.4882 0 0.335022)
(39.495 0 0.287055)
(39.4995 0 0.240951)
(39.5094 0 0.200161)
(39.5254 0 0.169215)
(39.5432 0 0.143581)
(39.5629 0 0.118672)
(39.5848 0 0.0937688)
(39.608 0 0.0644733)
(39.6287 0 0.0401638)
(39.6458 0 0.0148273)
(39.6629 0 -0.00345744)
(39.677 0 -0.0153057)
(39.6845 0 -0.0206866)
(39.689 0 -0.0307329)
(39.6908 0 -0.0333559)
(39.6883 0 -0.0414776)
(39.6862 0 -0.0398181)
(39.6833 0 -0.0378555)
(39.6854 0 -0.0296163)
(39.6927 0 -0.0126757)
(39.7026 0 0.00914801)
(39.7113 0 0.0341007)
(39.7202 0 0.0498233)
(39.7347 0 0.0590691)
(39.7505 0 0.0605235)
(39.7688 0 0.0469826)
(39.7889 0 0.0301472)
(39.808 0 0.0052322)
(39.8294 0 -0.0172465)
(39.8543 0 -0.0346142)
(39.8875 0 -0.0409752)
(39.9317 0 -0.0363486)
(39.987 0 -0.022486)
(40.0478 0 -0.00612467)
(40.1031 0 0.00726482)
(40.1445 0 0.0149049)
(40.1678 0 0.0164469)
(40.172 0 0.0132105)
(40.1665 0 0.00668301)
(40.1334 0 0.000976993)
(39.5016 0 1.32812)
(39.4422 0 1.17777)
(39.4133 0 1.02263)
(39.4102 0 0.876824)
(39.4263 0 0.745329)
(39.4554 0 0.630243)
(39.49 0 0.536015)
(39.52 0 0.460272)
(39.5396 0 0.395751)
(39.55 0 0.338455)
(39.5545 0 0.287636)
(39.5573 0 0.239942)
(39.565 0 0.197507)
(39.5785 0 0.164767)
(39.5949 0 0.139126)
(39.614 0 0.115938)
(39.6351 0 0.0944101)
(39.6572 0 0.0704692)
(39.6763 0 0.0505183)
(39.6917 0 0.0281453)
(39.7065 0 0.010814)
(39.7182 0 -0.00130049)
(39.7234 0 -0.00750705)
(39.7256 0 -0.0179481)
(39.7246 0 -0.0215479)
(39.7193 0 -0.03114)
(39.7139 0 -0.033045)
(39.7076 0 -0.035968)
(39.7059 0 -0.0337685)
(39.7092 0 -0.0231593)
(39.7148 0 -0.00651045)
(39.7192 0 0.0148903)
(39.7237 0 0.0298095)
(39.7333 0 0.0408482)
(39.744 0 0.0467505)
(39.7568 0 0.0389339)
(39.771 0 0.0285015)
(39.7837 0 0.00886551)
(39.7979 0 -0.0102838)
(39.813 0 -0.0277275)
(39.8307 0 -0.0373224)
(39.8508 0 -0.03827)
(39.8763 0 -0.029847)
(39.9109 0 -0.015513)
(39.9556 0 0.000414929)
(40.0064 0 0.0136604)
(40.0548 0 0.0212031)
(40.0913 0 0.0222799)
(40.1172 0 0.0170013)
(40.1187 0 0.00904342)
(39.6665 0 1.24733)
(39.6049 0 1.12762)
(39.5636 0 0.999432)
(39.5423 0 0.871803)
(39.5393 0 0.751232)
(39.5504 0 0.641732)
(39.5693 0 0.547502)
(39.588 0 0.469078)
(39.6007 0 0.402126)
(39.6068 0 0.342943)
(39.6085 0 0.290182)
(39.6094 0 0.241344)
(39.6147 0 0.197576)
(39.6261 0 0.162704)
(39.6412 0 0.135162)
(39.6592 0 0.111877)
(39.6799 0 0.0917127)
(39.7014 0 0.0712299)
(39.7198 0 0.0543861)
(39.7344 0 0.0349827)
(39.7479 0 0.0191585)
(39.758 0 0.00774333)
(39.7618 0 0.00163515)
(39.7624 0 -0.00825874)
(39.7597 0 -0.0119343)
(39.7525 0 -0.0219164)
(39.7448 0 -0.0259605)
(39.736 0 -0.0321548)
(39.7315 0 -0.0343414)
(39.7318 0 -0.0285897)
(39.7342 0 -0.0161743)
(39.7354 0 0.00200074)
(39.7364 0 0.0157794)
(39.7423 0 0.0276824)
(39.7491 0 0.0366623)
(39.7575 0 0.0331844)
(39.7672 0 0.0279525)
(39.7749 0 0.0129446)
(39.7837 0 -0.00275569)
(39.793 0 -0.0191015)
(39.8043 0 -0.0298897)
(39.8161 0 -0.0342823)
(39.8289 0 -0.0306698)
(39.8433 0 -0.0208473)
(39.8608 0 -0.00723442)
(39.8856 0 0.0072328)
(39.9195 0 0.0192038)
(39.9594 0 0.0261224)
(40.001 0 0.0255384)
(40.0438 0 0.0203028)
(39.8134 0 1.15324)
(39.752 0 1.05981)
(39.7037 0 0.956878)
(39.6696 0 0.849649)
(39.651 0 0.743572)
(39.6457 0 0.643345)
(39.6492 0 0.553218)
(39.6555 0 0.475046)
(39.6598 0 0.407399)
(39.6604 0 0.347508)
(39.6584 0 0.293793)
(39.6569 0 0.244424)
(39.6597 0 0.199846)
(39.6685 0 0.163064)
(39.6819 0 0.133713)
(39.6994 0 0.109097)
(39.7197 0 0.0884785)
(39.7409 0 0.0696615)
(39.759 0 0.0546397)
(39.7733 0 0.0377275)
(39.786 0 0.0236663)
(39.7952 0 0.0134571)
(39.7983 0 0.00796808)
(39.7981 0 -0.00076697)
(39.7944 0 -0.00390669)
(39.7861 0 -0.0133276)
(39.777 0 -0.0183728)
(39.7668 0 -0.0263828)
(39.7604 0 -0.0315043)
(39.7584 0 -0.029377)
(39.7586 0 -0.0203723)
(39.7574 0 -0.00517066)
(39.756 0 0.00707824)
(39.7592 0 0.0188564)
(39.7632 0 0.0294554)
(39.7685 0 0.0287916)
(39.7748 0 0.027176)
(39.7787 0 0.01565)
(39.7836 0 0.00265783)
(39.7886 0 -0.0125968)
(39.7952 0 -0.0238533)
(39.8021 0 -0.0303757)
(39.8095 0 -0.030061)
(39.8174 0 -0.0238174)
(39.8254 0 -0.013233)
(39.8343 0 -0.000299468)
(39.8452 0 0.0124154)
(39.8605 0 0.02276)
(39.8803 0 0.0274043)
(39.9285 0 0.0287262)
(39.9418 0 1.04629)
(39.8828 0 0.975207)
(39.8315 0 0.89512)
(39.7897 0 0.808683)
(39.7593 0 0.719655)
(39.7401 0 0.632202)
(39.7294 0 0.550082)
(39.7234 0 0.475811)
(39.7182 0 0.409819)
(39.7122 0 0.35067)
(39.7058 0 0.297075)
(39.701 0 0.247771)
(39.7009 0 0.202949)
(39.7071 0 0.164655)
(39.7187 0 0.132899)
(39.7347 0 0.10661)
(39.7544 0 0.0851534)
(39.7751 0 0.0670121)
(39.7932 0 0.0530268)
(39.8078 0 0.0382257)
(39.8201 0 0.0259075)
(39.8289 0 0.0171002)
(39.8318 0 0.0124625)
(39.8313 0 0.00520357)
(39.8273 0 0.00291836)
(39.8186 0 -0.0052168)
(39.8088 0 -0.010368)
(39.7978 0 -0.0190424)
(39.7902 0 -0.025938)
(39.7869 0 -0.0264589)
(39.7855 0 -0.0203259)
(39.7828 0 -0.00812477)
(39.7799 0 0.00209353)
(39.7813 0 0.0127762)
(39.7834 0 0.0236228)
(39.7866 0 0.0243315)
(39.7905 0 0.0249499)
(39.7919 0 0.0158839)
(39.7939 0 0.00499557)
(39.7958 0 -0.00923558)
(39.799 0 -0.0205729)
(39.8022 0 -0.0284418)
(39.8059 0 -0.0304461)
(39.8097 0 -0.0268886)
(39.8134 0 -0.0188798)
(39.8173 0 -0.00786089)
(39.8214 0 0.00415216)
(39.8262 0 0.0153177)
(39.8289 0 0.022661)
(39.8464 0 0.029502)
(40.0504 0 0.927845)
(39.9952 0 0.87607)
(39.9441 0 0.816417)
(39.8985 0 0.750133)
(39.8607 0 0.679337)
(39.8311 0 0.607076)
(39.8088 0 0.536244)
(39.7914 0 0.469456)
(39.7768 0 0.40789)
(39.7636 0 0.351382)
(39.752 0 0.299312)
(39.7433 0 0.250996)
(39.7397 0 0.206511)
(39.7426 0 0.167334)
(39.7517 0 0.134125)
(39.7663 0 0.105986)
(39.7848 0 0.08299)
(39.8049 0 0.0644633)
(39.8228 0 0.0505227)
(39.8376 0 0.0370825)
(39.8498 0 0.026259)
(39.8584 0 0.0188314)
(39.8614 0 0.0151106)
(39.8612 0 0.009512)
(39.8572 0 0.00825299)
(39.8489 0 0.00179829)
(39.839 0 -0.00290998)
(39.8279 0 -0.011459)
(39.8197 0 -0.0193102)
(39.8155 0 -0.0218326)
(39.8133 0 -0.0181733)
(39.8097 0 -0.00885943)
(39.8059 0 -0.00093988)
(39.8063 0 0.00802041)
(39.8073 0 0.0182594)
(39.8093 0 0.0195074)
(39.8118 0 0.0215701)
(39.8115 0 0.0144967)
(39.8116 0 0.00553632)
(39.8114 0 -0.00742185)
(39.8123 0 -0.0182805)
(39.8131 0 -0.0267011)
(39.814 0 -0.0301441)
(39.815 0 -0.0284853)
(39.8158 0 -0.0225003)
(39.8166 0 -0.0132376)
(39.8175 0 -0.0023788)
(39.8185 0 0.00842788)
(39.8185 0 0.0165879)
(39.8213 0 0.0257121)
(40.137 0 0.801053)
(40.087 0 0.765795)
(40.0385 0 0.724154)
(39.9927 0 0.676386)
(39.9513 0 0.623629)
(39.9154 0 0.567543)
(39.8846 0 0.510232)
(39.8582 0 0.453667)
(39.8352 0 0.399236)
(39.8151 0 0.347529)
(39.7979 0 0.298639)
(39.7847 0 0.252429)
(39.7772 0 0.209177)
(39.7765 0 0.169921)
(39.7827 0 0.135297)
(39.7949 0 0.105703)
(39.8117 0 0.0813536)
(39.8306 0 0.0620539)
(39.8481 0 0.0476593)
(39.8629 0 0.0350844)
(39.8752 0 0.0253796)
(39.8837 0 0.0190625)
(39.8872 0 0.0161116)
(39.8874 0 0.0120454)
(39.8839 0 0.0117607)
(39.8761 0 0.00714147)
(39.8666 0 0.00330005)
(39.8558 0 -0.00448754)
(39.8475 0 -0.0125806)
(39.843 0 -0.0164089)
(39.8403 0 -0.0148378)
(39.8363 0 -0.00817611)
(39.8322 0 -0.00261425)
(39.8321 0 0.00436186)
(39.8326 0 0.0134425)
(39.834 0 0.0147031)
(39.8357 0 0.0176714)
(39.8346 0 0.0122609)
(39.8336 0 0.0051309)
(39.8321 0 -0.00632324)
(39.8316 0 -0.0162459)
(39.8307 0 -0.024586)
(39.8299 0 -0.0287941)
(39.8291 0 -0.0284422)
(39.8279 0 -0.0240555)
(39.8266 0 -0.0163923)
(39.8253 0 -0.00674477)
(39.824 0 0.00331709)
(39.8221 0 0.0114724)
(39.8202 0 0.0211995)
(40.1994 0 0.670492)
(40.1559 0 0.64898)
(40.112 0 0.622554)
(40.0689 0 0.591058)
(40.0276 0 0.554794)
(39.9891 0 0.514537)
(39.9538 0 0.471412)
(39.9215 0 0.426704)
(39.8923 0 0.381492)
(39.8662 0 0.336643)
(39.8439 0 0.292669)
(39.8262 0 0.249903)
(39.8146 0 0.208784)
(39.8101 0 0.170267)
(39.8128 0 0.135487)
(39.8221 0 0.104918)
(39.8365 0 0.079281)
(39.8535 0 0.0589494)
(39.8702 0 0.0437604)
(39.8846 0 0.0315911)
(39.8966 0 0.0227868)
(39.9051 0 0.0175169)
(39.909 0 0.0153847)
(39.9097 0 0.0129528)
(39.9068 0 0.0137171)
(39.8999 0 0.0110463)
(39.8911 0 0.00836532)
(39.881 0 0.0018091)
(39.873 0 -0.00594664)
(39.8684 0 -0.0105868)
(39.8655 0 -0.0106946)
(39.8616 0 -0.0064069)
(39.8575 0 -0.00315316)
(39.8573 0 0.0016528)
(39.8577 0 0.00922748)
(39.859 0 0.0101605)
(39.8604 0 0.0136618)
(39.859 0 0.00970874)
(39.8575 0 0.00433293)
(39.8553 0 -0.0054409)
(39.8539 0 -0.0141111)
(39.8521 0 -0.0219247)
(39.8503 0 -0.0264267)
(39.8483 0 -0.0269985)
(39.846 0 -0.0239755)
(39.8434 0 -0.0178553)
(39.8409 0 -0.00966948)
(39.8381 0 -0.000743379)
(39.835 0 0.00690338)
(39.8305 0 0.0164157)
(40.2365 0 0.54191)
(40.2004 0 0.530987)
(40.163 0 0.516623)
(40.1248 0 0.498366)
(40.0868 0 0.476077)
(40.0495 0 0.449868)
(40.0134 0 0.420196)
(39.9789 0 0.387602)
(39.9463 0 0.352749)
(39.9164 0 0.316322)
(39.8901 0 0.278908)
(39.8686 0 0.241059)
(39.853 0 0.203489)
(39.8445 0 0.167228)
(39.8434 0 0.133275)
(39.8491 0 0.102832)
(39.8604 0 0.0768634)
(39.8748 0 0.055988)
(39.8898 0 0.0402838)
(39.9034 0 0.0284332)
(39.9148 0 0.0203133)
(39.9231 0 0.0158151)
(39.9273 0 0.0142818)
(39.9285 0 0.0131272)
(39.9262 0 0.0146938)
(39.9203 0 0.01374)
(39.9124 0 0.0122726)
(39.9031 0 0.00711981)
(39.8955 0 0.000109434)
(39.891 0 -0.0048684)
(39.8882 0 -0.00625625)
(39.8844 0 -0.00406486)
(39.8806 0 -0.00292015)
(39.8804 0 -0.000330332)
(39.8811 0 0.00555783)
(39.8825 0 0.00599001)
(39.8839 0 0.00974233)
(39.8825 0 0.00707449)
(39.8809 0 0.00338924)
(39.8785 0 -0.00458414)
(39.8767 0 -0.0117449)
(39.8745 0 -0.0186719)
(39.8721 0 -0.0230768)
(39.8696 0 -0.0242223)
(39.8666 0 -0.0223427)
(39.8634 0 -0.0177419)
(39.8602 0 -0.0110671)
(39.8567 0 -0.00355723)
(39.853 0 0.00312503)
(39.8472 0 0.0116525)
(40.2502 0 0.420476)
(40.2221 0 0.416898)
(40.1921 0 0.411213)
(40.1606 0 0.402864)
(40.1281 0 0.391461)
(40.0948 0 0.376767)
(40.0611 0 0.358734)
(40.0275 0 0.337419)
(39.9946 0 0.313018)
(39.9634 0 0.285844)
(39.9349 0 0.256305)
(39.9106 0 0.224965)
(39.8919 0 0.19255)
(39.8798 0 0.160015)
(39.8747 0 0.12873)
(39.8765 0 0.099828)
(39.8841 0 0.0744818)
(39.8954 0 0.0537166)
(39.908 0 0.0378394)
(39.9202 0 0.0262076)
(39.9306 0 0.0185624)
(39.9384 0 0.0145964)
(39.9427 0 0.0135035)
(39.9442 0 0.0133852)
(39.9426 0 0.0155445)
(39.9376 0 0.0159847)
(39.9306 0 0.015592)
(39.9223 0 0.0118182)
(39.9152 0 0.00570335)
(39.9109 0 0.000596958)
(39.9081 0 -0.00181269)
(39.9046 0 -0.00146667)
(39.9012 0 -0.00227242)
(39.9011 0 -0.00185106)
(39.902 0 0.00225095)
(39.9037 0 0.00206296)
(39.9053 0 0.00587049)
(39.9041 0 0.00434199)
(39.9026 0 0.00224559)
(39.9003 0 -0.00387827)
(39.8985 0 -0.0094141)
(39.8961 0 -0.0152293)
(39.8936 0 -0.0192699)
(39.8908 0 -0.020756)
(39.8876 0 -0.0198487)
(39.8843 0 -0.0166637)
(39.8808 0 -0.0116119)
(39.877 0 -0.00564567)
(39.8731 0 -0.000136171)
(39.8669 0 0.00709462)
(40.2436 0 0.310626)
(40.2231 0 0.311445)
(40.2007 0 0.311227)
(40.1767 0 0.309452)
(40.1509 0 0.305684)
(40.1235 0 0.299543)
(40.0947 0 0.290717)
(40.0648 0 0.278938)
(40.0344 0 0.26406)
(40.0045 0 0.246039)
(39.9762 0 0.224993)
(39.9511 0 0.201248)
(39.9304 0 0.175382)
(39.9153 0 0.148402)
(39.9067 0 0.121311)
(39.9046 0 0.0953892)
(39.9081 0 0.0720045)
(39.9157 0 0.0523096)
(39.9254 0 0.0369304)
(39.9354 0 0.0257093)
(39.9444 0 0.0184097)
(39.9513 0 0.0146627)
(39.9554 0 0.0136677)
(39.9571 0 0.0140498)
(39.9559 0 0.016355)
(39.9518 0 0.0176561)
(39.9457 0 0.0180056)
(39.9383 0 0.0153786)
(39.9319 0 0.0101588)
(39.9277 0 0.00514145)
(39.925 0 0.00194098)
(39.9218 0 0.000727849)
(39.9186 0 -0.00172003)
(39.9187 0 -0.00316428)
(39.9198 0 -0.000807576)
(39.9218 0 -0.0015627)
(39.9235 0 0.00216464)
(39.9228 0 0.00167635)
(39.9215 0 0.00104602)
(39.9194 0 -0.0032409)
(39.9177 0 -0.00710853)
(39.9155 0 -0.0116743)
(39.913 0 -0.0151632)
(39.9103 0 -0.0167961)
(39.9072 0 -0.0166806)
(39.9039 0 -0.0147912)
(39.9004 0 -0.011239)
(39.8968 0 -0.00685766)
(39.8929 0 -0.00266236)
(39.887 0 0.00296223)
(40.2229 0 0.217065)
(40.2088 0 0.219985)
(40.1931 0 0.222592)
(40.1759 0 0.224487)
(40.1568 0 0.2253)
(40.136 0 0.224668)
(40.1132 0 0.222214)
(40.0887 0 0.217557)
(40.0629 0 0.210351)
(40.0366 0 0.200326)
(40.0108 0 0.187333)
(39.9867 0 0.171426)
(39.9658 0 0.152986)
(39.9492 0 0.132527)
(39.938 0 0.110982)
(39.9325 0 0.089489)
(39.9322 0 0.0693689)
(39.936 0 0.0518171)
(39.9423 0 0.0376288)
(39.9497 0 0.0270354)
(39.9568 0 0.019988)
(39.9626 0 0.0162103)
(39.9663 0 0.0150375)
(39.9678 0 0.0155046)
(39.9669 0 0.0175994)
(39.9635 0 0.0192403)
(39.9583 0 0.0199455)
(39.9518 0 0.0181347)
(39.9459 0 0.0136903)
(39.9419 0 0.00880795)
(39.9392 0 0.00503935)
(39.9361 0 0.00260448)
(39.9332 0 -0.00111391)
(39.9333 0 -0.00406935)
(39.9345 0 -0.00325299)
(39.9367 0 -0.00449146)
(39.9386 0 -0.00093735)
(39.9382 0 -0.000570862)
(39.9372 0 2.58418e-05)
(39.9354 0 -0.00260899)
(39.934 0 -0.00497459)
(39.9319 0 -0.00835429)
(39.9296 0 -0.0112691)
(39.9271 0 -0.0129803)
(39.9241 0 -0.0135456)
(39.921 0 -0.0128108)
(39.9178 0 -0.0107187)
(39.9143 0 -0.00782846)
(39.9107 0 -0.00489781)
(39.9053 0 -0.000804084)
(40.1933 0 0.14302)
(40.1844 0 0.146576)
(40.1741 0 0.150223)
(40.1626 0 0.153692)
(40.1495 0 0.156724)
(40.1346 0 0.159047)
(40.1179 0 0.160341)
(40.0993 0 0.160254)
(40.079 0 0.15841)
(40.0576 0 0.154438)
(40.0358 0 0.148035)
(40.0146 0 0.139057)
(39.9953 0 0.127464)
(39.979 0 0.113588)
(39.9667 0 0.0979872)
(39.9589 0 0.0815978)
(39.9555 0 0.0654937)
(39.9558 0 0.0507799)
(39.9588 0 0.0383056)
(39.9634 0 0.0285776)
(39.9683 0 0.0217989)
(39.9725 0 0.017865)
(39.9754 0 0.0163191)
(39.9766 0 0.0164811)
(39.9757 0 0.0180674)
(39.9728 0 0.0196059)
(39.9683 0 0.0203828)
(39.9626 0 0.0191277)
(39.9572 0 0.0154472)
(39.9533 0 0.0109348)
(39.9505 0 0.00694991)
(39.9476 0 0.00375636)
(39.9449 0 -0.000700265)
(39.9449 0 -0.00466101)
(39.9461 0 -0.0050872)
(39.9484 0 -0.00665648)
(39.9504 0 -0.0033642)
(39.9504 0 -0.00240728)
(39.9497 0 -0.000880788)
(39.9483 0 -0.00217281)
(39.9471 0 -0.00327865)
(39.9453 0 -0.00559721)
(39.9433 0 -0.00794091)
(39.941 0 -0.00962394)
(39.9383 0 -0.0106841)
(39.9355 0 -0.0108769)
(39.9326 0 -0.00992624)
(39.9296 0 -0.00830999)
(39.9262 0 -0.00649418)
(39.9217 0 -0.00380979)
(40.1601 0 0.087226)
(40.1549 0 0.0905114)
(40.1488 0 0.0940814)
(40.1418 0 0.0977668)
(40.1335 0 0.10141)
(40.1239 0 0.104834)
(40.1125 0 0.107816)
(40.0995 0 0.110085)
(40.0848 0 0.111328)
(40.0687 0 0.111206)
(40.0517 0 0.109389)
(40.0345 0 0.105574)
(40.0182 0 0.0996277)
(40.0035 0 0.0915462)
(39.9914 0 0.0816715)
(39.9824 0 0.0705294)
(39.9767 0 0.0589136)
(39.9742 0 0.0476518)
(39.9742 0 0.0375505)
(39.976 0 0.0292383)
(39.9785 0 0.0231007)
(39.981 0 0.0192109)
(39.9828 0 0.01735)
(39.9834 0 0.0170794)
(39.9825 0 0.0180532)
(39.9799 0 0.0192355)
(39.976 0 0.0198781)
(39.9711 0 0.0189713)
(39.9663 0 0.0159801)
(39.9625 0 0.011968)
(39.9598 0 0.00807169)
(39.9569 0 0.00457113)
(39.9543 0 -0.00015344)
(39.9541 0 -0.00463859)
(39.9553 0 -0.0059806)
(39.9575 0 -0.00778486)
(39.9595 0 -0.0048864)
(39.9598 0 -0.00362628)
(39.9594 0 -0.00155498)
(39.9583 0 -0.00187353)
(39.9574 0 -0.0020627)
(39.956 0 -0.00352784)
(39.9542 0 -0.00536225)
(39.9523 0 -0.00695736)
(39.95 0 -0.0083376)
(39.9475 0 -0.00919909)
(39.945 0 -0.00917153)
(39.9423 0 -0.00852574)
(39.9393 0 -0.00757926)
(39.9357 0 -0.00599266)
(40.1283 0 0.0485466)
(40.1254 0 0.0512069)
(40.1219 0 0.0541854)
(40.1177 0 0.0573793)
(40.1127 0 0.0607057)
(40.1067 0 0.0640718)
(40.0995 0 0.067349)
(40.0909 0 0.0703689)
(40.0808 0 0.0729178)
(40.0695 0 0.0747364)
(40.0572 0 0.0755402)
(40.0444 0 0.0750597)
(40.0316 0 0.0730465)
(40.0197 0 0.0694204)
(40.0092 0 0.0641886)
(40.0006 0 0.0576266)
(39.9943 0 0.0501449)
(39.9903 0 0.0423338)
(39.9883 0 0.0348301)
(39.9879 0 0.0282462)
(39.9885 0 0.0230121)
(39.9893 0 0.0193483)
(39.9898 0 0.0172502)
(39.9896 0 0.0165154)
(39.9884 0 0.0168509)
(39.9859 0 0.0175651)
(39.9823 0 0.0179968)
(39.9779 0 0.0173599)
(39.9735 0 0.0150921)
(39.9698 0 0.0117956)
(39.9669 0 0.00832942)
(39.964 0 0.00492082)
(39.9615 0 0.000357741)
(39.9611 0 -0.00421891)
(39.9621 0 -0.00621284)
(39.9642 0 -0.00818632)
(39.9661 0 -0.00587223)
(39.9666 0 -0.00459795)
(39.9665 0 -0.00236998)
(39.9657 0 -0.00206984)
(39.9651 0 -0.00164623)
(39.9641 0 -0.00240969)
(39.9626 0 -0.00372602)
(39.961 0 -0.0050897)
(39.959 0 -0.00651917)
(39.9568 0 -0.00769469)
(39.9546 0 -0.00815816)
(39.9524 0 -0.00814989)
(39.9498 0 -0.00782427)
(39.947 0 -0.00707048)
(40.0993 0 0.0231705)
(40.0981 0 0.0251742)
(40.0965 0 0.0274635)
(40.0946 0 0.0299687)
(40.092 0 0.0326478)
(40.0888 0 0.0354583)
(40.0845 0 0.0383359)
(40.0793 0 0.0411895)
(40.0729 0 0.0438937)
(40.0655 0 0.0462822)
(40.0572 0 0.0481597)
(40.0482 0 0.0493094)
(40.0391 0 0.0495362)
(40.0301 0 0.0486661)
(40.0218 0 0.0466403)
(40.0144 0 0.0434878)
(40.0082 0 0.0394161)
(40.0035 0 0.0347347)
(40.0001 0 0.0298777)
(39.998 0 0.0252741)
(39.9967 0 0.021303)
(39.9959 0 0.0182561)
(39.9951 0 0.0162728)
(39.9941 0 0.0153184)
(39.9924 0 0.0152089)
(39.9899 0 0.015528)
(39.9867 0 0.0157607)
(39.9828 0 0.0153079)
(39.9788 0 0.0136645)
(39.9754 0 0.0110768)
(39.9725 0 0.00815463)
(39.9697 0 0.00503687)
(39.9674 0 0.000858422)
(39.9668 0 -0.0035594)
(39.9676 0 -0.0059888)
(39.9694 0 -0.00810525)
(39.9713 0 -0.00645649)
(39.9719 0 -0.00536287)
(39.9721 0 -0.00323442)
(39.9716 0 -0.002561)
(39.9713 0 -0.00173496)
(39.9706 0 -0.00189389)
(39.9695 0 -0.0026644)
(39.9682 0 -0.00366017)
(39.9665 0 -0.00491085)
(39.9647 0 -0.00611673)
(39.9629 0 -0.00683679)
(39.9611 0 -0.00718527)
(39.9588 0 -0.00727302)
(39.9568 0 -0.00713508)
(40.0756 0 0.0070312)
(40.075 0 0.00838274)
(40.0743 0 0.00995795)
(40.0734 0 0.0117088)
(40.0722 0 0.0136183)
(40.0705 0 0.0156764)
(40.0682 0 0.0178598)
(40.0653 0 0.0201311)
(40.0615 0 0.0224304)
(40.0569 0 0.0246687)
(40.0517 0 0.0267334)
(40.0458 0 0.028485)
(40.0397 0 0.0297782)
(40.0334 0 0.0304803)
(40.0274 0 0.0304767)
(40.0217 0 0.0297354)
(40.0166 0 0.0282634)
(40.0123 0 0.0261883)
(40.0087 0 0.023698)
(40.0059 0 0.021038)
(40.0038 0 0.0185023)
(40.002 0 0.0163562)
(40.0003 0 0.0147866)
(39.9985 0 0.0138496)
(39.9964 0 0.0135069)
(39.9938 0 0.0135285)
(39.9906 0 0.0135767)
(39.987 0 0.0132283)
(39.9833 0 0.0120753)
(39.98 0 0.0101284)
(39.977 0 0.00775075)
(39.9743 0 0.00501332)
(39.972 0 0.00132091)
(39.9712 0 -0.0027547)
(39.9717 0 -0.00543444)
(39.9733 0 -0.00765132)
(39.975 0 -0.0067148)
(39.9758 0 -0.00594303)
(39.9761 0 -0.00410802)
(39.976 0 -0.00326582)
(39.976 0 -0.00222688)
(39.9756 0 -0.00187335)
(39.9748 0 -0.00211737)
(39.9738 0 -0.00265185)
(39.9725 0 -0.00356176)
(39.971 0 -0.00459809)
(39.9695 0 -0.00531007)
(39.968 0 -0.00583108)
(39.966 0 -0.00619978)
(39.9648 0 -0.00654236)
(40.0563 0 -0.00201088)
(40.0561 0 -0.00119148)
(40.0559 0 -0.000223775)
(40.0556 0 0.000861064)
(40.055 0 0.00206145)
(40.0542 0 0.00338688)
(40.053 0 0.00484169)
(40.0514 0 0.0064247)
(40.0493 0 0.00811764)
(40.0467 0 0.00988399)
(40.0436 0 0.0116671)
(40.0402 0 0.0133882)
(40.0365 0 0.0149574)
(40.0326 0 0.0162724)
(40.0287 0 0.0172454)
(40.0248 0 0.017791)
(40.0211 0 0.0178714)
(40.0177 0 0.0174862)
(40.0145 0 0.0166903)
(40.0116 0 0.0156147)
(40.009 0 0.0144288)
(40.0065 0 0.0133123)
(40.0041 0 0.0124062)
(40.0016 0 0.0118211)
(39.999 0 0.0115657)
(39.9962 0 0.011544)
(39.9931 0 0.0115515)
(39.9898 0 0.0113163)
(39.9865 0 0.010483)
(39.9834 0 0.00902737)
(39.9806 0 0.00709149)
(39.9781 0 0.00472395)
(39.976 0 0.00152102)
(39.9751 0 -0.00212359)
(39.9754 0 -0.00487375)
(39.9767 0 -0.00709618)
(39.9782 0 -0.00677055)
(39.9791 0 -0.00630955)
(39.9797 0 -0.00480776)
(39.9798 0 -0.00389112)
(39.9801 0 -0.00273759)
(39.98 0 -0.00197135)
(39.9796 0 -0.00173437)
(39.9789 0 -0.00180178)
(39.9779 0 -0.00231719)
(39.9768 0 -0.00309268)
(39.9756 0 -0.00373903)
(39.9745 0 -0.00432289)
(39.9728 0 -0.0048824)
(39.9722 0 -0.0056429)
(40.0413 0 -0.00702888)
(40.0412 0 -0.00663499)
(40.0411 0 -0.00615217)
(40.041 0 -0.00559885)
(40.0408 0 -0.00496804)
(40.0404 0 -0.00424373)
(40.0398 0 -0.00341103)
(40.039 0 -0.00245646)
(40.0378 0 -0.0013757)
(40.0364 0 -0.000173809)
(40.0346 0 0.00112978)
(40.0326 0 0.00250145)
(40.0304 0 0.00389481)
(40.0281 0 0.00525175)
(40.0258 0 0.00650995)
(40.0234 0 0.00760596)
(40.0211 0 0.00848715)
(40.0187 0 0.00911618)
(40.0163 0 0.00948923)
(40.0139 0 0.00963777)
(40.0115 0 0.00961781)
(40.009 0 0.00949959)
(40.0065 0 0.00937968)
(40.004 0 0.00932278)
(40.0013 0 0.00935958)
(39.9985 0 0.00945377)
(39.9956 0 0.00950254)
(39.9925 0 0.0092937)
(39.9895 0 0.00867975)
(39.9866 0 0.00758138)
(39.984 0 0.0060558)
(39.9816 0 0.00409164)
(39.9797 0 0.00144309)
(39.9787 0 -0.0016397)
(39.9788 0 -0.00421528)
(39.9799 0 -0.00629711)
(39.9812 0 -0.00643621)
(39.9821 0 -0.00625211)
(39.9828 0 -0.00511667)
(39.9832 0 -0.00426275)
(39.9838 0 -0.00314707)
(39.9841 0 -0.00214503)
(39.9839 0 -0.0015812)
(39.9836 0 -0.00129567)
(39.9829 0 -0.00147365)
(39.9821 0 -0.00199138)
(39.9812 0 -0.00251219)
(39.9803 0 -0.00311597)
(39.9789 0 -0.00381398)
(39.9788 0 -0.00488656)
(40.0301 0 -0.00889122)
(40.03 0 -0.00878414)
(40.0299 0 -0.00862328)
(40.0297 0 -0.00842417)
(40.0294 0 -0.00818193)
(40.029 0 -0.00788409)
(40.0285 0 -0.00751564)
(40.0279 0 -0.00706094)
(40.0272 0 -0.00650755)
(40.0264 0 -0.00584747)
(40.0255 0 -0.00507999)
(40.0245 0 -0.00421176)
(40.0235 0 -0.00325619)
(40.0225 0 -0.00223434)
(40.0214 0 -0.00117156)
(40.0203 0 -9.97357e-05)
(40.0191 0 0.000950226)
(40.0178 0 0.00194557)
(40.0163 0 0.00286465)
(40.0146 0 0.0036895)
(40.0126 0 0.00441276)
(40.0105 0 0.00505161)
(40.0081 0 0.00562544)
(40.0056 0 0.00614896)
(40.0029 0 0.006625)
(40.0002 0 0.00702148)
(39.9975 0 0.00724115)
(39.9947 0 0.00723186)
(39.9919 0 0.00689526)
(39.9893 0 0.00616897)
(39.9869 0 0.00502319)
(39.9848 0 0.0034583)
(39.9831 0 0.00133543)
(39.9822 0 -0.00120584)
(39.9821 0 -0.00351292)
(39.9829 0 -0.00542168)
(39.9841 0 -0.00591238)
(39.985 0 -0.00599602)
(39.9858 0 -0.00524574)
(39.9865 0 -0.00455596)
(39.9872 0 -0.00358669)
(39.9878 0 -0.0025072)
(39.9879 0 -0.00173769)
(39.9879 0 -0.00118271)
(39.9875 0 -0.00106057)
(39.9869 0 -0.00130754)
(39.9863 0 -0.0016732)
(39.9856 0 -0.00220553)
(39.9845 0 -0.00292717)
(39.9847 0 -0.00418337)
(40.0219 0 -0.00945879)
(40.022 0 -0.00952)
(40.0222 0 -0.00951415)
(40.0223 0 -0.00946159)
(40.0224 0 -0.00936663)
(40.0224 0 -0.00922914)
(40.0222 0 -0.00904568)
(40.0218 0 -0.00881261)
(40.0214 0 -0.00852445)
(40.0207 0 -0.00817775)
(40.02 0 -0.00776723)
(40.0192 0 -0.00729064)
(40.0185 0 -0.00674393)
(40.0178 0 -0.00612623)
(40.0171 0 -0.00543537)
(40.0164 0 -0.00467251)
(40.0158 0 -0.00384084)
(40.015 0 -0.00294893)
(40.0141 0 -0.00200886)
(40.013 0 -0.00104093)
(40.0117 0 -6.4993e-05)
(40.0102 0 0.000900015)
(40.0084 0 0.0018225)
(40.0064 0 0.00268061)
(40.0043 0 0.00343759)
(40.0021 0 0.00403735)
(39.9998 0 0.00446369)
(39.9974 0 0.00467653)
(39.995 0 0.00461511)
(39.9927 0 0.004215)
(39.9905 0 0.00345533)
(39.9886 0 0.0023219)
(39.987 0 0.000760316)
(39.9861 0 -0.00116511)
(39.9859 0 -0.00304566)
(39.9864 0 -0.00465244)
(39.9873 0 -0.00530965)
(39.9882 0 -0.005558)
(39.989 0 -0.00514746)
(39.9898 0 -0.00466031)
(39.9907 0 -0.00389345)
(39.9914 0 -0.00286278)
(39.9918 0 -0.00202297)
(39.992 0 -0.00131735)
(39.9918 0 -0.000966277)
(39.9914 0 -0.000985921)
(39.991 0 -0.0011764)
(39.9905 0 -0.00160219)
(39.9895 0 -0.00228608)
(39.9899 0 -0.00360358)
(40.0157 0 -0.00971201)
(40.0157 0 -0.00987364)
(40.0157 0 -0.00998745)
(40.0158 0 -0.0100672)
(40.0158 0 -0.0101137)
(40.0159 0 -0.0101241)
(40.016 0 -0.010094)
(40.016 0 -0.01002)
(40.016 0 -0.00989768)
(40.016 0 -0.00972444)
(40.0158 0 -0.00949651)
(40.0157 0 -0.00921165)
(40.0154 0 -0.00886513)
(40.0152 0 -0.00845249)
(40.0149 0 -0.00796706)
(40.0145 0 -0.00740189)
(40.0141 0 -0.00675061)
(40.0135 0 -0.00600881)
(40.0129 0 -0.00517815)
(40.012 0 -0.00426719)
(40.011 0 -0.00328998)
(40.0097 0 -0.00227838)
(40.0083 0 -0.00126068)
(40.0067 0 -0.000280123)
(40.005 0 0.000620563)
(40.0031 0 0.00141197)
(40.0012 0 0.00206764)
(39.9992 0 0.00253132)
(39.9972 0 0.00275383)
(39.9952 0 0.0026824)
(39.9933 0 0.00228732)
(39.9917 0 0.00156756)
(39.9904 0 0.000461862)
(39.9896 0 -0.000975167)
(39.9893 0 -0.00250846)
(39.9897 0 -0.00389875)
(39.9904 0 -0.00470687)
(39.9912 0 -0.00515235)
(39.9921 0 -0.00508781)
(39.9929 0 -0.00484992)
(39.9939 0 -0.00432)
(39.9947 0 -0.00341838)
(39.9953 0 -0.00256718)
(39.9956 0 -0.00175093)
(39.9956 0 -0.00118887)
(39.9954 0 -0.000963012)
(39.9951 0 -0.000948004)
(39.9948 0 -0.00118868)
(39.9939 0 -0.00173416)
(39.9944 0 -0.00299465)
(40.0107 0 -0.00969005)
(40.0108 0 -0.00991629)
(40.011 0 -0.0101258)
(40.0112 0 -0.010328)
(40.0115 0 -0.0105198)
(40.0118 0 -0.0106936)
(40.0121 0 -0.0108413)
(40.0122 0 -0.0109535)
(40.0123 0 -0.0110219)
(40.0123 0 -0.0110381)
(40.0123 0 -0.010995)
(40.0121 0 -0.0108857)
(40.012 0 -0.0107041)
(40.0118 0 -0.0104434)
(40.0116 0 -0.0100971)
(40.0113 0 -0.00965816)
(40.011 0 -0.00912137)
(40.0107 0 -0.00848152)
(40.0103 0 -0.00774099)
(40.0098 0 -0.00690317)
(40.0091 0 -0.00598405)
(40.0084 0 -0.00500057)
(40.0075 0 -0.00398463)
(40.0065 0 -0.00296228)
(40.0053 0 -0.00197262)
(40.0041 0 -0.00104127)
(40.0027 0 -0.000230118)
(40.0012 0 0.000423554)
(39.9997 0 0.000860913)
(39.9981 0 0.00104669)
(39.9966 0 0.00095494)
(39.9952 0 0.000549742)
(39.994 0 -0.000190808)
(39.9932 0 -0.00123913)
(39.9929 0 -0.002429)
(39.993 0 -0.00357346)
(39.9935 0 -0.0043816)
(39.9941 0 -0.00490515)
(39.9948 0 -0.00505039)
(39.9956 0 -0.00498228)
(39.9966 0 -0.00462108)
(39.9974 0 -0.00385944)
(39.9981 0 -0.00304437)
(39.9986 0 -0.00218238)
(39.9987 0 -0.00148168)
(39.9986 0 -0.00107391)
(39.9984 0 -0.000878028)
(39.9982 0 -0.000951662)
(39.9975 0 -0.00134522)
(39.9979 0 -0.00247907)
(40.0077 0 -0.00907673)
(40.0076 0 -0.00935473)
(40.0076 0 -0.00962134)
(40.0076 0 -0.00988089)
(40.0076 0 -0.0101278)
(40.0077 0 -0.0103538)
(40.0079 0 -0.0105503)
(40.008 0 -0.0107089)
(40.0082 0 -0.0108228)
(40.0084 0 -0.0108857)
(40.0085 0 -0.0108935)
(40.0086 0 -0.0108419)
(40.0086 0 -0.0107277)
(40.0086 0 -0.0105472)
(40.0086 0 -0.0102969)
(40.0085 0 -0.00997282)
(40.0084 0 -0.00957221)
(40.0083 0 -0.00909245)
(40.0081 0 -0.00853358)
(40.0078 0 -0.00789716)
(40.0075 0 -0.00719018)
(40.0071 0 -0.00642179)
(40.0066 0 -0.00560705)
(40.0059 0 -0.0047646)
(40.0052 0 -0.00391181)
(40.0044 0 -0.00308749)
(40.0034 0 -0.00231194)
(40.0024 0 -0.00164162)
(40.0012 0 -0.00110464)
(40 0 -0.000755011)
(39.9988 0 -0.000634399)
(39.9977 0 -0.000781696)
(39.9968 0 -0.00121448)
(39.9961 0 -0.00190181)
(39.9958 0 -0.00275494)
(39.9958 0 -0.00361915)
(39.9961 0 -0.00434069)
(39.9966 0 -0.00486693)
(39.9972 0 -0.00511558)
(39.998 0 -0.00514957)
(39.9989 0 -0.00490274)
(39.9997 0 -0.00426794)
(40.0004 0 -0.00349781)
(40.001 0 -0.00261458)
(40.0012 0 -0.00181172)
(40.0012 0 -0.00124477)
(40.0011 0 -0.000885752)
(40.001 0 -0.000783676)
(40.0004 0 -0.00100049)
(40.0008 0 -0.00198972)
(40.0056 0 -0.0083205)
(40.0057 0 -0.00856075)
(40.0058 0 -0.0087796)
(40.0059 0 -0.00898974)
(40.006 0 -0.0091927)
(40.0061 0 -0.0093852)
(40.0062 0 -0.00956266)
(40.0063 0 -0.00971887)
(40.0064 0 -0.00984795)
(40.0064 0 -0.00994334)
(40.0065 0 -0.00999983)
(40.0065 0 -0.010012)
(40.0065 0 -0.00997622)
(40.0065 0 -0.00988852)
(40.0065 0 -0.00974648)
(40.0066 0 -0.00954737)
(40.0066 0 -0.00928882)
(40.0065 0 -0.00896854)
(40.0065 0 -0.00858512)
(40.0064 0 -0.00813785)
(40.0063 0 -0.00762809)
(40.0061 0 -0.00705889)
(40.0059 0 -0.0064386)
(40.0056 0 -0.00577663)
(40.0052 0 -0.00509327)
(40.0047 0 -0.00439605)
(40.0041 0 -0.00372228)
(40.0034 0 -0.003089)
(40.0026 0 -0.00255718)
(40.0018 0 -0.00216325)
(40.001 0 -0.0019574)
(40.0001 0 -0.00196045)
(39.9994 0 -0.00218342)
(39.9988 0 -0.00261644)
(39.9985 0 -0.00318728)
(39.9984 0 -0.00383338)
(39.9985 0 -0.00443027)
(39.9988 0 -0.0048933)
(39.9992 0 -0.00514713)
(39.9998 0 -0.00520232)
(40.0006 0 -0.0050088)
(40.0013 0 -0.00448488)
(40.002 0 -0.0037853)
(40.0026 0 -0.00294162)
(40.0029 0 -0.00211569)
(40.003 0 -0.00146612)
(40.003 0 -0.000992987)
(40.0029 0 -0.000760304)
(40.0025 0 -0.000826647)
(40.0029 0 -0.00163446)
(40.0038 0 -0.00733494)
(40.0037 0 -0.0075738)
(40.0037 0 -0.00779833)
(40.0037 0 -0.00801458)
(40.0037 0 -0.00822228)
(40.0037 0 -0.00841853)
(40.0038 0 -0.0086001)
(40.004 0 -0.00876314)
(40.0041 0 -0.00890439)
(40.0043 0 -0.00902028)
(40.0044 0 -0.00910799)
(40.0046 0 -0.00916441)
(40.0047 0 -0.00918711)
(40.0049 0 -0.00917329)
(40.005 0 -0.00912044)
(40.0051 0 -0.00902581)
(40.0052 0 -0.00888709)
(40.0053 0 -0.00870199)
(40.0054 0 -0.00846791)
(40.0054 0 -0.00818294)
(40.0054 0 -0.00784578)
(40.0054 0 -0.00745648)
(40.0053 0 -0.00701749)
(40.0052 0 -0.00653391)
(40.005 0 -0.00601474)
(40.0048 0 -0.00547471)
(40.0044 0 -0.00492796)
(40.0041 0 -0.00440964)
(40.0036 0 -0.00393669)
(40.0031 0 -0.00355578)
(40.0026 0 -0.00328224)
(40.002 0 -0.00314784)
(40.0015 0 -0.00316868)
(40.001 0 -0.00333807)
(40.0007 0 -0.00364297)
(40.0005 0 -0.00403)
(40.0005 0 -0.00440616)
(40.0006 0 -0.00470031)
(40.001 0 -0.00486587)
(40.0014 0 -0.00488141)
(40.0021 0 -0.0047059)
(40.0027 0 -0.00427512)
(40.0034 0 -0.00366419)
(40.004 0 -0.00290011)
(40.0043 0 -0.00210872)
(40.0045 0 -0.00143618)
(40.0045 0 -0.000917787)
(40.0045 0 -0.000605691)
(40.0041 0 -0.000568113)
(40.0045 0 -0.00126516)
(40.0035 0 -0.00636023)
(40.0035 0 -0.00661448)
(40.0036 0 -0.0068577)
(40.0036 0 -0.00709108)
(40.0037 0 -0.00731302)
(40.0038 0 -0.00752161)
(40.0039 0 -0.00771462)
(40.004 0 -0.00789064)
(40.004 0 -0.00804813)
(40.004 0 -0.00818638)
(40.004 0 -0.0083044)
(40.0041 0 -0.00840169)
(40.0041 0 -0.00847705)
(40.0042 0 -0.00852929)
(40.0042 0 -0.00855638)
(40.0043 0 -0.00855582)
(40.0044 0 -0.00852394)
(40.0045 0 -0.00845706)
(40.0046 0 -0.00835049)
(40.0046 0 -0.00820047)
(40.0047 0 -0.00800291)
(40.0047 0 -0.00775619)
(40.0048 0 -0.00745916)
(40.0048 0 -0.00711454)
(40.0048 0 -0.00672883)
(40.0047 0 -0.00631102)
(40.0046 0 -0.00587949)
(40.0045 0 -0.00543746)
(40.0043 0 -0.0050143)
(40.004 0 -0.00461541)
(40.0037 0 -0.00428198)
(40.0034 0 -0.00403245)
(40.003 0 -0.00389282)
(40.0027 0 -0.00386498)
(40.0024 0 -0.00394337)
(40.0022 0 -0.00408003)
(40.002 0 -0.00423307)
(40.0021 0 -0.0043651)
(40.0022 0 -0.00443885)
(40.0026 0 -0.00442721)
(40.0031 0 -0.00428292)
(40.0036 0 -0.00395441)
(40.0042 0 -0.00346062)
(40.0048 0 -0.00281893)
(40.0051 0 -0.00212056)
(40.0054 0 -0.00148695)
(40.0055 0 -0.000968046)
(40.0055 0 -0.000618348)
(40.0052 0 -0.000514492)
(40.0057 0 -0.00106598)
(40.0031 0 -0.00548248)
(40.0031 0 -0.00567061)
(40.003 0 -0.00584959)
(40.003 0 -0.00602214)
(40.003 0 -0.00618867)
(40.003 0 -0.00634889)
(40.003 0 -0.00650246)
(40.0031 0 -0.00664899)
(40.0032 0 -0.00678816)
(40.0033 0 -0.00691939)
(40.0034 0 -0.00704205)
(40.0036 0 -0.00715491)
(40.0037 0 -0.00725662)
(40.0038 0 -0.007345)
(40.0039 0 -0.00741787)
(40.0039 0 -0.00747214)
(40.0039 0 -0.00750521)
(40.0039 0 -0.00751356)
(40.0039 0 -0.00749445)
(40.0039 0 -0.0074447)
(40.0039 0 -0.00736156)
(40.0039 0 -0.00724264)
(40.0039 0 -0.00708614)
(40.004 0 -0.00689167)
(40.004 0 -0.00666047)
(40.0041 0 -0.0063963)
(40.0042 0 -0.0061046)
(40.0042 0 -0.00579549)
(40.0042 0 -0.00547419)
(40.0042 0 -0.00516361)
(40.0041 0 -0.0048668)
(40.004 0 -0.00461566)
(40.0039 0 -0.00440556)
(40.0037 0 -0.00425627)
(40.0035 0 -0.0041511)
(40.0034 0 -0.00409016)
(40.0032 0 -0.00406186)
(40.0032 0 -0.00405165)
(40.0033 0 -0.00403731)
(40.0035 0 -0.00398405)
(40.0039 0 -0.00385526)
(40.0044 0 -0.00359102)
(40.0049 0 -0.00319393)
(40.0054 0 -0.0026675)
(40.0057 0 -0.00206813)
(40.006 0 -0.00149824)
(40.0061 0 -0.00101652)
(40.0062 0 -0.000667043)
(40.006 0 -0.000541669)
(40.0064 0 -0.00101612)
(40.0023 0 -0.00456066)
(40.0023 0 -0.00469553)
(40.0024 0 -0.00482103)
(40.0025 0 -0.00494181)
(40.0026 0 -0.0050601)
(40.0027 0 -0.00517694)
(40.0028 0 -0.00529297)
(40.0029 0 -0.00540825)
(40.003 0 -0.00552249)
(40.0031 0 -0.00563478)
(40.0031 0 -0.00574401)
(40.0031 0 -0.00584849)
(40.0031 0 -0.00594655)
(40.0031 0 -0.0060361)
(40.0032 0 -0.00611531)
(40.0032 0 -0.00618204)
(40.0032 0 -0.00623454)
(40.0033 0 -0.00627085)
(40.0033 0 -0.00628916)
(40.0034 0 -0.00628746)
(40.0034 0 -0.00626389)
(40.0035 0 -0.00621644)
(40.0036 0 -0.00614342)
(40.0037 0 -0.00604325)
(40.0038 0 -0.00591492)
(40.0039 0 -0.0057583)
(40.004 0 -0.00557556)
(40.0042 0 -0.00536895)
(40.0043 0 -0.0051493)
(40.0043 0 -0.00491132)
(40.0044 0 -0.00467494)
(40.0043 0 -0.00442848)
(40.0043 0 -0.00419426)
(40.0042 0 -0.0039724)
(40.0041 0 -0.00378463)
(40.0039 0 -0.00363885)
(40.0039 0 -0.00354352)
(40.0039 0 -0.00349072)
(40.004 0 -0.00345976)
(40.0042 0 -0.00342753)
(40.0046 0 -0.00334148)
(40.005 0 -0.00316793)
(40.0054 0 -0.00289254)
(40.0059 0 -0.0025046)
(40.0063 0 -0.00203661)
(40.0066 0 -0.00155964)
(40.0068 0 -0.00113576)
(40.0069 0 -0.000814989)
(40.0068 0 -0.000689691)
(40.0072 0 -0.00104572)
(40.0024 0 -0.00366237)
(40.0024 0 -0.00378129)
(40.0024 0 -0.00388859)
(40.0024 0 -0.00398752)
(40.0024 0 -0.00408022)
(40.0025 0 -0.00416849)
(40.0025 0 -0.00425393)
(40.0025 0 -0.00433811)
(40.0026 0 -0.00442232)
(40.0026 0 -0.00450766)
(40.0027 0 -0.0045948)
(40.0027 0 -0.00468404)
(40.0027 0 -0.00477513)
(40.0028 0 -0.00486739)
(40.0028 0 -0.00495947)
(40.0028 0 -0.00504965)
(40.0029 0 -0.00513551)
(40.0029 0 -0.00521448)
(40.0029 0 -0.00528353)
(40.0029 0 -0.00533976)
(40.003 0 -0.0053797)
(40.003 0 -0.00540055)
(40.0031 0 -0.00539911)
(40.0032 0 -0.00537334)
(40.0034 0 -0.00532043)
(40.0036 0 -0.00523955)
(40.0038 0 -0.00512929)
(40.0039 0 -0.00499107)
(40.0041 0 -0.00482664)
(40.0043 0 -0.004641)
(40.0044 0 -0.0044377)
(40.0045 0 -0.00422462)
(40.0046 0 -0.00400809)
(40.0046 0 -0.00380318)
(40.0046 0 -0.00361414)
(40.0046 0 -0.00345984)
(40.0047 0 -0.00334092)
(40.0047 0 -0.00325586)
(40.0048 0 -0.00319774)
(40.005 0 -0.00313772)
(40.0053 0 -0.00304857)
(40.0056 0 -0.00290968)
(40.0059 0 -0.00269458)
(40.0063 0 -0.00238943)
(40.0066 0 -0.0020079)
(40.0069 0 -0.00160377)
(40.0071 0 -0.00123842)
(40.0073 0 -0.000950977)
(40.0073 0 -0.000840405)
(40.0076 0 -0.00111939)
(40.002 0 -0.00278389)
(40.0021 0 -0.00288006)
(40.0021 0 -0.00296509)
(40.0021 0 -0.00304062)
(40.0022 0 -0.00310854)
(40.0022 0 -0.00317083)
(40.0023 0 -0.00322952)
(40.0023 0 -0.0032867)
(40.0023 0 -0.00334428)
(40.0023 0 -0.00340395)
(40.0024 0 -0.00346703)
(40.0024 0 -0.00353452)
(40.0024 0 -0.003607)
(40.0025 0 -0.00368468)
(40.0026 0 -0.00376724)
(40.0026 0 -0.00385395)
(40.0027 0 -0.00394347)
(40.0027 0 -0.00403401)
(40.0027 0 -0.00412322)
(40.0027 0 -0.00420835)
(40.0027 0 -0.00428649)
(40.0027 0 -0.00435457)
(40.0028 0 -0.0044093)
(40.0029 0 -0.00444785)
(40.003 0 -0.00446704)
(40.0031 0 -0.00446493)
(40.0033 0 -0.00443913)
(40.0035 0 -0.00438953)
(40.0037 0 -0.00431532)
(40.0039 0 -0.00421862)
(40.0041 0 -0.0041026)
(40.0042 0 -0.00397162)
(40.0044 0 -0.00383549)
(40.0045 0 -0.00369163)
(40.0046 0 -0.00355317)
(40.0047 0 -0.00341869)
(40.0048 0 -0.00329774)
(40.005 0 -0.00319334)
(40.0051 0 -0.00310086)
(40.0053 0 -0.00300376)
(40.0056 0 -0.002895)
(40.0059 0 -0.00275125)
(40.0062 0 -0.00255482)
(40.0065 0 -0.00228966)
(40.0069 0 -0.00196701)
(40.0072 0 -0.00162458)
(40.0075 0 -0.00130346)
(40.0077 0 -0.00105275)
(40.0078 0 -0.000949283)
(40.0082 0 -0.00111521)
(40.0017 0 -0.00201846)
(40.0018 0 -0.00207284)
(40.0018 0 -0.00211893)
(40.0019 0 -0.00215757)
(40.0019 0 -0.00219022)
(40.0019 0 -0.00221862)
(40.0019 0 -0.00224476)
(40.0019 0 -0.0022707)
(40.0019 0 -0.0022984)
(40.0019 0 -0.00232961)
(40.0019 0 -0.00236567)
(40.0019 0 -0.00240755)
(40.0019 0 -0.00245572)
(40.002 0 -0.00251021)
(40.002 0 -0.00257064)
(40.0021 0 -0.00263628)
(40.0021 0 -0.0027061)
(40.0021 0 -0.00277885)
(40.0021 0 -0.00285316)
(40.0021 0 -0.0029275)
(40.0021 0 -0.00300036)
(40.0021 0 -0.00307004)
(40.0021 0 -0.00313499)
(40.0022 0 -0.00319341)
(40.0022 0 -0.00324338)
(40.0024 0 -0.0032831)
(40.0026 0 -0.00331022)
(40.0028 0 -0.00332308)
(40.003 0 -0.00331952)
(40.0032 0 -0.00329913)
(40.0035 0 -0.00326112)
(40.0037 0 -0.0032072)
(40.004 0 -0.00313908)
(40.0042 0 -0.00306092)
(40.0044 0 -0.00297462)
(40.0046 0 -0.00288668)
(40.0048 0 -0.00279527)
(40.005 0 -0.0027089)
(40.0052 0 -0.00261593)
(40.0055 0 -0.00252214)
(40.0057 0 -0.00241738)
(40.006 0 -0.00229447)
(40.0064 0 -0.00213658)
(40.0067 0 -0.0019373)
(40.007 0 -0.00170332)
(40.0073 0 -0.00145538)
(40.0077 0 -0.00122779)
(40.0079 0 -0.00104969)
(40.0081 0 -0.000983401)
(40.0085 0 -0.00108758)
(40.0008 0 -0.00116892)
(40.0008 0 -0.00120116)
(40.0009 0 -0.00122576)
(40.0009 0 -0.00124393)
(40.001 0 -0.00125697)
(40.001 0 -0.00126624)
(40.0011 0 -0.00127327)
(40.0011 0 -0.0012796)
(40.0012 0 -0.00128673)
(40.0012 0 -0.00129597)
(40.0012 0 -0.00130839)
(40.0013 0 -0.00132476)
(40.0013 0 -0.00134559)
(40.0013 0 -0.00137108)
(40.0013 0 -0.00140127)
(40.0013 0 -0.00143601)
(40.0013 0 -0.00147507)
(40.0013 0 -0.0015182)
(40.0012 0 -0.0015651)
(40.0012 0 -0.0016155)
(40.0012 0 -0.00166899)
(40.0012 0 -0.00172512)
(40.0012 0 -0.00178313)
(40.0013 0 -0.00184217)
(40.0014 0 -0.00190082)
(40.0015 0 -0.00195761)
(40.0016 0 -0.00201038)
(40.0018 0 -0.00205724)
(40.0021 0 -0.00209569)
(40.0023 0 -0.00212396)
(40.0025 0 -0.00213978)
(40.0028 0 -0.00214206)
(40.0031 0 -0.00213072)
(40.0033 0 -0.00210545)
(40.0036 0 -0.00207116)
(40.0038 0 -0.00202114)
(40.0041 0 -0.00196459)
(40.0044 0 -0.00188948)
(40.0047 0 -0.00180476)
(40.005 0 -0.00171007)
(40.0053 0 -0.00160988)
(40.0057 0 -0.00149758)
(40.006 0 -0.00136976)
(40.0064 0 -0.00122638)
(40.0069 0 -0.00107256)
(40.0073 0 -0.000925092)
(40.0077 0 -0.000794531)
(40.0081 0 -0.000699275)
(40.0084 0 -0.000680489)
(40.0088 0 -0.000743913)
(39.9997 0 -0.000405806)
(39.9997 0 -0.000421969)
(39.9997 0 -0.000433534)
(39.9998 0 -0.000441743)
(39.9999 0 -0.000447409)
(39.9999 0 -0.000451205)
(39.9999 0 -0.000453758)
(40 0 -0.000455646)
(40 0 -0.000457388)
(40 0 -0.00045944)
(40.0001 0 -0.000462181)
(40.0001 0 -0.000465942)
(40.0001 0 -0.000470972)
(40.0002 0 -0.000477521)
(40.0002 0 -0.000485765)
(40.0002 0 -0.000495916)
(40.0002 0 -0.000508075)
(40.0002 0 -0.000522422)
(40.0001 0 -0.000538976)
(40.0001 0 -0.000557855)
(40.0001 0 -0.00057892)
(40.0001 0 -0.000602144)
(40.0001 0 -0.000627167)
(40.0001 0 -0.000653735)
(40.0001 0 -0.000681222)
(40.0002 0 -0.000709132)
(40.0003 0 -0.000736358)
(40.0004 0 -0.000762142)
(40.0006 0 -0.000785214)
(40.0008 0 -0.000804765)
(40.001 0 -0.000819621)
(40.0012 0 -0.000829272)
(40.0014 0 -0.00083324)
(40.0017 0 -0.000831249)
(40.002 0 -0.000823964)
(40.0023 0 -0.00081117)
(40.0026 0 -0.000793557)
(40.0029 0 -0.000770267)
(40.0032 0 -0.000741308)
(40.0036 0 -0.000713503)
(40.004 0 -0.000681959)
(40.0044 0 -0.000647127)
(40.0048 0 -0.000610698)
(40.0052 0 -0.00056818)
(40.0057 0 -0.000528036)
(40.0062 0 -0.000492078)
(40.0067 0 -0.000460912)
(40.0071 0 -0.000440496)
(40.0075 0 -0.000447281)
(40.008 0 -0.000466259)
(31.691 -4.91048e-16 5.91517)
(25.6521 -1.68172e-20 3.70413)
(24.7786 1.87762e-20 3.79706)
(23.7161 -2.24456e-20 4.34235)
(23.2765 1.44139e-20 4.7506)
(23.1283 4.24782e-17 4.80025)
(23.019 0 4.79761)
(22.9396 2.50908e-17 4.72666)
(22.8693 3.20231e-17 4.59512)
(22.7711 3.34548e-18 4.46243)
(22.7348 3.99957e-19 4.45411)
(22.6414 4.42473e-18 4.54714)
(22.5364 -9.00612e-18 4.61376)
(22.4547 2.74118e-20 4.59363)
(22.4072 -9.61028e-18 4.51877)
(22.3923 2.55713e-20 4.49588)
(22.3969 7.34588e-18 4.52502)
(22.3986 8.67499e-18 4.53894)
(22.3793 -1.02099e-17 4.53934)
(22.3358 4.36465e-20 4.54825)
(22.2657 0 4.55125)
(22.1843 0 4.53637)
(22.0907 8.30699e-18 4.51726)
(22.0012 1.84777e-17 4.50089)
(21.9364 1.71015e-21 4.49907)
(21.9099 8.29966e-20 4.52279)
(21.9365 5.87969e-18 4.57222)
(22.0473 -6.10503e-18 4.65027)
(22.2295 -3.31103e-18 4.7515)
(22.4952 -3.34412e-18 4.86796)
(22.8211 0 4.98966)
(23.1898 7.22373e-18 5.1103)
(23.5892 1.86584e-18 5.22827)
(24.0102 -2.45123e-19 5.34309)
(24.4407 2.43288e-19 5.45326)
(24.8644 -2.58037e-19 5.55607)
(25.2726 5.22005e-19 5.65023)
(25.6357 -1.60793e-18 5.73367)
(25.9278 2.72478e-19 5.80671)
(26.1367 0 5.87046)
(26.2829 0 5.92836)
(26.3866 0 5.97965)
(26.4554 -3.21571e-19 6.02205)
(26.499 -8.5013e-21 6.05698)
(26.5224 -8.26251e-21 6.08773)
(26.5258 -3.92065e-21 6.11934)
(26.5053 3.78472e-19 6.15779)
(26.4545 -3.87794e-19 6.2092)
(26.3654 -4.14896e-19 6.27895)
(26.2281 -2.20415e-19 6.36853)
(26.0333 2.31892e-19 6.46955)
(25.7702 -4.96729e-19 6.55129)
(25.4385 -8.28661e-21 6.56217)
(25.0596 -1.50181e-19 6.44957)
(24.6705 -1.00601e-20 6.17427)
(24.3006 -1.94603e-19 5.6717)
(23.9829 0 4.803)
(23.7755 1.40771e-19 3.50449)
(23.8753 2.7913e-21 2.22532)
(24.5173 0 1.50618)
(40.4595 2.43779e-16 8.11062)
(33.1257 0 4.81211)
(32.0016 8.39427e-21 4.72948)
(30.5859 -9.07971e-21 5.46516)
(29.8907 0 6.03668)
(29.5794 -4.46888e-20 6.12191)
(29.3527 0 6.1246)
(29.1921 0 6.05366)
(29.1005 -8.29064e-18 5.87995)
(29.0294 -3.53113e-18 5.6788)
(29.0149 -2.32904e-19 5.62472)
(28.9575 -2.39628e-18 5.74685)
(28.8961 0 5.87173)
(28.8762 8.94704e-21 5.88135)
(28.9109 5.53736e-18 5.78839)
(28.9838 1.29605e-20 5.75177)
(29.0861 -4.48788e-18 5.7998)
(29.2208 -5.34056e-18 5.8373)
(29.3798 5.29592e-21 5.85826)
(29.5571 -5.55383e-20 5.89732)
(29.7533 0 5.93881)
(29.9865 0 5.95885)
(30.2498 -5.32712e-18 5.979)
(30.5476 1.0345e-20 6.00515)
(30.8733 -6.22403e-18 6.04256)
(31.2094 -3.4892e-18 6.09603)
(31.5333 3.70278e-18 6.15572)
(31.8199 4.66863e-21 6.20965)
(32.0462 -1.29691e-19 6.25687)
(32.1984 1.33298e-19 6.29069)
(32.2749 2.06224e-18 6.31441)
(32.2837 -2.29786e-18 6.33004)
(32.2399 -1.54842e-19 6.33677)
(32.1597 1.56593e-19 6.32858)
(32.0574 0 6.298)
(31.9425 1.40462e-18 6.2394)
(31.8148 -5.48178e-19 6.15525)
(31.6737 -1.89652e-19 6.05862)
(31.5173 0 5.966)
(31.3437 -8.44783e-19 5.88931)
(31.1435 2.24984e-19 5.82617)
(30.92 -2.29362e-19 5.76679)
(30.6874 0 5.70294)
(30.4533 0 5.62845)
(30.2186 2.71582e-19 5.54181)
(29.9775 -2.90209e-19 5.44593)
(29.7188 3.00016e-19 5.34586)
(29.4287 0 5.24545)
(29.0928 -1.78502e-19 5.14355)
(28.6985 0 5.03104)
(28.2407 0 4.88931)
(27.7282 -2.34838e-19 4.69215)
(27.19 3.55897e-19 4.41206)
(26.6722 7.08831e-19 4.03073)
(26.2233 -3.19889e-19 3.54741)
(25.8796 -1.90306e-19 2.96694)
(25.6643 6.3191e-19 2.27114)
(25.6056 -2.53258e-19 1.50226)
(25.7117 -1.38594e-19 1.08525)
(25.8815 0 1.47704)
(44.3013 0 8.86023)
(37.0995 7.57444e-21 5.31577)
(35.786 -8.50969e-21 5.23585)
(34.1649 0 6.11715)
(33.3079 4.00872e-17 6.6874)
(32.8323 -5.55295e-20 6.77079)
(32.4716 0 6.77105)
(32.2347 0 6.68684)
(32.1162 -6.34659e-18 6.49586)
(32.0565 2.73611e-18 6.27969)
(32.0679 3.75658e-19 6.22494)
(32.0563 3.37901e-21 6.36735)
(32.0694 4.05914e-18 6.51987)
(32.1587 3.7913e-21 6.55064)
(32.3157 -1.59701e-20 6.47511)
(32.5086 0 6.46494)
(32.7224 3.80686e-18 6.54932)
(32.9704 -3.84776e-20 6.63258)
(33.2402 -5.46502e-18 6.69722)
(33.5147 6.32754e-18 6.76572)
(33.7728 3.73806e-18 6.82383)
(33.9983 -6.10927e-20 6.85215)
(34.1625 -7.22626e-20 6.87809)
(34.2593 -4.79634e-18 6.9054)
(34.2931 5.25056e-18 6.9347)
(34.2688 2.88649e-18 6.96328)
(34.1918 -3.05772e-18 6.9794)
(34.0694 -1.00255e-19 6.97487)
(33.903 9.65128e-20 6.95738)
(33.6957 0 6.93189)
(33.4536 -2.0844e-18 6.91237)
(33.1866 2.39617e-19 6.90362)
(32.9111 -2.63358e-19 6.90037)
(32.6449 2.66533e-19 6.88949)
(32.4001 -1.14115e-18 6.8587)
(32.1767 3.05288e-19 6.80393)
(31.9598 -5.25772e-22 6.7312)
(31.735 3.16689e-19 6.65254)
(31.4899 -3.40195e-19 6.57771)
(31.222 1.40234e-18 6.50896)
(30.9384 -3.62372e-19 6.44219)
(30.6511 3.92071e-19 6.37155)
(30.3687 -3.9976e-19 6.29387)
(30.0926 0 6.21038)
(29.816 6.80472e-19 6.12509)
(29.527 -7.0267e-19 6.04087)
(29.2123 -5.05629e-19 5.9556)
(28.8611 7.91184e-19 5.8592)
(28.4693 -2.96446e-19 5.73222)
(28.0422 9.15713e-19 5.54703)
(27.5986 -1.72018e-19 5.27323)
(27.171 1.79239e-19 4.88712)
(26.7999 -2.03261e-19 4.38184)
(26.5232 -2.24353e-19 3.77229)
(26.3668 1.28286e-19 3.09387)
(26.3411 0 2.3913)
(26.4417 1.55477e-19 1.69308)
(26.6521 -3.76231e-19 1.02901)
(26.9466 4.5137e-19 0.627796)
(27.2309 -2.87907e-19 0.849076)
(47.0145 -1.51055e-16 9.17958)
(40.1999 0 5.93516)
(38.7471 0 5.92864)
(37.0138 0 6.78509)
(36.0644 -1.85184e-19 7.19285)
(35.4377 -7.86263e-20 7.26855)
(34.9651 -1.21401e-17 7.28042)
(34.6904 -9.31766e-18 7.16608)
(34.5784 1.24684e-17 6.96331)
(34.5595 -1.3634e-18 6.77817)
(34.6334 -1.95351e-19 6.76744)
(34.7056 2.26792e-21 6.92916)
(34.8328 3.77662e-20 7.0792)
(35.0526 3.25703e-18 7.11204)
(35.3233 0 7.0674)
(35.588 0 7.08827)
(35.8067 -3.62047e-18 7.17783)
(35.9448 4.27751e-18 7.24412)
(35.9881 1.02897e-17 7.25391)
(35.9495 -5.83735e-18 7.21762)
(35.8414 -3.28267e-18 7.15118)
(35.6819 -3.6399e-18 7.06792)
(35.4812 0 7.00187)
(35.2578 0 6.95138)
(35.0306 -4.62891e-18 6.90697)
(34.808 2.61779e-18 6.85657)
(34.5895 -3.24932e-19 6.7925)
(34.3712 3.07965e-18 6.71414)
(34.1425 1.26106e-18 6.63602)
(33.8946 -1.94324e-19 6.56904)
(33.625 1.96236e-19 6.52433)
(33.3411 1.69746e-18 6.49451)
(33.06 0 6.4623)
(32.7975 0 6.41088)
(32.5593 9.70857e-19 6.3351)
(32.337 -2.02401e-18 6.24347)
(32.1132 -2.67393e-19 6.15153)
(31.8715 2.70713e-19 6.07109)
(31.6052 0 6.00284)
(31.3196 0 5.93769)
(31.0268 3.20649e-19 5.86429)
(30.7371 3.42285e-19 5.77653)
(30.4531 3.58796e-19 5.67513)
(30.1683 -3.60492e-19 5.56451)
(29.8711 5.75802e-21 5.44742)
(29.5494 6.15028e-19 5.32048)
(29.1965 -4.2686e-19 5.17231)
(28.814 -2.28147e-19 4.98442)
(28.414 0 4.73534)
(28.0195 3.72348e-21 4.40686)
(27.6619 -4.47338e-19 3.99139)
(27.3743 1.43184e-18 3.49697)
(27.1828 -5.1888e-19 2.94702)
(27.0998 1.91397e-19 2.37553)
(27.1233 0 1.82203)
(27.2393 4.52032e-19 1.32311)
(27.4215 -5.07144e-19 0.890292)
(27.6367 1.38313e-19 0.514711)
(27.8632 0 0.316077)
(28.061 0 0.551321)
(49.2236 3.29642e-16 9.333)
(42.5686 0 6.83418)
(41.0113 1.22543e-20 6.81687)
(39.3079 -3.34976e-20 7.38947)
(38.3875 -1.56125e-19 7.57881)
(37.7221 -3.20074e-17 7.66885)
(37.2581 3.40987e-20 7.72315)
(37.0352 1.01527e-17 7.60815)
(36.9859 7.83426e-20 7.41557)
(37.0314 -2.73121e-21 7.29477)
(37.1734 -7.20938e-21 7.32819)
(37.3011 1.74287e-20 7.47984)
(37.3895 -4.35663e-18 7.58381)
(37.4164 -2.26391e-20 7.57586)
(37.3616 0 7.50565)
(37.2267 5.74488e-18 7.46612)
(37.0325 0 7.46707)
(36.7943 -4.01616e-18 7.45935)
(36.5324 -9.13089e-18 7.41169)
(36.2643 5.10692e-18 7.32563)
(35.9931 0 7.23544)
(35.7192 3.15355e-18 7.16515)
(35.4421 0 7.13023)
(35.1718 0 7.1094)
(34.9202 1.97061e-18 7.07968)
(34.6882 -2.21742e-18 7.025)
(34.4667 2.1918e-18 6.94943)
(34.2435 1.4528e-19 6.86688)
(34.004 -1.21507e-18 6.79818)
(33.7403 0 6.7523)
(33.456 -1.0102e-18 6.72795)
(33.1663 -1.76769e-18 6.70446)
(32.8911 0 6.6593)
(32.6417 0 6.58233)
(32.4142 0 6.48119)
(32.1921 8.45986e-19 6.37371)
(31.9565 0 6.27507)
(31.697 0 6.18883)
(31.4161 0 6.1073)
(31.1246 0 6.01903)
(30.8336 5.38323e-19 5.9166)
(30.5472 -5.44738e-19 5.79912)
(30.2611 3.01713e-19 5.66881)
(29.9658 -6.04809e-19 5.52556)
(29.6532 4.14676e-21 5.36321)
(29.3213 -6.9718e-19 5.16928)
(28.9767 1.64459e-18 4.92773)
(28.6352 -9.64139e-19 4.62382)
(28.3192 -2.08213e-19 4.24951)
(28.0541 -6.76518e-19 3.80796)
(27.8625 4.79924e-19 3.31499)
(27.7582 -1.15729e-18 2.79649)
(27.7426 -4.10387e-19 2.28223)
(27.806 2.98254e-21 1.79979)
(27.9317 4.8241e-19 1.3716)
(28.0988 0 1.01084)
(28.2832 0 0.708554)
(28.4641 -1.09369e-19 0.440211)
(28.6366 0 0.272524)
(28.7848 1.43086e-19 0.385765)
(51.0598 -1.82628e-16 9.54504)
(44.4801 0 7.81399)
(42.8808 2.61455e-20 7.74933)
(41.3048 -2.8411e-20 7.89755)
(40.4736 -4.2481e-17 7.9131)
(39.8657 1.76919e-17 8.00501)
(39.4837 2.87843e-17 8.09141)
(39.2997 -1.12761e-17 8.02565)
(39.1899 -1.51378e-17 7.86264)
(39.0505 -1.68401e-18 7.73415)
(38.8867 -4.88743e-21 7.6691)
(38.6558 5.19261e-21 7.70014)
(38.3678 4.31798e-18 7.71735)
(38.0627 -3.11296e-18 7.67217)
(37.7549 -2.88962e-20 7.58399)
(37.45 -5.15979e-18 7.49203)
(37.1552 -5.107e-20 7.41846)
(36.8688 5.18519e-20 7.35548)
(36.586 4.09259e-18 7.28064)
(36.3074 -4.40471e-18 7.18546)
(36.0271 -1.46412e-19 7.09933)
(35.7432 -2.8544e-18 7.04216)
(35.4605 -1.24627e-20 7.01237)
(35.1928 -1.13551e-20 6.979)
(34.9506 4.1597e-19 6.92053)
(34.7291 -1.97081e-18 6.83053)
(34.5128 -2.08149e-18 6.72609)
(34.2853 -1.70083e-18 6.63081)
(34.0332 1.02068e-18 6.56348)
(33.7552 2.77509e-19 6.5222)
(33.4637 2.00824e-18 6.49116)
(33.1791 -1.21103e-18 6.44538)
(32.9173 0 6.37033)
(32.6799 -3.35958e-19 6.26965)
(32.453 3.39145e-19 6.15982)
(32.2177 7.17847e-19 6.05655)
(31.961 -3.69678e-19 5.9644)
(31.6823 7.79941e-21 5.87616)
(31.3908 4.17767e-19 5.77999)
(31.0973 -8.61726e-19 5.66747)
(30.807 4.44908e-19 5.53639)
(30.518 -7.16803e-19 5.38764)
(30.2242 9.97068e-19 5.22023)
(29.9211 -1.31335e-18 5.02807)
(29.6107 2.7162e-19 4.80084)
(29.3026 5.95431e-19 4.52745)
(29.013 1.70415e-19 4.20058)
(28.7612 -9.91506e-19 3.82041)
(28.5658 1.57405e-18 3.39638)
(28.4398 -3.72464e-19 2.94627)
(28.3882 1.98823e-19 2.49269)
(28.4061 0 2.05802)
(28.4815 -6.44296e-19 1.65989)
(28.5981 6.92886e-19 1.30896)
(28.7394 1.11168e-18 1.00978)
(28.8904 -5.33077e-19 0.760776)
(29.0376 5.75992e-19 0.548199)
(29.172 -8.0419e-19 0.35125)
(29.2968 -1.79689e-19 0.213383)
(29.4048 -3.24458e-19 0.264697)
(52.0033 0 9.72522)
(45.8055 -2.95272e-20 8.56237)
(44.2991 3.5689e-20 8.50984)
(42.8752 -5.16254e-17 8.3232)
(42.0889 0 8.20929)
(41.4282 -3.04813e-20 8.22751)
(40.8983 -2.87986e-17 8.25928)
(40.4448 1.10691e-17 8.20576)
(40.0078 7.30687e-18 8.04545)
(39.5666 1.55757e-18 7.86457)
(39.1661 9.1968e-21 7.70512)
(38.7821 -3.23597e-20 7.68031)
(38.4037 -3.73832e-18 7.70327)
(38.0487 -2.67721e-18 7.70185)
(37.7144 -3.60048e-18 7.65561)
(37.4006 0 7.56321)
(37.1075 0 7.45263)
(36.8241 0 7.35403)
(36.5392 0 7.27427)
(36.2511 -1.21827e-19 7.20795)
(35.9566 2.57279e-19 7.16378)
(35.6608 -1.51181e-19 7.13878)
(35.375 0 7.11653)
(35.1138 0 7.06848)
(34.8812 0 6.98897)
(34.6641 -1.05693e-21 6.88952)
(34.4421 1.74584e-18 6.79294)
(34.1996 -1.99338e-19 6.71752)
(33.9305 -2.20816e-19 6.66816)
(33.6431 -2.44793e-19 6.62864)
(33.3557 -4.89238e-19 6.57661)
(33.0864 4.94989e-19 6.49553)
(32.8407 5.2204e-19 6.38666)
(32.6093 0 6.26487)
(32.3746 -5.86815e-19 6.14595)
(32.1227 -6.20809e-19 6.03569)
(31.8506 1.88994e-18 5.92823)
(31.5654 -1.31097e-18 5.81242)
(31.2771 0 5.67942)
(30.992 -7.39046e-19 5.52556)
(30.7104 7.51125e-19 5.3501)
(30.4297 0 5.15115)
(30.1491 0 4.92355)
(29.873 -6.76568e-19 4.66026)
(29.6116 6.88137e-19 4.35548)
(29.3793 9.91069e-19 4.00821)
(29.1905 -1.0272e-18 3.62408)
(29.057 -4.03598e-19 3.21536)
(28.9845 -1.13592e-18 2.79878)
(28.9719 2.88289e-19 2.3922)
(29.0117 4.68245e-19 2.01107)
(29.092 4.8668e-19 1.66592)
(29.1992 -5.15487e-19 1.36141)
(29.3208 5.27099e-19 1.0972)
(29.4464 -7.63385e-19 0.870022)
(29.5687 4.061e-19 0.674614)
(29.6818 -2.20761e-19 0.50018)
(29.7829 1.23106e-19 0.333204)
(29.8765 -4.17007e-19 0.202023)
(29.9579 1.68105e-19 0.192945)
(52.043 0 9.59046)
(46.2561 0 8.82812)
(44.7808 0 8.86785)
(43.3737 4.7491e-17 8.52453)
(42.5273 0 8.31423)
(41.7698 -5.5495e-20 8.2204)
(41.1373 2.60187e-17 8.17185)
(40.5798 -9.85986e-18 8.129)
(40.0668 6.4819e-18 8.01758)
(39.5878 1.41019e-18 7.85343)
(39.1719 -4.35847e-21 7.67071)
(38.7826 0 7.61459)
(38.403 -3.25044e-18 7.62396)
(38.048 -6.28722e-20 7.62758)
(37.7159 2.92619e-18 7.58884)
(37.4076 5.26012e-20 7.48869)
(37.1206 0 7.35128)
(36.8397 2.64235e-18 7.22207)
(36.5517 1.84521e-20 7.12783)
(36.2549 2.74905e-18 7.07075)
(35.9517 2.07892e-19 7.04208)
(35.6539 3.81129e-18 7.0165)
(35.3763 0 6.96974)
(35.1281 0 6.88606)
(34.9038 0 6.77982)
(34.6833 1.23466e-18 6.67667)
(34.4466 -1.29986e-18 6.59589)
(34.1849 -3.53644e-19 6.54071)
(33.902 -2.19929e-21 6.49945)
(33.6135 3.98987e-19 6.44924)
(33.3371 0 6.37309)
(33.0817 -4.36829e-19 6.26851)
(32.8421 1.33832e-18 6.14725)
(32.6037 4.75816e-19 6.02386)
(32.3531 -4.80571e-19 5.90485)
(32.0856 5.13108e-19 5.78597)
(31.8061 0 5.65731)
(31.5236 8.51344e-19 5.51026)
(31.2447 -5.79939e-19 5.34056)
(30.9723 -9.36297e-19 5.14686)
(30.7066 6.3781e-19 4.92756)
(30.4494 -6.87405e-19 4.6795)
(30.2066 7.01635e-19 4.39916)
(29.9876 0 4.08528)
(29.8035 3.19e-21 3.741)
(29.6643 -1.99894e-19 3.37456)
(29.5758 -4.2159e-19 2.99811)
(29.539 4.38202e-19 2.62552)
(29.5494 -9.07554e-19 2.26975)
(29.5987 9.42801e-19 1.94063)
(29.6765 3.63806e-19 1.6438)
(29.7721 1.30818e-19 1.38069)
(29.8762 9.19001e-19 1.14936)
(29.9816 -1.25537e-18 0.94592)
(30.0834 0 0.765928)
(30.1783 0 0.604779)
(30.2644 -5.08619e-19 0.45564)
(30.341 5.76093e-19 0.311029)
(30.412 0 0.187918)
(30.4736 0 0.137125)
(51.8276 -2.60814e-20 9.27063)
(46.3128 5.57214e-17 8.73993)
(44.8035 -4.21069e-20 8.91383)
(43.3947 4.15278e-17 8.58616)
(42.5325 -7.637e-20 8.36395)
(41.7751 4.76377e-20 8.19878)
(41.1466 -1.11167e-17 8.07849)
(40.5854 8.33573e-18 8.02779)
(40.0616 -5.45683e-18 7.96832)
(39.5726 -1.16438e-18 7.85811)
(39.1466 0 7.7009)
(38.75 0 7.63605)
(38.37 2.74475e-18 7.62376)
(38.0184 3.91363e-18 7.61188)
(37.691 0 7.56689)
(37.3858 0 7.47121)
(37.0964 3.4826e-18 7.34657)
(36.807 -1.9507e-18 7.23319)
(36.5076 0 7.15315)
(36.2005 -2.63152e-18 7.10611)
(35.8935 0 7.07564)
(35.602 -1.39475e-18 7.03151)
(35.3376 -2.10683e-19 6.95523)
(35.1008 -1.85802e-18 6.84684)
(34.877 2.21967e-18 6.73155)
(34.6449 -2.54041e-19 6.6347)
(34.3912 -2.82199e-19 6.56383)
(34.1168 2.84715e-19 6.50819)
(33.8331 -6.27865e-19 6.44843)
(33.5558 -1.30884e-18 6.36674)
(33.2952 0 6.25867)
(33.0499 -7.35575e-19 6.13226)
(32.809 -1.10549e-20 5.99981)
(32.5607 0 5.86777)
(32.2998 0 5.7333)
(32.0294 -4.31013e-19 5.58799)
(31.7573 -9.23988e-19 5.42374)
(31.4905 -3.09037e-20 5.23593)
(31.2332 2.24025e-18 5.02283)
(30.9881 2.89094e-19 4.78352)
(30.7587 -2.17506e-18 4.51703)
(30.5509 1.12194e-18 4.22317)
(30.3726 0 3.90426)
(30.2314 -1.23617e-18 3.56603)
(30.1331 1.74028e-18 3.21751)
(30.0793 3.2889e-19 2.8695)
(30.0679 -1.34906e-18 2.53275)
(30.0931 -1.76246e-19 2.21609)
(30.147 -1.68818e-19 1.92537)
(30.2209 1.48666e-18 1.66312)
(30.3065 -9.60286e-19 1.42898)
(30.3972 9.90995e-19 1.22051)
(30.4877 0 1.03413)
(30.5746 1.19062e-18 0.866002)
(30.6557 -6.22669e-21 0.712478)
(30.7299 -1.47923e-18 0.570065)
(30.7962 1.06806e-18 0.43473)
(30.8552 -2.94622e-19 0.303255)
(30.9097 0 0.183914)
(30.9564 0 0.0984512)
(51.5947 1.04696e-16 8.93534)
(46.3635 -4.71411e-17 8.53557)
(44.8201 0 8.80373)
(43.4085 -3.49418e-17 8.5537)
(42.5334 0 8.37391)
(41.7778 0 8.1875)
(41.1547 0 8.0159)
(40.5951 -6.96958e-18 7.93198)
(40.0677 7.00157e-20 7.88577)
(39.5734 -2.55668e-20 7.81349)
(39.1391 1.16753e-20 7.68679)
(38.7386 -1.198e-20 7.60975)
(38.3637 0 7.55646)
(38.0207 -1.64971e-18 7.50321)
(37.7014 -2.19513e-18 7.43196)
(37.3988 1.61035e-19 7.33416)
(37.103 -3.10575e-18 7.22933)
(36.8012 0 7.14411)
(36.4899 2.6284e-19 7.0829)
(36.1771 -2.65983e-19 7.03452)
(35.8743 0 6.9815)
(35.5945 1.36002e-18 6.90506)
(35.3421 -3.76606e-19 6.80305)
(35.1081 3.49952e-18 6.68819)
(34.8744 -1.22761e-18 6.58317)
(34.6251 -4.28404e-19 6.50024)
(34.3568 9.36013e-19 6.43338)
(34.0779 0 6.36586)
(33.8013 1.58222e-18 6.28166)
(33.5371 9.5263e-21 6.17363)
(33.2865 0 6.04635)
(33.042 6.21433e-19 5.90908)
(32.7944 -1.26684e-18 5.76758)
(32.5388 0 5.62031)
(32.2773 7.13781e-19 5.46077)
(32.0164 -3.54714e-19 5.2822)
(31.7633 0 5.08047)
(31.5232 0 4.85415)
(31.3002 -2.09531e-19 4.60328)
(31.0984 0 4.32874)
(30.9233 0 4.03276)
(30.7803 1.89195e-18 3.71978)
(30.6743 -2.16762e-18 3.39662)
(30.6073 0 3.07182)
(30.5785 -1.08821e-20 2.75427)
(30.584 -1.35036e-19 2.4518)
(30.6176 1.38707e-19 2.17013)
(30.6725 -1.23778e-18 1.91241)
(30.7414 2.41379e-18 1.67932)
(30.8182 -1.31141e-18 1.46964)
(30.8979 0 1.28085)
(30.9768 -8.66807e-21 1.10986)
(31.0523 -1.5818e-19 0.953455)
(31.1227 -1.75158e-19 0.808739)
(31.1873 -7.1721e-19 0.673009)
(31.2454 1.72521e-18 0.543494)
(31.2967 -9.35454e-19 0.418001)
(31.3422 -5.71512e-21 0.296536)
(31.3843 0 0.180702)
(31.4192 -7.24183e-20 0.0684106)
(51.319 -8.7593e-17 8.62648)
(46.406 0 8.34813)
(44.8391 3.47453e-17 8.6492)
(43.4323 -6.5262e-20 8.44629)
(42.5434 0 8.31782)
(41.7806 0 8.1626)
(41.1512 -7.76138e-18 7.99745)
(40.5858 5.74266e-18 7.90494)
(40.0535 3.72712e-18 7.86325)
(39.5557 8.40476e-19 7.81459)
(39.1149 0 7.71715)
(38.7122 -1.11721e-18 7.6346)
(38.3428 -2.07075e-18 7.54692)
(38.007 -2.28619e-20 7.4568)
(37.6918 9.73682e-20 7.36526)
(37.3863 2.15874e-18 7.27242)
(37.0803 0 7.1911)
(36.7659 0 7.13121)
(36.4473 -2.22226e-19 7.08132)
(36.1361 4.73065e-19 7.02309)
(35.8432 -2.50979e-19 6.94298)
(35.5756 -8.45375e-19 6.83751)
(35.3291 -1.84152e-18 6.71925)
(35.0899 -1.32638e-18 6.60545)
(34.8426 3.39702e-19 6.50858)
(34.5801 0 6.42637)
(34.307 -7.85793e-19 6.34547)
(34.0339 0 6.25201)
(33.7697 8.89412e-19 6.13881)
(33.517 4.68034e-19 6.00708)
(33.2715 0 5.86292)
(33.0265 -1.04854e-18 5.71058)
(32.778 1.59636e-18 5.54907)
(32.5277 5.64892e-19 5.3735)
(32.2812 0 5.17867)
(32.0452 -1.25645e-18 4.96152)
(31.8254 -3.63872e-20 4.72158)
(31.6265 -3.33009e-20 4.46011)
(31.4527 1.37775e-18 4.17971)
(31.3081 -1.77875e-19 3.88428)
(31.1962 -1.67934e-18 3.57938)
(31.119 1.52215e-18 3.27181)
(31.0764 -1.56394e-18 2.96901)
(31.0658 1.93602e-19 2.67779)
(31.0825 1.42883e-18 2.40359)
(31.1209 0 2.14983)
(31.175 0 1.91788)
(31.2391 1.84878e-18 1.70739)
(31.3085 -1.78824e-18 1.51671)
(31.3795 1.18012e-19 1.34346)
(31.4493 2.29653e-19 1.18492)
(31.516 -1.09762e-18 1.03837)
(31.5783 1.14883e-18 0.901374)
(31.6355 0 0.77186)
(31.6872 0 0.647761)
(31.7328 -7.9378e-21 0.526678)
(31.7725 8.34883e-20 0.407656)
(31.8076 -4.56276e-21 0.293171)
(31.8398 3.98353e-19 0.179679)
(31.8654 -3.99475e-19 0.0455547)
(51.0109 7.12664e-17 8.29069)
(46.4413 0 8.17155)
(44.8568 -2.89669e-17 8.48985)
(43.4639 0 8.29818)
(42.5664 2.04656e-17 8.19231)
(41.7976 -7.38947e-20 8.06805)
(41.1584 6.49032e-18 7.93275)
(40.5836 0 7.85094)
(40.0467 -3.13691e-18 7.81028)
(39.5493 2.01178e-20 7.76536)
(39.1075 -7.98885e-21 7.67918)
(38.7068 9.35038e-19 7.5873)
(38.3431 1.79726e-21 7.47445)
(38.011 0 7.35936)
(37.6947 1.59417e-18 7.25532)
(37.3825 -2.17649e-19 7.16716)
(37.0658 2.28214e-18 7.09879)
(36.7435 0 7.04588)
(36.4246 0 6.99013)
(36.1206 -4.1883e-19 6.91543)
(35.8383 -3.47681e-20 6.81586)
(35.5773 4.63441e-19 6.69803)
(35.3283 1.53111e-18 6.57844)
(35.0782 -3.14109e-20 6.46964)
(34.8186 5.73722e-19 6.3732)
(34.5502 6.30943e-19 6.27949)
(34.2805 0 6.17628)
(34.0174 0 6.05652)
(33.7641 -7.47651e-19 5.91982)
(33.5187 -1.19854e-18 5.76959)
(33.2768 8.12574e-19 5.60872)
(33.0358 -8.84857e-19 5.43649)
(32.7972 8.93746e-19 5.24936)
(32.5659 -4.75436e-19 5.04353)
(32.3481 -1.00803e-18 4.81709)
(32.1493 1.80784e-18 4.57046)
(31.9742 -7.94837e-19 4.30598)
(31.8263 0 4.02732)
(31.7084 -8.70866e-19 3.73934)
(31.6222 1.6075e-18 3.44781)
(31.5677 -1.35e-18 3.15902)
(31.5431 1.22804e-18 2.879)
(31.545 1.60945e-19 2.61283)
(31.5687 -1.64142e-19 2.36407)
(31.6091 1.45288e-18 2.13457)
(31.6613 -1.32259e-18 1.92466)
(31.7207 -1.6349e-19 1.7334)
(31.7837 -1.66663e-19 1.55906)
(31.8475 1.7034e-19 1.39942)
(31.9099 1.74679e-19 1.25215)
(31.9696 -1.90574e-19 1.11493)
(32.0254 1.8612e-19 0.985611)
(32.0767 1.58522e-18 0.862395)
(32.1232 -2.49957e-18 0.743813)
(32.1644 2.17942e-19 0.628211)
(32.2001 8.18868e-19 0.51339)
(32.2305 8.88096e-19 0.399261)
(32.2573 -6.2826e-19 0.290285)
(32.2816 -6.20469e-19 0.178905)
(32.2996 -1.08594e-20 0.0274364)
(50.6739 -1.23718e-18 7.90337)
(46.4688 0 7.98327)
(44.8676 0 8.34314)
(43.4902 -1.4099e-19 8.16718)
(42.5847 4.14891e-20 8.07366)
(41.8103 -6.80413e-18 7.97056)
(41.1605 0 7.86628)
(40.5751 4.9509e-20 7.80184)
(40.034 -5.12415e-20 7.76331)
(39.5387 -5.42664e-19 7.715)
(39.0987 -1.21955e-20 7.63173)
(38.7012 -8.58697e-19 7.53491)
(38.3402 1.46645e-18 7.4154)
(38.0061 -1.38731e-19 7.29687)
(37.6836 1.39694e-18 7.19407)
(37.3624 -1.52485e-18 7.11063)
(37.0381 -3.63911e-18 7.04269)
(36.7143 7.82639e-19 6.97869)
(36.4014 2.85866e-19 6.90278)
(36.1073 1.35226e-18 6.80746)
(35.8329 0 6.69473)
(35.5729 0 6.57419)
(35.3173 -8.66316e-19 6.45721)
(35.058 -4.80026e-19 6.34755)
(34.7931 -2.84012e-20 6.24006)
(34.5274 5.35127e-19 6.1253)
(34.2671 -5.5214e-19 5.99643)
(34.0156 6.1269e-19 5.85182)
(33.7726 -6.18496e-19 5.69308)
(33.5358 0 5.5218)
(33.3038 1.0723e-18 5.33758)
(33.0783 -1.43385e-18 5.13816)
(32.8635 0 4.92129)
(32.6649 -3.9417e-19 4.68636)
(32.4875 2.07967e-18 4.43476)
(32.3354 3.60958e-20 4.16968)
(32.2113 -1.97018e-18 3.8954)
(32.1166 0 3.61705)
(32.0516 -4.63782e-19 3.34002)
(32.0148 -2.42266e-19 3.06966)
(32.0036 4.82689e-19 2.81059)
(32.0141 -1.71916e-18 2.56638)
(32.042 1.98947e-18 2.33917)
(32.0829 0 2.12983)
(32.1326 -3.80531e-19 1.938)
(32.1877 0 1.76252)
(32.2452 2.36494e-18 1.60167)
(32.303 -2.01426e-18 1.45346)
(32.3594 -2.32662e-18 1.31585)
(32.4134 3.36417e-18 1.18685)
(32.464 -1.15894e-18 1.06461)
(32.5107 -1.34648e-18 0.947428)
(32.553 1.3973e-18 0.833969)
(32.5908 0 0.723187)
(32.6237 -1.77285e-19 0.613697)
(32.6515 -1.786e-19 0.503424)
(32.6743 1.01888e-19 0.392879)
(32.6943 0 0.288127)
(32.7122 4.82674e-19 0.17848)
(32.724 -5.42899e-19 0.0130351)
(50.3085 -1.23908e-18 7.46109)
(46.4895 5.25123e-20 7.75492)
(44.8769 1.38918e-19 8.17552)
(43.5159 -2.7014e-19 8.03377)
(42.6014 -1.41376e-17 7.95727)
(41.8224 1.14318e-17 7.86869)
(41.1641 4.51765e-20 7.78363)
(40.5717 3.31343e-18 7.72481)
(40.03 1.2884e-19 7.67718)
(39.5397 -4.72468e-19 7.61456)
(39.1039 1.30739e-19 7.52457)
(38.7096 1.3823e-18 7.42265)
(38.3482 -5.82248e-20 7.30619)
(38.0081 0 7.19598)
(37.6768 -9.06409e-19 7.10103)
(37.3476 -3.25671e-19 7.02014)
(37.0198 1.71519e-18 6.94453)
(36.6994 -1.37103e-18 6.86227)
(36.3945 4.84273e-19 6.76464)
(36.108 -1.13513e-18 6.65244)
(35.8366 6.48302e-19 6.53182)
(35.5734 -1.35774e-18 6.41024)
(35.3115 1.46624e-18 6.29168)
(35.0479 -7.64512e-19 6.17343)
(34.7851 -8.67742e-19 6.04893)
(34.5275 -4.96287e-19 5.91234)
(34.2787 1.40884e-18 5.76125)
(34.0394 -5.03185e-19 5.59599)
(33.8088 1.08311e-18 5.4172)
(33.5867 -1.09359e-18 5.22457)
(33.3749 1.47902e-18 5.01684)
(33.177 -2.63842e-19 4.79313)
(32.9976 3.48929e-20 4.55392)
(32.8409 -9.65795e-19 4.30154)
(32.71 -6.77133e-19 4.03973)
(32.6069 0 3.77311)
(32.5317 1.43638e-18 3.50664)
(32.4836 -1.63144e-18 3.24516)
(32.4603 9.33667e-21 2.99297)
(32.4587 1.69225e-18 2.75346)
(32.4749 -1.91157e-18 2.52896)
(32.505 -1.9967e-19 2.32064)
(32.5453 0 2.12866)
(32.5923 0 1.95232)
(32.6433 4.0199e-19 1.79037)
(32.696 0 1.64119)
(32.7487 -1.7508e-18 1.50302)
(32.8002 1.68381e-18 1.37406)
(32.8494 -2.0825e-19 1.2526)
(32.8957 -1.13551e-19 1.137)
(32.9386 -1.80156e-18 1.02579)
(32.9776 -2.18683e-19 0.917612)
(33.0125 1.81999e-18 0.811446)
(33.0432 1.01471e-18 0.706553)
(33.0693 -2.01475e-18 0.601725)
(33.0905 1.49634e-19 0.494963)
(33.1072 2.31444e-18 0.387271)
(33.1216 -1.34809e-18 0.285976)
(33.1342 -3.75559e-19 0.177937)
(33.1408 4.28323e-19 0.00141852)
(49.9138 -1.08964e-18 6.97416)
(46.4961 4.24526e-20 7.48539)
(44.8811 -1.71072e-17 7.97837)
(43.5381 1.27216e-19 7.89195)
(42.6126 1.20828e-17 7.84583)
(41.8278 -5.02054e-18 7.77786)
(41.1617 -3.85858e-18 7.71073)
(40.5647 -2.63494e-18 7.65402)
(40.0248 -1.67226e-18 7.59454)
(39.5403 3.57246e-19 7.51643)
(39.1084 -1.51725e-19 7.41831)
(38.7154 -1.06832e-18 7.3133)
(38.3509 0 7.20313)
(38.0035 0 7.10191)
(37.6645 0 7.01177)
(37.3309 -3.00031e-19 6.9275)
(37.0043 -6.59927e-19 6.83939)
(36.6903 -3.57436e-19 6.73909)
(36.3929 0 6.62451)
(36.1111 9.57246e-19 6.50034)
(35.8399 0 6.37232)
(35.5741 0 6.24379)
(35.3106 0 6.11376)
(35.0501 -6.64637e-19 5.97773)
(34.7959 -7.10417e-19 5.83109)
(34.5509 5.67548e-22 5.67127)
(34.3168 1.93055e-20 5.49786)
(34.0939 1.59219e-20 5.31102)
(33.8828 0 5.11064)
(33.6853 0 4.89629)
(33.5045 -2.39319e-19 4.66811)
(33.3441 2.5384e-19 4.42746)
(33.207 0 4.17721)
(33.0956 -2.42293e-18 3.92131)
(33.0105 2.46213e-18 3.66431)
(32.9515 -2.25585e-18 3.41076)
(32.9167 -2.02865e-18 3.16477)
(32.9035 4.78649e-18 2.92969)
(32.9085 1.51717e-19 2.70789)
(32.9283 -1.53702e-19 2.50076)
(32.9592 1.55472e-19 2.30876)
(32.9982 0 2.1316)
(33.0424 2.44388e-18 1.96843)
(33.0896 -1.64187e-19 1.81799)
(33.138 -5.01705e-18 1.67881)
(33.1863 2.54334e-18 1.54932)
(33.2334 2.56586e-18 1.42797)
(33.2785 -2.62625e-18 1.31324)
(33.3211 3.35337e-19 1.20373)
(33.3608 -1.36523e-18 1.0981)
(33.3971 2.81566e-18 0.995129)
(33.4297 -1.26972e-18 0.893735)
(33.4585 0 0.793111)
(33.4832 -1.58144e-18 0.692738)
(33.5037 1.56435e-18 0.591547)
(33.5195 0 0.487584)
(33.5311 7.37926e-21 0.382235)
(33.5409 0 0.283836)
(33.549 -5.8366e-19 0.177318)
(33.5513 5.83361e-19 -0.00785582)
(49.4903 -3.4555e-17 6.45515)
(46.4818 0 7.17609)
(44.8792 1.39071e-17 7.7393)
(43.559 -1.17166e-17 7.71842)
(42.6238 -1.99295e-17 7.70689)
(41.8343 0 7.66037)
(41.1627 3.14945e-18 7.6079)
(40.564 0 7.55128)
(40.0274 2.38184e-20 7.48157)
(39.548 0 7.39223)
(39.1183 -1.00873e-19 7.28908)
(38.7245 -1.81134e-21 7.18324)
(38.3554 0 7.0779)
(38.0016 5.87441e-19 6.98003)
(37.658 -2.10656e-19 6.88724)
(37.3239 -7.2468e-19 6.79333)
(37.0016 -8.06617e-21 6.69089)
(36.6942 0 6.576)
(36.4022 -7.24134e-19 6.45015)
(36.1228 4.40595e-22 6.31768)
(35.852 0 6.18145)
(35.587 -4.80763e-19 6.04142)
(35.328 0 5.89493)
(35.0768 1.19861e-21 5.73859)
(34.8362 2.87257e-21 5.57016)
(34.608 3.17438e-19 5.38892)
(34.3935 -1.02993e-18 5.19496)
(34.1938 1.02569e-18 4.98846)
(34.0106 -1.49433e-18 4.76977)
(33.8465 3.33232e-19 4.53984)
(33.7039 1.37831e-18 4.30067)
(33.5848 2.00992e-19 4.05535)
(33.4905 1.69723e-18 3.80776)
(33.4209 -1.70305e-18 3.56207)
(33.3748 -1.76484e-18 3.32226)
(33.3502 3.78989e-18 3.09167)
(33.3442 -2.04197e-18 2.87284)
(33.3537 -2.22222e-19 2.66735)
(33.3753 0 2.4759)
(33.406 -2.25937e-19 2.29847)
(33.4432 1.64713e-18 2.13448)
(33.4845 -3.67311e-18 1.98296)
(33.5281 1.91527e-18 1.84275)
(33.5726 1.25191e-19 1.71249)
(33.6169 -2.06918e-18 1.59083)
(33.6601 1.31157e-19 1.47639)
(33.7017 4.12444e-18 1.36788)
(33.741 -4.07235e-18 1.26404)
(33.7778 3.89471e-18 1.1637)
(33.8117 -2.13275e-18 1.06577)
(33.8424 2.31662e-18 0.969235)
(33.8696 -2.26587e-18 0.873184)
(33.8932 0 0.776983)
(33.913 1.22902e-18 0.68028)
(33.9288 -2.75316e-18 0.582109)
(33.94 2.76421e-18 0.480551)
(33.9473 9.60244e-20 0.377303)
(33.9532 -2.4383e-18 0.28148)
(33.9576 8.96098e-19 0.176524)
(33.9563 6.67218e-20 -0.0151641)
(49.0388 9.71146e-20 5.9201)
(46.4361 2.65025e-17 6.83916)
(44.8641 -2.12075e-19 7.46845)
(43.5735 1.02692e-17 7.51973)
(42.6318 7.80885e-18 7.5441)
(41.8398 5.92148e-20 7.51872)
(41.165 5.41019e-20 7.47876)
(40.5668 1.41543e-19 7.42315)
(40.0339 1.15385e-18 7.3484)
(39.5579 1.7e-20 7.25509)
(39.1285 6.70981e-20 7.15206)
(38.7321 2.56787e-19 7.048)
(38.3585 -7.09736e-20 6.9452)
(38.0007 -1.27536e-18 6.84522)
(37.6562 6.46852e-19 6.74413)
(37.325 1.15217e-18 6.63716)
(37.0084 1.37174e-18 6.52024)
(36.7072 1.07862e-18 6.39267)
(36.42 1.21579e-18 6.25653)
(36.1439 -2.05546e-18 6.11408)
(35.8769 1.48524e-18 5.96563)
(35.6186 4.28629e-19 5.80972)
(35.3705 4.65058e-19 5.64417)
(35.1346 -4.40409e-19 5.46732)
(34.913 4.99626e-19 5.27859)
(34.7073 5.20701e-19 5.07824)
(34.5191 -2.7316e-19 4.86689)
(34.3498 0 4.64557)
(34.2014 -2.73597e-18 4.41585)
(34.0752 2.45117e-18 4.18011)
(33.9723 2.91923e-18 3.94145)
(33.8928 -2.78323e-18 3.70343)
(33.8359 0 3.46968)
(33.8001 3.42914e-19 3.24347)
(33.7831 -2.61573e-18 3.02747)
(33.7821 -1.61249e-20 2.8235)
(33.7942 2.83953e-18 2.63257)
(33.8164 1.26065e-20 2.4549)
(33.8462 -1.7435e-19 2.2902)
(33.8812 3.08419e-18 2.13767)
(33.9195 -2.73823e-18 1.99634)
(33.9597 -9.5698e-20 1.86507)
(34.0005 2.95559e-18 1.74268)
(34.0411 1.63294e-19 1.62797)
(34.0808 -3.02979e-18 1.51975)
(34.1191 8.53683e-20 1.41688)
(34.1555 -1.00911e-19 1.31826)
(34.1897 0 1.22285)
(34.2213 1.04687e-19 1.12967)
(34.2502 0 1.03781)
(34.2761 -1.10204e-19 0.946395)
(34.2987 1.74934e-18 0.854654)
(34.3179 -4.28662e-21 0.762097)
(34.3335 -3.81137e-18 0.668471)
(34.3453 4.15051e-18 0.572916)
(34.3527 -2.14024e-18 0.473529)
(34.3564 0 0.372273)
(34.3589 1.25801e-18 0.278835)
(34.3601 -1.39014e-18 0.175514)
(34.3557 0 -0.0207626)
(48.5616 2.27868e-17 5.37983)
(46.351 -6.96844e-19 6.47435)
(44.8315 9.678e-18 7.16323)
(43.5794 -8.27038e-18 7.29011)
(42.637 1.89761e-19 7.34951)
(41.846 -2.00373e-19 7.34333)
(41.1712 2.25338e-19 7.31266)
(40.5756 -3.85928e-19 7.25816)
(40.0465 1.56833e-19 7.18187)
(39.5727 0 7.0888)
(39.1423 0 6.98788)
(38.7433 0 6.88512)
(38.3668 0 6.78139)
(38.0081 -2.47879e-19 6.67541)
(37.6657 -2.98072e-19 6.5638)
(37.3394 -1.02871e-18 6.44386)
(37.0292 3.6824e-19 6.3141)
(36.7342 -9.05856e-19 6.17505)
(36.4528 -2.08875e-18 6.02793)
(36.1833 1.65142e-18 5.87314)
(35.9253 0 5.7099)
(35.6799 -6.76474e-19 5.53694)
(35.4488 3.64719e-19 5.35329)
(35.234 0 5.15874)
(35.0371 -1.67821e-18 4.9539)
(34.8598 3.01884e-18 4.73987)
(34.7035 -1.54884e-18 4.51824)
(34.5691 0 4.29105)
(34.4574 4.85811e-19 4.06087)
(34.3683 -2.56365e-19 3.83064)
(34.3013 -2.31052e-18 3.60347)
(34.2548 2.33223e-18 3.38234)
(34.2269 2.12927e-18 3.16981)
(34.2153 -2.28605e-18 2.96787)
(34.2175 -9.72851e-21 2.77779)
(34.2307 -1.01313e-20 2.60015)
(34.2525 0 2.43492)
(34.2807 -1.93817e-18 2.28157)
(34.3131 2.38339e-18 2.13929)
(34.3484 0 2.00707)
(34.3851 0 1.88384)
(34.4225 -2.26605e-18 1.76856)
(34.4596 2.43344e-18 1.66014)
(34.496 2.29029e-18 1.55759)
(34.5312 -2.47872e-18 1.4599)
(34.5648 -1.1566e-20 1.36612)
(34.5965 0 1.27532)
(34.626 0 1.18664)
(34.6532 -2.47796e-18 1.09923)
(34.6777 2.70148e-18 1.0123)
(34.6994 -2.61122e-18 0.925113)
(34.718 2.70668e-18 0.836982)
(34.7334 2.80737e-18 0.747531)
(34.7454 -4.41161e-18 0.656609)
(34.7537 1.55097e-18 0.563439)
(34.7578 9.97926e-20 0.466171)
(34.7584 0 0.366929)
(34.758 -2.93144e-20 0.275808)
(34.7565 0 0.174251)
(34.7495 0 -0.0248699)
(48.0603 -3.82041e-17 4.84815)
(46.2184 -6.35051e-19 6.08188)
(44.7755 -1.48131e-19 6.8228)
(43.5723 6.94137e-18 7.02811)
(42.6367 6.02759e-18 7.12447)
(41.8507 -3.32636e-19 7.13898)
(41.1787 0 7.11799)
(40.5872 0 7.06686)
(40.0618 -6.67068e-20 6.99242)
(39.5896 -2.64057e-19 6.9019)
(39.1586 -4.6699e-20 6.80291)
(38.7583 0 6.69938)
(38.3817 0 6.59125)
(38.0253 7.08521e-19 6.47669)
(37.6876 -4.85172e-20 6.3537)
(37.3679 1.68338e-18 6.22122)
(37.0652 -5.70443e-19 6.07911)
(36.7783 3.70107e-20 5.92788)
(36.5062 1.31858e-18 5.76785)
(36.2483 -4.36801e-19 5.59869)
(36.0055 0 5.41978)
(35.7792 -1.14973e-18 5.23077)
(35.571 -3.58525e-19 5.03197)
(35.3827 1.55277e-18 4.82435)
(35.2156 -1.36449e-18 4.60948)
(35.0708 2.80151e-18 4.38937)
(34.9486 -1.79231e-18 4.16639)
(34.8491 0 3.94314)
(34.7715 -1.99183e-19 3.72233)
(34.7145 0 3.50657)
(34.676 3.4453e-18 3.29816)
(34.6541 -6.75428e-18 3.099)
(34.6462 3.30524e-18 2.91046)
(34.65 3.34321e-18 2.73333)
(34.6633 -3.2759e-18 2.56788)
(34.6838 -1.10649e-19 2.41389)
(34.7098 3.29789e-18 2.27079)
(34.7394 -3.54122e-18 2.13773)
(34.7715 1.03419e-19 2.01375)
(34.8049 0 1.89786)
(34.8387 -3.46232e-18 1.78908)
(34.8725 6.98462e-18 1.68648)
(34.9056 -3.64156e-18 1.58917)
(34.9378 -3.65187e-18 1.4963)
(34.9686 1.36684e-19 1.40704)
(34.9979 6.91052e-18 1.32059)
(35.0254 -7.35058e-18 1.23616)
(35.0508 3.74639e-18 1.15301)
(35.074 -2.29642e-19 1.0704)
(35.0947 -1.27658e-19 0.987644)
(35.1127 2.4197e-19 0.904079)
(35.1278 -2.07397e-18 0.819115)
(35.1398 2.02978e-18 0.732461)
(35.1486 2.12184e-18 0.644057)
(35.1539 -2.3823e-18 0.553201)
(35.1552 -2.46749e-18 0.458107)
(35.1531 2.72875e-18 0.36101)
(35.1503 2.42865e-20 0.272235)
(35.1464 0 0.172632)
(35.1372 0 -0.0277042)
(47.5372 1.61035e-17 4.33896)
(46.0326 -2.97268e-17 5.66133)
(44.6908 -1.9712e-17 6.44182)
(43.5485 -6.05242e-18 6.72362)
(42.6294 -7.48893e-20 6.85881)
(41.8535 0 6.89679)
(41.1873 0 6.88759)
(40.6014 -2.07392e-19 6.84274)
(40.0801 2.14765e-19 6.77273)
(39.61 6.84249e-21 6.68567)
(39.1799 -1.84664e-20 6.58776)
(38.7808 7.7556e-20 6.48168)
(38.4071 -1.67373e-19 6.36734)
(38.0559 -8.53813e-19 6.24359)
(37.7255 -3.8529e-19 6.1097)
(37.4145 3.57476e-20 5.96559)
(37.1218 1.20822e-18 5.81148)
(36.8466 -3.76668e-18 5.64776)
(36.5885 2.81643e-18 5.47445)
(36.3481 -1.88535e-18 5.29151)
(36.1263 4.16168e-19 5.09914)
(35.9245 0 4.89812)
(35.7441 2.47317e-19 4.68982)
(35.5861 -2.60551e-18 4.47616)
(35.4511 1.85234e-18 4.25944)
(35.339 0 4.04217)
(35.2493 5.78109e-19 3.8269)
(35.1807 0 3.61608)
(35.1311 0 3.41183)
(35.0986 -4.80742e-18 3.21588)
(35.0806 4.99339e-18 3.02953)
(35.0749 -2.38213e-18 2.85359)
(35.0793 2.55254e-18 2.68849)
(35.0917 2.72444e-18 2.53422)
(35.1103 -5.49618e-18 2.39046)
(35.1336 5.19562e-18 2.25662)
(35.1602 7.51483e-20 2.13191)
(35.1889 -2.6244e-18 2.01543)
(35.2188 7.14182e-20 1.90625)
(35.2493 -1.58372e-19 1.80349)
(35.2797 2.64541e-18 1.70629)
(35.3096 -5.49543e-18 1.61389)
(35.3388 2.53202e-18 1.52553)
(35.3669 -2.70054e-18 1.44052)
(35.3937 -1.49819e-19 1.35815)
(35.419 2.95558e-18 1.27774)
(35.4427 -1.68505e-19 1.19863)
(35.4644 0 1.12014)
(35.4839 1.91068e-19 1.04165)
(35.5012 1.79205e-19 0.962531)
(35.5159 -2.01214e-19 0.882203)
(35.5278 -3.17022e-18 0.800149)
(35.5369 3.40853e-18 0.716158)
(35.5429 1.13111e-19 0.630239)
(35.5456 -1.8219e-18 0.541763)
(35.5444 -1.31383e-20 0.449008)
(35.5401 2.08569e-18 0.354266)
(35.5351 -1.13091e-18 0.267946)
(35.5292 6.27077e-19 0.170542)
(35.5181 5.43701e-19 -0.0294212)
(46.9947 1.19875e-17 3.86585)
(45.7894 2.45389e-17 5.21914)
(44.5713 1.10721e-17 6.02356)
(43.5027 4.75333e-18 6.37457)
(42.6115 -3.9637e-18 6.54922)
(41.8521 3.13925e-18 6.61318)
(41.1958 2.41965e-18 6.61829)
(40.6177 6.91854e-19 6.58212)
(40.102 2.67835e-19 6.51784)
(39.6359 1.45032e-19 6.43395)
(39.2091 -2.50632e-20 6.33586)
(38.8144 2.02409e-19 6.22596)
(38.447 3.53211e-19 6.10474)
(38.104 4.9962e-19 5.97209)
(37.7837 0 5.82817)
(37.4846 1.21621e-18 5.67339)
(37.2057 -8.48546e-19 5.5082)
(36.9469 1.60668e-18 5.33306)
(36.7081 1.00272e-19 5.14849)
(36.4903 4.01995e-19 4.95519)
(36.2941 -1.34206e-18 4.75439)
(36.1206 -1.50335e-18 4.54779)
(35.9703 1.52018e-18 4.33757)
(35.8434 2.10199e-19 4.12616)
(35.7392 2.19612e-19 3.91611)
(35.6569 -3.54729e-18 3.70983)
(35.5946 1.74291e-18 3.50945)
(35.5502 -2.09875e-20 3.31673)
(35.5214 1.86738e-18 3.1329)
(35.5058 -1.24508e-19 2.95879)
(35.5009 3.84604e-18 2.79478)
(35.5048 -1.2494e-19 2.64094)
(35.5156 -7.79851e-18 2.49707)
(35.5318 3.67767e-18 2.36277)
(35.5521 1.2963e-19 2.23744)
(35.5752 0 2.12038)
(35.6004 0 2.01079)
(35.6268 0 1.90784)
(35.6538 -3.994e-18 1.81071)
(35.6808 8.02754e-18 1.71862)
(35.7075 -4.037e-18 1.63088)
(35.7337 2.54522e-19 1.54683)
(35.759 -3.93138e-18 1.46586)
(35.7833 4.12037e-18 1.38739)
(35.8064 1.36715e-19 1.31081)
(35.828 4.19022e-18 1.23555)
(35.8481 -4.12945e-18 1.16102)
(35.8664 0 1.08663)
(35.8827 -1.32433e-19 1.01181)
(35.8968 -1.4911e-19 0.935997)
(35.9085 0 0.858686)
(35.9176 2.55385e-18 0.779418)
(35.924 -2.50767e-18 0.698049)
(35.9275 -1.57393e-19 0.614667)
(35.9279 0 0.528707)
(35.9247 -3.04943e-18 0.438529)
(35.9184 1.48725e-18 0.346438)
(35.9117 1.72217e-18 0.262752)
(35.904 0 0.167842)
(35.8913 1.43789e-19 -0.0301585)
(46.4362 -1.04341e-17 3.43633)
(45.4888 -1.97593e-17 4.76243)
(44.4113 4.95445e-19 5.5732)
(43.4288 -5.35486e-19 5.98177)
(42.5783 3.53462e-19 6.19503)
(41.8431 -9.99468e-19 6.28692)
(41.2019 -1.44393e-18 6.30895)
(40.6349 -7.24654e-19 6.28364)
(40.1276 1.49055e-19 6.226)
(39.6684 -1.53784e-19 6.14503)
(39.2487 1.89711e-19 6.04614)
(38.8621 -5.02788e-20 5.9321)
(38.5045 -2.34166e-19 5.80429)
(38.1733 0 5.6636)
(37.8667 5.73074e-19 5.51089)
(37.5835 -1.58341e-18 5.34697)
(37.3231 1.04995e-18 5.17275)
(37.0853 1.74981e-18 4.98921)
(36.8705 -1.32494e-18 4.79762)
(36.6789 -2.59688e-19 4.59957)
(36.5111 -2.78193e-18 4.39706)
(36.3669 2.26385e-18 4.19241)
(36.246 2.77784e-18 3.98809)
(36.1476 -2.20264e-18 3.78655)
(36.0702 2.66443e-18 3.59002)
(36.0119 -1.17835e-19 3.40038)
(35.9704 1.65285e-20 3.21902)
(35.9434 -2.80858e-18 3.04686)
(35.9284 -1.70664e-19 2.88435)
(35.9232 2.89288e-18 2.73156)
(35.9257 -2.91214e-18 2.58831)
(35.9343 0 2.45422)
(35.9476 2.94472e-18 2.3288)
(35.9645 -2.8658e-18 2.21146)
(35.9841 0 2.10158)
(36.0056 2.9735e-18 1.99844)
(36.0283 -2.99475e-18 1.90133)
(36.0516 -2.9904e-18 1.80953)
(36.0752 3.00489e-18 1.72232)
(36.0987 -2.91181e-18 1.63908)
(36.1217 6.24752e-18 1.5592)
(36.1441 -6.02002e-18 1.48216)
(36.1658 3.26212e-18 1.40745)
(36.1864 1.84673e-19 1.33456)
(36.206 -3.12044e-18 1.26299)
(36.2242 3.17255e-18 1.19223)
(36.241 -1.91637e-19 1.12178)
(36.2562 0 1.05111)
(36.2694 1.10253e-19 0.979696)
(36.2807 0 0.907041)
(36.2897 0 0.832685)
(36.2962 -1.20194e-19 0.756239)
(36.3002 3.78769e-18 0.677616)
(36.3015 1.34855e-19 0.596954)
(36.2999 -6.27752e-18 0.513772)
(36.2949 2.09336e-18 0.426501)
(36.287 2.48272e-18 0.337407)
(36.2787 -2.6141e-18 0.256598)
(36.2695 -7.29542e-19 0.164512)
(36.2556 8.24113e-19 -0.0300235)
(45.8671 2.34175e-19 3.05232)
(45.1351 8.29872e-18 4.29976)
(44.2074 -4.86105e-19 5.09719)
(43.3216 -3.03099e-18 5.54706)
(42.5249 3.14482e-18 5.79518)
(41.8231 -2.77004e-18 5.91509)
(41.2035 0 5.95583)
(40.6523 -5.82741e-19 5.94302)
(40.1576 3.60388e-19 5.89289)
(39.7097 1.45189e-19 5.81527)
(39.3012 -7.00437e-20 5.71609)
(38.9269 2.37826e-19 5.59891)
(38.5834 -9.39371e-19 5.46608)
(38.268 2.53083e-19 5.31935)
(37.9794 0 5.16027)
(37.7163 2.45128e-19 4.99034)
(37.4785 -3.01659e-19 4.81106)
(37.2654 0 4.62419)
(37.0772 -3.78062e-19 4.43168)
(36.9133 0 4.23578)
(36.7735 4.24774e-19 4.03886)
(36.6568 0 3.84337)
(36.5619 -2.46473e-19 3.6516)
(36.4873 -2.23032e-18 3.46558)
(36.4308 -3.60086e-20 3.28694)
(36.3902 2.30282e-18 3.11681)
(36.3632 -2.63372e-19 2.95588)
(36.3473 -1.26326e-19 2.80435)
(36.3405 1.42712e-19 2.66212)
(36.3408 1.28712e-19 2.52881)
(36.3466 0 2.40393)
(36.3567 0 2.28691)
(36.37 -4.40483e-18 2.17716)
(36.3858 1.44173e-19 2.07409)
(36.4034 1.53937e-20 1.97709)
(36.4223 4.46088e-18 1.88555)
(36.4419 -1.3246e-19 1.79883)
(36.4619 0 1.71633)
(36.482 -7.47402e-20 1.63746)
(36.5018 1.33917e-19 1.56167)
(36.5212 -1.50757e-19 1.4885)
(36.5401 -1.62179e-20 1.41748)
(36.5582 -1.62807e-20 1.3482)
(36.5755 -2.91456e-19 1.28023)
(36.5917 4.66776e-18 1.21315)
(36.6068 -4.74505e-18 1.1465)
(36.6206 -4.63811e-18 1.07984)
(36.6328 4.89884e-18 1.01269)
(36.6433 -1.48552e-19 0.944582)
(36.6519 5.11731e-18 0.87506)
(36.6584 -7.9109e-18 0.803694)
(36.6626 -5.50624e-22 0.730178)
(36.6644 2.83925e-18 0.654449)
(36.6637 0 0.576718)
(36.6604 -1.87269e-19 0.496598)
(36.6538 3.36502e-18 0.412603)
(36.6445 -3.65389e-18 0.326917)
(36.635 0 0.249266)
(36.6245 -1.09657e-18 0.1604)
(36.6096 1.23784e-18 -0.0291354)
(45.2942 5.94117e-18 2.71088)
(44.737 3.53053e-19 3.84141)
(43.9589 -3.8229e-19 4.6049)
(43.1776 7.38875e-18 5.07654)
(42.4469 -2.1646e-18 5.35221)
(41.7883 0 5.4976)
(41.1983 0 5.55728)
(40.6693 1.07732e-19 5.5578)
(40.1927 -1.12964e-19 5.51614)
(39.7612 5.5622e-20 5.44292)
(39.3689 -9.5379e-20 5.34495)
(39.0117 2.44816e-19 5.22677)
(38.6865 0 5.09162)
(38.3913 2.68852e-19 4.94217)
(38.1245 0 4.78074)
(37.8853 -2.05768e-19 4.60954)
(37.6727 0 4.43082)
(37.4861 0 4.24694)
(37.3246 0 4.06031)
(37.1873 -2.49869e-18 3.87339)
(37.0728 -4.41111e-19 3.68852)
(36.9796 5.44484e-18 3.50784)
(36.9057 -5.33802e-18 3.33318)
(36.8492 2.90258e-18 3.16593)
(36.8077 0 3.00708)
(36.779 -1.02469e-19 2.85711)
(36.7609 3.32956e-18 2.71614)
(36.7515 -2.95595e-18 2.58395)
(36.7487 0 2.46008)
(36.7512 -3.32356e-18 2.34398)
(36.7577 6.46853e-18 2.23502)
(36.7673 -3.25225e-18 2.1326)
(36.7791 0 2.03615)
(36.7927 -1.2972e-20 1.94511)
(36.8075 0 1.85896)
(36.8233 0 1.77718)
(36.8396 1.29913e-20 1.69924)
(36.8562 -3.30663e-18 1.62464)
(36.8727 3.33255e-18 1.5529)
(36.8891 -1.11695e-19 1.48356)
(36.905 0 1.41624)
(36.9205 -1.12894e-19 1.35056)
(36.9353 -2.14283e-19 1.28617)
(36.9494 1.14666e-19 1.2227)
(36.9626 0 1.15979)
(36.9747 0 1.09704)
(36.9856 -3.5601e-18 1.03404)
(36.9951 3.84968e-18 0.970356)
(37.0029 -9.59728e-20 0.90556)
(37.009 -3.80313e-18 0.839253)
(37.0132 3.68739e-18 0.771054)
(37.0152 0 0.70071)
(37.0151 4.23183e-18 0.628201)
(37.0127 -4.29567e-18 0.55377)
(37.0077 2.94873e-19 0.477081)
(36.9998 2.31296e-19 0.396746)
(36.9895 1.24618e-19 0.314879)
(36.9789 0 0.240734)
(36.9674 -1.01155e-18 0.155505)
(36.9518 9.22956e-19 -0.0275856)
(44.7258 -5.15942e-18 2.40534)
(44.3062 -5.52964e-19 3.39758)
(43.6693 5.93744e-19 4.10791)
(42.9958 -3.20016e-18 4.58075)
(42.3408 6.96613e-19 4.87343)
(41.7351 7.4742e-19 5.03917)
(41.1834 6.29094e-19 5.11621)
(40.6841 1.08795e-18 5.13012)
(40.2322 -5.71069e-19 5.09787)
(39.823 7.45401e-20 5.03072)
(39.4524 -7.6643e-20 4.93635)
(39.1172 0 4.82025)
(38.8148 1.31139e-19 4.68662)
(38.5435 0 4.53896)
(38.3017 2.37389e-19 4.38035)
(38.0882 -1.28678e-18 4.21369)
(37.9017 1.30797e-18 4.04175)
(37.741 -1.82484e-19 3.8672)
(37.6044 1.74698e-18 3.69255)
(37.4904 -3.42019e-18 3.52009)
(37.3971 2.24238e-18 3.35184)
(37.3224 -1.93346e-18 3.18944)
(37.2642 1.91388e-18 3.03413)
(37.2204 -2.1816e-18 2.88674)
(37.1888 2.06972e-18 2.74768)
(37.1674 1.32309e-19 2.61702)
(37.1543 2.21788e-18 2.49453)
(37.1478 -2.38829e-18 2.37974)
(37.1464 0 2.27208)
(37.1489 4.63287e-18 2.17093)
(37.1545 -4.72922e-18 2.07567)
(37.1622 0 1.98573)
(37.1717 -4.7638e-18 1.9006)
(37.1826 4.71077e-18 1.81983)
(37.1944 -4.86506e-18 1.74296)
(37.2069 4.82451e-18 1.66957)
(37.2198 8.13993e-20 1.59925)
(37.233 1.42543e-19 1.53156)
(37.2461 1.43161e-19 1.46612)
(37.2591 -4.88281e-18 1.40256)
(37.2717 4.78366e-18 1.34055)
(37.284 5.08699e-18 1.27979)
(37.2957 -4.91449e-18 1.21998)
(37.3067 5.02625e-18 1.1608)
(37.317 -5.09912e-18 1.10193)
(37.3263 -5.30304e-18 1.04301)
(37.3344 -1.42506e-19 0.983674)
(37.3413 5.32145e-18 0.923524)
(37.3467 1.83165e-19 0.86217)
(37.3505 0 0.799259)
(37.3525 2.312e-20 0.734453)
(37.3525 1.76837e-19 0.667551)
(37.3505 0 0.598575)
(37.3465 -1.09576e-19 0.527791)
(37.3402 -1.15763e-19 0.454941)
(37.3312 -3.82227e-18 0.37873)
(37.32 1.9086e-18 0.301143)
(37.3087 2.16434e-18 0.230862)
(37.2964 1.60774e-19 0.149727)
(37.2804 3.26036e-19 -0.0254457)
(44.1714 0 2.12729)
(43.8572 0 2.97526)
(43.3463 0 3.61697)
(42.779 0 4.07161)
(42.2059 -1.97262e-18 4.3688)
(41.6615 5.47373e-19 4.54751)
(41.1566 0 4.63859)
(40.6947 -1.27853e-18 4.665)
(40.2746 2.07563e-19 4.64291)
(39.8941 0 4.58385)
(39.5506 0 4.49614)
(39.242 9.53974e-20 4.38606)
(38.9662 3.78968e-19 4.25863)
(38.7215 -4.99423e-19 4.11805)
(38.5062 -2.78016e-20 3.96801)
(38.3188 0 3.81181)
(38.1574 0 3.65245)
(38.0201 2.51112e-18 3.49257)
(37.9052 -4.93941e-18 3.3345)
(37.8103 2.40156e-18 3.18015)
(37.7334 -3.04513e-18 3.03109)
(37.6724 2.61471e-18 2.88842)
(37.6251 -1.91508e-19 2.75292)
(37.5896 -3.0597e-18 2.62495)
(37.564 6.49924e-18 2.5046)
(37.5465 -3.3492e-18 2.39167)
(37.5356 -3.30685e-18 2.28576)
(37.5298 3.23107e-18 2.18635)
(37.528 3.36561e-18 2.09285)
(37.5293 -3.22899e-18 2.00466)
(37.5329 -3.40565e-18 1.92123)
(37.5382 3.42459e-18 1.84208)
(37.545 1.00274e-19 1.76677)
(37.5528 0 1.69494)
(37.5614 -3.4032e-18 1.62622)
(37.5706 6.9579e-18 1.56028)
(37.5803 -1.11589e-19 1.49677)
(37.5901 -3.52869e-18 1.43535)
(37.6 3.50136e-18 1.3757)
(37.6097 -7.0833e-18 1.3175)
(37.6192 3.58523e-18 1.2605)
(37.6284 3.46118e-18 1.20442)
(37.6371 -3.62385e-18 1.14902)
(37.6453 0 1.09403)
(37.6528 -3.69243e-18 1.03915)
(37.6594 3.87929e-18 0.984064)
(37.665 3.93721e-18 0.92844)
(37.6694 -3.79064e-18 0.871928)
(37.6725 -2.33522e-19 0.814173)
(37.674 4.08781e-18 0.75487)
(37.674 -4.06998e-18 0.693739)
(37.6722 -4.04688e-19 0.630619)
(37.6686 0 0.565566)
(37.6632 4.80108e-18 0.498864)
(37.6558 -5.20452e-18 0.430289)
(37.646 -2.71144e-18 0.358644)
(37.6341 -5.78309e-20 0.285778)
(37.6222 3.12625e-18 0.219718)
(37.6095 2.08214e-19 0.143105)
(37.5932 -7.47721e-19 -0.0228734)
(43.6402 5.50179e-18 1.86952)
(43.4046 2.94544e-19 2.5792)
(43.0012 1.77333e-18 3.14243)
(42.5337 1.16873e-18 3.56306)
(42.0445 -8.41525e-19 3.85201)
(41.5672 -1.40693e-19 4.03508)
(41.1163 -1.21453e-19 4.13554)
(40.6991 5.27845e-19 4.17261)
(40.3175 0 4.16105)
(39.9715 -1.85644e-19 4.11204)
(39.6601 2.07112e-19 4.03419)
(39.3818 -8.01527e-20 3.93428)
(39.1351 -1.2053e-19 3.81785)
(38.9182 9.18295e-19 3.68952)
(38.7293 -2.21999e-18 3.55328)
(38.5666 1.16015e-18 3.41251)
(38.4278 -1.35179e-18 3.27014)
(38.3108 1.7229e-18 3.12858)
(38.2135 1.70629e-18 2.98979)
(38.1335 -1.82856e-18 2.8553)
(38.0689 2.02098e-18 2.7262)
(38.0175 -1.89845e-18 2.60323)
(37.9775 2.24579e-18 2.4868)
(37.9471 -2.26612e-18 2.37702)
(37.9247 -2.27343e-18 2.27379)
(37.9088 -2.05465e-20 2.17681)
(37.8983 4.66542e-18 2.08565)
(37.8919 -2.27334e-18 1.99979)
(37.8888 0 1.91871)
(37.8881 -4.88506e-18 1.84189)
(37.8893 4.82898e-18 1.76886)
(37.892 4.85936e-18 1.69922)
(37.8958 -4.9695e-18 1.63264)
(37.9006 4.90722e-18 1.5688)
(37.9061 -5.73388e-21 1.50744)
(37.9122 -4.95926e-18 1.44827)
(37.9187 8.51962e-20 1.39103)
(37.9254 -1.58266e-19 1.33542)
(37.9321 -8.60036e-20 1.28119)
(37.9388 0 1.22807)
(37.9454 2.35341e-19 1.17586)
(37.9516 5.13212e-18 1.12432)
(37.9575 1.40143e-19 1.07325)
(37.963 -1.03295e-17 1.02241)
(37.9678 1.07697e-17 0.971542)
(37.9719 -5.54662e-18 0.920364)
(37.9751 5.64109e-18 0.868573)
(37.9773 -5.78481e-18 0.815862)
(37.9782 1.94821e-19 0.761919)
(37.9778 -5.90319e-18 0.706479)
(37.9759 9.13343e-18 0.649294)
(37.9725 -2.94233e-18 0.590248)
(37.9675 0 0.529427)
(37.9609 0 0.467119)
(37.9526 -9.11428e-20 0.40318)
(37.9421 3.82312e-18 0.336512)
(37.9299 -4.24817e-18 0.268773)
(37.9177 3.90533e-20 0.207271)
(37.9046 -1.73332e-19 0.135602)
(37.8884 3.9654e-19 -0.0200401)
(43.14 -4.45927e-18 1.62719)
(42.9625 3.82289e-18 2.21141)
(42.6475 6.46092e-19 2.69279)
(42.2698 -3.68818e-18 3.0684)
(41.862 1.8182e-18 3.33798)
(41.4543 -5.38162e-19 3.51691)
(41.0624 -5.64774e-19 3.62136)
(40.6954 0 3.6666)
(40.3576 -1.53809e-19 3.66531)
(40.0506 8.23517e-20 3.62787)
(39.7747 1.91454e-19 3.56264)
(39.529 2.26889e-20 3.47648)
(39.3124 1.71762e-19 3.37502)
(39.1231 0 3.26299)
(38.9593 0 3.14431)
(38.819 0 3.02224)
(38.6998 -2.8159e-20 2.89941)
(38.5997 2.13469e-18 2.77791)
(38.5164 2.45471e-19 2.65935)
(38.4479 1.34623e-19 2.54488)
(38.3922 -2.67137e-18 2.43529)
(38.3475 2.81844e-18 2.33105)
(38.3122 -2.92539e-18 2.23236)
(38.2847 0 2.13922)
(38.2639 0 2.05145)
(38.2485 0 1.96875)
(38.2374 0 1.89072)
(38.2297 3.28293e-18 1.8169)
(38.2247 -6.61686e-18 1.74686)
(38.2218 3.33336e-18 1.68016)
(38.2206 0 1.61642)
(38.2206 0 1.55534)
(38.2216 0 1.49664)
(38.2235 4.93864e-20 1.44008)
(38.2261 0 1.38546)
(38.2292 -3.47478e-18 1.33255)
(38.2327 3.39626e-18 1.28114)
(38.2365 -3.55787e-18 1.231)
(38.2403 3.54365e-18 1.18192)
(38.2442 -3.56619e-18 1.1337)
(38.248 7.0702e-18 1.08614)
(38.2516 -7.2601e-18 1.03907)
(38.255 -1.22849e-19 0.992316)
(38.2579 3.58562e-18 0.945665)
(38.2604 -3.78338e-18 0.898887)
(38.2622 3.95547e-18 0.851738)
(38.2632 -4.25936e-18 0.803949)
(38.2633 3.98004e-18 0.755245)
(38.2623 0 0.705352)
(38.2601 0 0.654044)
(38.2566 4.61974e-18 0.601133)
(38.2518 2.55626e-20 0.546532)
(38.2457 -4.72204e-18 0.490348)
(38.2381 0 0.43287)
(38.2291 2.83017e-18 0.373965)
(38.2182 -2.6336e-18 0.312631)
(38.2058 9.63848e-20 0.250368)
(38.1935 0 0.193724)
(38.1804 0 0.127357)
(38.1646 0 -0.0170767)
(42.6773 3.65371e-19 1.3979)
(42.5425 -3.6599e-18 1.87259)
(42.2984 1.13206e-18 2.27447)
(41.9986 1.23461e-18 2.59939)
(41.6666 -2.4138e-18 2.8416)
(41.3274 2.05824e-18 3.00905)
(40.9959 0 3.11232)
(40.682 -5.55543e-19 3.16279)
(40.391 1.08853e-18 3.17087)
(40.1256 -4.8217e-19 3.14561)
(39.8868 0 3.0947)
(39.6745 -1.90732e-20 3.02458)
(39.4876 -5.92479e-20 2.94062)
(39.3247 -6.47489e-20 2.84726)
(39.184 1.7559e-18 2.74815)
(39.0636 -7.42258e-19 2.64621)
(38.9613 -1.35196e-18 2.54374)
(38.8751 -1.50544e-18 2.4425)
(38.8031 -1.1635e-19 2.34378)
(38.7434 1.75457e-18 2.24848)
(38.6943 1.80595e-18 2.15717)
(38.6543 -3.69433e-18 2.07019)
(38.6221 1.95831e-18 1.98765)
(38.5964 0 1.9095)
(38.5762 5.94134e-20 1.83558)
(38.5605 2.16513e-18 1.76562)
(38.5484 2.18468e-20 1.69929)
(38.5393 2.24851e-18 1.63622)
(38.5324 -4.48738e-18 1.57605)
(38.5274 0 1.51844)
(38.5237 -4.60744e-18 1.4631)
(38.5212 4.63168e-18 1.40977)
(38.5197 0 1.35827)
(38.5189 -4.13094e-20 1.30842)
(38.5189 0 1.26006)
(38.5193 0 1.21302)
(38.5201 1.53453e-19 1.16714)
(38.5213 -4.7872e-18 1.12224)
(38.5226 9.75069e-18 1.07816)
(38.5239 -9.83754e-18 1.03472)
(38.5253 5.00111e-18 0.991785)
(38.5265 1.45311e-19 0.949206)
(38.5276 0 0.906823)
(38.5283 0 0.86446)
(38.5287 -9.12184e-20 0.821913)
(38.5284 -5.36527e-18 0.778964)
(38.5275 1.11306e-17 0.73537)
(38.5258 -5.42936e-18 0.690892)
(38.5231 0 0.645293)
(38.5194 0 0.598384)
(38.5146 -2.11953e-19 0.550003)
(38.5086 0 0.5001)
(38.5015 3.17646e-18 0.448804)
(38.4932 -7.07642e-18 0.396394)
(38.4837 3.73837e-18 0.342801)
(38.4726 -6.88477e-20 0.287113)
(38.4603 -2.18285e-18 0.230618)
(38.448 2.36128e-18 0.179081)
(38.4352 0 0.118321)
(38.4199 -3.5167e-19 -0.0140301)
(42.256 0 1.18146)
(42.1534 -5.22573e-19 1.56302)
(41.9657 -3.7115e-18 1.89189)
(41.7316 1.83598e-18 2.1654)
(41.4671 1.76786e-18 2.37587)
(41.1921 -1.66867e-18 2.5268)
(40.9194 6.20025e-19 2.62462)
(40.6582 0 2.6774)
(40.4142 1.93025e-19 2.69326)
(40.1906 -1.28533e-19 2.67969)
(39.9887 -8.11302e-20 2.64332)
(39.8088 0 2.58984)
(39.6503 -2.30002e-19 2.52404)
(39.512 -1.1809e-19 2.44987)
(39.3922 -4.62375e-19 2.37052)
(39.2893 1.10063e-18 2.28853)
(39.2016 5.86154e-20 2.20583)
(39.1271 0 2.12389)
(39.0644 0 2.04376)
(39.0117 -2.04099e-20 1.96616)
(38.9679 2.36834e-18 1.89155)
(38.9315 -2.45679e-18 1.82018)
(38.9016 0 1.75215)
(38.8771 0 1.68742)
(38.8572 -2.87438e-18 1.62587)
(38.8411 -8.65667e-20 1.56729)
(38.8281 2.82901e-18 1.51141)
(38.8175 4.12148e-20 1.45797)
(38.809 0 1.40668)
(38.802 -4.26112e-20 1.3573)
(38.7963 0 1.30959)
(38.7916 -3.0738e-18 1.26338)
(38.7878 3.17838e-18 1.21855)
(38.7848 -3.23025e-18 1.17496)
(38.7824 3.15772e-18 1.13251)
(38.7805 3.20368e-18 1.09108)
(38.7791 -4.63772e-20 1.05054)
(38.7779 -3.30433e-18 1.01075)
(38.777 5.89038e-20 0.971587)
(38.7762 -5.94773e-20 0.932905)
(38.7754 0 0.894583)
(38.7746 -1.21583e-19 0.856501)
(38.7736 0 0.81852)
(38.7724 -3.57238e-18 0.780489)
(38.7709 3.7274e-18 0.742224)
(38.7689 1.06113e-19 0.703539)
(38.7663 0 0.664226)
(38.763 -1.35331e-19 0.62408)
(38.759 0 0.582898)
(38.754 0 0.540526)
(38.7481 0 0.496859)
(38.7413 -2.58665e-19 0.451869)
(38.7335 5.02612e-18 0.405695)
(38.7248 -4.94072e-18 0.35861)
(38.7151 -2.65016e-18 0.310538)
(38.7041 -2.75913e-20 0.260658)
(38.692 3.01385e-18 0.210075)
(38.6801 1.67686e-18 0.163766)
(38.6676 -1.63114e-18 0.108776)
(38.6532 7.87292e-19 -0.0110239)
(41.8784 0 0.979564)
(41.8009 -2.18824e-18 1.28322)
(41.6579 2.45183e-18 1.54795)
(41.4781 -1.56078e-18 1.77305)
(41.2718 1.20486e-18 1.95096)
(41.0543 -7.04856e-19 2.0828)
(40.8357 -5.24205e-19 2.17222)
(40.6242 -7.14271e-19 2.22473)
(40.4249 -5.16598e-19 2.24638)
(40.241 1.11728e-18 2.24303)
(40.0742 -2.97123e-19 2.2201)
(39.9248 6.55797e-19 2.18233)
(39.7925 7.29317e-20 2.13373)
(39.6765 -2.2619e-19 2.07765)
(39.5755 -6.64882e-19 2.01678)
(39.4881 5.56386e-19 1.95323)
(39.413 9.55039e-19 1.88862)
(39.3487 8.9048e-20 1.82417)
(39.2939 1.23898e-19 1.76074)
(39.2473 5.66494e-20 1.69893)
(39.2079 -1.36617e-18 1.63914)
(39.1747 0 1.58159)
(39.1468 -1.59864e-18 1.52639)
(39.1234 3.36549e-18 1.47353)
(39.1038 -3.45988e-18 1.42293)
(39.0875 1.8141e-18 1.37446)
(39.0738 3.38456e-20 1.32793)
(39.0622 -3.45242e-20 1.28315)
(39.0523 0 1.2399)
(39.0438 3.56881e-20 1.19802)
(39.0364 4.0503e-18 1.15735)
(39.03 -4.07983e-18 1.11777)
(39.0243 -3.71718e-20 1.0792)
(39.0194 3.76277e-20 1.04156)
(39.0151 9.75982e-20 1.00477)
(39.0114 4.35288e-18 0.96875)
(39.008 -8.71143e-18 0.933396)
(39.005 4.4619e-18 0.898608)
(39.0022 0 0.864271)
(38.9996 0 0.83028)
(38.997 4.6098e-18 0.796527)
(38.9945 -4.65662e-18 0.762915)
(38.9919 -1.34682e-19 0.729325)
(38.9891 4.84524e-18 0.695627)
(38.9861 -5.00137e-18 0.661667)
(38.9827 -8.88224e-20 0.627283)
(38.9788 0 0.5923)
(38.9743 0 0.556542)
(38.9692 0 0.519849)
(38.9634 5.71947e-18 0.482099)
(38.9568 -2.91251e-18 0.4432)
(38.9494 -5.98018e-18 0.403153)
(38.9412 3.12464e-18 0.362108)
(38.9323 3.46292e-18 0.320313)
(38.9226 -3.53753e-18 0.277759)
(38.9119 3.95e-18 0.233715)
(38.9003 -4.22966e-18 0.189058)
(38.889 2.33699e-18 0.147989)
(38.8771 -3.04923e-18 0.0988308)
(38.8638 -4.12324e-19 -0.00818612)
(41.5451 2.68545e-19 0.794756)
(41.4878 9.45507e-19 1.0342)
(41.3804 -1.03024e-18 1.24448)
(41.2447 1.07048e-18 1.42644)
(41.0871 0 1.57357)
(40.9189 -4.60176e-19 1.6859)
(40.748 -1.35024e-18 1.76537)
(40.5809 2.5158e-18 1.8156)
(40.422 -9.06575e-19 1.84091)
(40.2742 -6.79759e-19 1.84569)
(40.1391 3.0757e-19 1.83414)
(40.0173 4.41344e-19 1.80999)
(39.9087 0 1.77649)
(39.8127 -9.38099e-20 1.73631)
(39.7284 7.87028e-20 1.69164)
(39.6549 2.83849e-20 1.64422)
(39.5911 -9.77862e-19 1.59537)
(39.5358 1.03583e-18 1.54609)
(39.4881 0 1.49712)
(39.4471 1.56338e-18 1.44898)
(39.4118 -1.54624e-18 1.40201)
(39.3816 -1.84859e-18 1.35643)
(39.3557 1.8268e-18 1.31236)
(39.3336 2.70888e-20 1.26985)
(39.3146 -2.1592e-18 1.22885)
(39.2984 2.20278e-18 1.1893)
(39.2843 -2.31199e-18 1.15106)
(39.2721 2.32501e-18 1.11402)
(39.2613 -2.43917e-18 1.07803)
(39.2517 2.45186e-18 1.04298)
(39.2432 -2.33346e-20 1.00876)
(39.2355 3.56272e-20 0.975311)
(39.2285 -3.64393e-20 0.942572)
(39.2222 3.7227e-20 0.910501)
(39.2165 -8.78619e-20 0.879045)
(39.2113 -2.79988e-18 0.848145)
(39.2066 -2.9281e-20 0.817728)
(39.2021 2.81406e-18 0.787713)
(39.1979 2.94223e-18 0.758012)
(39.1939 -2.96635e-18 0.728539)
(39.19 -8.5162e-20 0.699208)
(39.1862 0 0.66994)
(39.1824 1.12802e-19 0.640637)
(39.1784 -9.07657e-20 0.611191)
(39.1743 -9.30165e-20 0.581468)
(39.1699 3.29761e-18 0.551335)
(39.1651 -3.45462e-18 0.520646)
(39.1598 -3.40086e-18 0.489256)
(39.154 3.68771e-18 0.457036)
(39.1476 -3.88312e-18 0.423894)
(39.1406 3.99923e-18 0.389786)
(39.133 -2.40997e-19 0.354727)
(39.1247 0 0.318863)
(39.1159 1.3476e-19 0.282425)
(39.1065 5.55578e-20 0.245373)
(39.0962 0 0.207053)
(39.0853 -2.93667e-18 0.168187)
(39.0747 3.27341e-18 0.132259)
(39.0636 2.49077e-19 0.0888508)
(39.0515 0 -0.00559342)
(41.2552 0 0.629992)
(41.2143 0 0.816993)
(41.1353 0 0.982175)
(41.0348 -1.3816e-18 1.12717)
(40.9169 1.52094e-19 1.24679)
(40.7896 1.32051e-18 1.34061)
(40.6589 5.20858e-19 1.40959)
(40.5298 0 1.45604)
(40.406 -1.86187e-18 1.48294)
(40.2897 2.65987e-18 1.49345)
(40.1824 -1.32115e-18 1.49068)
(40.0849 1.50485e-19 1.47747)
(39.9971 0 1.45629)
(39.9188 -1.43873e-20 1.42924)
(39.8494 -1.00557e-20 1.39805)
(39.7882 0 1.36408)
(39.7345 -4.05566e-19 1.32842)
(39.6875 4.04784e-19 1.29189)
(39.6464 6.74693e-19 1.25509)
(39.6106 -6.96384e-19 1.21849)
(39.5794 0 1.1824)
(39.5522 1.01831e-18 1.14703)
(39.5285 -2.13131e-18 1.11251)
(39.5079 -7.69821e-20 1.07892)
(39.4899 2.44146e-18 1.04626)
(39.4741 -1.28416e-18 1.01449)
(39.4602 0 0.983565)
(39.4478 2.84699e-18 0.953393)
(39.4366 -2.86205e-18 0.92389)
(39.4266 3.04016e-18 0.894986)
(39.4173 9.59451e-20 0.866616)
(39.4089 -3.17609e-18 0.838745)
(39.4012 5.28322e-20 0.811343)
(39.394 -3.12004e-20 0.784391)
(39.3874 3.44877e-18 0.757857)
(39.3813 -3.48424e-18 0.731704)
(39.3755 3.62029e-18 0.70588)
(39.3701 1.04087e-19 0.680327)
(39.365 -3.72561e-18 0.654979)
(39.3601 0 0.629773)
(39.3553 7.13606e-20 0.604643)
(39.3506 -4.03257e-18 0.579525)
(39.346 4.07811e-18 0.55434)
(39.3413 7.60499e-20 0.528998)
(39.3365 7.79332e-20 0.503389)
(39.3314 8.00478e-20 0.477402)
(39.3261 -4.49805e-18 0.450911)
(39.3204 9.47993e-18 0.4238)
(39.3142 -4.90504e-18 0.395968)
(39.3076 0 0.36735)
(39.3004 0 0.33791)
(39.2927 2.01836e-19 0.307679)
(39.2846 0 0.276806)
(39.2761 3.09701e-18 0.245485)
(39.2671 -3.59268e-18 0.213719)
(39.2575 3.68208e-18 0.180923)
(39.2474 -5.93552e-18 0.147627)
(39.2376 2.02192e-18 0.116646)
(39.2275 2.76177e-19 0.0788374)
(39.2166 0 -0.00331029)
(41.0069 2.5937e-19 0.487444)
(40.9793 -1.76264e-18 0.632037)
(40.9227 -4.79566e-19 0.760523)
(40.85 2.97241e-18 0.874741)
(40.7635 -1.0099e-18 0.970687)
(40.6693 -1.6814e-18 1.04782)
(40.5714 9.10508e-19 1.10654)
(40.4738 1.3332e-18 1.14828)
(40.3791 -5.31564e-20 1.17502)
(40.2893 -1.17678e-18 1.18897)
(40.2056 -8.98169e-19 1.19234)
(40.1288 5.91091e-20 1.18721)
(40.0589 6.66119e-19 1.17543)
(39.9959 1.88292e-20 1.15859)
(39.9396 8.45572e-21 1.138)
(39.8893 0 1.11475)
(39.8447 4.82245e-21 1.08968)
(39.8052 3.49413e-19 1.06346)
(39.7703 -3.41041e-19 1.03661)
(39.7394 0 1.00951)
(39.7122 0 0.982439)
(39.6881 0 0.9556)
(39.6668 0 0.92913)
(39.6481 -1.25244e-20 0.903109)
(39.6314 0 0.877574)
(39.6165 1.79741e-20 0.852525)
(39.6032 0 0.827934)
(39.5911 -1.61928e-18 0.803761)
(39.5801 1.62772e-18 0.779958)
(39.57 -1.77259e-18 0.756489)
(39.5606 1.76385e-18 0.733322)
(39.5519 1.91526e-18 0.710447)
(39.5438 -1.91736e-18 0.687858)
(39.5363 0 0.665554)
(39.5292 3.95124e-20 0.643522)
(39.5226 0 0.621742)
(39.5164 3.02665e-20 0.600178)
(39.5105 -4.25784e-20 0.578787)
(39.5048 0 0.557517)
(39.4994 0 0.53632)
(39.4941 -6.83949e-20 0.515139)
(39.4889 0 0.493927)
(39.4838 -2.64259e-18 0.472618)
(39.4787 -4.71286e-20 0.451139)
(39.4735 2.82357e-20 0.429398)
(39.4681 2.7755e-18 0.407307)
(39.4625 -3.12586e-18 0.384772)
(39.4566 2.96644e-18 0.3617)
(39.4504 0 0.338015)
(39.4437 -3.43238e-18 0.313671)
(39.4367 3.53452e-18 0.288671)
(39.4293 0 0.263053)
(39.4216 1.12876e-19 0.236947)
(39.4136 0 0.210532)
(39.4052 8.10537e-20 0.183765)
(39.3964 2.46537e-18 0.156127)
(39.3872 -2.61924e-18 0.128017)
(39.3782 -1.41583e-18 0.101663)
(39.3692 1.56676e-18 0.069131)
(39.3596 0 -0.00142156)
(40.7971 1.2983e-18 0.368294)
(40.78 8.2557e-19 0.478837)
(40.7408 0 0.5778)
(40.6895 -7.95604e-19 0.666827)
(40.6276 -6.25615e-19 0.742896)
(40.5592 -9.14298e-19 0.805466)
(40.4874 1.84148e-18 0.854623)
(40.4149 2.51515e-19 0.891222)
(40.3438 2.26745e-19 0.916533)
(40.2757 -2.01305e-19 0.932042)
(40.2116 -1.14158e-18 0.939287)
(40.152 1.34798e-18 0.939739)
(40.0973 -9.92271e-19 0.934737)
(40.0475 9.13783e-19 0.925448)
(40.0023 -5.22726e-19 0.912867)
(39.9617 8.68472e-19 0.897813)
(39.9252 -3.58814e-19 0.880954)
(39.8924 -6.99114e-21 0.862816)
(39.8631 -3.06193e-21 0.843817)
(39.837 0 0.82428)
(39.8136 0 0.804453)
(39.7926 0 0.784519)
(39.7739 -5.01897e-19 0.764611)
(39.7572 5.00525e-19 0.744818)
(39.7421 6.57733e-19 0.725193)
(39.7284 -6.76776e-19 0.705759)
(39.716 0 0.686515)
(39.7047 -1.72932e-18 0.667449)
(39.6942 3.56806e-18 0.648544)
(39.6844 -1.86172e-18 0.62979)
(39.6753 2.07138e-18 0.611179)
(39.6668 -2.09552e-18 0.59272)
(39.6588 2.26799e-18 0.57442)
(39.6512 -2.30185e-18 0.556293)
(39.6441 3.27439e-20 0.538332)
(39.6374 2.59827e-18 0.520527)
(39.631 -2.63974e-18 0.50285)
(39.625 0 0.485269)
(39.6192 -2.89536e-18 0.46774)
(39.6135 2.91887e-18 0.450225)
(39.6081 5.734e-20 0.43268)
(39.6028 3.16385e-18 0.415065)
(39.5975 -1.27652e-20 0.397329)
(39.5923 -3.3628e-18 0.379416)
(39.5871 -3.73693e-18 0.361255)
(39.5817 3.59661e-18 0.342776)
(39.5761 -3.98407e-18 0.323905)
(39.5704 4.06797e-18 0.304574)
(39.5643 -1.17288e-19 0.284732)
(39.558 4.47207e-18 0.264352)
(39.5513 -4.47422e-18 0.24343)
(39.5444 0 0.222008)
(39.5372 -9.45835e-20 0.20021)
(39.5298 -2.66801e-18 0.178173)
(39.5221 3.05509e-18 0.155904)
(39.5142 -9.12103e-20 0.132951)
(39.5059 -1.57834e-20 0.109551)
(39.498 1.94731e-18 0.0874168)
(39.49 -2.5381e-18 0.0597714)
(39.4817 0 1.74223e-05)
(40.6232 -1.9712e-18 0.272046)
(40.6137 0 0.355616)
(40.5875 0 0.431091)
(40.5524 1.39044e-18 0.49978)
(40.5091 -4.4651e-19 0.559434)
(40.4605 -2.38265e-18 0.60955)
(40.4088 1.92591e-18 0.650044)
(40.3559 -1.6855e-18 0.68139)
(40.3034 1.15071e-18 0.704376)
(40.2526 1.36762e-18 0.71997)
(40.2041 -1.2972e-18 0.729211)
(40.1587 6.06406e-20 0.733116)
(40.1164 5.35719e-20 0.732634)
(40.0775 -6.68211e-19 0.728604)
(40.042 1.27728e-19 0.721757)
(40.0095 5.71485e-19 0.712705)
(39.9801 -1.33428e-20 0.701957)
(39.9534 5.87373e-21 0.689926)
(39.9293 1.04515e-20 0.676944)
(39.9075 1.40378e-19 0.663275)
(39.8878 -1.41619e-19 0.64913)
(39.87 1.51717e-19 0.634672)
(39.8539 -1.48776e-19 0.620023)
(39.8393 -1.36021e-21 0.605274)
(39.826 5.13532e-19 0.590483)
(39.8138 -5.16569e-19 0.57569)
(39.8026 0 0.560907)
(39.7922 8.2292e-19 0.546144)
(39.7826 -1.72485e-18 0.531402)
(39.7735 9.21243e-19 0.516688)
(39.7649 0 0.502006)
(39.7568 -1.15772e-18 0.487378)
(39.7492 1.17521e-18 0.472815)
(39.742 0 0.458335)
(39.7351 1.36828e-18 0.443936)
(39.7286 -1.40264e-18 0.429613)
(39.7225 0 0.415344)
(39.7166 0 0.401106)
(39.7109 -4.53667e-20 0.386865)
(39.7054 -4.76657e-20 0.372592)
(39.7001 5.00071e-20 0.358255)
(39.695 1.9412e-18 0.343824)
(39.6899 8.37488e-20 0.329265)
(39.6849 -2.06762e-18 0.314531)
(39.6798 8.19675e-20 0.299571)
(39.6747 2.21238e-20 0.28433)
(39.6694 -2.35827e-18 0.268758)
(39.664 2.40369e-18 0.252802)
(39.6583 9.83178e-20 0.236429)
(39.6524 0 0.219623)
(39.6463 -2.76608e-19 0.202406)
(39.64 -3.2262e-18 0.184815)
(39.6334 3.35096e-18 0.166953)
(39.6268 -2.33718e-19 0.148937)
(39.62 -1.80191e-19 0.130724)
(39.6129 7.6417e-20 0.111916)
(39.6056 -2.29994e-18 0.0926779)
(39.5987 2.43592e-18 0.0743087)
(39.5917 -5.14693e-19 0.0510802)
(39.5847 8.05355e-19 0.00102406)
(40.4804 1.63144e-18 0.197181)
(40.4765 -9.82467e-19 0.259557)
(40.46 7.05339e-20 0.316484)
(40.4367 -3.76481e-19 0.368902)
(40.4072 -9.59724e-19 0.415152)
(40.3734 4.39194e-19 0.454774)
(40.3368 9.06855e-19 0.487602)
(40.299 -1.3242e-18 0.513863)
(40.2609 1.11052e-18 0.534021)
(40.2235 0 0.548687)
(40.1875 0 0.558542)
(40.1534 4.25935e-20 0.564273)
(40.1213 0 0.566533)
(40.0914 0 0.565914)
(40.0638 -1.00015e-18 0.562943)
(40.0383 1.04303e-18 0.558068)
(40.0149 3.66768e-20 0.551671)
(39.9935 5.96767e-19 0.544069)
(39.974 -6.0956e-19 0.535522)
(39.9561 0 0.526245)
(39.9398 0 0.516413)
(39.925 4.54488e-21 0.506167)
(39.9113 0 0.495614)
(39.8989 -7.89221e-21 0.484841)
(39.8874 9.81195e-21 0.473906)
(39.8768 0 0.462855)
(39.8669 4.78993e-19 0.451709)
(39.8577 -4.82525e-19 0.440488)
(39.849 0 0.4292)
(39.8408 -4.60135e-21 0.417861)
(39.8331 1.02134e-18 0.406481)
(39.8257 -1.02626e-18 0.395079)
(39.8187 -7.4939e-21 0.383672)
(39.8121 1.39825e-18 0.372275)
(39.8058 -1.39059e-18 0.36089)
(39.7998 -1.67229e-18 0.349516)
(39.7941 1.6458e-18 0.338138)
(39.7886 0 0.326743)
(39.7833 3.80371e-20 0.315309)
(39.7783 2.10773e-18 0.303819)
(39.7734 5.59167e-20 0.292252)
(39.7686 1.10798e-19 0.280592)
(39.7639 -2.3115e-18 0.268811)
(39.7593 0 0.256878)
(39.7546 0 0.244755)
(39.7499 5.30986e-20 0.2324)
(39.7451 0 0.219772)
(39.7401 -8.70228e-20 0.206832)
(39.735 -3.3197e-18 0.193559)
(39.7296 3.59973e-18 0.179946)
(39.7241 2.45418e-19 0.166001)
(39.7184 -2.05889e-18 0.151762)
(39.7126 -6.22008e-20 0.137319)
(39.7067 2.53958e-20 0.122753)
(39.7007 2.57044e-18 0.108053)
(39.6945 2.82203e-18 0.0928711)
(39.6882 -2.95067e-18 0.0772748)
(39.6822 1.70975e-18 0.06222)
(39.6763 -2.01765e-18 0.0429574)
(39.6705 0 0.00165596)
(40.3664 -4.87194e-19 0.140712)
(40.3659 -3.91859e-19 0.186754)
(40.3558 1.78786e-18 0.229229)
(40.3409 -3.22634e-20 0.268794)
(40.3213 -1.14959e-18 0.304235)
(40.2982 -1.85772e-18 0.335145)
(40.2728 2.92112e-18 0.361324)
(40.2461 -1.41487e-18 0.382851)
(40.2189 1.02025e-19 0.39998)
(40.1919 0 0.413081)
(40.1655 0 0.42259)
(40.1402 -7.87625e-20 0.428959)
(40.1161 0 0.432634)
(40.0935 0 0.434023)
(40.0723 2.68579e-20 0.433501)
(40.0527 -1.515e-18 0.43139)
(40.0344 1.46882e-19 0.427975)
(40.0176 1.78331e-19 0.423491)
(40.002 2.16555e-18 0.41814)
(39.9877 -1.56432e-19 0.412088)
(39.9744 -8.59321e-19 0.405477)
(39.9622 -3.81399e-21 0.398421)
(39.951 -4.60896e-21 0.391011)
(39.9405 3.72956e-21 0.383321)
(39.9308 -2.24523e-19 0.375406)
(39.9218 2.23112e-19 0.367308)
(39.9133 -1.27039e-21 0.35905)
(39.9053 2.7013e-21 0.350657)
(39.8978 -1.97471e-22 0.34214)
(39.8906 -2.87807e-19 0.33352)
(39.8838 2.93047e-19 0.324808)
(39.8773 0 0.316028)
(39.8711 6.28303e-21 0.307196)
(39.8652 0 0.298331)
(39.8596 0 0.289437)
(39.8542 -8.24802e-19 0.280518)
(39.8491 -8.01303e-20 0.271566)
(39.8442 9.33354e-19 0.262572)
(39.8395 -2.76043e-20 0.253521)
(39.835 -1.15659e-18 0.244404)
(39.8306 -7.45608e-20 0.235206)
(39.8263 -4.86094e-20 0.225916)
(39.8221 2.8083e-18 0.216516)
(39.8179 -1.45965e-18 0.206983)
(39.8137 0 0.197288)
(39.8095 -4.63532e-20 0.1874)
(39.8052 0 0.177295)
(39.8007 1.79232e-19 0.166942)
(39.7961 -7.76058e-20 0.156328)
(39.7914 3.95374e-20 0.145446)
(39.7865 2.46141e-18 0.134325)
(39.7816 -2.50004e-18 0.122992)
(39.7765 -7.5966e-20 0.111518)
(39.7714 2.90559e-18 0.0999691)
(39.7662 -3.14019e-18 0.0882922)
(39.7609 1.63672e-18 0.0761855)
(39.7556 -1.85672e-18 0.0636792)
(39.7506 5.81769e-20 0.0514667)
(39.7457 6.38834e-19 0.0356594)
(39.741 -3.6428e-19 0.00196639)
(40.2754 -4.87853e-19 0.0992111)
(40.2772 -2.36915e-19 0.132837)
(40.2717 8.28304e-19 0.164172)
(40.2626 5.66449e-19 0.193698)
(40.2499 -1.46686e-18 0.220534)
(40.2346 -2.09838e-18 0.244331)
(40.2173 2.51357e-18 0.264889)
(40.1988 1.05417e-18 0.282202)
(40.1797 -1.07836e-18 0.29639)
(40.1604 1.14181e-19 0.307667)
(40.1414 1.08108e-19 0.316301)
(40.1229 -1.66745e-18 0.322581)
(40.1051 1.69537e-18 0.326802)
(40.0882 1.47583e-18 0.329242)
(40.0723 -2.83151e-18 0.330158)
(40.0573 1.33317e-18 0.329781)
(40.0432 1.83166e-20 0.328313)
(40.0301 0 0.325931)
(40.0179 0 0.322784)
(40.0065 7.92268e-19 0.319001)
(39.9959 -7.98867e-19 0.314694)
(39.986 -1.04625e-20 0.309955)
(39.9768 3.86574e-21 0.304858)
(39.9683 -4.54718e-19 0.299467)
(39.9602 8.16008e-20 0.293829)
(39.9527 3.62693e-19 0.287982)
(39.9456 0 0.28195)
(39.9388 -4.56789e-22 0.275756)
(39.9324 -1.39654e-19 0.269417)
(39.9263 1.4218e-19 0.262952)
(39.9204 -4.24511e-21 0.256377)
(39.9149 -2.81028e-19 0.249714)
(39.9095 -1.31222e-19 0.24298)
(39.9044 9.62461e-19 0.236193)
(39.8995 -1.22264e-18 0.22936)
(39.8949 -1.21678e-19 0.222484)
(39.8905 8.1495e-19 0.215559)
(39.8862 1.24092e-20 0.208581)
(39.8821 2.31337e-20 0.201539)
(39.8781 1.59426e-20 0.194424)
(39.8743 0 0.187229)
(39.8705 0 0.179943)
(39.8669 1.6176e-18 0.172557)
(39.8632 6.57419e-20 0.165053)
(39.8596 -1.86916e-18 0.157412)
(39.8559 3.88458e-20 0.149611)
(39.8521 2.24053e-18 0.141633)
(39.8483 9.98873e-20 0.133454)
(39.8443 -2.46614e-18 0.125072)
(39.8402 2.68911e-18 0.116485)
(39.836 -3.06502e-18 0.107702)
(39.8318 -8.73741e-20 0.0987466)
(39.8275 -1.77219e-18 0.0896772)
(39.8231 1.88713e-18 0.0805331)
(39.8187 -2.03045e-18 0.0713019)
(39.8143 2.1912e-18 0.0617348)
(39.8099 5.52486e-21 0.0517964)
(39.8058 -1.38669e-18 0.041971)
(39.8018 1.57875e-18 0.0291325)
(39.7981 -2.55665e-19 0.00202542)
(40.2056 7.24216e-19 0.0696263)
(40.2084 0 0.0939358)
(40.2055 0 0.116785)
(40.2001 -7.6819e-19 0.138558)
(40.192 1.19194e-18 0.15862)
(40.182 0 0.176681)
(40.1703 1.59687e-18 0.192559)
(40.1577 -2.48389e-19 0.206205)
(40.1444 -1.47767e-18 0.217665)
(40.1308 -1.6978e-20 0.227051)
(40.1172 -1.35987e-18 0.234521)
(40.1039 1.29164e-18 0.240256)
(40.0909 -1.06422e-18 0.244446)
(40.0785 1.11249e-18 0.247275)
(40.0666 1.028e-18 0.248918)
(40.0553 -1.00609e-18 0.249533)
(40.0447 0 0.249263)
(40.0346 2.46866e-20 0.248236)
(40.0252 0 0.246561)
(40.0163 0 0.244335)
(40.0079 0 0.241641)
(40.0001 1.75669e-20 0.238555)
(39.9928 9.64931e-19 0.235134)
(39.9859 -1.10834e-19 0.231431)
(39.9793 -1.61969e-18 0.227485)
(39.9732 7.62027e-19 0.223332)
(39.9673 5.47442e-19 0.218992)
(39.9617 -9.89126e-19 0.214487)
(39.9564 7.82066e-19 0.209833)
(39.9513 -5.77362e-19 0.205051)
(39.9463 9.82767e-20 0.200155)
(39.9416 9.85415e-20 0.195167)
(39.9371 3.90887e-20 0.190101)
(39.9328 -3.84667e-22 0.184974)
(39.9287 -2.38468e-19 0.179792)
(39.9248 2.3981e-19 0.174557)
(39.921 -1.319e-20 0.169268)
(39.9174 -5.10637e-19 0.163919)
(39.914 -8.13034e-20 0.158504)
(39.9106 5.6056e-19 0.153017)
(39.9074 0 0.147452)
(39.9042 0 0.141804)
(39.9011 -9.17903e-19 0.136066)
(39.898 1.97678e-18 0.130225)
(39.8949 -9.94095e-19 0.124269)
(39.8917 -3.16579e-20 0.118179)
(39.8886 3.46992e-20 0.111947)
(39.8853 -5.3643e-20 0.105558)
(39.8819 -1.56424e-18 0.0990087)
(39.8785 1.60493e-18 0.0923)
(39.875 -1.86564e-18 0.085453)
(39.8714 -1.49074e-20 0.0784834)
(39.8678 2.08306e-18 0.07143)
(39.8642 0 0.0643265)
(39.8606 1.25992e-18 0.0571234)
(39.8569 -1.37203e-18 0.0496117)
(39.8534 -1.38763e-20 0.0417595)
(39.85 -8.37002e-19 0.0339109)
(39.8469 9.19022e-19 0.0235741)
(39.844 2.42025e-19 0.00192737)
(40.151 -3.8537e-20 0.049226)
(40.1545 2.39989e-19 0.0666434)
(40.1533 -7.07511e-19 0.0831463)
(40.1504 -1.99882e-18 0.0990321)
(40.1455 1.4517e-18 0.113854)
(40.1391 0 0.127378)
(40.1314 0 0.13945)
(40.1229 1.42198e-19 0.150007)
(40.1138 -1.10503e-19 0.159054)
(40.1044 1.76734e-18 0.166641)
(40.0949 -1.92052e-18 0.172859)
(40.0854 0 0.177815)
(40.0761 1.55302e-18 0.181627)
(40.067 -3.16348e-18 0.184413)
(40.0582 2.99637e-18 0.186289)
(40.0499 -1.01452e-19 0.187363)
(40.0418 -1.37858e-18 0.187733)
(40.0342 -2.06982e-20 0.18749)
(40.027 -1.11448e-18 0.186714)
(40.0201 1.14024e-18 0.185478)
(40.0136 0 0.183846)
(40.0075 -7.36922e-21 0.181877)
(40.0017 6.67325e-21 0.179618)
(39.9962 -1.156e-20 0.177109)
(39.991 0 0.174385)
(39.986 -5.78242e-19 0.171473)
(39.9813 -4.44542e-19 0.168391)
(39.9767 1.01429e-18 0.165159)
(39.9724 0 0.161789)
(39.9682 -5.97821e-19 0.158298)
(39.9642 5.9677e-19 0.154699)
(39.9603 3.40219e-21 0.151007)
(39.9567 -1.88223e-19 0.147234)
(39.9531 1.90305e-19 0.143394)
(39.9498 -6.52729e-20 0.139492)
(39.9465 6.50591e-20 0.13553)
(39.9435 -3.01996e-19 0.13151)
(39.9405 7.39898e-19 0.127428)
(39.9377 -4.29032e-19 0.123283)
(39.9349 2.07626e-20 0.119074)
(39.9323 7.75218e-19 0.1148)
(39.9297 -7.82992e-19 0.110458)
(39.9271 1.96479e-20 0.106044)
(39.9245 5.02462e-20 0.101549)
(39.922 0 0.0969653)
(39.9194 2.65104e-20 0.09228)
(39.9168 -6.9049e-20 0.0874838)
(39.914 -1.70188e-18 0.0825658)
(39.9112 1.78984e-18 0.0775267)
(39.9084 0 0.0723685)
(39.9055 2.24407e-18 0.0670958)
(39.9025 -2.29577e-18 0.0617216)
(39.8995 1.36064e-18 0.0562753)
(39.8966 -1.37026e-18 0.050771)
(39.8936 -1.55006e-18 0.0451867)
(39.8907 1.67335e-18 0.0393509)
(39.8879 0 0.0332085)
(39.8852 0 0.026999)
(39.8828 0 0.018779)
(39.8807 -2.02734e-19 0.00175669)
(40.111 0 0.0352852)
(40.1141 0 0.0477258)
(40.1137 4.6181e-19 0.0595422)
(40.1121 -1.43687e-19 0.0710191)
(40.1092 8.91832e-19 0.0818496)
(40.1051 -1.98577e-18 0.0918468)
(40.1001 3.78993e-20 0.100889)
(40.0944 1.34013e-18 0.108914)
(40.0882 9.2825e-20 0.115904)
(40.0818 1.24103e-18 0.121879)
(40.0751 -1.22044e-18 0.126886)
(40.0684 -6.81441e-20 0.130986)
(40.0618 3.29419e-20 0.134253)
(40.0552 0 0.136761)
(40.0488 3.04029e-20 0.138586)
(40.0427 -2.90337e-20 0.139799)
(40.0367 -1.82351e-18 0.14047)
(40.031 1.87012e-18 0.140661)
(40.0255 -1.64484e-18 0.14043)
(40.0203 1.64557e-18 0.139828)
(40.0154 1.42754e-18 0.138904)
(40.0106 -1.44885e-18 0.1377)
(40.0061 -1.23514e-18 0.136251)
(40.0018 1.24366e-18 0.134588)
(39.9977 0 0.132737)
(39.9938 7.34108e-21 0.13072)
(39.99 7.04143e-21 0.12855)
(39.9864 6.18386e-21 0.126244)
(39.983 0 0.123812)
(39.9796 9.0934e-21 0.12127)
(39.9764 -4.60896e-19 0.118627)
(39.9733 8.41873e-20 0.115898)
(39.9704 3.71209e-19 0.113094)
(39.9676 0 0.110226)
(39.9649 -2.79282e-21 0.1073)
(39.9623 2.59045e-20 0.104318)
(39.9598 -2.75155e-20 0.101282)
(39.9574 -3.36608e-21 0.0981919)
(39.9552 -3.64326e-21 0.095046)
(39.9529 2.85778e-19 0.0918442)
(39.9508 7.59119e-20 0.0885865)
(39.9487 -3.74216e-19 0.0852717)
(39.9466 0 0.0818982)
(39.9445 -2.37803e-20 0.0784602)
(39.9424 7.19062e-19 0.0749517)
(39.9403 -7.12806e-19 0.0713644)
(39.9381 -1.19447e-20 0.0676952)
(39.9359 5.10596e-20 0.0639364)
(39.9336 -4.09038e-20 0.0600877)
(39.9313 0 0.0561483)
(39.9289 4.93073e-20 0.0521328)
(39.9265 -7.69536e-20 0.048046)
(39.9241 0 0.0439051)
(39.9218 1.7217e-18 0.0397228)
(39.9194 -8.69913e-19 0.0354502)
(39.9171 -2.05423e-18 0.0309463)
(39.9149 1.10232e-18 0.0261702)
(39.9129 0 0.0212926)
(39.9111 0 0.0148155)
(39.9095 0 0.00154811)
(40.0799 -3.29504e-19 0.0255666)
(40.0832 1.8146e-20 0.0344645)
(40.0832 -1.31152e-20 0.0428809)
(40.0827 -1.04095e-19 0.0511289)
(40.081 -7.12013e-19 0.0589871)
(40.0785 8.57808e-19 0.0663148)
(40.0754 8.49892e-19 0.0730198)
(40.0716 -8.69383e-19 0.0790467)
(40.0675 0 0.0843722)
(40.0631 -4.73998e-20 0.088998)
(40.0585 0 0.0929451)
(40.0538 5.71378e-20 0.0962472)
(40.0491 -2.76122e-20 0.098947)
(40.0444 -1.42624e-18 0.101091)
(40.0398 2.87503e-18 0.102726)
(40.0353 -2.75682e-18 0.1039)
(40.0309 1.36278e-18 0.104659)
(40.0266 -1.24346e-18 0.105048)
(40.0225 1.23656e-18 0.105105)
(40.0185 -1.63175e-20 0.10487)
(40.0147 1.03646e-18 0.104377)
(40.0111 -1.03461e-18 0.103656)
(40.0077 0 0.102734)
(40.0043 7.31699e-21 0.101635)
(40.0012 -7.52744e-19 0.100378)
(39.9981 2.17273e-18 0.0989798)
(39.9952 -1.40667e-18 0.0974525)
(39.9924 1.14415e-18 0.0958092)
(39.9897 -1.14946e-18 0.0940599)
(39.9871 -3.84536e-21 0.0922173)
(39.9846 -6.27057e-21 0.0902911)
(39.9822 -6.44324e-19 0.0882934)
(39.9798 1.18498e-18 0.0862338)
(39.9776 -5.34734e-19 0.0841207)
(39.9755 -3.06261e-19 0.0819586)
(39.9735 5.04012e-19 0.0797498)
(39.9715 -1.9504e-19 0.0774939)
(39.9697 -1.2997e-21 0.0751901)
(39.9679 -1.16546e-19 0.0728374)
(39.9661 1.20381e-19 0.0704353)
(39.9644 0 0.0679837)
(39.9627 0 0.0654818)
(39.961 0 0.0629294)
(39.9594 0 0.060323)
(39.9577 7.33713e-19 0.0576608)
(39.956 -7.79223e-19 0.0549373)
(39.9542 1.25798e-20 0.0521506)
(39.9524 1.10002e-18 0.0492954)
(39.9506 -2.44892e-18 0.0463748)
(39.9487 -1.46865e-19 0.043389)
(39.9468 1.46562e-18 0.0403371)
(39.9449 1.88655e-20 0.0372225)
(39.943 8.98332e-19 0.0340563)
(39.9412 -9.35522e-19 0.0308384)
(39.9393 1.19613e-18 0.02755)
(39.9375 -1.2132e-18 0.0240836)
(39.9359 0 0.0203848)
(39.9344 7.72187e-19 0.0165725)
(39.9331 -4.04466e-19 0.0115159)
(39.932 -4.96592e-19 0.00132283)
(40.058 1.28973e-19 0.0189518)
(40.0608 1.38342e-19 0.0252653)
(40.0609 1.46443e-19 0.0312072)
(40.0607 -2.66327e-19 0.0370905)
(40.0598 -5.3192e-19 0.0427471)
(40.0583 5.45706e-19 0.0480715)
(40.0562 0 0.0529947)
(40.0538 0 0.0574702)
(40.051 0 0.0614736)
(40.048 1.12238e-18 0.0649978)
(40.0448 -9.73025e-20 0.0680499)
(40.0415 -3.96684e-20 0.0706468)
(40.0382 -4.23165e-20 0.0728126)
(40.0348 -1.03834e-18 0.0745751)
(40.0315 0 0.0759637)
(40.0282 0 0.0770093)
(40.025 9.71344e-21 0.0777422)
(40.0218 2.74564e-20 0.0781925)
(40.0188 1.17184e-20 0.0783868)
(40.0158 1.36417e-20 0.0783526)
(40.013 1.056e-20 0.0781136)
(40.0103 -1.34636e-18 0.0776937)
(40.0077 1.35498e-18 0.0771114)
(40.0052 8.78947e-21 0.0763857)
(40.0028 -1.09514e-18 0.0755308)
(40.0004 1.0903e-18 0.0745611)
(39.9982 0 0.0734864)
(39.9961 8.43129e-19 0.072318)
(39.994 -8.64291e-20 0.0710646)
(39.992 -1.44292e-18 0.0697367)
(39.99 1.28092e-18 0.0683427)
(39.9882 -6.01198e-19 0.066892)
(39.9864 7.22058e-21 0.0653917)
(39.9846 6.15562e-21 0.0638475)
(39.983 2.45587e-21 0.0622621)
(39.9814 0 0.0606359)
(39.9799 -1.53383e-19 0.0589682)
(39.9785 1.56287e-19 0.0572575)
(39.9771 1.52439e-22 0.0555032)
(39.9757 -4.4285e-22 0.0537048)
(39.9743 0 0.0518629)
(39.973 -1.87107e-19 0.0499778)
(39.9717 1.89235e-19 0.0480511)
(39.9704 0 0.0460813)
(39.969 1.55306e-20 0.0440677)
(39.9677 0 0.0420071)
(39.9663 2.12385e-20 0.0399008)
(39.9649 0 0.037745)
(39.9634 3.71761e-20 0.0355408)
(39.962 8.51308e-19 0.0332868)
(39.9605 -7.97488e-19 0.0309884)
(39.959 1.04974e-18 0.0286443)
(39.9575 1.05295e-19 0.0262572)
(39.9561 -1.21012e-18 0.0238294)
(39.9547 -7.5929e-19 0.0213234)
(39.9533 7.60666e-19 0.0186542)
(39.9521 -8.23755e-19 0.0157901)
(39.951 4.16808e-19 0.0128225)
(39.9501 5.0791e-19 0.00890304)
(39.9494 0 0.0011028)
(40.0416 0 0.0142944)
(40.0437 -5.77029e-19 0.0187922)
(40.0439 5.94891e-19 0.0229862)
(40.0441 -4.47405e-20 0.0271706)
(40.0436 0 0.0312236)
(40.0427 -7.55996e-20 0.0350702)
(40.0415 -6.17589e-19 0.0386583)
(40.0399 7.10131e-19 0.0419515)
(40.038 -3.94528e-20 0.0449277)
(40.036 0 0.0475764)
(40.0338 1.43187e-18 0.0498971)
(40.0315 -1.4029e-18 0.0518966)
(40.0292 0 0.0535871)
(40.0268 -2.38421e-20 0.0549848)
(40.0244 -1.25565e-18 0.0561074)
(40.022 1.26994e-18 0.056975)
(40.0197 -2.14271e-20 0.0576076)
(40.0174 1.1247e-18 0.0580262)
(40.0151 -1.13826e-18 0.0582503)
(40.013 0 0.0582998)
(40.0109 9.42343e-19 0.0581929)
(40.0089 -9.71889e-19 0.0579475)
(40.0069 -8.7269e-19 0.057578)
(40.0051 1.65866e-18 0.0570989)
(40.0033 -8.29503e-19 0.0565214)
(40.0015 -1.0508e-20 0.0558562)
(39.9998 0 0.0551107)
(39.9982 1.18203e-18 0.0542929)
(39.9966 -2.27444e-18 0.0534089)
(39.9951 1.09115e-18 0.0524654)
(39.9936 8.90892e-19 0.0514676)
(39.9922 -8.84197e-19 0.0504212)
(39.9909 6.75646e-19 0.0493302)
(39.9896 -6.90219e-19 0.048198)
(39.9883 -5.0067e-19 0.0470258)
(39.9871 8.74214e-20 0.0458144)
(39.986 4.0097e-19 0.0445635)
(39.9849 2.18139e-19 0.0432737)
(39.9838 -2.27158e-19 0.0419464)
(39.9827 -4.59401e-20 0.0405836)
(39.9817 4.67347e-20 0.0391887)
(39.9807 0 0.037764)
(39.9797 0 0.0363117)
(39.9786 0 0.034832)
(39.9776 0 0.0333255)
(39.9765 -1.19261e-20 0.0317898)
(39.9755 0 0.0302227)
(39.9744 0 0.0286213)
(39.9732 8.1415e-19 0.0269852)
(39.9721 -1.7836e-18 0.0253134)
(39.9709 -1.2841e-19 0.0236015)
(39.9697 1.09022e-18 0.0218474)
(39.9686 0 0.0200513)
(39.9675 0 0.018208)
(39.9664 -7.62578e-19 0.0162995)
(39.9654 1.72374e-18 0.014261)
(39.9645 -4.50518e-19 0.0120615)
(39.9638 -1.0818e-18 0.00977109)
(39.9632 2.86026e-19 0.0067721)
(39.9628 3.5555e-19 0.000907821)
(40.0303 0 0.0113265)
(40.0317 -2.49353e-19 0.0144681)
(40.0318 1.01434e-19 0.0174079)
(40.032 5.12967e-19 0.0203497)
(40.0318 -4.05474e-19 0.0232196)
(40.0312 -2.90112e-20 0.0259639)
(40.0304 -6.48492e-20 0.0285424)
(40.0293 4.85208e-20 0.0309264)
(40.0281 3.30434e-20 0.0330973)
(40.0267 8.85491e-19 0.0350442)
(40.0252 -9.00378e-19 0.0367638)
(40.0236 0 0.0382578)
(40.0219 0 0.0395332)
(40.0202 8.60316e-19 0.0405995)
(40.0186 -8.46701e-19 0.0414681)
(40.0169 1.56022e-18 0.0421522)
(40.0152 -3.12942e-18 0.0426657)
(40.0136 3.01688e-18 0.043023)
(40.0119 -7.09383e-20 0.0432374)
(40.0104 -1.42767e-18 0.0433227)
(40.0089 -1.28174e-18 0.0432914)
(40.0074 1.31102e-18 0.0431559)
(40.006 1.06106e-20 0.0429259)
(40.0046 1.10408e-18 0.0426113)
(40.0033 -7.04597e-20 0.0422199)
(40.002 -7.04884e-20 0.0417591)
(40.0007 -7.18786e-20 0.0412339)
(39.9995 -9.01228e-19 0.0406502)
(39.9983 -6.9023e-21 0.0400123)
(39.9972 0 0.0393254)
(39.9961 -6.38033e-19 0.0385934)
(39.995 1.20348e-18 0.0378205)
(39.994 -5.63217e-19 0.0370101)
(39.993 0 0.0361645)
(39.9921 3.91206e-19 0.0352852)
(39.9912 -7.06572e-19 0.0343731)
(39.9903 5.56508e-20 0.033429)
(39.9895 2.73078e-19 0.0324541)
(39.9886 1.55548e-19 0.0314509)
(39.9878 -1.50379e-19 0.0304221)
(39.987 0 0.0293712)
(39.9863 0 0.0283011)
(39.9855 7.79625e-20 0.0272143)
(39.9847 -2.16499e-19 0.0261114)
(39.9839 -6.31791e-20 0.024992)
(39.983 2.11587e-19 0.023854)
(39.9822 0 0.0226966)
(39.9813 1.92796e-20 0.0215161)
(39.9804 -1.72905e-20 0.0203103)
(39.9796 0 0.0190758)
(39.9787 -3.08127e-20 0.0178129)
(39.9778 0 0.0165168)
(39.9769 0 0.0151847)
(39.9761 2.18106e-20 0.0138144)
(39.9753 4.59047e-19 0.0123779)
(39.9746 -1.04328e-18 0.0108259)
(39.974 -3.13566e-20 0.00914204)
(39.9735 3.07483e-19 0.00738415)
(39.9732 3.53612e-19 0.00510806)
(39.973 9.36562e-20 0.000733618)
(40.0216 -1.63579e-20 0.00919252)
(40.0226 7.28506e-20 0.0114062)
(40.0227 6.69269e-20 0.0134774)
(40.023 -4.66166e-19 0.015546)
(40.0229 4.78073e-19 0.0175721)
(40.0226 5.32605e-19 0.0195201)
(40.0221 -5.21246e-19 0.0213607)
(40.0214 -4.06307e-20 0.0230727)
(40.0206 -5.42455e-19 0.0246417)
(40.0197 5.51989e-19 0.0260583)
(40.0187 -3.01593e-20 0.0273187)
(40.0176 -1.08139e-18 0.0284225)
(40.0164 2.81415e-20 0.0293728)
(40.0153 2.1118e-18 0.0301751)
(40.0141 -1.06212e-18 0.0308368)
(40.0129 1.87975e-20 0.0313662)
(40.0117 0 0.0317719)
(40.0105 9.31716e-19 0.0320635)
(40.0094 -1.85476e-18 0.03225)
(40.0082 9.13352e-19 0.0323406)
(40.0071 8.33273e-19 0.0323432)
(40.0061 -8.34608e-19 0.0322663)
(40.005 0 0.0321165)
(40.004 0 0.0319006)
(40.003 6.2812e-21 0.0316238)
(40.002 5.89276e-21 0.0312914)
(40.0011 8.63452e-21 0.0309075)
(40.0002 1.1016e-18 0.0304767)
(39.9993 -1.10142e-18 0.0300027)
(39.9984 9.30203e-19 0.0294897)
(39.9976 -1.78304e-18 0.0289416)
(39.9968 8.58342e-19 0.028362)
(39.996 -1.19658e-21 0.0277538)
(39.9953 6.1343e-19 0.0271191)
(39.9946 -7.86175e-20 0.0264594)
(39.9939 -7.73163e-20 0.0257754)
(39.9933 -7.89252e-20 0.025068)
(39.9926 -3.93288e-19 0.0243385)
(39.992 -4.20958e-21 0.0235887)
(39.9914 -3.24473e-21 0.022821)
(39.9908 -1.01682e-19 0.0220379)
(39.9902 1.00542e-19 0.0212417)
(39.9896 0 0.0204344)
(39.989 1.20858e-19 0.0196162)
(39.9883 -1.20869e-19 0.0187869)
(39.9877 0 0.0179447)
(39.9871 0 0.0170891)
(39.9864 4.30727e-19 0.016218)
(39.9857 -4.46645e-19 0.0153271)
(39.9851 1.50279e-20 0.0144135)
(39.9844 2.56913e-20 0.0134713)
(39.9837 0 0.0124954)
(39.9831 0 0.0114848)
(39.9825 -1.81968e-20 0.0104348)
(39.982 -5.62208e-19 0.00933291)
(39.9815 5.8912e-19 0.00814609)
(39.9811 1.50668e-20 0.00685561)
(39.9808 0 0.00550844)
(39.9806 2.18445e-19 0.00379385)
(39.9806 -3.23186e-19 0.00057895)
(40.0154 1.80117e-20 0.00762007)
(40.0166 7.05613e-20 0.0092049)
(40.0165 3.03459e-19 0.0106517)
(40.0167 -2.03153e-19 0.0121049)
(40.0166 0 0.0135323)
(40.0164 4.5999e-20 0.0149075)
(40.0161 6.21422e-19 0.0162115)
(40.0156 -6.33661e-19 0.0174292)
(40.0151 -3.48903e-20 0.0185501)
(40.0144 -3.54443e-20 0.019567)
(40.0137 2.51793e-20 0.0204767)
(40.013 0 0.0212782)
(40.0122 -1.78896e-20 0.021973)
(40.0114 6.4522e-19 0.022564)
(40.0105 -1.26935e-18 0.0230556)
(40.0097 2.56383e-21 0.0234528)
(40.0088 6.35403e-19 0.0237612)
(40.008 0 0.0239866)
(40.0072 -7.93227e-21 0.024135)
(40.0064 0 0.0242125)
(40.0056 0 0.0242245)
(40.0048 1.00693e-18 0.0241767)
(40.004 -1.01517e-18 0.0240742)
(40.0033 0 0.0239218)
(40.0026 -6.1023e-21 0.0237235)
(40.0019 -8.09633e-19 0.0234832)
(40.0012 8.06592e-19 0.0232045)
(40.0005 0 0.0228908)
(39.9999 0 0.0225449)
(39.9992 -6.17394e-19 0.02217)
(39.9986 6.15783e-19 0.0217689)
(39.998 2.61951e-21 0.0213439)
(39.9975 -4.33835e-21 0.0208965)
(39.9969 4.18055e-19 0.0204282)
(39.9964 -7.97011e-19 0.0199395)
(39.9959 3.68578e-19 0.019431)
(39.9954 9.8979e-22 0.0189033)
(39.9949 2.3342e-19 0.0183575)
(39.9944 -2.25813e-19 0.0177949)
(39.994 0 0.0172176)
(39.9935 5.26853e-21 0.0166278)
(39.9931 -2.21775e-21 0.0160274)
(39.9926 -7.21511e-21 0.0154176)
(39.9921 4.79501e-20 0.0147988)
(39.9917 -3.89202e-20 0.0141718)
(39.9912 0 0.0135358)
(39.9907 -8.24273e-21 0.0128901)
(39.9902 -8.70026e-21 0.012233)
(39.9897 0 0.0115638)
(39.9892 -2.87841e-20 0.0108791)
(39.9887 -1.90157e-20 0.010176)
(39.9882 0 0.00944967)
(39.9878 0 0.00869086)
(39.9874 5.52266e-19 0.00789707)
(39.987 -5.27609e-19 0.00705204)
(39.9867 -1.75802e-20 0.00613247)
(39.9864 3.61152e-19 0.00513469)
(39.9863 -4.04386e-19 0.00410098)
(39.9862 -1.25188e-19 0.00281413)
(39.9862 2.02871e-19 0.000447393)
(40.0111 -6.87871e-20 0.00602615)
(40.0118 -4.46574e-20 0.00733831)
(40.0118 -2.03497e-19 0.00837618)
(40.012 2.09104e-19 0.00943153)
(40.012 -1.50137e-19 0.0104611)
(40.0119 0 0.0114478)
(40.0117 -3.84435e-19 0.0123818)
(40.0114 7.34679e-19 0.0132536)
(40.011 -3.37937e-19 0.0140567)
(40.0106 2.95769e-20 0.0147863)
(40.0101 7.80848e-19 0.0154401)
(40.0096 -1.51373e-18 0.0160173)
(40.0091 7.97881e-19 0.0165184)
(40.0085 -1.02058e-20 0.016945)
(40.0079 -1.45547e-20 0.0172999)
(40.0073 7.45531e-19 0.0175861)
(40.0068 -7.44735e-19 0.0178072)
(40.0062 -6.95234e-19 0.0179674)
(40.0056 1.38066e-18 0.0180708)
(40.005 -1.31936e-18 0.018122)
(40.0044 2.92474e-20 0.018125)
(40.0038 6.18673e-19 0.0180843)
(40.0033 0 0.0180036)
(40.0028 0 0.0178867)
(40.0022 5.23361e-19 0.0177364)
(40.0017 -5.15041e-19 0.0175557)
(40.0012 4.4944e-21 0.0173468)
(40.0007 0 0.017112)
(40.0003 -7.94746e-19 0.016853)
(39.9998 7.9664e-19 0.0165718)
(39.9994 6.82984e-19 0.0162699)
(39.9989 -6.8742e-19 0.0159488)
(39.9985 -5.64492e-19 0.0156094)
(39.9981 5.67425e-19 0.015253)
(39.9977 1.12497e-20 0.0148802)
(39.9974 -1.98423e-21 0.0144918)
(39.997 3.48124e-21 0.014089)
(39.9966 0 0.0136734)
(39.9963 2.36773e-19 0.0132469)
(39.9959 -4.33067e-19 0.0128114)
(39.9956 1.88244e-19 0.0123688)
(39.9953 1.84032e-21 0.0119208)
(39.9949 -3.06623e-20 0.0114686)
(39.9946 3.16744e-20 0.0110125)
(39.9942 -7.75145e-20 0.0105518)
(39.9939 2.0872e-19 0.0100859)
(39.9935 -1.22788e-19 0.00961379)
(39.9931 2.48624e-19 0.00913424)
(39.9927 -2.41763e-19 0.00864287)
(39.9924 1.35266e-20 0.00813752)
(39.992 1.58106e-20 0.00761267)
(39.9917 0 0.00706367)
(39.9913 0 0.0064874)
(39.991 3.80343e-21 0.00588083)
(39.9908 -3.51361e-19 0.00523454)
(39.9906 3.73625e-19 0.00453306)
(39.9904 8.267e-21 0.00377222)
(39.9904 -4.6902e-21 0.00298954)
(39.9904 -1.42311e-19 0.00204036)
(39.9905 1.0763e-19 0.000341564)
(40.008 1.27971e-20 0.00515433)
(40.0083 3.75795e-20 0.00607287)
(40.0083 2.17329e-20 0.00677028)
(40.0086 -1.69355e-21 0.00751908)
(40.0086 1.47683e-20 0.0082405)
(40.0086 0 0.00893403)
(40.0085 3.94042e-19 0.00959059)
(40.0083 -4.0514e-19 0.0102033)
(40.0081 0 0.0107676)
(40.0078 0 0.0112802)
(40.0075 -1.68494e-20 0.0117395)
(40.0071 -4.39983e-19 0.0121445)
(40.0068 4.0832e-19 0.0124955)
(40.0064 -4.15802e-19 0.0127936)
(40.006 4.28479e-19 0.0130404)
(40.0056 -4.09789e-19 0.0132381)
(40.0052 1.11497e-20 0.0133891)
(40.0047 1.20717e-18 0.0134965)
(40.0043 -7.96842e-19 0.0135634)
(40.0039 -2.38337e-21 0.0135929)
(40.0035 -7.24414e-19 0.013588)
(40.0031 3.04659e-20 0.0135519)
(40.0027 7.00475e-19 0.0134871)
(40.0023 6.38019e-19 0.0133961)
(40.002 -6.44058e-19 0.0132806)
(40.0016 -5.77494e-19 0.0131425)
(40.0013 5.78358e-19 0.012983)
(40.0009 -5.11204e-19 0.0128034)
(40.0006 5.16771e-19 0.0126047)
(40.0002 4.36316e-21 0.0123881)
(39.9999 -4.04104e-21 0.0121547)
(39.9996 -5.34086e-21 0.0119056)
(39.9993 0 0.0116415)
(39.999 3.11727e-19 0.0113637)
(39.9987 -3.27639e-19 0.0110731)
(39.9984 1.29825e-21 0.0107709)
(39.9982 0 0.0104584)
(39.9979 1.85865e-19 0.0101376)
(39.9976 -1.93046e-19 0.00981019)
(39.9974 3.98159e-21 0.00947838)
(39.9971 3.1577e-21 0.00914369)
(39.9969 -6.83661e-20 0.00880769)
(39.9966 6.77238e-20 0.00847082)
(39.9963 0 0.00813341)
(39.9961 2.54591e-20 0.00779481)
(39.9958 -2.58957e-20 0.00745418)
(39.9955 -3.35565e-21 0.00710944)
(39.9952 1.06372e-21 0.00675883)
(39.9949 -5.91051e-21 0.00639988)
(39.9947 0 0.00602946)
(39.9944 0 0.00564446)
(39.9941 0 0.0052412)
(39.9939 0 0.00481232)
(39.9937 -3.38848e-19 0.00435732)
(39.9936 3.33793e-19 0.0038659)
(39.9935 -2.19776e-19 0.00332826)
(39.9934 -1.29912e-20 0.00274769)
(39.9934 2.58751e-19 0.00215734)
(39.9935 0 0.00146203)
(39.9935 0 0.00025023)
(40.0062 -1.51854e-20 0.00473233)
(40.0057 2.23841e-20 0.00526342)
(40.0059 -5.77805e-20 0.00569859)
(40.0061 6.95294e-20 0.00619316)
(40.0062 -2.41044e-20 0.00667161)
(40.0062 1.52779e-19 0.00713849)
(40.0062 1.3306e-20 0.00758319)
(40.0061 -1.55658e-19 0.00799998)
(40.006 0 0.00838465)
(40.0058 1.00059e-20 0.00873413)
(40.0056 2.21889e-19 0.00904672)
(40.0054 -2.19297e-19 0.00932144)
(40.0051 1.47967e-20 0.00955818)
(40.0049 4.37471e-19 0.00975745)
(40.0046 -8.89937e-19 0.00992041)
(40.0043 4.41929e-19 0.0100486)
(40.004 -4.33551e-19 0.0101438)
(40.0037 4.36653e-19 0.0102082)
(40.0034 1.13296e-21 0.0102441)
(40.0032 -4.08755e-19 0.0102537)
(40.0029 4.06887e-19 0.0102392)
(40.0026 3.82882e-19 0.0102024)
(40.0023 -7.4579e-19 0.010145)
(40.002 3.66648e-19 0.0100685)
(40.0018 3.34556e-19 0.00997386)
(40.0015 -3.39308e-19 0.00986216)
(40.0012 0 0.00973426)
(40.001 -5.73183e-19 0.00959112)
(40.0007 5.72697e-19 0.00943354)
(40.0005 -5.03054e-19 0.00926267)
(40.0003 9.66684e-19 0.00907946)
(40 -4.62548e-19 0.00888498)
(39.9998 0 0.00868002)
(39.9996 6.18634e-21 0.00846569)
(39.9994 3.36025e-21 0.00824276)
(39.9992 -1.06502e-21 0.00801238)
(39.999 0 0.00777551)
(39.9988 4.6556e-21 0.00753381)
(39.9986 1.89691e-19 0.00728861)
(39.9984 -3.49461e-19 0.00704157)
(39.9982 1.50088e-19 0.00679358)
(39.998 0 0.00654581)
(39.9978 -4.70923e-20 0.0062985)
(39.9976 4.97636e-20 0.00605155)
(39.9974 1.71825e-22 0.00580363)
(39.9972 0 0.00555378)
(39.9969 0 0.00530028)
(39.9967 -1.38708e-19 0.00504138)
(39.9965 1.41374e-19 0.00477317)
(39.9963 -5.06588e-21 0.00449357)
(39.9961 2.51222e-19 0.00419825)
(39.996 -2.53942e-19 0.00388454)
(39.9958 8.15704e-21 0.00355004)
(39.9957 9.32074e-21 0.00319438)
(39.9956 7.92981e-21 0.00281383)
(39.9955 9.01733e-21 0.00240387)
(39.9955 -1.40163e-19 0.00196469)
(39.9956 2.95337e-19 0.0015239)
(39.9956 -1.67671e-19 0.0010217)
(39.9957 0 0.0001794)
(40.0047 3.70819e-21 0.00411522)
(40.0046 -3.92357e-21 0.00450816)
(40.0047 -6.02829e-21 0.00480032)
(40.0047 0 0.00512647)
(40.0048 -4.22703e-20 0.00544244)
(40.0048 1.10878e-19 0.00575154)
(40.0047 8.85808e-21 0.0060458)
(40.0047 -6.52401e-20 0.00632164)
(40.0046 1.73069e-19 0.00657578)
(40.0044 2.21098e-21 0.006806)
(40.0043 -1.96627e-19 0.00701084)
(40.0041 -1.99156e-19 0.00718958)
(40.004 2.01039e-19 0.007342)
(40.0038 -2.07665e-19 0.00746855)
(40.0036 2.16571e-19 0.00756998)
(40.0034 0 0.00764747)
(40.0032 2.50179e-21 0.00770226)
(40.003 0 0.00773595)
(40.0028 -4.13974e-19 0.00774997)
(40.0026 1.07147e-20 0.00774577)
(40.0024 4.08092e-19 0.0077245)
(40.0022 0 0.00768731)
(40.002 2.26978e-21 0.00763503)
(40.0018 0 0.00756844)
(40.0016 -3.43351e-19 0.00748806)
(40.0014 3.42797e-19 0.00739472)
(40.0012 3.09501e-19 0.0072891)
(40.0011 -1.52868e-20 0.00717215)
(40.0009 -2.17722e-20 0.00704466)
(40.0007 -5.35877e-19 0.00690788)
(40.0005 2.60228e-19 0.0067627)
(40.0004 -2.23697e-19 0.00661024)
(40.0002 2.2484e-19 0.00645109)
(40 -2.04291e-21 0.0062863)
(39.9999 1.69156e-19 0.00611643)
(39.9997 -3.24732e-19 0.00594248)
(39.9996 1.54807e-19 0.00576512)
(39.9994 1.18033e-19 0.00558563)
(39.9993 -1.1903e-19 0.0054048)
(39.9991 7.94055e-20 0.00522371)
(39.999 -1.64296e-20 0.00504281)
(39.9988 -6.249e-20 0.00486258)
(39.9986 0 0.00468263)
(39.9985 5.37242e-21 0.00450251)
(39.9983 -6.24973e-21 0.00432101)
(39.9981 1.55988e-21 0.00413696)
(39.998 2.52294e-21 0.00394837)
(39.9978 -7.11958e-20 0.00375375)
(39.9977 6.96205e-20 0.00355084)
(39.9975 9.71818e-21 0.0033378)
(39.9974 -5.00081e-21 0.00311244)
(39.9973 1.50121e-19 0.00287331)
(39.9972 9.04608e-21 0.00261628)
(39.9971 1.83516e-20 0.00234271)
(39.9971 -2.06868e-19 0.00204835)
(39.9971 1.33778e-19 0.00173231)
(39.9971 -1.34583e-19 0.00139936)
(39.9971 -8.2809e-20 0.00107225)
(39.9972 9.63033e-20 0.000711128)
(39.9973 0 0.000121418)
(40.0037 9.73184e-21 0.00333051)
(40.0035 5.09233e-21 0.00374163)
(40.0035 -1.53103e-20 0.0039473)
(40.0036 -1.35221e-20 0.00418282)
(40.0036 3.1467e-21 0.0044039)
(40.0036 5.82575e-21 0.00461452)
(40.0036 0 0.00481141)
(40.0036 -5.81173e-21 0.00499309)
(40.0035 1.02963e-22 0.00515791)
(40.0034 0 0.00530498)
(40.0033 0 0.00543353)
(40.0032 -6.17506e-20 0.00554344)
(40.0031 6.22817e-20 0.00563472)
(40.003 0 0.00570797)
(40.0029 -1.46042e-19 0.0057638)
(40.0027 1.46181e-19 0.00580318)
(40.0026 -6.9872e-22 0.00582701)
(40.0025 1.51679e-19 0.00583639)
(40.0023 -1.5453e-19 0.0058322)
(40.0022 0 0.00581533)
(40.002 -1.21009e-21 0.00578637)
(40.0019 -1.46075e-19 0.00574599)
(40.0018 1.45604e-19 0.00569457)
(40.0016 -1.39305e-19 0.00563264)
(40.0015 1.39883e-19 0.00556055)
(40.0014 1.66002e-21 0.00547902)
(40.0012 1.58487e-21 0.00538861)
(40.0011 1.26211e-21 0.00529022)
(40.001 0 0.00518459)
(40.0008 -2.00572e-19 0.00507275)
(40.0007 2.02898e-19 0.00495544)
(40.0006 -9.83129e-22 0.00483354)
(40.0004 -1.59893e-19 0.00470765)
(40.0003 1.60787e-19 0.00457867)
(40.0002 -1.26884e-19 0.00444722)
(40.0001 2.47379e-19 0.00431421)
(40 -1.14446e-19 0.00418036)
(39.9999 9.55006e-22 0.00404679)
(39.9997 0 0.00391424)
(39.9996 1.70635e-21 0.00378338)
(39.9995 -3.40099e-20 0.00365417)
(39.9994 3.3469e-20 0.00352675)
(39.9993 -3.79454e-22 0.00340048)
(39.9991 3.84982e-22 0.00327446)
(39.999 -8.72358e-22 0.00314682)
(39.9989 -1.28264e-21 0.00301638)
(39.9988 6.75302e-20 0.00288124)
(39.9987 -1.58911e-19 0.00273996)
(39.9985 -1.61965e-20 0.00258952)
(39.9984 1.0153e-19 0.0024291)
(39.9984 -1.45095e-19 0.00225647)
(39.9983 3.20844e-19 0.00207125)
(39.9982 -1.73215e-19 0.00187274)
(39.9982 -1.15439e-19 0.00166276)
(39.9982 1.19138e-19 0.00144019)
(39.9982 -5.39876e-21 0.0012057)
(39.9982 8.1364e-20 0.000961927)
(39.9982 4.21224e-21 0.000726494)
(39.9983 -9.74568e-20 0.000474689)
(39.9984 1.2816e-20 7.79535e-05)
(40.0029 1.70246e-20 0.0030988)
(40.0026 -1.01894e-21 0.00331627)
(40.0027 5.19529e-20 0.00340716)
(40.0028 -5.27273e-20 0.00353672)
(40.0028 -6.33808e-21 0.00365737)
(40.0028 0 0.00377464)
(40.0028 -5.81702e-20 0.0038847)
(40.0028 5.46568e-20 0.00398599)
(40.0028 -3.46895e-20 0.0040771)
(40.0027 3.49231e-20 0.00415721)
(40.0027 0 0.00422573)
(40.0026 0 0.00428251)
(40.0025 0 0.00432751)
(40.0024 1.21156e-20 0.00436105)
(40.0023 -1.22728e-20 0.00438346)
(40.0022 -1.83097e-21 0.00439524)
(40.0022 -6.31428e-21 0.00439681)
(40.0021 -4.47587e-21 0.00438867)
(40.002 1.16064e-20 0.00437123)
(40.0019 0 0.00434486)
(40.0018 4.22626e-20 0.0043098)
(40.0017 -4.36601e-20 0.00426642)
(40.0016 -8.68873e-23 0.00421501)
(40.0015 0 0.00415605)
(40.0014 0 0.00408998)
(40.0013 1.21996e-23 0.00401752)
(40.0012 -3.78487e-23 0.00393934)
(40.0011 -5.21459e-20 0.00385629)
(40.001 5.12642e-20 0.00376901)
(40.0009 -4.8751e-20 0.00367835)
(40.0008 4.90802e-20 0.00358481)
(40.0007 8.02439e-22 0.00348905)
(40.0006 0 0.00339146)
(40.0005 0 0.00329273)
(40.0004 -1.3412e-21 0.00319332)
(40.0003 0 0.00309404)
(40.0003 -2.26521e-20 0.00299542)
(40.0002 2.10675e-20 0.00289832)
(40.0001 -1.00407e-20 0.0028031)
(40 1.43402e-20 0.00271018)
(39.9999 -4.11237e-21 0.00261922)
(39.9998 0 0.00252994)
(39.9997 1.50971e-20 0.00244129)
(39.9996 -3.71197e-20 0.00235232)
(39.9995 2.28741e-20 0.00226131)
(39.9994 0 0.00216693)
(39.9993 -2.39984e-21 0.00206727)
(39.9992 5.02535e-20 0.00196129)
(39.9992 -5.15618e-20 0.00184725)
(39.9991 -6.03092e-20 0.00172475)
(39.999 6.85912e-20 0.00159349)
(39.999 -8.87962e-20 0.00145387)
(39.999 8.39992e-20 0.00130486)
(39.9989 1.09662e-19 0.00114938)
(39.9989 -1.14361e-19 0.00098582)
(39.9989 -3.67103e-21 0.000815346)
(39.999 8.10894e-20 0.000640952)
(39.999 -4.18491e-20 0.00047632)
(39.9991 -8.30109e-20 0.000305691)
(39.9991 2.02371e-20 4.39252e-05)
(40.0028 0 0.00271478)
(40.0024 7.21279e-20 0.00286499)
(40.0024 -3.24124e-21 0.00290433)
(40.0024 -5.2124e-20 0.00297306)
(40.0024 -6.73845e-20 0.0030329)
(40.0024 1.88821e-19 0.00308923)
(40.0023 -1.48092e-20 0.00314047)
(40.0023 -2.23105e-19 0.00318583)
(40.0023 2.7312e-19 0.0032247)
(40.0022 -1.38492e-19 0.00325674)
(40.0022 -4.38002e-21 0.00328168)
(40.0021 -4.07252e-21 0.00329951)
(40.0021 0 0.00331015)
(40.002 -8.36614e-20 0.00331373)
(40.0019 9.00888e-20 0.00331027)
(40.0019 1.43848e-19 0.00329996)
(40.0018 -1.25114e-20 0.00328285)
(40.0017 -1.31127e-19 0.00325909)
(40.0017 0 0.00322875)
(40.0016 0 0.00319207)
(40.0016 0 0.00314924)
(40.0015 7.58654e-20 0.00310062)
(40.0014 -1.45676e-19 0.0030466)
(40.0013 6.89561e-20 0.00298786)
(40.0013 0 0.00292499)
(40.0012 -9.91588e-24 0.00285882)
(40.0011 3.07585e-23 0.00279003)
(40.0011 0 0.00271949)
(40.001 1.03629e-21 0.00264773)
(40.0009 6.54291e-20 0.00257538)
(40.0008 -6.49511e-20 0.00250277)
(40.0008 0 0.00243042)
(40.0007 5.0928e-20 0.00235852)
(40.0006 -9.5132e-20 0.00228754)
(40.0005 2.26784e-21 0.00221769)
(40.0005 4.3929e-20 0.00214958)
(40.0004 -4.22459e-20 0.00208341)
(40.0003 4.26848e-20 0.00201952)
(40.0003 -1.06593e-22 0.0019577)
(40.0002 -4.49356e-20 0.00189795)
(40.0001 4.3524e-20 0.00183956)
(40 4.96171e-20 0.0017818)
(40 -9.80551e-20 0.00172318)
(39.9999 5.04341e-20 0.00166272)
(39.9998 0 0.00159892)
(39.9998 0 0.00153061)
(39.9997 6.23812e-20 0.00145588)
(39.9996 -1.31129e-19 0.00137436)
(39.9996 6.91255e-20 0.00128516)
(39.9995 -2.88607e-21 0.00118895)
(39.9995 0 0.00108566)
(39.9995 -9.80421e-20 0.000977114)
(39.9995 1.60885e-19 0.000864239)
(39.9995 -5.71854e-20 0.000749907)
(39.9995 -7.37589e-20 0.000633644)
(39.9995 7.59679e-20 0.000516613)
(39.9995 0 0.000399367)
(39.9995 0 0.000291642)
(39.9995 0 0.000183332)
(39.9996 0 2.15332e-05)
(40.0022 -3.16146e-20 0.00200441)
(40.002 9.29793e-20 0.00218342)
(40.002 -5.99566e-20 0.0022129)
(40.0021 1.37193e-20 0.00227215)
(40.002 -1.11653e-20 0.00231518)
(40.002 -1.15571e-19 0.00235149)
(40.002 1.90007e-19 0.00238102)
(40.002 -8.74828e-20 0.00240416)
(40.002 4.18294e-21 0.00242121)
(40.0019 -1.39255e-19 0.00243259)
(40.0019 2.814e-19 0.00243823)
(40.0018 -1.03005e-20 0.00243847)
(40.0018 -2.43202e-19 0.00243307)
(40.0017 -1.04303e-19 0.0024223)
(40.0017 2.17305e-19 0.00240586)
(40.0016 0 0.00238405)
(40.0016 1.76411e-19 0.00235666)
(40.0015 -1.2967e-20 0.00232413)
(40.0015 -1.21666e-20 0.00228642)
(40.0014 -1.53919e-19 0.00224424)
(40.0014 1.3247e-19 0.00219779)
(40.0013 -1.32144e-19 0.00214802)
(40.0013 0 0.00209534)
(40.0012 2.1329e-19 0.00204086)
(40.0012 -2.15993e-19 0.00198504)
(40.0011 1.85066e-19 0.00192896)
(40.001 -1.85732e-19 0.00187292)
(40.001 0 0.00181783)
(40.0009 -1.50222e-19 0.00176371)
(40.0009 1.49346e-19 0.00171122)
(40.0008 1.29495e-19 0.00166015)
(40.0008 -2.48289e-19 0.00161109)
(40.0007 1.20158e-19 0.00156373)
(40.0006 1.09745e-21 0.00151862)
(40.0006 9.58232e-20 0.00147541)
(40.0005 -9.38064e-20 0.00143468)
(40.0005 -9.09676e-22 0.00139582)
(40.0004 -7.84477e-20 0.00135907)
(40.0004 6.20714e-21 0.00132335)
(40.0003 7.46689e-20 0.00128856)
(40.0002 6.58153e-20 0.00125311)
(40.0002 -6.66287e-20 0.00121649)
(40.0001 -5.65599e-20 0.00117684)
(40.0001 5.74596e-20 0.00113377)
(40 -5.11894e-20 0.00108554)
(40 5.21948e-20 0.00103212)
(39.9999 5.16224e-21 0.000972205)
(39.9999 4.91723e-20 0.000906733)
(39.9999 -5.05128e-20 0.000835545)
(39.9998 -3.58831e-21 0.000760564)
(39.9998 0 0.000682302)
(39.9998 0 0.000603312)
(39.9998 4.08576e-21 0.000524136)
(39.9998 0 0.00044763)
(39.9998 4.77328e-21 0.00037215)
(39.9998 -5.28744e-21 0.000298688)
(39.9998 0 0.000228232)
(39.9998 -5.98741e-20 0.000164803)
(39.9998 6.45428e-20 0.000101604)
(39.9998 -4.69381e-21 4.89828e-06)
(40.002 6.48451e-20 0.00135563)
(40.0015 -8.85236e-20 0.00145362)
(40.0016 0 0.00145427)
(40.0016 -1.14725e-20 0.0014938)
(40.0016 0 0.00151961)
(40.0016 9.36929e-20 0.00154291)
(40.0016 -1.63483e-19 0.00156174)
(40.0016 2.22326e-19 0.00157592)
(40.0015 -7.10522e-21 0.00158527)
(40.0015 -1.56025e-19 0.00158972)
(40.0015 0 0.001589)
(40.0015 3.64578e-21 0.00158312)
(40.0014 -4.2774e-21 0.00157184)
(40.0014 2.34672e-19 0.00155536)
(40.0013 -1.16749e-20 0.00153363)
(40.0013 -2.19781e-19 0.00150712)
(40.0013 -1.97843e-19 0.00147607)
(40.0012 1.06584e-20 0.00144129)
(40.0012 1.87972e-19 0.00140329)
(40.0011 -3.03794e-21 0.0013631)
(40.0011 0 0.00132136)
(40.0011 -2.72631e-21 0.00127917)
(40.001 0 0.0012371)
(40.001 0 0.00119611)
(40.0009 1.61409e-21 0.00115649)
(40.0009 -2.37208e-19 0.00111896)
(40.0008 2.33916e-19 0.00108352)
(40.0008 2.09229e-19 0.00105059)
(40.0008 -2.10068e-19 0.00101988)
(40.0007 0 0.000991659)
(40.0007 3.20391e-21 0.000965564)
(40.0006 -2.01968e-21 0.000941809)
(40.0006 2.99405e-19 0.000919887)
(40.0006 -5.8202e-19 0.0009)
(40.0005 1.80177e-20 0.000881573)
(40.0005 2.58469e-19 0.000864656)
(40.0004 4.32497e-21 0.000848254)
(40.0004 0 0.000832112)
(40.0004 -1.98592e-19 0.000814991)
(40.0003 1.93184e-19 0.000796515)
(40.0003 0 0.000775113)
(40.0002 1.44159e-19 0.000750412)
(40.0002 -1.46795e-19 0.000721181)
(40.0002 0 0.000687643)
(40.0001 1.20176e-19 0.000648844)
(40.0001 -1.2261e-19 0.000605317)
(40.0001 -2.93216e-21 0.000557074)
(40.0001 0 0.000505622)
(40 0 0.000451739)
(40 2.90981e-21 0.000397325)
(40 9.6132e-20 0.000343726)
(40 -1.1554e-19 0.000292703)
(40 -3.32156e-21 0.000245463)
(40 0 0.000202742)
(40 -3.88839e-21 0.000165412)
(40 8.60298e-21 0.00013144)
(40 -4.64376e-21 0.000100895)
(40 -1.19529e-21 7.17995e-05)
(40 0 4.21179e-05)
(40 3.8554e-21 -3.39914e-06)
(40.0015 -2.16657e-20 0.000898688)
(40.0011 1.04711e-20 0.000934456)
(40.0011 1.06311e-20 0.000931009)
(40.0011 0 0.000940223)
(40.0011 0 0.000943094)
(40.001 -1.95078e-20 0.000944327)
(40.001 2.8994e-22 0.000942403)
(40.001 8.61045e-21 0.000937064)
(40.001 0 0.000928173)
(40.001 7.91798e-21 0.000915372)
(40.0009 4.19036e-21 0.000898769)
(40.0009 4.04899e-21 0.000878269)
(40.0009 3.46595e-21 0.000854283)
(40.0009 -1.196e-19 0.000827049)
(40.0009 1.16315e-19 0.000797327)
(40.0008 2.12302e-19 0.000765662)
(40.0008 -1.00575e-20 0.000733039)
(40.0008 -2.02529e-19 0.000700142)
(40.0008 0 0.000667989)
(40.0007 2.43744e-21 0.000637172)
(40.0007 0 0.000608497)
(40.0007 2.18415e-21 0.000582273)
(40.0007 0 0.000558981)
(40.0006 4.92946e-21 0.000538577)
(40.0006 2.69225e-19 0.000521189)
(40.0006 -2.65268e-19 0.000506487)
(40.0006 3.27635e-21 0.000494378)
(40.0005 0 0.000484371)
(40.0005 -4.19117e-19 0.000476238)
(40.0005 8.08507e-19 0.000469466)
(40.0005 -3.99422e-19 0.00046382)
(40.0004 0 0.000458796)
(40.0004 0 0.00045407)
(40.0004 3.10383e-19 0.000449127)
(40.0003 -5.31939e-21 0.000443568)
(40.0003 -5.68316e-19 0.000436812)
(40.0003 2.73087e-19 0.000428278)
(40.0003 0 0.000417359)
(40.0002 6.02433e-21 0.00040354)
(40.0002 -2.11637e-19 0.000386452)
(40.0002 4.12232e-19 0.000365789)
(40.0002 -3.65599e-19 0.000341539)
(40.0001 1.83273e-19 0.000313916)
(40.0001 -1.32877e-20 0.000283473)
(40.0001 1.24494e-20 0.000250871)
(40.0001 0 0.000216823)
(40.0001 -1.09017e-20 0.000182506)
(40.0001 1.27349e-19 0.000149091)
(40.0001 -9.31872e-21 0.000117936)
(40.0001 -1.34698e-19 8.97912e-05)
(40 -9.85968e-20 6.59438e-05)
(40 1.24218e-19 4.67995e-05)
(40 0 3.30447e-05)
(40 1.09012e-19 2.37298e-05)
(40 -2.26444e-19 1.89544e-05)
(40 5.73668e-20 1.58231e-05)
(40 1.27815e-19 1.3815e-05)
(40 -1.33362e-19 1.09054e-05)
(40 7.31616e-20 7.18924e-06)
(40 0 -4.16439e-06)
(40.0008 9.34908e-21 0.000333997)
(40.0006 0 0.000352354)
(40.0006 6.74693e-20 0.00035062)
(40.0006 -1.89446e-19 0.000352585)
(40.0006 1.26044e-19 0.000349795)
(40.0005 1.32212e-19 0.00034421)
(40.0005 5.00807e-21 0.000335844)
(40.0005 -2.3714e-19 0.000324785)
(40.0005 1.20523e-19 0.000311364)
(40.0004 3.83661e-21 0.000295767)
(40.0004 3.46577e-22 0.000278537)
(40.0004 -5.51069e-20 0.000260027)
(40.0004 5.16994e-20 0.000240935)
(40.0003 -6.49824e-21 0.000221723)
(40.0003 -2.04891e-20 0.000203149)
(40.0003 2.34913e-20 0.00018565)
(40.0003 -3.18258e-21 0.000169857)
(40.0003 0 0.000156005)
(40.0002 6.00439e-21 0.00014447)
(40.0002 0 0.000135214)
(40.0002 0 0.000128292)
(40.0002 2.95298e-19 0.000123383)
(40.0002 -2.95693e-19 0.000120289)
(40.0002 -2.78403e-19 0.000118547)
(40.0001 5.45709e-19 0.000117832)
(40.0001 -2.65105e-19 0.000117632)
(40.0001 9.296e-21 0.000117588)
(40.0001 -4.62375e-19 0.000117293)
(40.0001 2.01563e-20 0.000116445)
(40.0001 4.60845e-19 0.00011471)
(40.0001 -4.17385e-19 0.000111788)
(40 4.04256e-19 0.000107476)
(40 3.68142e-19 0.000101537)
(40 -3.85484e-19 9.38246e-05)
(40 -9.1154e-21 8.40665e-05)
(40 0 7.22647e-05)
(40 0 5.8337e-05)
(40 0 4.24837e-05)
(40 -5.67696e-19 2.47339e-05)
(40 5.74516e-19 5.57866e-06)
(39.9999 5.0422e-19 -1.45268e-05)
(39.9999 -5.05506e-19 -3.47763e-05)
(39.9999 0 -5.46615e-05)
(39.9999 4.24005e-19 -7.33985e-05)
(40 -4.31431e-19 -9.01997e-05)
(40 3.58702e-19 -0.000104294)
(40 -7.17371e-19 -0.000115142)
(40 3.19646e-19 -0.00012233)
(40 -2.12782e-20 -0.000125387)
(40 -2.43023e-19 -0.000124258)
(40 2.72978e-19 -0.000118863)
(40 1.68719e-20 -0.000109667)
(40 1.58401e-20 -9.69395e-05)
(40 0 -8.19304e-05)
(40 1.06407e-19 -6.50169e-05)
(40 7.72166e-21 -4.83965e-05)
(40 -1.01246e-19 -3.22716e-05)
(40 6.02508e-20 -1.86493e-05)
(40 -9.89285e-20 -6.83321e-06)
(40 3.84853e-20 1.10983e-06)
(39.9999 -1.41441e-19 -1.82666e-05)
(39.9996 1.3088e-19 -2.99176e-07)
(39.9996 0 2.31952e-06)
(39.9996 -7.3389e-21 8.35254e-06)
(39.9996 3.56623e-21 1.14434e-05)
(39.9996 -4.78348e-19 1.24216e-05)
(39.9996 4.73741e-19 1.20857e-05)
(39.9996 0 1.04335e-05)
(39.9996 4.434e-19 7.92219e-06)
(39.9996 -9.45082e-21 4.77398e-06)
(39.9995 -8.63205e-19 1.39538e-06)
(39.9995 4.24846e-19 -2.06269e-06)
(39.9995 0 -5.2619e-06)
(39.9995 2.75812e-21 -8.1398e-06)
(39.9995 3.06767e-21 -1.04788e-05)
(39.9995 2.99378e-21 -1.23592e-05)
(39.9995 -1.85182e-19 -1.37252e-05)
(39.9995 9.98596e-21 -1.47753e-05)
(39.9995 8.73076e-20 -1.55907e-05)
(39.9995 3.94837e-20 -1.64525e-05)
(39.9995 4.26222e-20 -1.75307e-05)
(39.9995 -8.06585e-20 -1.9108e-05)
(39.9996 7.07266e-20 -2.13655e-05)
(39.9996 0 -2.45088e-05)
(39.9996 -3.02626e-19 -2.86707e-05)
(39.9996 3.04342e-19 -3.39492e-05)
(39.9996 -7.26189e-21 -4.04145e-05)
(39.9996 -7.00022e-21 -4.80304e-05)
(39.9996 5.15194e-19 -5.67874e-05)
(39.9996 -5.16993e-19 -6.65552e-05)
(39.9996 1.52447e-20 -7.72929e-05)
(39.9996 2.66175e-20 -8.8767e-05)
(39.9996 -1.66104e-20 -0.000100861)
(39.9996 0 -0.000113272)
(39.9996 0 -0.000125869)
(39.9997 0 -0.000138258)
(39.9997 2.31664e-20 -0.000150191)
(39.9997 6.55665e-19 -0.000161202)
(39.9997 -6.84685e-19 -0.000171063)
(39.9997 -3.87406e-20 -0.000179286)
(39.9997 0 -0.000185569)
(39.9998 -5.65373e-19 -0.000189452)
(39.9998 5.25883e-19 -0.00019085)
(39.9998 -2.89683e-20 -0.000189593)
(39.9998 -4.32815e-19 -0.000185647)
(39.9999 4.15127e-19 -0.000178964)
(39.9999 4.19037e-20 -0.000169807)
(39.9999 -2.92589e-19 -0.000158488)
(39.9999 3.7428e-19 -0.000145313)
(39.9999 -1.52752e-20 -0.000130664)
(39.9999 3.15154e-20 -0.00011496)
(40 2.05667e-19 -9.86454e-05)
(40 -2.42266e-19 -8.20772e-05)
(40 0 -6.58974e-05)
(40 0 -5.01227e-05)
(40 -1.14378e-20 -3.57614e-05)
(40 -1.17866e-20 -2.29106e-05)
(40 1.32546e-20 -1.21487e-05)
(40 1.4669e-20 -3.00126e-06)
(40 0 3.56195e-06)
(10.1667 0 -0.915023)
(11.3498 -4.19057e-17 -0.9646)
(11.4064 0 -0.972243)
(11.3893 0 -0.963483)
(11.2305 -6.40527e-21 -0.957683)
(10.9895 0 -0.937734)
(10.6772 0 -0.909601)
(10.2533 0 -0.858351)
(9.63555 0 -0.779514)
(8.66856 0 -0.609919)
(7.46736 0 -0.378861)
(6.60312 0 -0.301914)
(6.00185 0 -0.414421)
(5.7373 -8.09241e-17 -0.577101)
(5.9848 -1.22813e-16 -0.640513)
(7.84802 0 -0.639972)
(10.2994 -7.41174e-17 -0.747395)
(12.6702 -6.20445e-17 -1.36018)
(14.6961 -5.65292e-17 -2.17898)
(16.1354 -1.44393e-16 -2.72306)
(17.2311 -9.49404e-17 -2.9378)
(17.8095 -2.30327e-16 -2.77002)
(17.2911 -1.29173e-16 -1.80209)
(18.421 -4.08438e-16 -0.789538)
(27.5009 -4.67125e-16 -0.424501)
(13.3175 2.32251e-17 -1.13437)
(14.5734 1.83597e-17 -1.22301)
(14.5764 0 -1.23151)
(14.5609 -7.91544e-18 -1.2202)
(14.3573 -7.22992e-18 -1.21356)
(14.0555 0 -1.18818)
(13.6552 0 -1.15107)
(13.1245 0 -1.08062)
(12.381 0 -0.971999)
(11.272 -1.68955e-17 -0.76426)
(10.078 0 -0.4842)
(8.98421 0 -0.369305)
(8.11213 0 -0.516082)
(7.55959 -4.08832e-20 -0.729801)
(8.1671 -2.62075e-20 -0.860437)
(10.2288 0 -0.826162)
(13.6781 1.20909e-20 -0.953264)
(17.0124 -1.7333e-19 -1.75521)
(19.5669 2.48416e-17 -2.90382)
(21.501 -2.49596e-19 -3.74587)
(22.9481 -1.88853e-19 -4.12564)
(23.7777 5.26527e-17 -3.99946)
(24.27 2.01221e-19 -2.74748)
(28.2653 9.14535e-17 -1.29908)
(39.4142 2.13108e-16 -1.23643)
(14.9422 -2.06572e-20 -1.26768)
(16.1825 -3.59201e-21 -1.35124)
(16.1646 0 -1.36536)
(16.1414 4.89855e-18 -1.35127)
(15.9116 2.20738e-18 -1.34509)
(15.5844 0 -1.3172)
(15.1482 0 -1.27453)
(14.5772 0 -1.18925)
(13.8011 0 -1.05644)
(12.7473 1.00203e-17 -0.814116)
(11.5995 0 -0.497501)
(10.4619 0 -0.37189)
(9.50638 0 -0.577868)
(8.98628 2.23197e-17 -0.863685)
(9.79109 2.93181e-17 -1.01038)
(12.1216 0 -0.914364)
(15.991 2.24395e-17 -1.0362)
(19.6348 1.7367e-17 -2.02894)
(22.4427 0 -3.49438)
(24.774 2.34956e-17 -4.60495)
(26.5832 -3.41283e-19 -5.12259)
(27.8583 0 -5.03641)
(29.272 2.22549e-19 -3.59118)
(34.4472 0 -1.66043)
(44.6136 -1.19651e-16 -1.32852)
(16.1704 -1.15802e-17 -1.36672)
(17.3697 -8.79368e-18 -1.44162)
(17.3327 0 -1.4626)
(17.3001 0 -1.4467)
(17.0513 0 -1.44205)
(16.7043 0 -1.41153)
(16.2412 0 -1.36134)
(15.6415 -3.62279e-18 -1.25732)
(14.8483 -5.11838e-18 -1.09366)
(13.8479 0 -0.812529)
(12.7584 -8.60122e-18 -0.479302)
(11.6745 0 -0.368863)
(10.7927 -1.28063e-17 -0.649471)
(10.5196 0 -1.00439)
(11.6132 -2.0677e-17 -1.11478)
(14.2644 2.06563e-17 -0.93391)
(18.4308 0 -1.10938)
(22.3974 -1.39618e-17 -2.42958)
(25.5147 1.54031e-17 -4.3343)
(28.1413 -1.9031e-17 -5.69746)
(30.2015 2.19309e-17 -6.3077)
(31.834 2.34369e-17 -6.14978)
(33.7455 1.78129e-19 -4.41783)
(38.8705 3.62282e-17 -2.01148)
(47.5478 8.73338e-17 -1.33928)
(17.2007 0 -1.44338)
(18.3387 -7.1108e-18 -1.51127)
(18.2847 0 -1.53987)
(18.2406 -2.85853e-18 -1.52322)
(17.9751 0 -1.52037)
(17.6079 0 -1.48617)
(17.119 1.45114e-18 -1.42613)
(16.4962 2.59815e-18 -1.3023)
(15.7053 3.6988e-18 -1.11169)
(14.771 0 -0.810059)
(13.7779 6.28351e-18 -0.495628)
(12.8375 -7.79895e-18 -0.428205)
(12.1881 1.99501e-17 -0.770487)
(12.2872 0 -1.13834)
(13.694 1.54598e-17 -1.14943)
(16.6808 -3.13122e-17 -0.892092)
(21.1439 0 -1.20823)
(25.4463 1.1036e-17 -2.96005)
(28.7302 -1.194e-17 -5.30405)
(31.2325 1.31169e-17 -6.66527)
(33.1065 0 -7.03841)
(34.6752 -3.08915e-17 -6.64024)
(36.6592 1.62294e-17 -4.78424)
(41.4407 -5.82027e-17 -2.38038)
(49.49 0 -1.73401)
(18.0971 0 -1.50439)
(19.1696 5.90031e-18 -1.56731)
(19.0983 0 -1.60406)
(19.0391 2.28654e-18 -1.58771)
(18.7576 -9.68687e-19 -1.58641)
(18.3744 0 -1.54811)
(17.8719 -1.13104e-18 -1.47901)
(17.2511 0 -1.34256)
(16.5024 0 -1.14373)
(15.6722 0 -0.858876)
(14.8361 0 -0.603862)
(14.1277 6.55416e-18 -0.596784)
(13.8091 -8.28418e-18 -0.948477)
(14.2961 1.05888e-17 -1.23728)
(16.0082 0 -1.11557)
(19.2797 1.06432e-19 -0.83021)
(23.9589 1.05758e-17 -1.34881)
(28.3782 0 -3.4786)
(31.4341 0 -6.04333)
(33.464 1.06668e-17 -7.09976)
(35.1145 0 -7.04118)
(36.6445 1.37339e-17 -6.41673)
(38.6472 0 -4.6677)
(43.3028 3.45104e-17 -2.76886)
(51.1203 0 -2.42604)
(18.9012 0 -1.55497)
(19.911 0 -1.61463)
(19.826 0 -1.66053)
(19.7552 1.90179e-18 -1.64617)
(19.4687 1.62066e-18 -1.64704)
(19.0885 -9.8258e-20 -1.60673)
(18.6047 0 -1.53474)
(18.0322 0 -1.40161)
(17.3816 0 -1.22261)
(16.7113 0 -0.993035)
(16.0981 4.51712e-18 -0.821983)
(15.6802 5.7131e-18 -0.862656)
(15.7111 0 -1.15057)
(16.5578 -3.23234e-20 -1.29103)
(18.5673 1.0028e-17 -1.04849)
(22.0639 9.51905e-20 -0.804463)
(26.8073 1.94516e-19 -1.5468)
(31.0337 8.45857e-18 -3.85562)
(33.6073 0 -6.24152)
(35.264 5.56309e-19 -6.76018)
(36.8619 1.51079e-17 -6.27864)
(38.4409 0 -5.64372)
(40.5153 0 -4.24967)
(45.1304 0 -3.18074)
(52.3218 1.20556e-16 -2.99282)
(19.6581 6.35393e-18 -1.59976)
(20.6152 0 -1.65819)
(20.5292 0 -1.71542)
(20.4636 1.31136e-21 -1.70615)
(20.1991 -1.48688e-18 -1.71166)
(19.8594 9.19307e-20 -1.67487)
(19.4442 -8.86012e-19 -1.61129)
(18.9781 0 -1.50211)
(18.4834 0 -1.36924)
(18.0222 0 -1.2171)
(17.6664 -4.26632e-18 -1.12503)
(17.5476 -1.04417e-17 -1.17363)
(17.9147 6.42043e-18 -1.34167)
(19.0931 -7.84188e-18 -1.31675)
(21.3652 -8.88734e-18 -1.01054)
(24.9973 9.01411e-18 -0.87929)
(29.5949 -8.20961e-18 -1.8128)
(33.3746 -7.7446e-18 -4.04208)
(35.534 0 -5.88644)
(37.1171 -1.44516e-17 -5.74306)
(38.8577 -2.14583e-17 -5.06752)
(40.5499 0 -4.65078)
(42.5399 0 -3.80768)
(46.5237 0 -3.5304)
(52.719 -1.12722e-16 -3.20488)
(20.4261 -5.85169e-18 -1.64397)
(21.3511 -4.06135e-18 -1.70389)
(21.2912 0 -1.77636)
(21.2627 1.05436e-21 -1.77658)
(21.0623 7.33526e-19 -1.79102)
(20.8109 0 -1.7653)
(20.5149 1.74964e-18 -1.72194)
(20.2003 0 -1.65126)
(19.8943 0 -1.57376)
(19.6576 3.1257e-18 -1.49213)
(19.5599 3.94217e-18 -1.44845)
(19.7344 4.89846e-18 -1.46673)
(20.4256 -5.52946e-20 -1.50326)
(21.9034 7.15232e-18 -1.35268)
(24.3883 0 -1.06613)
(28.0434 0 -1.09514)
(32.2988 8.61839e-18 -2.12234)
(35.5772 9.61939e-18 -3.98394)
(37.5182 0 -5.00329)
(39.1765 2.0056e-17 -4.39395)
(40.9051 2.861e-17 -4.01655)
(42.3734 0 -3.94643)
(43.851 3.41559e-17 -3.58534)
(47.09 0 -3.69874)
(52.6505 -9.41835e-17 -3.16829)
(21.2857 -5.58907e-18 -1.69383)
(22.2105 3.99703e-18 -1.75878)
(22.216 2.66026e-18 -1.85178)
(22.2631 -1.6633e-18 -1.86611)
(22.1667 0 -1.8932)
(22.0383 0 -1.88428)
(21.8874 -1.70944e-18 -1.86754)
(21.7399 0 -1.83805)
(21.6287 0 -1.80891)
(21.6156 -3.06719e-18 -1.77585)
(21.7737 -3.86734e-18 -1.74853)
(22.2413 -4.74891e-18 -1.71844)
(23.2408 -5.93279e-18 -1.65244)
(24.9767 -7.04682e-18 -1.45582)
(27.618 7.99112e-18 -1.26291)
(31.1757 0 -1.44045)
(35.0321 -9.36309e-18 -2.39711)
(37.8728 -1.15438e-17 -3.63714)
(39.5344 0 -3.86986)
(40.8915 -2.25432e-17 -3.42523)
(42.2044 -3.00188e-17 -3.48128)
(43.2284 0 -3.58553)
(44.3283 2.21657e-19 -3.4441)
(47.2362 -5.55458e-17 -3.7156)
(52.452 8.25015e-17 -2.94719)
(22.333 1.10063e-17 -1.75492)
(23.2905 -3.99555e-18 -1.82865)
(23.3949 -3.0837e-21 -1.94645)
(23.5422 -1.67525e-18 -1.97676)
(23.5681 0 -2.01737)
(23.5736 0 -2.02722)
(23.5743 5.25994e-21 -2.03749)
(23.5999 0 -2.04332)
(23.6897 0 -2.04802)
(23.9063 0 -2.03962)
(24.3271 0 -2.00697)
(25.0878 3.97091e-20 -1.93526)
(26.3739 0 -1.82417)
(28.3215 0 -1.66298)
(31.0455 -1.69492e-17 -1.59061)
(34.4521 -9.59266e-18 -1.83404)
(37.8059 0 -2.52075)
(39.8998 0 -3.08944)
(40.8197 0 -3.0611)
(41.6654 -2.21919e-17 -3.07119)
(42.649 0 -3.31539)
(43.4793 0 -3.39885)
(44.4855 -2.86502e-17 -3.30633)
(47.3064 4.89375e-17 -3.63589)
(52.2078 0 -2.58586)
(23.6475 -5.42852e-18 -1.83052)
(24.6552 4.00816e-18 -1.91517)
(24.8713 -2.71352e-18 -2.05875)
(25.1265 1.69756e-18 -2.10436)
(25.2815 0 -2.15834)
(25.429 0 -2.18781)
(25.5921 -3.31756e-21 -2.22353)
(25.8047 0 -2.25658)
(26.1102 0 -2.28111)
(26.5699 0 -2.2801)
(27.2642 0 -2.23704)
(28.3161 5.42349e-18 -2.15127)
(29.8608 0 -2.05778)
(31.9898 0 -1.9761)
(34.7081 9.3145e-18 -1.98606)
(37.7037 1.02763e-17 -2.14769)
(40.0365 0 -2.45126)
(40.9467 0 -2.62518)
(41.2187 0 -2.70002)
(41.8925 1.96858e-17 -3.00746)
(42.8021 0 -3.2647)
(43.5945 -2.62221e-17 -3.284)
(44.6094 0 -3.17203)
(47.3843 0 -3.50462)
(51.9284 0 -2.1547)
(25.2736 0 -1.91881)
(26.3378 0 -2.0155)
(26.6724 0 -2.18413)
(27.0466 0 -2.24442)
(27.3452 0 -2.31328)
(27.6551 7.96723e-20 -2.36434)
(28.0058 9.58406e-19 -2.424)
(28.4334 1.86879e-18 -2.47622)
(28.9792 0 -2.50928)
(29.7035 0 -2.5078)
(30.6833 0 -2.46501)
(32.0095 0 -2.40248)
(33.7511 0 -2.36666)
(35.8811 0 -2.34513)
(38.187 0 -2.31949)
(40.1477 0 -2.28111)
(41.1312 0 -2.30313)
(41.175 -1.18649e-17 -2.36403)
(41.3387 0 -2.59772)
(42.065 -1.72313e-17 -3.01814)
(42.9374 0 -3.24097)
(43.719 6.35196e-20 -3.2035)
(44.7523 -2.21699e-17 -3.05274)
(47.4625 -3.73796e-17 -3.35037)
(51.6127 -4.36708e-17 -1.70082)
(27.2461 0 -2.01408)
(28.3826 3.97284e-18 -2.12464)
(28.8548 0 -2.31804)
(29.3736 1.80449e-18 -2.39574)
(29.8443 0 -2.4847)
(30.3518 -1.96096e-19 -2.56099)
(30.9282 0 -2.64244)
(31.6027 -2.07663e-18 -2.70622)
(32.4081 0 -2.74243)
(33.39 -4.22833e-18 -2.74506)
(34.5838 0 -2.72252)
(35.994 6.36998e-18 -2.69912)
(37.5714 -7.43931e-18 -2.68943)
(39.1554 0 -2.63155)
(40.5106 0 -2.48671)
(41.2919 0 -2.29222)
(41.3509 0 -2.2005)
(41.1998 3.19476e-20 -2.27943)
(41.5321 1.20644e-17 -2.61104)
(42.263 -1.05344e-19 -3.03557)
(43.0826 0 -3.21736)
(43.8583 3.76163e-17 -3.13226)
(44.9023 1.89443e-17 -2.94769)
(47.5285 6.30865e-17 -3.18079)
(51.2583 3.75472e-17 -1.24661)
(29.5834 0 -2.10782)
(30.8171 -4.79439e-20 -2.23454)
(31.4499 0 -2.45613)
(32.142 -1.80233e-18 -2.55907)
(32.808 8.07595e-19 -2.67558)
(33.5246 1.11465e-19 -2.77681)
(34.3116 0 -2.87021)
(35.1796 0 -2.9332)
(36.1228 0 -2.96618)
(37.125 4.12539e-18 -2.97213)
(38.1538 -5.0879e-18 -2.95993)
(39.1636 -5.93122e-18 -2.93598)
(40.1041 -1.19009e-20 -2.89107)
(40.8984 7.43922e-18 -2.76284)
(41.4054 0 -2.53579)
(41.4946 0 -2.28377)
(41.3183 0 -2.17883)
(41.345 9.10838e-18 -2.29643)
(41.7783 -1.03101e-17 -2.6529)
(42.4493 -1.01711e-19 -3.03237)
(43.2344 -1.49519e-17 -3.17476)
(44.0004 -1.58446e-17 -3.04692)
(45.051 -1.66012e-17 -2.84077)
(47.575 -2.65471e-17 -2.98151)
(50.862 -2.83908e-17 -0.796616)
(32.2635 4.32889e-18 -2.19298)
(33.5732 -3.56166e-18 -2.33301)
(34.3505 0 -2.58748)
(35.1748 1.58753e-18 -2.722)
(35.9427 -5.2761e-20 -2.86223)
(36.7001 0 -2.97149)
(37.4383 1.07381e-18 -3.05374)
(38.1527 -1.94875e-18 -3.09664)
(38.8344 0 -3.11115)
(39.4727 -3.67428e-18 -3.10386)
(40.0534 4.458e-18 -3.07947)
(40.5624 0 -3.03392)
(40.9954 5.89121e-18 -2.95349)
(41.3254 -6.50104e-18 -2.7874)
(41.4798 -6.85537e-18 -2.53576)
(41.4477 7.05043e-18 -2.28387)
(41.4065 -7.30881e-18 -2.19475)
(41.583 0 -2.33147)
(42.0017 8.96587e-18 -2.6678)
(42.6271 1.06188e-17 -2.99022)
(43.3916 1.2565e-17 -3.09436)
(44.1376 1.31816e-17 -2.92942)
(45.1943 1.41064e-17 -2.71467)
(47.5924 2.2007e-17 -2.73658)
(50.4202 2.4636e-17 -0.355932)
(35.0369 -3.78682e-18 -2.2521)
(36.1643 0 -2.40265)
(36.8132 2.09817e-18 -2.68241)
(37.4504 -1.38183e-18 -2.83122)
(37.9821 -1.13222e-18 -2.96884)
(38.4675 0 -3.06005)
(38.9124 -9.27173e-19 -3.11503)
(39.332 1.67923e-18 -3.13364)
(39.7307 0 -3.13228)
(40.1088 3.15274e-18 -3.11545)
(40.4592 0 -3.08215)
(40.7759 -4.49254e-18 -3.0235)
(41.0622 0 -2.92679)
(41.3036 0 -2.75183)
(41.4573 5.97289e-18 -2.50688)
(41.5269 -6.15145e-18 -2.27708)
(41.6069 6.32629e-18 -2.20735)
(41.8085 0 -2.34757)
(42.1977 -7.59398e-18 -2.64579)
(42.8084 0 -2.90916)
(43.5449 0 -2.97262)
(44.2652 -1.11072e-17 -2.77691)
(45.3269 1.23459e-17 -2.56085)
(47.5677 -1.84562e-17 -2.438)
(49.93 0 0.0670328)
(36.6034 0 -2.22603)
(37.2793 -2.45404e-18 -2.39351)
(37.6706 -1.80643e-18 -2.67953)
(38.0895 0 -2.83323)
(38.4468 8.47566e-19 -2.96361)
(38.7957 0 -3.04139)
(39.1347 0 -3.08196)
(39.475 0 -3.09148)
(39.8162 -2.09503e-18 -3.08497)
(40.1554 0 -3.063)
(40.4849 3.29796e-18 -3.0217)
(40.7993 3.8267e-18 -2.95309)
(41.0999 4.30263e-18 -2.8482)
(41.3722 4.69338e-18 -2.67702)
(41.5773 0 -2.4523)
(41.7024 0 -2.25476)
(41.8053 0 -2.20852)
(41.9993 0 -2.34664)
(42.3875 0 -2.59964)
(42.9866 0 -2.80235)
(43.6835 0 -2.82)
(44.379 9.24754e-18 -2.59917)
(45.4385 1.25162e-19 -2.3801)
(47.4863 1.47631e-17 -2.09052)
(49.3912 0 0.454125)
(37.0251 0 -2.13851)
(37.4981 2.10481e-18 -2.34665)
(37.8538 1.36499e-18 -2.62741)
(38.2409 0 -2.78521)
(38.588 -3.29701e-19 -2.91107)
(38.9311 0 -2.98395)
(39.2687 7.41595e-19 -3.02142)
(39.6106 0 -3.0306)
(39.9567 1.76059e-18 -3.02182)
(40.3029 0 -2.99252)
(40.6406 -2.77524e-18 -2.93958)
(40.9632 0 -2.85981)
(41.2686 -3.64025e-18 -2.74952)
(41.5406 -5.41594e-20 -2.58848)
(41.7426 4.16032e-18 -2.3924)
(41.864 0 -2.23404)
(41.9677 0 -2.21169)
(42.1734 4.94592e-18 -2.33874)
(42.5694 0 -2.53863)
(43.1465 0 -2.67695)
(43.8004 7.32084e-18 -2.64311)
(44.4738 -7.80503e-18 -2.40193)
(45.5164 5.50657e-20 -2.17034)
(47.3354 -5.21883e-19 -1.70482)
(48.8067 1.14721e-17 0.787833)
(37.3215 -1.97058e-18 -2.05042)
(37.7688 -1.55701e-18 -2.29778)
(38.1398 -1.14573e-18 -2.5651)
(38.5229 -5.93579e-19 -2.72355)
(38.8684 0 -2.84478)
(39.2041 2.41169e-19 -2.91714)
(39.533 -6.19132e-19 -2.95691)
(39.865 0 -2.96891)
(40.2005 0 -2.95771)
(40.5343 0 -2.91961)
(40.8573 0 -2.85431)
(41.1625 0 -2.76426)
(41.4463 0 -2.65082)
(41.6927 -3.331e-18 -2.50285)
(41.8737 -3.54068e-18 -2.33781)
(41.9908 0 -2.21717)
(42.1104 0 -2.2116)
(42.3358 -4.1938e-18 -2.31741)
(42.7313 0 -2.46109)
(43.2795 0 -2.53506)
(43.8906 -1.22416e-17 -2.44768)
(44.5419 0 -2.18953)
(45.5459 -1.52997e-17 -1.92911)
(47.1053 -1.00813e-17 -1.29631)
(48.1828 -1.01087e-17 1.05433)
(37.7411 1.65308e-18 -1.9812)
(38.1448 1.30422e-18 -2.24594)
(38.4943 0 -2.49436)
(38.8497 9.19433e-19 -2.64792)
(39.1727 0 -2.76334)
(39.4853 -2.01021e-19 -2.8369)
(39.7924 5.65698e-19 -2.88147)
(40.1027 0 -2.89835)
(40.4162 0 -2.8872)
(40.7276 0 -2.84418)
(41.0286 0 -2.77157)
(41.3126 0 -2.67593)
(41.5745 0 -2.56204)
(41.8002 0 -2.42654)
(41.9706 0 -2.28795)
(42.0963 3.06878e-18 -2.19542)
(42.2371 0 -2.19475)
(42.4763 0 -2.27158)
(42.8634 -4.04832e-18 -2.36025)
(43.3791 0 -2.37257)
(43.9471 8.0786e-20 -2.23454)
(44.5734 0 -1.96081)
(45.5124 6.47589e-18 -1.65335)
(46.7924 0 -0.883542)
(47.5298 0 1.24792)
(38.1489 0 -1.92322)
(38.4863 8.8871e-19 -2.18503)
(38.8007 -5.81777e-19 -2.41061)
(39.1209 -6.17796e-20 -2.55552)
(39.4181 0 -2.66398)
(39.7075 -2.41064e-19 -2.73792)
(39.9934 2.91891e-20 -2.78669)
(40.2825 -7.67891e-19 -2.80873)
(40.5742 0 -2.80052)
(40.8642 0 -2.75849)
(41.1457 -1.57448e-18 -2.68593)
(41.4129 1.82806e-18 -2.59043)
(41.6593 -2.06161e-18 -2.47828)
(41.8731 0 -2.35233)
(42.0424 -2.42963e-18 -2.23191)
(42.1815 -2.38592e-20 -2.15504)
(42.3413 0 -2.14864)
(42.5887 -3.03928e-18 -2.19311)
(42.962 3.41318e-18 -2.23114)
(43.4401 0 -2.18798)
(43.963 4.25406e-18 -2.00753)
(44.5576 0 -1.71757)
(45.4034 0 -1.34914)
(46.4001 0 -0.490496)
(46.8613 -5.59302e-18 1.36846)
(38.4859 0 -1.86609)
(38.7654 -1.39348e-18 -2.1126)
(39.0467 9.03325e-19 -2.31395)
(39.3355 -4.35273e-19 -2.44865)
(39.6112 0 -2.54938)
(39.8821 4.3973e-19 -2.62125)
(40.1507 -8.68205e-19 -2.67096)
(40.4209 1.30344e-18 -2.696)
(40.6921 0 -2.69206)
(40.9614 -1.08763e-18 -2.65606)
(41.2239 1.32217e-18 -2.59062)
(41.4748 -1.53804e-18 -2.50183)
(41.7079 1.73841e-18 -2.39559)
(41.9137 -1.87007e-18 -2.27842)
(42.086 2.05867e-18 -2.16926)
(42.2397 -2.35673e-20 -2.09658)
(42.4165 -2.33808e-18 -2.07474)
(42.6682 2.56893e-18 -2.08334)
(43.0223 -2.84702e-18 -2.07303)
(43.4575 0 -1.98077)
(43.933 0 -1.7676)
(44.485 0 -1.45924)
(45.2119 0 -1.02821)
(45.9403 0 -0.140199)
(46.1924 4.93268e-18 1.42306)
(38.7681 0 -1.80427)
(39.0029 1.00444e-18 -2.02811)
(39.2531 -6.36416e-19 -2.20638)
(39.5136 2.72228e-19 -2.33074)
(39.7696 0 -2.42341)
(40.0236 -1.99385e-19 -2.49047)
(40.2759 3.75631e-19 -2.53698)
(40.5278 -5.53648e-19 -2.56129)
(40.7789 0 -2.56017)
(41.0272 9.12945e-19 -2.53152)
(41.27 1.07439e-18 -2.47665)
(41.5038 0 -2.39907)
(41.7236 0 -2.3031)
(41.923 1.58033e-18 -2.19618)
(42.0998 0 -2.09464)
(42.268 -3.64613e-18 -2.01864)
(42.459 1.97894e-18 -1.97503)
(42.7108 0 -1.94547)
(43.0403 2.40255e-18 -1.88877)
(43.4288 0 -1.75437)
(43.8542 0 -1.51718)
(44.3489 3.06272e-18 -1.18912)
(44.9388 -3.38936e-18 -0.709526)
(45.4318 3.54347e-18 0.149181)
(45.5374 0 1.42374)
(39.0143 0 -1.73418)
(39.2126 -7.44846e-20 -1.93151)
(39.432 2.40788e-19 -2.08919)
(39.6647 -9.43198e-20 -2.20388)
(39.8997 -8.36097e-20 -2.28907)
(40.1358 0 -2.35002)
(40.3712 0 -2.3907)
(40.6054 0 -2.41104)
(40.8374 0 -2.40982)
(41.0663 0 -2.38614)
(41.2905 -9.03712e-19 -2.34047)
(41.5074 0 -2.27431)
(41.714 0 -2.19039)
(41.907 0 -2.09492)
(42.0872 0 -1.99977)
(42.266 1.53105e-18 -1.91759)
(42.466 0 -1.85069)
(42.712 0 -1.78373)
(43.0125 0 -1.6842)
(43.3529 0 -1.51498)
(43.7245 0 -1.25998)
(44.1465 -2.60459e-18 -0.914696)
(44.594 2.8952e-18 -0.413399)
(44.8962 -3.05806e-18 0.369124)
(44.9074 0 1.38431)
(39.2315 0 -1.65441)
(39.3991 -2.61443e-19 -1.82432)
(39.5888 -1.04119e-19 -1.96326)
(39.794 0 -2.06845)
(40.0064 -2.93158e-20 -2.14684)
(40.223 0 -2.20179)
(40.4407 -3.14403e-19 -2.23635)
(40.6576 0 -2.25157)
(40.8724 -5.28841e-19 -2.24794)
(41.0842 0 -2.22557)
(41.2916 0 -2.18488)
(41.493 8.41263e-19 -2.12654)
(41.6869 -9.40915e-19 -2.05238)
(41.8726 0 -1.96655)
(42.0524 0 -1.87613)
(42.2354 0 -1.78747)
(42.4362 0 -1.69969)
(42.6695 -1.44925e-18 -1.60024)
(42.937 1.56934e-18 -1.46521)
(43.2285 -1.68733e-18 -1.26998)
(43.5421 -1.80789e-18 -1.00311)
(43.8808 0 -0.649591)
(44.1947 0 -0.158531)
(44.3546 2.0534e-18 0.519674)
(44.3102 -1.9725e-18 1.31587)
(39.4243 0 -1.56429)
(39.5669 0 -1.70722)
(39.73 8.73688e-20 -1.82782)
(39.9092 0 -1.92257)
(40.0982 8.34247e-20 -1.99399)
(40.2937 0 -2.04358)
(40.4923 2.63987e-19 -2.07319)
(40.6914 -3.59844e-19 -2.08425)
(40.8895 4.44553e-19 -2.07782)
(41.0851 0 -2.05468)
(41.2771 0 -2.0154)
(41.4641 -7.08987e-19 -1.9607)
(41.6457 2.49949e-20 -1.89192)
(41.8226 0 -1.81152)
(41.9975 0 -1.72272)
(42.177 0 -1.62746)
(42.3697 -1.08199e-18 -1.52276)
(42.5825 1.22567e-18 -1.39852)
(42.8135 -1.3283e-18 -1.23853)
(43.0555 1.43063e-18 -1.02768)
(43.3078 1.53686e-18 -0.757128)
(43.5609 0 -0.409984)
(43.7615 0 0.0426447)
(43.824 -3.31357e-18 0.607499)
(43.7503 1.7165e-18 1.22605)
(39.5973 0 -1.46405)
(39.7202 -4.23479e-20 -1.5811)
(39.8606 -5.65247e-21 -1.68282)
(40.0159 0 -1.76513)
(40.1818 0 -1.82817)
(40.3552 0 -1.87203)
(40.5332 -2.41059e-19 -1.89746)
(40.7133 3.02456e-19 -1.90548)
(40.8936 0 -1.89698)
(41.0725 0 -1.87276)
(41.2487 0 -1.83345)
(41.4212 0 -1.77989)
(41.59 6.48533e-19 -1.71303)
(41.7559 6.82939e-19 -1.63413)
(41.9211 0 -1.54407)
(42.0897 0 -1.44238)
(42.2659 1.77848e-18 -1.32529)
(42.4517 0 -1.18522)
(42.6434 0 -1.01202)
(42.836 0 -0.796968)
(43.0269 0 -0.533598)
(43.2014 0 -0.209357)
(43.3151 0 0.186295)
(43.3165 1.32847e-18 0.642704)
(43.2307 0 1.11981)
(39.7529 0 -1.35431)
(39.86 3.86035e-20 -1.44726)
(39.9813 4.74639e-21 -1.52973)
(40.1153 7.68548e-20 -1.59766)
(40.2591 1.18932e-19 -1.65034)
(40.4106 1.63645e-19 -1.68697)
(40.5672 2.02598e-19 -1.70761)
(40.7269 2.58362e-19 -1.7125)
(40.8879 3.0706e-19 -1.70214)
(41.0486 3.55834e-19 -1.67692)
(41.2076 4.04168e-19 -1.63741)
(41.3641 0 -1.58414)
(41.5179 0 -1.51778)
(41.6695 -1.12067e-18 -1.43866)
(41.8201 0 -1.34662)
(41.9713 0 -1.24032)
(42.1245 -7.30635e-19 -1.11644)
(42.279 -7.18448e-19 -0.969945)
(42.4308 0 -0.79508)
(42.5758 -7.93073e-19 -0.587278)
(42.7102 0 -0.342801)
(42.8199 -8.50145e-19 -0.0551227)
(42.8727 0 0.275746)
(42.8401 -8.36559e-19 0.635798)
(42.7531 0 1.00094)
(39.8913 0 -1.23561)
(39.9849 -3.49795e-20 -1.30692)
(40.0897 0 -1.37072)
(40.2048 -6.45571e-20 -1.42349)
(40.3282 -2.16216e-19 -1.4643)
(40.4584 -1.37533e-19 -1.49214)
(40.5938 0 -1.50654)
(40.7325 -2.1734e-19 -1.50729)
(40.873 -2.58453e-19 -1.49437)
(41.0137 -5.87928e-19 -1.46787)
(41.1536 -6.64281e-19 -1.42802)
(41.2916 -3.5855e-19 -1.37507)
(41.4275 -3.92734e-19 -1.30923)
(41.561 4.59502e-19 -1.23044)
(41.6922 -4.58264e-19 -1.13818)
(41.8212 0 -1.03121)
(41.9475 0 -0.907268)
(42.0693 6.27228e-20 -0.76361)
(42.1831 0 -0.597512)
(42.2853 8.25061e-20 -0.407073)
(42.3725 -6.09582e-19 -0.19129)
(42.4339 7.26377e-19 0.0520238)
(42.4483 0 0.318561)
(42.4001 7.18481e-19 0.596929)
(42.3192 0 0.873587)
(40.0114 3.26864e-20 -1.10774)
(40.0928 2.72459e-20 -1.16015)
(40.1829 6.77726e-20 -1.20688)
(40.2807 8.78011e-20 -1.24498)
(40.3852 9.77462e-20 -1.27367)
(40.4954 1.32006e-19 -1.29194)
(40.6099 0 -1.29915)
(40.7275 1.80355e-19 -1.29484)
(40.8467 0 -1.27871)
(40.9663 2.42862e-19 -1.25061)
(41.0852 5.28279e-19 -1.21052)
(41.2026 3.02526e-19 -1.15841)
(41.3178 6.35516e-19 -1.09426)
(41.43 0 -1.01786)
(41.5385 3.87576e-19 -0.928784)
(41.6426 3.69783e-19 -0.826293)
(41.741 0 -0.709265)
(41.8317 8.69596e-19 -0.576636)
(41.9119 0 -0.427583)
(41.9788 9.36015e-19 -0.261937)
(42.0302 5.19536e-19 -0.0805377)
(42.0592 4.45989e-19 0.116604)
(42.0521 0 0.324703)
(42.0003 4.30021e-19 0.535909)
(41.9298 4.14603e-19 0.742966)
(40.1117 -2.74694e-20 -0.971567)
(40.1817 5.65977e-20 -1.0077)
(40.2578 -5.69623e-20 -1.03938)
(40.3397 9.91867e-21 -1.06419)
(40.4265 0 -1.08154)
(40.5175 3.19247e-21 -1.09056)
(40.6119 0 -1.09062)
(40.7086 -4.63029e-21 -1.0812)
(40.8065 0 -1.06193)
(40.9044 1.81149e-19 -1.03257)
(41.0015 -4.1338e-19 -0.992942)
(41.0969 2.14391e-19 -0.942922)
(41.1897 -2.56721e-19 -0.882413)
(41.2791 2.45496e-19 -0.811287)
(41.3638 -2.59735e-19 -0.729359)
(41.443 -4.03678e-20 -0.636426)
(41.5151 2.84487e-19 -0.532215)
(41.5787 -6.39076e-19 -0.416685)
(41.6315 0 -0.290066)
(41.6719 -3.67692e-19 -0.153074)
(41.6988 3.12588e-19 -0.0073772)
(41.7083 -3.80342e-19 0.14645)
(41.6915 3.1106e-19 0.304511)
(41.6435 -6.59341e-20 0.461776)
(41.5853 -6.32704e-20 0.614611)
(40.1897 0 -0.82984)
(40.2486 -4.7582e-20 -0.852267)
(40.3116 -6.56625e-20 -0.87118)
(40.3784 -7.04218e-20 -0.884631)
(40.4486 0 -0.892212)
(40.5217 -9.6148e-20 -0.893249)
(40.5969 -1.06418e-19 -0.887208)
(40.6736 -1.24031e-19 -0.873658)
(40.7507 0 -0.852247)
(40.8275 -1.52779e-19 -0.82275)
(40.903 1.67047e-19 -0.784977)
(40.9766 -3.4166e-19 -0.738821)
(41.0474 0 -0.684225)
(41.1144 -3.87639e-19 -0.621195)
(41.1768 2.19828e-19 -0.549778)
(41.2333 -4.27497e-19 -0.470138)
(41.2831 -2.41179e-19 -0.382472)
(41.3248 2.49901e-19 -0.287229)
(41.3571 0 -0.185064)
(41.3793 0 -0.0769726)
(41.391 -2.65953e-19 0.0352972)
(41.3903 0 0.151315)
(41.3711 -2.65056e-19 0.268268)
(41.3304 -2.57111e-19 0.383108)
(41.285 -2.48444e-19 0.494171)
(40.2435 0 -0.687132)
(40.2915 0 -0.698614)
(40.342 5.52379e-20 -0.70733)
(40.3948 0 -0.711789)
(40.4496 0 -0.711756)
(40.5061 0 -0.706755)
(40.5638 8.96491e-20 -0.6964)
(40.622 0 -0.680376)
(40.6801 0 -0.658424)
(40.7374 1.0455e-19 -0.630384)
(40.7932 0 -0.596124)
(40.8468 1.82168e-20 -0.555593)
(40.8976 0 -0.508807)
(40.9449 2.81158e-19 -0.455876)
(40.9878 0 -0.396982)
(41.0257 2.81946e-20 -0.332451)
(41.0577 1.41762e-19 -0.262644)
(41.0833 0 -0.188128)
(41.1015 0 -0.109609)
(41.1122 0 -0.0279885)
(41.1158 1.48197e-19 0.0552532)
(41.1108 0 0.140046)
(41.0934 0 0.224449)
(41.0614 0 0.306662)
(41.0276 0 0.386067)
(40.2717 0 -0.549483)
(40.3093 0 -0.553032)
(40.3481 4.73206e-20 -0.55446)
(40.3882 0 -0.552687)
(40.4292 0 -0.547621)
(40.4711 0 -0.538957)
(40.5134 6.37398e-20 -0.526457)
(40.5557 0 -0.509919)
(40.5974 0 -0.489184)
(40.638 -8.82298e-20 -0.46416)
(40.6771 0 -0.434781)
(40.7141 1.8288e-19 -0.401044)
(40.7485 0 -0.363007)
(40.7799 -1.08999e-19 -0.320824)
(40.8078 0 -0.274709)
(40.8316 2.11976e-19 -0.225004)
(40.8509 -1.20059e-19 -0.172056)
(40.8654 0 -0.116368)
(40.8747 0 -0.0585241)
(40.8788 0 0.000789959)
(40.8781 -1.25718e-19 0.0604346)
(40.8722 0 0.12065)
(40.858 0 0.180095)
(40.8342 0 0.237745)
(40.8104 -9.31288e-20 0.293497)
(40.2769 0 -0.422022)
(40.3047 0 -0.42057)
(40.333 -3.98416e-20 -0.417608)
(40.3618 0 -0.412387)
(40.3911 4.15553e-20 -0.404899)
(40.4206 0 -0.394964)
(40.4501 -1.0021e-19 -0.382447)
(40.4794 0 -0.367226)
(40.5079 0 -0.349208)
(40.5353 0 -0.328354)
(40.5612 0 -0.304638)
(40.5854 -1.28618e-19 -0.278081)
(40.6074 5.98199e-20 -0.24875)
(40.627 0 -0.216791)
(40.6439 0 -0.182393)
(40.6578 -8.03798e-20 -0.145845)
(40.6686 0 -0.107401)
(40.676 0 -0.0674362)
(40.6801 0 -0.026379)
(40.6809 6.57419e-20 0.0152973)
(40.679 0 0.0567439)
(40.674 0 0.0984214)
(40.6636 0 0.139371)
(40.647 0 0.179012)
(40.6309 7.88966e-20 0.217474)
(40.2625 0 -0.308795)
(40.2818 0 -0.304895)
(40.3013 -2.72042e-20 -0.300027)
(40.3209 0 -0.293696)
(40.3406 -3.50131e-20 -0.285925)
(40.3604 0 -0.27661)
(40.3801 3.91824e-20 -0.265675)
(40.3994 -3.40631e-20 -0.253038)
(40.418 0 -0.238641)
(40.4357 0 -0.22246)
(40.4522 0 -0.204484)
(40.4673 9.8179e-21 -0.184727)
(40.4809 -5.0514e-20 -0.163241)
(40.4926 0 -0.140134)
(40.5024 0 -0.115554)
(40.5101 0 -0.0897249)
(40.5156 0 -0.0628104)
(40.5189 0 -0.0350738)
(40.52 0 -0.00682388)
(40.5192 -5.55955e-20 0.0216183)
(40.5168 0 0.0496137)
(40.5128 0 0.0777528)
(40.5055 0 0.105306)
(40.4942 0 0.131965)
(40.484 0 0.157942)
(40.2355 1.78777e-20 -0.213879)
(40.2481 0 -0.209349)
(40.2605 2.29119e-20 -0.204296)
(40.273 0 -0.198404)
(40.2854 0 -0.191709)
(40.2978 2.14952e-20 -0.184149)
(40.3101 2.22524e-20 -0.175671)
(40.3222 2.87167e-20 -0.166202)
(40.3338 2.37726e-20 -0.155682)
(40.3447 0 -0.144073)
(40.3547 2.51825e-20 -0.131351)
(40.3637 3.29983e-20 -0.117503)
(40.3715 2.63342e-20 -0.102549)
(40.3781 0 -0.0865626)
(40.3834 0 -0.0696595)
(40.3872 0 -0.052014)
(40.3897 0 -0.0337206)
(40.3909 0 -0.0149676)
(40.3908 0 0.00400887)
(40.3898 0 0.02298)
(40.3882 0 0.0414552)
(40.3856 0 0.0600623)
(40.3811 0 0.0782161)
(40.3739 0 0.0957446)
(40.3676 0 0.112903)
(40.2011 -1.50518e-20 -0.139582)
(40.2086 -1.28878e-20 -0.135404)
(40.2161 0 -0.131037)
(40.2235 0 -0.126289)
(40.2309 -1.39793e-20 -0.121188)
(40.2384 -1.81095e-20 -0.115691)
(40.2459 -1.87501e-20 -0.109743)
(40.2532 -1.51843e-20 -0.103263)
(40.2602 -2.00364e-20 -0.0961807)
(40.2667 -1.60094e-20 -0.0884393)
(40.2727 -2.12301e-20 -0.0799993)
(40.2779 0 -0.0708241)
(40.2823 -3.92188e-20 -0.0609044)
(40.2859 0 -0.0502899)
(40.2886 -1.74119e-20 -0.0390696)
(40.2904 0 -0.0273849)
(40.2913 -1.75687e-20 -0.0152783)
(40.2913 -1.75611e-20 -0.00289911)
(40.2905 -1.75199e-20 0.00955597)
(40.2892 -1.74609e-20 0.0219142)
(40.2876 0 0.033787)
(40.2858 0 0.0458259)
(40.2828 -1.73258e-20 0.0575035)
(40.2784 -1.7145e-20 0.0687484)
(40.275 -1.70432e-20 0.0798096)
(40.1645 -8.42368e-21 -0.0843267)
(40.1687 1.085e-20 -0.08107)
(40.1729 0 -0.0778296)
(40.177 8.96425e-21 -0.0744906)
(40.1812 1.17721e-20 -0.0710685)
(40.1855 0 -0.0675235)
(40.1897 9.58954e-21 -0.0637976)
(40.194 1.27903e-20 -0.0598037)
(40.1981 0 -0.0554623)
(40.202 1.34876e-20 -0.0507063)
(40.2054 0 -0.0454843)
(40.2083 1.07322e-20 -0.0397408)
(40.2107 1.43359e-20 -0.0334503)
(40.2124 0 -0.0266494)
(40.2136 1.4674e-20 -0.0194136)
(40.2141 1.11233e-20 -0.0118601)
(40.2141 1.48074e-20 -0.00400044)
(40.2137 3.71707e-21 0.00403074)
(40.2129 1.47671e-20 0.0120601)
(40.2121 2.56935e-20 0.0199494)
(40.2112 0 0.0273971)
(40.2104 0 0.0350159)
(40.209 1.46033e-20 0.0423349)
(40.2065 1.44505e-20 0.0493352)
(40.2047 1.43644e-20 0.0562692)
(40.1307 7.08936e-21 -0.0464413)
(40.1329 5.54475e-21 -0.0441047)
(40.135 5.63077e-21 -0.0418804)
(40.1371 -7.54559e-21 -0.0397133)
(40.1394 0 -0.0376158)
(40.1418 0 -0.0355559)
(40.1444 -1.99982e-21 -0.0334756)
(40.147 0 -0.031284)
(40.1495 0 -0.0288934)
(40.1518 0 -0.0262276)
(40.1539 6.65031e-21 -0.023226)
(40.1555 -2.27345e-21 -0.0198242)
(40.1567 0 -0.0159861)
(40.1575 0 -0.0117405)
(40.1579 0 -0.00715491)
(40.1578 -9.36766e-21 -0.00233513)
(40.1573 0 0.00271732)
(40.1564 9.33532e-21 0.00788553)
(40.1553 0 0.0130123)
(40.1542 -9.24407e-21 0.0179815)
(40.1531 0 0.0225468)
(40.1524 0 0.0272757)
(40.1515 0 0.0317517)
(40.1502 0 0.0359828)
(40.1495 0 0.0401974)
(40.1003 0 -0.0217531)
(40.1012 -4.66529e-21 -0.0201736)
(40.1021 -1.27187e-21 -0.0187536)
(40.1032 -3.5109e-21 -0.0174731)
(40.1044 0 -0.0163418)
(40.1058 0 -0.0153328)
(40.1072 -5.11097e-21 -0.01439)
(40.1086 0 -0.0134225)
(40.1101 0 -0.0123408)
(40.1114 -4.03147e-21 -0.0110658)
(40.1125 -5.59707e-21 -0.00953261)
(40.1133 -1.48751e-21 -0.00766902)
(40.1139 0 -0.00542912)
(40.1141 4.30657e-21 -0.0028347)
(40.1141 0 5.31602e-05)
(40.1139 0 0.003138)
(40.1134 0 0.00642361)
(40.1128 0 0.00979753)
(40.1122 0 0.013104)
(40.1117 0 0.0162329)
(40.1112 0 0.0189789)
(40.1111 0 0.0218574)
(40.1108 4.19715e-21 0.0244957)
(40.1102 0 0.0269132)
(40.1099 0 0.0293366)
(40.0758 2.01903e-21 -0.00617111)
(40.076 0 -0.00525694)
(40.0763 -2.91533e-21 -0.00451462)
(40.0767 5.03919e-21 -0.00394032)
(40.0773 0 -0.00353683)
(40.0781 2.17817e-21 -0.00327752)
(40.0791 0 -0.00310513)
(40.0802 0 -0.00293141)
(40.0814 2.39423e-21 -0.00267008)
(40.0825 5.86159e-21 -0.0022458)
(40.0834 0 -0.00159609)
(40.084 -3.5375e-21 -0.000653081)
(40.0844 0 0.000621898)
(40.0845 -9.52703e-22 0.00220108)
(40.0843 2.68272e-21 0.00402342)
(40.0838 0 0.00599795)
(40.083 2.66237e-21 0.0081321)
(40.0821 2.63356e-21 0.010316)
(40.0811 -2.60076e-21 0.0124104)
(40.0801 2.56979e-21 0.0143247)
(40.0792 0 0.0158975)
(40.0789 0 0.0175938)
(40.0786 -9.81053e-22 0.0190684)
(40.0783 -2.55842e-21 0.020364)
(40.0785 2.58642e-21 0.0216874)
(40.0561 -1.69773e-21 0.00246792)
(40.0561 0 0.00292452)
(40.0563 0 0.00322812)
(40.0566 -2.97888e-21 0.00337704)
(40.057 -1.2553e-21 0.00337174)
(40.0575 -3.12486e-21 0.00323922)
(40.0581 0 0.00303487)
(40.0588 -1.39375e-21 0.0028372)
(40.0594 -3.46529e-21 0.00271998)
(40.06 -3.58578e-21 0.00274584)
(40.0604 -1.56239e-21 0.00296649)
(40.0607 0 0.00343641)
(40.0607 -1.64237e-21 0.00417804)
(40.0606 -3.91011e-21 0.00515799)
(40.0603 -3.93232e-21 0.00631976)
(40.0598 0 0.00758743)
(40.0593 -3.90365e-21 0.00896464)
(40.0587 -3.85896e-21 0.0103451)
(40.0581 2.18712e-21 0.0116151)
(40.0576 -3.75572e-21 0.0127115)
(40.0572 -1.57629e-21 0.013534)
(40.0572 0 0.0144362)
(40.0572 -3.70971e-21 0.0151457)
(40.0572 2.15144e-21 0.0157255)
(40.0572 -3.76062e-21 0.0163789)
(40.0411 7.04279e-22 0.00705179)
(40.041 0 0.0071756)
(40.0409 -7.22711e-22 0.00716997)
(40.0409 1.76565e-21 0.00703549)
(40.041 1.81109e-21 0.00677499)
(40.0414 1.86803e-21 0.00641297)
(40.0419 -8.13744e-22 0.00599835)
(40.0425 2.02286e-21 0.0055979)
(40.0433 2.11426e-21 0.00527282)
(40.044 2.20411e-21 0.00507522)
(40.0447 1.31346e-21 0.00504785)
(40.0452 1.01246e-21 0.00523648)
(40.0455 2.42189e-21 0.00565532)
(40.0456 2.45929e-21 0.00627097)
(40.0454 1.40922e-21 0.00703126)
(40.0451 -1.0701e-21 0.00786907)
(40.0445 2.46126e-21 0.00878913)
(40.0437 2.42696e-21 0.00969437)
(40.0428 1.02257e-21 0.0104867)
(40.0419 2.33875e-21 0.011115)
(40.0411 2.30177e-21 0.0115026)
(40.0406 9.61181e-22 0.0119568)
(40.0403 1.316e-21 0.0122355)
(40.0402 9.49373e-22 0.0124065)
(40.0403 2.28981e-21 0.0126566)
(40.0301 -5.91933e-22 0.00883122)
(40.03 0 0.00879222)
(40.03 6.07428e-22 0.008666)
(40.0301 -6.18629e-22 0.00844699)
(40.0303 -6.35239e-22 0.00813171)
(40.0305 -6.56309e-22 0.00773402)
(40.0309 1.13664e-21 0.00728522)
(40.0313 -7.15403e-22 0.00683447)
(40.0317 -7.51136e-22 0.00643102)
(40.0321 -7.86708e-22 0.00612029)
(40.0324 0 0.00593913)
(40.0326 -8.5097e-22 0.00592535)
(40.0326 -8.75109e-22 0.00610019)
(40.0326 -8.90834e-22 0.00644874)
(40.0324 0 0.00693505)
(40.032 8.99414e-22 0.00750097)
(40.0316 -8.92402e-22 0.0081444)
(40.0311 -8.78029e-22 0.00879911)
(40.0306 -8.5946e-22 0.00937785)
(40.0302 -8.38945e-22 0.00982044)
(40.0298 -8.20817e-22 0.0100371)
(40.0297 -8.07861e-22 0.0102864)
(40.0296 0 0.0103849)
(40.0295 -7.97924e-22 0.010368)
(40.0295 -8.04138e-22 0.0103966)
(40.0214 0 0.00926179)
(40.0212 0 0.00909974)
(40.0211 0 0.00888392)
(40.021 0 0.00860926)
(40.021 0 0.00827126)
(40.0211 0 0.0078774)
(40.0214 -3.80412e-22 0.00744593)
(40.0217 0 0.0070099)
(40.0222 0 0.0066048)
(40.0227 0 0.00626637)
(40.0232 0 0.00602364)
(40.0237 0 0.00590556)
(40.024 0 0.00593433)
(40.0242 0 0.00610783)
(40.0243 0 0.00640429)
(40.0242 0 0.00677807)
(40.024 0 0.00722307)
(40.0236 0 0.00769897)
(40.023 1.65448e-22 0.00813537)
(40.0223 0 0.00847444)
(40.0216 0 0.00861982)
(40.0211 1.55727e-22 0.00878362)
(40.0207 0 0.00882688)
(40.0205 1.53575e-22 0.00875935)
(40.0205 0 0.00870409)
(40.0156 0 0.00931269)
(40.0156 0 0.00909084)
(40.0156 -2.98818e-23 0.00883744)
(40.0156 0 0.00854834)
(40.0156 0 0.00821754)
(40.0157 0 0.00784871)
(40.0157 3.94198e-23 0.00745418)
(40.0157 0 0.00705772)
(40.0157 0 0.00668522)
(40.0157 0 0.00636361)
(40.0157 0 0.00611588)
(40.0157 5.83295e-23 0.00596442)
(40.0156 0 0.0059254)
(40.0155 0 0.00599756)
(40.0153 0 0.00616548)
(40.0152 -6.97818e-23 0.00639599)
(40.0151 0 0.00668045)
(40.015 0 0.00698704)
(40.0149 -2.14262e-22 0.00726255)
(40.0148 0 0.00746494)
(40.0147 0 0.00752166)
(40.0148 -1.30844e-22 0.00758224)
(40.0149 0 0.00754929)
(40.0149 -1.29033e-22 0.007432)
(40.015 0 0.00733634)
(40.0106 0 0.00945573)
(40.0104 0 0.00917599)
(40.0102 2.80433e-23 0.00886693)
(40.0101 0 0.00852849)
(40.01 0 0.00815838)
(40.01 0 0.00776287)
(40.01 -3.88995e-23 0.00735898)
(40.0101 0 0.00697233)
(40.0103 0 0.00662628)
(40.0105 0 0.00634027)
(40.0107 0 0.00612996)
(40.0109 -2.37732e-23 0.0060149)
(40.011 0 0.0059999)
(40.0112 0 0.00606695)
(40.0113 0 0.0061901)
(40.0114 2.17865e-23 0.006334)
(40.0115 0 0.00650867)
(40.0115 0 0.00666364)
(40.0115 1.02985e-22 0.00675075)
(40.0113 0 0.00674352)
(40.0111 0 0.00660683)
(40.0109 0 0.00651734)
(40.0108 0 0.00632993)
(40.0107 0 0.00609305)
(40.0106 0 0.00591452)
(40.0078 0 0.00890431)
(40.0079 0 0.00859361)
(40.008 -1.21515e-23 0.00827011)
(40.0081 0 0.00793875)
(40.0082 0 0.00760076)
(40.0084 0 0.00726414)
(40.0085 6.54872e-24 0.00694425)
(40.0087 0 0.00665715)
(40.0088 0 0.00641416)
(40.0089 0 0.00622331)
(40.009 0 0.00609071)
(40.0091 -5.10261e-24 0.00602393)
(40.0091 0 0.00601224)
(40.009 0 0.00603505)
(40.0089 0 0.00607273)
(40.0088 5.26853e-23 0.00610488)
(40.0086 0 0.00613907)
(40.0084 0 0.00613125)
(40.0081 -3.34063e-23 0.00606335)
(40.0079 0 0.0059344)
(40.0077 0 0.00574156)
(40.0075 0 0.00558448)
(40.0074 0 0.00536741)
(40.0073 0 0.00515029)
(40.0072 0 0.00501272)
(40.0055 0 0.00806545)
(40.0055 0 0.00778255)
(40.0055 8.13291e-24 0.00750235)
(40.0056 0 0.00723069)
(40.0056 0 0.00697006)
(40.0057 0 0.00672792)
(40.0058 -1.42054e-24 0.00651487)
(40.0059 0 0.00633703)
(40.0061 0 0.0061949)
(40.0062 0 0.00608836)
(40.0063 0 0.0060174)
(40.0064 -1.35158e-23 0.00597988)
(40.0066 0 0.00595676)
(40.0067 0 0.00593138)
(40.0067 0 0.0058942)
(40.0068 -1.82616e-23 0.00583965)
(40.0068 0 0.00576663)
(40.0068 0 0.0056482)
(40.0067 -5.24131e-24 0.00549231)
(40.0066 0 0.00531661)
(40.0064 0 0.00513622)
(40.0062 -5.2619e-24 0.00496842)
(40.0059 0 0.00478521)
(40.0057 -3.91875e-24 0.00463491)
(40.0056 0 0.00456506)
(40.0038 0 0.00708434)
(40.0038 0 0.00684557)
(40.0039 -3.39042e-23 0.00662145)
(40.004 0 0.00641567)
(40.004 0 0.00622777)
(40.0042 0 0.00605942)
(40.0043 -2.76442e-23 0.00591258)
(40.0044 0 0.00578764)
(40.0046 0 0.00568373)
(40.0047 0 0.00560023)
(40.0049 0 0.00553516)
(40.005 -1.79366e-23 0.00548667)
(40.0051 0 0.00544598)
(40.0051 0 0.0054055)
(40.0052 0 0.00535869)
(40.0052 -1.14569e-23 0.00529695)
(40.0052 0 0.00522318)
(40.0052 0 0.00512177)
(40.0052 -2.32983e-24 0.00499236)
(40.0052 0 0.00483923)
(40.0051 0 0.00466419)
(40.005 7.03216e-25 0.00450789)
(40.0049 0 0.004336)
(40.0048 -6.38111e-27 0.00418168)
(40.0047 0 0.00409394)
(40.0032 0 0.00615976)
(40.0032 0 0.00592725)
(40.0031 2.8475e-23 0.00571629)
(40.0031 0 0.00553312)
(40.0032 0 0.00537886)
(40.0032 0 0.00525466)
(40.0032 2.32175e-23 0.00516059)
(40.0033 0 0.00509522)
(40.0033 0 0.00505564)
(40.0033 0 0.00503807)
(40.0033 0 0.00503539)
(40.0033 1.50645e-23 0.0050442)
(40.0033 0 0.00505527)
(40.0033 0 0.00505865)
(40.0033 0 0.0050435)
(40.0033 9.62234e-24 0.00499548)
(40.0034 0 0.00492881)
(40.0035 0 0.00482323)
(40.0036 5.65407e-24 0.00467271)
(40.0037 0 0.00447602)
(40.0037 0 0.00423196)
(40.0037 3.12121e-24 0.00403263)
(40.0037 0 0.00380224)
(40.0036 2.76969e-24 0.0035853)
(40.0035 0 0.00344114)
(40.0031 0 0.0053579)
(40.0031 0 0.00517496)
(40.0032 -1.98786e-23 0.00501015)
(40.0032 0 0.00486889)
(40.0032 0 0.00475292)
(40.0031 0 0.00466368)
(40.0031 -1.70721e-23 0.00460163)
(40.0031 0 0.00456473)
(40.0031 0 0.00454911)
(40.0031 0 0.00454964)
(40.0031 0 0.00455935)
(40.0031 -1.39639e-23 0.00457379)
(40.0032 0 0.00458281)
(40.0032 0 0.00457681)
(40.0033 0 0.00454795)
(40.0033 -1.15881e-23 0.00448902)
(40.0033 0 0.0044094)
(40.0032 0 0.0042935)
(40.0032 9.87111e-24 0.00414281)
(40.0031 0 0.00396459)
(40.003 0 0.00376815)
(40.0029 8.95331e-24 0.0035977)
(40.0028 0 0.00341144)
(40.0026 8.89012e-24 0.00324759)
(40.0025 0 0.00315015)
(40.0023 0 0.00444973)
(40.0023 0 0.00430799)
(40.0023 1.66942e-23 0.00417907)
(40.0024 0 0.00406812)
(40.0025 0 0.00397773)
(40.0025 0 0.00391045)
(40.0026 1.43373e-23 0.00386796)
(40.0027 0 0.00384905)
(40.0027 0 0.00384999)
(40.0027 0 0.00386587)
(40.0027 0 0.00389034)
(40.0027 1.1727e-23 0.00391844)
(40.0027 0 0.00393949)
(40.0026 0 0.00394408)
(40.0026 0 0.00392589)
(40.0027 9.73175e-24 0.00388005)
(40.0028 0 0.00381289)
(40.0029 0 0.00371204)
(40.003 -1.86866e-23 0.00358196)
(40.003 0 0.00343211)
(40.0031 0 0.00327086)
(40.0031 -1.64513e-23 0.00312869)
(40.003 0 0.00297668)
(40.0029 -1.60292e-23 0.00284673)
(40.0029 0 0.00277153)
(40.0023 -1.58004e-23 0.00354696)
(40.0023 0 0.00341828)
(40.0023 -1.51819e-23 0.00330475)
(40.0022 -1.48609e-23 0.00321347)
(40.0022 0 0.00314885)
(40.0022 -1.41772e-23 0.00311426)
(40.0022 -1.3805e-23 0.00311099)
(40.0022 0 0.0031357)
(40.0022 -1.29997e-23 0.00318186)
(40.0022 -1.25749e-23 0.00324152)
(40.0022 0 0.003305)
(40.0023 -1.17079e-23 0.00336448)
(40.0023 -1.12803e-23 0.00340607)
(40.0024 0 0.00341933)
(40.0024 -1.04875e-23 0.00339811)
(40.0024 -1.01388e-23 0.00333875)
(40.0024 0 0.00325118)
(40.0024 -9.49527e-24 0.00312319)
(40.0023 8.73111e-24 0.00296385)
(40.0023 -8.87324e-24 0.00278538)
(40.0023 -8.59694e-24 0.00259859)
(40.0023 7.50125e-24 0.0024404)
(40.0022 -8.16992e-24 0.00227539)
(40.0021 -8.82079e-25 0.00214003)
(40.0021 0 0.00206233)
(40.0019 7.38119e-24 0.0026717)
(40.0019 0 0.00257944)
(40.0019 1.27493e-23 0.00250723)
(40.0019 1.24797e-23 0.00246111)
(40.0019 -5.47608e-24 0.00244434)
(40.002 1.19056e-23 0.00245791)
(40.002 1.1593e-23 0.00249971)
(40.002 -5.00468e-24 0.00256245)
(40.0021 1.09168e-23 0.00263666)
(40.0021 5.86822e-24 0.00271194)
(40.0021 0 0.00277705)
(40.0021 9.83196e-24 0.00282322)
(40.002 9.47288e-24 0.00283671)
(40.002 -4.22389e-24 0.00281013)
(40.002 4.68474e-24 0.00274091)
(40.002 8.51426e-24 0.00263187)
(40.002 -3.90276e-24 0.00249309)
(40.0021 7.97388e-24 0.00231694)
(40.0021 0 0.00211981)
(40.0021 7.45151e-24 0.00191967)
(40.0022 3.88237e-24 0.00174184)
(40.0022 0 0.0015867)
(40.0022 6.86087e-24 0.00144192)
(40.0021 6.7799e-24 0.00134119)
(40.0021 0 0.00130206)
(40.0015 4.94416e-24 0.00192961)
(40.0015 0 0.00187815)
(40.0015 0 0.00183697)
(40.0015 0 0.00180893)
(40.0015 4.59861e-24 0.00179538)
(40.0015 0 0.00179585)
(40.0015 0 0.00180746)
(40.0015 4.20275e-24 0.00182539)
(40.0015 0 0.00184478)
(40.0016 3.94003e-24 0.00186038)
(40.0016 0 0.00186632)
(40.0016 0 0.00185844)
(40.0015 0 0.00183264)
(40.0015 3.54707e-24 0.00178802)
(40.0015 3.46184e-24 0.00172494)
(40.0015 0 0.00164495)
(40.0015 3.27739e-24 0.00155398)
(40.0015 0 0.00145179)
(40.0015 -3.1649e-24 0.00134567)
(40.0016 0 0.00124176)
(40.0017 2.80239e-24 0.00114617)
(40.0017 0 0.00106523)
(40.0017 0 0.000991821)
(40.0017 2.71801e-24 0.000938122)
(40.0017 0 0.000912962)
(40.0006 1.99483e-24 0.00110276)
(40.0006 0 0.00107266)
(40.0006 -1.9688e-24 0.00104282)
(40.0006 0 0.00101445)
(40.0006 0 0.000988336)
(40.0006 0 0.000964855)
(40.0006 0 0.000943975)
(40.0007 -1.7818e-24 0.000925026)
(40.0007 1.73159e-24 0.000906943)
(40.0007 -1.68263e-24 0.000888226)
(40.0007 1.63713e-24 0.000867243)
(40.0007 -1.59597e-24 0.000843105)
(40.0007 1.55896e-24 0.0008139)
(40.0007 0 0.000778606)
(40.0007 0 0.000737085)
(40.0007 0 0.000690239)
(40.0007 0 0.000640475)
(40.0008 1.39754e-24 0.00058659)
(40.0008 1.29896e-24 0.000531973)
(40.0008 0 0.000480225)
(40.0009 0 0.000435364)
(40.0009 1.23998e-24 0.000398159)
(40.0009 0 0.000365409)
(40.0009 -1.08969e-24 0.000343355)
(40.0009 0 0.000335182)
(39.9996 -1.67517e-24 0.000372964)
(39.9996 0 0.000354166)
(39.9995 1.65331e-24 0.000332157)
(39.9995 0 0.000307831)
(39.9996 0 0.000282143)
(39.9996 0 0.000256361)
(39.9996 0 0.000232182)
(39.9997 1.49627e-24 0.00021094)
(39.9997 -1.45411e-24 0.000193136)
(39.9997 1.413e-24 0.000178778)
(39.9998 -1.37479e-24 0.0001677)
(39.9998 1.34022e-24 0.000159947)
(39.9998 -1.30914e-24 0.000153593)
(39.9998 0 0.00014647)
(39.9998 0 0.000137098)
(39.9998 0 0.000125098)
(39.9998 0 0.000111411)
(39.9998 -1.17359e-24 9.29081e-05)
(39.9998 1.14104e-24 7.0502e-05)
(39.9998 0 4.64778e-05)
(39.9999 0 2.50247e-05)
(40 -1.04128e-24 6.94313e-06)
(40 0 -1.16724e-05)
(40 -1.00163e-24 -2.52287e-05)
(40 0 -3.0691e-05)
(14.766 0 -0.0387794)
(19.94 0 -0.0102947)
(23.4159 0 -0.00696591)
(26.1606 0 -0.00118556)
(28.6621 0 -0.00194422)
(30.8997 0 -0.00592871)
(32.8464 0 -0.0104683)
(34.5525 0 -0.0112511)
(36.0202 0 -0.0131299)
(37.2024 0 -0.00627928)
(38.0813 0 -0.00470373)
(38.7036 0 -0.00378767)
(39.1419 0 -0.00667738)
(39.4432 0 -0.00963424)
(39.6382 0 -0.00905016)
(39.7521 0 -0.00808393)
(39.8207 0 -0.00707317)
(39.8694 0 -0.00274251)
(39.905 0 0.000539079)
(39.9322 0 0.000187488)
(39.9488 0 0.00116235)
(39.9538 0 -0.00391556)
(39.9559 0 0.00281115)
(39.9615 0 0.00125836)
(39.9662 0 0.00040309)
(39.9679 0 -0.00133286)
(39.9692 0 -0.00505588)
(39.97 0 -0.00205577)
(39.971 0 -0.00827712)
(39.9698 0 -0.00336648)
(39.968 0 0.00376975)
(39.9689 0 0.00665923)
(39.9705 0 0.00215741)
(39.9718 0 0.00280148)
(39.9737 0 0.00415418)
(39.977 0 0.00271494)
(39.9806 0 -0.000138417)
(39.9836 0 -0.000485341)
(39.9862 0 -0.00514568)
(39.9887 0 0.000805968)
(39.9908 0 -0.00316541)
(39.9924 0 -0.000497975)
(39.9938 0 0.00103519)
(39.9949 0 -0.000668159)
(39.9958 0 -0.000212451)
(39.9966 0 0.00103744)
(39.9973 0 0.00133261)
(39.9978 0 0.00132717)
(39.9982 0 0.000383837)
(39.9986 0 -2.63501e-05)
(15.3946 0 -0.0575316)
(19.9885 0 -0.0450706)
(23.3681 0 -0.0312556)
(26.0885 0 -0.0182724)
(28.5818 0 -0.0183132)
(30.8236 0 -0.0168643)
(32.7803 0 -0.020128)
(34.496 0 -0.0197158)
(35.9727 0 -0.018875)
(37.1641 0 -0.0106529)
(38.0517 0 -0.00798156)
(38.6812 0 -0.00590338)
(39.1251 0 -0.00797035)
(39.4307 0 -0.0107043)
(39.6292 0 -0.00943057)
(39.7458 0 -0.00799346)
(39.8163 0 -0.00692343)
(39.8661 0 -0.00223469)
(39.9025 0 0.000841912)
(39.9303 0 0.000495192)
(39.9474 0 0.00142902)
(39.9528 0 -0.00371193)
(39.9552 0 0.00281719)
(39.9607 0 0.00130409)
(39.9655 0 0.000385141)
(39.9673 0 -0.00141469)
(39.9686 0 -0.00516685)
(39.9693 0 -0.00203417)
(39.9704 0 -0.00817905)
(39.9692 0 -0.00331274)
(39.9674 0 0.00365406)
(39.9683 0 0.00639726)
(39.9699 0 0.00222665)
(39.9712 0 0.00274058)
(39.9731 0 0.00410517)
(39.9764 0 0.00265738)
(39.98 0 -0.000282827)
(39.983 0 -0.000561579)
(39.9858 0 -0.00519123)
(39.9883 0 0.000874589)
(39.9905 0 -0.00312723)
(39.9921 0 -0.000450374)
(39.9935 0 0.00109028)
(39.9947 0 -0.000630084)
(39.9956 0 -0.000176189)
(39.9964 0 0.00105637)
(39.9971 0 0.00133529)
(39.9976 0 0.00131868)
(39.9981 0 0.000374378)
(39.9985 0 -6.23421e-05)
(16.1858 0 -0.0821988)
(20.1678 0 -0.0815281)
(23.3236 0 -0.0602718)
(25.9693 0 -0.0393048)
(28.4334 0 -0.0374185)
(30.6755 0 -0.0302037)
(32.6475 0 -0.0316273)
(34.3804 0 -0.0295875)
(35.8743 0 -0.0255117)
(37.0839 0 -0.0158581)
(37.989 0 -0.0117041)
(38.6335 0 -0.00829985)
(39.0889 0 -0.00937783)
(39.4036 0 -0.0119115)
(39.6094 0 -0.00978427)
(39.7318 0 -0.00799339)
(39.8065 0 -0.00687022)
(39.8589 0 -0.00178755)
(39.8971 0 0.00110789)
(39.9262 0 0.000804708)
(39.9443 0 0.00172)
(39.9507 0 -0.00346461)
(39.9535 0 0.00290841)
(39.9592 0 0.00139785)
(39.9641 0 0.000423541)
(39.966 0 -0.00142747)
(39.9673 0 -0.00519932)
(39.968 0 -0.00204979)
(39.9691 0 -0.00817356)
(39.968 0 -0.0033415)
(39.9662 0 0.00354571)
(39.967 0 0.00622048)
(39.9686 0 0.00218317)
(39.9699 0 0.0026815)
(39.9718 0 0.00402521)
(39.9751 0 0.00261426)
(39.9788 0 -0.000341103)
(39.9819 0 -0.000578299)
(39.9847 0 -0.00516856)
(39.9874 0 0.000921954)
(39.9896 0 -0.00307396)
(39.9913 0 -0.000409201)
(39.9928 0 0.00112953)
(39.9941 0 -0.000600817)
(39.9951 0 -0.00014988)
(39.996 0 0.00105778)
(39.9967 0 0.0013259)
(39.9973 0 0.00130256)
(39.9978 0 0.00035573)
(39.9983 0 -9.40235e-05)
(17.0007 0 -0.111759)
(20.4705 0 -0.119171)
(23.3289 0 -0.0931315)
(25.8371 0 -0.0647074)
(28.2373 0 -0.059601)
(30.4649 0 -0.0462256)
(32.4501 0 -0.0452807)
(34.2038 0 -0.0411776)
(35.7213 0 -0.0332691)
(36.9573 0 -0.0220863)
(37.8892 0 -0.0160207)
(38.557 0 -0.0110392)
(39.0305 0 -0.0109417)
(39.3596 0 -0.0132547)
(39.5771 0 -0.0102546)
(39.709 0 -0.00804361)
(39.7903 0 -0.00687403)
(39.8471 0 -0.00136877)
(39.8885 0 0.0013441)
(39.9197 0 0.0011276)
(39.9394 0 0.00203722)
(39.9473 0 -0.00317238)
(39.9509 0 0.00304123)
(39.9569 0 0.00152074)
(39.962 0 0.000497149)
(39.964 0 -0.00140017)
(39.9654 0 -0.005198)
(39.9661 0 -0.00208278)
(39.9671 0 -0.00822297)
(39.9661 0 -0.00342344)
(39.9643 0 0.00342918)
(39.965 0 0.00608138)
(39.9666 0 0.00206734)
(39.9679 0 0.00261206)
(39.9698 0 0.00392081)
(39.9731 0 0.00256648)
(39.9768 0 -0.000363996)
(39.9801 0 -0.000569232)
(39.9831 0 -0.00511612)
(39.9859 0 0.000960278)
(39.9883 0 -0.00301205)
(39.9901 0 -0.000370775)
(39.9917 0 0.00116133)
(39.9931 0 -0.000574115)
(39.9943 0 -0.000128896)
(39.9952 0 0.00104796)
(39.996 0 0.00131435)
(39.9967 0 0.00128249)
(39.9973 0 0.000325341)
(39.9979 0 -0.000125267)
(17.8031 0 -0.142887)
(20.869 0 -0.158006)
(23.4163 0 -0.128592)
(25.7334 0 -0.0945155)
(28.0248 0 -0.085182)
(30.2097 0 -0.0651905)
(32.1956 0 -0.061415)
(33.9676 0 -0.0549256)
(35.5117 0 -0.042592)
(36.7808 0 -0.0297503)
(37.748 0 -0.0212336)
(38.4479 0 -0.0143666)
(38.9469 0 -0.0128962)
(39.2963 0 -0.0149462)
(39.5305 0 -0.0108627)
(39.6758 0 -0.00824034)
(39.767 0 -0.00701391)
(39.8303 0 -0.00098961)
(39.8762 0 0.00156021)
(39.9106 0 0.00148098)
(39.9329 0 0.00238497)
(39.9429 0 -0.00285443)
(39.9477 0 0.00322231)
(39.9541 0 0.00169811)
(39.9594 0 0.000608402)
(39.9617 0 -0.0013575)
(39.9631 0 -0.0052177)
(39.9638 0 -0.00215056)
(39.9647 0 -0.00835907)
(39.9637 0 -0.00357194)
(39.9619 0 0.00331657)
(39.9625 0 0.0059851)
(39.964 0 0.00191668)
(39.9652 0 0.00255668)
(39.9671 0 0.00381262)
(39.9704 0 0.00253218)
(39.9742 0 -0.000360828)
(39.9776 0 -0.000538006)
(39.9808 0 -0.00506099)
(39.9837 0 0.000996416)
(39.9864 0 -0.00295642)
(39.9884 0 -0.000333273)
(39.9902 0 0.00119373)
(39.9917 0 -0.000551616)
(39.993 0 -0.0001088)
(39.9941 0 0.00103632)
(39.9951 0 0.00130106)
(39.9959 0 0.00126453)
(39.9965 0 0.000295842)
(39.9972 0 -0.000158401)
(18.5802 0 -0.176152)
(21.3395 0 -0.197823)
(23.602 0 -0.165503)
(25.6989 0 -0.128405)
(27.8367 0 -0.114616)
(29.9393 0 -0.0875419)
(31.9006 0 -0.0803713)
(33.6791 0 -0.0712116)
(35.2471 0 -0.0538283)
(36.5524 0 -0.0391918)
(37.5622 0 -0.0276305)
(38.3027 0 -0.0184622)
(38.8349 0 -0.015364)
(39.2111 0 -0.0170302)
(39.4675 0 -0.0118151)
(39.6309 0 -0.00855042)
(39.7354 0 -0.00723539)
(39.8078 0 -0.000606002)
(39.8601 0 0.00178983)
(39.899 0 0.00189706)
(39.9247 0 0.00278763)
(39.9376 0 -0.00247552)
(39.9443 0 0.00342327)
(39.9511 0 0.00190485)
(39.9569 0 0.000729292)
(39.9595 0 -0.00131902)
(39.9608 0 -0.00526668)
(39.9614 0 -0.00223413)
(39.9622 0 -0.00852547)
(39.9612 0 -0.00374989)
(39.9593 0 0.00318294)
(39.9596 0 0.00587995)
(39.9609 0 0.00174854)
(39.9621 0 0.00249422)
(39.9638 0 0.00369469)
(39.967 0 0.00249179)
(39.9708 0 -0.000362953)
(39.9744 0 -0.000504223)
(39.9777 0 -0.00500914)
(39.9809 0 0.00104053)
(39.9838 0 -0.00289795)
(39.986 0 -0.000290007)
(39.9881 0 0.0012325)
(39.9898 0 -0.00052614)
(39.9913 0 -8.43547e-05)
(39.9926 0 0.00102438)
(39.9937 0 0.00129041)
(39.9947 0 0.00124437)
(39.9954 0 0.000263855)
(39.9964 0 -0.000198503)
(19.3356 0 -0.213661)
(21.8697 0 -0.239079)
(23.8932 0 -0.202811)
(25.7676 0 -0.165462)
(27.7189 0 -0.147884)
(29.6947 0 -0.113658)
(31.5936 0 -0.102374)
(33.3543 0 -0.09035)
(34.9347 0 -0.0673602)
(36.2738 0 -0.0509053)
(37.33 0 -0.0356633)
(38.1186 0 -0.023576)
(38.6916 0 -0.0185977)
(39.1013 0 -0.019696)
(39.3859 0 -0.0131443)
(39.5724 0 -0.00911932)
(39.6944 0 -0.00761847)
(39.7791 0 -0.000260857)
(39.8399 0 0.00201763)
(39.885 0 0.002367)
(39.9153 0 0.00326196)
(39.932 0 -0.00202196)
(39.941 0 0.00367904)
(39.9487 0 0.00216076)
(39.9549 0 0.0008671)
(39.9578 0 -0.00127205)
(39.9591 0 -0.0053451)
(39.9596 0 -0.00233902)
(39.9601 0 -0.00875473)
(39.9589 0 -0.00397919)
(39.9569 0 0.00303767)
(39.9567 0 0.00578573)
(39.9577 0 0.00155953)
(39.9586 0 0.00243108)
(39.9601 0 0.00357303)
(39.9631 0 0.00246285)
(39.9669 0 -0.000363605)
(39.9705 0 -0.000462305)
(39.9741 0 -0.00495816)
(39.9775 0 0.00109289)
(39.9806 0 -0.00283929)
(39.9831 0 -0.000240733)
(39.9854 0 0.00127902)
(39.9874 0 -0.000497475)
(39.9891 0 -5.28486e-05)
(39.9906 0 0.00101479)
(39.9919 0 0.00127814)
(39.9931 0 0.0012237)
(39.994 0 0.000235226)
(39.9952 0 -0.000245054)
(20.0881 0 -0.258077)
(22.4602 0 -0.283468)
(24.2961 0 -0.240383)
(25.9653 0 -0.204711)
(27.7161 0 -0.184997)
(29.5263 0 -0.143943)
(31.3167 0 -0.127567)
(33.0223 0 -0.112329)
(34.5914 0 -0.0832827)
(35.9527 0 -0.0651183)
(37.0532 0 -0.0456299)
(37.8944 0 -0.0299156)
(38.5148 0 -0.0227702)
(38.9648 0 -0.0230226)
(39.2836 0 -0.0150681)
(39.4986 0 -0.00996795)
(39.6427 0 -0.00815019)
(39.7432 0 4.22827e-05)
(39.8153 0 0.00224835)
(39.8684 0 0.00290501)
(39.9048 0 0.00381345)
(39.9264 0 -0.00146579)
(39.9386 0 0.00398065)
(39.9476 0 0.00246125)
(39.9543 0 0.00102016)
(39.9577 0 -0.00121248)
(39.9589 0 -0.00543795)
(39.959 0 -0.0024528)
(39.9591 0 -0.00900389)
(39.9577 0 -0.00424046)
(39.9552 0 0.00284932)
(39.9544 0 0.00566083)
(39.9548 0 0.00134352)
(39.9553 0 0.00235044)
(39.9564 0 0.00343387)
(39.959 0 0.00242444)
(39.9626 0 -0.000375689)
(39.9663 0 -0.00041993)
(39.9699 0 -0.00490065)
(39.9735 0 0.00115762)
(39.9768 0 -0.00276773)
(39.9796 0 -0.000181005)
(39.9821 0 0.00133536)
(39.9844 0 -0.000461608)
(39.9863 0 -1.43766e-05)
(39.9881 0 0.00100537)
(39.9896 0 0.00126657)
(39.991 0 0.00119759)
(39.9922 0 0.000201978)
(39.9936 0 -0.000300241)
(20.8745 0 -0.311963)
(23.127 0 -0.333316)
(24.8221 0 -0.27903)
(26.3136 0 -0.245088)
(27.8672 0 -0.225272)
(29.4876 0 -0.178542)
(31.1251 0 -0.156006)
(32.7277 0 -0.136969)
(34.2473 0 -0.101547)
(35.6065 0 -0.0820224)
(36.7399 0 -0.0579358)
(37.6323 0 -0.0377701)
(38.3042 0 -0.0282188)
(38.7998 0 -0.0272812)
(39.1587 0 -0.0176984)
(39.4076 0 -0.0113122)
(39.5788 0 -0.00899704)
(39.6993 0 0.000192412)
(39.7858 0 0.00240694)
(39.8494 0 0.00346118)
(39.8936 0 0.00441403)
(39.9214 0 -0.000821947)
(39.9379 0 0.00436174)
(39.9488 0 0.00284691)
(39.9563 0 0.00122642)
(39.9601 0 -0.00111574)
(39.9612 0 -0.00554642)
(39.9609 0 -0.00259237)
(39.9603 0 -0.00930634)
(39.9584 0 -0.00456077)
(39.9552 0 0.00262702)
(39.9535 0 0.00552727)
(39.9531 0 0.00109084)
(39.9529 0 0.00227379)
(39.9533 0 0.00327449)
(39.9553 0 0.00238625)
(39.9584 0 -0.00037625)
(39.9619 0 -0.000361369)
(39.9655 0 -0.00483148)
(39.9691 0 0.00123073)
(39.9726 0 -0.00268415)
(39.9756 0 -0.000110152)
(39.9783 0 0.00140385)
(39.9808 0 -0.000422764)
(39.983 0 2.88948e-05)
(39.9851 0 0.000998201)
(39.9869 0 0.00125188)
(39.9885 0 0.00116857)
(39.9899 0 0.000168421)
(39.9916 0 -0.000362249)
(21.7486 0 -0.378279)
(23.9001 0 -0.391512)
(25.4896 0 -0.321685)
(26.832 0 -0.286502)
(28.2031 0 -0.268391)
(29.6262 0 -0.217956)
(31.0788 0 -0.188185)
(32.5297 0 -0.164012)
(33.9496 0 -0.121684)
(35.267 0 -0.101076)
(36.4078 0 -0.0724911)
(37.3407 0 -0.0470688)
(38.0627 0 -0.034911)
(38.6065 0 -0.0324403)
(39.01 0 -0.0213481)
(39.2978 0 -0.0132764)
(39.5008 0 -0.0102305)
(39.6459 0 7.24498e-05)
(39.7505 0 0.00239746)
(39.8275 0 0.00396157)
(39.8817 0 0.00499619)
(39.9173 0 -0.000117391)
(39.9395 0 0.00478843)
(39.9532 0 0.00330901)
(39.9618 0 0.001499)
(39.9663 0 -0.000950008)
(39.9673 0 -0.00564373)
(39.9665 0 -0.00273684)
(39.9651 0 -0.0096279)
(39.9623 0 -0.00493071)
(39.9581 0 0.00233713)
(39.955 0 0.00534338)
(39.9535 0 0.000784773)
(39.9523 0 0.00218541)
(39.9517 0 0.0030868)
(39.9526 0 0.00233748)
(39.955 0 -0.000375131)
(39.9579 0 -0.000290978)
(39.9612 0 -0.00474355)
(39.9647 0 0.00131701)
(39.9681 0 -0.00257818)
(39.9712 0 -2.6647e-05)
(39.9741 0 0.00148308)
(39.9768 0 -0.000377966)
(39.9793 0 7.57391e-05)
(39.9815 0 0.000988732)
(39.9836 0 0.00123645)
(39.9854 0 0.00113305)
(39.987 0 0.000127776)
(39.9892 0 -0.000432703)
(22.7777 0 -0.458546)
(24.822 0 -0.458837)
(26.3243 0 -0.371039)
(27.541 0 -0.329538)
(28.7475 0 -0.313722)
(29.9785 0 -0.262577)
(31.2312 0 -0.225138)
(32.4933 0 -0.193911)
(33.7611 0 -0.143514)
(34.984 0 -0.121616)
(36.09 0 -0.0890949)
(37.0378 0 -0.0575956)
(37.7993 0 -0.0427426)
(38.3887 0 -0.0384835)
(38.8381 0 -0.0259256)
(39.1681 0 -0.0161649)
(39.4072 0 -0.0120475)
(39.5814 0 -0.000535068)
(39.7081 0 0.00206491)
(39.8019 0 0.00427268)
(39.8688 0 0.00546609)
(39.9141 0 0.000575517)
(39.9437 0 0.00524451)
(39.9615 0 0.00384598)
(39.972 0 0.00185829)
(39.9774 0 -0.000650822)
(39.9787 0 -0.00570622)
(39.9772 0 -0.00287689)
(39.9748 0 -0.01001)
(39.9709 0 -0.00538717)
(39.9653 0 0.00198954)
(39.9605 0 0.0051311)
(39.9573 0 0.000405075)
(39.9546 0 0.00210004)
(39.9525 0 0.00288083)
(39.952 0 0.00230233)
(39.9531 0 -0.000354563)
(39.9551 0 -0.000197675)
(39.9578 0 -0.00463402)
(39.9608 0 0.00141492)
(39.9639 0 -0.00245197)
(39.9669 0 6.72033e-05)
(39.9698 0 0.00157278)
(39.9726 0 -0.000326723)
(39.9751 0 0.000127406)
(39.9775 0 0.000977647)
(39.9798 0 0.00121515)
(39.9819 0 0.00109383)
(39.9837 0 8.40018e-05)
(39.9863 0 -0.000511153)
(24.0335 0 -0.553784)
(25.9434 0 -0.534196)
(27.3571 0 -0.429157)
(28.4605 0 -0.375389)
(29.5181 0 -0.361155)
(30.567 0 -0.312672)
(31.6191 0 -0.268786)
(32.6735 0 -0.228393)
(33.749 0 -0.167905)
(34.8234 0 -0.142926)
(35.8384 0 -0.106711)
(36.7573 0 -0.0684747)
(37.5333 0 -0.0506844)
(38.1561 0 -0.0445582)
(38.6469 0 -0.0311822)
(39.0192 0 -0.0197667)
(39.2969 0 -0.0144338)
(39.504 0 -0.00174886)
(39.6568 0 0.00121488)
(39.7709 0 0.00417623)
(39.8536 0 0.005545)
(39.911 0 0.000995286)
(39.9502 0 0.00548516)
(39.974 0 0.0042969)
(39.9875 0 0.00222039)
(39.9946 0 -0.000200914)
(39.9965 0 -0.005686)
(39.9945 0 -0.00295968)
(39.9911 0 -0.0103657)
(39.9859 0 -0.00588234)
(39.9785 0 0.00157069)
(39.9715 0 0.0048391)
(39.9662 0 -8.63222e-05)
(39.9613 0 0.00200084)
(39.9572 0 0.00264487)
(39.9547 0 0.00227181)
(39.9539 0 -0.00031897)
(39.9545 0 -7.65921e-05)
(39.9559 0 -0.00448833)
(39.9581 0 0.00153563)
(39.9606 0 -0.00229042)
(39.9632 0 0.000176291)
(39.9657 0 0.00167418)
(39.9684 0 -0.000268347)
(39.9709 0 0.000179927)
(39.9733 0 0.000961323)
(39.9757 0 0.00118907)
(39.978 0 0.00104618)
(39.9799 0 3.15002e-05)
(39.9829 0 -0.000598514)
(25.5836 0 -0.662938)
(27.3183 0 -0.613008)
(28.6241 0 -0.494025)
(29.6113 0 -0.422802)
(30.5277 0 -0.408165)
(31.4042 0 -0.366344)
(32.2607 0 -0.320162)
(33.1038 0 -0.270462)
(33.9664 0 -0.198141)
(34.8523 0 -0.166619)
(35.72 0 -0.125631)
(36.5516 0 -0.0794158)
(37.2994 0 -0.0577182)
(37.9296 0 -0.0494618)
(38.4474 0 -0.0356697)
(38.8557 0 -0.0234585)
(39.1705 0 -0.017135)
(39.4121 0 -0.00345356)
(39.5941 0 -0.000181491)
(39.7319 0 0.00356623)
(39.8338 0 0.00508397)
(39.9061 0 0.000909384)
(39.9573 0 0.0052461)
(39.9897 0 0.00442409)
(40.008 0 0.00240706)
(40.0179 0 0.000368652)
(40.0214 0 -0.00556819)
(40.0195 0 -0.00296864)
(40.0153 0 -0.010642)
(40.0087 0 -0.00638738)
(39.9992 0 0.00112606)
(39.9897 0 0.00447477)
(39.9819 0 -0.000748125)
(39.9743 0 0.00189098)
(39.9675 0 0.00236941)
(39.9622 0 0.002255)
(39.9589 0 -0.000236367)
(39.9573 0 9.67692e-05)
(39.9569 0 -0.00429336)
(39.9577 0 0.00168016)
(39.9589 0 -0.00208596)
(39.9607 0 0.000306712)
(39.9626 0 0.00179721)
(39.9647 0 -0.000202722)
(39.967 0 0.000233341)
(39.9692 0 0.000946732)
(39.9715 0 0.00115268)
(39.9738 0 0.000992776)
(39.9758 0 -2.52678e-05)
(39.979 0 -0.00069373)
(27.4796 0 -0.78315)
(28.9971 0 -0.690375)
(30.1645 0 -0.56194)
(31.0169 0 -0.468805)
(31.7864 0 -0.450537)
(32.4941 0 -0.41826)
(33.1605 0 -0.376934)
(33.7955 0 -0.322018)
(34.4403 0 -0.238813)
(35.119 0 -0.196823)
(35.7998 0 -0.148239)
(36.4865 0 -0.0916351)
(37.1501 0 -0.0630421)
(37.7452 0 -0.0510801)
(38.2612 0 -0.0373122)
(38.6891 0 -0.025107)
(39.0326 0 -0.0186013)
(39.306 0 -0.00474786)
(39.5178 0 -0.00167206)
(39.6817 0 0.00256019)
(39.8057 0 0.00393969)
(39.8959 0 -1.68804e-05)
(39.962 0 0.00397341)
(40.006 0 0.00357811)
(40.0317 0 0.00176797)
(40.0463 0 0.000665173)
(40.053 0 -0.00550232)
(40.0524 0 -0.00293698)
(40.0482 0 -0.0107148)
(40.0405 0 -0.00675995)
(40.029 0 0.000782294)
(40.0168 0 0.00409551)
(40.0061 0 -0.00161888)
(39.9952 0 0.00172829)
(39.9851 0 0.00203973)
(39.9764 0 0.00224373)
(39.9697 0 -0.00011823)
(39.9651 0 0.000324301)
(39.9622 0 -0.00403113)
(39.9607 0 0.0018671)
(39.9601 0 -0.00181146)
(39.9604 0 0.000470938)
(39.9611 0 0.00194778)
(39.9623 0 -0.000122894)
(39.9639 0 0.000286655)
(39.9657 0 0.000929102)
(39.9676 0 0.00111043)
(39.9697 0 0.000927994)
(39.9716 0 -9.22453e-05)
(39.9749 0 -0.000797689)
(29.7359 0 -0.907334)
(31.0126 0 -0.760427)
(32.0109 0 -0.62775)
(32.6984 0 -0.508877)
(33.2999 0 -0.48081)
(33.8325 0 -0.45798)
(34.3111 0 -0.429583)
(34.7435 0 -0.379392)
(35.1732 0 -0.292392)
(35.6411 0 -0.239632)
(36.1188 0 -0.181166)
(36.6215 0 -0.111134)
(37.1475 0 -0.0702543)
(37.6552 0 -0.0499973)
(38.126 0 -0.033487)
(38.5427 0 -0.0217572)
(38.8958 0 -0.0160117)
(39.1903 0 -0.00338765)
(39.4276 0 -0.00151652)
(39.6169 0 0.00236082)
(39.7646 0 0.00296535)
(39.8751 0 -0.00131504)
(39.9587 0 0.00162676)
(40.0178 0 0.00126447)
(40.0544 0 -0.000526522)
(40.0765 0 -9.86732e-05)
(40.0889 0 -0.00600394)
(40.0916 0 -0.00321401)
(40.089 0 -0.0106874)
(40.0812 0 -0.00697404)
(40.0684 0 0.000721026)
(40.0539 0 0.00388086)
(40.0403 0 -0.00271839)
(40.0257 0 0.00144043)
(40.0118 0 0.00161338)
(39.999 0 0.00222765)
(39.9881 0 3.62022e-05)
(39.9797 0 0.000607867)
(39.9733 0 -0.00369152)
(39.9688 0 0.00210047)
(39.9655 0 -0.00144605)
(39.9636 0 0.000681038)
(39.9624 0 0.00213934)
(39.9621 0 -1.19577e-05)
(39.9625 0 0.000351809)
(39.9633 0 0.000918444)
(39.9646 0 0.00105593)
(39.9661 0 0.000857391)
(39.9676 0 -0.000165178)
(39.9708 0 -0.000910148)
(32.3119 0 -1.03086)
(33.318 0 -0.818353)
(34.1104 0 -0.686149)
(34.6064 0 -0.540839)
(35.021 0 -0.494239)
(35.374 0 -0.47463)
(35.6715 0 -0.462768)
(35.9141 0 -0.429041)
(36.1416 0 -0.352507)
(36.4058 0 -0.296691)
(36.6819 0 -0.230819)
(36.9868 0 -0.147299)
(37.3413 0 -0.0884295)
(37.7157 0 -0.0520779)
(38.0921 0 -0.0258142)
(38.4545 0 -0.0106586)
(38.7849 0 -0.00510406)
(39.0784 0 0.00490817)
(39.3285 0 0.00374296)
(39.5367 0 0.00553209)
(39.7059 0 0.00408305)
(39.8372 0 -0.0015398)
(39.9401 0 -0.000992602)
(40.0172 0 -0.00253694)
(40.0686 0 -0.00537898)
(40.1021 0 -0.00339518)
(40.1237 0 -0.00836887)
(40.133 0 -0.00492082)
(40.1346 0 -0.0111717)
(40.129 0 -0.00723831)
(40.1163 0 0.00110672)
(40.1008 0 0.00423232)
(40.0851 0 -0.00378958)
(40.0668 0 0.00107676)
(40.049 0 0.00111036)
(40.0316 0 0.00217645)
(40.0159 0 0.000201376)
(40.0028 0 0.000928964)
(39.9922 0 -0.00327136)
(39.9836 0 0.00238442)
(39.9767 0 -0.000954223)
(39.9717 0 0.000963063)
(39.9679 0 0.00239176)
(39.9653 0 0.000150606)
(39.9638 0 0.000435248)
(39.9631 0 0.000918334)
(39.9631 0 0.000997731)
(39.9637 0 0.000774706)
(39.9645 0 -0.00025005)
(39.967 0 -0.00103198)
(34.8898 0 -1.14738)
(35.5546 0 -0.859549)
(36.1065 0 -0.728017)
(36.4237 0 -0.563098)
(36.6831 0 -0.49244)
(36.8994 0 -0.465249)
(37.0627 0 -0.463559)
(37.1656 0 -0.450546)
(37.241 0 -0.399188)
(37.3376 0 -0.356745)
(37.438 0 -0.295575)
(37.5605 0 -0.207097)
(37.7393 0 -0.130977)
(37.9581 0 -0.0724279)
(38.204 0 -0.0247642)
(38.4693 0 0.00409492)
(38.7363 0 0.0156986)
(38.9954 0 0.025055)
(39.2341 0 0.0197554)
(39.4456 0 0.0170035)
(39.6276 0 0.0115046)
(39.7757 0 0.00296781)
(39.897 0 -0.000724927)
(39.9936 0 -0.00565109)
(40.0634 0 -0.0120223)
(40.1125 0 -0.0101084)
(40.1477 0 -0.014206)
(40.1682 0 -0.0100153)
(40.1782 0 -0.0138846)
(40.1784 0 -0.008778)
(40.1691 0 0.00143009)
(40.1551 0 0.00538982)
(40.139 0 -0.00444726)
(40.1183 0 0.000738481)
(40.0971 0 0.000568536)
(40.0751 0 0.0020512)
(40.0545 0 0.000363661)
(40.0361 0 0.00125522)
(40.0204 0 -0.00278587)
(40.0069 0 0.00268861)
(39.9954 0 -0.000309953)
(39.9864 0 0.00135076)
(39.979 0 0.0027425)
(39.9732 0 0.000395903)
(39.9691 0 0.00055608)
(39.9661 0 0.000958685)
(39.9642 0 0.00094101)
(39.9633 0 0.000690718)
(39.9629 0 -0.000337953)
(39.9642 0 -0.00115672)
(36.3889 0 -1.22485)
(36.8261 0 -0.879858)
(37.231 0 -0.751641)
(37.4619 0 -0.581699)
(37.661 0 -0.491142)
(37.8418 0 -0.45025)
(37.978 0 -0.444988)
(38.0567 0 -0.44113)
(38.1061 0 -0.413449)
(38.1487 0 -0.394987)
(38.1722 0 -0.355128)
(38.1952 0 -0.280636)
(38.2518 0 -0.201657)
(38.3391 0 -0.126322)
(38.455 0 -0.0515779)
(38.6054 0 0.00512549)
(38.7795 0 0.0375446)
(38.9702 0 0.0568232)
(39.1662 0 0.0515647)
(39.3556 0 0.0433463)
(39.5324 0 0.031257)
(39.6865 0 0.0175634)
(39.8203 0 0.00778498)
(39.9347 0 -0.00303031)
(40.0242 0 -0.0165103)
(40.0925 0 -0.0188324)
(40.1461 0 -0.0242944)
(40.1834 0 -0.020762)
(40.2075 0 -0.0218358)
(40.219 0 -0.0143962)
(40.2184 0 -0.00033382)
(40.2108 0 0.00681874)
(40.1979 0 -0.00417044)
(40.1774 0 0.00081268)
(40.1545 0 0.000350476)
(40.1292 0 0.00206448)
(40.104 0 0.000594357)
(40.0803 0 0.00155565)
(40.0593 0 -0.00229988)
(40.0403 0 0.00292017)
(40.0233 0 0.000459478)
(40.0093 0 0.00184941)
(39.9973 0 0.00320351)
(39.9874 0 0.000768208)
(39.9797 0 0.000744085)
(39.9736 0 0.00106209)
(39.9691 0 0.000917105)
(39.9659 0 0.000610212)
(39.9638 0 -0.000428308)
(39.9629 0 -0.00128106)
(36.8 0 -1.28496)
(37.1082 0 -0.905503)
(37.4486 0 -0.773644)
(37.6508 0 -0.608007)
(37.828 0 -0.504191)
(38.0009 0 -0.450932)
(38.1409 0 -0.435446)
(38.2347 0 -0.427367)
(38.3111 0 -0.407576)
(38.3815 0 -0.403929)
(38.4326 0 -0.386065)
(38.48 0 -0.336597)
(38.5421 0 -0.27487)
(38.6106 0 -0.204317)
(38.6848 0 -0.116877)
(38.7739 0 -0.0329671)
(38.8763 0 0.0325693)
(38.9965 0 0.0806172)
(39.1315 0 0.0917449)
(39.275 0 0.0865562)
(39.4241 0 0.0695674)
(39.5668 0 0.0490955)
(39.7016 0 0.031853)
(39.8272 0 0.0136375)
(39.9337 0 -0.00985683)
(40.0221 0 -0.0222841)
(40.0973 0 -0.0348541)
(40.157 0 -0.0369084)
(40.202 0 -0.0378756)
(40.2325 0 -0.0285451)
(40.2488 0 -0.00891147)
(40.2554 0 0.00544013)
(40.2521 0 -0.00360432)
(40.237 0 0.00137596)
(40.2166 0 0.000810097)
(40.1907 0 0.00256575)
(40.1628 0 0.00114541)
(40.1349 0 0.00190608)
(40.109 0 -0.00183506)
(40.0844 0 0.00293455)
(40.0616 0 0.00126902)
(40.0418 0 0.00243705)
(40.0244 0 0.00377622)
(40.0093 0 0.00132598)
(39.9972 0 0.00105333)
(39.9871 0 0.00127366)
(39.979 0 0.000965174)
(39.9728 0 0.000565745)
(39.9682 0 -0.000500808)
(39.9642 0 -0.00138744)
(37.103 0 -1.35394)
(37.3263 0 -0.95349)
(37.6281 0 -0.804385)
(37.8185 0 -0.64593)
(37.9786 0 -0.533238)
(38.1362 0 -0.469718)
(38.264 0 -0.442532)
(38.3476 0 -0.424049)
(38.4125 0 -0.400851)
(38.4712 0 -0.39837)
(38.513 0 -0.389605)
(38.5511 0 -0.356419)
(38.6032 0 -0.313137)
(38.6616 0 -0.259363)
(38.7225 0 -0.180556)
(38.7936 0 -0.0922046)
(38.8711 0 -0.0076498)
(38.9595 0 0.0690275)
(39.0592 0 0.108922)
(39.1671 0 0.123948)
(39.2863 0 0.115561)
(39.4081 0 0.0955502)
(39.532 0 0.0747604)
(39.6577 0 0.051486)
(39.7729 0 0.0190531)
(39.8772 0 -0.00669158)
(39.9738 0 -0.0332721)
(40.0596 0 -0.0496577)
(40.1315 0 -0.0590235)
(40.1894 0 -0.0537237)
(40.2329 0 -0.0308795)
(40.2659 0 -0.00597425)
(40.2826 0 -0.00687038)
(40.2827 0 0.00109063)
(40.2724 0 0.0020688)
(40.252 0 0.00422169)
(40.2259 0 0.00272681)
(40.1967 0 0.00279755)
(40.1678 0 -0.00118625)
(40.1387 0 0.00262364)
(40.1103 0 0.00189519)
(40.0845 0 0.00295771)
(40.0612 0 0.00434253)
(40.0404 0 0.00204213)
(40.0228 0 0.00150069)
(40.0078 0 0.00163601)
(39.9953 0 0.00114781)
(39.9851 0 0.000603006)
(39.9774 0 -0.000525548)
(39.9691 0 -0.00144742)
(37.5385 0 -1.41722)
(37.69 0 -1.0115)
(37.9463 0 -0.838435)
(38.1227 0 -0.686869)
(38.2673 0 -0.56754)
(38.4107 0 -0.493748)
(38.5281 0 -0.454958)
(38.6039 0 -0.424691)
(38.6599 0 -0.392987)
(38.7085 0 -0.38326)
(38.7413 0 -0.373472)
(38.769 0 -0.345287)
(38.8078 0 -0.311042)
(38.851 0 -0.269088)
(38.8939 0 -0.202928)
(38.9421 0 -0.12251)
(38.9914 0 -0.0379812)
(39.0447 0 0.0472352)
(39.1027 0 0.102453)
(39.161 0 0.134279)
(39.2257 0 0.139542)
(39.2919 0 0.128881)
(39.3635 0 0.114529)
(39.4492 0 0.0969023)
(39.5429 0 0.0665767)
(39.6437 0 0.0363114)
(39.7528 0 -0.00247892)
(39.8623 0 -0.0384525)
(39.9625 0 -0.0676167)
(40.0519 0 -0.0797739)
(40.1309 0 -0.066135)
(40.2032 0 -0.0360018)
(40.2541 0 -0.0242757)
(40.2846 0 -0.00668988)
(40.2987 0 0.00122205)
(40.2959 0 0.00670231)
(40.2812 0 0.00622109)
(40.2575 0 0.00532687)
(40.2302 0 0.000435673)
(40.1997 0 0.00221457)
(40.1676 0 0.00215538)
(40.1368 0 0.00319413)
(40.1079 0 0.00468844)
(40.081 0 0.00279017)
(40.0576 0 0.00204939)
(40.037 0 0.00217909)
(40.0192 0 0.00153574)
(40.0043 0 0.000795084)
(39.9926 0 -0.000451261)
(39.9787 0 -0.00141096)
(37.9656 0 -1.464)
(38.055 0 -1.07431)
(38.2583 0 -0.878539)
(38.4153 0 -0.729129)
(38.5438 0 -0.603032)
(38.6725 0 -0.51843)
(38.7795 0 -0.468684)
(38.8486 0 -0.427922)
(38.8978 0 -0.387492)
(38.9386 0 -0.367683)
(38.9653 0 -0.351805)
(38.9874 0 -0.32276)
(39.0195 0 -0.291544)
(39.0556 0 -0.256637)
(39.0911 0 -0.201078)
(39.1309 0 -0.132084)
(39.1705 0 -0.0555867)
(39.2123 0 0.0266996)
(39.2565 0 0.084808)
(39.2982 0 0.123147)
(39.3418 0 0.135527)
(39.3804 0 0.131634)
(39.4151 0 0.124055)
(39.4527 0 0.115392)
(39.4903 0 0.0957245)
(39.5295 0 0.0757803)
(39.5818 0 0.0417623)
(39.6484 0 0.000168577)
(39.7278 0 -0.0448744)
(39.8172 0 -0.0810499)
(39.9161 0 -0.0925965)
(40.0269 0 -0.0760328)
(40.1195 0 -0.0613158)
(40.1945 0 -0.0333855)
(40.2505 0 -0.0118334)
(40.2856 0 0.00488736)
(40.3007 0 0.0108039)
(40.2979 0 0.0109334)
(40.283 0 0.00485316)
(40.2588 0 0.0029385)
(40.228 0 0.00224191)
(40.1952 0 0.00289821)
(40.1624 0 0.00435947)
(40.1304 0 0.00316138)
(40.1012 0 0.00244985)
(40.0748 0 0.0027438)
(40.0514 0 0.00214036)
(40.031 0 0.00122061)
(40.0149 0 -0.000193776)
(39.9942 0 -0.00118753)
(38.3221 0 -1.49014)
(38.3614 0 -1.13314)
(38.5111 0 -0.919152)
(38.6452 0 -0.765555)
(38.758 0 -0.632956)
(38.8719 0 -0.538142)
(38.9688 0 -0.479237)
(39.0323 0 -0.430576)
(39.0759 0 -0.382936)
(39.1105 0 -0.35291)
(39.1326 0 -0.328996)
(39.1511 0 -0.296436)
(39.1784 0 -0.264802)
(39.2098 0 -0.233882)
(39.2407 0 -0.187966)
(39.2748 0 -0.13157)
(39.308 0 -0.0679898)
(39.3427 0 0.00374157)
(39.3785 0 0.0568295)
(39.4119 0 0.0948915)
(39.4469 0 0.109943)
(39.4768 0 0.110152)
(39.5021 0 0.107108)
(39.5285 0 0.104644)
(39.5519 0 0.093361)
(39.5712 0 0.0841536)
(39.5957 0 0.0611634)
(39.6249 0 0.0278883)
(39.6586 0 -0.0153709)
(39.6958 0 -0.0599721)
(39.7428 0 -0.0905048)
(39.8163 0 -0.0968868)
(39.8999 0 -0.0963747)
(39.991 0 -0.0726096)
(40.0828 0 -0.0437578)
(40.1659 0 -0.0126966)
(40.2313 0 0.008)
(40.2739 0 0.0172567)
(40.2938 0 0.0138097)
(40.2935 0 0.00769632)
(40.2767 0 0.00380206)
(40.2503 0 0.00251102)
(40.219 0 0.00305429)
(40.1849 0 0.00255196)
(40.1517 0 0.00219292)
(40.1204 0 0.00292162)
(40.0915 0 0.00272877)
(40.0655 0 0.00185735)
(40.0447 0 0.000296607)
(40.0163 0 -0.000679839)
(38.6214 0 -1.49579)
(38.6227 0 -1.1812)
(38.7216 0 -0.958864)
(38.8289 0 -0.798639)
(38.9251 0 -0.661686)
(39.0234 0 -0.558638)
(39.1097 0 -0.491228)
(39.1679 0 -0.435875)
(39.2068 0 -0.382254)
(39.2361 0 -0.342618)
(39.2547 0 -0.309828)
(39.2701 0 -0.272439)
(39.2935 0 -0.238664)
(39.3209 0 -0.209832)
(39.3484 0 -0.172339)
(39.3785 0 -0.128569)
(39.4071 0 -0.0791652)
(39.4364 0 -0.0205704)
(39.4659 0 0.0244127)
(39.4928 0 0.0597235)
(39.521 0 0.0763204)
(39.5443 0 0.0804262)
(39.5631 0 0.0817524)
(39.5827 0 0.0840983)
(39.5985 0 0.0786617)
(39.61 0 0.076713)
(39.6256 0 0.0623009)
(39.6445 0 0.0374872)
(39.6662 0 0.000770044)
(39.6876 0 -0.0414994)
(39.7104 0 -0.0764087)
(39.7454 0 -0.0946623)
(39.7861 0 -0.108363)
(39.8329 0 -0.0985126)
(39.8927 0 -0.0761163)
(39.9663 0 -0.0415173)
(40.0501 0 -0.00890711)
(40.1344 0 0.014834)
(40.2055 0 0.0225718)
(40.2545 0 0.0182295)
(40.2769 0 0.0105919)
(40.2774 0 0.00448801)
(40.2615 0 0.00147205)
(40.2345 0 0.000390314)
(40.2027 0 0.000369246)
(40.1696 0 0.00180672)
(40.1372 0 0.00263893)
(40.1064 0 0.002361)
(40.0813 0 0.000908731)
(40.0449 0 0.000158309)
(38.8831 0 -1.48053)
(38.8573 0 -1.21111)
(38.9114 0 -0.992116)
(38.9892 0 -0.82667)
(39.0667 0 -0.686956)
(39.1483 0 -0.577016)
(39.223 0 -0.500627)
(39.2756 0 -0.438794)
(39.3101 0 -0.380171)
(39.3346 0 -0.33257)
(39.3499 0 -0.292393)
(39.3625 0 -0.250833)
(39.3822 0 -0.214692)
(39.4064 0 -0.186775)
(39.431 0 -0.155813)
(39.4577 0 -0.122808)
(39.4827 0 -0.0865625)
(39.508 0 -0.0412541)
(39.5324 0 -0.00504749)
(39.5542 0 0.0266956)
(39.577 0 0.0442197)
(39.595 0 0.0517841)
(39.6086 0 0.0570775)
(39.6228 0 0.0632073)
(39.6326 0 0.0620344)
(39.6379 0 0.0653505)
(39.6467 0 0.0578022)
(39.6585 0 0.0409849)
(39.6726 0 0.0120613)
(39.6864 0 -0.0240966)
(39.7013 0 -0.0565522)
(39.7257 0 -0.0774059)
(39.7529 0 -0.097947)
(39.7792 0 -0.0982327)
(39.8101 0 -0.0865847)
(39.8457 0 -0.0590664)
(39.8921 0 -0.0264413)
(39.9536 0 0.00488656)
(40.0284 0 0.0241705)
(40.1069 0 0.0283391)
(40.1754 0 0.0227099)
(40.2255 0 0.0128824)
(40.2511 0 0.00342765)
(40.2522 0 -0.00196969)
(40.2367 0 -0.00347673)
(40.2114 0 -0.00178358)
(40.1812 0 0.000536821)
(40.1493 0 0.00176199)
(40.1218 0 0.00109523)
(40.0786 0 0.00109628)
(39.1143 0 -1.44612)
(39.071 0 -1.22048)
(39.0886 0 -1.01648)
(39.1363 0 -0.851127)
(39.1935 0 -0.711044)
(39.2577 0 -0.596519)
(39.3197 0 -0.511793)
(39.366 0 -0.443852)
(39.3962 0 -0.381547)
(39.4166 0 -0.328286)
(39.429 0 -0.28243)
(39.4392 0 -0.237635)
(39.4557 0 -0.199288)
(39.4767 0 -0.171174)
(39.499 0 -0.144675)
(39.5233 0 -0.119419)
(39.546 0 -0.0930462)
(39.5683 0 -0.0585918)
(39.5889 0 -0.0299202)
(39.6067 0 -0.0016)
(39.6252 0 0.0164137)
(39.639 0 0.0266458)
(39.6485 0 0.0349385)
(39.6581 0 0.0435904)
(39.6632 0 0.0452402)
(39.6635 0 0.0522661)
(39.6668 0 0.050549)
(39.6728 0 0.0411966)
(39.6808 0 0.0204375)
(39.6885 0 -0.00788729)
(39.6971 0 -0.0347302)
(39.7146 0 -0.0534102)
(39.7347 0 -0.0759607)
(39.7531 0 -0.0816164)
(39.7746 0 -0.0778814)
(39.7966 0 -0.0586191)
(39.8218 0 -0.0321467)
(39.8517 0 -0.00223109)
(39.8919 0 0.0215368)
(39.9444 0 0.0332437)
(40.0082 0 0.0335555)
(40.0793 0 0.0252143)
(40.144 0 0.0119264)
(40.1899 0 0.000110321)
(40.2138 0 -0.00682313)
(40.2172 0 -0.0079382)
(40.2047 0 -0.00515955)
(40.1816 0 -0.00177854)
(40.158 0 -0.000511339)
(40.1129 0 0.00130718)
(39.3192 0 -1.39434)
(39.2654 0 -1.20885)
(39.2554 0 -1.02762)
(39.2754 0 -0.86895)
(39.3115 0 -0.73117)
(39.3579 0 -0.61451)
(39.4063 0 -0.523091)
(39.4449 0 -0.449634)
(39.4706 0 -0.38434)
(39.4871 0 -0.327337)
(39.4967 0 -0.277637)
(39.5048 0 -0.230658)
(39.5183 0 -0.190343)
(39.5368 0 -0.160954)
(39.5572 0 -0.136023)
(39.5795 0 -0.115095)
(39.6007 0 -0.0952687)
(39.6212 0 -0.0689759)
(39.6394 0 -0.0463826)
(39.6545 0 -0.0215121)
(39.6698 0 -0.00390351)
(39.6805 0 0.00760628)
(39.6868 0 0.0174392)
(39.6929 0 0.027199)
(39.6943 0 0.0304506)
(39.6908 0 0.0398585)
(39.6897 0 0.0427825)
(39.691 0 0.0400067)
(39.6942 0 0.0271099)
(39.6968 0 0.00676546)
(39.7004 0 -0.0136623)
(39.7123 0 -0.028531)
(39.7266 0 -0.0511207)
(39.7389 0 -0.0597192)
(39.754 0 -0.0620454)
(39.7691 0 -0.0498189)
(39.7863 0 -0.0301888)
(39.8049 0 -0.00490157)
(39.8273 0 0.0179486)
(39.8534 0 0.0327832)
(39.8853 0 0.0385658)
(39.93 0 0.0350496)
(39.9868 0 0.0228947)
(40.0474 0 0.00779932)
(40.103 0 -0.00494173)
(40.1451 0 -0.0121774)
(40.169 0 -0.0130114)
(40.174 0 -0.00957538)
(40.1688 0 -0.00610945)
(40.1352 0 -0.00118875)
(39.5023 0 -1.32722)
(39.4428 0 -1.17714)
(39.4137 0 -1.02234)
(39.4102 0 -0.876922)
(39.4256 0 -0.745719)
(39.4538 0 -0.630712)
(39.4875 0 -0.535885)
(39.5168 0 -0.458366)
(39.537 0 -0.390937)
(39.5494 0 -0.33159)
(39.5564 0 -0.279155)
(39.5623 0 -0.23051)
(39.5732 0 -0.188317)
(39.5891 0 -0.156765)
(39.6079 0 -0.131853)
(39.6291 0 -0.11222)
(39.6496 0 -0.0953205)
(39.6691 0 -0.0741848)
(39.6859 0 -0.055892)
(39.6994 0 -0.0341305)
(39.7125 0 -0.017574)
(39.7209 0 -0.00587465)
(39.725 0 0.00442202)
(39.7287 0 0.0143606)
(39.7274 0 0.018328)
(39.7211 0 0.0290503)
(39.7166 0 0.0354379)
(39.7144 0 0.0378243)
(39.7137 0 0.0313685)
(39.7125 0 0.017818)
(39.7121 0 0.00300848)
(39.7195 0 -0.00827278)
(39.7292 0 -0.0304156)
(39.7366 0 -0.0411355)
(39.7467 0 -0.0483106)
(39.7563 0 -0.0422193)
(39.7677 0 -0.0290506)
(39.7799 0 -0.00902443)
(39.795 0 0.0110476)
(39.8115 0 0.0261918)
(39.8285 0 0.0352288)
(39.8489 0 0.0369827)
(39.8757 0 0.0297332)
(39.9106 0 0.0164598)
(39.9556 0 0.00159919)
(40.0067 0 -0.0108941)
(40.0557 0 -0.0176075)
(40.0934 0 -0.0180464)
(40.1188 0 -0.0153196)
(40.1199 0 -0.00859757)
(39.6666 0 -1.24613)
(39.605 0 -1.12673)
(39.5635 0 -0.998838)
(39.5419 0 -0.871505)
(39.5384 0 -0.751125)
(39.549 0 -0.641576)
(39.5673 0 -0.546776)
(39.5857 0 -0.466949)
(39.599 0 -0.39782)
(39.6067 0 -0.33684)
(39.6105 0 -0.28263)
(39.6141 0 -0.232873)
(39.6222 0 -0.189193)
(39.6358 0 -0.155242)
(39.6531 0 -0.128512)
(39.6729 0 -0.108294)
(39.693 0 -0.0922146)
(39.7123 0 -0.074292)
(39.7285 0 -0.0590321)
(39.7413 0 -0.040315)
(39.753 0 -0.0253192)
(39.7601 0 -0.0142977)
(39.7629 0 -0.00452022)
(39.7648 0 0.00479816)
(39.7618 0 0.00868691)
(39.7537 0 0.0196757)
(39.7469 0 0.0280345)
(39.7421 0 0.0338911)
(39.7385 0 0.0321871)
(39.7344 0 0.0238992)
(39.7309 0 0.0136165)
(39.735 0 0.00537465)
(39.7411 0 -0.0157783)
(39.7448 0 -0.0276326)
(39.751 0 -0.0382303)
(39.7563 0 -0.0368191)
(39.7631 0 -0.0289456)
(39.7703 0 -0.0135644)
(39.78 0 0.00347467)
(39.7907 0 0.0177086)
(39.8014 0 0.0280985)
(39.8134 0 0.0332012)
(39.8271 0 0.0304168)
(39.8417 0 0.0213527)
(39.8598 0 0.00875102)
(39.8851 0 -0.00487274)
(39.9196 0 -0.0159568)
(39.9613 0 -0.0218856)
(40.0022 0 -0.0230075)
(40.0443 0 -0.0189227)
(39.813 0 -1.15193)
(39.7516 0 -1.05874)
(39.7032 0 -0.95603)
(39.6689 0 -0.848976)
(39.6501 0 -0.742967)
(39.6445 0 -0.642598)
(39.6477 0 -0.551941)
(39.6541 0 -0.472696)
(39.659 0 -0.403467)
(39.6609 0 -0.342114)
(39.6608 0 -0.287172)
(39.6614 0 -0.23697)
(39.6667 0 -0.192358)
(39.6775 0 -0.156235)
(39.6929 0 -0.127661)
(39.7118 0 -0.105674)
(39.7315 0 -0.0886212)
(39.7507 0 -0.0721167)
(39.7668 0 -0.0585998)
(39.7795 0 -0.0424411)
(39.7905 0 -0.0292441)
(39.7969 0 -0.0194263)
(39.799 0 -0.0106616)
(39.7999 0 -0.00246473)
(39.796 0 0.000798593)
(39.7869 0 0.0111322)
(39.7788 0 0.0202734)
(39.7722 0 0.0281099)
(39.7666 0 0.0295798)
(39.7604 0 0.025179)
(39.7549 0 0.0184687)
(39.7565 0 0.0128889)
(39.76 0 -0.00674986)
(39.7611 0 -0.0187216)
(39.7644 0 -0.0311687)
(39.7668 0 -0.0328248)
(39.7702 0 -0.0286666)
(39.7737 0 -0.0167336)
(39.7793 0 -0.00206499)
(39.7856 0 0.011263)
(39.7917 0 0.022333)
(39.7986 0 0.0295785)
(39.8068 0 0.029863)
(39.8148 0 0.0241659)
(39.823 0 0.0144128)
(39.8323 0 0.00219491)
(39.8435 0 -0.00976882)
(39.8603 0 -0.019136)
(39.8802 0 -0.0247515)
(39.9283 0 -0.0267896)
(39.9411 0 -1.04493)
(39.882 0 -0.974018)
(39.8307 0 -0.894052)
(39.7888 0 -0.807674)
(39.7584 0 -0.71861)
(39.7391 0 -0.630952)
(39.7285 0 -0.548371)
(39.7227 0 -0.473304)
(39.7181 0 -0.406184)
(39.7133 0 -0.345897)
(39.7084 0 -0.291308)
(39.7055 0 -0.241302)
(39.7073 0 -0.196379)
(39.7153 0 -0.158587)
(39.7285 0 -0.127642)
(39.7458 0 -0.103548)
(39.7649 0 -0.0850901)
(39.7839 0 -0.0690086)
(39.8003 0 -0.0564259)
(39.8132 0 -0.0424036)
(39.824 0 -0.0309269)
(39.8302 0 -0.0224463)
(39.8322 0 -0.0149617)
(39.8327 0 -0.00815312)
(39.8285 0 -0.00578232)
(39.8192 0 0.00322292)
(39.8103 0 0.0121968)
(39.8027 0 0.0208139)
(39.7959 0 0.0243051)
(39.7884 0 0.0227599)
(39.7816 0 0.0189571)
(39.7816 0 0.0158722)
(39.7833 0 -0.00157546)
(39.7828 0 -0.0126306)
(39.7842 0 -0.025451)
(39.7845 0 -0.028608)
(39.7856 0 -0.0267334)
(39.7866 0 -0.0171775)
(39.7893 0 -0.00431756)
(39.7925 0 0.00816239)
(39.7952 0 0.0194782)
(39.7984 0 0.0280809)
(39.8027 0 0.0304886)
(39.8066 0 0.027285)
(39.8103 0 0.0198792)
(39.8146 0 0.00935086)
(39.8188 0 -0.00213915)
(39.8241 0 -0.0125575)
(39.8271 0 -0.0205313)
(39.845 0 -0.0277826)
(40.0494 0 -0.926518)
(39.9942 0 -0.874814)
(39.9432 0 -0.81519)
(39.8976 0 -0.748877)
(39.8598 0 -0.677977)
(39.8304 0 -0.605488)
(39.8082 0 -0.534273)
(39.7912 0 -0.466886)
(39.7772 0 -0.404519)
(39.765 0 -0.347161)
(39.7546 0 -0.294323)
(39.7475 0 -0.245444)
(39.7456 0 -0.200845)
(39.75 0 -0.16204)
(39.7604 0 -0.129562)
(39.7759 0 -0.103264)
(39.794 0 -0.0827727)
(39.8126 0 -0.0660787)
(39.829 0 -0.0534464)
(39.8423 0 -0.0408026)
(39.853 0 -0.0307837)
(39.8594 0 -0.0236289)
(39.8616 0 -0.0174418)
(39.8622 0 -0.012113)
(39.8582 0 -0.0107404)
(39.8493 0 -0.00343765)
(39.8403 0 0.00478364)
(39.8323 0 0.0133769)
(39.8249 0 0.0179933)
(39.8167 0 0.0185553)
(39.8093 0 0.0171892)
(39.8083 0 0.016457)
(39.8089 0 0.00154218)
(39.8075 0 -0.00793913)
(39.8078 0 -0.020197)
(39.8069 0 -0.0239333)
(39.8067 0 -0.0235213)
(39.806 0 -0.0158361)
(39.8069 0 -0.00467215)
(39.8079 0 0.00668524)
(39.8083 0 0.0176302)
(39.809 0 0.0267757)
(39.8106 0 0.030433)
(39.8116 0 0.0289407)
(39.8124 0 0.0233563)
(39.8135 0 0.01435)
(39.8145 0 0.0038066)
(39.8158 0 -0.00649593)
(39.8161 0 -0.0152043)
(39.8193 0 -0.0246616)
(40.1359 0 -0.799826)
(40.0859 0 -0.764565)
(40.0376 0 -0.722883)
(39.9919 0 -0.675035)
(39.9507 0 -0.622134)
(39.9149 0 -0.565826)
(39.8845 0 -0.508187)
(39.8585 0 -0.451163)
(39.836 0 -0.396154)
(39.8167 0 -0.34382)
(39.8005 0 -0.294339)
(39.7887 0 -0.247686)
(39.7825 0 -0.20431)
(39.7831 0 -0.165347)
(39.7904 0 -0.131442)
(39.8032 0 -0.103352)
(39.8196 0 -0.0810377)
(39.8373 0 -0.0633467)
(39.8535 0 -0.0501532)
(39.867 0 -0.0383484)
(39.8778 0 -0.0293616)
(39.8845 0 -0.0232185)
(39.8872 0 -0.0182084)
(39.888 0 -0.0142397)
(39.8845 0 -0.0137831)
(39.8764 0 -0.0083187)
(39.8678 0 -0.00132935)
(39.8599 0 0.00655321)
(39.8523 0 0.0115739)
(39.8439 0 0.0135395)
(39.8363 0 0.0141571)
(39.8348 0 0.0154266)
(39.8349 0 0.00324206)
(39.8331 0 -0.00437468)
(39.8329 0 -0.0154589)
(39.8315 0 -0.0191737)
(39.8306 0 -0.0196802)
(39.8291 0 -0.0135452)
(39.8288 0 -0.00404727)
(39.8286 0 0.00591257)
(39.8275 0 0.0159597)
(39.8266 0 0.0249727)
(39.8264 0 0.0291979)
(39.8256 0 0.0288229)
(39.8244 0 0.0246485)
(39.8234 0 0.017031)
(39.8222 0 0.00751406)
(39.8211 0 -0.00221297)
(39.8197 0 -0.010878)
(39.8181 0 -0.0208975)
(40.1984 0 -0.669377)
(40.155 0 -0.647815)
(40.1112 0 -0.621312)
(40.0682 0 -0.589705)
(40.0271 0 -0.553286)
(39.9889 0 -0.512819)
(39.9539 0 -0.469414)
(39.9221 0 -0.424345)
(39.8934 0 -0.378703)
(39.868 0 -0.333383)
(39.8465 0 -0.288963)
(39.8298 0 -0.245861)
(39.8194 0 -0.204664)
(39.8159 0 -0.166412)
(39.8193 0 -0.132262)
(39.8291 0 -0.102939)
(39.8432 0 -0.0789602)
(39.8592 0 -0.0600303)
(39.8746 0 -0.0459284)
(39.888 0 -0.0344826)
(39.8987 0 -0.0262937)
(39.9056 0 -0.0211044)
(39.9088 0 -0.0172529)
(39.91 0 -0.0146913)
(39.9073 0 -0.0151829)
(39.9002 0 -0.0116805)
(39.8922 0 -0.00624916)
(39.8847 0 0.000427517)
(39.8772 0 0.00523418)
(39.869 0 0.00804319)
(39.8617 0 0.0101967)
(39.86 0 0.013193)
(39.8599 0 0.00373891)
(39.8581 0 -0.00181556)
(39.8578 0 -0.0113384)
(39.8564 0 -0.0146483)
(39.8552 0 -0.0157158)
(39.8534 0 -0.010935)
(39.8527 0 -0.00310775)
(39.8517 0 0.00526042)
(39.8499 0 0.014048)
(39.8481 0 0.02247)
(39.8468 0 0.0268152)
(39.8449 0 0.0272011)
(39.8426 0 0.0242481)
(39.8404 0 0.0180088)
(39.8379 0 0.00982407)
(39.8353 0 0.0011197)
(39.8327 0 -0.00699521)
(39.8285 0 -0.0167348)
(40.2356 0 -0.540922)
(40.1996 0 -0.52992)
(40.1623 0 -0.515451)
(40.1244 0 -0.497064)
(40.0866 0 -0.474614)
(40.0496 0 -0.44821)
(40.0138 0 -0.418296)
(39.9797 0 -0.385413)
(39.9476 0 -0.350231)
(39.9183 0 -0.313456)
(39.8926 0 -0.275723)
(39.8718 0 -0.237655)
(39.8571 0 -0.200053)
(39.8494 0 -0.164031)
(39.8489 0 -0.130666)
(39.8548 0 -0.10123)
(39.8658 0 -0.0765679)
(39.8795 0 -0.0568768)
(39.8935 0 -0.0421171)
(39.9061 0 -0.0309025)
(39.9164 0 -0.0232623)
(39.9234 0 -0.0187453)
(39.9271 0 -0.0158306)
(39.9286 0 -0.0143881)
(39.9265 0 -0.0156058)
(39.9206 0 -0.0138477)
(39.9135 0 -0.0100552)
(39.9065 0 -0.00481301)
(39.8993 0 -0.000571415)
(39.8915 0 0.00266676)
(39.8845 0 0.00591564)
(39.8829 0 0.0102412)
(39.8827 0 0.00342437)
(39.8811 0 -4.99487e-06)
(39.881 0 -0.00774797)
(39.8799 0 -0.0104305)
(39.8788 0 -0.0118011)
(39.8771 0 -0.00822391)
(39.8762 0 -0.00206607)
(39.875 0 0.00457753)
(39.8729 0 0.0118203)
(39.8706 0 0.0192845)
(39.8688 0 0.0233855)
(39.8663 0 0.0242125)
(39.8634 0 0.0222909)
(39.8605 0 0.01745)
(39.8574 0 0.0106797)
(39.8541 0 0.00332339)
(39.8509 0 -0.0037763)
(39.8454 0 -0.0124609)
(40.2496 0 -0.419634)
(40.2215 0 -0.415958)
(40.1917 0 -0.41015)
(40.1604 0 -0.401654)
(40.1281 0 -0.390084)
(40.095 0 -0.375203)
(40.0617 0 -0.356958)
(40.0284 0 -0.335409)
(39.9959 0 -0.310758)
(39.9652 0 -0.283339)
(39.9373 0 -0.253591)
(39.9135 0 -0.222123)
(39.8954 0 -0.189735)
(39.8838 0 -0.157453)
(39.8791 0 -0.126667)
(39.881 0 -0.0985734)
(39.8884 0 -0.0742605)
(39.8991 0 -0.0544677)
(39.9109 0 -0.0393818)
(39.9222 0 -0.0282833)
(39.9318 0 -0.0209845)
(39.9386 0 -0.0169162)
(39.9424 0 -0.0147065)
(39.9442 0 -0.0141389)
(39.9428 0 -0.0158578)
(39.9379 0 -0.0155391)
(39.9317 0 -0.0132509)
(39.9254 0 -0.00944147)
(39.9186 0 -0.00592236)
(39.9113 0 -0.00250178)
(39.9048 0 0.00156967)
(39.9032 0 0.0069944)
(39.903 0 0.00269462)
(39.9017 0 0.00135257)
(39.9018 0 -0.0044946)
(39.9011 0 -0.00640826)
(39.9004 0 -0.00791178)
(39.8989 0 -0.00540372)
(39.8981 0 -0.000876591)
(39.8969 0 0.00399885)
(39.8948 0 0.00955643)
(39.8924 0 0.015844)
(39.8904 0 0.0194665)
(39.8878 0 0.0205282)
(39.8846 0 0.0195002)
(39.8816 0 0.0159904)
(39.8782 0 0.0107825)
(39.8746 0 0.00493564)
(39.8712 0 -0.000936964)
(39.8653 0 -0.0082516)
(40.2432 0 -0.309967)
(40.2228 0 -0.31069)
(40.2006 0 -0.310349)
(40.1766 0 -0.30843)
(40.151 0 -0.304501)
(40.1239 0 -0.298187)
(40.0953 0 -0.289178)
(40.0657 0 -0.277211)
(40.0357 0 -0.262148)
(40.0061 0 -0.243959)
(39.9782 0 -0.222788)
(39.9535 0 -0.198997)
(39.9332 0 -0.173211)
(39.9184 0 -0.146461)
(39.9101 0 -0.119803)
(39.908 0 -0.0945262)
(39.9114 0 -0.0719295)
(39.9185 0 -0.0529968)
(39.9276 0 -0.0382361)
(39.9369 0 -0.0274201)
(39.9452 0 -0.0203274)
(39.9514 0 -0.0164064)
(39.9552 0 -0.0145235)
(39.9571 0 -0.0143788)
(39.9561 0 -0.0161947)
(39.9522 0 -0.0167976)
(39.9469 0 -0.0156708)
(39.9412 0 -0.0130816)
(39.9349 0 -0.0102124)
(39.928 0 -0.00675209)
(39.922 0 -0.00209102)
(39.9204 0 0.00408416)
(39.9201 0 0.00207303)
(39.9192 0 0.002534)
(39.9196 0 -0.00143209)
(39.9193 0 -0.00259696)
(39.9188 0 -0.00413701)
(39.9177 0 -0.00263078)
(39.9172 0 0.000343476)
(39.9162 0 0.00346304)
(39.9142 0 0.00728784)
(39.9119 0 0.0122653)
(39.9101 0 0.015251)
(39.9075 0 0.0163824)
(39.9044 0 0.0160903)
(39.9014 0 0.0138234)
(39.8981 0 0.0100794)
(39.8946 0 0.00580608)
(39.8912 0 0.0013092)
(39.8856 0 -0.00432231)
(40.2227 0 -0.216636)
(40.2087 0 -0.219472)
(40.1931 0 -0.221972)
(40.176 0 -0.223741)
(40.1571 0 -0.224415)
(40.1364 0 -0.223637)
(40.1138 0 -0.221032)
(40.0896 0 -0.216228)
(40.0641 0 -0.208888)
(40.038 0 -0.198755)
(40.0124 0 -0.185698)
(39.9886 0 -0.169792)
(39.9679 0 -0.151438)
(39.9516 0 -0.131194)
(39.9405 0 -0.109997)
(39.935 0 -0.0889922)
(39.9345 0 -0.0694457)
(39.938 0 -0.0524492)
(39.9439 0 -0.0387107)
(39.9508 0 -0.0283947)
(39.9574 0 -0.0214372)
(39.9627 0 -0.0174406)
(39.9661 0 -0.0155536)
(39.9678 0 -0.0154476)
(39.9672 0 -0.0170184)
(39.9641 0 -0.0180395)
(39.9595 0 -0.0176605)
(39.9543 0 -0.0159737)
(39.9485 0 -0.0136323)
(39.9421 0 -0.0101953)
(39.9365 0 -0.00516434)
(39.9349 0 0.00147318)
(39.9345 0 0.00139851)
(39.9338 0 0.00333111)
(39.9343 0 0.00104401)
(39.9343 0 0.000556553)
(39.9342 0 -0.000950789)
(39.9334 0 -0.000271427)
(39.9331 0 0.00134489)
(39.9324 0 0.0029105)
(39.9306 0 0.00515863)
(39.9286 0 0.00890766)
(39.9269 0 0.0112727)
(39.9245 0 0.0124343)
(39.9216 0 0.0127994)
(39.9188 0 0.0116682)
(39.9157 0 0.0093753)
(39.9125 0 0.00660484)
(39.9092 0 0.00343544)
(39.9042 0 -0.00059414)
(40.1933 0 -0.142724)
(40.1844 0 -0.146211)
(40.1743 0 -0.149773)
(40.1628 0 -0.153142)
(40.1498 0 -0.156064)
(40.1351 0 -0.15827)
(40.1185 0 -0.159449)
(40.1 0 -0.159251)
(40.0799 0 -0.157311)
(40.0587 0 -0.153267)
(40.037 0 -0.146831)
(40.0159 0 -0.137869)
(39.9967 0 -0.126372)
(39.9805 0 -0.112672)
(39.9683 0 -0.0973454)
(39.9605 0 -0.0813097)
(39.957 0 -0.0656063)
(39.9571 0 -0.051278)
(39.9599 0 -0.0391119)
(39.9642 0 -0.0295601)
(39.9688 0 -0.0227918)
(39.9727 0 -0.0186288)
(39.9754 0 -0.0165245)
(39.9767 0 -0.0161519)
(39.9761 0 -0.0172467)
(39.9735 0 -0.018277)
(39.9695 0 -0.0183206)
(39.9648 0 -0.0172743)
(39.9594 0 -0.0153909)
(39.9534 0 -0.0121285)
(39.9483 0 -0.00706806)
(39.9465 0 -0.000447287)
(39.946 0 0.000909046)
(39.9454 0 0.00384112)
(39.9459 0 0.00295135)
(39.9462 0 0.00300858)
(39.9463 0 0.00159114)
(39.9459 0 0.00169262)
(39.9459 0 0.00221407)
(39.9454 0 0.00254608)
(39.944 0 0.00347635)
(39.9423 0 0.00613094)
(39.9408 0 0.00791068)
(39.9387 0 0.00903132)
(39.9361 0 0.00989309)
(39.9335 0 0.00969914)
(39.9308 0 0.00856142)
(39.928 0 0.0070852)
(39.925 0 0.00508883)
(39.9208 0 0.00252684)
(40.1602 0 -0.0870688)
(40.155 0 -0.090291)
(40.149 0 -0.0937868)
(40.142 0 -0.0973891)
(40.1339 0 -0.100944)
(40.1243 0 -0.10428)
(40.113 0 -0.107177)
(40.1 0 -0.109371)
(40.0853 0 -0.110553)
(40.0693 0 -0.11039)
(40.0523 0 -0.108561)
(40.0352 0 -0.104778)
(40.0189 0 -0.0989034)
(40.0043 0 -0.0909511)
(39.9922 0 -0.0812537)
(39.9833 0 -0.0703331)
(39.9776 0 -0.0589593)
(39.975 0 -0.0479296)
(39.9749 0 -0.0380093)
(39.9765 0 -0.029784)
(39.9789 0 -0.0236103)
(39.9813 0 -0.0195104)
(39.9829 0 -0.0172314)
(39.9837 0 -0.0165083)
(39.983 0 -0.017062)
(39.9808 0 -0.0178652)
(39.9773 0 -0.0180768)
(39.9731 0 -0.0174566)
(39.9682 0 -0.0159681)
(39.9627 0 -0.0130232)
(39.958 0 -0.00823721)
(39.9561 0 -0.00201067)
(39.9553 0 0.000274015)
(39.9547 0 0.00375286)
(39.9551 0 0.00392218)
(39.9556 0 0.00442483)
(39.9558 0 0.003211)
(39.9557 0 0.00300738)
(39.9559 0 0.00279926)
(39.9557 0 0.00228917)
(39.9546 0 0.00225196)
(39.9532 0 0.00404652)
(39.9521 0 0.00534528)
(39.9502 0 0.00639523)
(39.948 0 0.00760918)
(39.9458 0 0.00812062)
(39.9434 0 0.00793268)
(39.941 0 0.00745683)
(39.9385 0 0.00637999)
(39.9351 0 0.00494887)
(40.1285 0 -0.0485671)
(40.1256 0 -0.0511768)
(40.1221 0 -0.0540982)
(40.118 0 -0.0572302)
(40.113 0 -0.0604929)
(40.107 0 -0.0637955)
(40.0997 0 -0.0670131)
(40.0911 0 -0.0699795)
(40.0811 0 -0.0724854)
(40.0697 0 -0.0742746)
(40.0574 0 -0.075068)
(40.0446 0 -0.0745947)
(40.0319 0 -0.0726143)
(40.02 0 -0.0690429)
(40.0095 0 -0.0638951)
(40.001 0 -0.057437)
(39.9947 0 -0.0500752)
(39.9907 0 -0.0423794)
(39.9888 0 -0.0349624)
(39.9883 0 -0.0284114)
(39.9888 0 -0.0231255)
(39.9896 0 -0.0192998)
(39.9901 0 -0.0169137)
(39.99 0 -0.0158501)
(39.989 0 -0.0158825)
(39.9868 0 -0.0163607)
(39.9836 0 -0.0166026)
(39.9797 0 -0.0162992)
(39.9751 0 -0.0152168)
(39.97 0 -0.0127608)
(39.9656 0 -0.00857287)
(39.9634 0 -0.00309388)
(39.9624 0 -0.000355721)
(39.9617 0 0.00326748)
(39.962 0 0.00424495)
(39.9624 0 0.00513866)
(39.9628 0 0.00430256)
(39.9629 0 0.00406574)
(39.9634 0 0.00350525)
(39.9634 0 0.00252692)
(39.9627 0 0.00186606)
(39.9616 0 0.00296682)
(39.9607 0 0.0038034)
(39.9592 0 0.00467009)
(39.9572 0 0.00598049)
(39.9554 0 0.00685477)
(39.9534 0 0.0071915)
(39.9513 0 0.00737146)
(39.9491 0 0.00694382)
(39.9466 0 0.00634961)
(40.0995 0 -0.0232867)
(40.0983 0 -0.0252655)
(40.0967 0 -0.0275304)
(40.0948 0 -0.0300103)
(40.0923 0 -0.0326628)
(40.089 0 -0.0354443)
(40.0847 0 -0.0382907)
(40.0794 0 -0.0411109)
(40.0729 0 -0.0437814)
(40.0655 0 -0.0461373)
(40.0571 0 -0.0479865)
(40.0481 0 -0.0491148)
(40.039 0 -0.0493281)
(40.03 0 -0.0484583)
(40.0216 0 -0.0464418)
(40.0143 0 -0.0433138)
(40.0083 0 -0.0392743)
(40.0036 0 -0.0346269)
(40.0003 0 -0.0297948)
(39.9982 0 -0.0251889)
(39.997 0 -0.0211702)
(39.9962 0 -0.0180166)
(39.9956 0 -0.0158596)
(39.9946 0 -0.0147013)
(39.9931 0 -0.0144091)
(39.9909 0 -0.0146121)
(39.9879 0 -0.0148171)
(39.9844 0 -0.014701)
(39.9802 0 -0.0139497)
(39.9757 0 -0.011994)
(39.9717 0 -0.00850837)
(39.9695 0 -0.00387498)
(39.9682 0 -0.000991722)
(39.9674 0 0.00255501)
(39.9675 0 0.00410568)
(39.968 0 0.00534893)
(39.9684 0 0.00496731)
(39.9687 0 0.00487606)
(39.9693 0 0.00422448)
(39.9696 0 0.00303981)
(39.9691 0 0.00197884)
(39.9684 0 0.00249971)
(39.9678 0 0.00287318)
(39.9666 0 0.00343142)
(39.965 0 0.00462014)
(39.9635 0 0.00557895)
(39.9619 0 0.00619718)
(39.9602 0 0.00674511)
(39.9584 0 0.00674544)
(39.9566 0 0.00674152)
(40.0756 0 -0.0071362)
(40.0751 0 -0.00848469)
(40.0744 0 -0.0100578)
(40.0735 0 -0.0118057)
(40.0723 0 -0.0137104)
(40.0706 0 -0.0157601)
(40.0683 0 -0.0179304)
(40.0653 0 -0.0201826)
(40.0615 0 -0.0224567)
(40.0569 0 -0.0246639)
(40.0515 0 -0.0266932)
(40.0456 0 -0.0284063)
(40.0394 0 -0.0296617)
(40.0332 0 -0.0303249)
(40.0271 0 -0.0302872)
(40.0215 0 -0.0295159)
(40.0165 0 -0.0280228)
(40.0123 0 -0.0259336)
(40.0088 0 -0.023433)
(40.0061 0 -0.0207548)
(40.0041 0 -0.0181877)
(40.0024 0 -0.0159862)
(40.0008 0 -0.014333)
(39.9992 0 -0.013301)
(39.9972 0 -0.0128809)
(39.9948 0 -0.0128845)
(39.9919 0 -0.0130066)
(39.9884 0 -0.0129727)
(39.9845 0 -0.0124587)
(39.9804 0 -0.010955)
(39.9767 0 -0.00816635)
(39.9743 0 -0.00439578)
(39.9728 0 -0.00158445)
(39.9719 0 0.00171907)
(39.9718 0 0.00365899)
(39.9721 0 0.00519865)
(39.9726 0 0.00532173)
(39.973 0 0.00550069)
(39.9737 0 0.00495605)
(39.9742 0 0.00377042)
(39.9741 0 0.00253418)
(39.9737 0 0.00256238)
(39.9734 0 0.00249586)
(39.9725 0 0.00266047)
(39.9712 0 0.00355373)
(39.97 0 0.00438709)
(39.9687 0 0.00501335)
(39.9674 0 0.00572281)
(39.9658 0 0.00599581)
(39.9648 0 0.00642284)
(40.0562 0 0.00193001)
(40.0561 0 0.0011167)
(40.0558 0 0.000163501)
(40.0555 0 -0.000900117)
(40.055 0 -0.00207444)
(40.0542 0 -0.00337041)
(40.053 0 -0.00479366)
(40.0514 0 -0.00634429)
(40.0492 0 -0.00800488)
(40.0466 0 -0.0097397)
(40.0434 0 -0.0114926)
(40.0399 0 -0.0131855)
(40.0361 0 -0.0147292)
(40.0322 0 -0.0160225)
(40.0283 0 -0.0169779)
(40.0244 0 -0.0175126)
(40.0208 0 -0.0175859)
(40.0175 0 -0.0172008)
(40.0144 0 -0.0164035)
(40.0117 0 -0.015327)
(40.0091 0 -0.0141344)
(40.0068 0 -0.0130017)
(40.0045 0 -0.0120694)
(40.0022 0 -0.0114535)
(39.9998 0 -0.0111822)
(39.9972 0 -0.0111901)
(39.9942 0 -0.0113055)
(39.991 0 -0.0113239)
(39.9875 0 -0.0109226)
(39.9839 0 -0.00975821)
(39.9806 0 -0.00754737)
(39.9783 0 -0.0045231)
(39.9767 0 -0.00189341)
(39.9758 0 0.00109673)
(39.9755 0 0.00323029)
(39.9758 0 0.00494503)
(39.9762 0 0.00548122)
(39.9768 0 0.00589576)
(39.9776 0 0.00550619)
(39.9782 0 0.00439826)
(39.9784 0 0.00307937)
(39.9784 0 0.00270225)
(39.9783 0 0.00223678)
(39.9778 0 0.00198772)
(39.9768 0 0.00251947)
(39.9759 0 0.00312615)
(39.9749 0 0.003686)
(39.9739 0 0.00443947)
(39.9726 0 0.00489214)
(39.9722 0 0.00567938)
(40.0413 0 0.00684701)
(40.0413 0 0.0064498)
(40.0412 0 0.00597248)
(40.0411 0 0.00543211)
(40.0409 0 0.00482037)
(40.0404 0 0.00411943)
(40.0398 0 0.00331277)
(40.0389 0 0.00238498)
(40.0376 0 0.00133058)
(40.0361 0 0.000153694)
(40.0342 0 -0.00112623)
(40.0321 0 -0.00247503)
(40.0298 0 -0.00384594)
(40.0275 0 -0.0051796)
(40.0252 0 -0.00641415)
(40.0229 0 -0.00748228)
(40.0206 0 -0.00833452)
(40.0184 0 -0.00892848)
(40.0161 0 -0.00926582)
(40.0139 0 -0.00937837)
(40.0116 0 -0.00932397)
(40.0093 0 -0.00917388)
(40.007 0 -0.00902627)
(40.0045 0 -0.00895073)
(40.002 0 -0.0089917)
(39.9994 0 -0.00913545)
(39.9965 0 -0.00929507)
(39.9935 0 -0.0092934)
(39.9904 0 -0.0089744)
(39.9872 0 -0.00807691)
(39.9842 0 -0.00640705)
(39.982 0 -0.00408969)
(39.9804 0 -0.00182541)
(39.9793 0 0.000712101)
(39.979 0 0.00278159)
(39.9791 0 0.00449638)
(39.9796 0 0.00530789)
(39.9802 0 0.00589829)
(39.9811 0 0.00569072)
(39.9819 0 0.00476909)
(39.9824 0 0.00352916)
(39.9826 0 0.00289733)
(39.9829 0 0.00216788)
(39.9826 0 0.00161198)
(39.982 0 0.00181586)
(39.9813 0 0.00218187)
(39.9806 0 0.00260952)
(39.9799 0 0.00335201)
(39.9789 0 0.00392409)
(39.9789 0 0.00496795)
(40.0303 0 0.00883025)
(40.0303 0 0.008682)
(40.0302 0 0.0084843)
(40.0301 0 0.00825416)
(40.0298 0 0.00798717)
(40.0294 0 0.00767065)
(40.0289 0 0.00728985)
(40.0282 0 0.00682912)
(40.0274 0 0.00627649)
(40.0264 0 0.0056244)
(40.0254 0 0.00487293)
(40.0243 0 0.00402965)
(40.0232 0 0.00310877)
(40.0221 0 0.00213191)
(40.021 0 0.00112396)
(40.0199 0 0.000115603)
(40.0188 0 -0.000864543)
(40.0176 0 -0.00178711)
(40.0161 0 -0.00263534)
(40.0145 0 -0.00339539)
(40.0127 0 -0.00406263)
(40.0107 0 -0.00465913)
(40.0084 0 -0.00520537)
(40.006 0 -0.00572203)
(40.0035 0 -0.00622096)
(40.0009 0 -0.0066776)
(39.9982 0 -0.00700661)
(39.9955 0 -0.00716469)
(39.9926 0 -0.00703521)
(39.9898 0 -0.00645827)
(39.9873 0 -0.00527343)
(39.9852 0 -0.00356507)
(39.9837 0 -0.00171006)
(39.9827 0 0.000398556)
(39.9823 0 0.00230152)
(39.9824 0 0.00395598)
(39.9828 0 0.00495088)
(39.9834 0 0.00568919)
(39.9844 0 0.00569232)
(39.9853 0 0.00502266)
(39.986 0 0.00395537)
(39.9865 0 0.00320638)
(39.987 0 0.00231845)
(39.987 0 0.00152398)
(39.9867 0 0.00142859)
(39.9863 0 0.00153968)
(39.9858 0 0.00180288)
(39.9853 0 0.00244904)
(39.9845 0 0.00303876)
(39.9849 0 0.00422664)
(40.0217 0 0.00942088)
(40.0218 0 0.00943816)
(40.0219 0 0.00939464)
(40.022 0 0.00930947)
(40.0221 0 0.0091864)
(40.0221 0 0.00902525)
(40.0219 0 0.00882328)
(40.0216 0 0.008578)
(40.0211 0 0.0082854)
(40.0205 0 0.00794368)
(40.0198 0 0.00754886)
(40.019 0 0.00709985)
(40.0183 0 0.00659299)
(40.0176 0 0.0060272)
(40.0169 0 0.00539887)
(40.0163 0 0.00470684)
(40.0157 0 0.00395051)
(40.015 0 0.00313432)
(40.0142 0 0.00226509)
(40.0132 0 0.00136081)
(40.0119 0 0.000435078)
(40.0104 0 -0.00049468)
(40.0087 0 -0.00140117)
(40.0068 0 -0.00226556)
(40.0048 0 -0.00305379)
(40.0027 0 -0.00371244)
(40.0004 0 -0.00423192)
(39.9981 0 -0.0045699)
(39.9957 0 -0.00465129)
(39.9932 0 -0.00436192)
(39.991 0 -0.00362127)
(39.9891 0 -0.00246535)
(39.9876 0 -0.00109509)
(39.9865 0 0.000507868)
(39.986 0 0.00208631)
(39.986 0 0.00352867)
(39.9863 0 0.00454859)
(39.9868 0 0.00532118)
(39.9877 0 0.005498)
(39.9887 0 0.00508362)
(39.9895 0 0.00424822)
(39.9902 0 0.00349143)
(39.9909 0 0.00256575)
(39.9911 0 0.00165037)
(39.991 0 0.00131402)
(39.9908 0 0.00120665)
(39.9904 0 0.00129155)
(39.9902 0 0.00180707)
(39.9895 0 0.00235609)
(39.99 0 0.00358094)
(40.0156 0 0.00955034)
(40.0156 0 0.00968967)
(40.0156 0 0.00979196)
(40.0156 0 0.00986782)
(40.0157 0 0.00991668)
(40.0158 0 0.00993569)
(40.0159 0 0.00992014)
(40.016 0 0.0098666)
(40.0161 0 0.00977019)
(40.0161 0 0.00962819)
(40.016 0 0.00943617)
(40.0159 0 0.00919132)
(40.0157 0 0.00888782)
(40.0155 0 0.00851993)
(40.0151 0 0.0080796)
(40.0148 0 0.00755827)
(40.0143 0 0.00694809)
(40.0138 0 0.00624318)
(40.0131 0 0.00544376)
(40.0122 0 0.00455735)
(40.0112 0 0.00359656)
(40.01 0 0.00259228)
(40.0085 0 0.00157245)
(40.007 0 0.000577257)
(40.0053 0 -0.000348486)
(40.0035 0 -0.00118242)
(40.0017 0 -0.00189765)
(39.9997 0 -0.00243918)
(39.9977 0 -0.00274789)
(39.9957 0 -0.00275228)
(39.9938 0 -0.00240013)
(39.9922 0 -0.00171589)
(39.9909 0 -0.000752889)
(39.99 0 0.000453675)
(39.9895 0 0.00176895)
(39.9894 0 0.00305356)
(39.9897 0 0.00410503)
(39.9903 0 0.00494181)
(39.9911 0 0.00531478)
(39.992 0 0.00517063)
(39.993 0 0.00459259)
(39.9938 0 0.00390411)
(39.9945 0 0.00299293)
(39.9949 0 0.00199641)
(39.995 0 0.00144436)
(39.9949 0 0.00111258)
(39.9946 0 0.000998489)
(39.9945 0 0.0013188)
(39.9939 0 0.00174307)
(39.9945 0 0.00290618)
(40.0108 0 0.00973426)
(40.011 0 0.00994211)
(40.0113 0 0.0101499)
(40.0116 0 0.0103643)
(40.012 0 0.0105798)
(40.0124 0 0.0107863)
(40.0127 0 0.0109727)
(40.0129 0 0.0111266)
(40.013 0 0.0112367)
(40.013 0 0.0112917)
(40.0129 0 0.0112823)
(40.0127 0 0.0111994)
(40.0125 0 0.0110359)
(40.0122 0 0.0107844)
(40.0119 0 0.0104385)
(40.0116 0 0.00999161)
(40.0112 0 0.00944004)
(40.0109 0 0.00877981)
(40.0104 0 0.00801482)
(40.0099 0 0.00715012)
(40.0093 0 0.00620247)
(40.0085 0 0.005192)
(40.0077 0 0.00414856)
(40.0067 0 0.00310237)
(40.0056 0 0.00208733)
(40.0044 0 0.00112901)
(40.003 0 0.000285439)
(40.0016 0 -0.000405682)
(40.0001 0 -0.000885771)
(39.9985 0 -0.00111302)
(39.997 0 -0.00105634)
(39.9956 0 -0.000691962)
(39.9944 0 -4.53996e-05)
(39.9935 0 0.000856392)
(39.993 0 0.00190595)
(39.9928 0 0.00299038)
(39.9929 0 0.003954)
(39.9934 0 0.0047522)
(39.994 0 0.00520631)
(39.9949 0 0.00523239)
(39.9958 0 0.00484513)
(39.9966 0 0.00423837)
(39.9974 0 0.00338353)
(39.9979 0 0.00237462)
(39.9981 0 0.0016747)
(39.9981 0 0.00117795)
(39.998 0 0.000894835)
(39.9979 0 0.00103626)
(39.9974 0 0.00132095)
(39.9981 0 0.00235983)
(40.0078 0 0.00921954)
(40.0077 0 0.00948041)
(40.0077 0 0.00974141)
(40.0077 0 0.0100043)
(40.0078 0 0.0102613)
(40.0079 0 0.0105014)
(40.008 0 0.010714)
(40.0081 0 0.0108881)
(40.0082 0 0.0110154)
(40.0083 0 0.0110877)
(40.0083 0 0.0111003)
(40.0083 0 0.0110482)
(40.0083 0 0.0109289)
(40.0083 0 0.010739)
(40.0082 0 0.0104765)
(40.0081 0 0.0101387)
(40.008 0 0.00972482)
(40.0079 0 0.00923337)
(40.0077 0 0.00866598)
(40.0075 0 0.00802487)
(40.0073 0 0.00731765)
(40.0069 0 0.00655336)
(40.0065 0 0.00574673)
(40.0059 0 0.00491509)
(40.0053 0 0.00407351)
(40.0046 0 0.003258)
(40.0037 0 0.00248737)
(40.0027 0 0.00181279)
(40.0016 0 0.00126226)
(40.0004 0 0.000888458)
(39.9992 0 0.000733768)
(39.9981 0 0.000830936)
(39.9971 0 0.00118113)
(39.9964 0 0.00175404)
(39.9959 0 0.00249429)
(39.9956 0 0.00329844)
(39.9957 0 0.00408873)
(39.996 0 0.00477287)
(39.9966 0 0.00521086)
(39.9973 0 0.00531368)
(39.9981 0 0.00504744)
(39.999 0 0.00451185)
(39.9998 0 0.00371358)
(40.0004 0 0.00271497)
(40.0006 0 0.00191115)
(40.0008 0 0.00128039)
(40.0007 0 0.000852991)
(40.0007 0 0.000816133)
(40.0004 0 0.000945629)
(40.0009 0 0.00185128)
(40.0056 0 0.00836577)
(40.0056 0 0.00859555)
(40.0056 0 0.00880802)
(40.0057 0 0.009013)
(40.0058 0 0.00921087)
(40.0059 0 0.00939769)
(40.006 0 0.00956871)
(40.006 0 0.00971772)
(40.006 0 0.00983921)
(40.006 0 0.00992699)
(40.006 0 0.00997643)
(40.006 0 0.00998268)
(40.006 0 0.0099427)
(40.0061 0 0.0098532)
(40.0061 0 0.00971239)
(40.0062 0 0.00951821)
(40.0062 0 0.00926885)
(40.0062 0 0.00896238)
(40.0062 0 0.00859768)
(40.0062 0 0.00817375)
(40.0062 0 0.00769158)
(40.0061 0 0.00715303)
(40.0059 0 0.00656493)
(40.0056 0 0.00593463)
(40.0053 0 0.00527941)
(40.0049 0 0.00460598)
(40.0043 0 0.00394703)
(40.0037 0 0.00331852)
(40.0029 0 0.0027782)
(40.0021 0 0.00236209)
(40.0012 0 0.00211894)
(40.0004 0 0.00206848)
(39.9996 0 0.00221769)
(39.999 0 0.00255946)
(39.9985 0 0.00304173)
(39.9982 0 0.00363326)
(39.9982 0 0.00424769)
(39.9984 0 0.00478905)
(39.9987 0 0.00514772)
(39.9993 0 0.00524901)
(40 0 0.00504748)
(40.0008 0 0.00458644)
(40.0015 0 0.00387415)
(40.0021 0 0.00295283)
(40.0025 0 0.00212875)
(40.0026 0 0.00143973)
(40.0027 0 0.00092251)
(40.0027 0 0.00075204)
(40.0025 0 0.000752017)
(40.003 0 0.00148992)
(40.0037 0 0.00735563)
(40.0037 0 0.00758699)
(40.0036 0 0.00780818)
(40.0036 0 0.00802216)
(40.0036 0 0.00822735)
(40.0036 0 0.00842046)
(40.0037 0 0.00859812)
(40.0038 0 0.00875688)
(40.0039 0 0.00889379)
(40.0041 0 0.00900615)
(40.0042 0 0.00909165)
(40.0044 0 0.00914811)
(40.0045 0 0.00917347)
(40.0047 0 0.00916566)
(40.0048 0 0.00912224)
(40.005 0 0.00904069)
(40.0051 0 0.00891837)
(40.0052 0 0.00875261)
(40.0053 0 0.00854012)
(40.0054 0 0.00827807)
(40.0055 0 0.00796425)
(40.0055 0 0.00759736)
(40.0054 0 0.00717881)
(40.0054 0 0.00671223)
(40.0052 0 0.00620542)
(40.005 0 0.00567183)
(40.0047 0 0.00512445)
(40.0043 0 0.00459729)
(40.0039 0 0.00410747)
(40.0034 0 0.00369954)
(40.0028 0 0.0033892)
(40.0022 0 0.00320748)
(40.0017 0 0.00316978)
(40.0011 0 0.00327354)
(40.0007 0 0.00351623)
(40.0004 0 0.00385879)
(40.0003 0 0.00422779)
(40.0003 0 0.00455205)
(40.0005 0 0.00476936)
(40.001 0 0.0048143)
(40.0016 0 0.00464056)
(40.0022 0 0.00425071)
(40.0029 0 0.00363991)
(40.0035 0 0.0028318)
(40.0039 0 0.00204964)
(40.0042 0 0.00136249)
(40.0043 0 0.000823254)
(40.0043 0 0.000572934)
(40.0041 0 0.000490689)
(40.0046 0 0.00113045)
(40.0033 0 0.00642882)
(40.0034 0 0.00667853)
(40.0034 0 0.00692313)
(40.0036 0 0.00716079)
(40.0037 0 0.00738829)
(40.0038 0 0.00760279)
(40.0039 0 0.00780159)
(40.004 0 0.00798308)
(40.0041 0 0.00814579)
(40.0041 0 0.00828926)
(40.0042 0 0.00841285)
(40.0042 0 0.0085164)
(40.0043 0 0.00859913)
(40.0044 0 0.00866005)
(40.0045 0 0.00869734)
(40.0046 0 0.0087084)
(40.0047 0 0.00868959)
(40.0048 0 0.00863675)
(40.0048 0 0.00854499)
(40.0049 0 0.00840981)
(40.0049 0 0.0082267)
(40.005 0 0.00799302)
(40.005 0 0.0077071)
(40.005 0 0.00737036)
(40.005 0 0.00698841)
(40.0049 0 0.00656878)
(40.0048 0 0.00612822)
(40.0046 0 0.0056699)
(40.0044 0 0.00522111)
(40.0041 0 0.00478744)
(40.0038 0 0.00440982)
(40.0034 0 0.00410696)
(40.003 0 0.00390712)
(40.0026 0 0.0038164)
(40.0023 0 0.00383355)
(40.002 0 0.00391919)
(40.0018 0 0.00404221)
(40.0018 0 0.00416871)
(40.0019 0 0.00425638)
(40.0022 0 0.00425795)
(40.0027 0 0.00411989)
(40.0033 0 0.00382042)
(40.0039 0 0.00333857)
(40.0044 0 0.00268351)
(40.0049 0 0.00200375)
(40.0051 0 0.00137647)
(40.0053 0 0.000859525)
(40.0054 0 0.000568473)
(40.0053 0 0.000438719)
(40.0058 0 0.00094562)
(40.0031 0 0.00556741)
(40.0031 0 0.00575754)
(40.003 0 0.00594392)
(40.003 0 0.00612682)
(40.003 0 0.006305)
(40.003 0 0.00647689)
(40.0031 0 0.00664129)
(40.0031 0 0.00679706)
(40.0032 0 0.00694352)
(40.0033 0 0.00707979)
(40.0035 0 0.0072053)
(40.0036 0 0.00731882)
(40.0037 0 0.00741931)
(40.0038 0 0.0075047)
(40.0038 0 0.00757319)
(40.0039 0 0.00762179)
(40.0039 0 0.00764818)
(40.0039 0 0.00764887)
(40.0038 0 0.00762126)
(40.0038 0 0.00756205)
(40.0038 0 0.00746856)
(40.0038 0 0.0073382)
(40.0038 0 0.00716917)
(40.0038 0 0.0069608)
(40.0039 0 0.0067143)
(40.004 0 0.00643306)
(40.004 0 0.00612241)
(40.0041 0 0.00579214)
(40.0041 0 0.00544734)
(40.0041 0 0.00511104)
(40.004 0 0.00478672)
(40.0039 0 0.00450642)
(40.0038 0 0.00426724)
(40.0036 0 0.00408897)
(40.0034 0 0.00395674)
(40.0032 0 0.00387454)
(40.0031 0 0.00383475)
(40.003 0 0.00382626)
(40.0031 0 0.00382563)
(40.0033 0 0.00378986)
(40.0037 0 0.00367816)
(40.0041 0 0.00344163)
(40.0046 0 0.0030647)
(40.0051 0 0.00254372)
(40.0055 0 0.00196659)
(40.0058 0 0.00141297)
(40.006 0 0.000943231)
(40.0061 0 0.000643241)
(40.0061 0 0.000502142)
(40.0065 0 0.00093583)
(40.0023 0 0.00460969)
(40.0023 0 0.00474729)
(40.0024 0 0.00487805)
(40.0024 0 0.00500501)
(40.0026 0 0.00512926)
(40.0027 0 0.00525103)
(40.0028 0 0.00537036)
(40.0029 0 0.00548684)
(40.0029 0 0.0056)
(40.003 0 0.00570884)
(40.003 0 0.00581232)
(40.003 0 0.00590894)
(40.003 0 0.0059973)
(40.003 0 0.00607561)
(40.003 0 0.0061424)
(40.0031 0 0.00619584)
(40.0031 0 0.00623457)
(40.0032 0 0.00625692)
(40.0032 0 0.00626139)
(40.0033 0 0.00624621)
(40.0034 0 0.00620981)
(40.0034 0 0.00615033)
(40.0035 0 0.00606627)
(40.0036 0 0.00595608)
(40.0037 0 0.00581887)
(40.0039 0 0.00565434)
(40.004 0 0.00546459)
(40.0041 0 0.00525144)
(40.0042 0 0.00502513)
(40.0043 0 0.00478047)
(40.0043 0 0.00453634)
(40.0043 0 0.00428166)
(40.0042 0 0.00403807)
(40.0041 0 0.00380585)
(40.0039 0 0.00360838)
(40.0038 0 0.00345484)
(40.0037 0 0.00335673)
(40.0037 0 0.00330802)
(40.0038 0 0.00328813)
(40.004 0 0.00327106)
(40.0043 0 0.00320224)
(40.0047 0 0.00305095)
(40.0052 0 0.00279492)
(40.0057 0 0.00241889)
(40.0061 0 0.00196991)
(40.0064 0 0.00150887)
(40.0067 0 0.00109851)
(40.0068 0 0.000811636)
(40.0068 0 0.000673349)
(40.0073 0 0.000990277)
(40.0023 0 0.00369217)
(40.0023 0 0.00381836)
(40.0023 0 0.00393432)
(40.0023 0 0.00404208)
(40.0023 0 0.00414306)
(40.0023 0 0.00423848)
(40.0023 0 0.00432966)
(40.0023 0 0.00441799)
(40.0024 0 0.00450478)
(40.0024 0 0.00459122)
(40.0025 0 0.00467819)
(40.0025 0 0.00476625)
(40.0026 0 0.00485544)
(40.0027 0 0.00494539)
(40.0027 0 0.00503502)
(40.0028 0 0.00512288)
(40.0028 0 0.00520679)
(40.0028 0 0.0052843)
(40.0029 0 0.00535251)
(40.0029 0 0.00540851)
(40.0029 0 0.00544888)
(40.003 0 0.00547066)
(40.0031 0 0.00547061)
(40.0032 0 0.00544633)
(40.0034 0 0.00539494)
(40.0035 0 0.00531504)
(40.0037 0 0.00520509)
(40.0039 0 0.00506587)
(40.0041 0 0.00489892)
(40.0043 0 0.00470869)
(40.0044 0 0.00449867)
(40.0045 0 0.00427648)
(40.0045 0 0.00404847)
(40.0045 0 0.00383032)
(40.0046 0 0.00362683)
(40.0046 0 0.00345851)
(40.0046 0 0.00332724)
(40.0046 0 0.00323282)
(40.0047 0 0.00316877)
(40.0049 0 0.00310605)
(40.0051 0 0.00301707)
(40.0054 0 0.00288181)
(40.0058 0 0.00267068)
(40.0061 0 0.00236741)
(40.0065 0 0.00199196)
(40.0068 0 0.00159415)
(40.007 0 0.00123438)
(40.0072 0 0.000964939)
(40.0073 0 0.000841234)
(40.0077 0 0.00108439)
(40.0019 0 0.00278395)
(40.0019 0 0.0028869)
(40.0019 0 0.00298084)
(40.002 0 0.00306589)
(40.002 0 0.00314308)
(40.002 0 0.00321388)
(40.0021 0 0.00328003)
(40.0021 0 0.00334353)
(40.0021 0 0.00340629)
(40.0022 0 0.00347014)
(40.0022 0 0.00353655)
(40.0023 0 0.00360673)
(40.0023 0 0.00368143)
(40.0024 0 0.00376104)
(40.0025 0 0.00384536)
(40.0025 0 0.00393379)
(40.0026 0 0.00402505)
(40.0026 0 0.00411736)
(40.0027 0 0.00420836)
(40.0027 0 0.00429518)
(40.0027 0 0.00437486)
(40.0027 0 0.00444408)
(40.0027 0 0.00449954)
(40.0028 0 0.00453809)
(40.0029 0 0.00455666)
(40.003 0 0.00455299)
(40.0032 0 0.00452497)
(40.0033 0 0.00447224)
(40.0035 0 0.00439434)
(40.0037 0 0.00429319)
(40.0039 0 0.00417229)
(40.0041 0 0.0040358)
(40.0043 0 0.00389368)
(40.0044 0 0.00374324)
(40.0045 0 0.00359786)
(40.0046 0 0.00345622)
(40.0047 0 0.0033285)
(40.0048 0 0.00321786)
(40.005 0 0.00312014)
(40.0052 0 0.00301881)
(40.0054 0 0.00290678)
(40.0057 0 0.00276065)
(40.0061 0 0.00256163)
(40.0064 0 0.00229291)
(40.0068 0 0.00196817)
(40.0071 0 0.00162369)
(40.0074 0 0.00130108)
(40.0077 0 0.00105423)
(40.0078 0 0.000935573)
(40.0082 0 0.00107014)
(40.0016 0 0.00199195)
(40.0017 0 0.00204798)
(40.0017 0 0.0020976)
(40.0018 0 0.00214087)
(40.0018 0 0.00217875)
(40.0019 0 0.00221262)
(40.0019 0 0.00224419)
(40.0019 0 0.00227533)
(40.0019 0 0.00230784)
(40.0019 0 0.00234339)
(40.0019 0 0.00238329)
(40.002 0 0.00242848)
(40.002 0 0.00247944)
(40.0021 0 0.00253624)
(40.0021 0 0.00259846)
(40.0022 0 0.00266541)
(40.0022 0 0.00273601)
(40.0022 0 0.00280899)
(40.0022 0 0.0028829)
(40.0022 0 0.00295614)
(40.0022 0 0.00302711)
(40.0021 0 0.00309407)
(40.0021 0 0.0031554)
(40.0021 0 0.00320927)
(40.0022 0 0.00325381)
(40.0023 0 0.00328721)
(40.0025 0 0.00330729)
(40.0027 0 0.0033125)
(40.0029 0 0.00330094)
(40.0032 0 0.00327239)
(40.0034 0 0.00322641)
(40.0037 0 0.00316487)
(40.0039 0 0.00308977)
(40.0041 0 0.00300538)
(40.0043 0 0.00291375)
(40.0045 0 0.00282154)
(40.0047 0 0.00272699)
(40.0049 0 0.00263889)
(40.0051 0 0.00254559)
(40.0054 0 0.00245287)
(40.0056 0 0.00235033)
(40.0059 0 0.0022305)
(40.0062 0 0.00207599)
(40.0066 0 0.00187988)
(40.0069 0 0.0016494)
(40.0073 0 0.00140503)
(40.0076 0 0.00118046)
(40.0079 0 0.00100682)
(40.0081 0 0.000933577)
(40.0086 0 0.00102139)
(40.0007 0 0.00113347)
(40.0007 0 0.00115712)
(40.0007 0 0.00117717)
(40.0008 0 0.00119456)
(40.0009 0 0.00121004)
(40.0009 0 0.00122433)
(40.001 0 0.00123824)
(40.0011 0 0.00125255)
(40.0011 0 0.00126807)
(40.0012 0 0.00128548)
(40.0012 0 0.00130536)
(40.0013 0 0.00132808)
(40.0013 0 0.00135386)
(40.0014 0 0.00138274)
(40.0014 0 0.00141466)
(40.0014 0 0.00144943)
(40.0014 0 0.00148691)
(40.0014 0 0.00152693)
(40.0013 0 0.00156941)
(40.0013 0 0.00161433)
(40.0013 0 0.00166156)
(40.0012 0 0.001711)
(40.0013 0 0.00176219)
(40.0013 0 0.00181469)
(40.0014 0 0.00186727)
(40.0015 0 0.00191878)
(40.0016 0 0.00196705)
(40.0018 0 0.00201033)
(40.002 0 0.00204582)
(40.0023 0 0.00207168)
(40.0025 0 0.00208515)
(40.0028 0 0.00208501)
(40.003 0 0.00207081)
(40.0033 0 0.00204224)
(40.0035 0 0.00200419)
(40.0038 0 0.00195016)
(40.0041 0 0.00188974)
(40.0044 0 0.00181119)
(40.0046 0 0.00172391)
(40.0049 0 0.00162771)
(40.0053 0 0.00152717)
(40.0056 0 0.00141557)
(40.006 0 0.00128924)
(40.0064 0 0.00114792)
(40.0068 0 0.000996838)
(40.0073 0 0.000852291)
(40.0077 0 0.000724557)
(40.0081 0 0.000631837)
(40.0084 0 0.000608672)
(40.0089 0 0.000666314)
(39.9996 0 0.000388381)
(39.9996 0 0.000397812)
(39.9997 0 0.000405182)
(39.9997 0 0.000411627)
(39.9997 0 0.000417656)
(39.9998 0 0.000423563)
(39.9998 0 0.000429527)
(39.9998 0 0.000435665)
(39.9998 0 0.000442046)
(39.9998 0 0.000448721)
(39.9999 0 0.00045573)
(39.9999 0 0.000463119)
(39.9999 0 0.00047093)
(39.9999 0 0.000479245)
(40 0 0.000488151)
(40 0 0.000497804)
(40 0 0.000508337)
(40 0 0.000520001)
(40 0 0.000532972)
(40 0 0.000547562)
(40 0 0.000563877)
(40 0 0.000582177)
(40 0 0.000602379)
(40 0 0.000624581)
(40.0001 0 0.000648411)
(40.0002 0 0.000673709)
(40.0003 0 0.000699486)
(40.0005 0 0.000725169)
(40.0007 0 0.000749338)
(40.0008 0 0.000771133)
(40.001 0 0.000788987)
(40.0013 0 0.000802196)
(40.0015 0 0.00080985)
(40.0018 0 0.000811528)
(40.002 0 0.000807632)
(40.0023 0 0.000797909)
(40.0026 0 0.000782963)
(40.0029 0 0.000761942)
(40.0032 0 0.000734799)
(40.0036 0 0.00070839)
(40.0039 0 0.000677716)
(40.0043 0 0.000643214)
(40.0048 0 0.000606596)
(40.0052 0 0.000563433)
(40.0057 0 0.000522351)
(40.0062 0 0.000485237)
(40.0067 0 0.000452564)
(40.0071 0 0.0004301)
(40.0075 0 0.000432339)
(40.008 0 0.000446356)
)
;

boundaryField
{
    aerofoil
    {
        type            noSlip;
    }
    inlet
    {
        type            freestreamVelocity;
        freestreamValue uniform (40 10.7 0);
        value           nonuniform List<vector> 
270
(
(39.9999 5.36775 6.81279e-06)
(39.9998 5.40396 -3.31579e-06)
(39.9998 5.44161 -6.28278e-06)
(39.9998 5.48074 -9.4537e-06)
(39.9998 5.52143 -1.11632e-05)
(39.9998 5.56372 -1.1778e-05)
(39.9998 5.60767 -1.16285e-05)
(39.9998 5.65335 -1.08146e-05)
(39.9998 5.70083 -9.56072e-06)
(39.9998 5.75015 -8.0156e-06)
(39.9998 5.8014 -6.37131e-06)
(39.9998 5.85464 -4.72414e-06)
(39.9998 5.90994 -3.22347e-06)
(39.9998 5.96737 -1.90859e-06)
(39.9998 6.027 -8.63114e-07)
(39.9998 6.08891 -4.68674e-08)
(39.9998 6.15316 5.33353e-07)
(39.9998 6.21984 9.73652e-07)
(39.9998 6.28901 1.32362e-06)
(39.9998 6.36075 1.70848e-06)
(39.9998 6.43513 2.20258e-06)
(39.9998 6.51223 2.9137e-06)
(39.9998 6.59211 3.90025e-06)
(39.9998 6.67485 5.21546e-06)
(39.9998 6.7605 6.87961e-06)
(39.9998 6.84913 8.88645e-06)
(39.9998 6.94079 1.1222e-05)
(39.9998 7.03553 1.38221e-05)
(39.9998 7.1334 1.66477e-05)
(39.9998 7.23441 1.9611e-05)
(39.9998 7.33861 2.26781e-05)
(39.9999 7.44599 2.57414e-05)
(39.9999 7.55656 2.87591e-05)
(39.9999 7.67027 3.16206e-05)
(39.9999 7.78711 3.42944e-05)
(39.9999 7.907 3.66552e-05)
(39.9999 8.02985 3.86457e-05)
(39.9999 8.15553 4.01375e-05)
(39.9999 8.2839 4.10971e-05)
(39.9999 8.41477 4.14181e-05)
(39.9999 8.54791 4.1073e-05)
(39.9999 8.68302 4.00002e-05)
(40 8.81976 3.82577e-05)
(40 8.95775 3.58885e-05)
(40 9.09652 3.29826e-05)
(40 9.23553 2.96272e-05)
(40 9.37414 2.59843e-05)
(40 9.51166 2.22084e-05)
(40 9.64726 1.84523e-05)
(40 9.78002 1.48506e-05)
(40 9.9089 1.15302e-05)
(40 10.0327 8.59342e-06)
(40 10.1502 6.10315e-06)
(40 10.2598 4.09772e-06)
(40 10.3599 2.56092e-06)
(40 10.4489 1.47127e-06)
(40 10.5246 7.49051e-07)
(40 10.585 3.3555e-07)
(40 10.6277 1.2784e-07)
(40 10.6503 4.30272e-08)
(39.9998 5.34996 -0.000190595)
(39.9998 5.34996 -0.000177275)
(39.9998 5.34997 -0.000163151)
(39.9998 5.34997 -0.000148938)
(39.9998 5.34997 -0.000135335)
(39.9998 5.34998 -0.000122959)
(39.9998 5.34998 -0.000112263)
(39.9998 5.34998 -0.000103421)
(39.9998 5.34998 -9.63639e-05)
(39.9999 5.34998 -9.08413e-05)
(39.9999 5.34998 -8.64103e-05)
(39.9999 5.34998 -8.27038e-05)
(39.9999 5.34998 -7.90403e-05)
(39.9999 5.34998 -7.49075e-05)
(39.9999 5.34999 -6.99471e-05)
(39.9999 5.34999 -6.39106e-05)
(39.9999 5.34999 -5.73822e-05)
(39.9999 5.34999 -4.97885e-05)
(39.9999 5.34999 -4.1494e-05)
(39.9999 5.34999 -3.27412e-05)
(39.9999 5.35 -2.33779e-05)
(40 5.35 -1.60152e-05)
(40 5.35 -8.20297e-06)
(40 5.35 -1.19762e-06)
(40 5.35 3.65725e-06)
(39.9998 5.34996 -0.000202904)
(39.9999 5.34996 -0.000210986)
(39.9999 5.34996 -0.000216769)
(39.9999 5.34996 -0.000220873)
(39.9999 5.34996 -0.000223706)
(40 5.34995 -0.000225604)
(40 5.34995 -0.000226881)
(40 5.34995 -0.000227825)
(40 5.34995 -0.000228696)
(40 5.34995 -0.000229722)
(40 5.34995 -0.000231093)
(40.0001 5.34995 -0.000232973)
(40.0001 5.34995 -0.000235488)
(40.0001 5.34995 -0.000238763)
(40.0001 5.34995 -0.000242885)
(40.0001 5.34995 -0.000247961)
(40.0001 5.34995 -0.00025404)
(40.0001 5.34995 -0.000261214)
(40.0001 5.34995 -0.000269491)
(40.0001 5.34994 -0.00027893)
(40 5.34994 -0.000289463)
(40 5.34994 -0.000301075)
(40 5.34994 -0.000313587)
(40 5.34993 -0.000326871)
(40.0001 5.34993 -0.000340616)
(40.0001 5.34993 -0.000354571)
(40.0002 5.34993 -0.000368184)
(40.0002 5.34992 -0.000381077)
(40.0003 5.34992 -0.000392613)
(40.0004 5.34992 -0.000402388)
(40.0005 5.34992 -0.000409817)
(40.0006 5.34992 -0.000414642)
(40.0007 5.34992 -0.000416626)
(40.0009 5.34992 -0.000415631)
(40.001 5.34992 -0.000411988)
(40.0011 5.34992 -0.000405591)
(40.0013 5.34992 -0.000396784)
(40.0014 5.34992 -0.000385139)
(40.0016 5.34993 -0.000370659)
(40.0018 5.34993 -0.000356756)
(40.002 5.34993 -0.000340984)
(40.0022 5.34994 -0.000323568)
(40.0024 5.34994 -0.000305352)
(40.0026 5.34994 -0.000284093)
(40.0029 5.34995 -0.000264021)
(40.0031 5.34995 -0.000246041)
(40.0033 5.34995 -0.000230458)
(40.0036 5.34995 -0.00022025)
(40.0037 5.34995 -0.000223642)
(40.004 5.34995 -0.000233131)
(39.9998 5.34996 0.000194192)
(39.9998 5.34996 0.000198907)
(39.9998 5.34996 0.000202593)
(39.9998 5.34996 0.000205815)
(39.9999 5.34996 0.00020883)
(39.9999 5.34996 0.000211783)
(39.9999 5.34996 0.000214765)
(39.9999 5.34996 0.000217834)
(39.9999 5.34996 0.000221025)
(39.9999 5.34996 0.000224363)
(39.9999 5.34995 0.000227867)
(39.9999 5.34995 0.000231561)
(40 5.34995 0.000235467)
(40 5.34995 0.000239625)
(40 5.34995 0.000244078)
(40 5.34995 0.000248904)
(40 5.34995 0.000254171)
(40 5.34995 0.000260003)
(40 5.34995 0.000266489)
(40 5.34995 0.000273784)
(40 5.34994 0.000281941)
(40 5.34994 0.000291092)
(40 5.34994 0.000301193)
(40 5.34994 0.000312294)
(40.0001 5.34994 0.000324209)
(40.0001 5.34993 0.000336859)
(40.0002 5.34993 0.000349747)
(40.0002 5.34993 0.000362589)
(40.0003 5.34993 0.000374674)
(40.0004 5.34992 0.000385572)
(40.0005 5.34992 0.000394499)
(40.0006 5.34992 0.000401104)
(40.0008 5.34992 0.000404931)
(40.0009 5.34992 0.00040577)
(40.001 5.34992 0.000403822)
(40.0011 5.34992 0.000398961)
(40.0013 5.34992 0.000391487)
(40.0014 5.34992 0.000380977)
(40.0016 5.34993 0.000367404)
(40.0018 5.34993 0.0003542)
(40.002 5.34993 0.000338862)
(40.0022 5.34994 0.000321611)
(40.0024 5.34994 0.000303301)
(40.0026 5.34994 0.00028172)
(40.0029 5.34995 0.000261178)
(40.0031 5.34995 0.000242621)
(40.0033 5.34995 0.000226284)
(40.0036 5.34996 0.000215052)
(40.0038 5.34996 0.000216171)
(40.004 5.34995 0.00022318)
(39.9998 5.34996 0.000186483)
(39.9998 5.34996 0.000177084)
(39.9998 5.34997 0.000166079)
(39.9998 5.34997 0.000153916)
(39.9998 5.34997 0.000141072)
(39.9998 5.34997 0.000128181)
(39.9998 5.34998 0.000116092)
(39.9998 5.34998 0.000105471)
(39.9999 5.34998 9.65684e-05)
(39.9999 5.34998 8.93895e-05)
(39.9999 5.34998 8.38503e-05)
(39.9999 5.34998 7.99736e-05)
(39.9999 5.34998 7.67969e-05)
(39.9999 5.34999 7.32354e-05)
(39.9999 5.34999 6.85494e-05)
(39.9999 5.34999 6.25489e-05)
(39.9999 5.34999 5.57054e-05)
(39.9999 5.34999 4.64541e-05)
(39.9999 5.34999 3.52511e-05)
(39.9999 5.35 2.32389e-05)
(40 5.35 1.25124e-05)
(40 5.35 3.47156e-06)
(40 5.35 -5.83622e-06)
(40 5.35 -1.26144e-05)
(40 5.35 -1.53455e-05)
(39.9999 5.36775 -9.10298e-06)
(39.9998 5.40396 -1.48079e-07)
(39.9998 5.44161 1.1399e-06)
(39.9998 5.48074 4.07421e-06)
(39.9998 5.52143 5.53836e-06)
(39.9998 5.56372 5.96269e-06)
(39.9998 5.60767 5.75179e-06)
(39.9998 5.65335 4.92095e-06)
(39.9998 5.70083 3.70135e-06)
(39.9998 5.75015 2.20845e-06)
(39.9998 5.8014 6.38822e-07)
(39.9998 5.85464 -9.34065e-07)
(39.9998 5.90994 -2.35559e-06)
(39.9998 5.96737 -3.60025e-06)
(39.9998 6.027 -4.57641e-06)
(39.9998 6.08891 -5.32613e-06)
(39.9998 6.15316 -5.83235e-06)
(39.9998 6.21984 -6.18652e-06)
(39.9998 6.28901 -6.42714e-06)
(39.9998 6.36075 -6.67211e-06)
(39.9998 6.43513 -6.98748e-06)
(39.9998 6.51223 -7.4785e-06)
(39.9998 6.59212 -8.20253e-06)
(39.9998 6.67485 -9.21979e-06)
(39.9998 6.7605 -1.05559e-05)
(39.9998 6.84913 -1.22181e-05)
(39.9998 6.94079 -1.41987e-05)
(39.9999 7.03553 -1.64491e-05)
(39.9999 7.1334 -1.89288e-05)
(39.9999 7.23442 -2.15563e-05)
(39.9999 7.33861 -2.42815e-05)
(39.9999 7.44599 -2.69952e-05)
(39.9999 7.55656 -2.9631e-05)
(39.9999 7.67027 -3.20733e-05)
(39.9999 7.78711 -3.42657e-05)
(39.9999 7.907 -3.60892e-05)
(39.9999 8.02985 -3.74798e-05)
(39.9999 8.15553 -3.8334e-05)
(39.9999 8.2839 -3.86267e-05)
(39.9999 8.41477 -3.82905e-05)
(39.9999 8.54791 -3.73236e-05)
(40 8.68302 -3.57123e-05)
(40 8.81976 -3.35368e-05)
(40 8.95774 -3.08709e-05)
(40 9.09652 -2.78208e-05)
(40 9.23553 -2.44942e-05)
(40 9.37414 -2.10411e-05)
(40 9.51166 -1.76017e-05)
(40 9.64725 -1.4297e-05)
(40 9.78002 -1.12345e-05)
(40 9.9089 -8.49948e-06)
(40 10.0327 -6.15174e-06)
(40 10.1502 -4.21761e-06)
(40 10.2598 -2.71113e-06)
(40 10.3599 -1.59296e-06)
(40 10.4489 -8.39352e-07)
(40 10.5246 -3.75602e-07)
(40 10.585 -1.3061e-07)
(40 10.6277 -2.02807e-08)
(40 10.6503 1.6552e-08)
)
;
    }
    outlet
    {
        type            freestreamVelocity;
        freestreamValue uniform (40 10.7 0);
        value           nonuniform List<vector> 
120
(
(39.9986 5.20911e-13 -1.17651e-05)
(39.9985 3.78358e-13 1.94634e-06)
(39.9982 2.96985e-15 1.86186e-05)
(39.9978 1.64054e-12 4.81897e-05)
(39.9971 8.2039e-12 8.50939e-05)
(39.9962 2.06986e-11 0.000124622)
(39.995 4.09785e-11 0.000167867)
(39.9933 6.93816e-11 0.000213391)
(39.9913 1.10276e-10 0.000264361)
(39.9887 1.65072e-10 0.000319577)
(39.9857 2.41112e-10 0.000382777)
(39.9821 3.41693e-10 0.000452505)
(39.9781 4.79495e-10 0.000532591)
(39.9739 6.60879e-10 0.000621598)
(39.9696 9.03562e-10 0.00072406)
(39.9657 1.21979e-09 0.000839699)
(39.9627 1.62994e-09 0.00096789)
(39.9613 2.12266e-09 0.00110449)
(39.9625 2.64585e-09 0.00123613)
(39.9673 3.01907e-09 0.00133029)
(39.9769 2.9293e-09 0.00133344)
(39.9923 1.92367e-09 0.00113432)
(40.0143 3.17451e-10 0.000612396)
(40.0429 7.60208e-10 -0.000305785)
(40.0766 6.45992e-09 -0.00137456)
(40.1108 8.79288e-09 -0.00168125)
(40.1334 1.40208e-09 0.000976993)
(40.1187 1.82202e-07 0.00904342)
(40.0438 9.45044e-07 0.0203027)
(39.9285 1.94282e-06 0.0287262)
(39.8464 2.10826e-06 0.029502)
(39.8213 1.61903e-06 0.0257121)
(39.8202 1.09357e-06 0.0211995)
(39.8305 6.51763e-07 0.0164157)
(39.8472 3.24781e-07 0.0116525)
(39.8669 1.18306e-07 0.00709462)
(39.887 1.91572e-08 0.00296223)
(39.9053 2.21023e-09 -0.000804084)
(39.9217 3.81693e-08 -0.00380979)
(39.9357 9.11191e-08 -0.00599266)
(39.947 1.25514e-07 -0.00707048)
(39.9568 1.27456e-07 -0.00713508)
(39.9648 1.07097e-07 -0.00654236)
(39.9722 7.99068e-08 -0.0056429)
(39.9788 5.94194e-08 -0.00488656)
(39.9847 4.32334e-08 -0.00418337)
(39.9899 3.15583e-08 -0.00360358)
(39.9944 2.15404e-08 -0.00299465)
(39.9979 1.44213e-08 -0.00247907)
(40.0008 9.08524e-09 -0.00198972)
(40.0029 5.85936e-09 -0.00163446)
(40.0045 3.37538e-09 -0.00126516)
(40.0057 2.25564e-09 -0.00106598)
(40.0064 1.97162e-09 -0.00101612)
(40.0072 2.04088e-09 -0.00104572)
(40.0076 2.32399e-09 -0.00111939)
(40.0082 2.29393e-09 -0.00111521)
(40.0085 2.15607e-09 -0.00108758)
(40.0088 1.00627e-09 -0.000743913)
(40.008 3.80955e-10 -0.000466259)
(39.9986 2.35984e-12 -2.63501e-05)
(39.9985 9.87355e-12 -6.23421e-05)
(39.9983 2.03886e-11 -9.40235e-05)
(39.9979 3.43285e-11 -0.000125267)
(39.9972 5.25592e-11 -0.000158401)
(39.9964 8.00902e-11 -0.000198503)
(39.9952 1.1896e-10 -0.000245054)
(39.9936 1.75823e-10 -0.000300241)
(39.9916 2.52307e-10 -0.000362249)
(39.9892 3.5748e-10 -0.000432703)
(39.9863 4.94039e-10 -0.000511153)
(39.9829 6.74456e-10 -0.000598514)
(39.979 9.01097e-10 -0.00069373)
(39.9749 1.18961e-09 -0.000797689)
(39.9708 1.53983e-09 -0.000910148)
(39.967 1.968e-09 -0.00103198)
(39.9642 2.45463e-09 -0.00115672)
(39.9629 2.98065e-09 -0.00128106)
(39.9642 3.43774e-09 -0.00138744)
(39.9691 3.64988e-09 -0.00144742)
(39.9787 3.30973e-09 -0.00141096)
(39.9942 2.1102e-09 -0.00118753)
(40.0163 4.15508e-10 -0.000679839)
(40.0449 4.52659e-10 0.000158309)
(40.0786 4.61604e-09 0.00109628)
(40.1129 5.94301e-09 0.00130718)
(40.1352 2.10395e-09 -0.00118875)
(40.1199 1.62836e-07 -0.00859757)
(40.0443 8.1628e-07 -0.0189227)
(39.9283 1.68199e-06 -0.0267896)
(39.845 1.86059e-06 -0.0277826)
(39.8193 1.48074e-06 -0.0246616)
(39.8181 1.05456e-06 -0.0208975)
(39.8285 6.71115e-07 -0.0167348)
(39.8454 3.67219e-07 -0.0124609)
(39.8653 1.57797e-07 -0.0082516)
(39.8856 4.06433e-08 -0.00432231)
(39.9042 3.23764e-10 -0.00059414)
(39.9208 1.85188e-08 0.00252684)
(39.9351 6.47005e-08 0.00494887)
(39.9466 1.0406e-07 0.00634961)
(39.9566 1.16519e-07 0.00674152)
(39.9648 1.05581e-07 0.00642284)
(39.9722 8.29507e-08 0.00567938)
(39.9789 6.31103e-08 0.00496795)
(39.9849 4.55673e-08 0.00422664)
(39.99 3.23073e-08 0.00358094)
(39.9945 2.11556e-08 0.00290618)
(39.9981 1.36593e-08 0.00235983)
(40.0009 8.25567e-09 0.00185128)
(40.003 5.10801e-09 0.00148992)
(40.0046 2.83019e-09 0.00113045)
(40.0058 1.85486e-09 0.00094562)
(40.0065 1.72993e-09 0.00093583)
(40.0073 1.87919e-09 0.000990277)
(40.0077 2.21857e-09 0.00108439)
(40.0082 2.13121e-09 0.00107014)
(40.0086 1.90255e-09 0.00102139)
(40.0089 8.0547e-10 0.000666314)
(40.008 3.47326e-10 0.000446356)
)
;
    }
    back
    {
        type            empty;
    }
    front
    {
        type            empty;
    }
}


// ************************************************************************* //
