/*--------------------------------*- C++ -*----------------------------------*\
  =========                 |
  \\      /  F ield         | OpenFOAM: The Open Source CFD Toolbox
   \\    /   O peration     | Website:  https://openfoam.org
    \\  /    A nd           | Version:  12
     \\/     M anipulation  |
\*---------------------------------------------------------------------------*/
FoamFile
{
    format      ascii;
    class       volVectorField;
    location    "350";
    object      U;
}
// * * * * * * * * * * * * * * * * * * * * * * * * * * * * * * * * * * * * * //

dimensions      [0 1 -1 0 0 0 0];

internalField   nonuniform List<vector> 
16200
(
(33.5482 4.17055e-16 -6.59718)
(26.9108 1.46963e-20 -5.26007)
(25.4553 -1.69067e-20 -5.03522)
(24.1649 2.02071e-20 -4.80129)
(23.4901 -1.3409e-20 -4.68057)
(23.0498 -3.9151e-17 -4.60226)
(22.7611 0 -4.55137)
(22.5206 -2.22323e-17 -4.50834)
(22.2628 -2.78011e-17 -4.46088)
(21.9705 -2.73259e-18 -4.40719)
(21.7093 -1.69299e-18 -4.36196)
(21.5462 -6.52112e-18 -4.33824)
(21.4984 1.169e-17 -4.33756)
(21.52 -3.34358e-20 -4.35005)
(21.5844 1.13299e-17 -4.37033)
(21.656 -2.97321e-20 -4.39072)
(21.696 -8.47012e-18 -4.4032)
(21.6433 -9.90279e-18 -4.39653)
(21.4799 1.15674e-17 -4.37029)
(21.2673 -4.96085e-20 -4.33931)
(21.0709 0 -4.31668)
(20.9311 0 -4.30927)
(20.8878 -9.30718e-18 -4.32229)
(20.9084 -2.04105e-17 -4.34895)
(20.9911 -2.56531e-21 -4.39017)
(21.1338 -8.92831e-20 -4.44569)
(21.3359 -6.28919e-18 -4.5154)
(21.5964 6.49451e-18 -4.5989)
(21.9106 3.50063e-18 -4.69497)
(22.2714 3.51929e-18 -4.80204)
(22.6694 0 -4.91792)
(23.0943 -7.50314e-18 -5.03983)
(23.5341 -1.92599e-18 -5.16464)
(23.9759 2.51413e-19 -5.28923)
(24.4087 -2.49774e-19 -5.41065)
(24.8239 2.64427e-19 -5.52555)
(25.2083 -5.34893e-19 -5.62996)
(25.5441 1.6495e-18 -5.721)
(25.819 -2.79468e-19 -5.79867)
(26.0297 0 -5.86474)
(26.1951 0 -5.92438)
(26.3271 0 -5.97928)
(26.4247 3.25633e-19 -6.02906)
(26.4895 8.07194e-21 -6.07455)
(26.5225 8.23676e-21 -6.11662)
(26.5253 4.0013e-21 -6.15739)
(26.4979 -3.81951e-19 -6.20074)
(26.438 3.91163e-19 -6.25235)
(26.3404 4.1924e-19 -6.31722)
(26.1974 2.22897e-19 -6.39729)
(25.9986 -2.34439e-19 -6.48456)
(25.7389 5.0199e-19 -6.5539)
(25.4204 8.10901e-21 -6.56331)
(25.0566 1.50974e-19 -6.46484)
(24.6774 9.97716e-21 -6.21293)
(24.3208 1.94884e-19 -5.734)
(23.9972 0 -4.86226)
(23.7638 -1.42146e-19 -3.53966)
(23.8558 -2.75222e-21 -2.25597)
(24.4799 0 -1.53369)
(41.1632 -2.07677e-16 -8.1994)
(33.6381 0 -6.65067)
(32.0488 -7.3203e-21 -6.38162)
(30.525 8.47824e-21 -6.08513)
(29.7267 0 -5.93285)
(29.2258 -2.45115e-21 -5.83594)
(28.927 0 -5.7773)
(28.7292 0 -5.7369)
(28.5694 7.74276e-18 -5.70281)
(28.3954 3.04666e-18 -5.66717)
(28.298 9.82391e-19 -5.65104)
(28.4122 3.75915e-18 -5.67961)
(28.6722 0 -5.73604)
(28.9724 -1.05145e-20 -5.79817)
(29.2401 -6.11608e-18 -5.8519)
(29.4663 -1.36483e-20 -5.89534)
(29.6467 4.56237e-18 -5.927)
(29.7933 5.30866e-18 -5.94895)
(29.9161 -4.70598e-21 -5.96417)
(30.0114 5.60396e-20 -5.97399)
(30.1471 0 -5.9926)
(30.3372 0 -6.02121)
(30.5651 5.60809e-18 -6.0563)
(30.8226 -1.43625e-20 -6.09659)
(31.0877 6.54136e-18 -6.13811)
(31.3462 3.66899e-18 -6.17803)
(31.5854 -3.90247e-18 -6.21379)
(31.7955 -5.4986e-21 -6.24319)
(31.9689 1.35196e-19 -6.26437)
(32.1004 -1.40707e-19 -6.27601)
(32.1866 -2.17202e-18 -6.27729)
(32.2259 2.41373e-18 -6.26771)
(32.2188 1.61259e-19 -6.24717)
(32.1674 -1.63189e-19 -6.21628)
(32.0744 0 -6.17618)
(31.944 -1.45449e-18 -6.12822)
(31.7902 5.67386e-19 -6.07344)
(31.6244 1.95737e-19 -6.0141)
(31.4554 0 -5.95375)
(31.2868 8.68495e-19 -5.89535)
(31.1071 -2.29802e-19 -5.83584)
(30.911 2.34055e-19 -5.77169)
(30.7013 0 -5.70238)
(30.4785 0 -5.62736)
(30.2427 -2.75273e-19 -5.54656)
(29.992 2.94183e-19 -5.46085)
(29.7212 -3.03885e-19 -5.37192)
(29.4214 0 -5.28084)
(29.0806 1.8123e-19 -5.18524)
(28.688 0 -5.07621)
(28.2391 0 -4.93646)
(27.7409 2.3724e-19 -4.74094)
(27.2169 -3.60548e-19 -4.46095)
(26.7047 -7.17906e-19 -4.07394)
(26.2495 3.24847e-19 -3.5761)
(25.8936 1.9424e-19 -2.97586)
(25.6727 -6.47347e-19 -2.26533)
(25.6151 2.61085e-19 -1.49632)
(25.729 1.4553e-19 -1.09255)
(25.9029 0 -1.49127)
(44.3713 0 -8.74644)
(36.7661 -6.18921e-21 -7.23018)
(35.2836 7.50675e-21 -7.01294)
(33.797 0 -6.72719)
(32.9982 -4.42335e-17 -6.58041)
(32.5019 -1.09511e-21 -6.48721)
(32.2132 0 -6.43173)
(32.0391 0 -6.39593)
(31.9441 6.7684e-18 -6.37496)
(31.9253 -2.63319e-18 -6.3725)
(32.0135 -1.72512e-18 -6.39632)
(32.1942 -4.36394e-21 -6.43969)
(32.3948 -5.56715e-18 -6.48543)
(32.5894 -3.97849e-21 -6.52883)
(32.7706 1.71586e-20 -6.56878)
(32.9438 0 -6.60658)
(33.1255 -3.5419e-18 -6.64563)
(33.3335 3.44957e-20 -6.69016)
(33.5728 4.85701e-18 -6.74436)
(33.8261 -5.77969e-18 -6.80681)
(34.0553 -3.52629e-18 -6.86804)
(34.2275 5.91788e-20 -6.92054)
(34.3249 7.08001e-20 -6.95912)
(34.3547 4.75641e-18 -6.98404)
(34.324 -5.25975e-18 -6.99697)
(34.242 -2.92204e-18 -6.99976)
(34.1175 3.12346e-18 -6.99398)
(33.9588 1.03313e-19 -6.981)
(33.7732 -9.9785e-20 -6.96181)
(33.5671 0 -6.9373)
(33.3461 2.15334e-18 -6.90815)
(33.1154 -2.46961e-19 -6.87508)
(32.8787 2.68735e-19 -6.8384)
(32.6393 -2.72379e-19 -6.79827)
(32.399 1.16435e-18 -6.75483)
(32.1584 -3.14057e-19 -6.70787)
(31.9148 1.20622e-21 -6.65729)
(31.6696 -3.25088e-19 -6.60314)
(31.4221 3.48951e-19 -6.54553)
(31.1711 -1.43451e-18 -6.48439)
(30.9158 3.69734e-19 -6.41963)
(30.6557 -3.97107e-19 -6.3511)
(30.39 4.04685e-19 -6.27863)
(30.117 0 -6.20256)
(29.8337 -6.8855e-19 -6.1238)
(29.5345 7.10622e-19 -6.04273)
(29.2117 5.12183e-19 -5.95669)
(28.8579 -8.01567e-19 -5.85668)
(28.4689 3.0047e-19 -5.7252)
(28.0493 -9.27812e-19 -5.537)
(27.6156 1.74021e-19 -5.264)
(27.1959 -1.81458e-19 -4.88323)
(26.8267 2.05313e-19 -4.38525)
(26.545 2.26914e-19 -3.78065)
(26.3816 -1.29579e-19 -3.10304)
(26.3534 0 -2.3999)
(26.4576 -1.57148e-19 -1.70329)
(26.6741 3.80232e-19 -1.04305)
(26.9729 -4.56499e-19 -0.643092)
(27.26 2.92319e-19 -0.861305)
(46.9137 1.48263e-16 -9.16282)
(39.4117 0 -7.68759)
(38.0327 0 -7.53775)
(36.7599 0 -7.30165)
(36.0846 -6.3796e-21 -7.18831)
(35.6676 1.72849e-20 -7.11647)
(35.4441 1.67347e-17 -7.0775)
(35.3266 1.23244e-17 -7.05501)
(35.3043 -1.52059e-17 -7.04913)
(35.3924 1.46235e-18 -7.06821)
(35.5188 9.40598e-19 -7.10125)
(35.5635 -4.41026e-21 -7.11988)
(35.5659 -1.69815e-20 -7.12732)
(35.5806 -4.03153e-18 -7.13382)
(35.6288 0 -7.1446)
(35.6997 0 -7.15773)
(35.7775 3.67893e-18 -7.16927)
(35.8428 -4.24222e-18 -7.17461)
(35.8736 -1.00633e-17 -7.17001)
(35.8548 5.73324e-18 -7.15478)
(35.7612 3.24523e-18 -7.12475)
(35.6079 3.62009e-18 -7.08231)
(35.4155 0 -7.03134)
(35.2 0 -6.97498)
(34.9718 4.64424e-18 -6.9159)
(34.7367 -2.64793e-18 -6.85569)
(34.498 3.31151e-19 -6.79513)
(34.2576 -3.16259e-18 -6.73454)
(34.0162 -1.29937e-18 -6.67391)
(33.7743 1.99808e-19 -6.61314)
(33.5318 -2.01957e-19 -6.55198)
(33.2884 -1.72922e-18 -6.48985)
(33.0441 0 -6.42633)
(32.7987 0 -6.36115)
(32.5519 -9.84916e-19 -6.29398)
(32.3038 2.06309e-18 -6.22447)
(32.0543 2.73938e-19 -6.15247)
(31.8031 -2.77311e-19 -6.07829)
(31.5491 0 -6.00184)
(31.291 0 -5.92225)
(31.0277 -3.25577e-19 -5.83827)
(30.758 -3.46391e-19 -5.74913)
(30.4797 -3.63427e-19 -5.65447)
(30.1893 3.65161e-19 -5.55366)
(29.8819 -6.26259e-21 -5.44458)
(29.5522 -6.23884e-19 -5.32168)
(29.1964 4.33013e-19 -5.17396)
(28.8163 2.31448e-19 -4.98487)
(28.4225 0 -4.73485)
(28.0355 -3.65661e-21 -4.40698)
(27.6837 4.52849e-19 -3.99364)
(27.398 -1.44963e-18 -3.50129)
(27.2043 5.252e-19 -2.95132)
(27.1179 -1.93767e-19 -2.37755)
(27.1404 0 -1.82171)
(27.2588 -4.5815e-19 -1.32256)
(27.444 5.13909e-19 -0.891266)
(27.661 -1.4026e-19 -0.517255)
(27.8882 0 -0.319453)
(28.0864 0 -0.554616)
(49.3672 -2.91312e-16 -9.55419)
(42.1815 0 -8.15449)
(40.8595 -1.0645e-20 -8.07395)
(39.717 3.31718e-20 -7.87331)
(39.1508 -1.17919e-20 -7.79217)
(38.7805 4.07534e-17 -7.73605)
(38.5793 1.28358e-21 -7.70662)
(38.4727 -1.24951e-17 -7.69135)
(38.4182 8.57227e-21 -7.68401)
(38.359 4.48741e-21 -7.67638)
(38.2527 9.48246e-21 -7.66186)
(38.1036 -2.67221e-20 -7.64014)
(37.9285 5.79302e-18 -7.61309)
(37.7279 1.59493e-20 -7.57979)
(37.5046 0 -7.54056)
(37.2624 -6.41782e-18 -7.49616)
(37.0046 0 -7.44713)
(36.7371 4.34836e-18 -7.39471)
(36.466 9.73397e-18 -7.34113)
(36.1951 -5.373e-18 -7.2889)
(35.9263 0 -7.23896)
(35.6607 -3.24521e-18 -7.19079)
(35.3985 0 -7.14339)
(35.1399 0 -7.09614)
(34.8847 -2.00438e-18 -7.04893)
(34.6321 2.26667e-18 -7.00151)
(34.3816 -2.2568e-18 -6.95345)
(34.1325 -1.55121e-19 -6.90427)
(33.8843 1.25955e-18 -6.85335)
(33.6365 0 -6.80014)
(33.3888 1.03621e-18 -6.74411)
(33.1408 1.80497e-18 -6.68479)
(32.8924 0 -6.62177)
(32.6431 0 -6.55463)
(32.3928 0 -6.48294)
(32.1413 -8.62894e-19 -6.40621)
(31.8883 0 -6.32427)
(31.6331 0 -6.23706)
(31.3744 0 -6.14432)
(31.1109 0 -6.04532)
(30.8411 -5.45129e-19 -5.93904)
(30.5629 5.5158e-19 -5.82417)
(30.2736 -3.05682e-19 -5.6985)
(29.9704 6.12322e-19 -5.55771)
(29.6512 -4.37058e-21 -5.3941)
(29.3172 7.06802e-19 -5.19614)
(28.9751 -1.6669e-18 -4.94975)
(28.6388 9.76971e-19 -4.64178)
(28.3287 2.10904e-19 -4.26497)
(28.0682 6.85025e-19 -3.82228)
(27.8788 -4.85984e-19 -3.32864)
(27.7744 1.17211e-18 -2.80892)
(27.7583 4.16111e-19 -2.29274)
(27.8224 -2.80389e-21 -1.80853)
(27.9502 -4.88858e-19 -1.37957)
(28.1196 0 -1.01883)
(28.3055 0 -0.716547)
(28.4873 1.10878e-19 -0.447942)
(28.6611 0 -0.279874)
(28.8105 -1.45447e-19 -0.391513)
(51.1654 1.44079e-16 -9.80804)
(44.4547 0 -8.52608)
(43.1319 -2.04169e-20 -8.5028)
(41.994 2.45628e-20 -8.3125)
(41.4038 4.08852e-17 -8.23174)
(40.9041 -1.81002e-17 -8.15173)
(40.4991 -2.96362e-17 -8.08258)
(40.14 1.10593e-17 -8.01596)
(39.8041 1.37936e-17 -7.94945)
(39.4627 1.31204e-18 -7.88054)
(39.1059 7.51739e-21 -7.80926)
(38.7487 -7.75207e-21 -7.73754)
(38.3964 -5.12511e-18 -7.66512)
(38.0534 3.56197e-18 -7.59235)
(37.7219 3.22692e-20 -7.51993)
(37.4023 5.54773e-18 -7.44787)
(37.0945 5.4251e-20 -7.37585)
(36.7985 -5.49125e-20 -7.30399)
(36.5135 -4.29547e-18 -7.23336)
(36.2373 4.58801e-18 -7.16511)
(35.9677 1.51882e-19 -7.09935)
(35.703 2.9213e-18 -7.03544)
(35.4423 1.16564e-20 -6.97258)
(35.1853 1.15303e-20 -6.91037)
(34.9312 -4.23509e-19 -6.8488)
(34.6794 2.02106e-18 -6.78772)
(34.4289 2.14492e-18 -6.72677)
(34.1793 1.76139e-18 -6.6655)
(33.9299 -1.05757e-18 -6.60337)
(33.6802 -2.84824e-19 -6.53978)
(33.43 -2.05284e-18 -6.47406)
(33.179 1.22992e-18 -6.40552)
(32.9268 0 -6.33356)
(32.6732 3.42042e-19 -6.25753)
(32.418 -3.45351e-19 -6.17673)
(32.161 -7.35361e-19 -6.09047)
(31.9017 3.78772e-19 -5.99822)
(31.6393 -7.23516e-21 -5.89938)
(31.3724 -4.24619e-19 -5.79293)
(31.0996 8.74711e-19 -5.6773)
(30.8192 -4.51045e-19 -5.55018)
(30.5298 7.25854e-19 -5.40802)
(30.2306 -1.01005e-18 -5.24529)
(29.9228 1.33095e-18 -5.05414)
(29.6113 -2.75282e-19 -4.82498)
(29.3057 -6.03272e-19 -4.54846)
(29.0206 -1.72621e-19 -4.21867)
(28.7735 1.00407e-18 -3.83636)
(28.5817 -1.59399e-18 -3.41082)
(28.4578 3.76933e-19 -2.95935)
(28.4069 -2.01342e-19 -2.5041)
(28.4253 0 -2.06746)
(28.5016 6.53734e-19 -1.66749)
(28.6195 -7.028e-19 -1.31534)
(28.7621 -1.1282e-18 -1.01557)
(28.914 5.41136e-19 -0.766255)
(29.0617 -5.85134e-19 -0.553419)
(29.197 8.17004e-19 -0.356343)
(29.3229 1.82681e-19 -0.218496)
(29.4319 3.30058e-19 -0.269467)
(52.1045 0 -9.85743)
(45.875 2.58885e-20 -8.72344)
(44.5114 -3.031e-20 -8.74562)
(43.2163 4.52464e-17 -8.52828)
(42.4115 0 -8.40975)
(41.6977 2.72234e-20 -8.28934)
(41.0897 2.59105e-17 -8.1825)
(40.5392 -9.51856e-18 -8.08106)
(40.0388 -5.88825e-18 -7.98588)
(39.5796 -1.09592e-18 -7.89794)
(39.1548 -1.27775e-20 -7.81819)
(38.7573 3.96511e-20 -7.74456)
(38.3826 4.24508e-18 -7.67445)
(38.0273 2.95515e-18 -7.60656)
(37.6888 3.90106e-18 -7.54036)
(37.3644 0 -7.47525)
(37.0529 0 -7.41048)
(36.7535 0 -7.34594)
(36.4651 0 -7.28254)
(36.1855 1.26107e-19 -7.22113)
(35.9126 -2.65029e-19 -7.16148)
(35.6449 1.4707e-19 -7.10264)
(35.3814 0 -7.04367)
(35.1218 0 -6.98404)
(34.8654 0 -6.92359)
(34.6112 6.49994e-21 -6.862)
(34.3587 -1.80985e-18 -6.79881)
(34.1071 2.06768e-19 -6.73348)
(33.8559 2.27741e-19 -6.66539)
(33.6046 2.48924e-19 -6.59392)
(33.3527 4.98844e-19 -6.51839)
(33.1001 -5.02869e-19 -6.43812)
(32.8464 -5.30558e-19 -6.3524)
(32.5913 0 -6.26049)
(32.3345 6.01202e-19 -6.16159)
(32.0758 6.35755e-19 -6.05492)
(31.8146 -1.93363e-18 -5.9397)
(31.5498 1.33822e-18 -5.81473)
(31.2804 0 -5.67809)
(31.0056 7.49928e-19 -5.52678)
(30.7254 -7.62128e-19 -5.35653)
(30.4413 0 -5.16169)
(30.1571 0 -4.93555)
(29.8798 6.86662e-19 -4.67157)
(29.62 -6.9816e-19 -4.36533)
(29.3906 -1.00523e-18 -4.01681)
(29.2049 1.04154e-18 -3.63198)
(29.0738 4.09322e-19 -3.2229)
(29.0029 1.15236e-18 -2.80595)
(28.9912 -2.92336e-19 -2.39875)
(29.0316 -4.75027e-19 -2.01679)
(29.1126 -4.94232e-19 -1.67084)
(29.2207 5.23371e-19 -1.36581)
(29.3431 -5.35918e-19 -1.10144)
(29.4694 7.75846e-19 -0.874336)
(29.592 -4.13027e-19 -0.679061)
(29.7055 2.24526e-19 -0.504817)
(29.8073 -1.25288e-19 -0.338158)
(29.9018 4.24325e-19 -0.207346)
(29.984 -1.71076e-19 -0.198283)
(52.1777 0 -9.65914)
(46.3969 0 -8.70862)
(44.9596 0 -8.77984)
(43.5047 -4.64046e-17 -8.54167)
(42.5817 0 -8.40676)
(41.7888 5.09203e-20 -8.27165)
(41.1326 -2.34401e-17 -8.1542)
(40.5569 8.3305e-18 -8.04509)
(40.0466 -5.04727e-18 -7.94428)
(39.5851 -9.16088e-19 -7.85112)
(39.1607 9.59835e-22 -7.76544)
(38.7645 0 -7.68497)
(38.3913 3.58219e-18 -7.60742)
(38.0376 4.52325e-20 -7.5316)
(37.7005 -3.16305e-18 -7.45724)
(37.3775 -5.63949e-20 -7.38379)
(37.0672 0 -7.31069)
(36.7688 -2.79678e-18 -7.23794)
(36.481 -1.76578e-20 -7.16644)
(36.2017 -2.85241e-18 -7.09703)
(35.9287 -2.14674e-19 -7.02955)
(35.6605 -3.87423e-18 -6.96317)
(35.3964 0 -6.89704)
(35.1356 0 -6.83065)
(34.8776 0 -6.76375)
(34.6215 -1.27078e-18 -6.6959)
(34.3666 1.34678e-18 -6.62651)
(34.1123 3.65501e-19 -6.55489)
(33.8581 1.14141e-21 -6.48024)
(33.6036 -4.06006e-19 -6.40171)
(33.3484 0 -6.3184)
(33.0922 4.4515e-19 -6.22934)
(32.8349 -1.36632e-18 -6.13356)
(32.5763 -4.87542e-19 -6.03)
(32.3161 4.92403e-19 -5.91751)
(32.0541 -5.25128e-19 -5.79484)
(31.7899 0 -5.66036)
(31.5231 -8.66762e-19 -5.51174)
(31.2541 5.90005e-19 -5.34567)
(30.9843 9.50881e-19 -5.15787)
(30.7169 -6.4757e-19 -4.94347)
(30.4574 6.97858e-19 -4.69779)
(30.2139 -7.12211e-19 -4.41762)
(29.9962 0 -4.10276)
(29.8145 -3.14398e-21 -3.75723)
(29.6777 2.02898e-19 -3.38956)
(29.5913 4.27804e-19 -3.01189)
(29.556 -4.44745e-19 -2.63798)
(29.5676 9.21671e-19 -2.28071)
(29.6179 -9.57391e-19 -1.95001)
(29.6965 -3.6975e-19 -1.65168)
(29.793 -1.32903e-19 -1.38729)
(29.8978 -9.35082e-19 -1.15502)
(30.0037 1.27721e-18 -0.950955)
(30.1058 0 -0.770604)
(30.2011 0 -0.609314)
(30.2874 5.18241e-19 -0.460249)
(30.3646 -5.86662e-19 -0.315917)
(30.4364 0 -0.193141)
(30.4988 0 -0.142453)
(51.9192 2.61929e-20 -9.37597)
(46.4481 -5.50058e-17 -8.59189)
(44.9827 4.24205e-20 -8.71732)
(43.523 -4.11422e-17 -8.49185)
(42.5882 7.52337e-20 -8.36675)
(41.7883 -4.45334e-20 -8.23795)
(41.1274 1.01413e-17 -8.12644)
(40.5486 -7.07917e-18 -8.0227)
(40.0358 4.24987e-18 -7.92695)
(39.5719 7.57547e-19 -7.83861)
(39.1452 0 -7.75745)
(38.7468 0 -7.68118)
(38.3716 -3.02804e-18 -7.60753)
(38.0159 -4.242e-18 -7.53529)
(37.6769 0 -7.46399)
(37.3522 0 -7.39305)
(37.0404 -3.73073e-18 -7.32186)
(36.7404 2.06693e-18 -7.25043)
(36.451 0 -7.17949)
(36.17 2.73078e-18 -7.10964)
(35.8954 0 -7.04056)
(35.6258 1.41532e-18 -6.97137)
(35.3604 2.1314e-19 -6.90125)
(35.0984 1.8932e-18 -6.82967)
(34.8391 -2.28185e-18 -6.75626)
(34.5818 2.61621e-19 -6.68053)
(34.3257 2.9159e-19 -6.6018)
(34.0703 -2.94119e-19 -6.51933)
(33.815 6.40386e-19 -6.43223)
(33.5595 1.33592e-18 -6.33957)
(33.3035 0 -6.24032)
(33.0469 7.51267e-19 -6.13339)
(32.7895 1.10737e-20 -6.0176)
(32.5313 0 -5.89162)
(32.2724 0 -5.7539)
(32.0129 4.40888e-19 -5.60252)
(31.7535 9.4108e-19 -5.43501)
(31.4956 3.01822e-20 -5.24817)
(31.2419 -2.27757e-18 -5.03839)
(30.9968 -2.93392e-19 -4.80225)
(30.7667 2.20955e-18 -4.53741)
(30.559 -1.13956e-18 -4.24374)
(30.3821 0 -3.92412)
(30.243 1.25514e-18 -3.58487)
(30.1469 -1.76688e-18 -3.23518)
(30.095 -3.33949e-19 -2.88588)
(30.0851 1.3707e-18 -2.54762)
(30.1116 1.79646e-19 -2.22928)
(30.1665 1.72492e-19 -1.93678)
(30.2412 -1.51148e-18 -1.67276)
(30.3276 9.77128e-19 -1.437)
(30.4188 -1.00872e-18 -1.22716)
(30.5097 0 -1.03972)
(30.5967 -1.2133e-18 -0.870843)
(30.678 6.01003e-21 -0.716884)
(30.7522 1.50803e-18 -0.57431)
(30.8187 -1.08916e-18 -0.439033)
(30.8781 3.00456e-19 -0.30781)
(30.9335 0 -0.188791)
(30.9809 0 -0.103501)
(51.681 -1.03915e-16 -9.0686)
(46.4858 4.6021e-17 -8.45619)
(44.9871 0 -8.63979)
(43.5334 3.42206e-17 -8.42865)
(42.5944 0 -8.31131)
(41.7939 0 -8.18465)
(41.1322 0 -8.0732)
(40.5533 5.93528e-18 -7.96791)
(40.0405 -5.5247e-20 -7.86961)
(39.5766 1.86574e-20 -7.77788)
(39.1499 -1.56006e-20 -7.69262)
(38.7517 1.5978e-20 -7.61177)
(38.3766 0 -7.5333)
(38.0211 1.77977e-18 -7.45615)
(37.6822 2.36432e-18 -7.37989)
(37.3575 -1.73169e-19 -7.30398)
(37.0455 3.32766e-18 -7.2279)
(36.7451 0 -7.15171)
(36.4549 -2.72978e-19 -7.07608)
(36.1728 2.76272e-19 -7.00143)
(35.8969 0 -6.92735)
(35.6259 -1.37734e-18 -6.85296)
(35.3588 3.83301e-19 -6.77741)
(35.0949 -3.57315e-18 -6.70008)
(34.8337 1.25954e-18 -6.62042)
(34.5743 4.41945e-19 -6.53772)
(34.316 -9.64e-19 -6.45113)
(34.0585 0 -6.35966)
(33.8013 -1.61794e-18 -6.26221)
(33.5443 -9.13591e-21 -6.15761)
(33.2873 0 -6.04455)
(33.0303 -6.36011e-19 -5.92166)
(32.7738 1.29725e-18 -5.78737)
(32.518 0 -5.63988)
(32.2639 -7.29006e-19 -5.4771)
(32.013 3.62605e-19 -5.29658)
(31.7676 0 -5.09565)
(31.5315 0 -4.87178)
(31.3097 2.12989e-19 -4.62325)
(31.1083 0 -4.34997)
(30.9338 0 -4.05418)
(30.7923 -1.92245e-18 -3.7407)
(30.6882 2.20248e-18 -3.41669)
(30.6231 0 -3.09082)
(30.5959 1.0755e-20 -2.77196)
(30.6028 1.37168e-19 -2.46793)
(30.6375 -1.40943e-19 -2.18447)
(30.6933 1.25963e-18 -1.92481)
(30.7629 -2.45675e-18 -1.68975)
(30.8403 1.33527e-18 -1.47818)
(30.9203 0 -1.28771)
(30.9993 8.60452e-21 -1.1153)
(31.0747 1.61431e-19 -0.957826)
(31.1451 1.78575e-19 -0.812392)
(31.2095 7.32141e-19 -0.676279)
(31.2674 -1.76143e-18 -0.546689)
(31.3188 9.55197e-19 -0.421365)
(31.3648 5.68828e-21 -0.300275)
(31.4076 0 -0.184903)
(31.4433 7.40326e-20 -0.0729816)
(51.4123 8.65602e-17 -8.72304)
(46.5236 0 -8.29915)
(44.9904 -3.4488e-17 -8.54882)
(43.5431 6.40616e-20 -8.35996)
(42.5979 0 -8.2567)
(41.7952 0 -8.13827)
(41.131 7.02724e-18 -8.03304)
(40.5501 -4.90079e-18 -7.93246)
(40.0353 -2.94324e-18 -7.83794)
(39.5695 -5.28635e-19 -7.74917)
(39.1411 0 -7.66601)
(38.7413 1.29538e-18 -7.58649)
(38.3649 2.24601e-18 -7.50869)
(38.0083 2.44924e-20 -7.43157)
(37.6683 -9.73294e-20 -7.35464)
(37.3426 -2.33373e-18 -7.27735)
(37.0298 0 -7.1992)
(36.7285 0 -7.12025)
(36.4373 2.298e-19 -7.04103)
(36.1542 -4.85956e-19 -6.96178)
(35.8772 2.56278e-19 -6.88199)
(35.6052 8.55058e-19 -6.80077)
(35.3372 1.88069e-18 -6.7173)
(35.0725 1.35985e-18 -6.63089)
(34.8105 -3.49577e-19 -6.54087)
(34.5505 0 -6.44639)
(34.2919 8.09017e-19 -6.34646)
(34.0344 0 -6.23996)
(33.7778 -9.089e-19 -6.12563)
(33.5222 -4.78573e-19 -6.00209)
(33.2678 0 -5.86784)
(33.0151 1.07434e-18 -5.72119)
(32.7652 -1.63557e-18 -5.5603)
(32.5195 -5.78031e-19 -5.38312)
(32.2802 0 -5.18758)
(32.0505 1.28109e-18 -4.97178)
(31.8346 3.59833e-20 -4.73451)
(31.6375 3.32042e-20 -4.47576)
(31.4646 -1.40265e-18 -4.1973)
(31.321 1.81072e-19 -3.90295)
(31.2104 1.70836e-18 -3.59844)
(31.1349 -1.54825e-18 -3.29082)
(31.0939 1.59107e-18 -2.98757)
(31.0847 -1.96619e-19 -2.69553)
(31.1026 -1.45367e-18 -2.42011)
(31.142 0 -2.16478)
(31.1969 0 -1.93101)
(31.2616 -1.88395e-18 -1.71854)
(31.3314 1.82229e-18 -1.52586)
(31.4026 -1.20259e-19 -1.35071)
(31.4723 -2.34506e-19 -1.19048)
(31.5388 1.12075e-18 -1.04257)
(31.6009 -1.17309e-18 -0.904575)
(31.6577 0 -0.774443)
(31.709 0 -0.650077)
(31.7544 7.90336e-21 -0.529046)
(31.7941 -8.53054e-20 -0.410312)
(31.8297 4.54817e-21 -0.296305)
(31.8628 -4.07374e-19 -0.183371)
(31.8892 4.08691e-19 -0.0496903)
(51.1118 -7.03014e-17 -8.33816)
(46.5599 0 -8.11781)
(44.9953 2.87026e-17 -8.43482)
(43.5579 0 -8.27041)
(42.6074 -1.95671e-17 -8.17957)
(41.8036 6.99509e-20 -8.06661)
(41.138 -5.8736e-18 -7.96401)
(40.5562 0 -7.86408)
(40.0406 2.47372e-18 -7.76903)
(39.574 -1.724e-20 -7.67877)
(39.1448 8.73868e-22 -7.59334)
(38.7444 -1.08451e-18 -7.51095)
(38.3675 1.62398e-20 -7.42994)
(38.0103 0 -7.34937)
(37.6697 -1.72405e-18 -7.26875)
(37.3435 2.33937e-19 -7.18751)
(37.03 -2.43958e-18 -7.10523)
(36.7279 0 -7.02194)
(36.4356 0 -6.938)
(36.1512 4.27541e-19 -6.85342)
(35.8729 3.45237e-20 -6.76755)
(35.5997 -4.72365e-19 -6.67947)
(35.3305 -1.56646e-18 -6.58826)
(35.0649 3.36774e-20 -6.49308)
(34.802 -5.90809e-19 -6.39304)
(34.5416 -6.48e-19 -6.28709)
(34.2832 0 -6.17401)
(34.0267 0 -6.05247)
(33.7724 7.63859e-19 -5.92099)
(33.5207 1.22659e-18 -5.77796)
(33.2726 -8.32087e-19 -5.62167)
(33.0295 9.0638e-19 -5.45032)
(32.7934 -9.15519e-19 -5.26215)
(32.5671 4.86366e-19 -5.05567)
(32.3542 1.02904e-18 -4.82995)
(32.159 -1.84475e-18 -4.58508)
(31.9859 8.10656e-19 -4.32253)
(31.8394 0 -4.0454)
(31.7227 8.86857e-19 -3.7584)
(31.6379 -1.63725e-18 -3.46738)
(31.5849 1.37486e-18 -3.17871)
(31.5618 -1.25034e-18 -2.89845)
(31.565 -1.63768e-19 -2.63164)
(31.5899 1.67048e-19 -2.38181)
(31.6313 -1.48061e-18 -2.15085)
(31.6842 1.34769e-18 -1.93914)
(31.7441 1.66828e-19 -1.74586)
(31.8075 1.70161e-19 -1.56936)
(31.8713 -1.74016e-19 -1.40758)
(31.9337 -1.78552e-19 -1.25831)
(31.993 1.94599e-19 -1.11938)
(32.0484 -1.90446e-19 -0.988721)
(32.0992 -1.62194e-18 -0.86459)
(32.1452 2.55772e-18 -0.745515)
(32.186 -2.23014e-19 -0.629792)
(32.2215 -8.3837e-19 -0.515161)
(32.252 -9.09322e-19 -0.40144)
(32.2793 6.4321e-19 -0.293017)
(32.3045 6.35319e-19 -0.182242)
(32.3234 1.11287e-20 -0.0312022)
(50.779 1.15717e-18 -7.91415)
(46.5895 0 -7.91305)
(44.9974 0 -8.30305)
(43.5723 1.3625e-19 -8.1721)
(42.6155 -2.67338e-20 -8.09915)
(41.8098 6.34864e-18 -7.99633)
(41.1418 0 -7.90045)
(40.5582 -4.16047e-20 -7.80491)
(40.0408 4.30184e-20 -7.71273)
(39.5726 3.50832e-19 -7.62405)
(39.1419 9.00288e-22 -7.53897)
(38.7403 1.00981e-18 -7.45591)
(38.3624 -1.61129e-18 -7.37339)
(38.0043 1.51403e-19 -7.29055)
(37.663 -1.52397e-18 -7.20687)
(37.3362 1.64899e-18 -7.12181)
(37.0223 3.87641e-18 -7.03498)
(36.7196 -8.18841e-19 -6.94639)
(36.4267 -2.96872e-19 -6.85623)
(36.1416 -1.38549e-18 -6.76429)
(35.8629 0 -6.66986)
(35.5893 0 -6.57197)
(35.3203 8.89167e-19 -6.46965)
(35.055 4.9391e-19 -6.36192)
(34.7933 2.82614e-20 -6.24773)
(34.5347 -5.48403e-19 -6.12584)
(34.2793 5.65781e-19 -5.99491)
(34.0275 -6.27252e-19 -5.85342)
(33.78 6.33186e-19 -5.6998)
(33.5381 0 -5.53242)
(33.3036 -1.09883e-18 -5.34972)
(33.0791 1.46957e-18 -5.15044)
(32.8675 0 -4.9338)
(32.6726 4.03196e-19 -4.6999)
(32.4984 -2.12416e-18 -4.44998)
(32.3484 -3.57854e-20 -4.18663)
(32.2259 2.01053e-18 -3.91376)
(32.1326 0 -3.63634)
(32.069 4.72868e-19 -3.35985)
(32.0336 2.46809e-19 -3.08966)
(32.0237 -4.92006e-19 -2.83045)
(32.0355 1.75256e-18 -2.58573)
(32.0646 -2.02816e-18 -2.35764)
(32.1064 0 -2.14699)
(32.1568 3.88299e-19 -1.9535)
(32.2124 0 -1.77605)
(32.2702 -2.41586e-18 -1.61302)
(32.3281 2.05774e-18 -1.46256)
(32.3844 2.37947e-18 -1.32275)
(32.4379 -3.4417e-18 -1.19175)
(32.488 1.18603e-18 -1.06785)
(32.534 1.37913e-18 -0.949457)
(32.5757 -1.43152e-18 -0.835266)
(32.6129 0 -0.724212)
(32.6453 1.81591e-19 -0.614824)
(32.6729 1.83245e-19 -0.504914)
(32.6959 -1.0439e-19 -0.39491)
(32.7165 0 -0.290764)
(32.7353 -4.94889e-19 -0.181696)
(32.748 5.56786e-19 -0.0165632)
(50.4147 1.16937e-18 -7.45197)
(46.6091 -5.14088e-20 -7.67859)
(44.9983 -1.36546e-19 -8.1407)
(43.5899 2.63033e-19 -8.04847)
(42.6278 1.3498e-17 -7.99396)
(41.8212 -1.06644e-17 -7.90091)
(41.1513 -4.52005e-20 -7.81053)
(40.5663 -2.89499e-18 -7.7178)
(40.0477 -1.0578e-19 -7.62672)
(39.5781 3.13702e-19 -7.5378)
(39.1463 -2.64832e-19 -7.4513)
(38.7437 -1.64075e-18 -7.36594)
(38.3651 6.66613e-20 -7.28044)
(38.0063 0 -7.19403)
(37.6645 9.89861e-19 -7.10621)
(37.3372 3.49793e-19 -7.01641)
(37.0228 -1.8221e-18 -6.92428)
(36.7197 1.4272e-18 -6.82972)
(36.4263 -5.01317e-19 -6.73271)
(36.1408 1.16294e-18 -6.63283)
(35.8619 -6.65654e-19 -6.52922)
(35.5887 1.39537e-18 -6.42083)
(35.3205 -1.50806e-18 -6.30657)
(35.0571 7.86347e-19 -6.18532)
(34.7982 8.89857e-19 -6.05582)
(34.544 5.07763e-19 -5.91671)
(34.295 -1.44331e-18 -5.76653)
(34.0524 5.15819e-19 -5.60378)
(33.8176 -1.11072e-18 -5.42705)
(33.5928 1.12148e-18 -5.23519)
(33.3808 -1.51621e-18 -5.02751)
(33.1846 2.71409e-19 -4.80404)
(33.0078 -3.46647e-20 -4.56583)
(32.8537 9.88787e-19 -4.31504)
(32.725 6.92322e-19 -4.05498)
(32.6235 0 -3.7899)
(32.5498 -1.46689e-18 -3.5246)
(32.5031 1.66615e-18 -3.26389)
(32.4811 -9.24806e-21 -3.01211)
(32.4807 -1.72753e-18 -2.77268)
(32.4981 1.95117e-18 -2.54791)
(32.5293 2.03656e-19 -2.33896)
(32.5704 0 -2.14595)
(32.6182 0 -1.96819)
(32.6696 -4.10736e-19 -1.80445)
(32.7226 0 -1.65321)
(32.7754 1.79145e-18 -1.51279)
(32.8266 -1.723e-18 -1.38155)
(32.8753 2.13486e-19 -1.25791)
(32.921 1.16258e-19 -1.1404)
(32.9631 1.84789e-18 -1.02768)
(33.0013 2.25379e-19 -0.918505)
(33.0354 -1.8677e-18 -0.811878)
(33.0654 -1.04184e-18 -0.707009)
(33.091 2.06866e-18 -0.60258)
(33.1121 -1.53452e-19 -0.496421)
(33.129 -2.37666e-18 -0.389411)
(33.144 1.38437e-18 -0.288752)
(33.1576 3.85615e-19 -0.181213)
(33.165 -4.39893e-19 -0.00482848)
(50.0193 1.03568e-18 -6.95705)
(46.6117 -4.18343e-20 -7.41669)
(44.9933 1.6841e-17 -7.95166)
(43.6063 -1.24525e-19 -7.90768)
(42.6394 -1.15171e-17 -7.87637)
(41.832 4.6831e-18 -7.79691)
(41.1599 3.5017e-18 -7.71477)
(40.5734 2.29798e-18 -7.62701)
(40.0531 1.39458e-18 -7.53868)
(39.5821 -2.33366e-19 -7.45071)
(39.1489 2.78217e-19 -7.36357)
(38.7454 1.28392e-18 -7.27627)
(38.366 0 -7.18778)
(38.0068 0 -7.09743)
(37.6647 0 -7.00471)
(37.3374 3.18286e-19 -6.90911)
(37.0231 6.93282e-19 -6.81026)
(36.7202 3.73664e-19 -6.70798)
(36.4272 0 -6.60205)
(36.1424 -9.86577e-19 -6.49184)
(35.8649 0 -6.37642)
(35.5939 0 -6.25467)
(35.329 0 -6.12542)
(35.0702 6.82492e-19 -5.98743)
(34.8178 7.28642e-19 -5.83939)
(34.5726 -3.61213e-22 -5.67995)
(34.3358 -2.00639e-20 -5.50784)
(34.1093 -1.64784e-20 -5.32198)
(33.8953 0 -5.12172)
(33.6966 0 -4.90702)
(33.5163 2.45595e-19 -4.6787)
(33.3572 -2.60179e-19 -4.43858)
(33.222 0 -4.18945)
(33.1124 2.48093e-18 -3.935)
(33.029 -2.52056e-18 -3.67944)
(32.9715 2.30769e-18 -3.42709)
(32.938 2.07386e-18 -3.18199)
(32.9261 -4.89486e-18 -2.94745)
(32.9323 -1.54978e-19 -2.72589)
(32.9531 1.56994e-19 -2.51868)
(32.985 -1.58805e-19 -2.32628)
(33.0248 0 -2.14838)
(33.0697 -2.50031e-18 -1.98408)
(33.1174 1.67006e-19 -1.83214)
(33.1661 5.1359e-18 -1.69112)
(33.2144 -2.60438e-18 -1.55954)
(33.2612 -2.63071e-18 -1.43597)
(33.3059 2.69258e-18 -1.31901)
(33.3478 -3.44105e-19 -1.20742)
(33.3866 1.40236e-18 -1.10003)
(33.422 -2.89297e-18 -0.995773)
(33.4536 1.30509e-18 -0.893649)
(33.4815 0 -0.792877)
(33.5055 1.62668e-18 -0.692856)
(33.5255 -1.60921e-18 -0.592369)
(33.5411 0 -0.489242)
(33.553 -7.37103e-21 -0.384687)
(33.5634 0 -0.286898)
(33.5724 6.0026e-19 -0.180729)
(33.5755 -6.00016e-19 0.00455538)
(49.5944 3.39124e-17 -6.43451)
(46.5916 0 -7.12191)
(44.9817 -1.36805e-17 -7.72541)
(43.6226 1.13727e-17 -7.73687)
(42.6531 1.89941e-17 -7.73111)
(41.846 0 -7.66682)
(41.1723 -2.85851e-18 -7.59338)
(40.5846 0 -7.51059)
(40.063 -1.30776e-20 -7.42468)
(39.5907 0 -7.33713)
(39.1565 2.02653e-19 -7.24873)
(38.7522 9.63984e-21 -7.15881)
(38.3724 0 -7.06662)
(38.013 -6.5023e-19 -6.97158)
(37.6709 2.26148e-19 -6.8732)
(37.344 7.6856e-19 -6.77096)
(37.0304 6.20996e-21 -6.66448)
(36.7285 0 -6.55346)
(36.4369 7.50036e-19 -6.43743)
(36.1542 -2.683e-21 -6.31564)
(35.8799 0 -6.18704)
(35.6133 4.95233e-19 -6.05048)
(35.3547 0 -5.90475)
(35.1044 -1.10095e-21 -5.74865)
(34.8634 -2.5192e-21 -5.58101)
(34.6331 -3.25396e-19 -5.40087)
(34.4154 1.05717e-18 -5.20758)
(34.2127 -1.05263e-18 -5.00102)
(34.0276 1.53421e-18 -4.78184)
(33.8628 -3.42482e-19 -4.55152)
(33.7205 -1.41468e-18 -4.31243)
(33.6024 -2.06401e-19 -4.06776)
(33.5094 -1.74062e-18 -3.82122)
(33.4412 1.74694e-18 -3.57674)
(33.3966 1.80861e-18 -3.33804)
(33.3733 -3.88354e-18 -3.10835)
(33.3685 2.09176e-18 -2.8901)
(33.3791 2.27817e-19 -2.68487)
(33.4017 0 -2.49339)
(33.4333 2.3162e-19 -2.31563)
(33.4712 -1.6872e-18 -2.151)
(33.5132 3.76322e-18 -1.99853)
(33.5573 -1.96255e-18 -1.85701)
(33.6021 -1.28207e-19 -1.72512)
(33.6464 2.12305e-18 -1.60152)
(33.6894 -1.33431e-19 -1.48496)
(33.7305 -4.23638e-18 -1.37423)
(33.7691 4.1856e-18 -1.26823)
(33.805 -4.00575e-18 -1.16594)
(33.8379 2.19426e-18 -1.06644)
(33.8675 -2.38609e-18 -0.968851)
(33.8936 2.33373e-18 -0.872353)
(33.9162 0 -0.776319)
(33.9353 -1.26673e-18 -0.680283)
(33.9505 2.83784e-18 -0.583099)
(33.9616 -2.84907e-18 -0.482579)
(33.9692 -9.87625e-20 -0.380184)
(33.9756 2.5128e-18 -0.284879)
(33.9809 -9.23387e-19 -0.180042)
(33.9801 -6.86819e-20 0.0120433)
(49.1411 -9.53705e-20 -5.89523)
(46.5402 -2.59942e-17 -6.79616)
(44.9583 2.08286e-19 -7.46339)
(43.6345 -9.96844e-18 -7.53878)
(42.6653 -7.44238e-18 -7.56299)
(41.8599 -5.95034e-20 -7.51751)
(41.1852 -5.30727e-20 -7.45503)
(40.5966 -1.27866e-19 -7.37873)
(40.0739 -9.68504e-19 -7.29616)
(39.6006 4.38645e-21 -7.20948)
(39.1656 -1.74442e-19 -7.11985)
(38.7609 -3.23882e-19 -7.02703)
(38.3811 7.16263e-20 -6.93053)
(38.0222 1.405e-18 -6.8299)
(37.681 -6.97327e-19 -6.72469)
(37.3555 -1.22704e-18 -6.61443)
(37.0437 -1.44182e-18 -6.49869)
(36.7443 -1.12419e-18 -6.37705)
(36.4561 -1.26067e-18 -6.2489)
(36.178 2.1253e-18 -6.11339)
(35.9098 -1.53322e-18 -5.96948)
(35.6515 -4.40917e-19 -5.81608)
(35.4037 -4.77513e-19 -5.65216)
(35.1674 4.53078e-19 -5.47684)
(34.9441 -5.12653e-19 -5.28952)
(34.7358 -5.34944e-19 -5.09002)
(34.5447 2.80729e-19 -4.87883)
(34.373 0 -4.65714)
(34.2229 2.81228e-18 -4.42697)
(34.096 -2.51984e-18 -4.19106)
(33.9931 -3.00005e-18 -3.95268)
(33.9142 2.86038e-18 -3.71538)
(33.8584 0 -3.48264)
(33.8238 -3.52194e-19 -3.25752)
(33.808 2.68534e-18 -3.04249)
(33.8081 1.55761e-20 -2.83925)
(33.8212 -2.91468e-18 -2.64875)
(33.8444 -1.25284e-20 -2.47123)
(33.8749 1.79114e-19 -2.30635)
(33.9107 -3.1653e-18 -2.15338)
(33.9496 2.81063e-18 -2.01132)
(33.9902 9.81305e-20 -1.87901)
(34.0314 -3.03625e-18 -1.75525)
(34.072 -1.69613e-19 -1.63887)
(34.1116 3.11402e-18 -1.52871)
(34.1494 -8.81745e-20 -1.42374)
(34.1851 1.03748e-19 -1.32298)
(34.2184 0 -1.22554)
(34.249 -1.07781e-19 -1.13058)
(34.2767 0 -1.03737)
(34.3014 1.13594e-19 -0.945166)
(34.3229 -1.80654e-18 -0.853276)
(34.341 4.10861e-21 -0.761185)
(34.3558 3.93687e-18 -0.668527)
(34.3671 -4.28708e-18 -0.574207)
(34.3743 2.21071e-18 -0.476026)
(34.3783 0 -0.375623)
(34.3813 -1.29907e-18 -0.282546)
(34.3832 1.43546e-18 -0.179059)
(34.3792 0 0.0179467)
(48.6618 -2.23446e-17 -5.35021)
(46.4503 7.06413e-19 -6.43669)
(44.9197 -9.45886e-18 -7.15918)
(43.6404 8.00845e-18 -7.30426)
(42.6763 -1.79611e-19 -7.36174)
(41.8747 1.89698e-19 -7.33787)
(41.2003 -2.04655e-19 -7.28786)
(40.6116 3.45138e-19 -7.21896)
(40.0885 -1.36915e-19 -7.14008)
(39.6147 0 -7.05427)
(39.1795 0 -6.96319)
(38.7751 0 -6.86702)
(38.3961 0 -6.76559)
(38.0384 2.66252e-19 -6.6586)
(37.6993 3.19241e-19 -6.54564)
(37.3764 1.08878e-18 -6.4263)
(37.0682 -3.88179e-19 -6.30011)
(36.7734 9.44121e-19 -6.16659)
(36.4912 2.16814e-18 -6.02504)
(36.221 -1.7118e-18 -5.87465)
(35.963 0 -5.71454)
(35.7178 6.97061e-19 -5.54393)
(35.4864 -3.75173e-19 -5.36228)
(35.2703 0 -5.1694)
(35.0714 1.72513e-18 -4.96564)
(34.8915 -3.10401e-18 -4.75198)
(34.7325 1.59268e-18 -4.53012)
(34.5959 0 -4.3024)
(34.4826 -5.00026e-19 -4.07174)
(34.3927 2.63693e-19 -3.84131)
(34.3254 2.37937e-18 -3.61434)
(34.2793 -2.40177e-18 -3.39375)
(34.2522 -2.19193e-18 -3.18201)
(34.2417 2.35315e-18 -2.98091)
(34.2449 9.67032e-21 -2.79158)
(34.2591 1.00737e-20 -2.61446)
(34.2818 0 -2.44948)
(34.3107 1.99382e-18 -2.29612)
(34.3439 -2.45154e-18 -2.15356)
(34.3797 0 -2.0208)
(34.417 0 -1.89679)
(34.4546 2.33267e-18 -1.78042)
(34.4918 -2.50514e-18 -1.67063)
(34.5281 -2.36038e-18 -1.56642)
(34.5629 2.55433e-18 -1.46685)
(34.5958 1.15074e-20 -1.37106)
(34.6267 0 -1.27825)
(34.6552 0 -1.1877)
(34.6812 2.56238e-18 -1.09873)
(34.7044 -2.79379e-18 -1.01071)
(34.7249 2.70282e-18 -0.923023)
(34.7423 -2.80168e-18 -0.835067)
(34.7566 -2.90696e-18 -0.74641)
(34.7678 4.56813e-18 -0.656759)
(34.7756 -1.60599e-18 -0.565056)
(34.7796 -1.03427e-19 -0.469104)
(34.7804 0 -0.370664)
(34.7805 3.03743e-20 -0.279691)
(34.7795 0 -0.177654)
(34.7726 0 0.0225099)
(48.1581 3.74396e-17 -4.81426)
(46.3137 6.44983e-19 -6.04613)
(44.8596 1.58283e-19 -6.81416)
(43.6349 -6.72185e-18 -7.03271)
(42.6825 -5.75718e-18 -7.12722)
(41.8881 3.15502e-19 -7.12847)
(41.2157 0 -7.09317)
(40.6282 0 -7.0331)
(40.1056 5.10989e-20 -6.9587)
(39.6323 1.19832e-19 -6.87404)
(39.1979 1.46134e-19 -6.78139)
(38.7948 0 -6.68145)
(38.4178 0 -6.57439)
(38.0629 -7.79016e-19 -6.46009)
(37.7274 4.789e-20 -6.33829)
(37.4093 -1.78481e-18 -6.20863)
(37.1072 6.04897e-19 -6.07071)
(36.8202 -3.72652e-20 -5.92404)
(36.5477 -1.36963e-18 -5.76807)
(36.2899 4.5404e-19 -5.60223)
(36.0472 0 -5.42607)
(35.8207 1.18528e-18 -5.23945)
(35.6118 3.68375e-19 -5.04263)
(35.4219 -1.59935e-18 -4.83645)
(35.2526 1.40473e-18 -4.62231)
(35.1053 -2.88464e-18 -4.40228)
(34.9807 1.84628e-18 -4.17889)
(34.879 0 -3.95501)
(34.7997 2.05175e-19 -3.73362)
(34.7416 0 -3.51751)
(34.7028 -3.55532e-18 -3.30908)
(34.6811 6.97036e-18 -3.11021)
(34.6739 -3.41118e-18 -2.92217)
(34.6786 -3.44947e-18 -2.74559)
(34.6927 3.37961e-18 -2.58061)
(34.7142 1.13968e-19 -2.42691)
(34.7409 -3.40128e-18 -2.28385)
(34.7712 3.6522e-18 -2.15062)
(34.8039 -1.06804e-19 -2.02624)
(34.8378 0 -1.90973)
(34.872 3.5725e-18 -1.80009)
(34.9059 -7.20816e-18 -1.69637)
(34.939 3.75862e-18 -1.59768)
(34.9709 3.77337e-18 -1.50318)
(35.0012 -1.38458e-19 -1.4121)
(35.0297 -7.14855e-18 -1.32373)
(35.0561 7.60981e-18 -1.23742)
(35.0804 -3.88006e-18 -1.15257)
(35.1023 2.3844e-19 -1.06861)
(35.1217 1.32216e-19 -0.985022)
(35.1384 -2.51497e-19 -0.901254)
(35.1523 2.15335e-18 -0.816783)
(35.1633 -2.10732e-18 -0.731238)
(35.1713 -2.20272e-18 -0.644378)
(35.1762 2.47334e-18 -0.555181)
(35.1773 2.56059e-18 -0.461457)
(35.1754 -2.83205e-18 -0.365048)
(35.173 -2.51645e-20 -0.276155)
(35.1694 0 -0.175734)
(35.1601 0 0.0259116)
(47.6326 -1.57736e-17 -4.30078)
(46.1244 2.90774e-17 -5.62595)
(44.7724 1.92062e-17 -6.42718)
(43.6137 5.85146e-18 -6.71848)
(42.6816 6.84085e-20 -6.85259)
(41.8988 0 -6.88179)
(41.2315 0 -6.86321)
(40.6471 1.81081e-19 -6.81331)
(40.1265 -1.87528e-19 -6.74409)
(39.6552 -8.05066e-21 -6.66087)
(39.223 -9.32701e-21 -6.56662)
(38.8228 -1.06325e-19 -6.46262)
(38.4495 1.96412e-19 -6.34944)
(38.0994 9.40684e-19 -6.22722)
(37.77 4.13999e-19 -6.0959)
(37.4595 -3.58212e-20 -5.95527)
(37.1669 -1.26523e-18 -5.80512)
(36.8916 3.94147e-18 -5.64517)
(36.6335 -2.93399e-18 -5.47524)
(36.3931 1.95941e-18 -5.29529)
(36.1712 -4.31263e-19 -5.1056)
(35.9689 0 -4.90689)
(35.7873 -2.54995e-19 -4.70042)
(35.6276 2.68766e-18 -4.48796)
(35.4904 -1.9104e-18 -4.27177)
(35.3759 0 -4.05444)
(35.2837 -5.96874e-19 -3.8387)
(35.2128 0 -3.6272)
(35.1616 0 -3.42229)
(35.1279 4.97416e-18 -3.2259)
(35.1096 -5.16686e-18 -3.03938)
(35.104 2.46545e-18 -2.86358)
(35.109 -2.64213e-18 -2.69879)
(35.1221 -2.81975e-18 -2.54489)
(35.1416 5.68751e-18 -2.40143)
(35.1657 -5.37578e-18 -2.26773)
(35.193 -7.73616e-20 -2.14296)
(35.2223 2.715e-18 -2.02621)
(35.2528 -7.42831e-20 -1.91658)
(35.2836 1.641e-19 -1.81316)
(35.3142 -2.73808e-18 -1.7151)
(35.3442 5.68934e-18 -1.62159)
(35.3732 -2.62148e-18 -1.5319)
(35.4009 2.79964e-18 -1.44532)
(35.427 1.5778e-19 -1.36123)
(35.4514 -3.06607e-18 -1.27904)
(35.4739 1.75311e-19 -1.19821)
(35.4943 0 -1.11824)
(35.5126 -1.98387e-19 -1.03865)
(35.5285 -1.86823e-19 -0.958985)
(35.5419 2.09137e-19 -0.878765)
(35.5527 3.30182e-18 -0.797521)
(35.5608 -3.5499e-18 -0.714929)
(35.566 -1.17589e-19 -0.630788)
(35.5683 1.89659e-18 -0.544108)
(35.567 1.28646e-20 -0.452718)
(35.5627 -2.17072e-18 -0.358502)
(35.5581 1.17678e-18 -0.271762)
(35.5523 -6.52571e-19 -0.173193)
(35.5408 -5.6552e-19 0.028293)
(47.0877 -1.17223e-17 -3.82246)
(45.8785 -2.39705e-17 -5.18206)
(44.6513 -1.07802e-17 -6.00243)
(43.5703 -4.59395e-18 -6.3611)
(42.6691 3.78963e-18 -6.53621)
(41.9039 -2.96393e-18 -6.59569)
(41.2456 -2.24273e-18 -6.59583)
(40.6672 -6.25163e-19 -6.55754)
(40.1511 -2.22865e-19 -6.49439)
(39.6839 -3.10091e-20 -6.41303)
(39.2561 -2.1911e-20 -6.3173)
(38.861 -2.49938e-19 -6.20913)
(38.4939 -4.01596e-19 -6.08957)
(38.1515 -5.48007e-19 -5.95913)
(37.8314 0 -5.81807)
(37.5323 -1.28947e-18 -5.66654)
(37.2535 8.98106e-19 -5.50466)
(36.9945 -1.6809e-18 -5.33267)
(36.7558 -9.9917e-20 -5.15099)
(36.5378 -4.146e-19 -4.96037)
(36.3413 1.39301e-18 -4.76195)
(36.1669 1.55607e-18 -4.55735)
(36.0153 -1.57351e-18 -4.34859)
(35.8865 -2.17066e-19 -4.13803)
(35.7801 -2.26793e-19 -3.9282)
(35.6953 3.67236e-18 -3.72161)
(35.6305 -1.80364e-18 -3.52056)
(35.584 2.33138e-20 -3.32697)
(35.5535 -1.93637e-18 -3.14232)
(35.5368 1.28991e-19 -2.96758)
(35.5316 -3.99431e-18 -2.80324)
(35.5356 1.29139e-19 -2.64934)
(35.5469 8.09993e-18 -2.50561)
(35.5639 -3.81983e-18 -2.37152)
(35.5849 -1.34339e-19 -2.24637)
(35.6089 0 -2.12934)
(35.6347 0 -2.01961)
(35.6617 0 -1.91634)
(35.6891 4.14597e-18 -1.81872)
(35.7164 -8.33425e-18 -1.72597)
(35.7432 4.19188e-18 -1.63736)
(35.7693 -2.64353e-19 -1.55224)
(35.7943 4.08804e-18 -1.46999)
(35.818 -4.28422e-18 -1.39004)
(35.8403 -1.42003e-19 -1.31186)
(35.8609 -4.36701e-18 -1.23497)
(35.8798 4.30395e-18 -1.15892)
(35.8968 0 -1.08327)
(35.9117 1.38521e-19 -1.00762)
(35.9245 1.55449e-19 -0.931563)
(35.9349 0 -0.854684)
(35.9429 -2.66901e-18 -0.776552)
(35.9484 2.62054e-18 -0.69688)
(35.9512 1.64659e-19 -0.615495)
(35.9512 0 -0.531438)
(35.9477 3.18307e-18 -0.442573)
(35.9415 -1.55257e-18 -0.350792)
(35.935 -1.79749e-18 -0.266357)
(35.9272 0 -0.16994)
(35.9138 -1.49788e-19 0.0297649)
(46.5269 1.02031e-17 -3.38703)
(45.5758 1.92733e-17 -4.72155)
(44.4906 -4.79714e-19 -5.54465)
(43.4987 5.18709e-19 -5.95982)
(42.6406 -3.3605e-19 -6.17492)
(41.9004 9.4174e-19 -6.26558)
(41.2566 1.33258e-18 -6.28597)
(40.6883 6.5028e-19 -6.26055)
(40.18 -1.11627e-19 -6.20438)
(39.7198 1.15183e-19 -6.12553)
(39.2994 -3.06953e-19 -6.02875)
(38.9126 9.06757e-20 -5.91676)
(38.555 2.74611e-19 -5.79119)
(38.2239 0 -5.65308)
(37.9171 -6.13987e-19 -5.50319)
(37.6337 1.68716e-18 -5.34221)
(37.3731 -1.11322e-18 -5.17087)
(37.1352 -1.83437e-18 -4.99009)
(36.9201 1.38921e-18 -4.8011)
(36.7281 2.70392e-19 -4.60544)
(36.5596 2.89238e-18 -4.40501)
(36.4143 -2.3534e-18 -4.20201)
(36.2919 -2.88345e-18 -3.99882)
(36.1916 2.28537e-18 -3.79782)
(36.1119 -2.7666e-18 -3.60125)
(36.0512 1.20549e-19 -3.41108)
(36.0074 -2.05788e-20 -3.22885)
(35.9784 2.92125e-18 -3.05568)
(35.9618 1.7811e-19 -2.8922)
(35.9556 -3.01572e-18 -2.73866)
(35.9578 3.03585e-18 -2.59493)
(35.9666 0 -2.46064)
(35.9804 -3.07092e-18 -2.33522)
(35.9981 2.98891e-18 -2.21798)
(36.0184 0 -2.10815)
(36.0406 -3.09947e-18 -2.00497)
(36.0639 3.12164e-18 -1.90767)
(36.0878 3.11677e-18 -1.81551)
(36.1117 -3.13231e-18 -1.7278)
(36.1353 3.03602e-18 -1.64389)
(36.1584 -6.51495e-18 -1.56319)
(36.1807 6.27933e-18 -1.48513)
(36.2019 -3.40421e-18 -1.40922)
(36.2219 -1.93253e-19 -1.33498)
(36.2405 3.26302e-18 -1.26197)
(36.2577 -3.31753e-18 -1.18978)
(36.2732 2.01035e-19 -1.11804)
(36.287 0 -1.04637)
(36.2989 -1.15323e-19 -0.974412)
(36.3088 0 -0.901822)
(36.3166 0 -0.828218)
(36.3221 1.25809e-19 -0.753206)
(36.3252 -3.97138e-18 -0.67653)
(36.3258 -1.39286e-19 -0.598036)
(36.3238 6.57835e-18 -0.516796)
(36.3185 -2.1929e-18 -0.430726)
(36.3105 -2.5998e-18 -0.341693)
(36.3023 2.7375e-18 -0.25979)
(36.2928 7.63911e-19 -0.165886)
(36.2779 -8.62998e-19 0.0304217)
(45.9549 -2.28219e-19 -2.99735)
(45.22 -8.08716e-18 -4.25463)
(44.2859 4.7261e-19 -5.0622)
(43.3933 2.92012e-18 -5.51833)
(42.5906 -3.00088e-18 -5.76945)
(41.8844 2.61919e-18 -5.89041)
(41.2621 0 -5.93177)
(40.7091 5.20867e-19 -5.92019)
(40.2131 -2.9719e-19 -5.87198)
(39.7642 -8.06689e-20 -5.79653)
(39.355 1.358e-19 -5.6996)
(38.9804 -2.70808e-19 -5.58478)
(38.6365 1.07478e-18 -5.45446)
(38.3208 -2.87557e-19 -5.31037)
(38.0318 0 -5.15398)
(37.7684 -2.62861e-19 -4.98668)
(37.5301 3.19391e-19 -4.80996)
(37.3167 0 -4.62553)
(37.1278 3.96173e-19 -4.43531)
(36.9634 0 -4.24145)
(36.8226 -4.43645e-19 -4.04625)
(36.7047 0 -3.85205)
(36.6082 2.56285e-19 -3.66106)
(36.5317 2.32425e-18 -3.47527)
(36.473 3.87679e-20 -3.29634)
(36.4302 -2.40201e-18 -3.12549)
(36.4009 2.75006e-19 -2.96354)
(36.3832 1.32396e-19 -2.81089)
(36.375 -1.48936e-19 -2.66761)
(36.3745 -1.35115e-19 -2.53348)
(36.38 0 -2.40805)
(36.3903 0 -2.29076)
(36.4042 4.61531e-18 -2.18094)
(36.4207 -1.52317e-19 -2.07789)
(36.439 -1.71757e-20 -1.9809)
(36.4586 -4.67224e-18 -1.88927)
(36.4787 1.3901e-19 -1.80233)
(36.4992 0 -1.71948)
(36.5195 7.80503e-20 -1.64012)
(36.5395 -1.4055e-19 -1.56371)
(36.5589 1.575e-19 -1.48976)
(36.5774 1.62588e-20 -1.41783)
(36.595 1.63258e-20 -1.34747)
(36.6116 3.0571e-19 -1.27831)
(36.6268 -4.90381e-18 -1.20997)
(36.6407 4.98505e-18 -1.14211)
(36.6532 4.88098e-18 -1.0744)
(36.664 -5.15487e-18 -1.00652)
(36.6731 1.5679e-19 -0.938166)
(36.6804 -5.39118e-18 -0.869016)
(36.6857 8.33404e-18 -0.798729)
(36.6889 -4.75626e-22 -0.726944)
(36.6898 -2.98986e-18 -0.653426)
(36.6885 0 -0.578033)
(36.6847 1.97274e-19 -0.499873)
(36.6778 -3.53654e-18 -0.41693)
(36.6684 3.84067e-18 -0.331016)
(36.6588 0 -0.251934)
(36.6478 1.15249e-18 -0.160958)
(36.6316 -1.30103e-18 0.0303495)
(45.3783 -5.78195e-18 -2.65043)
(44.8192 -3.42473e-19 -3.79187)
(44.0363 3.71021e-19 -4.56458)
(43.25 -7.11077e-18 -5.04268)
(42.5145 2.0675e-18 -5.32236)
(41.852 0 -5.47041)
(41.2593 0 -5.53219)
(40.7284 -1.07353e-19 -5.53491)
(40.2504 6.04318e-20 -5.49562)
(39.8178 -1.09309e-19 -5.42482)
(39.4248 2.05862e-19 -5.32932)
(39.067 -3.29313e-19 -5.21364)
(38.7413 0 -5.08106)
(38.4456 -2.97777e-19 -4.93416)
(38.1782 0 -4.77521)
(37.9384 2.20652e-19 -4.6064)
(37.7252 0 -4.42995)
(37.5379 0 -4.24818)
(37.3757 0 -4.06347)
(37.2375 2.6263e-18 -3.8782)
(37.122 4.58466e-19 -3.69464)
(37.0274 -5.7105e-18 -3.51486)
(36.952 5.59399e-18 -3.34063)
(36.8936 -3.04186e-18 -3.17332)
(36.8501 0 -3.01394)
(36.8193 1.07176e-19 -2.86308)
(36.7993 -3.49907e-18 -2.72098)
(36.7881 3.10661e-18 -2.5876)
(36.7842 0 -2.46265)
(36.786 3.50076e-18 -2.34569)
(36.7923 -6.81521e-18 -2.23616)
(36.8021 3.42707e-18 -2.13344)
(36.8145 0 -2.03688)
(36.8287 1.30172e-20 -1.94584)
(36.8443 0 -1.8597)
(36.8607 0 -1.77785)
(36.8775 -1.30427e-20 -1.69973)
(36.8944 3.48067e-18 -1.62484)
(36.9111 -3.50799e-18 -1.55268)
(36.9275 1.17229e-19 -1.48281)
(36.9433 0 -1.41483)
(36.9584 1.18572e-19 -1.34836)
(36.9726 2.25794e-19 -1.28304)
(36.9857 -1.20589e-19 -1.21856)
(36.9978 0 -1.15459)
(37.0087 0 -1.09085)
(37.0182 3.76601e-18 -1.02705)
(37.0262 -4.07302e-18 -0.962914)
(37.0327 1.0255e-19 -0.898172)
(37.0376 4.02637e-18 -0.832541)
(37.0406 -3.90337e-18 -0.765705)
(37.0417 0 -0.697332)
(37.0407 -4.47331e-18 -0.627203)
(37.0377 4.54065e-18 -0.555187)
(37.0322 -3.11261e-19 -0.480426)
(37.024 -2.44215e-19 -0.400989)
(37.0134 -1.31556e-19 -0.31861)
(37.0026 0 -0.24269)
(36.9905 1.06807e-18 -0.155103)
(36.9734 -9.74166e-19 0.0296351)
(44.8051 5.02229e-18 -2.33978)
(44.3849 5.35277e-19 -3.34351)
(43.7446 -5.75002e-19 -4.06296)
(43.0675 3.08263e-18 -4.5427)
(42.4088 -6.57353e-19 -4.84035)
(41.7998 -7.06252e-19 -5.00984)
(41.2456 -5.86428e-19 -5.08998)
(40.7444 -9.57633e-19 -5.10673)
(40.2911 4.81695e-19 -5.0772)
(39.8809 1.62806e-20 -5.01271)
(39.5095 -1.67413e-20 -4.92096)
(39.1735 0 -4.80744)
(38.8705 -1.55323e-19 -4.67633)
(38.5985 0 -4.5311)
(38.356 -2.6249e-19 -4.37482)
(38.1417 1.38855e-18 -4.21033)
(37.9544 -1.41147e-18 -4.0404)
(37.7927 1.95707e-19 -3.86765)
(37.6553 -1.85412e-18 -3.69456)
(37.5403 3.62423e-18 -3.52339)
(37.4458 -2.37367e-18 -3.35608)
(37.3698 2.04064e-18 -3.19423)
(37.3101 -2.02227e-18 -3.03905)
(37.2645 2.30301e-18 -2.89135)
(37.231 -2.18441e-18 -2.7516)
(37.2077 -1.40329e-19 -2.61994)
(37.1929 -2.34782e-18 -2.49627)
(37.1849 2.52755e-18 -2.38029)
(37.1825 0 -2.27156)
(37.1844 -4.91417e-18 -2.16958)
(37.1898 5.01672e-18 -2.07378)
(37.1979 0 -1.98356)
(37.2079 5.05285e-18 -1.89836)
(37.2194 -4.99703e-18 -1.81762)
(37.2318 5.15697e-18 -1.74079)
(37.2449 -5.11382e-18 -1.66739)
(37.2582 -8.59216e-20 -1.59695)
(37.2716 -1.51467e-19 -1.52905)
(37.2848 -1.52115e-19 -1.46328)
(37.2977 5.17363e-18 -1.39929)
(37.3101 -5.06813e-18 -1.33673)
(37.3218 -5.39507e-18 -1.2753)
(37.3327 5.21206e-18 -1.2147)
(37.3428 -5.33777e-18 -1.15466)
(37.3519 5.4152e-18 -1.09492)
(37.3598 5.64085e-18 -1.03522)
(37.3666 1.55477e-19 -0.975324)
(37.3721 -5.66467e-18 -0.914986)
(37.3761 -1.94377e-19 -0.853964)
(37.3787 0 -0.792003)
(37.3796 -2.35165e-20 -0.728817)
(37.3788 -1.88515e-19 -0.664097)
(37.3761 0 -0.597638)
(37.3715 1.16011e-19 -0.529315)
(37.3647 1.22474e-19 -0.45831)
(37.3553 4.05198e-18 -0.382788)
(37.3438 -2.02355e-18 -0.304387)
(37.3321 -2.29466e-18 -0.232004)
(37.319 -1.70049e-19 -0.148297)
(37.3013 -3.46448e-19 0.0283725)
(44.2442 0 -2.05749)
(43.931 0 -2.91727)
(43.4181 0 -3.5683)
(42.8485 0 -4.0304)
(42.2726 1.8724e-18 -4.3333)
(41.7257 -5.13413e-19 -4.51654)
(41.2187 0 -4.61136)
(40.7551 1.1326e-18 -4.64103)
(40.3338 -1.7009e-19 -4.62193)
(39.9523 0 -4.56567)
(39.608 0 -4.48063)
(39.2985 -1.35274e-19 -4.37311)
(39.0219 -4.39998e-19 -4.24811)
(38.7763 5.82515e-19 -4.10982)
(38.5601 2.76872e-20 -3.96189)
(38.3717 0 -3.80762)
(38.2093 0 -3.64996)
(38.071 -2.70117e-18 -3.49155)
(37.955 5.30307e-18 -3.33469)
(37.8591 -2.57461e-18 -3.18128)
(37.7811 3.2463e-18 -3.03282)
(37.7188 -2.7882e-18 -2.89042)
(37.6701 2.038e-19 -2.75481)
(37.633 3.25821e-18 -2.62639)
(37.6057 -6.9234e-18 -2.50525)
(37.5865 3.56865e-18 -2.3913)
(37.574 3.53051e-18 -2.28426)
(37.567 -3.44917e-18 -2.18373)
(37.5643 -3.59885e-18 -2.08926)
(37.5651 3.45264e-18 -2.00034)
(37.5687 3.64334e-18 -1.91646)
(37.5743 -3.66367e-18 -1.8371)
(37.5816 -1.0766e-19 -1.76178)
(37.59 0 -1.69002)
(37.5991 3.63556e-18 -1.62139)
(37.6088 -7.431e-18 -1.55547)
(37.6188 1.20657e-19 -1.49189)
(37.6287 3.76584e-18 -1.4303)
(37.6386 -3.73795e-18 -1.37037)
(37.6481 7.56066e-18 -1.31181)
(37.6572 -3.82622e-18 -1.25434)
(37.6658 -3.69831e-18 -1.1977)
(37.6737 3.87153e-18 -1.14166)
(37.6808 0 -1.08597)
(37.687 3.9528e-18 -1.03042)
(37.6923 -4.15235e-18 -0.974789)
(37.6965 -4.2188e-18 -0.918874)
(37.6996 4.06102e-18 -0.862457)
(37.7014 2.51045e-19 -0.80532)
(37.7018 -4.37851e-18 -0.747236)
(37.7008 4.36005e-18 -0.687941)
(37.6982 4.33044e-19 -0.62715)
(37.694 0 -0.564669)
(37.688 -5.12145e-18 -0.500375)
(37.6801 5.55216e-18 -0.433498)
(37.6698 2.8894e-18 -0.362308)
(37.6576 6.21439e-20 -0.28833)
(37.6453 -3.33169e-18 -0.219877)
(37.6316 -2.2256e-19 -0.140554)
(37.6135 7.97338e-19 0.0266689)
(43.7048 -5.29993e-18 -1.7968)
(43.4718 -2.82262e-19 -2.51808)
(43.0679 -1.69627e-18 -3.09085)
(42.5993 -1.11522e-18 -3.51924)
(42.1084 7.86586e-19 -3.81437)
(41.6293 1.40185e-19 -4.00247)
(41.177 1.20979e-19 -4.10705)
(40.7585 -4.6659e-19 -4.14768)
(40.3758 0 -4.13928)
(40.0289 5.78024e-20 -4.09317)
(39.7166 -4.31368e-20 -4.018)
(39.4374 1.13663e-19 -3.92059)
(39.1898 1.54654e-19 -3.80644)
(38.9719 -1.05804e-18 -3.6802)
(38.7819 2.52289e-18 -3.5458)
(38.618 -1.30535e-18 -3.40666)
(38.4782 1.48157e-18 -3.26566)
(38.3601 -1.89221e-18 -3.12524)
(38.2617 -1.85035e-18 -2.98734)
(38.1808 1.9841e-18 -2.85347)
(38.115 -2.18047e-18 -2.72472)
(38.0625 2.0495e-18 -2.60181)
(38.0212 -2.41783e-18 -2.48513)
(37.9894 2.43974e-18 -2.37482)
(37.9655 2.44934e-18 -2.2708)
(37.9482 2.39656e-20 -2.17286)
(37.9364 -5.03237e-18 -2.08065)
(37.9289 2.45369e-18 -1.99381)
(37.925 0 -1.91188)
(37.924 5.27859e-18 -1.83444)
(37.9252 -5.21864e-18 -1.76105)
(37.9281 -5.24874e-18 -1.69127)
(37.9324 5.36727e-18 -1.6247)
(37.9377 -5.29404e-18 -1.56096)
(37.9437 9.61212e-21 -1.4997)
(37.9502 5.34693e-18 -1.44058)
(37.9568 -9.12945e-20 -1.38329)
(37.9636 1.70301e-19 -1.32755)
(37.9702 9.2123e-20 -1.27311)
(37.9766 0 -1.21972)
(37.9827 -2.53624e-19 -1.16714)
(37.9882 -5.52978e-18 -1.11518)
(37.9933 -1.54567e-19 -1.06363)
(37.9976 1.11384e-17 -1.01229)
(38.0012 -1.1621e-17 -0.960983)
(38.004 5.98713e-18 -0.909517)
(38.0059 -6.09298e-18 -0.857713)
(38.0067 6.24668e-18 -0.805382)
(38.0065 -2.09449e-19 -0.75233)
(38.005 6.36588e-18 -0.698351)
(38.0023 -9.84544e-18 -0.643204)
(37.9982 3.17019e-18 -0.586624)
(37.9926 0 -0.528429)
(37.9855 0 -0.468497)
(37.9766 9.87654e-20 -0.406107)
(37.9657 -4.09649e-18 -0.33965)
(37.953 4.55256e-18 -0.270518)
(37.9403 -4.17275e-20 -0.206382)
(37.9262 1.85278e-19 -0.131933)
(37.9081 -4.23712e-19 0.0246456)
(43.1948 4.29715e-18 -1.5531)
(43.0214 -3.65487e-18 -2.14829)
(42.7074 -6.03518e-19 -2.63907)
(42.3299 3.50756e-18 -3.02243)
(41.9216 -1.72419e-18 -3.29838)
(41.5131 4.90762e-19 -3.48251)
(41.1203 5.14993e-19 -3.59132)
(40.7524 0 -3.64029)
(40.4138 1.01597e-19 -3.64228)
(40.1061 -1.35087e-19 -3.60778)
(39.8293 -1.09383e-19 -3.54521)
(39.5827 -5.05222e-20 -3.46144)
(39.3651 -2.28907e-19 -3.36212)
(39.1747 0 -3.25197)
(39.0098 0 -3.13491)
(38.8683 0 -3.01419)
(38.7481 2.82231e-20 -2.89248)
(38.647 -2.37207e-18 -2.77186)
(38.5627 -2.54569e-19 -2.65395)
(38.4932 -1.36025e-19 -2.53989)
(38.4365 2.93632e-18 -2.43048)
(38.3908 -3.0822e-18 -2.32617)
(38.3543 3.20006e-18 -2.22716)
(38.3256 0 -2.13346)
(38.3035 0 -2.04493)
(38.2868 0 -1.96133)
(38.2746 0 -1.88236)
(38.266 -3.59266e-18 -1.80767)
(38.2605 7.2421e-18 -1.73689)
(38.2573 -3.64881e-18 -1.66967)
(38.256 0 -1.60565)
(38.2563 0 -1.54448)
(38.2577 0 -1.48583)
(38.26 -5.42421e-20 -1.42941)
(38.263 0 -1.37493)
(38.2664 3.78623e-18 -1.32212)
(38.27 -3.70017e-18 -1.27074)
(38.2737 3.87359e-18 -1.22056)
(38.2774 -3.85714e-18 -1.17139)
(38.2809 3.88022e-18 -1.12301)
(38.2842 -7.69401e-18 -1.07524)
(38.287 7.90121e-18 -1.02792)
(38.2894 1.34391e-19 -0.980875)
(38.2913 -3.90504e-18 -0.933943)
(38.2925 4.12145e-18 -0.886964)
(38.293 -4.3096e-18 -0.839783)
(38.2928 4.64237e-18 -0.792242)
(38.2916 -4.33769e-18 -0.744174)
(38.2895 0 -0.695408)
(38.2864 0 -0.645756)
(38.2822 -5.01448e-18 -0.594999)
(38.2768 -1.88544e-20 -0.542892)
(38.2701 5.11514e-18 -0.489265)
(38.262 0 -0.433997)
(38.2525 -3.05282e-18 -0.376415)
(38.2411 2.84162e-18 -0.315041)
(38.2283 -1.03895e-19 -0.251132)
(38.2154 0 -0.191665)
(38.2013 0 -0.122527)
(38.1835 0 0.0224144)
(42.7208 -3.48264e-19 -1.32438)
(42.5917 3.49918e-18 -1.80885)
(42.3502 -1.05925e-18 -2.21954)
(42.0519 -1.15937e-18 -2.55189)
(41.7204 2.25787e-18 -2.80033)
(41.3814 -1.8977e-18 -2.97302)
(41.0497 0 -3.08073)
(40.7354 4.71135e-19 -3.13501)
(40.4439 -8.72071e-19 -3.14641)
(40.1779 3.93015e-19 -3.12407)
(39.9383 0 -3.07573)
(39.7251 4.2475e-20 -3.00785)
(39.5372 8.31775e-20 -2.92584)
(39.3733 8.89487e-20 -2.83414)
(39.2315 -2.1048e-18 -2.73641)
(39.11 9.31438e-19 -2.6356)
(39.0067 1.58409e-18 -2.53403)
(38.9196 1.71608e-18 -2.43347)
(38.8467 1.1717e-19 -2.33523)
(38.7861 -1.98469e-18 -2.2402)
(38.7362 -2.02045e-18 -2.14897)
(38.6953 4.12914e-18 -2.06186)
(38.6621 -2.18566e-18 -1.97898)
(38.6354 0 -1.9003)
(38.6141 -6.67697e-20 -1.82569)
(38.5973 -2.40931e-18 -1.75493)
(38.5843 -2.46648e-20 -1.68779)
(38.5744 -2.50284e-18 -1.62398)
(38.5671 4.99477e-18 -1.56322)
(38.5618 0 -1.50521)
(38.5582 5.12071e-18 -1.44968)
(38.5559 -5.14774e-18 -1.39636)
(38.5547 0 -1.34501)
(38.5543 4.53741e-20 -1.29537)
(38.5545 0 -1.24724)
(38.5551 0 -1.2004)
(38.556 -1.69193e-19 -1.15466)
(38.557 5.28009e-18 -1.10986)
(38.5581 -1.07498e-17 -1.06581)
(38.559 1.08409e-17 -1.02236)
(38.5597 -5.51052e-18 -0.979365)
(38.5602 -1.6104e-19 -0.936685)
(38.5603 0 -0.894183)
(38.5599 0 -0.851724)
(38.559 9.98493e-20 -0.809172)
(38.5576 5.91217e-18 -0.766394)
(38.5554 -1.22607e-17 -0.723254)
(38.5526 5.97898e-18 -0.679607)
(38.5489 0 -0.635299)
(38.5444 0 -0.590161)
(38.539 2.31016e-19 -0.543994)
(38.5325 0 -0.496575)
(38.5249 -3.45983e-18 -0.447743)
(38.5162 7.70354e-18 -0.397377)
(38.5062 -4.06635e-18 -0.344862)
(38.4947 7.44781e-20 -0.28885)
(38.4819 2.37277e-18 -0.230462)
(38.4691 -2.56699e-18 -0.175957)
(38.4552 0 -0.112475)
(38.438 3.83847e-19 0.0200107)
(42.2877 0 -1.11071)
(42.192 4.9266e-19 -1.5003)
(42.0082 3.49512e-18 -1.83698)
(41.7768 -1.70936e-18 -2.11724)
(41.514 -1.63734e-18 -2.33357)
(41.2399 1.53396e-18 -2.48955)
(40.9677 -5.51803e-19 -2.5917)
(40.7067 0 -2.64825)
(40.4625 -1.57251e-19 -2.66738)
(40.2385 9.13612e-20 -2.65665)
(40.036 4.36469e-20 -2.62274)
(39.8554 0 -2.57136)
(39.696 3.88371e-19 -2.50732)
(39.5567 9.82762e-20 -2.4346)
(39.436 5.45903e-19 -2.35642)
(39.3322 -1.42624e-18 -2.27534)
(39.2435 -6.94048e-20 -2.19333)
(39.1683 0 -2.11188)
(39.1048 0 -2.03206)
(39.0514 2.06124e-20 -1.9546)
(39.0068 -2.72866e-18 -1.87997)
(38.9697 2.83192e-18 -1.80841)
(38.939 0 -1.74002)
(38.9137 0 -1.6748)
(38.8929 3.2785e-18 -1.61264)
(38.8759 9.6763e-20 -1.55338)
(38.862 -3.22404e-18 -1.49685)
(38.8509 -4.74853e-20 -1.44283)
(38.8419 0 -1.39111)
(38.8348 4.89666e-20 -1.34149)
(38.8291 0 -1.29374)
(38.8247 3.48001e-18 -1.24768)
(38.8212 -3.59946e-18 -1.20311)
(38.8184 3.64405e-18 -1.15985)
(38.8162 -3.56137e-18 -1.11773)
(38.8145 -3.60046e-18 -1.07659)
(38.813 5.6731e-20 -1.0363)
(38.8117 3.70879e-18 -0.996699)
(38.8105 -6.53591e-20 -0.957672)
(38.8092 6.59569e-20 -0.919091)
(38.8078 0 -0.880836)
(38.8062 1.34753e-19 -0.842798)
(38.8043 0 -0.804864)
(38.802 3.99232e-18 -0.766924)
(38.7994 -4.16628e-18 -0.728862)
(38.7963 -1.19195e-19 -0.690567)
(38.7926 0 -0.651921)
(38.7883 1.4971e-19 -0.612797)
(38.7834 0 -0.573059)
(38.7778 0 -0.532557)
(38.7714 0 -0.491109)
(38.7641 2.86501e-19 -0.448514)
(38.756 -5.5238e-18 -0.404621)
(38.7469 5.42999e-18 -0.359313)
(38.7367 2.90428e-18 -0.312028)
(38.7252 2.99824e-20 -0.26156)
(38.7127 -3.30265e-18 -0.208888)
(38.7003 -1.8406e-18 -0.159542)
(38.6868 1.78933e-18 -0.101969)
(38.6704 -8.64232e-19 0.0175282)
(41.8986 0 -0.913774)
(41.8286 2.03594e-18 -1.22345)
(41.6906 -2.29443e-18 -1.49463)
(41.5144 1.45358e-18 -1.72549)
(41.3106 -1.0964e-18 -1.90859)
(41.0948 6.47942e-19 -2.04502)
(40.8773 4.66622e-19 -2.13847)
(40.6664 5.97758e-19 -2.19452)
(40.4673 3.67641e-19 -2.21923)
(40.2833 -8.72388e-19 -2.21854)
(40.1161 1.09465e-19 -2.19788)
(39.9662 -1.12347e-19 -2.16201)
(39.8332 -8.57888e-19 -2.11499)
(39.7165 7.4318e-19 -2.06017)
(39.6148 9.72147e-19 -2.00028)
(39.5267 -8.16391e-19 -1.93747)
(39.4509 -1.2376e-18 -1.8734)
(39.386 -7.19836e-20 -1.8093)
(39.3306 -1.24543e-19 -1.74607)
(39.2835 -4.81281e-20 -1.68432)
(39.2436 1.66385e-18 -1.62446)
(39.2098 0 -1.56671)
(39.1812 1.8971e-18 -1.51118)
(39.1571 -3.98844e-18 -1.4579)
(39.1368 4.08729e-18 -1.4068)
(39.1198 -2.13884e-18 -1.3578)
(39.1054 -3.90384e-20 -1.31077)
(39.0933 3.97805e-20 -1.26558)
(39.0831 0 -1.22207)
(39.0745 -4.10147e-20 -1.1801)
(39.0672 -4.71638e-18 -1.13951)
(39.061 4.74963e-18 -1.10017)
(39.0556 4.24554e-20 -1.06193)
(39.051 -4.28751e-20 -1.02467)
(39.0469 -1.12659e-19 -0.988255)
(39.0432 -4.9976e-18 -0.952571)
(39.0398 9.99191e-18 -0.917509)
(39.0366 -5.11286e-18 -0.882964)
(39.0335 0 -0.848837)
(39.0304 0 -0.815031)
(39.0273 -5.25012e-18 -0.781452)
(39.024 5.3035e-18 -0.748012)
(39.0205 1.54401e-19 -0.714623)
(39.0168 -5.50229e-18 -0.681191)
(39.0127 5.67864e-18 -0.647622)
(39.0083 9.97802e-20 -0.613822)
(39.0035 0 -0.57969)
(38.9981 0 -0.545114)
(38.9923 0 -0.509977)
(38.9859 -6.40786e-18 -0.474143)
(38.9788 3.27494e-18 -0.437452)
(38.9711 6.66606e-18 -0.399722)
(38.9626 -3.4772e-18 -0.360812)
(38.9534 -3.83344e-18 -0.320609)
(38.9433 3.91556e-18 -0.27861)
(38.9321 -4.36864e-18 -0.233748)
(38.92 4.67788e-18 -0.186865)
(38.9082 -2.59028e-18 -0.142772)
(38.8954 3.38024e-18 -0.0912369)
(38.8802 4.54148e-19 0.0150664)
(41.5549 -2.47738e-19 -0.735989)
(41.5051 -8.80899e-19 -0.979302)
(41.4032 9.43654e-19 -1.19443)
(41.2718 -9.80515e-19 -1.38091)
(41.1173 0 -1.5323)
(40.9514 4.13377e-19 -1.6485)
(40.7821 1.16174e-18 -1.73143)
(40.616 -2.12898e-18 -1.78474)
(40.4577 7.57395e-19 -1.81272)
(40.3101 4.78176e-19 -1.81982)
(40.175 -2.82514e-19 -1.81023)
(40.053 -2.57416e-19 -1.78772)
(39.944 0 -1.75554)
(39.8475 3.00083e-19 -1.71642)
(39.7628 -3.01812e-19 -1.67258)
(39.6889 -4.27899e-20 -1.62576)
(39.6246 1.43949e-18 -1.57735)
(39.5689 -1.51821e-18 -1.52836)
(39.5209 0 -1.47955)
(39.4795 -2.04339e-18 -1.43146)
(39.4438 2.02321e-18 -1.38445)
(39.4132 2.34058e-18 -1.33873)
(39.3869 -2.3149e-18 -1.29444)
(39.3642 -3.48064e-20 -1.25162)
(39.3447 2.67049e-18 -1.21028)
(39.3279 -2.72526e-18 -1.17036)
(39.3133 2.83396e-18 -1.1318)
(39.3007 -2.84996e-18 -1.09451)
(39.2898 2.96585e-18 -1.05842)
(39.2802 -2.98131e-18 -1.0234)
(39.2717 2.75801e-20 -0.989374)
(39.2643 -4.35895e-20 -0.956234)
(39.2576 4.43345e-20 -0.923887)
(39.2515 -4.50489e-20 -0.892239)
(39.246 1.03868e-19 -0.861203)
(39.2409 3.30346e-18 -0.830692)
(39.236 2.33575e-20 -0.800628)
(39.2314 -3.31024e-18 -0.770933)
(39.2269 -3.44072e-18 -0.741532)
(39.2225 3.46896e-18 -0.712351)
(39.218 1.0033e-19 -0.683319)
(39.2135 0 -0.654366)
(39.2088 -1.29328e-19 -0.625421)
(39.204 1.06181e-19 -0.59641)
(39.1989 1.08543e-19 -0.567253)
(39.1936 -3.79951e-18 -0.537871)
(39.1879 3.98155e-18 -0.50818)
(39.1819 3.89208e-18 -0.478084)
(39.1755 -4.22268e-18 -0.447478)
(39.1686 4.40954e-18 -0.416244)
(39.1612 -4.54139e-18 -0.384241)
(39.1532 2.73343e-19 -0.351306)
(39.1447 0 -0.31731)
(39.1356 -1.51753e-19 -0.282147)
(39.1258 -6.36089e-20 -0.24537)
(39.1151 0 -0.206048)
(39.1038 3.28903e-18 -0.164896)
(39.0927 -3.66671e-18 -0.126032)
(39.0808 -2.77511e-19 -0.080526)
(39.0668 0 0.0127091)
(41.2563 0 -0.579712)
(41.2225 0 -0.768588)
(41.1491 0 -0.936965)
(41.0531 1.23519e-18 -1.08514)
(40.9386 -1.49769e-19 -1.20793)
(40.814 -1.16632e-18 -1.30475)
(40.6853 -4.43934e-19 -1.37649)
(40.5576 0 -1.42543)
(40.4347 1.45637e-18 -1.45452)
(40.3189 -1.99625e-18 -1.46692)
(40.212 9.39376e-19 -1.46575)
(40.1145 -8.68082e-20 -1.45386)
(40.0266 0 -1.43374)
(39.9482 1.51387e-20 -1.40753)
(39.8786 -1.23217e-20 -1.37698)
(39.8173 0 -1.34348)
(39.7634 7.92692e-19 -1.30816)
(39.7161 -7.85067e-19 -1.27185)
(39.6749 -1.04762e-18 -1.23519)
(39.6389 1.08508e-18 -1.19864)
(39.6074 0 -1.16253)
(39.58 -1.41535e-18 -1.12708)
(39.556 2.93273e-18 -1.09242)
(39.5351 7.84894e-20 -1.05864)
(39.5167 -3.25886e-18 -1.02575)
(39.5005 1.70266e-18 -0.993776)
(39.4863 0 -0.962674)
(39.4736 -3.68052e-18 -0.932409)
(39.4624 3.70005e-18 -0.90293)
(39.4524 -3.87126e-18 -0.874178)
(39.4433 -9.29361e-20 -0.846094)
(39.4351 4.01299e-18 -0.818615)
(39.4276 -6.56403e-20 -0.791679)
(39.4207 3.77592e-20 -0.765223)
(39.4142 -4.23827e-18 -0.739189)
(39.4081 4.28402e-18 -0.713516)
(39.4023 -4.40315e-18 -0.688149)
(39.3967 -1.06578e-19 -0.663031)
(39.3913 4.51029e-18 -0.638109)
(39.3859 0 -0.613328)
(39.3806 -8.40765e-20 -0.588631)
(39.3753 4.81097e-18 -0.563967)
(39.3698 -4.86531e-18 -0.539279)
(39.3643 -8.89718e-20 -0.514507)
(39.3586 -9.09478e-20 -0.489585)
(39.3527 -9.31573e-20 -0.46445)
(39.3466 5.2683e-18 -0.439028)
(39.3402 -1.10833e-17 -0.413239)
(39.3335 5.71879e-18 -0.386993)
(39.3265 0 -0.360186)
(39.319 0 -0.332694)
(39.3111 -2.28939e-19 -0.304375)
(39.3028 0 -0.275113)
(39.2941 -3.51251e-18 -0.244807)
(39.2848 4.07299e-18 -0.213068)
(39.2748 -4.17242e-18 -0.179095)
(39.2643 6.72913e-18 -0.143483)
(39.2541 -2.29454e-18 -0.109708)
(39.2432 -3.15951e-19 -0.0700841)
(39.2306 0 0.0105229)
(41.0014 -2.31084e-19 -0.446492)
(40.9801 1.56154e-18 -0.591261)
(40.9287 4.21851e-19 -0.7214)
(40.8603 -2.61208e-18 -0.837469)
(40.7774 8.85903e-19 -0.935463)
(40.6859 1.43243e-18 -1.01466)
(40.5903 -7.81638e-19 -1.07535)
(40.4942 -1.07425e-18 -1.11893)
(40.4007 8.54323e-20 -1.14731)
(40.3118 9.06311e-19 -1.16269)
(40.2287 5.89736e-19 -1.16729)
(40.1522 -1.12298e-19 -1.16318)
(40.0826 -3.63547e-19 -1.15222)
(40.0198 -3.14097e-22 -1.13601)
(39.9636 1.03626e-20 -1.11591)
(39.9134 0 -1.09301)
(39.8688 -1.44968e-20 -1.06819)
(39.8293 -9.59912e-19 -1.04214)
(39.7944 9.48409e-19 -1.01538)
(39.7635 0 -0.988312)
(39.7362 0 -0.961225)
(39.712 0 -0.934329)
(39.6906 0 -0.907764)
(39.6716 1.77064e-20 -0.881624)
(39.6547 0 -0.855964)
(39.6396 -2.78596e-20 -0.830809)
(39.626 0 -0.806165)
(39.6139 2.27471e-18 -0.782023)
(39.6028 -2.28659e-18 -0.758363)
(39.5928 2.4235e-18 -0.735156)
(39.5836 -2.41273e-18 -0.71237)
(39.5751 -2.55476e-18 -0.68997)
(39.5673 2.5557e-18 -0.667919)
(39.56 0 -0.646178)
(39.553 -4.96734e-20 -0.624709)
(39.5465 0 -0.603473)
(39.5402 -3.94475e-20 -0.582431)
(39.5341 5.24973e-20 -0.561545)
(39.5281 0 -0.540777)
(39.5223 0 -0.520085)
(39.5165 8.63706e-20 -0.49943)
(39.5107 0 -0.47877)
(39.505 3.24114e-18 -0.458062)
(39.4991 4.05682e-20 -0.437258)
(39.4931 -5.38287e-20 -0.416306)
(39.4871 -3.36755e-18 -0.395151)
(39.4808 3.74686e-18 -0.373734)
(39.4743 -3.55947e-18 -0.351986)
(39.4677 0 -0.329831)
(39.4607 4.0319e-18 -0.30718)
(39.4535 -4.15185e-18 -0.283925)
(39.4459 0 -0.259942)
(39.4381 -1.31458e-19 -0.23513)
(39.4298 0 -0.209395)
(39.4212 -9.23762e-20 -0.182403)
(39.4121 -2.83729e-18 -0.153473)
(39.4026 3.01417e-18 -0.123095)
(39.3933 1.63501e-18 -0.094157)
(39.3836 -1.81245e-18 -0.0601391)
(39.3725 0 0.00855406)
(40.7877 -1.12202e-18 -0.336593)
(40.7756 -7.29053e-19 -0.446086)
(40.7408 0 -0.545442)
(40.6935 6.95427e-19 -0.635173)
(40.6349 5.28724e-19 -0.712253)
(40.5692 7.62004e-19 -0.775968)
(40.4995 -1.53079e-18 -0.826303)
(40.4288 -2.00255e-19 -0.864039)
(40.3591 -1.74529e-19 -0.890396)
(40.292 1.4818e-19 -0.906832)
(40.2287 7.54127e-19 -0.91487)
(40.1697 -8.96317e-19 -0.915977)
(40.1155 4.92147e-19 -0.911498)
(40.066 -4.4855e-19 -0.902614)
(40.0212 5.22607e-20 -0.890332)
(39.9808 7.02316e-20 -0.875491)
(39.9445 -1.2342e-19 -0.858776)
(39.912 -7.77514e-21 -0.840733)
(39.8829 -1.18224e-20 -0.821792)
(39.8569 0 -0.802286)
(39.8336 0 -0.782469)
(39.8127 0 -0.762529)
(39.794 1.01205e-18 -0.742604)
(39.7771 -1.00658e-18 -0.722792)
(39.7619 -1.16546e-18 -0.703159)
(39.7482 1.19587e-18 -0.683749)
(39.7357 0 -0.664586)
(39.7243 2.75567e-18 -0.645681)
(39.7139 -5.60623e-18 -0.627033)
(39.7043 2.8887e-18 -0.608636)
(39.6954 -3.06847e-18 -0.590477)
(39.6871 3.10499e-18 -0.57254)
(39.6793 -3.23278e-18 -0.554805)
(39.672 3.27974e-18 -0.537252)
(39.665 -4.70792e-20 -0.519857)
(39.6584 -3.53569e-18 -0.502597)
(39.652 3.59068e-18 -0.485446)
(39.6458 0 -0.468379)
(39.6397 3.80916e-18 -0.451369)
(39.6338 -3.8401e-18 -0.434389)
(39.6279 -7.24148e-20 -0.417406)
(39.6221 -4.05352e-18 -0.400392)
(39.6162 5.14052e-20 -0.383313)
(39.6104 4.27591e-18 -0.36613)
(39.6044 4.67836e-18 -0.348802)
(39.5985 -4.49857e-18 -0.331286)
(39.5923 4.90596e-18 -0.313531)
(39.5861 -5.00799e-18 -0.295481)
(39.5797 1.43989e-19 -0.27707)
(39.5731 -5.36008e-18 -0.258224)
(39.5663 5.36181e-18 -0.238851)
(39.5592 0 -0.218844)
(39.552 1.10159e-19 -0.198116)
(39.5444 3.12201e-18 -0.176581)
(39.5366 -3.57755e-18 -0.153956)
(39.5284 1.07525e-19 -0.129671)
(39.5199 1.82944e-20 -0.104125)
(39.5118 -2.28629e-18 -0.0796793)
(39.5032 2.98036e-18 -0.0508831)
(39.4935 0 0.00682901)
(40.6115 1.68575e-18 -0.248883)
(40.6059 0 -0.33057)
(40.5834 0 -0.40549)
(40.5517 -1.16183e-18 -0.473975)
(40.5112 3.69326e-19 -0.533777)
(40.4651 1.94172e-18 -0.584246)
(40.4154 -1.55844e-18 -0.625208)
(40.3642 1.30841e-18 -0.657065)
(40.3132 -8.93969e-19 -0.680551)
(40.2635 -9.76968e-19 -0.696604)
(40.2161 9.2129e-19 -0.706241)
(40.1714 -3.89928e-20 -0.710471)
(40.1299 -3.01103e-20 -0.710237)
(40.0915 3.01018e-19 -0.706388)
(40.0564 -1.26634e-19 -0.699663)
(40.0244 -1.82555e-19 -0.690688)
(39.9954 1.86731e-21 -0.679985)
(39.969 6.53307e-21 -0.667979)
(39.9452 1.36945e-20 -0.655015)
(39.9236 6.34095e-19 -0.641364)
(39.9041 -6.39707e-19 -0.62724)
(39.8864 -9.34207e-19 -0.612809)
(39.8704 9.30696e-19 -0.598196)
(39.8558 7.30526e-21 -0.583497)
(39.8425 -1.30416e-18 -0.568781)
(39.8303 1.31188e-18 -0.554097)
(39.8192 0 -0.539479)
(39.8089 -1.61639e-18 -0.524951)
(39.7993 3.29742e-18 -0.510525)
(39.7905 -1.71309e-18 -0.496206)
(39.7822 0 -0.481995)
(39.7744 1.90557e-18 -0.467889)
(39.767 -1.93307e-18 -0.453879)
(39.76 0 -0.439957)
(39.7533 -2.06682e-18 -0.426111)
(39.7469 2.1175e-18 -0.412326)
(39.7407 0 -0.398589)
(39.7347 0 -0.384883)
(39.7289 6.60382e-20 -0.37119)
(39.7231 6.81647e-20 -0.35749)
(39.7174 -7.03603e-20 -0.343761)
(39.7118 -2.60965e-18 -0.329982)
(39.7062 -7.60767e-20 -0.316126)
(39.7006 2.75085e-18 -0.302165)
(39.695 -1.04562e-19 -0.288064)
(39.6893 -2.47418e-20 -0.273789)
(39.6835 3.00025e-18 -0.2593)
(39.6777 -3.05921e-18 -0.244548)
(39.6717 -1.20705e-19 -0.229481)
(39.6657 0 -0.214035)
(39.6594 3.38435e-19 -0.198134)
(39.6531 3.89637e-18 -0.181687)
(39.6465 -4.04701e-18 -0.164619)
(39.6397 2.78863e-19 -0.146854)
(39.6328 2.15282e-19 -0.128156)
(39.6255 -9.00903e-20 -0.108054)
(39.6182 2.75227e-18 -0.0868677)
(39.611 -2.91427e-18 -0.0665008)
(39.6036 6.17779e-19 -0.0424595)
(39.5953 -9.62812e-19 0.00535572)
(40.469 -1.35976e-18 -0.181057)
(40.4676 8.13657e-19 -0.241177)
(40.4538 -6.48638e-20 -0.29697)
(40.4331 3.13487e-19 -0.348577)
(40.4059 7.73123e-19 -0.394347)
(40.3742 -3.71798e-19 -0.433716)
(40.3395 -7.15918e-19 -0.466446)
(40.3032 9.99872e-19 -0.492703)
(40.2664 -8.40084e-19 -0.512904)
(40.2303 0 -0.52763)
(40.1953 0 -0.537539)
(40.162 -2.72009e-20 -0.543307)
(40.1306 0 -0.545581)
(40.1014 0 -0.544957)
(40.0743 4.21096e-19 -0.541965)
(40.0494 -4.38533e-19 -0.537064)
(40.0265 -9.2677e-21 -0.530642)
(40.0055 -3.15761e-21 -0.523025)
(39.9863 2.96521e-23 -0.51448)
(39.9688 0 -0.505226)
(39.9528 0 -0.495436)
(39.9381 4.55364e-21 -0.485251)
(39.9246 0 -0.474779)
(39.9123 6.09403e-19 -0.464108)
(39.9009 -6.10973e-19 -0.453302)
(39.8904 0 -0.442412)
(39.8807 -1.69403e-18 -0.431475)
(39.8716 1.70376e-18 -0.420519)
(39.8631 0 -0.409563)
(39.8552 1.34224e-20 -0.39862)
(39.8477 -2.17819e-18 -0.387698)
(39.8407 2.18868e-18 -0.376799)
(39.8339 1.59121e-20 -0.365926)
(39.8275 -2.50024e-18 -0.355075)
(39.8214 2.48937e-18 -0.344243)
(39.8155 2.7656e-18 -0.333422)
(39.8097 -2.72067e-18 -0.322604)
(39.8041 0 -0.311781)
(39.7987 -5.53712e-20 -0.30094)
(39.7933 -3.12978e-18 -0.290067)
(39.7881 -2.1681e-20 -0.279148)
(39.7829 -9.59295e-20 -0.268167)
(39.7777 3.3112e-18 -0.257104)
(39.7725 0 -0.245936)
(39.7673 0 -0.234637)
(39.7621 -6.98224e-20 -0.22318)
(39.7569 0 -0.211532)
(39.7516 1.15945e-19 -0.199653)
(39.7463 4.25611e-18 -0.187501)
(39.7408 -4.61871e-18 -0.175023)
(39.7353 -3.07223e-19 -0.162155)
(39.7296 2.54941e-18 -0.148822)
(39.7238 5.72014e-20 -0.134961)
(39.7179 -4.20876e-20 -0.120506)
(39.7118 -3.144e-18 -0.10526)
(39.7056 -3.4496e-18 -0.0888435)
(39.6992 3.60564e-18 -0.0715057)
(39.6931 -2.09258e-18 -0.0547628)
(39.6868 2.47277e-18 -0.0349579)
(39.6799 0 0.00412711)
(40.3556 4.00664e-19 -0.13008)
(40.3568 3.12863e-19 -0.173762)
(40.3488 -1.43562e-18 -0.214807)
(40.3358 3.23003e-20 -0.253207)
(40.318 9.12609e-19 -0.287768)
(40.2966 1.4285e-18 -0.318018)
(40.2728 -2.22803e-18 -0.343707)
(40.2475 1.06536e-18 -0.364865)
(40.2215 -7.50412e-20 -0.381711)
(40.1955 0 -0.394588)
(40.1701 0 -0.403908)
(40.1456 5.04945e-20 -0.410112)
(40.1224 0 -0.413636)
(40.1004 0 -0.414887)
(40.0798 -1.35348e-20 -0.41424)
(40.0607 6.00957e-19 -0.412022)
(40.0429 -1.71853e-19 -0.408518)
(40.0265 -1.74396e-19 -0.403971)
(40.0113 -3.25911e-19 -0.398585)
(39.9973 1.51606e-19 -0.392529)
(39.9844 -6.98268e-20 -0.385943)
(39.9725 -3.82156e-21 -0.37894)
(39.9614 -2.30068e-21 -0.371612)
(39.9512 3.16885e-21 -0.364032)
(39.9417 -7.05526e-19 -0.35626)
(39.9328 6.97707e-19 -0.348341)
(39.9245 8.8724e-21 -0.340312)
(39.9168 -3.51422e-21 -0.332201)
(39.9095 6.85966e-21 -0.324029)
(39.9026 1.16106e-18 -0.315813)
(39.896 -1.17788e-18 -0.307562)
(39.8898 0 -0.299286)
(39.8839 -1.33416e-20 -0.290988)
(39.8782 0 -0.282672)
(39.8727 0 -0.274336)
(39.8674 1.60481e-18 -0.265979)
(39.8623 6.32384e-20 -0.257597)
(39.8573 -1.71994e-18 -0.249186)
(39.8524 5.01551e-20 -0.240737)
(39.8476 1.89641e-18 -0.232242)
(39.8428 6.04363e-20 -0.22369)
(39.8382 2.2085e-20 -0.21507)
(39.8335 -4.28802e-18 -0.206368)
(39.8289 2.20161e-18 -0.197565)
(39.8243 0 -0.188642)
(39.8197 6.75048e-20 -0.179577)
(39.8151 0 -0.170344)
(39.8104 -2.45144e-19 -0.160911)
(39.8057 1.01721e-19 -0.151243)
(39.8009 -5.67735e-20 -0.141297)
(39.7961 -3.18201e-18 -0.131021)
(39.7912 3.22706e-18 -0.120355)
(39.7862 9.74501e-20 -0.109243)
(39.7811 -3.65433e-18 -0.0976316)
(39.7759 3.95069e-18 -0.0853598)
(39.7706 -2.05427e-18 -0.0721215)
(39.7653 2.32937e-18 -0.0581121)
(39.7601 -7.3787e-20 -0.0445222)
(39.7548 -7.93782e-19 -0.0284141)
(39.7491 4.53296e-19 0.00312509)
(40.2671 3.81318e-19 -0.0926763)
(40.2695 1.80399e-19 -0.124054)
(40.2652 -6.41313e-19 -0.153906)
(40.2574 -4.30758e-19 -0.182137)
(40.246 1.12433e-18 -0.207896)
(40.2319 1.56277e-18 -0.230801)
(40.2158 -1.88024e-18 -0.25062)
(40.1984 -7.52539e-19 -0.267315)
(40.1802 7.69801e-19 -0.280984)
(40.1619 -7.7056e-20 -0.291818)
(40.1437 -7.02805e-20 -0.300068)
(40.126 1.01863e-18 -0.306013)
(40.1089 -1.03568e-18 -0.309938)
(40.0926 -7.89845e-19 -0.31212)
(40.0773 1.45123e-18 -0.312815)
(40.0628 -6.50982e-19 -0.312253)
(40.0492 -6.92878e-21 -0.31064)
(40.0366 0 -0.308153)
(40.0248 0 -0.304944)
(40.0138 -9.9422e-20 -0.301141)
(40.0035 1.00251e-19 -0.296853)
(39.994 1.57599e-22 -0.292169)
(39.9851 1.92976e-21 -0.287163)
(39.9767 -2.50497e-19 -0.281896)
(39.9689 -7.39217e-20 -0.276419)
(39.9616 3.22438e-19 -0.27077)
(39.9547 0 -0.264983)
(39.9483 -5.19346e-21 -0.259083)
(39.9421 -1.19035e-18 -0.253092)
(39.9363 -1.14569e-19 -0.247025)
(39.9307 1.30358e-18 -0.240895)
(39.9254 1.53563e-18 -0.23471)
(39.9203 9.14481e-20 -0.228478)
(39.9154 -3.3858e-18 -0.222203)
(39.9106 3.59927e-18 -0.215887)
(39.906 9.38642e-20 -0.209531)
(39.9016 -1.99126e-18 -0.203134)
(39.8972 -2.88732e-20 -0.196692)
(39.893 -4.20334e-20 -0.190204)
(39.8888 -3.19419e-20 -0.183661)
(39.8846 0 -0.177058)
(39.8806 0 -0.170385)
(39.8765 -2.63722e-18 -0.163633)
(39.8725 -1.16849e-20 -0.156789)
(39.8685 2.95451e-18 -0.149836)
(39.8646 -5.65728e-20 -0.142757)
(39.8606 -3.25092e-18 -0.135532)
(39.8565 -6.52758e-20 -0.128136)
(39.8525 3.49066e-18 -0.120541)
(39.8484 -3.6476e-18 -0.112711)
(39.8443 4.15159e-18 -0.104606)
(39.8401 1.17192e-19 -0.0961755)
(39.8359 2.30835e-18 -0.0873748)
(39.8316 -2.4526e-18 -0.0781586)
(39.8273 2.61711e-18 -0.0683972)
(39.8228 -2.82338e-18 -0.057848)
(39.8184 -7.60491e-21 -0.0466615)
(39.8141 1.78389e-18 -0.0357614)
(39.8097 -2.02964e-18 -0.0228167)
(39.8051 3.21112e-19 0.00232462)
(40.199 -5.6059e-19 -0.0657403)
(40.2017 0 -0.0880662)
(40.1997 0 -0.10956)
(40.1952 5.7339e-19 -0.130089)
(40.1881 -8.89647e-19 -0.149056)
(40.1789 0 -0.166162)
(40.1682 -1.13589e-18 -0.18121)
(40.1564 1.97807e-19 -0.194133)
(40.144 1.02436e-18 -0.20496)
(40.1311 1.28848e-20 -0.21379)
(40.1183 8.55479e-19 -0.220769)
(40.1056 -8.10601e-19 -0.226071)
(40.0933 6.04643e-19 -0.229878)
(40.0814 -6.33444e-19 -0.232372)
(40.07 -5.10635e-19 -0.233727)
(40.0592 4.99153e-19 -0.234101)
(40.049 0 -0.23364)
(40.0394 -9.61595e-21 -0.23247)
(40.0303 0 -0.230703)
(40.0218 0 -0.228433)
(40.0138 0 -0.225743)
(40.0063 -1.38887e-21 -0.222702)
(39.9993 4.73654e-20 -0.219367)
(39.9926 1.06928e-19 -0.215787)
(39.9864 -4.06113e-19 -0.212002)
(39.9804 2.58007e-19 -0.208047)
(39.9748 4.43956e-19 -0.203948)
(39.9695 -9.76987e-19 -0.199729)
(39.9644 1.15434e-18 -0.195406)
(39.9596 -1.31637e-18 -0.190996)
(39.955 -8.14413e-20 -0.18651)
(39.9505 -8.22001e-20 -0.181957)
(39.9463 8.5649e-19 -0.177344)
(39.9421 1.30012e-20 -0.172677)
(39.9381 1.07873e-18 -0.167959)
(39.9342 -1.0848e-18 -0.163191)
(39.9305 3.90778e-20 -0.158374)
(39.9268 1.31991e-18 -0.153508)
(39.9231 6.34027e-20 -0.14859)
(39.9196 -1.3142e-18 -0.143617)
(39.9161 0 -0.138583)
(39.9126 0 -0.133483)
(39.9092 1.65963e-18 -0.128309)
(39.9058 -3.47403e-18 -0.123052)
(39.9024 1.71711e-18 -0.117699)
(39.8991 5.28883e-20 -0.112236)
(39.8957 -5.57352e-20 -0.106649)
(39.8923 7.84357e-20 -0.100917)
(39.8889 2.27061e-18 -0.0950172)
(39.8855 -2.32967e-18 -0.0889232)
(39.882 2.59406e-18 -0.0826008)
(39.8785 -2.0601e-20 -0.0760106)
(39.875 -2.83984e-18 -0.0691164)
(39.8715 0 -0.0618807)
(39.8679 -1.67991e-18 -0.0542003)
(39.8642 1.82997e-18 -0.0458851)
(39.8606 1.80921e-20 -0.0370499)
(39.8571 1.11043e-18 -0.0284028)
(39.8536 -1.21922e-18 -0.0181156)
(39.8498 -3.20463e-19 0.00169744)
(40.1473 3.20244e-20 -0.0465915)
(40.1499 -1.76904e-19 -0.0623613)
(40.1492 5.24649e-19 -0.0777081)
(40.1467 1.45349e-18 -0.0924968)
(40.1424 -1.06002e-18 -0.106314)
(40.1365 0 -0.118933)
(40.1295 0 -0.130195)
(40.1216 -9.87671e-20 -0.140027)
(40.1131 7.27083e-20 -0.148425)
(40.1043 -1.12117e-18 -0.155433)
(40.0953 1.21899e-18 -0.161134)
(40.0863 0 -0.165631)
(40.0774 -8.68368e-19 -0.169039)
(40.0688 1.72535e-18 -0.171475)
(40.0605 -1.54041e-18 -0.173055)
(40.0526 9.89404e-20 -0.173887)
(40.045 6.36336e-19 -0.17407)
(40.0378 8.06249e-21 -0.173695)
(40.0309 3.72082e-19 -0.172841)
(40.0245 -3.80454e-19 -0.171577)
(40.0183 0 -0.169963)
(40.0125 1.05303e-21 -0.168052)
(40.007 -3.85423e-22 -0.165888)
(40.0018 9.32084e-22 -0.163508)
(39.9968 0 -0.160944)
(39.9921 -1.30321e-19 -0.158224)
(39.9877 -2.56168e-19 -0.155368)
(39.9834 3.85083e-19 -0.152396)
(39.9793 0 -0.149324)
(39.9754 -7.31609e-19 -0.146164)
(39.9716 7.34718e-19 -0.142926)
(39.968 5.83999e-21 -0.13962)
(39.9644 -1.03362e-18 -0.13625)
(39.961 1.03792e-18 -0.132824)
(39.9577 1.24471e-18 -0.129343)
(39.9545 -1.23422e-18 -0.125811)
(39.9514 1.40983e-18 -0.122229)
(39.9483 -3.01311e-18 -0.118596)
(39.9453 1.5522e-18 -0.114913)
(39.9424 -5.55282e-20 -0.111176)
(39.9395 -1.84354e-18 -0.107382)
(39.9366 1.86202e-18 -0.103528)
(39.9337 -3.79453e-20 -0.0996066)
(39.9309 -9.85554e-20 -0.0956118)
(39.9281 0 -0.0915341)
(39.9253 -4.42893e-20 -0.0873632)
(39.9225 1.15995e-19 -0.0830868)
(39.9197 2.69564e-18 -0.0786895)
(39.9169 -2.83538e-18 -0.0741535)
(39.9141 0 -0.0694574)
(39.9112 -3.24694e-18 -0.0645745)
(39.9084 3.32657e-18 -0.0594736)
(39.9055 -1.90499e-18 -0.0541257)
(39.9026 1.9197e-18 -0.0485005)
(39.8997 2.14127e-18 -0.0425166)
(39.8967 -2.31054e-18 -0.0360266)
(39.8938 0 -0.0291175)
(39.891 0 -0.022326)
(39.8881 0 -0.0142338)
(39.8851 2.68446e-19 0.00121483)
(40.1085 0 -0.0330773)
(40.1108 0 -0.0441605)
(40.1107 -3.35348e-19 -0.0550483)
(40.1095 1.02081e-19 -0.0656211)
(40.1069 -6.28913e-19 -0.0755961)
(40.1032 1.36918e-18 -0.0848071)
(40.0986 -4.46576e-20 -0.0931299)
(40.0934 -8.99148e-19 -0.1005)
(40.0876 -6.10768e-20 -0.106898)
(40.0816 -7.66442e-19 -0.112339)
(40.0753 7.53727e-19 -0.116867)
(40.069 3.95281e-20 -0.120541)
(40.0628 -1.83343e-20 -0.123433)
(40.0566 0 -0.125616)
(40.0506 -1.53552e-20 -0.127167)
(40.0448 1.38466e-20 -0.128158)
(40.0392 7.81777e-19 -0.128656)
(40.0339 -8.02263e-19 -0.128725)
(40.0288 5.84832e-19 -0.128418)
(40.0239 -5.85572e-19 -0.127787)
(40.0192 -3.83085e-19 -0.126875)
(40.0148 3.8918e-19 -0.12572)
(40.0106 2.00039e-19 -0.124355)
(40.0065 -2.00702e-19 -0.122809)
(40.0027 0 -0.121105)
(39.999 -1.43127e-22 -0.119265)
(39.9955 1.52277e-21 -0.117307)
(39.9921 2.23724e-21 -0.115244)
(39.9888 0 -0.11309)
(39.9857 5.65754e-21 -0.110855)
(39.9827 -4.36467e-19 -0.108547)
(39.9798 -7.9246e-20 -0.106174)
(39.9769 5.09113e-19 -0.103742)
(39.9742 0 -0.101255)
(39.9715 -9.07112e-21 -0.0987163)
(39.9689 7.62241e-19 -0.0961282)
(39.9664 -7.65792e-19 -0.0934923)
(39.9639 1.70037e-20 -0.0908092)
(39.9614 2.57289e-20 -0.0880785)
(39.959 -1.02423e-18 -0.0852989)
(39.9566 -5.93533e-20 -0.0824681)
(39.9543 1.12357e-18 -0.0795832)
(39.9519 0 -0.0766402)
(39.9496 4.90457e-20 -0.0736335)
(39.9473 -1.44817e-18 -0.0705563)
(39.9451 1.4327e-18 -0.0674006)
(39.9428 2.77089e-20 -0.0641571)
(39.9405 -9.1081e-20 -0.0608138)
(39.9382 6.51339e-20 -0.0573569)
(39.9359 0 -0.0537697)
(39.9336 -7.36813e-20 -0.0500313)
(39.9313 1.17994e-19 -0.0461173)
(39.929 0 -0.0420047)
(39.9267 -2.50036e-18 -0.0376693)
(39.9243 1.27245e-18 -0.0330477)
(39.922 2.9576e-18 -0.0280268)
(39.9196 -1.58347e-18 -0.0226717)
(39.9174 0 -0.0173852)
(39.9151 0 -0.0110781)
(39.9128 0 0.00084982)
(40.0796 2.42661e-19 -0.0235626)
(40.0816 -1.50906e-20 -0.0313285)
(40.0818 1.22006e-20 -0.0390179)
(40.0812 7.5689e-20 -0.0465328)
(40.0797 4.85456e-19 -0.0536821)
(40.0774 -5.87049e-19 -0.0603463)
(40.0744 -5.57153e-19 -0.0664328)
(40.071 5.69929e-19 -0.0718883)
(40.0671 0 -0.076689)
(40.063 2.87596e-20 -0.0808368)
(40.0587 0 -0.0843523)
(40.0543 -3.31437e-20 -0.0872694)
(40.0499 1.5368e-20 -0.0896306)
(40.0455 7.33108e-19 -0.0914828)
(40.0412 -1.4431e-18 -0.0928744)
(40.0371 1.31231e-18 -0.0938532)
(40.033 -6.30148e-19 -0.0944646)
(40.0291 5.02793e-19 -0.094751)
(40.0253 -4.99704e-19 -0.0947511)
(40.0216 5.8718e-21 -0.0944999)
(40.0181 -3.10749e-19 -0.0940285)
(40.0148 3.10168e-19 -0.0933644)
(40.0116 0 -0.0925317)
(40.0085 -1.12716e-21 -0.0915514)
(40.0055 7.75209e-20 -0.0904417)
(40.0027 -1.32602e-19 -0.0892181)
(40 5.2243e-20 -0.0878943)
(39.9973 1.52761e-19 -0.0864817)
(39.9948 -1.5347e-19 -0.0849901)
(39.9923 -1.72108e-21 -0.0834277)
(39.9899 -2.49291e-21 -0.0818015)
(39.9876 -5.28771e-19 -0.0801172)
(39.9854 1.16116e-18 -0.0783797)
(39.9832 -6.27808e-19 -0.0765925)
(39.9811 -8.00305e-19 -0.0747588)
(39.979 1.69815e-18 -0.0728805)
(39.9769 -8.8362e-19 -0.070959)
(39.9749 -1.38778e-20 -0.0689952)
(39.973 1.14837e-18 -0.066989)
(39.971 -1.16414e-18 -0.0649395)
(39.9691 0 -0.0628453)
(39.9672 0 -0.0607042)
(39.9654 0 -0.0585134)
(39.9635 0 -0.0562687)
(39.9617 -1.64942e-18 -0.053965)
(39.9598 1.75537e-18 -0.0515962)
(39.958 -1.89591e-20 -0.0491551)
(39.9562 -2.00222e-18 -0.0466326)
(39.9543 4.33971e-18 -0.0440181)
(39.9525 1.53475e-19 -0.0412985)
(39.9507 -2.43084e-18 -0.0384578)
(39.9488 -2.50804e-20 -0.035477)
(39.947 -1.37519e-18 -0.0323382)
(39.9451 1.43338e-18 -0.029022)
(39.9433 -1.80036e-18 -0.0254796)
(39.9414 1.82568e-18 -0.0216252)
(39.9395 0 -0.0175071)
(39.9378 -1.14281e-18 -0.0134243)
(39.936 6.07072e-19 -0.00854869)
(39.9342 7.25436e-19 0.000578259)
(40.0584 -9.52007e-20 -0.0168545)
(40.0599 -1.002e-19 -0.0222883)
(40.0602 -1.04128e-19 -0.0277028)
(40.06 1.84971e-19 -0.0330218)
(40.0591 3.56056e-19 -0.0381172)
(40.0577 -3.65283e-19 -0.0429049)
(40.0558 0 -0.0473176)
(40.0535 0 -0.0513138)
(40.051 0 -0.0548715)
(40.0482 -6.60383e-19 -0.0579861)
(40.0452 7.66676e-20 -0.0606663)
(40.0422 4.32991e-20 -0.0629306)
(40.0391 4.42987e-20 -0.064804)
(40.036 5.48495e-19 -0.0663155)
(40.033 0 -0.0674959)
(40.0299 0 -0.0683761)
(40.027 -4.37189e-21 -0.0689864)
(40.0241 -1.16017e-20 -0.0693552)
(40.0214 -4.6753e-21 -0.0695092)
(40.0187 -4.9089e-21 -0.0694724)
(40.0161 -3.6126e-21 -0.0692667)
(40.0136 3.83754e-19 -0.0689115)
(40.0112 -3.86211e-19 -0.0684243)
(40.0088 -2.08377e-21 -0.0678202)
(40.0066 1.70826e-19 -0.0671125)
(40.0044 -1.70972e-19 -0.0663127)
(40.0023 0 -0.0654311)
(40.0003 2.77212e-20 -0.0644762)
(39.9983 6.32159e-20 -0.0634554)
(39.9964 -2.44616e-19 -0.0623751)
(39.9946 3.68848e-19 -0.0612408)
(39.9928 -2.15052e-19 -0.0600568)
(39.991 3.948e-21 -0.058827)
(39.9893 4.77518e-21 -0.0575544)
(39.9876 4.2314e-21 -0.0562413)
(39.986 0 -0.0548895)
(39.9844 -5.67404e-19 -0.0535002)
(39.9828 5.79462e-19 -0.0520742)
(39.9812 -1.26405e-20 -0.0506116)
(39.9797 -1.93535e-20 -0.0491118)
(39.9782 0 -0.0475739)
(39.9767 8.58296e-19 -0.0459963)
(39.9752 -8.68056e-19 -0.0443769)
(39.9737 0 -0.0427126)
(39.9722 -3.87942e-20 -0.0409996)
(39.9708 0 -0.0392333)
(39.9693 -4.40916e-20 -0.0374081)
(39.9679 0 -0.0355173)
(39.9664 -7.39855e-20 -0.0335526)
(39.965 -1.5168e-18 -0.0315039)
(39.9635 1.42183e-18 -0.0293591)
(39.9621 -1.74594e-18 -0.0271034)
(39.9606 -1.31912e-19 -0.024723)
(39.9592 1.96804e-18 -0.0222027)
(39.9577 1.20537e-18 -0.0195053)
(39.9562 -1.20747e-18 -0.0165662)
(39.9548 1.29089e-18 -0.0134208)
(39.9534 -6.59064e-19 -0.010289)
(39.9521 -7.89101e-19 -0.00654699)
(39.9507 0 0.000379557)
(40.0427 0 -0.0121076)
(40.0439 4.11227e-19 -0.0159082)
(40.0442 -4.23959e-19 -0.0197139)
(40.0442 3.06162e-20 -0.0234673)
(40.0437 0 -0.0270835)
(40.0428 4.9396e-20 -0.0305039)
(40.0416 3.88019e-19 -0.0336807)
(40.0401 -4.46795e-19 -0.036583)
(40.0384 2.37543e-20 -0.0391925)
(40.0365 0 -0.0415027)
(40.0345 -8.01996e-19 -0.0435163)
(40.0324 7.85011e-19 -0.0452427)
(40.0303 0 -0.0466966)
(40.0281 1.22926e-20 -0.0478956)
(40.0259 6.05455e-19 -0.048859)
(40.0238 -6.12342e-19 -0.0496068)
(40.0217 9.62047e-21 -0.0501587)
(40.0196 -4.67971e-19 -0.0505339)
(40.0176 4.73336e-19 -0.05075)
(40.0156 0 -0.0508238)
(40.0137 -3.1721e-19 -0.0507703)
(40.0119 3.27457e-19 -0.0506032)
(40.0101 2.38352e-19 -0.0503345)
(40.0083 -4.23031e-19 -0.0499753)
(40.0066 1.95278e-19 -0.049535)
(40.005 1.93103e-21 -0.0490221)
(40.0034 0 -0.0484439)
(40.0019 -4.23046e-20 -0.0478068)
(40.0004 5.54191e-21 -0.0471163)
(39.9989 3.7697e-20 -0.0463772)
(39.9975 1.96616e-19 -0.0455936)
(39.9961 -1.95659e-19 -0.0447689)
(39.9947 3.44334e-19 -0.0439059)
(39.9934 -3.53352e-19 -0.043007)
(39.9921 -5.03606e-19 -0.0420741)
(39.9908 -7.86482e-20 -0.0411085)
(39.9895 5.69365e-19 -0.0401113)
(39.9883 7.11321e-19 -0.039083)
(39.9871 -7.36244e-19 -0.0380238)
(39.9859 -8.55211e-19 -0.0369335)
(39.9847 8.7936e-19 -0.0358112)
(39.9835 0 -0.0346559)
(39.9823 0 -0.033466)
(39.9812 0 -0.0322393)
(39.98 0 -0.0309728)
(39.9789 3.67352e-20 -0.0296631)
(39.9777 0 -0.028306)
(39.9766 0 -0.0268963)
(39.9755 -1.66809e-18 -0.0254278)
(39.9743 3.53503e-18 -0.0238928)
(39.9732 1.50708e-19 -0.0222819)
(39.9721 -2.00618e-18 -0.020584)
(39.9709 0 -0.0187885)
(39.9698 0 -0.0168834)
(39.9686 1.28395e-18 -0.0148406)
(39.9675 -2.88726e-18 -0.0126121)
(39.9664 7.5723e-19 -0.0102236)
(39.9653 1.78037e-18 -0.00783509)
(39.9643 -4.77093e-19 -0.00498079)
(39.9632 -5.71825e-19 0.000236599)
(40.0313 0 -0.00873191)
(40.0322 1.81185e-19 -0.0113906)
(40.0325 -7.24669e-20 -0.0140623)
(40.0325 -3.49296e-19 -0.0167052)
(40.0323 2.7531e-19 -0.019263)
(40.0317 1.94708e-20 -0.0216955)
(40.0309 4.12642e-20 -0.0239695)
(40.03 -3.01377e-20 -0.0260625)
(40.0288 -1.98952e-20 -0.0279604)
(40.0275 -5.06914e-19 -0.0296567)
(40.0262 5.15436e-19 -0.0311514)
(40.0247 0 -0.0324491)
(40.0232 0 -0.0335581)
(40.0217 -4.30243e-19 -0.034489)
(40.0202 4.23153e-19 -0.0352538)
(40.0187 -7.18574e-19 -0.0358653)
(40.0172 1.41031e-18 -0.0363363)
(40.0157 -1.29609e-18 -0.0366794)
(40.0142 6.18385e-20 -0.0369064)
(40.0128 5.65181e-19 -0.0370287)
(40.0114 4.43684e-19 -0.0370564)
(40.01 -4.53853e-19 -0.0369989)
(40.0087 -3.13362e-21 -0.0368648)
(40.0074 -2.83327e-19 -0.0366617)
(40.0061 5.51616e-20 -0.0363964)
(40.0049 5.41542e-20 -0.0360748)
(40.0037 5.31609e-20 -0.0357022)
(40.0026 1.23405e-19 -0.0352832)
(40.0014 1.63465e-22 -0.0348219)
(40.0003 0 -0.0343218)
(39.9992 -7.99447e-20 -0.0337858)
(39.9981 2.07616e-19 -0.0332164)
(39.9971 -1.26752e-19 -0.0326159)
(39.9961 0 -0.031986)
(39.9951 2.77317e-19 -0.0313281)
(39.9941 -5.8769e-19 -0.0306432)
(39.9931 -5.02311e-20 -0.0299321)
(39.9921 3.77689e-19 -0.0291953)
(39.9912 4.71987e-19 -0.028433)
(39.9903 -4.53975e-19 -0.0276449)
(39.9893 0 -0.0268305)
(39.9884 0 -0.025989)
(39.9875 -6.64317e-19 -0.0251193)
(39.9866 1.39106e-18 -0.0242195)
(39.9857 6.62432e-20 -0.0232877)
(39.9848 -8.17504e-19 -0.0223212)
(39.9839 0 -0.0213167)
(39.9831 -5.16452e-20 -0.0202705)
(39.9822 3.7914e-20 -0.0191776)
(39.9813 0 -0.0180325)
(39.9804 6.45903e-20 -0.0168278)
(39.9795 0 -0.0155554)
(39.9786 0 -0.0142069)
(39.9778 -4.11334e-20 -0.0127732)
(39.9769 -8.27215e-19 -0.0112333)
(39.976 1.86815e-18 -0.00955137)
(39.9751 4.54093e-20 -0.00774637)
(39.9743 -5.47802e-19 -0.00593338)
(39.9735 -6.1534e-19 -0.00376755)
(39.9727 -1.61103e-19 0.000135646)
(40.0229 9.6796e-21 -0.00631948)
(40.0236 -5.48325e-20 -0.0081795)
(40.0238 -4.83115e-20 -0.0100532)
(40.0239 3.29201e-19 -0.0119106)
(40.0238 -3.37611e-19 -0.0137145)
(40.0234 -3.49963e-19 -0.0154377)
(40.0229 3.43757e-19 -0.0170574)
(40.0223 2.52368e-20 -0.0185578)
(40.0215 3.25029e-19 -0.0199282)
(40.0207 -3.30742e-19 -0.0211633)
(40.0198 1.7415e-20 -0.0222618)
(40.0188 5.87822e-19 -0.023226)
(40.0177 -3.48758e-20 -0.0240603)
(40.0167 -1.09011e-18 -0.0247712)
(40.0156 5.38275e-19 -0.025366)
(40.0145 -8.90592e-21 -0.0258527)
(40.0135 0 -0.0262397)
(40.0124 -3.99581e-19 -0.026535)
(40.0114 7.76272e-19 -0.0267467)
(40.0103 -3.72353e-19 -0.0268821)
(40.0093 -3.01488e-19 -0.0269482)
(40.0083 3.01869e-19 -0.0269514)
(40.0073 0 -0.0268975)
(40.0064 0 -0.0267918)
(40.0054 -1.5618e-21 -0.026639)
(40.0045 -1.25233e-21 -0.0264433)
(40.0036 -1.75918e-21 -0.0262084)
(40.0028 -1.39895e-19 -0.0259377)
(40.0019 1.39875e-19 -0.0256339)
(40.0011 -1.29333e-20 -0.0252996)
(40.0002 -3.6263e-20 -0.0249369)
(39.9994 4.9925e-20 -0.0245477)
(39.9986 -7.33321e-22 -0.0241336)
(39.9978 2.32869e-19 -0.0236957)
(39.9971 5.93267e-20 -0.0232352)
(39.9963 5.87996e-20 -0.0227528)
(39.9956 5.70536e-20 -0.0222491)
(39.9948 -4.1744e-19 -0.0217244)
(39.9941 -6.85556e-21 -0.0211788)
(39.9934 -1.10625e-20 -0.0206123)
(39.9927 -6.70798e-19 -0.0200243)
(39.992 6.69122e-19 -0.0194144)
(39.9913 0 -0.0187816)
(39.9906 -8.39056e-19 -0.0181246)
(39.9899 8.57311e-19 -0.0174419)
(39.9892 0 -0.0167314)
(39.9885 0 -0.0159908)
(39.9878 -1.15995e-18 -0.0152172)
(39.9871 1.19927e-18 -0.0144069)
(39.9864 -3.66143e-20 -0.0135556)
(39.9858 -5.38548e-20 -0.0126579)
(39.9851 0 -0.0117076)
(39.9844 0 -0.0106983)
(39.9837 3.43179e-20 -0.00962324)
(39.983 1.07856e-18 -0.00846646)
(39.9824 -1.126e-18 -0.00720199)
(39.9817 -2.83953e-20 -0.00584328)
(39.9811 0 -0.00447229)
(39.9805 -3.95123e-19 -0.00283592)
(39.9799 5.77648e-19 6.58535e-05)
(40.0169 -2.44627e-20 -0.00458702)
(40.0173 -5.67132e-20 -0.00588792)
(40.0175 -2.39387e-19 -0.00720025)
(40.0176 1.57137e-19 -0.00850291)
(40.0175 0 -0.00977144)
(40.0173 -3.13772e-20 -0.0109877)
(40.017 -4.12665e-19 -0.0121361)
(40.0166 4.20792e-19 -0.0132057)
(40.0161 2.26315e-20 -0.014189)
(40.0155 2.21968e-20 -0.0150817)
(40.0149 -1.45394e-20 -0.0158823)
(40.0142 0 -0.0165918)
(40.0135 1.00758e-20 -0.0172125)
(40.0128 -3.35834e-19 -0.0177482)
(40.012 6.48503e-19 -0.0182035)
(40.0113 -1.31655e-20 -0.0185832)
(40.0105 -3.06391e-19 -0.0188928)
(40.0098 0 -0.0191375)
(40.009 3.53592e-21 -0.0193224)
(40.0083 0 -0.0194525)
(40.0075 0 -0.0195324)
(40.0068 -3.57524e-19 -0.0195663)
(40.0061 3.60273e-19 -0.0195582)
(40.0054 0 -0.0195118)
(40.0047 1.84832e-21 -0.0194302)
(40.004 1.93947e-19 -0.0193163)
(40.0034 -1.93673e-19 -0.0191727)
(40.0027 0 -0.0190017)
(40.0021 0 -0.0188053)
(40.0014 3.77269e-20 -0.0185852)
(40.0008 -3.74304e-20 -0.018343)
(40.0002 -2.15555e-22 -0.01808)
(39.9996 -7.23149e-22 -0.0177972)
(39.999 1.16755e-19 -0.0174956)
(39.9984 -2.74081e-19 -0.017176)
(39.9978 1.53552e-19 -0.0168388)
(39.9973 1.44476e-21 -0.0164844)
(39.9967 2.69963e-19 -0.0161132)
(39.9961 -2.58537e-19 -0.0157251)
(39.9956 0 -0.01532)
(39.995 1.71977e-20 -0.0148977)
(39.9945 -1.11856e-20 -0.0144577)
(39.9939 -4.83859e-19 -0.0139992)
(39.9934 -6.98355e-20 -0.0135214)
(39.9929 5.07861e-19 -0.0130231)
(39.9923 0 -0.0125027)
(39.9918 3.50814e-20 -0.0119584)
(39.9913 2.61257e-20 -0.0113881)
(39.9908 0 -0.0107891)
(39.9902 7.51037e-20 -0.010158)
(39.9897 4.8363e-20 -0.00949093)
(39.9892 0 -0.00878309)
(39.9887 0 -0.0080298)
(39.9882 -1.18283e-18 -0.00722575)
(39.9876 1.13145e-18 -0.00635924)
(39.9871 3.76918e-20 -0.00541139)
(39.9866 -7.33796e-19 -0.00439177)
(39.9862 8.21466e-19 -0.00335796)
(39.9857 2.44451e-19 -0.00212588)
(39.9853 -3.97864e-19 1.8887e-05)
(40.0124 6.59799e-20 -0.00333762)
(40.0128 5.04588e-20 -0.0042465)
(40.0129 1.82544e-19 -0.00516383)
(40.013 -1.82024e-19 -0.00607505)
(40.013 1.26196e-19 -0.00696419)
(40.0128 0 -0.00781918)
(40.0126 2.81419e-19 -0.00862967)
(40.0124 -5.23464e-19 -0.00938816)
(40.012 2.369e-19 -0.0100894)
(40.0116 -1.85224e-20 -0.0107302)
(40.0112 -4.86183e-19 -0.0113094)
(40.0107 9.23773e-19 -0.011827)
(40.0103 -4.779e-19 -0.0122844)
(40.0098 6.023e-21 -0.0126838)
(40.0092 7.62722e-21 -0.0130279)
(40.0087 -3.86317e-19 -0.0133197)
(40.0082 3.85867e-19 -0.0135627)
(40.0076 3.33373e-19 -0.0137601)
(40.0071 -6.4843e-19 -0.0139153)
(40.0066 5.93026e-19 -0.0140315)
(40.006 -2.62459e-20 -0.0141117)
(40.0055 -2.58602e-19 -0.0141588)
(40.005 0 -0.0141753)
(40.0045 0 -0.0141637)
(40.004 -1.65231e-19 -0.0141262)
(40.0035 1.62341e-19 -0.0140646)
(40.003 -1.06904e-21 -0.0139808)
(40.0025 0 -0.0138764)
(40.002 1.29301e-19 -0.0137526)
(40.0016 -1.29446e-19 -0.0136106)
(40.0011 -3.32724e-20 -0.0134516)
(40.0006 3.28198e-20 -0.0132765)
(40.0002 -6.3055e-20 -0.0130859)
(39.9997 6.33826e-20 -0.0128805)
(39.9993 3.16716e-21 -0.0126608)
(39.9988 -4.79615e-22 -0.0124272)
(39.9984 2.34476e-21 -0.0121799)
(39.998 0 -0.0119191)
(39.9976 3.45855e-19 -0.0116449)
(39.9971 -7.57488e-19 -0.011357)
(39.9967 3.97634e-19 -0.0110552)
(39.9963 9.28194e-21 -0.0107393)
(39.9959 -5.47518e-19 -0.0104086)
(39.9955 5.76536e-19 -0.0100625)
(39.9951 6.82386e-19 -0.00970004)
(39.9947 -1.41142e-18 -0.00932009)
(39.9942 6.93653e-19 -0.00892131)
(39.9938 -8.83411e-19 -0.00850204)
(39.9934 8.56217e-19 -0.00806026)
(39.993 -3.70908e-20 -0.00759353)
(39.9926 -4.02116e-20 -0.00709885)
(39.9922 0 -0.00657271)
(39.9918 0 -0.00601159)
(39.9914 -1.22595e-20 -0.00541145)
(39.9911 8.03079e-19 -0.00476369)
(39.9907 -8.53287e-19 -0.00405477)
(39.9903 -1.74374e-20 -0.00329138)
(39.9899 9.75407e-21 -0.0025134)
(39.9896 3.01508e-19 -0.00158821)
(39.9893 -2.35249e-19 -1.16318e-05)
(40.0092 -2.94276e-20 -0.00243283)
(40.0095 -4.24614e-20 -0.00306648)
(40.0096 -2.20993e-20 -0.00370581)
(40.0096 1.03624e-20 -0.004341)
(40.0096 -1.69187e-20 -0.00496167)
(40.0095 0 -0.00555993)
(40.0094 -3.3358e-19 -0.00612897)
(40.0092 3.44402e-19 -0.00666378)
(40.009 0 -0.00716077)
(40.0087 0 -0.00761775)
(40.0085 1.11309e-20 -0.00803366)
(40.0081 2.94154e-19 -0.00840841)
(40.0078 -2.73687e-19 -0.00874266)
(40.0075 2.5768e-19 -0.00903763)
(40.0071 -2.65284e-19 -0.00929497)
(40.0067 2.35035e-19 -0.00951656)
(40.0064 -1.50751e-20 -0.00970446)
(40.006 -6.50746e-19 -0.00986076)
(40.0056 4.23754e-19 -0.00998758)
(40.0052 7.90085e-22 -0.010087)
(40.0049 3.38262e-19 -0.0101609)
(40.0045 -3.03783e-20 -0.0102111)
(40.0041 -3.10612e-19 -0.0102394)
(40.0037 -2.49766e-19 -0.0102473)
(40.0034 2.51997e-19 -0.0102363)
(40.003 1.90511e-19 -0.0102077)
(40.0026 -1.91042e-19 -0.0101625)
(40.0023 1.30591e-19 -0.0101019)
(40.0019 -1.32022e-19 -0.0100268)
(40.0016 -6.75109e-22 -0.00993794)
(40.0012 3.97687e-22 -0.00983603)
(40.0009 4.76891e-22 -0.00972168)
(40.0005 0 -0.00959538)
(40.0002 4.7295e-20 -0.00945755)
(39.9999 -5.00952e-20 -0.00930851)
(39.9995 7.85512e-22 -0.00914849)
(39.9992 0 -0.00897765)
(39.9989 1.63885e-19 -0.00879608)
(39.9985 -1.69291e-19 -0.00860375)
(39.9982 5.78505e-21 -0.00840057)
(39.9979 6.673e-21 -0.00818632)
(39.9976 -2.94459e-19 -0.00796072)
(39.9973 2.89548e-19 -0.00772337)
(39.997 0 -0.00747372)
(39.9966 -3.98747e-19 -0.00721105)
(39.9963 4.05584e-19 -0.00693455)
(39.996 1.74889e-20 -0.00664319)
(39.9957 -8.5698e-21 -0.00633572)
(39.9954 2.06944e-20 -0.00601063)
(39.9951 0 -0.00566611)
(39.9948 0 -0.00529991)
(39.9945 0 -0.00490944)
(39.9942 0 -0.00449207)
(39.9939 8.95983e-19 -0.00404475)
(39.9936 -8.84445e-19 -0.00356121)
(39.9933 5.52278e-19 -0.00303183)
(39.993 1.99933e-20 -0.00246123)
(39.9928 -6.35202e-19 -0.0018765)
(39.9925 0 -0.00118318)
(39.9923 0 -3.04315e-05)
(40.0069 6.09613e-20 -0.00177509)
(40.007 -6.22875e-20 -0.0022153)
(40.0071 1.14488e-19 -0.00265895)
(40.0072 -1.19499e-19 -0.0030996)
(40.0072 3.48113e-20 -0.00353058)
(40.0071 -1.88962e-19 -0.00394681)
(40.007 2.88342e-21 -0.00434388)
(40.0069 1.78133e-19 -0.00471853)
(40.0068 0 -0.00506838)
(40.0066 -1.03004e-20 -0.00539193)
(40.0064 -1.89749e-19 -0.00568839)
(40.0062 1.86687e-19 -0.0059576)
(40.006 -1.12464e-20 -0.00619987)
(40.0057 -3.21638e-19 -0.00641588)
(40.0055 6.4213e-19 -0.00660659)
(40.0052 -3.12663e-19 -0.00677312)
(40.005 2.83426e-19 -0.00691673)
(40.0047 -2.85454e-19 -0.00703871)
(40.0044 -1.26714e-21 -0.00714035)
(40.0042 2.36918e-19 -0.00722295)
(40.0039 -2.36037e-19 -0.00728773)
(40.0036 -2.02206e-19 -0.00733585)
(40.0034 3.84092e-19 -0.00736839)
(40.0031 -1.83643e-19 -0.00738637)
(40.0028 -1.47211e-19 -0.00739068)
(40.0026 1.49084e-19 -0.00738217)
(40.0023 0 -0.00736158)
(40.002 1.87862e-19 -0.00732957)
(40.0018 -1.87715e-19 -0.00728674)
(40.0015 1.14809e-19 -0.00723359)
(40.0013 -1.91762e-19 -0.00717056)
(40.001 7.73955e-20 -0.00709804)
(40.0007 0 -0.00701634)
(40.0005 3.18717e-22 -0.00692571)
(40.0002 6.31715e-22 -0.00682635)
(40 -1.16124e-22 -0.00671839)
(39.9997 0 -0.0066019)
(39.9995 3.347e-21 -0.00647693)
(39.9992 2.20765e-19 -0.00634342)
(39.999 -4.87488e-19 -0.00620127)
(39.9987 2.49481e-19 -0.0060503)
(39.9985 0 -0.00589028)
(39.9983 -3.76016e-19 -0.00572089)
(39.998 3.99479e-19 -0.0055417)
(39.9978 -1.23558e-20 -0.00535218)
(39.9975 0 -0.00515168)
(39.9973 0 -0.00493946)
(39.9971 6.45425e-19 -0.00471455)
(39.9968 -6.5606e-19 -0.00447585)
(39.9966 1.97986e-20 -0.00422199)
(39.9964 -8.29008e-19 -0.00395131)
(39.9961 8.36253e-19 -0.0036619)
(39.9959 -2.59278e-20 -0.00335181)
(39.9957 -2.84655e-20 -0.00301873)
(39.9954 -2.13035e-20 -0.00265814)
(39.9952 -2.35765e-20 -0.00226328)
(39.995 3.75598e-19 -0.00183728)
(39.9948 -7.82245e-19 -0.00139813)
(39.9946 4.40016e-19 -0.000879372)
(39.9945 0 -4.10317e-05)
(40.0052 -3.0498e-20 -0.00129476)
(40.0053 1.59249e-20 -0.00159898)
(40.0053 1.6508e-20 -0.00190498)
(40.0054 0 -0.00220869)
(40.0054 1.09531e-19 -0.00250588)
(40.0053 -2.31443e-19 -0.00279336)
(40.0053 1.53943e-21 -0.00306834)
(40.0052 1.04441e-19 -0.00332875)
(40.0051 -2.2818e-19 -0.00357306)
(40.005 1.4731e-20 -0.00380029)
(40.0049 2.35851e-19 -0.00400988)
(40.0047 2.11017e-19 -0.00420167)
(40.0046 -2.13242e-19 -0.0043758)
(40.0044 1.98095e-19 -0.00453263)
(40.0043 -2.06377e-19 -0.00467272)
(40.0041 0 -0.00479672)
(40.0039 -2.5472e-21 -0.00490536)
(40.0037 0 -0.00499943)
(40.0035 3.18688e-19 -0.0050797)
(40.0033 -2.12308e-20 -0.00514695)
(40.0032 -3.02165e-19 -0.00520194)
(40.003 0 -0.00524536)
(40.0028 -1.75899e-21 -0.00527789)
(40.0026 0 -0.00530015)
(40.0024 1.95351e-19 -0.00531269)
(40.0022 -1.94864e-19 -0.00531603)
(40.002 -1.51109e-19 -0.00531062)
(40.0018 2.12033e-20 -0.00529688)
(40.0016 2.35024e-20 -0.00527516)
(40.0014 1.95496e-19 -0.00524576)
(40.0012 -8.69194e-20 -0.00520897)
(40.001 4.19974e-20 -0.00516498)
(40.0008 -4.22121e-20 -0.005114)
(40.0007 -2.44443e-23 -0.00505616)
(40.0005 2.58636e-20 -0.00499155)
(40.0003 -7.47267e-20 -0.00492024)
(40.0001 4.93909e-20 -0.00484225)
(39.9999 9.6042e-20 -0.00475757)
(39.9997 -9.68535e-20 -0.00466614)
(39.9995 1.41044e-19 -0.00456784)
(39.9993 2.97764e-20 -0.00446254)
(39.9992 -1.66617e-19 -0.00435002)
(39.999 0 -0.00423003)
(39.9988 2.40011e-19 -0.00410223)
(39.9986 -2.42922e-19 -0.00396621)
(39.9984 -1.61242e-20 -0.00382149)
(39.9982 -1.78696e-20 -0.00366749)
(39.9981 3.7223e-19 -0.00350349)
(39.9979 -3.66617e-19 -0.00332866)
(39.9977 -4.0173e-20 -0.00314198)
(39.9975 1.78842e-20 -0.00294224)
(39.9973 -5.3385e-19 -0.00272802)
(39.9972 -7.46549e-21 -0.00249787)
(39.997 -4.0789e-20 -0.00225008)
(39.9968 6.7678e-19 -0.0019814)
(39.9967 -4.12794e-19 -0.00168716)
(39.9965 4.16006e-19 -0.00136942)
(39.9964 2.44388e-19 -0.00103974)
(39.9962 -2.84734e-19 -0.000652133)
(39.9961 0 -4.59526e-05)
(40.0039 1.57584e-20 -0.000942217)
(40.004 1.65901e-20 -0.00115084)
(40.004 -3.32948e-20 -0.00136011)
(40.0041 -6.86972e-20 -0.00156758)
(40.0041 -2.57894e-20 -0.00177063)
(40.004 7.07648e-20 -0.0019673)
(40.004 0 -0.00215589)
(40.004 2.84601e-21 -0.00233513)
(40.0039 7.77148e-21 -0.00250408)
(40.0038 0 -0.0026621)
(40.0037 0 -0.00280884)
(40.0037 1.32028e-19 -0.00294418)
(40.0035 -1.33163e-19 -0.00306816)
(40.0034 0 -0.00318097)
(40.0033 2.39559e-19 -0.00328292)
(40.0032 -2.4233e-19 -0.00337438)
(40.0031 -1.07861e-21 -0.00345577)
(40.003 -2.11229e-19 -0.00352753)
(40.0028 2.1427e-19 -0.00359012)
(40.0027 0 -0.00364399)
(40.0026 3.76515e-22 -0.00368958)
(40.0024 1.64608e-19 -0.0037273)
(40.0023 -1.65108e-19 -0.00375753)
(40.0022 1.41388e-19 -0.00378065)
(40.002 -1.41975e-19 -0.00379697)
(40.0019 -1.08544e-21 -0.0038068)
(40.0017 -9.63719e-22 -0.00381038)
(40.0016 -1.40274e-21 -0.00380796)
(40.0015 0 -0.00379974)
(40.0013 1.25819e-19 -0.00378588)
(40.0012 -1.27185e-19 -0.00376653)
(40.001 6.65327e-22 -0.0037418)
(40.0009 4.58875e-20 -0.00371177)
(40.0007 -4.61442e-20 -0.00367651)
(40.0006 -1.00955e-20 -0.00363605)
(40.0005 4.89415e-20 -0.0035904)
(40.0003 -3.81621e-20 -0.00353954)
(40.0002 1.03078e-21 -0.00348343)
(40 0 -0.00342199)
(39.9999 2.89514e-21 -0.00335512)
(39.9998 -1.88682e-19 -0.00328267)
(39.9996 1.86851e-19 -0.00320449)
(39.9995 -2.54109e-19 -0.00312035)
(39.9993 2.57811e-19 -0.00302998)
(39.9992 8.40174e-21 -0.00293307)
(39.999 1.32584e-20 -0.00282925)
(39.9989 -3.86723e-19 -0.00271806)
(39.9988 8.53865e-19 -0.00259898)
(39.9986 3.34137e-20 -0.00247138)
(39.9985 -4.68151e-19 -0.0023345)
(39.9984 5.88501e-19 -0.00218745)
(39.9982 -1.27334e-18 -0.00202919)
(39.9981 6.72852e-19 -0.00185864)
(39.998 4.18931e-19 -0.00167454)
(39.9978 -4.35049e-19 -0.00147459)
(39.9977 1.75431e-20 -0.00125561)
(39.9976 -2.75956e-19 -0.0010189)
(39.9975 -9.52934e-21 -0.00077157)
(39.9974 3.24092e-19 -0.00048244)
(39.9973 -4.32348e-20 -4.7019e-05)
(40.003 9.76344e-21 -0.000681821)
(40.003 -1.10099e-21 -0.000823275)
(40.0031 4.13134e-20 -0.000964694)
(40.0031 -4.19292e-20 -0.00110469)
(40.0031 3.43884e-21 -0.00124167)
(40.0031 0 -0.00137452)
(40.0031 -9.07105e-20 -0.00150221)
(40.003 9.3359e-20 -0.00162402)
(40.003 -9.14293e-20 -0.00173937)
(40.0029 8.57741e-20 -0.0018479)
(40.0029 0 -0.0019494)
(40.0028 0 -0.00204376)
(40.0028 0 -0.00213102)
(40.0027 1.55782e-19 -0.00221126)
(40.0026 -1.51748e-19 -0.00228465)
(40.0025 1.43599e-19 -0.00235139)
(40.0025 -3.72123e-21 -0.00241169)
(40.0024 -6.56059e-21 -0.00246582)
(40.0023 -1.32807e-19 -0.00251401)
(40.0022 0 -0.00255652)
(40.0021 -2.24965e-19 -0.00259357)
(40.002 2.27948e-19 -0.00262541)
(40.0019 -1.45953e-21 -0.00265223)
(40.0018 0 -0.00267423)
(40.0017 0 -0.00269158)
(40.0016 -1.16215e-21 -0.00270444)
(40.0015 1.05854e-21 -0.00271293)
(40.0014 1.24791e-19 -0.00271718)
(40.0013 -1.2332e-19 -0.00271727)
(40.0012 9.27878e-20 -0.00271329)
(40.0011 -9.43121e-20 -0.00270529)
(40.001 -5.43047e-22 -0.00269331)
(40.0009 0 -0.00267738)
(40.0008 0 -0.00265749)
(40.0007 4.61199e-22 -0.00263364)
(40.0006 0 -0.0026058)
(40.0005 -2.75917e-20 -0.00257393)
(40.0004 2.73178e-20 -0.00253796)
(40.0002 -6.53354e-20 -0.0024978)
(40.0001 1.47652e-19 -0.00245336)
(40 -8.39671e-20 -0.00240451)
(39.9999 0 -0.0023511)
(39.9998 -1.43766e-19 -0.00229295)
(39.9997 3.1136e-19 -0.00222984)
(39.9996 -1.75078e-19 -0.00216152)
(39.9995 0 -0.0020877)
(39.9994 1.23911e-20 -0.00200804)
(39.9993 -2.6307e-19 -0.00192213)
(39.9992 2.69919e-19 -0.00182951)
(39.9991 2.92715e-19 -0.00172961)
(39.999 -3.322e-19 -0.00162178)
(39.9989 4.04692e-19 -0.00150526)
(39.9988 -3.83826e-19 -0.00137927)
(39.9987 -4.74689e-19 -0.00124285)
(39.9986 4.91812e-19 -0.00109441)
(39.9985 1.58568e-20 -0.000931861)
(39.9984 -3.25413e-19 -0.000755931)
(39.9983 1.71248e-19 -0.000570712)
(39.9982 3.21952e-19 -0.000355664)
(39.9982 -8.19823e-20 -4.54668e-05)
(40.0023 0 -0.000487873)
(40.0023 2.85698e-20 -0.000582187)
(40.0024 1.93041e-22 -0.000676119)
(40.0024 -2.58105e-20 -0.000768941)
(40.0024 -3.863e-20 -0.000859745)
(40.0024 1.11133e-19 -0.000947903)
(40.0024 -2.3454e-21 -0.00103286)
(40.0023 -1.57643e-19 -0.0011142)
(40.0023 2.06425e-19 -0.00119163)
(40.0023 -1.07468e-19 -0.00126494)
(40.0023 -2.83958e-21 -0.001334)
(40.0022 -2.79496e-21 -0.00139878)
(40.0022 0 -0.00145926)
(40.0021 -9.37354e-20 -0.0015155)
(40.0021 9.77161e-20 -0.00156758)
(40.002 1.78114e-19 -0.0016156)
(40.002 -5.75376e-21 -0.00165968)
(40.0019 -1.72617e-19 -0.00169993)
(40.0019 0 -0.00173649)
(40.0018 0 -0.00176948)
(40.0017 0 -0.00179901)
(40.0017 1.3487e-19 -0.00182519)
(40.0016 -2.62981e-19 -0.00184812)
(40.0015 1.28276e-19 -0.0018679)
(40.0015 0 -0.00188459)
(40.0014 9.446e-22 -0.00189826)
(40.0013 -8.60245e-22 -0.00190896)
(40.0012 0 -0.00191673)
(40.0012 4.77532e-22 -0.0019216)
(40.0011 1.31913e-19 -0.00192358)
(40.001 -1.30477e-19 -0.00192269)
(40.0009 0 -0.0019189)
(40.0009 7.26377e-20 -0.0019122)
(40.0008 -1.21568e-19 -0.00190257)
(40.0007 2.11731e-20 -0.00188996)
(40.0006 2.94534e-20 -0.00187432)
(40.0005 1.41104e-20 -0.00185559)
(40.0005 -1.461e-20 -0.00183369)
(40.0004 1.11868e-21 -0.00180854)
(40.0003 8.37922e-20 -0.00178003)
(40.0002 -8.22432e-20 -0.00174805)
(40.0001 -1.37074e-19 -0.00171247)
(40 2.95963e-19 -0.00167313)
(40 -1.62709e-19 -0.00162987)
(39.9999 0 -0.00158246)
(39.9998 0 -0.00153069)
(39.9997 -2.80905e-19 -0.0014743)
(39.9996 5.96255e-19 -0.00141297)
(39.9996 -3.19899e-19 -0.00134636)
(39.9995 1.40138e-20 -0.00127405)
(39.9994 0 -0.00119556)
(39.9993 4.72941e-19 -0.00111035)
(39.9992 -7.73888e-19 -0.00101784)
(39.9992 2.74399e-19 -0.000917343)
(39.9991 3.44461e-19 -0.000807759)
(39.999 -3.55067e-19 -0.000687747)
(39.999 0 -0.000557669)
(39.9989 0 -0.00041961)
(39.9988 0 -0.000260586)
(39.9988 0 -4.20726e-05)
(40.0018 -6.82409e-21 -0.000341951)
(40.0018 2.03011e-20 -0.000403185)
(40.0018 -1.58116e-20 -0.000463953)
(40.0018 3.56949e-21 -0.000523888)
(40.0018 -4.82505e-21 -0.000582508)
(40.0018 -4.08081e-20 -0.000639494)
(40.0018 6.96964e-20 -0.000694566)
(40.0018 -3.24834e-20 -0.000747521)
(40.0018 2.39122e-21 -0.000798207)
(40.0018 -6.0652e-20 -0.000846527)
(40.0018 1.27746e-19 -0.000892422)
(40.0017 -7.61833e-22 -0.000935869)
(40.0017 -1.21127e-19 -0.000976872)
(40.0017 -5.9087e-20 -0.00101545)
(40.0016 1.15236e-19 -0.00105165)
(40.0016 0 -0.00108551)
(40.0016 1.06314e-19 -0.00111709)
(40.0015 -3.99397e-21 -0.00114643)
(40.0015 -4.17521e-21 -0.0011736)
(40.0015 -1.00098e-19 -0.00119865)
(40.0014 9.15219e-20 -0.00122162)
(40.0014 -9.0994e-20 -0.00124255)
(40.0013 0 -0.00126148)
(40.0013 1.55665e-19 -0.00127844)
(40.0012 -1.5726e-19 -0.00129343)
(40.0012 1.35833e-19 -0.00130649)
(40.0011 -1.36322e-19 -0.0013176)
(40.0011 0 -0.00132676)
(40.001 -1.04758e-19 -0.00133397)
(40.001 1.03435e-19 -0.00133919)
(40.0009 8.09549e-20 -0.00134241)
(40.0009 -1.49295e-19 -0.00134359)
(40.0008 6.84283e-20 -0.00134268)
(40.0007 7.50662e-24 -0.00133964)
(40.0007 3.07576e-20 -0.0013344)
(40.0006 -3.04403e-20 -0.00132691)
(40.0006 -5.47101e-23 -0.0013171)
(40.0005 9.45897e-21 -0.00130488)
(40.0004 1.44388e-20 -0.00129017)
(40.0004 -2.44484e-20 -0.00127287)
(40.0003 -5.67878e-20 -0.00125288)
(40.0003 5.80773e-20 -0.00123008)
(40.0002 8.76901e-20 -0.00120433)
(40.0001 -8.90849e-20 -0.0011755)
(40.0001 1.23548e-19 -0.00114343)
(40 -1.25974e-19 -0.00110792)
(39.9999 -1.43863e-20 -0.00106879)
(39.9999 -1.84745e-19 -0.0010258)
(39.9998 1.89781e-19 -0.000978676)
(39.9998 1.24172e-20 -0.000927126)
(39.9997 0 -0.0008708)
(39.9996 0 -0.000809309)
(39.9996 -1.73982e-20 -0.000742233)
(39.9995 0 -0.000669075)
(39.9995 -2.1684e-20 -0.000589111)
(39.9994 2.42783e-20 -0.000501517)
(39.9994 0 -0.000406413)
(39.9993 2.86294e-19 -0.000304638)
(39.9993 -3.08976e-19 -0.000188486)
(39.9993 2.04598e-20 -3.72363e-05)
(40.0014 1.27199e-20 -0.000230735)
(40.0014 -1.87218e-20 -0.000268785)
(40.0014 0 -0.000306488)
(40.0014 -2.98493e-21 -0.000343608)
(40.0014 0 -0.000379929)
(40.0014 2.31938e-20 -0.000415308)
(40.0014 -4.03594e-20 -0.000449621)
(40.0014 5.78263e-20 -0.000482781)
(40.0014 -4.70271e-22 -0.000514726)
(40.0014 -4.18539e-20 -0.000545417)
(40.0014 0 -0.000574832)
(40.0013 1.40727e-21 -0.000602965)
(40.0013 -1.06389e-21 -0.00062982)
(40.0013 7.39304e-20 -0.000655407)
(40.0013 -1.80799e-21 -0.000679744)
(40.0013 -7.13569e-20 -0.000702848)
(40.0012 -6.75135e-20 -0.000724741)
(40.0012 2.16459e-21 -0.00074544)
(40.0012 6.56205e-20 -0.000764962)
(40.0012 -8.93893e-22 -0.000783322)
(40.0011 0 -0.000800529)
(40.0011 -8.3069e-22 -0.000816589)
(40.0011 0 -0.000831502)
(40.0011 0 -0.000845264)
(40.001 8.74488e-22 -0.000857865)
(40.001 -9.07197e-20 -0.000869291)
(40.0009 8.97371e-20 -0.000879519)
(40.0009 7.85353e-20 -0.000888525)
(40.0009 -7.885e-20 -0.000896277)
(40.0008 0 -0.000902739)
(40.0008 9.35266e-22 -0.000907868)
(40.0008 -9.08687e-22 -0.000911618)
(40.0007 8.81774e-20 -0.000913938)
(40.0007 -1.62276e-19 -0.00091477)
(40.0006 1.57611e-20 -0.000914053)
(40.0006 5.68464e-20 -0.00091172)
(40.0005 5.74761e-22 -0.000907701)
(40.0005 0 -0.000901918)
(40.0005 1.20963e-20 -0.000894291)
(40.0004 -1.23695e-20 -0.00088473)
(40.0004 0 -0.00087314)
(40.0003 -7.03546e-20 -0.000859422)
(40.0003 7.08066e-20 -0.000843466)
(40.0002 0 -0.000825151)
(40.0002 -1.40257e-19 -0.000804348)
(40.0001 1.43099e-19 -0.000780913)
(40.0001 6.86827e-21 -0.000754693)
(40 0 -0.000725513)
(40 0 -0.000693178)
(39.9999 -1.00692e-20 -0.000657469)
(39.9999 -3.0103e-19 -0.000618144)
(39.9999 3.5035e-19 -0.000574933)
(39.9998 1.41441e-20 -0.000527544)
(39.9998 0 -0.000475633)
(39.9997 1.76641e-20 -0.000418748)
(39.9997 -3.52331e-20 -0.000356417)
(39.9997 1.7384e-20 -0.000288614)
(39.9996 3.53579e-21 -0.000215468)
(39.9996 0 -0.000132837)
(39.9996 -1.68052e-20 -3.12578e-05)
(40.001 -3.78444e-21 -0.000145002)
(40.001 2.15071e-21 -0.000166635)
(40.001 1.64217e-21 -0.000188175)
(40.001 0 -0.000209342)
(40.001 0 -0.00023009)
(40.001 -3.10371e-21 -0.000250366)
(40.001 1.41325e-22 -0.000270132)
(40.001 1.854e-21 -0.000289362)
(40.001 0 -0.000308042)
(40.001 1.8108e-21 -0.000326161)
(40.001 7.07633e-22 -0.000343719)
(40.001 6.98045e-22 -0.000360716)
(40.001 8.62058e-22 -0.000377156)
(40.001 -2.4099e-20 -0.000393045)
(40.001 2.32584e-20 -0.000408388)
(40.001 4.45574e-20 -0.00042319)
(40.0009 -1.09121e-21 -0.000437456)
(40.0009 -4.35265e-20 -0.000451186)
(40.0009 0 -0.00046438)
(40.0009 7.17198e-22 -0.000477034)
(40.0009 0 -0.000489142)
(40.0009 6.65495e-22 -0.000500694)
(40.0008 0 -0.000511676)
(40.0008 1.03299e-21 -0.000522071)
(40.0008 6.64361e-20 -0.000531858)
(40.0008 -6.56312e-20 -0.000541012)
(40.0008 1.03203e-21 -0.000549505)
(40.0007 0 -0.000557304)
(40.0007 -1.02628e-19 -0.000564372)
(40.0007 1.96329e-19 -0.00057067)
(40.0007 -9.59489e-20 -0.000576154)
(40.0006 0 -0.000580776)
(40.0006 0 -0.000584485)
(40.0006 5.94652e-20 -0.000587225)
(40.0005 -7.71314e-21 -0.000588939)
(40.0005 -8.92976e-20 -0.000589563)
(40.0005 3.91767e-20 -0.000589034)
(40.0004 0 -0.000587281)
(40.0004 1.10566e-22 -0.000584233)
(40.0004 7.12144e-21 -0.000579814)
(40.0004 -2.74036e-20 -0.000573944)
(40.0003 5.18891e-20 -0.000566541)
(40.0003 -3.27131e-20 -0.000557517)
(40.0003 2.98188e-21 -0.000546781)
(40.0002 -3.91403e-21 -0.000534235)
(40.0002 0 -0.000519776)
(40.0001 5.95813e-21 -0.000503295)
(40.0001 -1.341e-19 -0.000484674)
(40.0001 -1.66727e-20 -0.000463782)
(40 1.69194e-19 -0.000440476)
(40 1.75456e-19 -0.000414599)
(40 -2.24224e-19 -0.000385979)
(40 0 -0.000354425)
(39.9999 -2.85047e-19 -0.000319713)
(39.9999 6.2157e-19 -0.000281573)
(39.9999 -1.49851e-19 -0.000239743)
(39.9998 -4.09052e-19 -0.000194108)
(39.9998 4.39989e-19 -0.000144441)
(39.9998 -2.45876e-19 -8.8835e-05)
(39.9998 0 -2.42828e-05)
(40.0007 1.08481e-21 -7.92275e-05)
(40.0007 0 -8.97428e-05)
(40.0007 8.99979e-21 -0.000100517)
(40.0007 -2.56546e-20 -0.000111036)
(40.0007 1.71272e-20 -0.00012137)
(40.0007 1.85767e-20 -0.000131508)
(40.0007 1.09631e-21 -0.000141446)
(40.0007 -3.39388e-20 -0.000151188)
(40.0007 1.73204e-20 -0.000160734)
(40.0007 4.92347e-22 -0.00017009)
(40.0007 -8.71304e-23 -0.000179258)
(40.0007 -8.52939e-21 -0.000188243)
(40.0007 7.94448e-21 -0.000197047)
(40.0007 -9.47236e-22 -0.000205673)
(40.0007 -3.29603e-21 -0.000214121)
(40.0007 3.77119e-21 -0.000222391)
(40.0006 -4.43556e-22 -0.00023048)
(40.0006 0 -0.000238384)
(40.0006 8.52961e-22 -0.000246098)
(40.0006 0 -0.000253612)
(40.0006 0 -0.000260918)
(40.0006 5.07822e-20 -0.000268002)
(40.0006 -5.085e-20 -0.000274849)
(40.0006 -4.81975e-20 -0.000281444)
(40.0006 9.3679e-20 -0.000287765)
(40.0005 -4.56536e-20 -0.000293793)
(40.0005 1.34577e-21 -0.000299502)
(40.0005 -7.75554e-20 -0.000304866)
(40.0005 4.82874e-21 -0.000309857)
(40.0005 7.58253e-20 -0.000314443)
(40.0005 -6.45125e-20 -0.000318591)
(40.0005 6.28245e-20 -0.000322266)
(40.0004 5.17111e-20 -0.00032543)
(40.0004 -5.39524e-20 -0.000328043)
(40.0004 -1.37662e-21 -0.000330065)
(40.0004 0 -0.000331453)
(40.0004 0 -0.000332161)
(40.0003 0 -0.000332144)
(40.0003 -2.5232e-20 -0.000331354)
(40.0003 2.55352e-20 -0.000329742)
(40.0003 -8.8749e-21 -0.000327256)
(40.0003 9.88048e-21 -0.000323845)
(40.0002 0 -0.000319454)
(40.0002 -7.06175e-20 -0.000314027)
(40.0002 7.2699e-20 -0.000307503)
(40.0002 -1.14411e-19 -0.00029982)
(40.0001 2.59342e-19 -0.000290909)
(40.0001 -1.34812e-19 -0.000280698)
(40.0001 1.05812e-20 -0.000269106)
(40.0001 2.07582e-19 -0.000256042)
(40.0001 -2.27437e-19 -0.000241409)
(40 -1.69568e-20 -0.000225099)
(40 -1.94769e-20 -0.000206988)
(40 0 -0.000186938)
(40 -2.16375e-19 -0.000164797)
(40 -4.11609e-20 -0.000140423)
(40 2.3134e-19 -0.000113682)
(39.9999 -1.56149e-19 -8.43037e-05)
(39.9999 2.57258e-19 -5.16787e-05)
(39.9999 -1.01743e-19 -1.57951e-05)
(40.0003 -1.47737e-20 -2.4724e-05)
(40.0003 1.35797e-20 -2.69167e-05)
(40.0003 0 -2.98719e-05)
(40.0003 -8.7711e-22 -3.25905e-05)
(40.0003 4.31006e-22 -3.52912e-05)
(40.0003 -5.05648e-20 -3.7958e-05)
(40.0003 5.00781e-20 -4.06013e-05)
(40.0003 0 -4.32316e-05)
(40.0003 4.78241e-20 -4.58536e-05)
(40.0003 -7.01944e-22 -4.84724e-05)
(40.0003 -9.44286e-20 -5.10905e-05)
(40.0003 4.66419e-20 -5.37098e-05)
(40.0003 0 -5.63308e-05)
(40.0003 3.71701e-22 -5.89529e-05)
(40.0003 3.4745e-22 -6.15747e-05)
(40.0003 3.42126e-22 -6.4194e-05)
(40.0003 -2.13796e-20 -6.68077e-05)
(40.0003 9.84007e-22 -6.9412e-05)
(40.0003 9.99191e-21 -7.20023e-05)
(40.0003 4.60718e-21 -7.45731e-05)
(40.0003 5.05285e-21 -7.71184e-05)
(40.0003 -9.68006e-21 -7.96314e-05)
(40.0003 8.48506e-21 -8.21043e-05)
(40.0003 0 -8.45288e-05)
(40.0003 -3.68667e-20 -8.68957e-05)
(40.0003 3.68832e-20 -8.9195e-05)
(40.0003 -1.05129e-21 -9.14159e-05)
(40.0002 -1.00526e-21 -9.35469e-05)
(40.0002 6.15531e-20 -9.55756e-05)
(40.0002 -6.17681e-20 -9.74888e-05)
(40.0002 1.78832e-21 -9.92727e-05)
(40.0002 3.27348e-21 -0.000100912)
(40.0002 -1.69616e-21 -0.000102393)
(40.0002 0 -0.000103697)
(40.0002 0 -0.000104809)
(40.0002 0 -0.000105712)
(40.0002 2.12422e-21 -0.000106385)
(40.0002 5.07959e-20 -0.000106812)
(40.0002 -5.3165e-20 -0.000106972)
(40.0001 -2.25068e-21 -0.000106846)
(40.0001 0 -0.000106412)
(40.0001 -3.98072e-21 -0.000105649)
(40.0001 3.49042e-21 -0.000104534)
(40.0001 1.20266e-21 -0.000103045)
(40.0001 4.63289e-20 -0.000101158)
(40.0001 -4.5071e-20 -9.88465e-05)
(40.0001 -1.00756e-20 -9.60851e-05)
(40.0001 9.66987e-20 -9.28459e-05)
(40.0001 -1.29559e-19 -8.90995e-05)
(40.0001 9.76683e-21 -8.48151e-05)
(40 -2.1035e-20 -7.99604e-05)
(40 -1.94791e-19 -7.4502e-05)
(40 2.3377e-19 -6.84041e-05)
(40 0 -6.16296e-05)
(40 0 -5.4143e-05)
(40 2.28441e-20 -4.59121e-05)
(40 2.60865e-20 -3.68899e-05)
(40 -2.86894e-20 -2.69993e-05)
(40 -3.30702e-20 -1.62684e-05)
(40 0 -5.24439e-06)
(12.6977 0 1.15708)
(14.2942 4.7331e-17 1.22735)
(14.8442 0 1.27731)
(15.3257 0 1.31773)
(15.6724 2.79195e-21 1.34724)
(15.9682 0 1.37235)
(16.2224 0 1.39401)
(16.4517 0 1.41359)
(16.6632 0 1.4317)
(16.8622 0 1.44879)
(17.0527 0 1.46521)
(17.2381 0 1.48124)
(17.4211 0 1.49711)
(17.6037 4.03197e-17 1.51304)
(17.7894 4.65983e-17 1.52932)
(17.983 0 1.54634)
(18.1833 6.04132e-17 1.56403)
(18.379 6.79686e-17 1.5817)
(18.5877 7.65691e-17 1.60109)
(18.9193 1.75434e-16 1.63061)
(19.4489 1.00837e-16 1.67414)
(19.7313 2.17363e-16 1.70065)
(19.0546 1.08268e-16 1.69573)
(19.8997 3.27351e-16 1.86634)
(29.3037 4.11633e-16 1.42616)
(16.374 -2.6468e-17 1.41731)
(18.1974 -2.06012e-17 1.54322)
(18.7849 0 1.60156)
(19.3495 1.02948e-17 1.65172)
(19.7567 1.31627e-17 1.68807)
(20.1088 0 1.71903)
(20.4128 0 1.74564)
(20.688 0 1.76958)
(20.942 0 1.79161)
(21.181 7.49294e-18 1.81228)
(21.4096 0 1.83199)
(21.6318 0 1.85111)
(21.8506 0 1.86989)
(22.0689 2.58176e-21 1.8886)
(22.2909 2.79484e-21 1.90757)
(22.5211 0 1.92723)
(22.7587 3.33896e-21 1.94758)
(23.0017 3.69446e-21 1.96827)
(23.2838 -3.32082e-17 1.99144)
(23.6975 5.68736e-21 2.02508)
(24.2352 5.77894e-21 2.07179)
(24.55 -4.70915e-17 2.10095)
(24.7493 1.96143e-20 2.10128)
(28.2002 -7.20047e-17 2.43267)
(39.5272 -1.97205e-16 2.95559)
(18.2605 2.18557e-20 1.56907)
(20.1024 1.69079e-21 1.69236)
(20.7162 0 1.75972)
(21.3132 -6.55047e-18 1.81391)
(21.7464 -4.19017e-18 1.85375)
(22.1227 0 1.88743)
(22.4488 0 1.9164)
(22.7447 0 1.94243)
(23.0187 0 1.96639)
(23.2772 -4.78384e-18 1.98888)
(23.5253 0 2.01036)
(23.7671 0 2.03121)
(24.0063 0 2.05175)
(24.2464 -1.12963e-17 2.07228)
(24.4922 -1.30555e-17 2.0932)
(24.7488 0 2.115)
(25.018 -1.69344e-17 2.13791)
(25.3031 -1.90544e-17 2.16185)
(25.6412 0 2.1888)
(26.1161 -2.46798e-17 2.22609)
(26.7202 4.11818e-21 2.27828)
(27.2063 0 2.32228)
(28.0027 5.16434e-21 2.34633)
(32.5219 0 2.68397)
(43.5001 1.37723e-16 3.45394)
(19.716 1.29439e-17 1.68317)
(21.5475 1.01097e-17 1.79857)
(22.177 0 1.87587)
(22.7924 0 1.93307)
(23.2428 0 1.97598)
(23.6358 0 2.0119)
(23.9783 0 2.04286)
(24.2906 1.16663e-18 2.07069)
(24.5812 2.47183e-18 2.09634)
(24.857 0 2.12051)
(25.1233 5.00459e-18 2.14367)
(25.3846 0 2.16625)
(25.6453 7.57606e-18 2.18864)
(25.9099 0 2.21122)
(26.1842 1.03561e-17 2.23445)
(26.4748 -1.19022e-17 2.25896)
(26.7867 0 2.28527)
(27.1286 1.53757e-17 2.31351)
(27.5401 -1.74551e-17 2.34542)
(28.1042 2.03533e-17 2.38847)
(28.842 -2.42673e-17 2.45083)
(29.6273 -2.81733e-17 2.51577)
(30.9903 1.35319e-21 2.55877)
(36.021 -4.78952e-17 2.87865)
(46.3022 -1.24649e-16 3.57853)
(20.9703 0 1.7737)
(22.775 8.45141e-18 1.88269)
(23.4143 0 1.97076)
(24.0422 4.26516e-18 2.03073)
(24.5065 0 2.07674)
(24.9141 0 2.11487)
(25.2718 1.65956e-19 2.14784)
(25.6001 -9.88734e-19 2.17749)
(25.9079 -2.10034e-18 2.20494)
(26.2027 0 2.23093)
(26.4899 -4.27953e-18 2.256)
(26.7746 5.38966e-18 2.28061)
(27.0621 -1.30725e-17 2.30524)
(27.3582 0 2.33037)
(27.6705 -9.04565e-18 2.3566)
(28.0077 2.09614e-17 2.38471)
(28.3785 0 2.41551)
(28.7987 -1.38073e-17 2.44944)
(29.3115 1.59465e-17 2.48793)
(30.0203 -1.90998e-17 2.54019)
(30.9848 0 2.61878)
(32.1694 5.69255e-17 2.70839)
(34.0813 -3.09509e-17 2.75996)
(39.2992 9.98505e-17 3.06074)
(48.7816 0 3.60121)
(22.1165 0 1.84911)
(23.8889 -7.45315e-18 1.95329)
(24.5361 0 2.05337)
(25.1745 -3.78821e-18 2.11622)
(25.6523 2.4352e-18 2.16563)
(26.0751 0 2.20618)
(26.4494 -1.48698e-19 2.2414)
(26.7959 0 2.27311)
(27.1242 0 2.30264)
(27.4422 0 2.33082)
(27.7561 0 2.35824)
(28.0714 -4.93997e-18 2.38543)
(28.3945 6.03294e-18 2.41294)
(28.7335 -7.20675e-18 2.44141)
(29.0983 0 2.47163)
(29.5008 1.72023e-21 2.50463)
(29.9529 -1.16283e-17 2.54137)
(30.4804 0 2.58264)
(31.1485 0 2.63096)
(32.0851 -1.98215e-17 2.69749)
(33.3797 0 2.79781)
(34.9939 -3.08213e-17 2.90955)
(37.2996 0 2.95243)
(42.3812 -5.24803e-17 3.23017)
(50.8414 0 3.5723)
(23.2134 0 1.91472)
(24.9522 0 2.0152)
(25.6081 0 2.12887)
(26.2577 -3.50911e-18 2.19499)
(26.7509 -4.53306e-18 2.24831)
(27.1917 -1.16228e-18 2.29169)
(27.5864 0 2.32958)
(27.9557 0 2.36379)
(28.3101 0 2.39587)
(28.6585 0 2.42677)
(29.008 -3.74647e-18 2.45723)
(29.365 -4.78046e-18 2.48782)
(29.7371 0 2.51915)
(30.1347 -1.70078e-21 2.55203)
(30.5728 -8.50564e-18 2.5876)
(31.0688 1.99817e-21 2.62725)
(31.6442 -2.11535e-21 2.67251)
(32.3365 -1.43987e-17 2.72463)
(33.2341 0 2.78689)
(34.4687 -5.53646e-21 2.8705)
(36.1117 -2.79326e-17 2.99098)
(38.0349 0 3.11117)
(40.3993 0 3.11919)
(44.9292 0 3.35855)
(52.2159 -1.1146e-16 3.48131)
(24.307 -8.54777e-18 1.97376)
(26.0107 0 2.07159)
(26.6782 0 2.20071)
(27.3418 3.81914e-21 2.27071)
(27.8547 4.37392e-18 2.32866)
(28.3187 1.12834e-18 2.37548)
(28.7403 -1.30841e-19 2.4167)
(29.1395 0 2.45405)
(29.5286 0 2.48936)
(29.9175 0 2.52374)
(30.3152 3.7747e-18 2.55811)
(30.7309 9.73207e-18 2.59326)
(31.175 -6.07078e-18 2.62996)
(31.6611 7.43503e-18 2.66918)
(32.2094 9.01634e-18 2.71238)
(32.8462 -1.0893e-17 2.7616)
(33.6045 1.31716e-17 2.81889)
(34.5264 1.59214e-17 2.88494)
(35.6883 0 2.96102)
(37.1865 2.3933e-17 3.05631)
(38.9935 3.01353e-17 3.18151)
(40.8451 0 3.27985)
(42.8308 0 3.22453)
(46.5897 0 3.42654)
(52.7866 1.09408e-16 3.3329)
(25.4356 8.4289e-18 2.02836)
(27.1043 6.30875e-18 2.125)
(27.7884 0 2.27165)
(28.4717 5.37672e-21 2.34645)
(29.0107 -2.18724e-18 2.40998)
(29.5057 0 2.46104)
(29.9645 2.62491e-19 2.50647)
(30.4083 0 2.54811)
(30.8489 0 2.58792)
(31.2979 -2.88461e-18 2.62715)
(31.7672 -3.98804e-18 2.66698)
(32.2701 -5.18968e-18 2.70853)
(32.8211 -2.67967e-21 2.75282)
(33.437 -8.07816e-18 2.80089)
(34.1398 0 2.85405)
(34.9582 0 2.91427)
(35.9193 -1.44243e-17 2.98292)
(37.0398 -1.72498e-17 3.05837)
(38.333 0 3.13679)
(39.8182 -2.51469e-17 3.22335)
(41.4084 -3.09909e-17 3.32634)
(42.8385 0 3.37733)
(44.2537 -3.39641e-17 3.25151)
(47.3186 0 3.43187)
(52.7701 9.47883e-17 3.10227)
(26.6392 8.3962e-18 2.08059)
(28.2758 -6.33003e-18 2.1782)
(28.9914 -4.72835e-18 2.34487)
(29.705 3.43492e-18 2.42594)
(30.2842 0 2.49654)
(30.8256 0 2.55319)
(31.3401 -2.68742e-19 2.60429)
(31.8505 0 2.65183)
(32.3679 0 2.69789)
(32.9056 3.09864e-18 2.74384)
(33.4766 4.3059e-18 2.7909)
(34.0956 5.62775e-18 2.8402)
(34.778 7.08103e-18 2.89276)
(35.5383 8.7111e-18 2.9494)
(36.3858 -1.05544e-17 3.01034)
(37.3228 0 3.07545)
(38.3439 1.5097e-17 3.14361)
(39.4313 1.77502e-17 3.2107)
(40.5585 0 3.27085)
(41.7171 2.51454e-17 3.32962)
(42.8477 3.04758e-17 3.39591)
(43.797 0 3.39317)
(44.7963 -9.37248e-20 3.21059)
(47.501 5.13665e-17 3.39536)
(52.5687 -8.32922e-17 2.80017)
(27.9787 -1.71081e-17 2.13325)
(29.5972 6.47559e-18 2.2355)
(30.3664 1.58293e-20 2.42501)
(31.1273 3.58605e-18 2.51445)
(31.768 0 2.59409)
(32.3772 0 2.65802)
(32.9678 6.35546e-21 2.71612)
(33.5618 0 2.77044)
(34.1723 0 2.82337)
(34.8114 0 2.87626)
(35.4859 0 2.92987)
(36.1998 4.80903e-21 2.9845)
(36.9544 0 3.03988)
(37.757 0 3.09628)
(38.5934 2.14424e-17 3.15267)
(39.4431 1.27155e-17 3.20763)
(40.2761 0 3.25908)
(41.0642 0 3.30199)
(41.8166 0 3.33236)
(42.5779 2.39152e-17 3.35999)
(43.358 0 3.39583)
(44.0607 0 3.35199)
(44.926 2.83914e-17 3.13649)
(47.5411 -4.57498e-17 3.34236)
(52.3168 0 2.45431)
(29.5424 8.70118e-18 2.1903)
(31.1639 -6.67756e-18 2.30185)
(31.999 5.10017e-18 2.51608)
(32.8192 -3.72095e-18 2.61567)
(33.531 0 2.70515)
(34.2126 0 2.7767)
(34.8739 8.62783e-21 2.84122)
(35.5302 0 2.90037)
(36.1899 0 2.95625)
(36.8622 0 3.01015)
(37.5426 0 3.06229)
(38.2237 -5.83225e-18 3.1122)
(38.894 0 3.15927)
(39.537 0 3.20261)
(40.1408 -1.03952e-17 3.24134)
(40.7008 -1.2197e-17 3.27478)
(41.2161 0 3.30222)
(41.6993 0 3.32083)
(42.1984 0 3.33003)
(42.7834 -2.15723e-17 3.34207)
(43.4653 0 3.36215)
(44.1241 2.65038e-17 3.28511)
(44.9928 0 3.04986)
(47.5902 0 3.27361)
(52.0381 0 2.07675)
(31.4033 0 2.25337)
(33.0164 0 2.3777)
(33.8957 0 2.61565)
(34.7417 0 2.72423)
(35.4745 0 2.81984)
(36.1634 1.23425e-18 2.89403)
(36.8132 1.26069e-19 2.9585)
(37.4326 -9.80318e-19 3.01487)
(38.0205 0 3.06524)
(38.572 0 3.11034)
(39.0829 0 3.15047)
(39.551 0 3.1856)
(39.9772 0 3.21542)
(40.3632 0 3.2401)
(40.7253 0 3.26086)
(41.0806 0 3.27861)
(41.4449 0 3.29357)
(41.8352 1.4467e-17 3.302)
(42.2869 0 3.30283)
(42.8565 1.88234e-17 3.30854)
(43.5373 0 3.31589)
(44.1981 -1.13539e-19 3.20402)
(45.0903 2.18926e-17 2.95546)
(47.6533 3.57395e-17 3.17847)
(51.7267 4.36579e-17 1.67081)
(33.4669 0 2.31311)
(34.9608 -6.09443e-18 2.448)
(35.7832 0 2.70158)
(36.554 -3.39349e-18 2.81315)
(37.1878 0 2.90738)
(37.747 -2.29214e-18 2.9762)
(38.2368 0 3.03224)
(38.6704 9.11587e-19 3.07782)
(39.0541 0 3.11539)
(39.3948 2.95142e-18 3.14656)
(39.7048 0 3.17297)
(39.9952 -5.0415e-18 3.19564)
(40.2774 6.13215e-18 3.21525)
(40.5623 0 3.23206)
(40.8611 0 3.24663)
(41.1833 0 3.25937)
(41.5358 0 3.26984)
(41.9263 -2.55634e-22 3.27335)
(42.384 -1.40219e-17 3.26893)
(42.9607 1.26881e-20 3.26919)
(43.6422 0 3.26038)
(44.2988 -3.8327e-17 3.11019)
(45.2089 -1.87701e-17 2.8547)
(47.7104 -6.08348e-17 3.04986)
(51.3757 -3.74512e-17 1.24426)
(35.2886 0 2.33839)
(36.4947 8.55125e-20 2.48194)
(37.1068 0 2.74146)
(37.6747 3.07946e-18 2.84982)
(38.1075 -1.98861e-18 2.93717)
(38.4784 1.02483e-18 2.99738)
(38.7979 0 3.04452)
(39.0858 0 3.08197)
(39.3533 0 3.11287)
(39.6107 -2.59813e-18 3.13885)
(39.8656 3.49188e-18 3.16117)
(40.1242 4.37981e-18 3.18063)
(40.3917 6.86279e-21 3.19768)
(40.673 -6.2504e-18 3.2124)
(40.974 0 3.22486)
(41.3007 0 3.23501)
(41.6572 0 3.24169)
(42.0504 -1.05908e-17 3.23977)
(42.5099 1.1899e-17 3.22921)
(43.0866 8.12647e-21 3.22231)
(43.7602 1.56283e-17 3.19233)
(44.4066 1.61443e-17 3.00193)
(45.3328 1.64015e-17 2.74621)
(47.7482 2.57381e-17 2.88002)
(50.9803 2.8245e-17 0.807776)
(36.3718 -5.81546e-18 2.30415)
(37.2182 4.83673e-18 2.46534)
(37.6333 0 2.72592)
(38.0557 -2.64387e-18 2.83434)
(38.3853 2.76626e-20 2.92107)
(38.6881 0 2.98033)
(38.9647 4.16046e-20 3.0266)
(39.2286 7.37068e-19 3.06333)
(39.485 0 3.09371)
(39.7393 2.24081e-18 3.11933)
(39.9952 -2.97735e-18 3.14124)
(40.2566 0 3.15999)
(40.5268 -4.50035e-18 3.17583)
(40.81 5.29484e-18 3.18875)
(41.1119 6.13406e-18 3.19876)
(41.4383 -7.02354e-18 3.2056)
(41.7935 7.96085e-18 3.20745)
(42.1847 0 3.19886)
(42.6426 -1.004e-17 3.18107)
(43.216 -1.15376e-17 3.1648)
(43.8771 -1.31599e-17 3.10823)
(44.5119 -1.34007e-17 2.87817)
(45.4542 -1.39555e-17 2.62707)
(47.7561 -2.14991e-17 2.66254)
(50.5376 -2.44751e-17 0.374843)
(36.8286 5.05592e-18 2.22486)
(37.4603 0 2.42087)
(37.8264 -3.07992e-18 2.68367)
(38.2154 2.26952e-18 2.79825)
(38.5339 2.90031e-18 2.88929)
(38.8329 0 2.95158)
(39.1095 -3.53392e-20 3.00012)
(39.3745 -6.24644e-19 3.03829)
(39.6319 0 3.06942)
(39.8866 -1.89283e-18 3.09515)
(40.1423 0 3.11659)
(40.4027 3.15877e-18 3.13432)
(40.6715 0 3.14851)
(40.953 0 3.15909)
(41.2529 -5.16338e-18 3.16601)
(41.5771 5.91041e-18 3.16875)
(41.9297 -6.69746e-18 3.16472)
(42.3181 0 3.14838)
(42.7739 8.44796e-18 3.12241)
(43.3423 0 3.09393)
(43.9872 0 3.00535)
(44.6101 1.12899e-17 2.73902)
(45.566 -1.22061e-17 2.49324)
(47.7221 1.80757e-17 2.39392)
(50.0459 0 -0.03971)
(37.1018 0 2.13167)
(37.6427 3.32681e-18 2.36725)
(38.0058 2.61497e-18 2.63046)
(38.3818 0 2.75382)
(38.6969 -2.39266e-18 2.85021)
(38.9922 0 2.91626)
(39.2659 0 2.9673)
(39.5281 0 3.00695)
(39.7829 1.08535e-18 3.03875)
(40.0351 0 3.06443)
(40.2884 -2.13263e-18 3.08517)
(40.5465 -2.65409e-18 3.10154)
(40.813 -3.19923e-18 3.1137)
(41.0923 -3.75577e-18 3.12149)
(41.3901 0 3.12476)
(41.7119 0 3.12261)
(42.0614 0 3.1116)
(42.4468 0 3.08643)
(42.9001 0 3.05112)
(43.4609 0 3.00662)
(44.0849 0 2.88141)
(44.6962 -9.35168e-18 2.58493)
(45.6586 -1.20362e-19 2.33925)
(47.633 -1.4531e-17 2.07559)
(49.5056 0 -0.418682)
(37.3812 0 2.0393)
(37.8502 -2.82038e-18 2.30728)
(38.1987 -2.07874e-18 2.56838)
(38.5554 0 2.70092)
(38.8617 9.92224e-19 2.80256)
(39.1496 0 2.87258)
(39.4182 -2.27526e-20 2.92621)
(39.6763 0 2.96739)
(39.9277 -9.11018e-19 2.99983)
(40.177 0 3.02538)
(40.4276 1.78981e-18 3.04526)
(40.6833 0 3.06002)
(40.9475 2.68489e-18 3.06977)
(41.2245 -1.89676e-21 3.07427)
(41.5198 -3.64347e-18 3.07325)
(41.8387 0 3.06526)
(42.1845 0 3.04605)
(42.5662 -5.2714e-18 3.01099)
(43.0159 0 2.96473)
(43.5652 0 2.8995)
(44.1636 -7.51785e-18 2.73491)
(44.7635 7.89329e-18 2.41607)
(45.7196 -5.31065e-20 2.15835)
(47.4762 5.03567e-19 1.71485)
(48.9193 -1.13399e-17 -0.74597)
(37.667 2.5825e-18 1.95203)
(38.0631 2.16791e-18 2.24076)
(38.3897 1.74689e-18 2.49697)
(38.724 1.21039e-18 2.6381)
(39.0193 0 2.74468)
(39.2987 3.54132e-19 2.81885)
(39.5615 1.90891e-20 2.87518)
(39.8149 0 2.91797)
(40.0626 0 2.95105)
(40.3086 0 2.97637)
(40.5563 0 2.99517)
(40.8092 0 3.00801)
(41.0706 0 3.01489)
(41.3448 2.64627e-18 3.01553)
(41.6372 3.05729e-18 3.00943)
(41.9524 0 2.99449)
(42.2936 0 2.96581)
(42.6707 4.42577e-18 2.9198)
(43.1147 0 2.86035)
(43.6475 0 2.76935)
(44.2157 1.2527e-17 2.56563)
(44.8037 0 2.23201)
(45.7341 1.51647e-17 1.94462)
(47.2415 9.95178e-18 1.3261)
(48.2933 9.98845e-18 -1.00781)
(37.9424 -2.17782e-18 1.87068)
(38.2721 -1.82638e-18 2.16777)
(38.5737 0 2.41609)
(38.8839 -1.979e-18 2.56439)
(39.1665 0 2.67533)
(39.436 -2.97096e-19 2.75356)
(39.6919 -5.51848e-20 2.81259)
(39.9399 0 2.85697)
(40.1831 0 2.89061)
(40.4253 0 2.91553)
(40.6696 0 2.93299)
(40.9192 0 2.9435)
(41.1774 0 2.94699)
(41.4482 0 2.9431)
(41.7369 0 2.931)
(42.0474 -2.91639e-18 2.90788)
(42.3827 0 2.86851)
(42.7541 0 2.81041)
(43.1894 4.15319e-18 2.7348)
(43.6995 0 2.61369)
(44.2339 -1.14882e-19 2.37452)
(44.8075 0 2.03123)
(45.6867 -6.42252e-18 1.69537)
(46.9239 0 0.929889)
(47.6378 0 -1.19649)
(38.2007 0 1.79528)
(38.4735 -1.33321e-18 2.08861)
(38.7476 1.04322e-18 2.32608)
(39.0323 5.4909e-20 2.47915)
(39.3 0 2.59342)
(39.5583 -1.95151e-19 2.67531)
(39.8061 -2.28446e-20 2.7368)
(40.0477 3.25973e-19 2.78263)
(40.2857 0 2.81665)
(40.5234 0 2.84092)
(40.7636 1.07878e-18 2.85669)
(41.0093 -1.33232e-18 2.86439)
(41.2636 1.59125e-18 2.86389)
(41.5304 0 2.85471)
(41.8143 2.14019e-18 2.83559)
(42.1188 1.43484e-20 2.803)
(42.447 0 2.75185)
(42.8108 3.06786e-18 2.68036)
(43.2331 -3.49162e-18 2.58517)
(43.714 0 2.43166)
(44.212 -4.30757e-18 2.16355)
(44.7648 0 1.8117)
(45.564 0 1.41415)
(46.5261 0 0.55066)
(46.9658 5.50044e-18 -1.3114)
(38.4385 0 1.72503)
(38.6642 2.14161e-18 2.00383)
(38.9093 -1.67792e-18 2.22763)
(39.1678 1.20941e-18 2.38217)
(39.4189 0 2.49822)
(39.6642 2.96223e-19 2.5829)
(39.9027 1.39791e-19 2.64635)
(40.1368 -5.65026e-19 2.69328)
(40.3688 0 2.72736)
(40.6012 7.04165e-19 2.75062)
(40.8367 -9.05517e-19 2.76424)
(41.0777 1.11843e-18 2.76857)
(41.3273 -1.33595e-18 2.76342)
(41.5891 1.55497e-18 2.7481)
(41.8671 -1.79739e-18 2.72082)
(42.1639 1.86695e-20 2.67758)
(42.4832 2.27549e-18 2.61377)
(42.8367 -2.5796e-18 2.52729)
(43.2404 2.85315e-18 2.40951)
(43.6861 0 2.22441)
(44.1454 0 1.93509)
(44.6663 0 1.57247)
(45.3583 0 1.11218)
(46.0593 0 0.212034)
(46.2923 -4.85079e-18 -1.35981)
(38.6549 0 1.65814)
(38.8428 -1.62089e-18 1.91417)
(39.0592 1.2745e-18 2.12166)
(39.2918 -9.13222e-19 2.27374)
(39.5246 0 2.38946)
(39.7557 -1.11182e-19 2.47554)
(39.9834 -6.86377e-20 2.54008)
(40.2089 2.44676e-19 2.58748)
(40.4338 0 2.62108)
(40.66 -5.91223e-19 2.64281)
(40.8897 -7.69048e-19 2.65371)
(41.1251 0 2.65405)
(41.369 0 2.6435)
(41.6244 -1.30627e-18 2.62112)
(41.8947 0 2.5846)
(42.182 3.3828e-18 2.5298)
(42.4901 -1.91353e-18 2.45259)
(42.8293 0 2.34955)
(43.2079 -2.40263e-18 2.20772)
(43.6133 0 1.99523)
(44.031 0 1.69196)
(44.5048 -3.03068e-18 1.31625)
(45.0699 3.34315e-18 0.807629)
(45.5416 -3.48306e-18 -0.067834)
(45.6313 0 -1.35413)
(38.8525 0 1.59216)
(39.0109 8.58887e-20 1.82027)
(39.2002 -5.05059e-19 2.00908)
(39.4078 3.60189e-19 2.15457)
(39.6213 -1.708e-19 2.26736)
(39.8369 0 2.35288)
(40.0525 0 2.41718)
(40.2681 0 2.46408)
(40.4845 0 2.49642)
(40.7032 0 2.5159)
(40.9259 6.45973e-19 2.52338)
(41.1544 0 2.519)
(41.391 0 2.50227)
(41.6383 0 2.47194)
(41.8986 0 2.42532)
(42.1738 -1.41279e-18 2.35843)
(42.4675 0 2.26737)
(42.787 0 2.14688)
(43.1339 0 1.98221)
(43.4952 0 1.74918)
(43.8667 0 1.43812)
(44.2771 2.57732e-18 1.05121)
(44.7086 -2.85589e-18 0.521686)
(44.9951 3.00594e-18 -0.279926)
(44.9939 0 -1.30849)
(39.0355 0 1.52447)
(39.1712 4.67882e-19 1.72239)
(39.3363 3.03784e-19 1.89059)
(39.5205 0 2.02557)
(39.7143 4.0467e-20 2.13249)
(39.9134 0 2.21501)
(40.1153 1.10067e-19 2.2773)
(40.3194 0 2.32232)
(40.5258 3.26477e-19 2.3523)
(40.7354 0 2.3686)
(40.9493 0 2.37184)
(41.169 -6.58384e-19 2.36197)
(41.3962 7.72748e-19 2.33832)
(41.6328 0 2.29932)
(41.8803 0 2.24219)
(42.1401 0 2.16324)
(42.4151 0 2.0585)
(42.7088 1.39213e-18 1.92133)
(43.018 -1.52489e-18 1.7381)
(43.332 1.64942e-18 1.49281)
(43.6513 1.77085e-18 1.18009)
(43.9863 0 0.790859)
(44.2914 0 0.27326)
(44.4409 -2.00278e-18 -0.424597)
(44.3877 1.91659e-18 -1.23483)
(39.2084 0 1.45249)
(39.3267 0 1.62016)
(39.4708 -2.55276e-19 1.76642)
(39.6335 0 1.8876)
(39.8078 8.64792e-20 1.98561)
(39.9896 0 2.06241)
(40.1765 -9.24397e-20 2.12051)
(40.3673 1.99273e-19 2.16191)
(40.5618 -2.74264e-19 2.18815)
(40.7602 0 2.20015)
(40.9631 0 2.19824)
(41.1715 5.53469e-19 2.18215)
(41.3865 -1.28315e-20 2.15102)
(41.6093 0 2.10311)
(41.8403 0 2.03574)
(42.0807 0 1.94558)
(42.3318 1.01354e-18 1.82854)
(42.5936 -1.17496e-18 1.67786)
(42.8606 1.28905e-18 1.48296)
(43.1249 -1.39755e-18 1.23436)
(43.3867 -1.50494e-18 0.927688)
(43.6418 0 0.550932)
(43.8394 0 0.0744614)
(43.8961 3.2236e-18 -0.509131)
(43.8171 -1.66791e-18 -1.14154)
(39.374 0 1.37388)
(39.4787 1.66202e-19 1.51262)
(39.6051 -1.18474e-19 1.63633)
(39.7484 0 1.74127)
(39.9037 0 1.82759)
(40.0678 0 1.89593)
(40.2384 1.16984e-19 1.94747)
(40.4142 -1.67394e-19 1.98328)
(40.5945 0 2.00422)
(40.7792 0 2.01071)
(40.9684 0 2.00279)
(41.1625 0 1.97998)
(41.3619 -5.35918e-19 1.94125)
(41.5669 -5.90181e-19 1.88488)
(41.7776 0 1.80847)
(41.9939 0 1.70911)
(42.2159 -1.65825e-18 1.58298)
(42.441 0 1.42438)
(42.6632 0 1.22638)
(42.8765 0 0.983765)
(43.0789 0 0.692923)
(43.2591 0 0.345077)
(43.3738 0 -0.0708462)
(43.3733 -1.28858e-18 -0.54395)
(43.2853 0 -1.03403)
(39.5331 0 1.28655)
(39.6268 -4.567e-20 1.39841)
(39.7379 9.952e-20 1.49971)
(39.8638 1.94992e-20 1.5869)
(40.001 -2.31591e-20 1.65936)
(40.1472 -6.83315e-20 1.71684)
(40.3005 -9.82613e-20 1.75956)
(40.4595 -1.63932e-19 1.78786)
(40.6234 -2.13564e-19 1.80197)
(40.7917 -2.64055e-19 1.8019)
(40.964 -3.15219e-19 1.78738)
(41.1403 0 1.75779)
(41.3204 0 1.71205)
(41.5038 9.68156e-19 1.64863)
(41.69 0 1.56557)
(41.8781 0 1.46047)
(42.0667 6.78337e-19 1.33029)
(42.2524 6.72144e-19 1.17112)
(42.4294 0 0.979114)
(42.5929 7.54332e-19 0.75182)
(42.7393 0 0.487155)
(42.8565 8.13796e-19 0.181408)
(42.9131 0 -0.165725)
(42.8813 7.98937e-19 -0.539913)
(42.7946 0 -0.916494)
(39.6839 0 1.18886)
(39.7681 -1.21649e-19 1.2762)
(39.866 0 1.35593)
(39.976 -1.63758e-20 1.42485)
(40.0961 6.22625e-20 1.48213)
(40.2243 5.73939e-20 1.52702)
(40.3594 0 1.55921)
(40.5001 1.3776e-19 1.57849)
(40.6454 1.79529e-19 1.58466)
(40.7946 4.4128e-19 1.57741)
(40.9471 5.21898e-19 1.55628)
(41.1023 2.9433e-19 1.52057)
(41.2595 3.31923e-19 1.46935)
(41.4178 -3.9708e-19 1.40137)
(41.5761 4.05694e-19 1.3152)
(41.7329 0 1.20915)
(41.8862 0 1.08124)
(42.0322 -6.29416e-20 0.929345)
(42.1664 0 0.751882)
(42.2845 -8.40639e-20 0.548213)
(42.383 5.7615e-19 0.318083)
(42.4525 -6.9523e-19 0.0615771)
(42.4719 0 -0.217451)
(42.4264 -6.86179e-19 -0.507123)
(42.3474 0 -0.793258)
(39.8233 2.47961e-20 1.0799)
(39.8987 3.58436e-20 1.14526)
(39.9845 -1.05911e-20 1.20486)
(40.0798 -3.11942e-20 1.25595)
(40.1833 -3.5962e-20 1.29774)
(40.2938 -7.6849e-20 1.32934)
(40.4101 0 1.35018)
(40.5312 -1.26691e-19 1.35977)
(40.6562 0 1.35766)
(40.7842 -1.84451e-19 1.34341)
(40.9143 -4.21365e-19 1.31649)
(41.0458 -2.4795e-19 1.27626)
(41.1775 -5.37509e-19 1.22201)
(41.3084 0 1.15289)
(41.437 -3.42632e-19 1.06801)
(41.5616 -3.31174e-19 0.966437)
(41.68 0 0.847224)
(41.7892 -8.01749e-19 0.709643)
(41.8853 0 0.553513)
(41.9653 -8.76163e-19 0.379362)
(42.0266 -4.90924e-19 0.188225)
(42.0632 -4.17398e-19 -0.0180821)
(42.0615 0 -0.23523)
(42.0133 -4.01363e-19 -0.454912)
(41.9457 -3.8582e-19 -0.669305)
(39.9473 -2.08333e-20 0.959994)
(40.0139 -1.30411e-20 1.00605)
(40.088 8.8971e-21 1.04753)
(40.1692 -1.47653e-20 1.08215)
(40.2567 0 1.10926)
(40.3495 -8.16754e-21 1.12805)
(40.4467 0 1.13789)
(40.5476 -5.43978e-22 1.13824)
(40.6513 0 1.1286)
(40.7568 -1.42683e-19 1.10853)
(40.8632 3.33446e-19 1.07755)
(40.9696 -1.78143e-19 1.03522)
(41.075 2.17401e-19 0.981069)
(41.1779 -2.11968e-19 0.914648)
(41.2772 2.2772e-19 0.835564)
(41.3711 3.78195e-20 0.743503)
(41.4579 -2.55663e-19 0.638299)
(41.535 5.8308e-19 0.520064)
(41.6 0 0.389361)
(41.6506 3.41994e-19 0.24727)
(41.6856 -2.88077e-19 0.0953048)
(41.7016 3.55909e-19 -0.0644584)
(41.6897 -2.86958e-19 -0.228594)
(41.6454 6.56339e-20 -0.391767)
(41.5904 6.29061e-20 -0.549841)
(40.0515 0 0.831113)
(40.1088 1.09577e-20 0.860787)
(40.1713 3.34756e-20 0.886728)
(40.2388 3.44344e-20 0.907078)
(40.3106 0 0.921398)
(40.3861 6.11799e-20 0.929016)
(40.4646 7.61123e-20 0.929418)
(40.5454 9.0133e-20 0.922136)
(40.6277 0 0.906765)
(40.7107 1.20205e-19 0.882949)
(40.7936 -1.35314e-19 0.850377)
(40.8755 2.83756e-19 0.808783)
(40.9554 0 0.757961)
(41.0322 3.33631e-19 0.697776)
(41.1047 -1.92565e-19 0.628193)
(41.1717 3.77942e-19 0.549303)
(41.2318 2.16603e-19 0.461363)
(41.2833 -2.26595e-19 0.36487)
(41.3245 0 0.26063)
(41.3543 0 0.149794)
(41.3723 2.45044e-19 0.0337707)
(41.3766 0 -0.0857619)
(41.3615 2.44497e-19 -0.206478)
(41.3243 2.36474e-19 -0.325125)
(41.2818 2.27769e-19 -0.439646)
(40.1318 0 0.69724)
(40.1795 0 0.713734)
(40.2305 -2.81418e-20 0.7272)
(40.2846 0 0.736181)
(40.3414 0 0.740422)
(40.4004 0 0.739447)
(40.4611 -6.4063e-20 0.732894)
(40.5228 0 0.720442)
(40.5851 0 0.701822)
(40.6472 -8.35019e-20 0.676822)
(40.7084 0 0.645285)
(40.768 -1.54057e-20 0.607118)
(40.8253 0 0.562298)
(40.8794 -2.40267e-19 0.510885)
(40.9294 0 0.453039)
(40.9746 -2.62398e-20 0.38903)
(41.0138 -1.24195e-19 0.31926)
(41.0463 0 0.244291)
(41.0708 0 0.164876)
(41.087 0 0.0819621)
(41.0949 -1.32214e-19 -0.00338778)
(41.0936 0 -0.0900292)
(41.0792 0 -0.176518)
(41.0499 0 -0.260949)
(41.0185 0 -0.342396)
(40.186 0 0.564172)
(40.2238 0 0.570875)
(40.2636 -3.10792e-20 0.57521)
(40.3052 0 0.576086)
(40.3481 0 0.573396)
(40.3921 0 0.56684)
(40.4367 -4.815e-20 0.55621)
(40.4816 0 0.541324)
(40.5262 0 0.522047)
(40.5702 7.04149e-20 0.498289)
(40.6129 0 0.470013)
(40.654 -1.50942e-19 0.437233)
(40.6927 0 0.400028)
(40.7287 9.26726e-20 0.358539)
(40.7613 0 0.312984)
(40.79 -1.82846e-19 0.263654)
(40.8142 1.05137e-19 0.210928)
(40.8335 0 0.15527)
(40.8471 0 0.097254)
(40.8551 0 0.0375467)
(40.8576 1.12138e-19 -0.0231505)
(40.8542 0 -0.0841364)
(40.8422 0 -0.144571)
(40.8203 0 -0.203375)
(40.7981 8.04449e-20 -0.260205)
(40.2141 0 0.438642)
(40.2427 0 0.438863)
(40.2721 2.61519e-20 0.437341)
(40.3024 0 0.433301)
(40.3332 -3.09165e-20 0.426733)
(40.3643 0 0.417474)
(40.3955 7.6505e-20 0.405428)
(40.4263 0 0.390517)
(40.4566 0 0.3727)
(40.486 0 0.351964)
(40.5142 0 0.328337)
(40.5409 1.05525e-19 0.301882)
(40.5657 -4.93184e-20 0.272706)
(40.5882 0 0.240955)
(40.6083 0 0.206824)
(40.6255 6.87475e-20 0.170549)
(40.6396 0 0.132413)
(40.6504 0 0.0927436)
(40.6574 0 0.0519197)
(40.6607 -5.63308e-20 0.0103623)
(40.6607 0 -0.0315087)
(40.6571 0 -0.0732968)
(40.6479 0 -0.114539)
(40.6323 0 -0.154643)
(40.6172 -6.81477e-20 -0.193543)
(40.2193 0 0.32689)
(40.2396 0 0.323514)
(40.2602 2.02189e-20 0.318949)
(40.2811 0 0.312674)
(40.302 2.60363e-20 0.304726)
(40.3228 0 0.295032)
(40.3434 -3.02839e-20 0.283561)
(40.3634 2.7126e-20 0.270299)
(40.3829 0 0.255248)
(40.4015 0 0.238434)
(40.4191 0 0.219904)
(40.4354 -8.19154e-21 0.199728)
(40.4504 4.16304e-20 0.177999)
(40.4638 0 0.154834)
(40.4754 0 0.130374)
(40.4852 0 0.104782)
(40.493 0 0.0782402)
(40.4985 0 0.050954)
(40.5018 0 0.0231504)
(40.5028 4.76288e-20 -0.00492645)
(40.5018 0 -0.0330435)
(40.4987 0 -0.0609913)
(40.4921 0 -0.0885265)
(40.4814 0 -0.115334)
(40.4715 0 -0.141463)
(40.2068 -1.33977e-20 0.233249)
(40.2204 0 0.22847)
(40.2341 -1.70225e-20 0.222942)
(40.2477 0 0.216335)
(40.2611 0 0.2087)
(40.2743 -1.71728e-20 0.20001)
(40.2871 -1.78782e-20 0.190268)
(40.2994 -2.28603e-20 0.179482)
(40.3112 -1.91975e-20 0.167674)
(40.3224 0 0.154874)
(40.3327 -2.03596e-20 0.141127)
(40.3423 -2.68337e-20 0.126487)
(40.3508 -2.13243e-20 0.111023)
(40.3583 0 0.0948114)
(40.3647 0 0.0779429)
(40.37 0 0.0605164)
(40.3739 0 0.0426398)
(40.3766 0 0.0244292)
(40.3779 0 0.00601078)
(40.3778 0 -0.0124828)
(40.3766 0 -0.0309301)
(40.3743 0 -0.0492271)
(40.3697 0 -0.0672515)
(40.3626 0 -0.0848419)
(40.3563 0 -0.102081)
(40.1832 1.12769e-20 0.159378)
(40.1918 1.0152e-20 0.1546)
(40.2003 0 0.149389)
(40.2087 0 0.143544)
(40.2168 1.131e-20 0.137113)
(40.2247 1.44641e-20 0.130089)
(40.2323 1.50604e-20 0.122483)
(40.2395 1.23446e-20 0.114311)
(40.2463 1.61764e-20 0.105592)
(40.2526 1.29357e-20 0.0963536)
(40.2584 1.71603e-20 0.0866259)
(40.2637 0 0.0764461)
(40.2683 3.1611e-20 0.0658562)
(40.2723 0 0.0549031)
(40.2756 1.39503e-20 0.0436384)
(40.2782 0 0.0321174)
(40.2801 1.41389e-20 0.0203987)
(40.2812 1.41814e-20 0.00854378)
(40.2815 1.41855e-20 -0.00338153)
(40.2811 1.41552e-20 -0.0153087)
(40.28 0 -0.0271778)
(40.2783 0 -0.0389402)
(40.2753 1.38834e-20 -0.0505372)
(40.2707 1.3611e-20 -0.0618891)
(40.2667 1.3394e-20 -0.0730766)
(40.1544 6.78475e-21 0.104371)
(40.1595 -8.54519e-21 0.100308)
(40.1646 0 0.096013)
(40.1694 -7.36441e-21 0.0913725)
(40.1741 -9.52253e-21 0.0864194)
(40.1786 0 0.0811546)
(40.1829 -7.87464e-21 0.0755896)
(40.1869 -1.03965e-20 0.0697364)
(40.1906 0 0.0636099)
(40.194 -1.08962e-20 0.0572272)
(40.1971 0 0.0506079)
(40.1998 -8.50664e-21 0.0437736)
(40.2022 -1.14862e-20 0.0367482)
(40.2042 0 0.0295574)
(40.2058 -1.1755e-20 0.0222287)
(40.207 -8.76322e-21 0.0147909)
(40.2077 -1.19151e-20 0.00727387)
(40.2081 -3.153e-21 -0.000291568)
(40.208 -1.19552e-20 -0.00787282)
(40.2075 -2.06946e-20 -0.0154357)
(40.2067 0 -0.0229522)
(40.2055 0 -0.0304008)
(40.2036 -1.1701e-20 -0.0377546)
(40.2006 -1.14713e-20 -0.0449764)
(40.1982 -1.12883e-20 -0.0521325)
(40.1251 -5.70932e-21 0.0655476)
(40.1281 -4.65149e-21 0.0624211)
(40.1309 -4.74122e-21 0.0591811)
(40.1336 6.1982e-21 0.055764)
(40.1361 0 0.0521909)
(40.1386 0 0.0484642)
(40.1408 1.57323e-21 0.0445919)
(40.1429 0 0.0405817)
(40.1449 0 0.036443)
(40.1466 0 0.0321856)
(40.1481 -5.28261e-21 0.0278204)
(40.1495 1.83892e-21 0.0233593)
(40.1506 0 0.0188146)
(40.1516 0 0.0141997)
(40.1523 0 0.00952829)
(40.1527 7.3796e-21 0.00481462)
(40.153 0 7.31428e-05)
(40.153 -7.4096e-21 -0.00468135)
(40.1528 0 -0.00943338)
(40.1523 7.38133e-21 -0.0141662)
(40.1517 0 -0.0188675)
(40.151 0 -0.0235283)
(40.1497 0 -0.0281371)
(40.1478 0 -0.0326775)
(40.1464 0 -0.0371995)
(40.0984 0 0.0394514)
(40.1 3.91337e-21 0.0372069)
(40.1015 9.2926e-22 0.0349107)
(40.1029 3.09712e-21 0.0325293)
(40.1042 0 0.0300747)
(40.1055 0 0.0275487)
(40.1066 4.25403e-21 0.0249562)
(40.1077 0 0.0223016)
(40.1086 0 0.0195899)
(40.1095 3.26752e-21 0.0168265)
(40.1102 4.4456e-21 0.014017)
(40.1108 1.17881e-21 0.0111674)
(40.1113 0 0.00828381)
(40.1117 -3.32281e-21 0.00537271)
(40.112 0 0.00244071)
(40.1121 0 -0.000505475)
(40.1121 0 -0.00345909)
(40.112 0 -0.00641332)
(40.1118 0 -0.00936106)
(40.1114 0 -0.0122941)
(40.111 0 -0.0152075)
(40.1105 0 -0.0180977)
(40.1097 -3.26097e-21 -0.0209601)
(40.1085 0 -0.0237884)
(40.1077 0 -0.0266184)
(40.0756 -1.90555e-21 0.0226708)
(40.0764 0 0.0211376)
(40.0772 2.57353e-21 0.0195828)
(40.0779 -4.56044e-21 0.0179891)
(40.0786 0 0.0163631)
(40.0792 -1.98281e-21 0.0147058)
(40.0797 0 0.0130198)
(40.0802 0 0.0113074)
(40.0806 -2.01443e-21 0.00957125)
(40.081 -4.77094e-21 0.00781395)
(40.0813 0 0.00603827)
(40.0816 2.7772e-21 0.00424705)
(40.0818 0 0.00244327)
(40.0819 7.55275e-22 0.000629897)
(40.082 -2.04083e-21 -0.00119)
(40.082 0 -0.00301333)
(40.0819 -2.03839e-21 -0.00483707)
(40.0818 -2.03495e-21 -0.00665813)
(40.0816 2.02973e-21 -0.0084734)
(40.0813 -2.02313e-21 -0.0102788)
(40.0811 0 -0.0120724)
(40.0807 0 -0.0138532)
(40.0802 7.45915e-22 -0.0156194)
(40.0795 1.9754e-21 -0.0173693)
(40.079 -1.95985e-21 -0.0191273)
(40.0571 1.60225e-21 0.0123135)
(40.0575 0 0.0113032)
(40.0579 0 0.0102847)
(40.0582 2.86426e-21 0.00924942)
(40.0585 1.2255e-21 0.00820065)
(40.0588 2.89773e-21 0.00713898)
(40.0591 0 0.00606566)
(40.0593 1.2385e-21 0.00498187)
(40.0595 2.93559e-21 0.00388884)
(40.0596 2.94478e-21 0.00278783)
(40.0597 1.24613e-21 0.00168013)
(40.0598 0 0.000567037)
(40.0599 1.24813e-21 -0.000550038)
(40.0599 2.96366e-21 -0.00166978)
(40.0599 2.96381e-21 -0.00279081)
(40.0598 0 -0.00391173)
(40.0598 2.95883e-21 -0.00503122)
(40.0597 2.9535e-21 -0.00614792)
(40.0595 -1.70687e-21 -0.00726055)
(40.0593 2.93645e-21 -0.00836687)
(40.0591 1.23141e-21 -0.00946648)
(40.0589 0 -0.010559)
(40.0586 2.90091e-21 -0.0116442)
(40.0581 -1.66117e-21 -0.0127217)
(40.0578 2.84982e-21 -0.0138082)
(40.0427 -7.47463e-22 0.00617114)
(40.0429 0 0.0055224)
(40.043 7.52591e-22 0.00487087)
(40.0432 -1.78038e-21 0.00421249)
(40.0433 -1.78692e-21 0.00354886)
(40.0434 -1.79272e-21 0.00288026)
(40.0435 7.59761e-22 0.00220728)
(40.0436 -1.80207e-21 0.00153047)
(40.0437 -1.80559e-21 0.0008504)
(40.0437 -1.80834e-21 0.000167654)
(40.0437 -1.04759e-21 -0.000517186)
(40.0438 -7.62781e-22 -0.00120354)
(40.0438 -1.81185e-21 -0.00189076)
(40.0437 -1.81142e-21 -0.00257828)
(40.0437 -1.04885e-21 -0.00326547)
(40.0436 7.60322e-22 -0.00395175)
(40.0436 -1.80544e-21 -0.00463652)
(40.0435 -1.80182e-21 -0.00531921)
(40.0434 -7.55561e-22 -0.00599934)
(40.0433 -1.79173e-21 -0.0066756)
(40.0431 -1.78653e-21 -0.00734811)
(40.043 -7.49326e-22 -0.00801682)
(40.0428 -1.02668e-21 -0.00868175)
(40.0425 -7.39907e-22 -0.0093434)
(40.0423 -1.74606e-21 -0.0100125)
(40.0316 6.28217e-22 0.00268)
(40.0317 0 0.00227088)
(40.0318 -6.3253e-22 0.00186099)
(40.0318 6.34364e-22 0.00144849)
(40.0319 6.35981e-22 0.00103411)
(40.0319 6.37382e-22 0.000617978)
(40.032 -1.10418e-21 0.00020038)
(40.032 6.39522e-22 -0.000218443)
(40.032 6.40257e-22 -0.000638232)
(40.032 6.40767e-22 -0.00105873)
(40.032 0 -0.00147968)
(40.032 6.41106e-22 -0.00190082)
(40.032 6.40933e-22 -0.00232186)
(40.0319 6.40529e-22 -0.00274256)
(40.0319 0 -0.00316265)
(40.0319 -6.3904e-22 -0.00358187)
(40.0318 6.37976e-22 -0.00399997)
(40.0317 6.36663e-22 -0.00441672)
(40.0317 6.35039e-22 -0.00483197)
(40.0316 6.33198e-22 -0.00524487)
(40.0315 6.31463e-22 -0.00565573)
(40.0314 6.29797e-22 -0.00606456)
(40.0313 0 -0.0064715)
(40.0311 6.21878e-22 -0.00687713)
(40.031 6.1842e-22 -0.00728838)
(40.0233 0 0.000795055)
(40.0234 0 0.000540205)
(40.0234 0 0.000285225)
(40.0234 0 2.9346e-05)
(40.0234 0 -0.000227117)
(40.0234 0 -0.000484097)
(40.0234 3.91269e-22 -0.000741476)
(40.0234 0 -0.000999143)
(40.0234 0 -0.00125698)
(40.0234 0 -0.00151489)
(40.0234 0 -0.00177274)
(40.0234 0 -0.00203043)
(40.0234 0 -0.00228782)
(40.0233 0 -0.00254482)
(40.0233 0 -0.0028013)
(40.0233 0 -0.00305716)
(40.0232 0 -0.0033123)
(40.0232 0 -0.00356661)
(40.0231 -1.40367e-22 -0.0038201)
(40.0231 0 -0.00407217)
(40.023 0 -0.00432316)
(40.023 -1.39438e-22 -0.00457307)
(40.0229 0 -0.00482203)
(40.0228 -1.38154e-22 -0.00507056)
(40.0227 0 -0.00532302)
(40.0172 0 -0.000150464)
(40.0172 0 -0.000307947)
(40.0172 8.69692e-23 -0.000465402)
(40.0172 0 -0.000623112)
(40.0172 0 -0.000780952)
(40.0172 0 -0.000938887)
(40.0172 -8.68852e-23 -0.00109687)
(40.0172 0 -0.00125484)
(40.0172 0 -0.00141277)
(40.0172 0 -0.00157059)
(40.0172 0 -0.00172826)
(40.0171 -8.65353e-23 -0.00188574)
(40.0171 0 -0.00204295)
(40.0171 0 -0.00219987)
(40.0171 0 -0.00235644)
(40.0171 8.60603e-23 -0.0025126)
(40.017 0 -0.00266833)
(40.017 0 -0.00282359)
(40.017 2.03524e-22 -0.00297842)
(40.0169 0 -0.00313239)
(40.0169 0 -0.0032858)
(40.0169 1.17157e-22 -0.00343863)
(40.0168 0 -0.00359101)
(40.0167 1.16077e-22 -0.00374329)
(40.0167 0 -0.0038982)
(40.0127 0 -0.000567035)
(40.0127 0 -0.000663882)
(40.0127 -1.99231e-23 -0.000760689)
(40.0127 0 -0.000857533)
(40.0127 0 -0.00095437)
(40.0127 0 -0.00105118)
(40.0127 1.26015e-22 -0.00114795)
(40.0127 0 -0.00124464)
(40.0126 0 -0.00134125)
(40.0126 0 -0.00143775)
(40.0126 0 -0.00153412)
(40.0126 1.99301e-23 -0.00163035)
(40.0126 0 -0.00172638)
(40.0126 0 -0.00182223)
(40.0126 0 -0.00191786)
(40.0125 -1.9817e-23 -0.00201325)
(40.0125 0 -0.00210839)
(40.0125 0 -0.00220326)
(40.0125 -1.2412e-22 -0.00229794)
(40.0125 0 -0.00239208)
(40.0124 0 -0.00248594)
(40.0124 0 -0.00257949)
(40.0124 0 -0.00267283)
(40.0123 0 -0.00276619)
(40.0123 0 -0.00286124)
(40.0094 0 -0.000698859)
(40.0094 0 -0.000758264)
(40.0094 -7.71053e-23 -0.000817649)
(40.0094 0 -0.000877009)
(40.0094 0 -0.000936336)
(40.0094 0 -0.000995617)
(40.0094 -7.69103e-23 -0.00105485)
(40.0093 0 -0.00111401)
(40.0093 0 -0.00117311)
(40.0093 0 -0.00123212)
(40.0093 0 -0.00129105)
(40.0093 1.21218e-23 -0.00134988)
(40.0093 0 -0.0014086)
(40.0093 0 -0.0014672)
(40.0093 0 -0.00152567)
(40.0093 -7.61255e-23 -0.00158401)
(40.0093 0 -0.00164221)
(40.0092 0 -0.00170026)
(40.0092 4.38644e-23 -0.00175823)
(40.0092 0 -0.00181587)
(40.0092 0 -0.00187337)
(40.0092 0 -0.00193071)
(40.0092 0 -0.00198795)
(40.0091 0 -0.00204524)
(40.0091 0 -0.00210357)
(40.007 0 -0.000687208)
(40.007 0 -0.000723611)
(40.007 2.72702e-23 -0.000760011)
(40.007 0 -0.000796379)
(40.007 0 -0.000832717)
(40.007 0 -0.000869019)
(40.007 2.71899e-23 -0.000905282)
(40.0069 0 -0.000941502)
(40.0069 0 -0.000977676)
(40.0069 0 -0.0010138)
(40.0069 0 -0.00104987)
(40.0069 2.70517e-23 -0.00108588)
(40.0069 0 -0.00112182)
(40.0069 0 -0.0011577)
(40.0069 0 -0.00119351)
(40.0069 2.69111e-23 -0.00122924)
(40.0069 0 -0.0012649)
(40.0069 0 -0.00130048)
(40.0069 1.95066e-23 -0.00133603)
(40.0069 0 -0.00137137)
(40.0069 0 -0.00140665)
(40.0068 1.94263e-23 -0.00144185)
(40.0068 0 -0.00147699)
(40.0068 1.93298e-23 -0.00151219)
(40.0068 0 -0.001548)
(40.0052 0 -0.000610657)
(40.0052 0 -0.000632967)
(40.0052 -1.21638e-23 -0.000655283)
(40.0052 0 -0.000677573)
(40.0052 0 -0.000699844)
(40.0052 0 -0.000722091)
(40.0052 -1.21214e-23 -0.000744314)
(40.0052 0 -0.00076651)
(40.0052 0 -0.000788678)
(40.0052 0 -0.000810816)
(40.0052 0 -0.000832923)
(40.0052 -1.20603e-23 -0.000855001)
(40.0052 0 -0.000877037)
(40.0052 0 -0.000899037)
(40.0052 0 -0.000920999)
(40.0052 -1.20048e-23 -0.000942922)
(40.0052 0 -0.000964804)
(40.0052 0 -0.000986649)
(40.0052 -2.8343e-23 -0.00100849)
(40.0051 0 -0.0010302)
(40.0051 0 -0.00105188)
(40.0051 -2.82312e-23 -0.00107351)
(40.0051 0 -0.00109512)
(40.0051 -2.8099e-23 -0.00111677)
(40.0051 0 -0.00113877)
(40.004 0 -0.000511296)
(40.0039 0 -0.000524979)
(40.0039 1.0216e-23 -0.00053867)
(40.0039 0 -0.000552345)
(40.0039 0 -0.000566008)
(40.0039 0 -0.000579657)
(40.0039 1.01805e-23 -0.000593292)
(40.0039 0 -0.000606912)
(40.0039 0 -0.000620517)
(40.0039 0 -0.000634105)
(40.0039 0 -0.000647676)
(40.0039 1.01291e-23 -0.000661232)
(40.0039 0 -0.000674764)
(40.0039 0 -0.000688277)
(40.0039 0 -0.00070177)
(40.0039 1.00825e-23 -0.000715242)
(40.0039 0 -0.000728694)
(40.0039 0 -0.000742128)
(40.0039 1.00442e-23 -0.000755573)
(40.0039 0 -0.000768922)
(40.0039 0 -0.000782264)
(40.0039 1.00069e-23 -0.000795582)
(40.0039 0 -0.000808891)
(40.0039 9.96394e-24 -0.00082222)
(40.0039 0 -0.000835743)
(40.003 0 -0.00041039)
(40.003 0 -0.000418785)
(40.003 -4.62332e-24 -0.000427189)
(40.003 0 -0.000435583)
(40.003 0 -0.00044397)
(40.003 0 -0.00045235)
(40.003 -4.60695e-24 -0.000460722)
(40.003 0 -0.000469086)
(40.003 0 -0.000477441)
(40.003 0 -0.000485788)
(40.003 0 -0.000494127)
(40.003 -4.58499e-24 -0.000502458)
(40.003 0 -0.000510775)
(40.003 0 -0.000519083)
(40.003 0 -0.00052738)
(40.003 -4.56619e-24 -0.000535667)
(40.003 0 -0.000543944)
(40.003 0 -0.000552212)
(40.003 4.55136e-24 -0.000560495)
(40.003 0 -0.000568711)
(40.003 0 -0.000576928)
(40.003 4.5371e-24 -0.000585133)
(40.003 0 -0.000593333)
(40.003 4.5221e-24 -0.000601543)
(40.003 0 -0.000609853)
(40.0023 0 -0.000317381)
(40.0023 0 -0.000322529)
(40.0023 3.88273e-24 -0.000327684)
(40.0023 0 -0.000332832)
(40.0023 0 -0.000337978)
(40.0023 0 -0.00034312)
(40.0023 3.86899e-24 -0.000348258)
(40.0023 0 -0.000353392)
(40.0023 0 -0.000358521)
(40.0023 0 -0.000363647)
(40.0023 0 -0.000368767)
(40.0023 3.85054e-24 -0.000373885)
(40.0023 0 -0.000378995)
(40.0023 0 -0.0003841)
(40.0023 0 -0.0003892)
(40.0023 3.83475e-24 -0.000394294)
(40.0023 0 -0.000399384)
(40.0023 0 -0.00040447)
(40.0023 -6.66233e-24 -0.00040957)
(40.0023 0 -0.000414623)
(40.0023 0 -0.00041968)
(40.0023 -6.64195e-24 -0.00042473)
(40.0023 0 -0.000429778)
(40.0023 -6.62099e-24 -0.00043483)
(40.0023 0 -0.000439928)
(40.0018 -1.82749e-24 -0.000235792)
(40.0018 0 -0.000238935)
(40.0018 -1.82438e-24 -0.000242082)
(40.0018 -1.8228e-24 -0.000245226)
(40.0018 0 -0.000248368)
(40.0018 -1.81961e-24 -0.000251508)
(40.0018 -1.81799e-24 -0.000254647)
(40.0018 0 -0.000257783)
(40.0018 -1.81472e-24 -0.000260918)
(40.0018 -1.81307e-24 -0.00026405)
(40.0018 0 -0.00026718)
(40.0018 -1.80973e-24 -0.000270308)
(40.0018 -1.80804e-24 -0.000273432)
(40.0018 0 -0.000276554)
(40.0018 -1.80461e-24 -0.000279674)
(40.0018 -1.80288e-24 -0.00028279)
(40.0018 0 -0.000285905)
(40.0018 -1.79943e-24 -0.000289018)
(40.0018 2.38504e-24 -0.000292143)
(40.0018 -1.79575e-24 -0.000295234)
(40.0018 -1.79406e-24 -0.00029833)
(40.0018 2.37798e-24 -0.000301421)
(40.0018 -1.79062e-24 -0.000304512)
(40.0018 5.83183e-25 -0.000307604)
(40.0018 0 -0.000310714)
(40.0014 9.42987e-25 -0.000165867)
(40.0014 0 -0.000167761)
(40.0014 1.53207e-24 -0.000169658)
(40.0014 1.53074e-24 -0.000171553)
(40.0014 -5.89695e-25 -0.000173448)
(40.0014 1.52806e-24 -0.000175341)
(40.0014 1.5267e-24 -0.000177234)
(40.0014 -5.88169e-25 -0.000179125)
(40.0014 1.52396e-24 -0.000181015)
(40.0014 9.35432e-25 -0.000182904)
(40.0014 0 -0.000184792)
(40.0014 1.51976e-24 -0.00018668)
(40.0014 1.51835e-24 -0.000188564)
(40.0014 -5.85043e-25 -0.000190447)
(40.0014 9.30955e-25 -0.000192329)
(40.0014 1.51401e-24 -0.00019421)
(40.0014 -5.83446e-25 -0.00019609)
(40.0014 1.51112e-24 -0.000197969)
(40.0014 0 -0.000199857)
(40.0014 1.50803e-24 -0.000201721)
(40.0014 9.25346e-25 -0.00020359)
(40.0013 0 -0.000205456)
(40.0013 1.50372e-24 -0.000207321)
(40.0013 1.50132e-24 -0.000209186)
(40.0013 0 -0.000211059)
(40.001 4.96879e-25 -0.000107118)
(40.001 0 -0.000108218)
(40.001 0 -0.000109319)
(40.001 0 -0.000110418)
(40.001 4.95202e-25 -0.000111518)
(40.001 0 -0.000112616)
(40.001 0 -0.000113714)
(40.001 4.93921e-25 -0.000114811)
(40.001 0 -0.000115908)
(40.001 4.93054e-25 -0.000117003)
(40.001 0 -0.000118098)
(40.001 0 -0.000119192)
(40.001 0 -0.000120285)
(40.001 4.91296e-25 -0.000121377)
(40.001 4.90846e-25 -0.000122468)
(40.001 0 -0.000123558)
(40.001 4.89954e-25 -0.000124647)
(40.001 0 -0.000125736)
(40.001 -3.9232e-25 -0.000126832)
(40.001 0 -0.000127911)
(40.001 4.88118e-25 -0.000128993)
(40.001 0 -0.000130073)
(40.001 0 -0.000131153)
(40.001 3.90532e-25 -0.000132234)
(40.001 0 -0.000133322)
(40.0007 1.4189e-25 -5.87794e-05)
(40.0007 0 -5.93634e-05)
(40.0007 -1.41713e-25 -5.99479e-05)
(40.0007 0 -6.05314e-05)
(40.0007 0 -6.11143e-05)
(40.0007 0 -6.16963e-05)
(40.0007 0 -6.22776e-05)
(40.0007 -1.41265e-25 -6.2858e-05)
(40.0007 1.41175e-25 -6.34377e-05)
(40.0007 -1.41084e-25 -6.40166e-05)
(40.0007 1.40993e-25 -6.45947e-05)
(40.0007 -1.40902e-25 -6.51724e-05)
(40.0007 1.40811e-25 -6.57484e-05)
(40.0007 0 -6.63239e-05)
(40.0007 0 -6.68984e-05)
(40.0007 0 -6.74721e-05)
(40.0007 0 -6.80451e-05)
(40.0007 1.40353e-25 -6.86176e-05)
(40.0007 1.89192e-25 -6.91937e-05)
(40.0007 0 -6.97596e-05)
(40.0007 0 -7.0327e-05)
(40.0007 1.39998e-25 -7.08934e-05)
(40.0007 0 -7.14598e-05)
(40.0007 -1.88185e-25 -7.20296e-05)
(40.0007 0 -7.26195e-05)
(40.0003 -1.1915e-25 -1.69257e-05)
(40.0003 0 -1.712e-05)
(40.0003 1.19002e-25 -1.73142e-05)
(40.0003 0 -1.75079e-05)
(40.0003 0 -1.77012e-05)
(40.0003 0 -1.7894e-05)
(40.0003 0 -1.80864e-05)
(40.0003 1.18626e-25 -1.82782e-05)
(40.0003 -1.1855e-25 -1.84697e-05)
(40.0003 1.18474e-25 -1.86606e-05)
(40.0003 -1.18397e-25 -1.88511e-05)
(40.0003 1.18321e-25 -1.90413e-05)
(40.0003 -1.18244e-25 -1.92307e-05)
(40.0003 0 -1.94197e-05)
(40.0003 0 -1.96083e-05)
(40.0003 0 -1.97963e-05)
(40.0003 0 -1.99839e-05)
(40.0003 -1.17859e-25 -2.01712e-05)
(40.0003 1.17779e-25 -2.03596e-05)
(40.0003 0 -2.05442e-05)
(40.0003 0 -2.07293e-05)
(40.0003 -1.17562e-25 -2.09143e-05)
(40.0003 0 -2.11008e-05)
(40.0003 -1.17365e-25 -2.12958e-05)
(40.0003 0 -2.15305e-05)
(17.4157 0 0.046055)
(22.112 0 0.0130293)
(24.5918 0 0.0076052)
(26.191 0 0.00475399)
(27.4909 0 0.00350001)
(28.6129 0 0.00267713)
(29.5849 0 0.00205868)
(30.4334 0 0.00159159)
(31.1758 0 0.00122384)
(31.8182 0 0.000948614)
(32.3841 0 0.000766072)
(32.9296 0 0.00068383)
(33.5137 0 0.000660627)
(34.1668 0 0.000650823)
(34.8847 0 0.000616923)
(35.6374 0 0.000554381)
(36.3782 0 0.000469858)
(37.0575 0 0.000368939)
(37.6414 0 0.000272122)
(38.1201 0 0.000196257)
(38.5024 0 0.000135817)
(38.804 0 0.000100461)
(39.0405 0 6.34471e-05)
(39.2253 0 4.40447e-05)
(39.3705 0 3.22079e-05)
(39.4852 0 2.31692e-05)
(39.5764 0 1.52767e-05)
(39.6491 0 1.17117e-05)
(39.7072 0 6.09301e-06)
(39.7539 0 2.95865e-06)
(39.791 0 1.73409e-06)
(39.8207 0 1.46184e-06)
(39.8453 0 -9.20245e-07)
(39.8657 0 -8.33051e-07)
(39.8828 0 -1.32382e-06)
(39.8974 0 -1.36784e-06)
(39.9103 0 -1.00959e-06)
(39.9218 0 -9.67147e-07)
(39.9318 0 -7.40095e-07)
(39.9406 0 -8.81695e-07)
(39.9482 0 -6.65319e-07)
(39.9549 0 -6.48586e-07)
(39.9606 0 -6.90032e-07)
(39.9655 0 -5.44835e-07)
(39.9697 0 -5.08633e-07)
(39.9734 0 -5.25345e-07)
(39.9765 0 -4.94996e-07)
(39.9793 0 -4.91609e-07)
(39.9814 0 -5.56703e-07)
(39.9844 0 -5.22526e-07)
(18.1388 0 0.071108)
(22.2378 0 0.0455718)
(24.6403 0 0.0243045)
(26.219 0 0.0151046)
(27.5091 0 0.0111356)
(28.6256 0 0.0085214)
(29.5941 0 0.00655529)
(30.4403 0 0.00506933)
(31.1814 0 0.00390394)
(31.8231 0 0.00301731)
(32.3884 0 0.00244525)
(32.9323 0 0.00218886)
(33.5139 0 0.0021169)
(34.1639 0 0.00207972)
(34.8789 0 0.00197498)
(35.6293 0 0.00177701)
(36.3688 0 0.00150117)
(37.0479 0 0.0011825)
(37.6325 0 0.000878787)
(38.1124 0 0.00063164)
(38.4958 0 0.000442021)
(38.7986 0 0.000313741)
(39.036 0 0.000211289)
(39.2216 0 0.000146438)
(39.3675 0 0.000103597)
(39.4828 0 7.32082e-05)
(39.5744 0 5.05111e-05)
(39.6474 0 3.65857e-05)
(39.7058 0 2.3729e-05)
(39.7527 0 1.54546e-05)
(39.79 0 1.05659e-05)
(39.82 0 7.80425e-06)
(39.8446 0 3.72215e-06)
(39.8651 0 2.59499e-06)
(39.8823 0 1.23764e-06)
(39.897 0 6.03904e-07)
(39.91 0 5.29475e-07)
(39.9215 0 2.32862e-07)
(39.9315 0 1.89857e-07)
(39.9403 0 -1.60087e-07)
(39.9481 0 -1.0997e-07)
(39.9547 0 -2.25049e-07)
(39.9604 0 -3.66916e-07)
(39.9654 0 -2.9816e-07)
(39.9696 0 -3.20592e-07)
(39.9733 0 -3.82087e-07)
(39.9764 0 -3.84601e-07)
(39.9792 0 -4.09455e-07)
(39.9814 0 -4.82474e-07)
(39.9843 0 -4.80963e-07)
(19.0479 0 0.0969011)
(22.5339 0 0.0782745)
(24.7648 0 0.0433807)
(26.2904 0 0.027229)
(27.556 0 0.0201361)
(28.6584 0 0.0154329)
(29.6181 0 0.0118829)
(30.4583 0 0.00919547)
(31.1957 0 0.00708816)
(31.8356 0 0.00547663)
(32.3992 0 0.00443873)
(32.9396 0 0.00397084)
(33.5154 0 0.00383849)
(34.1585 0 0.00376914)
(34.8667 0 0.00358289)
(35.6117 0 0.00322753)
(36.3481 0 0.00272746)
(37.0268 0 0.00215214)
(37.6128 0 0.0016033)
(38.0951 0 0.00115241)
(38.4811 0 0.00080865)
(38.7863 0 0.000569307)
(39.0259 0 0.000388527)
(39.2133 0 0.000269277)
(39.3606 0 0.000189249)
(39.4772 0 0.000133261)
(39.5698 0 9.27957e-05)
(39.6436 0 6.64452e-05)
(39.7027 0 4.49018e-05)
(39.7501 0 3.04493e-05)
(39.7879 0 2.1165e-05)
(39.8182 0 1.54141e-05)
(39.8431 0 9.29244e-06)
(39.8639 0 6.70627e-06)
(39.8812 0 4.30996e-06)
(39.8961 0 2.96663e-06)
(39.9092 0 2.37397e-06)
(39.9208 0 1.67009e-06)
(39.931 0 1.30355e-06)
(39.9399 0 7.04047e-07)
(39.9476 0 5.54791e-07)
(39.9544 0 2.81664e-07)
(39.9601 0 1.95537e-08)
(39.9651 0 -3.26954e-09)
(39.9694 0 -9.59849e-08)
(39.9731 0 -2.11034e-07)
(39.9763 0 -2.53217e-07)
(39.979 0 -3.11709e-07)
(39.9812 0 -3.94215e-07)
(39.9842 0 -4.32189e-07)
(20.0089 0 0.125076)
(22.9862 0 0.1111)
(24.9899 0 0.0644416)
(26.4245 0 0.0411407)
(27.6454 0 0.030618)
(28.7217 0 0.023539)
(29.6646 0 0.0181559)
(30.4933 0 0.0140679)
(31.2234 0 0.0108586)
(31.8591 0 0.00839308)
(32.4192 0 0.00679822)
(32.9537 0 0.00607079)
(33.5203 0 0.00586156)
(34.152 0 0.00575463)
(34.849 0 0.00547686)
(35.585 0 0.00494196)
(36.316 0 0.0041827)
(36.9934 0 0.00330764)
(37.5814 0 0.00246994)
(38.0672 0 0.00177714)
(38.4573 0 0.00124937)
(38.7664 0 0.00087694)
(39.0094 0 0.000602135)
(39.1998 0 0.000417447)
(39.3495 0 0.000292611)
(39.468 0 0.000205761)
(39.5623 0 0.000143859)
(39.6374 0 0.000102509)
(39.6975 0 7.0484e-05)
(39.7458 0 4.85717e-05)
(39.7843 0 3.39782e-05)
(39.8152 0 2.46119e-05)
(39.8407 0 1.60248e-05)
(39.8618 0 1.1674e-05)
(39.8795 0 8.02087e-06)
(39.8946 0 5.81814e-06)
(39.908 0 4.5979e-06)
(39.9197 0 3.40185e-06)
(39.93 0 2.6451e-06)
(39.9391 0 1.74445e-06)
(39.947 0 1.35488e-06)
(39.9538 0 8.91389e-07)
(39.9596 0 4.84567e-07)
(39.9647 0 3.51234e-07)
(39.969 0 1.73782e-07)
(39.9728 0 -5.62518e-09)
(39.976 0 -9.54648e-08)
(39.9788 0 -1.94604e-07)
(39.981 0 -2.88478e-07)
(39.984 0 -3.74141e-07)
(20.9931 0 0.152798)
(23.5696 0 0.144611)
(25.3316 0 0.0870878)
(26.6418 0 0.0567046)
(27.7947 0 0.0426224)
(28.8292 0 0.0329325)
(29.7442 0 0.0254742)
(30.5536 0 0.0197799)
(31.2708 0 0.0152988)
(31.8987 0 0.0118371)
(32.4526 0 0.00957863)
(32.9782 0 0.00853072)
(33.5314 0 0.0082216)
(34.1468 0 0.00807116)
(34.8274 0 0.00769368)
(35.5498 0 0.00695874)
(36.2724 0 0.00590499)
(36.9471 0 0.0046838)
(37.5371 0 0.00350792)
(38.0276 0 0.00252874)
(38.4233 0 0.0017813)
(38.7377 0 0.00124912)
(38.9856 0 0.000861013)
(39.1801 0 0.000597258)
(39.3333 0 0.000418158)
(39.4547 0 0.000293878)
(39.5512 0 0.000205957)
(39.6283 0 0.000146392)
(39.69 0 0.000101626)
(39.7396 0 7.06459e-05)
(39.7791 0 4.95964e-05)
(39.8109 0 3.58234e-05)
(39.8371 0 2.42272e-05)
(39.8588 0 1.77239e-05)
(39.877 0 1.25375e-05)
(39.8925 0 9.28394e-06)
(39.9061 0 7.29741e-06)
(39.9182 0 5.50229e-06)
(39.9287 0 4.27128e-06)
(39.9379 0 3.00512e-06)
(39.946 0 2.3242e-06)
(39.9529 0 1.63022e-06)
(39.9589 0 1.04804e-06)
(39.964 0 7.80857e-07)
(39.9685 0 5.00795e-07)
(39.9723 0 2.4337e-07)
(39.9756 0 9.57033e-08)
(39.9784 0 -5.25845e-08)
(39.9807 0 -1.60249e-07)
(39.9838 0 -3.03731e-07)
(21.9949 0 0.180586)
(24.2634 0 0.178894)
(25.7972 0 0.110983)
(26.9614 0 0.0736609)
(28.0232 0 0.056081)
(28.9975 0 0.0436408)
(29.8708 0 0.0339003)
(30.6504 0 0.0264054)
(31.3468 0 0.0204836)
(31.9613 0 0.015877)
(32.5051 0 0.0128347)
(33.0179 0 0.0113908)
(33.553 0 0.0109505)
(34.1464 0 0.0107497)
(34.8046 0 0.0102679)
(35.508 0 0.00931669)
(36.2179 0 0.00793535)
(36.8877 0 0.00632025)
(37.4792 0 0.00475203)
(37.9752 0 0.00343534)
(38.3778 0 0.00242593)
(38.6992 0 0.00170167)
(38.9534 0 0.00117662)
(39.1535 0 0.000816896)
(39.3113 0 0.000571711)
(39.4365 0 0.000401755)
(39.5362 0 0.000282047)
(39.6158 0 0.000200202)
(39.6797 0 0.000139841)
(39.731 0 9.77598e-05)
(39.772 0 6.87983e-05)
(39.805 0 4.96083e-05)
(39.8321 0 3.43081e-05)
(39.8547 0 2.5156e-05)
(39.8735 0 1.80815e-05)
(39.8895 0 1.35304e-05)
(39.9036 0 1.05985e-05)
(39.916 0 8.06773e-06)
(39.9268 0 6.25587e-06)
(39.9363 0 4.54249e-06)
(39.9446 0 3.5059e-06)
(39.9517 0 2.53095e-06)
(39.9578 0 1.73502e-06)
(39.9631 0 1.30453e-06)
(39.9677 0 8.99386e-07)
(39.9716 0 5.46896e-07)
(39.975 0 3.28849e-07)
(39.9779 0 1.20505e-07)
(39.9803 0 -3.83559e-09)
(39.9834 0 -2.17852e-07)
(23.0191 0 0.21007)
(25.0542 0 0.214007)
(26.3894 0 0.135917)
(27.3995 0 0.0916687)
(28.351 0 0.0707965)
(29.2462 0 0.0555904)
(30.0614 0 0.0434284)
(30.7979 0 0.0339742)
(31.4631 0 0.0264625)
(32.0564 0 0.0205682)
(32.5843 0 0.0166141)
(33.0795 0 0.0146848)
(33.5911 0 0.0140719)
(34.1561 0 0.0138126)
(34.7849 0 0.013227)
(35.4625 0 0.0120511)
(36.1543 0 0.0103154)
(36.8157 0 0.00826047)
(37.4075 0 0.00624266)
(37.9091 0 0.00453091)
(38.3198 0 0.0032099)
(38.6496 0 0.00225465)
(38.9117 0 0.00156366)
(39.1187 0 0.00108699)
(39.2825 0 0.000760891)
(39.4126 0 0.000534847)
(39.5164 0 0.000376036)
(39.5994 0 0.000266745)
(39.6661 0 0.000187142)
(39.7197 0 0.00013136)
(39.7626 0 9.26254e-05)
(39.7972 0 6.67182e-05)
(39.8256 0 4.68128e-05)
(39.8491 0 3.43698e-05)
(39.8688 0 2.49477e-05)
(39.8856 0 1.87774e-05)
(39.9002 0 1.46683e-05)
(39.9131 0 1.12258e-05)
(39.9243 0 8.69633e-06)
(39.9342 0 6.43129e-06)
(39.9427 0 4.95715e-06)
(39.9501 0 3.63723e-06)
(39.9565 0 2.57862e-06)
(39.962 0 1.94759e-06)
(39.9667 0 1.38891e-06)
(39.9707 0 9.19605e-07)
(39.9742 0 6.14981e-07)
(39.9773 0 3.32985e-07)
(39.9797 0 1.88222e-07)
(39.983 0 -1.1235e-07)
(24.0781 0 0.242934)
(25.936 0 0.250135)
(27.1094 0 0.161849)
(27.9694 0 0.110352)
(28.7975 0 0.0864406)
(29.5959 0 0.0685762)
(30.3358 0 0.053948)
(31.0139 0 0.0424404)
(31.6347 0 0.0332336)
(32.1963 0 0.0259343)
(32.7004 0 0.0209452)
(33.1719 0 0.0184313)
(33.6538 0 0.0175945)
(34.1833 0 0.0172668)
(34.7748 0 0.0165853)
(35.4186 0 0.0151881)
(36.0852 0 0.0130829)
(36.7331 0 0.0105494)
(37.3223 0 0.00802507)
(37.829 0 0.00585568)
(38.2483 0 0.00416596)
(38.5879 0 0.00293325)
(38.8594 0 0.00204096)
(39.0749 0 0.0014213)
(39.2459 0 0.000995665)
(39.3822 0 0.000700332)
(39.4911 0 0.000493101)
(39.5784 0 0.000349744)
(39.6486 0 0.000246219)
(39.7052 0 0.000173392)
(39.7505 0 0.00012248)
(39.7871 0 8.81649e-05)
(39.8171 0 6.24784e-05)
(39.842 0 4.59062e-05)
(39.8628 0 3.35351e-05)
(39.8805 0 2.53225e-05)
(39.8959 0 1.97307e-05)
(39.9094 0 1.51467e-05)
(39.9212 0 1.17225e-05)
(39.9314 0 8.7706e-06)
(39.9404 0 6.75366e-06)
(39.9481 0 5.00673e-06)
(39.9547 0 3.62282e-06)
(39.9604 0 2.74338e-06)
(39.9654 0 1.99466e-06)
(39.9696 0 1.38078e-06)
(39.9732 0 9.69064e-07)
(39.9764 0 5.95717e-07)
(39.9789 0 4.25896e-07)
(39.9824 0 1.81872e-08)
(25.1934 0 0.280995)
(26.9117 0 0.28749)
(27.9602 0 0.188943)
(28.6827 0 0.129339)
(29.3812 0 0.102557)
(30.0681 0 0.082235)
(30.7157 0 0.0652049)
(31.3186 0 0.0516427)
(31.8799 0 0.0407089)
(32.3967 0 0.0319397)
(32.8666 0 0.0258181)
(33.3063 0 0.0226218)
(33.7516 0 0.0215022)
(34.2381 0 0.0210949)
(34.7836 0 0.0203338)
(35.3842 0 0.0187351)
(36.0167 0 0.0162642)
(36.6438 0 0.013228)
(37.2258 0 0.0101467)
(37.7354 0 0.00745536)
(38.1631 0 0.00533325)
(38.5132 0 0.00376873)
(38.7954 0 0.00263237)
(39.0209 0 0.00183758)
(39.2007 0 0.00128904)
(39.3444 0 0.000907676)
(39.4596 0 0.000640107)
(39.5521 0 0.000454178)
(39.6267 0 0.000320677)
(39.6869 0 0.000226471)
(39.7353 0 0.000160259)
(39.7744 0 0.000115323)
(39.8065 0 8.2304e-05)
(39.8331 0 6.04976e-05)
(39.8553 0 4.43836e-05)
(39.8741 0 3.35667e-05)
(39.8904 0 2.60873e-05)
(39.9047 0 2.00594e-05)
(39.9171 0 1.55085e-05)
(39.9279 0 1.16935e-05)
(39.9374 0 8.99709e-06)
(39.9455 0 6.71706e-06)
(39.9525 0 4.92665e-06)
(39.9585 0 3.73694e-06)
(39.9637 0 2.75103e-06)
(39.9682 0 1.95652e-06)
(39.972 0 1.4109e-06)
(39.9754 0 9.23539e-07)
(39.978 0 7.22586e-07)
(39.9816 0 1.81207e-07)
(26.398 0 0.326353)
(27.9961 0 0.32613)
(28.9498 0 0.21755)
(29.5511 0 0.148287)
(30.1194 0 0.11856)
(30.684 0 0.0960183)
(31.2237 0 0.0767605)
(31.7345 0 0.0612587)
(32.2197 0 0.0486707)
(32.6762 0 0.0384519)
(33.0991 0 0.0311555)
(33.4971 0 0.0272007)
(33.8977 0 0.0257405)
(34.3331 0 0.0252425)
(34.8235 0 0.0244285)
(35.3706 0 0.0226687)
(35.9582 0 0.0198624)
(36.5547 0 0.0163246)
(37.1223 0 0.0126518)
(37.6305 0 0.00937875)
(38.065 0 0.00675691)
(38.4256 0 0.00479875)
(38.7193 0 0.00336762)
(38.956 0 0.00235845)
(39.1458 0 0.00165788)
(39.2983 0 0.00116927)
(39.421 0 0.000826133)
(39.5198 0 0.00058667)
(39.5996 0 0.000415348)
(39.6643 0 0.000294123)
(39.7164 0 0.000208528)
(39.7586 0 0.000150058)
(39.7932 0 0.000107651)
(39.8219 0 7.91437e-05)
(39.8458 0 5.82302e-05)
(39.8661 0 4.40566e-05)
(39.8836 0 3.4147e-05)
(39.8988 0 2.62732e-05)
(39.9121 0 2.02894e-05)
(39.9236 0 1.53787e-05)
(39.9336 0 1.18238e-05)
(39.9423 0 8.87219e-06)
(39.9497 0 6.56934e-06)
(39.9561 0 4.98846e-06)
(39.9616 0 3.70377e-06)
(39.9664 0 2.68171e-06)
(39.9704 0 1.96742e-06)
(39.974 0 1.33614e-06)
(39.9768 0 1.09634e-06)
(39.9807 0 3.86589e-07)
(27.7422 0 0.381271)
(29.2193 0 0.365591)
(30.0936 0 0.248085)
(30.588 0 0.166863)
(31.0293 0 0.133714)
(31.4643 0 0.109161)
(31.8826 0 0.0879443)
(32.2852 0 0.0707529)
(32.6771 0 0.0567183)
(33.0564 0 0.0451922)
(33.4172 0 0.0367731)
(33.7616 0 0.0320367)
(34.1082 0 0.0301972)
(34.4842 0 0.0296044)
(34.9102 0 0.0287757)
(35.393 0 0.0269183)
(35.9231 0 0.0238405)
(36.4765 0 0.019839)
(37.0191 0 0.01557)
(37.5189 0 0.0116712)
(37.9563 0 0.00848511)
(38.3258 0 0.00606682)
(38.631 0 0.00428266)
(38.8796 0 0.00301216)
(39.0807 0 0.00212368)
(39.2431 0 0.00150121)
(39.3744 0 0.0010631)
(39.4807 0 0.00075601)
(39.5668 0 0.000536687)
(39.6367 0 0.000381085)
(39.6933 0 0.000270763)
(39.7392 0 0.000194907)
(39.7769 0 0.000140375)
(39.8082 0 0.000103208)
(39.8343 0 7.60807e-05)
(39.8563 0 5.75371e-05)
(39.8752 0 4.44671e-05)
(39.8916 0 3.42087e-05)
(39.9059 0 2.63839e-05)
(39.9183 0 2.00688e-05)
(39.929 0 1.54188e-05)
(39.9383 0 1.16133e-05)
(39.9463 0 8.65827e-06)
(39.9531 0 6.57986e-06)
(39.9591 0 4.9154e-06)
(39.9641 0 3.60383e-06)
(39.9685 0 2.67479e-06)
(39.9724 0 1.86047e-06)
(39.9754 0 1.57158e-06)
(39.9795 0 6.47918e-07)
(29.2951 0 0.447782)
(30.6256 0 0.404033)
(31.4158 0 0.280569)
(31.8089 0 0.184677)
(32.127 0 0.14708)
(32.4288 0 0.120646)
(32.7154 0 0.097804)
(32.9952 0 0.0793172)
(33.2769 0 0.0642076)
(33.5614 0 0.0516759)
(33.843 0 0.042325)
(34.1196 0 0.0368817)
(34.4016 0 0.0346751)
(34.7094 0 0.0340053)
(35.0623 0 0.0332167)
(35.47 0 0.0313493)
(35.9297 0 0.0281012)
(36.4253 0 0.0237219)
(36.9288 0 0.0188982)
(37.4091 0 0.0143621)
(37.8421 0 0.0105622)
(38.2167 0 0.00761908)
(38.5319 0 0.00541879)
(38.7922 0 0.00383273)
(39.005 0 0.00271324)
(39.1784 0 0.00192398)
(39.3194 0 0.00136647)
(39.4341 0 0.000973723)
(39.5274 0 0.000693252)
(39.6035 0 0.000493698)
(39.6654 0 0.00035164)
(39.7158 0 0.000253309)
(39.7572 0 0.000183001)
(39.7916 0 0.000134552)
(39.8202 0 9.93101e-05)
(39.8443 0 7.50275e-05)
(39.865 0 5.78076e-05)
(39.8829 0 4.44383e-05)
(39.8984 0 3.42255e-05)
(39.9118 0 2.60929e-05)
(39.9234 0 2.00327e-05)
(39.9335 0 1.51315e-05)
(39.9421 0 1.13392e-05)
(39.9495 0 8.62199e-06)
(39.9559 0 6.4703e-06)
(39.9614 0 4.78721e-06)
(39.9662 0 3.5825e-06)
(39.9703 0 2.53288e-06)
(39.9736 0 2.18161e-06)
(39.9781 0 9.83463e-07)
(31.1156 0 0.527796)
(32.2539 0 0.437467)
(32.9378 0 0.313469)
(33.2257 0 0.201068)
(33.4235 0 0.157414)
(33.593 0 0.129166)
(33.7423 0 0.105074)
(33.8878 0 0.0858173)
(34.0443 0 0.0701874)
(34.2164 0 0.057146)
(34.401 0 0.0472401)
(34.5939 0 0.0413155)
(34.7989 0 0.0388508)
(35.029 0 0.0381738)
(35.3003 0 0.0375097)
(35.6236 0 0.0357466)
(36.0006 0 0.0324658)
(36.4226 0 0.0278475)
(36.8698 0 0.0225731)
(37.315 0 0.0174426)
(37.732 0 0.0130138)
(38.1044 0 0.00949621)
(38.4253 0 0.00681873)
(38.6955 0 0.0048586)
(38.9196 0 0.00345846)
(39.1042 0 0.00246287)
(39.2556 0 0.00175577)
(39.3796 0 0.00125467)
(39.4811 0 0.000896235)
(39.5643 0 0.000640339)
(39.6323 0 0.000457405)
(39.6879 0 0.00032989)
(39.7336 0 0.000238946)
(39.7716 0 0.000175702)
(39.8032 0 0.000129792)
(39.8299 0 9.79181e-05)
(39.8527 0 7.52056e-05)
(39.8723 0 5.77422e-05)
(39.8893 0 4.44043e-05)
(39.9039 0 3.38992e-05)
(39.9166 0 2.60069e-05)
(39.9276 0 1.96874e-05)
(39.937 0 1.48106e-05)
(39.9452 0 1.12662e-05)
(39.9522 0 8.48403e-06)
(39.9582 0 6.31978e-06)
(39.9633 0 4.75773e-06)
(39.9679 0 3.40325e-06)
(39.9714 0 2.97181e-06)
(39.9763 0 1.41839e-06)
(33.1392 0 0.624306)
(34.0587 0 0.463167)
(34.6253 0 0.343167)
(34.8146 0 0.214823)
(34.9057 0 0.16309)
(34.9558 0 0.133034)
(34.9734 0 0.108144)
(34.9814 0 0.0887583)
(35.0023 0 0.0733536)
(35.0471 0 0.0605187)
(35.1171 0 0.0506578)
(35.2092 0 0.0446808)
(35.323 0 0.0422214)
(35.4648 0 0.0417038)
(35.6462 0 0.0413059)
(35.8769 0 0.0397995)
(36.1609 0 0.0366589)
(36.495 0 0.0319897)
(36.8675 0 0.0264382)
(37.2579 0 0.0208323)
(37.6422 0 0.0158209)
(37.9998 0 0.0117162)
(38.3186 0 0.00851695)
(38.594 0 0.00612769)
(38.8271 0 0.00439426)
(39.0219 0 0.00314735)
(39.1837 0 0.00225471)
(39.3174 0 0.00161742)
(39.4277 0 0.0011599)
(39.5187 0 0.000831872)
(39.5935 0 0.000596259)
(39.655 0 0.000430797)
(39.7057 0 0.000312787)
(39.7479 0 0.000230067)
(39.7831 0 0.000170063)
(39.8128 0 0.000128097)
(39.838 0 9.80701e-05)
(39.8597 0 7.51801e-05)
(39.8784 0 5.77218e-05)
(39.8946 0 4.40958e-05)
(39.9085 0 3.38047e-05)
(39.9206 0 2.56345e-05)
(39.931 0 1.93422e-05)
(39.9399 0 1.47182e-05)
(39.9476 0 1.11135e-05)
(39.9542 0 8.32119e-06)
(39.9599 0 6.29249e-06)
(39.9649 0 4.53939e-06)
(39.9688 0 4.00427e-06)
(39.9742 0 1.98685e-06)
(34.9767 0 0.731601)
(35.7312 0 0.485582)
(36.2359 0 0.369613)
(36.3982 0 0.227381)
(36.4538 0 0.164125)
(36.4459 0 0.130848)
(36.3756 0 0.105073)
(36.2699 0 0.0861273)
(36.1619 0 0.0719098)
(36.0737 0 0.0602934)
(36.0161 0 0.0513645)
(35.9914 0 0.0460268)
(35.9988 0 0.044052)
(36.0403 0 0.0440123)
(36.1226 0 0.0441192)
(36.2531 0 0.043084)
(36.436 0 0.0402997)
(36.671 0 0.0358089)
(36.9523 0 0.0302154)
(37.2672 0 0.0243384)
(37.5971 0 0.018879)
(37.9217 0 0.0142431)
(38.2247 0 0.0105191)
(38.4964 0 0.00766538)
(38.733 0 0.00555211)
(38.9351 0 0.00400788)
(39.1057 0 0.00288986)
(39.2486 0 0.00208382)
(39.3678 0 0.00150169)
(39.4668 0 0.00108192)
(39.549 0 0.000778699)
(39.6169 0 0.000564022)
(39.6733 0 0.000410554)
(39.7203 0 0.000302173)
(39.7596 0 0.000223515)
(39.7926 0 0.000168104)
(39.8207 0 0.000128303)
(39.8449 0 9.81842e-05)
(39.8656 0 7.52619e-05)
(39.8835 0 5.75061e-05)
(39.899 0 4.40533e-05)
(39.9123 0 3.34526e-05)
(39.9238 0 2.53005e-05)
(39.9337 0 1.92577e-05)
(39.9422 0 1.45726e-05)
(39.9496 0 1.09547e-05)
(39.9559 0 8.31189e-06)
(39.9614 0 6.03411e-06)
(39.9658 0 5.36368e-06)
(39.9717 0 2.73579e-06)
(36.1088 0 0.832812)
(36.7626 0 0.509057)
(37.2685 0 0.397072)
(37.4928 0 0.24631)
(37.6364 0 0.169119)
(37.7215 0 0.129064)
(37.7182 0 0.0990745)
(37.6251 0 0.0778946)
(37.4677 0 0.0638224)
(37.2838 0 0.0539851)
(37.1082 0 0.047305)
(36.9613 0 0.0438683)
(36.8505 0 0.0432653)
(36.7794 0 0.0442759)
(36.7528 0 0.045288)
(36.7752 0 0.0450436)
(36.85 0 0.0428979)
(36.9778 0 0.0388578)
(37.1559 0 0.0335012)
(37.3772 0 0.0276279)
(37.63 0 0.0219525)
(37.8984 0 0.01694)
(38.1658 0 0.0127647)
(38.4187 0 0.00945936)
(38.6484 0 0.00694471)
(38.8511 0 0.00506724)
(39.0265 0 0.00368593)
(39.1763 0 0.00267675)
(39.3032 0 0.00194117)
(39.41 0 0.00140651)
(39.4995 0 0.00101751)
(39.5741 0 0.00073956)
(39.6365 0 0.00053994)
(39.6886 0 0.000397885)
(39.7324 0 0.000294593)
(39.7693 0 0.000221294)
(39.8007 0 0.000168432)
(39.8276 0 0.000128664)
(39.8507 0 9.84731e-05)
(39.8706 0 7.52326e-05)
(39.8878 0 5.75947e-05)
(39.9026 0 4.37858e-05)
(39.9154 0 3.31786e-05)
(39.9264 0 2.52622e-05)
(39.9359 0 1.91502e-05)
(39.9441 0 1.44412e-05)
(39.9511 0 1.09861e-05)
(39.9573 0 8.01328e-06)
(39.9621 0 7.16545e-06)
(39.9688 0 3.72879e-06)
(36.596 0 0.930191)
(37.1538 0 0.54105)
(37.6467 0 0.428602)
(37.9006 0 0.274955)
(38.1012 0 0.184792)
(38.2824 0 0.137583)
(38.4176 0 0.102197)
(38.4941 0 0.0756907)
(38.5034 0 0.0573366)
(38.4349 0 0.0450269)
(38.2894 0 0.0379412)
(38.0917 0 0.0358437)
(37.8832 0 0.0375076)
(37.6995 0 0.0408386)
(37.5581 0 0.0437349)
(37.4654 0 0.044901)
(37.4251 0 0.0438224)
(37.4392 0 0.0405861)
(37.5061 0 0.0357909)
(37.6215 0 0.0302392)
(37.7786 0 0.0246525)
(37.9673 0 0.019521)
(38.1746 0 0.0150745)
(38.387 0 0.0114159)
(38.5928 0 0.00853527)
(38.7839 0 0.00632093)
(38.9559 0 0.00465408)
(39.1073 0 0.00341332)
(39.2386 0 0.00249634)
(39.3511 0 0.00182217)
(39.4469 0 0.00132685)
(39.5278 0 0.000969052)
(39.596 0 0.000710229)
(39.6535 0 0.000524466)
(39.702 0 0.000388914)
(39.7431 0 0.000291972)
(39.778 0 0.000221735)
(39.8079 0 0.000169113)
(39.8336 0 0.000129258)
(39.8557 0 9.87302e-05)
(39.8749 0 7.55437e-05)
(39.8914 0 5.74905e-05)
(39.9056 0 4.36343e-05)
(39.9179 0 3.32366e-05)
(39.9285 0 2.52343e-05)
(39.9377 0 1.9078e-05)
(39.9455 0 1.4544e-05)
(39.9524 0 1.06472e-05)
(39.9579 0 9.56561e-06)
(39.9653 0 5.05226e-06)
(36.8896 0 1.02839)
(37.3522 0 0.586089)
(37.8165 0 0.463408)
(38.0694 0 0.309922)
(38.27 0 0.207319)
(38.4617 0 0.153095)
(38.6233 0 0.113934)
(38.7518 0 0.0838189)
(38.854 0 0.0618192)
(38.93 0 0.0456885)
(38.9705 0 0.0347711)
(38.9571 0 0.0295574)
(38.8729 0 0.0296013)
(38.719 0 0.033078)
(38.5241 0 0.0375038)
(38.3321 0 0.0408262)
(38.1773 0 0.0418088)
(38.0742 0 0.0401595)
(38.0246 0 0.0364546)
(38.0265 0 0.0316191)
(38.0762 0 0.0264726)
(38.1673 0 0.0215487)
(38.2914 0 0.0171104)
(38.4383 0 0.0133056)
(38.597 0 0.0101878)
(38.7575 0 0.00769985)
(38.9116 0 0.00576677)
(39.0542 0 0.00428902)
(39.1829 0 0.00317399)
(39.2965 0 0.00234022)
(39.3956 0 0.00171899)
(39.4809 0 0.00126399)
(39.554 0 0.000931375)
(39.6163 0 0.000690142)
(39.6693 0 0.000513085)
(39.7144 0 0.000385351)
(39.753 0 0.000292267)
(39.7861 0 0.000222666)
(39.8145 0 0.000170033)
(39.8391 0 0.000129863)
(39.8603 0 9.93387e-05)
(39.8787 0 7.56778e-05)
(39.8945 0 5.75259e-05)
(39.9083 0 4.38431e-05)
(39.9201 0 3.33356e-05)
(39.9303 0 2.52586e-05)
(39.9391 0 1.92903e-05)
(39.9469 0 1.41625e-05)
(39.9529 0 1.27731e-05)
(39.9614 0 6.82152e-06)
(37.1902 0 1.11869)
(37.5613 0 0.641743)
(37.9878 0 0.499735)
(38.2345 0 0.348147)
(38.4266 0 0.233637)
(38.6129 0 0.170934)
(38.773 0 0.127552)
(38.9026 0 0.0940365)
(39.0101 0 0.0694055)
(39.1016 0 0.0514274)
(39.179 0 0.0389109)
(39.2417 0 0.0317472)
(39.285 0 0.0292497)
(39.2986 0 0.0299951)
(39.2665 0 0.0323243)
(39.1767 0 0.0348261)
(39.0349 0 0.0363257)
(38.8697 0 0.0360967)
(38.7184 0 0.0341059)
(38.6073 0 0.0307822)
(38.5449 0 0.0267206)
(38.529 0 0.0224687)
(38.5542 0 0.0183977)
(38.6144 0 0.0147433)
(38.7018 0 0.0116209)
(38.8075 0 0.00901948)
(38.9226 0 0.00691513)
(39.0396 0 0.00524664)
(39.1529 0 0.00394882)
(39.2585 0 0.00295342)
(39.3545 0 0.002196)
(39.4399 0 0.00163066)
(39.5149 0 0.00121101)
(39.5801 0 0.000902378)
(39.6365 0 0.000673745)
(39.685 0 0.000507039)
(39.7268 0 0.000384605)
(39.7629 0 0.000292977)
(39.7941 0 0.000223684)
(39.821 0 0.0001709)
(39.8444 0 0.000130757)
(39.8647 0 9.97372e-05)
(39.8823 0 7.59375e-05)
(39.8975 0 5.79266e-05)
(39.9107 0 4.41114e-05)
(39.9221 0 3.34922e-05)
(39.9319 0 2.56213e-05)
(39.9405 0 1.88564e-05)
(39.9474 0 1.70626e-05)
(39.9568 0 9.18898e-06)
(37.4977 0 1.19414)
(37.7829 0 0.706715)
(38.1618 0 0.539294)
(38.3989 0 0.389559)
(38.5808 0 0.264597)
(38.759 0 0.19207)
(38.9152 0 0.143683)
(39.0425 0 0.10632)
(39.1485 0 0.0785466)
(39.2394 0 0.058293)
(39.3176 0 0.0440835)
(39.384 0 0.0355961)
(39.4389 0 0.032062)
(39.4821 0 0.0318639)
(39.5133 0 0.0330111)
(39.53 0 0.0339439)
(39.5251 0 0.0338028)
(39.4877 0 0.0324263)
(39.4099 0 0.0301412)
(39.2975 0 0.0273383)
(39.1723 0 0.024303)
(39.0616 0 0.0212056)
(38.9847 0 0.0181222)
(38.9475 0 0.015145)
(38.9467 0 0.0124002)
(38.976 0 0.00995322)
(39.0286 0 0.00786565)
(39.0977 0 0.00613246)
(39.1765 0 0.00472781)
(39.2587 0 0.00361)
(39.3398 0 0.00273199)
(39.4168 0 0.00205849)
(39.4876 0 0.00154697)
(39.5515 0 0.00116319)
(39.6083 0 0.000874677)
(39.6583 0 0.000661286)
(39.7021 0 0.000502795)
(39.7403 0 0.000383602)
(39.7736 0 0.00029321)
(39.8026 0 0.000224312)
(39.8279 0 0.000171804)
(39.85 0 0.000131278)
(39.8692 0 0.000100153)
(39.8859 0 7.65054e-05)
(39.9004 0 5.83658e-05)
(39.913 0 4.44104e-05)
(39.924 0 3.40343e-05)
(39.9336 0 2.51045e-05)
(39.9412 0 2.27853e-05)
(39.9517 0 1.23494e-05)
(37.7937 0 1.25177)
(38.002 0 0.7779)
(38.3263 0 0.582892)
(38.5496 0 0.432962)
(38.7202 0 0.299682)
(38.8885 0 0.216404)
(39.0394 0 0.162062)
(39.1635 0 0.120418)
(39.2673 0 0.0890713)
(39.3565 0 0.0661926)
(39.4335 0 0.0500557)
(39.4992 0 0.040048)
(39.5538 0 0.0352885)
(39.5978 0 0.0341207)
(39.6321 0 0.034551)
(39.658 0 0.0349911)
(39.677 0 0.0344342)
(39.6898 0 0.0324818)
(39.6949 0 0.0293648)
(39.6869 0 0.0256682)
(39.6576 0 0.0220122)
(39.6012 0 0.0187802)
(39.5207 0 0.0160366)
(39.4304 0 0.0136975)
(39.3498 0 0.0116728)
(39.2937 0 0.00984121)
(39.2676 0 0.0081708)
(39.2688 0 0.00665161)
(39.2916 0 0.00531381)
(39.33 0 0.00417902)
(39.3786 0 0.00324401)
(39.4328 0 0.00249836)
(39.4885 0 0.00191222)
(39.5428 0 0.00145898)
(39.594 0 0.00111008)
(39.6412 0 0.000846621)
(39.6838 0 0.00064756)
(39.722 0 0.000496226)
(39.7559 0 0.000380603)
(39.786 0 0.000292073)
(39.8125 0 0.000224276)
(39.8358 0 0.000171862)
(39.8563 0 0.000131492)
(39.8742 0 0.000100675)
(39.89 0 7.69955e-05)
(39.9037 0 5.87365e-05)
(39.9156 0 4.51118e-05)
(39.9262 0 3.33552e-05)
(39.9345 0 3.03676e-05)
(39.9462 0 1.65416e-05)
(38.071 0 1.29107)
(38.2136 0 0.850379)
(38.4792 0 0.630894)
(38.6841 0 0.477774)
(38.8424 0 0.338682)
(38.999 0 0.244512)
(39.1431 0 0.183194)
(39.2635 0 0.136808)
(39.3644 0 0.101465)
(39.4516 0 0.0755546)
(39.5271 0 0.0571729)
(39.5916 0 0.0453768)
(39.6453 0 0.0391615)
(39.6887 0 0.0368471)
(39.7225 0 0.0364297)
(39.7483 0 0.0362711)
(39.7678 0 0.0353048)
(39.7827 0 0.0330894)
(39.7946 0 0.0298121)
(39.8041 0 0.0259636)
(39.8111 0 0.0220343)
(39.8137 0 0.0183597)
(39.8083 0 0.015113)
(39.7895 0 0.0123967)
(39.7529 0 0.0102594)
(39.6992 0 0.00859004)
(39.6362 0 0.00727348)
(39.5767 0 0.00617305)
(39.5324 0 0.00520835)
(39.5091 0 0.00433464)
(39.5063 0 0.00353633)
(39.5196 0 0.00283216)
(39.5438 0 0.00223269)
(39.575 0 0.00174308)
(39.61 0 0.00135175)
(39.6461 0 0.00104696)
(39.6816 0 0.000810268)
(39.7153 0 0.000626598)
(39.7466 0 0.000484137)
(39.7753 0 0.000373867)
(39.8012 0 0.00028858)
(39.8246 0 0.000222225)
(39.8454 0 0.000170806)
(39.8639 0 0.000131283)
(39.8803 0 0.00010078)
(39.8948 0 7.71529e-05)
(39.9075 0 5.94389e-05)
(39.9189 0 4.40793e-05)
(39.9279 0 4.02775e-05)
(39.9406 0 2.2031e-05)
(38.3253 0 1.31302)
(38.4144 0 0.918365)
(38.6208 0 0.682579)
(38.8021 0 0.523529)
(38.9469 0 0.380801)
(39.0903 0 0.276466)
(39.2259 0 0.207203)
(39.3415 0 0.155531)
(39.4392 0 0.115771)
(39.524 0 0.086381)
(39.5977 0 0.0653918)
(39.6609 0 0.0515235)
(39.7136 0 0.0436227)
(39.7562 0 0.039979)
(39.7895 0 0.0385684)
(39.8148 0 0.0377018)
(39.8339 0 0.0362604)
(39.8484 0 0.0337486)
(39.8601 0 0.0302887)
(39.8698 0 0.0263168)
(39.8781 0 0.0222983)
(39.8852 0 0.018562)
(39.8911 0 0.0152548)
(39.8954 0 0.0124189)
(39.8972 0 0.0100701)
(39.8945 0 0.0081326)
(39.8842 0 0.0065867)
(39.863 0 0.00538048)
(39.8299 0 0.00446395)
(39.7881 0 0.00376076)
(39.7448 0 0.00318943)
(39.7086 0 0.00270376)
(39.6856 0 0.00226962)
(39.6773 0 0.00187682)
(39.6813 0 0.00152295)
(39.6941 0 0.00121783)
(39.7121 0 0.000963236)
(39.7331 0 0.000757172)
(39.7556 0 0.000593069)
(39.7782 0 0.000463416)
(39.8001 0 0.000361205)
(39.8208 0 0.000280533)
(39.84 0 0.00021728)
(39.8576 0 0.000168117)
(39.8737 0 0.000129835)
(39.8881 0 9.99351e-05)
(39.9009 0 7.73589e-05)
(39.9126 0 5.76143e-05)
(39.9219 0 5.29047e-05)
(39.9353 0 2.90533e-05)
(38.5552 0 1.31946)
(38.6027 0 0.976483)
(38.7532 0 0.735764)
(38.9059 0 0.569762)
(39.0353 0 0.424934)
(39.1641 0 0.312069)
(39.2895 0 0.234291)
(39.3992 0 0.176781)
(39.493 0 0.13225)
(39.5749 0 0.0989555)
(39.6465 0 0.074979)
(39.7082 0 0.0587346)
(39.7598 0 0.0488906)
(39.8017 0 0.0436993)
(39.8345 0 0.0411229)
(39.8594 0 0.0394231)
(39.8781 0 0.0374212)
(39.8924 0 0.0345532)
(39.9037 0 0.030868)
(39.913 0 0.0267487)
(39.921 0 0.0226296)
(39.9279 0 0.01882)
(39.9339 0 0.0154538)
(39.939 0 0.0125675)
(39.9433 0 0.0101815)
(39.9468 0 0.00821488)
(39.9493 0 0.00662413)
(39.9505 0 0.00532942)
(39.9496 0 0.0042823)
(39.9449 0 0.00344381)
(39.9342 0 0.0027821)
(39.916 0 0.00228321)
(39.8905 0 0.00191072)
(39.861 0 0.00162621)
(39.8327 0 0.00139122)
(39.8109 0 0.00118726)
(39.7983 0 0.00100136)
(39.7951 0 0.000830822)
(39.7992 0 0.00067688)
(39.808 0 0.000542931)
(39.8195 0 0.000430694)
(39.8327 0 0.000339242)
(39.8465 0 0.000266129)
(39.8603 0 0.000208276)
(39.8738 0 0.000162468)
(39.8864 0 0.000126145)
(39.8982 0 9.84112e-05)
(39.9092 0 7.37849e-05)
(39.9182 0 6.82574e-05)
(39.9314 0 3.76605e-05)
(38.7631 0 1.31234)
(38.7794 0 1.02067)
(38.8801 0 0.786819)
(39.0009 0 0.615608)
(39.1125 0 0.469743)
(39.2253 0 0.350631)
(39.3385 0 0.264447)
(39.4409 0 0.200616)
(39.53 0 0.15101)
(39.6084 0 0.113422)
(39.6775 0 0.0860513)
(39.7374 0 0.0670908)
(39.7878 0 0.0550125)
(39.8288 0 0.0480278)
(39.8611 0 0.0440906)
(39.8858 0 0.0414131)
(39.9043 0 0.0387487)
(39.9183 0 0.0354573)
(39.9294 0 0.0315071)
(39.9385 0 0.0272181)
(39.9462 0 0.0229823)
(39.9529 0 0.0190855)
(39.9587 0 0.0156526)
(39.9636 0 0.0127158)
(39.9678 0 0.0102929)
(39.9714 0 0.00829787)
(39.9743 0 0.00668322)
(39.9767 0 0.00536989)
(39.9786 0 0.00431148)
(39.98 0 0.00346227)
(39.9808 0 0.00277466)
(39.9807 0 0.00222515)
(39.979 0 0.00178489)
(39.9744 0 0.00143868)
(39.9658 0 0.00117183)
(39.9522 0 0.00097595)
(39.9344 0 0.000830918)
(39.9146 0 0.000717754)
(39.8963 0 0.000620812)
(39.8824 0 0.000532477)
(39.8747 0 0.000449935)
(39.8727 0 0.000373265)
(39.8752 0 0.000304006)
(39.8804 0 0.000243871)
(39.8873 0 0.000193466)
(39.8951 0 0.000152251)
(39.9033 0 0.000120285)
(39.9118 0 9.11725e-05)
(39.9192 0 8.53303e-05)
(39.9307 0 4.74064e-05)
(38.9535 0 1.29296)
(38.9471 0 1.04848)
(39.0061 0 0.831251)
(39.0939 0 0.65935)
(39.185 0 0.513666)
(39.2805 0 0.390903)
(39.3797 0 0.297308)
(39.473 0 0.226956)
(39.5561 0 0.172082)
(39.6302 0 0.129913)
(39.6962 0 0.098771)
(39.7539 0 0.07675)
(39.8028 0 0.0621386)
(39.8429 0 0.0531018)
(39.8747 0 0.0475925)
(39.899 0 0.0437765)
(39.9174 0 0.0403348)
(39.9313 0 0.0365436)
(39.9423 0 0.0322797)
(39.9512 0 0.0277892)
(39.9588 0 0.0234149)
(39.9654 0 0.0194158)
(39.971 0 0.0159059)
(39.9758 0 0.0129099)
(39.9799 0 0.0104396)
(39.9834 0 0.00840742)
(39.9863 0 0.00676434)
(39.9886 0 0.0054309)
(39.9906 0 0.00435832)
(39.9921 0 0.00349782)
(39.9934 0 0.00280007)
(39.9944 0 0.00224339)
(39.9952 0 0.00179919)
(39.9957 0 0.00144747)
(39.9959 0 0.00116584)
(39.9954 0 0.000942746)
(39.9938 0 0.00076375)
(39.9904 0 0.000622265)
(39.9843 0 0.000512954)
(39.9751 0 0.000431252)
(39.9633 0 0.000369615)
(39.9504 0 0.000320152)
(39.9384 0 0.000277071)
(39.9293 0 0.000237592)
(39.9239 0 0.000200743)
(39.9221 0 0.000166427)
(39.9231 0 0.000136672)
(39.9259 0 0.000106146)
(39.9293 0 0.000101197)
(39.9363 0 5.6861e-05)
(39.1316 0 1.26169)
(39.1089 0 1.05881)
(39.1348 0 0.864583)
(39.1908 0 0.698193)
(39.2593 0 0.554769)
(39.3362 0 0.431069)
(39.4196 0 0.331963)
(39.5018 0 0.255445)
(39.5775 0 0.19531)
(39.6463 0 0.148435)
(39.7084 0 0.113225)
(39.7633 0 0.0878162)
(39.8104 0 0.0703696)
(39.8493 0 0.059007)
(39.8804 0 0.0516918)
(39.9044 0 0.0465536)
(39.9226 0 0.0421996)
(39.9365 0 0.0378156)
(39.9473 0 0.0331768)
(39.9562 0 0.0284448)
(39.9637 0 0.0239057)
(39.9701 0 0.0197863)
(39.9757 0 0.0161859)
(39.9804 0 0.0131202)
(39.9845 0 0.0105946)
(39.9879 0 0.00852085)
(39.9907 0 0.00684637)
(39.9931 0 0.00548967)
(39.995 0 0.00439933)
(39.9966 0 0.00352563)
(39.9978 0 0.00281871)
(39.9989 0 0.00225641)
(39.9997 0 0.0018086)
(40.0004 0 0.00145363)
(40.0009 0 0.00116901)
(40.0013 0 0.000944369)
(40.0016 0 0.000765119)
(40.0018 0 0.000622226)
(40.0017 0 0.000506535)
(40.0013 0 0.000412432)
(40.0002 0 0.000335441)
(39.9979 0 0.000273455)
(39.994 0 0.00022523)
(39.9882 0 0.000189073)
(39.9808 0 0.000161872)
(39.9726 0 0.000139903)
(39.9648 0 0.000122214)
(39.9587 0 0.000100897)
(39.9546 0 0.000103788)
(39.9528 0 6.14186e-05)
(39.3011 0 1.21807)
(39.267 0 1.05132)
(39.2677 0 0.883118)
(39.2955 0 0.728478)
(39.3405 0 0.590548)
(39.3976 0 0.468781)
(39.4638 0 0.36682)
(39.5328 0 0.28528)
(39.5994 0 0.220259)
(39.6616 0 0.1688)
(39.7188 0 0.129389)
(39.7702 0 0.100337)
(39.8148 0 0.0797838)
(39.8523 0 0.065832)
(39.8824 0 0.0564731)
(39.906 0 0.0498187)
(39.924 0 0.0444061)
(39.9377 0 0.0393263)
(39.9485 0 0.0342442)
(39.9573 0 0.0292265)
(39.9647 0 0.024493)
(39.971 0 0.0202324)
(39.9765 0 0.0165259)
(39.9812 0 0.0133792)
(39.9852 0 0.0107892)
(39.9885 0 0.00866712)
(39.9913 0 0.00695522)
(39.9937 0 0.00557053)
(39.9956 0 0.00445909)
(39.9972 0 0.00357012)
(39.9984 0 0.00285225)
(39.9995 0 0.0022817)
(40.0003 0 0.00182743)
(40.001 0 0.0014675)
(40.0016 0 0.00117956)
(40.002 0 0.000952987)
(40.0023 0 0.000772274)
(40.0026 0 0.000627838)
(40.0028 0 0.000510554)
(40.003 0 0.000415562)
(40.0031 0 0.000338338)
(40.0031 0 0.000275605)
(40.003 0 0.000224399)
(40.0027 0 0.000182487)
(40.0021 0 0.000148138)
(40.0007 0 0.000120119)
(39.9984 0 9.9418e-05)
(39.995 0 7.93882e-05)
(39.991 0 8.38549e-05)
(39.9835 0 5.06489e-05)
(39.4634 0 1.16119)
(39.4216 0 1.0259)
(39.404 0 0.884265)
(39.4083 0 0.746314)
(39.4308 0 0.61787)
(39.4677 0 0.501207)
(39.5157 0 0.399578)
(39.57 0 0.315044)
(39.6255 0 0.246085)
(39.6795 0 0.190524)
(39.7307 0 0.147047)
(39.7776 0 0.114251)
(39.8192 0 0.090397)
(39.8545 0 0.0736309)
(39.8835 0 0.0620013)
(39.9064 0 0.0536304)
(39.924 0 0.0469998)
(39.9376 0 0.0411068)
(39.9483 0 0.0355005)
(39.9569 0 0.0301427)
(39.9642 0 0.025178)
(39.9705 0 0.02075)
(39.9758 0 0.0169183)
(39.9805 0 0.013676)
(39.9844 0 0.0110103)
(39.9877 0 0.00883094)
(39.9905 0 0.00707472)
(39.9928 0 0.00565712)
(39.9947 0 0.00452104)
(39.9963 0 0.00361408)
(39.9975 0 0.00288313)
(39.9986 0 0.00230282)
(39.9994 0 0.00184155)
(40.0001 0 0.00147671)
(40.0006 0 0.00118547)
(40.0011 0 0.000956473)
(40.0014 0 0.000773819)
(40.0017 0 0.000628036)
(40.0019 0 0.000510046)
(40.0021 0 0.000414937)
(40.0022 0 0.000337715)
(40.0024 0 0.000274839)
(40.0024 0 0.000223394)
(40.0025 0 0.000181491)
(40.0025 0 0.000147472)
(40.0025 0 0.000119642)
(40.0025 0 9.80236e-05)
(40.0023 0 7.66288e-05)
(40.0021 0 7.58406e-05)
(40.0007 0 4.27107e-05)
(39.6177 0 1.09018)
(39.5711 0 0.982488)
(39.5409 0 0.86652)
(39.5271 0 0.748306)
(39.5297 0 0.633262)
(39.5471 0 0.525137)
(39.5768 0 0.427335)
(39.6151 0 0.342617)
(39.658 0 0.271402)
(39.7023 0 0.212718)
(39.746 0 0.165689)
(39.7875 0 0.129304)
(39.825 0 0.102107)
(39.8577 0 0.0823874)
(39.885 0 0.0683036)
(39.9069 0 0.0580312)
(39.9241 0 0.0500236)
(39.9373 0 0.0431944)
(39.9478 0 0.0369763)
(39.9563 0 0.031219)
(39.9635 0 0.0259826)
(39.9696 0 0.021359)
(39.9748 0 0.0173814)
(39.9794 0 0.0140282)
(39.9832 0 0.0112747)
(39.9865 0 0.00902893)
(39.9892 0 0.00722128)
(39.9915 0 0.00576552)
(39.9934 0 0.00460079)
(39.995 0 0.00367266)
(39.9962 0 0.00292642)
(39.9973 0 0.00233477)
(39.9981 0 0.00186532)
(39.9988 0 0.00149452)
(39.9993 0 0.00119897)
(39.9998 0 0.000966727)
(40.0001 0 0.000781695)
(40.0004 0 0.0006343)
(40.0006 0 0.000515174)
(40.0008 0 0.000419179)
(40.0009 0 0.000341139)
(40.001 0 0.000277607)
(40.0011 0 0.000225735)
(40.0012 0 0.000183602)
(40.0013 0 0.000149405)
(40.0013 0 0.000121297)
(40.0013 0 9.93386e-05)
(40.0013 0 7.77796e-05)
(40.0014 0 7.64206e-05)
(40.0013 0 4.45483e-05)
(39.7612 0 1.00465)
(39.7126 0 0.921292)
(39.6746 0 0.829336)
(39.6479 0 0.732109)
(39.6344 0 0.633494)
(39.6344 0 0.537248)
(39.6467 0 0.446825)
(39.6689 0 0.365251)
(39.6981 0 0.294206)
(39.7313 0 0.233992)
(39.7662 0 0.184417)
(39.8009 0 0.144974)
(39.8335 0 0.114638)
(39.8628 0 0.0919799)
(39.8878 0 0.0753481)
(39.9083 0 0.063033)
(39.9247 0 0.053505)
(39.9375 0 0.0456171)
(39.9477 0 0.0386944)
(39.9559 0 0.0324717)
(39.9629 0 0.0269181)
(39.9688 0 0.0220665)
(39.974 0 0.017919)
(39.9784 0 0.0144368)
(39.9822 0 0.0115812)
(39.9854 0 0.00925781)
(39.9881 0 0.00738987)
(39.9903 0 0.00588919)
(39.9922 0 0.00469053)
(39.9937 0 0.00373723)
(39.995 0 0.0029728)
(39.996 0 0.00236761)
(39.9968 0 0.00188833)
(39.9975 0 0.00151032)
(39.9981 0 0.00120963)
(39.9985 0 0.000973638)
(39.9989 0 0.000785954)
(39.9991 0 0.000636713)
(39.9994 0 0.000516266)
(39.9995 0 0.000419338)
(39.9997 0 0.000340661)
(39.9998 0 0.000276776)
(39.9999 0 0.000224718)
(39.9999 0 0.00018246)
(40 0 0.000148165)
(40 0 0.00012)
(40.0001 0 9.80906e-05)
(40.0001 0 7.66659e-05)
(40.0001 0 7.54834e-05)
(40.0001 0 4.39049e-05)
(39.8903 0 0.905153)
(39.8421 0 0.843173)
(39.8002 0 0.773162)
(39.7656 0 0.696751)
(39.7406 0 0.616262)
(39.7265 0 0.534598)
(39.7235 0 0.454816)
(39.7305 0 0.379836)
(39.7458 0 0.311936)
(39.767 0 0.252415)
(39.792 0 0.20186)
(39.8188 0 0.160366)
(39.8455 0 0.127452)
(39.8704 0 0.102112)
(39.8925 0 0.0829929)
(39.9111 0 0.0685833)
(39.9263 0 0.0574359)
(39.9384 0 0.0483855)
(39.9481 0 0.0406707)
(39.9561 0 0.0339168)
(39.9628 0 0.0279985)
(39.9685 0 0.022885)
(39.9735 0 0.0185425)
(39.9778 0 0.0149121)
(39.9814 0 0.0119395)
(39.9846 0 0.00952675)
(39.9872 0 0.0075893)
(39.9894 0 0.00603665)
(39.9913 0 0.00479875)
(39.9928 0 0.00381623)
(39.994 0 0.00303073)
(39.995 0 0.00240984)
(39.9958 0 0.00191916)
(39.9965 0 0.00153283)
(39.9971 0 0.00122623)
(39.9975 0 0.000985915)
(39.9979 0 0.00079514)
(39.9981 0 0.000643689)
(39.9984 0 0.000521671)
(39.9985 0 0.000423639)
(39.9987 0 0.000344172)
(39.9988 0 0.000279731)
(39.9989 0 0.00022724)
(39.9989 0 0.000184628)
(39.999 0 0.000150067)
(39.999 0 0.000121714)
(39.999 0 9.96661e-05)
(39.9991 0 7.81517e-05)
(39.9991 0 7.67587e-05)
(39.9991 0 4.51656e-05)
(40.0006 0 0.7937)
(39.9552 0 0.750187)
(39.913 0 0.699701)
(39.8748 0 0.642856)
(39.8428 0 0.580777)
(39.8188 0 0.515287)
(39.8037 0 0.44867)
(39.7977 0 0.383388)
(39.7999 0 0.321757)
(39.8091 0 0.265607)
(39.8237 0 0.216176)
(39.8418 0 0.174161)
(39.8615 0 0.139676)
(39.8812 0 0.112246)
(39.8996 0 0.0909358)
(39.9157 0 0.07453)
(39.9293 0 0.0617505)
(39.9404 0 0.0514772)
(39.9495 0 0.0429016)
(39.957 0 0.0355575)
(39.9633 0 0.0292293)
(39.9688 0 0.0238201)
(39.9735 0 0.0192568)
(39.9776 0 0.0154582)
(39.9812 0 0.0123527)
(39.9842 0 0.00983752)
(39.9868 0 0.00782025)
(39.9889 0 0.0062074)
(39.9907 0 0.00492389)
(39.9922 0 0.00390711)
(39.9934 0 0.0030968)
(39.9944 0 0.00245732)
(39.9952 0 0.00195309)
(39.9959 0 0.0015568)
(39.9964 0 0.00124307)
(39.9969 0 0.000997485)
(39.9972 0 0.000802935)
(39.9975 0 0.000648773)
(39.9977 0 0.000524845)
(39.9979 0 0.000425456)
(39.998 0 0.00034502)
(39.9981 0 0.000279898)
(39.9982 0 0.000226926)
(39.9983 0 0.000183981)
(39.9983 0 0.000149213)
(39.9984 0 0.000120735)
(39.9984 0 9.86134e-05)
(39.9984 0 7.71055e-05)
(39.9984 0 7.55985e-05)
(39.9985 0 4.43343e-05)
(40.0883 0 0.674129)
(40.0476 0 0.646027)
(40.0079 0 0.61226)
(39.9699 0 0.572869)
(39.9352 0 0.528188)
(39.9057 0 0.479102)
(39.8826 0 0.427017)
(39.8666 0 0.373698)
(39.858 0 0.32109)
(39.8563 0 0.271065)
(39.8607 0 0.225196)
(39.8697 0 0.184644)
(39.8819 0 0.150064)
(39.8956 0 0.121544)
(39.9095 0 0.098651)
(39.9225 0 0.0805689)
(39.934 0 0.0662866)
(39.9437 0 0.0548128)
(39.9518 0 0.0453519)
(39.9587 0 0.0373807)
(39.9645 0 0.0306079)
(39.9696 0 0.0248742)
(39.9741 0 0.0200668)
(39.978 0 0.016081)
(39.9813 0 0.0128269)
(39.9842 0 0.0101962)
(39.9867 0 0.0080885)
(39.9888 0 0.00640682)
(39.9906 0 0.00507098)
(39.992 0 0.00401469)
(39.9932 0 0.00317566)
(39.9942 0 0.00251465)
(39.995 0 0.0019947)
(39.9957 0 0.00158686)
(39.9962 0 0.00126489)
(39.9966 0 0.00101322)
(39.997 0 0.000814354)
(39.9973 0 0.000657105)
(39.9975 0 0.000531021)
(39.9976 0 0.000430101)
(39.9978 0 0.000348584)
(39.9979 0 0.000282711)
(39.998 0 0.000229213)
(39.998 0 0.000185893)
(39.9981 0 0.000150865)
(39.9981 0 0.000122201)
(39.9982 0 9.99456e-05)
(39.9982 0 7.83911e-05)
(39.9982 0 7.67008e-05)
(39.9982 0 4.56633e-05)
(40.1504 0 0.55208)
(40.116 0 0.536133)
(40.081 0 0.515907)
(40.0462 0 0.491158)
(40.0126 0 0.461764)
(39.9817 0 0.427954)
(39.9547 0 0.39037)
(39.9327 0 0.350037)
(39.9163 0 0.308307)
(39.9059 0 0.266714)
(39.9013 0 0.226794)
(39.9017 0 0.189903)
(39.9063 0 0.157065)
(39.9136 0 0.128853)
(39.9225 0 0.105348)
(39.9317 0 0.0861964)
(39.9405 0 0.0707444)
(39.9484 0 0.0582236)
(39.9553 0 0.0479304)
(39.9613 0 0.039338)
(39.9665 0 0.0321091)
(39.9711 0 0.0260349)
(39.9752 0 0.0209672)
(39.9788 0 0.0167788)
(39.982 0 0.0133626)
(39.9847 0 0.010604)
(39.9871 0 0.00839536)
(39.9891 0 0.00663593)
(39.9908 0 0.00524055)
(39.9922 0 0.00413897)
(39.9934 0 0.00326671)
(39.9943 0 0.00258071)
(39.9951 0 0.00204235)
(39.9958 0 0.00162096)
(39.9963 0 0.00128922)
(39.9967 0 0.00103031)
(39.9971 0 0.000826277)
(39.9973 0 0.000665287)
(39.9975 0 0.00053656)
(39.9977 0 0.000433738)
(39.9979 0 0.000350868)
(39.998 0 0.000284034)
(39.998 0 0.000229851)
(39.9981 0 0.000186035)
(39.9982 0 0.000150657)
(39.9982 0 0.000121751)
(39.9982 0 9.9331e-05)
(39.9982 0 7.77303e-05)
(39.9983 0 7.5829e-05)
(39.9983 0 4.51152e-05)
(40.1866 0 0.434294)
(40.1591 0 0.427179)
(40.1303 0 0.4171)
(40.1007 0 0.403717)
(40.071 0 0.386701)
(40.0421 0 0.365902)
(40.015 0 0.341427)
(39.9907 0 0.313685)
(39.9702 0 0.283401)
(39.9541 0 0.251589)
(39.9427 0 0.219451)
(39.9361 0 0.188231)
(39.9337 0 0.159064)
(39.9348 0 0.132819)
(39.9384 0 0.109994)
(39.9434 0 0.0906869)
(39.949 0 0.0746502)
(39.9547 0 0.0614188)
(39.96 0 0.050466)
(39.9648 0 0.041332)
(39.9692 0 0.0336788)
(39.9732 0 0.0272734)
(39.9768 0 0.0219437)
(39.98 0 0.0175461)
(39.9829 0 0.0139592)
(39.9855 0 0.0110629)
(39.9877 0 0.00874407)
(39.9896 0 0.00689842)
(39.9912 0 0.0054363)
(39.9926 0 0.00428347)
(39.9937 0 0.00337323)
(39.9947 0 0.00265856)
(39.9955 0 0.00209895)
(39.9961 0 0.00166187)
(39.9966 0 0.0013188)
(39.997 0 0.00105149)
(39.9974 0 0.000841459)
(39.9976 0 0.000676143)
(39.9978 0 0.000544377)
(39.998 0 0.000439386)
(39.9982 0 0.000354993)
(39.9983 0 0.000287091)
(39.9983 0 0.000232161)
(39.9984 0 0.000187819)
(39.9985 0 0.000152081)
(39.9985 0 0.000122934)
(39.9985 0 0.000100352)
(39.9985 0 7.87199e-05)
(39.9985 0 7.65843e-05)
(39.9986 0 4.62552e-05)
(40.1992 0 0.327316)
(40.1786 0 0.325923)
(40.1564 0 0.322691)
(40.133 0 0.317296)
(40.1087 0 0.309367)
(40.0841 0 0.298597)
(40.0598 0 0.284801)
(40.0366 0 0.267974)
(40.0153 0 0.248344)
(39.9968 0 0.226399)
(39.9815 0 0.202873)
(39.97 0 0.178678)
(39.9622 0 0.154796)
(39.9579 0 0.132144)
(39.9564 0 0.111446)
(39.9572 0 0.093139)
(39.9594 0 0.0773535)
(39.9625 0 0.063961)
(39.9658 0 0.05268)
(39.9692 0 0.0431909)
(39.9726 0 0.0352133)
(39.9758 0 0.0285278)
(39.9788 0 0.0229601)
(39.9816 0 0.0183621)
(39.9842 0 0.0146053)
(39.9865 0 0.0115673)
(39.9886 0 0.00913224)
(39.9903 0 0.00719353)
(39.9919 0 0.00565816)
(39.9932 0 0.00444835)
(39.9943 0 0.00349526)
(39.9952 0 0.002748)
(39.9959 0 0.00216404)
(39.9965 0 0.00170887)
(39.997 0 0.00135262)
(39.9975 0 0.00107551)
(39.9978 0 0.000858442)
(39.9981 0 0.000688016)
(39.9983 0 0.000552635)
(39.9984 0 0.00044504)
(39.9986 0 0.000358801)
(39.9987 0 0.000289581)
(39.9988 0 0.000233715)
(39.9988 0 0.000188698)
(39.9989 0 0.000152481)
(39.9989 0 0.000122999)
(39.9989 0 0.000100181)
(39.9989 0 7.84716e-05)
(39.999 0 7.60305e-05)
(39.999 0 4.61188e-05)
(40.1931 0 0.23607)
(40.1785 0 0.237816)
(40.1626 0 0.238577)
(40.1453 0 0.238101)
(40.1269 0 0.236075)
(40.1076 0 0.232179)
(40.0878 0 0.226126)
(40.0679 0 0.217709)
(40.0486 0 0.206847)
(40.0305 0 0.193633)
(40.0142 0 0.178367)
(40.0003 0 0.161552)
(39.9892 0 0.143849)
(39.981 0 0.126003)
(39.9755 0 0.108735)
(39.9725 0 0.0926366)
(39.9714 0 0.0780968)
(39.9716 0 0.0652829)
(39.9728 0 0.0541777)
(39.9746 0 0.0446538)
(39.9767 0 0.0365463)
(39.9789 0 0.029695)
(39.9812 0 0.0239545)
(39.9835 0 0.0191908)
(39.9857 0 0.0152812)
(39.9877 0 0.0121075)
(39.9895 0 0.00955601)
(39.9912 0 0.00752077)
(39.9926 0 0.0059074)
(39.9938 0 0.00463569)
(39.9948 0 0.00363514)
(39.9957 0 0.00285142)
(39.9964 0 0.0022399)
(39.997 0 0.00176407)
(39.9975 0 0.00139268)
(39.9979 0 0.00110426)
(39.9982 0 0.000879027)
(39.9985 0 0.000702671)
(39.9987 0 0.000563087)
(39.9989 0 0.00045247)
(39.999 0 0.0003641)
(39.9991 0 0.000293365)
(39.9992 0 0.000236434)
(39.9993 0 0.000190663)
(39.9993 0 0.00015392)
(39.9993 0 0.000124085)
(39.9994 0 0.000101027)
(39.9994 0 7.92658e-05)
(39.9994 0 7.6501e-05)
(39.9994 0 4.71249e-05)
(40.1743 0 0.162947)
(40.1647 0 0.16596)
(40.1539 0 0.16856)
(40.142 0 0.170581)
(40.1291 0 0.1718)
(40.1151 0 0.171961)
(40.1002 0 0.170796)
(40.0847 0 0.168051)
(40.0689 0 0.163515)
(40.0532 0 0.157065)
(40.0382 0 0.148699)
(40.0244 0 0.138573)
(40.0122 0 0.127003)
(40.002 0 0.114443)
(39.9939 0 0.101434)
(39.988 0 0.0885233)
(39.9841 0 0.076188)
(39.9818 0 0.0647742)
(39.9808 0 0.0544791)
(39.9808 0 0.0453722)
(39.9815 0 0.037438)
(39.9826 0 0.0306161)
(39.9841 0 0.0248242)
(39.9857 0 0.0199678)
(39.9874 0 0.0159473)
(39.989 0 0.01266)
(39.9906 0 0.010002)
(39.992 0 0.00787285)
(39.9933 0 0.00618027)
(39.9944 0 0.0048437)
(39.9954 0 0.00379205)
(39.9962 0 0.0029684)
(39.9969 0 0.00232621)
(39.9975 0 0.00182713)
(39.998 0 0.0014385)
(39.9983 0 0.00113713)
(39.9987 0 0.000902474)
(39.9989 0 0.000719238)
(39.9991 0 0.000574741)
(39.9993 0 0.00046058)
(39.9994 0 0.000369691)
(39.9995 0 0.000297154)
(39.9996 0 0.000238944)
(39.9997 0 0.000192256)
(39.9997 0 0.000154864)
(39.9997 0 0.00012458)
(39.9998 0 0.000101208)
(39.9998 0 7.9352e-05)
(39.9998 0 7.61824e-05)
(39.9998 0 4.73804e-05)
(40.149 0 0.107739)
(40.143 0 0.11087)
(40.1361 0 0.113918)
(40.1284 0 0.11679)
(40.1199 0 0.119349)
(40.1104 0 0.121424)
(40.1001 0 0.122818)
(40.089 0 0.123315)
(40.0772 0 0.1227)
(40.065 0 0.120778)
(40.0527 0 0.117405)
(40.0406 0 0.112524)
(40.0292 0 0.106184)
(40.0188 0 0.0985613)
(40.0098 0 0.0899448)
(40.0023 0 0.0807073)
(39.9965 0 0.0712517)
(39.9922 0 0.061954)
(39.9893 0 0.0531178)
(39.9876 0 0.0449547)
(39.9868 0 0.0375891)
(39.9868 0 0.0310765)
(39.9873 0 0.0254226)
(39.9882 0 0.0205965)
(39.9893 0 0.0165423)
(39.9905 0 0.0131875)
(39.9917 0 0.0104486)
(39.9929 0 0.00823811)
(39.994 0 0.00647118)
(39.995 0 0.00507031)
(39.9959 0 0.00396587)
(39.9967 0 0.00309983)
(39.9973 0 0.00242433)
(39.9979 0 0.00189954)
(39.9983 0 0.00149159)
(39.9987 0 0.00117559)
(39.999 0 0.000930153)
(39.9993 0 0.000739015)
(39.9995 0 0.000588841)
(39.9996 0 0.000470572)
(39.9997 0 0.00037676)
(39.9998 0 0.000302128)
(39.9999 0 0.000242435)
(40 0 0.000194691)
(40 0 0.000156555)
(40.0001 0 0.000125767)
(40.0001 0 0.000102048)
(40.0001 0 8.01048e-05)
(40.0001 0 7.64889e-05)
(40.0001 0 4.83874e-05)
(40.122 0 0.0682987)
(40.1185 0 0.0709857)
(40.1143 0 0.0737451)
(40.1097 0 0.0765336)
(40.1044 0 0.0792799)
(40.0984 0 0.0818867)
(40.0917 0 0.0842313)
(40.0842 0 0.0861676)
(40.0761 0 0.0875302)
(40.0674 0 0.0881444)
(40.0582 0 0.087841)
(40.0488 0 0.0864783)
(40.0393 0 0.083966)
(40.0302 0 0.0802884)
(40.0216 0 0.0755205)
(40.0139 0 0.0698285)
(40.0073 0 0.063454)
(40.0019 0 0.0566815)
(39.9976 0 0.0497999)
(39.9946 0 0.0430682)
(39.9925 0 0.036694)
(39.9914 0 0.0308274)
(39.9909 0 0.0255624)
(39.991 0 0.0209438)
(39.9914 0 0.0169757)
(39.9921 0 0.0136306)
(39.993 0 0.0108581)
(39.9939 0 0.0085936)
(39.9948 0 0.00676657)
(39.9956 0 0.00530784)
(39.9964 0 0.00415242)
(39.9971 0 0.0032435)
(39.9977 0 0.00253311)
(39.9982 0 0.00198069)
(39.9986 0 0.00155153)
(39.999 0 0.00121924)
(39.9993 0 0.00096166)
(39.9995 0 0.000761526)
(39.9997 0 0.000604834)
(39.9999 0 0.00048182)
(40 0 0.000384607)
(40.0001 0 0.000307525)
(40.0002 0 0.000246088)
(40.0002 0 0.000197097)
(40.0003 0 0.000158076)
(40.0003 0 0.000126681)
(40.0003 0 0.000102537)
(40.0003 0 8.04696e-05)
(40.0003 0 7.63235e-05)
(40.0004 0 4.8992e-05)
(40.0967 0 0.0415058)
(40.0947 0 0.0435732)
(40.0923 0 0.0457629)
(40.0896 0 0.0480605)
(40.0865 0 0.0504358)
(40.0829 0 0.0528419)
(40.0788 0 0.0552141)
(40.0742 0 0.0574685)
(40.069 0 0.0595015)
(40.0632 0 0.0611908)
(40.0569 0 0.0624012)
(40.0502 0 0.0629937)
(40.0431 0 0.0628399)
(40.0359 0 0.0618401)
(40.0287 0 0.0599418)
(40.0219 0 0.0571552)
(40.0155 0 0.0535598)
(40.0099 0 0.0492997)
(40.005 0 0.0445667)
(40.0011 0 0.0395753)
(39.9982 0 0.0345377)
(39.996 0 0.029643)
(39.9947 0 0.0250442)
(39.994 0 0.0208512)
(39.9937 0 0.0171303)
(39.9939 0 0.0139077)
(39.9943 0 0.0111765)
(39.9949 0 0.00890493)
(39.9955 0 0.00704568)
(39.9962 0 0.00554441)
(39.9968 0 0.0043454)
(39.9974 0 0.00339647)
(39.998 0 0.00265155)
(39.9984 0 0.00207062)
(39.9988 0 0.0016189)
(39.9992 0 0.00126893)
(39.9994 0 0.000997909)
(39.9997 0 0.000787697)
(39.9999 0 0.000623618)
(40 0 0.000495188)
(40.0001 0 0.000394069)
(40.0002 0 0.00031416)
(40.0003 0 0.000250705)
(40.0004 0 0.000200269)
(40.0004 0 0.000160225)
(40.0004 0 0.00012813)
(40.0005 0 0.000103501)
(40.0005 0 8.12957e-05)
(40.0005 0 7.65549e-05)
(40.0005 0 5.01183e-05)
(40.0747 0 0.0241134)
(40.0736 0 0.0255942)
(40.0724 0 0.0271943)
(40.0709 0 0.028913)
(40.0691 0 0.0307421)
(40.0671 0 0.0326638)
(40.0647 0 0.0346499)
(40.062 0 0.0366601)
(40.0589 0 0.0386393)
(40.0553 0 0.0405167)
(40.0513 0 0.0422055)
(40.0468 0 0.043605)
(40.042 0 0.0446064)
(40.0368 0 0.0451015)
(40.0314 0 0.0449951)
(40.0259 0 0.0442195)
(40.0205 0 0.0427478)
(40.0154 0 0.0406033)
(40.0108 0 0.0378618)
(40.0067 0 0.0346445)
(40.0032 0 0.0311039)
(40.0005 0 0.0274063)
(39.9985 0 0.0237131)
(39.9971 0 0.0201661)
(39.9962 0 0.016876)
(39.9958 0 0.0139178)
(39.9958 0 0.0113305)
(39.996 0 0.00912202)
(39.9964 0 0.00727568)
(39.9968 0 0.00575936)
(39.9973 0 0.0045323)
(39.9978 0 0.00355139)
(39.9982 0 0.0027755)
(39.9986 0 0.00216709)
(39.999 0 0.00169247)
(39.9993 0 0.00132398)
(39.9996 0 0.00103848)
(39.9998 0 0.000817196)
(40 0 0.000644872)
(40.0001 0 0.000510326)
(40.0002 0 0.00040475)
(40.0003 0 0.000321591)
(40.0004 0 0.000255801)
(40.0004 0 0.000203683)
(40.0005 0 0.00016244)
(40.0005 0 0.00012952)
(40.0005 0 0.000104314)
(40.0006 0 8.19305e-05)
(40.0006 0 7.65059e-05)
(40.0006 0 5.10564e-05)
(40.0567 0 0.0132834)
(40.0561 0 0.0142927)
(40.0555 0 0.0153981)
(40.0547 0 0.0166044)
(40.0537 0 0.0179125)
(40.0526 0 0.0193191)
(40.0513 0 0.0208156)
(40.0498 0 0.0223865)
(40.048 0 0.0240077)
(40.0459 0 0.0256448)
(40.0435 0 0.027251)
(40.0408 0 0.0287668)
(40.0377 0 0.0301204)
(40.0343 0 0.0312299)
(40.0306 0 0.032009)
(40.0266 0 0.0323752)
(40.0225 0 0.0322592)
(40.0184 0 0.0316171)
(40.0144 0 0.0304395)
(40.0106 0 0.0287567)
(40.0072 0 0.0266389)
(40.0043 0 0.0241887)
(40.0019 0 0.0215303)
(40.0001 0 0.0187941)
(39.9987 0 0.0161026)
(39.9979 0 0.0135583)
(39.9974 0 0.0112363)
(39.9972 0 0.00918187)
(39.9973 0 0.00741246)
(39.9975 0 0.00592344)
(39.9978 0 0.00469469)
(39.9981 0 0.00369724)
(39.9985 0 0.00289874)
(39.9988 0 0.00226682)
(39.9991 0 0.00177078)
(39.9994 0 0.00138392)
(39.9997 0 0.00108346)
(39.9999 0 0.000850389)
(40 0 0.000669089)
(40.0002 0 0.000527777)
(40.0003 0 0.000417202)
(40.0004 0 0.000330365)
(40.0004 0 0.000261911)
(40.0005 0 0.000207864)
(40.0005 0 0.000165242)
(40.0006 0 0.000131373)
(40.0006 0 0.000105503)
(40.0006 0 8.29112e-05)
(40.0006 0 7.67255e-05)
(40.0006 0 5.23829e-05)
(40.0425 0 0.00680333)
(40.0422 0 0.00746756)
(40.0418 0 0.00820191)
(40.0414 0 0.00901188)
(40.041 0 0.0099016)
(40.0404 0 0.0108734)
(40.0397 0 0.0119271)
(40.0389 0 0.0130596)
(40.0379 0 0.0142631)
(40.0368 0 0.0155243)
(40.0354 0 0.0168224)
(40.0338 0 0.0181278)
(40.032 0 0.0194011)
(40.0298 0 0.0205926)
(40.0275 0 0.0216432)
(40.0248 0 0.0224873)
(40.022 0 0.0230575)
(40.019 0 0.0232916)
(40.0159 0 0.0231413)
(40.0128 0 0.0225807)
(40.0099 0 0.0216127)
(40.0072 0 0.0202719)
(40.0047 0 0.018623)
(40.0027 0 0.0167538)
(40.0011 0 0.0147645)
(39.9999 0 0.0127555)
(39.999 0 0.0108162)
(39.9985 0 0.00901629)
(39.9983 0 0.00740232)
(39.9983 0 0.00599757)
(39.9984 0 0.00480584)
(39.9986 0 0.00381656)
(39.9988 0 0.00301032)
(39.999 0 0.00236325)
(39.9993 0 0.00185)
(39.9995 0 0.00144661)
(39.9997 0 0.00113165)
(39.9999 0 0.000886607)
(40.0001 0 0.000695859)
(40.0002 0 0.000547249)
(40.0003 0 0.000431168)
(40.0004 0 0.000340223)
(40.0004 0 0.000268756)
(40.0005 0 0.000212508)
(40.0005 0 0.000168299)
(40.0006 0 0.00013333)
(40.0006 0 0.000106686)
(40.0006 0 8.38349e-05)
(40.0006 0 7.67982e-05)
(40.0006 0 5.36557e-05)
(40.0315 0 0.00308321)
(40.0314 0 0.00350968)
(40.0312 0 0.00398425)
(40.031 0 0.00451157)
(40.0308 0 0.00509594)
(40.0305 0 0.00574105)
(40.0302 0 0.00644971)
(40.0298 0 0.00722348)
(40.0292 0 0.008062)
(40.0286 0 0.00896215)
(40.0279 0 0.00991702)
(40.027 0 0.0109147)
(40.026 0 0.0119373)
(40.0247 0 0.0129595)
(40.0233 0 0.013948)
(40.0217 0 0.0148617)
(40.0199 0 0.0156523)
(40.0179 0 0.0162679)
(40.0157 0 0.0166566)
(40.0134 0 0.0167734)
(40.0111 0 0.0165864)
(40.0088 0 0.0160834)
(40.0067 0 0.0152765)
(40.0048 0 0.0142023)
(40.0031 0 0.0129196)
(40.0017 0 0.0115016)
(40.0006 0 0.0100271)
(39.9999 0 0.00857003)
(39.9994 0 0.00719212)
(39.9991 0 0.00593766)
(39.999 0 0.00483256)
(39.999 0 0.00388616)
(39.9991 0 0.00309497)
(39.9993 0 0.00244683)
(39.9995 0 0.00192446)
(39.9996 0 0.00150886)
(39.9998 0 0.00118144)
(40 0 0.000925138)
(40.0001 0 0.000724983)
(40.0002 0 0.000568817)
(40.0003 0 0.000446865)
(40.0004 0 0.00035145)
(40.0005 0 0.000276646)
(40.0005 0 0.000217934)
(40.0005 0 0.000171933)
(40.0006 0 0.000135715)
(40.0006 0 0.000108189)
(40.0006 0 8.50307e-05)
(40.0006 0 7.7066e-05)
(40.0006 0 5.52206e-05)
(40.0233 0 0.00104838)
(40.0232 0 0.00131756)
(40.0232 0 0.00161842)
(40.0231 0 0.0019544)
(40.023 0 0.00232898)
(40.0228 0 0.00274552)
(40.0227 0 0.00320719)
(40.0224 0 0.00371679)
(40.0222 0 0.00427642)
(40.0219 0 0.00488706)
(40.0215 0 0.00554801)
(40.021 0 0.00625616)
(40.0205 0 0.00700519)
(40.0198 0 0.00778457)
(40.019 0 0.00857868)
(40.0181 0 0.00936594)
(40.017 0 0.0101184)
(40.0157 0 0.0108021)
(40.0143 0 0.0113783)
(40.0127 0 0.0118064)
(40.0111 0 0.0120479)
(40.0094 0 0.0120713)
(40.0077 0 0.011858)
(40.006 0 0.0114062)
(40.0045 0 0.0107338)
(40.0031 0 0.00987729)
(40.002 0 0.0088877)
(40.0011 0 0.00782402)
(40.0004 0 0.00674535)
(39.9999 0 0.00570371)
(39.9996 0 0.00473921)
(39.9995 0 0.00387786)
(39.9995 0 0.00313221)
(39.9995 0 0.00250358)
(39.9996 0 0.00198512)
(39.9998 0 0.00156505)
(39.9999 0 0.00122943)
(40 0 0.000964006)
(40.0001 0 0.000755324)
(40.0002 0 0.000591822)
(40.0003 0 0.00046389)
(40.0004 0 0.000363768)
(40.0005 0 0.000285361)
(40.0005 0 0.000223938)
(40.0005 0 0.000175937)
(40.0006 0 0.000138311)
(40.0006 0 0.000109783)
(40.0006 0 8.62543e-05)
(40.0006 0 7.72852e-05)
(40.0006 0 5.68026e-05)
(40.0172 0 7.11181e-06)
(40.0172 0 0.00017505)
(40.0171 0 0.000363291)
(40.0171 0 0.000574213)
(40.017 0 0.000810313)
(40.017 0 0.00107416)
(40.0169 0 0.00136837)
(40.0168 0 0.00169554)
(40.0167 0 0.00205813)
(40.0165 0 0.00245821)
(40.0163 0 0.00289726)
(40.0161 0 0.00337573)
(40.0158 0 0.00389262)
(40.0155 0 0.00444486)
(40.015 0 0.00502663)
(40.0145 0 0.00562858)
(40.0139 0 0.00623712)
(40.0131 0 0.00683385)
(40.0123 0 0.00739548)
(40.0113 0 0.00789431)
(40.0102 0 0.00829972)
(40.0091 0 0.0085808)
(40.0078 0 0.00870988)
(40.0065 0 0.00866679)
(40.0053 0 0.00844279)
(40.0041 0 0.00804352)
(40.003 0 0.00748959)
(40.0021 0 0.00681473)
(40.0013 0 0.00606139)
(40.0007 0 0.0052749)
(40.0003 0 0.00449762)
(40.0001 0 0.00376422)
(39.9999 0 0.0030992)
(39.9999 0 0.00251637)
(39.9999 0 0.00202005)
(39.9999 0 0.00160737)
(40 0 0.0012708)
(40.0001 0 0.00100037)
(40.0002 0 0.000785311)
(40.0003 0 0.000615463)
(40.0003 0 0.000481894)
(40.0004 0 0.000377082)
(40.0005 0 0.000294939)
(40.0005 0 0.000230629)
(40.0005 0 0.000180455)
(40.0006 0 0.000141278)
(40.0006 0 0.000111637)
(40.0006 0 8.76753e-05)
(40.0006 0 7.76452e-05)
(40.0006 0 5.85672e-05)
(40.0127 0 -0.000469639)
(40.0127 0 -0.000365654)
(40.0127 0 -0.000248891)
(40.0126 0 -0.000117788)
(40.0126 0 2.93434e-05)
(40.0126 0 0.0001943)
(40.0126 0 0.000378984)
(40.0125 0 0.000585391)
(40.0125 0 0.000815557)
(40.0124 0 0.00107148)
(40.0123 0 0.00135498)
(40.0122 0 0.00166756)
(40.012 0 0.00201016)
(40.0119 0 0.00238282)
(40.0116 0 0.00278432)
(40.0114 0 0.00321163)
(40.011 0 0.0036594)
(40.0106 0 0.00411932)
(40.0101 0 0.00457962)
(40.0096 0 0.00502475)
(40.0089 0 0.00543545)
(40.0082 0 0.0057895)
(40.0073 0 0.00606323)
(40.0064 0 0.00623387)
(40.0055 0 0.00628267)
(40.0046 0 0.00619814)
(40.0037 0 0.00597879)
(40.0028 0 0.00563455)
(40.0021 0 0.00518628)
(40.0015 0 0.0046632)
(40.001 0 0.00409887)
(40.0006 0 0.00352657)
(40.0003 0 0.00297522)
(40.0002 0 0.00246669)
(40.0001 0 0.00201468)
(40.0001 0 0.00162528)
(40.0001 0 0.00129839)
(40.0002 0 0.00102961)
(40.0002 0 0.000812062)
(40.0003 0 0.000637993)
(40.0004 0 0.000499835)
(40.0004 0 0.000390767)
(40.0005 0 0.000304995)
(40.0005 0 0.000237751)
(40.0005 0 0.000185298)
(40.0005 0 0.000144459)
(40.0006 0 0.00011361)
(40.0006 0 8.91531e-05)
(40.0006 0 7.80272e-05)
(40.0006 0 6.036e-05)
(40.0094 0 -0.000638884)
(40.0094 0 -0.000574798)
(40.0094 0 -0.000502773)
(40.0094 0 -0.000421808)
(40.0094 0 -0.000330806)
(40.0094 0 -0.000228575)
(40.0093 0 -0.000113821)
(40.0093 0 1.48526e-05)
(40.0093 0 0.000158929)
(40.0093 0 0.000319953)
(40.0092 0 0.000499478)
(40.0092 0 0.000699003)
(40.0091 0 0.000919863)
(40.009 0 0.00116309)
(40.0089 0 0.00142919)
(40.0088 0 0.00171789)
(40.0086 0 0.00202781)
(40.0084 0 0.00235602)
(40.0081 0 0.00269762)
(40.0078 0 0.00304527)
(40.0074 0 0.00338884)
(40.007 0 0.00371532)
(40.0065 0 0.00400904)
(40.0059 0 0.00425254)
(40.0053 0 0.00442801)
(40.0046 0 0.00451948)
(40.0039 0 0.00451518)
(40.0032 0 0.00441006)
(40.0026 0 0.00420727)
(40.002 0 0.00391862)
(40.0015 0 0.0035633)
(40.0011 0 0.00316523)
(40.0008 0 0.00274971)
(40.0005 0 0.00234002)
(40.0004 0 0.00195487)
(40.0003 0 0.00160707)
(40.0003 0 0.00130343)
(40.0003 0 0.00104565)
(40.0003 0 0.000831625)
(40.0003 0 0.000656955)
(40.0004 0 0.000516248)
(40.0004 0 0.000403984)
(40.0005 0 0.000315066)
(40.0005 0 0.00024506)
(40.0005 0 0.000190346)
(40.0005 0 0.000147799)
(40.0006 0 0.00011568)
(40.0006 0 9.06716e-05)
(40.0006 0 7.84441e-05)
(40.0006 0 6.21377e-05)
(40.007 0 -0.000650345)
(40.007 0 -0.000610952)
(40.007 0 -0.000566671)
(40.007 0 -0.000516871)
(40.007 0 -0.000460855)
(40.007 0 -0.000397859)
(40.007 0 -0.000327037)
(40.007 0 -0.000247462)
(40.007 0 -0.000158126)
(40.0069 0 -5.79447e-05)
(40.0069 0 5.42259e-05)
(40.0069 0 0.000179564)
(40.0069 0 0.000319244)
(40.0068 0 0.00047437)
(40.0068 0 0.000645888)
(40.0067 0 0.000834451)
(40.0066 0 0.00104025)
(40.0065 0 0.00126279)
(40.0064 0 0.00150057)
(40.0062 0 0.00175083)
(40.006 0 0.0020091)
(40.0058 0 0.00226897)
(40.0055 0 0.00252183)
(40.0051 0 0.00275694)
(40.0047 0 0.00296179)
(40.0043 0 0.003123)
(40.0038 0 0.00322768)
(40.0033 0 0.00326524)
(40.0028 0 0.00322924)
(40.0023 0 0.00311898)
(40.0019 0 0.00294021)
(40.0015 0 0.00270479)
(40.0011 0 0.00242912)
(40.0009 0 0.00213179)
(40.0007 0 0.00183093)
(40.0005 0 0.00154203)
(40.0004 0 0.00127646)
(40.0004 0 0.00104109)
(40.0004 0 0.000838672)
(40.0004 0 0.000668747)
(40.0004 0 0.000528813)
(40.0004 0 0.00041529)
(40.0005 0 0.000324284)
(40.0005 0 0.000252048)
(40.0005 0 0.000195311)
(40.0005 0 0.000151145)
(40.0005 0 0.00011778)
(40.0006 0 9.22113e-05)
(40.0006 0 7.89355e-05)
(40.0006 0 6.39286e-05)
(40.0052 0 -0.000588013)
(40.0052 0 -0.000563831)
(40.0052 0 -0.000536656)
(40.0052 0 -0.000506097)
(40.0052 0 -0.00047172)
(40.0052 0 -0.000433042)
(40.0052 0 -0.000389527)
(40.0052 0 -0.000340579)
(40.0052 0 -0.00028554)
(40.0052 0 -0.00022369)
(40.0052 0 -0.000154247)
(40.0052 0 -7.63775e-05)
(40.0052 0 1.07933e-05)
(40.0052 0 0.000108157)
(40.0052 0 0.000216586)
(40.0051 0 0.000336876)
(40.0051 0 0.000469666)
(40.005 0 0.000615326)
(40.005 0 0.000773807)
(40.0049 0 0.000944449)
(40.0048 0 0.00112574)
(40.0046 0 0.00131508)
(40.0045 0 0.00150849)
(40.0043 0 0.0017004)
(40.004 0 0.00188361)
(40.0038 0 0.00204941)
(40.0035 0 0.00218805)
(40.0031 0 0.00228959)
(40.0028 0 0.00234514)
(40.0024 0 0.00234826)
(40.002 0 0.00229626)
(40.0017 0 0.00219112)
(40.0014 0 0.00203961)
(40.0011 0 0.00185246)
(40.0009 0 0.00164287)
(40.0007 0 0.00142453)
(40.0006 0 0.00120984)
(40.0005 0 0.00100854)
(40.0005 0 0.00082709)
(40.0005 0 0.00066878)
(40.0005 0 0.000534293)
(40.0005 0 0.00042249)
(40.0005 0 0.000331182)
(40.0005 0 0.000257723)
(40.0005 0 0.000199494)
(40.0005 0 0.000153963)
(40.0005 0 0.000119465)
(40.0005 0 9.33502e-05)
(40.0005 0 7.91067e-05)
(40.0005 0 6.52374e-05)
(40.004 0 -0.000497385)
(40.004 0 -0.000482546)
(40.004 0 -0.000465885)
(40.004 0 -0.00044716)
(40.004 0 -0.000426103)
(40.004 0 -0.000402414)
(40.004 0 -0.000375758)
(40.004 0 -0.00034576)
(40.004 0 -0.000312003)
(40.004 0 -0.000274024)
(40.004 0 -0.000231312)
(40.004 0 -0.000183312)
(40.004 0 -0.000129421)
(40.0039 0 -6.90015e-05)
(40.0039 0 -1.39067e-06)
(40.0039 0 7.40775e-05)
(40.0039 0 0.000158039)
(40.0039 0 0.000251048)
(40.0038 0 0.000353511)
(40.0038 0 0.000465583)
(40.0038 0 0.000587046)
(40.0037 0 0.000717143)
(40.0036 0 0.000854397)
(40.0035 0 0.000996406)
(40.0034 0 0.00113966)
(40.0032 0 0.00127944)
(40.003 0 0.00140979)
(40.0028 0 0.00152381)
(40.0026 0 0.00161408)
(40.0023 0 0.00167354)
(40.0021 0 0.0016964)
(40.0018 0 0.00167926)
(40.0015 0 0.00162191)
(40.0013 0 0.00152774)
(40.0011 0 0.00140338)
(40.0009 0 0.00125785)
(40.0008 0 0.00110121)
(40.0007 0 0.00094308)
(40.0006 0 0.000791529)
(40.0005 0 0.000652386)
(40.0005 0 0.000529114)
(40.0005 0 0.000423101)
(40.0005 0 0.000334183)
(40.0005 0 0.000261193)
(40.0005 0 0.000202493)
(40.0005 0 0.000156196)
(40.0005 0 0.000120922)
(40.0005 0 9.44474e-05)
(40.0005 0 7.9456e-05)
(40.0005 0 6.66596e-05)
(40.003 0 -0.000401844)
(40.003 0 -0.000392745)
(40.003 0 -0.00038254)
(40.003 0 -0.000371083)
(40.003 0 -0.000358208)
(40.003 0 -0.000343732)
(40.003 0 -0.000327449)
(40.003 0 -0.000309125)
(40.003 0 -0.0002885)
(40.003 0 -0.000265284)
(40.003 0 -0.000239153)
(40.003 0 -0.000209749)
(40.003 0 -0.000176679)
(40.003 0 -0.000139513)
(40.003 0 -9.77933e-05)
(40.003 0 -5.10349e-05)
(40.003 0 1.25881e-06)
(40.003 0 5.95772e-05)
(40.003 0 0.000124372)
(40.003 0 0.000196015)
(40.0029 0 0.000274732)
(40.0029 0 0.000360524)
(40.0029 0 0.000453059)
(40.0028 0 0.000551538)
(40.0027 0 0.000654551)
(40.0027 0 0.000759933)
(40.0026 0 0.000864638)
(40.0024 0 0.000964705)
(40.0023 0 0.00105534)
(40.0021 0 0.00113118)
(40.0019 0 0.00118681)
(40.0018 0 0.00121741)
(40.0016 0 0.00121955)
(40.0014 0 0.00119192)
(40.0012 0 0.00113577)
(40.001 0 0.00105493)
(40.0009 0 0.000955311)
(40.0008 0 0.000844053)
(40.0007 0 0.000728453)
(40.0006 0 0.000615021)
(40.0006 0 0.000508835)
(40.0005 0 0.000413282)
(40.0005 0 0.000330152)
(40.0005 0 0.000259929)
(40.0005 0 0.00020222)
(40.0005 0 0.000156035)
(40.0005 0 0.000120487)
(40.0005 0 9.38797e-05)
(40.0005 0 7.83506e-05)
(40.0005 0 6.64065e-05)
(40.0023 0 -0.000312136)
(40.0023 0 -0.000306565)
(40.0023 0 -0.000300327)
(40.0023 0 -0.000293334)
(40.0023 0 -0.000285484)
(40.0023 0 -0.000276665)
(40.0023 0 -0.000266753)
(40.0023 0 -0.000255604)
(40.0023 0 -0.000243059)
(40.0023 0 -0.000228938)
(40.0023 0 -0.000213039)
(40.0023 0 -0.000195139)
(40.0023 0 -0.000174988)
(40.0023 0 -0.000152311)
(40.0023 0 -0.000126805)
(40.0023 0 -9.81435e-05)
(40.0023 0 -6.59792e-05)
(40.0023 0 -2.99487e-05)
(40.0023 0 1.03145e-05)
(40.0023 0 5.51623e-05)
(40.0023 0 0.000104905)
(40.0023 0 0.000159772)
(40.0023 0 0.00021986)
(40.0022 0 0.000285059)
(40.0022 0 0.000354967)
(40.0022 0 0.000428784)
(40.0021 0 0.000505199)
(40.002 0 0.000582293)
(40.002 0 0.00065747)
(40.0019 0 0.000727472)
(40.0017 0 0.000788519)
(40.0016 0 0.000836578)
(40.0015 0 0.000867827)
(40.0013 0 0.000879199)
(40.0012 0 0.000868958)
(40.0011 0 0.000837136)
(40.0009 0 0.000785698)
(40.0008 0 0.000718348)
(40.0007 0 0.000640009)
(40.0007 0 0.000556087)
(40.0006 0 0.000471733)
(40.0005 0 0.000391263)
(40.0005 0 0.000317838)
(40.0005 0 0.000253411)
(40.0005 0 0.000198891)
(40.0005 0 0.000154336)
(40.0005 0 0.000119544)
(40.0005 0 9.3441e-05)
(40.0005 0 7.78725e-05)
(40.0004 0 6.68236e-05)
(40.0018 0 -0.000232589)
(40.0018 0 -0.000229197)
(40.0018 0 -0.000225408)
(40.0018 0 -0.000221166)
(40.0018 0 -0.000216412)
(40.0018 0 -0.000211078)
(40.0018 0 -0.000205088)
(40.0018 0 -0.000198358)
(40.0018 0 -0.000190789)
(40.0018 0 -0.000182273)
(40.0018 0 -0.000172688)
(40.0018 0 -0.000161895)
(40.0018 0 -0.00014974)
(40.0018 0 -0.000136052)
(40.0018 0 -0.00012064)
(40.0018 0 -0.000103294)
(40.0018 0 -8.37864e-05)
(40.0018 0 -6.18698e-05)
(40.0018 0 -3.72847e-05)
(40.0018 0 -9.76403e-06)
(40.0018 0 2.09563e-05)
(40.0018 0 5.51204e-05)
(40.0018 0 9.29289e-05)
(40.0018 0 0.000134505)
(40.0017 0 0.000179847)
(40.0017 0 0.000228772)
(40.0017 0 0.000280843)
(40.0017 0 0.000335283)
(40.0016 0 0.000390903)
(40.0016 0 0.000446031)
(40.0015 0 0.000498497)
(40.0014 0 0.000545683)
(40.0013 0 0.000584681)
(40.0012 0 0.000612569)
(40.0011 0 0.000626793)
(40.001 0 0.000625595)
(40.0009 0 0.000608391)
(40.0008 0 0.000576005)
(40.0007 0 0.000530645)
(40.0007 0 0.000475626)
(40.0006 0 0.000414894)
(40.0005 0 0.000352469)
(40.0005 0 0.000291953)
(40.0005 0 0.000236192)
(40.0004 0 0.000187151)
(40.0004 0 0.000145901)
(40.0004 0 0.000113018)
(40.0004 0 8.81259e-05)
(40.0004 0 7.30037e-05)
(40.0004 0 6.28929e-05)
(40.0014 0 -0.000163935)
(40.0014 0 -0.000161898)
(40.0014 0 -0.000159627)
(40.0014 0 -0.00015709)
(40.0014 0 -0.000154252)
(40.0014 0 -0.000151074)
(40.0014 0 -0.000147509)
(40.0014 0 -0.000143508)
(40.0014 0 -0.000139013)
(40.0014 0 -0.00013396)
(40.0014 0 -0.000128275)
(40.0014 0 -0.000121875)
(40.0014 0 -0.000114669)
(40.0014 0 -0.000106552)
(40.0014 0 -9.74077e-05)
(40.0014 0 -8.71071e-05)
(40.0014 0 -7.55071e-05)
(40.0014 0 -6.24505e-05)
(40.0014 0 -4.77672e-05)
(40.0014 0 -3.12755e-05)
(40.0014 0 -1.2786e-05)
(40.0014 0 7.89232e-06)
(40.0014 0 3.09426e-05)
(40.0014 0 5.65252e-05)
(40.0014 0 8.47561e-05)
(40.0013 0 0.000115678)
(40.0013 0 0.000149223)
(40.0013 0 0.000185161)
(40.0013 0 0.000223044)
(40.0013 0 0.000262147)
(40.0012 0 0.000301414)
(40.0012 0 0.000339423)
(40.0011 0 0.000374403)
(40.0011 0 0.000404309)
(40.001 0 0.000426991)
(40.0009 0 0.000440442)
(40.0009 0 0.000443109)
(40.0008 0 0.000434198)
(40.0007 0 0.00041391)
(40.0006 0 0.000383506)
(40.0006 0 0.000345196)
(40.0005 0 0.000301837)
(40.0005 0 0.000256527)
(40.0004 0 0.0002122)
(40.0004 0 0.000171311)
(40.0004 0 0.000135619)
(40.0003 0 0.000106357)
(40.0003 0 8.38003e-05)
(40.0003 0 6.98085e-05)
(40.0003 0 6.05801e-05)
(40.001 0 -0.000105997)
(40.001 0 -0.000104819)
(40.001 0 -0.00010351)
(40.001 0 -0.000102052)
(40.001 0 -0.000100424)
(40.001 0 -9.86034e-05)
(40.001 0 -9.65654e-05)
(40.001 0 -9.4281e-05)
(40.001 0 -9.17178e-05)
(40.001 0 -8.8839e-05)
(40.001 0 -8.56028e-05)
(40.001 0 -8.19622e-05)
(40.001 0 -7.78642e-05)
(40.001 0 -7.32489e-05)
(40.001 0 -6.8049e-05)
(40.001 0 -6.2189e-05)
(40.001 0 -5.55847e-05)
(40.001 0 -4.81427e-05)
(40.001 0 -3.97599e-05)
(40.001 0 -3.03238e-05)
(40.001 0 -1.97136e-05)
(40.001 0 -7.80203e-06)
(40.001 0 5.5414e-06)
(40.001 0 2.04443e-05)
(40.001 0 3.70227e-05)
(40.001 0 5.5368e-05)
(40.001 0 7.55288e-05)
(40.001 0 9.74859e-05)
(40.001 0 0.000121121)
(40.001 0 0.000146177)
(40.0009 0 0.000172218)
(40.0009 0 0.000198584)
(40.0009 0 0.000224364)
(40.0009 0 0.000248388)
(40.0008 0 0.000269269)
(40.0008 0 0.000285495)
(40.0007 0 0.000295591)
(40.0007 0 0.000298339)
(40.0006 0 0.000293007)
(40.0005 0 0.000279559)
(40.0005 0 0.000258753)
(40.0004 0 0.00023211)
(40.0004 0 0.000201717)
(40.0003 0 0.000169939)
(40.0003 0 0.000139086)
(40.0003 0 0.000111099)
(40.0002 0 8.75279e-05)
(40.0002 0 6.91026e-05)
(40.0002 0 5.7605e-05)
(40.0002 0 5.03863e-05)
(40.0007 0 -5.81835e-05)
(40.0007 0 -5.75603e-05)
(40.0007 0 -5.68697e-05)
(40.0007 0 -5.61021e-05)
(40.0007 0 -5.52468e-05)
(40.0007 0 -5.42923e-05)
(40.0007 0 -5.32252e-05)
(40.0007 0 -5.20307e-05)
(40.0007 0 -5.06916e-05)
(40.0007 0 -4.91887e-05)
(40.0007 0 -4.75002e-05)
(40.0007 0 -4.56011e-05)
(40.0007 0 -4.34635e-05)
(40.0007 0 -4.10555e-05)
(40.0007 0 -3.8341e-05)
(40.0007 0 -3.52796e-05)
(40.0007 0 -3.18255e-05)
(40.0007 0 -2.79274e-05)
(40.0007 0 -2.35282e-05)
(40.0007 0 -1.85646e-05)
(40.0007 0 -1.29669e-05)
(40.0007 0 -6.65968e-06)
(40.0007 0 4.37197e-07)
(40.0007 0 8.40698e-06)
(40.0007 0 1.73325e-05)
(40.0007 0 2.72914e-05)
(40.0007 0 3.83479e-05)
(40.0007 0 5.05425e-05)
(40.0007 0 6.38764e-05)
(40.0007 0 7.82916e-05)
(40.0006 0 9.36468e-05)
(40.0006 0 0.000109689)
(40.0006 0 0.000126024)
(40.0006 0 0.000142095)
(40.0006 0 0.000157171)
(40.0005 0 0.000170365)
(40.0005 0 0.00018069)
(40.0005 0 0.000187158)
(40.0004 0 0.000188927)
(40.0004 0 0.000185463)
(40.0003 0 0.000176694)
(40.0003 0 0.000163101)
(40.0002 0 0.00014571)
(40.0002 0 0.000125962)
(40.0001 0 0.000105516)
(40.0001 0 8.59762e-05)
(40.0001 0 6.87938e-05)
(40 0 5.4859e-05)
(40 0 4.58532e-05)
(40 0 4.00143e-05)
(40.0003 0 -1.67273e-05)
(40.0003 0 -1.65206e-05)
(40.0003 0 -1.62922e-05)
(40.0003 0 -1.60389e-05)
(40.0003 0 -1.57571e-05)
(40.0003 0 -1.54431e-05)
(40.0003 0 -1.50925e-05)
(40.0003 0 -1.47003e-05)
(40.0003 0 -1.4261e-05)
(40.0003 0 -1.37681e-05)
(40.0003 0 -1.32144e-05)
(40.0003 0 -1.25916e-05)
(40.0003 0 -1.18903e-05)
(40.0003 0 -1.10998e-05)
(40.0003 0 -1.02079e-05)
(40.0003 0 -9.20075e-06)
(40.0003 0 -8.06275e-06)
(40.0003 0 -6.77616e-06)
(40.0003 0 -5.32104e-06)
(40.0003 0 -3.67502e-06)
(40.0003 0 -1.8132e-06)
(40.0003 0 2.91883e-07)
(40.0003 0 2.67011e-06)
(40.0003 0 5.35344e-06)
(40.0003 0 8.37511e-06)
(40.0003 0 1.17684e-05)
(40.0003 0 1.55644e-05)
(40.0003 0 1.9789e-05)
(40.0003 0 2.44584e-05)
(40.0003 0 2.95728e-05)
(40.0003 0 3.5108e-05)
(40.0003 0 4.10057e-05)
(40.0003 0 4.71615e-05)
(40.0003 0 5.34136e-05)
(40.0003 0 5.95337e-05)
(40.0002 0 6.52239e-05)
(40.0002 0 7.01264e-05)
(40.0002 0 7.38485e-05)
(40.0001 0 7.60075e-05)
(40.0001 0 7.62929e-05)
(40.0001 0 7.45329e-05)
(40 0 7.07553e-05)
(40 0 6.52126e-05)
(39.9999 0 5.8365e-05)
(39.9999 0 5.08203e-05)
(39.9998 0 4.32292e-05)
(39.9998 0 3.62416e-05)
(39.9998 0 3.02978e-05)
(39.9997 0 2.62496e-05)
(39.9997 0 2.33094e-05)
(33.4786 -4.20696e-16 6.58744)
(26.9056 -1.47123e-20 5.25871)
(25.5286 1.67423e-20 5.04915)
(24.2952 -1.98243e-20 4.82722)
(23.655 1.30702e-20 4.71432)
(23.2178 3.8139e-17 4.63737)
(22.9037 0 4.58187)
(22.6062 2.19483e-17 4.52748)
(22.2628 2.78181e-17 4.46253)
(21.8678 2.7735e-18 4.38749)
(21.4999 1.74342e-18 4.31986)
(21.228 6.79609e-18 4.27351)
(21.098 -1.22707e-17 4.25586)
(21.0744 3.52182e-20 4.25907)
(21.1414 -1.19229e-17 4.27969)
(21.2611 3.11568e-20 4.30976)
(21.3818 8.78354e-18 4.33834)
(21.4422 1.0111e-17 4.35378)
(21.3981 -1.1635e-17 4.35062)
(21.2868 4.94324e-20 4.33944)
(21.1811 0 4.33461)
(21.1131 0 4.3411)
(21.1091 9.12496e-18 4.3615)
(21.146 2.00138e-17 4.39087)
(21.2298 2.51131e-21 4.43157)
(21.3667 8.76315e-20 4.4851)
(21.5594 6.17673e-18 4.55201)
(21.8082 -6.38089e-18 4.63221)
(22.1091 -3.43937e-18 4.72471)
(22.4536 -3.45835e-18 4.82768)
(22.833 0 4.93912)
(23.2377 7.3827e-18 5.05663)
(23.657 1.89653e-18 5.17736)
(24.0787 -2.47714e-19 5.29825)
(24.4894 2.46447e-19 5.41623)
(24.8824 -2.61654e-19 5.52838)
(25.2509 5.30509e-19 5.63121)
(25.5756 -1.63898e-18 5.72142)
(25.8431 2.78079e-19 5.79876)
(26.0491 0 5.86488)
(26.2106 0 5.9245)
(26.3398 0 5.97948)
(26.4356 -3.25042e-19 6.02944)
(26.4992 -8.06418e-21 6.07523)
(26.5317 -8.23118e-21 6.11769)
(26.5341 -3.99984e-21 6.15893)
(26.5066 3.81868e-19 6.20294)
(26.4471 -3.91231e-19 6.2552)
(26.3505 -4.19496e-19 6.32142)
(26.2084 -2.23146e-19 6.40244)
(26.0132 2.34848e-19 6.4896)
(25.7558 -5.03244e-19 6.55878)
(25.436 -8.13843e-21 6.56755)
(25.0702 -1.51706e-19 6.46732)
(24.687 -1.00489e-20 6.21242)
(24.3118 -1.96251e-19 5.7215)
(23.9824 0 4.84711)
(23.7664 1.41996e-19 3.53518)
(23.863 2.75838e-21 2.25204)
(24.4983 0 1.53548)
(41.0483 2.20638e-16 8.18355)
(33.5917 0 6.64194)
(32.1032 7.05366e-21 6.39009)
(30.6428 -7.89151e-21 6.10658)
(29.892 0 5.96532)
(29.4109 2.12696e-21 5.87412)
(29.1098 0 5.81656)
(28.8811 0 5.77123)
(28.657 -7.57603e-18 5.72487)
(28.3954 -3.13847e-18 5.67126)
(28.1948 -1.0669e-18 5.63313)
(28.2117 -4.28167e-18 5.64033)
(28.372 0 5.67428)
(28.5912 1.30776e-20 5.7173)
(28.8084 7.78378e-18 5.75786)
(29.0051 1.74662e-20 5.79235)
(29.1768 -5.76337e-18 5.81934)
(29.3304 -6.49297e-18 5.84071)
(29.4757 5.54716e-21 5.86007)
(29.6337 -6.29424e-20 5.88382)
(29.8362 0 5.91841)
(30.0792 0 5.96141)
(30.3486 -5.67893e-18 6.00869)
(30.638 1.42532e-20 6.05848)
(30.9272 -6.46193e-18 6.10735)
(31.2025 -3.60301e-18 6.15268)
(31.4533 3.81805e-18 6.19254)
(31.6713 5.36154e-21 6.22521)
(31.8509 -1.31726e-19 6.24941)
(31.989 1.36934e-19 6.26418)
(32.083 2.11403e-18 6.26861)
(32.1316 -2.35075e-18 6.26204)
(32.135 -1.57192e-19 6.24435)
(32.0951 1.59202e-19 6.2162)
(32.0161 0 6.17858)
(31.9008 1.42847e-18 6.13187)
(31.7583 -5.59279e-19 6.07714)
(31.6005 -1.93488e-19 6.01748)
(31.4372 0 5.95666)
(31.2722 -8.61886e-19 5.89772)
(31.0957 2.28321e-19 5.8379)
(30.9021 -2.32754e-19 5.77351)
(30.6942 0 5.70399)
(30.4728 0 5.6288)
(30.2381 2.74195e-19 5.54787)
(29.9882 -2.93116e-19 5.46206)
(29.718 3.02813e-19 5.37307)
(29.4185 0 5.28194)
(29.078 -1.80581e-19 5.18623)
(28.6857 0 5.07689)
(28.2369 0 4.93663)
(27.7392 -2.36236e-19 4.74046)
(27.2153 3.58857e-19 4.45966)
(26.7032 7.14033e-19 4.07174)
(26.248 -3.22771e-19 3.57288)
(25.8918 -1.9265e-19 2.97216)
(25.6684 6.38812e-19 2.26306)
(25.6108 -2.55849e-19 1.49623)
(25.7236 -1.40113e-19 1.09126)
(25.8988 0 1.48455)
(44.2681 0 8.73145)
(36.6973 6.54981e-21 7.21757)
(35.258 -7.18447e-21 7.00482)
(33.8339 0 6.7314)
(33.0995 3.70971e-17 6.59881)
(32.6546 9.36137e-22 6.5179)
(32.4103 0 6.47375)
(32.264 0 6.44622)
(32.1735 -6.00232e-18 6.42838)
(32.1318 2.53176e-18 6.42235)
(32.1867 1.8154e-18 6.43963)
(32.3413 4.97652e-21 6.47809)
(32.5203 6.94441e-18 6.51949)
(32.7058 5.3371e-21 6.55996)
(32.8867 -2.40791e-20 6.59828)
(33.0652 0 6.63553)
(33.2554 5.03171e-18 6.67479)
(33.4704 -4.76195e-20 6.7195)
(33.7127 -6.45035e-18 6.77275)
(33.9546 7.18966e-18 6.83213)
(34.1545 4.12383e-18 6.88861)
(34.2918 -6.5929e-20 6.93547)
(34.3597 -7.61155e-20 6.96872)
(34.3684 -4.99008e-18 6.9894)
(34.324 5.42654e-18 6.99924)
(34.2339 2.98039e-18 6.99992)
(34.1053 -3.1608e-18 6.99279)
(33.945 -1.03963e-19 6.97894)
(33.7594 9.99866e-20 6.95929)
(33.5545 0 6.93461)
(33.3354 -2.14932e-18 6.9055)
(33.1066 2.46232e-19 6.87252)
(32.8718 -2.67731e-19 6.83598)
(32.634 2.71186e-19 6.79602)
(32.3951 -1.15933e-18 6.75286)
(32.1557 3.13077e-19 6.70635)
(31.9129 -1.21928e-21 6.65615)
(31.6682 3.24567e-19 6.6023)
(31.4209 -3.48601e-19 6.54493)
(31.1701 1.4337e-18 6.48397)
(30.9149 -3.69653e-19 6.41934)
(30.6549 3.97139e-19 6.35091)
(30.3891 -4.04813e-19 6.27851)
(30.1161 0 6.20248)
(29.8328 6.89061e-19 6.12376)
(29.5335 -7.11246e-19 6.04271)
(29.2108 -5.12556e-19 5.95665)
(28.8568 8.01906e-19 5.8566)
(28.4677 -3.00505e-19 5.72506)
(28.0481 9.27685e-19 5.53675)
(27.6141 -1.73973e-19 5.26355)
(27.1944 1.8141e-19 4.88251)
(26.825 -2.05262e-19 4.38421)
(26.5433 -2.26866e-19 3.77924)
(26.38 1.29562e-19 3.10128)
(26.3519 0 2.39794)
(26.4561 1.57121e-19 1.70137)
(26.6727 -3.8017e-19 1.04114)
(26.9715 4.56251e-19 0.641519)
(27.257 -2.91732e-19 0.855997)
(46.8223 -1.88486e-16 9.14681)
(39.2954 0 7.668)
(37.8914 0 7.50805)
(36.6504 0 7.27641)
(36.0147 6.27225e-21 7.17096)
(35.658 -1.28639e-20 7.11222)
(35.5016 -1.21077e-17 7.08895)
(35.4568 -8.73468e-18 7.08423)
(35.5139 1.09598e-17 7.09801)
(35.648 -1.13213e-18 7.12901)
(35.8241 -7.96974e-19 7.17274)
(35.915 4.07047e-21 7.20039)
(35.9627 1.83359e-20 7.21593)
(36.0085 4.40366e-18 7.22685)
(36.0647 0 7.23661)
(36.122 0 7.24433)
(36.1635 -4.34928e-18 7.24617)
(36.1699 4.95985e-18 7.23772)
(36.1271 1.15461e-17 7.21683)
(36.0249 -6.36292e-18 7.18396)
(35.8645 -3.4948e-18 7.14021)
(35.6674 -3.81367e-18 7.08909)
(35.4488 0 7.03317)
(35.2184 0 6.97428)
(34.9819 -4.73393e-18 6.91402)
(34.7422 2.68552e-18 6.85337)
(34.5011 -3.3475e-19 6.79275)
(34.2593 3.18879e-18 6.73227)
(34.0172 1.30771e-18 6.67185)
(33.7749 -2.00825e-19 6.61127)
(33.5321 2.02802e-19 6.5503)
(33.2886 1.73505e-18 6.48838)
(33.0441 0 6.42506)
(32.7985 0 6.36006)
(32.5516 9.86559e-19 6.29305)
(32.3034 -2.06579e-18 6.22365)
(32.0539 -2.74229e-19 6.15172)
(31.8026 2.77553e-19 6.0776)
(31.5486 0 6.0012)
(31.2904 0 5.92163)
(31.0271 3.25769e-19 5.83767)
(30.7573 3.46577e-19 5.74855)
(30.479 3.63607e-19 5.6539)
(30.1885 -3.65326e-19 5.5531)
(29.8812 6.26411e-21 5.44404)
(29.5513 6.24141e-19 5.32115)
(29.1955 -4.33156e-19 5.17345)
(28.8153 -2.31505e-19 4.98436)
(28.4214 0 4.73429)
(28.0343 3.65589e-21 4.40632)
(27.6825 -4.529e-19 3.99281)
(27.3968 1.4498e-18 3.50025)
(27.2032 -5.25275e-19 2.95008)
(27.117 1.93797e-19 2.37614)
(27.1397 0 1.8202)
(27.2582 4.58248e-19 1.32104)
(27.4436 -5.14034e-19 0.889859)
(27.6607 1.40296e-19 0.515982)
(27.8879 0 0.318228)
(28.086 0 0.553462)
(49.3374 4.20802e-16 9.54631)
(42.0588 0 8.13636)
(40.6291 1.33798e-20 8.02843)
(39.4594 -3.61347e-20 7.81884)
(38.8718 1.26194e-20 7.73169)
(38.4836 -3.43969e-17 7.67162)
(38.2638 -1.32947e-21 7.63952)
(38.1456 8.96907e-18 7.62352)
(38.1017 -6.39309e-21 7.62103)
(38.0942 -3.21983e-21 7.6261)
(38.0593 -7.18461e-21 7.62636)
(37.9759 2.1579e-20 7.6175)
(37.8576 -4.9764e-18 7.6009)
(37.6994 -1.42195e-20 7.57511)
(37.501 0 7.54004)
(37.2693 6.1964e-18 7.4972)
(37.0129 0 7.44815)
(36.7431 -4.29525e-18 7.39515)
(36.4694 -9.65488e-18 7.34109)
(36.1968 5.34315e-18 7.28858)
(35.9271 0 7.23855)
(35.6609 3.23657e-18 7.19044)
(35.3985 0 7.14308)
(35.1397 0 7.09589)
(34.8844 2.0027e-18 7.04874)
(34.6318 -2.26532e-18 7.00137)
(34.3813 2.25678e-18 6.9534)
(34.1321 1.55136e-19 6.90425)
(33.8839 -1.25963e-18 6.85334)
(33.6361 0 6.80013)
(33.3883 -1.03626e-18 6.74409)
(33.1404 -1.80504e-18 6.68476)
(32.8919 0 6.62172)
(32.6426 0 6.55457)
(32.3923 0 6.48285)
(32.1407 8.62915e-19 6.4061)
(31.8877 0 6.32413)
(31.6324 0 6.23689)
(31.3737 0 6.14413)
(31.1102 0 6.04511)
(30.8404 5.45163e-19 5.93881)
(30.5621 -5.51613e-19 5.82392)
(30.2729 3.05706e-19 5.69823)
(29.9696 -6.12368e-19 5.5574)
(29.6503 4.36938e-21 5.39376)
(29.3163 -7.06868e-19 5.19575)
(28.9741 1.66706e-18 4.94928)
(28.6378 -9.77065e-19 4.64121)
(28.3277 -2.10924e-19 4.26427)
(28.0672 -6.85091e-19 3.82144)
(27.8779 4.8603e-19 3.32765)
(27.7736 -1.17223e-18 2.8078)
(27.7576 -4.16146e-19 2.29151)
(27.8219 2.81006e-21 1.80724)
(27.9498 4.88918e-19 1.37826)
(28.1193 0 1.01754)
(28.3053 0 0.715326)
(28.4872 -1.10897e-19 0.446785)
(28.661 0 0.278712)
(28.8104 1.45464e-19 0.39052)
(51.3447 -2.09521e-16 9.82437)
(44.6068 0 8.5518)
(43.2307 3.0416e-20 8.52027)
(41.9983 -3.2767e-20 8.30962)
(41.3211 -4.8704e-17 8.21201)
(40.7469 1.94101e-17 8.11846)
(40.3005 2.91095e-17 8.04253)
(39.9321 -1.01729e-17 7.97534)
(39.6145 -1.21443e-17 7.91381)
(39.3233 -1.15606e-18 7.85592)
(39.014 -6.76237e-21 7.79458)
(38.6938 7.12038e-21 7.7303)
(38.3669 4.80391e-18 7.66257)
(38.039 -3.3957e-18 7.59234)
(37.7154 -3.12137e-20 7.52095)
(37.3995 -5.42646e-18 7.44913)
(37.0932 -5.3486e-20 7.37698)
(36.7978 5.44281e-20 7.30488)
(36.5129 4.27344e-18 7.23399)
(36.2368 -4.57525e-18 7.16549)
(35.9672 -1.51636e-19 7.09957)
(35.7025 -2.91822e-18 7.03561)
(35.4419 -1.16365e-20 6.97267)
(35.1849 -1.15134e-20 6.9104)
(34.9309 4.23377e-19 6.84879)
(34.679 -2.02059e-18 6.78767)
(34.4286 -2.14489e-18 6.7267)
(34.179 -1.76141e-18 6.66543)
(33.9295 1.05758e-18 6.6033)
(33.6798 2.84827e-19 6.5397)
(33.4296 2.05285e-18 6.47397)
(33.1785 -1.22994e-18 6.40542)
(32.9263 0 6.33344)
(32.6727 -3.42047e-19 6.2574)
(32.4174 3.45355e-19 6.17658)
(32.1604 7.35378e-19 6.0903)
(31.9011 -3.78781e-19 5.99803)
(31.6387 7.23768e-21 5.89916)
(31.3718 4.24639e-19 5.7927)
(31.0989 -8.74754e-19 5.67704)
(30.8185 4.51069e-19 5.5499)
(30.5291 -7.25904e-19 5.40771)
(30.2298 1.01012e-18 5.24494)
(29.922 -1.33106e-18 5.05375)
(29.6105 2.75303e-19 4.82453)
(29.3049 6.03326e-19 4.54794)
(29.0197 1.72634e-19 4.21806)
(28.7727 -1.00417e-18 3.83564)
(28.5809 1.59413e-18 3.41)
(28.4571 -3.7697e-19 2.95843)
(28.4063 2.01361e-19 2.5031)
(28.4248 0 2.06641)
(28.5011 -6.53781e-19 1.66641)
(28.6192 7.02862e-19 1.31425)
(28.7619 1.1283e-18 1.0145)
(28.9138 -5.41187e-19 0.76521)
(29.0616 5.85193e-19 0.552414)
(29.1969 -8.17099e-19 0.355379)
(29.3228 -1.82706e-19 0.217542)
(29.4319 -3.30083e-19 0.268616)
(52.2327 0 9.85377)
(46.0535 -3.10557e-20 8.74292)
(44.7168 3.93331e-20 8.77809)
(43.3661 -5.69995e-17 8.55287)
(42.5014 0 8.4249)
(41.744 -3.14974e-20 8.29703)
(41.1083 -2.85841e-17 8.18564)
(40.5433 1.00756e-17 8.08175)
(40.0378 6.05769e-18 7.98584)
(39.5778 1.10777e-18 7.8979)
(39.1534 1.29077e-20 7.81814)
(38.7564 -3.9921e-20 7.74457)
(38.382 -4.26607e-18 7.6744)
(38.027 -2.95929e-18 7.60648)
(37.6885 -3.90207e-18 7.54029)
(37.3642 0 7.47522)
(37.0527 0 7.4105)
(36.7532 0 7.346)
(36.4647 0 7.28258)
(36.1851 -1.26141e-19 7.22113)
(35.9123 2.65093e-19 7.16144)
(35.6445 -1.47083e-19 7.10264)
(35.3811 0 7.04365)
(35.1215 0 6.98402)
(34.865 0 6.92356)
(34.6109 -6.50838e-21 6.86197)
(34.3584 1.80992e-18 6.7988)
(34.1068 -2.06775e-19 6.73346)
(33.8555 -2.27742e-19 6.66537)
(33.6042 -2.48923e-19 6.59389)
(33.3523 -4.9884e-19 6.51835)
(33.0997 5.02866e-19 6.43806)
(32.8459 5.3056e-19 6.35232)
(32.5908 0 6.26039)
(32.334 -6.01213e-19 6.16147)
(32.0753 -6.35771e-19 6.05478)
(31.814 1.93368e-18 5.93952)
(31.5492 -1.33826e-18 5.81453)
(31.2798 0 5.67786)
(31.005 -7.49967e-19 5.52652)
(30.7248 7.62167e-19 5.35624)
(30.4406 0 5.16135)
(30.1563 0 4.93516)
(29.879 -6.86714e-19 4.67112)
(29.6192 6.98214e-19 4.36481)
(29.3898 1.00531e-18 4.01621)
(29.2042 -1.04163e-18 3.6313)
(29.0732 -4.09355e-19 3.22213)
(29.0023 -1.15244e-18 2.80511)
(28.9906 2.9236e-19 2.39786)
(29.0311 4.75063e-19 2.01587)
(29.1122 4.94264e-19 1.6699)
(29.2204 -5.23407e-19 1.36487)
(29.3429 5.35952e-19 1.10051)
(29.4692 -7.759e-19 0.87342)
(29.5919 4.13056e-19 0.678166)
(29.7054 -2.24544e-19 0.503946)
(29.8072 1.25298e-19 0.337308)
(29.9017 -4.24368e-19 0.206502)
(29.984 1.71086e-19 0.19749)
(52.1931 0 9.65326)
(46.4206 0 8.70736)
(44.9829 0 8.77977)
(43.5206 4.888e-17 8.54082)
(42.5906 0 8.40527)
(41.7929 -5.35103e-20 8.2697)
(41.1341 2.43192e-17 8.15257)
(40.5573 -8.53018e-18 8.04385)
(40.0466 5.10649e-18 7.94353)
(39.585 9.18472e-19 7.85073)
(39.1605 -9.40302e-22 7.76511)
(38.7643 0 7.68474)
(38.3911 -3.59143e-18 7.60719)
(38.0374 -4.5246e-20 7.53148)
(37.7003 3.16469e-18 7.45716)
(37.3773 5.642e-20 7.38377)
(37.067 0 7.31072)
(36.7685 2.79779e-18 7.23799)
(36.4807 1.76575e-20 7.16647)
(36.2013 2.85329e-18 7.09701)
(35.9283 2.14734e-19 7.0295)
(35.6602 3.87495e-18 6.96314)
(35.396 0 6.89699)
(35.1353 0 6.8306)
(34.8773 0 6.76369)
(34.6212 1.27085e-18 6.69583)
(34.3663 -1.34683e-18 6.62645)
(34.112 -3.65506e-19 6.55483)
(33.8578 -1.1442e-21 6.48018)
(33.6032 4.06011e-19 6.40165)
(33.348 0 6.31832)
(33.0918 -4.45154e-19 6.22925)
(32.8345 1.36633e-18 6.13345)
(32.5758 4.87549e-19 6.02987)
(32.3156 -4.92409e-19 5.91736)
(32.0536 5.2514e-19 5.79466)
(31.7893 0 5.66015)
(31.5225 8.66793e-19 5.51151)
(31.2535 -5.90026e-19 5.3454)
(30.9836 -9.50928e-19 5.15757)
(30.7162 6.47603e-19 4.94313)
(30.4568 -6.97901e-19 4.69739)
(30.2133 7.12255e-19 4.41717)
(29.9955 0 4.10225)
(29.8139 3.146e-21 3.75665)
(29.6771 -2.02911e-19 3.38891)
(29.5908 -4.27833e-19 3.01119)
(29.5555 4.44775e-19 2.63723)
(29.5671 -9.21727e-19 2.27993)
(29.6175 9.57451e-19 1.94921)
(29.6962 3.69772e-19 1.65086)
(29.7927 1.3291e-19 1.38648)
(29.8976 9.35132e-19 1.15421)
(30.0035 -1.27728e-18 0.950157)
(30.1057 0 0.769819)
(30.2009 0 0.608542)
(30.2873 -5.18275e-19 0.459491)
(30.3645 5.86705e-19 0.315172)
(30.4363 0 0.192402)
(30.4988 0 0.14174)
(51.9217 -2.64459e-20 9.37628)
(46.4506 5.4519e-17 8.59285)
(44.9834 -4.21185e-20 8.71766)
(43.5232 4.1046e-17 8.49189)
(42.5881 -7.52791e-20 8.36665)
(41.7881 4.45966e-20 8.23762)
(41.1272 -1.01547e-17 8.12619)
(40.5484 7.08961e-18 8.02241)
(40.0357 -4.2496e-18 7.92676)
(39.5718 -7.5514e-19 7.83854)
(39.145 0 7.75734)
(38.7466 0 7.6811)
(38.3714 3.03055e-18 7.60741)
(38.0157 4.24457e-18 7.5352)
(37.6768 0 7.46393)
(37.3521 0 7.39304)
(37.0402 3.73216e-18 7.3219)
(36.7401 -2.0677e-18 7.25048)
(36.4506 0 7.17952)
(36.1697 -2.73163e-18 7.10964)
(35.8951 0 7.04053)
(35.6255 -1.41561e-18 6.97135)
(35.36 -2.13179e-19 6.90122)
(35.098 -1.89343e-18 6.82963)
(34.8388 2.28206e-18 6.75622)
(34.5815 -2.61643e-19 6.68048)
(34.3254 -2.91598e-19 6.60176)
(34.0699 2.9413e-19 6.51928)
(33.8146 -6.40407e-19 6.43219)
(33.5591 -1.33593e-18 6.33952)
(33.3031 0 6.24025)
(33.0464 -7.51274e-19 6.1333)
(32.789 -1.10709e-20 6.01749)
(32.5308 0 5.89148)
(32.2719 0 5.75374)
(32.0124 -4.40896e-19 5.60234)
(31.753 -9.4111e-19 5.43479)
(31.4951 -3.01892e-20 5.24791)
(31.2413 2.27767e-18 5.0381)
(30.9962 2.93411e-19 4.80192)
(30.7661 -2.20967e-18 4.53703)
(30.5584 1.13962e-18 4.2433)
(30.3815 0 3.92363)
(30.2425 -1.25521e-18 3.58433)
(30.1463 1.76698e-18 3.23459)
(30.0945 3.33968e-19 2.88524)
(30.0847 -1.37077e-18 2.54695)
(30.1112 -1.79653e-19 2.22858)
(30.1662 -1.72496e-19 1.93606)
(30.2409 1.51156e-18 1.67204)
(30.3274 -9.77175e-19 1.43628)
(30.4186 1.00877e-18 1.22644)
(30.5095 0 1.03901)
(30.5966 1.21336e-18 0.870149)
(30.6778 -6.01146e-21 0.716198)
(30.7521 -1.50811e-18 0.573633)
(30.8186 1.08923e-18 0.438365)
(30.8781 -3.00475e-19 0.307149)
(30.9334 0 0.188134)
(30.9809 0 0.102856)
(51.6809 1.05066e-16 9.06926)
(46.4869 -4.58894e-17 8.45709)
(44.9871 0 8.64022)
(43.5331 -3.42147e-17 8.42874)
(42.594 0 8.31125)
(41.7936 0 8.18438)
(41.132 0 8.073)
(40.5531 -5.93731e-18 7.96767)
(40.0404 5.52226e-20 7.86945)
(39.5764 -1.86338e-20 7.77782)
(39.1497 1.56301e-20 7.69252)
(38.7515 -1.60086e-20 7.61169)
(38.3764 0 7.53318)
(38.021 -1.78086e-18 7.45605)
(37.6821 -2.36547e-18 7.37982)
(37.3573 1.73243e-19 7.30395)
(37.0453 -3.32898e-18 7.22792)
(36.7448 0 7.15174)
(36.4546 2.73066e-19 7.07609)
(36.1725 -2.76362e-19 7.00141)
(35.8966 0 6.9273)
(35.6255 1.37762e-18 6.85292)
(35.3584 -3.83353e-19 6.77736)
(35.0946 3.57361e-18 6.70002)
(34.8334 -1.25967e-18 6.62036)
(34.574 -4.41983e-19 6.53766)
(34.3157 9.64049e-19 6.45107)
(34.0582 0 6.35959)
(33.801 1.61796e-18 6.26215)
(33.5439 9.13003e-21 6.15753)
(33.2869 0 6.04446)
(33.0299 6.36019e-19 5.92155)
(32.7733 -1.29727e-18 5.78724)
(32.5175 0 5.63973)
(32.2634 7.29022e-19 5.47692)
(32.0125 -3.62612e-19 5.29637)
(31.7671 0 5.09541)
(31.531 0 4.87149)
(31.3092 -2.12997e-19 4.62292)
(31.1078 0 4.3496)
(30.9333 0 4.05376)
(30.7918 1.92254e-18 3.74023)
(30.6877 -2.20258e-18 3.41619)
(30.6226 0 3.09028)
(30.5955 -1.07575e-20 2.77139)
(30.6024 -1.37175e-19 2.46733)
(30.6372 1.4095e-19 2.18385)
(30.693 -1.25968e-18 1.92418)
(30.7627 2.45686e-18 1.68912)
(30.84 -1.33533e-18 1.47755)
(30.9201 0 1.28708)
(30.9991 -8.60529e-21 1.11468)
(31.0746 -1.61437e-19 0.957211)
(31.145 -1.78583e-19 0.811783)
(31.2094 -7.32173e-19 0.675676)
(31.2674 1.76151e-18 0.546092)
(31.3187 -9.55245e-19 0.420774)
(31.3647 -5.68862e-21 0.299687)
(31.4076 0 0.18432)
(31.4433 -7.40351e-20 0.0724021)
(51.4116 -8.73764e-17 8.7235)
(46.5245 0 8.2996)
(44.9903 3.45064e-17 8.549)
(43.5428 -6.41078e-20 8.35996)
(42.5976 0 8.25663)
(41.7949 0 8.13801)
(41.1308 -7.03104e-18 8.03285)
(40.5499 4.90239e-18 7.93222)
(40.0352 2.94207e-18 7.83778)
(39.5694 5.27252e-19 7.7491)
(39.1409 0 7.66592)
(38.7411 -1.29695e-18 7.58641)
(38.3647 -2.24774e-18 7.50858)
(38.0081 -2.44939e-20 7.43149)
(37.6681 9.74164e-20 7.35459)
(37.3424 2.33471e-18 7.27733)
(37.0295 0 7.19922)
(36.7282 0 7.12028)
(36.437 -2.29873e-19 7.04105)
(36.1538 4.861e-19 6.96176)
(35.8769 -2.56348e-19 6.88195)
(35.6048 -8.55248e-19 6.80073)
(35.3369 -1.881e-18 6.71725)
(35.0722 -1.36002e-18 6.63084)
(34.8102 3.49618e-19 6.54081)
(34.5502 0 6.44633)
(34.2916 -8.09057e-19 6.3464)
(34.0341 0 6.2399)
(33.7775 9.08931e-19 6.12556)
(33.5218 4.78586e-19 6.00201)
(33.2674 0 5.86773)
(33.0147 -1.07436e-18 5.72107)
(32.7648 1.63559e-18 5.56015)
(32.519 5.78045e-19 5.38295)
(32.2797 0 5.18737)
(32.05 -1.28113e-18 4.97155)
(31.8341 -3.59883e-20 4.73424)
(31.637 -3.32089e-20 4.47545)
(31.4641 1.40269e-18 4.19695)
(31.3205 -1.81079e-19 3.90256)
(31.21 -1.70843e-18 3.59801)
(31.1345 1.54831e-18 3.29036)
(31.0935 -1.59113e-18 2.98707)
(31.0843 1.96628e-19 2.69501)
(31.1023 1.45373e-18 2.41957)
(31.1417 0 2.16423)
(31.1966 0 1.93045)
(31.2613 1.88402e-18 1.71799)
(31.3312 -1.82235e-18 1.52531)
(31.4024 1.20264e-19 1.35015)
(31.4722 2.34514e-19 1.18993)
(31.5387 -1.12079e-18 1.04202)
(31.6007 1.17313e-18 0.904033)
(31.6576 0 0.773906)
(31.7089 0 0.649544)
(31.7543 -7.90376e-21 0.528517)
(31.7941 8.53093e-20 0.409785)
(31.8297 -4.54841e-21 0.295781)
(31.8627 4.07396e-19 0.182851)
(31.8892 -4.08704e-19 0.0491695)
(51.1109 7.08065e-17 8.33851)
(46.5607 0 8.11816)
(44.9952 -2.87169e-17 8.43499)
(43.5576 0 8.27042)
(42.6071 1.95815e-17 8.1795)
(41.8033 -7.00073e-20 8.06637)
(41.1378 5.87669e-18 7.96383)
(40.556 0 7.86386)
(40.0405 -2.47278e-18 7.76887)
(39.5738 1.72705e-20 7.6787)
(39.1446 -8.37803e-22 7.59324)
(38.7442 1.08586e-18 7.51087)
(38.3673 -1.61901e-20 7.42984)
(38.0101 0 7.34929)
(37.6695 1.7249e-18 7.26869)
(37.3433 -2.34069e-19 7.18749)
(37.0298 2.44051e-18 7.10524)
(36.7276 0 7.02196)
(36.4353 0 6.938)
(36.1509 -4.27656e-19 6.85339)
(35.8726 -3.45132e-20 6.7675)
(35.5994 4.72471e-19 6.67942)
(35.3302 1.56674e-18 6.5882)
(35.0646 -3.36598e-20 6.49302)
(34.8017 5.9088e-19 6.39297)
(34.5413 6.48053e-19 6.28702)
(34.2829 0 6.17394)
(34.0264 0 6.05239)
(33.7721 -7.63882e-19 5.9209)
(33.5204 -1.22662e-18 5.77786)
(33.2723 8.32112e-19 5.62154)
(33.0291 -9.06403e-19 5.45017)
(32.793 9.15542e-19 5.26198)
(32.5667 -4.86376e-19 5.05547)
(32.3538 -1.02907e-18 4.82973)
(32.1585 1.8448e-18 4.58482)
(31.9855 -8.1068e-19 4.32223)
(31.839 0 4.04507)
(31.7223 -8.86886e-19 3.75803)
(31.6375 1.6373e-18 3.46698)
(31.5845 -1.3749e-18 3.17829)
(31.5615 1.25038e-18 2.898)
(31.5647 1.63774e-19 2.63118)
(31.5896 -1.67054e-19 2.38133)
(31.631 1.48065e-18 2.15037)
(31.6839 -1.34774e-18 1.93865)
(31.7439 -1.66833e-19 1.74536)
(31.8073 -1.70166e-19 1.56886)
(31.8712 1.74022e-19 1.40709)
(31.9335 1.78558e-19 1.25782)
(31.9929 -1.94605e-19 1.11889)
(32.0483 1.90451e-19 0.988239)
(32.0991 1.62199e-18 0.86411)
(32.1451 -2.5578e-18 0.745039)
(32.186 2.23022e-19 0.629318)
(32.2215 8.38402e-19 0.514691)
(32.2519 9.09358e-19 0.400971)
(32.2793 -6.43239e-19 0.292549)
(32.3045 -6.3535e-19 0.181778)
(32.3234 -1.1129e-20 0.0307349)
(50.778 -1.17092e-18 7.91441)
(46.5901 0 7.91332)
(44.9974 0 8.3032)
(43.572 -1.36342e-19 8.17211)
(42.6152 2.65394e-20 8.09908)
(41.8096 -6.35347e-18 7.99611)
(41.1416 0 7.90028)
(40.558 4.16099e-20 7.8047)
(40.0407 -4.30195e-20 7.71258)
(39.5724 -3.5004e-19 7.62397)
(39.1417 -8.44532e-22 7.53887)
(38.7401 -1.01091e-18 7.45583)
(38.3622 1.61252e-18 7.3733)
(38.0041 -1.51481e-19 7.29047)
(37.6629 1.52469e-18 7.20682)
(37.3361 -1.64969e-18 7.12179)
(37.022 -3.87788e-18 7.03499)
(36.7194 8.19124e-19 6.9464)
(36.4264 2.96971e-19 6.85622)
(36.1413 1.38587e-18 6.76426)
(35.8626 0 6.66981)
(35.589 0 6.57192)
(35.32 -8.89318e-19 6.46959)
(35.0548 -4.93968e-19 6.36185)
(34.793 -2.82493e-20 6.24765)
(34.5344 5.48451e-19 6.12577)
(34.279 -5.65825e-19 5.99483)
(34.0272 6.27282e-19 5.85333)
(33.7797 -6.33218e-19 5.6997)
(33.5378 0 5.5323)
(33.3033 1.09886e-18 5.34958)
(33.0787 -1.46962e-18 5.15027)
(32.8671 0 4.93361)
(32.6722 -4.03209e-19 4.69968)
(32.498 2.12422e-18 4.44973)
(32.348 3.57859e-20 4.18635)
(32.2255 -2.01059e-18 3.91345)
(32.1323 0 3.636)
(32.0686 -4.72882e-19 3.35948)
(32.0333 -2.46816e-19 3.08928)
(32.0234 4.92021e-19 2.83005)
(32.0352 -1.75261e-18 2.58531)
(32.0643 2.02821e-18 2.35721)
(32.1061 0 2.14656)
(32.1566 -3.88309e-19 1.95306)
(32.2122 0 1.77561)
(32.27 2.41592e-18 1.61258)
(32.3279 -2.05779e-18 1.46212)
(32.3842 -2.37953e-18 1.32231)
(32.4378 3.44179e-18 1.19132)
(32.4879 -1.18606e-18 1.06742)
(32.5339 -1.37917e-18 0.949029)
(32.5756 1.43156e-18 0.834841)
(32.6128 0 0.723789)
(32.6453 -1.81596e-19 0.614403)
(32.6728 -1.83251e-19 0.504494)
(32.6959 1.04394e-19 0.394491)
(32.7165 0 0.290346)
(32.7353 4.9491e-19 0.181282)
(32.748 -5.56799e-19 0.0161442)
(50.4137 -1.18051e-18 7.45212)
(46.6095 5.14444e-20 7.67876)
(44.9982 1.36615e-19 8.14082)
(43.5896 -2.63186e-19 8.04849)
(42.6275 -1.35069e-17 7.99389)
(41.8209 1.06718e-17 7.90071)
(41.1511 4.52374e-20 7.81036)
(40.5661 2.89595e-18 7.7176)
(40.0475 1.05761e-19 7.62658)
(39.578 -3.13122e-19 7.53772)
(39.1461 2.65549e-19 7.45121)
(38.7436 1.6425e-18 7.36585)
(38.3649 -6.67177e-20 7.28035)
(38.0062 0 7.19396)
(37.6643 -9.90337e-19 7.10615)
(37.337 -3.49934e-19 7.01639)
(37.0226 1.82279e-18 6.92427)
(36.7195 -1.42768e-18 6.82972)
(36.426 5.01478e-19 6.73269)
(36.1405 -1.16327e-18 6.63279)
(35.8616 6.65796e-19 6.52916)
(35.5884 -1.39564e-18 6.42076)
(35.3203 1.50831e-18 6.3065)
(35.0568 -7.86465e-19 6.18524)
(34.7979 -8.89944e-19 6.05574)
(34.5437 -5.0779e-19 5.91662)
(34.2947 1.44343e-18 5.76643)
(34.0521 -5.15853e-19 5.60367)
(33.8173 1.11078e-18 5.42693)
(33.5925 -1.12153e-18 5.23505)
(33.3804 1.51627e-18 5.02735)
(33.1843 -2.71426e-19 4.80386)
(33.0075 3.46622e-20 4.56562)
(32.8533 -9.88824e-19 4.3148)
(32.7246 -6.92344e-19 4.05471)
(32.6232 0 3.78961)
(32.5495 1.46694e-18 3.52429)
(32.5028 -1.6662e-18 3.26356)
(32.4808 9.24811e-21 3.01176)
(32.4804 1.72757e-18 2.77232)
(32.4978 -1.95122e-18 2.54754)
(32.529 -2.03662e-19 2.33858)
(32.5702 0 2.14556)
(32.618 0 1.9678)
(32.6695 4.10746e-19 1.80406)
(32.7225 0 1.65282)
(32.7752 -1.79149e-18 1.51241)
(32.8264 1.72304e-18 1.38117)
(32.8752 -2.13491e-19 1.25753)
(32.9209 -1.16261e-19 1.14002)
(32.963 -1.84793e-18 1.0273)
(33.0012 -2.25384e-19 0.918125)
(33.0353 1.86775e-18 0.811501)
(33.0653 1.04187e-18 0.706633)
(33.091 -2.06872e-18 0.602205)
(33.112 1.53457e-19 0.496047)
(33.1289 2.37674e-18 0.389037)
(33.144 -1.38442e-18 0.288378)
(33.1575 -3.8563e-19 0.180844)
(33.165 4.39903e-19 0.00445311)
(50.0183 -1.04404e-18 6.95712)
(46.6119 4.18445e-20 7.41679)
(44.9932 -1.68487e-17 7.95177)
(43.6061 1.24588e-19 7.9077)
(42.6391 1.15241e-17 7.8763)
(41.8317 -4.68619e-18 7.79673)
(41.1597 -3.50343e-18 7.71461)
(40.5732 -2.2987e-18 7.62683)
(40.053 -1.39442e-18 7.53855)
(39.5819 2.32908e-19 7.45062)
(39.1488 -2.78898e-19 7.36348)
(38.7452 -1.28518e-18 7.27619)
(38.3659 0 7.1877)
(38.0067 0 7.09736)
(37.6645 0 7.00466)
(37.3372 -3.18403e-19 6.90908)
(37.0229 -6.93514e-19 6.81024)
(36.72 -3.7379e-19 6.70797)
(36.4269 0 6.60202)
(36.1422 9.86823e-19 6.49179)
(35.8646 0 6.37636)
(35.5936 0 6.2546)
(35.3287 0 6.12534)
(35.0699 -6.82584e-19 5.98735)
(34.8175 -7.28725e-19 5.8393)
(34.5723 3.59605e-22 5.67985)
(34.3355 2.00599e-20 5.50773)
(34.109 1.64735e-20 5.32186)
(33.895 0 5.12158)
(33.6963 0 4.90686)
(33.516 -2.45607e-19 4.67853)
(33.3569 2.60189e-19 4.43838)
(33.2217 0 4.18923)
(33.1121 -2.48102e-18 3.93476)
(33.0287 2.52065e-18 3.67917)
(32.9712 -2.30776e-18 3.42681)
(32.9378 -2.07392e-18 3.18169)
(32.9258 4.89501e-18 2.94714)
(32.932 1.54982e-19 2.72556)
(32.9529 -1.56998e-19 2.51835)
(32.9848 1.58809e-19 2.32594)
(33.0246 0 2.14803)
(33.0695 2.50036e-18 1.98373)
(33.1173 -1.67012e-19 1.83179)
(33.1659 -5.13601e-18 1.69077)
(33.2142 2.60444e-18 1.5592)
(33.2611 2.63077e-18 1.43562)
(33.3058 -2.69264e-18 1.31867)
(33.3477 3.44112e-19 1.20708)
(33.3865 -1.40239e-18 1.09969)
(33.4219 2.89304e-18 0.995435)
(33.4536 -1.30512e-18 0.893312)
(33.4814 0 0.792541)
(33.5055 -1.62672e-18 0.692521)
(33.5255 1.60925e-18 0.592035)
(33.5411 0 0.488909)
(33.5529 7.3712e-21 0.384353)
(33.5634 0 0.286564)
(33.5724 -6.00279e-19 0.180399)
(33.5755 6.00028e-19 -0.00489145)
(49.5934 -3.39852e-17 6.43455)
(46.5917 0 7.12195)
(44.9816 1.36866e-17 7.72549)
(43.6224 -1.13783e-17 7.73688)
(42.6528 -1.90049e-17 7.73104)
(41.8457 0 7.66666)
(41.1721 2.85989e-18 7.59323)
(40.5844 0 7.51042)
(40.0629 1.30035e-20 7.42455)
(39.5906 0 7.33704)
(39.1563 -2.03055e-19 7.24864)
(38.752 -9.58743e-21 7.15873)
(38.3722 0 7.06654)
(38.0128 6.50536e-19 6.97152)
(37.6708 -2.26236e-19 6.87314)
(37.3438 -7.68826e-19 6.77093)
(37.0302 -6.18453e-21 6.66446)
(36.7283 0 6.55343)
(36.4366 -7.50234e-19 6.43739)
(36.154 2.66916e-21 6.31558)
(35.8796 0 6.18697)
(35.6131 -4.95322e-19 6.0504)
(35.3544 0 5.90466)
(35.1041 1.10269e-21 5.74855)
(34.8631 2.51921e-21 5.58091)
(34.6328 3.25428e-19 5.40076)
(34.4151 -1.05725e-18 5.20745)
(34.2124 1.05272e-18 5.00089)
(34.0274 -1.53431e-18 4.78169)
(33.8625 3.42515e-19 4.55134)
(33.7202 1.41476e-18 4.31224)
(33.6021 2.06412e-19 4.06755)
(33.5091 1.74069e-18 3.82099)
(33.441 -1.74702e-18 3.57649)
(33.3963 -1.80867e-18 3.33778)
(33.3731 3.88367e-18 3.10807)
(33.3683 -2.09183e-18 2.88982)
(33.3788 -2.27824e-19 2.68458)
(33.4015 0 2.49309)
(33.4331 -2.31627e-19 2.31533)
(33.4711 1.68724e-18 2.15069)
(33.513 -3.76331e-18 1.99822)
(33.5572 1.96259e-18 1.8567)
(33.6019 1.2821e-19 1.72481)
(33.6463 -2.12309e-18 1.60122)
(33.6893 1.33435e-19 1.48466)
(33.7304 4.23647e-18 1.37393)
(33.769 -4.18568e-18 1.26793)
(33.8049 4.00583e-18 1.16564)
(33.8378 -2.19431e-18 1.06614)
(33.8674 2.38614e-18 0.968551)
(33.8936 -2.33378e-18 0.872054)
(33.9162 0 0.77602)
(33.9352 1.26676e-18 0.679985)
(33.9505 -2.83791e-18 0.582801)
(33.9616 2.84913e-18 0.482282)
(33.9692 9.87641e-20 0.379886)
(33.9756 -2.51287e-18 0.284581)
(33.9809 9.23414e-19 0.179748)
(33.9801 6.86831e-20 -0.012344)
(49.1402 9.5499e-20 5.89529)
(46.5402 2.6009e-17 6.79616)
(44.9582 -2.08375e-19 7.46345)
(43.6343 9.97316e-18 7.53879)
(42.6651 7.44645e-18 7.56293)
(41.8597 5.95359e-20 7.51737)
(41.185 5.31076e-20 7.45488)
(40.5964 1.27917e-19 7.37859)
(40.0738 9.68474e-19 7.29604)
(39.6004 -4.44968e-21 7.20939)
(39.1655 1.74847e-19 7.11977)
(38.7608 3.24195e-19 7.02695)
(38.381 -7.16362e-20 6.93046)
(38.022 -1.40561e-18 6.82984)
(37.6809 6.97587e-19 6.72464)
(37.3553 1.22748e-18 6.61439)
(37.0435 1.44229e-18 6.49865)
(36.7441 1.1245e-18 6.37701)
(36.4558 1.261e-18 6.24885)
(36.1778 -2.12577e-18 6.11333)
(35.9096 1.53353e-18 5.9694)
(35.6513 4.40983e-19 5.81599)
(35.4035 4.77578e-19 5.65207)
(35.1672 -4.53147e-19 5.47674)
(34.9439 5.12713e-19 5.2894)
(34.7356 5.34998e-19 5.0899)
(34.5444 -2.80754e-19 4.87869)
(34.3728 0 4.65699)
(34.2226 -2.81248e-18 4.4268)
(34.0957 2.52001e-18 4.19087)
(33.9928 3.00022e-18 3.95248)
(33.9139 -2.86054e-18 3.71517)
(33.8581 0 3.48241)
(33.8236 3.52209e-19 3.25728)
(33.8078 -2.68544e-18 3.04224)
(33.8079 -1.55662e-20 2.839)
(33.821 2.91479e-18 2.64849)
(33.8442 1.2528e-20 2.47096)
(33.8748 -1.7912e-19 2.30608)
(33.9105 3.16539e-18 2.15311)
(33.9495 -2.81071e-18 2.01104)
(33.9901 -9.81328e-20 1.87873)
(34.0312 3.03632e-18 1.75498)
(34.0719 1.69614e-19 1.63859)
(34.1115 -3.11409e-18 1.52844)
(34.1493 8.81768e-20 1.42347)
(34.185 -1.0375e-19 1.32271)
(34.2183 0 1.22527)
(34.2489 1.07783e-19 1.13032)
(34.2766 0 1.0371)
(34.3013 -1.13597e-19 0.944899)
(34.3228 1.80658e-18 0.85301)
(34.341 -4.10974e-21 0.76092)
(34.3558 -3.93696e-18 0.668262)
(34.367 4.28718e-18 0.573942)
(34.3743 -2.21076e-18 0.475761)
(34.3782 0 0.375358)
(34.3813 1.2991e-18 0.28228)
(34.3832 -1.4355e-18 0.178795)
(34.3792 0 -0.0182156)
(48.661 2.2363e-17 5.35031)
(46.4501 -7.07389e-19 6.43667)
(44.9196 9.46257e-18 7.15923)
(43.6402 -8.01181e-18 7.30427)
(42.6761 1.79701e-19 7.36168)
(41.8746 -1.89791e-19 7.33775)
(41.2001 2.04738e-19 7.28773)
(40.6115 -3.45253e-19 7.21883)
(40.0883 1.36946e-19 7.13997)
(39.6146 0 7.05418)
(39.1794 0 6.96311)
(38.775 0 6.86695)
(38.3959 0 6.76552)
(38.0383 -2.6631e-19 6.65853)
(37.6991 -3.1936e-19 6.54559)
(37.3762 -1.08913e-18 6.42625)
(37.068 3.88296e-19 6.30007)
(36.7732 -9.44381e-19 6.16654)
(36.491 -2.16863e-18 6.02498)
(36.2208 1.71218e-18 5.87457)
(35.9628 0 5.71445)
(35.7175 -6.97182e-19 5.54384)
(35.4861 3.7523e-19 5.36217)
(35.2701 0 5.16929)
(35.0711 -1.72532e-18 4.96552)
(34.8913 3.10433e-18 4.75185)
(34.7323 -1.59283e-18 4.52997)
(34.5957 0 4.30225)
(34.4824 5.00063e-19 4.07157)
(34.3924 -2.6371e-19 3.84113)
(34.3252 -2.37951e-18 3.61414)
(34.2791 2.40191e-18 3.39354)
(34.252 2.19203e-18 3.18179)
(34.2415 -2.35327e-18 2.98069)
(34.2447 -9.67006e-21 2.79135)
(34.2589 -1.00735e-20 2.61423)
(34.2816 0 2.44924)
(34.3105 -1.99389e-18 2.29588)
(34.3437 2.45162e-18 2.15331)
(34.3796 0 2.02056)
(34.4168 0 1.89654)
(34.4545 -2.33273e-18 1.78017)
(34.4917 2.5052e-18 1.67039)
(34.528 2.36044e-18 1.56618)
(34.5628 -2.55439e-18 1.46661)
(34.5957 -1.15072e-20 1.37082)
(34.6266 0 1.27801)
(34.6551 0 1.18746)
(34.6811 -2.56243e-18 1.09849)
(34.7044 2.79385e-18 1.01047)
(34.7248 -2.70288e-18 0.922786)
(34.7423 2.80174e-18 0.834831)
(34.7566 2.90701e-18 0.746174)
(34.7678 -4.56823e-18 0.656523)
(34.7756 1.60602e-18 0.564821)
(34.7796 1.03429e-19 0.468868)
(34.7804 0 0.370428)
(34.7805 -3.0375e-20 0.279454)
(34.7795 0 0.17742)
(34.7726 0 -0.0227502)
(48.1575 -3.74588e-17 4.81441)
(46.3135 -6.45862e-19 6.04612)
(44.8595 -1.585e-19 6.81419)
(43.6347 6.72457e-18 7.03272)
(42.6823 5.75969e-18 7.12717)
(41.8879 -3.15644e-19 7.12836)
(41.2156 0 7.09305)
(40.6281 0 7.03299)
(40.1055 -5.1096e-20 6.9586)
(39.6322 -1.19674e-19 6.87395)
(39.1978 -1.46322e-19 6.78131)
(38.7947 0 6.68138)
(38.4176 0 6.57432)
(38.0627 7.79324e-19 6.46003)
(37.7272 -4.79041e-20 6.33823)
(37.4092 1.78532e-18 6.20857)
(37.1071 -6.05065e-19 6.07065)
(36.82 3.72566e-20 5.92398)
(36.5475 1.36992e-18 5.768)
(36.2897 -4.54142e-19 5.60214)
(36.047 0 5.42598)
(35.8205 -1.18545e-18 5.23935)
(35.6116 -3.68406e-19 5.04252)
(35.4217 1.59956e-18 4.83632)
(35.2524 -1.40489e-18 4.62218)
(35.1051 2.88494e-18 4.40214)
(34.9805 -1.84646e-18 4.17873)
(34.8788 0 3.95485)
(34.7995 -2.05191e-19 3.73345)
(34.7414 0 3.51732)
(34.7026 3.55554e-18 3.30889)
(34.6809 -6.97078e-18 3.11002)
(34.6737 3.41138e-18 2.92196)
(34.6784 3.44964e-18 2.74539)
(34.6926 -3.37978e-18 2.5804)
(34.714 -1.13973e-19 2.42669)
(34.7408 3.40142e-18 2.28364)
(34.7711 -3.65234e-18 2.1504)
(34.8038 1.06808e-19 2.02602)
(34.8377 0 1.90951)
(34.8719 -3.57261e-18 1.79987)
(34.9058 7.20838e-18 1.69616)
(34.9389 -3.75873e-18 1.59747)
(34.9708 -3.77347e-18 1.50297)
(35.0011 1.38466e-19 1.41189)
(35.0296 7.14873e-18 1.32352)
(35.0561 -7.60999e-18 1.23721)
(35.0803 3.88015e-18 1.15236)
(35.1022 -2.38446e-19 1.0684)
(35.1216 -1.32218e-19 0.984811)
(35.1383 2.51502e-19 0.901044)
(35.1522 -2.15339e-18 0.816573)
(35.1632 2.10737e-18 0.731028)
(35.1713 2.20276e-18 0.644168)
(35.1761 -2.47339e-18 0.554971)
(35.1773 -2.56064e-18 0.461247)
(35.1754 2.83211e-18 0.364837)
(35.173 2.5165e-20 0.275944)
(35.1694 0 0.175524)
(35.1601 0 -0.0261263)
(47.6321 1.57783e-17 4.30097)
(46.1242 -2.90877e-17 5.62594)
(44.7723 -1.92125e-17 6.4272)
(43.6135 -5.85348e-18 6.71848)
(42.6814 -6.85699e-20 6.85254)
(41.8986 0 6.8817)
(41.2313 0 6.8631)
(40.647 -1.81134e-19 6.81321)
(40.1264 1.87581e-19 6.744)
(39.655 7.99959e-21 6.66078)
(39.2229 9.37957e-21 6.56654)
(38.8227 1.06385e-19 6.46255)
(38.4493 -1.9648e-19 6.34938)
(38.0992 -9.40978e-19 6.22716)
(37.7698 -4.14126e-19 6.09584)
(37.4594 3.58144e-20 5.95521)
(37.1668 1.26552e-18 5.80505)
(36.8914 -3.94232e-18 5.6451)
(36.6334 2.93456e-18 5.47516)
(36.3929 -1.95977e-18 5.2952)
(36.171 4.31329e-19 5.1055)
(35.9687 0 4.90679)
(35.7872 2.5503e-19 4.70031)
(35.6274 -2.68798e-18 4.48784)
(35.4902 1.91063e-18 4.27164)
(35.3757 0 4.0543)
(35.2835 5.96929e-19 3.83855)
(35.2127 0 3.62704)
(35.1614 0 3.42212)
(35.1278 -4.97451e-18 3.22572)
(35.1094 5.16722e-18 3.0392)
(35.1039 -2.4656e-18 2.86339)
(35.1088 2.64229e-18 2.6986)
(35.122 2.8199e-18 2.5447)
(35.1415 -5.68779e-18 2.40124)
(35.1656 5.37604e-18 2.26754)
(35.1929 7.73566e-20 2.14276)
(35.2222 -2.71512e-18 2.02602)
(35.2527 7.42865e-20 1.91639)
(35.2835 -1.64107e-19 1.81297)
(35.3141 2.73817e-18 1.71491)
(35.3441 -5.68952e-18 1.6214)
(35.3731 2.62157e-18 1.53171)
(35.4008 -2.79972e-18 1.44513)
(35.4269 -1.5778e-19 1.36104)
(35.4513 3.06615e-18 1.27885)
(35.4738 -1.75315e-19 1.19803)
(35.4943 0 1.11806)
(35.5125 1.98392e-19 1.03847)
(35.5284 1.86827e-19 0.958799)
(35.5419 -2.09141e-19 0.878579)
(35.5527 -3.30189e-18 0.797335)
(35.5607 3.54997e-18 0.714743)
(35.566 1.17591e-19 0.630602)
(35.5682 -1.89663e-18 0.543922)
(35.5669 -1.28621e-20 0.452532)
(35.5627 2.17076e-18 0.358315)
(35.5581 -1.1768e-18 0.271574)
(35.5523 6.52584e-19 0.173006)
(35.5408 5.65526e-19 -0.0284847)
(47.0873 1.17235e-17 3.82267)
(45.8783 2.39772e-17 5.18208)
(44.6512 1.07835e-17 6.00245)
(43.5701 4.59549e-18 6.3611)
(42.669 -3.79107e-18 6.53617)
(41.9037 2.96502e-18 6.59561)
(41.2454 2.24356e-18 6.59574)
(40.6671 6.25379e-19 6.55745)
(40.151 2.22925e-19 6.4943)
(39.6837 3.09344e-20 6.41295)
(39.2559 2.19419e-20 6.31722)
(38.8609 2.50019e-19 6.20906)
(38.4938 4.01736e-19 6.0895)
(38.1513 5.48172e-19 5.95907)
(37.8313 0 5.81801)
(37.5322 1.28974e-18 5.66647)
(37.2533 -8.983e-19 5.50459)
(36.9944 1.68122e-18 5.33259)
(36.7556 9.99162e-20 5.1509)
(36.5376 4.14646e-19 4.96027)
(36.3411 -1.39323e-18 4.76185)
(36.1668 -1.55627e-18 4.55723)
(36.0151 1.57372e-18 4.34847)
(35.8863 2.17091e-19 4.1379)
(35.7799 2.26818e-19 3.92807)
(35.6951 -3.67271e-18 3.72147)
(35.6304 1.80382e-18 3.52041)
(35.5839 -2.33035e-20 3.32682)
(35.5534 1.93653e-18 3.14216)
(35.5367 -1.29001e-19 2.96742)
(35.5314 3.99457e-18 2.80307)
(35.5355 -1.29165e-19 2.64917)
(35.5468 -8.10042e-18 2.50544)
(35.5638 3.82005e-18 2.37135)
(35.5848 1.34346e-19 2.24619)
(35.6088 0 2.12917)
(35.6346 0 2.01944)
(35.6616 0 1.91617)
(35.689 -4.14613e-18 1.81855)
(35.7163 8.33458e-18 1.7258)
(35.7432 -4.19205e-18 1.63719)
(35.7692 2.64362e-19 1.55207)
(35.7942 -4.08818e-18 1.46982)
(35.8179 4.28436e-18 1.38987)
(35.8402 1.42007e-19 1.3117)
(35.8609 4.36713e-18 1.23481)
(35.8797 -4.30407e-18 1.15875)
(35.8967 0 1.0831)
(35.9116 -1.38525e-19 1.00745)
(35.9244 -1.55453e-19 0.931398)
(35.9349 0 0.854519)
(35.9429 2.66906e-18 0.776387)
(35.9484 -2.6206e-18 0.696715)
(35.9512 -1.64662e-19 0.61533)
(35.9511 0 0.531272)
(35.9477 -3.18312e-18 0.442408)
(35.9415 1.5526e-18 0.350626)
(35.9349 1.79752e-18 0.26619)
(35.9272 0 0.169773)
(35.9138 1.49789e-19 -0.0299357)
(46.5266 -1.02037e-17 3.38724)
(45.5756 -1.92772e-17 4.72159)
(44.4904 4.79842e-19 5.54466)
(43.4986 -5.18843e-19 5.95982)
(42.6404 3.36161e-19 6.17488)
(41.9003 -9.42139e-19 6.26552)
(41.2565 -1.33307e-18 6.2859)
(40.6882 -6.505e-19 6.26047)
(40.1798 1.1166e-19 6.20431)
(39.7197 -1.15216e-19 6.12546)
(39.2993 3.07031e-19 6.02868)
(38.9124 -9.07184e-20 5.91669)
(38.5549 -2.74681e-19 5.79112)
(38.2237 0 5.65301)
(37.917 6.14109e-19 5.50313)
(37.6336 -1.68749e-18 5.34214)
(37.3729 1.11342e-18 5.17079)
(37.135 1.83466e-18 4.99001)
(36.9199 -1.38944e-18 4.80101)
(36.728 -2.70433e-19 4.60534)
(36.5594 -2.89275e-18 4.40491)
(36.4141 2.3537e-18 4.2019)
(36.2918 2.88377e-18 3.9987)
(36.1914 -2.28562e-18 3.79769)
(36.1118 2.76687e-18 3.60112)
(36.0511 -1.20578e-19 3.41094)
(36.0073 2.05631e-20 3.22871)
(35.9783 -2.9215e-18 3.05553)
(35.9617 -1.78123e-19 2.89205)
(35.9555 3.01593e-18 2.73851)
(35.9577 -3.03606e-18 2.59478)
(35.9665 0 2.46049)
(35.9803 3.0711e-18 2.33507)
(35.998 -2.98909e-18 2.21783)
(36.0183 0 2.108)
(36.0405 3.09962e-18 2.00482)
(36.0638 -3.1218e-18 1.90752)
(36.0877 -3.11691e-18 1.81536)
(36.1116 3.13245e-18 1.72765)
(36.1353 -3.03614e-18 1.64374)
(36.1583 6.51521e-18 1.56304)
(36.1806 -6.27956e-18 1.48498)
(36.2018 3.40434e-18 1.40907)
(36.2218 1.9326e-19 1.33483)
(36.2405 -3.26311e-18 1.26182)
(36.2576 3.31763e-18 1.18964)
(36.2732 -2.0104e-19 1.11789)
(36.287 0 1.04622)
(36.2989 1.15325e-19 0.974267)
(36.3088 0 0.901677)
(36.3166 0 0.828072)
(36.3221 -1.25812e-19 0.753061)
(36.3252 3.97145e-18 0.676385)
(36.3258 1.39282e-19 0.59789)
(36.3237 -6.57847e-18 0.516649)
(36.3184 2.19294e-18 0.43058)
(36.3105 2.59984e-18 0.341545)
(36.3023 -2.73754e-18 0.259641)
(36.2928 -7.63921e-19 0.165737)
(36.2779 8.63005e-19 -0.0305738)
(45.9547 2.28232e-19 2.99753)
(45.2198 8.0885e-18 4.25468)
(44.2858 -4.72692e-19 5.06221)
(43.3931 -2.92079e-18 5.51832)
(42.5904 3.00169e-18 5.76941)
(41.8843 -2.62001e-18 5.89035)
(41.2619 0 5.9317)
(40.709 -5.21034e-19 5.92012)
(40.213 2.97294e-19 5.87191)
(39.764 8.07145e-20 5.79646)
(39.3549 -1.35831e-19 5.69953)
(38.9802 2.70863e-19 5.58471)
(38.6363 -1.07497e-18 5.45439)
(38.3207 2.87617e-19 5.3103)
(38.0316 0 5.15391)
(37.7682 2.62899e-19 4.9866)
(37.5299 -3.19444e-19 4.80988)
(37.3165 0 4.62544)
(37.1277 -3.96231e-19 4.43522)
(36.9632 0 4.24135)
(36.8225 4.43698e-19 4.04615)
(36.7045 0 3.85194)
(36.6081 -2.56313e-19 3.66094)
(36.5315 -2.32447e-18 3.47515)
(36.4729 -3.87602e-20 3.29622)
(36.43 2.40222e-18 3.12536)
(36.4008 -2.75029e-19 2.96341)
(36.3831 -1.32406e-19 2.81076)
(36.3749 1.48948e-19 2.66748)
(36.3744 1.35125e-19 2.53334)
(36.3799 0 2.40792)
(36.3903 0 2.29063)
(36.4041 -4.61558e-18 2.18081)
(36.4206 1.5234e-19 2.07776)
(36.439 1.71901e-20 1.98076)
(36.4585 4.67249e-18 1.88913)
(36.4787 -1.39017e-19 1.8022)
(36.4991 0 1.71934)
(36.5195 -7.80537e-20 1.63998)
(36.5394 1.40556e-19 1.56358)
(36.5588 -1.57506e-19 1.48963)
(36.5774 -1.62592e-20 1.41769)
(36.595 -1.63262e-20 1.34734)
(36.6115 -3.0572e-19 1.27818)
(36.6268 4.90396e-18 1.20984)
(36.6407 -4.98521e-18 1.14198)
(36.6531 -4.88111e-18 1.07427)
(36.6639 5.15501e-18 1.00639)
(36.6731 -1.56794e-19 0.938037)
(36.6803 5.3913e-18 0.868887)
(36.6856 -8.33423e-18 0.7986)
(36.6888 4.80654e-22 0.726816)
(36.6898 2.98991e-18 0.653297)
(36.6885 0 0.577904)
(36.6846 -1.97277e-19 0.499744)
(36.6777 3.53659e-18 0.4168)
(36.6684 -3.84073e-18 0.330885)
(36.6588 0 0.251802)
(36.6478 -1.1525e-18 0.160826)
(36.6316 1.30104e-18 -0.0304847)
(45.3781 5.78191e-18 2.65057)
(44.819 3.42518e-19 3.79192)
(44.0362 -3.71071e-19 4.5646)
(43.2498 7.11221e-18 5.04267)
(42.5143 -2.06803e-18 5.32233)
(41.8519 0 5.47036)
(41.2592 0 5.53214)
(40.7283 1.07384e-19 5.53486)
(40.2503 -6.04719e-20 5.49555)
(39.8177 1.09312e-19 5.42476)
(39.4247 -2.05845e-19 5.32926)
(39.0669 3.29342e-19 5.21358)
(38.7412 0 5.081)
(38.4454 2.97824e-19 4.93409)
(38.1781 0 4.77514)
(37.9382 -2.20684e-19 4.60632)
(37.725 0 4.42987)
(37.5378 0 4.2481)
(37.3756 0 4.06338)
(37.2374 -2.62657e-18 3.8781)
(37.1218 -4.585e-19 3.69454)
(37.0273 5.71106e-18 3.51476)
(36.9519 -5.59452e-18 3.34052)
(36.8935 3.04214e-18 3.17321)
(36.85 0 3.01382)
(36.8192 -1.07185e-19 2.86296)
(36.7992 3.49933e-18 2.72086)
(36.788 -3.10684e-18 2.58748)
(36.7841 0 2.46253)
(36.7859 -3.50099e-18 2.34557)
(36.7922 6.81564e-18 2.23604)
(36.802 -3.42728e-18 2.13332)
(36.8144 0 2.03676)
(36.8287 -1.30181e-20 1.94572)
(36.8442 0 1.85958)
(36.8606 0 1.77773)
(36.8774 1.30434e-20 1.69961)
(36.8943 -3.48082e-18 1.62472)
(36.9111 3.50815e-18 1.55256)
(36.9274 -1.17234e-19 1.4827)
(36.9432 0 1.41471)
(36.9583 -1.18577e-19 1.34824)
(36.9725 -2.25802e-19 1.28293)
(36.9857 1.20593e-19 1.21844)
(36.9978 0 1.15447)
(37.0086 0 1.09073)
(37.0182 -3.76612e-18 1.02693)
(37.0262 4.07313e-18 0.962801)
(37.0327 -1.02553e-19 0.898059)
(37.0375 -4.02646e-18 0.832427)
(37.0406 3.90346e-18 0.765592)
(37.0416 0 0.697218)
(37.0407 4.47339e-18 0.627089)
(37.0376 -4.54073e-18 0.555073)
(37.0322 3.11265e-19 0.480312)
(37.024 2.44218e-19 0.400874)
(37.0134 1.31557e-19 0.318495)
(37.0026 0 0.242573)
(36.9905 -1.06808e-18 0.154986)
(36.9734 9.74173e-19 -0.0297549)
(44.805 -5.02227e-18 2.33988)
(44.3848 -5.3533e-19 3.34356)
(43.7445 5.75063e-19 4.06297)
(43.0674 -3.0832e-18 4.54269)
(42.4087 6.5748e-19 4.84032)
(41.7997 7.06389e-19 5.00981)
(41.2455 5.86569e-19 5.08993)
(40.7443 9.57906e-19 5.10668)
(40.291 -4.81851e-19 5.07715)
(39.8808 -1.62194e-20 5.01266)
(39.5094 1.66784e-20 4.9209)
(39.1734 0 4.80737)
(38.8704 1.5533e-19 4.67627)
(38.5984 0 4.53104)
(38.3558 2.62511e-19 4.37474)
(38.1415 -1.38868e-18 4.21026)
(37.9543 1.41161e-18 4.04032)
(37.7926 -1.95723e-19 3.86756)
(37.6552 1.85429e-18 3.69447)
(37.5402 -3.62455e-18 3.5233)
(37.4457 2.37388e-18 3.35599)
(37.3697 -2.04081e-18 3.19413)
(37.31 2.02244e-18 3.03895)
(37.2644 -2.30319e-18 2.89125)
(37.2309 2.18457e-18 2.75149)
(37.2077 1.40339e-19 2.61983)
(37.1928 2.34798e-18 2.49616)
(37.1848 -2.52772e-18 2.38018)
(37.1824 0 2.27146)
(37.1844 4.91447e-18 2.16948)
(37.1898 -5.01703e-18 2.07367)
(37.1978 0 1.98346)
(37.2079 -5.05312e-18 1.89826)
(37.2193 4.9973e-18 1.81751)
(37.2318 -5.15723e-18 1.74069)
(37.2448 5.11407e-18 1.66729)
(37.2582 8.59257e-20 1.59685)
(37.2716 1.51474e-19 1.52894)
(37.2848 1.52122e-19 1.46318)
(37.2977 -5.17383e-18 1.39919)
(37.31 5.06833e-18 1.33663)
(37.3217 5.39527e-18 1.2752)
(37.3327 -5.21225e-18 1.2146)
(37.3428 5.33794e-18 1.15456)
(37.3518 -5.41537e-18 1.09482)
(37.3598 -5.64101e-18 1.03512)
(37.3666 -1.55471e-19 0.975224)
(37.372 5.66483e-18 0.914887)
(37.3761 1.94381e-19 0.853864)
(37.3787 0 0.791904)
(37.3796 2.3517e-20 0.728718)
(37.3787 1.88519e-19 0.663998)
(37.376 0 0.597538)
(37.3714 -1.16013e-19 0.529214)
(37.3647 -1.22476e-19 0.45821)
(37.3553 -4.05203e-18 0.382687)
(37.3438 2.02358e-18 0.304285)
(37.3321 2.29469e-18 0.231901)
(37.319 1.7005e-19 0.148194)
(37.3013 3.46449e-19 -0.0284783)
(44.2441 0 2.05756)
(43.9308 0 2.9173)
(43.418 0 3.56831)
(42.8484 0 4.03039)
(42.2725 -1.87274e-18 4.33328)
(41.7255 5.13471e-19 4.51651)
(41.2186 0 4.61132)
(40.755 -1.13289e-18 4.64098)
(40.3337 1.70148e-19 4.62188)
(39.9522 0 4.56562)
(39.6079 0 4.48057)
(39.2984 1.35263e-19 4.37305)
(39.0218 4.40012e-19 4.24805)
(38.7762 -5.82536e-19 4.10975)
(38.56 -2.76957e-20 3.96182)
(38.3716 0 3.80755)
(38.2091 0 3.64988)
(38.0709 2.70136e-18 3.49147)
(37.9549 -5.30344e-18 3.33461)
(37.859 2.57479e-18 3.18119)
(37.781 -3.24653e-18 3.03273)
(37.7187 2.78839e-18 2.89033)
(37.67 -2.03814e-19 2.75472)
(37.6329 -3.25842e-18 2.62629)
(37.6056 6.92384e-18 2.50516)
(37.5864 -3.56887e-18 2.39121)
(37.5739 -3.53072e-18 2.28416)
(37.5669 3.44937e-18 2.18364)
(37.5642 3.59906e-18 2.08917)
(37.5651 -3.45284e-18 2.00025)
(37.5686 -3.64353e-18 1.91636)
(37.5743 3.66386e-18 1.83701)
(37.5815 1.07666e-19 1.76168)
(37.5899 0 1.68993)
(37.5991 -3.63573e-18 1.62129)
(37.6088 7.43133e-18 1.55538)
(37.6187 -1.20669e-19 1.4918)
(37.6287 -3.766e-18 1.43021)
(37.6385 3.7381e-18 1.37028)
(37.6481 -7.56095e-18 1.31172)
(37.6572 3.82636e-18 1.25425)
(37.6657 3.69844e-18 1.19761)
(37.6736 -3.87166e-18 1.14157)
(37.6807 0 1.08588)
(37.687 -3.95291e-18 1.03033)
(37.6923 4.15247e-18 0.974702)
(37.6965 4.21891e-18 0.918787)
(37.6995 -4.06113e-18 0.862369)
(37.7013 -2.51051e-19 0.805233)
(37.7018 4.3786e-18 0.747149)
(37.7008 -4.36015e-18 0.687854)
(37.6982 -4.33053e-19 0.627063)
(37.694 0 0.564581)
(37.688 5.12153e-18 0.500287)
(37.6801 -5.55224e-18 0.433409)
(37.6698 -2.88943e-18 0.362219)
(37.6576 -6.21392e-20 0.28824)
(37.6453 3.33173e-18 0.219787)
(37.6316 2.22562e-19 0.140463)
(37.6135 -7.97341e-19 -0.026762)
(43.7047 5.29998e-18 1.79683)
(43.4717 2.82291e-19 2.5181)
(43.0678 1.6964e-18 3.09085)
(42.5992 1.11531e-18 3.51923)
(42.1083 -7.86687e-19 3.81435)
(41.6292 -1.40214e-19 4.00244)
(41.1769 -1.20999e-19 4.10701)
(40.7584 4.66702e-19 4.14764)
(40.3757 0 4.13923)
(40.0288 -5.79052e-20 4.09312)
(39.7165 4.32639e-20 4.01795)
(39.4373 -1.13653e-19 3.92053)
(39.1897 -1.54647e-19 3.80638)
(38.9718 1.05806e-18 3.68014)
(38.7818 -2.52297e-18 3.54574)
(38.6179 1.30539e-18 3.40659)
(38.4781 -1.48164e-18 3.26559)
(38.36 1.89229e-18 3.12516)
(38.2617 1.85045e-18 2.98726)
(38.1807 -1.9842e-18 2.85339)
(38.115 2.18059e-18 2.72464)
(38.0624 -2.0496e-18 2.60173)
(38.0211 2.41795e-18 2.48505)
(37.9893 -2.43987e-18 2.37474)
(37.9654 -2.44947e-18 2.27072)
(37.9482 -2.3965e-20 2.17277)
(37.9363 5.03262e-18 2.08057)
(37.9288 -2.45381e-18 1.99372)
(37.925 0 1.9118)
(37.9239 -5.27884e-18 1.83436)
(37.9251 5.21888e-18 1.76096)
(37.9281 5.24898e-18 1.69118)
(37.9324 -5.36751e-18 1.62462)
(37.9377 5.29427e-18 1.56088)
(37.9437 -9.61908e-21 1.49962)
(37.9501 -5.34715e-18 1.44049)
(37.9568 9.12983e-20 1.38321)
(37.9635 -1.70307e-19 1.32747)
(37.9702 -9.21266e-20 1.27303)
(37.9766 0 1.21964)
(37.9826 2.53632e-19 1.16706)
(37.9882 5.52995e-18 1.1151)
(37.9932 1.54564e-19 1.06355)
(37.9976 -1.11387e-17 1.01222)
(38.0012 1.16214e-17 0.960906)
(38.004 -5.9873e-18 0.90944)
(38.0058 6.09313e-18 0.857637)
(38.0067 -6.24683e-18 0.805306)
(38.0064 2.09454e-19 0.752254)
(38.005 -6.36601e-18 0.698275)
(38.0023 9.84563e-18 0.643128)
(37.9981 -3.17025e-18 0.586548)
(37.9926 0 0.528352)
(37.9855 0 0.468421)
(37.9766 -9.87667e-20 0.40603)
(37.9657 4.09654e-18 0.339572)
(37.953 -4.55261e-18 0.270439)
(37.9403 4.17279e-20 0.206303)
(37.9262 -1.85279e-19 0.131853)
(37.9081 4.23714e-19 -0.0247272)
(43.1947 -4.29721e-18 1.55312)
(43.0213 3.65501e-18 2.1483)
(42.7073 6.03541e-19 2.63907)
(42.3298 -3.50788e-18 3.02242)
(41.9215 1.72438e-18 3.29836)
(41.513 -4.90821e-19 3.48248)
(41.1202 -5.15081e-19 3.59129)
(40.7524 0 3.64025)
(40.4137 -1.01647e-19 3.64224)
(40.106 1.35068e-19 3.60774)
(39.8292 1.09449e-19 3.54516)
(39.5826 5.05093e-20 3.46139)
(39.365 2.28892e-19 3.36207)
(39.1746 0 3.25191)
(39.0097 0 3.13485)
(38.8683 0 3.01413)
(38.748 -2.82269e-20 2.89241)
(38.6469 2.37214e-18 2.77179)
(38.5626 2.54587e-19 2.65388)
(38.4932 1.36036e-19 2.53982)
(38.4365 -2.93642e-18 2.43041)
(38.3907 3.08232e-18 2.32609)
(38.3542 -3.20018e-18 2.22708)
(38.3256 0 2.13338)
(38.3035 0 2.04485)
(38.2868 0 1.96126)
(38.2745 0 1.88229)
(38.266 3.5928e-18 1.80759)
(38.2604 -7.24239e-18 1.73682)
(38.2572 3.64895e-18 1.6696)
(38.256 0 1.60558)
(38.2562 0 1.54441)
(38.2577 0 1.48576)
(38.26 5.4244e-20 1.42934)
(38.2629 0 1.37486)
(38.2663 -3.78637e-18 1.32205)
(38.27 3.7003e-18 1.27067)
(38.2737 -3.87372e-18 1.2205)
(38.2774 3.85727e-18 1.17132)
(38.2809 -3.88034e-18 1.12294)
(38.2841 7.69424e-18 1.07518)
(38.287 -7.90145e-18 1.02785)
(38.2894 -1.3439e-19 0.980808)
(38.2913 3.90515e-18 0.933877)
(38.2925 -4.12155e-18 0.886898)
(38.293 4.30971e-18 0.839717)
(38.2927 -4.64248e-18 0.792176)
(38.2916 4.33779e-18 0.744108)
(38.2895 0 0.695342)
(38.2864 0 0.64569)
(38.2822 5.01457e-18 0.594933)
(38.2767 1.88473e-20 0.542826)
(38.27 -5.11523e-18 0.489199)
(38.262 0 0.43393)
(38.2525 3.05286e-18 0.376348)
(38.2411 -2.84166e-18 0.314973)
(38.2283 1.03896e-19 0.251063)
(38.2154 0 0.191596)
(38.2013 0 0.122458)
(38.1834 0 -0.0224856)
(42.7207 3.48273e-19 1.32439)
(42.5916 -3.49931e-18 1.80885)
(42.3501 1.05928e-18 2.21953)
(42.0518 1.15946e-18 2.55188)
(41.7204 -2.25805e-18 2.80031)
(41.3813 1.89791e-18 2.973)
(41.0497 0 3.0807)
(40.7354 -4.71216e-19 3.13497)
(40.4438 8.72252e-19 3.14637)
(40.1778 -3.93094e-19 3.12403)
(39.9383 0 3.07568)
(39.725 -4.24641e-20 3.00781)
(39.5371 -8.317e-20 2.92579)
(39.3732 -8.89425e-20 2.83408)
(39.2315 2.10477e-18 2.73636)
(39.1099 -9.31402e-19 2.63554)
(39.0067 -1.58409e-18 2.53397)
(38.9196 -1.7161e-18 2.43341)
(38.8467 -1.1718e-19 2.33517)
(38.7861 1.98472e-18 2.24014)
(38.7361 2.02049e-18 2.14891)
(38.6953 -4.12924e-18 2.06179)
(38.6621 2.18571e-18 1.97891)
(38.6353 0 1.90023)
(38.614 6.67712e-20 1.82562)
(38.5973 2.40938e-18 1.75487)
(38.5843 2.46672e-20 1.68773)
(38.5744 2.50292e-18 1.62392)
(38.567 -4.99492e-18 1.56315)
(38.5617 0 1.50514)
(38.5581 -5.12087e-18 1.44962)
(38.5559 5.1479e-18 1.3963)
(38.5546 0 1.34494)
(38.5542 -4.53757e-20 1.29531)
(38.5545 0 1.24718)
(38.5551 0 1.20034)
(38.556 1.69198e-19 1.1546)
(38.557 -5.28025e-18 1.1098)
(38.558 1.07501e-17 1.06575)
(38.559 -1.08412e-17 1.0223)
(38.5597 5.51067e-18 0.979307)
(38.5602 1.61044e-19 0.936627)
(38.5602 0 0.894126)
(38.5599 0 0.851667)
(38.559 -9.98518e-20 0.809114)
(38.5575 -5.9123e-18 0.766337)
(38.5554 1.22609e-17 0.723197)
(38.5526 -5.9791e-18 0.67955)
(38.5489 0 0.635242)
(38.5444 0 0.590104)
(38.5389 -2.3102e-19 0.543937)
(38.5324 0 0.496518)
(38.5249 3.45988e-18 0.447685)
(38.5162 -7.70365e-18 0.39732)
(38.5062 4.06641e-18 0.344804)
(38.4947 -7.44789e-20 0.288792)
(38.4819 -2.37279e-18 0.230403)
(38.4691 2.56701e-18 0.175897)
(38.4552 0 0.112415)
(38.438 -3.83849e-19 -0.0200725)
(42.2877 0 1.11071)
(42.1919 -4.92678e-19 1.50029)
(42.0081 -3.49528e-18 1.83697)
(41.7767 1.70945e-18 2.11723)
(41.5139 1.63747e-18 2.33355)
(41.2399 -1.53409e-18 2.48952)
(40.9676 5.51852e-19 2.59167)
(40.7066 0 2.64822)
(40.4624 1.57273e-19 2.66734)
(40.2384 -9.13866e-20 2.65661)
(40.0359 -4.36646e-20 2.6227)
(39.8553 0 2.57132)
(39.6959 -3.88321e-19 2.50728)
(39.5566 -9.82925e-20 2.43456)
(39.4359 -5.45899e-19 2.35637)
(39.3321 1.42618e-18 2.27529)
(39.2435 6.94043e-20 2.19328)
(39.1682 0 2.11183)
(39.1047 0 2.03201)
(39.0514 -2.06135e-20 1.95455)
(39.0068 2.72869e-18 1.87991)
(38.9697 -2.83194e-18 1.80835)
(38.939 0 1.73997)
(38.9136 0 1.67474)
(38.8928 -3.27856e-18 1.61258)
(38.8758 -9.67696e-20 1.55332)
(38.862 3.22411e-18 1.49679)
(38.8508 4.74862e-20 1.44277)
(38.8419 0 1.39106)
(38.8347 -4.89677e-20 1.34143)
(38.8291 0 1.29369)
(38.8246 -3.4801e-18 1.24763)
(38.8211 3.59955e-18 1.20306)
(38.8184 -3.64414e-18 1.15979)
(38.8162 3.56146e-18 1.11768)
(38.8145 3.60055e-18 1.07654)
(38.813 -5.67328e-20 1.03624)
(38.8117 -3.70888e-18 0.996648)
(38.8104 6.53609e-20 0.957622)
(38.8092 -6.59587e-20 0.91904)
(38.8077 0 0.880786)
(38.8061 -1.34757e-19 0.842748)
(38.8042 0 0.804815)
(38.802 -3.99241e-18 0.766875)
(38.7994 4.16637e-18 0.728813)
(38.7962 1.19197e-19 0.690518)
(38.7926 0 0.651872)
(38.7883 -1.49713e-19 0.612748)
(38.7834 0 0.57301)
(38.7778 0 0.532508)
(38.7714 0 0.49106)
(38.7641 -2.86506e-19 0.448465)
(38.7559 5.52387e-18 0.404572)
(38.7469 -5.43006e-18 0.359263)
(38.7367 -2.90431e-18 0.311978)
(38.7252 -2.99782e-20 0.261509)
(38.7127 3.30268e-18 0.208837)
(38.7003 1.84061e-18 0.15949)
(38.6868 -1.78935e-18 0.101917)
(38.6704 8.64235e-19 -0.0175814)
(41.8986 0 0.913768)
(41.8286 -2.036e-18 1.22344)
(41.6905 2.29452e-18 1.49462)
(41.5143 -1.45366e-18 1.72547)
(41.3106 1.09647e-18 1.90857)
(41.0947 -6.47981e-19 2.045)
(40.8773 -4.66664e-19 2.13844)
(40.6664 -5.97821e-19 2.19449)
(40.4673 -3.67713e-19 2.2192)
(40.2833 8.72509e-19 2.21851)
(40.1161 -1.09536e-19 2.19785)
(39.9661 1.12544e-19 2.16197)
(39.8332 8.57648e-19 2.11495)
(39.7164 -7.4303e-19 2.06013)
(39.6147 -9.72084e-19 2.00024)
(39.5267 8.16339e-19 1.93743)
(39.4509 1.23757e-18 1.87335)
(39.386 7.1995e-20 1.80925)
(39.3306 1.24551e-19 1.74602)
(39.2835 4.81362e-20 1.68427)
(39.2435 -1.66383e-18 1.62441)
(39.2097 0 1.56666)
(39.1812 -1.89711e-18 1.51114)
(39.1571 3.98847e-18 1.45785)
(39.1368 -4.08732e-18 1.40676)
(39.1197 2.13886e-18 1.35776)
(39.1053 3.9039e-20 1.31073)
(39.0933 -3.97812e-20 1.26553)
(39.0831 0 1.22203)
(39.0745 4.10155e-20 1.18005)
(39.0672 4.71646e-18 1.13947)
(39.0609 -4.74972e-18 1.10013)
(39.0556 -4.24563e-20 1.06189)
(39.051 4.28761e-20 1.02462)
(39.0469 1.12662e-19 0.988211)
(39.0432 4.99771e-18 0.952527)
(39.0398 -9.99213e-18 0.917465)
(39.0366 5.11297e-18 0.882921)
(39.0335 0 0.848794)
(39.0304 0 0.814988)
(39.0273 5.25023e-18 0.781409)
(39.024 -5.30361e-18 0.74797)
(39.0205 -1.54405e-19 0.714581)
(39.0168 5.50241e-18 0.681149)
(39.0127 -5.67875e-18 0.64758)
(39.0083 -9.97822e-20 0.61378)
(39.0034 0 0.579648)
(38.9981 0 0.545073)
(38.9923 0 0.509935)
(38.9859 6.40796e-18 0.474101)
(38.9788 -3.275e-18 0.43741)
(38.9711 -6.66615e-18 0.39968)
(38.9626 3.47725e-18 0.360769)
(38.9534 3.83348e-18 0.320566)
(38.9433 -3.9156e-18 0.278568)
(38.932 4.36868e-18 0.233705)
(38.92 -4.67793e-18 0.186821)
(38.9082 2.5903e-18 0.142728)
(38.8954 -3.38026e-18 0.0911924)
(38.8802 -4.54149e-19 -0.0151119)
(41.5548 2.47743e-19 0.735981)
(41.5051 8.80923e-19 0.979291)
(41.4032 -9.43685e-19 1.19442)
(41.2717 9.80547e-19 1.38089)
(41.1173 0 1.53228)
(40.9513 -4.13401e-19 1.64848)
(40.782 -1.16181e-18 1.73141)
(40.6159 2.12913e-18 1.78471)
(40.4576 -7.57454e-19 1.81269)
(40.3101 -4.78242e-19 1.81979)
(40.175 2.82524e-19 1.8102)
(40.0529 2.57471e-19 1.78769)
(39.9439 0 1.75551)
(39.8475 -3.00039e-19 1.71639)
(39.7628 3.01765e-19 1.67254)
(39.6888 4.27874e-20 1.62572)
(39.6245 -1.43943e-18 1.57731)
(39.5689 1.51814e-18 1.52832)
(39.5208 0 1.47952)
(39.4794 2.04335e-18 1.43143)
(39.4438 -2.02318e-18 1.38441)
(39.4132 -2.34056e-18 1.33869)
(39.3868 2.31488e-18 1.2944)
(39.3642 3.48063e-20 1.25158)
(39.3446 -2.6705e-18 1.21024)
(39.3278 2.72527e-18 1.17032)
(39.3133 -2.83398e-18 1.13176)
(39.3007 2.84998e-18 1.09448)
(39.2897 -2.96588e-18 1.05838)
(39.2801 2.98135e-18 1.02336)
(39.2717 -2.75806e-20 0.989336)
(39.2642 4.35901e-20 0.956197)
(39.2576 -4.43352e-20 0.923849)
(39.2515 4.50496e-20 0.892202)
(39.246 -1.0387e-19 0.861166)
(39.2409 -3.30352e-18 0.830656)
(39.236 -2.33595e-20 0.800591)
(39.2314 3.3103e-18 0.770896)
(39.2269 3.44079e-18 0.741496)
(39.2225 -3.46903e-18 0.712315)
(39.218 -1.00332e-19 0.683283)
(39.2135 0 0.654331)
(39.2088 1.29331e-19 0.625386)
(39.204 -1.06183e-19 0.596375)
(39.1989 -1.08545e-19 0.567218)
(39.1936 3.79958e-18 0.537836)
(39.1879 -3.98162e-18 0.508145)
(39.1819 -3.89215e-18 0.478049)
(39.1755 4.22275e-18 0.447442)
(39.1686 -4.40961e-18 0.416209)
(39.1612 4.54146e-18 0.384206)
(39.1532 -2.73346e-19 0.35127)
(39.1447 0 0.317275)
(39.1356 1.51754e-19 0.282111)
(39.1258 6.36096e-20 0.245334)
(39.1151 0 0.206012)
(39.1038 -3.28905e-18 0.164859)
(39.0927 3.66674e-18 0.125995)
(39.0808 2.77512e-19 0.0804883)
(39.0668 0 -0.0127478)
(41.2563 0 0.579703)
(41.2225 0 0.768577)
(41.1491 0 0.936952)
(41.0531 -1.23523e-18 1.08512)
(40.9386 1.49768e-19 1.20791)
(40.814 1.16636e-18 1.30473)
(40.6853 4.43952e-19 1.37647)
(40.5576 0 1.42541)
(40.4346 -1.45647e-18 1.45449)
(40.3189 1.99641e-18 1.4669)
(40.2119 -9.39465e-19 1.46572)
(40.1144 8.68193e-20 1.45383)
(40.0266 0 1.43371)
(39.9481 -1.51373e-20 1.4075)
(39.8786 1.23188e-20 1.37695)
(39.8172 0 1.34345)
(39.7633 -7.9265e-19 1.30813)
(39.7161 7.85026e-19 1.27182)
(39.6749 1.04759e-18 1.23516)
(39.6388 -1.08505e-18 1.19861)
(39.6074 0 1.1625)
(39.58 1.41534e-18 1.12704)
(39.556 -2.93271e-18 1.09239)
(39.535 -7.84944e-20 1.0586)
(39.5166 3.25886e-18 1.02572)
(39.5005 -1.70266e-18 0.993743)
(39.4862 0 0.962641)
(39.4736 3.68055e-18 0.932376)
(39.4624 -3.70007e-18 0.902897)
(39.4523 3.87131e-18 0.874146)
(39.4433 9.29428e-20 0.846063)
(39.4351 -4.01304e-18 0.818583)
(39.4276 6.56413e-20 0.791647)
(39.4206 -3.77598e-20 0.765192)
(39.4142 4.23834e-18 0.739158)
(39.4081 -4.2841e-18 0.713485)
(39.4023 4.40323e-18 0.688118)
(39.3967 1.06582e-19 0.663001)
(39.3913 -4.51037e-18 0.638079)
(39.3859 0 0.613298)
(39.3806 8.40781e-20 0.588601)
(39.3752 -4.81106e-18 0.563937)
(39.3698 4.8654e-18 0.539249)
(39.3643 8.89734e-20 0.514477)
(39.3586 9.09495e-20 0.489556)
(39.3527 9.3159e-20 0.464421)
(39.3466 -5.26839e-18 0.438999)
(39.3402 1.10835e-17 0.41321)
(39.3335 -5.71888e-18 0.386963)
(39.3264 0 0.360156)
(39.319 0 0.332665)
(39.3111 2.28942e-19 0.304345)
(39.3028 0 0.275083)
(39.2941 3.51254e-18 0.244777)
(39.2848 -4.07304e-18 0.213038)
(39.2748 4.17246e-18 0.179064)
(39.2643 -6.72919e-18 0.143452)
(39.2541 2.29456e-18 0.109677)
(39.2432 3.15952e-19 0.0700523)
(39.2306 0 -0.0105555)
(41.0014 2.31087e-19 0.446484)
(40.98 -1.56157e-18 0.591251)
(40.9286 -4.2186e-19 0.721388)
(40.8603 2.61213e-18 0.837455)
(40.7774 -8.85923e-19 0.935447)
(40.6859 -1.43247e-18 1.01464)
(40.5902 7.81658e-19 1.07533)
(40.4942 1.0743e-18 1.11891)
(40.4007 -8.54272e-20 1.14729)
(40.3117 -9.06353e-19 1.16267)
(40.2287 -5.89778e-19 1.16727)
(40.1522 1.12292e-19 1.16315)
(40.0826 3.63585e-19 1.15219)
(40.0198 3.16749e-22 1.13599)
(39.9635 -1.03602e-20 1.11589)
(39.9133 0 1.09299)
(39.8688 1.44959e-20 1.06816)
(39.8293 9.59874e-19 1.04211)
(39.7944 -9.48372e-19 1.01535)
(39.7635 0 0.988284)
(39.7362 0 0.961198)
(39.712 0 0.934301)
(39.6906 0 0.907737)
(39.6716 -1.77063e-20 0.881597)
(39.6547 0 0.855936)
(39.6396 2.78597e-20 0.830782)
(39.626 0 0.806138)
(39.6138 -2.27473e-18 0.781997)
(39.6028 2.28661e-18 0.758336)
(39.5928 -2.42353e-18 0.73513)
(39.5836 2.41276e-18 0.712344)
(39.5751 2.5548e-18 0.689944)
(39.5673 -2.55574e-18 0.667893)
(39.5599 0 0.646153)
(39.553 4.96742e-20 0.624684)
(39.5464 0 0.603447)
(39.5401 3.94483e-20 0.582405)
(39.534 -5.24983e-20 0.56152)
(39.5281 0 0.540752)
(39.5223 0 0.52006)
(39.5165 -8.63724e-20 0.499405)
(39.5107 0 0.478745)
(39.5049 -3.24121e-18 0.458038)
(39.4991 -4.05681e-20 0.437234)
(39.4931 5.38311e-20 0.416281)
(39.487 3.36762e-18 0.395127)
(39.4808 -3.74693e-18 0.37371)
(39.4743 3.55954e-18 0.351962)
(39.4677 0 0.329807)
(39.4607 -4.03196e-18 0.307155)
(39.4535 4.15192e-18 0.2839)
(39.4459 0 0.259917)
(39.4381 1.3146e-19 0.235105)
(39.4298 0 0.20937)
(39.4212 9.23771e-20 0.182377)
(39.4121 2.83731e-18 0.153447)
(39.4026 -3.0142e-18 0.12307)
(39.3933 -1.63502e-18 0.0941307)
(39.3836 1.81246e-18 0.0601126)
(39.3725 0 -0.00858127)
(40.7876 1.12203e-18 0.336585)
(40.7755 7.29063e-19 0.446077)
(40.7408 0 0.545431)
(40.6935 -6.9544e-19 0.635161)
(40.6348 -5.28731e-19 0.712239)
(40.5691 -7.62019e-19 0.775953)
(40.4995 1.53082e-18 0.826287)
(40.4287 2.00259e-19 0.864022)
(40.359 1.74532e-19 0.890378)
(40.292 -1.48183e-19 0.906813)
(40.2286 -7.54155e-19 0.91485)
(40.1697 8.96351e-19 0.915957)
(40.1155 -4.92178e-19 0.911477)
(40.066 4.48578e-19 0.902592)
(40.0212 -5.22829e-20 0.89031)
(39.9808 -7.01906e-20 0.875469)
(39.9445 1.23401e-19 0.858754)
(39.912 7.77491e-21 0.840711)
(39.8829 1.18223e-20 0.82177)
(39.8569 0 0.802264)
(39.8336 0 0.782446)
(39.8127 0 0.762506)
(39.794 -1.01206e-18 0.742581)
(39.7771 1.00659e-18 0.722769)
(39.7619 1.16547e-18 0.703137)
(39.7482 -1.19588e-18 0.683727)
(39.7357 0 0.664565)
(39.7243 -2.75571e-18 0.645659)
(39.7139 5.60631e-18 0.627011)
(39.7043 -2.88874e-18 0.608615)
(39.6954 3.06852e-18 0.590456)
(39.6871 -3.10505e-18 0.572519)
(39.6793 3.23284e-18 0.554784)
(39.672 -3.27981e-18 0.537232)
(39.665 4.70802e-20 0.519837)
(39.6584 3.53576e-18 0.502576)
(39.652 -3.59075e-18 0.485425)
(39.6457 0 0.468359)
(39.6397 -3.80924e-18 0.451349)
(39.6337 3.84018e-18 0.434369)
(39.6279 7.24163e-20 0.417386)
(39.622 4.0536e-18 0.400372)
(39.6162 -5.14077e-20 0.383293)
(39.6104 -4.276e-18 0.36611)
(39.6044 -4.67845e-18 0.348783)
(39.5984 4.49866e-18 0.331266)
(39.5923 -4.90606e-18 0.313511)
(39.5861 5.00809e-18 0.295461)
(39.5797 -1.43992e-19 0.27705)
(39.5731 5.36017e-18 0.258204)
(39.5663 -5.3619e-18 0.23883)
(39.5592 0 0.218824)
(39.552 -1.10161e-19 0.198095)
(39.5444 -3.12205e-18 0.176561)
(39.5366 3.57759e-18 0.153935)
(39.5284 -1.07526e-19 0.12965)
(39.5199 -1.82946e-20 0.104104)
(39.5118 2.28631e-18 0.0796576)
(39.5032 -2.98038e-18 0.0508612)
(39.4935 0 -0.00685149)
(40.6115 -1.68576e-18 0.248876)
(40.6059 0 0.330562)
(40.5834 0 0.40548)
(40.5516 1.16184e-18 0.473965)
(40.5112 -3.69327e-19 0.533765)
(40.465 -1.94173e-18 0.584233)
(40.4154 1.55845e-18 0.625195)
(40.3642 -1.30843e-18 0.657051)
(40.3132 8.93977e-19 0.680536)
(40.2635 9.76981e-19 0.696589)
(40.2161 -9.21301e-19 0.706225)
(40.1714 3.8993e-20 0.710454)
(40.1298 3.01114e-20 0.71022)
(40.0915 -3.01023e-19 0.706371)
(40.0564 1.26635e-19 0.699646)
(40.0244 1.82559e-19 0.690671)
(39.9953 -1.8672e-21 0.679967)
(39.969 -6.53287e-21 0.667961)
(39.9452 -1.36946e-20 0.654997)
(39.9236 -6.34106e-19 0.641346)
(39.9041 6.39718e-19 0.627222)
(39.8864 9.34225e-19 0.612791)
(39.8704 -9.30714e-19 0.598179)
(39.8558 -7.30548e-21 0.58348)
(39.8425 1.30419e-18 0.568763)
(39.8303 -1.31191e-18 0.554079)
(39.8191 0 0.539462)
(39.8088 1.61643e-18 0.524934)
(39.7993 -3.2975e-18 0.510508)
(39.7904 1.71313e-18 0.496189)
(39.7821 0 0.481978)
(39.7743 -1.90562e-18 0.467872)
(39.767 1.93312e-18 0.453863)
(39.76 0 0.439941)
(39.7533 2.06688e-18 0.426095)
(39.7469 -2.11755e-18 0.41231)
(39.7407 0 0.398573)
(39.7347 0 0.384867)
(39.7288 -6.60401e-20 0.371174)
(39.7231 -6.81666e-20 0.357474)
(39.7174 7.03622e-20 0.343745)
(39.7118 2.60971e-18 0.329966)
(39.7062 7.60767e-20 0.31611)
(39.7006 -2.75092e-18 0.302149)
(39.6949 1.04564e-19 0.288048)
(39.6893 2.47421e-20 0.273773)
(39.6835 -3.00031e-18 0.259284)
(39.6777 3.05927e-18 0.244532)
(39.6717 1.20707e-19 0.229465)
(39.6657 0 0.214019)
(39.6594 -3.38441e-19 0.198118)
(39.653 -3.89643e-18 0.181671)
(39.6465 4.04707e-18 0.164602)
(39.6397 -2.78866e-19 0.146838)
(39.6328 -2.15284e-19 0.128139)
(39.6255 9.00912e-20 0.108037)
(39.6182 -2.75229e-18 0.0868504)
(39.611 2.9143e-18 0.0664833)
(39.6036 -6.17781e-19 0.0424417)
(39.5953 9.62815e-19 -0.00537404)
(40.4689 1.35976e-18 0.181052)
(40.4676 -8.13657e-19 0.241171)
(40.4538 6.48651e-20 0.296963)
(40.4331 -3.13488e-19 0.348569)
(40.4059 -7.73124e-19 0.394337)
(40.3742 3.718e-19 0.433706)
(40.3394 7.15916e-19 0.466435)
(40.3031 -9.9987e-19 0.492691)
(40.2664 8.40084e-19 0.512892)
(40.2302 0 0.527617)
(40.1953 0 0.537526)
(40.1619 2.72e-20 0.543293)
(40.1306 0 0.545567)
(40.1014 0 0.544943)
(40.0743 -4.21083e-19 0.541951)
(40.0493 4.38519e-19 0.53705)
(40.0264 9.26698e-21 0.530628)
(40.0055 3.13951e-21 0.523011)
(39.9863 -1.1196e-23 0.514466)
(39.9688 0 0.505212)
(39.9527 0 0.495422)
(39.9381 -4.55407e-21 0.485237)
(39.9246 0 0.474766)
(39.9123 -6.09431e-19 0.464094)
(39.9009 6.11002e-19 0.453288)
(39.8904 0 0.442398)
(39.8806 1.6941e-18 0.431462)
(39.8716 -1.70383e-18 0.420506)
(39.8631 0 0.40955)
(39.8552 -1.3423e-20 0.398607)
(39.8477 2.17827e-18 0.387685)
(39.8406 -2.18876e-18 0.376786)
(39.8339 -1.59128e-20 0.365913)
(39.8275 2.50033e-18 0.355063)
(39.8214 -2.48945e-18 0.34423)
(39.8154 -2.76569e-18 0.333409)
(39.8097 2.72076e-18 0.322592)
(39.8041 0 0.311768)
(39.7987 5.53727e-20 0.300927)
(39.7933 3.12987e-18 0.290055)
(39.7881 2.16793e-20 0.279136)
(39.7828 9.59292e-20 0.268155)
(39.7777 -3.31129e-18 0.257091)
(39.7725 0 0.245923)
(39.7673 0 0.234625)
(39.7621 6.9824e-20 0.223168)
(39.7569 0 0.211519)
(39.7516 -1.15948e-19 0.199641)
(39.7463 -4.2562e-18 0.187488)
(39.7408 4.61881e-18 0.17501)
(39.7353 3.07229e-19 0.162142)
(39.7296 -2.54946e-18 0.148809)
(39.7238 -5.71981e-20 0.134948)
(39.7179 4.20929e-20 0.120493)
(39.7118 3.14404e-18 0.105247)
(39.7056 3.44963e-18 0.08883)
(39.6992 -3.60568e-18 0.0714919)
(39.6931 2.09259e-18 0.0547487)
(39.6868 -2.47279e-18 0.0349436)
(39.6799 0 -0.0041418)
(40.3556 -4.00663e-19 0.130076)
(40.3568 -3.12861e-19 0.173758)
(40.3488 1.43561e-18 0.214802)
(40.3358 -3.23005e-20 0.253201)
(40.318 -9.12603e-19 0.287761)
(40.2966 -1.42849e-18 0.318011)
(40.2728 2.22801e-18 0.343698)
(40.2474 -1.06535e-18 0.364857)
(40.2215 7.50407e-20 0.381702)
(40.1955 0 0.394578)
(40.1701 0 0.403898)
(40.1456 -5.04939e-20 0.410102)
(40.1223 0 0.413625)
(40.1004 0 0.414877)
(40.0798 1.35341e-20 0.414229)
(40.0607 -6.00915e-19 0.412011)
(40.0429 1.71856e-19 0.408507)
(40.0265 1.74398e-19 0.40396)
(40.0113 3.25819e-19 0.398574)
(39.9973 -1.51608e-19 0.392519)
(39.9844 6.98759e-20 0.385933)
(39.9725 3.82191e-21 0.37893)
(39.9614 2.30111e-21 0.371601)
(39.9512 -3.16929e-21 0.364022)
(39.9417 7.05583e-19 0.356249)
(39.9328 -6.97764e-19 0.348331)
(39.9245 -8.87285e-21 0.340302)
(39.9167 3.51421e-21 0.332191)
(39.9094 -6.86014e-21 0.324019)
(39.9025 -1.16113e-18 0.315803)
(39.896 1.17794e-18 0.307552)
(39.8898 0 0.299276)
(39.8839 1.33421e-20 0.290978)
(39.8782 0 0.282662)
(39.8727 0 0.274327)
(39.8674 -1.60488e-18 0.26597)
(39.8623 -6.32386e-20 0.257588)
(39.8573 1.72002e-18 0.249176)
(39.8524 -5.01573e-20 0.240727)
(39.8476 -1.89649e-18 0.232232)
(39.8428 -6.04358e-20 0.223681)
(39.8382 -2.20831e-20 0.215061)
(39.8335 4.28817e-18 0.206358)
(39.8289 -2.20168e-18 0.197556)
(39.8243 0 0.188633)
(39.8197 -6.75069e-20 0.179568)
(39.8151 0 0.170334)
(39.8104 2.45151e-19 0.160901)
(39.8057 -1.01723e-19 0.151233)
(39.8009 5.67752e-20 0.141287)
(39.7961 3.18207e-18 0.131011)
(39.7912 -3.22713e-18 0.120345)
(39.7862 -9.74519e-20 0.109233)
(39.7811 3.65438e-18 0.0976214)
(39.7759 -3.95075e-18 0.0853494)
(39.7706 2.05429e-18 0.0721109)
(39.7653 -2.32939e-18 0.0581013)
(39.7601 7.37876e-20 0.0445112)
(39.7548 7.93785e-19 0.0284029)
(39.7491 -4.53298e-19 -0.00313664)
(40.2671 -3.81313e-19 0.0926739)
(40.2695 -1.80395e-19 0.124051)
(40.2652 6.41304e-19 0.153902)
(40.2574 4.30751e-19 0.182133)
(40.2459 -1.12431e-18 0.207891)
(40.2319 -1.56274e-18 0.230796)
(40.2158 1.88021e-18 0.250614)
(40.1984 7.52523e-19 0.267309)
(40.1802 -7.69784e-19 0.280977)
(40.1619 7.70537e-20 0.291811)
(40.1437 7.02781e-20 0.300061)
(40.126 -1.01859e-18 0.306005)
(40.1089 1.03564e-18 0.309931)
(40.0926 7.89804e-19 0.312113)
(40.0772 -1.45115e-18 0.312807)
(40.0628 6.50941e-19 0.312245)
(40.0492 6.92817e-21 0.310632)
(40.0365 0 0.308145)
(40.0247 0 0.304936)
(40.0137 9.93765e-20 0.301133)
(40.0035 -1.00205e-19 0.296845)
(39.994 -1.56872e-22 0.292161)
(39.985 -1.93012e-21 0.287155)
(39.9767 2.50547e-19 0.281889)
(39.9689 7.39221e-20 0.276411)
(39.9616 -3.22487e-19 0.270763)
(39.9547 0 0.264976)
(39.9482 5.19386e-21 0.259076)
(39.9421 1.19046e-18 0.253085)
(39.9363 1.14569e-19 0.247018)
(39.9307 -1.30369e-18 0.240888)
(39.9254 -1.53574e-18 0.234703)
(39.9203 -9.14475e-20 0.228471)
(39.9154 3.38602e-18 0.222196)
(39.9106 -3.59949e-18 0.215881)
(39.906 -9.38639e-20 0.209524)
(39.9016 1.99137e-18 0.203127)
(39.8972 2.88749e-20 0.196686)
(39.8929 4.20352e-20 0.190197)
(39.8888 3.19435e-20 0.183654)
(39.8846 0 0.177051)
(39.8806 0 0.170379)
(39.8765 2.63732e-18 0.163627)
(39.8725 1.16795e-20 0.156782)
(39.8685 -2.95461e-18 0.149829)
(39.8646 5.65746e-20 0.14275)
(39.8606 3.25102e-18 0.135525)
(39.8565 6.52716e-20 0.128129)
(39.8525 -3.49076e-18 0.120533)
(39.8484 3.64769e-18 0.112704)
(39.8443 -4.1517e-18 0.104599)
(39.8401 -1.17195e-19 0.0961681)
(39.8359 -2.30839e-18 0.0873673)
(39.8316 2.45265e-18 0.078151)
(39.8273 -2.61714e-18 0.0683894)
(39.8228 2.82342e-18 0.05784)
(39.8184 7.60502e-21 0.0466534)
(39.8141 -1.7839e-18 0.0357531)
(39.8097 2.02966e-18 0.0228081)
(39.805 -3.21112e-19 -0.00233348)
(40.1989 5.60581e-19 0.0657393)
(40.2017 0 0.0880646)
(40.1997 0 0.109558)
(40.1952 -5.73377e-19 0.130086)
(40.1881 8.89628e-19 0.149053)
(40.1789 0 0.166159)
(40.1682 1.13586e-18 0.181206)
(40.1564 -1.97803e-19 0.194129)
(40.1439 -1.02433e-18 0.204955)
(40.1311 -1.28848e-20 0.213785)
(40.1183 -8.55444e-19 0.220765)
(40.1056 8.10567e-19 0.226066)
(40.0932 -6.04611e-19 0.229873)
(40.0813 6.33411e-19 0.232367)
(40.07 5.10598e-19 0.233721)
(40.0592 -4.99117e-19 0.234096)
(40.049 0 0.233635)
(40.0394 9.61483e-21 0.232465)
(40.0303 0 0.230698)
(40.0218 0 0.228428)
(40.0138 0 0.225738)
(40.0063 1.38768e-21 0.222696)
(39.9993 -4.74427e-20 0.219362)
(39.9926 -1.06928e-19 0.215782)
(39.9863 4.06271e-19 0.211997)
(39.9804 -2.58087e-19 0.208042)
(39.9748 -4.44037e-19 0.203943)
(39.9695 9.77148e-19 0.199724)
(39.9644 -1.15451e-18 0.195401)
(39.9596 1.31653e-18 0.190991)
(39.955 8.14417e-20 0.186505)
(39.9505 8.22005e-20 0.181952)
(39.9463 -8.56571e-19 0.17734)
(39.9421 -1.30024e-20 0.172673)
(39.9381 -1.07881e-18 0.167954)
(39.9342 1.08488e-18 0.163186)
(39.9305 -3.90804e-20 0.15837)
(39.9268 -1.31999e-18 0.153504)
(39.9231 -6.34017e-20 0.148586)
(39.9196 1.31428e-18 0.143612)
(39.9161 0 0.138579)
(39.9126 0 0.133479)
(39.9092 -1.65971e-18 0.128305)
(39.9058 3.47419e-18 0.123047)
(39.9024 -1.71718e-18 0.117694)
(39.899 -5.28905e-20 0.112231)
(39.8957 5.57374e-20 0.106644)
(39.8923 -7.84382e-20 0.100912)
(39.8889 -2.27068e-18 0.0950123)
(39.8855 2.32975e-18 0.0889181)
(39.882 -2.59413e-18 0.0825956)
(39.8785 2.06079e-20 0.0760054)
(39.875 2.83991e-18 0.069111)
(39.8715 0 0.0618752)
(39.8679 1.67994e-18 0.0541947)
(39.8642 -1.83e-18 0.0458793)
(39.8606 -1.80923e-20 0.037044)
(39.8571 -1.11044e-18 0.0283967)
(39.8536 1.21923e-18 0.0181093)
(39.8498 3.20464e-19 -0.00170398)
(40.1472 -3.20246e-20 0.0465917)
(40.1499 1.76899e-19 0.0623611)
(40.1492 -5.24635e-19 0.0777074)
(40.1467 -1.45345e-18 0.0924958)
(40.1424 1.05999e-18 0.106313)
(40.1365 0 0.118932)
(40.1295 0 0.130193)
(40.1216 9.8764e-20 0.140025)
(40.1131 -7.27053e-20 0.148422)
(40.1042 1.12112e-18 0.155431)
(40.0952 -1.21894e-18 0.161132)
(40.0863 0 0.165629)
(40.0774 8.68315e-19 0.169036)
(40.0688 -1.72524e-18 0.171472)
(40.0605 1.5403e-18 0.173052)
(40.0526 -9.89403e-20 0.173884)
(40.045 -6.36279e-19 0.174067)
(40.0378 -8.06155e-21 0.173692)
(40.0309 -3.72025e-19 0.172838)
(40.0244 3.80395e-19 0.171574)
(40.0183 0 0.16996)
(40.0125 -1.05254e-21 0.168049)
(40.007 3.84936e-22 0.165885)
(40.0018 -9.31211e-22 0.163505)
(39.9968 0 0.160942)
(39.9921 1.3038e-19 0.158221)
(39.9877 2.56228e-19 0.155365)
(39.9834 -3.85202e-19 0.152393)
(39.9793 0 0.149321)
(39.9754 7.31729e-19 0.146161)
(39.9716 -7.34839e-19 0.142924)
(39.968 -5.84087e-21 0.139617)
(39.9644 1.03374e-18 0.136248)
(39.961 -1.03803e-18 0.132821)
(39.9577 -1.24483e-18 0.129341)
(39.9545 1.23434e-18 0.125808)
(39.9514 -1.40994e-18 0.122226)
(39.9483 3.01335e-18 0.118594)
(39.9453 -1.55231e-18 0.11491)
(39.9424 5.55318e-20 0.111173)
(39.9394 1.84365e-18 0.107379)
(39.9366 -1.86214e-18 0.103525)
(39.9337 3.79473e-20 0.0996037)
(39.9309 9.85605e-20 0.0956089)
(39.9281 0 0.0915312)
(39.9253 4.42911e-20 0.0873603)
(39.9225 -1.15999e-19 0.0830837)
(39.9197 -2.69574e-18 0.0786864)
(39.9169 2.83548e-18 0.0741503)
(39.9141 0 0.0694541)
(39.9112 3.24704e-18 0.0645711)
(39.9084 -3.32667e-18 0.0594701)
(39.9055 1.90503e-18 0.0541222)
(39.9026 -1.91975e-18 0.0484968)
(39.8997 -2.14131e-18 0.0425128)
(39.8967 2.31059e-18 0.0360227)
(39.8938 0 0.0291134)
(39.891 0 0.0223218)
(39.8881 0 0.0142294)
(39.8851 -2.68447e-19 -0.00121942)
(40.1085 0 0.0330786)
(40.1108 0 0.0441613)
(40.1107 3.35337e-19 0.0550489)
(40.1095 -1.02078e-19 0.0656214)
(40.1069 6.28892e-19 0.0755961)
(40.1032 -1.36913e-18 0.0848069)
(40.0986 4.46581e-20 0.0931294)
(40.0934 8.99111e-19 0.1005)
(40.0876 6.10743e-20 0.106897)
(40.0816 7.66404e-19 0.112338)
(40.0753 -7.53689e-19 0.116866)
(40.069 -3.95258e-20 0.12054)
(40.0628 1.83332e-20 0.123431)
(40.0566 0 0.125615)
(40.0506 1.5354e-20 0.127166)
(40.0448 -1.38454e-20 0.128157)
(40.0392 -7.81694e-19 0.128655)
(40.0339 8.02178e-19 0.128723)
(40.0288 -5.84747e-19 0.128417)
(40.0239 5.85487e-19 0.127786)
(40.0192 3.83e-19 0.126874)
(40.0148 -3.89094e-19 0.125719)
(40.0106 -1.99953e-19 0.124354)
(40.0065 2.00615e-19 0.122808)
(40.0027 0 0.121104)
(39.999 1.42502e-22 0.119264)
(39.9955 -1.52351e-21 0.117305)
(39.9921 -2.23798e-21 0.115243)
(39.9888 0 0.113089)
(39.9857 -5.6589e-21 0.110854)
(39.9827 4.36553e-19 0.108546)
(39.9798 7.92473e-20 0.106173)
(39.9769 -5.09199e-19 0.103741)
(39.9742 0 0.101254)
(39.9715 9.07234e-21 0.0987151)
(39.9689 -7.62323e-19 0.096127)
(39.9664 7.65874e-19 0.0934911)
(39.9639 -1.70051e-20 0.090808)
(39.9614 -2.57312e-20 0.0880773)
(39.959 1.02431e-18 0.0852976)
(39.9566 5.93517e-20 0.0824668)
(39.9543 -1.12365e-18 0.0795819)
(39.9519 0 0.0766388)
(39.9496 -4.90484e-20 0.0736321)
(39.9473 1.44825e-18 0.0705548)
(39.9451 -1.43278e-18 0.0673991)
(39.9428 -2.77106e-20 0.0641555)
(39.9405 9.10852e-20 0.0608122)
(39.9382 -6.51364e-20 0.0573552)
(39.9359 0 0.0537679)
(39.9336 7.36837e-20 0.0500294)
(39.9313 -1.17998e-19 0.0461153)
(39.929 0 0.0420027)
(39.9267 2.50042e-18 0.0376671)
(39.9243 -1.27248e-18 0.0330454)
(39.922 -2.95765e-18 0.0280244)
(39.9196 1.58349e-18 0.0226692)
(39.9174 0 0.0173825)
(39.9151 0 0.0110753)
(39.9128 0 -0.00085277)
(40.0796 -2.42653e-19 0.0235648)
(40.0816 1.50901e-20 0.0313303)
(40.0818 -1.22008e-20 0.0390196)
(40.0812 -7.56862e-20 0.0465342)
(40.0797 -4.85436e-19 0.0536833)
(40.0774 5.87025e-19 0.0603473)
(40.0744 5.57129e-19 0.0664337)
(40.071 -5.69904e-19 0.071889)
(40.0671 0 0.0766896)
(40.063 -2.87581e-20 0.0808373)
(40.0587 0 0.0843527)
(40.0543 3.31418e-20 0.0872697)
(40.0499 -1.5367e-20 0.0896308)
(40.0455 -7.33053e-19 0.091483)
(40.0412 1.44299e-18 0.0928746)
(40.037 -1.3122e-18 0.0938533)
(40.033 6.3009e-19 0.0944647)
(40.029 -5.02733e-19 0.0947511)
(40.0253 4.99644e-19 0.0947512)
(40.0216 -5.87096e-21 0.0945)
(40.0181 3.1069e-19 0.0940286)
(40.0148 -3.10108e-19 0.0933646)
(40.0116 0 0.0925319)
(40.0085 1.12664e-21 0.0915516)
(40.0055 -7.74622e-20 0.0904418)
(40.0027 1.32423e-19 0.0892183)
(40 -5.21234e-20 0.0878945)
(39.9973 -1.52879e-19 0.0864819)
(39.9948 1.53589e-19 0.0849902)
(39.9923 1.7216e-21 0.0834278)
(39.9899 2.49375e-21 0.0818016)
(39.9876 5.28887e-19 0.0801174)
(39.9854 -1.16139e-18 0.0783798)
(39.9832 6.27925e-19 0.0765927)
(39.9811 8.0042e-19 0.0747589)
(39.979 -1.69838e-18 0.0728805)
(39.9769 8.83733e-19 0.0709591)
(39.9749 1.38794e-20 0.0689952)
(39.973 -1.14848e-18 0.066989)
(39.971 1.16425e-18 0.0649394)
(39.9691 0 0.0628452)
(39.9672 0 0.0607041)
(39.9654 0 0.0585133)
(39.9635 0 0.0562685)
(39.9617 1.64952e-18 0.0539647)
(39.9598 -1.75547e-18 0.0515959)
(39.958 1.89598e-20 0.0491547)
(39.9562 2.00232e-18 0.0466322)
(39.9543 -4.3399e-18 0.0440176)
(39.9525 -1.53472e-19 0.0412979)
(39.9507 2.43094e-18 0.0384571)
(39.9488 2.5081e-20 0.0354763)
(39.947 1.37523e-18 0.0323373)
(39.9451 -1.43342e-18 0.029021)
(39.9433 1.80039e-18 0.0254786)
(39.9414 -1.82572e-18 0.0216241)
(39.9395 0 0.0175059)
(39.9378 1.14282e-18 0.013423)
(39.936 -6.07081e-19 0.00854722)
(39.9342 -7.2544e-19 -0.000579877)
(40.0583 9.51977e-20 0.0168573)
(40.0599 1.00197e-19 0.0222909)
(40.0602 1.04124e-19 0.0277052)
(40.06 -1.84965e-19 0.0330241)
(40.0591 -3.56042e-19 0.0381194)
(40.0577 3.65269e-19 0.0429069)
(40.0558 0 0.0473195)
(40.0535 0 0.0513156)
(40.051 0 0.0548731)
(40.0482 6.60347e-19 0.0579877)
(40.0452 -7.66659e-20 0.0606678)
(40.0422 -4.32992e-20 0.0629321)
(40.0391 -4.42988e-20 0.0648055)
(40.036 -5.48457e-19 0.0663169)
(40.0329 0 0.0674972)
(40.0299 0 0.0683774)
(40.027 4.37153e-21 0.0689877)
(40.0241 1.16005e-20 0.0693565)
(40.0214 4.67476e-21 0.0695104)
(40.0187 4.90819e-21 0.0694736)
(40.0161 3.61205e-21 0.0692679)
(40.0136 -3.83675e-19 0.0689128)
(40.0112 3.86131e-19 0.0684256)
(40.0088 2.08322e-21 0.0678214)
(40.0066 -1.70747e-19 0.0671137)
(40.0044 1.70893e-19 0.066314)
(40.0023 0 0.0654323)
(40.0003 -2.78004e-20 0.0644774)
(39.9983 -6.32153e-20 0.0634566)
(39.9964 2.44774e-19 0.0623763)
(39.9946 -3.69006e-19 0.061242)
(39.9928 2.1513e-19 0.060058)
(39.991 -3.94908e-21 0.0588281)
(39.9893 -4.77626e-21 0.0575555)
(39.9876 -4.23208e-21 0.0562424)
(39.986 0 0.0548906)
(39.9844 5.6748e-19 0.0535013)
(39.9828 -5.79539e-19 0.0520752)
(39.9812 1.26418e-20 0.0506125)
(39.9797 1.93556e-20 0.0491127)
(39.9782 0 0.0475747)
(39.9767 -8.58367e-19 0.0459971)
(39.9752 8.68128e-19 0.0443777)
(39.9737 0 0.0427133)
(39.9722 3.87967e-20 0.0410002)
(39.9708 0 0.0392339)
(39.9693 4.4094e-20 0.0374087)
(39.9679 0 0.0355178)
(39.9664 7.39891e-20 0.033553)
(39.965 1.51687e-18 0.0315043)
(39.9635 -1.42189e-18 0.0293594)
(39.9621 1.746e-18 0.0271036)
(39.9606 1.31909e-19 0.0247232)
(39.9592 -1.9681e-18 0.0222028)
(39.9577 -1.2054e-18 0.0195053)
(39.9562 1.2075e-18 0.016566)
(39.9548 -1.29091e-18 0.0134206)
(39.9534 6.59076e-19 0.0102887)
(39.9521 7.89109e-19 0.00654658)
(39.9507 0 -0.000380079)
(40.0427 0 0.0121109)
(40.0439 -4.11216e-19 0.0159114)
(40.0442 4.23947e-19 0.0197169)
(40.0442 -3.06159e-20 0.0234703)
(40.0437 0 0.0270864)
(40.0428 -4.93943e-20 0.0305066)
(40.0416 -3.88003e-19 0.0336834)
(40.0401 4.46777e-19 0.0365856)
(40.0384 -2.37533e-20 0.039195)
(40.0365 0 0.0415052)
(40.0345 8.01953e-19 0.0435187)
(40.0324 -7.84968e-19 0.0452451)
(40.0303 0 0.0466989)
(40.0281 -1.22918e-20 0.0478979)
(40.0259 -6.0541e-19 0.0488612)
(40.0238 6.12296e-19 0.049609)
(40.0217 -9.61959e-21 0.0501609)
(40.0196 4.67923e-19 0.050536)
(40.0176 -4.73287e-19 0.0507522)
(40.0156 0 0.050826)
(40.0137 3.17163e-19 0.0507725)
(40.0119 -3.27408e-19 0.0506053)
(40.0101 -2.38302e-19 0.0503367)
(40.0083 4.22933e-19 0.0499774)
(40.0066 -1.95227e-19 0.0495371)
(40.005 -1.93035e-21 0.0490242)
(40.0034 0 0.0484459)
(40.0019 4.2206e-20 0.0478088)
(40.0003 -5.34364e-21 0.0471183)
(39.9989 -3.77967e-20 0.0463793)
(39.9975 -1.96716e-19 0.0455956)
(39.9961 1.95758e-19 0.0447708)
(39.9947 -3.44431e-19 0.0439078)
(39.9934 3.53451e-19 0.0430089)
(39.9921 5.03705e-19 0.042076)
(39.9908 7.86484e-20 0.0411103)
(39.9895 -5.69461e-19 0.0401131)
(39.9883 -7.11414e-19 0.0390848)
(39.9871 7.36341e-19 0.0380255)
(39.9859 8.55303e-19 0.0369351)
(39.9847 -8.79454e-19 0.0358128)
(39.9835 0 0.0346575)
(39.9823 0 0.0334676)
(39.9812 0 0.0322408)
(39.98 0 0.0309742)
(39.9789 -3.67376e-20 0.0296645)
(39.9777 0 0.0283073)
(39.9766 0 0.0268976)
(39.9755 1.66817e-18 0.0254289)
(39.9743 -3.5352e-18 0.0238939)
(39.9732 -1.50706e-19 0.0222829)
(39.9721 2.00626e-18 0.020585)
(39.9709 0 0.0187893)
(39.9698 0 0.0168842)
(39.9686 -1.28398e-18 0.0148414)
(39.9675 2.88732e-18 0.0126127)
(39.9664 -7.57248e-19 0.0102241)
(39.9653 -1.78039e-18 0.00783559)
(39.9643 4.77101e-19 0.00498122)
(39.9632 5.71829e-19 -0.000236267)
(40.0313 0 0.00873568)
(40.0322 -1.81183e-19 0.0113942)
(40.0325 7.24655e-20 0.0140658)
(40.0325 3.49288e-19 0.0167087)
(40.0322 -2.75304e-19 0.0192664)
(40.0317 -1.94711e-20 0.0216988)
(40.0309 -4.12627e-20 0.0239728)
(40.03 3.01369e-20 0.0260657)
(40.0288 1.98943e-20 0.0279635)
(40.0275 5.06893e-19 0.0296598)
(40.0262 -5.15415e-19 0.0311544)
(40.0247 0 0.0324521)
(40.0232 0 0.0335611)
(40.0217 4.30218e-19 0.0344919)
(40.0202 -4.23128e-19 0.0352567)
(40.0187 7.18523e-19 0.0358682)
(40.0172 -1.41021e-18 0.0363392)
(40.0157 1.29599e-18 0.0366823)
(40.0142 -6.1839e-20 0.0369093)
(40.0128 -5.65126e-19 0.0370315)
(40.0114 -4.43628e-19 0.0370592)
(40.01 4.53796e-19 0.0370017)
(40.0087 3.13307e-21 0.0368676)
(40.0074 2.83269e-19 0.0366645)
(40.0061 -5.51619e-20 0.0363991)
(40.0049 -5.41545e-20 0.0360775)
(40.0037 -5.31609e-20 0.0357049)
(40.0025 -1.23346e-19 0.0352859)
(40.0014 -1.62897e-22 0.0348246)
(40.0003 0 0.0343244)
(39.9992 8.00051e-20 0.0337883)
(39.9981 -2.07736e-19 0.033219)
(39.9971 1.26811e-19 0.0326184)
(39.9961 0 0.0319885)
(39.9951 -2.77378e-19 0.0313305)
(39.9941 5.87808e-19 0.0306456)
(39.9931 5.02312e-20 0.0299344)
(39.9921 -3.77749e-19 0.0291976)
(39.9912 -4.72047e-19 0.0284352)
(39.9903 4.54032e-19 0.0276471)
(39.9893 0 0.0268326)
(39.9884 0 0.0259911)
(39.9875 6.64373e-19 0.0251213)
(39.9866 -1.39117e-18 0.0242215)
(39.9857 -6.6243e-20 0.0232896)
(39.9848 8.17561e-19 0.022323)
(39.9839 0 0.0213185)
(39.983 5.1648e-20 0.0202722)
(39.9822 -3.7916e-20 0.0191793)
(39.9813 0 0.0180341)
(39.9804 -6.45929e-20 0.0168294)
(39.9795 0 0.0155569)
(39.9786 0 0.0142083)
(39.9778 4.11345e-20 0.0127746)
(39.9769 8.27233e-19 0.0112346)
(39.976 -1.86819e-18 0.00955262)
(39.9751 -4.54058e-20 0.00774755)
(39.9743 5.47812e-19 0.0059345)
(39.9735 6.15346e-19 0.0037686)
(39.9727 1.61104e-19 -0.00013466)
(40.0229 -9.6786e-21 0.0063235)
(40.0236 5.48318e-20 0.00818343)
(40.0238 4.83112e-20 0.0100571)
(40.0239 -3.29202e-19 0.0119144)
(40.0238 3.37612e-19 0.0137182)
(40.0234 3.4996e-19 0.0154414)
(40.0229 -3.43754e-19 0.0170611)
(40.0223 -2.52362e-20 0.0185614)
(40.0215 -3.25024e-19 0.0199318)
(40.0207 3.30736e-19 0.0211668)
(40.0198 -1.74148e-20 0.0222654)
(40.0188 -5.87806e-19 0.0232295)
(40.0177 3.48771e-20 0.0240638)
(40.0167 1.09007e-18 0.0247746)
(40.0156 -5.38256e-19 0.0253694)
(40.0145 8.9054e-21 0.0258561)
(40.0135 0 0.026243)
(40.0124 3.99558e-19 0.0265384)
(40.0114 -7.76225e-19 0.02675)
(40.0103 3.72329e-19 0.0268854)
(40.0093 3.01462e-19 0.0269515)
(40.0083 -3.01843e-19 0.0269546)
(40.0073 0 0.0269007)
(40.0064 0 0.026795)
(40.0054 1.56149e-21 0.0266422)
(40.0045 1.25201e-21 0.0264465)
(40.0036 1.75884e-21 0.0262116)
(40.0028 1.39836e-19 0.0259408)
(40.0019 -1.39816e-19 0.025637)
(40.0011 1.2874e-20 0.0253026)
(40.0002 3.63822e-20 0.0249399)
(39.9994 -4.99852e-20 0.0245507)
(39.9986 7.33593e-22 0.0241365)
(39.9978 -2.32929e-19 0.0236986)
(39.9971 -5.93264e-20 0.023238)
(39.9963 -5.87992e-20 0.0227555)
(39.9956 -5.7053e-20 0.0222518)
(39.9948 4.175e-19 0.0217271)
(39.9941 6.85631e-21 0.0211815)
(39.9934 1.10638e-20 0.0206149)
(39.9927 6.70858e-19 0.0200269)
(39.992 -6.69182e-19 0.0194169)
(39.9912 0 0.018784)
(39.9906 8.39112e-19 0.018127)
(39.9899 -8.57369e-19 0.0174442)
(39.9892 0 0.0167337)
(39.9885 0 0.015993)
(39.9878 1.16001e-18 0.0152193)
(39.9871 -1.19932e-18 0.0144089)
(39.9864 3.66157e-20 0.0135576)
(39.9858 5.38569e-20 0.0126599)
(39.9851 0 0.0117095)
(39.9844 0 0.0107002)
(39.9837 -3.43189e-20 0.00962503)
(39.983 -1.07859e-18 0.0084682)
(39.9824 1.12603e-18 0.00720367)
(39.9817 2.83957e-20 0.0058449)
(39.9811 0 0.00447385)
(39.9805 3.95125e-19 0.00283743)
(39.9799 -5.77651e-19 -6.43964e-05)
(40.0169 2.44673e-20 0.00459118)
(40.0173 5.67147e-20 0.00589202)
(40.0175 2.39397e-19 0.00720433)
(40.0176 -1.57142e-19 0.00850695)
(40.0175 0 0.00977546)
(40.0173 3.13774e-20 0.0109917)
(40.017 4.12673e-19 0.0121401)
(40.0166 -4.208e-19 0.0132097)
(40.0161 -2.26322e-20 0.0141929)
(40.0155 -2.21974e-20 0.0150855)
(40.0149 1.45392e-20 0.0158862)
(40.0142 0 0.0165956)
(40.0135 -1.0076e-20 0.0172163)
(40.0128 3.35832e-19 0.017752)
(40.012 -6.48498e-19 0.0182072)
(40.0113 1.31664e-20 0.018587)
(40.0105 3.06387e-19 0.0188965)
(40.0098 0 0.0191412)
(40.009 -3.53591e-21 0.0193261)
(40.0083 0 0.0194561)
(40.0075 0 0.019536)
(40.0068 3.57507e-19 0.0195699)
(40.0061 -3.60256e-19 0.0195618)
(40.0054 0 0.0195153)
(40.0047 -1.84824e-21 0.0194336)
(40.004 -1.93925e-19 0.0193197)
(40.0034 1.93652e-19 0.0191761)
(40.0027 0 0.019005)
(40.0021 0 0.0188086)
(40.0014 -3.77021e-20 0.0185885)
(40.0008 3.74056e-20 0.0183463)
(40.0002 2.15612e-22 0.0180832)
(39.9996 7.23457e-22 0.0178004)
(39.999 -1.16781e-19 0.0174988)
(39.9984 2.74135e-19 0.017179)
(39.9978 -1.53579e-19 0.0168418)
(39.9973 -1.4451e-21 0.0164874)
(39.9967 -2.6999e-19 0.0161161)
(39.9961 2.58563e-19 0.0157279)
(39.9956 0 0.0153228)
(39.995 -1.71989e-20 0.0149005)
(39.9945 1.11862e-20 0.0144604)
(39.9939 4.83887e-19 0.0140019)
(39.9934 6.98368e-20 0.013524)
(39.9929 -5.07888e-19 0.0130256)
(39.9923 0 0.0125051)
(39.9918 -3.50826e-20 0.0119608)
(39.9913 -2.61269e-20 0.0113905)
(39.9908 0 0.0107914)
(39.9902 -7.5106e-20 0.0101603)
(39.9897 -4.83642e-20 0.00949312)
(39.9892 0 0.00878523)
(39.9887 0 0.00803189)
(39.9882 1.18286e-18 0.0072278)
(39.9876 -1.13147e-18 0.00636124)
(39.9871 -3.76923e-20 0.00541335)
(39.9866 7.33805e-19 0.00439368)
(39.9862 -8.21476e-19 0.00335983)
(39.9857 -2.44452e-19 0.00212771)
(39.9853 3.97866e-19 -1.70933e-05)
(40.0124 -6.59854e-20 0.00334182)
(40.0128 -5.04657e-20 0.00425066)
(40.0129 -1.82561e-19 0.00516799)
(40.013 1.82041e-19 0.0060792)
(40.013 -1.26206e-19 0.00696832)
(40.0128 0 0.00782329)
(40.0126 -2.81439e-19 0.00863376)
(40.0124 5.23497e-19 0.00939223)
(40.012 -2.36915e-19 0.0100934)
(40.0116 1.85229e-20 0.0107342)
(40.0112 4.86208e-19 0.0113134)
(40.0107 -9.23818e-19 0.011831)
(40.0103 4.77923e-19 0.0122884)
(40.0098 -6.02341e-21 0.0126878)
(40.0092 -7.62731e-21 0.0130318)
(40.0087 3.86332e-19 0.0133236)
(40.0082 -3.85881e-19 0.0135666)
(40.0076 -3.33385e-19 0.013764)
(40.0071 6.48451e-19 0.0139191)
(40.0066 -5.93044e-19 0.0140353)
(40.006 2.62473e-20 0.0141155)
(40.0055 2.58609e-19 0.0141625)
(40.005 0 0.014179)
(40.0045 0 0.0141674)
(40.004 1.65233e-19 0.0141298)
(40.0035 -1.62343e-19 0.0140682)
(40.003 1.06896e-21 0.0139844)
(40.0025 0 0.0138799)
(40.002 -1.29299e-19 0.013756)
(40.0016 1.29443e-19 0.0136141)
(40.0011 3.32673e-20 0.013455)
(40.0006 -3.28144e-20 0.0132798)
(40.0002 6.30625e-20 0.0130892)
(39.9997 -6.33902e-20 0.0128837)
(39.9993 -3.16732e-21 0.012664)
(39.9988 4.79336e-22 0.0124303)
(39.9984 -2.34499e-21 0.012183)
(39.998 0 0.0119222)
(39.9976 -3.45867e-19 0.0116478)
(39.9971 7.57513e-19 0.0113599)
(39.9967 -3.97647e-19 0.0110581)
(39.9963 -9.28244e-21 0.0107421)
(39.9959 5.47532e-19 0.0104114)
(39.9955 -5.76551e-19 0.0100652)
(39.9951 -6.82402e-19 0.00970268)
(39.9947 1.41145e-18 0.00932267)
(39.9942 -6.93668e-19 0.00892384)
(39.9938 8.83428e-19 0.00850451)
(39.9934 -8.56234e-19 0.00806268)
(39.993 3.70918e-20 0.0075959)
(39.9926 4.02126e-20 0.00710117)
(39.9922 0 0.00657499)
(39.9918 0 0.00601382)
(39.9914 1.22593e-20 0.00541364)
(39.9911 -8.03088e-19 0.00476584)
(39.9907 8.53297e-19 0.00405688)
(39.9903 1.74375e-20 0.00329345)
(39.9899 -9.75416e-21 0.00251543)
(39.9896 -3.01509e-19 0.00159022)
(39.9893 2.3525e-19 1.3617e-05)
(40.0092 2.94348e-20 0.00243699)
(40.0095 4.24672e-20 0.00307061)
(40.0096 2.21021e-20 0.00370995)
(40.0096 -1.03664e-20 0.00434514)
(40.0096 1.69218e-20 0.0049658)
(40.0095 0 0.00556405)
(40.0094 3.33623e-19 0.00613308)
(40.0092 -3.44447e-19 0.00666788)
(40.009 0 0.00716486)
(40.0087 0 0.00762182)
(40.0085 -1.11318e-20 0.00803771)
(40.0081 -2.94187e-19 0.00841244)
(40.0078 2.73718e-19 0.00874667)
(40.0075 -2.57709e-19 0.00904162)
(40.0071 2.65313e-19 0.00929893)
(40.0067 -2.35061e-19 0.0095205)
(40.0064 1.50766e-20 0.00970837)
(40.006 6.50818e-19 0.00986465)
(40.0056 -4.23801e-19 0.00999144)
(40.0052 -7.89875e-22 0.0100908)
(40.0049 -3.38302e-19 0.0101646)
(40.0045 3.03804e-20 0.0102149)
(40.0041 3.1065e-19 0.0102431)
(40.0037 2.498e-19 0.010251)
(40.0034 -2.52031e-19 0.01024)
(40.003 -1.9054e-19 0.0102113)
(40.0026 1.91072e-19 0.0101661)
(40.0023 -1.30617e-19 0.0101054)
(40.0019 1.32048e-19 0.0100303)
(40.0016 6.7518e-22 0.00994136)
(40.0012 -3.97748e-22 0.00983941)
(40.0009 -4.77388e-22 0.00972501)
(40.0005 0 0.00959866)
(40.0002 -4.72774e-20 0.00946078)
(39.9999 5.00765e-20 0.00931168)
(39.9995 -7.85888e-22 0.00915161)
(39.9992 0 0.00898072)
(39.9989 -1.63872e-19 0.00879909)
(39.9985 1.69277e-19 0.00860671)
(39.9982 -5.78436e-21 0.00840347)
(39.9979 -6.67233e-21 0.00818917)
(39.9976 2.94449e-19 0.00796352)
(39.9973 -2.89538e-19 0.00772612)
(39.997 0 0.00747641)
(39.9966 3.98739e-19 0.00721369)
(39.9963 -4.05576e-19 0.00693713)
(39.996 -1.74891e-20 0.00664572)
(39.9957 8.56874e-21 0.0063382)
(39.9954 -2.06946e-20 0.00601306)
(39.9951 0 0.00566849)
(39.9948 0 0.00530225)
(39.9945 0 0.00491174)
(39.9942 0 0.00449433)
(39.9939 -8.95981e-19 0.00404697)
(39.9936 8.84443e-19 0.0035634)
(39.9933 -5.52278e-19 0.00303398)
(39.993 -1.99935e-20 0.00246336)
(39.9928 6.35202e-19 0.00187861)
(39.9925 0 0.00118527)
(39.9923 0 3.25065e-05)
(40.0069 -6.0981e-20 0.00177914)
(40.007 6.23067e-20 0.00221934)
(40.0071 -1.14518e-19 0.00266301)
(40.0072 1.19529e-19 0.00310366)
(40.0072 -3.48202e-20 0.00353464)
(40.0071 1.89006e-19 0.00395086)
(40.007 -2.88558e-21 0.00434793)
(40.0069 -1.78175e-19 0.00472257)
(40.0068 0 0.00507241)
(40.0066 1.03031e-20 0.00539594)
(40.0064 1.89789e-19 0.00569239)
(40.0062 -1.86726e-19 0.00596158)
(40.006 1.12486e-20 0.00620382)
(40.0057 3.21705e-19 0.00641981)
(40.0055 -6.42265e-19 0.0066105)
(40.0052 3.12729e-19 0.006777)
(40.005 -2.83488e-19 0.00692058)
(40.0047 2.85516e-19 0.00704253)
(40.0044 1.2678e-21 0.00714415)
(40.0042 -2.36974e-19 0.00722671)
(40.0039 2.36093e-19 0.00729145)
(40.0036 2.02258e-19 0.00733954)
(40.0034 -3.84194e-19 0.00737204)
(40.0031 1.83694e-19 0.00738997)
(40.0028 1.47258e-19 0.00739425)
(40.0026 -1.49131e-19 0.00738569)
(40.0023 0 0.00736506)
(40.002 -1.87947e-19 0.007333)
(40.0018 1.878e-19 0.00729012)
(40.0015 -1.14888e-19 0.00723692)
(40.0013 1.91917e-19 0.00717385)
(40.001 -7.74715e-20 0.00710128)
(40.0007 0 0.00701952)
(40.0005 -3.17688e-22 0.00692884)
(40.0002 -6.31356e-22 0.00682943)
(40 1.15234e-22 0.00672141)
(39.9997 0 0.00660487)
(39.9995 -3.34638e-21 0.00647984)
(39.9992 -2.20707e-19 0.00634628)
(39.999 4.87373e-19 0.00620408)
(39.9987 -2.49427e-19 0.00605306)
(39.9985 0 0.00589299)
(39.9983 3.75966e-19 0.00572354)
(39.998 -3.99426e-19 0.0055443)
(39.9978 1.23539e-20 0.00535473)
(39.9975 0 0.00515419)
(39.9973 0 0.00494191)
(39.9971 -6.45385e-19 0.00471696)
(39.9968 6.56017e-19 0.00447822)
(39.9966 -1.97971e-20 0.00422431)
(39.9964 8.28974e-19 0.00395359)
(39.9961 -8.36219e-19 0.00366415)
(39.9959 2.59266e-20 0.00335402)
(39.9957 2.84644e-20 0.00302091)
(39.9954 2.13033e-20 0.00266029)
(39.9952 2.35763e-20 0.0022654)
(39.995 -3.75594e-19 0.00183938)
(39.9948 7.82239e-19 0.00140021)
(39.9946 -4.40013e-19 0.00088144)
(39.9945 0 4.30928e-05)
(40.0052 3.05095e-20 0.00129865)
(40.0053 -1.59305e-20 0.00160287)
(40.0053 -1.65134e-20 0.00190888)
(40.0054 0 0.00221259)
(40.0054 -1.09575e-19 0.00250978)
(40.0053 2.3153e-19 0.00279726)
(40.0053 -1.54111e-21 0.00307224)
(40.0052 -1.04478e-19 0.00333264)
(40.0051 2.28259e-19 0.00357694)
(40.005 -1.47362e-20 0.00380415)
(40.0049 -2.3593e-19 0.00401373)
(40.0047 -2.11089e-19 0.0042055)
(40.0046 2.13315e-19 0.00437961)
(40.0044 -1.98164e-19 0.00453642)
(40.0043 2.06448e-19 0.00467648)
(40.0041 0 0.00480045)
(40.0039 2.54829e-21 0.00490907)
(40.0037 0 0.0050031)
(40.0035 -3.18809e-19 0.00508334)
(40.0033 2.12346e-20 0.00515056)
(40.0032 3.02285e-19 0.0052055)
(40.003 0 0.00524889)
(40.0028 1.75994e-21 0.00528138)
(40.0026 0 0.00530359)
(40.0024 -1.95455e-19 0.00531609)
(40.0022 1.94967e-19 0.00531938)
(40.002 1.51207e-19 0.00531393)
(40.0018 -2.12056e-20 0.00530014)
(40.0016 -2.35059e-20 0.00527837)
(40.0014 -1.95681e-19 0.00524892)
(40.0012 8.70108e-20 0.00521208)
(40.001 -4.20838e-20 0.00516804)
(40.0008 4.22989e-20 0.00511701)
(40.0007 2.39065e-23 0.00505911)
(40.0005 -2.57852e-20 0.00499445)
(40.0003 7.45682e-20 0.00492309)
(40.0001 -4.93126e-20 0.00484505)
(39.9999 -9.59684e-20 0.00476032)
(39.9997 9.67792e-20 0.00466883)
(39.9995 -1.40976e-19 0.00457048)
(39.9993 -2.97773e-20 0.00446513)
(39.9992 1.66551e-19 0.00435256)
(39.999 0 0.00423252)
(39.9988 -2.39951e-19 0.00410467)
(39.9986 2.42861e-19 0.00396861)
(39.9984 1.612e-20 0.00382384)
(39.9982 1.78655e-20 0.00366979)
(39.9981 -3.72177e-19 0.00350576)
(39.9979 3.66564e-19 0.00333088)
(39.9977 4.01682e-20 0.00314417)
(39.9975 -1.7883e-20 0.00294439)
(39.9973 5.33808e-19 0.00273014)
(39.9972 7.47149e-21 0.00249996)
(39.997 4.07925e-20 0.00225214)
(39.9968 -6.76743e-19 0.00198344)
(39.9967 4.1278e-19 0.00168918)
(39.9965 -4.15991e-19 0.00137142)
(39.9964 -2.44384e-19 0.00104173)
(39.9962 2.8473e-19 0.000654115)
(39.9961 0 4.79355e-05)
(40.0039 -1.57691e-20 0.000945854)
(40.004 -1.66003e-20 0.00115449)
(40.004 3.33163e-20 0.00136378)
(40.0041 6.87379e-20 0.00157126)
(40.0041 2.58031e-20 0.0017743)
(40.004 -7.08053e-20 0.00197098)
(40.004 0 0.00215957)
(40.004 -2.8456e-21 0.0023388)
(40.0039 -7.7763e-21 0.00250773)
(40.0038 0 0.00266574)
(40.0037 0 0.00281247)
(40.0037 -1.32097e-19 0.00294778)
(40.0036 1.33233e-19 0.00307174)
(40.0034 0 0.00318453)
(40.0033 -2.39687e-19 0.00328646)
(40.0032 2.4246e-19 0.00337789)
(40.0031 1.07977e-21 0.00345924)
(40.003 2.11351e-19 0.00353097)
(40.0028 -2.14393e-19 0.00359353)
(40.0027 0 0.00364736)
(40.0026 -3.76379e-22 0.00369291)
(40.0024 -1.64718e-19 0.00373058)
(40.0023 1.65219e-19 0.00376078)
(40.0022 -1.41495e-19 0.00378385)
(40.002 1.42082e-19 0.00380013)
(40.0019 1.08616e-21 0.00380991)
(40.0017 9.64424e-22 0.00381345)
(40.0016 1.40439e-21 0.00381098)
(40.0015 0 0.00380271)
(40.0013 -1.26004e-19 0.0037888)
(40.0012 1.27372e-19 0.0037694)
(40.001 -6.66846e-22 0.00374462)
(40.0009 -4.60624e-20 0.00371454)
(40.0007 4.632e-20 0.00367923)
(40.0006 9.93235e-21 0.00363872)
(40.0005 -4.86087e-20 0.00359302)
(40.0003 3.80003e-20 0.00354211)
(40.0002 -1.02811e-21 0.00348594)
(40 0 0.00342445)
(39.9999 -2.89309e-21 0.00335753)
(39.9998 1.88538e-19 0.00328504)
(39.9996 -1.86707e-19 0.00320681)
(39.9995 2.53973e-19 0.00312262)
(39.9993 -2.57673e-19 0.00303221)
(39.9992 -8.3973e-21 0.00293526)
(39.999 -1.32549e-20 0.00283139)
(39.9989 3.86607e-19 0.00272017)
(39.9988 -8.53628e-19 0.00260105)
(39.9986 -3.34216e-20 0.00247341)
(39.9985 4.68045e-19 0.0023365)
(39.9984 -5.88403e-19 0.00218941)
(39.9982 1.27314e-18 0.00203113)
(39.9981 -6.72756e-19 0.00186056)
(39.998 -4.1889e-19 0.00167643)
(39.9978 4.35005e-19 0.00147646)
(39.9977 -1.75422e-20 0.00125747)
(39.9976 2.75944e-19 0.00102074)
(39.9975 9.53367e-21 0.000773408)
(39.9974 -3.24082e-19 0.000484274)
(39.9973 4.32344e-20 4.88579e-05)
(40.003 -9.77269e-21 0.00068515)
(40.003 1.10107e-21 0.000826626)
(40.0031 -4.13495e-20 0.000968058)
(40.0031 4.19658e-20 0.00110806)
(40.0031 -3.43852e-21 0.00124505)
(40.0031 0 0.00137789)
(40.0031 9.07826e-20 0.00150559)
(40.003 -9.34316e-20 0.00162738)
(40.003 9.14988e-20 0.00174273)
(40.003 -8.58402e-20 0.00185124)
(40.0029 0 0.00195272)
(40.0028 0 0.00204707)
(40.0028 0 0.0021343)
(40.0027 -1.55903e-19 0.00221452)
(40.0026 1.51867e-19 0.00228788)
(40.0025 -1.43714e-19 0.00235458)
(40.0025 3.72226e-21 0.00241486)
(40.0024 6.56323e-21 0.00246895)
(40.0023 1.32918e-19 0.00251711)
(40.0022 0 0.00255958)
(40.0021 2.25175e-19 0.00259659)
(40.002 -2.2816e-19 0.00262839)
(40.0019 1.4612e-21 0.00265517)
(40.0018 0 0.00267712)
(40.0017 0 0.00269443)
(40.0016 1.16373e-21 0.00270724)
(40.0015 -1.0601e-21 0.00271569)
(40.0014 -1.24976e-19 0.00271989)
(40.0013 1.23504e-19 0.00271994)
(40.0012 -9.29666e-20 0.00271591)
(40.0011 9.44946e-20 0.00270786)
(40.001 5.44287e-22 0.00269583)
(40.0009 0 0.00267985)
(40.0008 0 0.00265991)
(40.0007 -4.66214e-22 0.00263602)
(40.0006 0 0.00260813)
(40.0005 2.74359e-20 0.00257621)
(40.0004 -2.71601e-20 0.00254019)
(40.0002 6.51838e-20 0.00249999)
(40.0001 -1.4736e-19 0.00245551)
(40 8.38224e-20 0.00240661)
(39.9999 0 0.00235315)
(39.9998 1.43634e-19 0.00229496)
(39.9997 -3.11097e-19 0.00223181)
(39.9996 1.74944e-19 0.00216346)
(39.9995 0 0.0020896)
(39.9994 -1.23831e-20 0.0020099)
(39.9993 2.62958e-19 0.00192396)
(39.9992 -2.69804e-19 0.00183131)
(39.9991 -2.92623e-19 0.00173138)
(39.999 3.32093e-19 0.00162352)
(39.9989 -4.04597e-19 0.00150698)
(39.9988 3.83737e-19 0.00138096)
(39.9987 4.74611e-19 0.00124453)
(39.9986 -4.91732e-19 0.00109608)
(39.9985 -1.58545e-20 0.000933515)
(39.9984 3.25388e-19 0.000757578)
(39.9983 -1.7123e-19 0.000572357)
(39.9982 -3.21938e-19 0.000357309)
(39.9982 8.19796e-20 4.71204e-05)
(40.0023 0 0.000490843)
(40.0023 -2.8609e-20 0.000585184)
(40.0024 -1.92256e-22 0.000679126)
(40.0024 2.58417e-20 0.000771956)
(40.0024 3.86751e-20 0.000862763)
(40.0024 -1.11261e-19 0.00095092)
(40.0024 2.3506e-21 0.00103587)
(40.0023 1.57817e-19 0.00111721)
(40.0023 -2.06651e-19 0.00119462)
(40.0023 1.07586e-19 0.00126791)
(40.0023 2.84311e-21 0.00133696)
(40.0022 2.79844e-21 0.00140171)
(40.0022 0 0.00146217)
(40.0021 9.38389e-20 0.00151839)
(40.0021 -9.78252e-20 0.00157044)
(40.002 -1.78318e-19 0.00161843)
(40.002 5.75622e-21 0.00166248)
(40.0019 1.72818e-19 0.0017027)
(40.0019 0 0.00173922)
(40.0018 0 0.00177217)
(40.0017 0 0.00180166)
(40.0017 -1.35054e-19 0.0018278)
(40.0016 2.63348e-19 0.0018507)
(40.0015 -1.28459e-19 0.00187043)
(40.0015 0 0.00188707)
(40.0014 -9.45891e-22 0.0019007)
(40.0013 8.61514e-22 0.00191136)
(40.0012 0 0.00191908)
(40.0012 -4.79007e-22 0.00192391)
(40.0011 -1.32239e-19 0.00192585)
(40.001 1.308e-19 0.0019249)
(40.0009 0 0.00192107)
(40.0009 -7.29495e-20 0.00191433)
(40.0008 1.22172e-19 0.00190465)
(40.0007 -2.11787e-20 0.001892)
(40.0006 -2.97458e-20 0.00187631)
(40.0005 -1.38317e-20 0.00185754)
(40.0005 1.43247e-20 0.0018356)
(40.0004 -1.11466e-21 0.00181041)
(40.0003 -8.35271e-20 0.00178186)
(40.0002 8.19837e-20 0.00174985)
(40.0001 1.36813e-19 0.00171423)
(40 -2.95461e-19 0.00167485)
(40 1.62459e-19 0.00163155)
(39.9999 0 0.00158411)
(39.9998 0 0.00153231)
(39.9997 2.80688e-19 0.00147588)
(39.9996 -5.95823e-19 0.00141453)
(39.9996 3.19683e-19 0.00134789)
(39.9995 -1.4008e-20 0.00127556)
(39.9994 0 0.00119705)
(39.9993 -4.72768e-19 0.00111182)
(39.9992 7.73624e-19 0.0010193)
(39.9992 -2.74314e-19 0.000918782)
(39.9991 -3.4439e-19 0.000809187)
(39.999 3.54995e-19 0.000689168)
(39.999 0 0.000559085)
(39.9989 0 0.000421026)
(39.9988 0 0.000262005)
(39.9988 0 4.35015e-05)
(40.0018 6.83726e-21 0.000344481)
(40.0018 -2.03401e-20 0.000405747)
(40.0018 1.58381e-20 0.000466524)
(40.0018 -3.57589e-21 0.000526466)
(40.0018 4.83141e-21 0.000585088)
(40.0018 4.08706e-20 0.000642072)
(40.0018 -6.98022e-20 0.000697139)
(40.0018 3.2533e-20 0.000750084)
(40.0018 -2.39421e-21 0.000800757)
(40.0018 6.07438e-20 0.000849061)
(40.0018 -1.27938e-19 0.000894938)
(40.0017 7.63552e-22 0.000938365)
(40.0017 1.21311e-19 0.000979344)
(40.0017 5.9178e-20 0.0010179)
(40.0016 -1.15414e-19 0.00105407)
(40.0016 0 0.0010879)
(40.0016 -1.06485e-19 0.00111944)
(40.0015 3.99689e-21 0.00114876)
(40.0015 4.17808e-21 0.00117589)
(40.0015 1.00266e-19 0.00120091)
(40.0014 -9.16847e-20 0.00122384)
(40.0014 9.11561e-20 0.00124473)
(40.0013 0 0.00126363)
(40.0013 -1.55977e-19 0.00128054)
(40.0012 1.57576e-19 0.0012955)
(40.0012 -1.36136e-19 0.00130851)
(40.0011 1.36626e-19 0.00131958)
(40.0011 0 0.00132871)
(40.001 1.05049e-19 0.00133587)
(40.001 -1.03723e-19 0.00134106)
(40.0009 -8.12344e-20 0.00134424)
(40.0009 1.49846e-19 0.00134537)
(40.0008 -6.87006e-20 0.00134443)
(40.0007 -7.82839e-24 0.00134135)
(40.0007 -3.10138e-20 0.00133607)
(40.0006 3.06904e-20 0.00132855)
(40.0006 5.84916e-23 0.0013187)
(40.0005 -9.21714e-21 0.00130644)
(40.0004 -1.44463e-20 0.0012917)
(40.0004 2.42054e-20 0.00127437)
(40.0003 5.65509e-20 0.00125434)
(40.0003 -5.78376e-20 0.0012315)
(40.0002 -8.74713e-20 0.00120573)
(40.0001 8.88626e-20 0.00117687)
(40.0001 -1.2334e-19 0.00114477)
(40 1.25763e-19 0.00110924)
(39.9999 1.43675e-20 0.00107008)
(39.9999 1.84557e-19 0.00102707)
(39.9998 -1.89589e-19 0.000979927)
(39.9998 -1.24056e-20 0.000928358)
(39.9997 0 0.000872015)
(39.9996 0 0.00081051)
(39.9996 1.73883e-20 0.000743422)
(39.9995 0 0.000670253)
(39.9995 2.16756e-20 0.000590282)
(39.9994 -2.42708e-20 0.000502684)
(39.9994 0 0.000407579)
(39.9993 -2.86261e-19 0.000305806)
(39.9993 3.0894e-19 0.000189659)
(39.9993 -2.04591e-20 3.842e-05)
(40.0014 -1.2747e-20 0.000232742)
(40.0014 1.87598e-20 0.000270828)
(40.0014 0 0.000308538)
(40.0014 2.99028e-21 0.000345665)
(40.0014 0 0.000381988)
(40.0014 -2.32399e-20 0.000417365)
(40.0014 4.04409e-20 0.000451672)
(40.0014 -5.7942e-20 0.000484823)
(40.0014 4.71378e-22 0.000516756)
(40.0014 4.19381e-20 0.000547432)
(40.0014 0 0.00057683)
(40.0013 -1.40965e-21 0.000604943)
(40.0013 1.06625e-21 0.000631776)
(40.0013 -7.40821e-20 0.00065734)
(40.0013 1.81001e-21 0.000681651)
(40.0013 7.15048e-20 0.000704729)
(40.0012 6.76577e-20 0.000726593)
(40.0012 -2.16658e-21 0.000747263)
(40.0012 -6.57633e-20 0.000766755)
(40.0012 8.96095e-22 0.000785084)
(40.0011 0 0.000802259)
(40.0011 8.32844e-22 0.000818287)
(40.0011 0 0.000833167)
(40.0011 0 0.000846896)
(40.001 -8.76484e-22 0.000859464)
(40.001 9.09774e-20 0.000870856)
(40.001 -8.99916e-20 0.000881051)
(40.0009 -7.87859e-20 0.000890023)
(40.0009 7.91016e-20 0.000897742)
(40.0008 0 0.000904171)
(40.0008 -9.39113e-22 0.000909268)
(40.0008 9.12281e-22 0.000912986)
(40.0007 -8.86419e-20 0.000915274)
(40.0007 1.63204e-19 0.000916075)
(40.0006 -1.57683e-20 0.000915328)
(40.0006 -5.7292e-20 0.000912966)
(40.0005 -5.81757e-22 0.000908919)
(40.0005 0 0.000903108)
(40.0005 -1.16667e-20 0.000895454)
(40.0004 1.19489e-20 0.000885867)
(40.0004 0 0.000874253)
(40.0003 6.99779e-20 0.000860511)
(40.0003 -7.04239e-20 0.000844532)
(40.0002 0 0.000826197)
(40.0002 1.39898e-19 0.000805373)
(40.0001 -1.42731e-19 0.00078192)
(40.0001 -6.85783e-21 0.000755682)
(40 0 0.000726486)
(40 0 0.000694136)
(39.9999 1.00599e-20 0.000658415)
(39.9999 3.00764e-19 0.000619078)
(39.9999 -3.50035e-19 0.000575857)
(39.9998 -1.4136e-20 0.00052846)
(39.9998 0 0.000476543)
(39.9997 -1.76572e-20 0.000419654)
(39.9997 3.52205e-20 0.00035732)
(39.9997 -1.73785e-20 0.000289517)
(39.9996 -3.53463e-21 0.000216374)
(39.9996 0 0.00013375)
(39.9996 1.68047e-20 3.21802e-05)
(40.001 3.79345e-21 0.000146379)
(40.001 -2.15532e-21 0.00016805)
(40.001 -1.64642e-21 0.000189599)
(40.001 0 0.000210776)
(40.001 0 0.000231527)
(40.001 3.11173e-21 0.000251804)
(40.001 -1.41471e-22 0.000271566)
(40.001 -1.85808e-21 0.000290791)
(40.001 0 0.000309461)
(40.001 -1.81478e-21 0.000327569)
(40.001 -7.0954e-22 0.000345113)
(40.001 -6.99939e-22 0.000362094)
(40.001 -8.63976e-22 0.000378517)
(40.001 2.41611e-20 0.000394387)
(40.001 -2.33185e-20 0.000409711)
(40.001 -4.46753e-20 0.000424492)
(40.001 1.09243e-21 0.000438736)
(40.0009 4.36433e-20 0.000452443)
(40.0009 0 0.000465614)
(40.0009 -7.18965e-22 0.000478245)
(40.0009 0 0.000490329)
(40.0009 -6.67221e-22 0.000501857)
(40.0008 0 0.000512814)
(40.0008 -1.03643e-21 0.000523185)
(40.0008 -6.66542e-20 0.000532948)
(40.0008 6.58466e-20 0.000542078)
(40.0008 -1.03528e-21 0.000550546)
(40.0007 0 0.000558322)
(40.0007 1.03038e-19 0.000565367)
(40.0007 -1.97138e-19 0.000571643)
(40.0007 9.6358e-20 0.000577105)
(40.0006 0 0.000581705)
(40.0006 0 0.000585393)
(40.0006 -5.98469e-20 0.000588112)
(40.0005 7.70403e-21 0.000589806)
(40.0005 9.00456e-20 0.000590411)
(40.0005 -3.95437e-20 0.000589863)
(40.0005 0 0.000588093)
(40.0004 -1.21368e-22 0.000585028)
(40.0004 -6.7785e-21 0.000580592)
(40.0004 2.67206e-20 0.000574707)
(40.0003 -5.12518e-20 0.000567288)
(40.0003 3.23897e-20 0.000558251)
(40.0003 -2.96162e-21 0.000547501)
(40.0002 3.89428e-21 0.000534943)
(40.0002 0 0.000520472)
(40.0001 -5.93947e-21 0.000503981)
(40.0001 1.33824e-19 0.000485349)
(40.0001 1.66913e-20 0.000464448)
(40 -1.68903e-19 0.000441134)
(40 -1.75246e-19 0.00041525)
(40 2.23959e-19 0.000386625)
(40 0 0.000355066)
(39.9999 2.84851e-19 0.000320351)
(39.9999 -6.21186e-19 0.00028221)
(39.9999 1.49745e-19 0.00024038)
(39.9998 4.089e-19 0.000194746)
(39.9998 -4.39873e-19 0.000145082)
(39.9998 2.45824e-19 8.94829e-05)
(39.9998 0 2.49396e-05)
(40.0007 -1.08759e-21 7.9886e-05)
(40.0007 0 9.04309e-05)
(40.0007 -9.02532e-21 0.000101215)
(40.0007 2.57278e-20 0.000111742)
(40.0007 -1.71761e-20 0.000122082)
(40.0007 -1.86298e-20 0.000132223)
(40.0007 -1.09947e-21 0.000142161)
(40.0007 3.40372e-20 0.000151901)
(40.0007 -1.73707e-20 0.000161443)
(40.0007 -4.93737e-22 0.000170794)
(40.0007 8.72867e-23 0.000179956)
(40.0007 8.55485e-21 0.000188933)
(40.0007 -7.96834e-21 0.000197729)
(40.0007 9.50093e-22 0.000206345)
(40.0007 3.30629e-21 0.000214784)
(40.0007 -3.7829e-21 0.000223043)
(40.0006 4.44927e-22 0.000231122)
(40.0006 0 0.000239016)
(40.0006 -8.55686e-22 0.000246718)
(40.0006 0 0.000254222)
(40.0006 0 0.000261517)
(40.0006 -5.09604e-20 0.00026859)
(40.0006 5.10285e-20 0.000275427)
(40.0006 4.83753e-20 0.000282011)
(40.0006 -9.40306e-20 0.000288322)
(40.0005 4.58276e-20 0.00029434)
(40.0005 -1.35101e-21 0.000300039)
(40.0005 7.78867e-20 0.000305394)
(40.0005 -4.83379e-21 0.000310375)
(40.0005 -7.61647e-20 0.000314952)
(40.0005 6.48374e-20 0.000319092)
(40.0005 -6.31411e-20 0.000322758)
(40.0004 -5.20175e-20 0.000325913)
(40.0004 5.42709e-20 0.000328519)
(40.0004 1.38618e-21 0.000330533)
(40.0004 0 0.000331913)
(40.0004 0 0.000332614)
(40.0003 0 0.00033259)
(40.0003 2.5807e-20 0.000331793)
(40.0003 -2.6117e-20 0.000330174)
(40.0003 8.32194e-21 0.000327682)
(40.0003 -9.32012e-21 0.000324264)
(40.0002 0 0.000319867)
(40.0002 7.00846e-20 0.000314434)
(40.0002 -7.21565e-20 0.000307905)
(40.0002 1.13921e-19 0.000300216)
(40.0001 -2.5835e-19 0.000291301)
(40.0001 1.34355e-19 0.000281086)
(40.0001 -1.05518e-20 0.000269489)
(40.0001 -2.072e-19 0.000256422)
(40.0001 2.2701e-19 0.000241786)
(40 1.69309e-20 0.000225473)
(40 1.94525e-20 0.000207361)
(40 0 0.00018731)
(40 2.16226e-19 0.000165169)
(40 4.11712e-20 0.000140795)
(40 -2.31214e-19 0.000114056)
(39.9999 1.56108e-19 8.46819e-05)
(39.9999 -2.57201e-19 5.20623e-05)
(39.9999 1.0173e-19 1.61855e-05)
(40.0003 1.48076e-20 2.48742e-05)
(40.0003 -1.36106e-20 2.70712e-05)
(40.0003 0 3.00281e-05)
(40.0003 8.79435e-22 3.27474e-05)
(40.0003 -4.3216e-22 3.54479e-05)
(40.0003 5.06919e-20 3.81136e-05)
(40.0003 -5.0204e-20 4.07553e-05)
(40.0003 0 4.33837e-05)
(40.0003 -4.79504e-20 4.60034e-05)
(40.0003 7.01833e-22 4.86197e-05)
(40.0003 9.46842e-20 5.12353e-05)
(40.0003 -4.67692e-20 5.38521e-05)
(40.0003 0 5.64705e-05)
(40.0003 -3.72803e-22 5.90901e-05)
(40.0003 -3.48453e-22 6.17096e-05)
(40.0003 -3.4313e-22 6.43267e-05)
(40.0003 2.14439e-20 6.69384e-05)
(40.0003 -9.85855e-22 6.95408e-05)
(40.0003 -1.00218e-20 7.21294e-05)
(40.0003 -4.62123e-21 7.46988e-05)
(40.0003 -5.06892e-21 7.72429e-05)
(40.0003 9.71217e-21 7.97548e-05)
(40.0003 -8.51316e-21 8.22269e-05)
(40.0003 0 8.46507e-05)
(40.0003 3.69986e-20 8.70171e-05)
(40.0003 -3.7015e-20 8.9316e-05)
(40.0003 1.05538e-21 9.15367e-05)
(40.0002 1.00932e-21 9.36675e-05)
(40.0002 -6.18046e-20 9.56962e-05)
(40.0002 6.20204e-20 9.76095e-05)
(40.0002 -1.79613e-21 9.93935e-05)
(40.0002 -3.28907e-21 0.000101033)
(40.0002 1.70384e-21 0.000102514)
(40.0002 0 0.000103819)
(40.0002 0 0.000104931)
(40.0002 0 0.000105833)
(40.0002 -2.13912e-21 0.000106507)
(40.0002 -5.12474e-20 0.000106934)
(40.0002 5.36361e-20 0.000107094)
(40.0001 2.27941e-21 0.000106967)
(40.0001 0 0.000106533)
(40.0001 4.46102e-21 0.00010577)
(40.0001 -3.93632e-21 0.000104655)
(40.0001 -1.17577e-21 0.000103165)
(40.0001 -4.58903e-20 0.000101277)
(40.0001 4.46496e-20 9.89652e-05)
(40.0001 1.00262e-20 9.62031e-05)
(40.0001 -9.63434e-20 9.29632e-05)
(40.0001 1.29098e-19 8.92162e-05)
(40.0001 -9.74477e-21 8.49311e-05)
(40 2.09912e-20 8.00758e-05)
(40 1.94492e-19 7.46168e-05)
(40 -2.33416e-19 6.85185e-05)
(40 0 6.17439e-05)
(40 0 5.42574e-05)
(40 -2.28293e-20 4.60267e-05)
(40 -2.60736e-20 3.70055e-05)
(40 2.86786e-20 2.7116e-05)
(40 3.30628e-20 1.63877e-05)
(40 0 5.36618e-06)
(12.6975 0 -1.15706)
(14.294 -4.73315e-17 -1.22733)
(14.844 0 -1.27729)
(15.3255 0 -1.31772)
(15.6722 -2.79197e-21 -1.34723)
(15.968 0 -1.37233)
(16.2222 0 -1.394)
(16.4516 0 -1.41358)
(16.663 0 -1.43169)
(16.8621 0 -1.44879)
(17.0527 0 -1.46521)
(17.2381 0 -1.48124)
(17.4211 0 -1.49712)
(17.6036 -4.03177e-17 -1.51303)
(17.789 -4.65966e-17 -1.52928)
(17.9819 0 -1.54622)
(18.1804 -6.04255e-17 -1.56371)
(18.3728 -6.80055e-17 -1.58104)
(18.5755 -7.66594e-17 -1.59989)
(18.8982 -1.75824e-16 -1.62865)
(19.4152 -1.01215e-16 -1.67123)
(19.6818 -2.18926e-16 -1.69664)
(18.9955 -1.08988e-16 -1.69204)
(19.8431 -3.29741e-16 -1.86359)
(29.2245 -4.12569e-16 -1.41459)
(16.3738 2.64682e-17 -1.41729)
(18.1972 2.06014e-17 -1.5432)
(18.7847 0 -1.60154)
(19.3493 -1.02949e-17 -1.6517)
(19.7565 -1.31627e-17 -1.68805)
(20.1086 0 -1.71901)
(20.4126 0 -1.74562)
(20.6878 0 -1.76957)
(20.9418 0 -1.7916)
(21.1809 -7.49249e-18 -1.81227)
(21.4096 0 -1.832)
(21.6319 0 -1.85112)
(21.8508 0 -1.86992)
(22.0691 -2.58079e-21 -1.88862)
(22.2908 -2.79084e-21 -1.90755)
(22.52 0 -1.9271)
(22.7552 -3.32817e-21 -1.9472)
(22.9935 -3.68162e-21 -1.96743)
(23.2675 3.34607e-17 -1.98989)
(23.6687 -5.73224e-21 -2.02251)
(24.1897 -5.8898e-21 -2.06796)
(24.4884 4.86695e-17 -2.09621)
(24.671 -2.05824e-20 -2.09702)
(28.1362 7.36947e-17 -2.43306)
(39.4209 2.04424e-16 -2.94607)
(18.2602 -2.18556e-20 -1.56905)
(20.1021 -1.69082e-21 -1.69234)
(20.716 0 -1.7597)
(21.3129 6.55056e-18 -1.81388)
(21.7462 4.19018e-18 -1.85373)
(22.1224 0 -1.88741)
(22.4485 0 -1.91638)
(22.7445 0 -1.94242)
(23.0185 0 -1.96638)
(23.2771 4.78282e-18 -1.98888)
(23.5253 0 -2.01038)
(23.7673 0 -2.03124)
(24.0067 0 -2.05179)
(24.2469 1.12857e-17 -2.07233)
(24.4926 1.30467e-17 -2.09322)
(24.7485 0 -2.11491)
(25.0153 1.69862e-17 -2.13756)
(25.2956 1.9214e-17 -2.16103)
(25.6251 0 -2.18724)
(26.0874 2.54973e-17 -2.22356)
(26.6753 -4.31851e-21 -2.27465)
(27.1567 0 -2.31894)
(27.9532 -5.87923e-21 -2.34538)
(32.4695 0 -2.68799)
(43.3984 -1.52267e-16 -3.45963)
(19.7157 -1.29441e-17 -1.68315)
(21.5472 -1.01099e-17 -1.79855)
(22.1767 0 -1.87585)
(22.7921 0 -1.93304)
(23.2425 0 -1.97596)
(23.6356 0 -2.01188)
(23.9781 0 -2.04284)
(24.2904 -1.16662e-18 -2.07067)
(24.581 -2.47137e-18 -2.09633)
(24.857 0 -2.12051)
(25.1235 -5.00064e-18 -2.14369)
(25.3851 0 -2.1663)
(25.6462 -7.5625e-18 -2.18872)
(25.9111 0 -2.21131)
(26.1856 -1.03343e-17 -2.23453)
(26.4759 1.18937e-17 -2.25896)
(26.786 0 -2.28504)
(27.124 -1.55664e-17 -2.31289)
(27.5293 1.79637e-17 -2.34425)
(28.0884 -2.13926e-17 -2.38696)
(28.8239 2.61467e-17 -2.44957)
(29.6117 3.05486e-17 -2.5159)
(30.9785 -1.91295e-21 -2.56149)
(35.985 5.1128e-17 -2.88637)
(46.2297 1.49359e-16 -3.59495)
(20.97 0 -1.77367)
(22.7747 -8.45174e-18 -1.88266)
(23.414 0 -1.97074)
(24.0419 -4.26541e-18 -2.03071)
(24.5062 0 -2.07672)
(24.9138 0 -2.11485)
(25.2716 -1.6587e-19 -2.14783)
(25.5999 9.88667e-19 -2.17748)
(25.9079 2.09959e-18 -2.20494)
(26.2028 0 -2.23095)
(26.4904 4.27329e-18 -2.25605)
(26.7755 -5.37669e-18 -2.2807)
(27.0636 1.30265e-17 -2.30537)
(27.3604 0 -2.33054)
(27.6733 8.99843e-18 -2.35677)
(28.0104 -2.08736e-17 -2.38481)
(28.3806 0 -2.41545)
(28.799 1.39841e-17 -2.44914)
(29.3137 -1.643e-17 -2.48774)
(30.026 2.00446e-17 -2.54041)
(30.9961 0 -2.61991)
(32.1793 -6.11849e-17 -2.71083)
(34.0825 3.30881e-17 -2.76432)
(39.2852 -1.08759e-16 -3.07382)
(48.7661 0 -3.6252)
(22.1161 0 -1.84908)
(23.8886 7.45381e-18 -1.95326)
(24.5357 0 -2.05334)
(25.1742 3.78871e-18 -2.1162)
(25.6519 -2.43549e-18 -2.1656)
(26.0747 0 -2.20616)
(26.4491 1.4862e-19 -2.24138)
(26.7958 0 -2.27311)
(27.1243 0 -2.30266)
(27.4426 0 -2.33086)
(27.7569 0 -2.35833)
(28.0727 4.91798e-18 -2.38556)
(28.3965 -5.99309e-18 -2.41312)
(28.7363 7.14251e-18 -2.44162)
(29.1017 0 -2.47183)
(29.5033 -1.67811e-21 -2.50468)
(29.956 1.15909e-17 -2.54134)
(30.486 0 -2.58275)
(31.1597 0 -2.63148)
(32.1019 2.04434e-17 -2.6984)
(33.4013 0 -2.79953)
(35.0183 3.25837e-17 -2.91297)
(37.3248 0 -2.95797)
(42.4191 5.80876e-17 -3.24852)
(50.9532 0 -3.59968)
(23.213 0 -1.91469)
(24.9518 0 -2.01516)
(25.6077 0 -2.12884)
(26.2572 3.5101e-18 -2.19496)
(26.7505 4.53426e-18 -2.24828)
(27.1913 1.16245e-18 -2.29166)
(27.5862 0 -2.32957)
(27.9556 0 -2.36379)
(28.3102 0 -2.3959)
(28.659 0 -2.42683)
(29.0089 3.72909e-18 -2.45733)
(29.3656 4.75024e-18 -2.4879)
(29.7373 0 -2.51921)
(30.1351 1.68455e-21 -2.55206)
(30.5734 8.3934e-18 -2.58755)
(31.0701 -1.95018e-21 -2.62717)
(31.6475 2.05216e-21 -2.67252)
(32.3446 1.43979e-17 -2.72489)
(33.2463 0 -2.7873)
(34.4867 5.49128e-21 -2.8713)
(36.1396 2.86503e-17 -2.9929)
(38.0755 0 -3.11508)
(40.4491 0 -3.12394)
(45.0081 0 -3.37855)
(52.3485 1.37789e-16 -3.4968)
(24.3066 8.54909e-18 -1.97373)
(26.0102 0 -2.07156)
(26.6778 0 -2.20067)
(27.3414 -3.82271e-21 -2.27068)
(27.8543 -4.37632e-18 -2.32864)
(28.3183 -1.12873e-18 -2.37546)
(28.74 1.30761e-19 -2.41669)
(29.1393 0 -2.45406)
(29.5284 0 -2.48938)
(29.9172 0 -2.52376)
(30.3148 -3.75374e-18 -2.55812)
(30.7303 -9.67074e-18 -2.59322)
(31.1739 6.02686e-18 -2.6299)
(31.6597 -7.36356e-18 -2.66909)
(32.2083 -8.9138e-18 -2.71226)
(32.8478 1.07794e-17 -2.76158)
(33.6087 -1.30506e-17 -2.81896)
(34.5343 -1.58086e-17 -2.88512)
(35.702 0 -2.96135)
(37.207 -2.3968e-17 -3.05704)
(39.0235 -3.02856e-17 -3.18295)
(40.8841 0 -3.28215)
(42.8694 0 -3.22528)
(46.6383 0 -3.43981)
(52.8325 -1.20421e-16 -3.32964)
(25.4352 -8.43119e-18 -2.02833)
(27.1039 -6.31265e-18 -2.12497)
(27.788 0 -2.27162)
(28.4713 -5.38255e-21 -2.34642)
(29.0103 2.1889e-18 -2.40996)
(29.5053 0 -2.46102)
(29.9641 -2.62342e-19 -2.50646)
(30.4079 0 -2.54811)
(30.8483 0 -2.58791)
(31.297 2.87753e-18 -2.62713)
(31.7659 3.97132e-18 -2.66694)
(32.2693 5.16305e-18 -2.70851)
(32.8208 2.67168e-21 -2.75283)
(33.4366 8.0144e-18 -2.80087)
(34.1395 0 -2.854)
(34.9588 0 -2.91419)
(35.9211 1.42572e-17 -2.98285)
(37.0437 1.70526e-17 -3.05824)
(38.3427 0 -3.13674)
(39.8279 2.48223e-17 -3.22331)
(41.4174 3.05668e-17 -3.32615)
(42.8488 0 -3.37692)
(44.264 3.38993e-17 -3.24858)
(47.3327 0 -3.44004)
(52.7819 -9.82016e-17 -3.09093)
(26.6387 -8.39979e-18 -2.08056)
(28.2754 6.33406e-18 -2.17818)
(28.9911 4.73192e-18 -2.34484)
(29.7047 -3.43765e-18 -2.42592)
(30.2838 0 -2.49653)
(30.8252 0 -2.55317)
(31.3396 2.68622e-19 -2.60428)
(31.8499 0 -2.65182)
(32.3672 0 -2.69788)
(32.9048 -3.09369e-18 -2.74384)
(33.4755 -4.29431e-18 -2.79088)
(34.0943 -5.6053e-18 -2.84015)
(34.7762 -7.04277e-18 -2.89269)
(35.536 -8.65069e-18 -2.94928)
(36.383 1.04652e-17 -3.01017)
(37.3206 0 -3.07527)
(38.3404 -1.49084e-17 -3.14334)
(39.4263 -1.75178e-17 -3.21027)
(40.5512 0 -3.27006)
(41.71 -2.46591e-17 -3.32862)
(42.8416 -2.99289e-17 -3.39491)
(43.7944 0 -3.39222)
(44.7947 9.26746e-20 -3.20702)
(47.5054 -5.07651e-17 -3.4022)
(52.5711 8.48451e-17 -2.78626)
(27.9783 1.7118e-17 -2.13321)
(29.5968 -6.48013e-18 -2.23547)
(30.3659 -1.58435e-20 -2.42498)
(31.1269 -3.58913e-18 -2.51442)
(31.7674 0 -2.59407)
(32.3766 0 -2.658)
(32.9671 -6.36458e-21 -2.7161)
(33.5608 0 -2.77041)
(34.1712 0 -2.82334)
(34.8099 0 -2.87623)
(35.4839 0 -2.92981)
(36.1973 -4.81262e-21 -2.98441)
(36.9512 0 -3.03976)
(37.7528 0 -3.09613)
(38.5881 -2.13216e-17 -3.15248)
(39.4362 -1.25935e-17 -3.20737)
(40.2683 0 -3.25863)
(41.0564 0 -3.30152)
(41.8082 0 -3.33194)
(42.5721 -2.3617e-17 -3.35958)
(43.3547 0 -3.39523)
(44.0594 0 -3.35117)
(44.9228 -2.82308e-17 -3.13304)
(47.5429 4.53184e-17 -3.34861)
(52.3168 0 -2.44067)
(29.542 -8.70691e-18 -2.19027)
(31.1635 6.6829e-18 -2.30182)
(31.9986 -5.10499e-18 -2.51606)
(32.8188 3.72481e-18 -2.61565)
(33.5305 0 -2.70513)
(34.212 0 -2.77668)
(34.8731 -8.64002e-21 -2.8412)
(35.5289 0 -2.90034)
(36.1885 0 -2.95622)
(36.8606 0 -3.01011)
(37.5408 0 -3.06225)
(38.2216 5.83076e-18 -3.11215)
(38.8915 0 -3.15921)
(39.534 0 -3.20256)
(40.1374 1.0373e-17 -3.24128)
(40.6968 1.21489e-17 -3.27487)
(41.2127 0 -3.30214)
(41.6971 0 -3.32085)
(42.1971 0 -3.33001)
(42.7822 2.14808e-17 -3.34186)
(43.4641 0 -3.36164)
(44.1232 -2.64025e-17 -3.28438)
(44.9892 0 -3.04685)
(47.5912 0 -3.27952)
(52.0375 0 -2.06407)
(31.4031 0 -2.25333)
(33.0162 0 -2.37768)
(33.8955 0 -2.61563)
(34.7414 0 -2.72422)
(35.4743 0 -2.81983)
(36.1633 -1.23586e-18 -2.89403)
(36.8133 -1.26139e-19 -2.9585)
(37.4328 9.82531e-19 -3.01491)
(38.0207 0 -3.0653)
(38.5722 0 -3.1104)
(39.0829 0 -3.15052)
(39.5509 0 -3.18564)
(39.9769 0 -3.21547)
(40.3627 0 -3.24016)
(40.7247 0 -3.2609)
(41.08 0 -3.27884)
(41.4444 0 -3.29349)
(41.835 -1.4457e-17 -3.30206)
(42.287 0 -3.30283)
(42.856 -1.87998e-17 -3.30836)
(43.5366 0 -3.31545)
(44.1973 1.13387e-19 -3.20342)
(45.0868 -2.18741e-17 -2.95299)
(47.6541 -3.55658e-17 -3.18405)
(51.726 -4.39655e-17 -1.65952)
(33.467 0 -2.31306)
(34.961 6.09763e-18 -2.44797)
(35.7836 0 -2.70156)
(36.5545 3.39706e-18 -2.81316)
(37.1884 0 -2.9074)
(37.7476 2.29463e-18 -2.97622)
(38.2375 0 -3.03226)
(38.6711 -9.13021e-19 -3.07785)
(39.0546 0 -3.11539)
(39.3952 -2.9552e-18 -3.14656)
(39.705 0 -3.17297)
(39.9953 5.0465e-18 -3.19564)
(40.2774 -6.1373e-18 -3.21526)
(40.5621 0 -3.23209)
(40.8609 0 -3.24664)
(41.1832 0 -3.25959)
(41.5356 0 -3.2697)
(41.9264 2.30756e-22 -3.2734)
(42.3843 1.40196e-17 -3.26893)
(42.9604 -1.27049e-20 -3.26904)
(43.6416 0 -3.26002)
(44.298 3.83147e-17 -3.10972)
(45.2058 1.87658e-17 -2.85282)
(47.7112 6.06321e-17 -3.05505)
(51.3751 3.76433e-17 -1.23454)
(35.2887 0 -2.33833)
(36.4949 -8.55184e-20 -2.4819)
(37.107 0 -2.74143)
(37.675 -3.08064e-18 -2.84979)
(38.1077 1.98943e-18 -2.93715)
(38.4786 -1.02523e-18 -2.99736)
(38.798 0 -3.0445)
(39.0858 0 -3.08195)
(39.3533 0 -3.11284)
(39.6106 2.59943e-18 -3.13883)
(39.8655 -3.49351e-18 -3.16115)
(40.1241 -4.38168e-18 -3.18061)
(40.3916 -6.85482e-21 -3.19768)
(40.6729 6.25228e-18 -3.21242)
(40.9739 0 -3.22486)
(41.3006 0 -3.2352)
(41.657 0 -3.24153)
(42.0505 1.05913e-17 -3.23979)
(42.5102 -1.1899e-17 -3.22921)
(43.0863 -8.14327e-21 -3.2222)
(43.7596 -1.56278e-17 -3.19207)
(44.4059 -1.61437e-17 -3.00162)
(45.3302 -1.6399e-17 -2.74491)
(47.7491 -2.56799e-17 -2.88471)
(50.9798 -2.83492e-17 -0.799719)
(36.3717 5.81463e-18 -2.30411)
(37.2182 -4.83623e-18 -2.46531)
(37.6332 0 -2.72589)
(38.0556 2.64381e-18 -2.83432)
(38.3852 -2.76609e-20 -2.92105)
(38.6881 0 -2.98031)
(38.9646 -4.15441e-20 -3.02658)
(39.2285 -7.37233e-19 -3.06331)
(39.4849 0 -3.09368)
(39.7392 -2.24122e-18 -3.11931)
(39.9951 2.97787e-18 -3.14122)
(40.2565 0 -3.15997)
(40.5266 4.50093e-18 -3.17582)
(40.8099 -5.29534e-18 -3.18877)
(41.1117 -6.13447e-18 -3.19876)
(41.4382 7.02377e-18 -3.20576)
(41.7934 -7.96116e-18 -3.20728)
(42.1848 0 -3.19885)
(42.6428 1.00403e-17 -3.18108)
(43.2157 1.15378e-17 -3.16476)
(43.8766 1.31601e-17 -3.10807)
(44.5113 1.34005e-17 -2.87802)
(45.452 1.39535e-17 -2.62629)
(47.7569 2.14671e-17 -2.66665)
(50.5373 2.45354e-17 -0.368402)
(36.8285 -5.05533e-18 -2.22485)
(37.4602 0 -2.42086)
(37.8263 3.07975e-18 -2.68366)
(38.2153 -2.26944e-18 -2.79824)
(38.5338 -2.90025e-18 -2.88928)
(38.8328 0 -2.95156)
(39.1094 3.52859e-20 -3.0001)
(39.3744 6.24739e-19 -3.03828)
(39.6318 0 -3.06939)
(39.8865 1.89301e-18 -3.09513)
(40.1422 0 -3.11658)
(40.4026 -3.15895e-18 -3.1343)
(40.6714 0 -3.14851)
(40.9528 0 -3.15911)
(41.2528 5.16338e-18 -3.16602)
(41.577 -5.9103e-18 -3.16888)
(41.9295 6.69743e-18 -3.16456)
(42.3182 0 -3.14835)
(42.774 -8.44781e-18 -3.12242)
(43.3421 0 -3.09393)
(43.9867 0 -3.00527)
(44.6096 -1.12896e-17 -2.73901)
(45.5643 1.22044e-17 -2.49288)
(47.7228 -1.80594e-17 -2.39735)
(50.0458 0 0.044646)
(37.1017 0 -2.13166)
(37.6426 -3.32673e-18 -2.36723)
(38.0057 -2.61495e-18 -2.63045)
(38.3817 0 -2.7538)
(38.6968 2.39264e-18 -2.8502)
(38.9921 0 -2.91624)
(39.2658 0 -2.96728)
(39.528 0 -3.00694)
(39.7828 -1.08543e-18 -3.03872)
(40.035 0 -3.06441)
(40.2883 2.13271e-18 -3.08515)
(40.5463 2.65417e-18 -3.10153)
(40.8129 3.19925e-18 -3.1137)
(41.0922 3.75573e-18 -3.12151)
(41.3899 0 -3.12477)
(41.7118 0 -3.12271)
(42.0613 0 -3.11146)
(42.4468 0 -3.0864)
(42.9001 0 -3.05114)
(43.4606 0 -3.00666)
(44.0845 0 -2.8814)
(44.6957 9.35124e-18 -2.58501)
(45.6574 1.20191e-19 -2.3392)
(47.6336 1.45231e-17 -2.07832)
(49.5055 0 0.422307)
(37.3811 0 -2.03928)
(37.8501 2.82038e-18 -2.30727)
(38.1986 2.07875e-18 -2.56836)
(38.5553 0 -2.7009)
(38.8616 -9.92217e-19 -2.80254)
(39.1495 0 -2.87257)
(39.4181 2.27839e-20 -2.92619)
(39.6762 0 -2.96737)
(39.9276 9.11078e-19 -2.99981)
(40.1769 0 -3.02537)
(40.4275 -1.78987e-18 -3.04525)
(40.6832 0 -3.06002)
(40.9474 -2.68489e-18 -3.06977)
(41.2243 1.8916e-21 -3.07429)
(41.5197 3.64336e-18 -3.07325)
(41.8386 0 -3.06534)
(42.1844 0 -3.04594)
(42.5663 5.2712e-18 -3.01095)
(43.0159 0 -2.96475)
(43.565 0 -2.89955)
(44.1632 7.51768e-18 -2.73495)
(44.7631 -7.89291e-18 -2.41621)
(45.7188 5.2985e-20 -2.1585)
(47.4767 -5.03697e-19 -1.71688)
(48.9193 1.13467e-17 0.748507)
(37.6669 -2.58252e-18 -1.95202)
(38.063 -2.16793e-18 -2.24075)
(38.3896 -1.7469e-18 -2.49695)
(38.7239 -1.2104e-18 -2.63809)
(39.0192 0 -2.74467)
(39.2987 -3.54117e-19 -2.81883)
(39.5614 -1.91154e-20 -2.87517)
(39.8148 0 -2.91795)
(40.0625 0 -2.95103)
(40.3085 0 -2.97635)
(40.5562 0 -2.99517)
(40.8091 0 -3.008)
(41.0705 0 -3.01489)
(41.3447 -2.64621e-18 -3.01554)
(41.6371 -3.05719e-18 -3.00943)
(41.9523 0 -2.99455)
(42.2935 0 -2.96572)
(42.6707 -4.42558e-18 -2.91975)
(43.1147 0 -2.86037)
(43.6472 0 -2.76941)
(44.2154 -1.25266e-17 -2.56569)
(44.8034 0 -2.23218)
(45.7336 -1.51634e-17 -1.94487)
(47.2419 -9.95026e-18 -1.32751)
(48.2934 -9.99057e-18 1.00951)
(37.9423 2.17783e-18 -1.87066)
(38.272 1.82639e-18 -2.16776)
(38.5737 0 -2.41608)
(38.8838 1.97901e-18 -2.56438)
(39.1664 0 -2.67532)
(39.4359 2.97084e-19 -2.75355)
(39.6918 5.52022e-20 -2.81257)
(39.9398 0 -2.85696)
(40.183 0 -2.89059)
(40.4252 0 -2.91552)
(40.6695 0 -2.93299)
(40.9191 0 -2.9435)
(41.1773 0 -2.94699)
(41.4481 0 -2.94311)
(41.7367 0 -2.93101)
(42.0473 2.91627e-18 -2.90792)
(42.3827 0 -2.86844)
(42.754 0 -2.81038)
(43.1893 -4.15304e-18 -2.73482)
(43.6992 0 -2.61375)
(44.2336 1.14879e-19 -2.3746)
(44.8072 0 -2.0314)
(45.6864 6.42213e-18 -1.69565)
(46.9242 0 -0.930803)
(47.6379 0 1.19757)
(38.2006 0 -1.79526)
(38.4734 1.33322e-18 -2.08859)
(38.7475 -1.04323e-18 -2.32607)
(39.0322 -5.49088e-20 -2.47914)
(39.2999 0 -2.59341)
(39.5582 1.95144e-19 -2.6753)
(39.806 2.28423e-20 -2.73678)
(40.0476 -3.25989e-19 -2.78262)
(40.2856 0 -2.81664)
(40.5233 0 -2.84091)
(40.7635 -1.07879e-18 -2.85669)
(41.0092 1.33232e-18 -2.86439)
(41.2635 -1.59124e-18 -2.8639)
(41.5303 0 -2.85472)
(41.8142 -2.14012e-18 -2.83559)
(42.1187 -1.43443e-20 -2.80302)
(42.4469 0 -2.75181)
(42.8107 -3.06774e-18 -2.68033)
(43.233 3.49149e-18 -2.58519)
(43.7138 0 -2.43171)
(44.2117 4.30744e-18 -2.16362)
(44.7646 0 -1.81186)
(45.5639 0 -1.4144)
(46.5263 0 -0.551197)
(46.9659 -5.50061e-18 1.31206)
(38.4384 0 -1.72502)
(38.6641 -2.14163e-18 -2.00382)
(38.9092 1.67793e-18 -2.22762)
(39.1677 -1.20941e-18 -2.38216)
(39.4188 0 -2.4982)
(39.6641 -2.96212e-19 -2.58289)
(39.9026 -1.3981e-19 -2.64634)
(40.1367 5.6505e-19 -2.69327)
(40.3687 0 -2.72734)
(40.6011 -7.04176e-19 -2.75061)
(40.8366 9.05527e-19 -2.76423)
(41.0776 -1.11844e-18 -2.76857)
(41.3272 1.33594e-18 -2.76342)
(41.589 -1.55493e-18 -2.74811)
(41.867 1.79734e-18 -2.72083)
(42.1638 -1.86649e-20 -2.6776)
(42.4832 -2.2754e-18 -2.61374)
(42.8366 2.57949e-18 -2.52727)
(43.2403 -2.85305e-18 -2.40953)
(43.6859 0 -2.22445)
(44.1452 0 -1.93516)
(44.6661 0 -1.57261)
(45.3582 0 -1.11237)
(46.0594 0 -0.21232)
(46.2924 4.85047e-18 1.36019)
(38.6548 0 -1.65813)
(38.8428 1.62091e-18 -1.91416)
(39.0591 -1.27451e-18 -2.12165)
(39.2917 9.13226e-19 -2.27373)
(39.5245 0 -2.38945)
(39.7556 1.11178e-19 -2.47553)
(39.9833 6.86445e-20 -2.54006)
(40.2088 -2.44685e-19 -2.58747)
(40.4337 0 -2.62107)
(40.6599 5.91232e-19 -2.6428)
(40.8896 7.69049e-19 -2.65371)
(41.125 0 -2.65405)
(41.3689 0 -2.6435)
(41.6243 1.30624e-18 -2.62113)
(41.8946 0 -2.58461)
(42.1819 -3.38268e-18 -2.52981)
(42.4901 1.91345e-18 -2.45258)
(42.8292 0 -2.34954)
(43.2078 2.40255e-18 -2.20774)
(43.6132 0 -1.99528)
(44.0309 0 -1.69203)
(44.5046 3.03059e-18 -1.31636)
(45.0699 -3.34303e-18 -0.807765)
(45.5417 3.48293e-18 0.0676991)
(45.6313 0 1.35435)
(38.8524 0 -1.59215)
(39.0108 -8.5889e-20 -1.82026)
(39.2001 5.05063e-19 -2.00907)
(39.4077 -3.60191e-19 -2.15456)
(39.6212 1.70801e-19 -2.26735)
(39.8369 0 -2.35287)
(40.0524 0 -2.41717)
(40.268 0 -2.46407)
(40.4844 0 -2.49641)
(40.7031 0 -2.51589)
(40.9258 -6.45974e-19 -2.52338)
(41.1543 0 -2.519)
(41.3909 0 -2.50228)
(41.6382 0 -2.47194)
(41.8985 0 -2.42533)
(42.1737 1.41274e-18 -2.35843)
(42.4675 0 -2.26736)
(42.787 0 -2.14688)
(43.1338 0 -1.98223)
(43.495 0 -1.74921)
(43.8666 0 -1.43817)
(44.277 -2.57725e-18 -1.05129)
(44.7085 2.85578e-18 -0.521772)
(44.9952 -3.0058e-18 0.279871)
(44.9939 0 1.30861)
(39.0354 0 -1.52445)
(39.1711 -4.67886e-19 -1.72237)
(39.3362 -3.03787e-19 -1.89057)
(39.5204 0 -2.02556)
(39.7142 -4.04662e-20 -2.13248)
(39.9133 0 -2.215)
(40.1152 -1.10067e-19 -2.27729)
(40.3193 0 -2.32231)
(40.5257 -3.26477e-19 -2.3523)
(40.7353 0 -2.3686)
(40.9492 0 -2.37183)
(41.1689 6.58375e-19 -2.36197)
(41.3961 -7.72734e-19 -2.33832)
(41.6328 0 -2.29933)
(41.8803 0 -2.2422)
(42.14 0 -2.16325)
(42.415 0 -2.0585)
(42.7088 -1.39209e-18 -1.92134)
(43.0179 1.52485e-18 -1.73812)
(43.3319 -1.64939e-18 -1.49284)
(43.6512 -1.77081e-18 -1.18013)
(43.9862 0 -0.790913)
(44.2913 0 -0.27331)
(44.4409 2.00273e-18 0.424579)
(44.3876 -1.91655e-18 1.23489)
(39.2083 0 -1.45248)
(39.3266 0 -1.62015)
(39.4707 2.55279e-19 -1.76641)
(39.6335 0 -1.8876)
(39.8077 -8.64804e-20 -1.9856)
(39.9896 0 -2.0624)
(40.1764 9.24397e-20 -2.1205)
(40.3673 -1.99272e-19 -2.16191)
(40.5617 2.74264e-19 -2.18815)
(40.7601 0 -2.20015)
(40.963 0 -2.19823)
(41.1714 -5.53462e-19 -2.18215)
(41.3865 1.28317e-20 -2.15103)
(41.6092 0 -2.10312)
(41.8403 0 -2.03574)
(42.0806 0 -1.94558)
(42.3317 -1.01351e-18 -1.82855)
(42.5936 1.17493e-18 -1.67787)
(42.8605 -1.28902e-18 -1.48298)
(43.1248 1.39752e-18 -1.23438)
(43.3866 1.5049e-18 -0.927718)
(43.6418 0 -0.550966)
(43.8393 0 -0.0744885)
(43.896 -3.22353e-18 0.509127)
(43.817 1.66788e-18 1.14158)
(39.374 0 -1.37387)
(39.4787 -1.66205e-19 -1.51261)
(39.605 1.18476e-19 -1.63632)
(39.7483 0 -1.74126)
(39.9036 0 -1.82758)
(40.0678 0 -1.89592)
(40.2384 -1.16981e-19 -1.94746)
(40.4142 1.67393e-19 -1.98328)
(40.5945 0 -2.00421)
(40.7792 0 -2.01071)
(40.9683 0 -2.00279)
(41.1624 0 -1.97998)
(41.3618 5.35907e-19 -1.94125)
(41.5668 5.90168e-19 -1.88488)
(41.7775 0 -1.80848)
(41.9939 0 -1.70912)
(42.2158 1.65821e-18 -1.58298)
(42.4409 0 -1.42439)
(42.6631 0 -1.22639)
(42.8764 0 -0.983783)
(43.0789 0 -0.692944)
(43.259 0 -0.345098)
(43.3737 0 0.0708318)
(43.3733 1.28856e-18 0.543949)
(43.2852 0 1.03405)
(39.533 0 -1.28654)
(39.6267 4.567e-20 -1.3984)
(39.7379 -9.95221e-20 -1.49971)
(39.8637 -1.95014e-20 -1.58689)
(40.001 2.31569e-20 -1.65936)
(40.1472 6.83293e-20 -1.71683)
(40.3004 9.82595e-20 -1.75956)
(40.4594 1.6393e-19 -1.78786)
(40.6233 2.13561e-19 -1.80197)
(40.7916 2.64052e-19 -1.8019)
(40.964 3.15215e-19 -1.78738)
(41.1403 0 -1.75779)
(41.3203 0 -1.71205)
(41.5038 -9.68137e-19 -1.64864)
(41.6899 0 -1.56557)
(41.878 0 -1.46048)
(42.0666 -6.78321e-19 -1.33029)
(42.2523 -6.72131e-19 -1.17112)
(42.4293 0 -0.979124)
(42.5928 -7.54321e-19 -0.751833)
(42.7392 0 -0.487169)
(42.8565 -8.13788e-19 -0.181421)
(42.913 0 0.165717)
(42.8813 -7.98935e-19 0.539911)
(42.7946 0 0.916499)
(39.6838 0 -1.18885)
(39.7681 1.21652e-19 -1.2762)
(39.8659 0 -1.35593)
(39.976 1.63777e-20 -1.42485)
(40.096 -6.22585e-20 -1.48212)
(40.2243 -5.73921e-20 -1.52702)
(40.3594 0 -1.55921)
(40.5 -1.37757e-19 -1.57849)
(40.6453 -1.79527e-19 -1.58466)
(40.7946 -4.41273e-19 -1.57741)
(40.9471 -5.2189e-19 -1.55628)
(41.1023 -2.94325e-19 -1.52057)
(41.2595 -3.31917e-19 -1.46935)
(41.4178 3.97073e-19 -1.40138)
(41.576 -4.05687e-19 -1.31521)
(41.7329 0 -1.20916)
(41.8861 0 -1.08124)
(42.0322 6.29389e-20 -0.929352)
(42.1663 0 -0.75189)
(42.2844 8.4061e-20 -0.548222)
(42.3829 -5.76144e-19 -0.318093)
(42.4524 6.95222e-19 -0.0615857)
(42.4719 0 0.217444)
(42.4264 6.86177e-19 0.50712)
(42.3474 0 0.793257)
(39.8233 -2.47978e-20 -1.0799)
(39.8987 -3.58452e-20 -1.14526)
(39.9844 1.05894e-20 -1.20485)
(40.0798 3.11924e-20 -1.25595)
(40.1832 3.59603e-20 -1.29773)
(40.2937 7.6847e-20 -1.32934)
(40.41 0 -1.35018)
(40.5311 1.26689e-19 -1.35977)
(40.6561 0 -1.35766)
(40.7841 1.84448e-19 -1.34341)
(40.9143 4.21359e-19 -1.31649)
(41.0457 2.47946e-19 -1.27626)
(41.1775 5.375e-19 -1.22201)
(41.3083 0 -1.15289)
(41.4369 3.42626e-19 -1.06802)
(41.5615 3.31169e-19 -0.966442)
(41.68 0 -0.84723)
(41.7891 8.01738e-19 -0.709649)
(41.8852 0 -0.55352)
(41.9652 8.76153e-19 -0.379369)
(42.0265 4.90918e-19 -0.188232)
(42.0631 4.17396e-19 0.0180751)
(42.0614 0 0.235224)
(42.0133 4.01365e-19 0.454907)
(41.9456 3.85824e-19 0.669301)
(39.9473 2.08347e-20 -0.959991)
(40.0138 1.30397e-20 -1.00605)
(40.0879 -8.89562e-21 -1.04753)
(40.1692 1.47653e-20 -1.08215)
(40.2566 0 -1.10926)
(40.3494 8.1675e-21 -1.12805)
(40.4467 0 -1.13789)
(40.5476 5.43986e-22 -1.13824)
(40.6512 0 -1.1286)
(40.7567 1.42681e-19 -1.10853)
(40.8632 -3.33442e-19 -1.07756)
(40.9696 1.7814e-19 -1.03522)
(41.0749 -2.17398e-19 -0.981071)
(41.1779 2.11965e-19 -0.914651)
(41.2771 -2.27718e-19 -0.835568)
(41.3711 -3.78181e-20 -0.743508)
(41.4578 2.5566e-19 -0.638304)
(41.535 -5.83074e-19 -0.52007)
(41.5999 0 -0.389367)
(41.6505 -3.4199e-19 -0.247276)
(41.6855 2.88076e-19 -0.0953115)
(41.7015 -3.55908e-19 0.0644519)
(41.6896 2.86959e-19 0.228587)
(41.6453 -6.56336e-20 0.39176)
(41.5904 -6.29066e-20 0.549835)
(40.0514 0 -0.831111)
(40.1087 -1.09565e-20 -0.860785)
(40.1713 -3.34744e-20 -0.886727)
(40.2388 -3.44331e-20 -0.907077)
(40.3106 0 -0.921397)
(40.3861 -6.11785e-20 -0.929016)
(40.4646 -7.61108e-20 -0.929418)
(40.5453 -9.01314e-20 -0.922136)
(40.6276 0 -0.906765)
(40.7107 -1.20204e-19 -0.88295)
(40.7936 1.35312e-19 -0.850378)
(40.8755 -2.83752e-19 -0.808786)
(40.9554 0 -0.757964)
(41.0321 -3.33627e-19 -0.69778)
(41.1047 1.92563e-19 -0.628197)
(41.1717 -3.77938e-19 -0.549307)
(41.2317 -2.16601e-19 -0.461368)
(41.2832 2.26593e-19 -0.364875)
(41.3245 0 -0.260636)
(41.3542 0 -0.1498)
(41.3722 -2.45043e-19 -0.033777)
(41.3766 0 0.0857555)
(41.3615 -2.44498e-19 0.206471)
(41.3242 -2.36476e-19 0.325118)
(41.2817 -2.27772e-19 0.439639)
(40.1318 0 -0.697239)
(40.1794 0 -0.713734)
(40.2304 2.81407e-20 -0.7272)
(40.2846 0 -0.736181)
(40.3414 0 -0.740422)
(40.4003 0 -0.739447)
(40.461 6.40617e-20 -0.732895)
(40.5228 0 -0.720443)
(40.585 0 -0.701823)
(40.6471 8.35007e-20 -0.676823)
(40.7083 0 -0.645287)
(40.768 1.54054e-20 -0.60712)
(40.8253 0 -0.562301)
(40.8794 2.40264e-19 -0.510888)
(40.9294 0 -0.453042)
(40.9745 2.62394e-20 -0.389034)
(41.0138 1.24194e-19 -0.319265)
(41.0462 0 -0.244296)
(41.0708 0 -0.164882)
(41.087 0 -0.0819678)
(41.0949 1.32214e-19 0.00338182)
(41.0936 0 0.0900229)
(41.0792 0 0.176512)
(41.0498 0 0.260942)
(41.0185 0 0.342389)
(40.1859 0 -0.564173)
(40.2238 0 -0.570876)
(40.2636 3.10784e-20 -0.575211)
(40.3051 0 -0.576087)
(40.3481 0 -0.573397)
(40.392 0 -0.566842)
(40.4367 4.8149e-20 -0.556212)
(40.4815 0 -0.541326)
(40.5262 0 -0.522049)
(40.5701 -7.04138e-20 -0.498291)
(40.6129 0 -0.470015)
(40.6539 1.50941e-19 -0.437236)
(40.6927 0 -0.400031)
(40.7287 -9.26716e-20 -0.358543)
(40.7612 0 -0.312987)
(40.7899 1.82844e-19 -0.263658)
(40.8142 -1.05137e-19 -0.210932)
(40.8334 0 -0.155275)
(40.8471 0 -0.097259)
(40.855 0 -0.037552)
(40.8576 -1.12138e-19 0.023145)
(40.8542 0 0.0841306)
(40.8421 0 0.144565)
(40.8203 0 0.203369)
(40.7981 -8.04455e-20 0.260199)
(40.2141 0 -0.438644)
(40.2426 0 -0.438864)
(40.2721 -2.61512e-20 -0.437342)
(40.3024 0 -0.433302)
(40.3332 3.09158e-20 -0.426735)
(40.3643 0 -0.417476)
(40.3954 -7.65035e-20 -0.40543)
(40.4263 0 -0.39052)
(40.4566 0 -0.372702)
(40.486 0 -0.351967)
(40.5142 0 -0.32834)
(40.5408 -1.05524e-19 -0.301885)
(40.5656 4.93178e-20 -0.272709)
(40.5882 0 -0.240958)
(40.6082 0 -0.206827)
(40.6255 -6.87469e-20 -0.170553)
(40.6396 0 -0.132417)
(40.6503 0 -0.0927479)
(40.6573 0 -0.0519241)
(40.6607 5.63305e-20 -0.0103669)
(40.6607 0 0.0315038)
(40.657 0 0.0732917)
(40.6478 0 0.114534)
(40.6323 0 0.154637)
(40.6172 6.81482e-20 0.193537)
(40.2192 0 -0.326892)
(40.2396 0 -0.323517)
(40.2602 -2.02184e-20 -0.318951)
(40.2811 0 -0.312676)
(40.302 -2.60357e-20 -0.304729)
(40.3228 0 -0.295034)
(40.3433 3.02833e-20 -0.283564)
(40.3634 -2.71255e-20 -0.270301)
(40.3828 0 -0.25525)
(40.4014 0 -0.238436)
(40.419 0 -0.219907)
(40.4354 8.19144e-21 -0.199731)
(40.4504 -4.16298e-20 -0.178002)
(40.4638 0 -0.154837)
(40.4754 0 -0.130377)
(40.4852 0 -0.104785)
(40.4929 0 -0.0782437)
(40.4985 0 -0.0509577)
(40.5018 0 -0.0231542)
(40.5028 -4.76286e-20 0.00492253)
(40.5018 0 0.0330394)
(40.4987 0 0.0609871)
(40.4921 0 0.0885222)
(40.4814 0 0.11533)
(40.4715 0 0.141459)
(40.2068 1.33974e-20 -0.233252)
(40.2204 0 -0.228473)
(40.2341 1.70221e-20 -0.222945)
(40.2477 0 -0.216337)
(40.2611 0 -0.208703)
(40.2742 1.71725e-20 -0.200013)
(40.2871 1.78779e-20 -0.190271)
(40.2994 2.28598e-20 -0.179485)
(40.3112 1.91972e-20 -0.167676)
(40.3223 0 -0.154876)
(40.3327 2.03593e-20 -0.141129)
(40.3422 2.68333e-20 -0.12649)
(40.3508 2.1324e-20 -0.111025)
(40.3583 0 -0.0948141)
(40.3647 0 -0.0779456)
(40.3699 0 -0.0605192)
(40.3739 0 -0.0426426)
(40.3766 0 -0.0244322)
(40.3778 0 -0.00601377)
(40.3778 0 0.0124797)
(40.3766 0 0.030927)
(40.3742 0 0.0492239)
(40.3697 0 0.0672483)
(40.3626 0 0.0848387)
(40.3563 0 0.102077)
(40.1832 -1.12766e-20 -0.159381)
(40.1918 -1.01518e-20 -0.154603)
(40.2003 0 -0.149391)
(40.2087 0 -0.143547)
(40.2168 -1.13098e-20 -0.137116)
(40.2247 -1.44639e-20 -0.130091)
(40.2323 -1.50601e-20 -0.122486)
(40.2395 -1.23443e-20 -0.114313)
(40.2463 -1.61761e-20 -0.105595)
(40.2526 -1.29355e-20 -0.0963558)
(40.2584 -1.716e-20 -0.0866281)
(40.2636 0 -0.0764483)
(40.2683 -3.16104e-20 -0.0658584)
(40.2723 0 -0.0549052)
(40.2756 -1.395e-20 -0.0436405)
(40.2782 0 -0.0321195)
(40.2801 -1.41387e-20 -0.0204008)
(40.2812 -1.41812e-20 -0.00854591)
(40.2815 -1.41853e-20 0.00337944)
(40.281 -1.41549e-20 0.0153066)
(40.28 0 0.0271757)
(40.2783 0 0.0389382)
(40.2753 -1.38832e-20 0.0505351)
(40.2707 -1.36108e-20 0.0618871)
(40.2667 -1.33938e-20 0.0730747)
(40.1544 -6.78463e-21 -0.104374)
(40.1595 8.54501e-21 -0.10031)
(40.1646 0 -0.0960155)
(40.1694 7.36427e-21 -0.0913749)
(40.1741 9.52233e-21 -0.0864217)
(40.1786 0 -0.0811568)
(40.1828 7.87447e-21 -0.0755917)
(40.1868 1.03962e-20 -0.0697384)
(40.1906 0 -0.0636118)
(40.194 1.0896e-20 -0.057229)
(40.197 0 -0.0506096)
(40.1998 8.50646e-21 -0.0437752)
(40.2022 1.1486e-20 -0.0367497)
(40.2041 0 -0.0295588)
(40.2057 1.17548e-20 -0.02223)
(40.2069 8.76303e-21 -0.0147922)
(40.2077 1.19149e-20 -0.00727511)
(40.2081 3.15299e-21 0.000290369)
(40.208 1.1955e-20 0.0078717)
(40.2075 2.06943e-20 0.0154346)
(40.2067 0 0.0229512)
(40.2055 0 0.0303998)
(40.2035 1.17009e-20 0.0377537)
(40.2006 1.14712e-20 0.0449756)
(40.1982 1.12881e-20 0.0521318)
(40.1251 5.70921e-21 -0.0655502)
(40.1281 4.65141e-21 -0.0624235)
(40.1309 4.74114e-21 -0.0591833)
(40.1336 -6.19808e-21 -0.055766)
(40.1361 0 -0.0521928)
(40.1385 0 -0.048466)
(40.1408 -1.5732e-21 -0.0445935)
(40.1429 0 -0.0405832)
(40.1448 0 -0.0364443)
(40.1466 0 -0.0321868)
(40.1481 5.28249e-21 -0.0278215)
(40.1495 -1.83889e-21 -0.0233602)
(40.1506 0 -0.0188155)
(40.1515 0 -0.0142004)
(40.1522 0 -0.00952889)
(40.1527 -7.37944e-21 -0.00481511)
(40.153 0 -7.35329e-05)
(40.153 7.40944e-21 0.00468105)
(40.1528 0 0.0094332)
(40.1523 -7.38118e-21 0.0141661)
(40.1517 0 0.0188675)
(40.151 0 0.0235284)
(40.1497 0 0.0281373)
(40.1478 0 0.0326777)
(40.1464 0 0.0371999)
(40.0984 0 -0.0394536)
(40.1 -3.9133e-21 -0.0372089)
(40.1015 -9.29228e-22 -0.0349125)
(40.1029 -3.09708e-21 -0.0325309)
(40.1042 0 -0.0300761)
(40.1055 0 -0.02755)
(40.1066 -4.25394e-21 -0.0249573)
(40.1077 0 -0.0223025)
(40.1086 0 -0.0195907)
(40.1094 -3.26745e-21 -0.0168271)
(40.1102 -4.4455e-21 -0.0140175)
(40.1108 -1.17877e-21 -0.0111676)
(40.1113 0 -0.00828394)
(40.1117 3.32273e-21 -0.00537269)
(40.112 0 -0.00244055)
(40.1121 0 0.000505762)
(40.1121 0 0.00345951)
(40.112 0 0.00641385)
(40.1118 0 0.00936174)
(40.1114 0 0.0122949)
(40.111 0 0.0152084)
(40.1105 0 0.0180987)
(40.1097 3.26088e-21 0.0209612)
(40.1085 0 0.0237897)
(40.1076 0 0.0266197)
(40.0756 1.90555e-21 -0.0226724)
(40.0764 0 -0.021139)
(40.0772 -2.5735e-21 -0.019584)
(40.0779 4.56039e-21 -0.0179901)
(40.0785 0 -0.0163639)
(40.0792 1.9828e-21 -0.0147064)
(40.0797 0 -0.0130202)
(40.0802 0 -0.0113077)
(40.0806 2.0144e-21 -0.00957135)
(40.081 4.77085e-21 -0.00781388)
(40.0813 0 -0.00603803)
(40.0816 -2.77714e-21 -0.00424664)
(40.0818 0 -0.0024427)
(40.0819 -7.55247e-22 -0.000629171)
(40.082 2.04079e-21 0.00119088)
(40.082 0 0.00301436)
(40.0819 2.03834e-21 0.00483824)
(40.0818 2.0349e-21 0.00665943)
(40.0816 -2.02968e-21 0.00847486)
(40.0813 2.02307e-21 0.0102803)
(40.081 0 0.0120741)
(40.0807 0 0.013855)
(40.0802 -7.45895e-22 0.0156213)
(40.0795 -1.97535e-21 0.0173713)
(40.0789 1.95979e-21 0.0191295)
(40.0571 -1.60225e-21 -0.0123145)
(40.0575 0 -0.0113041)
(40.0579 0 -0.0102853)
(40.0582 -2.86427e-21 -0.00924985)
(40.0585 -1.22551e-21 -0.00820088)
(40.0588 -2.89772e-21 -0.00713901)
(40.0591 0 -0.0060655)
(40.0593 -1.23851e-21 -0.00498153)
(40.0595 -2.93557e-21 -0.00388831)
(40.0596 -2.94475e-21 -0.00278712)
(40.0597 -1.24612e-21 -0.00167924)
(40.0598 0 -0.000565981)
(40.0599 -1.24812e-21 0.000551258)
(40.0599 -2.96362e-21 0.00167116)
(40.0599 -2.96377e-21 0.00279234)
(40.0598 0 0.00391342)
(40.0598 -2.95877e-21 0.00503305)
(40.0596 -2.95344e-21 0.00614989)
(40.0595 1.70683e-21 0.00726266)
(40.0593 -2.93639e-21 0.00836911)
(40.0591 -1.23139e-21 0.00946885)
(40.0589 0 0.0105615)
(40.0586 -2.90083e-21 0.0116468)
(40.0581 1.66112e-21 0.0127245)
(40.0578 -2.84974e-21 0.013811)
(40.0427 7.47496e-22 -0.00617159)
(40.0429 0 -0.00552264)
(40.043 -7.5262e-22 -0.00487091)
(40.0432 1.78042e-21 -0.00421233)
(40.0433 1.78695e-21 -0.0035485)
(40.0434 1.79275e-21 -0.0028797)
(40.0435 -7.59782e-22 -0.00220653)
(40.0436 1.80209e-21 -0.00152954)
(40.0437 1.80561e-21 -0.000849288)
(40.0437 1.80836e-21 -0.000166366)
(40.0437 1.04758e-21 0.000518645)
(40.0438 7.62793e-22 0.00120517)
(40.0438 1.81186e-21 0.00189254)
(40.0437 1.81142e-21 0.00258022)
(40.0437 1.04884e-21 0.00326757)
(40.0436 -7.60326e-22 0.00395399)
(40.0436 1.80543e-21 0.0046389)
(40.0435 1.80181e-21 0.00532174)
(40.0434 7.5556e-22 0.00600201)
(40.0433 1.79171e-21 0.00667838)
(40.0431 1.78651e-21 0.00735102)
(40.043 7.4932e-22 0.00801984)
(40.0428 1.02666e-21 0.00868488)
(40.0425 7.39898e-22 0.00934663)
(40.0423 1.74602e-21 0.0100159)
(40.0316 -6.28244e-22 -0.00267986)
(40.0317 0 -0.00227054)
(40.0318 6.32554e-22 -0.00186045)
(40.0318 -6.34386e-22 -0.00144776)
(40.0319 -6.36002e-22 -0.00103319)
(40.0319 -6.37401e-22 -0.000616874)
(40.032 1.10422e-21 -0.000199095)
(40.032 -6.39538e-22 0.000219902)
(40.032 -6.40272e-22 0.000639862)
(40.032 -6.4078e-22 0.00106053)
(40.032 0 0.00148164)
(40.032 -6.41116e-22 0.00190294)
(40.032 -6.40942e-22 0.00232413)
(40.0319 -6.40536e-22 0.00274498)
(40.0319 0 0.00316521)
(40.0318 6.39044e-22 0.00358457)
(40.0318 -6.37979e-22 0.0040028)
(40.0317 -6.36664e-22 0.00441968)
(40.0317 -6.35038e-22 0.00483506)
(40.0316 -6.33195e-22 0.00524807)
(40.0315 -6.3146e-22 0.00565905)
(40.0314 -6.29792e-22 0.00606798)
(40.0313 0 0.00647502)
(40.0311 -6.21871e-22 0.00688075)
(40.031 -6.18412e-22 0.00729208)
(40.0233 0 -0.000794365)
(40.0234 0 -0.000539328)
(40.0234 0 -0.000284164)
(40.0234 0 -2.8106e-05)
(40.0234 0 0.000228532)
(40.0234 0 0.000485683)
(40.0234 -3.91292e-22 0.000743228)
(40.0234 0 0.00100106)
(40.0234 0 0.00125906)
(40.0234 0 0.00151711)
(40.0234 0 0.00177511)
(40.0234 0 0.00203295)
(40.0234 0 0.00229048)
(40.0233 0 0.00254761)
(40.0233 0 0.00280422)
(40.0233 0 0.00306021)
(40.0232 0 0.00331547)
(40.0232 0 0.0035699)
(40.0231 1.40376e-22 0.0038235)
(40.0231 0 0.00407568)
(40.023 0 0.00432677)
(40.023 1.39446e-22 0.00457677)
(40.0229 0 0.00482583)
(40.0228 1.3816e-22 0.00507444)
(40.0227 0 0.00532697)
(40.0172 0 0.000151664)
(40.0172 0 0.000309317)
(40.0172 -8.69857e-23 0.000466939)
(40.0172 0 0.000624812)
(40.0172 0 0.00078281)
(40.0172 0 0.000940899)
(40.0172 8.69001e-23 0.00109903)
(40.0172 0 0.00125715)
(40.0172 0 0.00141522)
(40.0172 0 0.00157318)
(40.0172 0 0.00173098)
(40.0171 8.65482e-23 0.00188859)
(40.0171 0 0.00204592)
(40.0171 0 0.00220296)
(40.0171 0 0.00235964)
(40.0171 -8.60716e-23 0.00251592)
(40.017 0 0.00267176)
(40.017 0 0.00282711)
(40.017 -2.03541e-22 0.00298205)
(40.0169 0 0.00313611)
(40.0169 0 0.0032896)
(40.0169 -1.17163e-22 0.00344252)
(40.0168 0 0.00359498)
(40.0167 -1.16083e-22 0.00374733)
(40.0167 0 0.0039023)
(40.0127 0 0.000568661)
(40.0127 0 0.000665659)
(40.0127 1.99221e-23 0.000762614)
(40.0127 0 0.000859602)
(40.0127 0 0.000956578)
(40.0127 0 0.00105353)
(40.0127 -1.26041e-22 0.00115042)
(40.0127 0 0.00124725)
(40.0126 0 0.00134398)
(40.0126 0 0.0014406)
(40.0126 0 0.00153708)
(40.0126 -1.99288e-23 0.00163342)
(40.0126 0 0.00172956)
(40.0126 0 0.00182551)
(40.0126 0 0.00192124)
(40.0125 1.98155e-23 0.00201673)
(40.0125 0 0.00211196)
(40.0125 0 0.00220692)
(40.0125 1.24138e-22 0.00230168)
(40.0125 0 0.0023959)
(40.0124 0 0.00248983)
(40.0124 0 0.00258345)
(40.0124 0 0.00267686)
(40.0123 0 0.00277028)
(40.0123 0 0.00286538)
(40.0094 0 0.000700862)
(40.0094 0 0.000760398)
(40.0094 7.71307e-23 0.00081991)
(40.0094 0 0.000879394)
(40.0094 0 0.00093884)
(40.0094 0 0.000998238)
(40.0094 7.69338e-23 0.00105758)
(40.0093 0 0.00111685)
(40.0093 0 0.00117605)
(40.0093 0 0.00123517)
(40.0093 0 0.00129419)
(40.0093 -1.21211e-23 0.00135312)
(40.0093 0 0.00141192)
(40.0093 0 0.00147061)
(40.0093 0 0.00152916)
(40.0093 7.61449e-23 0.00158758)
(40.0093 0 0.00164585)
(40.0092 0 0.00170398)
(40.0092 -4.3873e-23 0.00176202)
(40.0092 0 0.00181972)
(40.0092 0 0.00187728)
(40.0092 0 0.00193467)
(40.0092 0 0.00199196)
(40.0091 0 0.0020493)
(40.0091 0 0.00210767)
(40.007 0 0.000689545)
(40.007 0 0.000726057)
(40.007 -2.7281e-23 0.000762564)
(40.007 0 0.000799034)
(40.007 0 0.000835472)
(40.007 0 0.000871869)
(40.007 -2.72e-23 0.000908224)
(40.007 0 0.000944533)
(40.0069 0 0.000980791)
(40.0069 0 0.00101699)
(40.0069 0 0.00105314)
(40.0069 -2.70609e-23 0.00108923)
(40.0069 0 0.00112524)
(40.0069 0 0.00116119)
(40.0069 0 0.00119706)
(40.0069 -2.69196e-23 0.00123285)
(40.0069 0 0.00126857)
(40.0069 0 0.0013042)
(40.0069 -1.95152e-23 0.00133981)
(40.0069 0 0.0013752)
(40.0069 0 0.00141052)
(40.0068 -1.94344e-23 0.00144576)
(40.0068 0 0.00148094)
(40.0068 -1.93376e-23 0.00151617)
(40.0068 0 0.00155201)
(40.0052 0 0.000613256)
(40.0052 0 0.000635654)
(40.0052 1.21729e-23 0.000658055)
(40.0052 0 0.000680428)
(40.0052 0 0.000702777)
(40.0052 0 0.000725099)
(40.0052 1.21301e-23 0.000747394)
(40.0052 0 0.000769659)
(40.0052 0 0.000791892)
(40.0052 0 0.000814093)
(40.0052 0 0.00083626)
(40.0052 1.20685e-23 0.000858394)
(40.0052 0 0.000880482)
(40.0052 0 0.000902533)
(40.0052 0 0.000924542)
(40.0052 1.20126e-23 0.000946509)
(40.0052 0 0.000968433)
(40.0052 0 0.000990317)
(40.0052 2.83578e-23 0.0010122)
(40.0051 0 0.00103393)
(40.0051 0 0.00105564)
(40.0051 2.82453e-23 0.0010773)
(40.0051 0 0.00109894)
(40.0051 2.81126e-23 0.00112061)
(40.0051 0 0.00114263)
(40.004 0 0.00051406)
(40.0039 0 0.00052781)
(40.0039 -1.02237e-23 0.000541566)
(40.0039 0 0.000555303)
(40.0039 0 0.000569025)
(40.0039 0 0.00058273)
(40.0039 -1.01878e-23 0.000596418)
(40.0039 0 0.000610088)
(40.0039 0 0.00062374)
(40.0039 0 0.000637372)
(40.0039 0 0.000650985)
(40.0039 -1.0136e-23 0.00066458)
(40.0039 0 0.000678148)
(40.0039 0 0.000691695)
(40.0039 0 0.000705219)
(40.0039 -1.00891e-23 0.000718719)
(40.0039 0 0.000732197)
(40.0039 0 0.000745655)
(40.0039 -1.00505e-23 0.000759121)
(40.0039 0 0.000772488)
(40.0039 0 0.000785846)
(40.0039 -1.0013e-23 0.000799178)
(40.0039 0 0.000812499)
(40.0039 -9.96986e-24 0.000825837)
(40.0039 0 0.000839367)
(40.003 0 0.000413233)
(40.003 0 0.000421676)
(40.003 4.6291e-24 0.000430124)
(40.003 0 0.00043856)
(40.003 0 0.000446988)
(40.003 0 0.000455404)
(40.003 4.61261e-24 0.000463811)
(40.003 0 0.000472207)
(40.003 0 0.000480593)
(40.003 0 0.000488967)
(40.003 0 0.00049733)
(40.003 4.59051e-24 0.000505684)
(40.003 0 0.000514021)
(40.003 0 0.000522347)
(40.003 0 0.00053066)
(40.003 4.5716e-24 0.000538961)
(40.003 0 0.000547249)
(40.003 0 0.000555527)
(40.003 -4.55669e-24 0.000563817)
(40.003 0 0.000572038)
(40.003 0 0.000580259)
(40.003 -4.54234e-24 0.000588465)
(40.003 0 0.000596665)
(40.003 -4.52728e-24 0.000604874)
(40.003 0 0.000613181)
(40.0023 0 0.000320238)
(40.0023 0 0.000325413)
(40.0023 -3.88758e-24 0.000330594)
(40.0023 0 0.000335766)
(40.0023 0 0.000340934)
(40.0023 0 0.000346094)
(40.0023 -3.87374e-24 0.000351249)
(40.0023 0 0.000356398)
(40.0023 0 0.00036154)
(40.0023 0 0.000366676)
(40.0023 0 0.000371806)
(40.0023 -3.85517e-24 0.00037693)
(40.0023 0 0.000382045)
(40.0023 0 0.000387153)
(40.0023 0 0.000392255)
(40.0023 -3.83929e-24 0.000397349)
(40.0023 0 0.000402436)
(40.0023 0 0.000407519)
(40.0023 6.67114e-24 0.000412613)
(40.0023 0 0.000417659)
(40.0023 0 0.000422708)
(40.0023 6.65068e-24 0.000427748)
(40.0023 0 0.000432784)
(40.0023 6.62964e-24 0.000437825)
(40.0023 0 0.000442913)
(40.0018 1.83068e-24 0.000238538)
(40.0018 0 0.000241689)
(40.0018 1.8276e-24 0.000244844)
(40.0018 1.82603e-24 0.000247994)
(40.0018 0 0.000251141)
(40.0018 1.82287e-24 0.000254284)
(40.0018 1.82126e-24 0.000257423)
(40.0018 0 0.000260559)
(40.0018 1.81802e-24 0.000263691)
(40.0018 1.81638e-24 0.000266819)
(40.0018 0 0.000269943)
(40.0018 1.81306e-24 0.000273065)
(40.0018 1.81139e-24 0.00027618)
(40.0018 0 0.000279292)
(40.0018 1.80798e-24 0.0002824)
(40.0018 1.80627e-24 0.000285504)
(40.0018 0 0.000288605)
(40.0018 1.80285e-24 0.000291702)
(40.0018 -2.38868e-24 0.000294809)
(40.0018 1.79919e-24 0.000297884)
(40.0018 1.79751e-24 0.000300961)
(40.0018 -2.38161e-24 0.000304033)
(40.0018 1.7941e-24 0.000307104)
(40.0018 -5.83308e-25 0.000310175)
(40.0018 0 0.000313269)
(40.0014 -9.44598e-25 0.000168365)
(40.0014 0 0.000170251)
(40.0014 -1.53477e-24 0.00017214)
(40.0014 -1.53346e-24 0.000174026)
(40.0014 5.90821e-25 0.00017591)
(40.0014 -1.5308e-24 0.000177791)
(40.0014 -1.52945e-24 0.00017967)
(40.0014 5.89334e-25 0.000181547)
(40.0014 -1.52673e-24 0.000183421)
(40.0014 -9.3702e-25 0.000185293)
(40.0014 0 0.000187164)
(40.0014 -1.52256e-24 0.000189032)
(40.0014 -1.52116e-24 0.000190897)
(40.0014 5.86288e-25 0.000192759)
(40.0014 -9.32532e-25 0.000194619)
(40.0014 -1.51686e-24 0.000196477)
(40.0014 5.84729e-25 0.000198333)
(40.0014 -1.51398e-24 0.000200188)
(40.0014 0 0.000202049)
(40.0014 -1.51092e-24 0.000203888)
(40.0014 -9.2691e-25 0.00020573)
(40.0014 0 0.000207569)
(40.0014 -1.50664e-24 0.000209407)
(40.0014 -1.50425e-24 0.000211246)
(40.0013 0 0.000213098)
(40.001 -4.97779e-25 0.000109166)
(40.001 0 0.000110245)
(40.001 0 0.000111325)
(40.001 0 0.000112403)
(40.001 -4.96148e-25 0.00011348)
(40.001 0 0.000114555)
(40.001 0 0.000115629)
(40.001 -4.94899e-25 0.000116702)
(40.001 0 0.000117773)
(40.001 -4.94055e-25 0.000118842)
(40.001 0 0.000119911)
(40.001 0 0.000120978)
(40.001 0 0.000122043)
(40.001 -4.92341e-25 0.000123107)
(40.001 -4.91902e-25 0.000124169)
(40.001 0 0.00012523)
(40.001 -4.91032e-25 0.00012629)
(40.001 0 0.000127349)
(40.001 3.93271e-25 0.000128412)
(40.001 0 0.000129462)
(40.001 -4.8924e-25 0.000130514)
(40.001 0 0.000131563)
(40.001 0 0.000132613)
(40.001 -3.91569e-25 0.000133664)
(40.001 0 0.000134729)
(40.0007 -1.42045e-25 6.01187e-05)
(40.0007 0 6.06762e-05)
(40.0007 1.41885e-25 6.12338e-05)
(40.0007 0 6.17902e-05)
(40.0007 0 6.23458e-05)
(40.0007 0 6.29003e-05)
(40.0007 0 6.34539e-05)
(40.0007 1.41479e-25 6.40065e-05)
(40.0007 -1.41396e-25 6.45582e-05)
(40.0007 1.41314e-25 6.5109e-05)
(40.0007 -1.41231e-25 6.56588e-05)
(40.0007 1.41148e-25 6.6208e-05)
(40.0007 -1.41065e-25 6.67557e-05)
(40.0007 0 6.73027e-05)
(40.0007 0 6.78487e-05)
(40.0007 0 6.83938e-05)
(40.0007 0 6.8938e-05)
(40.0007 -1.40649e-25 6.94817e-05)
(40.0007 -1.89686e-25 7.00275e-05)
(40.0007 0 7.0566e-05)
(40.0007 0 7.11054e-05)
(40.0007 -1.40328e-25 7.16439e-05)
(40.0007 0 7.21829e-05)
(40.0007 1.88709e-25 7.27268e-05)
(40.0007 0 7.32967e-05)
(40.0003 1.1928e-25 1.74274e-05)
(40.0003 0 1.7606e-05)
(40.0003 -1.19146e-25 1.77845e-05)
(40.0003 0 1.79626e-05)
(40.0003 0 1.81403e-05)
(40.0003 0 1.83175e-05)
(40.0003 0 1.84944e-05)
(40.0003 -1.18805e-25 1.86708e-05)
(40.0003 1.18736e-25 1.88468e-05)
(40.0003 -1.18667e-25 1.90225e-05)
(40.0003 1.18597e-25 1.91977e-05)
(40.0003 -1.18528e-25 1.93727e-05)
(40.0003 1.18458e-25 1.9547e-05)
(40.0003 0 1.9721e-05)
(40.0003 0 1.98947e-05)
(40.0003 0 2.00679e-05)
(40.0003 0 2.02408e-05)
(40.0003 1.18108e-25 2.04133e-05)
(40.0003 -1.18035e-25 2.05865e-05)
(40.0003 0 2.07573e-05)
(40.0003 0 2.09285e-05)
(40.0003 1.17839e-25 2.10997e-05)
(40.0003 0 2.12728e-05)
(40.0003 1.17655e-25 2.14553e-05)
(40.0003 0 2.16806e-05)
(17.4156 0 -0.0460315)
(22.1119 0 -0.0130084)
(24.5918 0 -0.0075874)
(26.191 0 -0.00473948)
(27.4909 0 -0.00348876)
(28.6129 0 -0.00266732)
(29.5849 0 -0.0020514)
(30.4334 0 -0.00158602)
(31.1758 0 -0.00122399)
(31.8182 0 -0.000940488)
(32.3841 0 -0.000767955)
(32.9296 0 -0.000692234)
(33.5137 0 -0.000671566)
(34.1667 0 -0.000656316)
(34.8847 0 -0.000624963)
(35.6374 0 -0.000563065)
(36.3782 0 -0.000472066)
(37.0575 0 -0.000373587)
(37.6414 0 -0.000281203)
(38.1201 0 -0.000200665)
(38.5024 0 -0.00014324)
(38.804 0 -9.38695e-05)
(39.0405 0 -7.12191e-05)
(39.2253 0 -4.92188e-05)
(39.3705 0 -3.28178e-05)
(39.4852 0 -2.2407e-05)
(39.5764 0 -1.68097e-05)
(39.6491 0 -1.09388e-05)
(39.7072 0 -9.95825e-06)
(39.7539 0 -8.40985e-06)
(39.791 0 -6.29855e-06)
(39.8207 0 -4.30724e-06)
(39.8453 0 -5.14087e-06)
(39.8657 0 -3.94991e-06)
(39.8828 0 -3.65281e-06)
(39.8974 0 -3.16128e-06)
(39.9103 0 -2.41024e-06)
(39.9218 0 -2.05947e-06)
(39.9318 0 -1.58689e-06)
(39.9406 0 -1.53872e-06)
(39.9482 0 -1.17107e-06)
(39.9549 0 -1.03422e-06)
(39.9606 0 -9.84044e-07)
(39.9655 0 -7.69233e-07)
(39.9697 0 -6.79516e-07)
(39.9734 0 -6.55446e-07)
(39.9765 0 -5.95142e-07)
(39.9793 0 -5.65976e-07)
(39.9814 0 -6.23723e-07)
(39.9844 0 -5.59664e-07)
(18.1386 0 -0.0710857)
(22.2376 0 -0.0455513)
(24.6403 0 -0.0242869)
(26.2189 0 -0.0150902)
(27.509 0 -0.0111244)
(28.6255 0 -0.00851158)
(29.5941 0 -0.00654798)
(30.4403 0 -0.00506372)
(31.1814 0 -0.00390406)
(31.8232 0 -0.00300914)
(32.3885 0 -0.00244686)
(32.9323 0 -0.0021968)
(33.5138 0 -0.00212745)
(34.1637 0 -0.00208491)
(34.8785 0 -0.00198293)
(35.6289 0 -0.00178582)
(36.3683 0 -0.00150351)
(37.0475 0 -0.0011873)
(37.6321 0 -0.000887957)
(38.112 0 -0.000636134)
(38.4955 0 -0.000449487)
(38.7983 0 -0.000307191)
(39.0358 0 -0.000219045)
(39.2215 0 -0.00015164)
(39.3673 0 -0.000104227)
(39.4827 0 -7.24666e-05)
(39.5743 0 -5.20439e-05)
(39.6473 0 -3.58143e-05)
(39.7058 0 -2.75804e-05)
(39.7527 0 -2.08804e-05)
(39.79 0 -1.51084e-05)
(39.8199 0 -1.06339e-05)
(39.8446 0 -9.76816e-06)
(39.8651 0 -7.36613e-06)
(39.8823 0 -6.20607e-06)
(39.897 0 -5.12668e-06)
(39.91 0 -3.94634e-06)
(39.9215 0 -3.25695e-06)
(39.9315 0 -2.51554e-06)
(39.9403 0 -2.25906e-06)
(39.9481 0 -1.72547e-06)
(39.9547 0 -1.4566e-06)
(39.9604 0 -1.30581e-06)
(39.9654 0 -1.0146e-06)
(39.9696 0 -8.66009e-07)
(39.9733 0 -7.97261e-07)
(39.9764 0 -7.0393e-07)
(39.9792 0 -6.46524e-07)
(39.9814 0 -6.96083e-07)
(39.9843 0 -5.98941e-07)
(19.0476 0 -0.0968794)
(22.5337 0 -0.0782548)
(24.7646 0 -0.0433635)
(26.2903 0 -0.0272147)
(27.5559 0 -0.0201249)
(28.6583 0 -0.0154232)
(29.618 0 -0.0118756)
(30.4582 0 -0.00918994)
(31.1957 0 -0.00708833)
(31.8356 0 -0.00546861)
(32.3992 0 -0.00444026)
(32.9395 0 -0.00397846)
(33.5153 0 -0.00384864)
(34.1582 0 -0.00377397)
(34.8663 0 -0.0035906)
(35.6112 0 -0.00323623)
(36.3476 0 -0.00272979)
(37.0263 0 -0.00215701)
(37.6124 0 -0.00161255)
(38.0947 0 -0.001157)
(38.4808 0 -0.000816204)
(38.786 0 -0.000562823)
(39.0256 0 -0.000396306)
(39.2132 0 -0.000274505)
(39.3605 0 -0.000189903)
(39.4771 0 -0.000132542)
(39.5697 0 -9.43397e-05)
(39.6435 0 -6.56847e-05)
(39.7026 0 -4.87528e-05)
(39.7501 0 -3.58692e-05)
(39.7878 0 -2.57023e-05)
(39.8181 0 -1.82423e-05)
(39.8431 0 -1.5333e-05)
(39.8639 0 -1.14737e-05)
(39.8812 0 -9.27516e-06)
(39.8961 0 -7.48716e-06)
(39.9092 0 -5.78987e-06)
(39.9208 0 -4.69347e-06)
(39.9309 0 -3.62937e-06)
(39.9398 0 -3.12287e-06)
(39.9476 0 -2.39039e-06)
(39.9543 0 -1.96332e-06)
(39.9601 0 -1.69214e-06)
(39.9651 0 -1.30942e-06)
(39.9694 0 -1.09036e-06)
(39.9731 0 -9.68061e-07)
(39.9763 0 -8.35303e-07)
(39.979 0 -7.43919e-07)
(39.9812 0 -7.83861e-07)
(39.9842 0 -6.47102e-07)
(20.0086 0 -0.125054)
(22.986 0 -0.111081)
(24.9897 0 -0.0644251)
(26.4244 0 -0.0411267)
(27.6453 0 -0.030607)
(28.7216 0 -0.0235293)
(29.6645 0 -0.0181487)
(30.4932 0 -0.0140624)
(31.2233 0 -0.0108588)
(31.8591 0 -0.00838527)
(32.4192 0 -0.00679964)
(32.9537 0 -0.00607803)
(33.5201 0 -0.00587121)
(34.1518 0 -0.00575916)
(34.8486 0 -0.00548429)
(35.5845 0 -0.00495052)
(36.3155 0 -0.00418506)
(36.9929 0 -0.00331259)
(37.5809 0 -0.00247923)
(38.0668 0 -0.00178182)
(38.457 0 -0.00125701)
(38.7661 0 -0.000870575)
(39.0092 0 -0.000609929)
(39.1996 0 -0.000422697)
(39.3493 0 -0.000293295)
(39.4679 0 -0.000205067)
(39.5621 0 -0.00014542)
(39.6373 0 -0.000101775)
(39.6975 0 -7.434e-05)
(39.7458 0 -5.39923e-05)
(39.7843 0 -3.85191e-05)
(39.8152 0 -2.74486e-05)
(39.8406 0 -2.20637e-05)
(39.8618 0 -1.64405e-05)
(39.8795 0 -1.29846e-05)
(39.8946 0 -1.0337e-05)
(39.908 0 -8.01367e-06)
(39.9197 0 -6.42527e-06)
(39.93 0 -4.97151e-06)
(39.939 0 -4.16338e-06)
(39.9469 0 -3.19127e-06)
(39.9537 0 -2.5737e-06)
(39.9596 0 -2.15749e-06)
(39.9647 0 -1.6647e-06)
(39.969 0 -1.36088e-06)
(39.9727 0 -1.17399e-06)
(39.976 0 -9.93646e-07)
(39.9788 0 -8.61476e-07)
(39.981 0 -8.89868e-07)
(39.984 0 -7.05543e-07)
(20.9927 0 -0.152776)
(23.5693 0 -0.144593)
(25.3313 0 -0.0870723)
(26.6416 0 -0.0566911)
(27.7946 0 -0.0426116)
(28.8291 0 -0.0329231)
(29.7441 0 -0.0254671)
(30.5535 0 -0.0197746)
(31.2707 0 -0.0152989)
(31.8986 0 -0.0118295)
(32.4526 0 -0.00957995)
(32.9781 0 -0.00853756)
(33.5312 0 -0.00823072)
(34.1465 0 -0.00807531)
(34.827 0 -0.0077008)
(35.5494 0 -0.00696715)
(36.2719 0 -0.00590735)
(36.9466 0 -0.00468883)
(37.5366 0 -0.00351726)
(38.0272 0 -0.00253353)
(38.423 0 -0.00178906)
(38.7375 0 -0.00124288)
(38.9853 0 -0.000868835)
(39.1799 0 -0.000602535)
(39.3331 0 -0.000418872)
(39.4545 0 -0.000293208)
(39.5511 0 -0.000207533)
(39.6282 0 -0.00014568)
(39.6899 0 -0.000105486)
(39.7395 0 -7.60673e-05)
(39.7791 0 -5.41415e-05)
(39.8109 0 -3.86706e-05)
(39.837 0 -3.02652e-05)
(39.8588 0 -2.2491e-05)
(39.8769 0 -1.75006e-05)
(39.8925 0 -1.38018e-05)
(39.9061 0 -1.07134e-05)
(39.9181 0 -8.5257e-06)
(39.9287 0 -6.59837e-06)
(39.9379 0 -5.42375e-06)
(39.9459 0 -4.16111e-06)
(39.9529 0 -3.31279e-06)
(39.9589 0 -2.7209e-06)
(39.964 0 -2.09469e-06)
(39.9684 0 -1.68821e-06)
(39.9723 0 -1.42313e-06)
(39.9755 0 -1.18523e-06)
(39.9784 0 -1.00357e-06)
(39.9807 0 -1.01807e-06)
(39.9838 0 -7.76223e-07)
(21.9946 0 -0.180564)
(24.2631 0 -0.178877)
(25.7969 0 -0.110969)
(26.9612 0 -0.0736483)
(28.023 0 -0.0560705)
(28.9974 0 -0.0436316)
(29.8706 0 -0.0338934)
(30.6502 0 -0.0264002)
(31.3467 0 -0.0204837)
(31.9613 0 -0.0158698)
(32.5051 0 -0.0128359)
(33.0179 0 -0.0113972)
(33.5529 0 -0.0109589)
(34.1461 0 -0.0107534)
(34.8042 0 -0.0102746)
(35.5075 0 -0.00932491)
(36.2174 0 -0.00793776)
(36.8872 0 -0.00632539)
(37.4788 0 -0.00476141)
(37.9748 0 -0.00344025)
(38.3775 0 -0.0024338)
(38.6989 0 -0.00169561)
(38.9531 0 -0.00118447)
(39.1533 0 -0.000822209)
(39.3111 0 -0.000572469)
(39.4363 0 -0.000401117)
(39.5361 0 -0.000283643)
(39.6157 0 -0.000199523)
(39.6796 0 -0.000143703)
(39.7309 0 -0.000103178)
(39.772 0 -7.3347e-05)
(39.805 0 -5.2469e-05)
(39.8321 0 -4.03434e-05)
(39.8546 0 -2.99226e-05)
(39.8734 0 -2.3043e-05)
(39.8895 0 -1.80461e-05)
(39.9036 0 -1.40149e-05)
(39.916 0 -1.10913e-05)
(39.9268 0 -8.58388e-06)
(39.9363 0 -6.9609e-06)
(39.9445 0 -5.3436e-06)
(39.9517 0 -4.21396e-06)
(39.9578 0 -3.40772e-06)
(39.9631 0 -2.61888e-06)
(39.9677 0 -2.08727e-06)
(39.9716 0 -1.72679e-06)
(39.975 0 -1.41856e-06)
(39.9779 0 -1.17668e-06)
(39.9803 0 -1.17425e-06)
(39.9834 0 -8.6234e-07)
(23.0187 0 -0.210047)
(25.0539 0 -0.213992)
(26.3891 0 -0.135904)
(27.3993 0 -0.091657)
(28.3507 0 -0.0707867)
(29.246 0 -0.0555816)
(30.0612 0 -0.0434217)
(30.7978 0 -0.0339692)
(31.463 0 -0.0264625)
(32.0563 0 -0.0205614)
(32.5842 0 -0.0166151)
(33.0795 0 -0.0146906)
(33.591 0 -0.0140797)
(34.1559 0 -0.0138159)
(34.7845 0 -0.0132333)
(35.462 0 -0.0120591)
(36.1538 0 -0.0103178)
(36.8152 0 -0.00826569)
(37.407 0 -0.00625208)
(37.9087 0 -0.00453597)
(38.3194 0 -0.00321791)
(38.6493 0 -0.00224879)
(38.9114 0 -0.00157154)
(39.1185 0 -0.00109234)
(39.2823 0 -0.000761697)
(39.4124 0 -0.000534245)
(39.5163 0 -0.000377656)
(39.5993 0 -0.000266101)
(39.666 0 -0.000191006)
(39.7196 0 -0.000136776)
(39.7626 0 -9.71783e-05)
(39.7971 0 -6.95942e-05)
(39.8255 0 -5.28451e-05)
(39.8491 0 -3.91367e-05)
(39.8688 0 -2.99078e-05)
(39.8855 0 -2.32914e-05)
(39.9002 0 -1.80854e-05)
(39.9131 0 -1.42497e-05)
(39.9243 0 -1.10257e-05)
(39.9341 0 -8.84948e-06)
(39.9427 0 -6.79582e-06)
(39.9501 0 -5.32073e-06)
(39.9565 0 -4.25117e-06)
(39.9619 0 -3.26249e-06)
(39.9667 0 -2.5772e-06)
(39.9707 0 -2.09956e-06)
(39.9742 0 -1.70501e-06)
(39.9773 0 -1.38908e-06)
(39.9797 0 -1.36599e-06)
(39.983 0 -9.68058e-07)
(24.0778 0 -0.242908)
(25.9357 0 -0.250119)
(27.1091 0 -0.161838)
(27.9691 0 -0.110342)
(28.7973 0 -0.0864316)
(29.5957 0 -0.068568)
(30.3356 0 -0.0539416)
(31.0137 0 -0.0424357)
(31.6346 0 -0.0332335)
(32.1962 0 -0.0259279)
(32.7004 0 -0.0209461)
(33.1718 0 -0.0184366)
(33.6537 0 -0.0176015)
(34.1831 0 -0.0172697)
(34.7745 0 -0.0165911)
(35.4181 0 -0.0151958)
(36.0848 0 -0.0130854)
(36.7326 0 -0.0105547)
(37.3218 0 -0.00803451)
(37.8285 0 -0.00586088)
(38.2479 0 -0.0041741)
(38.5875 0 -0.00292766)
(38.8591 0 -0.00204886)
(39.0747 0 -0.0014267)
(39.2458 0 -0.000996534)
(39.382 0 -0.000699781)
(39.491 0 -0.000494751)
(39.5783 0 -0.00034915)
(39.6485 0 -0.000250085)
(39.7051 0 -0.000178804)
(39.7505 0 -0.000127038)
(39.787 0 -9.10607e-05)
(39.8171 0 -6.8506e-05)
(39.842 0 -5.06725e-05)
(39.8628 0 -3.84926e-05)
(39.8805 0 -2.98336e-05)
(39.8959 0 -2.31485e-05)
(39.9094 0 -1.81712e-05)
(39.9211 0 -1.40536e-05)
(39.9314 0 -1.11887e-05)
(39.9403 0 -8.59375e-06)
(39.9481 0 -6.6911e-06)
(39.9547 0 -5.29531e-06)
(39.9604 0 -4.0592e-06)
(39.9653 0 -3.18375e-06)
(39.9696 0 -2.56099e-06)
(39.9732 0 -2.0594e-06)
(39.9764 0 -1.6519e-06)
(39.9789 0 -1.60333e-06)
(39.9824 0 -1.09897e-06)
(25.193 0 -0.280964)
(26.9114 0 -0.287472)
(27.96 0 -0.188932)
(28.6824 0 -0.12933)
(29.3809 0 -0.102549)
(30.0679 0 -0.0822276)
(30.7155 0 -0.0651991)
(31.3184 0 -0.0516383)
(31.8798 0 -0.0407088)
(32.3965 0 -0.031934)
(32.8665 0 -0.025819)
(33.3062 0 -0.0226267)
(33.7515 0 -0.0215084)
(34.2378 0 -0.0210972)
(34.7832 0 -0.0203391)
(35.3838 0 -0.0187424)
(36.0163 0 -0.0162666)
(36.6433 0 -0.0132333)
(37.2254 0 -0.0101562)
(37.735 0 -0.00746073)
(38.1628 0 -0.00534155)
(38.5129 0 -0.00376343)
(38.7952 0 -0.0026403)
(39.0207 0 -0.00184303)
(39.2005 0 -0.00128998)
(39.3442 0 -0.000907182)
(39.4595 0 -0.00064179)
(39.552 0 -0.000453638)
(39.6266 0 -0.000324546)
(39.6868 0 -0.000231879)
(39.7352 0 -0.000164823)
(39.7743 0 -0.000118242)
(39.8064 0 -8.83273e-05)
(39.833 0 -6.52644e-05)
(39.8552 0 -4.93388e-05)
(39.874 0 -3.80751e-05)
(39.8904 0 -2.95062e-05)
(39.9047 0 -2.30847e-05)
(39.9171 0 -1.78418e-05)
(39.9279 0 -1.41114e-05)
(39.9373 0 -1.08388e-05)
(39.9455 0 -8.40235e-06)
(39.9525 0 -6.59903e-06)
(39.9585 0 -5.0537e-06)
(39.9637 0 -3.94084e-06)
(39.9681 0 -3.13695e-06)
(39.972 0 -2.5017e-06)
(39.9753 0 -1.97971e-06)
(39.978 0 -1.89963e-06)
(39.9816 0 -1.26241e-06)
(26.3976 0 -0.326316)
(27.9958 0 -0.326107)
(28.9495 0 -0.217539)
(29.5508 0 -0.148279)
(30.1191 0 -0.118553)
(30.6837 0 -0.0960122)
(31.2234 0 -0.0767555)
(31.7343 0 -0.0612548)
(32.2195 0 -0.0486705)
(32.676 0 -0.0384469)
(33.0989 0 -0.0311564)
(33.497 0 -0.0272051)
(33.8976 0 -0.0257459)
(34.3329 0 -0.0252443)
(34.8232 0 -0.0244332)
(35.3703 0 -0.0226755)
(35.9577 0 -0.0198647)
(36.5542 0 -0.0163299)
(37.1218 0 -0.0126612)
(37.6301 0 -0.00938427)
(38.0646 0 -0.00676534)
(38.4252 0 -0.00479383)
(38.719 0 -0.00337557)
(38.9557 0 -0.00236396)
(39.1456 0 -0.00165891)
(39.2981 0 -0.00116885)
(39.4208 0 -0.000827857)
(39.5197 0 -0.000586201)
(39.5995 0 -0.000419221)
(39.6642 0 -0.000299525)
(39.7163 0 -0.000213102)
(39.7585 0 -0.000153006)
(39.7931 0 -0.000113668)
(39.8219 0 -8.39104e-05)
(39.8458 0 -6.3182e-05)
(39.866 0 -4.85609e-05)
(39.8836 0 -3.75672e-05)
(39.8988 0 -2.92995e-05)
(39.9121 0 -2.26254e-05)
(39.9236 0 -1.77966e-05)
(39.9336 0 -1.36676e-05)
(39.9422 0 -1.05588e-05)
(39.9497 0 -8.24164e-06)
(39.9561 0 -6.30655e-06)
(39.9616 0 -4.8947e-06)
(39.9663 0 -3.86254e-06)
(39.9704 0 -3.05867e-06)
(39.974 0 -2.39243e-06)
(39.9768 0 -2.27294e-06)
(39.9806 0 -1.4684e-06)
(27.7418 0 -0.38123)
(29.219 0 -0.365559)
(30.0933 0 -0.24807)
(30.5877 0 -0.166856)
(31.029 0 -0.133709)
(31.464 0 -0.109157)
(31.8824 0 -0.0879405)
(32.285 0 -0.0707499)
(32.6769 0 -0.0567182)
(33.0563 0 -0.0451881)
(33.417 0 -0.0367741)
(33.7614 0 -0.0320408)
(34.1081 0 -0.030202)
(34.484 0 -0.0296059)
(34.91 0 -0.0287798)
(35.3926 0 -0.0269245)
(35.9227 0 -0.0238427)
(36.4761 0 -0.0198442)
(37.0187 0 -0.0155792)
(37.5185 0 -0.0116768)
(37.9559 0 -0.00849365)
(38.3255 0 -0.00606233)
(38.6308 0 -0.00429063)
(38.8794 0 -0.00301773)
(39.0805 0 -0.00212481)
(39.2429 0 -0.00150088)
(39.3743 0 -0.00106488)
(39.4805 0 -0.000755622)
(39.5666 0 -0.000540565)
(39.6366 0 -0.000386483)
(39.6932 0 -0.000275348)
(39.7391 0 -0.000197891)
(39.7769 0 -0.000146387)
(39.8081 0 -0.000107976)
(39.8342 0 -8.10293e-05)
(39.8562 0 -6.20376e-05)
(39.8752 0 -4.78892e-05)
(39.8916 0 -3.72365e-05)
(39.9059 0 -2.87233e-05)
(39.9182 0 -2.24866e-05)
(39.929 0 -1.7265e-05)
(39.9383 0 -1.33013e-05)
(39.9462 0 -1.03305e-05)
(39.9531 0 -7.89941e-06)
(39.959 0 -6.10747e-06)
(39.9641 0 -4.78503e-06)
(39.9685 0 -3.76666e-06)
(39.9723 0 -2.9168e-06)
(39.9753 0 -2.74765e-06)
(39.9795 0 -1.73039e-06)
(29.2948 0 -0.447743)
(30.6253 0 -0.403994)
(31.4155 0 -0.280549)
(31.8087 0 -0.184667)
(32.1268 0 -0.147075)
(32.4286 0 -0.120643)
(32.7152 0 -0.0978015)
(32.995 0 -0.0793153)
(33.2767 0 -0.0642079)
(33.5612 0 -0.0516728)
(33.8428 0 -0.0423263)
(34.1195 0 -0.0368855)
(34.4015 0 -0.0346792)
(34.7092 0 -0.0340065)
(35.062 0 -0.0332202)
(35.4697 0 -0.0313549)
(35.9294 0 -0.0281033)
(36.4249 0 -0.023727)
(36.9284 0 -0.0189072)
(37.4087 0 -0.0143679)
(37.8417 0 -0.0105708)
(38.2164 0 -0.0076151)
(38.5316 0 -0.00542676)
(38.7919 0 -0.00383838)
(39.0048 0 -0.00271449)
(39.1782 0 -0.00192376)
(39.3192 0 -0.0013683)
(39.4339 0 -0.000973439)
(39.5273 0 -0.000697138)
(39.6034 0 -0.000499089)
(39.6653 0 -0.000356239)
(39.7157 0 -0.000256335)
(39.7571 0 -0.000189004)
(39.7915 0 -0.00013932)
(39.8201 0 -0.000104255)
(39.8442 0 -7.95229e-05)
(39.8649 0 -6.1232e-05)
(39.8828 0 -4.7468e-05)
(39.8983 0 -3.6569e-05)
(39.9117 0 -2.85109e-05)
(39.9234 0 -2.18821e-05)
(39.9334 0 -1.68215e-05)
(39.9421 0 -1.30114e-05)
(39.9495 0 -9.94351e-06)
(39.9559 0 -7.66402e-06)
(39.9614 0 -5.96898e-06)
(39.9662 0 -4.675e-06)
(39.9703 0 -3.58941e-06)
(39.9736 0 -3.35707e-06)
(39.978 0 -2.06683e-06)
(31.1156 0 -0.527761)
(32.2538 0 -0.437429)
(32.9376 0 -0.313445)
(33.2255 0 -0.201055)
(33.4233 0 -0.157408)
(33.5928 0 -0.129162)
(33.7421 0 -0.105072)
(33.8876 0 -0.0858165)
(34.0441 0 -0.0701882)
(34.2163 0 -0.0571443)
(34.4008 0 -0.0472418)
(34.5938 0 -0.0413193)
(34.7987 0 -0.0388546)
(35.0288 0 -0.0381748)
(35.3001 0 -0.0375127)
(35.6234 0 -0.0357514)
(36.0003 0 -0.0324677)
(36.4223 0 -0.0278523)
(36.8695 0 -0.0225818)
(37.3146 0 -0.0174485)
(37.7317 0 -0.0130225)
(38.104 0 -0.0094928)
(38.4251 0 -0.00682669)
(38.6953 0 -0.00486432)
(38.9194 0 -0.00345985)
(39.104 0 -0.00246279)
(39.2554 0 -0.00175766)
(39.3794 0 -0.00125451)
(39.481 0 -0.00090013)
(39.5642 0 -0.000645725)
(39.6322 0 -0.000462021)
(39.6878 0 -0.000332967)
(39.7335 0 -0.00024494)
(39.7715 0 -0.000180473)
(39.8032 0 -0.000134732)
(39.8298 0 -0.000102408)
(39.8526 0 -7.86331e-05)
(39.8723 0 -6.07744e-05)
(39.8892 0 -4.67531e-05)
(39.9039 0 -3.63175e-05)
(39.9166 0 -2.78601e-05)
(39.9276 0 -2.13797e-05)
(39.937 0 -1.64828e-05)
(39.9451 0 -1.259e-05)
(39.9521 0 -9.67953e-06)
(39.9581 0 -7.50214e-06)
(39.9633 0 -5.85107e-06)
(39.9678 0 -4.45991e-06)
(39.9714 0 -4.14656e-06)
(39.9763 0 -2.50277e-06)
(33.1393 0 -0.624264)
(34.0586 0 -0.463134)
(34.6251 0 -0.343143)
(34.8144 0 -0.214808)
(34.9055 0 -0.16308)
(34.9556 0 -0.133028)
(34.9732 0 -0.108142)
(34.9812 0 -0.0887577)
(35.0021 0 -0.0733548)
(35.047 0 -0.0605184)
(35.1169 0 -0.0506602)
(35.2091 0 -0.0446848)
(35.3228 0 -0.0422251)
(35.4646 0 -0.041705)
(35.646 0 -0.0413085)
(35.8767 0 -0.0398037)
(36.1606 0 -0.0366607)
(36.4947 0 -0.0319942)
(36.8671 0 -0.0264464)
(37.2576 0 -0.0208381)
(37.6418 0 -0.0158295)
(37.9995 0 -0.0117134)
(38.3183 0 -0.00852487)
(38.5937 0 -0.0061335)
(38.8268 0 -0.00439581)
(39.0217 0 -0.00314744)
(39.1835 0 -0.00225668)
(39.3172 0 -0.0016174)
(39.4276 0 -0.00116381)
(39.5185 0 -0.000837251)
(39.5934 0 -0.000600898)
(39.6549 0 -0.000433935)
(39.7056 0 -0.00031877)
(39.7478 0 -0.00023484)
(39.783 0 -0.000174998)
(39.8127 0 -0.000132581)
(39.8379 0 -0.000101501)
(39.8597 0 -7.82158e-05)
(39.8784 0 -6.0077e-05)
(39.8945 0 -4.65148e-05)
(39.9085 0 -3.56625e-05)
(39.9206 0 -2.73298e-05)
(39.9309 0 -2.10146e-05)
(39.9399 0 -1.60448e-05)
(39.9476 0 -1.23113e-05)
(39.9542 0 -9.50443e-06)
(39.9599 0 -7.38676e-06)
(39.9649 0 -5.59635e-06)
(39.9688 0 -5.17821e-06)
(39.9742 0 -3.07254e-06)
(34.9766 0 -0.731553)
(35.731 0 -0.485552)
(36.2356 0 -0.369591)
(36.3978 0 -0.227365)
(36.4535 0 -0.164115)
(36.4455 0 -0.130841)
(36.3753 0 -0.10507)
(36.2696 0 -0.0861263)
(36.1616 0 -0.0719106)
(36.0735 0 -0.0602942)
(36.0159 0 -0.0513676)
(35.9912 0 -0.0460313)
(35.9986 0 -0.0440559)
(36.0401 0 -0.044014)
(36.1224 0 -0.0441217)
(36.2529 0 -0.0430876)
(36.4358 0 -0.0403013)
(36.6707 0 -0.035813)
(36.952 0 -0.030223)
(37.2669 0 -0.0243441)
(37.5968 0 -0.0188874)
(37.9214 0 -0.0142411)
(38.2245 0 -0.0105269)
(38.4962 0 -0.00767124)
(38.7328 0 -0.00555383)
(38.9349 0 -0.00400815)
(39.1055 0 -0.0028919)
(39.2484 0 -0.00208397)
(39.3676 0 -0.00150561)
(39.4667 0 -0.00108729)
(39.5489 0 -0.000783366)
(39.6168 0 -0.000567232)
(39.6732 0 -0.000416524)
(39.7202 0 -0.000306951)
(39.7595 0 -0.000228445)
(39.7925 0 -0.000172581)
(39.8207 0 -0.00013174)
(39.8448 0 -0.000101224)
(39.8655 0 -7.7625e-05)
(39.8834 0 -5.9926e-05)
(39.8989 0 -4.59167e-05)
(39.9123 0 -3.51513e-05)
(39.9238 0 -2.6973e-05)
(39.9337 0 -2.05877e-05)
(39.9422 0 -1.57732e-05)
(39.9495 0 -1.21389e-05)
(39.9559 0 -9.40735e-06)
(39.9614 0 -7.09138e-06)
(39.9657 0 -6.53669e-06)
(39.9717 0 -3.82297e-06)
(36.1086 0 -0.832776)
(36.7624 0 -0.509033)
(37.2683 0 -0.397051)
(37.4925 0 -0.246294)
(37.6361 0 -0.169108)
(37.7212 0 -0.129057)
(37.7178 0 -0.0990697)
(37.6248 0 -0.0778926)
(37.4674 0 -0.0638223)
(37.2835 0 -0.0539865)
(37.108 0 -0.0473084)
(36.9611 0 -0.043873)
(36.8503 0 -0.0432695)
(36.7792 0 -0.0442782)
(36.7526 0 -0.0452906)
(36.775 0 -0.0450468)
(36.8498 0 -0.0428995)
(36.9776 0 -0.0388616)
(37.1556 0 -0.033508)
(37.377 0 -0.0276332)
(37.6298 0 -0.0219604)
(37.8981 0 -0.0169387)
(38.1656 0 -0.0127723)
(38.4185 0 -0.00946526)
(38.6482 0 -0.00694663)
(38.8509 0 -0.00506772)
(39.0263 0 -0.00368807)
(39.1762 0 -0.00267709)
(39.303 0 -0.00194511)
(39.4099 0 -0.00141187)
(39.4993 0 -0.00102221)
(39.574 0 -0.000742856)
(39.6364 0 -0.000545893)
(39.6886 0 -0.000402667)
(39.7323 0 -0.000299517)
(39.7693 0 -0.000225763)
(39.8006 0 -0.000171875)
(39.8275 0 -0.000131709)
(39.8506 0 -0.000100846)
(39.8705 0 -7.76542e-05)
(39.8877 0 -5.94651e-05)
(39.9025 0 -4.54889e-05)
(39.9153 0 -3.48516e-05)
(39.9264 0 -2.65963e-05)
(39.9358 0 -2.03543e-05)
(39.944 0 -1.56267e-05)
(39.9511 0 -1.20829e-05)
(39.9572 0 -9.07104e-06)
(39.9621 0 -8.33741e-06)
(39.9688 0 -4.81783e-06)
(36.5959 0 -0.930165)
(37.1537 0 -0.541033)
(37.6466 0 -0.428585)
(37.9005 0 -0.274941)
(38.1011 0 -0.184781)
(38.2823 0 -0.137575)
(38.4175 0 -0.102191)
(38.494 0 -0.0756867)
(38.5032 0 -0.0573341)
(38.4347 0 -0.0450269)
(38.2892 0 -0.0379429)
(38.0915 0 -0.0358472)
(37.883 0 -0.0375113)
(37.6994 0 -0.0408415)
(37.558 0 -0.0437376)
(37.4652 0 -0.044904)
(37.4249 0 -0.0438242)
(37.439 0 -0.0405897)
(37.5059 0 -0.0357971)
(37.6213 0 -0.0302443)
(37.7784 0 -0.0246599)
(37.967 0 -0.0195205)
(38.1743 0 -0.0150818)
(38.3867 0 -0.0114217)
(38.5926 0 -0.00853737)
(38.7837 0 -0.00632162)
(38.9557 0 -0.00465631)
(39.1071 0 -0.00341389)
(39.2384 0 -0.00250029)
(39.351 0 -0.00182751)
(39.4467 0 -0.00133158)
(39.5277 0 -0.000972447)
(39.5959 0 -0.000716162)
(39.6534 0 -0.000529256)
(39.7019 0 -0.000393831)
(39.743 0 -0.000296432)
(39.7779 0 -0.000225185)
(39.8078 0 -0.000172166)
(39.8335 0 -0.000131643)
(39.8557 0 -0.000101154)
(39.8748 0 -7.74223e-05)
(39.8913 0 -5.91989e-05)
(39.9056 0 -4.53078e-05)
(39.9179 0 -3.45755e-05)
(39.9285 0 -2.64422e-05)
(39.9376 0 -2.02649e-05)
(39.9455 0 -1.56425e-05)
(39.9524 0 -1.17054e-05)
(39.9578 0 -1.07363e-05)
(39.9653 0 -6.14343e-06)
(36.8895 0 -1.02837)
(37.3521 0 -0.586076)
(37.8164 0 -0.463394)
(38.0693 0 -0.30991)
(38.2699 0 -0.207309)
(38.4616 0 -0.153088)
(38.6232 0 -0.113929)
(38.7518 0 -0.0838144)
(38.8539 0 -0.0618153)
(38.93 0 -0.0456868)
(38.9704 0 -0.0347705)
(38.957 0 -0.0295584)
(38.8728 0 -0.0296031)
(38.7188 0 -0.0330803)
(38.5239 0 -0.0375063)
(38.3319 0 -0.0408288)
(38.1772 0 -0.041811)
(38.0741 0 -0.040163)
(38.0245 0 -0.0364601)
(38.0263 0 -0.0316239)
(38.076 0 -0.0264794)
(38.1671 0 -0.0215489)
(38.2912 0 -0.0171173)
(38.4381 0 -0.0133113)
(38.5969 0 -0.0101901)
(38.7573 0 -0.00770075)
(38.9114 0 -0.0057691)
(39.0541 0 -0.00428984)
(39.1827 0 -0.00317794)
(39.2964 0 -0.00234553)
(39.3954 0 -0.00172376)
(39.4808 0 -0.0012675)
(39.5539 0 -0.000937282)
(39.6162 0 -0.000694941)
(39.6692 0 -0.000517993)
(39.7143 0 -0.000389799)
(39.7529 0 -0.000295727)
(39.786 0 -0.000225728)
(39.8145 0 -0.000172432)
(39.839 0 -0.000132289)
(39.8603 0 -0.000101227)
(39.8786 0 -7.73928e-05)
(39.8945 0 -5.92003e-05)
(39.9082 0 -4.5188e-05)
(39.92 0 -3.45484e-05)
(39.9303 0 -2.64473e-05)
(39.9391 0 -2.03908e-05)
(39.9468 0 -1.52215e-05)
(39.9529 0 -1.39424e-05)
(39.9613 0 -7.91528e-06)
(37.1901 0 -1.11867)
(37.5613 0 -0.64173)
(37.9877 0 -0.499721)
(38.2344 0 -0.348135)
(38.4265 0 -0.233628)
(38.6128 0 -0.170927)
(38.7729 0 -0.127546)
(38.9025 0 -0.0940319)
(39.01 0 -0.0694014)
(39.1015 0 -0.0514258)
(39.179 0 -0.0389097)
(39.2417 0 -0.0317471)
(39.285 0 -0.0292503)
(39.2985 0 -0.0299967)
(39.2664 0 -0.0323261)
(39.1766 0 -0.0348281)
(39.0348 0 -0.0363281)
(38.8696 0 -0.0361003)
(38.7183 0 -0.0341109)
(38.6071 0 -0.0307869)
(38.5447 0 -0.0267268)
(38.5288 0 -0.0224699)
(38.554 0 -0.0184042)
(38.6142 0 -0.0147489)
(38.7017 0 -0.0116233)
(38.8073 0 -0.00902059)
(38.9225 0 -0.00691752)
(39.0395 0 -0.00524773)
(39.1527 0 -0.00395274)
(39.2584 0 -0.00295868)
(39.3543 0 -0.00220081)
(39.4398 0 -0.0016343)
(39.5148 0 -0.00121688)
(39.58 0 -0.000907185)
(39.6364 0 -0.000678641)
(39.6849 0 -0.000511474)
(39.7267 0 -0.000388076)
(39.7628 0 -0.000296049)
(39.794 0 -0.0002261)
(39.821 0 -0.00017333)
(39.8444 0 -0.000132658)
(39.8646 0 -0.00010146)
(39.8822 0 -7.76131e-05)
(39.8974 0 -5.92783e-05)
(39.9106 0 -4.53298e-05)
(39.922 0 -3.4683e-05)
(39.9319 0 -2.67242e-05)
(39.9405 0 -1.99162e-05)
(39.9473 0 -1.82303e-05)
(39.9568 0 -1.02857e-05)
(37.4976 0 -1.19412)
(37.7829 0 -0.706701)
(38.1618 0 -0.539281)
(38.3988 0 -0.389548)
(38.5807 0 -0.264589)
(38.759 0 -0.192063)
(38.9151 0 -0.143677)
(39.0424 0 -0.106316)
(39.1485 0 -0.0785425)
(39.2393 0 -0.0582913)
(39.3175 0 -0.0440821)
(39.3839 0 -0.0355955)
(39.4388 0 -0.0320623)
(39.4821 0 -0.0318658)
(39.5132 0 -0.0330129)
(39.5299 0 -0.0339456)
(39.525 0 -0.0338053)
(39.4876 0 -0.0324296)
(39.4098 0 -0.0301454)
(39.2974 0 -0.0273426)
(39.1722 0 -0.0243086)
(39.0615 0 -0.021208)
(38.9846 0 -0.0181282)
(38.9474 0 -0.0151505)
(38.9466 0 -0.0124029)
(38.9758 0 -0.00995454)
(39.0285 0 -0.0078681)
(39.0976 0 -0.00613385)
(39.1763 0 -0.0047317)
(39.2586 0 -0.00361517)
(39.3397 0 -0.00273683)
(39.4166 0 -0.00206226)
(39.4875 0 -0.00155278)
(39.5514 0 -0.00116801)
(39.6082 0 -0.000879553)
(39.6582 0 -0.000665702)
(39.702 0 -0.000506278)
(39.7402 0 -0.000386685)
(39.7735 0 -0.000295645)
(39.8025 0 -0.000226746)
(39.8279 0 -0.000173718)
(39.8499 0 -0.00013301)
(39.8691 0 -0.00010183)
(39.8859 0 -7.78654e-05)
(39.9004 0 -5.9591e-05)
(39.913 0 -4.56037e-05)
(39.9239 0 -3.514e-05)
(39.9335 0 -2.61654e-05)
(39.9411 0 -2.39513e-05)
(39.9517 0 -1.34496e-05)
(37.7936 0 -1.25175)
(38.0019 0 -0.777886)
(38.3262 0 -0.582879)
(38.5496 0 -0.432952)
(38.7201 0 -0.299673)
(38.8884 0 -0.216397)
(39.0393 0 -0.162056)
(39.1635 0 -0.120414)
(39.2672 0 -0.0890674)
(39.3564 0 -0.0661909)
(39.4335 0 -0.0500542)
(39.4991 0 -0.0400472)
(39.5537 0 -0.0352888)
(39.5977 0 -0.0341226)
(39.632 0 -0.034553)
(39.6579 0 -0.0349927)
(39.677 0 -0.034437)
(39.6898 0 -0.0324851)
(39.6948 0 -0.0293682)
(39.6868 0 -0.0256719)
(39.6576 0 -0.0220166)
(39.6011 0 -0.0187834)
(39.5206 0 -0.0160421)
(39.4303 0 -0.0137028)
(39.3497 0 -0.0116757)
(39.2936 0 -0.00984281)
(39.2674 0 -0.00817332)
(39.2687 0 -0.00665333)
(39.2915 0 -0.00531763)
(39.3299 0 -0.00418405)
(39.3785 0 -0.00324884)
(39.4327 0 -0.00250227)
(39.4884 0 -0.00191794)
(39.5427 0 -0.00146379)
(39.5939 0 -0.00111493)
(39.6411 0 -0.00085101)
(39.6837 0 -0.000651053)
(39.7219 0 -0.00049932)
(39.7558 0 -0.000383059)
(39.7859 0 -0.000294512)
(39.8124 0 -0.000226206)
(39.8357 0 -0.000173605)
(39.8562 0 -0.000133171)
(39.8742 0 -0.000102045)
(39.8899 0 -7.82283e-05)
(39.9036 0 -5.99325e-05)
(39.9156 0 -4.62206e-05)
(39.9261 0 -3.44173e-05)
(39.9345 0 -3.15317e-05)
(39.9462 0 -1.76458e-05)
(38.071 0 -1.29105)
(38.2135 0 -0.850365)
(38.4791 0 -0.630881)
(38.684 0 -0.477763)
(38.8424 0 -0.338673)
(38.999 0 -0.244505)
(39.1431 0 -0.183188)
(39.2634 0 -0.136804)
(39.3644 0 -0.101461)
(39.4516 0 -0.0755527)
(39.5271 0 -0.0571714)
(39.5915 0 -0.0453759)
(39.6453 0 -0.0391617)
(39.6886 0 -0.036849)
(39.7224 0 -0.0364316)
(39.7482 0 -0.0362728)
(39.7677 0 -0.0353079)
(39.7827 0 -0.0330927)
(39.7946 0 -0.0298153)
(39.8041 0 -0.0259672)
(39.811 0 -0.0220381)
(39.8137 0 -0.0183636)
(39.8083 0 -0.0151178)
(39.7895 0 -0.0124016)
(39.7528 0 -0.0102623)
(39.6991 0 -0.00859182)
(39.6361 0 -0.00727601)
(39.5766 0 -0.00617516)
(39.5323 0 -0.00521216)
(39.509 0 -0.00433954)
(39.5062 0 -0.00354116)
(39.5195 0 -0.00283621)
(39.5437 0 -0.00223828)
(39.5749 0 -0.00174786)
(39.6099 0 -0.00135654)
(39.6461 0 -0.0010513)
(39.6816 0 -0.000813767)
(39.7152 0 -0.000629703)
(39.7465 0 -0.000486617)
(39.7752 0 -0.000376309)
(39.8012 0 -0.000290528)
(39.8245 0 -0.00022398)
(39.8453 0 -0.000172487)
(39.8639 0 -0.000132665)
(39.8803 0 -0.000102022)
(39.8948 0 -7.83518e-05)
(39.9075 0 -6.05511e-05)
(39.9188 0 -4.51427e-05)
(39.9278 0 -4.14394e-05)
(39.9405 0 -2.31402e-05)
(38.3252 0 -1.313)
(38.4143 0 -0.918352)
(38.6208 0 -0.682568)
(38.802 0 -0.523519)
(38.9468 0 -0.380792)
(39.0902 0 -0.27646)
(39.2259 0 -0.207198)
(39.3414 0 -0.155526)
(39.4391 0 -0.115768)
(39.5239 0 -0.0863791)
(39.5977 0 -0.0653903)
(39.6608 0 -0.0515225)
(39.7135 0 -0.043623)
(39.7562 0 -0.0399808)
(39.7894 0 -0.0385703)
(39.8148 0 -0.0377035)
(39.8338 0 -0.0362636)
(39.8484 0 -0.033752)
(39.86 0 -0.0302917)
(39.8697 0 -0.0263202)
(39.878 0 -0.0223017)
(39.8852 0 -0.0185667)
(39.891 0 -0.0152594)
(39.8954 0 -0.0124236)
(39.8972 0 -0.0100731)
(39.8945 0 -0.00813447)
(39.8841 0 -0.00658905)
(39.8629 0 -0.00538277)
(39.8298 0 -0.00446762)
(39.788 0 -0.00376547)
(39.7447 0 -0.00319425)
(39.7085 0 -0.002708)
(39.6855 0 -0.00227508)
(39.6772 0 -0.00188157)
(39.6813 0 -0.00152766)
(39.694 0 -0.00122212)
(39.712 0 -0.000966732)
(39.7331 0 -0.000760282)
(39.7555 0 -0.000595571)
(39.7782 0 -0.000465859)
(39.8001 0 -0.000363172)
(39.8208 0 -0.000282299)
(39.84 0 -0.000218963)
(39.8576 0 -0.000169512)
(39.8736 0 -0.000131088)
(39.888 0 -0.000101137)
(39.9009 0 -7.84747e-05)
(39.9125 0 -5.86789e-05)
(39.9219 0 -5.40638e-05)
(39.9353 0 -3.01683e-05)
(38.5552 0 -1.31945)
(38.6027 0 -0.976471)
(38.7531 0 -0.735753)
(38.9058 0 -0.569752)
(39.0353 0 -0.424926)
(39.164 0 -0.312062)
(39.2894 0 -0.234285)
(39.3991 0 -0.176776)
(39.4929 0 -0.132246)
(39.5748 0 -0.0989535)
(39.6465 0 -0.0749775)
(39.7081 0 -0.0587337)
(39.7598 0 -0.0488908)
(39.8016 0 -0.0437011)
(39.8344 0 -0.0411249)
(39.8594 0 -0.0394249)
(39.8781 0 -0.0374244)
(39.8923 0 -0.0345566)
(39.9036 0 -0.0308709)
(39.9129 0 -0.026752)
(39.9209 0 -0.0226328)
(39.9279 0 -0.0188252)
(39.9338 0 -0.0154583)
(39.9389 0 -0.0125722)
(39.9432 0 -0.0101849)
(39.9467 0 -0.00821704)
(39.9492 0 -0.0066265)
(39.9505 0 -0.00533194)
(39.9495 0 -0.00428583)
(39.9448 0 -0.00344826)
(39.9341 0 -0.0027868)
(39.9159 0 -0.00228757)
(39.8905 0 -0.00191601)
(39.861 0 -0.00163092)
(39.8327 0 -0.00139585)
(39.8108 0 -0.00119149)
(39.7983 0 -0.00100485)
(39.7951 0 -0.000833936)
(39.7991 0 -0.000679405)
(39.8079 0 -0.000545367)
(39.8195 0 -0.000432682)
(39.8326 0 -0.00034102)
(39.8464 0 -0.00026781)
(39.8603 0 -0.000209686)
(39.8737 0 -0.000163734)
(39.8864 0 -0.000127351)
(39.8981 0 -9.95307e-05)
(39.9091 0 -7.48504e-05)
(39.9181 0 -6.94128e-05)
(39.9314 0 -3.87823e-05)
(38.763 0 -1.31233)
(38.7793 0 -1.02066)
(38.88 0 -0.786808)
(39.0008 0 -0.615599)
(39.1124 0 -0.469735)
(39.2253 0 -0.350624)
(39.3385 0 -0.264442)
(39.4409 0 -0.200611)
(39.5299 0 -0.151007)
(39.6083 0 -0.11342)
(39.6775 0 -0.0860499)
(39.7373 0 -0.06709)
(39.7877 0 -0.0550127)
(39.8288 0 -0.0480295)
(39.8611 0 -0.0440926)
(39.8857 0 -0.0414149)
(39.9042 0 -0.0387519)
(39.9183 0 -0.0354607)
(39.9293 0 -0.0315099)
(39.9384 0 -0.0272213)
(39.9462 0 -0.0229853)
(39.9529 0 -0.0190911)
(39.9586 0 -0.0156571)
(39.9636 0 -0.0127206)
(39.9678 0 -0.0102964)
(39.9713 0 -0.00830021)
(39.9742 0 -0.00668556)
(39.9766 0 -0.00537258)
(39.9785 0 -0.00431493)
(39.98 0 -0.00346657)
(39.9808 0 -0.0027793)
(39.9807 0 -0.0022296)
(39.9789 0 -0.00178998)
(39.9744 0 -0.00144329)
(39.9657 0 -0.00117632)
(39.9522 0 -0.000980069)
(39.9343 0 -0.000834386)
(39.9145 0 -0.00072086)
(39.8962 0 -0.000623362)
(39.8824 0 -0.000534905)
(39.8746 0 -0.000451944)
(39.8727 0 -0.000375056)
(39.8751 0 -0.000305681)
(39.8803 0 -0.000245293)
(39.8872 0 -0.000194746)
(39.895 0 -0.000153464)
(39.9033 0 -0.000121409)
(39.9118 0 -9.22386e-05)
(39.9191 0 -8.64801e-05)
(39.9307 0 -4.85353e-05)
(38.9534 0 -1.29295)
(38.947 0 -1.04847)
(39.006 0 -0.831241)
(39.0938 0 -0.659342)
(39.1849 0 -0.513658)
(39.2805 0 -0.390897)
(39.3796 0 -0.297303)
(39.4729 0 -0.226952)
(39.556 0 -0.172079)
(39.6301 0 -0.129911)
(39.6962 0 -0.0987696)
(39.7538 0 -0.0767494)
(39.8027 0 -0.062139)
(39.8429 0 -0.0531034)
(39.8746 0 -0.0475944)
(39.899 0 -0.0437785)
(39.9173 0 -0.040338)
(39.9313 0 -0.036547)
(39.9422 0 -0.0322826)
(39.9512 0 -0.0277924)
(39.9588 0 -0.0234178)
(39.9653 0 -0.0194215)
(39.9709 0 -0.0159105)
(39.9758 0 -0.0129147)
(39.9799 0 -0.0104433)
(39.9833 0 -0.00840999)
(39.9862 0 -0.00676675)
(39.9886 0 -0.00543378)
(39.9905 0 -0.00436177)
(39.9921 0 -0.00350204)
(39.9934 0 -0.00280473)
(39.9944 0 -0.00224799)
(39.9952 0 -0.0018042)
(39.9957 0 -0.00145209)
(39.9958 0 -0.00117028)
(39.9954 0 -0.000946799)
(39.9938 0 -0.000767202)
(39.9903 0 -0.000625354)
(39.9842 0 -0.000515522)
(39.975 0 -0.000433665)
(39.9632 0 -0.000371645)
(39.9503 0 -0.00032196)
(39.9384 0 -0.000278743)
(39.9292 0 -0.000239027)
(39.9238 0 -0.000202038)
(39.922 0 -0.000167648)
(39.923 0 -0.000137802)
(39.9259 0 -0.000107214)
(39.9292 0 -0.00010234)
(39.9362 0 -5.79966e-05)
(39.1315 0 -1.26168)
(39.1088 0 -1.0588)
(39.1347 0 -0.864575)
(39.1908 0 -0.698185)
(39.2593 0 -0.554762)
(39.3362 0 -0.431063)
(39.4195 0 -0.331958)
(39.5017 0 -0.255441)
(39.5774 0 -0.195307)
(39.6462 0 -0.148434)
(39.7084 0 -0.113224)
(39.7633 0 -0.0878156)
(39.8103 0 -0.0703699)
(39.8493 0 -0.0590084)
(39.8803 0 -0.0516937)
(39.9044 0 -0.0465557)
(39.9226 0 -0.0422026)
(39.9364 0 -0.0378189)
(39.9473 0 -0.0331797)
(39.9561 0 -0.0284479)
(39.9636 0 -0.0239087)
(39.9701 0 -0.019792)
(39.9756 0 -0.0161905)
(39.9804 0 -0.013125)
(39.9844 0 -0.0105984)
(39.9878 0 -0.00852355)
(39.9907 0 -0.00684876)
(39.993 0 -0.00549262)
(39.9949 0 -0.0044027)
(39.9965 0 -0.00352972)
(39.9978 0 -0.00282331)
(39.9988 0 -0.00226107)
(39.9997 0 -0.00181348)
(40.0003 0 -0.0014582)
(40.0009 0 -0.00117337)
(40.0013 0 -0.00094835)
(40.0016 0 -0.000768552)
(40.0017 0 -0.000625294)
(40.0017 0 -0.000509111)
(40.0012 0 -0.000414815)
(40.0001 0 -0.000337467)
(39.9978 0 -0.000275256)
(39.9939 0 -0.000226881)
(39.9882 0 -0.000190505)
(39.9807 0 -0.000163171)
(39.9726 0 -0.000141126)
(39.9648 0 -0.000123351)
(39.9586 0 -0.000101968)
(39.9546 0 -0.000104923)
(39.9528 0 -6.256e-05)
(39.301 0 -1.21806)
(39.2669 0 -1.05131)
(39.2676 0 -0.88311)
(39.2954 0 -0.728471)
(39.3405 0 -0.590541)
(39.3976 0 -0.468775)
(39.4637 0 -0.366815)
(39.5328 0 -0.285277)
(39.5993 0 -0.220256)
(39.6615 0 -0.168798)
(39.7188 0 -0.129388)
(39.7702 0 -0.100337)
(39.8148 0 -0.0797843)
(39.8522 0 -0.0658334)
(39.8824 0 -0.0564751)
(39.906 0 -0.049821)
(39.9239 0 -0.044409)
(39.9377 0 -0.0393297)
(39.9485 0 -0.0342473)
(39.9572 0 -0.0292296)
(39.9646 0 -0.0244962)
(39.971 0 -0.0202381)
(39.9764 0 -0.0165307)
(39.9811 0 -0.013384)
(39.9851 0 -0.0107932)
(39.9885 0 -0.00867003)
(39.9913 0 -0.00695773)
(39.9936 0 -0.00557362)
(39.9955 0 -0.00446249)
(39.9971 0 -0.00357421)
(39.9984 0 -0.00285688)
(39.9994 0 -0.00228647)
(40.0003 0 -0.00183229)
(40.001 0 -0.00147211)
(40.0015 0 -0.00118393)
(40.0019 0 -0.000956967)
(40.0023 0 -0.000775743)
(40.0026 0 -0.000630933)
(40.0028 0 -0.000513179)
(40.0029 0 -0.000417962)
(40.003 0 -0.000340399)
(40.0031 0 -0.000277434)
(40.003 0 -0.000226059)
(40.0027 0 -0.000183937)
(40.002 0 -0.000149451)
(40.0007 0 -0.00012135)
(39.9984 0 -0.000100564)
(39.9949 0 -8.04665e-05)
(39.9909 0 -8.49858e-05)
(39.9835 0 -5.17997e-05)
(39.4634 0 -1.16118)
(39.4215 0 -1.02589)
(39.4039 0 -0.884258)
(39.4082 0 -0.746308)
(39.4307 0 -0.617864)
(39.4677 0 -0.501202)
(39.5156 0 -0.399574)
(39.5699 0 -0.315041)
(39.6255 0 -0.246083)
(39.6795 0 -0.190522)
(39.7306 0 -0.147046)
(39.7776 0 -0.11425)
(39.8191 0 -0.0903974)
(39.8545 0 -0.0736322)
(39.8834 0 -0.0620032)
(39.9063 0 -0.0536327)
(39.924 0 -0.0470027)
(39.9376 0 -0.0411101)
(39.9482 0 -0.0355036)
(39.9569 0 -0.0301458)
(39.9642 0 -0.0251812)
(39.9704 0 -0.0207555)
(39.9758 0 -0.0169231)
(39.9804 0 -0.0136808)
(39.9843 0 -0.0110143)
(39.9877 0 -0.00883393)
(39.9904 0 -0.00707723)
(39.9927 0 -0.00566021)
(39.9947 0 -0.0045244)
(39.9962 0 -0.00361806)
(39.9975 0 -0.00288769)
(39.9985 0 -0.0023076)
(39.9994 0 -0.00184629)
(40.0001 0 -0.00148127)
(40.0006 0 -0.00118976)
(40.001 0 -0.00096038)
(40.0014 0 -0.000777249)
(40.0017 0 -0.000631088)
(40.0019 0 -0.000512654)
(40.0021 0 -0.000417294)
(40.0022 0 -0.000339754)
(40.0023 0 -0.000276645)
(40.0024 0 -0.000225024)
(40.0024 0 -0.000182926)
(40.0025 0 -0.000148775)
(40.0025 0 -0.00012086)
(40.0024 0 -9.91615e-05)
(40.0022 0 -7.76994e-05)
(40.002 0 -7.69552e-05)
(40.0006 0 -4.38611e-05)
(39.6176 0 -1.09017)
(39.5711 0 -0.982483)
(39.5409 0 -0.866514)
(39.5271 0 -0.748301)
(39.5297 0 -0.633257)
(39.5471 0 -0.525133)
(39.5767 0 -0.427331)
(39.6151 0 -0.342614)
(39.658 0 -0.2714)
(39.7023 0 -0.212717)
(39.746 0 -0.165689)
(39.7874 0 -0.129304)
(39.825 0 -0.102108)
(39.8577 0 -0.0823888)
(39.885 0 -0.0683055)
(39.9069 0 -0.0580336)
(39.924 0 -0.0500265)
(39.9373 0 -0.0431976)
(39.9478 0 -0.0369796)
(39.9563 0 -0.0312222)
(39.9634 0 -0.0259861)
(39.9695 0 -0.0213644)
(39.9748 0 -0.0173864)
(39.9793 0 -0.014033)
(39.9832 0 -0.0112789)
(39.9865 0 -0.00903211)
(39.9892 0 -0.00722392)
(39.9915 0 -0.00576872)
(39.9934 0 -0.00460421)
(39.9949 0 -0.00367666)
(39.9962 0 -0.00293102)
(39.9972 0 -0.00233963)
(39.9981 0 -0.00187007)
(39.9987 0 -0.00149912)
(39.9993 0 -0.00120328)
(39.9997 0 -0.000970652)
(40.0001 0 -0.000785167)
(40.0004 0 -0.000637387)
(40.0006 0 -0.000517833)
(40.0008 0 -0.000421565)
(40.0009 0 -0.00034322)
(40.001 0 -0.000279451)
(40.0011 0 -0.000227395)
(40.0012 0 -0.000185077)
(40.0012 0 -0.000150748)
(40.0012 0 -0.000122548)
(40.0013 0 -0.000100506)
(40.0013 0 -7.88751e-05)
(40.0013 0 -7.75488e-05)
(40.0013 0 -4.57207e-05)
(39.7611 0 -1.00464)
(39.7126 0 -0.921287)
(39.6745 0 -0.829332)
(39.6479 0 -0.732105)
(39.6344 0 -0.63349)
(39.6344 0 -0.537244)
(39.6467 0 -0.446822)
(39.6689 0 -0.365248)
(39.6981 0 -0.294204)
(39.7313 0 -0.233991)
(39.7662 0 -0.184417)
(39.8008 0 -0.144974)
(39.8335 0 -0.114639)
(39.8628 0 -0.0919812)
(39.8878 0 -0.07535)
(39.9083 0 -0.0630354)
(39.9246 0 -0.0535077)
(39.9374 0 -0.0456202)
(39.9476 0 -0.0386977)
(39.9559 0 -0.032475)
(39.9629 0 -0.0269216)
(39.9688 0 -0.0220716)
(39.9739 0 -0.017924)
(39.9784 0 -0.0144415)
(39.9821 0 -0.0115853)
(39.9853 0 -0.00926105)
(39.988 0 -0.00739254)
(39.9903 0 -0.00589236)
(39.9921 0 -0.00469392)
(39.9937 0 -0.00374116)
(39.9949 0 -0.00297734)
(39.996 0 -0.00237244)
(39.9968 0 -0.00189299)
(39.9975 0 -0.00151486)
(39.998 0 -0.00121386)
(39.9985 0 -0.000977491)
(39.9988 0 -0.000789377)
(39.9991 0 -0.000639747)
(39.9993 0 -0.000518891)
(39.9995 0 -0.000421675)
(39.9996 0 -0.000342708)
(39.9997 0 -0.000278589)
(39.9998 0 -0.000226345)
(39.9999 0 -0.000183912)
(39.9999 0 -0.000149486)
(40 0 -0.000121226)
(40 0 -9.9234e-05)
(40 0 -7.77368e-05)
(40.0001 0 -7.65807e-05)
(40.0001 0 -4.50606e-05)
(39.8902 0 -0.90515)
(39.8421 0 -0.84317)
(39.8002 0 -0.773159)
(39.7656 0 -0.696748)
(39.7405 0 -0.616259)
(39.7265 0 -0.534595)
(39.7235 0 -0.454814)
(39.7305 0 -0.379834)
(39.7457 0 -0.311934)
(39.7669 0 -0.252414)
(39.792 0 -0.20186)
(39.8188 0 -0.160367)
(39.8454 0 -0.127453)
(39.8704 0 -0.102113)
(39.8925 0 -0.0829949)
(39.9111 0 -0.0685858)
(39.9263 0 -0.0574387)
(39.9384 0 -0.0483886)
(39.9481 0 -0.0406741)
(39.9561 0 -0.0339202)
(39.9628 0 -0.0280022)
(39.9685 0 -0.02289)
(39.9735 0 -0.0185476)
(39.9777 0 -0.0149169)
(39.9814 0 -0.0119437)
(39.9845 0 -0.00953014)
(39.9872 0 -0.00759212)
(39.9894 0 -0.00603988)
(39.9912 0 -0.00480222)
(39.9927 0 -0.00382019)
(39.994 0 -0.00303529)
(39.995 0 -0.00241471)
(39.9958 0 -0.00192383)
(39.9965 0 -0.0015374)
(39.997 0 -0.00123049)
(39.9975 0 -0.00098979)
(39.9978 0 -0.0007986)
(39.9981 0 -0.000646756)
(39.9983 0 -0.000524345)
(39.9985 0 -0.000426012)
(39.9986 0 -0.000346268)
(39.9987 0 -0.000281592)
(39.9988 0 -0.00022891)
(39.9989 0 -0.000186128)
(39.9989 0 -0.000151435)
(39.999 0 -0.000122978)
(39.999 0 -0.000100843)
(39.999 0 -7.92518e-05)
(39.999 0 -7.78772e-05)
(39.9991 0 -4.63499e-05)
(40.0006 0 -0.793698)
(39.9552 0 -0.750185)
(39.9129 0 -0.699699)
(39.8747 0 -0.642854)
(39.8427 0 -0.580775)
(39.8187 0 -0.515286)
(39.8037 0 -0.448669)
(39.7976 0 -0.383387)
(39.7999 0 -0.321756)
(39.8091 0 -0.265607)
(39.8237 0 -0.216176)
(39.8417 0 -0.174161)
(39.8615 0 -0.139677)
(39.8812 0 -0.112248)
(39.8996 0 -0.0909379)
(39.9157 0 -0.0745324)
(39.9293 0 -0.0617533)
(39.9404 0 -0.0514803)
(39.9495 0 -0.042905)
(39.9569 0 -0.035561)
(39.9633 0 -0.0292332)
(39.9687 0 -0.0238249)
(39.9735 0 -0.0192618)
(39.9776 0 -0.0154629)
(39.9811 0 -0.0123569)
(39.9842 0 -0.00984096)
(39.9867 0 -0.00782314)
(39.9889 0 -0.00621061)
(39.9907 0 -0.00492735)
(39.9922 0 -0.00391104)
(39.9934 0 -0.0031013)
(39.9944 0 -0.00246214)
(39.9952 0 -0.00195769)
(39.9959 0 -0.00156131)
(39.9964 0 -0.00124727)
(39.9968 0 -0.0010013)
(39.9972 0 -0.000806348)
(39.9975 0 -0.000651792)
(39.9977 0 -0.000527486)
(39.9979 0 -0.000427789)
(39.998 0 -0.000347086)
(39.9981 0 -0.000281729)
(39.9982 0 -0.000228564)
(39.9983 0 -0.000185453)
(39.9983 0 -0.000150551)
(39.9983 0 -0.000121962)
(39.9984 0 -9.97532e-05)
(39.9984 0 -7.81689e-05)
(39.9984 0 -7.66773e-05)
(39.9984 0 -4.54918e-05)
(40.0882 0 -0.674129)
(40.0476 0 -0.646027)
(40.0078 0 -0.61226)
(39.9698 0 -0.572869)
(39.9352 0 -0.528187)
(39.9057 0 -0.479102)
(39.8826 0 -0.427016)
(39.8666 0 -0.373697)
(39.858 0 -0.32109)
(39.8563 0 -0.271065)
(39.8606 0 -0.225197)
(39.8697 0 -0.184645)
(39.8818 0 -0.150065)
(39.8956 0 -0.121545)
(39.9095 0 -0.0986531)
(39.9225 0 -0.0805715)
(39.934 0 -0.0662894)
(39.9437 0 -0.0548159)
(39.9518 0 -0.0453554)
(39.9587 0 -0.0373843)
(39.9645 0 -0.0306118)
(39.9696 0 -0.0248789)
(39.974 0 -0.0200718)
(39.9779 0 -0.0160857)
(39.9813 0 -0.0128312)
(39.9842 0 -0.0101998)
(39.9867 0 -0.00809152)
(39.9888 0 -0.00641007)
(39.9905 0 -0.0050745)
(39.992 0 -0.00401865)
(39.9932 0 -0.00318016)
(39.9942 0 -0.00251947)
(39.995 0 -0.00199929)
(39.9956 0 -0.00159138)
(39.9962 0 -0.00126909)
(39.9966 0 -0.00101704)
(39.9969 0 -0.000817793)
(39.9972 0 -0.000660152)
(39.9974 0 -0.000533703)
(39.9976 0 -0.000432469)
(39.9978 0 -0.000350693)
(39.9979 0 -0.000284584)
(39.9979 0 -0.000230889)
(39.998 0 -0.000187404)
(39.9981 0 -0.000152238)
(39.9981 0 -0.000123458)
(39.9981 0 -0.000101114)
(39.9981 0 -7.94841e-05)
(39.9982 0 -7.78068e-05)
(39.9982 0 -4.68559e-05)
(40.1504 0 -0.552081)
(40.1159 0 -0.536134)
(40.081 0 -0.515908)
(40.0461 0 -0.491159)
(40.0126 0 -0.461764)
(39.9817 0 -0.427955)
(39.9547 0 -0.39037)
(39.9326 0 -0.350038)
(39.9162 0 -0.308307)
(39.9058 0 -0.266714)
(39.9012 0 -0.226795)
(39.9017 0 -0.189905)
(39.9063 0 -0.157067)
(39.9136 0 -0.128855)
(39.9225 0 -0.105351)
(39.9317 0 -0.086199)
(39.9405 0 -0.0707472)
(39.9484 0 -0.0582268)
(39.9553 0 -0.0479338)
(39.9612 0 -0.0393417)
(39.9665 0 -0.0321131)
(39.9711 0 -0.0260394)
(39.9751 0 -0.020972)
(39.9788 0 -0.0167834)
(39.9819 0 -0.0133668)
(39.9847 0 -0.0106076)
(39.987 0 -0.00839847)
(39.989 0 -0.00663919)
(39.9907 0 -0.00524408)
(39.9922 0 -0.00414291)
(39.9933 0 -0.00327115)
(39.9943 0 -0.00258547)
(39.9951 0 -0.00204689)
(39.9957 0 -0.00162542)
(39.9963 0 -0.00129337)
(39.9967 0 -0.00103409)
(39.997 0 -0.000829678)
(39.9973 0 -0.000668298)
(39.9975 0 -0.000539217)
(39.9977 0 -0.000436076)
(39.9978 0 -0.000352951)
(39.9979 0 -0.000285879)
(39.998 0 -0.000231495)
(39.9981 0 -0.000187514)
(39.9981 0 -0.000151998)
(39.9982 0 -0.000122973)
(39.9982 0 -0.000100465)
(39.9982 0 -7.87918e-05)
(39.9982 0 -7.69029e-05)
(39.9982 0 -4.62837e-05)
(40.1866 0 -0.434295)
(40.1591 0 -0.42718)
(40.1303 0 -0.417101)
(40.1007 0 -0.403719)
(40.071 0 -0.386703)
(40.0421 0 -0.365903)
(40.015 0 -0.341428)
(39.9907 0 -0.313686)
(39.9702 0 -0.283402)
(39.954 0 -0.251591)
(39.9427 0 -0.219452)
(39.936 0 -0.188233)
(39.9337 0 -0.159066)
(39.9348 0 -0.132821)
(39.9383 0 -0.109996)
(39.9434 0 -0.0906896)
(39.949 0 -0.0746531)
(39.9546 0 -0.061422)
(39.9599 0 -0.0504695)
(39.9648 0 -0.0413358)
(39.9691 0 -0.0336829)
(39.9731 0 -0.0272778)
(39.9767 0 -0.0219484)
(39.98 0 -0.0175506)
(39.9829 0 -0.0139634)
(39.9855 0 -0.0110666)
(39.9877 0 -0.0087473)
(39.9896 0 -0.00690172)
(39.9912 0 -0.00543987)
(39.9926 0 -0.00428743)
(39.9937 0 -0.00337766)
(39.9947 0 -0.00266327)
(39.9954 0 -0.00210348)
(39.9961 0 -0.00166631)
(39.9966 0 -0.00132294)
(39.997 0 -0.00105527)
(39.9973 0 -0.000844869)
(39.9976 0 -0.000679168)
(39.9978 0 -0.000547059)
(39.998 0 -0.000441746)
(39.9981 0 -0.000357102)
(39.9982 0 -0.000288961)
(39.9983 0 -0.000233828)
(39.9984 0 -0.000189322)
(39.9984 0 -0.000153446)
(39.9985 0 -0.000124179)
(39.9985 0 -0.000101513)
(39.9985 0 -7.98112e-05)
(39.9985 0 -7.76873e-05)
(39.9985 0 -4.74566e-05)
(40.1992 0 -0.327318)
(40.1785 0 -0.325926)
(40.1564 0 -0.322693)
(40.133 0 -0.317298)
(40.1087 0 -0.309369)
(40.0841 0 -0.298599)
(40.0598 0 -0.284803)
(40.0366 0 -0.267976)
(40.0153 0 -0.248346)
(39.9967 0 -0.226401)
(39.9815 0 -0.202875)
(39.9699 0 -0.178681)
(39.9622 0 -0.154799)
(39.9578 0 -0.132147)
(39.9564 0 -0.111448)
(39.9572 0 -0.0931419)
(39.9594 0 -0.0773565)
(39.9624 0 -0.0639643)
(39.9658 0 -0.0526836)
(39.9692 0 -0.0431947)
(39.9725 0 -0.0352173)
(39.9758 0 -0.0285321)
(39.9788 0 -0.0229648)
(39.9816 0 -0.0183666)
(39.9842 0 -0.0146095)
(39.9865 0 -0.011571)
(39.9885 0 -0.00913556)
(39.9903 0 -0.00719687)
(39.9918 0 -0.00566175)
(39.9931 0 -0.00445231)
(39.9942 0 -0.00349963)
(39.9951 0 -0.00275265)
(39.9959 0 -0.00216853)
(39.9965 0 -0.00171325)
(39.997 0 -0.00135672)
(39.9974 0 -0.00107925)
(39.9978 0 -0.000861819)
(39.998 0 -0.000691013)
(39.9982 0 -0.000555296)
(39.9984 0 -0.000447376)
(39.9985 0 -0.000360888)
(39.9986 0 -0.000291428)
(39.9987 0 -0.000235357)
(39.9988 0 -0.000190177)
(39.9988 0 -0.000153822)
(39.9989 0 -0.000124222)
(39.9989 0 -0.00010132)
(39.9989 0 -7.95431e-05)
(39.9989 0 -7.71113e-05)
(39.9989 0 -4.72984e-05)
(40.1931 0 -0.236073)
(40.1785 0 -0.237819)
(40.1625 0 -0.238579)
(40.1453 0 -0.238104)
(40.1269 0 -0.236078)
(40.1076 0 -0.232181)
(40.0878 0 -0.226129)
(40.0679 0 -0.217712)
(40.0486 0 -0.206849)
(40.0305 0 -0.193635)
(40.0142 0 -0.17837)
(40.0003 0 -0.161554)
(39.9892 0 -0.143852)
(39.981 0 -0.126006)
(39.9755 0 -0.108738)
(39.9725 0 -0.0926397)
(39.9714 0 -0.0781)
(39.9716 0 -0.0652863)
(39.9728 0 -0.0541813)
(39.9746 0 -0.0446577)
(39.9767 0 -0.0365504)
(39.9789 0 -0.0296993)
(39.9812 0 -0.023959)
(39.9835 0 -0.0191952)
(39.9857 0 -0.0152853)
(39.9877 0 -0.0121113)
(39.9895 0 -0.00955942)
(39.9911 0 -0.00752415)
(39.9925 0 -0.00591101)
(39.9938 0 -0.00463964)
(39.9948 0 -0.00363946)
(39.9957 0 -0.00285599)
(39.9964 0 -0.00224434)
(39.997 0 -0.00176841)
(39.9975 0 -0.00139675)
(39.9979 0 -0.00110798)
(39.9982 0 -0.000882393)
(39.9985 0 -0.000705664)
(39.9987 0 -0.000565753)
(39.9989 0 -0.000454813)
(39.999 0 -0.000366195)
(39.9991 0 -0.000295223)
(39.9992 0 -0.000238088)
(39.9992 0 -0.000192156)
(39.9993 0 -0.000155279)
(39.9993 0 -0.000125327)
(39.9993 0 -0.000102187)
(39.9994 0 -8.03601e-05)
(39.9994 0 -7.76021e-05)
(39.9994 0 -4.83242e-05)
(40.1743 0 -0.16295)
(40.1646 0 -0.165963)
(40.1539 0 -0.168563)
(40.142 0 -0.170584)
(40.129 0 -0.171803)
(40.115 0 -0.171964)
(40.1002 0 -0.170799)
(40.0846 0 -0.168054)
(40.0689 0 -0.163518)
(40.0532 0 -0.157068)
(40.0382 0 -0.148702)
(40.0244 0 -0.138577)
(40.0122 0 -0.127006)
(40.002 0 -0.114446)
(39.9939 0 -0.101437)
(39.988 0 -0.0885266)
(39.9841 0 -0.0761914)
(39.9818 0 -0.0647777)
(39.9808 0 -0.0544828)
(39.9808 0 -0.0453761)
(39.9815 0 -0.037442)
(39.9826 0 -0.0306203)
(39.9841 0 -0.0248285)
(39.9857 0 -0.0199721)
(39.9874 0 -0.0159513)
(39.989 0 -0.0126638)
(39.9906 0 -0.0100055)
(39.992 0 -0.00787629)
(39.9933 0 -0.00618391)
(39.9944 0 -0.00484764)
(39.9954 0 -0.00379631)
(39.9962 0 -0.00297289)
(39.9969 0 -0.0023306)
(39.9975 0 -0.0018314)
(39.9979 0 -0.00144252)
(39.9983 0 -0.00114081)
(39.9986 0 -0.000905805)
(39.9989 0 -0.000722204)
(39.9991 0 -0.000577386)
(39.9993 0 -0.000462903)
(39.9994 0 -0.000371768)
(39.9995 0 -0.000298995)
(39.9996 0 -0.000240582)
(39.9996 0 -0.000193734)
(39.9997 0 -0.000156209)
(39.9997 0 -0.000125808)
(39.9997 0 -0.000102354)
(39.9998 0 -8.04317e-05)
(39.9998 0 -7.72652e-05)
(39.9998 0 -4.85582e-05)
(40.149 0 -0.107741)
(40.1429 0 -0.110873)
(40.1361 0 -0.113922)
(40.1284 0 -0.116794)
(40.1199 0 -0.119352)
(40.1104 0 -0.121428)
(40.1001 0 -0.122821)
(40.0889 0 -0.123319)
(40.0772 0 -0.122703)
(40.065 0 -0.120781)
(40.0526 0 -0.117409)
(40.0406 0 -0.112527)
(40.0292 0 -0.106188)
(40.0188 0 -0.0985647)
(40.0098 0 -0.0899482)
(40.0023 0 -0.0807107)
(39.9965 0 -0.0712553)
(39.9922 0 -0.0619576)
(39.9893 0 -0.0531216)
(39.9876 0 -0.0449586)
(39.9868 0 -0.0375931)
(39.9868 0 -0.0310806)
(39.9873 0 -0.0254269)
(39.9882 0 -0.0206007)
(39.9893 0 -0.0165463)
(39.9905 0 -0.0131913)
(39.9917 0 -0.0104521)
(39.9929 0 -0.0082416)
(39.994 0 -0.00647483)
(39.995 0 -0.00507422)
(39.9959 0 -0.00397005)
(39.9966 0 -0.00310421)
(39.9973 0 -0.00242865)
(39.9978 0 -0.00190374)
(39.9983 0 -0.00149555)
(39.9987 0 -0.00117922)
(39.999 0 -0.000933454)
(39.9992 0 -0.000741962)
(39.9994 0 -0.000591475)
(39.9996 0 -0.000472891)
(39.9997 0 -0.000378835)
(39.9998 0 -0.000303971)
(39.9999 0 -0.000244077)
(40 0 -0.000196176)
(40 0 -0.00015791)
(40 0 -0.000127005)
(40.0001 0 -0.000103204)
(40.0001 0 -8.11943e-05)
(40.0001 0 -7.75787e-05)
(40.0001 0 -4.95715e-05)
(40.122 0 -0.0683015)
(40.1184 0 -0.0709886)
(40.1143 0 -0.0737481)
(40.1096 0 -0.0765367)
(40.1043 0 -0.0792831)
(40.0984 0 -0.08189)
(40.0916 0 -0.0842347)
(40.0842 0 -0.086171)
(40.0761 0 -0.0875337)
(40.0674 0 -0.0881479)
(40.0582 0 -0.0878446)
(40.0488 0 -0.0864819)
(40.0393 0 -0.0839695)
(40.0302 0 -0.080292)
(40.0216 0 -0.0755241)
(40.0139 0 -0.0698321)
(40.0073 0 -0.0634576)
(40.0018 0 -0.0566852)
(39.9976 0 -0.0498037)
(39.9946 0 -0.043072)
(39.9925 0 -0.036698)
(39.9913 0 -0.0308314)
(39.9909 0 -0.0255665)
(39.9909 0 -0.0209479)
(39.9914 0 -0.0169796)
(39.9921 0 -0.0136344)
(39.993 0 -0.0108617)
(39.9939 0 -0.00859713)
(39.9948 0 -0.00677023)
(39.9956 0 -0.00531172)
(39.9964 0 -0.00415652)
(39.997 0 -0.00324777)
(39.9976 0 -0.00253734)
(39.9982 0 -0.0019848)
(39.9986 0 -0.00155542)
(39.9989 0 -0.00122282)
(39.9992 0 -0.000964915)
(39.9995 0 -0.00076444)
(39.9997 0 -0.000607442)
(39.9998 0 -0.000484119)
(40 0 -0.000386664)
(40.0001 0 -0.000309353)
(40.0001 0 -0.000247718)
(40.0002 0 -0.00019857)
(40.0002 0 -0.000159419)
(40.0003 0 -0.000127907)
(40.0003 0 -0.00010368)
(40.0003 0 -8.15458e-05)
(40.0003 0 -7.73974e-05)
(40.0003 0 -5.01583e-05)
(40.0967 0 -0.0415082)
(40.0947 0 -0.0435758)
(40.0923 0 -0.0457657)
(40.0896 0 -0.0480634)
(40.0865 0 -0.0504388)
(40.0829 0 -0.052845)
(40.0788 0 -0.0552173)
(40.0742 0 -0.0574718)
(40.069 0 -0.0595048)
(40.0632 0 -0.0611943)
(40.0569 0 -0.0624047)
(40.0502 0 -0.0629972)
(40.0431 0 -0.0628435)
(40.0359 0 -0.0618437)
(40.0287 0 -0.0599455)
(40.0219 0 -0.0571588)
(40.0155 0 -0.0535635)
(40.0098 0 -0.0493035)
(40.005 0 -0.0445705)
(40.0011 0 -0.0395791)
(39.9982 0 -0.0345415)
(39.996 0 -0.0296469)
(39.9947 0 -0.0250482)
(39.9939 0 -0.0208552)
(39.9937 0 -0.0171341)
(39.9939 0 -0.0139114)
(39.9943 0 -0.0111801)
(39.9949 0 -0.00890848)
(39.9955 0 -0.00704932)
(39.9962 0 -0.00554824)
(39.9968 0 -0.00434941)
(39.9974 0 -0.00340061)
(39.9979 0 -0.00265567)
(39.9984 0 -0.00207463)
(39.9988 0 -0.0016227)
(39.9991 0 -0.00127245)
(39.9994 0 -0.00100112)
(39.9997 0 -0.000790576)
(39.9998 0 -0.000626201)
(40 0 -0.000497471)
(40.0001 0 -0.000396112)
(40.0002 0 -0.000315979)
(40.0003 0 -0.000252329)
(40.0003 0 -0.000201738)
(40.0004 0 -0.000161566)
(40.0004 0 -0.000129355)
(40.0004 0 -0.000104643)
(40.0005 0 -8.2372e-05)
(40.0005 0 -7.76279e-05)
(40.0005 0 -5.12835e-05)
(40.0747 0 -0.0241153)
(40.0736 0 -0.0255963)
(40.0723 0 -0.0271965)
(40.0708 0 -0.0289154)
(40.0691 0 -0.0307446)
(40.0671 0 -0.0326665)
(40.0647 0 -0.0346528)
(40.062 0 -0.0366631)
(40.0589 0 -0.0386424)
(40.0553 0 -0.0405199)
(40.0513 0 -0.0422088)
(40.0468 0 -0.0436083)
(40.042 0 -0.0446098)
(40.0368 0 -0.045105)
(40.0314 0 -0.0449987)
(40.0259 0 -0.0442231)
(40.0205 0 -0.0427514)
(40.0154 0 -0.040607)
(40.0108 0 -0.0378655)
(40.0067 0 -0.0346482)
(40.0032 0 -0.0311077)
(40.0005 0 -0.0274101)
(39.9985 0 -0.0237169)
(39.9971 0 -0.0201699)
(39.9962 0 -0.0168797)
(39.9958 0 -0.0139214)
(39.9958 0 -0.0113341)
(39.996 0 -0.00912556)
(39.9964 0 -0.0072793)
(39.9968 0 -0.00576312)
(39.9973 0 -0.0045362)
(39.9978 0 -0.0035554)
(39.9982 0 -0.0027795)
(39.9986 0 -0.00217098)
(39.999 0 -0.00169617)
(39.9993 0 -0.00132742)
(39.9996 0 -0.00104162)
(39.9998 0 -0.000820027)
(39.9999 0 -0.000647417)
(40.0001 0 -0.000512582)
(40.0002 0 -0.000406769)
(40.0003 0 -0.000323391)
(40.0004 0 -0.00025741)
(40.0004 0 -0.000205138)
(40.0005 0 -0.000163768)
(40.0005 0 -0.000130733)
(40.0005 0 -0.000105444)
(40.0005 0 -8.2996e-05)
(40.0006 0 -7.75671e-05)
(40.0006 0 -5.22078e-05)
(40.0567 0 -0.0132846)
(40.0561 0 -0.0142941)
(40.0555 0 -0.0153998)
(40.0547 0 -0.0166062)
(40.0537 0 -0.0179145)
(40.0526 0 -0.0193213)
(40.0513 0 -0.020818)
(40.0498 0 -0.022389)
(40.048 0 -0.0240104)
(40.0459 0 -0.0256476)
(40.0435 0 -0.0272539)
(40.0408 0 -0.0287699)
(40.0377 0 -0.0301235)
(40.0343 0 -0.0312331)
(40.0306 0 -0.0320124)
(40.0266 0 -0.0323785)
(40.0225 0 -0.0322626)
(40.0184 0 -0.0316206)
(40.0144 0 -0.0304431)
(40.0106 0 -0.0287603)
(40.0072 0 -0.0266425)
(40.0043 0 -0.0241924)
(40.0019 0 -0.021534)
(40.0001 0 -0.0187978)
(39.9987 0 -0.0161062)
(39.9979 0 -0.0135619)
(39.9974 0 -0.0112398)
(39.9972 0 -0.00918537)
(39.9973 0 -0.00741601)
(39.9975 0 -0.00592709)
(39.9978 0 -0.00469846)
(39.9981 0 -0.00370109)
(39.9985 0 -0.00290258)
(39.9988 0 -0.00227057)
(39.9991 0 -0.00177436)
(39.9994 0 -0.00138727)
(39.9996 0 -0.00108653)
(39.9998 0 -0.000853164)
(40 0 -0.000671589)
(40.0001 0 -0.000530002)
(40.0003 0 -0.000419194)
(40.0003 0 -0.000332145)
(40.0004 0 -0.000263504)
(40.0005 0 -0.000209305)
(40.0005 0 -0.000166558)
(40.0005 0 -0.000132577)
(40.0006 0 -0.000106625)
(40.0006 0 -8.39705e-05)
(40.0006 0 -7.77799e-05)
(40.0006 0 -5.35257e-05)
(40.0425 0 -0.00680401)
(40.0422 0 -0.00746843)
(40.0418 0 -0.00820298)
(40.0414 0 -0.00901313)
(40.041 0 -0.00990305)
(40.0404 0 -0.010875)
(40.0397 0 -0.0119289)
(40.0389 0 -0.0130615)
(40.0379 0 -0.0142652)
(40.0368 0 -0.0155266)
(40.0354 0 -0.0168248)
(40.0338 0 -0.0181304)
(40.032 0 -0.0194038)
(40.0298 0 -0.0205954)
(40.0275 0 -0.0216462)
(40.0248 0 -0.0224904)
(40.022 0 -0.0230606)
(40.019 0 -0.0232948)
(40.0159 0 -0.0231446)
(40.0128 0 -0.0225841)
(40.0099 0 -0.021616)
(40.0072 0 -0.0202753)
(40.0047 0 -0.0186265)
(40.0027 0 -0.0167573)
(40.0011 0 -0.014768)
(39.9999 0 -0.012759)
(39.999 0 -0.0108196)
(39.9985 0 -0.0090197)
(39.9983 0 -0.00740576)
(39.9983 0 -0.00600109)
(39.9984 0 -0.00480945)
(39.9985 0 -0.00382024)
(39.9988 0 -0.00301399)
(39.999 0 -0.00236684)
(39.9993 0 -0.00185344)
(39.9995 0 -0.00144983)
(39.9997 0 -0.00113463)
(39.9999 0 -0.00088931)
(40.0001 0 -0.000698301)
(40.0002 0 -0.000549431)
(40.0003 0 -0.000433125)
(40.0004 0 -0.000341975)
(40.0004 0 -0.000270327)
(40.0005 0 -0.000213929)
(40.0005 0 -0.000169599)
(40.0006 0 -0.00013452)
(40.0006 0 -0.000107795)
(40.0006 0 -8.48835e-05)
(40.0006 0 -7.78412e-05)
(40.0006 0 -5.47832e-05)
(40.0315 0 -0.00308328)
(40.0314 0 -0.00350994)
(40.0312 0 -0.0039847)
(40.031 0 -0.00451221)
(40.0308 0 -0.00509676)
(40.0305 0 -0.00574206)
(40.0302 0 -0.0064509)
(40.0297 0 -0.00722485)
(40.0292 0 -0.00806355)
(40.0286 0 -0.00896387)
(40.0279 0 -0.0099189)
(40.027 0 -0.0109168)
(40.026 0 -0.0119395)
(40.0247 0 -0.0129618)
(40.0233 0 -0.0139505)
(40.0217 0 -0.0148643)
(40.0199 0 -0.015655)
(40.0179 0 -0.0162707)
(40.0157 0 -0.0166595)
(40.0134 0 -0.0167764)
(40.0111 0 -0.0165895)
(40.0088 0 -0.0160866)
(40.0067 0 -0.0152796)
(40.0047 0 -0.0142055)
(40.0031 0 -0.0129228)
(40.0017 0 -0.0115049)
(40.0006 0 -0.0100303)
(39.9998 0 -0.00857328)
(39.9993 0 -0.00719541)
(39.9991 0 -0.00594101)
(39.999 0 -0.00483597)
(39.999 0 -0.00388962)
(39.9991 0 -0.00309843)
(39.9993 0 -0.00245023)
(39.9994 0 -0.00192773)
(39.9996 0 -0.00151195)
(39.9998 0 -0.0011843)
(39.9999 0 -0.000927752)
(40.0001 0 -0.000727354)
(40.0002 0 -0.000570946)
(40.0003 0 -0.000448778)
(40.0004 0 -0.000353166)
(40.0004 0 -0.000278188)
(40.0005 0 -0.00021933)
(40.0005 0 -0.00017321)
(40.0006 0 -0.000136886)
(40.0006 0 -0.000109282)
(40.0006 0 -8.60652e-05)
(40.0006 0 -7.80942e-05)
(40.0006 0 -5.63295e-05)
(40.0233 0 -0.00104789)
(40.0232 0 -0.00131725)
(40.0232 0 -0.00161828)
(40.0231 0 -0.00195445)
(40.023 0 -0.00232921)
(40.0228 0 -0.00274593)
(40.0227 0 -0.00320778)
(40.0224 0 -0.00371755)
(40.0222 0 -0.00427736)
(40.0219 0 -0.00488818)
(40.0215 0 -0.0055493)
(40.021 0 -0.00625762)
(40.0205 0 -0.00700681)
(40.0198 0 -0.00778636)
(40.019 0 -0.00858062)
(40.018 0 -0.00936802)
(40.0169 0 -0.0101206)
(40.0157 0 -0.0108044)
(40.0143 0 -0.0113808)
(40.0127 0 -0.011809)
(40.0111 0 -0.0120506)
(40.0094 0 -0.0120741)
(40.0077 0 -0.0118608)
(40.006 0 -0.0114091)
(40.0045 0 -0.0107368)
(40.0031 0 -0.00988027)
(40.002 0 -0.00889071)
(40.0011 0 -0.00782707)
(40.0004 0 -0.00674843)
(39.9999 0 -0.00570685)
(39.9996 0 -0.0047424)
(39.9995 0 -0.0038811)
(39.9995 0 -0.00313545)
(39.9995 0 -0.00250677)
(39.9996 0 -0.0019882)
(39.9998 0 -0.00156797)
(39.9999 0 -0.00123216)
(40 0 -0.000966516)
(40.0001 0 -0.000757612)
(40.0002 0 -0.000593887)
(40.0003 0 -0.000465752)
(40.0004 0 -0.000365444)
(40.0004 0 -0.00028687)
(40.0005 0 -0.000225307)
(40.0005 0 -0.00017719)
(40.0006 0 -0.000139463)
(40.0006 0 -0.000110858)
(40.0006 0 -8.72739e-05)
(40.0006 0 -7.82978e-05)
(40.0006 0 -5.78908e-05)
(40.0172 0 -6.09126e-06)
(40.0172 0 -0.000174195)
(40.0171 0 -0.000362602)
(40.0171 0 -0.000573692)
(40.017 0 -0.00080996)
(40.017 0 -0.00107398)
(40.0169 0 -0.00136836)
(40.0168 0 -0.00169571)
(40.0167 0 -0.00205846)
(40.0165 0 -0.00245872)
(40.0163 0 -0.00289793)
(40.0161 0 -0.00337657)
(40.0158 0 -0.00389363)
(40.0155 0 -0.00444605)
(40.015 0 -0.00502798)
(40.0145 0 -0.00563009)
(40.0139 0 -0.00623878)
(40.0131 0 -0.00683566)
(40.0123 0 -0.00739743)
(40.0113 0 -0.00789638)
(40.0102 0 -0.00830192)
(40.0091 0 -0.00858311)
(40.0078 0 -0.00871229)
(40.0065 0 -0.00866928)
(40.0053 0 -0.00844537)
(40.0041 0 -0.00804616)
(40.003 0 -0.00749229)
(40.0021 0 -0.00681748)
(40.0013 0 -0.0060642)
(40.0007 0 -0.00527777)
(40.0003 0 -0.00450053)
(40.0001 0 -0.00376717)
(39.9999 0 -0.00310216)
(39.9998 0 -0.0025193)
(39.9999 0 -0.0020229)
(39.9999 0 -0.0016101)
(40 0 -0.00127337)
(40.0001 0 -0.00100275)
(40.0002 0 -0.000787492)
(40.0003 0 -0.000617443)
(40.0003 0 -0.000483687)
(40.0004 0 -0.000378702)
(40.0004 0 -0.000296403)
(40.0005 0 -0.000231959)
(40.0005 0 -0.000181674)
(40.0005 0 -0.0001424)
(40.0006 0 -0.000112686)
(40.0006 0 -8.86715e-05)
(40.0006 0 -7.8634e-05)
(40.0006 0 -5.96269e-05)
(40.0127 0 0.000471106)
(40.0127 0 0.000366972)
(40.0127 0 0.00025006)
(40.0126 0 0.000118806)
(40.0126 0 -2.84801e-05)
(40.0126 0 -0.000193593)
(40.0126 0 -0.000378435)
(40.0125 0 -0.000585002)
(40.0125 0 -0.000815329)
(40.0124 0 -0.00107141)
(40.0123 0 -0.00135508)
(40.0122 0 -0.00166782)
(40.012 0 -0.00201058)
(40.0119 0 -0.00238341)
(40.0116 0 -0.00278507)
(40.0114 0 -0.00321254)
(40.011 0 -0.00366047)
(40.0106 0 -0.00412055)
(40.0101 0 -0.004581)
(40.0096 0 -0.00502627)
(40.0089 0 -0.00543712)
(40.0081 0 -0.0057913)
(40.0073 0 -0.00606515)
(40.0064 0 -0.0062359)
(40.0055 0 -0.00628481)
(40.0046 0 -0.00620037)
(40.0037 0 -0.00598111)
(40.0028 0 -0.00563695)
(40.0021 0 -0.00518875)
(40.0015 0 -0.00466573)
(40.001 0 -0.00410146)
(40.0006 0 -0.00352921)
(40.0003 0 -0.00297789)
(40.0002 0 -0.00246934)
(40.0001 0 -0.00201729)
(40.0001 0 -0.0016278)
(40.0001 0 -0.00130077)
(40.0002 0 -0.00103183)
(40.0002 0 -0.000814121)
(40.0003 0 -0.000639877)
(40.0003 0 -0.00050155)
(40.0004 0 -0.000392325)
(40.0004 0 -0.000306409)
(40.0005 0 -0.000239039)
(40.0005 0 -0.000186481)
(40.0005 0 -0.000145551)
(40.0006 0 -0.000114632)
(40.0006 0 -9.01261e-05)
(40.0006 0 -7.89925e-05)
(40.0006 0 -6.13908e-05)
(40.0094 0 0.000640749)
(40.0094 0 0.000576533)
(40.0094 0 0.000504376)
(40.0094 0 0.000423278)
(40.0094 0 0.00033214)
(40.0094 0 0.000229769)
(40.0093 0 0.000114873)
(40.0093 0 -1.39441e-05)
(40.0093 0 -0.000158167)
(40.0093 0 -0.00031934)
(40.0092 0 -0.000499016)
(40.0092 0 -0.000698693)
(40.0091 0 -0.000919708)
(40.009 0 -0.00116309)
(40.0089 0 -0.00142934)
(40.0088 0 -0.0017182)
(40.0086 0 -0.00202828)
(40.0084 0 -0.00235665)
(40.0081 0 -0.0026984)
(40.0078 0 -0.0030462)
(40.0074 0 -0.00338992)
(40.007 0 -0.00371655)
(40.0065 0 -0.00401041)
(40.0059 0 -0.00425404)
(40.0052 0 -0.00442964)
(40.0046 0 -0.00452122)
(40.0039 0 -0.00451704)
(40.0032 0 -0.00441201)
(40.0026 0 -0.00420932)
(40.002 0 -0.00392076)
(40.0015 0 -0.00356551)
(40.0011 0 -0.0031675)
(40.0008 0 -0.00275202)
(40.0005 0 -0.00234234)
(40.0004 0 -0.00195717)
(40.0003 0 -0.00160932)
(40.0003 0 -0.00130559)
(40.0003 0 -0.00104769)
(40.0003 0 -0.000833531)
(40.0003 0 -0.000658714)
(40.0004 0 -0.000517862)
(40.0004 0 -0.000405459)
(40.0005 0 -0.000316412)
(40.0005 0 -0.000246291)
(40.0005 0 -0.000191479)
(40.0005 0 -0.000148848)
(40.0005 0 -0.000116664)
(40.0006 0 -9.16105e-05)
(40.0006 0 -7.93752e-05)
(40.0006 0 -6.31291e-05)
(40.007 0 0.000652565)
(40.007 0 0.000613063)
(40.007 0 0.00056867)
(40.007 0 0.000518755)
(40.007 0 0.000462622)
(40.007 0 0.000399505)
(40.007 0 0.000328559)
(40.007 0 0.000248858)
(40.007 0 0.000159392)
(40.0069 0 5.90782e-05)
(40.0069 0 -5.32278e-05)
(40.0069 0 -0.000178704)
(40.0069 0 -0.000318525)
(40.0068 0 -0.000473795)
(40.0068 0 -0.000645458)
(40.0067 0 -0.00083417)
(40.0066 0 -0.00104012)
(40.0065 0 -0.00126281)
(40.0064 0 -0.00150075)
(40.0062 0 -0.00175115)
(40.006 0 -0.00200958)
(40.0058 0 -0.0022696)
(40.0055 0 -0.00252261)
(40.0051 0 -0.00275787)
(40.0047 0 -0.00296286)
(40.0043 0 -0.0031242)
(40.0038 0 -0.00322902)
(40.0033 0 -0.0032667)
(40.0028 0 -0.00323082)
(40.0023 0 -0.00312066)
(40.0018 0 -0.00294199)
(40.0015 0 -0.00270665)
(40.0011 0 -0.00243104)
(40.0009 0 -0.00213375)
(40.0007 0 -0.00183291)
(40.0005 0 -0.00154399)
(40.0004 0 -0.00127837)
(40.0004 0 -0.00104292)
(40.0004 0 -0.0008404)
(40.0004 0 -0.000670362)
(40.0004 0 -0.000530309)
(40.0004 0 -0.000416669)
(40.0005 0 -0.000325552)
(40.0005 0 -0.000253214)
(40.0005 0 -0.000196389)
(40.0005 0 -0.000152146)
(40.0005 0 -0.000118722)
(40.0005 0 -9.31129e-05)
(40.0005 0 -7.98295e-05)
(40.0006 0 -6.48776e-05)
(40.0052 0 0.000590518)
(40.0052 0 0.000566246)
(40.0052 0 0.000538979)
(40.0052 0 0.000508326)
(40.0052 0 0.000473851)
(40.0052 0 0.000435072)
(40.0052 0 0.000391453)
(40.0052 0 0.000342398)
(40.0052 0 0.000287249)
(40.0052 0 0.000225284)
(40.0052 0 0.000155724)
(40.0052 0 7.77345e-05)
(40.0052 0 -9.56035e-06)
(40.0052 0 -0.000107052)
(40.0052 0 -0.000215612)
(40.0051 0 -0.000336036)
(40.0051 0 -0.000468964)
(40.005 0 -0.000614765)
(40.005 0 -0.00077339)
(40.0049 0 -0.000944178)
(40.0048 0 -0.00112562)
(40.0046 0 -0.00131511)
(40.0045 0 -0.00150867)
(40.0043 0 -0.00170073)
(40.004 0 -0.0018841)
(40.0038 0 -0.00205005)
(40.0035 0 -0.00218883)
(40.0031 0 -0.00229051)
(40.0028 0 -0.00234619)
(40.0024 0 -0.00234944)
(40.002 0 -0.00229755)
(40.0017 0 -0.00219252)
(40.0014 0 -0.0020411)
(40.0011 0 -0.00185402)
(40.0009 0 -0.00164447)
(40.0007 0 -0.00142616)
(40.0006 0 -0.00121146)
(40.0005 0 -0.00101012)
(40.0005 0 -0.000828606)
(40.0005 0 -0.000670219)
(40.0005 0 -0.000535645)
(40.0005 0 -0.000423751)
(40.0005 0 -0.000332351)
(40.0005 0 -0.000258807)
(40.0005 0 -0.000200501)
(40.0005 0 -0.000154903)
(40.0005 0 -0.000120353)
(40.0005 0 -9.42029e-05)
(40.0005 0 -7.99522e-05)
(40.0005 0 -6.61326e-05)
(40.004 0 0.000500076)
(40.004 0 0.000485168)
(40.004 0 0.000468435)
(40.004 0 0.000449635)
(40.004 0 0.0004285)
(40.004 0 0.00040473)
(40.004 0 0.00037799)
(40.004 0 0.000347905)
(40.004 0 0.000314058)
(40.004 0 0.000275985)
(40.004 0 0.000233176)
(40.004 0 0.000185074)
(40.004 0 0.000131079)
(40.0039 0 7.05508e-05)
(40.0039 0 2.82773e-06)
(40.0039 0 -7.27567e-05)
(40.0039 0 -0.000156838)
(40.0039 0 -0.000249973)
(40.0039 0 -0.000352564)
(40.0038 0 -0.000464769)
(40.0038 0 -0.000586368)
(40.0037 0 -0.000716605)
(40.0036 0 -0.000854003)
(40.0035 0 -0.000996159)
(40.0034 0 -0.00113956)
(40.0032 0 -0.00127949)
(40.003 0 -0.00140999)
(40.0028 0 -0.00152416)
(40.0026 0 -0.00161458)
(40.0023 0 -0.00167418)
(40.0021 0 -0.00169717)
(40.0018 0 -0.00168016)
(40.0015 0 -0.00162293)
(40.0013 0 -0.00152885)
(40.0011 0 -0.00140457)
(40.0009 0 -0.0012591)
(40.0008 0 -0.00110249)
(40.0007 0 -0.000944367)
(40.0006 0 -0.000792799)
(40.0005 0 -0.000653618)
(40.0005 0 -0.000530293)
(40.0005 0 -0.000424219)
(40.0005 0 -0.000335234)
(40.0005 0 -0.000262178)
(40.0005 0 -0.000203415)
(40.0005 0 -0.000157064)
(40.0005 0 -0.000121745)
(40.0005 0 -9.52421e-05)
(40.0005 0 -8.02447e-05)
(40.0005 0 -6.7494e-05)
(40.003 0 0.000404635)
(40.003 0 0.000395485)
(40.003 0 0.000385228)
(40.003 0 0.000373715)
(40.003 0 0.000360782)
(40.003 0 0.000346245)
(40.003 0 0.000329897)
(40.003 0 0.000311505)
(40.003 0 0.000290811)
(40.003 0 0.000267521)
(40.003 0 0.000241313)
(40.003 0 0.000211829)
(40.003 0 0.000178674)
(40.003 0 0.00014142)
(40.003 0 9.96079e-05)
(40.003 0 5.27531e-05)
(40.003 0 3.58701e-07)
(40.003 0 -5.80649e-05)
(40.003 0 -0.00012297)
(40.003 0 -0.000194728)
(40.0029 0 -0.000273565)
(40.0029 0 -0.000359482)
(40.0029 0 -0.000452146)
(40.0028 0 -0.00055076)
(40.0027 0 -0.000653913)
(40.0027 0 -0.000759438)
(40.0026 0 -0.00086429)
(40.0024 0 -0.000964507)
(40.0023 0 -0.00105529)
(40.0021 0 -0.00113129)
(40.0019 0 -0.00118707)
(40.0018 0 -0.00121781)
(40.0016 0 -0.00122008)
(40.0014 0 -0.00119257)
(40.0012 0 -0.00113653)
(40.001 0 -0.00105578)
(40.0009 0 -0.000956235)
(40.0008 0 -0.000845025)
(40.0007 0 -0.000729449)
(40.0006 0 -0.000616019)
(40.0006 0 -0.000509817)
(40.0005 0 -0.000414235)
(40.0005 0 -0.000331065)
(40.0005 0 -0.000260797)
(40.0005 0 -0.000203043)
(40.0005 0 -0.000156815)
(40.0005 0 -0.000121233)
(40.0005 0 -9.46032e-05)
(40.0005 0 -7.90692e-05)
(40.0005 0 -6.71659e-05)
(40.0023 0 0.000314961)
(40.0023 0 0.000309359)
(40.0023 0 0.000303088)
(40.0023 0 0.000296059)
(40.0023 0 0.00028817)
(40.0023 0 0.000279311)
(40.0023 0 0.000269355)
(40.0023 0 0.000258159)
(40.0023 0 0.000245564)
(40.0023 0 0.000231391)
(40.0023 0 0.000215436)
(40.0023 0 0.000197477)
(40.0023 0 0.000177263)
(40.0023 0 0.000154518)
(40.0023 0 0.000128941)
(40.0023 0 0.000100204)
(40.0023 0 6.79598e-05)
(40.0023 0 3.1844e-05)
(40.0023 0 -8.50968e-06)
(40.0023 0 -5.34535e-05)
(40.0023 0 -0.000103298)
(40.0023 0 -0.000158273)
(40.0023 0 -0.000218475)
(40.0022 0 -0.000283795)
(40.0022 0 -0.00035383)
(40.0022 0 -0.00042778)
(40.0021 0 -0.000504335)
(40.002 0 -0.000581572)
(40.002 0 -0.000656898)
(40.0019 0 -0.000727053)
(40.0017 0 -0.000788253)
(40.0016 0 -0.000836466)
(40.0015 0 -0.000867865)
(40.0013 0 -0.00087938)
(40.0012 0 -0.000869274)
(40.0011 0 -0.000837573)
(40.0009 0 -0.000786239)
(40.0008 0 -0.000718974)
(40.0007 0 -0.000640698)
(40.0007 0 -0.000556819)
(40.0006 0 -0.000472487)
(40.0005 0 -0.000392021)
(40.0005 0 -0.000318586)
(40.0005 0 -0.000254139)
(40.0005 0 -0.000199594)
(40.0005 0 -0.000155012)
(40.0005 0 -0.000120198)
(40.0005 0 -9.40817e-05)
(40.0004 0 -7.85112e-05)
(40.0004 0 -6.75015e-05)
(40.0018 0 0.000235322)
(40.0018 0 0.000231917)
(40.0018 0 0.000228112)
(40.0018 0 0.000223853)
(40.0018 0 0.000219079)
(40.0018 0 0.000213723)
(40.0018 0 0.000207709)
(40.0018 0 0.000200952)
(40.0018 0 0.000193353)
(40.0018 0 0.000184805)
(40.0018 0 0.000175184)
(40.0018 0 0.000164352)
(40.0018 0 0.000152155)
(40.0018 0 0.000138421)
(40.0018 0 0.000122959)
(40.0018 0 0.000105559)
(40.0018 0 8.59917e-05)
(40.0018 0 6.40109e-05)
(40.0018 0 3.93564e-05)
(40.0018 0 1.17604e-05)
(40.0018 0 -1.90414e-05)
(40.0018 0 -5.32935e-05)
(40.0018 0 -9.11969e-05)
(40.0018 0 -0.000132875)
(40.0017 0 -0.000178327)
(40.0017 0 -0.00022737)
(40.0017 0 -0.000279565)
(40.0017 0 -0.000334138)
(40.0016 0 -0.000389897)
(40.0016 0 -0.000445171)
(40.0015 0 -0.000497787)
(40.0014 0 -0.000545127)
(40.0013 0 -0.00058428)
(40.0012 0 -0.000612322)
(40.0011 0 -0.000626695)
(40.001 0 -0.000625637)
(40.0009 0 -0.000608563)
(40.0008 0 -0.000576291)
(40.0007 0 -0.000531026)
(40.0007 0 -0.000476083)
(40.0006 0 -0.000415406)
(40.0005 0 -0.000353017)
(40.0005 0 -0.000292519)
(40.0005 0 -0.000236762)
(40.0004 0 -0.000187715)
(40.0004 0 -0.000146454)
(40.0004 0 -0.000113558)
(40.0004 0 -8.86607e-05)
(40.0004 0 -7.35381e-05)
(40.0004 0 -6.3462e-05)
(40.0014 0 0.000166439)
(40.0014 0 0.000164405)
(40.0014 0 0.000162135)
(40.0014 0 0.000159598)
(40.0014 0 0.000156758)
(40.0014 0 0.000153576)
(40.0014 0 0.000150005)
(40.0014 0 0.000145996)
(40.0014 0 0.00014149)
(40.0014 0 0.000136423)
(40.0014 0 0.000130722)
(40.0014 0 0.000124304)
(40.0014 0 0.000117075)
(40.0014 0 0.000108933)
(40.0014 0 9.97594e-05)
(40.0014 0 8.94255e-05)
(40.0014 0 7.77876e-05)
(40.0014 0 6.46884e-05)
(40.0014 0 4.99572e-05)
(40.0014 0 3.34121e-05)
(40.0014 0 1.4863e-05)
(40.0014 0 -5.88164e-06)
(40.0014 0 -2.90053e-05)
(40.0014 0 -5.46686e-05)
(40.0014 0 -8.29884e-05)
(40.0013 0 -0.000114008)
(40.0013 0 -0.000147658)
(40.0013 0 -0.00018371)
(40.0013 0 -0.000221716)
(40.0013 0 -0.000260951)
(40.0012 0 -0.000300356)
(40.0012 0 -0.00033851)
(40.0011 0 -0.000373639)
(40.0011 0 -0.000403698)
(40.001 0 -0.000426532)
(40.0009 0 -0.000440132)
(40.0009 0 -0.000442941)
(40.0008 0 -0.000434163)
(40.0007 0 -0.000413992)
(40.0006 0 -0.00038369)
(40.0006 0 -0.000345463)
(40.0005 0 -0.000302167)
(40.0005 0 -0.000256903)
(40.0004 0 -0.000212604)
(40.0004 0 -0.000171731)
(40.0004 0 -0.000136046)
(40.0003 0 -0.000106786)
(40.0003 0 -8.42344e-05)
(40.0003 0 -7.02468e-05)
(40.0003 0 -6.10532e-05)
(40.001 0 0.000108065)
(40.001 0 0.000106903)
(40.001 0 0.00010561)
(40.001 0 0.000104165)
(40.001 0 0.000102549)
(40.001 0 0.00010074)
(40.001 0 9.87117e-05)
(40.001 0 9.64352e-05)
(40.001 0 9.3878e-05)
(40.001 0 9.10031e-05)
(40.001 0 8.77686e-05)
(40.001 0 8.41273e-05)
(40.001 0 8.00258e-05)
(40.001 0 7.54041e-05)
(40.001 0 7.01945e-05)
(40.001 0 6.43213e-05)
(40.001 0 5.76999e-05)
(40.001 0 5.02363e-05)
(40.001 0 4.18272e-05)
(40.001 0 3.23597e-05)
(40.001 0 2.17124e-05)
(40.001 0 9.75757e-06)
(40.001 0 -3.63581e-06)
(40.001 0 -1.85958e-05)
(40.001 0 -3.5239e-05)
(40.001 0 -5.36573e-05)
(40.001 0 -7.38995e-05)
(40.001 0 -9.59469e-05)
(40.001 0 -0.000119681)
(40.001 0 -0.000144845)
(40.0009 0 -0.000171003)
(40.0009 0 -0.000197493)
(40.0009 0 -0.000223403)
(40.0009 0 -0.000247563)
(40.0008 0 -0.000268583)
(40.0008 0 -0.000284948)
(40.0007 0 -0.00029518)
(40.0007 0 -0.000298057)
(40.0006 0 -0.000292846)
(40.0005 0 -0.000279506)
(40.0005 0 -0.000258793)
(40.0004 0 -0.000232224)
(40.0004 0 -0.00020189)
(40.0003 0 -0.000170154)
(40.0003 0 -0.000139328)
(40.0003 0 -0.000111358)
(40.0002 0 -8.77973e-05)
(40.0002 0 -6.93816e-05)
(40.0002 0 -5.78888e-05)
(40.0002 0 -5.06999e-05)
(40.0007 0 5.95499e-05)
(40.0007 0 5.89505e-05)
(40.0007 0 5.82829e-05)
(40.0007 0 5.75375e-05)
(40.0007 0 5.67037e-05)
(40.0007 0 5.57698e-05)
(40.0007 0 5.47225e-05)
(40.0007 0 5.35466e-05)
(40.0007 0 5.22251e-05)
(40.0007 0 5.07384e-05)
(40.0007 0 4.90646e-05)
(40.0007 0 4.71787e-05)
(40.0007 0 4.50524e-05)
(40.0007 0 4.26536e-05)
(40.0007 0 3.99462e-05)
(40.0007 0 3.68891e-05)
(40.0007 0 3.34366e-05)
(40.0007 0 2.95369e-05)
(40.0007 0 2.51326e-05)
(40.0007 0 2.01599e-05)
(40.0007 0 1.45488e-05)
(40.0007 0 8.2234e-06)
(40.0007 0 1.10307e-06)
(40.0007 0 -6.89591e-06)
(40.0007 0 -1.58569e-05)
(40.0007 0 -2.58579e-05)
(40.0007 0 -3.69638e-05)
(40.0007 0 -4.92154e-05)
(40.0007 0 -6.26142e-05)
(40.0007 0 -7.71024e-05)
(40.0007 0 -9.25387e-05)
(40.0006 0 -0.00010867)
(40.0006 0 -0.000125101)
(40.0006 0 -0.000141275)
(40.0006 0 -0.000156458)
(40.0005 0 -0.000169763)
(40.0005 0 -0.0001802)
(40.0005 0 -0.000186779)
(40.0004 0 -0.000188653)
(40.0004 0 -0.000185287)
(40.0003 0 -0.000176607)
(40.0003 0 -0.00016309)
(40.0002 0 -0.000145761)
(40.0002 0 -0.000126063)
(40.0001 0 -0.000105653)
(40.0001 0 -8.61393e-05)
(40.0001 0 -6.8975e-05)
(40 0 -5.50557e-05)
(40 0 -4.60572e-05)
(40 0 -4.02441e-05)
(40.0003 0 1.72451e-05)
(40.0003 0 1.7053e-05)
(40.0003 0 1.68388e-05)
(40.0003 0 1.65995e-05)
(40.0003 0 1.63316e-05)
(40.0003 0 1.60311e-05)
(40.0003 0 1.56938e-05)
(40.0003 0 1.53146e-05)
(40.0003 0 1.48879e-05)
(40.0003 0 1.44073e-05)
(40.0003 0 1.38653e-05)
(40.0003 0 1.32537e-05)
(40.0003 0 1.25629e-05)
(40.0003 0 1.17822e-05)
(40.0003 0 1.08993e-05)
(40.0003 0 9.90028e-06)
(40.0003 0 8.7693e-06)
(40.0003 0 7.48854e-06)
(40.0003 0 6.03789e-06)
(40.0003 0 4.39482e-06)
(40.0003 0 2.53425e-06)
(40.0003 0 4.28516e-07)
(40.0003 0 -1.9525e-06)
(40.0003 0 -4.64098e-06)
(40.0003 0 -7.67041e-06)
(40.0003 0 -1.10743e-05)
(40.0003 0 -1.4884e-05)
(40.0003 0 -1.91257e-05)
(40.0003 0 -2.38159e-05)
(40.0003 0 -2.89547e-05)
(40.0003 0 -3.45183e-05)
(40.0003 0 -4.04483e-05)
(40.0003 0 -4.66402e-05)
(40.0003 0 -5.29321e-05)
(40.0003 0 -5.90951e-05)
(40.0002 0 -6.48309e-05)
(40.0002 0 -6.97807e-05)
(40.0002 0 -7.35508e-05)
(40.0002 0 -7.57573e-05)
(40.0001 0 -7.60883e-05)
(40.0001 0 -7.43709e-05)
(40 0 -7.06315e-05)
(40 0 -6.51221e-05)
(39.9999 0 -5.83022e-05)
(39.9999 0 -5.07797e-05)
(39.9998 0 -4.3206e-05)
(39.9998 0 -3.62318e-05)
(39.9998 0 -3.02997e-05)
(39.9997 0 -2.62582e-05)
(39.9997 0 -2.3333e-05)
)
;

boundaryField
{
    aerofoil
    {
        type            noSlip;
    }
    inlet
    {
        type            freestreamVelocity;
        freestreamValue uniform (40 10.7 0);
        value           nonuniform List<vector> 
270
(
(40.0002 5.36775 -1.2321e-05)
(40.0002 5.40396 -1.33226e-05)
(40.0002 5.44161 -1.46802e-05)
(40.0002 5.48074 -1.5897e-05)
(40.0002 5.52143 -1.70802e-05)
(40.0002 5.56371 -1.82209e-05)
(40.0002 5.60767 -1.93229e-05)
(40.0002 5.65335 -2.03902e-05)
(40.0002 5.70082 -2.14234e-05)
(40.0001 5.75015 -2.24235e-05)
(40.0001 5.8014 -2.33899e-05)
(40.0001 5.85464 -2.43218e-05)
(40.0001 5.90994 -2.52176e-05)
(40.0001 5.96737 -2.6075e-05)
(40.0001 6.027 -2.68915e-05)
(40.0001 6.0889 -2.7664e-05)
(40.0001 6.15316 -2.83892e-05)
(40.0001 6.21983 -2.90633e-05)
(40.0001 6.289 -2.96824e-05)
(40.0001 6.36074 -3.02422e-05)
(40.0001 6.43513 -3.07384e-05)
(40.0001 6.51222 -3.11662e-05)
(40.0001 6.59211 -3.15211e-05)
(40.0001 6.67484 -3.17983e-05)
(40.0001 6.76049 -3.19931e-05)
(40.0001 6.84912 -3.21009e-05)
(40.0001 6.94078 -3.21171e-05)
(40.0001 7.03552 -3.20374e-05)
(40.0001 7.13338 -3.18581e-05)
(40.0001 7.2344 -3.15754e-05)
(40.0001 7.3386 -3.11865e-05)
(40.0001 7.44598 -3.06889e-05)
(40.0001 7.55654 -3.00811e-05)
(40.0001 7.67026 -2.93623e-05)
(40.0001 7.78709 -2.85327e-05)
(40 7.90698 -2.75939e-05)
(40 8.02983 -2.65483e-05)
(40 8.15551 -2.54002e-05)
(40 8.28389 -2.41549e-05)
(40 8.41475 -2.28195e-05)
(40 8.54789 -2.14028e-05)
(40 8.683 -1.99153e-05)
(40 8.81974 -1.83693e-05)
(40 8.95773 -1.67788e-05)
(40 9.0965 -1.51595e-05)
(40 9.23551 -1.35289e-05)
(40 9.37413 -1.19062e-05)
(40 9.51164 -1.03116e-05)
(40 9.64724 -8.76635e-06)
(40 9.78001 -7.29242e-06)
(40 9.9089 -5.91187e-06)
(40 10.0327 -4.64614e-06)
(40 10.1502 -3.51503e-06)
(40 10.2598 -2.53557e-06)
(40 10.3599 -1.72074e-06)
(40 10.4489 -1.0776e-06)
(40 10.5246 -6.04785e-07)
(40 10.585 -2.9027e-07)
(40 10.6277 -1.09933e-07)
(40 10.6503 -2.437e-08)
(40.0002 5.35 -8.46286e-06)
(40.0002 5.35 -8.55999e-06)
(40.0002 5.35 -8.65712e-06)
(40.0002 5.35 -8.75397e-06)
(40.0002 5.35 -8.85061e-06)
(40.0002 5.35 -8.94701e-06)
(40.0002 5.35 -9.04318e-06)
(40.0002 5.35 -9.13913e-06)
(40.0002 5.35 -9.23484e-06)
(40.0002 5.35 -9.33032e-06)
(40.0002 5.35 -9.42557e-06)
(40.0002 5.35 -9.52066e-06)
(40.0002 5.35 -9.61537e-06)
(40.0002 5.35 -9.70987e-06)
(40.0002 5.35 -9.80414e-06)
(40.0002 5.35 -9.89816e-06)
(40.0002 5.35 -9.99197e-06)
(40.0002 5.35 -1.00856e-05)
(40.0002 5.35 -1.01798e-05)
(40.0002 5.35 -1.02721e-05)
(40.0002 5.35 -1.03647e-05)
(40.0002 5.35 -1.04571e-05)
(40.0002 5.35 -1.05504e-05)
(40.0002 5.35 -1.06479e-05)
(40.0002 5.35 -1.07653e-05)
(40.0002 5.35 -8.36363e-06)
(40.0002 5.35 -8.2603e-06)
(40.0002 5.35 -8.14612e-06)
(40.0002 5.35 -8.01946e-06)
(40.0002 5.35 -7.87858e-06)
(40.0002 5.35 -7.72157e-06)
(40.0002 5.35 -7.54625e-06)
(40.0002 5.35 -7.35016e-06)
(40.0002 5.35 -7.13049e-06)
(40.0002 5.35 -6.88405e-06)
(40.0002 5.35 -6.6072e-06)
(40.0002 5.35 -6.2958e-06)
(40.0002 5.35 -5.94515e-06)
(40.0002 5.35 -5.54989e-06)
(40.0002 5.35 -5.10394e-06)
(40.0002 5.35 -4.60037e-06)
(40.0002 5.35 -4.03137e-06)
(40.0002 5.35 -3.38808e-06)
(40.0002 5.35 -2.66052e-06)
(40.0002 5.35 -1.83751e-06)
(40.0002 5.35 -9.06598e-07)
(40.0002 5.35 1.45941e-07)
(40.0002 5.35 1.33506e-06)
(40.0002 5.35 2.67672e-06)
(40.0002 5.35 4.18756e-06)
(40.0002 5.35 5.88418e-06)
(40.0002 5.35 7.78217e-06)
(40.0002 5.35 9.89449e-06)
(40.0002 5.35 1.22292e-05)
(40.0002 5.35 1.47864e-05)
(40.0002 5.35 1.7554e-05)
(40.0002 5.35 2.05028e-05)
(40.0001 5.35 2.35807e-05)
(40.0001 5.35001 2.67068e-05)
(40.0001 5.35001 2.97668e-05)
(40.0001 5.35001 3.26119e-05)
(40.0001 5.35001 3.50632e-05)
(40.0001 5.35001 3.69242e-05)
(40.0001 5.35001 3.80037e-05)
(40.0001 5.35001 3.81464e-05)
(40 5.35001 3.72664e-05)
(40 5.35001 3.53776e-05)
(40 5.35001 3.26063e-05)
(40 5.35001 2.91825e-05)
(39.9999 5.35001 2.54101e-05)
(39.9999 5.35 2.16146e-05)
(39.9999 5.35 1.81208e-05)
(39.9999 5.35 1.51489e-05)
(39.9999 5.35 1.31248e-05)
(39.9999 5.35 1.16547e-05)
(40.0002 5.35 8.62254e-06)
(40.0002 5.35 8.52648e-06)
(40.0002 5.35 8.41942e-06)
(40.0002 5.35 8.29976e-06)
(40.0002 5.35 8.16578e-06)
(40.0002 5.35 8.01556e-06)
(40.0002 5.35 7.8469e-06)
(40.0002 5.35 7.65731e-06)
(40.0002 5.35 7.44396e-06)
(40.0002 5.35 7.20363e-06)
(40.0002 5.35 6.93264e-06)
(40.0002 5.35 6.62684e-06)
(40.0002 5.35 6.28146e-06)
(40.0002 5.35 5.89112e-06)
(40.0002 5.35 5.44966e-06)
(40.0002 5.35 4.95014e-06)
(40.0002 5.35 4.38465e-06)
(40.0002 5.35 3.74427e-06)
(40.0002 5.35 3.01894e-06)
(40.0002 5.35 2.19741e-06)
(40.0002 5.35 1.26713e-06)
(40.0002 5.35 2.14258e-07)
(40.0002 5.35 -9.76251e-07)
(40.0002 5.35 -2.32049e-06)
(40.0002 5.35 -3.8352e-06)
(40.0002 5.35 -5.53714e-06)
(40.0002 5.35 -7.442e-06)
(40.0002 5.35 -9.56287e-06)
(40.0002 5.35 -1.19079e-05)
(40.0002 5.35 -1.44773e-05)
(40.0002 5.35 -1.72591e-05)
(40.0002 5.35 -2.02241e-05)
(40.0001 5.35 -2.33201e-05)
(40.0001 5.35001 -2.6466e-05)
(40.0001 5.35001 -2.95475e-05)
(40.0001 5.35001 -3.24154e-05)
(40.0001 5.35001 -3.48903e-05)
(40.0001 5.35001 -3.67754e-05)
(40.0001 5.35001 -3.78786e-05)
(40.0001 5.35001 -3.80441e-05)
(40 5.35001 -3.71854e-05)
(40 5.35001 -3.53157e-05)
(40 5.35001 -3.2561e-05)
(40 5.35001 -2.91511e-05)
(39.9999 5.35001 -2.53898e-05)
(39.9999 5.35 -2.1603e-05)
(39.9999 5.35 -1.81159e-05)
(39.9999 5.35 -1.51498e-05)
(39.9999 5.35 -1.31291e-05)
(39.9999 5.35 -1.16665e-05)
(40.0002 5.35 8.7137e-06)
(40.0002 5.35 8.803e-06)
(40.0002 5.35 8.89228e-06)
(40.0002 5.35 8.9813e-06)
(40.0002 5.35 9.07014e-06)
(40.0002 5.35 9.15876e-06)
(40.0002 5.35 9.24719e-06)
(40.0002 5.35 9.33541e-06)
(40.0002 5.35 9.42343e-06)
(40.0002 5.35 9.51125e-06)
(40.0002 5.35 9.59887e-06)
(40.0002 5.35 9.68633e-06)
(40.0002 5.35 9.77352e-06)
(40.0002 5.35 9.86053e-06)
(40.0002 5.35 9.94733e-06)
(40.0002 5.35 1.0034e-05)
(40.0002 5.35 1.01204e-05)
(40.0002 5.35 1.02067e-05)
(40.0002 5.35 1.02933e-05)
(40.0002 5.35 1.03787e-05)
(40.0002 5.35 1.04642e-05)
(40.0002 5.35 1.05499e-05)
(40.0002 5.35 1.06364e-05)
(40.0002 5.35 1.07276e-05)
(40.0002 5.35 1.08403e-05)
(40.0002 5.36775 1.23958e-05)
(40.0002 5.40396 1.33991e-05)
(40.0002 5.44161 1.4757e-05)
(40.0002 5.48074 1.59736e-05)
(40.0002 5.52143 1.7156e-05)
(40.0002 5.56371 1.82956e-05)
(40.0002 5.60767 1.93962e-05)
(40.0002 5.65335 2.04619e-05)
(40.0002 5.70082 2.14934e-05)
(40.0001 5.75015 2.24916e-05)
(40.0001 5.8014 2.34562e-05)
(40.0001 5.85464 2.43862e-05)
(40.0001 5.90994 2.52801e-05)
(40.0001 5.96737 2.61357e-05)
(40.0001 6.027 2.69504e-05)
(40.0001 6.0889 2.77212e-05)
(40.0001 6.15316 2.84447e-05)
(40.0001 6.21983 2.91173e-05)
(40.0001 6.289 2.97348e-05)
(40.0001 6.36074 3.02932e-05)
(40.0001 6.43513 3.0788e-05)
(40.0001 6.51222 3.12145e-05)
(40.0001 6.59211 3.15681e-05)
(40.0001 6.67484 3.18441e-05)
(40.0001 6.76049 3.20378e-05)
(40.0001 6.84912 3.21444e-05)
(40.0001 6.94078 3.21595e-05)
(40.0001 7.03552 3.20788e-05)
(40.0001 7.13338 3.18983e-05)
(40.0001 7.2344 3.16145e-05)
(40.0001 7.3386 3.12244e-05)
(40.0001 7.44598 3.07257e-05)
(40.0001 7.55654 3.01167e-05)
(40.0001 7.67026 2.93966e-05)
(40.0001 7.78709 2.85658e-05)
(40 7.90698 2.76257e-05)
(40 8.02983 2.65787e-05)
(40 8.15551 2.54291e-05)
(40 8.28389 2.41824e-05)
(40 8.41475 2.28455e-05)
(40 8.54789 2.14272e-05)
(40 8.683 1.99381e-05)
(40 8.81974 1.83905e-05)
(40 8.95773 1.67983e-05)
(40 9.0965 1.51774e-05)
(40 9.23551 1.35452e-05)
(40 9.37413 1.19208e-05)
(40 9.51164 1.03246e-05)
(40 9.64724 8.77783e-06)
(40 9.78001 7.3024e-06)
(40 9.9089 5.9204e-06)
(40 10.0327 4.65331e-06)
(40 10.1502 3.52091e-06)
(40 10.2598 2.54027e-06)
(40 10.3599 1.72437e-06)
(40 10.4489 1.08029e-06)
(40 10.5246 6.06679e-07)
(40 10.585 2.91525e-07)
(40 10.6277 1.10738e-07)
(40 10.6503 2.4936e-08)
)
;
    }
    outlet
    {
        type            freestreamVelocity;
        freestreamValue uniform (40 10.7 0);
        value           nonuniform List<vector> 
120
(
(39.9844 1.18794e-15 -5.22526e-07)
(39.9843 0 -4.80963e-07)
(39.9842 0 -4.32189e-07)
(39.984 0 -3.74141e-07)
(39.9838 0 -3.03731e-07)
(39.9834 0 -2.17852e-07)
(39.983 0 -1.1235e-07)
(39.9824 0 1.81872e-08)
(39.9816 0 1.81207e-07)
(39.9807 1.18794e-15 3.86589e-07)
(39.9795 1.18794e-15 6.47918e-07)
(39.9781 1.78191e-15 9.83463e-07)
(39.9763 3.56382e-15 1.41839e-06)
(39.9742 6.53366e-15 1.98685e-06)
(39.9717 1.24734e-14 2.73579e-06)
(39.9688 2.25708e-14 3.72879e-06)
(39.9653 4.27658e-14 5.05226e-06)
(39.9614 7.781e-14 6.82152e-06)
(39.9568 1.40771e-13 9.18898e-06)
(39.9517 2.56001e-13 1.23494e-05)
(39.9462 4.58544e-13 1.65416e-05)
(39.9406 8.13738e-13 2.2031e-05)
(39.9353 1.41662e-12 2.90533e-05)
(39.9314 2.38004e-12 3.76605e-05)
(39.9307 3.77111e-12 4.74064e-05)
(39.9363 5.42472e-12 5.6861e-05)
(39.9528 6.32459e-12 6.14186e-05)
(39.9835 4.29559e-12 5.06489e-05)
(40.0007 3.0536e-12 4.27107e-05)
(40.0013 3.32029e-12 4.45483e-05)
(40.0001 3.22525e-12 4.39049e-05)
(39.9991 3.41354e-12 4.51656e-05)
(39.9985 3.2894e-12 4.43343e-05)
(39.9982 3.48957e-12 4.56633e-05)
(39.9983 3.40641e-12 4.51152e-05)
(39.9986 3.57985e-12 4.62552e-05)
(39.999 3.55906e-12 4.61188e-05)
(39.9994 3.71587e-12 4.71249e-05)
(39.9998 3.75567e-12 4.73804e-05)
(40.0001 3.91723e-12 4.83874e-05)
(40.0004 4.01523e-12 4.8992e-05)
(40.0005 4.20233e-12 5.01183e-05)
(40.0006 4.36092e-12 5.10564e-05)
(40.0006 4.59019e-12 5.23829e-05)
(40.0006 4.81531e-12 5.36557e-05)
(40.0006 5.10041e-12 5.52206e-05)
(40.0006 5.39621e-12 5.68026e-05)
(40.0006 5.73596e-12 5.85672e-05)
(40.0006 6.09234e-12 6.036e-05)
(40.0006 6.45645e-12 6.21377e-05)
(40.0006 6.83362e-12 6.39286e-05)
(40.0005 7.11635e-12 6.52374e-05)
(40.0005 7.42996e-12 6.66596e-05)
(40.0005 7.37354e-12 6.64065e-05)
(40.0004 7.4656e-12 6.68236e-05)
(40.0004 6.61325e-12 6.28929e-05)
(40.0003 6.1357e-12 6.05801e-05)
(40.0002 4.2445e-12 5.03863e-05)
(40 2.67702e-12 4.00143e-05)
(39.9997 9.08773e-13 2.33094e-05)
(39.9844 1.18794e-15 -5.59664e-07)
(39.9843 1.18794e-15 -5.98941e-07)
(39.9842 1.18794e-15 -6.47102e-07)
(39.984 1.18794e-15 -7.05543e-07)
(39.9838 1.18794e-15 -7.76223e-07)
(39.9834 1.18794e-15 -8.6234e-07)
(39.983 1.78191e-15 -9.68058e-07)
(39.9824 1.78191e-15 -1.09897e-06)
(39.9816 2.96985e-15 -1.26241e-06)
(39.9806 3.56382e-15 -1.4684e-06)
(39.9795 4.75175e-15 -1.73039e-06)
(39.978 7.7216e-15 -2.06683e-06)
(39.9763 1.06914e-14 -2.50277e-06)
(39.9742 1.60372e-14 -3.07254e-06)
(39.9717 2.37588e-14 -3.82297e-06)
(39.9688 3.9202e-14 -4.81783e-06)
(39.9653 6.29607e-14 -6.14343e-06)
(39.9613 1.04539e-13 -7.91528e-06)
(39.9568 1.77003e-13 -1.02857e-05)
(39.9517 3.03518e-13 -1.34496e-05)
(39.9462 5.21505e-13 -1.76458e-05)
(39.9405 8.97488e-13 -2.31402e-05)
(39.9353 1.5271e-12 -3.01683e-05)
(39.9314 2.52378e-12 -3.87823e-05)
(39.9307 3.95287e-12 -4.85353e-05)
(39.9362 5.6439e-12 -5.79966e-05)
(39.9528 6.56158e-12 -6.256e-05)
(39.9835 4.49338e-12 -5.17997e-05)
(40.0006 3.21991e-12 -4.38611e-05)
(40.0013 3.49729e-12 -4.57207e-05)
(40.0001 3.3975e-12 -4.50606e-05)
(39.9991 3.5953e-12 -4.63499e-05)
(39.9984 3.46344e-12 -4.54918e-05)
(39.9982 3.67429e-12 -4.68559e-05)
(39.9982 3.5846e-12 -4.62837e-05)
(39.9985 3.76933e-12 -4.74566e-05)
(39.9989 3.74379e-12 -4.72984e-05)
(39.9994 3.90772e-12 -4.83242e-05)
(39.9998 3.94574e-12 -4.85582e-05)
(40.0001 4.11146e-12 -4.95715e-05)
(40.0003 4.20887e-12 -5.01583e-05)
(40.0005 4.40012e-12 -5.12835e-05)
(40.0006 4.5599e-12 -5.22078e-05)
(40.0006 4.79274e-12 -5.35257e-05)
(40.0006 5.01963e-12 -5.47832e-05)
(40.0006 5.30771e-12 -5.63295e-05)
(40.0006 5.60529e-12 -5.78908e-05)
(40.0006 5.94623e-12 -5.96269e-05)
(40.0006 6.30261e-12 -6.13908e-05)
(40.0006 6.66493e-12 -6.31291e-05)
(40.0006 7.03794e-12 -6.48776e-05)
(40.0005 7.31295e-12 -6.61326e-05)
(40.0005 7.61706e-12 -6.7494e-05)
(40.0005 7.54282e-12 -6.71659e-05)
(40.0004 7.61766e-12 -6.75015e-05)
(40.0004 6.73383e-12 -6.3462e-05)
(40.0003 6.23252e-12 -6.10532e-05)
(40.0002 4.29737e-12 -5.06999e-05)
(40 2.70731e-12 -4.02441e-05)
(39.9997 9.10555e-13 -2.3333e-05)
)
;
    }
    back
    {
        type            empty;
    }
    front
    {
        type            empty;
    }
}


// ************************************************************************* //
