/*--------------------------------*- C++ -*----------------------------------*\
  =========                 |
  \\      /  F ield         | OpenFOAM: The Open Source CFD Toolbox
   \\    /   O peration     | Website:  https://openfoam.org
    \\  /    A nd           | Version:  12
     \\/     M anipulation  |
\*---------------------------------------------------------------------------*/
FoamFile
{
    format      ascii;
    class       volScalarField;
    location    "350";
    object      k;
}
// * * * * * * * * * * * * * * * * * * * * * * * * * * * * * * * * * * * * * //

dimensions      [0 2 -2 0 0 0 0];

internalField   nonuniform List<scalar> 
48000
(
0.000190939
9.40908e-05
7.73167e-05
6.15272e-05
5.36544e-05
4.71093e-05
4.276e-05
3.98477e-05
3.77813e-05
3.61426e-05
3.48427e-05
3.38209e-05
3.30291e-05
3.23767e-05
3.18441e-05
3.14713e-05
3.12291e-05
3.11206e-05
3.11406e-05
3.12894e-05
3.15633e-05
3.19068e-05
3.22615e-05
3.26333e-05
3.30644e-05
3.35375e-05
3.40342e-05
3.45197e-05
3.49982e-05
3.54773e-05
3.59379e-05
3.63654e-05
3.67546e-05
3.71321e-05
3.75045e-05
3.78682e-05
3.82384e-05
3.85844e-05
3.88907e-05
3.91951e-05
3.94396e-05
3.96305e-05
3.98185e-05
3.99974e-05
4.00669e-05
3.99787e-05
3.97605e-05
3.9383e-05
3.8767e-05
3.77005e-05
3.59164e-05
3.32527e-05
2.95349e-05
2.48562e-05
1.9487e-05
1.39622e-05
9.05009e-06
5.42271e-06
3.11759e-06
1.78912e-06
1.05411e-06
6.45904e-07
4.1201e-07
2.73236e-07
1.87888e-07
1.33396e-07
9.72839e-08
7.24343e-08
5.45677e-08
4.09794e-08
3.0762e-08
2.29278e-08
1.6589e-08
1.20312e-08
8.98387e-09
7.09201e-09
5.99156e-09
5.55484e-09
5.65076e-09
2.12614e-08
0.00600998
0.00296192
0.00243389
0.00193682
0.00168898
0.00148293
0.001346
0.00125431
0.00118926
0.00113766
0.00109673
0.00106455
0.00103961
0.00101906
0.00100228
0.000990528
0.000982883
0.00097945
0.000980054
0.000984713
0.000993308
0.0010041
0.00101524
0.00102691
0.00104046
0.00105534
0.00107097
0.00108624
0.0011013
0.00111641
0.00113094
0.00114442
0.00115673
0.00116866
0.00118042
0.00119191
0.0012036
0.00121451
0.00122416
0.00123376
0.00124146
0.00124748
0.00125341
0.00125905
0.00126124
0.00125846
0.00125159
0.0012397
0.00122029
0.00118667
0.00113043
0.00104648
0.000929328
0.000781925
0.000612817
0.000438875
0.000284317
0.00017027
9.78521e-05
5.61437e-05
3.30771e-05
2.02693e-05
1.29307e-05
8.57647e-06
5.89843e-06
4.18842e-06
3.05505e-06
2.27499e-06
1.71391e-06
1.28708e-06
9.66172e-07
7.20002e-07
5.2087e-07
3.77968e-07
2.82619e-07
2.23606e-07
1.89537e-07
1.76628e-07
1.8815e-07
6.75671e-07
0.0492806
0.0243009
0.0199716
0.0158949
0.0138634
0.012175
0.0110524
0.0102997
0.00976555
0.00934182
0.00900566
0.00874133
0.00853644
0.00836758
0.00822968
0.00813306
0.00807011
0.00804177
0.00804654
0.00808459
0.00815495
0.00824333
0.00833456
0.00843025
0.00854137
0.00866338
0.00879159
0.00891689
0.00904066
0.00916489
0.00928444
0.00939545
0.00949689
0.00959532
0.00969225
0.00978691
0.00988311
0.00997284
0.0100523
0.0101312
0.0101945
0.010244
0.0102928
0.0103392
0.0103572
0.0103345
0.010278
0.0101803
0.0100207
0.00974424
0.00928178
0.00859148
0.00762835
0.00641681
0.00502727
0.00359861
0.00232996
0.00139459
0.00080112
0.000459555
0.00027074
0.000165919
0.000105861
7.02252e-05
4.83062e-05
3.43088e-05
2.50301e-05
1.86424e-05
1.40459e-05
1.05481e-05
7.91859e-06
5.90023e-06
4.26782e-06
3.09903e-06
2.32109e-06
1.84154e-06
1.56748e-06
1.47123e-06
1.6438e-06
5.55517e-06
0.20746
0.102785
0.0846443
0.0675571
0.0591911
0.052326
0.0477105
0.0444894
0.0421853
0.0403571
0.0389063
0.0377652
0.0368807
0.0361515
0.0355558
0.0351382
0.0348659
0.0347428
0.0347625
0.034926
0.0352289
0.0356094
0.0360023
0.0364145
0.0368935
0.0374197
0.0379727
0.0385131
0.0390478
0.039585
0.0401023
0.0405829
0.0410228
0.0414499
0.0418701
0.0422804
0.0426971
0.0430853
0.0434293
0.0437706
0.0440445
0.0442591
0.0444704
0.0446713
0.0447494
0.0446516
0.0444084
0.0439868
0.0432975
0.0421024
0.0401032
0.0371186
0.0329544
0.0277162
0.0217089
0.0155336
0.0100523
0.00601371
0.00345318
0.00198047
0.00116673
0.000715069
0.000456288
0.000302736
0.000208284
0.000147961
0.000107969
8.04315e-05
6.06057e-05
4.55085e-05
3.41457e-05
2.53982e-05
1.83166e-05
1.32637e-05
9.91978e-06
7.87545e-06
6.72535e-06
6.36464e-06
7.45383e-06
2.35646e-05
0.611865
0.309105
0.256456
0.205876
0.1811
0.160858
0.147136
0.13731
0.130244
0.124632
0.120176
0.116669
0.11395
0.111707
0.109874
0.108588
0.107748
0.107367
0.107425
0.107926
0.108856
0.110024
0.11123
0.112496
0.113968
0.115586
0.117287
0.118948
0.120595
0.122252
0.123849
0.125334
0.126696
0.128019
0.12932
0.13059
0.131879
0.133079
0.134143
0.135197
0.136044
0.136709
0.137364
0.137987
0.138232
0.137936
0.137194
0.135902
0.133785
0.130109
0.123952
0.114751
0.101902
0.0857253
0.0671563
0.0480539
0.0310912
0.018594
0.0106735
0.00612006
0.00360509
0.00220946
0.00140986
0.000935434
0.000643615
0.000457242
0.000333682
0.000248592
0.000187308
0.000140608
0.000105416
7.82358e-05
5.62077e-05
4.05539e-05
3.02636e-05
2.40336e-05
2.0593e-05
1.96774e-05
2.40852e-05
7.08501e-05
1.41958
0.749853
0.629107
0.509753
0.450806
0.402517
0.369494
0.345389
0.327963
0.314094
0.303065
0.294374
0.287629
0.282058
0.277499
0.274301
0.272211
0.271262
0.271405
0.272653
0.274969
0.277881
0.280882
0.284032
0.2877
0.291732
0.295971
0.30011
0.304221
0.308367
0.312368
0.316091
0.319519
0.322853
0.326126
0.329323
0.332568
0.335585
0.338262
0.340915
0.343047
0.344729
0.34639
0.347977
0.348621
0.347924
0.346118
0.342948
0.33773
0.328619
0.31329
0.290306
0.258102
0.217422
0.170555
0.12218
0.0791071
0.0473218
0.027162
0.0155712
0.0091703
0.00561892
0.00358449
0.00237764
0.00163549
0.00116161
0.000847524
0.000631266
0.000475498
0.00035673
0.000267143
0.000197748
0.000141466
0.000101663
7.56879e-05
6.01285e-05
5.17108e-05
4.99585e-05
6.35806e-05
0.000172969
2.68376
1.53078
1.30779
1.07747
0.96161
0.865551
0.799027
0.749582
0.713588
0.684812
0.661848
0.643701
0.629601
0.617926
0.608344
0.601634
0.597254
0.595283
0.595618
0.598302
0.603258
0.609469
0.615855
0.622552
0.630355
0.638935
0.647954
0.656749
0.665511
0.67437
0.682938
0.690926
0.698322
0.705523
0.71259
0.719499
0.726513
0.733032
0.738826
0.744567
0.749202
0.752893
0.756556
0.760092
0.761641
0.760384
0.756806
0.75037
0.739635
0.72064
0.688309
0.639408
0.570291
0.482195
0.37974
0.273022
0.177263
0.106214
0.0610034
0.0349702
0.0205871
0.0126073
0.00803692
0.005327
0.00366147
0.00259867
0.00189472
0.00141037
0.00106164
0.000795636
0.00059487
0.000439015
0.000312574
0.000223682
0.00016613
0.000132052
0.000114028
0.0001115
0.000146395
0.000365461
4.23598
2.6617
2.33167
1.97043
1.78375
1.62553
1.51405
1.42955
1.36744
1.31742
1.27726
1.24539
1.2206
1.19997
1.18298
1.17115
1.16348
1.16014
1.16096
1.16607
1.17532
1.18683
1.1986
1.21092
1.22527
1.24103
1.25759
1.27371
1.28983
1.30619
1.32207
1.33693
1.35079
1.36433
1.37761
1.39062
1.40385
1.41615
1.42711
1.43798
1.44685
1.45404
1.46124
1.46832
1.47188
1.47047
1.46497
1.45441
1.43623
1.40306
1.34516
1.25594
1.12754
0.960818
0.763088
0.553162
0.361582
0.21763
0.125266
0.0718446
0.0422755
0.0258633
0.0164657
0.0108981
0.00747986
0.00530131
0.00386036
0.00287032
0.00215835
0.00161515
0.00120514
0.000886431
0.000627856
0.000447343
0.00033148
0.000263735
0.000228786
0.000226542
0.000303537
0.000688399
5.81196
3.99875
3.59767
3.13263
2.88608
2.67148
2.51759
2.39867
2.31038
2.2386
2.18059
2.13433
2.09839
2.06828
2.04338
2.02629
2.0154
2.01107
2.0131
2.02173
2.0368
2.05525
2.074
2.09352
2.11622
2.14112
2.16724
2.19261
2.21812
2.24417
2.26958
2.29352
2.31611
2.33825
2.35997
2.38134
2.40311
2.42338
2.44153
2.45959
2.47457
2.48703
2.49968
2.51248
2.52009
2.52043
2.51478
2.50174
2.47748
2.43027
2.3437
2.20599
2.00156
1.72774
1.39228
1.0244
0.678403
0.412127
0.238403
0.136957
0.0805573
0.0492093
0.0312623
0.020643
0.0141346
0.00999565
0.00726475
0.00539316
0.00405039
0.00302581
0.00225288
0.00165191
0.00116387
0.000825823
0.000610838
0.000486903
0.000424753
0.000425802
0.000574028
0.00116816
7.24988
5.34007
4.91289
4.39757
4.1207
3.87423
3.69561
3.55572
3.45117
3.36557
3.29606
3.24051
3.19768
3.16154
3.13154
3.11162
3.09939
3.09556
3.09989
3.11288
3.13437
3.16014
3.18605
3.21288
3.24399
3.278
3.31366
3.34823
3.38331
3.4194
3.45487
3.48864
3.52097
3.5528
3.58406
3.615
3.64657
3.676
3.70251
3.729
3.75142
3.77061
3.79041
3.81107
3.82551
3.83108
3.82939
3.81882
3.79465
3.74081
3.63324
3.45363
3.17524
2.78659
2.28993
1.72126
1.16317
0.717655
0.418884
0.241448
0.141981
0.0865374
0.0547969
0.036053
0.0245985
0.01734
0.0125704
0.00931548
0.0069901
0.00521528
0.00387812
0.00283889
0.00199128
0.00140868
0.00104162
0.000833523
0.000732723
0.000742752
0.000990235
0.00178344
8.50692
6.55476
6.12528
5.60112
5.31989
5.06631
4.88256
4.73818
4.63025
4.54175
4.46987
4.4126
4.36925
4.33243
4.30186
4.28272
4.27185
4.27035
4.27798
4.29552
4.323
4.35519
4.38716
4.42007
4.45812
4.49959
4.54311
4.58535
4.62868
4.67367
4.71838
4.76146
4.80334
4.84477
4.88551
4.92608
4.96751
5.00609
5.04099
5.07601
5.10616
5.13258
5.16024
5.19003
5.21356
5.22769
5.23427
5.23179
5.21527
5.16507
5.04972
4.84441
4.50945
4.0206
3.36915
2.5909
1.79252
1.12759
0.665893
0.385408
0.226385
0.137442
0.0865708
0.0566424
0.0384467
0.0269874
0.0195085
0.0144408
0.0108476
0.00810158
0.00603589
0.00443039
0.00310292
0.00219547
0.00162842
0.00131375
0.0011683
0.00119483
0.00154529
0.00243208
9.57772
7.60484
7.17453
6.65844
6.38458
6.13727
5.95983
5.82141
5.71859
5.63466
5.56684
5.51327
5.47399
5.44054
5.41278
5.39707
5.38942
5.39138
5.40268
5.42442
5.45692
5.49424
5.53084
5.56832
5.6116
5.65862
5.70817
5.75647
5.8066
5.85919
5.9121
5.96368
6.01452
6.06495
6.11458
6.16426
6.2149
6.26187
6.30437
6.34712
6.38424
6.41714
6.45212
6.49095
6.52417
6.54813
6.56485
6.57316
6.56811
6.52716
6.41199
6.19138
5.81314
5.23897
4.44798
3.47328
2.45042
1.56777
0.935324
0.542859
0.318022
0.19199
0.120044
0.0779184
0.0524651
0.0365472
0.0262354
0.0193035
0.014443
0.0108603
0.00818044
0.00608875
0.00429091
0.00305903
0.00229207
0.00187923
0.00170175
0.00175063
0.00215584
0.00294352
10.443
8.50188
8.06345
7.55515
7.28876
7.05042
6.88215
6.75312
6.6582
6.58161
6.52035
6.47267
6.43934
6.41102
6.38755
6.37631
6.37253
6.37821
6.39299
6.41832
6.45488
6.4963
6.53639
6.57734
6.62459
6.67581
6.73015
6.78349
6.83948
6.89878
6.95915
7.01857
7.07772
7.13639
7.19409
7.25204
7.31086
7.36499
7.41375
7.46273
7.50515
7.54274
7.58335
7.62978
7.67136
7.7038
7.72929
7.74687
7.75131
7.71704
7.5993
7.35989
6.94518
6.30141
5.39456
4.25359
3.03522
1.96038
1.17449
0.680287
0.395848
0.236824
0.146542
0.0940935
0.0626828
0.0432216
0.0307325
0.0224185
0.0166603
0.0125038
0.00940692
0.00702471
0.00507907
0.0037048
0.00284041
0.00239836
0.00223482
0.00230711
0.0026658
0.00316484
11.0814
9.26474
8.81701
8.31052
8.04608
7.81322
7.65168
7.53079
7.4436
7.37455
7.32004
7.27844
7.25114
7.22814
7.20905
7.20218
7.20203
7.21105
7.2287
7.25688
7.2966
7.34118
7.38382
7.42731
7.47759
7.53217
7.59053
7.6483
7.70955
7.77492
7.84209
7.90865
7.97527
8.04108
8.10569
8.17069
8.23625
8.29591
8.34901
8.40216
8.44746
8.48713
8.53073
8.58208
8.62872
8.66553
8.69501
8.71582
8.72127
8.68545
8.56042
8.29872
7.83789
7.11355
6.0879
4.79475
3.41706
2.20064
1.31023
0.751282
0.431565
0.254746
0.15548
0.0985128
0.0648132
0.044182
0.0310909
0.0224694
0.0165638
0.0123553
0.009214
0.00685192
0.00494254
0.00379951
0.00313916
0.00280155
0.00267735
0.00274037
0.00297646
0.00320283
11.5
9.90027
9.45532
8.94892
8.68123
8.44848
8.28887
8.17252
8.09006
8.02646
7.9773
7.9409
7.91894
7.9009
7.88589
7.883
7.8861
7.89805
7.91806
7.9486
7.9909
8.03806
8.08275
8.12841
8.18113
8.23839
8.30009
8.36169
8.42753
8.49815
8.57118
8.64385
8.71661
8.78795
8.85782
8.92819
8.99863
9.06174
9.11682
9.17151
9.21646
9.25445
9.29656
9.34711
9.39278
9.42893
9.45693
9.47428
9.47099
9.41711
9.26199
8.95127
8.41257
7.57346
6.40424
4.96373
3.47252
2.19151
1.27795
0.718136
0.404704
0.234614
0.140863
0.0879681
0.0571597
0.0385577
0.0268937
0.0192865
0.0141153
0.0104694
0.00769945
0.00582899
0.00452749
0.00375508
0.00329969
0.00305615
0.00296094
0.00299081
0.00309024
0.00313049
11.7299
10.4064
9.9848
9.48515
9.21373
8.97763
8.81546
8.69949
8.61882
8.55859
8.51325
8.48101
8.46357
8.4499
8.43851
8.43912
8.44498
8.4593
8.48105
8.51338
8.55756
8.6065
8.65254
8.69978
8.75412
8.81323
8.87733
8.94189
9.01127
9.08587
9.16327
9.24053
9.31757
9.39232
9.46539
9.53913
9.61233
9.67606
9.72898
9.78013
9.8204
9.85291
9.88779
9.92794
9.9625
9.98794
10.0044
10.0063
9.97823
9.88454
9.66947
9.26991
8.60496
7.6007
6.25829
4.68744
3.1506
1.90719
1.07114
0.582883
0.320217
0.181697
0.107257
0.0661253
0.042577
0.0285553
0.0198565
0.0142249
0.0104017
0.00780745
0.00602192
0.00485053
0.0040731
0.00360008
0.00331085
0.00314788
0.00307674
0.00307388
0.00307473
0.00301865
11.8068
10.7857
10.4042
9.92327
9.65357
9.41537
9.24895
9.13054
9.0493
8.99055
8.94757
8.91846
8.90472
8.89485
8.88655
8.8901
8.89806
8.91398
8.93664
8.97004
9.01521
9.0649
9.1114
9.15939
9.21429
9.27407
9.33922
9.40546
9.47686
9.55366
9.63348
9.71353
9.79276
9.86857
9.94217
10.0159
10.0876
10.1477
10.1932
10.2325
10.2603
10.2809
10.3032
10.3274
10.3443
10.3505
10.344
10.3142
10.2391
10.0748
9.75707
9.21267
8.35824
7.14795
5.62884
3.9906
2.51052
1.42145
0.754352
0.39371
0.21008
0.116807
0.068103
0.0417543
0.026909
0.0181748
0.012806
0.00936643
0.00713316
0.00566527
0.00469354
0.00406306
0.00364991
0.00338908
0.00322375
0.00312608
0.00307716
0.00305516
0.0030057
0.00293671
11.7634
11.0501
10.7184
10.2656
10.0048
9.76881
9.59997
9.47893
9.3963
9.33814
9.29662
9.26992
9.25915
9.25248
9.24661
9.25231
9.26141
9.27786
9.30044
9.33399
9.37903
9.42823
9.47403
9.52165
9.57573
9.63468
9.69925
9.76564
9.83732
9.91441
9.99448
10.0746
10.1531
10.2268
10.298
10.3679
10.4314
10.4804
10.5129
10.5365
10.5485
10.5535
10.5587
10.5614
10.5528
10.5289
10.4832
10.3988
10.2445
9.96568
9.48633
8.73739
7.65024
6.23154
4.57963
2.97073
1.69533
0.878061
0.435773
0.217903
0.113481
0.0624336
0.0364622
0.0226481
0.0149569
0.0104724
0.00775283
0.0060474
0.00496275
0.00426431
0.00381077
0.00351588
0.00332116
0.00319443
0.00311239
0.00306119
0.0030284
0.00299507
0.00292594
0.00289689
11.6249
11.2158
10.9362
10.5175
10.2716
10.0436
9.87612
9.75391
9.67038
9.61283
9.57253
9.5479
9.53963
9.53571
9.53161
9.53861
9.54772
9.56341
9.58479
9.61741
9.66104
9.7083
9.75209
9.79806
9.84988
9.90642
9.96851
10.0326
10.102
10.1768
10.2546
10.333
10.4089
10.4788
10.5436
10.6036
10.6539
10.688
10.7045
10.7101
10.7032
10.6883
10.67
10.643
10.5977
10.5273
10.4194
10.2475
9.96863
9.5179
8.82822
7.83749
6.50573
4.89569
3.23672
1.85112
0.931911
0.437039
0.20383
0.0989085
0.0511961
0.0285578
0.0172419
0.0112834
0.00798631
0.0060765
0.00492885
0.00422019
0.00377611
0.00349356
0.00331089
0.00319095
0.0031112
0.00305888
0.00302377
0.00299707
0.00296809
0.00292415
0.00288222
0.00287941
11.4171
11.2986
11.0695
10.6865
10.4597
10.2445
10.0827
9.96195
9.87922
9.82327
9.78471
9.76238
9.75641
9.75502
9.75211
9.75956
9.76737
9.78085
9.79982
9.83034
9.87128
9.91521
9.955
9.99674
10.0438
10.0955
10.153
10.2132
10.2788
10.3502
10.4248
10.4994
10.5705
10.6341
10.6902
10.7379
10.7726
10.7893
10.7869
10.7709
10.7405
10.6986
10.6473
10.578
10.4787
10.3383
10.135
9.82972
9.37801
8.71515
7.78317
6.51958
4.96451
3.31671
1.88902
0.920132
0.403951
0.173657
0.0780402
0.0379624
0.0203593
0.0121391
0.00805722
0.00591193
0.00472588
0.00404155
0.00363383
0.00338535
0.00323128
0.00313357
0.00306993
0.00302765
0.00299931
0.00297943
0.00296139
0.00294035
0.00290727
0.00287917
0.00286352
0.00286941
11.1586
11.314
11.1315
10.7842
10.5771
10.3774
10.2253
10.1089
10.0292
9.97654
9.94096
9.92177
9.91839
9.91965
9.9174
9.92451
9.92967
9.93931
9.95367
9.97963
10.0151
10.0529
10.0863
10.1219
10.1626
10.2084
10.2604
10.3156
10.3766
10.4437
10.5141
10.5838
10.6485
10.704
10.7493
10.7825
10.7991
10.7951
10.7697
10.727
10.6661
10.5876
10.4902
10.3609
10.1834
9.93923
9.59712
9.1233
8.46521
7.55666
6.33999
4.84439
3.24377
1.83394
0.86328
0.352676
0.137678
0.0565936
0.0258996
0.0135555
0.00821083
0.00572078
0.0044817
0.00382915
0.00346893
0.00326249
0.00314067
0.00306687
0.00302065
0.00299032
0.00296922
0.00295359
0.0029405
0.0029271
0.00290815
0.0028878
0.00287085
0.00285918
0.00285387
0.00286145
10.8654
11.2758
11.1344
10.8216
10.6348
10.4515
10.3114
10.203
10.1284
10.0809
10.0499
10.035
10.0339
10.0359
10.0318
10.0352
10.0345
10.0384
10.0472
10.067
10.0948
10.1245
10.1498
10.1775
10.2108
10.2502
10.2971
10.3479
10.405
10.4683
10.5343
10.5984
10.6554
10.7006
10.7325
10.748
10.7424
10.713
10.6586
10.5815
10.4798
10.3506
10.1882
9.97358
9.68346
9.30095
8.79445
8.12336
7.21622
6.02718
4.58974
3.06295
1.71646
0.785323
0.299351
0.104874
0.0387717
0.0167193
0.00878795
0.00564457
0.00428289
0.00364556
0.00332717
0.00316036
0.00306932
0.00301681
0.00298468
0.00296353
0.002948
0.00293513
0.00292329
0.00291169
0.00289814
0.0028836
0.00287156
0.00286197
0.00285459
0.00284914
0.00284687
0.00285428
10.5535
11.1947
11.0883
10.8082
10.6415
10.4758
10.3491
10.2505
10.1828
10.1416
10.115
10.1013
10.0977
10.097
10.0888
10.0877
10.0816
10.0806
10.0827
10.0937
10.1116
10.1316
10.1483
10.1685
10.1956
10.2305
10.2741
10.3225
10.3774
10.4377
10.4991
10.5563
10.6035
10.6351
10.6491
10.6418
10.6082
10.5461
10.4536
10.3306
10.1732
9.97285
9.71848
9.38508
8.96037
8.41892
7.72004
6.80018
5.63009
4.25125
2.81602
1.56538
0.703149
0.254108
0.0801097
0.0261763
0.0106734
0.00587166
0.00418223
0.00351425
0.00322502
0.0030903
0.00302337
0.00298701
0.00296504
0.0029499
0.00293771
0.00292658
0.00291552
0.00290408
0.00289138
0.00287913
0.00286929
0.00286149
0.00285534
0.00285025
0.00284586
0.00284225
0.00284103
0.00284765
10.2343
11.0775
11.0008
10.7518
10.6039
10.4557
10.3427
10.2547
10.1939
10.1571
10.1327
10.1191
10.1119
10.1066
10.0932
10.087
10.0755
10.0669
10.0605
10.0618
10.0697
10.0807
10.0908
10.1062
10.1302
10.1636
10.2066
10.2546
10.3083
10.3656
10.4208
10.4684
10.5015
10.5143
10.5039
10.4664
10.396
10.2909
10.1471
9.9617
9.72695
9.42659
9.05388
8.58843
8.01139
7.27573
6.33813
5.18444
3.86846
2.53697
1.40135
0.626147
0.221806
0.0638517
0.0181191
0.00712943
0.00430798
0.00346209
0.00316666
0.00305013
0.00299904
0.00297269
0.00295728
0.00294596
0.0029359
0.00292587
0.00291536
0.0029041
0.00289189
0.00288002
0.00287018
0.00286242
0.00285638
0.00285142
0.00284714
0.00284325
0.00283967
0.00283677
0.00283596
0.0028415
9.91539
10.9291
10.8778
10.6582
10.5272
10.3947
10.2941
10.2163
10.1634
10.131
10.1076
10.0928
10.0807
10.07
10.0514
10.0375
10.0185
10.0012
9.9865
9.9796
9.98016
9.98538
9.99216
10.0064
10.0306
10.0652
10.1094
10.1576
10.2094
10.2616
10.307
10.3397
10.3525
10.3386
10.2947
10.2167
10.0978
9.93556
9.72226
9.45072
9.111
8.69739
8.19387
7.57865
6.80604
5.85007
4.71629
3.46884
2.24916
1.2369
0.555801
0.198979
0.0536579
0.0136094
0.00520564
0.003555
0.00315236
0.00303211
0.00298868
0.00296874
0.00295718
0.00294814
0.00293949
0.00293035
0.00292048
0.00290983
0.00289837
0.00288617
0.00287569
0.00286696
0.00285998
0.00285435
0.00284962
0.00284544
0.00284161
0.00283803
0.00283475
0.00283221
0.00283147
0.00283584
9.59997
10.7544
10.7255
10.5336
10.4181
10.3002
10.2115
10.144
10.0987
10.0691
10.045
10.0269
10.0098
9.99169
9.96643
9.9443
9.918
9.89341
9.87288
9.86115
9.85808
9.86104
9.86777
9.88384
9.91057
9.94747
9.99276
10.0395
10.0863
10.1286
10.1583
10.1685
10.1518
10.1012
10.0123
9.88074
9.69715
9.4578
9.14989
8.77605
8.32275
7.78475
7.1258
6.3194
5.35106
4.24294
3.07093
1.96718
1.07924
0.491851
0.182151
0.0481376
0.0108091
0.00425594
0.00322292
0.00303461
0.00298745
0.00297056
0.00296141
0.00295389
0.00294622
0.00293781
0.00292854
0.00291847
0.00290764
0.00289606
0.00288477
0.00287501
0.00286673
0.00285988
0.0028542
0.00284932
0.00284497
0.002841
0.00283729
0.00283381
0.00283068
0.00282831
0.00282743
0.00283067
9.28882
10.5575
10.5487
10.3846
10.2848
10.1817
10.1046
10.0457
10.0047
9.97466
9.9476
9.92475
9.90166
9.87664
9.8456
9.81694
9.78557
9.75645
9.73303
9.71957
9.7159
9.71963
9.72834
9.74804
9.77806
9.81623
9.85988
9.90106
9.9373
9.9625
9.96818
9.94607
9.88862
9.78847
9.63964
9.43677
9.16633
8.83124
8.42268
7.93836
7.35898
6.6596
5.82228
4.84996
3.77688
2.68648
1.7
0.932253
0.433615
0.168136
0.0456802
0.00932403
0.00376049
0.00309
0.00299496
0.00297526
0.00296737
0.00296111
0.00295441
0.00294677
0.00293818
0.00292873
0.00291855
0.00290772
0.00289621
0.00288548
0.00287613
0.00286801
0.00286111
0.00285524
0.00285013
0.00284554
0.00284134
0.00283744
0.00283376
0.00283032
0.00282724
0.00282489
0.00282374
0.00282597
8.98392
10.3429
10.3528
10.2169
10.133
10.0435
9.97538
9.92105
9.8804
9.84817
9.81776
9.7908
9.76303
9.7331
9.69822
9.66528
9.63119
9.60018
9.5765
9.56356
9.56061
9.56717
9.57944
9.60297
9.63432
9.67035
9.70724
9.73687
9.75504
9.75409
9.72498
9.65802
9.54548
9.379
9.15007
8.85568
8.49242
8.056
7.53966
6.91907
6.18124
5.32126
4.35347
3.32599
2.32359
1.45286
0.798066
0.380401
0.1546
0.0444747
0.00868925
0.00351806
0.00303517
0.00298388
0.0029739
0.0029683
0.00296256
0.00295591
0.0029482
0.0029395
0.00292998
0.0029198
0.00290902
0.00289765
0.00288727
0.00287814
0.00287012
0.00286313
0.00285708
0.00285176
0.00284693
0.0028425
0.00283838
0.0028345
0.00283081
0.00282735
0.00282426
0.00282183
0.00282036
0.00282172
8.68895
10.1143
10.142
10.0325
9.96223
9.88288
9.81984
9.76758
9.72692
9.6936
9.66143
9.63195
9.60103
9.56784
9.53077
9.49561
9.461
9.43048
9.4088
9.39792
9.39725
9.4067
9.42171
9.4462
9.47482
9.50371
9.52747
9.53751
9.52787
9.48899
9.41115
9.28293
9.09648
8.84264
8.52434
8.13548
7.6754
7.1219
6.4643
5.69438
4.82
3.86828
2.8961
1.98728
1.22899
0.677682
0.331649
0.140186
0.042907
0.00845378
0.00340554
0.00301316
0.00298263
0.0029757
0.00297024
0.00296432
0.00295761
0.00294995
0.00294132
0.00293186
0.00292174
0.00291106
0.00289982
0.00288968
0.00288071
0.00287273
0.00286568
0.00285949
0.00285398
0.00284897
0.00284433
0.00284
0.00283592
0.00283202
0.0028283
0.00282479
0.00282164
0.00281905
0.00281724
0.00281785
8.4054
9.87003
9.91507
9.82766
9.76756
9.69569
9.63736
9.58829
9.54937
9.51647
9.48359
9.45249
9.41946
9.38437
9.34675
9.31151
9.27868
9.2507
9.2323
9.2239
9.22536
9.23582
9.25103
9.27218
9.29258
9.30744
9.30974
9.28969
9.23926
9.14654
9.00151
8.79084
8.51583
8.17275
7.76347
7.27246
6.68584
5.99411
5.20142
4.32345
3.39988
2.49342
1.68085
1.02984
0.571351
0.286814
0.124627
0.0398434
0.0081652
0.00334946
0.00300599
0.00298474
0.00297855
0.00297264
0.00296632
0.00295947
0.00295188
0.00294342
0.00293414
0.00292415
0.00291359
0.0029025
0.00289256
0.00288369
0.00287575
0.00286864
0.00286232
0.00285667
0.00285149
0.00284668
0.00284217
0.0028379
0.00283382
0.00282989
0.00282611
0.00282253
0.00281928
0.00281649
0.00281434
0.00281429
8.12824
9.60523
9.66676
9.59855
9.54782
9.48424
9.43222
9.38762
9.35116
9.31921
9.28618
9.25434
9.22043
9.18518
9.14891
9.11545
9.08565
9.06093
9.04542
9.03889
9.04113
9.05001
9.06103
9.07296
9.07808
9.06997
9.03938
8.97458
8.86536
8.69762
8.4661
8.16837
7.80436
7.3699
6.84802
6.2289
5.51151
4.70476
3.83654
2.95384
2.12152
1.40634
0.855441
0.478282
0.245046
0.107746
0.0347528
0.00755461
0.00329806
0.00300506
0.00298831
0.00298204
0.00297558
0.0029688
0.00296169
0.00295408
0.0029458
0.00293674
0.00292695
0.00291653
0.00290565
0.00289585
0.00288705
0.00287912
0.00287195
0.00286552
0.00285972
0.00285441
0.00284945
0.00284478
0.00284035
0.0028361
0.002832
0.00282802
0.00282416
0.00282049
0.00281711
0.0028141
0.00281162
0.00281099
7.85101
9.31853
9.39644
9.3474
9.30682
9.25237
9.20719
9.16732
9.13349
9.10305
9.07097
9.04002
9.00698
8.9731
8.93902
8.90781
8.88063
8.8589
8.84537
8.83904
8.83911
8.84235
8.84345
8.83868
8.8188
8.77487
8.69474
8.56475
8.37503
8.12222
7.80262
7.41802
6.95351
6.40077
5.75413
5.01777
4.20943
3.36379
2.53474
1.78359
1.1643
0.704761
0.39701
0.205396
0.0893541
0.0279165
0.00648652
0.00323184
0.0030065
0.00299268
0.0029861
0.00297918
0.00297197
0.00296453
0.00295678
0.00294856
0.00293973
0.00293019
0.00291998
0.00290926
0.00289954
0.00289076
0.00288281
0.00287558
0.00286903
0.0028631
0.00285765
0.00285256
0.00284775
0.00284317
0.00283877
0.00283452
0.00283039
0.00282634
0.0028224
0.00281862
0.00281509
0.00281185
0.00280904
0.0028079
7.5704
9.01328
9.10749
9.07737
9.04695
9.00182
8.96373
8.92902
8.89878
8.87117
8.8413
8.81208
8.78039
8.74796
8.71585
8.68684
8.66169
8.6414
8.62761
8.61868
8.61252
8.6044
8.5875
8.5551
8.49553
8.39711
8.2454
8.03478
7.75982
7.4215
7.00923
6.51497
5.93245
5.26364
4.51792
3.71992
2.91118
2.14654
1.48129
0.954271
0.575843
0.325886
0.167547
0.0702217
0.0204656
0.00519879
0.00315629
0.00300893
0.00299753
0.00299066
0.0029834
0.00297584
0.00296808
0.00296009
0.0029518
0.00294309
0.00293379
0.00292385
0.00291327
0.00290358
0.0028948
0.0028868
0.00287949
0.00287283
0.00286676
0.00286117
0.00285595
0.00285101
0.00284629
0.00284176
0.00283738
0.00283311
0.00282892
0.0028248
0.00282077
0.00281687
0.00281316
0.00280969
0.00280657
0.00280496
7.28373
8.69226
8.80195
8.79023
8.77001
8.73479
8.70481
8.67622
8.65041
8.62586
8.59813
8.57007
8.53965
8.50857
8.47784
8.44985
8.42508
8.40405
8.38692
8.37106
8.35235
8.32379
8.27636
8.19996
8.08006
7.90751
7.67549
7.38139
7.01889
6.57807
6.05347
5.4461
4.76155
4.01701
3.24263
2.48378
1.79297
1.21533
0.77464
0.466148
0.263111
0.13167
0.0515236
0.0137624
0.00418421
0.00309021
0.00301201
0.00300262
0.00299556
0.00298809
0.0029803
0.00297227
0.00296404
0.00295558
0.00294684
0.00293768
0.00292797
0.00291764
0.00290796
0.00289912
0.00289106
0.00288366
0.00287688
0.00287067
0.00286494
0.00285958
0.00285451
0.00284966
0.00284501
0.00284051
0.00283611
0.0028318
0.00282755
0.00282334
0.00281921
0.00281519
0.0028113
0.00280759
0.00280417
0.00280212
6.98984
8.3581
8.48192
8.48883
8.47969
8.45531
8.43377
8.4112
8.3893
8.36681
8.34078
8.31346
8.2835
8.25269
8.22213
8.19356
8.16691
8.14172
8.11626
8.08601
8.04435
7.98127
7.88497
7.7435
7.54956
7.29682
6.9818
6.59228
6.12241
5.5714
4.94418
4.25349
3.52157
2.78427
2.0871
1.47652
0.985388
0.622531
0.372831
0.207075
0.098294
0.0346559
0.0087291
0.00355427
0.00305247
0.00301567
0.00300784
0.00300069
0.00299312
0.00298522
0.00297704
0.00296861
0.00295997
0.00295111
0.00294197
0.00293241
0.00292232
0.00291262
0.00290372
0.00289555
0.00288805
0.00288114
0.00287478
0.0028689
0.0028634
0.00285819
0.00285323
0.00284845
0.00284383
0.00283933
0.00283491
0.00283055
0.00282623
0.00282194
0.00281771
0.00281354
0.00280947
0.00280552
0.00280181
0.00279935
6.6937
8.01467
8.15148
8.17721
8.17951
8.16568
8.15135
8.13393
8.11508
8.09376
8.06819
8.04044
8.00988
7.97806
7.94592
7.91422
7.8817
7.84627
7.80386
7.74723
7.66676
7.54924
7.38612
7.16996
6.89705
6.55666
6.13994
5.64322
5.07052
4.43188
3.7454
3.03943
2.35195
1.72612
1.1988
0.789433
0.49456
0.292888
0.156815
0.068346
0.02106
0.00559817
0.00323676
0.00303731
0.00302028
0.00301318
0.003006
0.00299842
0.00299049
0.00298224
0.00297371
0.00296493
0.00295593
0.00294672
0.00293721
0.00292729
0.00291754
0.00290854
0.00290026
0.00289263
0.00288558
0.00287906
0.00287302
0.00286737
0.00286203
0.00285693
0.00285204
0.00284731
0.00284271
0.00283819
0.00283374
0.00282932
0.00282493
0.00282056
0.00281622
0.0028119
0.00280764
0.00280345
0.00279945
0.00279659
6.40174
7.6645
7.81347
7.85694
7.87011
7.86592
7.85766
7.84394
7.82659
7.80515
7.77882
7.74943
7.71684
7.68197
7.64499
7.60525
7.55973
7.50395
7.43092
7.33015
7.19117
7.0061
6.76871
6.47243
6.10551
5.66199
5.14278
4.55525
3.91502
3.24544
2.57858
1.95259
1.40432
0.959426
0.624408
0.386952
0.22361
0.112213
0.0431916
0.0117119
0.00400689
0.0031059
0.00303517
0.00302561
0.00301876
0.00301155
0.00300395
0.00299601
0.00298776
0.00297919
0.00297033
0.00296124
0.00295194
0.00294241
0.00293256
0.00292271
0.00291359
0.00290516
0.00289737
0.00289016
0.00288348
0.00287726
0.00287145
0.00286597
0.00286074
0.00285573
0.00285089
0.00284618
0.00284158
0.00283705
0.00283256
0.00282809
0.00282363
0.00281917
0.00281471
0.00281024
0.00280579
0.00280136
0.00279706
0.0027938
6.11485
7.30755
7.46851
7.52812
7.55084
7.55449
7.55059
7.53905
7.52183
7.49911
7.47068
7.43797
7.40069
7.35883
7.31112
7.25485
7.18459
7.09294
6.97052
6.81006
6.60314
6.34442
6.02238
5.6289
5.16147
4.62492
4.03165
3.40147
2.76222
2.14739
1.59181
1.12364
0.756518
0.486422
0.29599
0.16316
0.0740053
0.024262
0.00647409
0.00335418
0.00306298
0.00303868
0.00303146
0.0030246
0.00301734
0.0030097
0.00300175
0.00299349
0.00298492
0.00297604
0.0029669
0.00295752
0.00294794
0.00293812
0.00292811
0.00291882
0.00291021
0.00290224
0.00289485
0.00288799
0.00288159
0.00287561
0.00286997
0.0028646
0.00285947
0.00285452
0.00284971
0.00284503
0.00284042
0.00283587
0.00283134
0.00282682
0.00282229
0.00281774
0.00281316
0.00280854
0.00280389
0.00279921
0.00279461
0.00279094
5.82744
6.94162
7.11474
7.18809
7.21868
7.22829
7.22715
7.2164
7.198
7.17244
7.13973
7.10057
7.05382
6.99794
6.92951
6.8433
6.7315
6.58834
6.4061
6.17855
5.89609
5.54798
5.12917
4.6421
4.09584
3.50726
2.9004
2.30499
1.75326
1.27359
0.883864
0.58681
0.37128
0.218308
0.111132
0.0436074
0.0122432
0.004154
0.00313821
0.00305467
0.00304423
0.00303758
0.00303065
0.00302331
0.00301562
0.00300763
0.00299935
0.00299078
0.00298189
0.00297273
0.00296332
0.00295369
0.00294384
0.00293372
0.00292422
0.0029154
0.00290722
0.00289962
0.00289256
0.00288597
0.00287981
0.002874
0.00286848
0.00286321
0.00285815
0.00285325
0.00284847
0.0028438
0.00283919
0.00283462
0.00283006
0.00282549
0.00282089
0.00281625
0.00281154
0.00280676
0.00280191
0.00279699
0.00279208
0.00278797
5.53131
6.56405
6.74989
6.83401
6.87069
6.88437
6.88432
6.87252
6.85089
6.81974
6.77867
6.72718
6.66252
6.58114
6.47729
6.3466
6.18302
5.98064
5.73143
5.42361
5.04989
4.60956
4.10924
3.56306
2.99172
2.42183
1.88275
1.402
0.999507
0.682734
0.446071
0.274779
0.151846
0.0684178
0.0223847
0.00620846
0.00335369
0.00308118
0.00305742
0.00305037
0.00304376
0.00303675
0.00302937
0.00302163
0.00301361
0.0030053
0.00299672
0.00298783
0.00297865
0.00296921
0.00295954
0.00294965
0.00293952
0.00292976
0.00292069
0.00291227
0.00290444
0.00289716
0.00289036
0.002884
0.00287801
0.00287233
0.00286692
0.00286173
0.00285673
0.00285187
0.00284713
0.00284246
0.00283786
0.00283327
0.00282868
0.00282407
0.0028194
0.00281467
0.00280984
0.0028049
0.00279984
0.00279466
0.00278944
0.00278487
5.21979
6.17207
6.37231
6.46378
6.50452
6.51983
6.51843
6.50254
6.47375
6.43165
6.37477
6.301
6.2056
6.08549
5.93681
5.75471
5.53262
5.25945
4.92651
4.5302
4.07441
3.57037
3.03627
2.49597
1.97623
1.50316
1.09714
0.768619
0.516311
0.329629
0.193322
0.0964973
0.0366611
0.0103101
0.00391515
0.00313744
0.00307217
0.00306285
0.00305646
0.0030498
0.00304275
0.00303534
0.00302761
0.00301958
0.00301128
0.0030027
0.00299383
0.00298466
0.00297522
0.00296554
0.00295562
0.00294547
0.00293541
0.00292606
0.00291736
0.00290927
0.00290174
0.00289472
0.00288814
0.00288196
0.00287611
0.00287055
0.00286523
0.00286011
0.00285516
0.00285035
0.00284564
0.00284099
0.00283639
0.0028318
0.00282719
0.00282253
0.0028178
0.00281297
0.00280802
0.00280291
0.00279765
0.00279221
0.00278665
0.0027816
4.8889
5.76168
5.97934
6.0743
6.11656
6.12983
6.12284
6.09741
6.05447
5.99238
5.90828
5.8005
5.66609
5.50151
5.30227
5.05878
4.76187
4.4063
3.99329
3.53108
3.0353
2.52727
2.03171
1.57314
1.17167
0.839261
0.57764
0.379703
0.232799
0.125337
0.0537235
0.0167874
0.00512888
0.00326369
0.00309153
0.00307488
0.00306841
0.00306211
0.00305543
0.00304838
0.003041
0.00303331
0.00302533
0.00301707
0.00300853
0.0029997
0.00299058
0.00298118
0.00297152
0.00296163
0.0029515
0.00294112
0.00293146
0.00292246
0.00291408
0.00290628
0.002899
0.0028922
0.0028858
0.00287977
0.00287404
0.00286858
0.00286335
0.00285831
0.00285342
0.00284865
0.00284398
0.00283936
0.00283477
0.00283018
0.00282555
0.00282086
0.00281607
0.00281114
0.00280606
0.0028008
0.00279532
0.00278961
0.00278371
0.00277813
4.53696
5.32649
5.565
5.65883
5.69883
5.70443
5.68513
5.64162
5.57454
5.48315
5.36537
5.21888
5.04065
4.82322
4.55835
4.2401
3.86767
3.4467
2.99005
2.51652
2.04886
1.61009
1.21977
0.89052
0.625993
0.421704
0.267553
0.152416
0.0716631
0.0251684
0.00724147
0.00352932
0.00312234
0.00308676
0.00307948
0.00307352
0.00306722
0.00306055
0.00305353
0.00304619
0.00303856
0.00303064
0.00302245
0.00301397
0.0030052
0.00299614
0.00298679
0.00297717
0.0029673
0.00295718
0.00294682
0.00293682
0.0029275
0.00291881
0.00291072
0.00290317
0.00289611
0.00288949
0.00288326
0.00287736
0.00287175
0.00286639
0.00286124
0.00285627
0.00285145
0.00284674
0.00284211
0.00283753
0.00283296
0.00282837
0.00282374
0.00281901
0.00281416
0.00280916
0.00280396
0.00279853
0.00279284
0.00278685
0.00278057
0.00277443
4.16378
4.8576
5.11845
5.20546
5.2377
5.22828
5.18946
5.1218
5.02607
4.90139
4.74558
4.55296
4.3172
4.03313
3.69907
3.31853
2.90162
2.4646
2.02807
1.61354
1.23984
0.919785
0.65825
0.45265
0.295021
0.175323
0.0883631
0.0343168
0.0102098
0.00400497
0.00317391
0.00309951
0.0030898
0.00308407
0.00307816
0.00307188
0.00306524
0.00305826
0.00305099
0.00304342
0.00303559
0.00302748
0.00301909
0.0030104
0.00300143
0.00299216
0.00298261
0.0029728
0.00296274
0.00295242
0.00294207
0.00293241
0.0029234
0.002915
0.00290717
0.00289984
0.00289298
0.00288653
0.00288044
0.00287467
0.00286917
0.00286391
0.00285886
0.00285397
0.00284922
0.00284457
0.00284
0.00283546
0.00283093
0.00282636
0.00282172
0.00281697
0.00281208
0.00280699
0.00280167
0.00279608
0.00279018
0.0027839
0.00277722
0.00277046
3.7721
4.35381
4.6304
4.70537
4.72544
4.69678
4.63469
4.53914
4.41016
4.24416
4.03729
3.7858
3.48833
3.14736
2.77083
2.37231
1.97001
1.58375
1.23145
0.925838
0.672528
0.470354
0.313079
0.191956
0.101783
0.0427493
0.0135877
0.00469745
0.00325529
0.00311433
0.00309955
0.00309381
0.00308826
0.00308235
0.00307608
0.00306947
0.00306254
0.00305532
0.00304782
0.00304006
0.00303203
0.00302373
0.00301514
0.00300626
0.0029971
0.00298764
0.00297792
0.00296793
0.00295767
0.00294715
0.00293712
0.00292778
0.00291906
0.00291092
0.00290332
0.0028962
0.00288953
0.00288323
0.00287729
0.00287164
0.00286626
0.00286111
0.00285616
0.00285136
0.0028467
0.00284212
0.00283761
0.00283313
0.00282864
0.00282409
0.00281947
0.00281471
0.00280977
0.00280462
0.0027992
0.00279345
0.00278732
0.00278074
0.00277363
0.00276622
3.37247
3.82215
4.10463
4.16239
4.16552
4.11262
4.02057
3.88723
3.71282
3.49535
3.23479
2.93348
2.59813
2.24017
1.87533
1.52135
1.19491
0.908434
0.668006
0.473566
0.320284
0.200733
0.110228
0.0489829
0.0166244
0.00548785
0.00336611
0.00313256
0.00310944
0.00310324
0.00309785
0.00309217
0.00308619
0.00307989
0.00307328
0.00306638
0.00305919
0.00305175
0.00304405
0.00303609
0.00302787
0.00301938
0.0030106
0.00300153
0.00299219
0.00298256
0.00297266
0.00296249
0.00295204
0.00294162
0.0029319
0.00292283
0.00291438
0.00290649
0.00289911
0.00289219
0.00288569
0.00287955
0.00287375
0.00286824
0.00286299
0.00285795
0.0028531
0.00284841
0.00284383
0.00283934
0.00283491
0.00283049
0.00282605
0.00282155
0.00281694
0.00281219
0.00280723
0.00280203
0.00279651
0.00279061
0.00278426
0.00277736
0.0027698
0.00276165
2.95571
3.25862
3.5412
3.57349
3.55098
3.4639
3.33237
3.15484
2.935
2.67572
2.38363
2.06875
1.74469
1.42704
1.13092
0.868024
0.644692
0.461852
0.315884
0.200694
0.112543
0.051843
0.0185317
0.00614546
0.0034868
0.00315563
0.00312155
0.00311418
0.00310852
0.00310267
0.00309655
0.00309023
0.00308372
0.00307699
0.00307002
0.00306281
0.00305535
0.00304766
0.00303973
0.00303156
0.00302313
0.00301443
0.00300546
0.00299622
0.0029867
0.00297691
0.00296684
0.0029565
0.00294587
0.00293574
0.0029263
0.00291751
0.0029093
0.00290164
0.00289447
0.00288774
0.00288141
0.00287544
0.00286978
0.00286441
0.00285929
0.00285437
0.00284964
0.00284505
0.00284058
0.00283618
0.00283183
0.00282749
0.00282312
0.00281867
0.00281411
0.00280938
0.00280442
0.00279918
0.00279358
0.00278755
0.00278098
0.00277374
0.00276569
0.00275676
2.47003
2.65586
2.93131
2.92906
2.87454
2.75032
2.58177
2.37071
2.12661
1.8586
1.57914
1.30195
1.04048
0.805417
0.603146
0.435411
0.299703
0.191434
0.108181
0.0506801
0.0187457
0.00642248
0.0035722
0.00318049
0.00313692
0.00312795
0.00312172
0.00311547
0.00310901
0.00310234
0.00309554
0.00308861
0.00308154
0.00307429
0.00306685
0.00305921
0.00305138
0.00304334
0.00303508
0.00302659
0.00301786
0.00300892
0.00299973
0.00299028
0.00298058
0.0029706
0.00296037
0.00294984
0.00293927
0.00292943
0.00292027
0.00291173
0.00290376
0.00289631
0.00288934
0.0028828
0.00287665
0.00287084
0.00286534
0.00286011
0.00285512
0.00285034
0.00284573
0.00284125
0.00283689
0.0028326
0.00282834
0.00282409
0.0028198
0.00281543
0.00281093
0.00280624
0.00280131
0.00279606
0.0027904
0.00278425
0.00277746
0.00276988
0.00276131
0.00275152
1.87129
2.0259
2.28537
2.24491
2.16121
2.01072
1.82473
1.60982
1.3801
1.14778
0.925106
0.7218
0.544242
0.394774
0.271956
0.173032
0.0971874
0.0454675
0.0171316
0.00619564
0.00358582
0.00320135
0.00315416
0.00314374
0.00313673
0.00312987
0.00312289
0.00311576
0.00310848
0.00310114
0.00309377
0.00308632
0.00307875
0.00307104
0.00306317
0.00305513
0.00304691
0.0030385
0.00302989
0.00302107
0.00301207
0.00300286
0.00299342
0.00298374
0.00297382
0.00296364
0.00295319
0.00294246
0.00293219
0.00292263
0.00291372
0.00290543
0.00289769
0.00289046
0.00288368
0.00287733
0.00287134
0.0028657
0.00286036
0.00285528
0.00285043
0.00284578
0.0028413
0.00283695
0.0028327
0.00282852
0.00282438
0.00282023
0.00281604
0.00281177
0.00280736
0.00280274
0.00279786
0.00279263
0.00278694
0.00278068
0.00277369
0.00276577
0.00275664
0.0027459
1.21586
1.40604
1.63942
1.56906
1.47181
1.32003
1.14856
0.966245
0.786563
0.618611
0.469003
0.340493
0.233004
0.146014
0.080279
0.0368613
0.0140261
0.00553681
0.00352422
0.00321829
0.00317634
0.0031647
0.00315652
0.00314863
0.00314073
0.00313277
0.00312473
0.0031166
0.0031085
0.00310045
0.0030924
0.0030843
0.00307613
0.00306785
0.00305943
0.00305088
0.00304217
0.0030333
0.00302427
0.0030151
0.00300575
0.00299622
0.00298648
0.00297652
0.00296635
0.00295593
0.00294525
0.00293451
0.00292453
0.00291525
0.00290661
0.00289855
0.00289104
0.00288401
0.00287743
0.00287126
0.00286546
0.00285998
0.00285479
0.00284986
0.00284516
0.00284065
0.0028363
0.00283208
0.00282796
0.0028239
0.00281988
0.00281586
0.00281179
0.00280764
0.00280334
0.00279883
0.00279403
0.00278885
0.00278317
0.00277684
0.00276967
0.0027614
0.00275166
0.0027399
0.648205
0.851412
1.04589
0.967924
0.881081
0.755766
0.625427
0.49657
0.377831
0.272713
0.183404
0.111577
0.0590487
0.0262702
0.0102286
0.00469003
0.00343285
0.00323618
0.0032041
0.00319286
0.00318321
0.00317384
0.0031646
0.0031554
0.00314622
0.00313703
0.00312779
0.00311866
0.00310968
0.00310077
0.0030919
0.00308301
0.00307408
0.00306507
0.00305596
0.00304674
0.00303739
0.00302795
0.00301842
0.00300878
0.00299898
0.00298901
0.00297888
0.00296857
0.00295805
0.0029473
0.00293634
0.00292592
0.00291624
0.00290723
0.00289885
0.00289103
0.00288374
0.00287692
0.00287054
0.00286456
0.00285893
0.00285361
0.00284859
0.00284381
0.00283925
0.00283488
0.00283066
0.00282658
0.00282259
0.00281867
0.00281479
0.00281091
0.00280699
0.00280298
0.00279883
0.00279446
0.00278978
0.0027847
0.00277906
0.0027727
0.00276537
0.00275675
0.00274639
0.0027335
0.270982
0.414574
0.552333
0.493282
0.43536
0.351132
0.268731
0.191196
0.12477
0.0725225
0.0365018
0.0158661
0.00680383
0.00397
0.00336557
0.0032632
0.00324052
0.00322901
0.00321837
0.00320725
0.00319615
0.00318527
0.00317455
0.00316392
0.00315335
0.00314281
0.00313242
0.00312226
0.00311225
0.00310235
0.0030925
0.00308265
0.00307279
0.00306288
0.0030529
0.00304283
0.00303274
0.00302261
0.00301242
0.00300214
0.00299172
0.00298119
0.00297053
0.00295971
0.00294873
0.00293757
0.00292672
0.00291663
0.00290725
0.00289852
0.0028904
0.00288282
0.00287575
0.00286915
0.00286296
0.00285716
0.0028517
0.00284656
0.00284168
0.00283706
0.00283264
0.00282841
0.00282433
0.00282039
0.00281655
0.00281278
0.00280905
0.00280533
0.00280158
0.00279774
0.00279376
0.00278957
0.00278505
0.00278011
0.00277456
0.00276821
0.00276076
0.00275182
0.00274079
0.00272667
0.0774437
0.133172
0.194269
0.167543
0.140181
0.099073
0.0632981
0.0352284
0.0173265
0.00813913
0.00457388
0.00356964
0.00335531
0.00330692
0.00328893
0.00327576
0.00326316
0.0032504
0.00323728
0.00322405
0.00321121
0.00319866
0.00318632
0.00317413
0.00316204
0.00315016
0.0031386
0.00312727
0.00311611
0.00310507
0.00309409
0.00308314
0.00307218
0.00306121
0.00305018
0.00303919
0.00302823
0.00301726
0.00300623
0.00299512
0.00298395
0.00297271
0.00296134
0.00294988
0.00293831
0.00292699
0.00291646
0.00290668
0.00289759
0.00288913
0.00288125
0.00287391
0.00286707
0.00286066
0.00285467
0.00284905
0.00284375
0.00283876
0.00283404
0.00282956
0.00282528
0.00282119
0.00281726
0.00281346
0.00280977
0.00280616
0.0028026
0.00279905
0.00279549
0.00279185
0.00278807
0.00278408
0.00277977
0.00277501
0.00276961
0.00276333
0.00275581
0.00274657
0.00273486
0.00271938
0.0129098
0.0194243
0.0271328
0.0225595
0.0172657
0.0106864
0.00655936
0.00446269
0.00369472
0.00346945
0.00340118
0.00337242
0.00335312
0.00333626
0.00332032
0.00330481
0.00328944
0.00327401
0.00325835
0.0032431
0.00322832
0.0032139
0.00319975
0.0031858
0.00317214
0.0031589
0.00314599
0.00313333
0.00312085
0.0031085
0.00309623
0.003084
0.00307179
0.00305958
0.00304746
0.00303543
0.00302343
0.00301141
0.00299934
0.00298729
0.0029752
0.00296303
0.00295084
0.00293858
0.00292679
0.00291583
0.00290562
0.00289614
0.00288732
0.00287912
0.00287148
0.00286435
0.0028577
0.00285149
0.00284567
0.0028402
0.00283507
0.00283022
0.00282563
0.00282128
0.00281714
0.00281318
0.00280939
0.00280573
0.00280219
0.00279873
0.00279535
0.00279199
0.00278862
0.0027852
0.00278165
0.0027779
0.00277384
0.00276931
0.00276413
0.00275798
0.00275046
0.00274097
0.00272856
0.0027116
0.00499738
0.00474838
0.00453432
0.00421686
0.00394342
0.00372872
0.00360772
0.00353853
0.00349524
0.00346342
0.00343703
0.00341382
0.00339269
0.00337295
0.00335414
0.00333589
0.00331793
0.00330002
0.00328197
0.00326444
0.00324746
0.00323093
0.00321474
0.00319881
0.00318354
0.00316872
0.00315424
0.00314003
0.00312601
0.00311213
0.00309835
0.00308464
0.00307096
0.00305745
0.00304407
0.00303078
0.00301751
0.00300423
0.00299102
0.00297783
0.0029646
0.00295142
0.00293829
0.00292605
0.00291464
0.00290403
0.00289415
0.00288497
0.00287642
0.00286846
0.00286104
0.00285412
0.00284765
0.00284161
0.00283594
0.00283062
0.00282561
0.00282089
0.00281642
0.00281219
0.00280816
0.00280432
0.00280065
0.00279713
0.00279373
0.00279044
0.00278722
0.00278406
0.00278091
0.00277771
0.00277442
0.00277094
0.00276717
0.00276294
0.00275802
0.00275209
0.00274466
0.00273498
0.00272188
0.00270328
0.00480008
0.0044635
0.00416439
0.00394979
0.00380624
0.00370709
0.00363738
0.00358593
0.00354507
0.00351123
0.00348202
0.00345603
0.00343225
0.00341001
0.00338881
0.00336827
0.00334808
0.00332801
0.00330783
0.00328775
0.00326825
0.00324926
0.0032307
0.00321292
0.00319574
0.00317903
0.00316269
0.00314664
0.00313081
0.00311513
0.00309958
0.00308411
0.00306887
0.00305384
0.00303894
0.00302411
0.00300931
0.00299467
0.00298009
0.00296551
0.00295099
0.00293738
0.00292469
0.00291286
0.00290183
0.00289157
0.00288201
0.00287311
0.00286482
0.0028571
0.00284989
0.00284315
0.00283685
0.00283095
0.00282542
0.00282022
0.00281532
0.00281071
0.00280634
0.00280221
0.00279829
0.00279455
0.00279099
0.00278759
0.00278433
0.00278119
0.00277815
0.00277518
0.00277224
0.00276929
0.00276627
0.0027631
0.00275965
0.00275577
0.0027512
0.00274557
0.00273832
0.00272855
0.00271478
0.00269439
0.00478087
0.0044918
0.00422713
0.00400951
0.00386398
0.00376098
0.00368745
0.00363296
0.00358959
0.00355355
0.00352237
0.00349454
0.00346902
0.00344509
0.00342224
0.00340005
0.00337822
0.00335649
0.00333466
0.00331252
0.00329024
0.00326844
0.00324753
0.00322743
0.00320797
0.00318901
0.00317046
0.00315223
0.00313424
0.00311643
0.00309877
0.00308142
0.00306435
0.00304746
0.00303071
0.00301403
0.00299761
0.00298128
0.00296508
0.00294998
0.00293589
0.00292274
0.00291048
0.00289904
0.00288838
0.00287845
0.00286919
0.00286056
0.00285251
0.00284499
0.00283797
0.0028314
0.00282524
0.00281947
0.00281405
0.00280895
0.00280415
0.00279962
0.00279533
0.00279128
0.00278744
0.0027838
0.00278034
0.00277705
0.00277392
0.00277092
0.00276804
0.00276526
0.00276254
0.00275984
0.0027571
0.00275425
0.00275117
0.00274768
0.00274353
0.00273831
0.00273136
0.00272161
0.00270723
0.00268486
0.00474934
0.00450417
0.00427441
0.00405882
0.00390746
0.00379986
0.00372385
0.00366759
0.00362295
0.0035859
0.00355387
0.00352525
0.00349896
0.00347425
0.00345058
0.00342753
0.00340478
0.00338206
0.00335915
0.00333587
0.00331205
0.00328758
0.00326394
0.0032411
0.00321893
0.00319732
0.00317615
0.00315533
0.00313478
0.00311445
0.00309454
0.00307498
0.00305568
0.00303658
0.00301759
0.00299888
0.00298088
0.0029641
0.00294845
0.00293385
0.00292023
0.00290751
0.00289565
0.00288459
0.00287427
0.00286464
0.00285565
0.00284726
0.00283942
0.00283209
0.00282522
0.00281879
0.00281276
0.00280709
0.00280176
0.00279674
0.002792
0.00278754
0.00278332
0.00277933
0.00277556
0.00277199
0.00276862
0.00276542
0.0027624
0.00275953
0.00275681
0.0027542
0.00275169
0.00274924
0.0027468
0.00274429
0.0027416
0.00273856
0.0027349
0.00273018
0.00272367
0.0027141
0.0026992
0.00267465
0.00470122
0.00449132
0.00428792
0.00409248
0.00393345
0.00382138
0.00374396
0.00368683
0.00364172
0.00360446
0.00357234
0.00354373
0.00351748
0.0034928
0.00346912
0.00344601
0.00342313
0.00340019
0.00337698
0.00335328
0.00332894
0.00330378
0.00327765
0.00325178
0.00322648
0.00320176
0.00317751
0.00315365
0.00313011
0.00310709
0.00308453
0.00306233
0.0030403
0.0030188
0.00299877
0.0029801
0.00296269
0.00294645
0.0029313
0.00291716
0.00290396
0.00289165
0.00288016
0.00286944
0.00285942
0.00285006
0.00284131
0.00283313
0.00282547
0.00281829
0.00281155
0.00280523
0.00279929
0.00279369
0.00278843
0.00278346
0.00277878
0.00277436
0.00277018
0.00276624
0.00276252
0.00275902
0.00275571
0.00275261
0.00274968
0.00274693
0.00274435
0.00274192
0.00273961
0.00273741
0.00273526
0.00273309
0.00273081
0.00272825
0.00272515
0.00272105
0.00271513
0.00270593
0.00269063
0.00266367
0.00463974
0.00445999
0.00427952
0.00410345
0.00394025
0.00382655
0.00374823
0.00369045
0.00364501
0.00360762
0.00357554
0.00354706
0.00352103
0.00349662
0.00347323
0.00345042
0.00342782
0.00340515
0.00338216
0.00335865
0.00333443
0.00330933
0.0032832
0.00325587
0.00322734
0.00319916
0.00317137
0.00314401
0.00311729
0.00309103
0.00306534
0.0030414
0.0030191
0.00299831
0.00297892
0.00296084
0.00294397
0.00292822
0.00291352
0.00289981
0.00288701
0.00287505
0.00286389
0.00285345
0.0028437
0.00283456
0.00282601
0.002818
0.00281048
0.00280343
0.00279679
0.00279055
0.00278467
0.00277913
0.00277391
0.00276898
0.00276433
0.00275994
0.0027558
0.0027519
0.00274822
0.00274477
0.00274153
0.00273849
0.00273566
0.00273302
0.00273057
0.0027283
0.00272619
0.00272422
0.00272236
0.00272054
0.00271868
0.00271664
0.00271414
0.00271075
0.00270558
0.00269697
0.00268148
0.00265186
0.00456584
0.00441126
0.00424799
0.00408511
0.00393267
0.00381855
0.00373977
0.00368145
0.00363556
0.00359777
0.00356536
0.00353661
0.00351035
0.00348575
0.00346221
0.00343926
0.00341655
0.00339377
0.00337069
0.00334709
0.00332278
0.00329759
0.00327136
0.00324394
0.00321516
0.0031849
0.00315298
0.00312226
0.00309365
0.00306699
0.00304215
0.003019
0.0029974
0.00297726
0.00295846
0.00294091
0.00292453
0.00290925
0.00289497
0.00288164
0.00286919
0.00285754
0.00284665
0.00283646
0.00282691
0.00281796
0.00280957
0.00280169
0.00279428
0.00278731
0.00278075
0.00277457
0.00276874
0.00276323
0.00275804
0.00275314
0.00274851
0.00274414
0.00274003
0.00273616
0.00273252
0.00272911
0.00272592
0.00272296
0.00272021
0.00271768
0.00271536
0.00271324
0.00271132
0.00270958
0.00270799
0.00270651
0.00270508
0.00270356
0.00270171
0.00269911
0.00269485
0.0026871
0.00267169
0.00263912
0.00448119
0.00435066
0.00420468
0.00405499
0.00391297
0.00380023
0.003722
0.00366371
0.00361768
0.00357963
0.00354688
0.00351773
0.00349102
0.00346593
0.00344187
0.00341838
0.00339509
0.00337172
0.00334802
0.00332377
0.0032988
0.00327293
0.00324601
0.00321788
0.0031884
0.00315743
0.00312556
0.00309586
0.00306819
0.00304239
0.00301833
0.00299589
0.00297494
0.00295539
0.00293713
0.00292009
0.00290418
0.00288931
0.00287541
0.00286241
0.00285025
0.00283887
0.00282821
0.00281821
0.00280883
0.00280003
0.00279176
0.00278397
0.00277665
0.00276974
0.00276323
0.00275708
0.00275128
0.0027458
0.00274063
0.00273574
0.00273113
0.00272678
0.00272269
0.00271885
0.00271524
0.00271188
0.00270875
0.00270585
0.00270319
0.00270076
0.00269857
0.0026966
0.00269487
0.00269335
0.00269203
0.00269089
0.00268987
0.00268887
0.00268769
0.00268594
0.00268275
0.00267615
0.0026612
0.00262536
0.00438408
0.00427606
0.00414783
0.00401202
0.00388091
0.0037718
0.00369561
0.00363846
0.00359312
0.00355546
0.00352291
0.00349381
0.00346703
0.0034418
0.00341751
0.00339373
0.0033701
0.00334635
0.00332222
0.00329753
0.00327209
0.00324573
0.00321831
0.00318968
0.00315971
0.00312828
0.00309745
0.0030687
0.00304189
0.00301688
0.00299354
0.00297175
0.00295141
0.00293242
0.00291467
0.00289808
0.00288258
0.00286807
0.0028545
0.00284179
0.00282989
0.00281872
0.00280825
0.00279842
0.00278918
0.00278048
0.0027723
0.00276459
0.00275732
0.00275046
0.00274398
0.00273786
0.00273208
0.00272662
0.00272146
0.00271659
0.00271199
0.00270767
0.0027036
0.00269979
0.00269622
0.00269291
0.00268984
0.00268702
0.00268444
0.00268212
0.00268006
0.00267825
0.0026767
0.0026754
0.00267435
0.00267354
0.00267293
0.00267244
0.00267193
0.00267106
0.00266906
0.00266392
0.00264995
0.00261048
0.00427355
0.00418545
0.00407494
0.00395378
0.00383435
0.0037313
0.00365883
0.00360411
0.00356048
0.00352405
0.00349239
0.00346393
0.00343761
0.00341267
0.00338856
0.00336486
0.00334123
0.00331742
0.00329319
0.00326835
0.00324273
0.00321618
0.00318857
0.00315976
0.00312963
0.00309809
0.00306822
0.00304036
0.00301435
0.00299008
0.00296742
0.00294625
0.00292647
0.00290798
0.00289069
0.00287451
0.00285937
0.00284519
0.0028319
0.00281944
0.00280774
0.00279676
0.00278645
0.00277674
0.00276761
0.002759
0.00275089
0.00274323
0.00273601
0.00272918
0.00272273
0.00271663
0.00271086
0.00270542
0.00270027
0.00269542
0.00269085
0.00268655
0.00268252
0.00267874
0.00267523
0.00267197
0.00266898
0.00266624
0.00266377
0.00266157
0.00265965
0.00265801
0.00265666
0.00265559
0.00265482
0.00265433
0.00265412
0.00265414
0.00265427
0.00265428
0.00265353
0.00265018
0.00263785
0.00259438
0.00415002
0.00407802
0.003984
0.00387776
0.00377064
0.00367607
0.00360911
0.00355827
0.00351755
0.00348336
0.00345346
0.0034264
0.00340118
0.00337713
0.00335371
0.00333056
0.00330737
0.00328389
0.00325992
0.00323529
0.00320984
0.00318345
0.00315598
0.00312734
0.00309743
0.0030664
0.00303743
0.0030104
0.00298517
0.00296159
0.00293956
0.00291897
0.0028997
0.00288167
0.00286479
0.00284898
0.00283415
0.00282025
0.00280721
0.00279496
0.00278345
0.00277262
0.00276243
0.00275283
0.00274378
0.00273525
0.00272719
0.00271957
0.00271238
0.00270557
0.00269914
0.00269306
0.00268732
0.00268189
0.00267677
0.00267194
0.00266741
0.00266315
0.00265916
0.00265545
0.00265201
0.00264883
0.00264593
0.0026433
0.00264096
0.0026389
0.00263714
0.00263569
0.00263456
0.00263375
0.00263327
0.00263313
0.00263332
0.00263383
0.00263459
0.00263543
0.00263593
0.00263464
0.00262483
0.00257694
0.00401544
0.00395484
0.00387455
0.00378233
0.00368744
0.00360334
0.00354355
0.00349803
0.0034615
0.0034307
0.0034036
0.00337887
0.00335562
0.00333323
0.00331123
0.00328928
0.00326712
0.00324454
0.00322136
0.00319743
0.00317264
0.00314686
0.00312002
0.00309201
0.00306279
0.00303271
0.00300461
0.00297836
0.00295384
0.00293091
0.00290947
0.0028894
0.0028706
0.002853
0.00283649
0.00282101
0.00280648
0.00279284
0.00278001
0.00276795
0.0027566
0.00274591
0.00273583
0.00272631
0.00271733
0.00270885
0.00270083
0.00269324
0.00268607
0.00267928
0.00267287
0.0026668
0.00266107
0.00265567
0.00265058
0.0026458
0.00264131
0.00263712
0.00263322
0.0026296
0.00262626
0.0026232
0.00262043
0.00261795
0.00261576
0.00261388
0.00261232
0.00261109
0.00261021
0.0026097
0.00260955
0.00260978
0.00261038
0.0026114
0.00261277
0.0026144
0.00261605
0.00261698
0.0026108
0.0025581
0.00387305
0.00381907
0.0037487
0.00366798
0.00358408
0.00351147
0.00345983
0.00342063
0.00338928
0.00336288
0.00333957
0.00331817
0.00329785
0.00327804
0.00325834
0.00323846
0.00321815
0.00319724
0.0031756
0.0031531
0.00312966
0.0031052
0.00307966
0.00305299
0.00302517
0.00299619
0.00296895
0.00294348
0.00291965
0.00289735
0.00287647
0.00285691
0.00283857
0.00282136
0.00280522
0.00279005
0.0027758
0.0027624
0.00274978
0.00273789
0.00272669
0.00271612
0.00270615
0.00269672
0.00268781
0.00267938
0.0026714
0.00266385
0.0026567
0.00264993
0.00264353
0.00263748
0.00263177
0.00262639
0.00262133
0.0026166
0.00261219
0.0026081
0.00260431
0.00260082
0.00259763
0.00259475
0.00259217
0.00258989
0.00258792
0.00258627
0.00258495
0.00258398
0.0025834
0.00258323
0.00258347
0.00258412
0.00258518
0.00258672
0.00258873
0.0025911
0.00259371
0.00259682
0.00259567
0.00253775
0.00372639
0.00367525
0.00361095
0.00353837
0.00346296
0.00340153
0.00335791
0.00332509
0.00329916
0.00327751
0.0032585
0.00324102
0.00322432
0.00320787
0.00319129
0.0031743
0.00315671
0.00313836
0.00311912
0.00309893
0.0030777
0.0030554
0.00303201
0.00300751
0.00298191
0.00295526
0.00292904
0.00290441
0.00288134
0.00285971
0.00283943
0.00282041
0.00280256
0.00278579
0.00277003
0.00275521
0.00274126
0.00272813
0.00271574
0.00270406
0.00269303
0.00268261
0.00267277
0.00266345
0.00265464
0.0026463
0.00263841
0.00263093
0.00262385
0.00261714
0.00261078
0.00260477
0.00259908
0.00259371
0.00258867
0.00258397
0.00257963
0.00257565
0.00257201
0.0025687
0.00256573
0.00256308
0.00256076
0.00255877
0.00255711
0.00255578
0.00255479
0.00255413
0.00255389
0.00255412
0.00255482
0.00255598
0.00255755
0.00255966
0.00256238
0.00256554
0.00256882
0.00257375
0.00257939
0.00251581
0.00357812
0.00352755
0.00346646
0.00339928
0.00333029
0.00327861
0.00324179
0.00321432
0.00319294
0.00317539
0.0031602
0.00314638
0.00313322
0.00312021
0.00310701
0.00309334
0.00307901
0.00306388
0.00304784
0.00303081
0.00301274
0.00299362
0.00297345
0.00295223
0.00293
0.00290685
0.00288283
0.00285942
0.00283731
0.00281652
0.00279697
0.0027786
0.00276133
0.00274508
0.00272979
0.00271539
0.00270181
0.002689
0.00267691
0.00266549
0.00265468
0.00264446
0.00263478
0.00262561
0.00261693
0.00260871
0.00260095
0.00259364
0.00258674
0.00258023
0.00257409
0.00256826
0.00256274
0.00255747
0.00255241
0.00254762
0.00254327
0.00253937
0.00253587
0.00253278
0.00253007
0.00252774
0.00252578
0.00252418
0.00252295
0.00252209
0.0025216
0.00252148
0.00252177
0.00252247
0.00252361
0.00252523
0.00252735
0.00253007
0.0025336
0.00253773
0.00254142
0.0025476
0.00256189
0.00249454
0.00342933
0.00337915
0.00331954
0.00325501
0.00319501
0.00315123
0.00311954
0.00309583
0.00307744
0.00306253
0.0030498
0.00303838
0.00302763
0.0030171
0.00300645
0.00299545
0.00298389
0.00297166
0.00295866
0.00294481
0.00293009
0.00291449
0.00289801
0.0028807
0.0028626
0.00284381
0.00282441
0.00280453
0.0027843
0.0027649
0.00274652
0.00272912
0.00271268
0.00269717
0.00268253
0.00266872
0.00265569
0.0026434
0.00263179
0.00262082
0.00261042
0.00260057
0.0025912
0.00258228
0.00257375
0.00256557
0.00255769
0.00255037
0.00254365
0.00253746
0.00253179
0.00252659
0.00252185
0.00251753
0.00251361
0.00251007
0.0025069
0.00250408
0.00250159
0.00249943
0.00249759
0.00249607
0.00249485
0.00249394
0.00249333
0.00249304
0.00249307
0.00249343
0.00249413
0.00249519
0.00249665
0.00249852
0.00250083
0.0025037
0.0025073
0.00251154
0.0025157
0.00252314
0.00254283
0.00247643
0.00327962
0.00323247
0.00317551
0.00311419
0.00306497
0.00302783
0.00300019
0.00297909
0.00296253
0.00294899
0.0029374
0.00292702
0.0029173
0.00290784
0.00289835
0.00288862
0.00287848
0.00286784
0.00285661
0.00284475
0.00283223
0.00281908
0.00280531
0.00279098
0.00277616
0.00276095
0.00274543
0.00272974
0.002714
0.00269832
0.00268284
0.00266768
0.00265293
0.0026387
0.00262505
0.00261203
0.0025997
0.00258807
0.00257715
0.00256694
0.00255742
0.00254856
0.00254035
0.00253275
0.00252572
0.00251924
0.00251328
0.0025078
0.00250277
0.00249816
0.00249396
0.00249012
0.00248665
0.00248351
0.00248069
0.00247818
0.00247597
0.00247404
0.00247238
0.002471
0.00246988
0.00246902
0.00246842
0.00246809
0.00246802
0.00246822
0.00246869
0.00246946
0.00247051
0.00247189
0.0024736
0.00247569
0.00247816
0.00248112
0.00248474
0.00248895
0.0024932
0.00250074
0.00252158
0.00246117
0.0031251
0.00308531
0.00303275
0.00298353
0.00294412
0.00291321
0.00288941
0.00287076
0.00285578
0.0028433
0.00283247
0.00282267
0.00281343
0.00280442
0.0027954
0.00278619
0.00277666
0.00276672
0.00275632
0.00274543
0.00273406
0.00272223
0.00270997
0.00269735
0.00268445
0.00267135
0.00265815
0.00264496
0.00263188
0.00261901
0.00260644
0.00259425
0.00258252
0.00257131
0.00256064
0.00255055
0.00254106
0.00253216
0.00252384
0.00251611
0.00250893
0.00250227
0.00249613
0.00249046
0.00248524
0.00248045
0.00247606
0.00247204
0.00246837
0.00246504
0.00246202
0.00245929
0.00245685
0.00245468
0.00245276
0.0024511
0.00244968
0.00244849
0.00244753
0.00244679
0.00244628
0.002446
0.00244593
0.0024461
0.00244648
0.00244711
0.00244797
0.00244908
0.00245045
0.0024521
0.00245405
0.00245632
0.00245894
0.00246197
0.0024656
0.00246974
0.00247394
0.00248105
0.00249992
0.00244848
0.00295905
0.00293469
0.0028989
0.00286325
0.0028329
0.00280808
0.00278829
0.00277235
0.00275925
0.00274813
0.00273834
0.00272938
0.00272089
0.00271259
0.00270428
0.00269582
0.00268712
0.0026781
0.00266873
0.00265901
0.00264895
0.00263859
0.00262797
0.00261716
0.00260623
0.00259527
0.00258435
0.00257356
0.00256298
0.00255268
0.00254274
0.00253319
0.00252408
0.00251544
0.0025073
0.00249965
0.00249249
0.00248583
0.00247963
0.0024739
0.0024686
0.00246372
0.00245923
0.00245512
0.00245135
0.00244791
0.00244478
0.00244195
0.00243938
0.00243708
0.00243503
0.00243321
0.00243162
0.00243025
0.00242909
0.00242813
0.00242737
0.00242681
0.00242644
0.00242627
0.00242628
0.00242649
0.00242689
0.00242748
0.00242827
0.00242927
0.00243048
0.0024319
0.00243356
0.00243546
0.00243762
0.00244006
0.00244281
0.00244593
0.00244956
0.00245364
0.00245779
0.0024645
0.00248155
0.0024381
0.00281045
0.00279928
0.00277708
0.00275271
0.00273052
0.00271152
0.00269578
0.00268273
0.00267174
0.00266224
0.00265373
0.00264587
0.00263836
0.00263099
0.00262361
0.00261612
0.00260844
0.00260053
0.00259237
0.00258398
0.00257537
0.0025666
0.0025577
0.00254874
0.00253978
0.00253089
0.00252215
0.0025136
0.00250531
0.00249732
0.00248969
0.00248242
0.00247556
0.0024691
0.00246305
0.00245742
0.00245218
0.00244733
0.00244286
0.00243875
0.00243497
0.00243152
0.00242836
0.0024255
0.0024229
0.00242056
0.00241846
0.00241659
0.00241493
0.00241348
0.00241223
0.00241117
0.00241029
0.00240959
0.00240906
0.00240871
0.00240852
0.0024085
0.00240864
0.00240895
0.00240942
0.00241006
0.00241087
0.00241184
0.002413
0.00241433
0.00241586
0.00241757
0.00241949
0.00242162
0.00242398
0.00242659
0.00242947
0.00243267
0.00243631
0.00244035
0.00244446
0.00245082
0.00246618
0.00242983
0.00268045
0.00267847
0.00266671
0.00265156
0.00263653
0.00262291
0.00261115
0.00260107
0.00259236
0.00258466
0.00257766
0.0025711
0.00256477
0.00255854
0.00255229
0.00254594
0.00253945
0.0025328
0.002526
0.00251905
0.00251199
0.00250486
0.0024977
0.00249057
0.00248352
0.0024766
0.00246987
0.00246336
0.00245711
0.00245116
0.00244552
0.00244021
0.00243523
0.00243059
0.00242628
0.0024223
0.00241863
0.00241526
0.00241218
0.00240938
0.00240684
0.00240454
0.00240247
0.00240063
0.00239899
0.00239755
0.00239629
0.00239522
0.00239431
0.00239357
0.00239299
0.00239256
0.00239229
0.00239216
0.00239218
0.00239234
0.00239265
0.0023931
0.00239369
0.00239442
0.00239531
0.00239633
0.00239751
0.00239884
0.00240033
0.00240197
0.00240379
0.00240577
0.00240794
0.00241029
0.00241285
0.00241562
0.00241863
0.00242192
0.00242559
0.00242961
0.00243371
0.00243973
0.00245356
0.00242348
0.0025671
0.0025714
0.00256743
0.00255963
0.0025507
0.00254194
0.00253395
0.00252682
0.00252046
0.0025147
0.00250935
0.00250425
0.00249929
0.00249435
0.00248938
0.00248432
0.00247916
0.0024739
0.00246853
0.00246309
0.00245761
0.00245212
0.00244667
0.00244129
0.00243603
0.00243093
0.00242602
0.00242133
0.00241687
0.00241266
0.00240873
0.00240505
0.00240165
0.00239852
0.00239564
0.00239301
0.00239062
0.00238846
0.00238652
0.00238479
0.00238325
0.0023819
0.00238072
0.00237971
0.00237886
0.00237816
0.00237761
0.0023772
0.00237693
0.00237679
0.00237678
0.0023769
0.00237715
0.00237752
0.00237801
0.00237863
0.00237937
0.00238024
0.00238124
0.00238236
0.00238361
0.002385
0.00238652
0.00238817
0.00238997
0.00239191
0.002394
0.00239624
0.00239865
0.00240122
0.00240397
0.00240692
0.00241006
0.00241345
0.00241717
0.00242119
0.00242528
0.00243102
0.00244347
0.00241891
0.00246879
0.00247724
0.00247895
0.00247685
0.00247298
0.00246845
0.00246392
0.00245963
0.00245562
0.00245185
0.00244825
0.00244473
0.00244124
0.00243772
0.00243414
0.00243047
0.00242672
0.00242289
0.002419
0.00241508
0.00241115
0.00240725
0.00240342
0.00239968
0.00239606
0.00239258
0.00238928
0.00238617
0.00238325
0.00238053
0.00237802
0.00237573
0.00237363
0.00237173
0.00237003
0.00236851
0.00236717
0.002366
0.00236499
0.00236413
0.00236342
0.00236285
0.00236241
0.0023621
0.00236191
0.00236184
0.00236188
0.00236204
0.00236231
0.00236268
0.00236317
0.00236377
0.00236447
0.00236528
0.0023662
0.00236722
0.00236836
0.00236961
0.00237098
0.00237246
0.00237406
0.00237577
0.00237761
0.00237958
0.00238167
0.0023839
0.00238626
0.00238875
0.00239139
0.00239419
0.00239714
0.00240026
0.00240355
0.00240705
0.00241084
0.00241488
0.00241898
0.00242449
0.00243572
0.00241595
0.00238408
0.00239518
0.00240088
0.0024031
0.0024033
0.00240237
0.00240093
0.00239927
0.00239752
0.00239573
0.0023939
0.00239202
0.00239006
0.00238801
0.00238587
0.00238363
0.00238132
0.00237893
0.0023765
0.00237405
0.00237161
0.0023692
0.00236686
0.00236459
0.00236243
0.0023604
0.00235849
0.00235673
0.00235512
0.00235365
0.00235234
0.00235118
0.00235017
0.00234929
0.00234856
0.00234796
0.00234748
0.00234712
0.00234688
0.00234675
0.00234672
0.0023468
0.00234698
0.00234726
0.00234763
0.00234809
0.00234865
0.0023493
0.00235004
0.00235087
0.00235179
0.00235281
0.00235392
0.00235513
0.00235643
0.00235783
0.00235933
0.00236094
0.00236265
0.00236447
0.00236639
0.00236842
0.00237057
0.00237284
0.00237522
0.00237772
0.00238035
0.0023831
0.00238598
0.00238899
0.00239215
0.00239545
0.0023989
0.00240254
0.00240641
0.00241049
0.00241462
0.00241995
0.00243011
0.00241449
0.00231159
0.0023243
0.00233273
0.00233815
0.00234154
0.00234359
0.00234482
0.00234553
0.00234589
0.002346
0.00234591
0.00234565
0.00234522
0.00234465
0.00234394
0.00234312
0.0023422
0.00234121
0.00234017
0.00233911
0.00233804
0.00233699
0.00233598
0.00233503
0.00233415
0.00233335
0.00233264
0.00233203
0.00233151
0.0023311
0.00233078
0.00233056
0.00233044
0.00233042
0.00233048
0.00233064
0.00233088
0.0023312
0.0023316
0.00233208
0.00233263
0.00233326
0.00233397
0.00233475
0.0023356
0.00233653
0.00233754
0.00233862
0.00233978
0.00234102
0.00234233
0.00234374
0.00234522
0.00234679
0.00234845
0.00235021
0.00235205
0.00235399
0.00235603
0.00235817
0.00236041
0.00236275
0.0023652
0.00236776
0.00237043
0.0023732
0.0023761
0.0023791
0.00238223
0.00238547
0.00238884
0.00239234
0.00239597
0.00239974
0.00240372
0.00240787
0.00241206
0.00241724
0.00242646
0.00241443
0.00224994
0.00226358
0.00227386
0.00228159
0.00228743
0.00229188
0.00229537
0.00229816
0.00230043
0.00230231
0.00230385
0.00230513
0.00230618
0.00230703
0.0023077
0.00230823
0.00230864
0.00230896
0.00230921
0.0023094
0.00230957
0.00230973
0.0023099
0.00231009
0.0023103
0.00231056
0.00231086
0.00231121
0.00231162
0.00231208
0.00231259
0.00231316
0.00231379
0.00231447
0.0023152
0.00231599
0.00231683
0.00231772
0.00231866
0.00231966
0.00232072
0.00232182
0.00232299
0.00232421
0.00232549
0.00232683
0.00232824
0.00232971
0.00233125
0.00233286
0.00233454
0.0023363
0.00233813
0.00234005
0.00234205
0.00234413
0.00234631
0.00234857
0.00235093
0.00235338
0.00235593
0.00235858
0.00236133
0.00236418
0.00236713
0.00237019
0.00237336
0.00237663
0.00238
0.00238349
0.00238708
0.00239078
0.00239459
0.00239853
0.00240263
0.00240687
0.00241114
0.00241621
0.00242464
0.00241568
0.00219776
0.00221192
0.00222343
0.00223281
0.00224051
0.00224687
0.00225223
0.00225679
0.00226075
0.0022642
0.00226725
0.00226996
0.00227238
0.00227455
0.00227651
0.00227829
0.00227991
0.00228142
0.00228282
0.00228414
0.0022854
0.00228661
0.0022878
0.00228896
0.00229011
0.00229127
0.00229242
0.00229358
0.00229476
0.00229595
0.00229716
0.00229839
0.00229963
0.00230091
0.00230221
0.00230353
0.00230488
0.00230627
0.00230768
0.00230913
0.00231062
0.00231215
0.00231372
0.00231534
0.002317
0.00231872
0.00232049
0.00232232
0.00232422
0.00232617
0.0023282
0.00233029
0.00233246
0.0023347
0.00233703
0.00233944
0.00234193
0.00234451
0.00234719
0.00234995
0.00235281
0.00235577
0.00235882
0.00236197
0.00236521
0.00236856
0.002372
0.00237554
0.00237918
0.00238291
0.00238674
0.00239066
0.00239467
0.00239879
0.00240303
0.00240738
0.00241174
0.00241675
0.00242452
0.00241816
0.00215368
0.00216814
0.00218048
0.00219106
0.00220015
0.00220801
0.00221488
0.00222094
0.00222633
0.00223118
0.00223557
0.00223956
0.00224322
0.00224658
0.0022497
0.0022526
0.00225531
0.00225787
0.00226029
0.00226259
0.00226479
0.00226692
0.00226897
0.00227096
0.00227291
0.00227482
0.00227669
0.00227854
0.00228036
0.00228217
0.00228396
0.00228575
0.00228753
0.00228931
0.00229109
0.00229288
0.00229468
0.00229649
0.00229832
0.00230018
0.00230205
0.00230396
0.0023059
0.00230788
0.0023099
0.00231197
0.00231408
0.00231625
0.00231848
0.00232076
0.00232312
0.00232554
0.00232803
0.0023306
0.00233325
0.00233598
0.00233879
0.00234169
0.00234468
0.00234776
0.00235093
0.00235419
0.00235755
0.00236101
0.00236455
0.00236819
0.00237192
0.00237574
0.00237965
0.00238365
0.00238772
0.00239187
0.0023961
0.00240041
0.00240481
0.00240929
0.00241377
0.00241875
0.00242596
0.00242179
0.00211639
0.00213104
0.00214398
0.00215542
0.00216558
0.00217461
0.0021827
0.00219
0.00219661
0.00220266
0.0022082
0.00221332
0.00221807
0.00222249
0.00222663
0.00223051
0.00223418
0.00223765
0.00224095
0.0022441
0.00224711
0.00225001
0.0022528
0.0022555
0.00225812
0.00226067
0.00226315
0.00226558
0.00226795
0.00227029
0.00227258
0.00227485
0.00227709
0.00227931
0.00228152
0.00228372
0.00228592
0.00228811
0.00229032
0.00229254
0.00229477
0.00229703
0.00229931
0.00230163
0.00230399
0.00230638
0.00230883
0.00231132
0.00231387
0.00231648
0.00231916
0.0023219
0.00232472
0.00232761
0.00233058
0.00233363
0.00233676
0.00233999
0.0023433
0.0023467
0.00235019
0.00235377
0.00235745
0.00236122
0.00236507
0.00236902
0.00237305
0.00237716
0.00238135
0.00238562
0.00238995
0.00239435
0.00239881
0.00240332
0.00240789
0.00241252
0.00241712
0.00242211
0.00242886
0.00242653
0.00208464
0.00209946
0.00211285
0.00212496
0.00213594
0.0021459
0.00215498
0.00216329
0.00217093
0.00217799
0.00218453
0.00219062
0.00219631
0.00220165
0.00220667
0.0022114
0.00221589
0.00222015
0.00222421
0.00222808
0.00223179
0.00223535
0.00223877
0.00224208
0.00224527
0.00224836
0.00225137
0.00225429
0.00225715
0.00225994
0.00226267
0.00226536
0.00226801
0.00227063
0.00227322
0.00227579
0.00227834
0.00228089
0.00228345
0.002286
0.00228858
0.00229116
0.00229378
0.00229642
0.0022991
0.00230182
0.00230459
0.0023074
0.00231027
0.00231321
0.00231621
0.00231927
0.00232241
0.00232563
0.00232893
0.00233231
0.00233577
0.00233932
0.00234297
0.0023467
0.00235052
0.00235443
0.00235844
0.00236253
0.00236671
0.00237097
0.00237531
0.00237973
0.00238422
0.00238877
0.00239337
0.00239803
0.00240272
0.00240745
0.00241222
0.002417
0.00242174
0.00242676
0.00243315
0.00243234
0.00205729
0.0020723
0.00208607
0.00209872
0.00211036
0.00212108
0.00213097
0.00214012
0.00214862
0.00215652
0.00216391
0.00217083
0.00217733
0.00218345
0.00218923
0.0021947
0.00219989
0.00220483
0.00220953
0.00221403
0.00221833
0.00222246
0.00222643
0.00223025
0.00223395
0.00223752
0.00224098
0.00224434
0.00224762
0.00225081
0.00225394
0.00225701
0.00226003
0.00226301
0.00226595
0.00226887
0.00227176
0.00227465
0.00227753
0.00228041
0.00228331
0.00228622
0.00228915
0.00229212
0.00229512
0.00229816
0.00230125
0.00230439
0.00230758
0.00231084
0.00231417
0.00231757
0.00232104
0.00232459
0.00232822
0.00233194
0.00233575
0.00233964
0.00234363
0.00234771
0.00235187
0.00235613
0.00236047
0.00236491
0.00236942
0.00237402
0.00237868
0.00238342
0.00238821
0.00239306
0.00239795
0.00240287
0.00240781
0.00241277
0.00241773
0.00242268
0.00242757
0.00243263
0.00243874
0.00243918
0.00203333
0.00204855
0.00206268
0.00207581
0.00208801
0.00209935
0.00210992
0.00211978
0.00212899
0.00213763
0.00214573
0.00215336
0.00216055
0.00216735
0.00217378
0.00217989
0.00218569
0.00219121
0.00219648
0.00220151
0.00220634
0.00221096
0.00221541
0.00221969
0.00222382
0.00222781
0.00223168
0.00223544
0.0022391
0.00224267
0.00224616
0.00224959
0.00225295
0.00225627
0.00225954
0.00226279
0.00226601
0.00226922
0.00227243
0.00227563
0.00227885
0.00228208
0.00228533
0.00228862
0.00229194
0.00229531
0.00229872
0.00230219
0.00230572
0.00230932
0.00231298
0.00231672
0.00232054
0.00232444
0.00232843
0.0023325
0.00233666
0.00234091
0.00234526
0.00234969
0.00235422
0.00235883
0.00236354
0.00236832
0.00237319
0.00237813
0.00238313
0.0023882
0.00239332
0.00239847
0.00240365
0.00240885
0.00241405
0.00241924
0.00242441
0.00242953
0.00243457
0.00243969
0.00244558
0.00244703
0.00201188
0.00202736
0.00204184
0.0020554
0.0020681
0.00208
0.00209115
0.00210162
0.00211146
0.00212071
0.00212944
0.00213768
0.00214548
0.00215286
0.00215986
0.00216652
0.00217285
0.00217889
0.00218466
0.00219017
0.00219545
0.00220052
0.0022054
0.00221009
0.00221462
0.002219
0.00222325
0.00222738
0.0022314
0.00223532
0.00223915
0.00224291
0.00224661
0.00225026
0.00225386
0.00225743
0.00226098
0.00226451
0.00226803
0.00227156
0.0022751
0.00227866
0.00228224
0.00228586
0.00228951
0.00229321
0.00229697
0.00230078
0.00230465
0.0023086
0.00231262
0.00231671
0.00232089
0.00232516
0.00232951
0.00233395
0.00233849
0.00234311
0.00234783
0.00235265
0.00235755
0.00236255
0.00236762
0.00237278
0.00237801
0.00238331
0.00238867
0.00239408
0.00239953
0.002405
0.00241049
0.00241597
0.00242143
0.00242686
0.00243223
0.00243753
0.00244271
0.00244791
0.00245363
0.00245588
0.00199221
0.00200799
0.00202284
0.00203682
0.00204999
0.00206238
0.00207406
0.00208507
0.00209546
0.00210527
0.00211455
0.00212333
0.00213166
0.00213956
0.00214707
0.00215422
0.00216103
0.00216754
0.00217375
0.0021797
0.0021854
0.00219088
0.00219615
0.00220123
0.00220614
0.00221089
0.0022155
0.00221997
0.00222434
0.0022286
0.00223277
0.00223686
0.00224089
0.00224486
0.00224879
0.00225269
0.00225656
0.00226042
0.00226428
0.00226814
0.00227201
0.0022759
0.00227982
0.00228378
0.00228778
0.00229183
0.00229594
0.00230011
0.00230435
0.00230866
0.00231305
0.00231753
0.00232209
0.00232673
0.00233147
0.00233631
0.00234124
0.00234626
0.00235138
0.00235659
0.00236189
0.00236728
0.00237275
0.0023783
0.00238391
0.00238959
0.00239532
0.00240108
0.00240687
0.00241267
0.00241847
0.00242424
0.00242997
0.00243563
0.00244121
0.00244669
0.00245201
0.00245727
0.00246286
0.00246573
0.00197374
0.00198986
0.00200509
0.0020195
0.00203311
0.00204598
0.00205814
0.00206965
0.00208054
0.00209086
0.00210063
0.00210991
0.00211873
0.00212711
0.00213509
0.00214269
0.00214995
0.00215688
0.00216351
0.00216987
0.00217597
0.00218184
0.00218749
0.00219294
0.00219821
0.00220332
0.00220827
0.0022131
0.0022178
0.0022224
0.00222691
0.00223134
0.0022357
0.00224001
0.00224427
0.00224851
0.00225272
0.00225692
0.00226111
0.00226532
0.00226954
0.00227378
0.00227806
0.00228238
0.00228674
0.00229116
0.00229565
0.0023002
0.00230482
0.00230952
0.00231431
0.00231918
0.00232414
0.0023292
0.00233435
0.0023396
0.00234495
0.00235039
0.00235593
0.00236156
0.00236728
0.00237308
0.00237896
0.00238492
0.00239093
0.002397
0.00240311
0.00240924
0.00241538
0.00242152
0.00242763
0.00243369
0.00243968
0.00244558
0.00245137
0.002457
0.00246246
0.00246778
0.00247326
0.0024766
0.001956
0.0019725
0.00198814
0.00200297
0.00201703
0.00203035
0.00204299
0.00205497
0.00206634
0.00207713
0.00208738
0.00209713
0.0021064
0.00211524
0.00212366
0.00213169
0.00213937
0.00214672
0.00215375
0.00216051
0.00216699
0.00217324
0.00217926
0.00218508
0.00219071
0.00219617
0.00220149
0.00220666
0.00221171
0.00221666
0.00222151
0.00222629
0.002231
0.00223565
0.00224026
0.00224485
0.00224941
0.00225397
0.00225852
0.00226309
0.00226768
0.00227229
0.00227695
0.00228165
0.00228641
0.00229122
0.0022961
0.00230106
0.00230609
0.00231121
0.00231641
0.00232171
0.0023271
0.00233259
0.00233818
0.00234387
0.00234966
0.00235555
0.00236153
0.0023676
0.00237376
0.00238001
0.00238632
0.0023927
0.00239913
0.00240561
0.00241211
0.00241862
0.00242512
0.00243159
0.00243802
0.00244437
0.00245063
0.00245675
0.00246273
0.00246852
0.00247409
0.00247946
0.00248484
0.00248852
0.00193867
0.00195557
0.00197164
0.00198691
0.00200141
0.0020152
0.0020283
0.00204074
0.00205258
0.00206383
0.00207455
0.00208475
0.00209447
0.00210374
0.00211259
0.00212105
0.00212914
0.0021369
0.00214433
0.00215148
0.00215836
0.00216498
0.00217138
0.00217757
0.00218357
0.0021894
0.00219507
0.00220061
0.00220602
0.00221133
0.00221654
0.00222168
0.00222675
0.00223177
0.00223675
0.00224171
0.00224665
0.00225158
0.00225652
0.00226147
0.00226646
0.00227147
0.00227653
0.00228164
0.00228681
0.00229205
0.00229735
0.00230274
0.00230822
0.00231378
0.00231943
0.00232518
0.00233104
0.00233699
0.00234304
0.0023492
0.00235546
0.00236181
0.00236827
0.00237481
0.00238143
0.00238813
0.0023949
0.00240172
0.00240859
0.00241548
0.00242239
0.00242928
0.00243615
0.00244297
0.00244971
0.00245635
0.00246286
0.00246921
0.00247536
0.00248129
0.00248695
0.00249235
0.00249763
0.00250152
0.0019215
0.00193884
0.00195534
0.00197107
0.00198603
0.00200028
0.00201385
0.00202676
0.00203906
0.00205078
0.00206194
0.0020726
0.00208276
0.00209247
0.00210176
0.00211064
0.00211915
0.00212732
0.00213517
0.00214271
0.00214998
0.002157
0.00216379
0.00217037
0.00217675
0.00218296
0.00218901
0.00219493
0.00220072
0.00220641
0.002212
0.00221752
0.00222298
0.00222839
0.00223376
0.00223911
0.00224445
0.00224979
0.00225514
0.00226051
0.00226592
0.00227136
0.00227685
0.0022824
0.00228802
0.00229371
0.00229947
0.00230533
0.00231127
0.00231731
0.00232344
0.00232968
0.00233603
0.00234247
0.00234902
0.00235568
0.00236244
0.00236929
0.00237624
0.00238327
0.00239039
0.00239757
0.00240481
0.00241209
0.00241941
0.00242673
0.00243405
0.00244134
0.00244858
0.00245574
0.00246279
0.00246971
0.00247646
0.00248301
0.00248933
0.00249537
0.0025011
0.0025065
0.00251167
0.00251568
0.00190435
0.00192213
0.00193911
0.0019553
0.00197074
0.00198546
0.0019995
0.00201289
0.00202566
0.00203784
0.00204947
0.00206058
0.0020712
0.00208136
0.00209109
0.00210041
0.00210935
0.00211794
0.00212621
0.00213417
0.00214185
0.00214928
0.00215647
0.00216345
0.00217024
0.00217685
0.00218331
0.00218962
0.00219582
0.00220191
0.00220792
0.00221385
0.00221972
0.00222554
0.00223134
0.00223712
0.00224289
0.00224866
0.00225445
0.00226027
0.00226613
0.00227204
0.002278
0.00228402
0.00229012
0.00229629
0.00230256
0.00230891
0.00231536
0.00232191
0.00232856
0.00233532
0.00234219
0.00234916
0.00235624
0.00236343
0.00237071
0.00237809
0.00238557
0.00239312
0.00240075
0.00240843
0.00241616
0.00242393
0.0024317
0.00243947
0.00244721
0.0024549
0.00246251
0.00247001
0.00247737
0.00248456
0.00249154
0.00249828
0.00250473
0.00251086
0.00251662
0.002522
0.00252704
0.00253107
0.00188713
0.00190539
0.00192284
0.00193952
0.00195544
0.00197065
0.00198518
0.00199905
0.00201231
0.00202497
0.00203708
0.00204866
0.00205975
0.00207037
0.00208055
0.00209033
0.00209972
0.00210875
0.00211745
0.00212585
0.00213397
0.00214183
0.00214945
0.00215686
0.00216407
0.00217111
0.002178
0.00218475
0.00219137
0.0021979
0.00220434
0.00221071
0.00221703
0.00222331
0.00222956
0.00223579
0.00224203
0.00224828
0.00225455
0.00226085
0.0022672
0.0022736
0.00228007
0.00228661
0.00229322
0.00229992
0.00230672
0.00231361
0.0023206
0.0023277
0.00233491
0.00234223
0.00234965
0.00235719
0.00236483
0.00237258
0.00238043
0.00238837
0.0023964
0.0024045
0.00241266
0.00242087
0.00242911
0.00243737
0.00244562
0.00245385
0.00246202
0.0024701
0.00247808
0.00248592
0.00249357
0.00250102
0.00250821
0.00251511
0.00252167
0.00252786
0.00253363
0.00253895
0.00254383
0.0025478
0.00186985
0.00188859
0.00190654
0.00192371
0.00194013
0.00195585
0.00197088
0.00198525
0.00199901
0.00201217
0.00202477
0.00203684
0.00204841
0.00205951
0.00207017
0.00208042
0.00209028
0.00209978
0.00210894
0.0021178
0.00212638
0.0021347
0.00214278
0.00215064
0.00215831
0.00216581
0.00217316
0.00218037
0.00218746
0.00219445
0.00220137
0.00220822
0.00221501
0.00222178
0.00222852
0.00223525
0.00224199
0.00224875
0.00225554
0.00226237
0.00226925
0.00227619
0.00228321
0.0022903
0.00229747
0.00230474
0.00231211
0.00231958
0.00232716
0.00233485
0.00234265
0.00235056
0.00235859
0.00236673
0.00237497
0.00238332
0.00239176
0.00240029
0.0024089
0.00241757
0.0024263
0.00243505
0.00244383
0.00245259
0.00246133
0.00247002
0.00247862
0.00248711
0.00249545
0.00250361
0.00251155
0.00251923
0.00252661
0.00253365
0.0025403
0.00254651
0.00255225
0.00255746
0.00256216
0.00256598
0.00185254
0.00187178
0.00189023
0.00190791
0.00192485
0.00194108
0.00195663
0.00197152
0.00198579
0.00199947
0.00201258
0.00202516
0.00203724
0.00204884
0.00206
0.00207074
0.0020811
0.00209109
0.00210075
0.0021101
0.00211916
0.00212797
0.00213654
0.00214489
0.00215305
0.00216104
0.00216888
0.00217659
0.00218418
0.00219168
0.00219911
0.00220647
0.00221379
0.00222108
0.00222835
0.00223563
0.00224292
0.00225023
0.00225758
0.00226498
0.00227243
0.00227996
0.00228756
0.00229525
0.00230303
0.00231092
0.0023189
0.002327
0.00233521
0.00234353
0.00235197
0.00236052
0.00236919
0.00237797
0.00238685
0.00239583
0.0024049
0.00241405
0.00242327
0.00243254
0.00244185
0.00245118
0.0024605
0.00246979
0.00247902
0.00248818
0.00249721
0.0025061
0.0025148
0.00252327
0.00253148
0.00253938
0.00254693
0.00255407
0.00256077
0.00256698
0.00257263
0.00257771
0.00258218
0.00258579
0.00183531
0.00185505
0.00187401
0.00189222
0.00190968
0.00192644
0.00194252
0.00195795
0.00197275
0.00198696
0.0020006
0.00201371
0.00202632
0.00203845
0.00205013
0.0020614
0.00207228
0.00208279
0.00209297
0.00210284
0.00211243
0.00212175
0.00213085
0.00213972
0.00214841
0.00215693
0.00216531
0.00217355
0.00218169
0.00218973
0.00219771
0.00220563
0.00221351
0.00222137
0.00222923
0.00223708
0.00224496
0.00225288
0.00226084
0.00226885
0.00227693
0.00228509
0.00229333
0.00230167
0.00231011
0.00231865
0.0023273
0.00233607
0.00234495
0.00235396
0.00236308
0.00237232
0.00238167
0.00239112
0.00240068
0.00241034
0.00242007
0.00242988
0.00243974
0.00244964
0.00245955
0.00246947
0.00247935
0.00248918
0.00249892
0.00250854
0.00251801
0.00252729
0.00253634
0.00254511
0.00255357
0.00256167
0.00256935
0.00257657
0.00258329
0.00258944
0.00259499
0.00259988
0.00260409
0.00260742
0.00181829
0.00183855
0.00185803
0.00187676
0.00189476
0.00191206
0.00192869
0.00194466
0.00196001
0.00197477
0.00198897
0.00200263
0.00201579
0.00202847
0.00204071
0.00205253
0.00206396
0.00207502
0.00208576
0.00209618
0.00210632
0.00211621
0.00212586
0.0021353
0.00214455
0.00215364
0.00216259
0.00217142
0.00218014
0.00218878
0.00219735
0.00220587
0.00221437
0.00222285
0.00223132
0.00223982
0.00224834
0.00225691
0.00226552
0.00227421
0.00228296
0.00229181
0.00230074
0.00230978
0.00231892
0.00232817
0.00233755
0.00234704
0.00235665
0.00236638
0.00237623
0.0023862
0.00239628
0.00240646
0.00241674
0.0024271
0.00243754
0.00244803
0.00245856
0.00246911
0.00247966
0.00249018
0.00250064
0.00251101
0.00252127
0.00253136
0.00254126
0.00255093
0.00256031
0.00256937
0.00257806
0.00258632
0.00259412
0.00260139
0.00260808
0.00261415
0.00261954
0.00262421
0.00262811
0.0026311
0.00180169
0.00182245
0.00184246
0.00186172
0.00188027
0.00189812
0.0019153
0.00193183
0.00194775
0.00196308
0.00197785
0.00199209
0.00200582
0.00201908
0.0020319
0.0020443
0.00205631
0.00206796
0.00207928
0.0020903
0.00210103
0.00211151
0.00212176
0.00213181
0.00214167
0.00215137
0.00216094
0.00217039
0.00217974
0.00218902
0.00219824
0.00220742
0.00221657
0.00222572
0.00223488
0.00224406
0.00225328
0.00226255
0.00227188
0.00228129
0.00229078
0.00230036
0.00231005
0.00231984
0.00232974
0.00233977
0.00234991
0.00236018
0.00237057
0.00238108
0.00239171
0.00240246
0.00241331
0.00242426
0.0024353
0.00244642
0.00245759
0.0024688
0.00248003
0.00249126
0.00250246
0.00251361
0.00252466
0.00253559
0.00254636
0.00255693
0.00256726
0.0025773
0.002587
0.00259633
0.00260523
0.00261364
0.00262151
0.0026288
0.00263544
0.00264139
0.00264659
0.00265099
0.00265454
0.00265715
0.00178575
0.00180701
0.00182754
0.00184733
0.00186643
0.00188483
0.00190258
0.00191969
0.00193619
0.00195211
0.00196747
0.0019823
0.00199663
0.0020105
0.00202392
0.00203693
0.00204956
0.00206183
0.00207377
0.00208541
0.00209678
0.00210789
0.00211878
0.00212948
0.00213999
0.00215036
0.00216059
0.00217071
0.00218075
0.00219072
0.00220063
0.00221052
0.00222039
0.00223027
0.00224016
0.00225009
0.00226007
0.0022701
0.00228021
0.0022904
0.00230068
0.00231106
0.00232155
0.00233216
0.00234289
0.00235374
0.00236471
0.00237581
0.00238704
0.00239839
0.00240985
0.00242143
0.0024331
0.00244487
0.00245671
0.00246862
0.00248056
0.00249253
0.00250449
0.00251643
0.0025283
0.00254009
0.00255175
0.00256324
0.00257453
0.00258557
0.00259632
0.00260673
0.00261675
0.00262633
0.00263541
0.00264394
0.00265187
0.00265914
0.0026657
0.0026715
0.00267647
0.00268056
0.00268374
0.00268591
0.00177075
0.00179251
0.00181355
0.00183388
0.00185352
0.00187249
0.0018908
0.0019085
0.00192559
0.00194211
0.00195808
0.00197353
0.00198848
0.00200298
0.00201704
0.00203069
0.00204396
0.00205689
0.00206949
0.00208179
0.00209383
0.00210562
0.0021172
0.00212858
0.0021398
0.00215088
0.00216183
0.00217268
0.00218345
0.00219416
0.00220484
0.00221549
0.00222614
0.0022368
0.00224749
0.00225823
0.00226902
0.00227988
0.00229083
0.00230186
0.002313
0.00232425
0.00233561
0.0023471
0.00235871
0.00237045
0.00238232
0.00239432
0.00240644
0.00241868
0.00243103
0.00244349
0.00245604
0.00246867
0.00248136
0.0024941
0.00250686
0.00251961
0.00253234
0.002545
0.00255757
0.00257002
0.00258229
0.00259436
0.00260617
0.00261769
0.00262886
0.00263962
0.00264994
0.00265975
0.002669
0.00267764
0.0026856
0.00269283
0.00269928
0.00270489
0.0027096
0.00271337
0.00271614
0.00271783
0.00175706
0.0017793
0.00180084
0.00182169
0.00184187
0.0018614
0.0018803
0.00189858
0.00191628
0.00193341
0.00195
0.00196609
0.00198169
0.00199684
0.00201156
0.00202588
0.00203984
0.00205345
0.00206675
0.00207976
0.00209251
0.00210502
0.00211733
0.00212946
0.00214143
0.00215326
0.00216499
0.00217662
0.00218819
0.0021997
0.0022112
0.00222268
0.00223416
0.00224568
0.00225723
0.00226884
0.00228052
0.00229228
0.00230413
0.00231608
0.00232815
0.00234033
0.00235264
0.00236507
0.00237764
0.00239033
0.00240316
0.00241612
0.0024292
0.00244239
0.00245569
0.00246909
0.00248257
0.00249611
0.0025097
0.00252331
0.00253692
0.0025505
0.00256402
0.00257744
0.00259073
0.00260385
0.00261676
0.00262941
0.00264175
0.00265374
0.00266532
0.00267644
0.00268704
0.00269708
0.00270648
0.0027152
0.00272318
0.00273036
0.00273668
0.00274208
0.00274652
0.00274993
0.00275227
0.00275346
0.00174507
0.00176777
0.0017898
0.00181117
0.00183189
0.00185198
0.00187145
0.00189033
0.00190863
0.00192639
0.00194363
0.00196036
0.00197663
0.00199246
0.00200787
0.00202289
0.00203756
0.0020519
0.00206593
0.00207969
0.00209319
0.00210648
0.00211957
0.00213249
0.00214527
0.00215792
0.00217047
0.00218295
0.00219537
0.00220776
0.00222013
0.00223251
0.0022449
0.00225734
0.00226983
0.00228238
0.00229502
0.00230775
0.00232058
0.00233353
0.00234659
0.00235978
0.00237311
0.00238656
0.00240015
0.00241388
0.00242774
0.00244172
0.00245583
0.00247004
0.00248435
0.00249875
0.00251321
0.00252772
0.00254225
0.00255678
0.00257128
0.00258572
0.00260006
0.00261427
0.00262831
0.00264212
0.00265568
0.00266892
0.0026818
0.00269426
0.00270626
0.00271773
0.00272862
0.00273888
0.00274843
0.00275723
0.00276521
0.00277233
0.00277851
0.0027837
0.00278784
0.00279089
0.00279277
0.00279343
0.00173528
0.00175842
0.00178092
0.00180279
0.00182404
0.00184467
0.00186472
0.00188419
0.00190312
0.00192151
0.0019394
0.00195681
0.00197376
0.00199029
0.00200642
0.00202217
0.00203759
0.00205268
0.00206749
0.00208204
0.00209635
0.00211046
0.00212438
0.00213815
0.00215178
0.00216532
0.00217876
0.00219215
0.00220549
0.00221882
0.00223214
0.00224548
0.00225886
0.0022723
0.0022858
0.00229938
0.00231305
0.00232683
0.00234072
0.00235474
0.00236889
0.00238317
0.00239759
0.00241215
0.00242684
0.00244167
0.00245664
0.00247172
0.00248692
0.00250222
0.00251761
0.00253307
0.00254857
0.0025641
0.00257963
0.00259513
0.00261057
0.00262591
0.00264111
0.00265613
0.00267094
0.00268547
0.00269969
0.00271354
0.00272697
0.00273993
0.00275235
0.00276418
0.00277536
0.00278584
0.00279555
0.00280443
0.00281243
0.00281948
0.00282552
0.0028305
0.00283435
0.00283702
0.00283845
0.00283856
0.00172827
0.00175182
0.00177477
0.00179712
0.00181887
0.00184005
0.00186067
0.00188073
0.00190027
0.00191931
0.00193786
0.00195595
0.00197361
0.00199087
0.00200774
0.00202426
0.00204045
0.00205635
0.00207197
0.00208736
0.00210252
0.0021175
0.00213231
0.00214699
0.00216155
0.00217602
0.00219043
0.00220479
0.00221913
0.00223346
0.00224782
0.00226221
0.00227665
0.00229116
0.00230576
0.00232045
0.00233525
0.00235016
0.0023652
0.00238038
0.0023957
0.00241116
0.00242676
0.0024425
0.00245839
0.00247441
0.00249056
0.00250682
0.0025232
0.00253966
0.00255619
0.00257278
0.00258939
0.002606
0.00262258
0.0026391
0.00265552
0.0026718
0.0026879
0.00270378
0.00271939
0.00273467
0.00274958
0.00276407
0.00277807
0.00279153
0.0028044
0.00281661
0.00282811
0.00283882
0.00284871
0.00285769
0.00286572
0.00287273
0.00287865
0.00288344
0.00288701
0.00288931
0.00289028
0.00288983
0.00172472
0.00174865
0.00177202
0.00179482
0.00181707
0.00183878
0.00185995
0.00188061
0.00190077
0.00192045
0.00193967
0.00195846
0.00197685
0.00199485
0.00201249
0.00202981
0.00204682
0.00206355
0.00208004
0.0020963
0.00211238
0.00212828
0.00214404
0.00215968
0.00217524
0.00219072
0.00220616
0.00222157
0.00223699
0.00225242
0.00226789
0.00228341
0.002299
0.00231468
0.00233046
0.00234636
0.00236237
0.00237852
0.00239481
0.00241124
0.00242782
0.00244455
0.00246143
0.00247845
0.00249562
0.00251292
0.00253034
0.00254787
0.0025655
0.0025832
0.00260096
0.00261874
0.00263653
0.00265429
0.00267198
0.00268958
0.00270704
0.00272431
0.00274136
0.00275813
0.00277458
0.00279066
0.0028063
0.00282145
0.00283606
0.00285007
0.00286342
0.00287605
0.00288789
0.0028989
0.00290899
0.00291812
0.00292622
0.00293322
0.00293907
0.00294369
0.002947
0.00294896
0.00294946
0.00294844
0.00172546
0.00174973
0.00177348
0.00179672
0.00181944
0.00184166
0.00186338
0.00188462
0.00190539
0.00192572
0.00194563
0.00196513
0.00198426
0.00200303
0.00202147
0.00203961
0.00205748
0.0020751
0.00209249
0.00210969
0.00212673
0.00214362
0.00216039
0.00217707
0.00219369
0.00221026
0.00222681
0.00224337
0.00225994
0.00227655
0.00229323
0.00230998
0.00232682
0.00234377
0.00236083
0.00237803
0.00239537
0.00241285
0.00243048
0.00244828
0.00246622
0.00248433
0.00250259
0.002521
0.00253954
0.00255822
0.00257701
0.0025959
0.00261487
0.0026339
0.00265296
0.00267203
0.00269107
0.00271004
0.00272892
0.00274766
0.00276622
0.00278455
0.0028026
0.00282033
0.00283768
0.00285459
0.00287102
0.0028869
0.00290218
0.00291679
0.00293068
0.00294379
0.00295605
0.0029674
0.00297777
0.00298711
0.00299535
0.00300241
0.00300822
0.00301272
0.00301582
0.00301744
0.0030175
0.0030159
0.00173149
0.00175607
0.00178018
0.00180381
0.00182698
0.00184969
0.00187194
0.00189375
0.00191514
0.00193612
0.00195672
0.00197694
0.00199683
0.0020164
0.00203567
0.00205467
0.00207344
0.00209198
0.00211034
0.00212853
0.00214659
0.00216453
0.00218239
0.00220019
0.00221795
0.00223569
0.00225345
0.00227123
0.00228906
0.00230695
0.00232493
0.00234302
0.00236121
0.00237954
0.002398
0.00241662
0.00243539
0.00245432
0.00247342
0.00249269
0.00251212
0.00253171
0.00255147
0.00257137
0.0025914
0.00261156
0.00263183
0.00265218
0.0026726
0.00269305
0.00271351
0.00273394
0.00275432
0.0027746
0.00279474
0.00281471
0.00283444
0.0028539
0.00287303
0.00289179
0.00291011
0.00292795
0.00294524
0.00296193
0.00297796
0.00299327
0.00300779
0.00302147
0.00303424
0.00304603
0.00305679
0.00306643
0.00307489
0.00308209
0.00308796
0.0030924
0.00309533
0.00309666
0.00309628
0.00309409
0.0017441
0.00176893
0.00179335
0.00181735
0.00184093
0.0018641
0.00188687
0.00190925
0.00193124
0.00195288
0.00197417
0.00199514
0.0020158
0.00203619
0.00205633
0.00207623
0.00209594
0.00211546
0.00213484
0.00215409
0.00217324
0.00219231
0.00221133
0.00223033
0.00224933
0.00226834
0.00228739
0.00230651
0.0023257
0.00234499
0.0023644
0.00238393
0.0024036
0.00242343
0.00244342
0.00246358
0.00248391
0.00250442
0.00252511
0.00254598
0.00256702
0.00258824
0.00260961
0.00263112
0.00265277
0.00267453
0.00269639
0.00271832
0.00274029
0.00276227
0.00278424
0.00280615
0.00282797
0.00284965
0.00287116
0.00289244
0.00291346
0.00293415
0.00295446
0.00297435
0.00299376
0.00301263
0.0030309
0.00304852
0.00306542
0.00308155
0.00309684
0.00311122
0.00312463
0.00313701
0.00314827
0.00315835
0.00316716
0.00317461
0.00318062
0.00318509
0.00318791
0.00318898
0.00318817
0.00318537
0.00176488
0.00178991
0.00181459
0.00183892
0.00186288
0.00188649
0.00190976
0.00193268
0.00195528
0.00197757
0.00199957
0.00202129
0.00204276
0.00206401
0.00208505
0.0021059
0.0021266
0.00214717
0.00216763
0.00218801
0.00220833
0.00222862
0.0022489
0.00226919
0.00228953
0.00230992
0.00233039
0.00235095
0.00237163
0.00239245
0.0024134
0.00243452
0.00245581
0.00247728
0.00249893
0.00252077
0.00254281
0.00256505
0.00258748
0.00261009
0.00263289
0.00265586
0.00267899
0.00270227
0.00272566
0.00274917
0.00277275
0.00279638
0.00282004
0.00284368
0.00286728
0.00289079
0.00291418
0.00293739
0.00296039
0.00298313
0.00300555
0.0030276
0.00304924
0.00307041
0.00309105
0.00311111
0.00313052
0.00314923
0.00316719
0.00318431
0.00320055
0.00321582
0.00323007
0.0032432
0.00325515
0.00326582
0.00327513
0.00328298
0.00328925
0.00329384
0.00329662
0.00329747
0.00329624
0.0032928
0.00179596
0.00182113
0.00184601
0.00187062
0.00189493
0.00191895
0.00194268
0.00196614
0.00198934
0.00201229
0.00203501
0.00205751
0.00207982
0.00210195
0.00212394
0.0021458
0.00216755
0.00218923
0.00221086
0.00223246
0.00225405
0.00227565
0.0022973
0.00231901
0.0023408
0.0023627
0.00238472
0.00240688
0.00242919
0.00245167
0.00247434
0.00249719
0.00252025
0.00254352
0.002567
0.00259069
0.00261461
0.00263873
0.00266306
0.00268759
0.00271231
0.0027372
0.00276225
0.00278744
0.00281275
0.00283815
0.00286361
0.00288911
0.00291461
0.00294007
0.00296545
0.00299072
0.00301583
0.00304074
0.00306539
0.00308975
0.00311376
0.00313737
0.00316052
0.00318317
0.00320525
0.00322672
0.0032475
0.00326754
0.00328678
0.00330515
0.00332258
0.00333898
0.00335429
0.00336842
0.00338128
0.00339275
0.00340275
0.00341115
0.00341782
0.00342264
0.00342546
0.00342613
0.00342448
0.00342035
0.00184019
0.00186542
0.00189045
0.00191527
0.00193988
0.00196428
0.00198846
0.00201245
0.00203624
0.00205986
0.00208331
0.00210662
0.00212981
0.00215288
0.00217588
0.00219881
0.00222171
0.00224459
0.00226748
0.0022904
0.00231337
0.00233642
0.00235957
0.00238283
0.00240623
0.00242979
0.00245352
0.00247743
0.00250155
0.00252587
0.00255042
0.0025752
0.00260022
0.00262547
0.00265097
0.00267671
0.00270268
0.00272888
0.00275531
0.00278194
0.00280877
0.00283578
0.00286294
0.00289024
0.00291764
0.00294513
0.00297266
0.00300021
0.00302774
0.00305521
0.00308258
0.00310982
0.00313686
0.00316368
0.00319022
0.00321644
0.00324228
0.0032677
0.00329263
0.00331704
0.00334086
0.00336403
0.00338649
0.00340817
0.00342901
0.00344894
0.00346787
0.00348572
0.0035024
0.0035178
0.00353183
0.00354436
0.00355526
0.0035644
0.00357163
0.0035768
0.00357973
0.00358025
0.00357817
0.00357329
0.00190156
0.00192676
0.00195186
0.00197684
0.0020017
0.00202644
0.00205105
0.00207556
0.00209995
0.00212425
0.00214847
0.00217263
0.00219674
0.00222083
0.00224492
0.00226902
0.00229316
0.00231736
0.00234163
0.00236602
0.00239052
0.00241517
0.00243998
0.00246497
0.00249016
0.00251557
0.0025412
0.00256707
0.0025932
0.00261958
0.00264623
0.00267315
0.00270034
0.00272781
0.00275555
0.00278356
0.00281182
0.00284033
0.00286908
0.00289805
0.00292721
0.00295656
0.00298607
0.0030157
0.00304544
0.00307524
0.00310509
0.00313494
0.00316475
0.00319449
0.00322411
0.00325359
0.00328286
0.00331189
0.00334063
0.00336903
0.00339705
0.00342462
0.00345171
0.00347826
0.0035042
0.00352947
0.00355401
0.00357774
0.0036006
0.00362248
0.00364331
0.00366298
0.00368138
0.0036984
0.00371391
0.00372777
0.00373982
0.00374991
0.00375787
0.0037635
0.00376662
0.00376703
0.0037645
0.00375881
0.00198589
0.00201096
0.00203604
0.00206111
0.00208617
0.00211121
0.00213623
0.00216125
0.00218626
0.00221128
0.00223632
0.0022614
0.00228652
0.00231172
0.00233701
0.00236241
0.00238793
0.0024136
0.00243944
0.00246546
0.00249169
0.00251814
0.00254483
0.00257178
0.00259899
0.00262648
0.00265426
0.00268235
0.00271074
0.00273944
0.00276846
0.00279779
0.00282744
0.00285739
0.00288765
0.0029182
0.00294904
0.00298014
0.00301149
0.00304307
0.00307486
0.00310684
0.00313898
0.00317124
0.00320361
0.00323605
0.00326852
0.00330099
0.00333343
0.00336579
0.00339804
0.00343013
0.00346202
0.00349368
0.00352505
0.00355609
0.00358675
0.00361697
0.0036467
0.00367589
0.00370446
0.00373235
0.00375949
0.00378578
0.00381113
0.00383546
0.00385865
0.00388058
0.00390112
0.00392014
0.00393747
0.00395296
0.00396643
0.00397769
0.00398654
0.00399277
0.00399615
0.00399646
0.00399345
0.00398687
0.00210204
0.00212686
0.00215182
0.00217691
0.00220212
0.00222745
0.00225288
0.00227844
0.00230411
0.00232992
0.00235587
0.00238197
0.00240825
0.00243471
0.00246137
0.00248824
0.00251536
0.00254272
0.00257036
0.00259828
0.00262649
0.00265502
0.00268388
0.00271307
0.00274261
0.00277251
0.00280277
0.00283339
0.00286438
0.00289574
0.00292747
0.00295956
0.00299201
0.0030248
0.00305793
0.00309138
0.00312514
0.00315919
0.00319351
0.00322807
0.00326286
0.00329785
0.003333
0.0033683
0.00340371
0.0034392
0.00347474
0.0035103
0.00354583
0.0035813
0.00361668
0.00365193
0.003687
0.00372186
0.00375645
0.00379073
0.00382465
0.00385814
0.00389115
0.00392361
0.00395545
0.00398658
0.00401692
0.00404636
0.00407479
0.0041021
0.00412816
0.00415283
0.00417594
0.00419735
0.00421686
0.00423428
0.00424942
0.00426206
0.00427196
0.0042789
0.00428261
0.00428284
0.00427932
0.00427176
0.00226423
0.00228871
0.0023135
0.00233858
0.00236394
0.00238958
0.00241549
0.00244167
0.00246813
0.00249487
0.0025219
0.00254923
0.00257688
0.00260485
0.00263315
0.00266181
0.00269083
0.00272022
0.00275001
0.00278019
0.00281078
0.00284178
0.00287322
0.00290508
0.00293738
0.00297011
0.00300329
0.0030369
0.00307095
0.00310542
0.00314032
0.00317563
0.00321134
0.00324744
0.00328391
0.00332074
0.00335791
0.0033954
0.00343318
0.00347123
0.00350954
0.00354806
0.00358679
0.00362568
0.00366471
0.00370386
0.00374308
0.00378236
0.00382165
0.00386092
0.00390014
0.00393926
0.00397825
0.00401705
0.00405562
0.0040939
0.00413184
0.00416936
0.00420639
0.00424286
0.00427867
0.00431372
0.00434791
0.00438111
0.0044132
0.00444402
0.00447344
0.00450128
0.00452736
0.00455149
0.00457347
0.00459308
0.00461009
0.00462426
0.00463534
0.00464306
0.00464715
0.0046473
0.00464324
0.00463464
0.00249694
0.00252118
0.00254591
0.00257113
0.00259681
0.00262297
0.00264958
0.00267666
0.0027042
0.00273221
0.0027607
0.00278966
0.00281911
0.00284905
0.00287948
0.00291043
0.00294189
0.00297387
0.00300637
0.00303941
0.00307297
0.00310707
0.0031417
0.00317687
0.00321257
0.00324879
0.00328554
0.00332279
0.00336055
0.0033988
0.00343754
0.00347673
0.00351638
0.00355646
0.00359696
0.00363786
0.00367913
0.00372075
0.00376271
0.00380499
0.00384755
0.00389038
0.00393344
0.00397672
0.00402019
0.00406382
0.00410757
0.00415143
0.00419534
0.00423929
0.00428322
0.00432709
0.00437086
0.00441446
0.00445785
0.00450095
0.00454369
0.00458598
0.00462774
0.00466887
0.00470926
0.00474878
0.00478732
0.00482472
0.00486084
0.00489551
0.00492856
0.00495979
0.00498901
0.005016
0.00504054
0.0050624
0.00508132
0.00509704
0.0051093
0.0051178
0.00512225
0.00512234
0.00511774
0.00510814
0.00284613
0.00287096
0.00289644
0.00292259
0.00294941
0.00297689
0.00300504
0.00303387
0.00306337
0.00309355
0.00312441
0.00315594
0.00318816
0.00322105
0.00325463
0.00328889
0.00332383
0.00335944
0.00339573
0.00343268
0.00347029
0.00350855
0.00354746
0.003587
0.00362716
0.00366794
0.0037093
0.00375125
0.00379376
0.00383683
0.00388042
0.00392452
0.00396912
0.00401419
0.00405972
0.00410569
0.00415206
0.00419883
0.00424597
0.00429346
0.00434127
0.00438938
0.00443777
0.00448641
0.00453526
0.0045843
0.0046335
0.00468281
0.00473219
0.0047816
0.00483099
0.0048803
0.00492946
0.00497842
0.0050271
0.00507541
0.00512326
0.00517055
0.00521718
0.00526303
0.00530797
0.00535186
0.00539456
0.00543592
0.00547576
0.00551391
0.00555018
0.00558437
0.00561627
0.00564567
0.00567232
0.00569599
0.00571643
0.00573336
0.00574651
0.0057556
0.0057603
0.00576032
0.00575531
0.00574494
0.00340931
0.00343866
0.00346864
0.00349928
0.00353064
0.00356274
0.00359561
0.00362926
0.00366372
0.00369899
0.00373508
0.00377199
0.00380971
0.00384825
0.00388758
0.00392772
0.00396864
0.00401032
0.00405276
0.00409593
0.00413983
0.00418442
0.00422968
0.00427561
0.00432217
0.00436934
0.00441711
0.00446544
0.00451432
0.00456372
0.00461362
0.004664
0.00471483
0.00476609
0.00481776
0.00486981
0.00492223
0.00497497
0.00502803
0.00508137
0.00513496
0.00518878
0.00524278
0.00529694
0.00535122
0.00540557
0.00545995
0.00551431
0.00556861
0.00562277
0.00567674
0.00573045
0.00578382
0.00583678
0.00588924
0.00594111
0.00599228
0.00604265
0.0060921
0.00614053
0.0061878
0.00623376
0.00627829
0.00632123
0.00636243
0.00640171
0.00643889
0.00647381
0.00650626
0.00653604
0.00656295
0.00658675
0.00660723
0.00662413
0.00663721
0.00664619
0.0066508
0.00665074
0.00664569
0.00663532
0.00443815
0.00449285
0.0045473
0.00460156
0.00465567
0.00470968
0.00476362
0.00481753
0.00487143
0.00492533
0.00497926
0.00503322
0.00508724
0.0051413
0.00519543
0.00524962
0.00530387
0.00535818
0.00541256
0.00546699
0.00552148
0.00557602
0.0056306
0.00568522
0.00573988
0.00579456
0.00584925
0.00590395
0.00595865
0.00601334
0.00606801
0.00612264
0.00617722
0.00623175
0.0062862
0.00634056
0.00639482
0.00644894
0.00650292
0.00655672
0.00661033
0.00666371
0.00671684
0.00676969
0.00682222
0.00687438
0.00692616
0.00697749
0.00702834
0.00707866
0.00712839
0.00717747
0.00722586
0.00727349
0.00732029
0.0073662
0.00741114
0.00745503
0.0074978
0.00753937
0.00757965
0.00761853
0.00765594
0.00769177
0.00772591
0.00775826
0.0077887
0.0078171
0.00784335
0.00786732
0.00788885
0.00790781
0.00792403
0.00793736
0.00794761
0.00795461
0.00795814
0.00795799
0.00795393
0.00794571
2.55938e-05
2.63281e-05
2.67141e-05
2.829e-05
2.89203e-05
2.92352e-05
2.9462e-05
2.92867e-05
2.89977e-05
2.83836e-05
2.76042e-05
2.66664e-05
2.56406e-05
2.45158e-05
2.32796e-05
2.20541e-05
2.08495e-05
1.97361e-05
1.87687e-05
1.79853e-05
1.72099e-05
1.67197e-05
1.66739e-05
1.73565e-05
1.77071e-05
1.81291e-05
1.86017e-05
1.91978e-05
1.99569e-05
2.0931e-05
2.19388e-05
2.33663e-05
2.58535e-05
2.92997e-05
3.40207e-05
4.06408e-05
5.33201e-05
7.65123e-05
0.000107651
0.000183122
0.000803466
0.000828011
0.000840149
0.000889691
0.00090948
0.000919351
0.000926443
0.000920889
0.000911762
0.000892408
0.000867859
0.000838328
0.00080603
0.000770629
0.00073174
0.000693217
0.000655394
0.000620476
0.000590181
0.000565688
0.000541435
0.000526123
0.00052476
0.000546319
0.000557446
0.000570816
0.000585763
0.000604572
0.000628477
0.000659119
0.00069079
0.00073567
0.000813902
0.000922334
0.0010709
0.00127922
0.00167831
0.0024083
0.00338827
0.00576379
0.00658135
0.0067933
0.00689285
0.00729918
0.00746111
0.00754191
0.00759962
0.00755375
0.00747854
0.0073194
0.00711778
0.00687516
0.00660993
0.00631927
0.00600016
0.00568431
0.00537454
0.00508892
0.00484141
0.00464174
0.00444387
0.00431914
0.00430859
0.00448625
0.00457836
0.00468887
0.00481219
0.00496703
0.00516342
0.00541487
0.00567447
0.00604258
0.00668441
0.00757431
0.00879371
0.0105035
0.0137796
0.0197714
0.0278154
0.0473008
0.0283464
0.0293281
0.0297571
0.0315091
0.0322045
0.0325526
0.0327983
0.0325992
0.0322729
0.0315848
0.0307144
0.0296659
0.0285209
0.0272658
0.0258891
0.0245276
0.0231936
0.0219655
0.0209026
0.0200471
0.0191987
0.0186648
0.0186224
0.0193929
0.0197945
0.0202755
0.0208113
0.0214822
0.0223313
0.0234168
0.0245362
0.026124
0.0288928
0.0327324
0.0379931
0.0453663
0.0594899
0.0853001
0.119991
0.203458
0.087333
0.0906018
0.0919176
0.0972968
0.0994202
0.100487
0.101227
0.100609
0.0995975
0.0974747
0.0947943
0.0915623
0.0880357
0.0841695
0.0799318
0.0757438
0.0716449
0.0678784
0.0646242
0.0620118
0.0594197
0.0577911
0.0576735
0.0600634
0.06132
0.0628209
0.0644894
0.0665716
0.0691985
0.072549
0.0759981
0.0808885
0.0894123
0.101226
0.117396
0.140019
0.18327
0.26205
0.368349
0.616893
0.22024
0.228963
0.232219
0.245555
0.250779
0.253403
0.255189
0.253623
0.251069
0.245758
0.239066
0.230987
0.222176
0.212512
0.201926
0.191467
0.18124
0.171864
0.163783
0.157315
0.150897
0.146871
0.146624
0.152678
0.155911
0.159752
0.164015
0.169306
0.175949
0.184388
0.193049
0.205301
0.226607
0.256071
0.296256
0.352174
0.458419
0.65012
0.910738
1.47335
0.483521
0.502746
0.509549
0.537517
0.548359
0.553758
0.557343
0.55392
0.548399
0.537071
0.522828
0.50561
0.486822
0.466201
0.4436
0.421265
0.399427
0.379464
0.362312
0.348643
0.335079
0.326586
0.326211
0.339479
0.34675
0.355313
0.3648
0.376476
0.391023
0.409368
0.428096
0.454425
0.499945
0.562519
0.647125
0.763424
0.981233
1.36647
1.89582
2.87066
0.94536
0.980004
0.992051
1.04189
1.06093
1.0702
1.07617
1.06964
1.05931
1.03854
1.01248
0.980929
0.946423
0.908501
0.866861
0.825646
0.785305
0.748565
0.717127
0.692251
0.667554
0.652134
0.651861
0.677435
0.692013
0.70896
0.727695
0.750465
0.778483
0.813395
0.848688
0.897717
0.981505
1.09534
1.24675
1.45058
1.82347
2.46406
3.36006
4.66462
1.64834
1.69799
1.71585
1.79054
1.81851
1.8316
1.83963
1.82884
1.81219
1.77965
1.73893
1.68954
1.63533
1.57567
1.50996
1.44478
1.38085
1.32297
1.27375
1.2353
1.19711
1.1734
1.17395
1.21707
1.24301
1.27268
1.30535
1.34438
1.39153
1.44923
1.50659
1.58475
1.716
1.89118
2.11899
2.4182
2.95239
3.84785
5.14368
6.56816
2.55637
2.61171
2.6339
2.72859
2.76315
2.77834
2.78691
2.77136
2.74803
2.70411
2.64928
2.58278
2.50951
2.42888
2.33985
2.25143
2.16465
2.08692
2.0216
1.97177
1.92236
1.89207
1.89476
1.95803
1.99875
2.04446
2.09451
2.15306
2.22202
2.30442
2.38418
2.49011
2.66436
2.89256
3.18309
3.5589
4.22214
5.32645
7.00087
8.36347
3.55449
3.60187
3.62564
3.73093
3.76816
3.78302
3.79019
3.77007
3.74066
3.68774
3.62185
3.54213
3.45412
3.35752
3.25085
3.14511
3.04167
2.95073
2.87588
2.82119
2.76734
2.73519
2.7415
2.82378
2.88086
2.94379
3.01215
3.09031
3.17955
3.28316
3.37962
3.50395
3.705
3.96451
4.29181
4.71791
5.47331
6.73735
8.74011
9.93934
4.51936
4.54843
4.57124
4.67913
4.71573
4.72844
4.73268
4.70842
4.67368
4.61417
4.54027
4.45127
4.35306
4.24582
4.12772
4.0112
3.89824
3.80154
3.72453
3.67205
3.62128
3.5924
3.6035
3.7021
3.77568
3.8556
3.94153
4.03758
4.14342
4.26247
4.3675
4.49863
4.70897
4.97905
5.32273
5.78375
6.60726
7.986
10.2549
11.2448
5.37465
5.3813
5.40136
5.50737
5.54144
5.55101
5.55147
5.52339
5.48387
5.41928
5.33931
5.24357
5.1382
5.02381
4.89846
4.77555
4.65813
4.56083
4.48686
4.44157
4.39921
4.37716
4.39365
4.50671
4.59643
4.69275
4.79507
4.907
5.02579
5.15507
5.26139
5.38979
5.59718
5.86513
6.21618
6.70755
7.57947
9.02831
11.5118
12.2656
6.09164
6.07693
6.093
6.19536
6.22602
6.23209
6.2284
6.19674
6.15277
6.0839
5.99889
5.89763
5.78667
5.66688
5.53642
5.40926
5.29013
5.19493
5.12688
5.09146
5.06051
5.04706
5.06924
5.19643
5.30173
5.41363
5.53099
5.65681
5.78535
5.92083
6.02302
6.14243
6.34011
6.60079
6.95846
7.47755
8.37437
9.86123
12.531
13.0244
6.66972
6.63603
6.64735
6.74561
6.77249
6.77493
6.76696
6.73177
6.68353
6.61066
6.52108
6.41493
6.29931
6.17508
6.04076
5.91052
5.79124
5.69942
5.63856
5.61398
5.59533
5.59076
5.61858
5.7602
5.88042
6.0069
6.13788
6.27553
6.41097
6.54976
6.64405
6.75091
6.93746
7.19118
7.55616
8.09643
8.99689
10.5143
13.3522
13.5447
7.12389
7.07264
7.07904
7.17313
7.1961
7.19485
7.18266
7.14399
7.09169
7.01498
6.92107
6.81008
6.68997
6.5614
6.42349
6.29023
6.17121
6.08302
6.02983
6.0164
6.01049
6.01458
6.04808
6.20482
6.33843
6.47787
6.62061
6.76773
6.90761
7.04806
7.13332
7.22744
7.40233
7.6507
8.02503
8.57723
9.47318
11.0309
14.005
13.8611
7.47417
7.40382
7.40596
7.49573
7.51456
7.50942
7.49281
7.45041
7.39389
7.31308
7.21463
7.09843
6.97363
6.84045
6.69872
6.56208
6.44309
6.35811
6.31235
6.30977
6.31621
6.32797
6.36647
6.53796
6.68372
6.83493
6.98817
7.143
7.2854
7.42669
7.50208
7.5834
7.74795
7.99404
8.37902
8.93805
9.83274
11.4492
14.5168
14.0157
7.74043
7.64608
7.64526
7.73052
7.74498
7.73565
7.71437
7.66788
7.60686
7.52152
7.41811
7.29616
7.16622
7.02797
6.88199
6.74141
6.62174
6.53907
6.49996
6.50748
6.52506
6.54247
6.58399
6.76875
6.92517
7.08624
7.24799
7.40853
7.55186
7.694
7.76188
7.83268
7.99001
8.2378
8.63469
9.20157
10.1092
11.8013
14.9125
14.0427
7.93992
7.8145
7.81237
7.89279
7.90263
7.88878
7.86261
7.81164
7.74584
7.65553
7.54672
7.41849
7.28293
7.13917
6.98854
6.84351
6.7221
6.64033
6.6063
6.62218
6.6489
6.66947
6.71139
6.90653
7.07128
7.2394
7.40709
7.57171
7.71585
7.86027
7.92618
7.99156
8.14634
8.40062
8.81248
9.39468
10.3325
12.1091
15.2118
13.9611
8.08606
7.92246
7.92061
7.99569
8.00065
7.98205
7.9508
7.8951
7.82436
7.72872
7.6142
7.4794
7.33782
7.18811
7.03226
6.88218
6.7578
6.67523
6.64411
6.66582
6.69903
6.72023
6.76013
6.96113
7.13209
7.3068
7.48088
7.64998
7.79596
7.94422
8.01322
8.0779
8.236
8.50268
8.93494
9.54233
10.5251
12.3823
15.4267
13.7751
8.18899
7.98156
7.98106
8.05023
8.05013
8.02662
7.99015
7.92952
7.85376
7.75272
7.63248
7.4913
7.34368
7.18789
7.02645
6.87096
6.74257
6.65754
6.6269
6.65144
6.68823
6.70858
6.74621
6.94959
7.12645
7.30824
7.4896
7.66399
7.81324
7.96618
8.04087
8.11008
8.27809
8.56367
9.02218
9.66357
10.6956
12.6248
15.5586
13.4858
8.25634
8.00194
8.00316
8.0658
8.06056
8.0322
7.99054
7.92502
7.84444
7.73835
7.61289
7.46617
7.31311
7.15176
6.98506
6.82465
6.69201
6.60364
6.57151
6.59601
6.63389
6.6536
6.69082
6.89409
7.07633
7.26492
7.45366
7.63373
7.78756
7.94477
8.02701
8.1061
8.28992
8.59937
9.0896
9.76781
10.8472
12.8353
15.6
13.0999
8.29444
7.99329
7.99613
8.05162
8.04151
8.00872
7.96232
7.89244
7.80766
7.69748
7.56789
7.41716
7.25999
7.09442
6.92365
6.75946
6.62313
6.53132
6.49643
6.51836
6.55484
6.5743
6.61345
6.81466
7.00091
7.19517
7.39055
7.5763
7.73527
7.89645
7.9884
8.08168
8.28424
8.62234
9.1449
9.85714
10.9811
13.0093
15.5417
12.6295
8.30899
7.96527
7.96955
8.01762
8.00323
7.96675
7.91646
7.84315
7.75501
7.6418
7.50922
7.35591
7.19598
7.02757
6.85407
6.68733
6.54823
6.4535
6.41544
6.43326
6.46645
6.4857
6.5284
6.72614
6.91488
7.11338
7.31421
7.50525
7.66986
7.83498
7.9376
8.04707
8.27098
8.63742
9.18921
9.93229
11.097
13.1408
15.379
12.0948
8.30535
7.92534
7.93091
7.97169
7.95366
7.91418
7.86079
7.78484
7.69392
7.57813
7.44301
7.28748
7.12522
6.95461
6.77921
6.61086
6.47005
6.37353
6.3332
6.34746
6.37745
6.39662
6.44298
6.63738
6.82801
7.02979
7.23478
7.43005
7.59975
7.76821
7.88191
8.00791
8.25179
8.64532
9.22241
9.9941
11.1936
13.2231
15.1141
11.5238
8.28825
7.87584
7.88249
7.91615
7.89462
7.85227
7.79596
7.71754
7.62403
7.50592
7.36852
7.21105
7.04683
6.87466
6.69822
6.52939
6.38817
6.2913
6.24998
6.26178
6.2894
6.30929
6.35967
6.55032
6.74284
6.94758
7.15627
7.35561
7.53041
7.70143
7.82468
7.96512
8.22801
8.64605
9.24475
10.0422
11.2689
13.248
14.7521
10.9387
8.26084
7.81683
7.82441
7.8507
7.82564
7.7804
7.7212
7.64034
7.54442
7.4243
7.28504
7.12623
6.96074
6.78795
6.61164
6.44387
6.30393
6.2085
6.16779
6.17861
6.20521
6.22695
6.28168
6.46824
6.66264
6.87006
7.08221
7.28535
7.46436
7.63635
7.76715
7.92079
8.20079
8.63827
9.256
10.0748
11.3202
13.2069
14.2996
10.3544
8.22479
7.74898
7.7576
7.77614
7.74765
7.69964
7.63777
7.55474
7.45675
7.33511
7.19468
7.03546
6.8698
6.69758
6.52283
6.35797
6.22135
6.12927
6.09069
6.10172
6.12813
6.15223
6.2114
6.39367
6.58934
6.79891
7.01414
7.22047
7.4025
7.57446
7.7115
7.87602
8.16856
8.62121
9.2534
10.0906
11.3424
13.0925
13.7625
9.78478
8.18182
7.67463
7.68465
7.69526
7.66363
7.6131
7.5489
7.46406
7.3645
7.24205
7.10135
6.94286
6.77832
6.6081
6.43654
6.27654
6.14522
6.05809
6.02263
6.03433
6.06057
6.0871
6.15066
6.32863
6.52459
6.73548
6.95307
7.16185
7.34611
7.51704
7.65805
7.829
8.12882
8.59173
9.23371
10.0875
11.3283
12.9007
13.1531
9.24338
8.13366
7.59665
7.60849
7.61119
7.57679
7.5241
7.45801
7.37185
7.27137
7.14896
7.00903
6.85254
6.6906
6.52397
6.35741
6.20415
6.07986
5.99883
5.96697
5.97915
6.00475
6.03335
6.10096
6.27449
6.46959
6.68077
6.89984
7.11029
7.2955
7.46352
7.60417
7.77575
8.07758
8.54468
9.19456
10.0613
11.27
12.6315
12.4945
8.74151
8.08196
7.51758
7.53152
7.52648
7.48973
7.43533
7.36792
7.28107
7.1804
7.05892
6.92092
6.76785
6.61015
6.44894
6.28935
6.14465
6.02882
5.95459
5.92619
5.93812
5.96222
5.99234
6.06336
6.23205
6.42495
6.63517
6.85479
7.06571
7.24921
7.41004
7.5447
7.71123
8.00878
8.47694
9.13398
10.0056
11.16
12.2897
11.8133
8.28291
8.02798
7.43912
7.45529
7.44291
7.40434
7.34876
7.28059
7.19373
7.09373
6.97432
6.83974
6.69184
6.5403
6.38649
6.23578
6.10117
5.99475
5.92747
5.90194
5.91254
5.93417
5.96506
6.03852
6.20163
6.39094
6.59873
6.81728
7.02548
7.20202
7.35066
7.47365
7.62886
7.91903
8.38799
9.04899
9.91385
10.9927
11.8887
11.1283
7.86133
7.97316
7.36259
7.38103
7.36182
7.32189
7.26566
7.19751
7.11163
7.01358
6.89774
6.76834
6.62746
6.48398
6.33945
6.19928
6.07588
5.97936
5.91886
5.89533
5.90342
5.92158
5.95221
6.0265
6.18288
6.36679
6.5694
6.78307
6.98339
7.14701
7.27852
7.38357
7.52444
7.80852
8.27703
8.93516
9.78096
10.7702
11.4426
10.4469
7.46748
7.91788
7.28932
7.30974
7.28441
7.24376
7.18767
7.12062
7.03704
6.9424
6.83174
6.70919
6.57703
6.4433
6.30968
6.18145
6.06999
5.98347
5.92916
5.90653
5.91068
5.92407
5.95291
6.02568
6.17326
6.3488
6.54169
6.74404
6.93032
7.0755
7.18494
7.26871
7.39751
7.67665
8.14062
8.7893
9.60975
10.5048
10.9544
9.77025
7.09463
7.86214
7.22064
7.24262
7.21222
7.17175
7.11686
7.05209
6.9721
6.88224
6.77817
6.66394
6.542
6.41947
6.29806
6.18269
6.08329
6.00615
5.95681
5.93367
5.93241
5.93971
5.9646
6.03245
6.16766
6.32912
6.5057
6.69028
6.85624
6.97799
7.06236
7.12682
7.24651
7.51991
7.97704
8.6157
9.413
10.2146
10.4133
9.10328
6.73925
7.80575
7.15807
7.18119
7.14712
7.10775
7.05509
6.99365
6.91838
6.83444
6.73817
6.63346
6.52285
6.41243
6.30379
6.2013
6.11313
6.04396
5.99795
5.97287
5.96495
5.9642
5.98139
6.03925
6.15665
6.29792
6.45095
6.60994
6.74932
6.8449
6.90627
6.9547
7.0674
7.33728
7.79232
8.42909
9.20207
9.87849
9.81578
8.45638
6.40126
7.74872
7.10336
7.12692
7.09067
7.05322
7.00365
6.94636
6.87666
6.79946
6.71176
6.61719
6.51824
6.41988
6.32356
6.23291
6.15431
6.09116
6.0468
6.01832
6.00175
5.99016
5.99595
6.03814
6.13037
6.24221
6.36278
6.49014
6.59937
6.67095
6.71187
6.74776
6.85962
7.13634
7.60327
8.24557
8.96745
9.4785
9.17746
7.84057
6.08308
7.69125
7.0577
7.08073
7.04369
7.00876
6.96284
6.91012
6.84642
6.77622
6.69719
6.61255
6.52469
6.43741
6.35191
6.27138
6.20073
6.14202
6.09799
6.0653
6.03852
6.01189
5.99924
6.01666
6.0728
6.14609
6.22893
6.32099
6.40129
6.45107
6.47474
6.50649
6.6328
6.93604
7.42809
8.05696
8.68983
9.01318
8.51969
7.26428
5.7858
7.6339
7.0211
7.04253
7.00577
6.97362
6.93155
6.88343
6.82566
6.76224
6.69139
6.61574
6.53767
6.46015
6.38416
6.31291
6.24989
6.19534
6.15086
6.11063
6.06745
6.01757
5.97617
5.95777
5.96819
5.99804
6.04127
6.09921
6.15261
6.18257
6.19782
6.24392
6.40935
6.75577
7.25677
7.83814
8.37026
8.48863
7.86226
6.73194
5.50576
7.5774
6.99237
7.01141
6.97556
6.94619
6.90785
6.864
6.8117
6.75445
6.69101
6.62368
6.55483
6.48674
6.42008
6.35787
6.30273
6.25124
6.20099
6.14466
6.07447
5.99021
5.9088
5.84525
5.8055
5.79149
5.79728
5.82391
5.85354
5.87258
5.89901
5.98719
6.20957
6.58333
7.06521
7.59203
7.99951
7.91437
7.22309
6.24365
5.23579
7.52254
6.96998
6.98607
6.9513
6.92445
6.88958
6.84984
6.80286
6.75156
6.69525
6.63605
6.57631
6.51778
6.46093
6.40829
6.35823
6.30318
6.23622
6.15026
6.03961
5.90934
5.77856
5.66416
5.57621
5.5239
5.49786
5.49922
5.51656
5.54519
5.61026
5.7571
6.02068
6.40093
6.86017
7.31948
7.56391
7.30884
6.61665
5.79566
4.96803
7.47
6.95241
6.9653
6.93181
6.90752
6.87603
6.84041
6.79871
6.7534
6.70427
6.65339
6.60295
6.55466
6.50791
6.46102
6.40704
6.33438
6.23405
6.10173
5.93688
5.75085
5.56631
5.40452
5.27991
5.19989
5.15141
5.14397
5.1723
5.23579
5.3518
5.54417
5.83607
6.21799
6.63701
6.99601
7.06321
6.69562
6.052
5.38161
4.6955
7.42114
6.93909
6.94893
6.91684
6.89526
6.86716
6.83569
6.79929
6.76017
6.71852
6.67628
6.63582
6.59706
6.55482
6.50116
6.42483
6.31329
6.15974
5.9651
5.73649
5.4929
5.26225
5.07038
4.92854
4.83287
4.78396
4.79465
4.85751
4.96287
5.12139
5.35391
5.66378
6.02379
6.37912
6.60361
6.5137
6.09642
5.53233
4.99388
4.4129
7.37747
6.92999
6.93723
6.90641
6.8876
6.8629
6.83582
6.80499
6.77221
6.73812
6.70464
6.67143
6.63326
6.578
6.49317
6.36826
6.19477
5.97131
5.70652
5.41716
5.13032
4.87835
4.68349
4.54106
4.45599
4.43763
4.48667
4.58698
4.73212
4.93133
5.18597
5.48462
5.79754
6.06217
6.13979
5.94045
5.52645
5.0549
4.62427
4.11673
7.34015
6.92508
6.93039
6.90058
6.88478
6.86354
6.8408
6.81523
6.78842
6.76036
6.72924
6.68893
6.62712
6.52808
6.38146
6.18353
5.93331
5.63643
5.31117
4.9846
4.68799
4.4483
4.27552
4.15701
4.11344
4.14337
4.23391
4.37258
4.55126
4.76615
5.01227
5.2749
5.52151
5.67094
5.62136
5.36802
4.9921
4.61043
4.2639
3.80471
7.30998
6.92425
6.92874
6.89938
6.88638
6.86791
6.84869
6.8266
6.80051
6.76653
6.71592
6.63645
6.51473
6.33985
6.10906
5.82847
5.5056
5.15399
4.80097
4.47891
4.21225
4.01607
3.88464
3.82215
3.83683
3.91682
4.0452
4.2056
4.38903
4.59198
4.80696
5.01536
5.17801
5.20895
5.07502
4.81287
4.49082
4.18716
3.90255
3.47501
7.28717
6.92722
6.9315
6.90128
6.89008
6.87187
6.85081
6.82111
6.77576
6.7049
6.59606
6.43832
6.22712
5.961
5.64462
5.29516
4.92891
4.56519
4.23274
3.96223
3.76047
3.62461
3.56151
3.56818
3.63815
3.75131
3.88989
4.04458
4.2107
4.3833
4.55152
4.69319
4.75917
4.69649
4.52325
4.27912
4.01194
3.77039
3.52728
3.12272
7.27085
6.93285
6.93676
6.90172
6.88634
6.85666
6.8141
6.74686
6.64292
6.49271
6.28971
6.03103
5.72511
5.3797
5.00267
4.62291
4.26441
3.94663
3.68933
3.50176
3.3785
3.3227
3.33143
3.3909
3.48525
3.59975
3.72591
3.85879
3.99359
4.12308
4.23376
4.29903
4.27518
4.15713
3.97699
3.76212
3.54185
3.3446
3.12743
2.74873
7.25746
6.93722
6.93339
6.88064
6.84026
6.76828
6.66436
6.51581
6.31287
6.05656
5.75194
5.40016
5.02326
4.64365
4.27526
3.93857
3.64962
3.42071
3.25688
3.15168
3.10616
3.11556
3.16471
3.23936
3.32934
3.42773
3.52944
3.62997
3.7235
3.80145
3.84779
3.83516
3.75028
3.61335
3.4455
3.26058
3.07437
2.90274
2.6938
2.32318
7.23471
6.92143
6.8826
6.78092
6.673
6.51298
6.30547
6.04746
5.73269
5.3793
5.0094
4.63329
4.26708
3.92638
3.62922
3.37704
3.17889
3.03781
2.94764
2.90951
2.91526
2.9519
3.00741
3.07387
3.14548
3.21774
3.28658
3.3477
3.39404
3.41504
3.39718
3.32993
3.22179
3.08806
2.93671
2.77351
2.60603
2.44082
2.21536
1.80814
7.16715
6.82939
6.69946
6.50315
6.28265
6.00379
5.68178
5.33472
4.96766
4.59698
4.23927
3.91024
3.61219
3.34606
3.12916
2.95798
2.83727
2.76208
2.72571
2.72692
2.75
2.78672
2.83102
2.8773
2.92171
2.96087
2.99076
3.00685
3.00409
2.97534
2.9156
2.82789
2.71841
2.59133
2.44997
2.29699
2.1355
1.96076
1.70296
1.24664
6.97928
6.56001
6.27962
5.95962
5.62486
5.27022
4.90411
4.54226
4.19779
3.87448
3.57671
3.31214
3.08619
2.89715
2.7532
2.6488
2.58341
2.55085
2.54292
2.55253
2.57071
2.5933
2.61522
2.63286
2.64399
2.64652
2.63774
2.61452
2.57518
2.51805
2.44256
2.34914
2.2404
2.11848
1.98414
1.83637
1.67336
1.48359
1.20143
0.748512
6.57184
6.02504
5.60029
5.21456
4.83553
4.47894
4.1378
3.81627
3.52258
3.25886
3.02985
2.83588
2.67662
2.55123
2.46231
2.40389
2.37041
2.35452
2.3487
2.34746
2.34831
2.34705
2.34105
2.32878
2.30924
2.28159
2.24487
2.19785
2.13965
2.0699
1.98631
1.89017
1.78305
1.66639
1.53863
1.39553
1.23246
1.04019
0.763833
0.392931
5.90476
5.28517
4.8025
4.42376
4.06441
3.7416
3.44577
3.18342
2.95577
2.75588
2.58733
2.45188
2.34638
2.26778
2.21319
2.17627
2.15014
2.12851
2.10794
2.08828
2.06712
2.0422
2.01274
1.97824
1.9382
1.89205
1.83932
1.77972
1.71244
1.63495
1.54742
1.45209
1.34967
1.23962
1.11928
0.984306
0.832583
0.660798
0.432015
0.187684
5.08766
4.4838
4.01659
3.66863
3.3567
3.09078
2.85408
2.64893
2.47751
2.33508
2.2186
2.12729
2.05757
2.00371
1.96023
1.92251
1.88647
1.84981
1.8133
1.77688
1.73876
1.69772
1.65317
1.60488
1.55287
1.49714
1.43743
1.37214
1.29932
1.21898
1.13383
1.04451
0.950646
0.85121
0.744206
0.627697
0.503681
0.373117
0.22034
0.0883555
4.24634
3.69846
3.28448
2.9912
2.73469
2.52268
2.34383
2.19358
2.06941
1.97103
1.89112
1.82424
1.76705
1.71596
1.66773
1.62016
1.57254
1.52555
1.47897
1.4321
1.384
1.33412
1.28222
1.22829
1.17234
1.11424
1.05164
0.983638
0.911017
0.83628
0.760281
0.682895
0.603757
0.522535
0.438853
0.353279
0.269558
0.188681
0.105385
0.0429673
3.43599
2.97484
2.62873
2.39211
2.1929
2.03212
1.90241
1.79653
1.70646
1.62989
1.56245
1.50098
1.4434
1.38797
1.33373
1.28069
1.22878
1.17786
1.1275
1.07718
1.02638
0.974829
0.922354
0.868831
0.813992
0.755728
0.694241
0.631248
0.568885
0.507927
0.448448
0.390336
0.333658
0.278685
0.225711
0.175593
0.130455
0.0893246
0.0499074
0.02246
2.69791
2.32772
2.05204
1.86974
1.72216
1.60411
1.50468
1.41948
1.34376
1.27523
1.21157
1.15134
1.09377
1.03845
0.985062
0.933359
0.883103
0.833974
0.785546
0.737445
0.68944
0.641396
0.593227
0.543813
0.492917
0.441383
0.391587
0.344845
0.301523
0.261497
0.224511
0.190362
0.158976
0.130312
0.10423
0.0808272
0.0605814
0.0422136
0.024835
0.0129251
2.04373
1.75682
1.54582
1.40719
1.29158
1.19711
1.11472
1.04151
0.97462
0.912733
0.85486
0.800369
0.74865
0.699227
0.651819
0.606194
0.562066
0.519121
0.47713
0.436016
0.39578
0.35601
0.316462
0.277947
0.241447
0.208812
0.180187
0.155253
0.133496
0.114403
0.0975441
0.08259
0.0693029
0.0574666
0.0468488
0.0373818
0.0291146
0.0213589
0.0138724
0.00851254
1.46682
1.2472
1.08502
0.976515
0.884021
0.807323
0.739294
0.678375
0.62286
0.57191
0.524625
0.480329
0.438589
0.399177
0.361925
0.326638
0.293145
0.261391
0.231442
0.203175
0.176607
0.152081
0.129927
0.110893
0.0950071
0.0818898
0.0709804
0.0617881
0.0539201
0.0470808
0.0410539
0.0356851
0.0308645
0.0264942
0.022482
0.0188121
0.0154823
0.0122052
0.00899044
0.00647026
0.959153
0.792886
0.671025
0.58854
0.518286
0.460374
0.409524
0.364783
0.32476
0.288656
0.255812
0.225898
0.198725
0.174127
0.151916
0.131938
0.113982
0.0979922
0.0838786
0.0716723
0.0612579
0.0526261
0.0456445
0.0400188
0.0354498
0.0316726
0.028477
0.0257133
0.0232749
0.021086
0.0190925
0.0172566
0.0155507
0.0139477
0.0124221
0.010976
0.00959983
0.00817915
0.00675268
0.00550931
0.536898
0.419628
0.336836
0.281882
0.23676
0.201025
0.171031
0.145907
0.124521
0.106258
0.0906695
0.0774243
0.066167
0.0566119
0.0485074
0.0416448
0.0359581
0.0312757
0.0274279
0.0243309
0.0218473
0.0198398
0.0181937
0.0168178
0.0156441
0.01462
0.0137067
0.0128769
0.0121107
0.0113934
0.0107142
0.0100651
0.0094398
0.00883023
0.00822855
0.00763581
0.00704059
0.00639465
0.005713
0.00503154
0.241521
0.172971
0.12855
0.101025
0.0803203
0.065258
0.0536236
0.0445864
0.0374269
0.0317248
0.0271548
0.0234822
0.0205565
0.0182105
0.016318
0.0147832
0.0135597
0.0125772
0.0117798
0.0111248
0.0105765
0.0101078
0.00969843
0.00933437
0.00900521
0.00870264
0.00842012
0.00815269
0.0078964
0.00764801
0.00740484
0.00716468
0.00692523
0.00668279
0.00643327
0.00617463
0.0058954
0.00557185
0.00519491
0.00476101
0.0877422
0.0576824
0.0405258
0.0308827
0.0243594
0.0199778
0.0168089
0.0145162
0.0128097
0.0115179
0.0105235
0.00974926
0.0091463
0.00866899
0.00828553
0.00797351
0.00771669
0.00750169
0.00731843
0.00715928
0.00701846
0.00689171
0.00677587
0.00666861
0.00656808
0.00647264
0.00638081
0.00629129
0.00620288
0.00611442
0.00602474
0.00593267
0.00583661
0.00573388
0.00562098
0.00549384
0.00534154
0.00514981
0.00489407
0.00457241
0.0291623
0.0191226
0.0140022
0.0112901
0.00962888
0.00857864
0.00786128
0.00736015
0.00699575
0.0067233
0.00651467
0.00635148
0.00622114
0.0061148
0.00602652
0.00595216
0.00588865
0.00583365
0.00578533
0.00574228
0.00570345
0.00566799
0.00563517
0.00560437
0.00557502
0.00554655
0.00551838
0.00548992
0.00546051
0.00542942
0.0053958
0.00535865
0.00531647
0.00526681
0.00520617
0.00512934
0.00502622
0.0048867
0.00467764
0.00441063
0.0113327
0.00847802
0.00714078
0.00646146
0.00606527
0.00581836
0.00565207
0.00553454
0.00544788
0.00538212
0.00533096
0.00529022
0.00525717
0.00523003
0.00520762
0.00518903
0.00517355
0.00516061
0.00514973
0.00514054
0.00513275
0.00512604
0.00512013
0.00511468
0.00510939
0.00510392
0.00509789
0.00509086
0.00508233
0.00507167
0.0050581
0.00504061
0.00501772
0.00498701
0.00494493
0.0048857
0.00480036
0.00468081
0.0044901
0.00425344
0.00644215
0.00570164
0.00535568
0.00517261
0.00506348
0.0049927
0.00494401
0.00490906
0.00488349
0.00486457
0.00485046
0.00483991
0.00483214
0.00482666
0.00482309
0.0048211
0.00482042
0.0048208
0.00482204
0.00482398
0.00482646
0.00482931
0.00483233
0.00483528
0.0048379
0.00483995
0.00484108
0.00484093
0.00483902
0.00483475
0.00482735
0.00481581
0.00479861
0.00477341
0.00473661
0.00468232
0.00460298
0.00449144
0.00431054
0.00409401
0.00508311
0.00487568
0.00476531
0.00469932
0.00465749
0.00462928
0.00461005
0.0045969
0.00458821
0.00458278
0.00457976
0.00457859
0.00457893
0.00458054
0.00458318
0.00458669
0.00459087
0.00459558
0.00460069
0.0046061
0.00461168
0.00461729
0.00462275
0.00462787
0.00463243
0.00463619
0.00463883
0.00464001
0.00463925
0.00463599
0.00462946
0.00461863
0.004602
0.00457733
0.00454106
0.00448762
0.00441096
0.00430424
0.00413327
0.00393224
0.00459191
0.00451409
0.00446391
0.00443044
0.00440828
0.00439335
0.00438372
0.0043779
0.00437497
0.00437415
0.00437491
0.00437691
0.00437995
0.00438382
0.00438837
0.00439344
0.0043989
0.00440464
0.00441054
0.00441653
0.00442248
0.00442826
0.00443371
0.00443866
0.00444291
0.0044462
0.00444826
0.00444874
0.00444719
0.00444306
0.00443558
0.00442375
0.00440615
0.00438065
0.00434391
0.00429099
0.00421723
0.00411594
0.00395831
0.00377026
0.00430938
0.0042682
0.00423808
0.00421684
0.00420245
0.00419293
0.00418717
0.00418421
0.00418337
0.0041841
0.00418604
0.00418893
0.0041926
0.00419689
0.00420165
0.00420675
0.00421208
0.00421755
0.00422305
0.00422851
0.0042338
0.00423881
0.00424338
0.00424735
0.00425052
0.00425268
0.00425354
0.00425276
0.00424993
0.00424451
0.00423578
0.00422278
0.00420419
0.00417808
0.00414143
0.00409017
0.00402073
0.00392672
0.00378598
0.00360902
0.00407842
0.00405147
0.00403063
0.00401548
0.00400502
0.00399817
0.00399418
0.00399238
0.00399222
0.00399332
0.0039954
0.00399826
0.00400176
0.00400572
0.00401004
0.00401459
0.00401929
0.00402404
0.00402875
0.00403333
0.00403768
0.00404167
0.00404517
0.00404802
0.00405004
0.00405101
0.00405068
0.00404873
0.00404477
0.00403827
0.00402859
0.00401484
0.00399585
0.00396988
0.00393434
0.00388608
0.00382227
0.00373713
0.00361511
0.00344794
0.00385725
0.00383762
0.00382199
0.00381034
0.00380211
0.00379664
0.00379341
0.00379192
0.00379176
0.00379264
0.00379435
0.00379672
0.0037996
0.00380286
0.00380639
0.00381009
0.00381386
0.00381764
0.00382132
0.00382482
0.00382804
0.00383086
0.00383314
0.00383475
0.00383551
0.00383521
0.00383361
0.00383041
0.00382523
0.00381759
0.00380689
0.00379233
0.00377284
0.00374689
0.00371233
0.00366673
0.00360762
0.00353002
0.00342377
0.00328316
0.00362974
0.00361426
0.00360166
0.00359197
0.00358486
0.00357992
0.00357676
0.003575
0.00357435
0.00357459
0.00357553
0.00357704
0.00357897
0.0035812
0.00358364
0.00358619
0.00358878
0.00359132
0.00359372
0.0035959
0.00359775
0.00359916
0.00360001
0.00360015
0.00359942
0.00359762
0.00359452
0.00358982
0.00358318
0.00357414
0.00356215
0.00354648
0.00352617
0.0034999
0.00346595
0.0034224
0.00336707
0.00329602
0.00320322
0.00308707
0.00339183
0.00337902
0.00336841
0.00336002
0.00335362
0.00334894
0.00334569
0.00334359
0.00334244
0.00334204
0.00334226
0.00334296
0.00334401
0.00334532
0.00334679
0.00334835
0.00334991
0.00335141
0.00335275
0.00335385
0.00335461
0.00335493
0.0033547
0.00335378
0.00335202
0.00334923
0.00334519
0.00333967
0.00333232
0.00332277
0.00331053
0.00329498
0.00327533
0.00325053
0.00321931
0.00318031
0.00313184
0.0030713
0.00299586
0.00290634
0.00315126
0.00314088
0.0031322
0.00312522
0.00311979
0.00311571
0.00311277
0.00311078
0.00310959
0.00310904
0.00310901
0.00310938
0.00311007
0.00311097
0.00311202
0.00311313
0.00311425
0.00311529
0.00311619
0.00311686
0.00311722
0.00311717
0.00311662
0.00311545
0.00311351
0.00311066
0.00310671
0.00310142
0.00309455
0.00308577
0.00307467
0.00306077
0.00304345
0.00302195
0.00299539
0.00296284
0.0029231
0.00287467
0.00281657
0.00275028
0.00292151
0.00291378
0.00290734
0.00290216
0.00289816
0.00289519
0.00289311
0.00289179
0.00289111
0.00289095
0.00289122
0.00289183
0.0028927
0.00289375
0.00289492
0.00289615
0.00289737
0.00289853
0.00289956
0.00290039
0.00290095
0.00290116
0.00290093
0.00290016
0.00289873
0.00289651
0.00289335
0.00288906
0.00288343
0.0028762
0.00286705
0.00285562
0.00284143
0.00282396
0.00280263
0.00277681
0.00274571
0.00270856
0.00266529
0.00261725
0.00271371
0.0027087
0.00270464
0.00270148
0.00269917
0.00269762
0.00269673
0.00269642
0.00269659
0.00269718
0.0026981
0.00269928
0.00270067
0.0027022
0.00270383
0.00270549
0.00270715
0.00270875
0.00271024
0.00271154
0.00271262
0.00271339
0.00271379
0.00271373
0.00271311
0.00271183
0.00270975
0.00270673
0.0027026
0.00269716
0.00269017
0.00268135
0.00267037
0.00265687
0.00264048
0.00262078
0.00259732
0.00256977
0.0025384
0.00250423
0.0025331
0.00253059
0.00252874
0.00252751
0.00252687
0.00252676
0.00252712
0.0025279
0.00252903
0.00253047
0.00253214
0.00253402
0.00253604
0.00253818
0.00254037
0.0025426
0.0025448
0.00254694
0.00254898
0.00255086
0.00255255
0.00255397
0.00255507
0.00255578
0.00255603
0.00255572
0.00255475
0.00255301
0.00255037
0.00254666
0.00254173
0.00253536
0.00252732
0.0025174
0.00250537
0.00249097
0.00247395
0.00245425
0.0024322
0.00240852
0.00237989
0.00237947
0.00237949
0.00237992
0.00238074
0.00238192
0.00238343
0.00238521
0.00238725
0.00238949
0.00239191
0.00239446
0.00239711
0.00239984
0.0024026
0.00240537
0.00240812
0.0024108
0.00241338
0.00241583
0.0024181
0.00242015
0.00242193
0.00242338
0.00242444
0.00242505
0.00242512
0.00242456
0.00242328
0.00242117
0.00241809
0.00241392
0.00240851
0.00240172
0.00239343
0.00238348
0.00237178
0.00235838
0.00234355
0.00232777
0.00225161
0.00225284
0.00225434
0.00225611
0.00225814
0.00226039
0.00226286
0.00226552
0.00226833
0.00227129
0.00227436
0.00227752
0.00228075
0.00228401
0.0022873
0.00229057
0.00229381
0.00229699
0.00230008
0.00230305
0.00230586
0.00230849
0.00231089
0.00231303
0.00231484
0.00231628
0.0023173
0.00231782
0.00231778
0.00231709
0.00231568
0.00231346
0.00231034
0.00230624
0.0023011
0.00229486
0.00228748
0.00227904
0.00226976
0.00225995
0.00214492
0.00214739
0.00215005
0.00215286
0.00215584
0.00215896
0.00216222
0.00216559
0.00216907
0.00217263
0.00217627
0.00217996
0.00218368
0.00218743
0.00219118
0.0021949
0.00219859
0.00220222
0.00220577
0.00220922
0.00221254
0.0022157
0.00221868
0.00222144
0.00222394
0.00222615
0.00222803
0.00222953
0.0022306
0.00223119
0.00223126
0.00223074
0.00222959
0.00222778
0.00222527
0.00222205
0.00221812
0.00221356
0.00220851
0.00220316
0.00205652
0.00205993
0.00206344
0.00206706
0.00207078
0.00207459
0.00207848
0.00208244
0.00208647
0.00209054
0.00209466
0.00209881
0.00210297
0.00210714
0.00211129
0.00211543
0.00211952
0.00212357
0.00212754
0.00213143
0.00213521
0.00213886
0.00214237
0.0021457
0.00214884
0.00215175
0.00215441
0.00215679
0.00215886
0.00216059
0.00216194
0.00216289
0.00216342
0.00216351
0.00216315
0.00216235
0.00216113
0.00215955
0.00215769
0.00215568
0.00198347
0.00198757
0.00199174
0.00199597
0.00200026
0.00200461
0.002009
0.00201344
0.00201791
0.00202241
0.00202694
0.00203147
0.00203601
0.00204055
0.00204507
0.00204957
0.00205403
0.00205844
0.0020628
0.00206709
0.00207129
0.0020754
0.00207939
0.00208324
0.00208696
0.00209051
0.00209387
0.00209703
0.00209998
0.00210269
0.00210514
0.00210733
0.00210925
0.00211089
0.00211226
0.00211337
0.00211424
0.00211491
0.00211543
0.00211589
0.00192319
0.00192781
0.00193246
0.00193716
0.00194189
0.00194665
0.00195144
0.00195626
0.00196109
0.00196594
0.0019708
0.00197567
0.00198053
0.00198538
0.00199022
0.00199504
0.00199982
0.00200457
0.00200927
0.00201392
0.00201851
0.00202302
0.00202744
0.00203177
0.002036
0.00204011
0.00204409
0.00204793
0.00205163
0.00205517
0.00205855
0.00206176
0.0020648
0.00206768
0.00207041
0.00207299
0.00207544
0.00207779
0.00208007
0.00208232
0.00187345
0.00187844
0.00188345
0.00188849
0.00189355
0.00189863
0.00190373
0.00190884
0.00191396
0.00191909
0.00192423
0.00192937
0.0019345
0.00193962
0.00194473
0.00194982
0.00195489
0.00195993
0.00196493
0.0019699
0.00197482
0.00197968
0.00198449
0.00198923
0.0019939
0.00199849
0.002003
0.00200741
0.00201174
0.00201597
0.0020201
0.00202413
0.00202806
0.00203191
0.00203567
0.00203936
0.00204298
0.00204656
0.00205012
0.00205367
0.00183226
0.00183751
0.00184278
0.00184807
0.00185338
0.0018587
0.00186403
0.00186937
0.00187471
0.00188007
0.00188542
0.00189077
0.00189612
0.00190147
0.0019068
0.00191213
0.00191743
0.00192272
0.00192798
0.00193321
0.00193842
0.00194358
0.00194871
0.0019538
0.00195884
0.00196384
0.00196878
0.00197367
0.0019785
0.00198328
0.001988
0.00199267
0.00199728
0.00200186
0.00200639
0.0020109
0.00201538
0.00201985
0.00202431
0.00202879
0.0017979
0.00180333
0.00180879
0.00181425
0.00181973
0.00182523
0.00183073
0.00183624
0.00184175
0.00184727
0.0018528
0.00185832
0.00186384
0.00186936
0.00187488
0.00188039
0.00188588
0.00189137
0.00189684
0.0019023
0.00190774
0.00191315
0.00191855
0.00192392
0.00192926
0.00193457
0.00193986
0.00194512
0.00195035
0.00195555
0.00196072
0.00196587
0.001971
0.00197611
0.00198121
0.0019863
0.00199139
0.00199648
0.00200158
0.0020067
0.00176887
0.00177443
0.00178
0.00178559
0.0017912
0.00179681
0.00180243
0.00180806
0.0018137
0.00181934
0.00182499
0.00183064
0.00183629
0.00184195
0.0018476
0.00185325
0.0018589
0.00186455
0.00187018
0.00187581
0.00188143
0.00188704
0.00189264
0.00189823
0.00190381
0.00190937
0.00191492
0.00192046
0.00192598
0.0019315
0.001937
0.0019425
0.00194799
0.00195348
0.00195898
0.00196448
0.00196999
0.00197551
0.00198105
0.00198661
0.0017439
0.00174955
0.0017552
0.00176087
0.00176655
0.00177224
0.00177794
0.00178365
0.00178937
0.0017951
0.00180084
0.00180658
0.00181233
0.00181808
0.00182383
0.00182959
0.00183535
0.00184111
0.00184686
0.00185262
0.00185838
0.00186413
0.00186989
0.00187564
0.00188138
0.00188712
0.00189286
0.0018986
0.00190434
0.00191008
0.00191581
0.00192156
0.0019273
0.00193305
0.00193882
0.00194459
0.00195038
0.00195619
0.00196201
0.00196785
0.00172196
0.00172764
0.00173334
0.00173905
0.00174478
0.00175052
0.00175627
0.00176203
0.0017678
0.00177358
0.00177938
0.00178517
0.00179098
0.0017968
0.00180262
0.00180845
0.00181428
0.00182012
0.00182596
0.00183181
0.00183766
0.00184351
0.00184937
0.00185523
0.00186109
0.00186696
0.00187283
0.0018787
0.00188458
0.00189047
0.00189636
0.00190226
0.00190817
0.00191409
0.00192003
0.00192597
0.00193194
0.00193792
0.00194393
0.00194995
0.00170217
0.00170788
0.00171359
0.00171933
0.00172507
0.00173084
0.00173661
0.0017424
0.00174819
0.001754
0.00175982
0.00176566
0.0017715
0.00177735
0.00178321
0.00178908
0.00179496
0.00180085
0.00180674
0.00181265
0.00181855
0.00182447
0.00183039
0.00183632
0.00184226
0.0018482
0.00185415
0.00186011
0.00186607
0.00187205
0.00187803
0.00188403
0.00189004
0.00189606
0.00190209
0.00190814
0.00191421
0.0019203
0.0019264
0.00193252
0.00168388
0.00168959
0.00169531
0.00170104
0.00170679
0.00171255
0.00171833
0.00172413
0.00172993
0.00173575
0.00174158
0.00174743
0.00175328
0.00175915
0.00176503
0.00177092
0.00177682
0.00178273
0.00178865
0.00179458
0.00180051
0.00180646
0.00181242
0.00181838
0.00182436
0.00183034
0.00183633
0.00184233
0.00184834
0.00185436
0.00186039
0.00186644
0.00187249
0.00187856
0.00188465
0.00189075
0.00189686
0.001903
0.00190914
0.00191531
0.00166659
0.00167228
0.00167799
0.00168371
0.00168945
0.00169521
0.00170098
0.00170676
0.00171256
0.00171837
0.0017242
0.00173004
0.0017359
0.00174176
0.00174764
0.00175353
0.00175943
0.00176535
0.00177127
0.00177721
0.00178315
0.00178911
0.00179507
0.00180105
0.00180703
0.00181302
0.00181903
0.00182504
0.00183106
0.0018371
0.00184314
0.0018492
0.00185527
0.00186135
0.00186745
0.00187356
0.00187969
0.00188583
0.00189198
0.00189816
0.00164995
0.00165562
0.00166131
0.00166701
0.00167273
0.00167847
0.00168422
0.00168999
0.00169577
0.00170156
0.00170738
0.0017132
0.00171904
0.00172489
0.00173076
0.00173664
0.00174253
0.00174843
0.00175435
0.00176027
0.00176621
0.00177215
0.00177811
0.00178407
0.00179005
0.00179603
0.00180203
0.00180803
0.00181405
0.00182007
0.00182611
0.00183215
0.00183821
0.00184428
0.00185036
0.00185645
0.00186256
0.00186868
0.00187482
0.00188097
0.00163375
0.00163939
0.00164505
0.00165073
0.00165642
0.00166213
0.00166786
0.0016736
0.00167936
0.00168514
0.00169092
0.00169673
0.00170255
0.00170838
0.00171422
0.00172008
0.00172595
0.00173183
0.00173772
0.00174362
0.00174954
0.00175546
0.0017614
0.00176734
0.00177329
0.00177925
0.00178522
0.0017912
0.00179719
0.00180318
0.00180919
0.0018152
0.00182123
0.00182727
0.00183331
0.00183937
0.00184544
0.00185152
0.00185762
0.00186373
0.00161788
0.00162349
0.00162912
0.00163477
0.00164044
0.00164612
0.00165182
0.00165753
0.00166326
0.00166901
0.00167477
0.00168054
0.00168633
0.00169213
0.00169795
0.00170378
0.00170962
0.00171547
0.00172134
0.00172721
0.00173309
0.00173899
0.00174489
0.0017508
0.00175672
0.00176264
0.00176858
0.00177452
0.00178047
0.00178642
0.00179239
0.00179836
0.00180434
0.00181033
0.00181633
0.00182234
0.00182836
0.00183439
0.00184043
0.00184648
0.00160233
0.00160791
0.00161351
0.00161913
0.00162476
0.00163041
0.00163608
0.00164176
0.00164746
0.00165318
0.0016589
0.00166465
0.00167041
0.00167618
0.00168196
0.00168776
0.00169357
0.00169939
0.00170521
0.00171105
0.0017169
0.00172276
0.00172862
0.00173449
0.00174037
0.00174625
0.00175214
0.00175804
0.00176394
0.00176985
0.00177577
0.00178169
0.00178761
0.00179355
0.00179949
0.00180544
0.00181139
0.00181736
0.00182333
0.00182931
0.00158717
0.00159272
0.00159828
0.00160387
0.00160947
0.00161509
0.00162072
0.00162637
0.00163204
0.00163772
0.00164342
0.00164913
0.00165485
0.00166059
0.00166634
0.0016721
0.00167787
0.00168366
0.00168945
0.00169525
0.00170106
0.00170687
0.00171269
0.00171852
0.00172435
0.00173019
0.00173603
0.00174188
0.00174773
0.00175358
0.00175944
0.0017653
0.00177116
0.00177704
0.00178291
0.00178879
0.00179468
0.00180057
0.00180647
0.00181238
0.00157252
0.00157803
0.00158357
0.00158912
0.00159469
0.00160028
0.00160588
0.0016115
0.00161713
0.00162278
0.00162845
0.00163412
0.00163981
0.00164552
0.00165123
0.00165696
0.00166269
0.00166843
0.00167419
0.00167995
0.00168571
0.00169148
0.00169726
0.00170304
0.00170882
0.00171461
0.0017204
0.00172619
0.00173198
0.00173778
0.00174357
0.00174937
0.00175517
0.00176098
0.00176678
0.00177259
0.0017784
0.00178422
0.00179004
0.00179586
0.00155856
0.00156405
0.00156956
0.00157508
0.00158062
0.00158617
0.00159175
0.00159733
0.00160294
0.00160855
0.00161418
0.00161983
0.00162549
0.00163115
0.00163683
0.00164252
0.00164822
0.00165392
0.00165964
0.00166536
0.00167108
0.00167681
0.00168254
0.00168827
0.001694
0.00169973
0.00170547
0.0017112
0.00171694
0.00172267
0.0017284
0.00173414
0.00173987
0.0017456
0.00175133
0.00175706
0.0017628
0.00176853
0.00177427
0.00178001
0.00154555
0.00155101
0.00155649
0.00156198
0.00156749
0.00157302
0.00157857
0.00158412
0.0015897
0.00159528
0.00160088
0.0016065
0.00161212
0.00161776
0.0016234
0.00162906
0.00163472
0.00164038
0.00164606
0.00165174
0.00165742
0.0016631
0.00166878
0.00167447
0.00168015
0.00168583
0.00169151
0.00169719
0.00170286
0.00170853
0.0017142
0.00171986
0.00172553
0.00173119
0.00173684
0.0017425
0.00174815
0.0017538
0.00175945
0.0017651
0.00153378
0.00153921
0.00154466
0.00155013
0.00155562
0.00156112
0.00156664
0.00157217
0.00157772
0.00158328
0.00158885
0.00159443
0.00160003
0.00160564
0.00161125
0.00161687
0.0016225
0.00162813
0.00163377
0.00163941
0.00164505
0.00165069
0.00165633
0.00166196
0.0016676
0.00167323
0.00167885
0.00168447
0.00169009
0.0016957
0.0017013
0.0017069
0.00171249
0.00171807
0.00172366
0.00172923
0.00173481
0.00174037
0.00174594
0.0017515
0.00152359
0.001529
0.00153444
0.00153989
0.00154535
0.00155083
0.00155633
0.00156184
0.00156737
0.0015729
0.00157845
0.00158401
0.00158958
0.00159516
0.00160075
0.00160634
0.00161194
0.00161754
0.00162314
0.00162874
0.00163435
0.00163995
0.00164555
0.00165114
0.00165673
0.00166231
0.00166788
0.00167345
0.001679
0.00168455
0.00169009
0.00169563
0.00170115
0.00170667
0.00171217
0.00171767
0.00172317
0.00172865
0.00173413
0.0017396
0.00151541
0.00152081
0.00152623
0.00153167
0.00153712
0.00154259
0.00154807
0.00155356
0.00155907
0.00156459
0.00157012
0.00157567
0.00158122
0.00158677
0.00159234
0.00159791
0.00160348
0.00160906
0.00161463
0.0016202
0.00162577
0.00163134
0.0016369
0.00164246
0.001648
0.00165354
0.00165906
0.00166458
0.00167008
0.00167558
0.00168106
0.00168653
0.00169199
0.00169743
0.00170287
0.0017083
0.00171371
0.00171912
0.00172452
0.00172991
0.00150975
0.00151514
0.00152056
0.00152599
0.00153143
0.00153689
0.00154236
0.00154785
0.00155335
0.00155886
0.00156438
0.00156991
0.00157545
0.001581
0.00158655
0.0015921
0.00159766
0.00160321
0.00160877
0.00161432
0.00161986
0.0016254
0.00163093
0.00163645
0.00164196
0.00164746
0.00165294
0.00165842
0.00166387
0.00166932
0.00167474
0.00168016
0.00168556
0.00169094
0.00169631
0.00170167
0.00170702
0.00171235
0.00171767
0.00172298
0.00150719
0.00151259
0.00151801
0.00152344
0.00152889
0.00153435
0.00153983
0.00154532
0.00155082
0.00155633
0.00156185
0.00156738
0.00157292
0.00157846
0.00158401
0.00158955
0.0015951
0.00160065
0.00160619
0.00161172
0.00161725
0.00162277
0.00162828
0.00163378
0.00163926
0.00164473
0.00165018
0.00165562
0.00166104
0.00166644
0.00167182
0.00167718
0.00168253
0.00168786
0.00169317
0.00169847
0.00170375
0.00170902
0.00171427
0.0017195
0.00150846
0.00151387
0.00151931
0.00152476
0.00153022
0.0015357
0.00154119
0.0015467
0.00155221
0.00155774
0.00156327
0.00156882
0.00157436
0.00157991
0.00158547
0.00159102
0.00159657
0.00160212
0.00160766
0.0016132
0.00161872
0.00162424
0.00162973
0.00163522
0.00164069
0.00164613
0.00165157
0.00165698
0.00166236
0.00166773
0.00167308
0.00167841
0.00168371
0.001689
0.00169426
0.00169951
0.00170474
0.00170994
0.00171513
0.0017203
0.00151444
0.00151989
0.00152535
0.00153084
0.00153633
0.00154184
0.00154737
0.0015529
0.00155845
0.001564
0.00156957
0.00157514
0.00158071
0.00158629
0.00159186
0.00159744
0.00160301
0.00160858
0.00161413
0.00161968
0.00162522
0.00163074
0.00163624
0.00164173
0.00164719
0.00165264
0.00165806
0.00166346
0.00166884
0.00167419
0.00167951
0.00168482
0.00169009
0.00169535
0.00170058
0.00170579
0.00171097
0.00171613
0.00172128
0.0017264
0.00152623
0.00153173
0.00153725
0.00154279
0.00154834
0.0015539
0.00155948
0.00156506
0.00157066
0.00157626
0.00158187
0.00158749
0.00159311
0.00159873
0.00160435
0.00160997
0.00161558
0.00162118
0.00162678
0.00163236
0.00163792
0.00164347
0.001649
0.00165451
0.00165999
0.00166545
0.00167088
0.00167629
0.00168167
0.00168702
0.00169234
0.00169764
0.00170291
0.00170814
0.00171336
0.00171854
0.00172371
0.00172884
0.00173395
0.00173904
0.00154525
0.00155083
0.00155643
0.00156204
0.00156767
0.00157331
0.00157896
0.00158462
0.00159029
0.00159597
0.00160166
0.00160735
0.00161304
0.00161873
0.00162442
0.0016301
0.00163578
0.00164144
0.0016471
0.00165273
0.00165835
0.00166395
0.00166953
0.00167508
0.00168061
0.00168611
0.00169157
0.00169701
0.00170242
0.00170779
0.00171313
0.00171844
0.00172372
0.00172897
0.00173419
0.00173938
0.00174453
0.00174966
0.00175476
0.00175984
0.00157334
0.00157903
0.00158474
0.00159046
0.0015962
0.00160195
0.00160771
0.00161348
0.00161926
0.00162504
0.00163083
0.00163663
0.00164242
0.00164821
0.001654
0.00165979
0.00166556
0.00167132
0.00167706
0.00168279
0.0016885
0.00169418
0.00169984
0.00170546
0.00171106
0.00171663
0.00172216
0.00172766
0.00173312
0.00173855
0.00174394
0.00174929
0.00175461
0.0017599
0.00176515
0.00177036
0.00177555
0.0017807
0.00178582
0.0017909
0.00161301
0.00161885
0.00162471
0.00163058
0.00163647
0.00164237
0.00164828
0.00165419
0.00166012
0.00166606
0.00167199
0.00167794
0.00168387
0.00168981
0.00169574
0.00170166
0.00170758
0.00171347
0.00171935
0.00172521
0.00173104
0.00173684
0.00174262
0.00174836
0.00175407
0.00175975
0.00176538
0.00177098
0.00177654
0.00178206
0.00178753
0.00179297
0.00179837
0.00180373
0.00180905
0.00181433
0.00181957
0.00182478
0.00182995
0.00183509
0.00166775
0.0016738
0.00167986
0.00168593
0.00169202
0.00169813
0.00170424
0.00171036
0.00171649
0.00172263
0.00172877
0.00173491
0.00174105
0.00174719
0.00175331
0.00175943
0.00176553
0.00177162
0.00177768
0.00178372
0.00178973
0.00179572
0.00180167
0.00180758
0.00181345
0.00181929
0.00182508
0.00183083
0.00183653
0.00184219
0.0018478
0.00185337
0.00185889
0.00186437
0.00186981
0.00187521
0.00188056
0.00188587
0.00189114
0.00189637
0.00174266
0.00174898
0.00175532
0.00176167
0.00176804
0.00177442
0.00178081
0.00178721
0.00179361
0.00180003
0.00180644
0.00181286
0.00181927
0.00182567
0.00183207
0.00183845
0.00184482
0.00185117
0.00185749
0.00186379
0.00187005
0.00187629
0.00188248
0.00188863
0.00189474
0.0019008
0.00190682
0.00191279
0.00191871
0.00192458
0.00193039
0.00193616
0.00194188
0.00194754
0.00195316
0.00195873
0.00196426
0.00196974
0.00197517
0.00198055
0.0018455
0.00185219
0.00185891
0.00186563
0.00187238
0.00187914
0.0018859
0.00189268
0.00189947
0.00190626
0.00191305
0.00191984
0.00192663
0.0019334
0.00194017
0.00194693
0.00195366
0.00196037
0.00196706
0.00197371
0.00198033
0.00198691
0.00199344
0.00199994
0.00200638
0.00201277
0.00201911
0.00202539
0.00203162
0.00203779
0.00204391
0.00204997
0.00205597
0.00206192
0.00206781
0.00207365
0.00207943
0.00208516
0.00209084
0.00209646
0.00198873
0.00199595
0.00200318
0.00201043
0.0020177
0.00202498
0.00203228
0.00203958
0.00204689
0.0020542
0.00206152
0.00206883
0.00207614
0.00208344
0.00209073
0.002098
0.00210525
0.00211247
0.00211967
0.00212682
0.00213394
0.00214102
0.00214804
0.00215502
0.00216194
0.0021688
0.0021756
0.00218235
0.00218902
0.00219564
0.00220219
0.00220867
0.0022151
0.00222145
0.00222775
0.00223398
0.00224015
0.00224626
0.00225231
0.0022583
0.00219383
0.00220179
0.00220976
0.00221776
0.00222578
0.00223381
0.00224185
0.0022499
0.00225796
0.00226603
0.0022741
0.00228216
0.00229022
0.00229827
0.0023063
0.00231432
0.00232231
0.00233027
0.0023382
0.00234608
0.00235393
0.00236172
0.00236946
0.00237714
0.00238476
0.00239231
0.0023998
0.00240721
0.00241455
0.00242182
0.00242902
0.00243614
0.00244318
0.00245016
0.00245706
0.00246388
0.00247064
0.00247732
0.00248393
0.00249047
0.00250106
0.00251013
0.00251922
0.00252833
0.00253746
0.00254661
0.00255577
0.00256494
0.00257413
0.00258332
0.00259251
0.0026017
0.00261089
0.00262006
0.00262922
0.00263835
0.00264746
0.00265653
0.00266557
0.00267456
0.0026835
0.00269238
0.0027012
0.00270995
0.00271864
0.00272724
0.00273577
0.00274422
0.00275258
0.00276086
0.00276905
0.00277715
0.00278516
0.00279308
0.00280092
0.00280867
0.00281633
0.00282391
0.0028314
0.00283881
0.00299578
0.00300663
0.0030175
0.0030284
0.00303932
0.00305026
0.00306123
0.00307221
0.0030832
0.0030942
0.0031052
0.0031162
0.0031272
0.00313818
0.00314915
0.0031601
0.00317101
0.00318188
0.00319271
0.00320349
0.00321422
0.00322487
0.00323545
0.00324596
0.00325638
0.00326671
0.00327695
0.00328709
0.00329713
0.00330707
0.0033169
0.00332662
0.00333624
0.00334575
0.00335515
0.00336444
0.00337363
0.0033827
0.00339168
0.00340055
0.00389996
0.00391399
0.00392804
0.00394214
0.00395626
0.00397042
0.0039846
0.00399881
0.00401303
0.00402727
0.00404152
0.00405577
0.00407001
0.00408425
0.00409847
0.00411266
0.00412682
0.00414094
0.004155
0.00416901
0.00418295
0.00419681
0.00421059
0.00422427
0.00423785
0.00425132
0.00426468
0.00427792
0.00429104
0.00430402
0.00431688
0.0043296
0.00434219
0.00435465
0.00436697
0.00437916
0.00439121
0.00440314
0.00441494
0.00442661
0.0554471
1.68094
4.98527
3.72698
2.41278
1.52881
1.1752
1.03086
0.810965
0.613905
0.414214
0.399023
0.316789
0.280971
0.265961
0.259659
0.254456
0.24575
0.230479
0.207655
0.176725
0.124786
0.092168
0.0754851
0.0683275
0.0655268
0.0660277
0.0696149
0.075972
0.0843713
0.0936092
0.100467
0.0937681
0.0838583
0.0756313
0.0683761
0.0619115
0.0561775
0.0511246
0.0466954
0.0428165
0.0394057
0.036382
0.0336607
0.0311802
0.0289289
0.0268878
0.0250436
0.0233789
0.0218769
0.0205228
0.0193039
0.0182093
0.0172281
0.0163495
0.0155636
0.0148608
0.0142324
0.0136706
0.0131689
0.0127216
0.0123238
0.0119713
0.0116602
0.011387
0.0111483
0.010941
0.0107619
0.010608
0.0104767
0.0103652
0.010271
0.0101919
0.0101258
0.0100708
0.0100254
0.00998795
0.00995728
0.00993226
0.00991193
0.0765391
1.71028
4.99481
3.73344
2.41739
1.53175
1.17676
1.29645
1.07507
0.867841
0.657151
0.593841
0.317431
0.281545
0.26651
0.2602
0.254999
0.246302
0.231037
0.208215
0.177298
0.125985
0.0928387
0.0758393
0.0686033
0.0657735
0.0662634
0.069852
0.0762199
0.0846396
0.0939074
0.100813
0.0941497
0.0842005
0.0759483
0.0686716
0.0621861
0.0564314
0.0513582
0.0469094
0.0430122
0.0395844
0.0365451
0.0338096
0.0313161
0.0290528
0.0270006
0.0251461
0.023472
0.0219612
0.020599
0.0193727
0.0182712
0.0172836
0.0163992
0.0156079
0.0149001
0.0142671
0.0137012
0.0131958
0.0127451
0.0123442
0.0119889
0.0116753
0.0113998
0.0111592
0.0109501
0.0107694
0.0106143
0.0104818
0.0103693
0.0102742
0.0101944
0.0101277
0.0100722
0.0100264
0.00998859
0.00995763
0.00993238
0.00991187
0.126508
1.7763
5.01756
3.99747
2.80199
1.9487
1.55329
1.61814
1.38302
1.15658
0.924889
0.812669
0.514806
0.441917
0.409344
0.394595
0.383423
0.365952
0.334539
0.287239
0.227159
0.148977
0.0955887
0.0766553
0.0692375
0.066341
0.0668059
0.0703983
0.0767922
0.0852591
0.0945961
0.101611
0.0950268
0.0849871
0.0766771
0.069351
0.0628174
0.057015
0.0518951
0.0474016
0.0434623
0.0399956
0.0369205
0.0341522
0.0316288
0.0293381
0.0272604
0.0253824
0.0236865
0.0221556
0.0207749
0.0195314
0.018414
0.0174117
0.0165138
0.01571
0.0149909
0.0143475
0.0137721
0.0132579
0.0127993
0.0123913
0.0120296
0.0117102
0.0114296
0.0111843
0.0109712
0.010787
0.0106287
0.0104935
0.0103787
0.0102817
0.0102002
0.0101321
0.0100755
0.0100286
0.00999006
0.00995845
0.00993267
0.00991172
0.220049
1.88555
5.05452
4.41823
3.30278
2.44296
1.99307
1.95247
1.69849
1.45097
1.19571
1.03419
0.729398
0.620596
0.572094
0.551531
0.537693
0.515158
0.470884
0.400622
0.309997
0.197959
0.106992
0.0781464
0.0702291
0.0672284
0.067655
0.0712539
0.0776888
0.0862297
0.0956748
0.102859
0.0963969
0.0862157
0.0778152
0.0704119
0.0638033
0.0579265
0.0527337
0.0481703
0.0441655
0.0406381
0.0375072
0.0346879
0.0321179
0.0297843
0.0276669
0.0257521
0.0240224
0.0224602
0.0210504
0.0197801
0.0186379
0.0176128
0.0166937
0.0158706
0.0151336
0.0144738
0.0138835
0.0133558
0.0128848
0.0124656
0.0120938
0.0117653
0.0114766
0.0112241
0.0110045
0.0108147
0.0106516
0.0105122
0.0103937
0.0102936
0.0102095
0.0101391
0.0100806
0.0100322
0.0099924
0.00995975
0.00993312
0.00991149
0.380124
2.04169
5.10691
4.86898
3.80741
2.93662
2.43395
2.29242
2.0163
1.74682
1.46637
1.2554
0.940645
0.798213
0.734968
0.710136
0.695701
0.670916
0.617304
0.527543
0.409203
0.265213
0.134343
0.0815267
0.0716073
0.0684624
0.0688365
0.0724452
0.0789372
0.0875811
0.0971756
0.104592
0.0982988
0.0879205
0.0793942
0.0718835
0.0651708
0.0591908
0.053897
0.049237
0.0451415
0.04153
0.0383219
0.035432
0.0327976
0.0304047
0.0282323
0.0262666
0.0244899
0.0228844
0.0214345
0.0201271
0.0189505
0.0178936
0.0169452
0.0160951
0.0153334
0.0146509
0.0140398
0.0134931
0.0130049
0.01257
0.012184
0.0118428
0.0115427
0.0112801
0.0110516
0.0108539
0.0106838
0.0105384
0.0104148
0.0103103
0.0102225
0.010149
0.0100879
0.0100374
0.00999572
0.00996159
0.00993376
0.00991117
0.636788
2.24505
5.17502
5.30256
4.31266
3.41509
2.86559
2.63413
2.33365
2.04158
1.73457
1.47454
1.14573
0.972201
0.895071
0.866784
0.853012
0.828147
0.768565
0.663208
0.520434
0.346905
0.179533
0.0905892
0.0734941
0.0700684
0.0703757
0.073998
0.080565
0.0893427
0.0991302
0.106846
0.100769
0.0901339
0.0814435
0.0737931
0.0669454
0.0608317
0.0554071
0.0506218
0.0464088
0.0426886
0.0393806
0.0363993
0.0336815
0.031212
0.0289685
0.0269369
0.0250995
0.0234378
0.0219359
0.0205804
0.0193593
0.0182612
0.0172748
0.0163896
0.0155956
0.0148835
0.0142453
0.0136739
0.0131631
0.0127078
0.0123032
0.0119453
0.0116302
0.0113542
0.0111138
0.0109057
0.0107266
0.0105733
0.0104429
0.0103326
0.0102398
0.0101622
0.0100976
0.0100442
0.0100001
0.00996406
0.00993464
0.00991076
1.01854
2.49221
5.25816
5.69279
4.77913
3.87041
3.28267
2.97364
2.64771
2.33259
1.99792
1.6898
1.34334
1.1416
1.05146
1.02011
1.00767
0.984284
0.921759
0.805071
0.642086
0.442067
0.241554
0.111055
0.0766157
0.0720706
0.0722964
0.0759372
0.0825981
0.0915423
0.101568
0.10965
0.103842
0.0928851
0.0839896
0.0761654
0.0691498
0.0628702
0.0572834
0.0523431
0.0479846
0.0441297
0.040698
0.0376035
0.0347825
0.032218
0.0298864
0.0277733
0.0258606
0.0241295
0.0225632
0.0211481
0.0198717
0.0187225
0.0176888
0.01676
0.0159259
0.0151769
0.0145048
0.0139024
0.0133633
0.0128823
0.0124544
0.0120754
0.0117414
0.0114485
0.0111931
0.0109718
0.0107811
0.0106178
0.0104787
0.010361
0.010262
0.0101791
0.01011
0.0100529
0.0100058
0.00996724
0.00993578
0.00991026
1.53256
2.77615
5.35485
6.00463
5.18581
4.31816
3.68036
3.30669
2.95542
2.61704
2.25383
1.89923
1.53248
1.30578
1.20366
1.16941
1.15855
1.13765
1.07463
0.95072
0.772488
0.550165
0.319551
0.147584
0.0833429
0.0744921
0.0746209
0.0782857
0.085061
0.0942061
0.104518
0.113034
0.107548
0.0962
0.0870562
0.079022
0.0718042
0.0653251
0.0595436
0.054417
0.049884
0.0458675
0.0422873
0.0390571
0.036112
0.0334335
0.0309965
0.0287855
0.0267826
0.024968
0.0233246
0.0218378
0.0204951
0.0192844
0.0181938
0.0172124
0.0163298
0.0155362
0.0148231
0.014183
0.0136096
0.0130972
0.0126408
0.0122361
0.0118788
0.0115652
0.0112914
0.0110538
0.0108489
0.0106731
0.0105233
0.0103964
0.0102896
0.0102001
0.0101255
0.0100638
0.0100129
0.00997123
0.00993725
0.00990967
2.14719
3.08701
5.46294
6.1985
5.55305
4.74943
4.05373
3.62879
3.25355
2.892
2.49971
2.10086
1.71241
1.4643
1.35145
1.31436
1.30505
1.28719
1.22542
1.0978
0.909435
0.670082
0.413047
0.202119
0.0979167
0.0778609
0.077369
0.0810645
0.0879761
0.0973581
0.108003
0.117022
0.111912
0.100101
0.0906633
0.0823815
0.0749259
0.0682126
0.0622027
0.0568579
0.0521202
0.0479144
0.0441603
0.040771
0.0376806
0.0348686
0.0323079
0.0299824
0.0278739
0.0259616
0.0242276
0.0226569
0.0212363
0.0199534
0.018796
0.0177527
0.0168129
0.0159666
0.015205
0.0145204
0.0139061
0.0133564
0.012866
0.0124305
0.0120454
0.0117069
0.0114109
0.0111536
0.0109314
0.0107406
0.0105778
0.0104397
0.0103233
0.0102258
0.0101445
0.0100772
0.0100217
0.00997617
0.00993908
0.009909
2.80286
3.4134
5.57974
6.28776
5.88207
5.11311
4.39797
3.93553
3.53884
3.1546
2.73305
2.29282
1.88267
1.61696
1.49481
1.45488
1.44691
1.43226
1.37287
1.24416
1.05031
0.79983
0.521283
0.274876
0.125727
0.0838759
0.0805597
0.0842927
0.0913638
0.10102
0.112048
0.121637
0.11696
0.104609
0.0948286
0.0862601
0.0785301
0.071547
0.0652742
0.0596783
0.0547054
0.0502819
0.0463277
0.0427554
0.0394978
0.0365321
0.0338293
0.0313722
0.0291422
0.0271176
0.0252795
0.0236122
0.022102
0.020736
0.0195014
0.0183868
0.0173809
0.0164735
0.0156556
0.0149192
0.0142573
0.0136639
0.0131337
0.0126619
0.0122441
0.0118761
0.0115538
0.0112732
0.0110304
0.0108216
0.0106433
0.0104918
0.010364
0.0102568
0.0101674
0.0100933
0.0100322
0.00998218
0.00994135
0.00990826
3.44468
3.74437
5.70185
6.33382
6.17421
5.41914
4.73025
4.22286
3.80835
3.40232
2.95171
2.47359
2.04315
1.76374
1.63391
1.59116
1.58415
1.57261
1.51612
1.388
1.19236
0.936592
0.642694
0.365377
0.171238
0.0955912
0.0846244
0.0879876
0.0952425
0.105212
0.116672
0.126897
0.122711
0.109739
0.0995675
0.090672
0.0826302
0.075341
0.0687702
0.0628898
0.0576502
0.05298
0.0487992
0.0450195
0.0415723
0.0384324
0.0355686
0.0329623
0.0305949
0.0284431
0.0264871
0.0247104
0.0230986
0.0216382
0.0203161
0.0191202
0.0180391
0.0170621
0.0161798
0.015384
0.0146674
0.0140238
0.0134476
0.0129339
0.0124781
0.0120758
0.0117227
0.0114147
0.0111477
0.0109178
0.0107211
0.0105538
0.0104125
0.0102939
0.0101948
0.0101127
0.010045
0.00998942
0.00994414
0.00990745
4.04165
4.07145
5.82496
6.37647
6.42514
5.688
5.0231
4.48735
4.0597
3.63323
3.15426
2.64223
2.19409
1.90488
1.76909
1.72357
1.71704
1.70825
1.65471
1.52791
1.33294
1.07699
0.774683
0.472523
0.236757
0.117845
0.090893
0.0921653
0.0996292
0.109951
0.121895
0.13282
0.129186
0.11551
0.104894
0.0956306
0.0872388
0.0796066
0.0727021
0.0665031
0.060965
0.0560185
0.051584
0.047572
0.0439124
0.0405772
0.0375331
0.0347601
0.0322388
0.0299447
0.0278568
0.0259576
0.0242321
0.022666
0.0212457
0.0199586
0.0187929
0.0177374
0.0167825
0.0159195
0.0151409
0.0144402
0.0138116
0.01325
0.0127506
0.0123088
0.0119202
0.0115806
0.0112856
0.011031
0.0108128
0.010627
0.0104698
0.0103377
0.0102273
0.0101357
0.0100601
0.00999809
0.00994754
0.00990659
4.58404
4.39011
5.94349
6.43755
6.62006
5.92121
5.26712
4.74419
4.29145
3.84629
3.34024
2.79868
2.33617
2.04084
1.90084
1.85266
1.84606
1.83948
1.7885
1.66296
1.46982
1.21748
0.913678
0.594285
0.322607
0.156357
0.101893
0.0972124
0.10454
0.115255
0.127733
0.139422
0.136405
0.121935
0.110822
0.101149
0.0923681
0.0843556
0.0770813
0.0705292
0.0646601
0.0594073
0.0546912
0.0504215
0.0465262
0.0429744
0.0397303
0.0367725
0.0340807
0.031629
0.0293949
0.02736
0.0255083
0.0238251
0.0222957
0.0209074
0.0196475
0.0185046
0.0174686
0.0165305
0.0156824
0.0149176
0.0142299
0.0136141
0.0130652
0.0125784
0.0121493
0.0117733
0.0114461
0.0111631
0.01092
0.0107127
0.010537
0.0103891
0.0102655
0.0101628
0.010078
0.0100084
0.00995166
0.0099057
5.07315
4.69974
6.05022
6.53411
6.74614
6.12111
5.48214
4.97143
4.50317
4.04153
3.51026
2.94379
2.47043
2.17229
2.02981
1.97911
1.97184
1.96673
1.91763
1.79263
1.6013
1.35476
1.05547
0.727462
0.427584
0.215743
0.121947
0.104327
0.109989
0.12114
0.134206
0.146722
0.144387
0.129032
0.117366
0.107239
0.0980309
0.0896004
0.0819196
0.0749793
0.0687462
0.0631563
0.0581304
0.0535769
0.0494221
0.0456318
0.0421675
0.0390066
0.0361275
0.0335024
0.0311077
0.0289236
0.0269332
0.025121
0.0234717
0.0219717
0.020608
0.0193686
0.018243
0.0172216
0.0162963
0.01546
0.0147064
0.0140299
0.0134253
0.0128879
0.0124129
0.0119957
0.0116316
0.0113161
0.0110445
0.0108123
0.0106153
0.0104492
0.0103101
0.0101945
0.010099
0.0100206
0.00995662
0.00990482
5.51352
5.00195
6.13687
6.67125
6.81619
6.28921
5.67047
5.16203
4.69562
4.21997
3.66593
3.07925
2.59816
2.30004
2.15677
2.10375
2.09508
2.0906
2.04248
1.91682
1.72631
1.48613
1.1957
0.867736
0.549089
0.298044
0.157118
0.115809
0.116295
0.127621
0.141329
0.154734
0.153153
0.136816
0.12454
0.113916
0.104241
0.0953542
0.0872298
0.0798656
0.0732347
0.0672763
0.0619116
0.0570478
0.052609
0.0485577
0.0448526
0.0414698
0.038386
0.0355717
0.0330015
0.0306544
0.0285126
0.0265595
0.024779
0.023157
0.0216796
0.0203345
0.0191104
0.0179975
0.0169871
0.016072
0.0152453
0.0145013
0.0138348
0.0132408
0.0127142
0.0122505
0.0118448
0.0114922
0.0111881
0.0109276
0.010706
0.0105189
0.0103621
0.0102315
0.0101236
0.0100349
0.00996257
0.00990397
5.90924
5.2979
6.19628
6.84916
6.86101
6.42632
5.83356
5.33236
4.87005
4.38329
3.80949
3.20729
2.7208
2.42501
2.2826
2.22745
2.21659
2.21178
2.16359
2.0358
1.84439
1.60972
1.33048
1.01006
0.68311
0.4025
0.213624
0.135662
0.124528
0.134715
0.149122
0.163478
0.162726
0.145307
0.132361
0.121196
0.111013
0.101632
0.093026
0.0852015
0.0781384
0.0717792
0.066046
0.0608444
0.0560964
0.051761
0.0477937
0.0441699
0.0408637
0.0378438
0.035083
0.0325589
0.0302525
0.0281463
0.0262233
0.0244685
0.0228674
0.021407
0.0200756
0.0188627
0.0177593
0.0167576
0.0158506
0.0150324
0.0142974
0.0136404
0.0130565
0.0125407
0.0120882
0.0116939
0.0113529
0.0110601
0.0108106
0.0105995
0.0104223
0.0102745
0.0101522
0.0100517
0.00996969
0.00990322
6.26284
5.58627
6.22654
7.05932
6.90777
6.53436
5.97129
5.48215
5.02701
4.53307
3.94321
3.33022
2.83979
2.54821
2.40828
2.35118
2.33719
2.33094
2.28159
2.15003
1.95563
1.72456
1.45679
1.1493
0.824373
0.525912
0.295424
0.169996
0.136816
0.142549
0.157602
0.172973
0.173133
0.154526
0.140848
0.129096
0.118365
0.108449
0.0993241
0.091002
0.0834713
0.0766782
0.0705457
0.064978
0.0598948
0.0552513
0.0510001
0.0471153
0.0435686
0.0403262
0.0373591
0.0346436
0.0321591
0.0298873
0.0278101
0.0259116
0.0241766
0.0225913
0.0211434
0.0198219
0.0186173
0.0175213
0.0165266
0.015627
0.0148167
0.0140905
0.013443
0.0128695
0.0123647
0.0119237
0.0115412
0.011212
0.0109307
0.0106922
0.0104917
0.0103242
0.0101855
0.0100714
0.00997817
0.00990263
6.57553
5.86289
6.23393
7.28164
6.97551
6.61605
6.08619
5.60848
5.1642
4.66949
4.06851
3.4499
2.95646
2.67071
2.53486
2.47591
2.45769
2.44878
2.39711
2.26015
2.06048
1.83049
1.57279
1.28097
0.966841
0.663034
0.402611
0.226019
0.156815
0.151906
0.166791
0.183243
0.184403
0.164496
0.150022
0.137636
0.126315
0.115826
0.106142
0.0972839
0.0892491
0.0819879
0.0754241
0.0694611
0.0640157
0.0590394
0.0544814
0.0503154
0.0465092
0.043027
0.0398376
0.0369156
0.0342393
0.031789
0.0295454
0.0274919
0.0256124
0.0238924
0.0223187
0.0208798
0.0195656
0.0183674
0.0172775
0.0162892
0.0153968
0.0145946
0.0138773
0.01324
0.0126774
0.0121843
0.0117554
0.0113851
0.011068
0.0107986
0.0105715
0.0103816
0.010224
0.0100943
0.00998824
0.00990228
6.84789
6.12201
6.23207
7.48604
7.07329
6.67612
6.18564
5.71097
5.27552
4.78881
4.18447
3.56681
3.07172
2.79362
2.66348
2.60268
2.57889
2.5659
2.51075
2.36682
2.15963
1.92793
1.67775
1.40181
1.10451
0.807063
0.531238
0.309266
0.190346
0.164584
0.176711
0.194312
0.196566
0.175245
0.159906
0.146839
0.134886
0.123782
0.113499
0.104066
0.0954891
0.0877242
0.0806963
0.0743073
0.0684716
0.0631367
0.0582486
0.0537801
0.049695
0.0459549
0.0425265
0.0393825
0.0365
0.0338578
0.0314355
0.0292154
0.0271806
0.0253155
0.0236064
0.0220411
0.0206088
0.0193003
0.0181073
0.0170231
0.0160414
0.0151565
0.0143629
0.0136555
0.0130291
0.0124784
0.0119978
0.0115818
0.0112244
0.01092
0.0106629
0.0104475
0.0102685
0.0101209
0.0100002
0.00990226
7.08045
6.3581
6.23614
7.64686
7.1985
6.72308
6.27549
5.80065
5.36039
4.88324
4.28506
3.67814
3.18552
2.91799
2.79529
2.7325
2.70159
2.68284
2.62297
2.47059
2.25379
2.01765
1.77187
1.50996
1.23223
0.950391
0.674023
0.420585
0.244916
0.183503
0.187657
0.206209
0.20966
0.186803
0.170529
0.156729
0.1441
0.13234
0.121417
0.111368
0.102211
0.0939052
0.0863786
0.0795318
0.0732765
0.067556
0.0623135
0.0575204
0.0531361
0.0491194
0.0454346
0.0420527
0.038949
0.036101
0.033487
0.0310883
0.0288868
0.0268661
0.0250118
0.0233107
0.0217514
0.0203243
0.0190204
0.0178327
0.0167545
0.0157799
0.0149033
0.0141195
0.0134232
0.012809
0.0122713
0.0118042
0.0114019
0.0110583
0.0107674
0.010523
0.0103197
0.0101518
0.0100143
0.00990272
7.27436
6.56729
6.25737
7.74447
7.34339
6.76615
6.35573
5.8926
5.43429
4.95299
4.36167
3.77418
3.29506
3.04437
2.93144
2.86639
2.82658
2.8
2.73408
2.57187
2.34355
2.10047
1.85586
1.60486
1.34634
1.08563
0.821494
0.554813
0.327065
0.213371
0.20065
0.218966
0.223724
0.199203
0.181919
0.167335
0.153986
0.141526
0.12992
0.119214
0.109435
0.10055
0.0924889
0.085151
0.0784454
0.0723111
0.0666889
0.0615484
0.0568437
0.0525307
0.0485715
0.0449348
0.0415944
0.0385261
0.035707
0.0331171
0.0307372
0.0285501
0.0265401
0.0246936
0.0229984
0.021444
0.0200211
0.0187221
0.01754
0.0164686
0.0155021
0.0146354
0.0138628
0.013179
0.0125784
0.012055
0.0116027
0.0112153
0.0108863
0.0106095
0.0103785
0.0101875
0.010031
0.00990381
7.43187
6.74799
6.29996
7.77033
7.49541
6.81861
6.42361
5.99219
5.51903
5.01408
4.41829
3.84521
3.39111
3.17135
3.07283
3.00531
2.95463
2.91766
2.84415
2.67079
2.42925
2.17706
1.93065
1.68685
1.44476
1.20663
0.963485
0.701635
0.438281
0.260749
0.217604
0.232618
0.238802
0.212483
0.19411
0.178688
0.164572
0.151369
0.139035
0.127627
0.117185
0.10768
0.0990467
0.0911827
0.0839946
0.0774169
0.071389
0.065877
0.0608298
0.0562002
0.0519476
0.0480386
0.044445
0.0411414
0.0381031
0.0353088
0.0327384
0.0303733
0.0281971
0.0261952
0.0243545
0.022664
0.0211138
0.0196954
0.0184019
0.0172264
0.0161631
0.0152066
0.0143512
0.0135916
0.0129221
0.0123367
0.0118291
0.0113929
0.0110214
0.010708
0.010446
0.0102289
0.0100507
0.00990575
7.55679
6.90114
6.36152
7.72959
7.63909
6.89272
6.4793
6.08877
5.63666
5.09014
4.47131
3.90066
3.46247
3.29196
3.21944
3.15013
3.08652
3.03595
2.95295
2.76718
2.51085
2.24775
1.99701
1.7567
1.52684
1.30918
1.09087
0.848023
0.572285
0.332304
0.24147
0.247295
0.254942
0.226686
0.207139
0.190821
0.175891
0.161898
0.14879
0.136636
0.125485
0.115319
0.106073
0.0976462
0.0899417
0.0828893
0.0764287
0.0705202
0.0651073
0.0601397
0.0555738
0.0513741
0.0475105
0.0439556
0.0406833
0.037671
0.0348972
0.0323422
0.0299886
0.0278209
0.025825
0.0239893
0.0223029
0.0207571
0.0193442
0.0180572
0.0168899
0.0158366
0.0148918
0.01405
0.0133054
0.012652
0.0120835
0.0115933
0.0111745
0.0108202
0.0105232
0.0102766
0.0100739
0.00990878
7.65436
7.02993
6.43625
7.63885
7.75878
6.98701
6.52723
6.16703
5.78552
5.22008
4.54499
3.95871
3.51889
3.39073
3.36832
3.30138
3.22296
3.15482
3.05993
2.86045
2.58789
2.31245
2.05539
1.81524
1.59294
1.39139
1.19721
0.981432
0.715984
0.430866
0.276534
0.263695
0.272199
0.241858
0.221047
0.203773
0.187978
0.173146
0.159218
0.146268
0.134362
0.12349
0.113591
0.104562
0.0963053
0.0887461
0.0818243
0.075493
0.0696902
0.0643621
0.0594623
0.0549526
0.0508009
0.0469782
0.0434565
0.0402117
0.037221
0.0344637
0.031921
0.0295765
0.0274153
0.0254246
0.0235932
0.0219114
0.0203712
0.018965
0.0176863
0.0165292
0.0154881
0.0145574
0.0137312
0.0130037
0.0123684
0.0118187
0.0113475
0.0109475
0.0106114
0.0103317
0.0101013
0.00991325
7.73038
7.13902
6.5187
7.51874
7.84138
7.09733
6.57616
6.22425
5.92096
5.4456
4.69619
4.047
3.58045
3.46957
3.50902
3.45834
3.36435
3.27411
3.16415
2.94958
2.65949
2.37068
2.1059
1.86322
1.64417
1.4536
1.27979
1.09287
0.853778
0.551598
0.327927
0.283241
0.290629
0.25805
0.235878
0.217585
0.20087
0.185151
0.170351
0.156556
0.143846
0.132221
0.121623
0.111952
0.103105
0.0950058
0.0875933
0.0808115
0.0745934
0.0688812
0.0636256
0.0587856
0.0543272
0.0502191
0.0464317
0.0429393
0.0397177
0.0367448
0.0340009
0.0314682
0.0291309
0.0269754
0.0249895
0.023163
0.021487
0.0199537
0.018556
0.0172879
0.0161435
0.015117
0.0142028
0.0133948
0.0126866
0.0120715
0.0115424
0.0110919
0.010712
0.0103951
0.0101334
0.00991954
7.78994
7.23322
6.606
7.38733
7.87765
7.21671
6.63768
6.26916
6.01021
5.69222
5.03875
4.2421
3.67984
3.55252
3.63562
3.61647
3.51031
3.39343
3.26441
3.03316
2.72445
2.42169
2.14843
1.90135
1.68227
1.49818
1.33978
1.17874
0.972916
0.682026
0.399596
0.307862
0.310296
0.27532
0.251683
0.2323
0.21461
0.197949
0.182226
0.167533
0.153967
0.141539
0.130196
0.119839
0.110363
0.101688
0.0937539
0.0864929
0.0798326
0.0737117
0.0680773
0.0628859
0.0581008
0.053689
0.0496188
0.045863
0.0423956
0.0391934
0.0362353
0.0335024
0.0309778
0.0286471
0.0264969
0.0245164
0.0226961
0.0210275
0.0195031
0.0181165
0.0168615
0.0157324
0.0147233
0.0138282
0.0130408
0.0123543
0.0117616
0.0112551
0.0108266
0.010468
0.0101713
0.00992818
7.83651
7.31632
6.69749
7.2578
7.86224
7.33498
6.72101
6.31573
6.06438
5.84953
5.46232
4.71893
3.91402
3.68205
3.76752
3.76971
3.65835
3.51215
3.35945
3.10955
2.7815
2.46484
2.18298
1.93058
1.70954
1.52881
1.38118
1.24072
1.0671
0.806883
0.491127
0.340021
0.331263
0.293729
0.268515
0.247968
0.229241
0.211583
0.19488
0.179235
0.164758
0.151474
0.139337
0.128248
0.118099
0.108815
0.100326
0.092555
0.0854247
0.078869
0.0728318
0.0672665
0.0621341
0.0573993
0.0530283
0.0489922
0.0452636
0.0418175
0.0386316
0.035686
0.0329624
0.0304454
0.0281207
0.0259767
0.0240031
0.0221907
0.0205315
0.0190187
0.0176458
0.016407
0.0152961
0.0143072
0.013434
0.0126698
0.0120075
0.0114392
0.0109569
0.0105519
0.0102159
0.0099398
7.87198
7.39043
6.793
7.14022
7.79382
7.43836
6.8245
6.37764
6.10683
5.92491
5.72107
5.28801
4.49177
3.95856
3.94555
3.92572
3.80295
3.62901
3.44821
3.17731
2.82974
2.49992
2.21003
1.95229
1.72867
1.54959
1.4092
1.28376
1.13678
0.91439
0.595885
0.382333
0.353596
0.313346
0.286435
0.264644
0.244813
0.226096
0.208355
0.191699
0.176254
0.162058
0.149074
0.137204
0.126339
0.116408
0.107329
0.099017
0.0913871
0.0843695
0.0779042
0.0719415
0.0664399
0.0613617
0.0566711
0.0523372
0.0483308
0.0446256
0.0411978
0.0380261
0.0350912
0.0323764
0.0298666
0.027549
0.0254127
0.0234477
0.0216453
0.0199984
0.0185001
0.0171442
0.0159244
0.0148349
0.0138693
0.0130209
0.0122826
0.0116466
0.0111048
0.0106483
0.0102682
0.00995519
7.89718
7.45618
6.89127
7.04374
7.67677
7.5096
6.94119
6.4637
6.15709
5.96961
5.82817
5.60387
5.12238
4.48777
4.21939
4.1054
3.9435
3.7417
3.53021
3.23568
2.86906
2.52751
2.23067
1.9683
1.74238
1.56423
1.42868
1.31369
1.18664
0.999701
0.702835
0.436535
0.377355
0.33425
0.30551
0.282385
0.261379
0.241537
0.222693
0.204963
0.188491
0.173324
0.159437
0.146733
0.135108
0.12449
0.114786
0.105899
0.0977383
0.0902301
0.0833102
0.0769254
0.0710317
0.0655889
0.0605588
0.0559085
0.0516072
0.0476268
0.0439421
0.0405304
0.0373712
0.0344466
0.0317403
0.0292387
0.0269298
0.024803
0.0228489
0.0210597
0.0194282
0.0179477
0.0166119
0.0154147
0.0143497
0.0134104
0.0125896
0.0118798
0.0112725
0.0107589
0.0103299
0.00997533
7.91258
7.51347
6.98983
6.97667
7.52375
7.53093
7.0566
6.57294
6.2315
6.01533
5.87885
5.72255
5.44535
4.99843
4.57448
4.31879
4.08879
3.85004
3.6057
3.2851
2.90043
2.54897
2.24653
1.98056
1.75299
1.57553
1.44329
1.33548
1.22257
1.06416
0.80121
0.502063
0.402943
0.356525
0.325814
0.301258
0.278997
0.257957
0.237942
0.21907
0.201505
0.185307
0.170456
0.156863
0.144431
0.133086
0.122718
0.113221
0.104497
0.0964685
0.0890662
0.0822335
0.0759237
0.0700938
0.0647033
0.0597172
0.0551029
0.0508304
0.0468731
0.0432068
0.0398096
0.0366625
0.0337479
0.0310513
0.0285596
0.0262614
0.0241466
0.0222067
0.0204338
0.0188211
0.0173619
0.0160499
0.0148786
0.0138415
0.0129316
0.0121413
0.0114624
0.0108859
0.0104024
0.0100014
7.91861
7.56212
7.08587
6.94462
7.35615
7.49121
7.14925
6.69609
6.33182
6.08104
5.92156
5.77256
5.5624
5.26455
4.88424
4.53856
4.2407
3.95949
3.67699
3.32747
2.9258
2.56616
2.25938
1.99088
1.76233
1.58551
1.45557
1.35271
1.24965
1.11228
0.88447
0.575278
0.431153
0.380267
0.34743
0.321337
0.297733
0.275416
0.254152
0.234065
0.215336
0.19804
0.182164
0.167623
0.154337
0.142222
0.131149
0.121005
0.111684
0.103103
0.095189
0.0878813
0.0811302
0.0748898
0.0691171
0.0637749
0.0588285
0.0542463
0.0499999
0.0460635
0.042414
0.039031
0.0358958
0.0329926
0.0303075
0.0278279
0.0255429
0.0234435
0.0215211
0.0197684
0.0181782
0.0167441
0.0154593
0.0143175
0.0133116
0.0124342
0.0116771
0.0110314
0.0104877
0.010035
7.91596
7.60227
7.17697
6.94831
7.19978
7.39497
7.19687
6.81471
6.45281
6.17327
5.97707
5.81032
5.61009
5.37068
5.06229
4.71696
4.38368
4.07168
3.75031
3.36657
2.94794
2.58117
2.27097
2.00076
1.77174
1.59558
1.46725
1.3678
1.27157
1.14898
0.951162
0.650317
0.462588
0.405579
0.370455
0.342707
0.31766
0.293976
0.271379
0.249996
0.230026
0.211559
0.194592
0.179045
0.164856
0.151923
0.140103
0.129272
0.119319
0.110152
0.101696
0.093885
0.0866661
0.0799907
0.0738129
0.0680932
0.0627949
0.0578844
0.0533315
0.0491091
0.0451923
0.0415595
0.0381907
0.0350688
0.0321789
0.0295075
0.0270427
0.0247747
0.0226942
0.0207933
0.0190644
0.0175007
0.0160953
0.0148417
0.0137329
0.0127615
0.0119195
0.0111982
0.0105881
0.0100778
7.90554
7.63432
7.26136
6.98351
7.0779
7.26427
7.18752
6.90562
6.57938
6.2895
6.05824
5.85728
5.64397
5.41724
5.14641
4.8302
4.49736
4.17923
3.83011
3.40887
2.97025
2.59601
2.28268
2.01134
1.78229
1.60682
1.47958
1.38236
1.29083
1.17829
1.00323
0.721242
0.497358
0.432568
0.394992
0.365463
0.338863
0.313711
0.289686
0.266915
0.245619
0.225902
0.207771
0.191161
0.176017
0.162217
0.149605
0.138046
0.127422
0.117635
0.108605
0.100261
0.0925464
0.0854103
0.0788036
0.0726842
0.0670132
0.0617549
0.0568776
0.0523522
0.0481525
0.0442552
0.0406392
0.0372861
0.0341797
0.0313056
0.0286508
0.0262047
0.0239573
0.0218999
0.0200244
0.0183236
0.0167903
0.0154177
0.0141989
0.0131266
0.0121929
0.0113891
0.0107061
0.0101321
7.88839
7.65878
7.33768
7.04261
7.00524
7.13078
7.12859
6.95111
6.69001
6.41718
6.16449
5.92819
5.68484
5.45025
5.18896
4.89464
4.5776
4.27147
3.9156
3.46092
2.99761
2.61299
2.29587
2.02364
1.79493
1.62015
1.49348
1.39748
1.30906
1.20319
1.04407
0.783914
0.534937
0.461343
0.421157
0.389714
0.361439
0.334705
0.309144
0.284883
0.262166
0.24111
0.221736
0.204008
0.187852
0.173133
0.159681
0.14735
0.136015
0.125571
0.115933
0.107024
0.098786
0.0911625
0.084102
0.0775597
0.0714944
0.0658682
0.0606476
0.0558016
0.0513026
0.0471257
0.0432483
0.0396507
0.0363157
0.0332275
0.0303722
0.0277382
0.0253147
0.0230922
0.0210621
0.0192165
0.0175479
0.0160492
0.0147133
0.0135331
0.0125006
0.0116074
0.0108448
0.0102005
7.86554
7.67613
7.40466
7.11643
6.98515
7.0247
7.04454
6.94937
6.76587
6.53655
6.28573
6.0233
5.74697
5.48606
5.21985
4.93462
4.63245
4.34598
4.00129
3.52619
3.03663
2.6359
2.31222
2.03868
1.81046
1.63631
1.50966
1.41388
1.32729
1.22568
1.0772
0.836986
0.574182
0.492032
0.449066
0.415577
0.385499
0.357056
0.329834
0.303969
0.279721
0.257227
0.236529
0.217619
0.200396
0.184702
0.170358
0.157208
0.145119
0.13398
0.123697
0.114192
0.1054
0.0972609
0.0897208
0.0827314
0.0762494
0.0702344
0.0646508
0.0594661
0.0546507
0.0501784
0.0460249
0.0421692
0.0385927
0.0352786
0.0322119
0.0293799
0.0267708
0.0243745
0.0221815
0.0201833
0.0183719
0.0167398
0.0152799
0.0139846
0.0128464
0.0118568
0.0110076
0.0102861
7.83817
7.68666
7.46102
7.19549
7.0102
6.96552
6.96592
6.91649
6.80087
6.62889
6.40437
6.13495
5.83188
5.53571
5.25075
4.96615
4.67336
4.4067
4.08357
3.60789
3.09442
2.67058
2.33459
2.05761
1.82952
1.65583
1.52855
1.43201
1.34606
1.24703
1.10547
0.881526
0.613917
0.524809
0.478868
0.443173
0.411159
0.380873
0.351853
0.32425
0.298349
0.274304
0.252198
0.232037
0.213684
0.196955
0.181664
0.167646
0.154757
0.142881
0.131917
0.12178
0.112402
0.103719
0.0956721
0.0882107
0.0812886
0.0748631
0.0688965
0.0633541
0.0582048
0.0534206
0.0489757
0.0448477
0.0410167
0.0374645
0.034175
0.0311345
0.0283301
0.0257509
0.0233866
0.0212279
0.0192661
0.0174935
0.0159024
0.0144852
0.0132343
0.0121413
0.0111984
0.0103927
7.80806
7.6903
7.5056
7.27126
7.06583
6.95712
6.91719
6.87776
6.805
6.68583
6.50246
6.24797
5.93402
5.60633
5.29089
4.99698
4.70861
4.45905
4.16261
3.70762
3.17888
2.72385
2.36653
2.08207
1.85259
1.67892
1.55034
1.45206
1.36566
1.26801
1.13095
0.919642
0.653614
0.559835
0.510765
0.472664
0.438549
0.406271
0.375303
0.345816
0.318121
0.2924
0.268799
0.247307
0.227754
0.209925
0.193629
0.178689
0.164952
0.152294
0.140609
0.129804
0.119807
0.110548
0.101967
0.094008
0.0866218
0.0797635
0.073393
0.0674736
0.0619722
0.0568592
0.0521073
0.0476923
0.0435932
0.0397904
0.0362665
0.0330066
0.0299971
0.0272257
0.0246814
0.0223542
0.0202346
0.0183143
0.0165851
0.0150391
0.0136686
0.0124653
0.0114217
0.0105246
7.77361
7.68642
7.53766
7.33739
7.13552
6.9893
6.90826
6.85525
6.79774
6.71307
6.57036
6.34585
6.0405
5.6943
5.34865
5.03258
4.74315
4.50783
4.23773
3.81776
3.29442
2.80316
2.41194
2.11412
1.88025
1.70549
1.57498
1.47408
1.38622
1.28907
1.15503
0.953499
0.693716
0.59723
0.544926
0.504246
0.467842
0.433386
0.400297
0.36876
0.339112
0.311591
0.286398
0.263483
0.24265
0.223651
0.206285
0.190365
0.175729
0.162242
0.149791
0.138279
0.127627
0.117762
0.108617
0.100133
0.0922578
0.0849437
0.0781479
0.0718316
0.0659597
0.0605006
0.0554255
0.0507087
0.0463275
0.0422612
0.038491
0.0350008
0.0317759
0.028803
0.0260701
0.0235662
0.0212813
0.019206
0.0173319
0.0156505
0.0141537
0.0128334
0.0116822
0.0106865
7.7318
7.67432
7.55722
7.39038
7.2057
7.04508
6.93366
6.85869
6.79661
6.72513
6.61055
6.41858
6.13635
5.78938
5.42276
5.07937
4.78035
4.55697
4.30967
3.92774
3.42897
2.91226
2.47568
2.15568
1.9133
1.73531
1.60223
1.49805
1.40787
1.31054
1.17868
0.98497
0.735583
0.637111
0.581466
0.538064
0.499212
0.462393
0.426982
0.393188
0.361405
0.33196
0.305063
0.280625
0.258419
0.238172
0.219668
0.202705
0.187112
0.172745
0.159483
0.147222
0.135878
0.125371
0.115631
0.106594
0.0982042
0.0904106
0.0831676
0.0764341
0.0701728
0.0643502
0.0589357
0.0539018
0.0492245
0.0448815
0.0408529
0.0371212
0.0336705
0.0304866
0.0275563
0.0248678
0.0224099
0.0201728
0.018147
0.0163237
0.0146944
0.0132506
0.0119852
0.0108839
7.68254
7.65249
7.56511
7.42939
7.268
7.10899
6.98034
6.88498
6.80938
6.73554
6.63349
6.46652
6.21182
5.8788
5.5054
5.14088
4.82393
4.61019
4.37993
4.02943
3.56229
3.04053
2.55905
2.20784
1.95236
1.76833
1.63178
1.52384
1.43078
1.33273
1.20261
1.01571
0.780104
0.679567
0.620481
0.574197
0.53276
0.493434
0.455517
0.419242
0.385117
0.353604
0.324875
0.298798
0.275117
0.253535
0.233815
0.215742
0.19913
0.183828
0.169705
0.15665
0.144573
0.133388
0.123019
0.113399
0.104467
0.0961697
0.0884571
0.0812857
0.074616
0.0684121
0.0626416
0.0572755
0.0522878
0.047655
0.0433558
0.0393714
0.0356846
0.0322801
0.0291437
0.0262624
0.0236242
0.0212183
0.0190344
0.0170631
0.0152952
0.0137219
0.0123361
0.0111227
7.62777
7.62104
7.56295
7.4555
7.31897
7.17098
7.03621
6.92583
6.83507
6.75116
6.64988
6.4973
6.26632
5.95398
5.58641
5.21126
4.88069
4.672
4.45017
4.11915
3.67927
3.16969
2.65812
2.27054
1.99753
1.80471
1.66346
1.55136
1.4551
1.35595
1.22752
1.04759
0.827174
0.724629
0.662021
0.61269
0.568504
0.526537
0.485984
0.447049
0.410407
0.376656
0.345937
0.318082
0.292808
0.269792
0.24877
0.22951
0.211813
0.195515
0.180477
0.16658
0.153725
0.141823
0.130791
0.120556
0.111053
0.102225
0.0940198
0.0863893
0.0792917
0.0726887
0.0665459
0.0608322
0.0555201
0.0505844
0.0460025
0.0417542
0.037821
0.0341866
0.0308353
0.0277534
0.0249276
0.0223462
0.0199981
0.0178729
0.0159609
0.0142525
0.0127407
0.0114092
7.57017
7.58244
7.55136
7.47072
7.35836
7.22597
7.09304
6.97366
6.86957
6.7733
6.66634
6.5195
6.30547
6.01402
5.66145
5.2922
4.96258
4.74847
4.52146
4.19667
3.77531
3.28583
2.76467
2.34248
2.04837
1.84483
1.69756
1.58074
1.48099
1.38058
1.25431
1.08221
0.876609
0.772238
0.706065
0.65352
0.606409
0.561639
0.518321
0.476641
0.437416
0.401269
0.36838
0.338581
0.311572
0.287003
0.26458
0.244048
0.225192
0.207833
0.191822
0.17703
0.163351
0.150689
0.138955
0.128071
0.117967
0.108581
0.0998581
0.0917464
0.0842009
0.0771808
0.0706492
0.0645729
0.0589224
0.053671
0.0487946
0.0442714
0.0400818
0.0362081
0.0326336
0.0293433
0.026323
0.0235598
0.0210416
0.0187571
0.0166959
0.0148475
0.0132047
0.0117499
7.51383
7.54008
7.53182
7.47699
7.38749
7.27224
7.14601
7.02289
6.90875
6.80071
6.68551
6.53895
6.33569
6.0672
5.74051
5.39641
5.0796
4.84276
4.59387
4.2635
3.85301
3.38442
2.87011
2.42123
2.10438
1.88978
1.73525
1.61288
1.50914
1.40737
1.28392
1.11996
0.928089
0.822192
0.752477
0.696567
0.646345
0.59859
0.552348
0.507927
0.46616
0.427558
0.392341
0.360416
0.331503
0.30524
0.281299
0.259399
0.2393
0.22081
0.203762
0.188019
0.173466
0.159999
0.147522
0.135952
0.125214
0.115241
0.105973
0.0973571
0.0893431
0.0818874
0.0749503
0.0684963
0.0624938
0.0569143
0.0517318
0.0469233
0.0424676
0.0383458
0.0345401
0.0310341
0.0278126
0.0248615
0.0221678
0.0197192
0.0175042
0.0155116
0.0137336
0.012151
7.46345
7.4976
7.50695
7.4757
7.40841
7.3101
7.19334
7.07057
6.94984
6.83186
6.70797
6.55878
6.36257
6.11889
5.82851
5.51686
5.21264
4.94315
4.66331
4.32229
3.91748
3.4674
2.9689
2.50376
2.16575
1.94131
1.77846
1.64946
1.54094
1.4373
1.31662
1.16045
0.981146
0.874096
0.800951
0.741571
0.688057
0.637121
0.587837
0.540725
0.496484
0.45549
0.417903
0.383704
0.352711
0.324588
0.298989
0.275606
0.254172
0.23447
0.216318
0.199564
0.184084
0.169764
0.156502
0.144206
0.132799
0.122207
0.112367
0.103221
0.0947168
0.0868059
0.0794463
0.0725996
0.0662315
0.0603116
0.0548122
0.0497084
0.0449776
0.0405995
0.0365549
0.0328265
0.0293977
0.0262534
0.0233793
0.0207621
0.0183895
0.016249
0.0143324
0.0126186
7.42048
7.45871
7.48017
7.46803
7.42218
7.34095
7.23472
7.11552
6.99136
6.86574
6.73386
6.58065
6.38843
6.16158
5.89828
5.61092
5.31597
5.02598
4.72279
4.37416
3.97423
3.53893
3.05917
2.58745
2.23416
2.00042
1.82834
1.69169
1.57734
1.47075
1.35208
1.20325
1.03526
0.927359
0.850956
0.788066
0.731108
0.676799
0.624518
0.574785
0.528135
0.484844
0.444981
0.408487
0.375284
0.345135
0.317721
0.292721
0.269841
0.24884
0.229509
0.211681
0.195218
0.179995
0.165902
0.152841
0.140727
0.129484
0.119042
0.109339
0.10032
0.0919335
0.0841333
0.076878
0.0701308
0.0638586
0.0580317
0.0526232
0.047609
0.042967
0.0386769
0.0347199
0.0310783
0.0277359
0.0246772
0.0218878
0.0193542
0.017063
0.0150052
0.0131579
7.38516
7.42483
7.45387
7.45588
7.429
7.36576
7.27072
7.15682
7.03213
6.90142
6.76293
6.60533
6.4137
6.19333
5.9423
5.66667
5.37737
5.08176
4.76949
4.41946
4.02603
3.60348
3.14136
2.67077
2.31053
2.06698
1.88486
1.73956
1.61828
1.50758
1.38977
1.24769
1.08986
0.981329
0.901754
0.835344
0.774834
0.717141
0.662017
0.609773
0.560803
0.515304
0.473293
0.434629
0.39922
0.366937
0.33756
0.310797
0.286346
0.263943
0.24335
0.224378
0.206875
0.190698
0.175729
0.161861
0.149003
0.137073
0.125997
0.11571
0.106152
0.0972672
0.0890069
0.0813263
0.0741856
0.067549
0.0613842
0.0556621
0.0503567
0.0454441
0.0409026
0.0367118
0.0328529
0.0293084
0.0260615
0.0230969
0.0203999
0.0179559
0.0157552
0.0137728
7.35706
7.39558
7.42853
7.44018
7.42871
7.38407
7.30279
7.19491
7.07195
6.93844
6.7947
6.63274
6.44014
6.22069
5.97317
5.70204
5.41534
5.1194
4.8061
4.45947
4.07385
3.66327
3.21744
2.75398
2.39354
2.14042
1.94779
1.79294
1.66364
1.5476
1.42912
1.29295
1.14412
1.03526
0.95256
0.882502
0.818333
0.757574
0.69984
0.645256
0.594097
0.546505
0.502463
0.461791
0.424333
0.38995
0.358528
0.329877
0.303724
0.279802
0.257853
0.237662
0.219055
0.201872
0.185981
0.171265
0.157625
0.144975
0.133235
0.122334
0.11221
0.102804
0.0940633
0.0859396
0.07839
0.0713758
0.0648623
0.0588178
0.0532139
0.0480246
0.0432265
0.0387977
0.0347179
0.0309681
0.0275306
0.0243886
0.0215265
0.0189285
0.016584
0.014466
7.33456
7.36928
7.40282
7.42007
7.41985
7.39264
7.32922
7.23102
7.11085
6.97646
6.829
6.66237
6.46767
6.24837
6.00114
5.73135
5.44538
5.14941
4.83723
4.49591
4.11923
3.71976
3.28929
2.83982
2.48156
2.2196
2.01643
1.8515
1.71319
1.59053
1.4698
1.33809
1.19706
1.08813
1.00248
0.928619
0.860942
0.797425
0.737376
0.680699
0.627544
0.578016
0.532084
0.489552
0.450239
0.413939
0.380536
0.349946
0.321989
0.296435
0.273027
0.251531
0.231753
0.21351
0.196651
0.181047
0.16659
0.153186
0.14075
0.129209
0.118493
0.108542
0.0992991
0.0907132
0.0827382
0.0753325
0.0684586
0.0620821
0.0561721
0.0507004
0.0456412
0.0409709
0.0366675
0.0327104
0.0290807
0.0257602
0.0227323
0.0199799
0.0174915
0.0152383
7.31303
7.34107
7.37175
7.3907
7.39716
7.38442
7.34155
7.26119
7.14789
7.01385
6.86397
6.69395
6.49665
6.27641
6.02913
5.75955
5.47369
5.17753
4.86677
4.53117
4.16465
3.77615
3.36015
2.92874
2.57311
2.3033
2.08986
1.91457
1.76654
1.63605
1.51145
1.38206
1.24767
1.13876
1.05031
0.972893
0.902116
0.836077
0.773955
0.71548
0.660585
0.609337
0.561699
0.517474
0.476482
0.438485
0.403309
0.37087
0.341094
0.313835
0.288872
0.265982
0.244958
0.225593
0.207719
0.191189
0.175882
0.161694
0.148535
0.136326
0.124995
0.114476
0.10471
0.0956427
0.0872253
0.0794132
0.0721662
0.0654473
0.059223
0.0534625
0.0481377
0.0432228
0.0386937
0.0345282
0.0307057
0.0272066
0.0240131
0.0211068
0.0184754
0.0160882
7.2787
7.29714
7.32079
7.33715
7.34492
7.34215
7.31971
7.26589
7.17365
7.04698
6.89655
6.72353
6.52541
6.30379
6.05636
5.78727
5.50208
5.20634
4.89722
4.56721
4.21048
3.83296
3.43129
3.01713
2.66605
2.38975
2.16669
1.98105
1.82287
1.68359
1.55367
1.42452
1.29483
1.18595
1.0949
1.01462
0.941293
0.873047
0.809022
0.748952
0.692597
0.639902
0.590799
0.545086
0.502603
0.463107
0.4264
0.392342
0.360862
0.331914
0.305354
0.280998
0.258652
0.238101
0.219159
0.201663
0.185474
0.170477
0.156572
0.143673
0.131705
0.120597
0.110289
0.100723
0.091846
0.0836125
0.0759791
0.0689065
0.0623587
0.0563022
0.0507066
0.0455436
0.040787
0.0364124
0.0323972
0.0287203
0.0253623
0.0223038
0.019531
0.0170118
7.19504
7.20134
7.21269
7.2217
7.22838
7.23261
7.22722
7.20185
7.14529
7.0494
6.91518
6.74472
6.54719
6.32556
6.07944
5.81235
5.52932
5.23506
4.92851
4.60455
4.25679
3.89029
3.50239
3.10413
2.75795
2.47645
2.24494
2.0494
1.88104
1.73234
1.59593
1.46515
1.33802
1.22895
1.13579
1.05317
0.977804
0.907806
0.842166
0.780635
0.723
0.669118
0.618833
0.57189
0.528135
0.487341
0.449316
0.413901
0.380962
0.350461
0.322354
0.296519
0.272802
0.251005
0.230941
0.212434
0.195331
0.1795
0.164829
0.151224
0.138603
0.126891
0.116025
0.105943
0.0965931
0.0879242
0.0798917
0.072454
0.0655727
0.0592122
0.0533396
0.0479242
0.0429374
0.0383526
0.034145
0.0302916
0.0267711
0.0235626
0.020651
0.0180028
6.98715
6.97868
6.97657
6.98039
6.99084
7.00352
7.0122
7.01036
6.99021
6.94151
6.85359
6.72171
6.54423
6.33114
6.08932
5.82613
5.54746
5.2576
4.95588
4.63999
4.30314
3.94944
3.57589
3.1924
2.84947
2.56262
2.32288
2.11788
1.93956
1.78128
1.63757
1.50362
1.37724
1.26757
1.17262
1.0881
1.01111
0.93976
0.872929
0.810219
0.751434
0.696512
0.645266
0.597371
0.5526
0.510735
0.471605
0.435055
0.400929
0.369125
0.339625
0.312393
0.287326
0.264258
0.243026
0.223463
0.205409
0.188718
0.173265
0.158941
0.145657
0.133332
0.121897
0.11129
0.101454
0.0923389
0.0838964
0.0760832
0.0688591
0.0621863
0.0560298
0.0503566
0.045136
0.0403391
0.0359387
0.0319096
0.0282285
0.0248727
0.0218254
0.019052
6.5586
6.54261
6.53812
6.54657
6.5601
6.57735
6.5958
6.61133
6.61946
6.61474
6.5897
6.53386
6.43178
6.27272
6.06278
5.81587
5.54659
5.26439
4.96972
4.66466
4.34126
4.004
3.64838
3.28172
2.94237
2.64907
2.3997
2.18489
1.99677
1.82892
1.67754
1.53945
1.41247
1.30175
1.20522
1.11913
1.0408
0.968418
0.900802
0.837322
0.77767
0.721841
0.669736
0.621063
0.575526
0.532841
0.492841
0.455371
0.420284
0.387455
0.356809
0.32835
0.302042
0.277752
0.255353
0.234705
0.215664
0.198083
0.181826
0.166774
0.152821
0.13988
0.127874
0.116737
0.106411
0.0968416
0.0879814
0.079785
0.0722103
0.0652179
0.0587708
0.0528343
0.0473754
0.0423632
0.0377684
0.0335635
0.0297232
0.0262225
0.0230426
0.0201479
5.88663
5.87803
5.8766
5.88545
5.90067
5.92129
5.94666
5.97443
6.00177
6.02561
6.04314
6.05066
6.03994
5.99346
5.89175
5.72406
5.50051
5.24082
4.96022
4.66855
4.35977
4.04119
3.70605
3.36026
3.02978
2.73277
2.47393
2.24879
2.05102
1.87364
1.71443
1.57172
1.44327
1.33131
1.23346
1.14609
1.06668
0.993501
0.925347
0.86144
0.801338
0.744914
0.692082
0.6427
0.596533
0.553239
0.512614
0.474453
0.438622
0.404998
0.373478
0.344028
0.316661
0.291279
0.267787
0.24608
0.226041
0.207545
0.190461
0.174665
0.160039
0.146481
0.133908
0.122245
0.11143
0.101408
0.0921279
0.0835447
0.075615
0.0682981
0.0615554
0.0553506
0.0496491
0.0444181
0.0396262
0.0352442
0.0312445
0.0276001
0.02429
0.0212779
5.06986
5.05958
5.05456
5.05931
5.07226
5.09228
5.11941
5.1526
5.19026
5.23035
5.27094
5.31066
5.34846
5.38009
5.3937
5.36763
5.28077
5.12139
4.90098
4.63741
4.3499
4.05114
3.73624
3.41218
3.09582
2.80263
2.53969
2.30641
2.09973
1.91325
1.74648
1.59914
1.4688
1.35561
1.25677
1.16856
1.0885
1.01481
0.946309
0.882191
0.821946
0.76529
0.712044
0.662146
0.615422
0.571628
0.530551
0.49192
0.455569
0.421368
0.389211
0.359023
0.330822
0.304535
0.280096
0.257426
0.236438
0.217036
0.199114
0.182557
0.167247
0.153074
0.139939
0.12776
0.116467
0.105999
0.0963059
0.0873391
0.0790552
0.0714129
0.0643727
0.0578971
0.05195
0.0464971
0.0415056
0.0369444
0.032784
0.0289959
0.0255564
0.0224291
4.21931
4.20101
4.18891
4.18601
4.19224
4.20653
4.22897
4.25933
4.29692
4.34087
4.39003
4.44321
4.49948
4.55824
4.61806
4.67386
4.7128
4.71189
4.64768
4.50186
4.28607
4.02266
3.73381
3.43182
3.13188
2.84823
2.58807
2.35166
2.13866
1.94428
1.77087
1.61973
1.48783
1.37372
1.27426
1.18574
1.10555
1.03182
0.96335
0.899284
0.839104
0.782474
0.729153
0.679048
0.631988
0.587835
0.546401
0.507445
0.470767
0.436202
0.403624
0.372936
0.344127
0.317151
0.291956
0.268481
0.246662
0.226427
0.207698
0.190384
0.174383
0.15959
0.145898
0.133215
0.121459
0.110564
0.100471
0.0911324
0.0825027
0.0745404
0.0672056
0.0604602
0.0542675
0.0485918
0.0433993
0.0386573
0.0343349
0.030402
0.026833
0.0235911
3.40574
3.38303
3.36629
3.35698
3.35587
3.36235
3.37652
3.39854
3.42834
3.4658
3.51081
3.56311
3.62214
3.68688
3.75609
3.82931
3.90572
3.98097
4.04175
4.06224
4.01471
3.88018
3.67225
3.41238
3.13628
2.86559
2.61274
2.37759
2.16187
1.96149
1.78324
1.63026
1.49819
1.38416
1.28482
1.19661
1.11686
1.04364
0.975712
0.912144
0.8524
0.796094
0.742986
0.69296
0.645865
0.601589
0.559958
0.5208
0.483927
0.449159
0.416346
0.385373
0.356176
0.328729
0.302984
0.278897
0.256415
0.235485
0.216046
0.198032
0.181366
0.165959
0.151714
0.138536
0.126335
0.115032
0.104563
0.0948736
0.0859157
0.0776469
0.0700275
0.0630193
0.0565853
0.0506895
0.0452972
0.0403747
0.03589
0.0318117
0.0281125
0.0247554
2.66787
2.64364
2.62465
2.61123
2.60427
2.60366
2.60942
2.62185
2.64115
2.66753
2.70133
2.74302
2.79306
2.8514
2.91705
2.98863
3.06539
3.14777
3.23502
3.3227
3.396
3.42776
3.39126
3.26864
3.07481
2.84307
2.6064
2.37712
2.1619
1.95729
1.77695
1.62577
1.49635
1.3844
1.28659
1.19969
1.12117
1.04916
0.982364
0.919862
0.86107
0.80556
0.75308
0.703487
0.656664
0.612523
0.57093
0.531749
0.494818
0.459971
0.427063
0.395967
0.366579
0.338865
0.31278
0.288283
0.265333
0.243885
0.223891
0.205298
0.188049
0.172076
0.157303
0.143645
0.131014
0.119327
0.108508
0.0984957
0.0892363
0.0806845
0.0727995
0.0655431
0.0588787
0.0527705
0.0471838
0.0420843
0.0374394
0.0332168
0.029388
0.0259154
2.01517
1.99076
1.97055
1.95449
1.94319
1.93683
1.93546
1.93932
1.94866
1.96376
1.985
2.01298
2.04853
2.09248
2.1452
2.20621
2.27454
2.34924
2.42952
2.5156
2.6062
2.69579
2.76952
2.80349
2.77364
2.67157
2.51246
2.32322
2.12138
1.92004
1.74188
1.59899
1.47706
1.3706
1.27664
1.19269
1.11663
1.04679
0.981936
0.921199
0.863987
0.809871
0.758575
0.70993
0.663825
0.620187
0.57893
0.539961
0.503161
0.468395
0.435533
0.40445
0.375031
0.347225
0.320986
0.296274
0.273049
0.251271
0.2309
0.211891
0.194197
0.177764
0.162535
0.148442
0.135411
0.123363
0.112223
0.101919
0.0923919
0.0835892
0.0754673
0.0679869
0.0611116
0.0548061
0.0490362
0.043768
0.0389688
0.034606
0.0306504
0.0270635
1.44088
1.41771
1.3976
1.38046
1.36667
1.35648
1.34995
1.34725
1.34861
1.35425
1.36446
1.37974
1.40077
1.42846
1.46368
1.507
1.55859
1.61804
1.68414
1.75543
1.83066
1.90937
1.98986
2.06731
2.13007
2.16093
2.14512
2.07916
1.96617
1.81797
1.66207
1.53964
1.43289
1.33716
1.25069
1.17223
1.10049
1.03423
0.972468
0.91445
0.859643
0.807648
0.758201
0.711136
0.666343
0.62375
0.583293
0.544912
0.50854
0.474091
0.44147
0.410571
0.381289
0.353561
0.32734
0.302586
0.279264
0.257335
0.236763
0.217508
0.199529
0.182782
0.167217
0.15278
0.139412
0.127049
0.115622
0.10506
0.0953003
0.086284
0.0779619
0.0702912
0.063234
0.0567553
0.0508213
0.0453994
0.0404572
0.0359626
0.0318862
0.0281893
0.938171
0.918877
0.901541
0.886177
0.872955
0.862068
0.853593
0.847623
0.844299
0.843768
0.846212
0.851911
0.861282
0.874874
0.893286
0.917083
0.946831
0.983004
1.0258
1.07489
1.12945
1.18857
1.25174
1.31886
1.38908
1.45924
1.52348
1.57329
1.59812
1.58454
1.51562
1.43484
1.35429
1.27648
1.20267
1.13347
1.06882
1.00824
0.951205
0.897241
0.845969
0.797067
0.750321
0.7056
0.662825
0.621941
0.582899
0.545664
0.510199
0.47646
0.444394
0.413938
0.385017
0.357577
0.331572
0.306966
0.283728
0.261825
0.241224
0.22189
0.203789
0.186879
0.171119
0.156464
0.142863
0.130262
0.118604
0.10783
0.0978764
0.0886858
0.0802038
0.0723829
0.0651816
0.0585631
0.0524937
0.0469413
0.0418746
0.0372626
0.0330765
0.0292781
0.523156
0.510284
0.498427
0.487647
0.478021
0.469654
0.462607
0.45692
0.452646
0.449836
0.44854
0.448837
0.450881
0.454925
0.461313
0.470462
0.482921
0.499417
0.521752
0.551566
0.589643
0.63637
0.691747
0.755615
0.827632
0.907026
0.992663
1.08238
1.17263
1.25539
1.295
1.27396
1.23102
1.17942
1.12471
1.06982
1.01617
0.964261
0.914299
0.866291
0.82013
0.775649
0.732748
0.691378
0.65152
0.613151
0.576261
0.540855
0.506929
0.474473
0.443461
0.413866
0.385653
0.358796
0.333271
0.309055
0.286124
0.264454
0.244018
0.224788
0.206734
0.189823
0.174019
0.159283
0.145573
0.132842
0.121042
0.110123
0.10003
0.09071
0.0821106
0.0741819
0.066879
0.0601617
0.0539942
0.0483438
0.04318
0.0384729
0.0341946
0.0303086
0.234768
0.228356
0.22232
0.216705
0.211545
0.206883
0.202746
0.199146
0.196095
0.193613
0.191736
0.1906
0.190461
0.191557
0.19422
0.19888
0.206074
0.21649
0.230393
0.248511
0.272298
0.303409
0.343559
0.394311
0.456603
0.530292
0.614464
0.708059
0.810264
0.920155
1.01529
1.05292
1.05521
1.0377
1.00891
0.973925
0.935799
0.896335
0.856592
0.817154
0.778276
0.740026
0.702521
0.665859
0.630117
0.595325
0.561527
0.528786
0.497158
0.466684
0.43738
0.409236
0.382251
0.356431
0.331778
0.308294
0.285972
0.264803
0.244776
0.225871
0.208069
0.191344
0.175668
0.161008
0.147332
0.134599
0.12277
0.111802
0.101647
0.0922614
0.0835966
0.0756067
0.0682467
0.0614746
0.0552521
0.0495443
0.0443197
0.0395486
0.0352041
0.0312516
0.085224
0.0828101
0.0804929
0.0782908
0.0762192
0.074296
0.0725416
0.0709886
0.0696651
0.0686113
0.0678837
0.0674705
0.0673146
0.0675112
0.0681933
0.0695465
0.0718349
0.0754431
0.0804487
0.0870788
0.0960821
0.108606
0.12635
0.151679
0.187476
0.236547
0.300751
0.380355
0.474239
0.58097
0.689189
0.770099
0.819135
0.842206
0.846423
0.8378
0.820723
0.798329
0.772574
0.744733
0.715643
0.685854
0.655746
0.625579
0.595538
0.565715
0.536244
0.507272
0.478923
0.451297
0.424481
0.398522
0.373439
0.349271
0.326048
0.303792
0.282519
0.26224
0.242959
0.224677
0.207389
0.191084
0.175746
0.161355
0.147884
0.135305
0.123584
0.112688
0.102577
0.0932136
0.084557
0.0765665
0.0692016
0.0624226
0.0561909
0.0504705
0.045228
0.0404325
0.0360564
0.0320674
0.0284361
0.0277407
0.0270724
0.026439
0.0258488
0.0253114
0.0248294
0.0243738
0.0239519
0.0235743
0.0232555
0.0229915
0.0227577
0.0225612
0.0224111
0.0223201
0.0223087
0.0224094
0.0226637
0.0231316
0.0239166
0.0252048
0.0273434
0.0309901
0.0373787
0.0487191
0.0686207
0.102152
0.154982
0.2315
0.329009
0.429835
0.51654
0.581265
0.624304
0.649493
0.66086
0.661875
0.655309
0.64329
0.627429
0.608941
0.588573
0.566853
0.544188
0.520902
0.497257
0.473459
0.449677
0.426056
0.402731
0.379849
0.3575
0.335753
0.314664
0.294282
0.274648
0.255791
0.237736
0.220502
0.204101
0.188542
0.173827
0.159951
0.146904
0.13467
0.123229
0.112556
0.102623
0.0933978
0.0848489
0.0769422
0.0696432
0.0629171
0.0567292
0.051045
0.0458312
0.0410562
0.0366904
0.0327036
0.0111733
0.0110212
0.0108728
0.0107278
0.0105868
0.0104506
0.0103193
0.0101901
0.0100633
0.00993912
0.009818
0.00970049
0.00958709
0.00947829
0.00937445
0.00927584
0.00918283
0.00909602
0.00901621
0.00894461
0.00888338
0.00883688
0.00881419
0.00883449
0.00894166
0.00924728
0.0100533
0.0121735
0.0176502
0.0309684
0.0595167
0.109291
0.178803
0.257913
0.33334
0.395749
0.442003
0.473393
0.49281
0.50295
0.505871
0.503175
0.496126
0.485744
0.472837
0.458104
0.442017
0.424909
0.407055
0.388695
0.370044
0.351306
0.332669
0.314242
0.296114
0.278363
0.261057
0.244257
0.228012
0.212361
0.197338
0.182966
0.169267
0.156255
0.143936
0.132312
0.121379
0.111127
0.10154
0.0926021
0.0842892
0.0765771
0.0694387
0.062846
0.0567699
0.051181
0.0460489
0.0413438
0.0370353
0.0330956
0.00640859
0.0063768
0.00634562
0.00631473
0.00628394
0.00625303
0.00622176
0.00618994
0.00615748
0.00612435
0.00609062
0.00605636
0.00602173
0.00598682
0.00595171
0.0059164
0.00588092
0.00584524
0.00580934
0.00577318
0.0057367
0.00569991
0.00566291
0.00562587
0.00558898
0.00555258
0.00551831
0.00549239
0.00549921
0.00564606
0.00639327
0.00925817
0.017626
0.0362602
0.0686909
0.114391
0.168231
0.222712
0.271188
0.309905
0.33815
0.357142
0.368689
0.374389
0.375422
0.372694
0.366941
0.358785
0.348763
0.337317
0.324801
0.311511
0.297701
0.28357
0.269277
0.254953
0.240708
0.226635
0.212813
0.199312
0.186189
0.173494
0.161266
0.149536
0.138328
0.12766
0.117543
0.107985
0.098985
0.0905396
0.0826395
0.0752717
0.0684205
0.0620676
0.0561928
0.0507741
0.0457879
0.0412097
0.0370109
0.0331681
0.00507584
0.0050691
0.00506249
0.0050558
0.00504883
0.0050414
0.00503328
0.00502429
0.00501431
0.00500324
0.00499107
0.00497779
0.00496345
0.00494807
0.00493168
0.00491427
0.00489586
0.00487642
0.00485594
0.00483439
0.00481175
0.00478802
0.00476321
0.00473731
0.00471025
0.00468189
0.00465208
0.00462075
0.00458792
0.00455389
0.00452029
0.00449533
0.00452089
0.004788
0.00594203
0.00948116
0.0177689
0.0332466
0.0571444
0.0885353
0.124392
0.160632
0.193508
0.220589
0.240992
0.255059
0.263759
0.268163
0.269158
0.267397
0.263378
0.257522
0.250214
0.241795
0.23255
0.222707
0.212447
0.201917
0.191243
0.180536
0.169892
0.159395
0.149115
0.139106
0.129415
0.12008
0.111129
0.102585
0.0944626
0.0867732
0.0795209
0.0727059
0.0663241
0.0603678
0.0548265
0.0496874
0.0449357
0.0405557
0.0365267
0.0328344
0.00458889
0.00458601
0.00458307
0.00457996
0.00457656
0.0045727
0.00456822
0.00456299
0.00455689
0.00454983
0.00454174
0.00453261
0.00452241
0.00451115
0.00449883
0.00448543
0.00447094
0.00445535
0.00443864
0.00442079
0.00440176
0.00438156
0.00436018
0.00433761
0.00431376
0.00428855
0.00426188
0.00423366
0.00420383
0.00417237
0.00413929
0.00410469
0.00406883
0.00403224
0.00399715
0.00397394
0.00400678
0.00425266
0.00513462
0.00749504
0.0125698
0.0216575
0.0355806
0.0542133
0.0763369
0.099916
0.122676
0.142712
0.158862
0.17076
0.178655
0.183122
0.184815
0.184314
0.182068
0.17841
0.173604
0.167877
0.161435
0.154463
0.147123
0.139553
0.131862
0.124142
0.116469
0.10891
0.101523
0.094353
0.0874372
0.0808035
0.0744724
0.0684577
0.0627681
0.0574078
0.0523775
0.0476744
0.0432931
0.039226
0.0354613
0.0319892
0.00430636
0.00430326
0.00430001
0.00429654
0.00429275
0.00428855
0.00428382
0.00427846
0.00427237
0.00426548
0.00425773
0.00424906
0.00423945
0.00422887
0.00421732
0.00420478
0.00419121
0.00417661
0.00416096
0.00414422
0.00412637
0.00410739
0.00408727
0.00406598
0.00404347
0.00401965
0.00399443
0.00396774
0.00393952
0.00390972
0.00387835
0.00384544
0.00381107
0.00377523
0.00373779
0.00369868
0.0036579
0.00361583
0.0035741
0.00353889
0.00353168
0.0036195
0.00397397
0.00494393
0.00708636
0.0110907
0.0175837
0.0268818
0.0388043
0.0526346
0.0672572
0.0814189
0.0940134
0.104291
0.111936
0.117002
0.11978
0.12066
0.120024
0.118188
0.1154
0.111859
0.107727
0.103139
0.0982157
0.0930715
0.0878066
0.0825036
0.0772277
0.0720317
0.0669587
0.0620432
0.0573122
0.0527865
0.0484814
0.0444066
0.0405674
0.036965
0.0335986
0.0304592
0.00407479
0.00407097
0.00406692
0.00406262
0.00405798
0.00405295
0.00404744
0.00404138
0.0040347
0.00402733
0.00401923
0.00401034
0.00400062
0.00399005
0.00397861
0.00396627
0.00395301
0.0039388
0.00392362
0.00390745
0.00389026
0.00387202
0.00385271
0.0038323
0.00381074
0.00378795
0.00376386
0.00373841
0.00371152
0.00368315
0.00365327
0.0036219
0.0035891
0.00355484
0.00351902
0.00348154
0.00344231
0.00340125
0.00335829
0.00331336
0.00326647
0.00321781
0.00316801
0.00311907
0.00307714
0.00306003
0.00311419
0.00334293
0.00393683
0.00518414
0.00743688
0.0110264
0.0161513
0.0227809
0.0306171
0.039131
0.0476631
0.0555583
0.0622932
0.0675428
0.0711892
0.0733048
0.0740947
0.0738019
0.0726455
0.0708155
0.0684753
0.0657531
0.0627457
0.059534
0.0561926
0.0527874
0.0493733
0.0459955
0.0426906
0.0394863
0.0364031
0.0334552
0.0306554
0.027997
0.00385307
0.00384865
0.00384396
0.00383897
0.00383363
0.00382791
0.00382173
0.00381506
0.00380784
0.00380002
0.00379156
0.0037824
0.00377252
0.00376189
0.00375048
0.00373826
0.00372522
0.00371132
0.00369654
0.00368086
0.00366424
0.00364667
0.00362811
0.00360853
0.00358788
0.00356611
0.00354314
0.0035189
0.00349334
0.0034664
0.00343805
0.00340829
0.00337715
0.00334461
0.0033106
0.003275
0.00323776
0.00319878
0.00315799
0.00311532
0.00307073
0.00302416
0.00297557
0.00292495
0.00287228
0.00281763
0.00276119
0.00270347
0.00264581
0.00259159
0.0025494
0.00253967
0.00260593
0.00282823
0.00333172
0.00428054
0.0058503
0.0081825
0.0113353
0.0152471
0.0197245
0.0244646
0.0291176
0.0333558
0.036913
0.0396099
0.0413857
0.0422931
0.0424437
0.0419668
0.0409981
0.0396642
0.0380655
0.036277
0.0343592
0.0323623
0.0303269
0.0282854
0.02627
0.0242835
0.00362528
0.00362053
0.00361549
0.00361014
0.00360443
0.00359834
0.00359182
0.00358485
0.00357737
0.00356936
0.00356077
0.00355157
0.00354173
0.00353122
0.00352
0.00350807
0.00349539
0.00348194
0.00346769
0.00345262
0.00343671
0.00341992
0.00340223
0.0033836
0.00336399
0.00334334
0.0033216
0.0032987
0.00327458
0.00324919
0.0032225
0.0031945
0.00316518
0.00313454
0.00310251
0.00306901
0.00303395
0.00299727
0.00295889
0.00291876
0.00287681
0.00283301
0.00278731
0.00273968
0.00269011
0.0026386
0.00258516
0.00252981
0.0024726
0.0024136
0.00235291
0.00229071
0.00222732
0.00216342
0.00210038
0.00204121
0.0019925
0.001968
0.00199387
0.00211421
0.00239344
0.00291129
0.00374945
0.00497233
0.00660515
0.00861466
0.0109041
0.0133292
0.0157227
0.0179144
0.0197577
0.0211591
0.0220838
0.0225404
0.0225731
0.022254
0.0216622
0.0208669
0.0199306
0.0188775
0.00338742
0.00338271
0.00337771
0.00337239
0.00336673
0.0033607
0.00335427
0.00334741
0.00334009
0.00333228
0.00332395
0.00331508
0.00330563
0.00329557
0.00328488
0.00327354
0.00326152
0.0032488
0.00323536
0.00322116
0.0032062
0.00319043
0.00317383
0.00315637
0.003138
0.00311868
0.00309836
0.00307697
0.00305447
0.00303081
0.00300594
0.00297985
0.00295252
0.00292395
0.00289407
0.00286281
0.00283009
0.00279586
0.00276005
0.0027226
0.00268345
0.00264257
0.00259991
0.00255546
0.00250918
0.00246109
0.0024112
0.00235951
0.00230608
0.00225096
0.00219421
0.00213592
0.00207618
0.00201513
0.0019529
0.00188964
0.00182554
0.00176086
0.00169593
0.0016313
0.00156798
0.00150779
0.00145423
0.00141396
0.00139907
0.00142917
0.00153229
0.00174336
0.00209952
0.00263173
0.0033546
0.00425916
0.00531082
0.00645049
0.00760059
0.00867928
0.00961549
0.0103556
0.010868
0.0111361
0.00314719
0.00314283
0.00313819
0.00313325
0.00312799
0.00312238
0.0031164
0.00311002
0.00310323
0.00309599
0.00308828
0.00308007
0.00307134
0.00306205
0.0030522
0.00304174
0.00303067
0.00301895
0.00300657
0.00299349
0.0029797
0.00296517
0.00294986
0.00293376
0.00291681
0.00289898
0.00288022
0.00286048
0.00283972
0.00281788
0.00279493
0.00277084
0.00274558
0.00271915
0.00269148
0.00266252
0.00263219
0.00260044
0.00256721
0.00253245
0.00249611
0.00245814
0.00241852
0.00237722
0.00233422
0.00228952
0.00224314
0.00219508
0.0021454
0.00209414
0.00204135
0.00198713
0.00193155
0.00187475
0.00181683
0.00175793
0.00169821
0.00163782
0.00157694
0.00151573
0.0014544
0.00139314
0.00133217
0.00127169
0.00121198
0.00115342
0.00109655
0.00104223
0.000991923
0.000948286
0.000915847
0.000901854
0.000916945
0.000975005
0.00109159
0.00128105
0.00155316
0.0019096
0.00234059
0.00282621
0.00291791
0.00291406
0.00290995
0.00290557
0.00290089
0.00289589
0.00289055
0.00288486
0.00287878
0.0028723
0.00286539
0.00285803
0.00285019
0.00284185
0.00283298
0.00282357
0.00281358
0.00280299
0.00279179
0.00277994
0.00276742
0.0027542
0.00274027
0.00272558
0.0027101
0.0026938
0.00267663
0.00265855
0.00263951
0.00261947
0.0025984
0.00257625
0.00255301
0.00252865
0.00250311
0.00247635
0.00244831
0.00241892
0.00238815
0.00235594
0.00232224
0.00228703
0.00225027
0.00221193
0.00217201
0.00213049
0.0020874
0.00204275
0.00199657
0.00194891
0.00189984
0.00184941
0.00179772
0.00174488
0.001691
0.00163621
0.00158064
0.00152445
0.00146779
0.00141083
0.00135374
0.0012967
0.0012399
0.00118348
0.00112763
0.00107253
0.00101833
0.000965183
0.000913239
0.000862645
0.000813561
0.000766157
0.000720659
0.0006774
0.000636903
0.000600027
0.000568202
0.000543752
0.000530152
0.000532281
0.0027106
0.00270727
0.00270371
0.0026999
0.00269582
0.00269146
0.0026868
0.00268181
0.00267647
0.00267077
0.00266468
0.00265818
0.00265124
0.00264385
0.00263596
0.00262757
0.00261865
0.00260917
0.00259912
0.00258845
0.00257716
0.00256522
0.00255258
0.00253924
0.00252515
0.00251029
0.0024946
0.00247806
0.00246062
0.00244224
0.00242289
0.00240253
0.00238112
0.00235865
0.00233505
0.00231029
0.00228431
0.00225706
0.00222851
0.00219859
0.00216728
0.00213453
0.00210033
0.00206466
0.00202749
0.00198882
0.00194868
0.00190707
0.00186403
0.0018196
0.00177383
0.0017268
0.00167859
0.00162929
0.00157902
0.00152788
0.00147602
0.00142357
0.00137069
0.00131751
0.00126422
0.00121097
0.00115793
0.00110526
0.00105311
0.00100165
0.000951039
0.000901403
0.000852873
0.00080557
0.000759605
0.000715069
0.000672043
0.000630598
0.000590791
0.000552668
0.000516267
0.000481631
0.000448806
0.000417876
0.00253042
0.00252755
0.00252447
0.00252117
0.00251763
0.00251384
0.00250977
0.00250541
0.00250074
0.00249573
0.00249037
0.00248464
0.00247851
0.00247195
0.00246495
0.00245747
0.0024495
0.00244101
0.00243198
0.00242238
0.00241218
0.00240136
0.00238989
0.00237774
0.00236489
0.00235129
0.00233692
0.00232174
0.0023057
0.00228878
0.00227093
0.00225212
0.00223231
0.00221148
0.00218957
0.00216655
0.00214237
0.00211698
0.00209035
0.00206243
0.00203319
0.00200259
0.00197061
0.00193724
0.00190245
0.00186626
0.00182867
0.0017897
0.00174937
0.00170773
0.00166484
0.00162075
0.00157555
0.00152932
0.00148217
0.0014342
0.00138555
0.00133634
0.00128672
0.00123683
0.00118681
0.00113684
0.00108706
0.00103762
0.00098868
0.000940381
0.00089287
0.000846278
0.000800724
0.000756321
0.000713173
0.000671367
0.000630977
0.000592067
0.000554688
0.000518875
0.000484652
0.000452033
0.000421017
0.0003916
0.00237757
0.00237506
0.00237238
0.0023695
0.0023664
0.00236307
0.0023595
0.00235566
0.00235153
0.00234711
0.00234235
0.00233726
0.0023318
0.00232594
0.00231968
0.00231297
0.00230581
0.00229815
0.00228999
0.00228128
0.00227201
0.00226215
0.00225167
0.00224055
0.00222874
0.00221623
0.00220298
0.00218895
0.00217411
0.00215842
0.00214184
0.00212435
0.0021059
0.00208646
0.00206599
0.00204445
0.0020218
0.00199799
0.00197299
0.00194677
0.00191928
0.0018905
0.00186041
0.00182899
0.00179624
0.00176214
0.00172672
0.00168998
0.00165197
0.0016127
0.00157225
0.00153066
0.00148801
0.00144439
0.00139989
0.00135462
0.0013087
0.00126225
0.0012154
0.00116829
0.00112107
0.00107388
0.00102687
0.000980185
0.000933964
0.000888348
0.000843473
0.000799466
0.000756438
0.000714498
0.000673742
0.000634253
0.000596102
0.000559348
0.00052404
0.000490213
0.000457886
0.000427074
0.000397777
0.000369988
0.00224956
0.00224735
0.00224498
0.00224242
0.00223967
0.00223671
0.00223353
0.0022301
0.00222641
0.00222245
0.00221818
0.0022136
0.00220868
0.0022034
0.00219773
0.00219165
0.00218514
0.00217817
0.00217072
0.00216275
0.00215425
0.00214519
0.00213553
0.00212526
0.00211433
0.00210272
0.00209041
0.00207734
0.0020635
0.00204884
0.00203333
0.00201694
0.00199962
0.00198135
0.00196208
0.00194178
0.00192041
0.00189793
0.00187431
0.0018495
0.00182349
0.00179624
0.00176774
0.00173796
0.00170691
0.00167457
0.00164097
0.00160612
0.00157004
0.00153277
0.00149436
0.00145487
0.00141438
0.00137295
0.00133068
0.00128768
0.00124406
0.00119992
0.00115541
0.00111065
0.00106578
0.00102093
0.000976249
0.000931877
0.000887945
0.000844587
0.00080193
0.000760096
0.000719194
0.000679324
0.000640579
0.000603038
0.000566768
0.000531827
0.00049826
0.0004661
0.000435368
0.000406075
0.000378222
0.000351803
0.00214308
0.0021411
0.00213896
0.00213666
0.00213418
0.0021315
0.00212862
0.00212551
0.00212217
0.00211856
0.00211468
0.00211051
0.00210602
0.00210119
0.00209599
0.00209042
0.00208443
0.00207802
0.00207114
0.00206378
0.0020559
0.00204749
0.00203851
0.00202894
0.00201874
0.00200788
0.00199634
0.00198407
0.00197106
0.00195725
0.00194263
0.00192715
0.00191077
0.00189347
0.00187521
0.00185594
0.00183564
0.00181427
0.00179179
0.00176817
0.00174339
0.00171741
0.00169023
0.00166183
0.00163219
0.00160133
0.00156925
0.00153597
0.00150151
0.00146591
0.00142921
0.00139148
0.00135278
0.00131318
0.00127279
0.00123168
0.00118997
0.00114778
0.00110522
0.00106242
0.00101951
0.000976628
0.0009339
0.000891464
0.000849449
0.00080798
0.00076718
0.000727166
0.000688041
0.000649904
0.000612842
0.000576931
0.000542236
0.000508811
0.0004767
0.000445935
0.000416536
0.000388514
0.000361869
0.000336596
0.00205484
0.00205302
0.00205107
0.00204896
0.00204668
0.00204423
0.00204158
0.00203872
0.00203564
0.00203232
0.00202874
0.00202488
0.00202073
0.00201625
0.00201144
0.00200626
0.0020007
0.00199472
0.00198831
0.00198143
0.00197407
0.00196619
0.00195776
0.00194876
0.00193915
0.00192891
0.00191801
0.00190641
0.00189407
0.00188098
0.00186708
0.00185236
0.00183676
0.00182027
0.00180283
0.00178443
0.00176501
0.00174456
0.00172303
0.0017004
0.00167664
0.00165173
0.00162565
0.00159838
0.00156993
0.0015403
0.00150948
0.0014775
0.00144439
0.00141017
0.0013749
0.00133863
0.00130143
0.00126336
0.00122452
0.00118499
0.00114489
0.00110431
0.00106338
0.00102221
0.000980943
0.000939692
0.000898591
0.000857769
0.00081735
0.000777457
0.000738206
0.000699709
0.000662067
0.000625375
0.000589716
0.000555164
0.000521781
0.000489621
0.000458724
0.000429122
0.000400834
0.000373872
0.000348235
0.000323917
0.00198191
0.00198022
0.0019784
0.00197644
0.00197432
0.00197203
0.00196956
0.0019669
0.00196402
0.00196092
0.00195757
0.00195396
0.00195007
0.00194588
0.00194136
0.0019365
0.00193126
0.00192564
0.0019196
0.00191311
0.00190616
0.0018987
0.00189072
0.00188219
0.00187307
0.00186334
0.00185296
0.0018419
0.00183013
0.00181761
0.00180432
0.00179022
0.00177527
0.00175944
0.0017427
0.001725
0.00170632
0.00168663
0.00166589
0.00164408
0.00162117
0.00159714
0.00157197
0.00154565
0.00151818
0.00148956
0.00145979
0.0014289
0.0013969
0.00136384
0.00132975
0.0012947
0.00125873
0.00122193
0.00118438
0.00114617
0.00110739
0.00106816
0.00102858
0.000988773
0.000948862
0.000908971
0.000869222
0.000829742
0.000790652
0.000752069
0.000714106
0.000676871
0.000640463
0.000604973
0.000570481
0.00053706
0.00050477
0.000473661
0.000443775
0.000415141
0.000387778
0.000361697
0.000336899
0.000313377
0.00192172
0.00192014
0.00191842
0.00191657
0.00191457
0.00191241
0.00191008
0.00190756
0.00190484
0.0019019
0.00189874
0.00189532
0.00189163
0.00188765
0.00188337
0.00187875
0.00187379
0.00186844
0.00186269
0.00185652
0.00184989
0.00184278
0.00183516
0.00182701
0.00181828
0.00180896
0.00179901
0.0017884
0.00177709
0.00176505
0.00175226
0.00173867
0.00172425
0.00170897
0.0016928
0.00167569
0.00165762
0.00163856
0.00161848
0.00159734
0.00157513
0.00155183
0.00152742
0.00150189
0.00147523
0.00144745
0.00141855
0.00138856
0.00135749
0.00132538
0.00129227
0.00125822
0.00122328
0.00118754
0.00115105
0.00111393
0.00107625
0.00103813
0.000999674
0.000960996
0.000922215
0.000883451
0.000844826
0.000806459
0.000768471
0.000730976
0.000694082
0.000657895
0.000622512
0.000588019
0.000554497
0.000522015
0.000490633
0.000460399
0.000431352
0.000403522
0.000376928
0.00035158
0.000327478
0.000304618
0.00187205
0.00187053
0.0018689
0.00186713
0.00186522
0.00186316
0.00186093
0.00185852
0.00185592
0.00185311
0.00185008
0.00184681
0.00184328
0.00183948
0.00183537
0.00183095
0.00182619
0.00182106
0.00181555
0.00180962
0.00180326
0.00179642
0.0017891
0.00178124
0.00177284
0.00176385
0.00175425
0.001744
0.00173307
0.00172143
0.00170905
0.00169588
0.0016819
0.00166708
0.00165137
0.00163475
0.00161719
0.00159865
0.00157911
0.00155853
0.00153691
0.00151421
0.00149042
0.00146554
0.00143956
0.00141247
0.00138429
0.00135504
0.00132474
0.00129342
0.00126113
0.00122791
0.00119383
0.00115895
0.00112336
0.00108713
0.00105037
0.00101317
0.000975649
0.000937906
0.000900063
0.000862235
0.000824541
0.0007871
0.000750027
0.000713435
0.00067743
0.000642114
0.000607582
0.000573919
0.000541203
0.000509502
0.000478874
0.000449367
0.000421019
0.000393858
0.000367904
0.000343166
0.000319645
0.000297335
0.00183091
0.00182945
0.00182787
0.00182617
0.00182433
0.00182234
0.00182019
0.00181787
0.00181536
0.00181265
0.00180972
0.00180657
0.00180316
0.00179949
0.00179552
0.00179125
0.00178665
0.0017817
0.00177637
0.00177064
0.00176448
0.00175787
0.00175077
0.00174317
0.00173503
0.00172631
0.00171699
0.00170704
0.00169642
0.0016851
0.00167305
0.00166024
0.00164662
0.00163217
0.00161685
0.00160064
0.00158349
0.00156539
0.00154629
0.00152619
0.00150505
0.00148285
0.00145959
0.00143524
0.00140982
0.00138331
0.00135574
0.0013271
0.00129744
0.00126678
0.00123516
0.00120264
0.00116927
0.00113511
0.00110026
0.00106478
0.00102878
0.000992354
0.000955603
0.00091864
0.000881576
0.000844528
0.00080761
0.00077094
0.00073463
0.00069879
0.000663526
0.000628936
0.000595114
0.000562143
0.0005301
0.00049905
0.000469052
0.000440151
0.000412386
0.000385784
0.000360364
0.000336135
0.000313098
0.000291248
0.00179658
0.00179517
0.00179363
0.00179198
0.00179019
0.00178825
0.00178617
0.00178391
0.00178147
0.00177884
0.001776
0.00177293
0.00176962
0.00176605
0.0017622
0.00175804
0.00175357
0.00174876
0.00174357
0.001738
0.00173201
0.00172557
0.00171867
0.00171126
0.00170333
0.00169483
0.00168575
0.00167604
0.00166568
0.00165463
0.00164285
0.00163033
0.00161701
0.00160287
0.00158788
0.001572
0.00155521
0.00153746
0.00151875
0.00149903
0.0014783
0.00145652
0.00143369
0.0014098
0.00138485
0.00135883
0.00133175
0.00130364
0.00127451
0.0012444
0.00121335
0.0011814
0.00114862
0.00111508
0.00108084
0.001046
0.00101063
0.000974851
0.00093875
0.00090244
0.00086603
0.000829636
0.00079337
0.000757347
0.000721677
0.000686469
0.000651827
0.000617847
0.000584621
0.000552232
0.000520754
0.000490252
0.000460783
0.000432392
0.000405118
0.000378986
0.000354015
0.000330215
0.000307587
0.000286124
0.00176758
0.0017662
0.0017647
0.00176308
0.00176133
0.00175944
0.0017574
0.0017552
0.00175281
0.00175024
0.00174746
0.00174447
0.00174123
0.00173774
0.00173398
0.00172992
0.00172555
0.00172084
0.00171578
0.00171033
0.00170447
0.00169818
0.00169143
0.00168419
0.00167643
0.00166811
0.00165922
0.00164972
0.00163956
0.00162874
0.0016172
0.00160491
0.00159185
0.00157797
0.00156326
0.00154766
0.00153116
0.00151372
0.00149533
0.00147594
0.00145555
0.00143413
0.00141167
0.00138816
0.00136361
0.001338
0.00131135
0.00128367
0.001255
0.00122535
0.00119478
0.00116333
0.00113106
0.00109803
0.00106432
0.00103001
0.000995184
0.000959947
0.000924398
0.000888642
0.000852789
0.00081695
0.000781238
0.000745764
0.000710639
0.000675968
0.000641854
0.000608393
0.000575675
0.00054378
0.000512783
0.000482747
0.000453729
0.000425773
0.000398916
0.000373184
0.000348597
0.000325162
0.000302881
0.000281748
0.00174265
0.00174129
0.00173982
0.00173823
0.00173651
0.00173466
0.00173265
0.00173049
0.00172815
0.00172562
0.0017229
0.00171996
0.00171678
0.00171336
0.00170967
0.00170569
0.0017014
0.00169678
0.00169181
0.00168647
0.00168072
0.00167455
0.00166793
0.00166082
0.0016532
0.00164504
0.00163631
0.00162697
0.001617
0.00160636
0.00159502
0.00158294
0.00157009
0.00155644
0.00154195
0.0015266
0.00151036
0.00149319
0.00147506
0.00145596
0.00143587
0.00141475
0.00139261
0.00136944
0.00134522
0.00131997
0.00129368
0.00126639
0.0012381
0.00120886
0.00117871
0.00114768
0.00111584
0.00108326
0.00105
0.00101615
0.000981796
0.000947032
0.00091196
0.000876683
0.00084131
0.000805952
0.000770718
0.00073572
0.000701065
0.000666859
0.000633203
0.000600191
0.000567911
0.000536445
0.000505864
0.000476232
0.000447604
0.000420025
0.00039353
0.000368146
0.00034389
0.000320773
0.000298794
0.000277947
0.00172072
0.00171938
0.00171793
0.00171637
0.00171468
0.00171285
0.00171088
0.00170875
0.00170645
0.00170396
0.00170128
0.00169838
0.00169526
0.00169189
0.00168826
0.00168434
0.00168012
0.00167558
0.00167069
0.00166544
0.00165978
0.00165371
0.00164719
0.0016402
0.0016327
0.00162467
0.00161608
0.00160689
0.00159707
0.00158659
0.00157542
0.00156352
0.00155086
0.00153741
0.00152313
0.00150799
0.00149197
0.00147502
0.00145714
0.00143829
0.00141846
0.00139762
0.00137576
0.00135287
0.00132896
0.00130402
0.00127806
0.0012511
0.00122316
0.00119427
0.00116448
0.00113383
0.00110238
0.00107018
0.00103733
0.00100388
0.00096994
0.000935594
0.000900943
0.000866089
0.000831141
0.000796206
0.000761396
0.000726817
0.000692579
0.000658784
0.000625532
0.000592917
0.000561025
0.000529938
0.000499726
0.000470452
0.000442169
0.000414923
0.000388749
0.000363672
0.000339711
0.000316874
0.000295162
0.00027457
0.00170095
0.00169963
0.0016982
0.00169666
0.00169499
0.00169319
0.00169124
0.00168914
0.00168687
0.00168442
0.00168177
0.00167892
0.00167584
0.00167252
0.00166893
0.00166507
0.00166092
0.00165644
0.00165162
0.00164644
0.00164087
0.00163488
0.00162845
0.00162156
0.00161417
0.00160625
0.00159778
0.00158872
0.00157904
0.0015687
0.00155768
0.00154594
0.00153344
0.00152017
0.00150607
0.00149112
0.0014753
0.00145857
0.0014409
0.00142228
0.00140268
0.00138208
0.00136048
0.00133786
0.00131421
0.00128956
0.00126389
0.00123723
0.00120961
0.00118104
0.00115158
0.00112127
0.00109016
0.00105832
0.00102583
0.000992753
0.000959185
0.000925216
0.000890946
0.000856475
0.000821911
0.00078736
0.000752932
0.000718734
0.000684873
0.00065145
0.000618564
0.000586309
0.00055477
0.000524026
0.000494148
0.000465198
0.000437229
0.000410285
0.000384402
0.000359604
0.00033591
0.000313328
0.000291858
0.000271497
0.00168267
0.00168137
0.00167996
0.00167843
0.00167679
0.00167501
0.00167308
0.00167101
0.00166877
0.00166634
0.00166373
0.00166091
0.00165787
0.00165459
0.00165105
0.00164724
0.00164314
0.00163872
0.00163396
0.00162884
0.00162335
0.00161744
0.00161109
0.00160429
0.00159699
0.00158918
0.00158081
0.00157187
0.00156231
0.0015521
0.00154122
0.00152962
0.00151728
0.00150416
0.00149024
0.00147547
0.00145983
0.00144329
0.00142582
0.00140741
0.00138803
0.00136766
0.00134629
0.00132391
0.00130052
0.00127613
0.00125073
0.00122435
0.00119702
0.00116875
0.0011396
0.0011096
0.00107881
0.00104731
0.00101515
0.000982412
0.000949189
0.000915571
0.000881653
0.000847538
0.00081333
0.000779136
0.000745063
0.000711218
0.000677706
0.000644628
0.000612083
0.000580161
0.000548949
0.000518524
0.000488956
0.000460307
0.000432629
0.000405967
0.000380353
0.000355815
0.000332369
0.000310023
0.000288779
0.000268631
0.0016654
0.0016641
0.00166271
0.0016612
0.00165957
0.00165781
0.00165591
0.00165386
0.00165164
0.00164925
0.00164667
0.00164388
0.00164087
0.00163763
0.00163414
0.00163037
0.00162631
0.00162195
0.00161725
0.00161219
0.00160676
0.00160092
0.00159465
0.00158793
0.00158072
0.001573
0.00156473
0.00155589
0.00154645
0.00153636
0.00152561
0.00151415
0.00150195
0.00148898
0.00147521
0.00146061
0.00144514
0.00142879
0.00141151
0.0013933
0.00137412
0.00135396
0.00133282
0.00131067
0.00128753
0.00126338
0.00123824
0.00121213
0.00118507
0.00115708
0.00112822
0.00109852
0.00106804
0.00103685
0.001005
0.000972592
0.000939698
0.000906411
0.000872829
0.00083905
0.00080518
0.000771324
0.000737588
0.000704077
0.000670897
0.000638147
0.000605924
0.000574319
0.000543417
0.000513295
0.000484021
0.000455658
0.000428257
0.00040186
0.000376504
0.000352211
0.000329
0.00030688
0.00028585
0.000265905
0.00164877
0.00164749
0.00164611
0.00164462
0.00164301
0.00164127
0.00163939
0.00163736
0.00163516
0.0016328
0.00163024
0.00162749
0.00162451
0.0016213
0.00161785
0.00161412
0.00161011
0.00160579
0.00160115
0.00159615
0.00159077
0.001585
0.00157881
0.00157216
0.00156503
0.0015574
0.00154923
0.00154049
0.00153115
0.00152118
0.00151054
0.00149921
0.00148715
0.00147432
0.0014607
0.00144626
0.00143096
0.00141478
0.00139769
0.00137966
0.00136069
0.00134074
0.00131981
0.00129789
0.00127497
0.00125107
0.00122618
0.00120032
0.00117353
0.00114582
0.00111723
0.00108782
0.00105764
0.00102674
0.000995209
0.00096311
0.000930533
0.000897567
0.000864307
0.000830854
0.00079731
0.000763779
0.000730368
0.00069718
0.00066432
0.000631886
0.000599975
0.000568676
0.000538073
0.000508242
0.000479253
0.000451165
0.000424031
0.000397892
0.000372782
0.000348727
0.000325744
0.000303839
0.000283016
0.000263267
0.00163258
0.00163132
0.00162995
0.00162847
0.00162688
0.00162516
0.00162329
0.00162128
0.00161911
0.00161677
0.00161424
0.00161152
0.00160857
0.0016054
0.00160198
0.0015983
0.00159433
0.00159005
0.00158546
0.00158051
0.0015752
0.00156949
0.00156336
0.00155679
0.00154974
0.00154219
0.0015341
0.00152546
0.00151622
0.00150636
0.00149584
0.00148463
0.0014727
0.00146001
0.00144654
0.00143225
0.00141711
0.0014011
0.00138418
0.00136635
0.00134756
0.00132782
0.0013071
0.0012854
0.00126271
0.00123904
0.00121439
0.00118879
0.00116225
0.00113481
0.0011065
0.00107737
0.00104748
0.00101688
0.000985644
0.000953851
0.000921583
0.00088893
0.000855986
0.00082285
0.000789624
0.000756412
0.000723318
0.000690446
0.000657898
0.000625773
0.000594166
0.000563165
0.000532854
0.000503308
0.000474597
0.000446778
0.000419903
0.000394015
0.000369147
0.000345324
0.000322562
0.000300869
0.000280247
0.00026069
0.00161672
0.00161547
0.00161412
0.00161266
0.00161108
0.00160937
0.00160753
0.00160554
0.00160339
0.00160107
0.00159857
0.00159587
0.00159296
0.00158982
0.00158643
0.00158279
0.00157886
0.00157463
0.00157008
0.00156519
0.00155993
0.00155428
0.00154821
0.00154171
0.00153473
0.00152726
0.00151927
0.00151071
0.00150157
0.00149181
0.0014814
0.00147031
0.00145851
0.00144595
0.00143262
0.00141848
0.0014035
0.00138766
0.00137092
0.00135326
0.00133467
0.00131512
0.00129461
0.00127312
0.00125066
0.00122722
0.00120282
0.00117746
0.00115118
0.001124
0.00109596
0.00106711
0.0010375
0.00100719
0.000976252
0.000944759
0.000912795
0.00088045
0.000847816
0.000814992
0.000782079
0.000749179
0.000716397
0.000683835
0.000651594
0.000619772
0.000588463
0.000557755
0.000527731
0.000498465
0.000470025
0.00044247
0.000415851
0.00039021
0.000365579
0.000341982
0.000319438
0.000297953
0.000277528
0.000258158
0.00160118
0.00159995
0.00159861
0.00159716
0.0015956
0.00159391
0.00159208
0.00159011
0.00158799
0.00158569
0.00158321
0.00158054
0.00157766
0.00157455
0.00157119
0.00156758
0.00156369
0.00155951
0.001555
0.00155016
0.00154495
0.00153936
0.00153336
0.00152692
0.00152002
0.00151262
0.00150471
0.00149624
0.00148719
0.00147754
0.00146723
0.00145626
0.00144457
0.00143215
0.00141895
0.00140496
0.00139013
0.00137445
0.00135788
0.0013404
0.001322
0.00130265
0.00128234
0.00126106
0.00123882
0.00121561
0.00119144
0.00116633
0.0011403
0.00111338
0.00108561
0.00105703
0.0010277
0.000997676
0.000967027
0.00093583
0.000904166
0.000872123
0.000839794
0.000807277
0.000774671
0.000742079
0.000709603
0.000677345
0.000645405
0.000613881
0.000582865
0.000552445
0.000522702
0.000493711
0.000465539
0.000438243
0.000411875
0.000386475
0.000362076
0.000338703
0.000316372
0.00029509
0.000274859
0.000255673
0.00158603
0.0015848
0.00158348
0.00158205
0.0015805
0.00157882
0.00157702
0.00157507
0.00157296
0.00157069
0.00156823
0.00156558
0.00156273
0.00155965
0.00155633
0.00155275
0.0015489
0.00154476
0.00154029
0.0015355
0.00153034
0.0015248
0.00151886
0.00151248
0.00150565
0.00149833
0.00149049
0.00148211
0.00147315
0.00146359
0.00145339
0.00144252
0.00143096
0.00141866
0.0014056
0.00139174
0.00137706
0.00136153
0.00134513
0.00132783
0.0013096
0.00129044
0.00127033
0.00124927
0.00122724
0.00120425
0.00118032
0.00115545
0.00112966
0.001103
0.00107549
0.00104718
0.00101812
0.000988375
0.000958011
0.000927103
0.000895732
0.000863986
0.000831956
0.000799739
0.000767434
0.000735142
0.000702966
0.000671006
0.000639361
0.000608127
0.000577398
0.000547259
0.000517791
0.000489069
0.000461157
0.000434115
0.000407991
0.000382827
0.000358656
0.0003355
0.000313377
0.000292294
0.000272253
0.000253246
0.00157139
0.00157018
0.00156886
0.00156744
0.00156591
0.00156425
0.00156246
0.00156053
0.00155844
0.00155619
0.00155375
0.00155113
0.0015483
0.00154525
0.00154196
0.00153842
0.0015346
0.0015305
0.00152608
0.00152132
0.00151622
0.00151073
0.00150484
0.00149853
0.00149176
0.00148451
0.00147674
0.00146844
0.00145957
0.0014501
0.00144
0.00142924
0.00141778
0.0014056
0.00139266
0.00137894
0.00136441
0.00134903
0.00133278
0.00131564
0.0012976
0.00127862
0.0012587
0.00123784
0.00121602
0.00119325
0.00116954
0.0011449
0.00111936
0.00109294
0.00106568
0.00103763
0.00100884
0.000979369
0.000949282
0.000918655
0.000887569
0.00085611
0.00082437
0.000792444
0.000760431
0.000728431
0.000696545
0.000664873
0.000633513
0.000602562
0.00057211
0.000542243
0.000513042
0.000484579
0.00045692
0.000430123
0.000404236
0.000379301
0.000355349
0.000332404
0.000310482
0.000289591
0.000269733
0.0002509
0.00155745
0.00155624
0.00155494
0.00155354
0.00155201
0.00155037
0.0015486
0.00154668
0.00154461
0.00154238
0.00153997
0.00153737
0.00153456
0.00153154
0.00152828
0.00152477
0.00152098
0.00151691
0.00151253
0.00150782
0.00150276
0.00149733
0.00149149
0.00148523
0.00147852
0.00147133
0.00146364
0.00145541
0.00144662
0.00143724
0.00142723
0.00141657
0.00140522
0.00139315
0.00138033
0.00136673
0.00135233
0.00133709
0.001321
0.00130402
0.00128614
0.00126734
0.0012476
0.00122693
0.00120531
0.00118274
0.00115925
0.00113483
0.00110952
0.00108334
0.00105633
0.00102853
0.000999989
0.000970776
0.000940953
0.000910595
0.000879781
0.000848597
0.000817134
0.000785486
0.000753752
0.00072203
0.000690422
0.000659025
0.000627938
0.000597256
0.000567069
0.000537462
0.000508515
0.0004803
0.000452882
0.000426319
0.000400658
0.00037594
0.000352197
0.000329453
0.000307723
0.000287016
0.000267331
0.000248664
0.00154445
0.00154325
0.00154196
0.00154056
0.00153906
0.00153743
0.00153567
0.00153377
0.00153171
0.0015295
0.00152711
0.00152453
0.00152175
0.00151875
0.00151552
0.00151203
0.00150828
0.00150424
0.0014999
0.00149523
0.00149021
0.00148482
0.00147903
0.00147282
0.00146617
0.00145904
0.00145141
0.00144326
0.00143454
0.00142524
0.00141531
0.00140474
0.00139348
0.00138152
0.00136881
0.00135533
0.00134105
0.00132595
0.00130999
0.00129316
0.00127543
0.00125679
0.00123723
0.00121673
0.00119529
0.00117293
0.00114963
0.00112542
0.00110032
0.00107436
0.00104758
0.00102001
0.000991715
0.000962745
0.000933171
0.000903065
0.000872506
0.000841579
0.000810375
0.000778989
0.000747515
0.000716054
0.000684705
0.000653566
0.000622734
0.000592304
0.000562364
0.000533
0.00050429
0.000476307
0.000449114
0.000422768
0.000397318
0.000372804
0.000349257
0.0003267
0.000305149
0.000284613
0.000265091
0.000246578
0.00153268
0.00153149
0.00153021
0.00152883
0.00152733
0.00152571
0.00152397
0.00152208
0.00152004
0.00151784
0.00151547
0.00151291
0.00151015
0.00150717
0.00150396
0.00150051
0.00149678
0.00149278
0.00148846
0.00148383
0.00147885
0.0014735
0.00146775
0.00146159
0.00145499
0.00144791
0.00144034
0.00143225
0.0014236
0.00141436
0.00140452
0.00139402
0.00138286
0.00137098
0.00135837
0.001345
0.00133083
0.00131584
0.00130001
0.00128331
0.00126572
0.00124723
0.00122782
0.00120748
0.00118621
0.00116402
0.00114091
0.00111689
0.00109198
0.00106623
0.00103965
0.00101229
0.000984211
0.000955464
0.000926115
0.000896238
0.000865911
0.000835218
0.00080425
0.0007731
0.000741864
0.000710639
0.000679526
0.00064862
0.00061802
0.000587818
0.000558102
0.000528958
0.000500464
0.00047269
0.000445701
0.000419554
0.000394295
0.000369964
0.000346594
0.000324207
0.000302819
0.000282437
0.000263062
0.000244689
0.0015225
0.00152132
0.00152005
0.00151867
0.00151718
0.00151558
0.00151384
0.00151197
0.00150994
0.00150776
0.0015054
0.00150286
0.00150012
0.00149716
0.00149397
0.00149053
0.00148684
0.00148285
0.00147857
0.00147397
0.00146902
0.0014637
0.00145799
0.00145187
0.00144531
0.00143828
0.00143076
0.00142272
0.00141413
0.00140496
0.00139517
0.00138475
0.00137366
0.00136186
0.00134934
0.00133605
0.00132198
0.00130709
0.00129137
0.00127478
0.00125731
0.00123894
0.00121966
0.00119946
0.00117834
0.0011563
0.00113334
0.00110949
0.00108475
0.00105917
0.00103277
0.0010056
0.00097771
0.000949155
0.000920002
0.000890324
0.000860198
0.000829709
0.000798946
0.000768001
0.000736971
0.000705951
0.000675042
0.000644339
0.000613939
0.000583935
0.000554414
0.000525461
0.000497153
0.000469561
0.000442749
0.000416772
0.000391678
0.000367507
0.00034429
0.00032205
0.000300802
0.000280554
0.000261307
0.000243055
0.00151433
0.00151316
0.00151189
0.00151052
0.00150904
0.00150744
0.00150572
0.00150385
0.00150184
0.00149967
0.00149732
0.00149479
0.00149206
0.00148912
0.00148595
0.00148253
0.00147885
0.00147489
0.00147063
0.00146605
0.00146112
0.00145583
0.00145016
0.00144407
0.00143754
0.00143055
0.00142307
0.00141507
0.00140652
0.0013974
0.00138767
0.0013773
0.00136626
0.00135453
0.00134208
0.00132886
0.00131487
0.00130006
0.00128442
0.00126792
0.00125055
0.00123228
0.00121311
0.00119302
0.00117201
0.00115009
0.00112726
0.00110354
0.00107894
0.0010535
0.00102724
0.00100022
0.000972482
0.000944082
0.000915088
0.00088557
0.000855607
0.000825282
0.000794684
0.000763905
0.00073304
0.000702186
0.000671441
0.000640901
0.000610663
0.000580817
0.000551452
0.000522652
0.000494494
0.000467048
0.000440378
0.000414538
0.000389577
0.000365534
0.00034244
0.000320318
0.000299183
0.000279042
0.000259897
0.000241742
0.00150867
0.0015075
0.00150624
0.00150487
0.0015034
0.00150181
0.00150009
0.00149823
0.00149622
0.00149406
0.00149172
0.0014892
0.00148648
0.00148355
0.00148039
0.00147698
0.00147332
0.00146937
0.00146512
0.00146056
0.00145565
0.00145038
0.00144472
0.00143866
0.00143216
0.00142519
0.00141774
0.00140976
0.00140125
0.00139216
0.00138246
0.00137213
0.00136114
0.00134945
0.00133704
0.00132387
0.00130993
0.00129518
0.00127959
0.00126316
0.00124585
0.00122765
0.00120855
0.00118854
0.00116762
0.00114578
0.00112304
0.0010994
0.0010749
0.00104956
0.0010234
0.000996485
0.000968852
0.000940561
0.000911677
0.000882271
0.000852422
0.000822211
0.000791728
0.000761064
0.000730315
0.000699576
0.000668945
0.000638518
0.000608392
0.000578656
0.0005494
0.000520706
0.000492652
0.000465307
0.000438734
0.00041299
0.000388121
0.000364166
0.000341157
0.000319116
0.000298059
0.000277993
0.000258919
0.000240831
0.00150611
0.00150494
0.00150368
0.00150232
0.00150085
0.00149926
0.00149754
0.00149569
0.00149369
0.00149152
0.00148919
0.00148667
0.00148396
0.00148103
0.00147787
0.00147448
0.00147081
0.00146687
0.00146263
0.00145808
0.00145318
0.00144791
0.00144227
0.00143621
0.00142972
0.00142276
0.00141532
0.00140736
0.00139886
0.00138978
0.0013801
0.00136979
0.00135881
0.00134714
0.00133475
0.00132161
0.00130769
0.00129296
0.0012774
0.00126099
0.00124372
0.00122555
0.00120648
0.00118651
0.00116562
0.00114382
0.00112112
0.00109753
0.00107307
0.00104777
0.00102166
0.000994789
0.000967206
0.000938965
0.000910132
0.000880778
0.000850981
0.000820823
0.000790393
0.000759782
0.000729085
0.000698398
0.000667819
0.000637444
0.000607368
0.000577682
0.000548475
0.000519829
0.00049182
0.000464521
0.000437992
0.00041229
0.000387462
0.000363547
0.000340576
0.000318572
0.000297549
0.000277516
0.000258474
0.000240416
0.00150738
0.00150621
0.00150495
0.00150359
0.00150211
0.00150052
0.0014988
0.00149695
0.00149494
0.00149278
0.00149044
0.00148792
0.00148521
0.00148228
0.00147912
0.00147571
0.00147205
0.0014681
0.00146386
0.0014593
0.00145439
0.00144913
0.00144347
0.00143741
0.00143091
0.00142395
0.0014165
0.00140853
0.00140002
0.00139094
0.00138125
0.00137092
0.00135994
0.00134826
0.00133585
0.0013227
0.00130876
0.00129402
0.00127846
0.00126203
0.00124474
0.00122656
0.00120747
0.00118748
0.00116657
0.00114476
0.00112204
0.00109843
0.00107395
0.00104863
0.0010225
0.000995613
0.000968008
0.000939746
0.000910891
0.000881515
0.000851694
0.000821513
0.000791058
0.000760423
0.000729701
0.000698989
0.000668385
0.000637984
0.000607883
0.000578172
0.000548939
0.000520269
0.000492236
0.000464913
0.000438361
0.000412637
0.000387787
0.000363851
0.00034086
0.000318836
0.000297795
0.000277745
0.000258686
0.000240612
0.00151335
0.00151218
0.00151092
0.00150955
0.00150807
0.00150647
0.00150475
0.00150288
0.00150087
0.0014987
0.00149635
0.00149382
0.00149109
0.00148815
0.00148498
0.00148156
0.00147788
0.00147392
0.00146966
0.00146508
0.00146016
0.00145487
0.00144919
0.0014431
0.00143658
0.00142959
0.00142211
0.00141411
0.00140556
0.00139644
0.00138671
0.00137634
0.00136531
0.00135358
0.00134113
0.00132792
0.00131393
0.00129913
0.0012835
0.00126701
0.00124965
0.0012314
0.00121224
0.00119216
0.00117118
0.00114927
0.00112646
0.00110276
0.00107819
0.00105277
0.00102654
0.000999543
0.00097183
0.000943457
0.00091449
0.000884998
0.000855061
0.000824762
0.000794188
0.000763433
0.00073259
0.000701758
0.000671033
0.000640513
0.000610292
0.000580464
0.000551116
0.000522331
0.000494187
0.000466755
0.000440098
0.000414271
0.000389322
0.000365291
0.000342208
0.000320097
0.000298972
0.000278841
0.000259706
0.000241561
0.00152514
0.00152396
0.00152268
0.00152131
0.00151982
0.00151821
0.00151647
0.00151459
0.00151256
0.00151037
0.00150801
0.00150546
0.00150271
0.00149974
0.00149654
0.0014931
0.00148939
0.0014854
0.0014811
0.00147649
0.00147152
0.00146619
0.00146047
0.00145434
0.00144776
0.00144071
0.00143317
0.00142511
0.0014165
0.0014073
0.0013975
0.00138705
0.00137593
0.00136411
0.00135156
0.00133825
0.00132415
0.00130923
0.00129348
0.00127686
0.00125936
0.00124096
0.00122165
0.00120143
0.00118027
0.0011582
0.00113521
0.00111133
0.00108656
0.00106094
0.00103451
0.00100731
0.000979379
0.000950787
0.000921595
0.000891876
0.000861707
0.000831174
0.000800363
0.00076937
0.000738289
0.000707217
0.000676254
0.000645497
0.000615042
0.000584982
0.000555405
0.000526397
0.000498034
0.000470388
0.000443523
0.000417495
0.000392352
0.000368133
0.00034487
0.000322586
0.000301296
0.000281009
0.000261724
0.000243437
0.00154415
0.00154295
0.00154166
0.00154026
0.00153876
0.00153713
0.00153537
0.00153346
0.00153141
0.00152919
0.0015268
0.00152422
0.00152143
0.00151843
0.00151519
0.00151171
0.00150795
0.00150391
0.00149956
0.00149488
0.00148986
0.00148446
0.00147867
0.00147246
0.0014658
0.00145866
0.00145103
0.00144286
0.00143414
0.00142483
0.0014149
0.00140433
0.00139307
0.0013811
0.00136839
0.00135491
0.00134063
0.00132553
0.00130958
0.00129275
0.00127504
0.00125641
0.00123686
0.00121638
0.00119496
0.00117261
0.00114934
0.00112515
0.00110008
0.00107414
0.00104738
0.00101984
0.000991563
0.000962615
0.000933061
0.000902972
0.000872429
0.000841516
0.000810324
0.000778945
0.000747478
0.000716021
0.000684673
0.000653534
0.0006227
0.000592266
0.000562321
0.000532952
0.000504236
0.000476246
0.000449046
0.000422694
0.000397237
0.000372717
0.000349164
0.000326602
0.000305047
0.000284506
0.000264981
0.000246466
0.00157222
0.001571
0.00156969
0.00156827
0.00156673
0.00156507
0.00156328
0.00156134
0.00155925
0.00155699
0.00155456
0.00155193
0.00154909
0.00154603
0.00154274
0.00153919
0.00153537
0.00153125
0.00152682
0.00152206
0.00151694
0.00151145
0.00150555
0.00149922
0.00149244
0.00148518
0.0014774
0.00146909
0.00146021
0.00145073
0.00144062
0.00142985
0.00141838
0.0014062
0.00139326
0.00137953
0.00136499
0.00134962
0.00133337
0.00131624
0.0012982
0.00127923
0.00125933
0.00123847
0.00121666
0.00119391
0.00117021
0.00114559
0.00112006
0.00109365
0.0010664
0.00103836
0.00100957
0.000980095
0.000950004
0.000919369
0.000888272
0.000856798
0.000825039
0.000793092
0.000761054
0.000729026
0.000697109
0.000665405
0.000634012
0.000603025
0.000572537
0.000542635
0.000513397
0.000484899
0.000457205
0.000430374
0.000404455
0.000379488
0.000355507
0.000332535
0.000310588
0.000289674
0.000269794
0.000250942
0.00161186
0.00161061
0.00160927
0.00160781
0.00160623
0.00160453
0.00160269
0.00160071
0.00159856
0.00159625
0.00159375
0.00159106
0.00158815
0.00158501
0.00158164
0.001578
0.00157408
0.00156986
0.00156532
0.00156043
0.00155519
0.00154955
0.0015435
0.00153702
0.00153006
0.00152262
0.00151465
0.00150612
0.00149702
0.0014873
0.00147693
0.00146589
0.00145414
0.00144164
0.00142837
0.0014143
0.0013994
0.00138363
0.00136698
0.00134941
0.00133092
0.00131147
0.00129106
0.00126968
0.00124732
0.00122399
0.00119969
0.00117445
0.00114827
0.0011212
0.00109327
0.00106451
0.001035
0.00100478
0.000973935
0.000942529
0.000910648
0.000878381
0.000845823
0.000813071
0.000780226
0.000747392
0.000714672
0.000682169
0.000649986
0.000618219
0.000586963
0.000556307
0.000526334
0.000497117
0.000468726
0.000441219
0.000414646
0.000389051
0.000364465
0.000340914
0.000318414
0.000296973
0.000276592
0.000257265
0.00166656
0.00166527
0.00166388
0.00166237
0.00166075
0.00165899
0.00165709
0.00165503
0.00165282
0.00165042
0.00164784
0.00164505
0.00164205
0.00163881
0.00163531
0.00163155
0.0016275
0.00162313
0.00161844
0.00161339
0.00160797
0.00160214
0.00159589
0.00158918
0.00158199
0.00157429
0.00156605
0.00155723
0.00154782
0.00153777
0.00152705
0.00151563
0.00150348
0.00149056
0.00147684
0.00146229
0.00144688
0.00143058
0.00141336
0.0013952
0.00137607
0.00135596
0.00133486
0.00131275
0.00128963
0.00126551
0.00124039
0.00121429
0.00118722
0.00115923
0.00113035
0.00110062
0.00107011
0.00103886
0.00100697
0.000974496
0.000941533
0.000908172
0.00087451
0.000840647
0.000806688
0.000772741
0.000738911
0.000705307
0.000672032
0.000639188
0.000606872
0.000575177
0.000544187
0.00051398
0.000484625
0.000456185
0.000428711
0.000402248
0.000376828
0.000352478
0.000329214
0.000307046
0.000285973
0.00026599
0.00174142
0.00174007
0.00173862
0.00173704
0.00173534
0.0017335
0.00173152
0.00172937
0.00172706
0.00172456
0.00172186
0.00171894
0.0017158
0.00171242
0.00170877
0.00170483
0.0017006
0.00169604
0.00169113
0.00168586
0.00168019
0.0016741
0.00166757
0.00166056
0.00165304
0.001645
0.00163639
0.00162718
0.00161734
0.00160684
0.00159564
0.0015837
0.001571
0.0015575
0.00154317
0.00152796
0.00151186
0.00149482
0.00147683
0.00145785
0.00143787
0.00141685
0.0013948
0.0013717
0.00134754
0.00132234
0.00129609
0.00126881
0.00124053
0.00121128
0.0011811
0.00115004
0.00111815
0.0010855
0.00105218
0.00101825
0.000983803
0.000948944
0.00091377
0.000878387
0.000842903
0.000807432
0.000772084
0.000736971
0.000702202
0.000667884
0.000634118
0.000601
0.000568618
0.000537055
0.000506383
0.000476666
0.000447959
0.000420307
0.000393746
0.000368303
0.000343995
0.000320831
0.000298812
0.000277932
0.00184418
0.00184275
0.00184121
0.00183955
0.00183774
0.0018358
0.0018337
0.00183142
0.00182897
0.00182632
0.00182346
0.00182038
0.00181705
0.00181347
0.0018096
0.00180543
0.00180095
0.00179612
0.00179092
0.00178534
0.00177934
0.00177289
0.00176597
0.00175854
0.00175059
0.00174207
0.00173295
0.00172319
0.00171277
0.00170165
0.00168979
0.00167715
0.0016637
0.0016494
0.00163422
0.00161812
0.00160106
0.00158302
0.00156397
0.00154387
0.0015227
0.00150045
0.0014771
0.00145263
0.00142705
0.00140035
0.00137255
0.00134367
0.00131372
0.00128274
0.00125078
0.00121788
0.00118411
0.00114954
0.00111424
0.00107831
0.00104184
0.00100492
0.000967671
0.0009302
0.000892623
0.000855059
0.000817626
0.000780441
0.000743622
0.000707279
0.000671522
0.00063645
0.000602159
0.000568734
0.000536253
0.000504783
0.000474382
0.000445099
0.000416972
0.000390027
0.000364285
0.000339755
0.000316437
0.000294325
0.00198731
0.00198578
0.00198412
0.00198232
0.00198038
0.00197828
0.00197602
0.00197357
0.00197092
0.00196807
0.00196499
0.00196167
0.00195808
0.00195422
0.00195005
0.00194556
0.00194073
0.00193552
0.00192992
0.0019239
0.00191743
0.00191049
0.00190303
0.00189503
0.00188645
0.00187727
0.00186744
0.00185693
0.0018457
0.00183372
0.00182093
0.00180732
0.00179282
0.00177741
0.00176105
0.0017437
0.00172532
0.00170588
0.00168534
0.00166368
0.00164087
0.00161689
0.00159172
0.00156536
0.00153779
0.00150902
0.00147906
0.00144793
0.00141566
0.00138228
0.00134783
0.00131238
0.00127599
0.00123874
0.0012007
0.00116198
0.00112267
0.00108289
0.00104275
0.00100237
0.000961881
0.000921402
0.000881064
0.000840994
0.000801317
0.000762155
0.000723623
0.00068583
0.000648878
0.00061286
0.000577858
0.000543947
0.000511188
0.000479633
0.000449322
0.000420288
0.000392548
0.000366114
0.000340987
0.000317159
0.00219226
0.00219057
0.00218874
0.00218675
0.00218461
0.0021823
0.0021798
0.0021771
0.00217418
0.00217103
0.00216764
0.00216397
0.00216002
0.00215575
0.00215116
0.0021462
0.00214087
0.00213513
0.00212895
0.00212231
0.00211518
0.00210751
0.00209928
0.00209046
0.002081
0.00207087
0.00206003
0.00204843
0.00203604
0.00202282
0.00200872
0.0019937
0.00197771
0.00196071
0.00194266
0.00192352
0.00190324
0.00188179
0.00185914
0.00183524
0.00181008
0.00178363
0.00175586
0.00172678
0.00169636
0.00166463
0.00163158
0.00159724
0.00156164
0.00152481
0.00148681
0.00144771
0.00140756
0.00136646
0.00132451
0.00128179
0.00123843
0.00119455
0.00115027
0.00110572
0.00106105
0.0010164
0.000971902
0.0009277
0.000883933
0.000840732
0.000798227
0.000756537
0.000715775
0.000676043
0.000637433
0.000600025
0.000563888
0.00052908
0.000495644
0.000463616
0.000433016
0.000403857
0.000376139
0.000349854
0.00249928
0.00249734
0.00249526
0.002493
0.00249056
0.00248792
0.00248507
0.00248199
0.00247866
0.00247507
0.0024712
0.00246702
0.00246251
0.00245765
0.00245241
0.00244676
0.00244068
0.00243414
0.0024271
0.00241953
0.00241139
0.00240265
0.00239327
0.00238321
0.00237242
0.00236087
0.00234851
0.00233529
0.00232117
0.0023061
0.00229002
0.00227289
0.00225466
0.00223528
0.00221471
0.00219288
0.00216977
0.00214531
0.00211948
0.00209224
0.00206356
0.0020334
0.00200174
0.00196858
0.00193391
0.00189773
0.00186005
0.0018209
0.00178031
0.00173833
0.00169501
0.00165042
0.00160466
0.0015578
0.00150997
0.00146127
0.00141184
0.0013618
0.00131132
0.00126054
0.00120962
0.00115871
0.00110798
0.00105759
0.00100769
0.000958442
0.000909985
0.000862457
0.000815987
0.000770692
0.000726675
0.00068403
0.000642833
0.000603151
0.000565034
0.000528521
0.000493637
0.000460395
0.000428796
0.000398831
0.00299364
0.00299133
0.00298883
0.00298612
0.0029832
0.00298004
0.00297662
0.00297293
0.00296895
0.00296465
0.00296001
0.002955
0.0029496
0.00294378
0.0029375
0.00293074
0.00292346
0.00291562
0.00290718
0.00289811
0.00288837
0.0028779
0.00286666
0.00285461
0.00284169
0.00282786
0.00281305
0.00279722
0.0027803
0.00276224
0.00274298
0.00272247
0.00270063
0.00267742
0.00265277
0.00262663
0.00259894
0.00256965
0.00253871
0.00250608
0.00247171
0.00243559
0.00239767
0.00235795
0.00231642
0.00227308
0.00222795
0.00218105
0.00213243
0.00208214
0.00203025
0.00197685
0.00192203
0.0018659
0.00180861
0.00175027
0.00169106
0.00163113
0.00157067
0.00150984
0.00144884
0.00138786
0.0013271
0.00126674
0.00120697
0.00114798
0.00108994
0.00103301
0.00097735
0.000923095
0.000870373
0.000819292
0.000769948
0.000722417
0.000676762
0.000633028
0.000591245
0.000551429
0.000513581
0.000477691
0.00389719
0.00389419
0.00389094
0.00388743
0.00388364
0.00387954
0.00387511
0.00387033
0.00386516
0.00385959
0.00385357
0.00384707
0.00384007
0.00383252
0.00382437
0.0038156
0.00380616
0.00379599
0.00378505
0.00377329
0.00376065
0.00374707
0.00373249
0.00371686
0.00370011
0.00368216
0.00366296
0.00364242
0.00362048
0.00359705
0.00357207
0.00354546
0.00351714
0.00348703
0.00345506
0.00342116
0.00338524
0.00334725
0.00330712
0.0032648
0.00322024
0.00317338
0.00312421
0.0030727
0.00301884
0.00296264
0.00290411
0.0028433
0.00278026
0.00271506
0.00264778
0.00257855
0.00250748
0.00243473
0.00236047
0.00228487
0.00220814
0.00213049
0.00205215
0.00197336
0.00189436
0.00181541
0.00173675
0.00165863
0.0015813
0.001505
0.00142996
0.00135638
0.00128448
0.00121444
0.00114641
0.00108055
0.00101698
0.000955799
0.000897095
0.000840928
0.000787341
0.000736356
0.000687979
0.000642199
0.00019085
9.40523e-05
7.72891e-05
6.15088e-05
5.36381e-05
4.70984e-05
4.27444e-05
3.98283e-05
3.7763e-05
3.61262e-05
3.48294e-05
3.38129e-05
3.30266e-05
3.23802e-05
3.18525e-05
3.14851e-05
3.12456e-05
3.11359e-05
3.11511e-05
3.12977e-05
3.15684e-05
3.19091e-05
3.22654e-05
3.26399e-05
3.30734e-05
3.35499e-05
3.40498e-05
3.45358e-05
3.50067e-05
3.54745e-05
3.5924e-05
3.63416e-05
3.67304e-05
3.71135e-05
3.75006e-05
3.78802e-05
3.826e-05
3.86017e-05
3.88928e-05
3.91744e-05
3.94066e-05
3.96009e-05
3.98109e-05
4.00291e-05
4.0142e-05
4.00784e-05
3.98504e-05
3.94283e-05
3.87543e-05
3.76499e-05
3.58688e-05
3.32466e-05
2.95584e-05
2.48673e-05
1.94743e-05
1.39456e-05
9.04418e-06
5.42341e-06
3.11933e-06
1.79037e-06
1.05489e-06
6.46388e-07
4.12302e-07
2.73408e-07
1.87984e-07
1.33438e-07
9.72958e-08
7.24364e-08
5.45691e-08
4.09862e-08
3.07723e-08
2.29439e-08
1.6598e-08
1.20334e-08
8.97899e-09
7.0856e-09
5.98784e-09
5.5565e-09
5.65671e-09
2.12834e-08
0.00600718
0.00296071
0.00243302
0.00193624
0.00168847
0.00148259
0.00134551
0.0012537
0.00118868
0.00113715
0.00109631
0.0010643
0.00103953
0.00101917
0.00100255
0.000990961
0.000983404
0.00097993
0.000980383
0.000984975
0.000993471
0.00100417
0.00101536
0.00102712
0.00104075
0.00105573
0.00107146
0.00108674
0.00110157
0.00111632
0.0011305
0.00114368
0.00115596
0.00116807
0.0011803
0.00119229
0.00120428
0.00121505
0.00122423
0.00123311
0.00124042
0.00124655
0.00125317
0.00126005
0.0012636
0.0012616
0.00125442
0.00124112
0.00121988
0.00118507
0.00112893
0.00104629
0.000930065
0.000782272
0.000612413
0.000438351
0.000284131
0.000170292
9.79063e-05
5.61827e-05
3.31016e-05
2.02843e-05
1.29397e-05
8.58183e-06
5.9014e-06
4.1897e-06
3.05541e-06
2.27504e-06
1.71395e-06
1.28729e-06
9.66494e-07
7.20508e-07
5.21149e-07
3.78032e-07
2.82461e-07
2.23403e-07
1.89422e-07
1.76685e-07
1.88349e-07
6.76361e-07
0.0492576
0.024291
0.0199644
0.0158901
0.0138592
0.0121722
0.0110483
0.0102947
0.00976082
0.00933759
0.00900221
0.00873927
0.0085358
0.00836846
0.00823186
0.00813661
0.00807439
0.00804571
0.00804924
0.00808674
0.00815629
0.00824394
0.00833557
0.00843195
0.0085437
0.0086666
0.00879562
0.00892104
0.00904286
0.00916414
0.00928085
0.0093893
0.00949062
0.0095905
0.00969124
0.00978999
0.00988868
0.00997728
0.0100528
0.0101258
0.010186
0.0102364
0.0102909
0.0103474
0.0103766
0.0103602
0.0103012
0.010192
0.0100174
0.0097311
0.00926948
0.00858993
0.0076344
0.00641963
0.00502392
0.0035943
0.00232843
0.00139477
0.000801561
0.000459871
0.000270939
0.000166042
0.000105935
7.02687e-05
4.83302e-05
3.4319e-05
2.50328e-05
1.86427e-05
1.40461e-05
1.05498e-05
7.92123e-06
5.90436e-06
4.27007e-06
3.0995e-06
2.31975e-06
1.83985e-06
1.56655e-06
1.47174e-06
1.64554e-06
5.56077e-06
0.207364
0.102743
0.0846142
0.0675369
0.059173
0.0523139
0.0476931
0.0444677
0.0421649
0.0403388
0.0388914
0.0377563
0.0368779
0.0361553
0.0355653
0.0351536
0.0348843
0.0347598
0.0347742
0.0349353
0.0352346
0.0356121
0.0360067
0.0364218
0.0369036
0.0374336
0.0379901
0.0385311
0.0390572
0.0395817
0.0400868
0.0405563
0.0409957
0.0414291
0.0418657
0.0422936
0.0427211
0.0431045
0.0434316
0.0437475
0.0440075
0.044226
0.044462
0.0447068
0.0448333
0.0447628
0.0445085
0.044037
0.0432828
0.0420455
0.04005
0.037112
0.0329805
0.0277283
0.0216943
0.015515
0.0100457
0.00601447
0.00345507
0.00198182
0.00116758
0.000715592
0.000456602
0.000302922
0.000208386
0.000148004
0.00010798
8.04325e-05
6.06066e-05
4.55157e-05
3.41571e-05
2.5416e-05
1.83261e-05
1.32655e-05
9.91386e-06
7.86822e-06
6.72148e-06
6.36701e-06
7.46179e-06
2.35881e-05
0.611586
0.30898
0.256365
0.205815
0.181045
0.160821
0.147083
0.137244
0.130181
0.124575
0.12013
0.116642
0.113941
0.111719
0.109903
0.108635
0.107805
0.10742
0.107461
0.107955
0.108874
0.110033
0.111244
0.112519
0.113999
0.115629
0.11734
0.119003
0.120624
0.122242
0.123801
0.125252
0.126613
0.127955
0.129306
0.130631
0.131953
0.133138
0.134149
0.135126
0.13593
0.136607
0.137338
0.138096
0.13849
0.138279
0.137501
0.136056
0.133739
0.129934
0.123788
0.114731
0.101983
0.0857617
0.0671102
0.0479958
0.0310708
0.0185963
0.0106793
0.00612422
0.0036077
0.00221106
0.00141083
0.000936002
0.000643925
0.000457372
0.000333713
0.000248594
0.00018731
0.00014063
0.000105451
7.82905e-05
5.62361e-05
4.05586e-05
3.02449e-05
2.40115e-05
2.05815e-05
1.96853e-05
2.4111e-05
7.09199e-05
1.41896
0.749558
0.62889
0.509603
0.450671
0.402426
0.369361
0.345223
0.327807
0.313955
0.302951
0.294306
0.287608
0.282088
0.277571
0.274419
0.272354
0.271393
0.271495
0.272724
0.275014
0.277902
0.280916
0.284089
0.287778
0.291839
0.296105
0.300249
0.304295
0.308343
0.31225
0.315887
0.319312
0.322692
0.326092
0.329424
0.332751
0.335731
0.338278
0.340735
0.342762
0.344474
0.346324
0.348248
0.349264
0.348776
0.346884
0.343331
0.337614
0.328177
0.31288
0.290262
0.258309
0.217511
0.170435
0.122031
0.0790552
0.0473278
0.0271767
0.0155817
0.00917688
0.00562296
0.00358692
0.00237907
0.00163626
0.00116193
0.000847596
0.000631266
0.0004755
0.000356784
0.000267231
0.000197887
0.000141536
0.000101674
7.56397e-05
6.0073e-05
5.16832e-05
4.99803e-05
6.36488e-05
0.000173138
2.6827
1.53021
1.30736
1.07716
0.961333
0.865362
0.798751
0.749236
0.713261
0.684518
0.661606
0.643557
0.629556
0.617988
0.608499
0.601887
0.597559
0.595563
0.595809
0.598456
0.603354
0.609514
0.615929
0.622675
0.630523
0.639165
0.648241
0.657046
0.665668
0.674319
0.682687
0.690494
0.697881
0.705182
0.712516
0.719711
0.726901
0.733341
0.738856
0.744182
0.748595
0.752349
0.756412
0.760663
0.763002
0.76219
0.75843
0.751182
0.739382
0.719688
0.687435
0.639337
0.570756
0.482378
0.379457
0.272685
0.177148
0.106228
0.0610362
0.0349936
0.0206018
0.0126163
0.00804234
0.00533017
0.00366317
0.00259936
0.00189487
0.00141035
0.00106163
0.000795751
0.000595066
0.000439324
0.000312726
0.000223702
0.000166022
0.000131931
0.00011397
0.000111552
0.000146552
0.000365815
4.23451
2.66082
2.33098
1.96992
1.78327
1.6252
1.51356
1.42893
1.36686
1.31688
1.27682
1.24513
1.22051
1.20008
1.18326
1.17162
1.16404
1.16065
1.16131
1.16635
1.1755
1.18691
1.19874
1.21115
1.22558
1.24146
1.25812
1.27426
1.29012
1.3061
1.32161
1.33614
1.34999
1.36371
1.37747
1.391
1.40455
1.4167
1.42715
1.43727
1.44574
1.45304
1.46096
1.46935
1.47434
1.47374
1.46791
1.45588
1.43575
1.40129
1.34357
1.2559
1.12848
0.961127
0.762473
0.552471
0.361354
0.217661
0.125333
0.071892
0.0423054
0.0258817
0.0164768
0.0109046
0.00748328
0.00530266
0.00386062
0.00287025
0.00215828
0.00161537
0.00120553
0.000887059
0.000628158
0.000447381
0.000331262
0.000263496
0.000228676
0.000226654
0.000303862
0.00068906
5.81018
3.99761
3.59672
3.1319
2.88538
2.67099
2.51687
2.39774
2.30949
2.23779
2.17991
2.13392
2.09825
2.06846
2.04382
2.02703
2.01628
2.01189
2.01365
2.02219
2.03708
2.05539
2.07422
2.09389
2.11673
2.14181
2.16809
2.19348
2.21859
2.24405
2.26888
2.2923
2.31487
2.33727
2.35973
2.38191
2.40418
2.42422
2.44157
2.45846
2.47283
2.48546
2.49924
2.51404
2.52388
2.52546
2.51929
2.50397
2.47668
2.42748
2.34132
2.20617
2.00319
1.72812
1.39106
1.02312
0.678005
0.412193
0.23853
0.137047
0.0806141
0.0492444
0.0312834
0.0206551
0.014141
0.0099981
0.00726516
0.00539292
0.00405015
0.00302615
0.00225359
0.00165309
0.00116443
0.000825903
0.000610439
0.00048647
0.000424561
0.000426021
0.000574636
0.00116926
7.24788
5.33875
4.91177
4.39666
4.11981
3.87363
3.6947
3.55452
3.45002
3.3645
3.29517
3.23997
3.1975
3.16177
3.13214
3.11261
3.10059
3.09667
3.10065
3.1135
3.13477
3.16033
3.18636
3.2134
3.24468
3.27894
3.31482
3.34943
3.38397
3.41926
3.45398
3.48705
3.51933
3.55149
3.58372
3.61572
3.64796
3.67707
3.70248
3.72745
3.74911
3.76854
3.78981
3.81312
3.83049
3.83762
3.83521
3.82165
3.79349
3.73713
3.63041
3.45442
3.17767
2.7868
2.28775
1.71921
1.16258
0.71779
0.419105
0.241605
0.142081
0.0866
0.0548344
0.0360743
0.0246093
0.0173442
0.012571
0.00931479
0.00698934
0.0052157
0.00387923
0.00284094
0.00199224
0.00140887
0.00104096
0.000832804
0.00073241
0.000743137
0.000991256
0.00178504
8.50476
6.55334
6.12406
5.60011
5.31886
5.06562
4.88153
4.73679
4.62892
4.5405
4.46882
4.41196
4.36901
4.33269
4.30257
4.28391
4.27329
4.27168
4.27889
4.29628
4.3235
4.35543
4.38755
4.42073
4.45898
4.50074
4.54453
4.58681
4.62948
4.67354
4.71737
4.75963
4.80143
4.84322
4.88506
4.92686
4.96905
5.00723
5.04082
5.07411
5.10346
5.1302
5.15959
5.19247
5.21934
5.23516
5.24079
5.23485
5.21377
5.16099
5.04718
4.84621
4.51246
4.02021
3.36582
2.58811
1.79183
1.12785
0.666245
0.385661
0.22655
0.137545
0.0866323
0.0566768
0.0384638
0.0269939
0.0195093
0.014439
0.0108453
0.00810155
0.00603709
0.00443349
0.00310438
0.00219585
0.00162743
0.00131267
0.00116783
0.00119543
0.00154679
0.00243404
9.57545
7.60337
7.17327
6.65739
6.38349
6.13655
5.95871
5.81991
5.71715
5.6333
5.56569
5.51257
5.47372
5.44081
5.41356
5.39838
5.39101
5.39286
5.40371
5.42529
5.45749
5.49453
5.5313
5.5691
5.6126
5.65993
5.70978
5.75812
5.80752
5.85909
5.91104
5.96174
6.01246
6.06324
6.11404
6.16502
6.21643
6.26292
6.304
6.34496
6.38134
6.41467
6.45157
6.49371
6.5304
6.55593
6.57145
6.57605
6.56634
6.52327
6.41049
6.19436
5.81627
5.23764
4.44363
3.47007
2.44969
1.56816
0.935816
0.543218
0.318259
0.192138
0.120131
0.0779668
0.0524889
0.036556
0.0262359
0.0192999
0.0144383
0.0108574
0.00817974
0.00609209
0.00429248
0.00305964
0.00229073
0.00187779
0.00170113
0.00175143
0.00215768
0.00294538
10.4407
8.50039
8.06219
7.55411
7.28765
7.04969
6.88099
6.75153
6.6567
6.58017
6.51913
6.47193
6.43904
6.4113
6.38838
6.37771
6.37422
6.3798
6.39411
6.41927
6.45552
6.49663
6.53694
6.57824
6.62573
6.67727
6.73192
6.78527
6.84048
6.89872
6.95809
7.01661
7.07561
7.13459
7.19347
7.25272
7.31227
7.36585
7.41313
7.46039
7.5022
7.54037
7.58304
7.63287
7.67782
7.71154
7.73552
7.74931
7.74939
7.71389
7.59934
7.36397
6.94833
6.29928
5.38944
4.25013
3.03454
1.96091
1.17511
0.680747
0.396154
0.237014
0.146653
0.0941539
0.0627119
0.0432319
0.030732
0.0224125
0.0166527
0.0124979
0.00940384
0.00702472
0.00507902
0.00370535
0.00283871
0.0023968
0.0022342
0.00230799
0.00266748
0.0031659
11.0791
9.26325
8.81579
8.30955
8.04502
7.81254
7.65049
7.52915
7.44204
7.37305
7.31877
7.27767
7.25083
7.22843
7.20992
7.20364
7.20379
7.21273
7.22991
7.25791
7.2973
7.34156
7.38445
7.42833
7.47888
7.53376
7.59242
7.65016
7.71059
7.77488
7.84103
7.90671
7.97314
8.03924
8.10501
8.17126
8.23746
8.29648
8.34812
8.39968
8.44456
8.48499
8.53077
8.58552
8.63527
8.67292
8.70058
8.71768
8.71944
8.68315
8.56185
8.30366
7.84085
7.11074
6.08238
4.7913
3.41651
2.2013
1.31095
0.751814
0.431916
0.25496
0.155604
0.0985789
0.0648442
0.044192
0.031089
0.0224615
0.0165546
0.0123481
0.00921025
0.00685073
0.00494233
0.00379902
0.00313717
0.0027998
0.0026767
0.00274115
0.00297771
0.00320328
11.4977
9.8988
9.45416
8.94805
8.68026
8.44786
8.28768
8.17084
8.08846
8.02492
7.97599
7.9401
7.91862
7.90119
7.88678
7.88451
7.88792
7.8998
7.91935
7.94971
7.99165
8.03851
8.0835
8.12959
8.18257
8.24011
8.30208
8.36359
8.42857
8.49809
8.57012
8.64194
8.7145
8.78612
8.85711
8.92866
8.99961
9.062
9.11566
9.16895
9.21373
9.25267
9.29705
9.35088
9.39928
9.43589
9.46184
9.47571
9.4696
9.41631
9.26509
8.95687
8.41511
7.57015
6.39872
4.96058
3.47222
2.1923
1.27873
0.71869
0.40506
0.234824
0.140981
0.0880296
0.0571869
0.0385652
0.0268908
0.0192791
0.0141078
0.0104644
0.00769826
0.00582901
0.00452715
0.00375381
0.00329752
0.0030544
0.00296033
0.00299136
0.00309097
0.00313052
11.7277
10.4049
9.98367
9.48436
9.21285
8.9771
8.81429
8.69778
8.6172
8.55702
8.5119
8.48018
8.46325
8.4502
8.43944
8.44068
8.44686
8.46113
8.48242
8.51456
8.55835
8.60702
8.65342
8.70112
8.75574
8.81508
8.8794
8.9438
9.01227
9.08575
9.16217
9.23866
9.31551
9.39053
9.46469
9.5395
9.61306
9.67599
9.72758
9.77759
9.81787
9.85147
9.88867
9.93187
9.96872
9.9942
10.0085
10.0073
9.97761
9.88553
9.67418
9.27586
8.60695
7.5971
6.25316
4.68482
3.1506
1.90804
1.07189
0.583382
0.32052
0.181869
0.107351
0.0661713
0.042596
0.0285597
0.0198542
0.0142208
0.010399
0.00780634
0.00602183
0.00485026
0.0040721
0.00359833
0.00330878
0.0031464
0.00307625
0.0030742
0.00307507
0.00301842
11.8046
10.7842
10.403
9.92251
9.65276
9.41493
9.2478
9.12882
9.04765
8.98896
8.9462
8.91761
8.9044
8.89516
8.88752
8.8917
8.9
8.91588
8.9381
8.97127
9.01603
9.06551
9.11244
9.16092
9.21608
9.27604
9.34136
9.40734
9.47777
9.55345
9.63234
9.71169
9.79075
9.86686
9.9415
10.0162
10.0881
10.1474
10.1917
10.2301
10.2581
10.2799
10.3044
10.3314
10.35
10.3559
10.3472
10.3151
10.2395
10.0777
9.76315
9.2186
8.35959
7.14431
5.62437
3.98866
2.51079
1.42226
0.75496
0.394078
0.210289
0.11692
0.0681611
0.0417812
0.0269191
0.0181769
0.0128051
0.00936517
0.00713227
0.00566467
0.00469295
0.00406212
0.00364851
0.00338735
0.00322212
0.00312506
0.00307688
0.00305535
0.00300585
0.00293658
11.7612
11.0487
10.7172
10.2648
10.004
9.76841
9.59884
9.47721
9.39463
9.33653
9.29523
9.26904
9.25885
9.25282
9.24761
9.25397
9.26341
9.27983
9.30199
9.33526
9.37986
9.42892
9.47524
9.52338
9.57769
9.63677
9.70142
9.76746
9.83812
9.91409
9.9933
10.0728
10.1511
10.2253
10.2974
10.3681
10.4317
10.4798
10.5113
10.5343
10.5466
10.553
10.5603
10.5652
10.5578
10.5331
10.4857
10.3999
10.2462
9.97036
9.49339
8.74306
7.65098
6.22808
4.57602
2.96952
1.69574
0.878674
0.436164
0.218117
0.113593
0.0624906
0.0364898
0.0226599
0.0149608
0.0104729
0.00775216
0.00604648
0.00496183
0.00426338
0.00380979
0.00351478
0.00331992
0.0031932
0.00311143
0.00306069
0.00302836
0.00299523
0.00292604
0.0028969
11.6228
11.2143
10.935
10.5166
10.2708
10.0432
9.87497
9.75218
9.66871
9.61121
9.57112
9.54703
9.53935
9.53608
9.53265
9.54033
9.54977
9.56544
9.58642
9.6187
9.66186
9.70908
9.75346
9.79999
9.852
9.90861
9.97071
10.0343
10.1026
10.1763
10.2534
10.3313
10.4071
10.4773
10.5429
10.6036
10.6538
10.6871
10.7028
10.7081
10.7018
10.6882
10.6718
10.6465
10.6017
10.5305
10.4213
10.2491
9.97188
9.52417
8.83587
7.8427
6.50588
4.89259
3.23411
1.85052
0.932269
0.437392
0.204022
0.0990041
0.0512427
0.0285797
0.0172514
0.0112868
0.00798686
0.00607593
0.00492794
0.00421921
0.00377515
0.00349267
0.00331009
0.00319022
0.00311055
0.00305836
0.00302349
0.00299704
0.00296828
0.00292433
0.0028824
0.00287952
11.4149
11.297
11.0681
10.6856
10.4588
10.244
10.0815
9.96021
9.87754
9.82164
9.7833
9.76151
9.75616
9.75543
9.7532
9.76134
9.76949
9.78296
9.80154
9.83163
9.87208
9.91608
9.95654
9.99886
10.0461
10.0978
10.1552
10.2149
10.2794
10.3497
10.4236
10.4978
10.5687
10.6327
10.6896
10.7377
10.7722
10.7881
10.7852
10.7691
10.7395
10.6989
10.6491
10.5809
10.4818
10.3406
10.1366
9.83208
9.38286
8.72273
7.79093
6.52379
4.9641
3.31422
1.88742
0.919935
0.404167
0.17381
0.0781122
0.0379951
0.0203737
0.012145
0.00805913
0.00591205
0.00472528
0.00404072
0.00363301
0.0033846
0.00323065
0.0031331
0.00306962
0.00302748
0.00299928
0.00297954
0.00296166
0.00294066
0.00290768
0.00287938
0.00286375
0.00286958
11.1564
11.3125
11.1301
10.7832
10.5762
10.3768
10.224
10.1071
10.0275
9.97492
9.93956
9.92091
9.91817
9.9201
9.91855
9.92636
9.93188
9.94149
9.95541
9.98088
10.0159
10.0538
10.088
10.1242
10.165
10.2108
10.2627
10.3172
10.3771
10.4432
10.5128
10.5822
10.6468
10.7026
10.7485
10.782
10.7983
10.7937
10.7681
10.7256
10.6655
10.5882
10.4919
10.3632
10.1855
9.94082
9.59872
9.12662
8.4715
7.56485
6.34691
4.84734
3.2431
1.83233
0.862541
0.352653
0.13777
0.0566436
0.0259204
0.0135638
0.00821381
0.00572147
0.00448145
0.00382856
0.00346828
0.00326189
0.00314019
0.00306653
0.00302047
0.0029903
0.00296935
0.00295384
0.00294088
0.0029276
0.00290886
0.00288828
0.00287118
0.00285942
0.00285411
0.00286163
10.8633
11.2742
11.133
10.8205
10.6337
10.4508
10.31
10.2012
10.1266
10.0793
10.0485
10.0341
10.0337
10.0364
10.033
10.037
10.0366
10.0405
10.0488
10.0681
10.0956
10.1256
10.1517
10.18
10.2134
10.2528
10.2994
10.3495
10.4054
10.4676
10.533
10.5968
10.6537
10.6991
10.7314
10.7471
10.7413
10.7115
10.6571
10.5804
10.4797
10.3514
10.1897
9.97516
9.68469
9.30172
8.79615
8.12756
7.22321
6.03487
4.59516
3.0647
1.71588
0.784542
0.299114
0.104888
0.0388006
0.0167319
0.00879241
0.00564591
0.004283
0.0036452
0.00332664
0.00315986
0.00306891
0.00301656
0.00298454
0.00296352
0.00294811
0.00293535
0.00292361
0.0029121
0.00289868
0.00288412
0.00287201
0.0028623
0.00285485
0.00284936
0.00284709
0.00285445
10.5514
11.1931
11.0868
10.807
10.6403
10.475
10.3477
10.2487
10.1811
10.14
10.1136
10.1005
10.0976
10.0975
10.0899
10.0895
10.0837
10.0826
10.0842
10.0948
10.1124
10.1327
10.1504
10.1712
10.1984
10.2332
10.2764
10.324
10.3776
10.437
10.4976
10.5546
10.6016
10.6334
10.6477
10.6406
10.6068
10.5446
10.4523
10.33
10.1735
9.97379
9.71971
9.38575
8.96035
8.41881
7.72202
6.80504
5.63692
4.25759
2.81967
1.56624
0.702825
0.25384
0.080059
0.0261856
0.0106808
0.00587422
0.0041829
0.00351427
0.00322484
0.00309007
0.00302317
0.00298686
0.00296495
0.00294988
0.00293776
0.0029267
0.0029157
0.00290432
0.0028917
0.00287944
0.00286961
0.00286178
0.0028556
0.00285048
0.00284606
0.00284244
0.00284121
0.00284781
10.2322
11.0759
10.9992
10.7505
10.6027
10.4548
10.3412
10.2529
10.1922
10.1555
10.1313
10.1183
10.1117
10.1071
10.0943
10.0887
10.0775
10.0688
10.0619
10.0628
10.0705
10.0821
10.093
10.1091
10.1331
10.1663
10.2089
10.256
10.3084
10.3647
10.4193
10.4665
10.4995
10.5124
10.5022
10.4648
10.3944
10.2896
10.1463
9.9616
9.72759
9.42752
9.05437
8.58792
8.01025
7.27576
6.34074
5.18946
3.87428
2.5414
1.40337
0.626471
0.221624
0.0637864
0.0181162
0.00713281
0.00430968
0.00346269
0.00316686
0.0030502
0.00299905
0.00297269
0.00295728
0.00294597
0.00293593
0.00292593
0.00291545
0.00290422
0.00289205
0.00288016
0.00287032
0.00286258
0.00285655
0.0028516
0.00284731
0.00284341
0.00283982
0.00283693
0.00283612
0.00284165
9.91334
10.9274
10.8762
10.6568
10.526
10.3937
10.2925
10.2145
10.1616
10.1293
10.1063
10.0919
10.0805
10.0704
10.0525
10.0392
10.0203
10.0029
9.98781
9.9806
9.98111
9.98689
9.99454
10.0093
10.0336
10.0679
10.1116
10.1588
10.2094
10.2606
10.3055
10.3378
10.3503
10.3365
10.2929
10.2151
10.0963
9.93449
9.72187
9.45108
9.11187
8.69811
8.19358
7.57756
6.8052
5.85085
4.71936
3.47332
2.25334
1.23946
0.556728
0.199087
0.0536752
0.0136046
0.00520744
0.00355615
0.00315297
0.00303245
0.00298887
0.00296888
0.00295728
0.00294821
0.00293955
0.00293041
0.00292054
0.0029099
0.00289846
0.00288624
0.00287575
0.00286701
0.00286004
0.00285443
0.00284971
0.00284554
0.00284172
0.00283813
0.00283486
0.00283233
0.0028316
0.00283597
9.59794
10.7527
10.7238
10.5322
10.4168
10.2992
10.21
10.1421
10.0969
10.0675
10.0436
10.026
10.0096
9.99214
9.96749
9.94588
9.91976
9.89504
9.87414
9.86218
9.85916
9.86271
9.87023
9.88676
9.91346
9.95011
9.99487
10.0406
10.0863
10.1277
10.1568
10.1666
10.1496
10.0991
10.0105
9.8791
9.69585
9.4571
9.14999
8.77693
8.32389
7.78539
7.12554
6.31871
5.351
4.24446
3.07394
1.97052
1.08175
0.493118
0.182572
0.0482551
0.010839
0.00425801
0.00322396
0.00303516
0.00298778
0.00297081
0.00296159
0.00295403
0.00294633
0.00293789
0.00292862
0.00291854
0.00290771
0.00289613
0.00288483
0.00287505
0.00286676
0.0028599
0.00285423
0.00284936
0.00284502
0.00284106
0.00283735
0.00283388
0.00283076
0.0028284
0.00282753
0.00283078
9.28679
10.5557
10.5469
10.3831
10.2834
10.1805
10.103
10.0438
10.0029
9.97298
9.94623
9.92393
9.9015
9.87711
9.84665
9.81847
9.78725
9.758
9.73426
9.72067
9.71713
9.72144
9.73085
9.75093
9.78087
9.81879
9.86193
9.90224
9.93742
9.96176
9.96682
9.9443
9.88662
9.78654
9.63788
9.4353
9.16532
8.83102
8.42342
7.93984
7.36046
6.6604
5.82235
4.84994
3.77763
2.68832
1.70241
0.934343
0.434922
0.168763
0.0458755
0.00937184
0.00376636
0.00309101
0.00299545
0.00297558
0.00296761
0.00296131
0.00295457
0.0029469
0.00293828
0.00292882
0.00291864
0.00290781
0.00289631
0.00288555
0.00287618
0.00286805
0.00286112
0.00285525
0.00285014
0.00284555
0.00284137
0.00283747
0.0028338
0.00283036
0.00282729
0.00282495
0.00282382
0.00282606
8.98188
10.3411
10.351
10.2153
10.1316
10.0423
9.97368
9.91912
9.87856
9.84649
9.81642
9.79003
9.7629
9.73359
9.69927
9.66677
9.6328
9.60166
9.57776
9.56472
9.56199
9.56912
9.58198
9.60581
9.63704
9.67287
9.70932
9.73819
9.75541
9.75364
9.7239
9.65656
9.54378
9.37736
9.14856
8.85449
8.49184
8.05641
7.54106
6.9209
6.18283
5.32222
4.35398
3.32661
2.32477
1.45448
0.799637
0.381532
0.155258
0.0447057
0.00873869
0.00352464
0.00303619
0.00298437
0.00297422
0.00296853
0.00296275
0.00295607
0.00294834
0.00293962
0.00293009
0.00291991
0.00290913
0.00289777
0.00288736
0.00287822
0.00287017
0.00286315
0.00285709
0.00285176
0.00284694
0.00284251
0.00283839
0.00283451
0.00283083
0.00282737
0.0028243
0.00282187
0.00282042
0.00282178
8.68688
10.1123
10.1403
10.0309
9.96083
9.88154
9.81807
9.76562
9.72506
9.69192
9.66011
9.63122
9.60094
9.56835
9.53182
9.49705
9.46254
9.43192
9.41009
9.39918
9.39877
9.40875
9.42424
9.44895
9.47747
9.50624
9.52966
9.53907
9.52858
9.48893
9.4105
9.28194
9.09517
8.84141
8.52312
8.13464
7.67536
7.12289
6.46604
5.69631
4.8216
3.86939
2.89696
1.98824
1.23011
0.678796
0.332526
0.140763
0.0431366
0.00849231
0.00341068
0.00301406
0.00298308
0.00297603
0.00297049
0.00296451
0.00295777
0.00295009
0.00294144
0.00293198
0.00292186
0.00291117
0.00289994
0.00288979
0.00288079
0.0028728
0.00286572
0.00285951
0.00285399
0.00284897
0.00284433
0.00284
0.00283592
0.00283202
0.0028283
0.0028248
0.00282166
0.00281908
0.00281728
0.00281789
8.40333
9.86811
9.91327
9.8261
9.76612
9.69425
9.63553
9.58629
9.54749
9.51481
9.48233
9.45183
9.41942
9.38491
9.34779
9.31291
9.28018
9.25214
9.23364
9.22525
9.22699
9.23791
9.2535
9.27482
9.29519
9.31004
9.3121
9.29152
9.24032
9.14693
9.00134
8.79039
8.51508
8.17184
7.76254
7.27202
6.68632
5.99548
5.20328
4.32531
3.4014
2.49457
1.68181
1.03072
0.572145
0.287457
0.125078
0.0400521
0.00819866
0.00335264
0.00300659
0.0029851
0.00297886
0.00297289
0.00296652
0.00295963
0.00295202
0.00294356
0.00293427
0.00292428
0.00291372
0.00290261
0.00289266
0.00288378
0.00287582
0.00286868
0.00286235
0.00285668
0.0028515
0.00284668
0.00284217
0.0028379
0.00283381
0.00282988
0.0028261
0.00282253
0.00281929
0.00281651
0.00281436
0.00281432
8.12619
9.60333
9.66495
9.59697
9.54632
9.4827
9.43033
9.38562
9.34928
9.31759
9.28501
9.25375
9.22044
9.18573
9.14993
9.1168
9.08712
9.06236
9.04679
9.04029
9.04279
9.05205
9.06336
9.07546
9.08064
9.07261
9.04184
8.97661
8.86672
8.69845
8.4665
8.16836
7.80402
7.36913
6.84741
6.22895
5.51242
4.70631
3.83834
2.95549
2.12283
1.40733
0.856208
0.478895
0.245532
0.1081
0.0349316
0.00758505
0.00330044
0.00300534
0.00298853
0.00298227
0.0029758
0.002969
0.00296186
0.00295423
0.00294593
0.00293687
0.00292708
0.00291666
0.00290577
0.00289595
0.00288713
0.00287918
0.00287199
0.00286555
0.00285974
0.00285442
0.00284945
0.00284478
0.00284034
0.00283609
0.00283199
0.00282801
0.00282416
0.00282049
0.00281711
0.00281411
0.00281163
0.00281101
7.849
9.31666
9.39464
9.34579
9.30526
9.25073
9.20524
9.16531
9.13164
9.1015
9.06988
9.0395
9.00702
8.97366
8.94002
8.90912
8.88205
8.86031
8.84672
8.84041
8.84069
8.84423
8.84557
8.84097
8.82121
8.77741
8.69712
8.56686
8.37655
8.12324
7.80325
7.41809
6.95312
6.4002
5.75394
5.01826
4.21059
3.36533
2.5363
1.78491
1.1653
0.705478
0.397531
0.205788
0.0896307
0.0280561
0.00651632
0.00323351
0.00300653
0.00299271
0.0029862
0.00297932
0.00297213
0.00296469
0.00295693
0.0029487
0.00293986
0.00293033
0.00292012
0.00290938
0.00289963
0.00289084
0.00288287
0.00287562
0.00286906
0.00286312
0.00285766
0.00285256
0.00284775
0.00284316
0.00283877
0.00283451
0.00283037
0.00282633
0.00282239
0.00281862
0.00281509
0.00281185
0.00280905
0.00280791
7.56847
9.01143
9.10569
9.07572
9.04532
9.00009
8.96175
8.92702
8.89697
8.8697
8.84029
8.81162
8.78045
8.7485
8.71679
8.68807
8.66302
8.64271
8.62886
8.61995
8.61395
8.60606
8.58936
8.55711
8.49765
8.39938
8.2475
8.03654
7.76112
7.42233
7.0096
6.51489
5.93213
5.26341
4.51815
3.72072
2.9124
2.14789
1.48249
0.955209
0.576518
0.326362
0.167887
0.0704398
0.0205617
0.005217
0.00315752
0.00300876
0.0029974
0.00299061
0.00298342
0.00297592
0.00296819
0.00296022
0.00295194
0.00294322
0.00293392
0.00292398
0.0029134
0.00290369
0.00289488
0.00288686
0.00287953
0.00287286
0.00286678
0.00286118
0.00285596
0.00285101
0.00284629
0.00284176
0.00283737
0.0028331
0.0028289
0.00282478
0.00282075
0.00281686
0.00281316
0.00280969
0.00280657
0.00280496
7.28186
8.6904
8.80014
8.78852
8.76831
8.73297
8.7028
8.67424
8.64866
8.62446
8.5972
8.56965
8.53971
8.50907
8.47871
8.45096
8.42629
8.40523
8.38805
8.3722
8.35364
8.32527
8.27797
8.20166
8.0818
7.90928
7.67717
7.38265
7.0199
6.57871
6.05375
5.44609
4.76149
4.01716
3.24319
2.4847
1.79405
1.21636
0.775479
0.466773
0.263559
0.131979
0.0516979
0.0138228
0.00419325
0.00309074
0.00301183
0.00300246
0.00299545
0.00298804
0.00298031
0.00297234
0.00296415
0.00295571
0.00294698
0.00293782
0.00292812
0.00291779
0.00290807
0.00289921
0.00289112
0.0028837
0.00287691
0.00287068
0.00286494
0.00285958
0.0028545
0.00284966
0.002845
0.00284049
0.0028361
0.00283178
0.00282753
0.00282333
0.0028192
0.00281518
0.0028113
0.00280759
0.00280417
0.00280212
6.98799
8.35621
8.48008
8.48706
8.4779
8.4534
8.43173
8.40925
8.38761
8.36549
8.33991
8.31306
8.28353
8.25313
8.22291
8.19457
8.168
8.14281
8.11734
8.08713
8.04559
7.98265
7.88637
7.74496
7.55116
7.29842
6.98341
6.59364
6.12345
5.57206
4.94454
4.25369
3.52182
2.78473
2.0878
1.47736
0.986228
0.623256
0.3734
0.207496
0.0985726
0.034792
0.00876412
0.00355847
0.00305286
0.00301572
0.00300784
0.00300068
0.00299312
0.00298524
0.0029771
0.00296871
0.0029601
0.00295127
0.00294214
0.00293259
0.0029225
0.00291275
0.00290381
0.00289562
0.0028881
0.00288117
0.0028748
0.00286891
0.0028634
0.00285819
0.00285322
0.00284844
0.00284382
0.00283932
0.0028349
0.00283053
0.00282621
0.00282193
0.00281769
0.00281353
0.00280947
0.00280552
0.00280181
0.00279934
6.69183
8.01272
8.1496
8.17536
8.17763
8.1637
8.1493
8.13203
8.11346
8.09251
8.06737
8.04005
8.0099
7.97845
7.94663
7.91516
7.88276
7.84738
7.80502
7.74846
7.66808
7.55067
7.3877
7.17172
6.89912
6.55883
6.14193
5.64475
5.07163
4.43262
3.74591
3.03985
2.35242
1.7267
1.19946
0.790114
0.495178
0.293397
0.157199
0.0685854
0.0211569
0.00561669
0.00323899
0.00303792
0.00302068
0.00301348
0.00300622
0.00299857
0.0029906
0.00298235
0.00297382
0.00296507
0.0029561
0.00294691
0.00293742
0.0029275
0.00291769
0.00290865
0.00290034
0.00289268
0.00288562
0.00287908
0.00287303
0.00286737
0.00286203
0.00285693
0.00285203
0.0028473
0.00284269
0.00283818
0.00283372
0.00282931
0.00282492
0.00282054
0.0028162
0.00281189
0.00280764
0.00280345
0.00279945
0.00279658
6.39983
7.6625
7.81154
7.85501
7.86815
7.86389
7.85563
7.84209
7.82505
7.80398
7.77805
7.74906
7.71685
7.68234
7.64568
7.6062
7.56085
7.50518
7.43225
7.33158
7.19278
7.00789
6.77088
6.47495
6.10823
5.66455
5.14489
4.55679
3.9161
3.2462
2.57918
1.95313
1.40487
0.959985
0.62497
0.387475
0.224056
0.112544
0.0433765
0.0117702
0.00401568
0.00310742
0.00303601
0.00302629
0.00301931
0.00301198
0.00300428
0.00299626
0.00298794
0.00297934
0.00297048
0.00296139
0.00295211
0.00294259
0.00293276
0.00292286
0.0029137
0.00290524
0.00289743
0.0028902
0.0028835
0.00287728
0.00287146
0.00286597
0.00286074
0.00285572
0.00285088
0.00284617
0.00284157
0.00283703
0.00283254
0.00282807
0.00282361
0.00281915
0.00281469
0.00281023
0.00280578
0.00280135
0.00279706
0.00279379
6.11289
7.3055
7.46653
7.52613
7.54882
7.55246
7.54861
7.53729
7.52039
7.49803
7.46998
7.43763
7.4007
7.35921
7.31185
7.25587
7.18585
7.09438
6.97213
6.81177
6.60507
6.34662
6.02497
5.63181
5.16437
4.62743
4.03357
3.40282
2.76318
2.14811
1.59241
1.12418
0.757019
0.486901
0.296433
0.163536
0.0742659
0.0243824
0.00650204
0.0033579
0.00306406
0.0030395
0.00303216
0.0030252
0.00301783
0.00301011
0.00300207
0.00299373
0.0029851
0.00297618
0.00296702
0.00295765
0.00294807
0.00293826
0.00292823
0.00291892
0.00291029
0.0029023
0.0028949
0.00288802
0.00288161
0.00287562
0.00286997
0.0028646
0.00285946
0.0028545
0.0028497
0.00284501
0.00284041
0.00283585
0.00283132
0.0028268
0.00282227
0.00281772
0.00281314
0.00280853
0.00280388
0.0027992
0.00279461
0.00279093
5.82546
6.93956
7.11273
7.18607
7.21666
7.2263
7.22526
7.21476
7.19667
7.17145
7.13907
7.10026
7.05386
6.99837
6.93033
6.84448
6.73297
6.58995
6.40778
6.1803
5.89802
5.5503
5.13193
4.64504
4.09855
3.50944
2.90198
2.30608
1.75404
1.27421
0.88439
0.587275
0.371701
0.218683
0.11143
0.0437853
0.0123053
0.0041643
0.0031396
0.00305529
0.00304477
0.00303805
0.00303107
0.00302369
0.00301596
0.00300792
0.00299959
0.00299095
0.00298202
0.00297282
0.00296339
0.00295375
0.00294391
0.00293379
0.00292429
0.00291547
0.00290727
0.00289966
0.00289259
0.00288599
0.00287981
0.002874
0.00286848
0.0028632
0.00285813
0.00285323
0.00284846
0.00284378
0.00283917
0.0028346
0.00283004
0.00282547
0.00282087
0.00281623
0.00281153
0.00280675
0.0028019
0.00279698
0.00279208
0.00278797
5.52935
6.56199
6.74788
6.832
6.86871
6.88246
6.88256
6.87101
6.84967
6.81883
6.77807
6.72691
6.66262
6.58167
6.47823
6.34784
6.18442
5.98205
5.73283
5.42519
5.05186
4.61202
4.11201
3.56576
2.99401
2.42353
1.88392
1.40282
1.00012
0.683236
0.446503
0.275153
0.152156
0.0686327
0.0224845
0.00623211
0.00335631
0.0030814
0.00305753
0.00305048
0.00304388
0.00303688
0.00302949
0.00302177
0.00301375
0.00300543
0.00299682
0.0029879
0.00297869
0.00296923
0.00295955
0.00294965
0.00293953
0.00292979
0.00292074
0.00291231
0.00290447
0.00289718
0.00289037
0.002884
0.002878
0.00287232
0.00286691
0.00286172
0.00285671
0.00285185
0.00284711
0.00284245
0.00283784
0.00283325
0.00282866
0.00282405
0.00281939
0.00281465
0.00280982
0.00280488
0.00279983
0.00279465
0.00278943
0.00278487
5.21789
6.17004
6.37033
6.46182
6.50262
6.51803
6.51679
6.50115
6.47263
6.43081
6.37423
6.3008
6.20578
6.08606
5.93768
5.75573
5.53365
5.26055
4.92781
4.53189
4.07655
3.57285
3.03879
2.49818
1.97794
1.50435
1.09796
0.769207
0.516778
0.330021
0.193648
0.0967389
0.0367948
0.0103531
0.00392135
0.00313755
0.00307182
0.00306253
0.0030562
0.00304959
0.00304258
0.00303521
0.00302751
0.00301952
0.00301125
0.00300268
0.0029938
0.00298462
0.00297517
0.00296547
0.00295555
0.0029454
0.00293539
0.00292607
0.00291738
0.00290929
0.00290175
0.00289472
0.00288814
0.00288194
0.00287609
0.00287053
0.00286521
0.00286009
0.00285514
0.00285033
0.00284562
0.00284097
0.00283637
0.00283178
0.00282717
0.00282252
0.00281779
0.00281296
0.002808
0.0028029
0.00279764
0.0027922
0.00278665
0.0027816
4.88708
5.75971
5.97742
6.07242
6.11476
6.12815
6.12134
6.09613
6.05344
5.99163
5.90781
5.80038
5.66632
5.50202
5.30297
5.05961
4.76284
4.40747
3.99479
3.53295
3.03746
2.5295
2.03372
1.57474
1.17282
0.840045
0.578197
0.380131
0.233146
0.125603
0.0538891
0.0168539
0.00514206
0.00326447
0.00309104
0.00307435
0.00306794
0.0030617
0.00305507
0.00304806
0.00304072
0.00303306
0.00302512
0.0030169
0.00300839
0.00299957
0.00299046
0.00298106
0.0029714
0.0029615
0.00295137
0.00294104
0.00293141
0.00292243
0.00291406
0.00290627
0.00289899
0.00289218
0.00288578
0.00287974
0.00287402
0.00286856
0.00286332
0.00285828
0.00285339
0.00284863
0.00284395
0.00283934
0.00283475
0.00283016
0.00282553
0.00282084
0.00281605
0.00281113
0.00280605
0.00280078
0.00279531
0.0027896
0.0027837
0.00277813
4.53523
5.32461
5.56316
5.65705
5.69714
5.70288
5.68376
5.64046
5.57364
5.48253
5.36506
5.2189
5.04098
4.82381
4.55914
4.24106
3.86882
3.44809
2.99171
2.51838
2.05075
1.61181
1.22116
0.891549
0.626718
0.422222
0.267942
0.15271
0.0718574
0.0252601
0.00726545
0.00353197
0.0031221
0.00308628
0.00307903
0.0030731
0.00306685
0.00306021
0.00305321
0.0030459
0.00303829
0.0030304
0.00302223
0.00301378
0.00300503
0.00299598
0.00298664
0.00297703
0.00296716
0.00295705
0.00294668
0.00293671
0.00292742
0.00291875
0.00291067
0.00290313
0.00289608
0.00288946
0.00288322
0.00287732
0.00287171
0.00286635
0.00286121
0.00285624
0.00285142
0.00284671
0.00284208
0.0028375
0.00283294
0.00282836
0.00282372
0.002819
0.00281415
0.00280914
0.00280394
0.00279851
0.00279282
0.00278684
0.00278056
0.00277442
4.16219
4.85585
5.11671
5.20381
5.23616
5.22689
5.18826
5.12085
5.02539
4.90102
4.74556
4.55325
4.31777
4.03392
3.70004
3.31965
2.90292
2.46607
2.02965
1.61511
1.24125
0.920948
0.659135
0.453297
0.295491
0.175664
0.0885895
0.0344333
0.0102469
0.00401075
0.00317415
0.00309924
0.00308951
0.00308378
0.0030779
0.00307163
0.003065
0.00305803
0.00305076
0.0030432
0.00303537
0.00302727
0.00301889
0.00301022
0.00300126
0.002992
0.00298246
0.00297266
0.00296259
0.00295227
0.00294193
0.00293229
0.0029233
0.00291492
0.0029071
0.00289978
0.00289293
0.00288648
0.00288039
0.00287462
0.00286913
0.00286388
0.00285882
0.00285394
0.00284919
0.00284455
0.00283998
0.00283544
0.00283091
0.00282634
0.0028217
0.00281695
0.00281206
0.00280697
0.00280166
0.00279607
0.00279016
0.00278388
0.00277721
0.00277046
3.77067
4.35226
4.62884
4.70391
4.72411
4.69562
4.63375
4.53847
4.4098
4.24411
4.03756
3.78633
3.48909
3.1483
2.7719
2.37351
1.97129
1.58507
1.23272
0.926965
0.673465
0.471089
0.313636
0.192364
0.102056
0.0428955
0.0136395
0.00470739
0.00325618
0.00311426
0.00309941
0.00309367
0.00308812
0.00308221
0.00307595
0.00306933
0.00306241
0.00305518
0.00304768
0.00303992
0.00303189
0.00302359
0.003015
0.00300612
0.00299696
0.00298751
0.00297779
0.0029678
0.00295755
0.00294702
0.002937
0.00292766
0.00291896
0.00291083
0.00290324
0.00289614
0.00288947
0.00288318
0.00287724
0.0028716
0.00286622
0.00286108
0.00285612
0.00285133
0.00284667
0.0028421
0.00283759
0.00283311
0.00282862
0.00282408
0.00281945
0.00281469
0.00280976
0.00280461
0.00279918
0.00279344
0.00278731
0.00278073
0.00277363
0.00276621
3.37121
3.82083
4.10328
4.16115
4.16443
4.11173
4.01991
3.88686
3.71275
3.49557
3.23528
2.93419
2.59899
2.24116
1.87639
1.52244
1.19598
0.909436
0.66889
0.474307
0.32088
0.201192
0.110548
0.0491636
0.0166942
0.00550304
0.00336781
0.00313262
0.00310937
0.00310316
0.00309778
0.0030921
0.00308612
0.00307982
0.00307321
0.00306631
0.00305913
0.00305168
0.00304397
0.00303601
0.00302779
0.00301929
0.0030105
0.00300144
0.00299209
0.00298246
0.00297256
0.00296239
0.00295195
0.00294152
0.0029318
0.00292274
0.0029143
0.00290641
0.00289904
0.00289213
0.00288563
0.0028795
0.0028737
0.0028682
0.00286295
0.00285791
0.00285307
0.00284838
0.0028438
0.00283932
0.00283488
0.00283047
0.00282603
0.00282153
0.00281692
0.00281217
0.00280722
0.00280201
0.00279649
0.0027906
0.00278425
0.00277734
0.00276979
0.00276165
2.9546
3.25752
3.54007
3.57249
3.55014
3.46328
3.33201
3.15476
2.93519
2.67616
2.38428
2.06953
1.74555
1.42794
1.13182
0.868882
0.645476
0.462537
0.316463
0.201163
0.112887
0.0520487
0.0186179
0.00616652
0.00348951
0.0031558
0.0031215
0.00311412
0.00310846
0.00310261
0.00309649
0.00309017
0.00308367
0.00307694
0.00306997
0.00306276
0.00305531
0.00304762
0.00303969
0.00303151
0.00302307
0.00301437
0.00300539
0.00299615
0.00298662
0.00297683
0.00296677
0.00295643
0.00294579
0.00293566
0.00292623
0.00291744
0.00290924
0.00290158
0.00289441
0.00288769
0.00288136
0.00287539
0.00286974
0.00286437
0.00285925
0.00285434
0.00284961
0.00284502
0.00284055
0.00283616
0.00283181
0.00282747
0.0028231
0.00281865
0.00281409
0.00280936
0.00280441
0.00279917
0.00279357
0.00278753
0.00278096
0.00277373
0.00276568
0.00275676
2.4691
2.65503
2.93044
2.92835
2.874
2.75001
2.58171
2.3709
2.12701
1.85917
1.57982
1.30268
1.04122
0.806139
0.603819
0.436016
0.30023
0.191874
0.108514
0.0508873
0.0188379
0.00644727
0.00357583
0.0031808
0.00313691
0.00312792
0.00312168
0.00311542
0.00310896
0.00310229
0.00309548
0.00308856
0.00308149
0.00307424
0.0030668
0.00305917
0.00305134
0.0030433
0.00303504
0.00302655
0.00301782
0.00300887
0.00299967
0.00299023
0.00298052
0.00297054
0.00296031
0.00294978
0.00293921
0.00292938
0.00292022
0.00291168
0.00290371
0.00289627
0.0028893
0.00288276
0.0028766
0.0028708
0.0028653
0.00286007
0.00285509
0.0028503
0.0028457
0.00284123
0.00283686
0.00283257
0.00282832
0.00282407
0.00281978
0.00281541
0.00281091
0.00280623
0.00280129
0.00279604
0.00279039
0.00278423
0.00277745
0.00276987
0.0027613
0.00275151
1.87061
2.02536
2.28481
2.24451
2.16099
2.01071
1.82492
1.61018
1.38059
1.14835
0.925705
0.722394
0.544806
0.395291
0.272415
0.173421
0.0974829
0.0456523
0.0172156
0.00621947
0.00358975
0.00320176
0.0031542
0.00314375
0.00313673
0.00312987
0.00312288
0.00311575
0.00310846
0.00310111
0.00309374
0.00308628
0.00307871
0.00307099
0.00306312
0.00305509
0.00304687
0.00303846
0.00302985
0.00302103
0.00301203
0.00300282
0.00299337
0.00298369
0.00297377
0.00296359
0.00295315
0.00294241
0.00293214
0.00292259
0.00291369
0.0029054
0.00289766
0.00289042
0.00288365
0.00287729
0.00287131
0.00286567
0.00286032
0.00285525
0.0028504
0.00284575
0.00284127
0.00283692
0.00283268
0.0028285
0.00282436
0.00282021
0.00281603
0.00281175
0.00280734
0.00280273
0.00279784
0.00279261
0.00278693
0.00278067
0.00277368
0.00276576
0.00275663
0.0027459
1.2155
1.40578
1.63916
1.56895
1.47185
1.32022
1.14888
0.966653
0.78702
0.619081
0.46946
0.34092
0.233389
0.146339
0.0805208
0.037008
0.014091
0.0055552
0.00352741
0.00321871
0.00317642
0.00316475
0.00315657
0.00314868
0.00314078
0.00313282
0.00312477
0.00311663
0.00310852
0.00310046
0.0030924
0.0030843
0.00307611
0.00306782
0.0030594
0.00305084
0.00304213
0.00303325
0.00302422
0.00301505
0.00300571
0.00299618
0.00298644
0.00297648
0.00296631
0.00295589
0.00294521
0.00293448
0.0029245
0.00291522
0.00290658
0.00289853
0.00289101
0.00288399
0.00287741
0.00287124
0.00286543
0.00285995
0.00285476
0.00284984
0.00284513
0.00284062
0.00283627
0.00283205
0.00282793
0.00282388
0.00281986
0.00281584
0.00281178
0.00280762
0.00280332
0.00279881
0.00279402
0.00278884
0.00278316
0.00277683
0.00276966
0.00276138
0.00275165
0.0027399
0.648124
0.851368
1.04586
0.968009
0.881264
0.756033
0.625751
0.496922
0.378186
0.273053
0.183709
0.111828
0.059227
0.0263716
0.0102703
0.00470129
0.00343482
0.0032365
0.00320421
0.00319294
0.00318329
0.00317392
0.00316468
0.00315549
0.00314631
0.00313711
0.00312787
0.00311873
0.00310974
0.00310083
0.00309194
0.00308304
0.0030741
0.00306507
0.00305596
0.00304672
0.00303737
0.00302792
0.00301839
0.00300874
0.00299895
0.00298898
0.00297885
0.00296854
0.00295802
0.00294727
0.00293631
0.0029259
0.00291622
0.00290722
0.00289883
0.00289102
0.00288372
0.00287691
0.00287053
0.00286454
0.00285891
0.00285359
0.00284856
0.00284379
0.00283923
0.00283486
0.00283064
0.00282656
0.00282257
0.00281865
0.00281477
0.0028109
0.00280698
0.00280297
0.00279881
0.00279444
0.00278977
0.00278468
0.00277905
0.00277268
0.00276536
0.00275674
0.00274638
0.00273349
0.271025
0.414641
0.552429
0.493447
0.435573
0.351378
0.268988
0.191445
0.124989
0.0726927
0.036613
0.0159231
0.00682481
0.00397521
0.00336651
0.0032634
0.00324063
0.00322912
0.00321849
0.00320737
0.00319626
0.00318538
0.00317466
0.00316404
0.00315347
0.00314292
0.00313253
0.00312236
0.00311235
0.00310244
0.00309258
0.00308272
0.00307284
0.00306291
0.00305291
0.00304284
0.00303273
0.0030226
0.00301241
0.00300212
0.0029917
0.00298118
0.00297052
0.0029597
0.00294871
0.00293756
0.00292671
0.00291662
0.00290724
0.00289851
0.00289039
0.00288282
0.00287575
0.00286914
0.00286295
0.00285715
0.00285169
0.00284654
0.00284167
0.00283704
0.00283262
0.00282839
0.00282432
0.00282037
0.00281653
0.00281276
0.00280903
0.00280532
0.00280156
0.00279773
0.00279375
0.00278955
0.00278504
0.00278009
0.00277455
0.0027682
0.00276075
0.00275181
0.00274078
0.00272666
0.0774876
0.133248
0.194384
0.167684
0.140335
0.0992185
0.0634198
0.0353151
0.017377
0.00816162
0.0045812
0.00357135
0.00335569
0.00330706
0.00328904
0.00327588
0.00326329
0.00325054
0.00323744
0.0032242
0.00321136
0.0031988
0.00318646
0.00317427
0.00316218
0.0031503
0.00313874
0.00312741
0.00311624
0.00310519
0.0030942
0.00308323
0.00307226
0.00306126
0.00305022
0.00303922
0.00302825
0.00301727
0.00300624
0.00299512
0.00298396
0.00297271
0.00296134
0.00294988
0.00293831
0.00292699
0.00291646
0.00290668
0.00289759
0.00288913
0.00288125
0.00287391
0.00286706
0.00286066
0.00285467
0.00284904
0.00284375
0.00283875
0.00283403
0.00282954
0.00282527
0.00282118
0.00281724
0.00281344
0.00280975
0.00280614
0.00280258
0.00279904
0.00279547
0.00279183
0.00278805
0.00278406
0.00277975
0.00277499
0.00276959
0.00276331
0.0027558
0.00274656
0.00273485
0.00271937
0.0129222
0.0194476
0.0271704
0.0225976
0.0172992
0.0107086
0.00657124
0.00446749
0.0036962
0.00346987
0.00340134
0.00337253
0.00335323
0.00333638
0.00332045
0.00330495
0.00328959
0.00327417
0.00325853
0.00324326
0.00322848
0.00321405
0.00319989
0.00318594
0.00317228
0.00315904
0.00314613
0.00313347
0.00312098
0.00310862
0.00309634
0.0030841
0.00307188
0.00305965
0.00304752
0.00303547
0.00302346
0.00301144
0.00299937
0.00298731
0.00297522
0.00296305
0.00295085
0.00293859
0.00292681
0.00291583
0.00290563
0.00289615
0.00288733
0.00287912
0.00287148
0.00286436
0.00285771
0.00285149
0.00284567
0.0028402
0.00283506
0.00283021
0.00282563
0.00282128
0.00281713
0.00281317
0.00280938
0.00280572
0.00280217
0.00279872
0.00279533
0.00279198
0.00278861
0.00278519
0.00278164
0.00277789
0.00277383
0.0027693
0.00276411
0.00275797
0.00275045
0.00274096
0.00272855
0.00271159
0.00499798
0.00474939
0.00453572
0.00421802
0.00394418
0.00372909
0.0036079
0.00353864
0.00349533
0.00346352
0.00343714
0.00341394
0.00339282
0.00337309
0.00335429
0.00333605
0.0033181
0.0033002
0.00328217
0.00326462
0.00324763
0.00323108
0.00321488
0.00319895
0.00318368
0.00316885
0.00315437
0.00314015
0.00312612
0.00311224
0.00309845
0.00308472
0.00307103
0.00305751
0.00304413
0.00303082
0.00301755
0.00300426
0.00299106
0.00297786
0.00296463
0.00295145
0.00293831
0.00292607
0.00291466
0.00290404
0.00289417
0.00288498
0.00287643
0.00286847
0.00286105
0.00285413
0.00284766
0.00284161
0.00283594
0.00283062
0.00282561
0.00282088
0.00281642
0.00281218
0.00280816
0.00280432
0.00280065
0.00279712
0.00279372
0.00279043
0.00278721
0.00278405
0.0027809
0.0027777
0.00277441
0.00277093
0.00276716
0.00276293
0.00275801
0.00275208
0.00274465
0.00273497
0.00272187
0.00270327
0.00480014
0.00446359
0.00416447
0.00394981
0.00380621
0.00370708
0.0036374
0.00358598
0.00354515
0.00351133
0.00348214
0.00345616
0.00343239
0.00341017
0.00338898
0.00336845
0.00334828
0.00332821
0.00330806
0.00328796
0.00326844
0.00324943
0.00323086
0.00321306
0.00319587
0.00317916
0.00316281
0.00314675
0.00313091
0.00311522
0.00309966
0.00308418
0.00306893
0.00305389
0.00303898
0.00302415
0.00300934
0.0029947
0.00298012
0.00296554
0.00295102
0.00293741
0.00292471
0.00291288
0.00290185
0.00289158
0.00288202
0.00287312
0.00286483
0.00285711
0.0028499
0.00284316
0.00283686
0.00283096
0.00282542
0.00282022
0.00281532
0.00281071
0.00280634
0.00280221
0.00279828
0.00279455
0.00279099
0.00278759
0.00278433
0.00278119
0.00277814
0.00277517
0.00277223
0.00276928
0.00276626
0.00276309
0.00275964
0.00275576
0.00275119
0.00274556
0.00273831
0.00272854
0.00271477
0.00269438
0.00478086
0.00449183
0.00422718
0.00400952
0.00386395
0.00376092
0.00368743
0.00363297
0.00358964
0.00355362
0.00352246
0.00349465
0.00346914
0.00344523
0.00342238
0.00340021
0.0033784
0.00335669
0.00333487
0.00331275
0.00329045
0.00326863
0.00324771
0.00322759
0.00320811
0.00318914
0.00317058
0.00315233
0.00313433
0.00311651
0.00309883
0.00308148
0.00306439
0.0030475
0.00303074
0.00301406
0.00299764
0.0029813
0.00296511
0.00295
0.00293591
0.00292276
0.0029105
0.00289906
0.0028884
0.00287846
0.0028692
0.00286057
0.00285252
0.002845
0.00283798
0.0028314
0.00282525
0.00281948
0.00281405
0.00280895
0.00280415
0.00279962
0.00279533
0.00279128
0.00278744
0.0027838
0.00278034
0.00277705
0.00277391
0.00277091
0.00276803
0.00276525
0.00276253
0.00275983
0.00275709
0.00275424
0.00275116
0.00274767
0.00274352
0.0027383
0.00273135
0.0027216
0.00270722
0.00268486
0.00474929
0.00450413
0.00427438
0.00405878
0.00390738
0.00379976
0.00372379
0.00366756
0.00362295
0.00358593
0.00355391
0.00352531
0.00349903
0.00347434
0.00345069
0.00342765
0.00340491
0.00338221
0.00335933
0.00333607
0.00331227
0.00328778
0.00326413
0.00324127
0.00321908
0.00319745
0.00317626
0.00315543
0.00313487
0.00311452
0.0030946
0.00307502
0.00305571
0.00303661
0.00301762
0.0029989
0.0029809
0.00296412
0.00294847
0.00293387
0.00292024
0.00290753
0.00289567
0.0028846
0.00287428
0.00286465
0.00285566
0.00284727
0.00283943
0.0028321
0.00282523
0.0028188
0.00281276
0.00280709
0.00280176
0.00279674
0.002792
0.00278754
0.00278332
0.00277933
0.00277556
0.00277199
0.00276861
0.00276542
0.00276239
0.00275953
0.0027568
0.0027542
0.00275169
0.00274924
0.00274679
0.00274428
0.00274159
0.00273855
0.00273489
0.00273018
0.00272366
0.00271409
0.00269919
0.00267464
0.00470115
0.00449124
0.00428783
0.00409237
0.00393329
0.00382125
0.00374387
0.00368675
0.00364167
0.00360442
0.00357233
0.00354373
0.00351749
0.00349283
0.00346916
0.00344607
0.00342319
0.00340027
0.00337708
0.0033534
0.00332908
0.00330394
0.00327783
0.00325195
0.00322663
0.00320189
0.00317762
0.00315375
0.00313018
0.00310715
0.00308458
0.00306236
0.00304032
0.00301882
0.00299878
0.00298011
0.0029627
0.00294646
0.00293131
0.00291717
0.00290397
0.00289166
0.00288017
0.00286944
0.00285943
0.00285007
0.00284132
0.00283313
0.00282547
0.00281829
0.00281156
0.00280523
0.00279929
0.0027937
0.00278843
0.00278346
0.00277878
0.00277436
0.00277018
0.00276624
0.00276252
0.00275902
0.00275571
0.0027526
0.00274968
0.00274693
0.00274435
0.00274192
0.00273961
0.0027374
0.00273525
0.00273308
0.0027308
0.00272825
0.00272515
0.00272104
0.00271512
0.00270592
0.00269062
0.00266367
0.00463967
0.0044599
0.00427942
0.00410332
0.0039401
0.00382642
0.00374811
0.00369035
0.00364493
0.00360755
0.00357549
0.00354702
0.003521
0.00349659
0.00347322
0.00345041
0.00342783
0.00340517
0.00338219
0.0033587
0.0033345
0.00330942
0.00328331
0.003256
0.00322746
0.00319927
0.00317146
0.00314409
0.00311735
0.00309107
0.00306536
0.00304142
0.00301912
0.00299832
0.00297893
0.00296085
0.00294397
0.00292822
0.00291353
0.00289981
0.00288701
0.00287506
0.00286389
0.00285346
0.0028437
0.00283457
0.00282602
0.00281801
0.00281049
0.00280343
0.0027968
0.00279055
0.00278468
0.00277914
0.00277391
0.00276898
0.00276433
0.00275994
0.0027558
0.0027519
0.00274822
0.00274477
0.00274153
0.00273849
0.00273566
0.00273302
0.00273057
0.0027283
0.00272619
0.00272422
0.00272235
0.00272053
0.00271868
0.00271663
0.00271414
0.00271074
0.00270557
0.00269696
0.00268147
0.00265185
0.00456578
0.00441118
0.00424789
0.004085
0.00393253
0.00381843
0.00373967
0.00368135
0.00363547
0.00359769
0.00356529
0.00353655
0.00351029
0.0034857
0.00346216
0.00343921
0.0034165
0.00339374
0.00337066
0.00334707
0.00332277
0.00329759
0.00327137
0.00324395
0.00321519
0.00318493
0.00315303
0.0031223
0.00309368
0.00306702
0.00304217
0.00301901
0.00299741
0.00297727
0.00295847
0.00294092
0.00292454
0.00290925
0.00289498
0.00288165
0.00286919
0.00285754
0.00284665
0.00283646
0.00282691
0.00281797
0.00280957
0.00280169
0.00279428
0.00278731
0.00278075
0.00277457
0.00276874
0.00276324
0.00275804
0.00275314
0.00274851
0.00274414
0.00274003
0.00273616
0.00273252
0.00272911
0.00272592
0.00272296
0.00272021
0.00271768
0.00271536
0.00271324
0.00271132
0.00270957
0.00270799
0.00270651
0.00270507
0.00270355
0.00270171
0.0026991
0.00269485
0.00268709
0.00267168
0.00263911
0.00448114
0.0043506
0.00420461
0.0040549
0.00391286
0.00380013
0.00372191
0.00366363
0.00361761
0.00357956
0.00354682
0.00351768
0.00349097
0.00346589
0.00344184
0.00341835
0.00339506
0.0033717
0.003348
0.00332376
0.00329879
0.00327293
0.00324602
0.0032179
0.00318843
0.00315747
0.00312559
0.00309589
0.00306822
0.00304241
0.00301835
0.0029959
0.00297495
0.0029554
0.00293714
0.0029201
0.00290418
0.00288931
0.00287541
0.00286241
0.00285025
0.00283887
0.00282821
0.00281821
0.00280884
0.00280003
0.00279176
0.00278398
0.00277665
0.00276974
0.00276323
0.00275709
0.00275128
0.0027458
0.00274063
0.00273574
0.00273113
0.00272678
0.00272269
0.00271885
0.00271524
0.00271188
0.00270875
0.00270585
0.00270319
0.00270076
0.00269857
0.0026966
0.00269486
0.00269334
0.00269203
0.00269089
0.00268987
0.00268887
0.00268769
0.00268594
0.00268275
0.00267614
0.0026612
0.00262535
0.00438404
0.00427601
0.00414778
0.00401195
0.00388083
0.00377172
0.00369554
0.00363839
0.00359306
0.00355541
0.00352286
0.00349376
0.00346699
0.00344176
0.00341747
0.00339369
0.00337007
0.00334632
0.0033222
0.00329752
0.00327208
0.00324573
0.00321831
0.00318969
0.00315973
0.0031283
0.00309746
0.00306872
0.00304191
0.00301689
0.00299355
0.00297176
0.00295142
0.00293242
0.00291467
0.00289809
0.00288258
0.00286808
0.0028545
0.00284179
0.00282989
0.00281873
0.00280825
0.00279842
0.00278918
0.00278048
0.0027723
0.00276459
0.00275732
0.00275046
0.00274398
0.00273786
0.00273208
0.00272662
0.00272146
0.00271659
0.00271199
0.00270767
0.0027036
0.00269979
0.00269622
0.00269291
0.00268984
0.00268701
0.00268444
0.00268212
0.00268006
0.00267825
0.0026767
0.0026754
0.00267435
0.00267354
0.00267293
0.00267244
0.00267193
0.00267106
0.00266905
0.00266392
0.00264994
0.00261048
0.00427352
0.00418542
0.0040749
0.00395373
0.0038343
0.00373125
0.00365878
0.00360406
0.00356044
0.00352401
0.00349235
0.00346389
0.00343757
0.00341264
0.00338853
0.00336483
0.00334121
0.0033174
0.00329317
0.00326833
0.00324272
0.00321617
0.00318856
0.00315976
0.00312964
0.0030981
0.00306823
0.00304036
0.00301436
0.00299008
0.00296742
0.00294625
0.00292647
0.00290798
0.00289069
0.00287452
0.00285937
0.00284519
0.0028319
0.00281944
0.00280774
0.00279676
0.00278645
0.00277674
0.00276761
0.002759
0.00275089
0.00274324
0.00273601
0.00272918
0.00272273
0.00271663
0.00271086
0.00270542
0.00270027
0.00269542
0.00269085
0.00268655
0.00268252
0.00267874
0.00267523
0.00267197
0.00266898
0.00266624
0.00266377
0.00266157
0.00265965
0.00265801
0.00265665
0.00265559
0.00265482
0.00265433
0.00265412
0.00265413
0.00265427
0.00265428
0.00265353
0.00265017
0.00263784
0.00259437
0.00414999
0.00407799
0.00398397
0.00387772
0.0037706
0.00367603
0.00360908
0.00355823
0.00351752
0.00348333
0.00345343
0.00342637
0.00340116
0.0033771
0.00335369
0.00333054
0.00330735
0.00328387
0.0032599
0.00323527
0.00320983
0.00318344
0.00315598
0.00312734
0.00309744
0.0030664
0.00303743
0.0030104
0.00298517
0.00296159
0.00293956
0.00291897
0.0028997
0.00288167
0.00286479
0.00284898
0.00283416
0.00282026
0.00280721
0.00279496
0.00278345
0.00277262
0.00276243
0.00275283
0.00274379
0.00273525
0.00272719
0.00271957
0.00271238
0.00270557
0.00269914
0.00269306
0.00268732
0.00268189
0.00267677
0.00267194
0.00266741
0.00266315
0.00265916
0.00265545
0.00265201
0.00264883
0.00264593
0.0026433
0.00264096
0.0026389
0.00263714
0.00263569
0.00263456
0.00263375
0.00263327
0.00263313
0.00263332
0.00263383
0.00263459
0.00263543
0.00263593
0.00263463
0.00262482
0.00257694
0.00401542
0.00395482
0.00387453
0.00378231
0.00368742
0.00360332
0.00354353
0.003498
0.00346147
0.00343067
0.00340357
0.00337885
0.0033556
0.00333321
0.00331121
0.00328926
0.00326711
0.00324453
0.00322135
0.00319742
0.00317263
0.00314686
0.00312001
0.00309201
0.00306279
0.00303271
0.00300461
0.00297836
0.00295384
0.00293091
0.00290947
0.0028894
0.0028706
0.002853
0.00283649
0.00282101
0.00280648
0.00279284
0.00278001
0.00276795
0.0027566
0.00274591
0.00273583
0.00272631
0.00271733
0.00270885
0.00270083
0.00269324
0.00268607
0.00267928
0.00267286
0.0026668
0.00266107
0.00265567
0.00265058
0.0026458
0.00264131
0.00263712
0.00263322
0.0026296
0.00262626
0.0026232
0.00262043
0.00261795
0.00261576
0.00261388
0.00261232
0.00261109
0.00261021
0.0026097
0.00260955
0.00260978
0.00261038
0.00261139
0.00261277
0.0026144
0.00261605
0.00261697
0.00261079
0.0025581
0.00387304
0.00381905
0.00374868
0.00366797
0.00358406
0.00351145
0.00345981
0.00342061
0.00338927
0.00336286
0.00333956
0.00331815
0.00329783
0.00327802
0.00325833
0.00323844
0.00321813
0.00319723
0.00317558
0.00315309
0.00312965
0.00310519
0.00307965
0.00305298
0.00302517
0.00299619
0.00296895
0.00294348
0.00291965
0.00289735
0.00287647
0.00285691
0.00283857
0.00282136
0.00280522
0.00279005
0.0027758
0.00276239
0.00274978
0.00273789
0.00272669
0.00271612
0.00270615
0.00269672
0.00268781
0.00267938
0.0026714
0.00266385
0.0026567
0.00264993
0.00264353
0.00263748
0.00263176
0.00262638
0.00262133
0.0026166
0.00261219
0.0026081
0.00260431
0.00260082
0.00259763
0.00259475
0.00259216
0.00258989
0.00258792
0.00258627
0.00258495
0.00258398
0.0025834
0.00258323
0.00258347
0.00258412
0.00258518
0.00258672
0.00258873
0.0025911
0.00259371
0.00259682
0.00259567
0.00253775
0.00372638
0.00367523
0.00361093
0.00353836
0.00346295
0.00340151
0.00335789
0.00332508
0.00329914
0.0032775
0.00325849
0.00324101
0.0032243
0.00320785
0.00319127
0.00317429
0.00315669
0.00313834
0.00311911
0.00309891
0.00307769
0.00305539
0.003032
0.0030075
0.0029819
0.00295525
0.00292903
0.00290441
0.00288133
0.0028597
0.00283943
0.00282041
0.00280256
0.00278579
0.00277003
0.00275521
0.00274126
0.00272812
0.00271574
0.00270406
0.00269303
0.00268261
0.00267276
0.00266345
0.00265464
0.0026463
0.0026384
0.00263093
0.00262385
0.00261714
0.00261078
0.00260476
0.00259907
0.00259371
0.00258867
0.00258397
0.00257963
0.00257565
0.00257201
0.0025687
0.00256572
0.00256308
0.00256076
0.00255877
0.00255711
0.00255578
0.00255479
0.00255413
0.00255389
0.00255412
0.00255482
0.00255598
0.00255755
0.00255966
0.00256238
0.00256553
0.00256882
0.00257375
0.00257939
0.0025158
0.00357811
0.00352753
0.00346645
0.00339926
0.00333028
0.00327859
0.00324177
0.00321431
0.00319292
0.00317537
0.00316019
0.00314637
0.0031332
0.0031202
0.00310699
0.00309333
0.003079
0.00306387
0.00304782
0.00303079
0.00301273
0.00299361
0.00297343
0.00295221
0.00292999
0.00290684
0.00288282
0.00285942
0.00283731
0.00281651
0.00279697
0.0027786
0.00276133
0.00274508
0.00272979
0.00271538
0.00270181
0.002689
0.00267691
0.00266549
0.00265468
0.00264446
0.00263478
0.00262561
0.00261693
0.00260871
0.00260095
0.00259363
0.00258674
0.00258023
0.00257408
0.00256826
0.00256273
0.00255746
0.00255241
0.00254761
0.00254327
0.00253936
0.00253587
0.00253278
0.00253007
0.00252774
0.00252578
0.00252418
0.00252295
0.00252209
0.0025216
0.00252148
0.00252177
0.00252247
0.00252361
0.00252523
0.00252735
0.00253007
0.0025336
0.00253773
0.00254142
0.00254759
0.00256188
0.00249453
0.00342932
0.00337914
0.00331953
0.003255
0.003195
0.00315121
0.00311953
0.00309581
0.00307743
0.00306251
0.00304979
0.00303836
0.00302762
0.00301708
0.00300644
0.00299543
0.00298388
0.00297165
0.00295864
0.0029448
0.00293008
0.00291447
0.002898
0.00288068
0.00286259
0.0028438
0.0028244
0.00280452
0.00278429
0.00276489
0.00274651
0.00272912
0.00271268
0.00269716
0.00268252
0.00266871
0.00265569
0.00264339
0.00263179
0.00262081
0.00261042
0.00260057
0.0025912
0.00258228
0.00257375
0.00256557
0.00255768
0.00255037
0.00254364
0.00253746
0.00253178
0.00252659
0.00252184
0.00251752
0.0025136
0.00251007
0.0025069
0.00250408
0.00250159
0.00249943
0.00249759
0.00249606
0.00249485
0.00249394
0.00249333
0.00249304
0.00249307
0.00249343
0.00249413
0.00249519
0.00249665
0.00249852
0.00250083
0.0025037
0.0025073
0.00251154
0.0025157
0.00252314
0.00254282
0.00247642
0.00327961
0.00323246
0.0031755
0.00311418
0.00306496
0.00302782
0.00300017
0.00297908
0.00296252
0.00294897
0.00293739
0.00292701
0.00291728
0.00290782
0.00289833
0.0028886
0.00287847
0.00286782
0.00285659
0.00284473
0.00283222
0.00281906
0.0028053
0.00279097
0.00277615
0.00276093
0.00274542
0.00272973
0.00271398
0.00269831
0.00268283
0.00266767
0.00265292
0.00263869
0.00262504
0.00261203
0.0025997
0.00258807
0.00257715
0.00256693
0.00255741
0.00254856
0.00254034
0.00253274
0.00252572
0.00251924
0.00251328
0.00250779
0.00250276
0.00249816
0.00249395
0.00249012
0.00248665
0.00248351
0.00248069
0.00247818
0.00247597
0.00247403
0.00247238
0.00247099
0.00246988
0.00246902
0.00246842
0.00246809
0.00246802
0.00246822
0.00246869
0.00246945
0.00247051
0.00247189
0.0024736
0.00247569
0.00247816
0.00248112
0.00248474
0.00248895
0.0024932
0.00250074
0.00252158
0.00246117
0.0031251
0.0030853
0.00303274
0.00298352
0.00294411
0.0029132
0.0028894
0.00287075
0.00285577
0.00284329
0.00283246
0.00282266
0.00281342
0.00280441
0.00279539
0.00278618
0.00277665
0.00276671
0.00275631
0.00274542
0.00273405
0.00272221
0.00270996
0.00269734
0.00268444
0.00267134
0.00265814
0.00264495
0.00263187
0.002619
0.00260643
0.00259425
0.00258252
0.0025713
0.00256063
0.00255055
0.00254105
0.00253215
0.00252384
0.0025161
0.00250892
0.00250227
0.00249613
0.00249046
0.00248524
0.00248045
0.00247606
0.00247204
0.00246837
0.00246504
0.00246201
0.00245929
0.00245685
0.00245468
0.00245276
0.0024511
0.00244967
0.00244849
0.00244753
0.00244679
0.00244628
0.002446
0.00244593
0.00244609
0.00244648
0.00244711
0.00244797
0.00244908
0.00245045
0.0024521
0.00245405
0.00245632
0.00245894
0.00246197
0.0024656
0.00246974
0.00247393
0.00248105
0.00249992
0.00244848
0.00295905
0.00293469
0.0028989
0.00286324
0.00283289
0.00280807
0.00278828
0.00277234
0.00275924
0.00274812
0.00273833
0.00272937
0.00272088
0.00271258
0.00270427
0.00269582
0.00268711
0.00267809
0.00266872
0.002659
0.00264895
0.00263858
0.00262797
0.00261716
0.00260623
0.00259526
0.00258434
0.00257355
0.00256297
0.00255268
0.00254273
0.00253318
0.00252408
0.00251544
0.00250729
0.00249964
0.00249249
0.00248582
0.00247963
0.0024739
0.0024686
0.00246372
0.00245923
0.00245512
0.00245135
0.00244791
0.00244478
0.00244194
0.00243938
0.00243708
0.00243503
0.00243321
0.00243162
0.00243025
0.00242909
0.00242813
0.00242737
0.00242681
0.00242644
0.00242627
0.00242628
0.00242649
0.00242689
0.00242748
0.00242827
0.00242927
0.00243048
0.0024319
0.00243356
0.00243546
0.00243762
0.00244006
0.00244281
0.00244593
0.00244956
0.00245364
0.00245779
0.0024645
0.00248154
0.0024381
0.00281045
0.00279928
0.00277708
0.00275271
0.00273052
0.00271151
0.00269578
0.00268273
0.00267174
0.00266223
0.00265373
0.00264586
0.00263835
0.00263098
0.00262361
0.00261611
0.00260843
0.00260052
0.00259237
0.00258397
0.00257537
0.00256659
0.00255769
0.00254873
0.00253978
0.00253089
0.00252214
0.00251359
0.00250531
0.00249732
0.00248968
0.00248242
0.00247555
0.0024691
0.00246305
0.00245741
0.00245218
0.00244733
0.00244286
0.00243874
0.00243497
0.00243151
0.00242836
0.0024255
0.0024229
0.00242056
0.00241846
0.00241659
0.00241493
0.00241348
0.00241223
0.00241117
0.00241029
0.00240959
0.00240906
0.00240871
0.00240852
0.0024085
0.00240864
0.00240895
0.00240942
0.00241006
0.00241087
0.00241184
0.002413
0.00241433
0.00241586
0.00241757
0.00241949
0.00242162
0.00242398
0.00242659
0.00242947
0.00243267
0.00243631
0.00244035
0.00244446
0.00245082
0.00246617
0.00242983
0.00268045
0.00267847
0.00266671
0.00265155
0.00263652
0.00262291
0.00261115
0.00260107
0.00259236
0.00258466
0.00257765
0.00257109
0.00256477
0.00255854
0.00255228
0.00254593
0.00253945
0.0025328
0.002526
0.00251905
0.00251199
0.00250485
0.00249769
0.00249056
0.00248352
0.0024766
0.00246987
0.00246336
0.00245711
0.00245116
0.00244552
0.0024402
0.00243523
0.00243059
0.00242628
0.00242229
0.00241863
0.00241526
0.00241218
0.00240938
0.00240684
0.00240454
0.00240247
0.00240063
0.00239899
0.00239755
0.00239629
0.00239521
0.00239431
0.00239357
0.00239299
0.00239256
0.00239229
0.00239216
0.00239218
0.00239234
0.00239265
0.0023931
0.00239369
0.00239442
0.00239531
0.00239633
0.00239751
0.00239884
0.00240033
0.00240197
0.00240379
0.00240577
0.00240794
0.00241029
0.00241285
0.00241562
0.00241863
0.00242192
0.00242559
0.00242962
0.00243371
0.00243973
0.00245356
0.00242348
0.0025671
0.0025714
0.00256743
0.00255963
0.0025507
0.00254193
0.00253394
0.00252682
0.00252046
0.00251469
0.00250934
0.00250425
0.00249929
0.00249435
0.00248938
0.00248432
0.00247916
0.00247389
0.00246853
0.00246309
0.00245761
0.00245212
0.00244667
0.00244129
0.00243603
0.00243093
0.00242602
0.00242132
0.00241687
0.00241266
0.00240872
0.00240505
0.00240165
0.00239852
0.00239564
0.00239301
0.00239062
0.00238846
0.00238652
0.00238479
0.00238325
0.00238189
0.00238072
0.00237971
0.00237886
0.00237816
0.00237761
0.0023772
0.00237693
0.00237679
0.00237678
0.0023769
0.00237715
0.00237752
0.00237801
0.00237863
0.00237937
0.00238024
0.00238124
0.00238236
0.00238361
0.002385
0.00238652
0.00238817
0.00238997
0.00239191
0.002394
0.00239624
0.00239865
0.00240122
0.00240397
0.00240692
0.00241006
0.00241345
0.00241717
0.00242119
0.00242528
0.00243102
0.00244347
0.0024189
0.00246879
0.00247725
0.00247895
0.00247685
0.00247298
0.00246845
0.00246392
0.00245963
0.00245562
0.00245185
0.00244824
0.00244473
0.00244124
0.00243772
0.00243413
0.00243047
0.00242672
0.00242289
0.002419
0.00241508
0.00241115
0.00240725
0.00240342
0.00239967
0.00239606
0.00239258
0.00238928
0.00238617
0.00238325
0.00238053
0.00237802
0.00237572
0.00237363
0.00237173
0.00237003
0.00236851
0.00236717
0.002366
0.00236499
0.00236413
0.00236342
0.00236285
0.00236241
0.0023621
0.00236191
0.00236184
0.00236188
0.00236204
0.00236231
0.00236268
0.00236317
0.00236377
0.00236447
0.00236528
0.0023662
0.00236722
0.00236836
0.00236961
0.00237098
0.00237246
0.00237406
0.00237577
0.00237761
0.00237958
0.00238167
0.0023839
0.00238626
0.00238875
0.00239139
0.00239419
0.00239714
0.00240026
0.00240355
0.00240705
0.00241084
0.00241488
0.00241898
0.00242449
0.00243572
0.00241595
0.00238408
0.00239518
0.00240088
0.0024031
0.0024033
0.00240237
0.00240093
0.00239927
0.00239752
0.00239573
0.0023939
0.00239202
0.00239006
0.00238801
0.00238587
0.00238363
0.00238131
0.00237893
0.0023765
0.00237405
0.00237161
0.0023692
0.00236686
0.00236459
0.00236243
0.0023604
0.00235849
0.00235673
0.00235512
0.00235365
0.00235234
0.00235118
0.00235017
0.00234929
0.00234856
0.00234796
0.00234748
0.00234712
0.00234688
0.00234675
0.00234672
0.0023468
0.00234698
0.00234726
0.00234763
0.00234809
0.00234865
0.0023493
0.00235004
0.00235087
0.00235179
0.00235281
0.00235392
0.00235513
0.00235643
0.00235783
0.00235934
0.00236094
0.00236265
0.00236447
0.00236639
0.00236843
0.00237057
0.00237284
0.00237522
0.00237772
0.00238035
0.0023831
0.00238598
0.00238899
0.00239215
0.00239545
0.0023989
0.00240254
0.00240641
0.00241049
0.00241462
0.00241995
0.00243011
0.00241449
0.00231159
0.0023243
0.00233274
0.00233815
0.00234154
0.00234359
0.00234482
0.00234553
0.00234589
0.00234601
0.00234591
0.00234565
0.00234522
0.00234465
0.00234394
0.00234312
0.0023422
0.00234121
0.00234017
0.00233911
0.00233804
0.00233699
0.00233598
0.00233503
0.00233415
0.00233335
0.00233264
0.00233203
0.00233151
0.0023311
0.00233078
0.00233056
0.00233044
0.00233042
0.00233048
0.00233064
0.00233088
0.0023312
0.0023316
0.00233208
0.00233263
0.00233326
0.00233397
0.00233475
0.0023356
0.00233653
0.00233754
0.00233862
0.00233978
0.00234102
0.00234233
0.00234374
0.00234522
0.00234679
0.00234845
0.00235021
0.00235205
0.00235399
0.00235603
0.00235817
0.00236041
0.00236275
0.0023652
0.00236776
0.00237043
0.0023732
0.0023761
0.0023791
0.00238223
0.00238547
0.00238884
0.00239234
0.00239597
0.00239974
0.00240372
0.00240787
0.00241206
0.00241724
0.00242646
0.00241443
0.00224994
0.00226358
0.00227386
0.00228159
0.00228743
0.00229189
0.00229537
0.00229816
0.00230043
0.00230231
0.00230385
0.00230513
0.00230618
0.00230703
0.0023077
0.00230823
0.00230864
0.00230896
0.00230921
0.0023094
0.00230957
0.00230973
0.0023099
0.00231009
0.0023103
0.00231056
0.00231086
0.00231121
0.00231162
0.00231208
0.00231259
0.00231316
0.00231379
0.00231447
0.0023152
0.00231599
0.00231683
0.00231772
0.00231866
0.00231966
0.00232072
0.00232183
0.00232299
0.00232421
0.00232549
0.00232684
0.00232824
0.00232971
0.00233125
0.00233286
0.00233454
0.0023363
0.00233813
0.00234005
0.00234205
0.00234413
0.00234631
0.00234857
0.00235093
0.00235338
0.00235593
0.00235858
0.00236133
0.00236418
0.00236713
0.00237019
0.00237336
0.00237663
0.00238
0.00238349
0.00238708
0.00239078
0.00239459
0.00239853
0.00240263
0.00240687
0.00241114
0.00241621
0.00242464
0.00241568
0.00219776
0.00221192
0.00222343
0.00223282
0.00224051
0.00224688
0.00225223
0.00225679
0.00226075
0.0022642
0.00226725
0.00226996
0.00227238
0.00227455
0.00227651
0.00227829
0.00227991
0.00228142
0.00228282
0.00228414
0.0022854
0.00228661
0.0022878
0.00228896
0.00229011
0.00229127
0.00229242
0.00229358
0.00229476
0.00229595
0.00229716
0.00229839
0.00229964
0.00230091
0.00230221
0.00230353
0.00230488
0.00230627
0.00230768
0.00230913
0.00231062
0.00231215
0.00231372
0.00231534
0.002317
0.00231872
0.00232049
0.00232232
0.00232422
0.00232617
0.0023282
0.00233029
0.00233246
0.0023347
0.00233703
0.00233944
0.00234193
0.00234451
0.00234719
0.00234995
0.00235281
0.00235577
0.00235882
0.00236197
0.00236521
0.00236856
0.002372
0.00237554
0.00237918
0.00238291
0.00238674
0.00239066
0.00239467
0.00239879
0.00240303
0.00240738
0.00241174
0.00241675
0.00242451
0.00241816
0.00215368
0.00216814
0.00218049
0.00219106
0.00220015
0.00220801
0.00221488
0.00222094
0.00222634
0.00223118
0.00223557
0.00223956
0.00224322
0.00224658
0.0022497
0.0022526
0.00225531
0.00225787
0.00226029
0.00226259
0.0022648
0.00226692
0.00226897
0.00227097
0.00227291
0.00227482
0.00227669
0.00227854
0.00228036
0.00228217
0.00228396
0.00228575
0.00228753
0.00228931
0.00229109
0.00229288
0.00229468
0.00229649
0.00229832
0.00230018
0.00230205
0.00230396
0.0023059
0.00230788
0.0023099
0.00231197
0.00231408
0.00231625
0.00231848
0.00232076
0.00232312
0.00232554
0.00232803
0.0023306
0.00233325
0.00233598
0.00233879
0.00234169
0.00234468
0.00234776
0.00235093
0.0023542
0.00235755
0.00236101
0.00236455
0.00236819
0.00237192
0.00237574
0.00237965
0.00238365
0.00238772
0.00239187
0.0023961
0.00240041
0.00240481
0.00240929
0.00241377
0.00241875
0.00242596
0.00242179
0.00211639
0.00213105
0.00214398
0.00215543
0.00216558
0.00217461
0.0021827
0.00219
0.00219661
0.00220266
0.0022082
0.00221332
0.00221807
0.00222249
0.00222663
0.00223051
0.00223418
0.00223765
0.00224095
0.0022441
0.00224711
0.00225001
0.0022528
0.00225551
0.00225812
0.00226067
0.00226315
0.00226558
0.00226796
0.00227029
0.00227259
0.00227485
0.00227709
0.00227931
0.00228152
0.00228372
0.00228592
0.00228811
0.00229032
0.00229254
0.00229477
0.00229703
0.00229931
0.00230163
0.00230399
0.00230638
0.00230883
0.00231132
0.00231387
0.00231648
0.00231916
0.0023219
0.00232472
0.00232761
0.00233058
0.00233363
0.00233676
0.00233999
0.0023433
0.0023467
0.00235019
0.00235377
0.00235745
0.00236122
0.00236507
0.00236902
0.00237305
0.00237716
0.00238135
0.00238562
0.00238995
0.00239435
0.00239881
0.00240332
0.00240789
0.00241252
0.00241712
0.00242211
0.00242886
0.00242653
0.00208464
0.00209947
0.00211285
0.00212497
0.00213594
0.0021459
0.00215498
0.00216329
0.00217093
0.00217799
0.00218453
0.00219062
0.00219631
0.00220165
0.00220667
0.0022114
0.00221589
0.00222015
0.00222421
0.00222808
0.00223179
0.00223535
0.00223877
0.00224208
0.00224527
0.00224836
0.00225137
0.00225429
0.00225715
0.00225994
0.00226267
0.00226536
0.00226801
0.00227063
0.00227322
0.00227579
0.00227834
0.0022809
0.00228345
0.00228601
0.00228858
0.00229116
0.00229378
0.00229642
0.0022991
0.00230182
0.00230459
0.0023074
0.00231028
0.00231321
0.00231621
0.00231927
0.00232241
0.00232563
0.00232893
0.00233231
0.00233577
0.00233932
0.00234297
0.0023467
0.00235052
0.00235443
0.00235844
0.00236253
0.00236671
0.00237097
0.00237531
0.00237973
0.00238422
0.00238877
0.00239337
0.00239803
0.00240272
0.00240745
0.00241222
0.002417
0.00242174
0.00242676
0.00243315
0.00243234
0.0020573
0.0020723
0.00208607
0.00209872
0.00211037
0.00212108
0.00213097
0.00214012
0.00214862
0.00215653
0.00216391
0.00217083
0.00217733
0.00218345
0.00218923
0.0021947
0.00219989
0.00220483
0.00220953
0.00221403
0.00221833
0.00222246
0.00222643
0.00223025
0.00223395
0.00223752
0.00224098
0.00224434
0.00224762
0.00225081
0.00225394
0.00225701
0.00226003
0.00226301
0.00226595
0.00226887
0.00227176
0.00227465
0.00227753
0.00228041
0.00228331
0.00228622
0.00228915
0.00229212
0.00229512
0.00229816
0.00230125
0.00230439
0.00230758
0.00231084
0.00231417
0.00231757
0.00232104
0.00232459
0.00232822
0.00233194
0.00233575
0.00233964
0.00234363
0.00234771
0.00235187
0.00235613
0.00236047
0.00236491
0.00236942
0.00237402
0.00237868
0.00238342
0.00238821
0.00239306
0.00239795
0.00240287
0.00240781
0.00241277
0.00241773
0.00242268
0.00242757
0.00243263
0.00243874
0.00243918
0.00203333
0.00204855
0.00206268
0.00207581
0.00208801
0.00209936
0.00210992
0.00211978
0.002129
0.00213763
0.00214574
0.00215336
0.00216055
0.00216735
0.00217378
0.00217989
0.00218569
0.00219121
0.00219648
0.00220151
0.00220634
0.00221096
0.00221541
0.00221969
0.00222382
0.00222781
0.00223168
0.00223544
0.0022391
0.00224267
0.00224616
0.00224959
0.00225295
0.00225627
0.00225955
0.00226279
0.00226601
0.00226922
0.00227243
0.00227563
0.00227885
0.00228208
0.00228534
0.00228862
0.00229194
0.00229531
0.00229872
0.00230219
0.00230572
0.00230932
0.00231298
0.00231672
0.00232054
0.00232444
0.00232843
0.0023325
0.00233666
0.00234091
0.00234526
0.00234969
0.00235422
0.00235883
0.00236354
0.00236832
0.00237319
0.00237813
0.00238314
0.0023882
0.00239332
0.00239847
0.00240365
0.00240885
0.00241405
0.00241924
0.00242441
0.00242953
0.00243457
0.00243969
0.00244558
0.00244703
0.00201188
0.00202736
0.00204184
0.0020554
0.00206811
0.00208
0.00209115
0.00210162
0.00211146
0.00212072
0.00212944
0.00213768
0.00214548
0.00215286
0.00215986
0.00216652
0.00217285
0.00217889
0.00218466
0.00219017
0.00219545
0.00220052
0.0022054
0.00221009
0.00221462
0.00221901
0.00222325
0.00222738
0.0022314
0.00223532
0.00223915
0.00224291
0.00224661
0.00225026
0.00225386
0.00225743
0.00226098
0.00226451
0.00226803
0.00227156
0.0022751
0.00227866
0.00228224
0.00228586
0.00228951
0.00229321
0.00229697
0.00230078
0.00230465
0.0023086
0.00231262
0.00231671
0.00232089
0.00232516
0.00232951
0.00233395
0.00233849
0.00234311
0.00234783
0.00235265
0.00235755
0.00236255
0.00236762
0.00237278
0.00237801
0.00238331
0.00238867
0.00239408
0.00239953
0.002405
0.00241049
0.00241597
0.00242143
0.00242686
0.00243223
0.00243753
0.00244271
0.00244791
0.00245363
0.00245587
0.00199221
0.00200799
0.00202284
0.00203682
0.00204999
0.00206238
0.00207406
0.00208507
0.00209546
0.00210527
0.00211455
0.00212333
0.00213166
0.00213956
0.00214707
0.00215422
0.00216104
0.00216754
0.00217375
0.0021797
0.0021854
0.00219088
0.00219615
0.00220123
0.00220614
0.00221089
0.0022155
0.00221997
0.00222434
0.0022286
0.00223277
0.00223686
0.00224089
0.00224486
0.00224879
0.00225269
0.00225656
0.00226042
0.00226428
0.00226814
0.00227201
0.0022759
0.00227982
0.00228378
0.00228778
0.00229183
0.00229594
0.00230011
0.00230435
0.00230866
0.00231305
0.00231753
0.00232209
0.00232673
0.00233148
0.00233631
0.00234124
0.00234626
0.00235138
0.00235659
0.00236189
0.00236728
0.00237275
0.0023783
0.00238391
0.00238959
0.00239532
0.00240108
0.00240687
0.00241267
0.00241847
0.00242424
0.00242997
0.00243563
0.00244121
0.00244669
0.00245201
0.00245727
0.00246286
0.00246573
0.00197374
0.00198986
0.00200509
0.0020195
0.00203311
0.00204598
0.00205814
0.00206965
0.00208054
0.00209086
0.00210064
0.00210992
0.00211873
0.00212711
0.00213509
0.00214269
0.00214995
0.00215688
0.00216351
0.00216987
0.00217597
0.00218184
0.00218749
0.00219294
0.00219821
0.00220332
0.00220827
0.0022131
0.0022178
0.0022224
0.00222691
0.00223134
0.0022357
0.00224001
0.00224427
0.00224851
0.00225272
0.00225692
0.00226111
0.00226532
0.00226954
0.00227378
0.00227806
0.00228238
0.00228674
0.00229116
0.00229565
0.0023002
0.00230482
0.00230952
0.00231431
0.00231918
0.00232414
0.0023292
0.00233435
0.0023396
0.00234495
0.00235039
0.00235593
0.00236156
0.00236728
0.00237308
0.00237896
0.00238492
0.00239093
0.002397
0.00240311
0.00240924
0.00241538
0.00242152
0.00242763
0.00243369
0.00243968
0.00244558
0.00245137
0.002457
0.00246246
0.00246778
0.00247326
0.0024766
0.001956
0.0019725
0.00198814
0.00200297
0.00201703
0.00203035
0.00204299
0.00205497
0.00206634
0.00207713
0.00208738
0.00209713
0.0021064
0.00211524
0.00212366
0.00213169
0.00213937
0.00214672
0.00215375
0.00216051
0.002167
0.00217324
0.00217926
0.00218508
0.00219071
0.00219618
0.00220149
0.00220666
0.00221171
0.00221666
0.00222151
0.00222629
0.002231
0.00223565
0.00224026
0.00224485
0.00224941
0.00225397
0.00225852
0.00226309
0.00226768
0.0022723
0.00227695
0.00228165
0.00228641
0.00229122
0.0022961
0.00230106
0.00230609
0.00231121
0.00231641
0.00232171
0.0023271
0.00233259
0.00233818
0.00234387
0.00234966
0.00235555
0.00236153
0.0023676
0.00237376
0.00238001
0.00238632
0.0023927
0.00239913
0.00240561
0.00241211
0.00241862
0.00242512
0.00243159
0.00243802
0.00244437
0.00245063
0.00245675
0.00246273
0.00246852
0.00247409
0.00247946
0.00248484
0.00248852
0.00193867
0.00195557
0.00197164
0.00198691
0.00200141
0.0020152
0.0020283
0.00204074
0.00205258
0.00206383
0.00207455
0.00208475
0.00209447
0.00210374
0.00211259
0.00212105
0.00212914
0.0021369
0.00214433
0.00215148
0.00215836
0.00216498
0.00217138
0.00217757
0.00218357
0.0021894
0.00219507
0.00220061
0.00220602
0.00221133
0.00221654
0.00222168
0.00222675
0.00223177
0.00223675
0.00224171
0.00224665
0.00225158
0.00225652
0.00226147
0.00226646
0.00227147
0.00227653
0.00228164
0.00228681
0.00229205
0.00229735
0.00230274
0.00230822
0.00231378
0.00231943
0.00232518
0.00233104
0.00233699
0.00234304
0.0023492
0.00235546
0.00236181
0.00236827
0.00237481
0.00238143
0.00238813
0.0023949
0.00240172
0.00240859
0.00241548
0.00242239
0.00242928
0.00243615
0.00244297
0.00244971
0.00245635
0.00246286
0.00246921
0.00247536
0.00248129
0.00248695
0.00249235
0.00249763
0.00250152
0.0019215
0.00193884
0.00195535
0.00197107
0.00198603
0.00200028
0.00201385
0.00202676
0.00203906
0.00205078
0.00206195
0.0020726
0.00208276
0.00209247
0.00210176
0.00211064
0.00211916
0.00212732
0.00213517
0.00214271
0.00214999
0.002157
0.00216379
0.00217037
0.00217675
0.00218296
0.00218901
0.00219493
0.00220072
0.00220641
0.002212
0.00221752
0.00222298
0.00222839
0.00223376
0.00223911
0.00224445
0.00224979
0.00225514
0.00226051
0.00226592
0.00227136
0.00227685
0.0022824
0.00228802
0.00229371
0.00229947
0.00230533
0.00231127
0.00231731
0.00232344
0.00232968
0.00233603
0.00234247
0.00234902
0.00235568
0.00236244
0.00236929
0.00237624
0.00238327
0.00239039
0.00239757
0.00240481
0.00241209
0.00241941
0.00242673
0.00243405
0.00244134
0.00244858
0.00245574
0.00246279
0.00246971
0.00247646
0.00248301
0.00248933
0.00249537
0.0025011
0.0025065
0.00251167
0.00251568
0.00190435
0.00192213
0.00193911
0.0019553
0.00197074
0.00198546
0.0019995
0.00201289
0.00202566
0.00203784
0.00204947
0.00206059
0.0020712
0.00208136
0.00209109
0.00210041
0.00210935
0.00211794
0.00212621
0.00213417
0.00214185
0.00214928
0.00215647
0.00216345
0.00217024
0.00217685
0.00218331
0.00218962
0.00219582
0.00220191
0.00220792
0.00221385
0.00221972
0.00222554
0.00223134
0.00223712
0.00224289
0.00224866
0.00225445
0.00226027
0.00226613
0.00227204
0.002278
0.00228402
0.00229012
0.00229629
0.00230256
0.00230891
0.00231536
0.00232191
0.00232856
0.00233532
0.00234219
0.00234916
0.00235624
0.00236343
0.00237071
0.00237809
0.00238557
0.00239312
0.00240075
0.00240843
0.00241616
0.00242393
0.0024317
0.00243947
0.00244721
0.0024549
0.00246251
0.00247001
0.00247737
0.00248456
0.00249154
0.00249828
0.00250473
0.00251086
0.00251662
0.002522
0.00252704
0.00253107
0.00188713
0.00190539
0.00192284
0.00193952
0.00195544
0.00197065
0.00198518
0.00199905
0.00201231
0.00202497
0.00203708
0.00204866
0.00205975
0.00207037
0.00208055
0.00209033
0.00209972
0.00210875
0.00211746
0.00212585
0.00213397
0.00214183
0.00214945
0.00215686
0.00216407
0.00217111
0.002178
0.00218475
0.00219137
0.0021979
0.00220434
0.00221071
0.00221703
0.00222331
0.00222956
0.00223579
0.00224203
0.00224828
0.00225455
0.00226085
0.0022672
0.0022736
0.00228007
0.00228661
0.00229322
0.00229992
0.00230672
0.00231361
0.0023206
0.0023277
0.00233491
0.00234223
0.00234965
0.00235719
0.00236483
0.00237258
0.00238043
0.00238837
0.0023964
0.0024045
0.00241266
0.00242087
0.00242911
0.00243737
0.00244562
0.00245385
0.00246202
0.0024701
0.00247808
0.00248592
0.00249357
0.00250102
0.00250821
0.00251511
0.00252167
0.00252786
0.00253363
0.00253895
0.00254383
0.0025478
0.00186985
0.00188859
0.00190654
0.00192371
0.00194014
0.00195585
0.00197088
0.00198525
0.00199901
0.00201217
0.00202477
0.00203684
0.00204841
0.00205951
0.00207017
0.00208042
0.00209028
0.00209978
0.00210895
0.00211781
0.00212638
0.0021347
0.00214278
0.00215064
0.00215831
0.00216581
0.00217316
0.00218037
0.00218746
0.00219445
0.00220137
0.00220822
0.00221501
0.00222178
0.00222852
0.00223525
0.00224199
0.00224875
0.00225554
0.00226237
0.00226925
0.00227619
0.00228321
0.0022903
0.00229747
0.00230474
0.00231211
0.00231958
0.00232716
0.00233485
0.00234265
0.00235056
0.00235859
0.00236673
0.00237497
0.00238332
0.00239176
0.00240029
0.0024089
0.00241757
0.0024263
0.00243505
0.00244383
0.00245259
0.00246133
0.00247002
0.00247862
0.00248711
0.00249545
0.00250361
0.00251155
0.00251923
0.00252661
0.00253365
0.0025403
0.00254651
0.00255225
0.00255746
0.00256216
0.00256598
0.00185254
0.00187178
0.00189023
0.00190791
0.00192485
0.00194108
0.00195663
0.00197152
0.00198579
0.00199947
0.00201258
0.00202516
0.00203724
0.00204884
0.00206
0.00207074
0.0020811
0.00209109
0.00210075
0.0021101
0.00211916
0.00212797
0.00213654
0.00214489
0.00215305
0.00216104
0.00216888
0.00217659
0.00218418
0.00219169
0.00219911
0.00220647
0.00221379
0.00222108
0.00222835
0.00223563
0.00224292
0.00225023
0.00225758
0.00226498
0.00227243
0.00227996
0.00228756
0.00229525
0.00230303
0.00231092
0.0023189
0.002327
0.00233521
0.00234353
0.00235197
0.00236052
0.00236919
0.00237797
0.00238685
0.00239583
0.0024049
0.00241405
0.00242327
0.00243254
0.00244185
0.00245118
0.0024605
0.00246979
0.00247902
0.00248818
0.00249721
0.0025061
0.0025148
0.00252327
0.00253148
0.00253938
0.00254693
0.00255407
0.00256077
0.00256698
0.00257263
0.00257771
0.00258218
0.00258579
0.00183531
0.00185505
0.00187401
0.00189222
0.00190968
0.00192644
0.00194252
0.00195795
0.00197275
0.00198696
0.0020006
0.00201371
0.00202632
0.00203845
0.00205013
0.0020614
0.00207228
0.00208279
0.00209297
0.00210284
0.00211243
0.00212175
0.00213085
0.00213972
0.00214841
0.00215693
0.00216531
0.00217355
0.00218169
0.00218973
0.00219771
0.00220563
0.00221351
0.00222137
0.00222923
0.00223708
0.00224496
0.00225288
0.00226084
0.00226885
0.00227693
0.00228509
0.00229333
0.00230167
0.00231011
0.00231865
0.0023273
0.00233607
0.00234495
0.00235396
0.00236308
0.00237232
0.00238167
0.00239112
0.00240068
0.00241034
0.00242007
0.00242988
0.00243974
0.00244964
0.00245955
0.00246947
0.00247935
0.00248918
0.00249892
0.00250854
0.00251801
0.00252729
0.00253634
0.00254511
0.00255357
0.00256167
0.00256935
0.00257657
0.00258329
0.00258944
0.00259499
0.00259988
0.00260409
0.00260742
0.00181829
0.00183855
0.00185803
0.00187676
0.00189476
0.00191206
0.00192869
0.00194466
0.00196001
0.00197477
0.00198897
0.00200263
0.00201579
0.00202847
0.00204071
0.00205253
0.00206396
0.00207502
0.00208576
0.00209618
0.00210632
0.00211621
0.00212586
0.0021353
0.00214455
0.00215364
0.00216259
0.00217142
0.00218014
0.00218878
0.00219735
0.00220587
0.00221437
0.00222285
0.00223132
0.00223982
0.00224834
0.00225691
0.00226552
0.00227421
0.00228296
0.00229181
0.00230074
0.00230978
0.00231892
0.00232817
0.00233755
0.00234704
0.00235665
0.00236638
0.00237623
0.0023862
0.00239628
0.00240646
0.00241674
0.0024271
0.00243754
0.00244803
0.00245856
0.00246911
0.00247966
0.00249018
0.00250064
0.00251101
0.00252127
0.00253136
0.00254126
0.00255093
0.00256031
0.00256937
0.00257806
0.00258632
0.00259412
0.00260139
0.00260808
0.00261415
0.00261954
0.00262421
0.00262811
0.0026311
0.00180169
0.00182245
0.00184246
0.00186172
0.00188027
0.00189812
0.0019153
0.00193183
0.00194775
0.00196308
0.00197785
0.00199209
0.00200582
0.00201908
0.0020319
0.0020443
0.00205631
0.00206796
0.00207928
0.0020903
0.00210103
0.00211151
0.00212176
0.00213181
0.00214167
0.00215137
0.00216094
0.00217039
0.00217974
0.00218902
0.00219824
0.00220742
0.00221657
0.00222572
0.00223488
0.00224406
0.00225328
0.00226255
0.00227188
0.00228129
0.00229078
0.00230036
0.00231005
0.00231984
0.00232974
0.00233977
0.00234991
0.00236018
0.00237057
0.00238108
0.00239171
0.00240246
0.00241331
0.00242426
0.0024353
0.00244642
0.00245759
0.0024688
0.00248003
0.00249126
0.00250246
0.00251361
0.00252466
0.00253559
0.00254636
0.00255693
0.00256726
0.0025773
0.002587
0.00259633
0.00260523
0.00261364
0.00262151
0.0026288
0.00263544
0.00264139
0.00264659
0.00265099
0.00265454
0.00265715
0.00178575
0.00180701
0.00182754
0.00184734
0.00186643
0.00188483
0.00190258
0.00191969
0.00193619
0.00195211
0.00196747
0.0019823
0.00199663
0.0020105
0.00202392
0.00203693
0.00204956
0.00206183
0.00207377
0.00208541
0.00209678
0.00210789
0.00211878
0.00212948
0.00213999
0.00215036
0.00216059
0.00217071
0.00218075
0.00219072
0.00220063
0.00221052
0.00222039
0.00223027
0.00224016
0.00225009
0.00226007
0.0022701
0.00228021
0.0022904
0.00230068
0.00231106
0.00232155
0.00233216
0.00234289
0.00235374
0.00236471
0.00237581
0.00238704
0.00239839
0.00240985
0.00242143
0.0024331
0.00244487
0.00245671
0.00246862
0.00248056
0.00249253
0.00250449
0.00251643
0.0025283
0.00254009
0.00255175
0.00256324
0.00257453
0.00258557
0.00259632
0.00260673
0.00261675
0.00262633
0.00263541
0.00264394
0.00265187
0.00265914
0.0026657
0.0026715
0.00267647
0.00268056
0.00268374
0.00268591
0.00177075
0.00179251
0.00181355
0.00183388
0.00185352
0.00187249
0.0018908
0.0019085
0.00192559
0.00194211
0.00195808
0.00197353
0.00198848
0.00200298
0.00201704
0.00203069
0.00204396
0.00205689
0.00206949
0.00208179
0.00209383
0.00210562
0.0021172
0.00212858
0.0021398
0.00215088
0.00216183
0.00217268
0.00218345
0.00219416
0.00220484
0.00221549
0.00222614
0.0022368
0.00224749
0.00225823
0.00226902
0.00227988
0.00229083
0.00230186
0.002313
0.00232425
0.00233561
0.0023471
0.00235871
0.00237045
0.00238232
0.00239432
0.00240644
0.00241868
0.00243103
0.00244349
0.00245604
0.00246867
0.00248136
0.0024941
0.00250686
0.00251961
0.00253234
0.002545
0.00255757
0.00257002
0.00258229
0.00259436
0.00260617
0.00261769
0.00262886
0.00263962
0.00264994
0.00265975
0.002669
0.00267764
0.0026856
0.00269283
0.00269928
0.00270489
0.0027096
0.00271337
0.00271614
0.00271783
0.00175706
0.0017793
0.00180084
0.00182169
0.00184187
0.0018614
0.0018803
0.00189858
0.00191628
0.00193341
0.00195
0.00196609
0.00198169
0.00199684
0.00201156
0.00202588
0.00203984
0.00205345
0.00206675
0.00207976
0.00209251
0.00210502
0.00211733
0.00212946
0.00214143
0.00215326
0.00216499
0.00217662
0.00218819
0.0021997
0.0022112
0.00222268
0.00223416
0.00224568
0.00225723
0.00226884
0.00228052
0.00229228
0.00230413
0.00231608
0.00232815
0.00234033
0.00235264
0.00236507
0.00237764
0.00239033
0.00240316
0.00241612
0.0024292
0.00244239
0.00245569
0.00246909
0.00248257
0.00249611
0.0025097
0.00252331
0.00253692
0.0025505
0.00256402
0.00257744
0.00259073
0.00260385
0.00261676
0.00262941
0.00264175
0.00265374
0.00266532
0.00267644
0.00268704
0.00269708
0.00270648
0.0027152
0.00272318
0.00273036
0.00273668
0.00274208
0.00274652
0.00274993
0.00275227
0.00275346
0.00174507
0.00176777
0.0017898
0.00181117
0.00183189
0.00185198
0.00187145
0.00189033
0.00190863
0.00192639
0.00194363
0.00196036
0.00197663
0.00199246
0.00200787
0.00202289
0.00203756
0.0020519
0.00206593
0.00207969
0.00209319
0.00210648
0.00211957
0.00213249
0.00214527
0.00215792
0.00217047
0.00218295
0.00219537
0.00220776
0.00222013
0.00223251
0.0022449
0.00225734
0.00226983
0.00228238
0.00229502
0.00230775
0.00232058
0.00233353
0.00234659
0.00235978
0.00237311
0.00238656
0.00240015
0.00241388
0.00242774
0.00244172
0.00245583
0.00247004
0.00248435
0.00249875
0.00251321
0.00252772
0.00254225
0.00255678
0.00257128
0.00258572
0.00260006
0.00261427
0.00262831
0.00264212
0.00265568
0.00266892
0.0026818
0.00269426
0.00270626
0.00271773
0.00272862
0.00273888
0.00274843
0.00275723
0.00276521
0.00277233
0.00277851
0.0027837
0.00278784
0.00279089
0.00279277
0.00279343
0.00173528
0.00175842
0.00178092
0.00180279
0.00182404
0.00184467
0.00186472
0.00188419
0.00190312
0.00192151
0.0019394
0.00195681
0.00197376
0.00199029
0.00200642
0.00202217
0.00203759
0.00205268
0.00206749
0.00208204
0.00209635
0.00211046
0.00212438
0.00213815
0.00215179
0.00216532
0.00217876
0.00219215
0.00220549
0.00221882
0.00223214
0.00224548
0.00225886
0.0022723
0.0022858
0.00229938
0.00231305
0.00232683
0.00234072
0.00235474
0.00236889
0.00238317
0.00239759
0.00241215
0.00242684
0.00244167
0.00245664
0.00247172
0.00248692
0.00250222
0.00251761
0.00253307
0.00254857
0.0025641
0.00257963
0.00259513
0.00261057
0.00262591
0.00264111
0.00265613
0.00267094
0.00268547
0.00269969
0.00271354
0.00272697
0.00273993
0.00275235
0.00276418
0.00277536
0.00278584
0.00279555
0.00280443
0.00281243
0.00281948
0.00282552
0.0028305
0.00283435
0.00283702
0.00283845
0.00283856
0.00172827
0.00175182
0.00177477
0.00179712
0.00181887
0.00184005
0.00186067
0.00188073
0.00190027
0.00191931
0.00193786
0.00195595
0.00197361
0.00199087
0.00200774
0.00202426
0.00204045
0.00205635
0.00207197
0.00208736
0.00210252
0.0021175
0.00213231
0.00214699
0.00216155
0.00217602
0.00219043
0.00220479
0.00221913
0.00223347
0.00224782
0.00226221
0.00227665
0.00229116
0.00230576
0.00232045
0.00233525
0.00235016
0.0023652
0.00238038
0.0023957
0.00241116
0.00242676
0.0024425
0.00245839
0.00247441
0.00249056
0.00250682
0.0025232
0.00253966
0.00255619
0.00257278
0.00258939
0.002606
0.00262258
0.0026391
0.00265552
0.0026718
0.0026879
0.00270378
0.00271939
0.00273467
0.00274958
0.00276407
0.00277807
0.00279153
0.0028044
0.00281661
0.00282811
0.00283882
0.00284871
0.00285769
0.00286572
0.00287273
0.00287865
0.00288344
0.00288701
0.00288931
0.00289028
0.00288983
0.00172472
0.00174865
0.00177202
0.00179482
0.00181707
0.00183878
0.00185995
0.00188061
0.00190077
0.00192045
0.00193967
0.00195846
0.00197685
0.00199485
0.00201249
0.00202981
0.00204682
0.00206355
0.00208004
0.0020963
0.00211238
0.00212828
0.00214404
0.00215968
0.00217524
0.00219072
0.00220616
0.00222157
0.00223699
0.00225242
0.00226789
0.00228341
0.002299
0.00231468
0.00233046
0.00234636
0.00236237
0.00237852
0.00239481
0.00241124
0.00242782
0.00244455
0.00246143
0.00247845
0.00249562
0.00251292
0.00253034
0.00254787
0.0025655
0.0025832
0.00260096
0.00261874
0.00263653
0.00265429
0.00267198
0.00268958
0.00270704
0.00272431
0.00274136
0.00275813
0.00277458
0.00279066
0.0028063
0.00282145
0.00283606
0.00285007
0.00286342
0.00287605
0.00288789
0.0028989
0.00290899
0.00291812
0.00292622
0.00293322
0.00293907
0.00294369
0.002947
0.00294896
0.00294946
0.00294844
0.00172546
0.00174973
0.00177348
0.00179672
0.00181944
0.00184166
0.00186338
0.00188462
0.00190539
0.00192572
0.00194563
0.00196513
0.00198426
0.00200303
0.00202147
0.00203961
0.00205748
0.0020751
0.00209249
0.00210969
0.00212673
0.00214362
0.00216039
0.00217707
0.00219369
0.00221026
0.00222681
0.00224337
0.00225994
0.00227655
0.00229323
0.00230998
0.00232682
0.00234377
0.00236083
0.00237803
0.00239537
0.00241285
0.00243048
0.00244828
0.00246622
0.00248433
0.00250259
0.002521
0.00253954
0.00255822
0.00257701
0.0025959
0.00261487
0.0026339
0.00265296
0.00267203
0.00269107
0.00271004
0.00272892
0.00274766
0.00276622
0.00278455
0.0028026
0.00282033
0.00283768
0.00285459
0.00287102
0.0028869
0.00290218
0.00291679
0.00293068
0.00294379
0.00295605
0.0029674
0.00297777
0.00298711
0.00299535
0.00300241
0.00300822
0.00301272
0.00301582
0.00301744
0.0030175
0.0030159
0.0017315
0.00175607
0.00178018
0.00180381
0.00182698
0.00184969
0.00187194
0.00189375
0.00191514
0.00193612
0.00195672
0.00197694
0.00199683
0.0020164
0.00203567
0.00205467
0.00207344
0.00209198
0.00211034
0.00212853
0.00214659
0.00216453
0.00218239
0.00220019
0.00221795
0.00223569
0.00225345
0.00227123
0.00228906
0.00230695
0.00232493
0.00234302
0.00236121
0.00237954
0.002398
0.00241662
0.00243539
0.00245432
0.00247342
0.00249269
0.00251212
0.00253171
0.00255147
0.00257137
0.0025914
0.00261156
0.00263183
0.00265218
0.0026726
0.00269305
0.00271351
0.00273394
0.00275432
0.0027746
0.00279474
0.00281471
0.00283444
0.0028539
0.00287303
0.00289179
0.00291011
0.00292795
0.00294524
0.00296193
0.00297796
0.00299327
0.00300779
0.00302147
0.00303424
0.00304603
0.00305679
0.00306643
0.00307489
0.00308209
0.00308796
0.0030924
0.00309533
0.00309666
0.00309628
0.00309409
0.0017441
0.00176893
0.00179335
0.00181735
0.00184093
0.0018641
0.00188687
0.00190925
0.00193124
0.00195288
0.00197417
0.00199514
0.0020158
0.00203619
0.00205633
0.00207623
0.00209594
0.00211546
0.00213484
0.00215409
0.00217324
0.00219231
0.00221134
0.00223033
0.00224933
0.00226834
0.00228739
0.00230651
0.0023257
0.00234499
0.0023644
0.00238393
0.0024036
0.00242343
0.00244342
0.00246358
0.00248391
0.00250442
0.00252511
0.00254598
0.00256702
0.00258824
0.00260961
0.00263112
0.00265277
0.00267453
0.00269639
0.00271832
0.00274029
0.00276227
0.00278424
0.00280615
0.00282797
0.00284965
0.00287116
0.00289244
0.00291346
0.00293415
0.00295446
0.00297435
0.00299376
0.00301263
0.0030309
0.00304852
0.00306542
0.00308155
0.00309684
0.00311122
0.00312463
0.00313701
0.00314827
0.00315835
0.00316716
0.00317461
0.00318062
0.00318509
0.00318791
0.00318898
0.00318817
0.00318537
0.00176488
0.00178991
0.00181459
0.00183892
0.00186288
0.00188649
0.00190976
0.00193268
0.00195528
0.00197757
0.00199957
0.00202129
0.00204276
0.00206401
0.00208505
0.0021059
0.0021266
0.00214717
0.00216763
0.00218801
0.00220833
0.00222862
0.0022489
0.00226919
0.00228953
0.00230992
0.00233039
0.00235095
0.00237163
0.00239245
0.0024134
0.00243452
0.00245581
0.00247728
0.00249893
0.00252077
0.00254281
0.00256505
0.00258748
0.00261009
0.00263289
0.00265586
0.00267899
0.00270227
0.00272566
0.00274917
0.00277275
0.00279638
0.00282004
0.00284369
0.00286728
0.00289079
0.00291418
0.00293739
0.00296039
0.00298313
0.00300555
0.0030276
0.00304924
0.00307041
0.00309105
0.00311111
0.00313052
0.00314923
0.00316719
0.00318431
0.00320055
0.00321582
0.00323007
0.0032432
0.00325515
0.00326582
0.00327513
0.00328298
0.00328925
0.00329384
0.00329662
0.00329747
0.00329624
0.0032928
0.00179596
0.00182113
0.00184601
0.00187062
0.00189493
0.00191895
0.00194268
0.00196614
0.00198934
0.00201229
0.00203501
0.00205751
0.00207982
0.00210195
0.00212394
0.0021458
0.00216755
0.00218923
0.00221086
0.00223246
0.00225404
0.00227565
0.0022973
0.00231901
0.0023408
0.0023627
0.00238472
0.00240688
0.00242919
0.00245167
0.00247434
0.00249719
0.00252025
0.00254352
0.002567
0.00259069
0.00261461
0.00263873
0.00266306
0.00268759
0.00271231
0.0027372
0.00276225
0.00278744
0.00281275
0.00283815
0.00286361
0.00288911
0.00291461
0.00294007
0.00296545
0.00299072
0.00301583
0.00304074
0.00306539
0.00308975
0.00311376
0.00313737
0.00316052
0.00318317
0.00320525
0.00322672
0.0032475
0.00326754
0.00328678
0.00330515
0.00332258
0.00333898
0.00335429
0.00336842
0.00338128
0.00339275
0.00340275
0.00341115
0.00341782
0.00342264
0.00342546
0.00342613
0.00342448
0.00342035
0.00184019
0.00186542
0.00189045
0.00191527
0.00193988
0.00196428
0.00198846
0.00201245
0.00203624
0.00205986
0.00208331
0.00210662
0.00212981
0.00215288
0.00217588
0.00219881
0.00222171
0.00224459
0.00226748
0.0022904
0.00231337
0.00233642
0.00235957
0.00238283
0.00240623
0.00242979
0.00245352
0.00247743
0.00250155
0.00252587
0.00255042
0.0025752
0.00260022
0.00262547
0.00265097
0.00267671
0.00270268
0.00272888
0.00275531
0.00278194
0.00280877
0.00283578
0.00286294
0.00289024
0.00291764
0.00294513
0.00297266
0.00300021
0.00302774
0.00305521
0.00308258
0.00310982
0.00313686
0.00316368
0.00319022
0.00321644
0.00324228
0.0032677
0.00329263
0.00331704
0.00334086
0.00336403
0.00338649
0.00340817
0.00342901
0.00344894
0.00346787
0.00348572
0.0035024
0.0035178
0.00353183
0.00354436
0.00355526
0.0035644
0.00357163
0.0035768
0.00357973
0.00358025
0.00357817
0.00357329
0.00190156
0.00192676
0.00195186
0.00197684
0.0020017
0.00202644
0.00205105
0.00207556
0.00209995
0.00212425
0.00214847
0.00217263
0.00219674
0.00222083
0.00224492
0.00226902
0.00229316
0.00231736
0.00234163
0.00236602
0.00239052
0.00241517
0.00243998
0.00246497
0.00249016
0.00251557
0.0025412
0.00256707
0.0025932
0.00261958
0.00264623
0.00267315
0.00270034
0.00272781
0.00275555
0.00278356
0.00281182
0.00284033
0.00286908
0.00289805
0.00292721
0.00295656
0.00298607
0.0030157
0.00304544
0.00307524
0.00310509
0.00313494
0.00316475
0.00319449
0.00322412
0.00325359
0.00328286
0.00331189
0.00334063
0.00336903
0.00339705
0.00342462
0.00345171
0.00347826
0.0035042
0.00352947
0.00355401
0.00357774
0.0036006
0.00362248
0.00364331
0.00366298
0.00368138
0.0036984
0.00371391
0.00372777
0.00373982
0.00374991
0.00375787
0.0037635
0.00376662
0.00376703
0.0037645
0.00375881
0.00198589
0.00201096
0.00203604
0.00206111
0.00208617
0.00211121
0.00213623
0.00216125
0.00218626
0.00221128
0.00223632
0.0022614
0.00228653
0.00231172
0.00233701
0.00236241
0.00238793
0.0024136
0.00243944
0.00246546
0.00249169
0.00251814
0.00254483
0.00257178
0.00259899
0.00262648
0.00265426
0.00268235
0.00271074
0.00273944
0.00276846
0.00279779
0.00282744
0.00285739
0.00288765
0.0029182
0.00294904
0.00298014
0.00301149
0.00304307
0.00307486
0.00310684
0.00313898
0.00317124
0.00320361
0.00323605
0.00326852
0.00330099
0.00333343
0.00336579
0.00339804
0.00343013
0.00346202
0.00349368
0.00352505
0.00355609
0.00358675
0.00361697
0.0036467
0.00367589
0.00370446
0.00373235
0.00375949
0.00378578
0.00381113
0.00383546
0.00385865
0.00388058
0.00390112
0.00392014
0.00393747
0.00395296
0.00396643
0.00397769
0.00398654
0.00399277
0.00399615
0.00399646
0.00399345
0.00398687
0.00210204
0.00212686
0.00215182
0.00217691
0.00220212
0.00222745
0.00225288
0.00227844
0.00230411
0.00232992
0.00235587
0.00238197
0.00240825
0.00243471
0.00246137
0.00248824
0.00251536
0.00254272
0.00257036
0.00259828
0.00262649
0.00265502
0.00268388
0.00271307
0.00274261
0.00277251
0.00280277
0.00283339
0.00286438
0.00289574
0.00292747
0.00295956
0.00299201
0.0030248
0.00305793
0.00309138
0.00312514
0.00315919
0.00319351
0.00322807
0.00326286
0.00329785
0.003333
0.0033683
0.00340371
0.0034392
0.00347474
0.0035103
0.00354583
0.0035813
0.00361668
0.00365193
0.003687
0.00372186
0.00375645
0.00379073
0.00382465
0.00385814
0.00389115
0.00392361
0.00395545
0.00398658
0.00401692
0.00404636
0.00407479
0.0041021
0.00412816
0.00415283
0.00417594
0.00419735
0.00421686
0.00423428
0.00424942
0.00426206
0.00427196
0.0042789
0.00428261
0.00428284
0.00427932
0.00427176
0.00226423
0.00228871
0.0023135
0.00233858
0.00236394
0.00238958
0.00241549
0.00244167
0.00246813
0.00249487
0.0025219
0.00254923
0.00257688
0.00260485
0.00263315
0.00266181
0.00269083
0.00272022
0.00275001
0.00278019
0.00281078
0.00284178
0.00287322
0.00290508
0.00293738
0.00297011
0.00300329
0.0030369
0.00307095
0.00310542
0.00314032
0.00317563
0.00321134
0.00324744
0.00328391
0.00332074
0.00335791
0.0033954
0.00343318
0.00347123
0.00350954
0.00354806
0.00358679
0.00362568
0.00366471
0.00370386
0.00374308
0.00378236
0.00382165
0.00386092
0.00390014
0.00393926
0.00397825
0.00401705
0.00405562
0.0040939
0.00413184
0.00416936
0.00420639
0.00424286
0.00427867
0.00431372
0.00434791
0.00438111
0.0044132
0.00444402
0.00447344
0.00450128
0.00452736
0.00455149
0.00457347
0.00459308
0.00461009
0.00462426
0.00463534
0.00464306
0.00464715
0.0046473
0.00464324
0.00463464
0.00249694
0.00252118
0.00254591
0.00257113
0.00259681
0.00262297
0.00264958
0.00267666
0.0027042
0.00273221
0.0027607
0.00278966
0.00281911
0.00284905
0.00287948
0.00291043
0.00294189
0.00297387
0.00300637
0.00303941
0.00307297
0.00310707
0.0031417
0.00317687
0.00321257
0.00324879
0.00328554
0.00332279
0.00336055
0.0033988
0.00343754
0.00347673
0.00351638
0.00355646
0.00359696
0.00363786
0.00367913
0.00372075
0.00376271
0.00380499
0.00384755
0.00389038
0.00393344
0.00397672
0.00402019
0.00406382
0.00410757
0.00415143
0.00419534
0.00423929
0.00428322
0.00432709
0.00437086
0.00441446
0.00445785
0.00450095
0.00454369
0.00458598
0.00462774
0.00466887
0.00470926
0.00474878
0.00478732
0.00482472
0.00486084
0.00489551
0.00492856
0.00495979
0.00498901
0.005016
0.00504054
0.0050624
0.00508132
0.00509704
0.0051093
0.0051178
0.00512225
0.00512234
0.00511774
0.00510814
0.00284613
0.00287096
0.00289644
0.00292259
0.00294941
0.00297689
0.00300504
0.00303387
0.00306337
0.00309355
0.00312441
0.00315594
0.00318816
0.00322105
0.00325463
0.00328889
0.00332383
0.00335944
0.00339573
0.00343268
0.00347029
0.00350855
0.00354746
0.003587
0.00362716
0.00366794
0.0037093
0.00375125
0.00379376
0.00383683
0.00388042
0.00392452
0.00396912
0.0040142
0.00405972
0.00410569
0.00415206
0.00419883
0.00424597
0.00429346
0.00434127
0.00438938
0.00443777
0.00448641
0.00453526
0.0045843
0.0046335
0.00468281
0.00473219
0.0047816
0.00483099
0.0048803
0.00492946
0.00497842
0.0050271
0.00507541
0.00512326
0.00517055
0.00521718
0.00526303
0.00530797
0.00535186
0.00539456
0.00543592
0.00547576
0.00551391
0.00555018
0.00558437
0.00561627
0.00564567
0.00567232
0.00569599
0.00571643
0.00573336
0.00574651
0.0057556
0.0057603
0.00576032
0.00575531
0.00574494
0.00340931
0.00343866
0.00346864
0.00349928
0.00353064
0.00356274
0.00359561
0.00362926
0.00366372
0.00369899
0.00373508
0.00377199
0.00380971
0.00384825
0.00388758
0.00392772
0.00396864
0.00401032
0.00405276
0.00409593
0.00413983
0.00418442
0.00422968
0.00427561
0.00432217
0.00436934
0.00441711
0.00446544
0.00451432
0.00456372
0.00461362
0.004664
0.00471483
0.00476609
0.00481776
0.00486981
0.00492223
0.00497497
0.00502803
0.00508137
0.00513496
0.00518878
0.00524278
0.00529694
0.00535122
0.00540557
0.00545995
0.00551431
0.00556861
0.00562277
0.00567674
0.00573045
0.00578382
0.00583678
0.00588924
0.00594111
0.00599228
0.00604265
0.0060921
0.00614053
0.0061878
0.00623376
0.00627829
0.00632123
0.00636243
0.00640171
0.00643889
0.00647381
0.00650626
0.00653604
0.00656295
0.00658675
0.00660723
0.00662413
0.00663721
0.00664619
0.0066508
0.00665074
0.00664569
0.00663532
0.00443815
0.00449285
0.0045473
0.00460156
0.00465567
0.00470968
0.00476362
0.00481753
0.00487143
0.00492533
0.00497926
0.00503322
0.00508724
0.0051413
0.00519543
0.00524962
0.00530387
0.00535818
0.00541256
0.00546699
0.00552148
0.00557602
0.0056306
0.00568522
0.00573988
0.00579456
0.00584925
0.00590395
0.00595865
0.00601334
0.00606801
0.00612264
0.00617722
0.00623175
0.0062862
0.00634056
0.00639482
0.00644894
0.00650292
0.00655672
0.00661033
0.00666371
0.00671684
0.00676969
0.00682222
0.00687438
0.00692616
0.00697749
0.00702834
0.00707866
0.00712839
0.00717747
0.00722586
0.00727349
0.00732029
0.0073662
0.00741114
0.00745503
0.0074978
0.00753937
0.00757965
0.00761853
0.00765594
0.00769177
0.00772591
0.00775826
0.0077887
0.0078171
0.00784335
0.00786732
0.00788885
0.00790781
0.00792403
0.00793736
0.00794761
0.00795461
0.00795814
0.00795799
0.00795393
0.00794571
2.56833e-05
2.64266e-05
2.68191e-05
2.84076e-05
2.90424e-05
2.93518e-05
2.95688e-05
2.93958e-05
2.91089e-05
2.85026e-05
2.77287e-05
2.67973e-05
2.57707e-05
2.46545e-05
2.34113e-05
2.21769e-05
2.09582e-05
1.98273e-05
1.88406e-05
1.80415e-05
1.72509e-05
1.67482e-05
1.67058e-05
1.73976e-05
1.77435e-05
1.8157e-05
1.85986e-05
1.91456e-05
1.98814e-05
2.09218e-05
2.193e-05
2.33514e-05
2.5841e-05
2.9289e-05
3.40177e-05
4.06283e-05
5.3307e-05
7.64857e-05
0.000107619
0.000183065
0.000806277
0.000831109
0.000843453
0.00089339
0.000913319
0.000923016
0.000929801
0.000924319
0.000915256
0.000896149
0.000871773
0.000842443
0.00081012
0.000774986
0.000735877
0.000697076
0.000658808
0.00062334
0.000592436
0.000567452
0.000542723
0.000527017
0.000525762
0.000547614
0.000558592
0.000571694
0.000585665
0.000602927
0.0006261
0.000658828
0.000690511
0.000735203
0.000813507
0.000921994
0.0010708
0.00127883
0.0016779
0.00240747
0.00338724
0.00576198
0.00660438
0.00681871
0.00691997
0.00732953
0.00749261
0.00757199
0.00762717
0.0075819
0.0075072
0.00735008
0.00714988
0.0069089
0.00664346
0.00635497
0.00603406
0.00571593
0.0054025
0.00511238
0.00485987
0.00465618
0.00445441
0.00432646
0.0043168
0.00449687
0.00458777
0.00469609
0.00481141
0.00495352
0.0051439
0.00541248
0.00567218
0.00603874
0.00668116
0.00757152
0.00879293
0.0105003
0.0137762
0.0197645
0.0278069
0.047286
0.0284456
0.0294377
0.0298741
0.0316401
0.0323403
0.0326824
0.0329171
0.0327205
0.0323965
0.031717
0.0308527
0.0298114
0.0286654
0.0274197
0.0260351
0.0246637
0.023314
0.0220665
0.0209821
0.0201093
0.0192441
0.0186963
0.0186578
0.0194387
0.0198351
0.0203068
0.020808
0.0214239
0.022247
0.0234065
0.0245263
0.0261074
0.0288788
0.0327204
0.0379897
0.0453524
0.0594753
0.0852705
0.119955
0.203395
0.0876374
0.0909389
0.0922775
0.0976996
0.0998379
0.100885
0.101592
0.100982
0.099977
0.0978808
0.0952193
0.092009
0.0884796
0.0846421
0.0803804
0.0761621
0.0720148
0.0681887
0.0648684
0.0622027
0.0595592
0.0578879
0.0577822
0.0602043
0.0614455
0.0629177
0.0644796
0.066392
0.0689382
0.0725172
0.0759677
0.0808373
0.0893691
0.101189
0.117386
0.139976
0.183226
0.26196
0.368238
0.616704
0.220999
0.229804
0.233116
0.246558
0.251818
0.254395
0.256095
0.254549
0.252012
0.246767
0.240122
0.232097
0.22328
0.213688
0.203043
0.192509
0.182162
0.172638
0.164392
0.157792
0.151245
0.147112
0.146896
0.153032
0.156227
0.159997
0.163993
0.168857
0.175296
0.184308
0.192973
0.205172
0.226498
0.255978
0.296231
0.352069
0.45831
0.649903
0.910474
1.47293
0.485136
0.50453
0.511453
0.539639
0.550553
0.55585
0.559254
0.555871
0.550385
0.539197
0.525056
0.507956
0.489159
0.468695
0.445974
0.423484
0.401394
0.381119
0.363616
0.349666
0.335828
0.327105
0.326794
0.340239
0.347433
0.355849
0.364764
0.375515
0.389613
0.409195
0.427933
0.45415
0.499713
0.562322
0.647074
0.763206
0.981013
1.36604
1.89532
2.86992
0.948326
0.983254
0.995518
1.04573
1.06489
1.07398
1.07961
1.07315
1.06288
1.04237
1.0165
0.985174
0.950667
0.913045
0.871204
0.829723
0.788932
0.751631
0.719547
0.694156
0.668951
0.653102
0.652947
0.678859
0.693302
0.709992
0.727663
0.748689
0.775837
0.813068
0.848388
0.897207
0.981079
1.09498
1.24667
1.45021
1.8231
2.46338
3.3593
4.66361
1.65299
1.70303
1.72122
1.79644
1.82457
1.83737
1.84487
1.83419
1.81763
1.78549
1.74509
1.69607
1.64188
1.58272
1.51674
1.45119
1.38658
1.32784
1.27761
1.23835
1.19935
1.17495
1.17569
1.21937
1.24512
1.27441
1.30539
1.34158
1.38725
1.4487
1.50612
1.58395
1.71533
1.89063
2.11888
2.41765
2.95188
3.84696
5.14272
6.567
2.56262
2.61838
2.64101
2.73634
2.7711
2.78589
2.79375
2.77833
2.75511
2.71173
2.65734
2.59135
2.51815
2.43824
2.3489
2.26005
2.17239
2.09355
2.02685
1.97595
1.92544
1.89419
1.89712
1.96118
2.00169
2.04697
2.09473
2.1493
2.21606
2.30367
2.38355
2.48902
2.66347
2.89184
3.18296
3.55822
4.22155
5.32545
6.99981
8.36224
3.56191
3.60966
3.63399
3.73995
3.7774
3.79179
3.79811
3.77813
3.74884
3.69653
3.63118
3.55208
3.46416
3.36846
3.26148
3.15527
3.05083
2.9586
2.88212
2.82615
2.771
2.73765
2.74425
2.82752
2.8844
2.94697
3.01265
3.0859
3.1722
3.28224
3.37887
3.50266
3.70394
3.96368
4.29169
4.71717
5.47268
6.73631
8.73901
9.93808
4.52751
4.55687
4.5803
4.68889
4.72574
4.73792
4.74123
4.71708
4.68248
4.62358
4.55028
4.46196
4.36384
4.2576
4.13918
4.02216
3.90812
3.81002
3.73122
3.67735
3.62517
3.59494
3.60632
3.70605
3.77952
3.85923
3.94231
4.03282
4.13504
4.26144
4.36671
4.49722
4.70782
4.97816
5.32264
5.78298
6.60664
7.98498
10.2538
11.2436
5.38324
5.39008
5.41081
5.51753
5.5519
5.56089
5.56036
5.53236
5.49296
5.42897
5.34963
5.25458
5.14927
5.03595
4.91026
4.78682
4.66825
4.56949
4.49363
4.44688
4.40306
4.37955
4.39628
4.51056
4.60029
4.69661
4.79609
4.90206
5.01659
5.15397
5.2606
5.38833
5.59598
5.86422
6.21612
6.70678
7.57888
9.02732
11.5107
12.2643
6.10054
6.08588
6.10267
6.20576
6.23675
6.24222
6.23749
6.20585
6.16199
6.0937
6.00933
5.90875
5.79781
5.6791
5.5483
5.42054
5.30021
5.20348
5.13348
5.09655
5.06415
5.04914
5.07149
5.19999
5.30545
5.41759
5.53222
5.65176
5.77541
5.9197
6.02225
6.14094
6.33888
6.59986
6.95843
7.47679
8.37382
9.86029
12.5299
13.0231
6.67886
6.64509
6.65716
6.75617
6.78343
6.78523
6.77617
6.74096
6.6928
6.62046
6.53155
6.42605
6.31039
6.18727
6.05258
5.92168
5.80113
5.70773
5.64489
5.61877
5.59868
5.59245
5.62038
5.76334
5.88392
6.01093
6.13937
6.27047
6.40032
6.54859
6.6433
6.7494
6.93621
7.19023
7.55616
8.09569
8.99637
10.5134
13.3511
13.5434
7.13324
7.08176
7.08894
7.1838
7.20719
7.20529
7.19196
7.15322
7.10096
7.02474
6.93151
6.82114
6.70094
6.57349
6.43518
6.30118
6.18085
6.09102
6.03581
6.02082
6.01348
6.01581
6.04931
6.20753
6.34171
6.48201
6.62245
6.76278
6.89632
7.04687
7.13259
7.22591
7.40104
7.64971
8.02505
8.5765
9.4727
11.03
14.0039
13.8598
7.4837
7.41299
7.41594
7.5065
7.52582
7.51999
7.50219
7.45967
7.40316
7.3228
7.22502
7.10942
6.98447
6.85242
6.71026
6.57278
6.45242
6.36576
6.31794
6.31379
6.31882
6.3287
6.3671
6.54023
6.68682
6.83927
6.99054
7.1383
7.27349
7.42545
7.50136
7.58184
7.74661
7.99301
8.37906
8.93734
9.83228
11.4484
14.5159
14.0143
7.75013
7.65532
7.65533
7.74141
7.75641
7.74637
7.72386
7.67718
7.61614
7.53121
7.42847
7.30706
7.17693
7.03981
6.89339
6.75188
6.63078
6.54637
6.50517
6.51111
6.52733
6.54273
6.58403
6.77061
6.92814
7.09087
7.25106
7.40422
7.53938
7.6927
7.76113
7.83106
7.98861
8.2367
8.63474
9.20088
10.1087
11.8005
14.9116
14.0414
7.94979
7.82385
7.82254
7.90383
7.91427
7.89968
7.87222
7.82103
7.75516
7.66523
7.55707
7.42935
7.29355
7.15092
6.99984
6.85381
6.7309
6.64735
6.61121
6.62551
6.65091
6.66934
6.71091
6.90804
7.07419
7.24437
7.41094
7.5679
7.70291
7.85886
7.92537
7.98987
8.14483
8.39945
8.81253
9.39401
10.3321
12.1083
15.2109
13.9597
8.09614
7.93197
7.93092
8.00691
8.01253
7.99315
7.96057
7.90461
7.83377
7.73849
7.6246
7.49026
7.34842
7.19984
7.04354
6.8924
6.76647
6.68208
6.64883
6.66897
6.70089
6.71984
6.75923
6.96237
7.135
7.31218
7.48556
7.64671
7.78274
7.94266
8.01232
8.07609
8.23437
8.50142
8.93498
9.54169
10.5247
12.3816
15.4259
13.7737
8.1993
7.99127
7.99156
8.06169
8.06227
8.03796
8.00014
7.93921
7.86334
7.76265
7.64301
7.50225
7.35437
7.19969
7.0378
6.88123
6.75125
6.66436
6.63159
6.65456
6.69005
6.70808
6.74507
6.95066
7.12945
7.31405
7.49504
7.66129
7.80007
7.96444
8.03984
8.10813
8.2763
8.56233
9.0222
9.66296
10.6952
12.6241
15.5578
13.4842
8.26692
8.01191
8.0139
8.07753
8.07299
8.0438
8.00081
7.93495
7.85425
7.74851
7.62362
7.4773
7.324
7.16375
6.99661
6.83509
6.70082
6.61055
6.57632
6.59924
6.6358
6.65316
6.68963
6.89514
7.07948
7.27111
7.4597
7.63159
7.77484
7.94285
8.02584
8.10399
8.28796
8.59793
9.0896
9.76723
10.8469
12.8347
15.5992
13.0984
8.30531
8.00354
8.00716
8.06365
8.0542
8.02058
7.97288
7.90265
7.81775
7.70792
7.57887
7.42852
7.27117
7.10665
6.93545
6.77013
6.63214
6.53842
6.50144
6.5218
6.55691
6.57406
6.61243
6.81582
7.0043
7.20167
7.397
7.57469
7.72337
7.89437
7.98707
8.07938
8.28208
8.62079
9.14489
9.8566
10.9808
13.0087
15.5409
12.6279
8.32014
7.97579
7.98087
8.02993
8.01615
7.97883
7.92729
7.85362
7.76537
7.6525
7.52045
7.3675
7.20745
7.04005
6.86612
6.69824
6.55745
6.46079
6.42067
6.43693
6.46873
6.48574
6.5277
6.72754
6.91857
7.12015
7.32091
7.50415
7.65901
7.83276
7.9361
8.04458
8.26862
8.63578
9.18919
9.9318
11.0968
13.1403
15.3783
12.0932
8.31675
7.93612
7.9425
7.98424
7.96675
7.92641
7.87182
7.79552
7.70449
7.58903
7.45442
7.29925
7.13694
6.96729
6.79144
6.62194
6.47943
6.38097
6.33863
6.35134
6.37994
6.39698
6.44265
6.63908
6.83203
7.03681
7.24172
7.42951
7.59008
7.76588
7.88024
8.00523
8.24922
8.64358
9.22239
9.99366
11.1934
13.2226
15.1133
11.5221
8.29985
7.88685
7.89433
7.92893
7.90787
7.86465
7.80716
7.72838
7.63476
7.51697
7.38007
7.22296
7.05874
6.88748
6.71058
6.54059
6.39766
6.29886
6.25561
6.26589
6.29214
6.31
6.35978
6.55238
6.74725
6.95489
7.16344
7.35562
7.52193
7.69903
7.82284
7.96224
8.22523
8.64422
9.24474
10.0418
11.2688
13.2476
14.7514
10.9371
8.27261
7.82805
7.83648
7.86367
7.839
7.79288
7.73254
7.65133
7.55529
7.43547
7.29669
7.13823
6.9728
6.80085
6.62407
6.45513
6.31349
6.21616
6.17361
6.18296
6.20823
6.22808
6.2823
6.47072
6.66749
6.87769
7.08959
7.28582
7.45693
7.63391
7.76515
7.91772
8.19783
8.63637
9.25598
10.0745
11.3201
13.2065
14.2989
10.3527
8.23668
7.76036
7.76984
7.78922
7.76105
7.71217
7.64921
7.56584
7.46772
7.34638
7.2064
7.04752
6.88194
6.71049
6.53524
6.36923
6.23091
6.13699
6.09668
6.10631
6.13144
6.15381
6.21257
6.39663
6.59467
6.80685
7.02164
7.22126
7.39599
7.572
7.70935
7.87276
8.16543
8.61923
9.25339
10.0903
11.3424
13.0922
13.7618
9.78308
8.19379
7.68611
7.69698
7.70838
7.677
7.62562
7.56041
7.47525
7.37557
7.2534
7.11311
6.95494
6.7905
6.62093
6.44885
6.28771
6.15473
6.06583
6.02878
6.03916
6.06419
6.08915
6.15242
6.33211
6.53042
6.74369
6.96059
7.16284
7.34039
7.51458
7.65575
7.82558
8.12553
8.58965
9.23368
10.0872
11.3283
12.9004
13.1523
9.24162
8.14565
7.60816
7.62085
7.62427
7.59006
7.53656
7.46956
7.38312
7.28252
7.16036
7.02079
6.86459
6.70273
6.53664
6.36953
6.21515
6.08926
6.00655
5.97324
5.9842
6.00867
6.03588
6.10334
6.27854
6.47592
6.68923
6.90728
7.11138
7.29048
7.46108
7.60175
7.77216
8.07411
8.54249
9.19445
10.0609
11.27
12.6312
12.4937
8.7397
8.09394
7.5291
7.54386
7.53946
7.50286
7.44769
7.37946
7.29238
7.19159
7.07034
6.93264
6.77981
6.62215
6.46136
6.30118
6.1554
6.03806
5.96223
5.93254
5.94337
5.96645
5.99537
6.0664
6.23672
6.43182
6.64384
6.86207
7.06684
7.24478
7.40762
7.54216
7.70747
8.00513
8.47462
9.1337
10.0053
11.1599
12.2894
11.8124
8.28104
8.03992
7.4506
7.46757
7.45575
7.41727
7.36097
7.29209
7.20504
7.10492
6.98568
6.85134
6.70362
6.55208
6.39857
6.24724
6.1116
6.00377
5.93503
5.90837
5.918
5.93874
5.96865
6.04227
6.20697
6.39834
6.60757
6.82434
7.02662
7.19811
7.3483
7.47101
7.62494
7.9152
8.3855
9.0485
9.91342
10.9926
11.8883
11.1273
7.85943
7.98502
7.374
7.3932
7.37449
7.33459
7.27768
7.2089
7.12285
7.02468
6.90898
6.77974
6.63898
6.49545
6.3511
6.21029
6.08593
5.98815
5.92633
5.90186
5.90914
5.92653
5.95638
6.03099
6.1889
6.37467
6.57837
6.78994
6.98451
7.14356
7.27623
7.38084
7.52037
7.80454
8.27439
8.93442
9.78043
10.77
11.4422
10.4458
7.46557
7.92963
7.30063
7.32174
7.29683
7.25615
7.19942
7.13182
7.0481
6.95333
6.84275
6.72029
6.58821
6.4544
6.32086
6.19196
6.07964
5.99203
5.93657
5.91317
5.91666
5.92942
5.95767
6.03086
6.17991
6.3571
6.55073
6.75064
6.93138
7.07248
7.18273
7.2659
7.39334
7.67259
8.13787
8.78831
9.6091
10.5045
10.9538
9.76905
7.09273
7.87372
7.2318
7.25439
7.22432
7.18376
7.12827
7.06302
6.98291
6.89291
6.78888
6.67468
6.55278
6.43013
6.30872
6.19268
6.09253
6.01447
5.96417
5.94043
5.93867
5.94545
5.96992
6.03828
6.17488
6.33775
6.51466
6.6965
6.85714
6.97538
7.06024
7.12394
7.24231
7.51584
7.97422
8.61448
9.41222
10.2141
10.4125
9.10194
6.73735
7.8171
7.16901
7.19264
7.15881
7.1193
7.06608
7.00423
6.92886
6.84479
6.74852
6.6438
6.5332
6.42263
6.31392
6.21077
6.12196
6.05204
6.00524
5.97973
5.97145
5.97031
5.98724
6.04567
6.16439
6.30678
6.45962
6.61557
6.75
6.84268
6.90424
6.95177
7.06323
7.33328
7.7895
8.4277
9.20119
9.87787
9.81486
8.45487
6.39933
7.75976
7.114
7.13797
7.10187
7.06425
7.01417
6.95655
6.88677
6.80945
6.72173
6.6271
6.52813
6.42961
6.33316
6.24188
6.16274
6.09898
6.05402
6.02525
6.0085
5.99669
6.00237
6.04516
6.13856
6.25108
6.37084
6.49497
6.59986
6.66912
6.70992
6.7448
6.85553
7.13248
7.60052
8.2441
8.96648
9.47773
9.17634
7.8389
6.0811
7.70191
7.06798
7.09133
7.05437
7.01925
6.97289
6.9199
6.85612
6.78582
6.70676
6.62204
6.53413
6.44669
6.36104
6.27992
6.2088
6.14962
6.1052
6.07239
6.0456
6.01891
6.00629
6.02427
6.08129
6.15471
6.23612
6.32505
6.40164
6.44957
6.47285
6.50349
6.62882
6.93237
7.4255
8.05549
8.68876
9.01223
8.51835
7.26244
5.78376
7.64413
7.03097
7.05265
7.01592
6.98358
6.94112
6.89278
6.83497
6.77146
6.70056
6.62482
6.5467
6.46901
6.39284
6.32109
6.25766
6.20278
6.15814
6.11802
6.07499
6.02521
5.98393
5.96595
5.9768
6.00616
6.04757
6.10253
6.15289
6.18132
6.19592
6.24087
6.40553
6.75236
7.25438
7.83666
8.36909
8.4875
7.86071
6.72998
5.50369
7.5872
7.00183
7.02106
6.98521
6.95565
6.91696
6.87296
6.82062
6.7633
6.69981
6.63239
6.56347
6.4952
6.42836
6.36573
6.31027
6.25867
6.20852
6.15256
6.08265
5.99858
5.91729
5.85387
5.81397
5.79889
5.80268
5.82663
5.85376
5.87145
5.89702
5.98409
6.20598
6.58024
7.06299
7.5905
7.99825
7.91305
7.22137
6.24161
5.23373
7.53193
6.97904
6.99527
6.96046
6.93344
6.89826
6.85841
6.81139
6.76005
6.70369
6.64439
6.58457
6.52586
6.46881
6.41585
6.3657
6.31086
6.2443
6.15888
6.04857
5.91847
5.78767
5.67298
5.5843
5.53057
5.50248
5.50141
5.51663
5.54399
5.60809
5.75403
6.01739
6.39812
6.85807
7.31794
7.56258
7.30737
6.61481
5.7936
4.96603
7.479
6.96109
6.97407
6.94052
6.91605
6.8843
6.84859
6.80687
6.76151
6.71233
6.66134
6.6108
6.56232
6.51544
6.46845
6.41476
6.34263
6.24292
6.11117
5.94661
5.76058
5.57576
5.41322
5.28738
5.20578
5.15528
5.14561
5.17208
5.23437
5.3495
5.54122
5.83306
6.21543
6.635
6.9945
7.06182
6.69403
6.05011
5.37959
4.69359
7.42974
6.94738
6.95727
6.9251
6.90333
6.875
6.84347
6.80705
6.76788
6.72617
6.68381
6.64322
6.60436
6.56223
6.50884
6.43315
6.32235
6.16947
5.9753
5.74679
5.50292
5.27161
5.07855
4.93518
4.83798
4.78701
4.79564
4.85691
4.96125
5.11905
5.35113
5.66105
6.02144
6.37726
6.60215
6.51225
6.09475
5.53044
4.99194
4.41112
7.38566
6.9379
6.94513
6.9142
6.89521
6.87031
6.84317
6.81231
6.77947
6.7453
6.7117
6.67848
6.64048
6.58568
6.50152
6.37742
6.2047
5.98179
5.71722
5.42767
5.14014
4.88709
4.69076
4.54692
4.4602
4.43976
4.487
4.58604
4.73036
4.92902
5.18339
5.48213
5.79539
6.06045
6.13835
5.93893
5.52474
5.05306
4.62243
4.11508
7.34789
6.93258
6.93784
6.90789
6.8919
6.87048
6.84768
6.82207
6.79518
6.76708
6.73601
6.696
6.63477
6.53648
6.39067
6.19351
5.94391
5.64733
5.32197
4.99479
4.69701
4.45595
4.28189
4.16185
4.11653
4.14457
4.23366
4.37135
4.54941
4.76392
5.00989
5.27265
5.51955
5.66935
5.6199
5.36647
4.9904
4.60867
4.26219
3.80322
7.31725
6.93133
6.93571
6.90621
6.89299
6.87436
6.85507
6.83296
6.8069
6.7731
6.72292
6.64416
6.52324
6.34913
6.119
5.83898
5.51645
5.16478
4.81123
4.48809
4.21994
4.02262
3.88983
3.82576
3.83877
3.91722
4.04451
4.2042
4.38718
4.58986
4.80476
5.0133
5.17622
5.20741
5.07353
4.81129
4.48917
4.18552
3.90099
3.47367
7.29391
6.93385
6.93796
6.90758
6.89616
6.87783
6.85681
6.82727
6.78229
6.71201
6.60398
6.44706
6.23657
5.97096
5.65493
5.3057
4.93939
4.57511
4.24167
3.96982
3.76681
3.62978
3.56532
3.57052
3.63911
3.75113
3.88893
4.0431
4.20889
4.3813
4.54948
4.69127
4.75749
4.69496
4.52174
4.27757
4.01039
3.76888
3.52588
3.12155
7.27704
6.93899
6.94266
6.90751
6.892
6.86242
6.82026
6.75359
6.65041
6.50104
6.29885
6.04076
5.73522
5.38995
5.01281
4.63277
4.27369
3.9549
3.69641
3.5079
3.38353
3.32651
3.33396
3.39221
3.48552
3.5992
3.72478
3.85729
3.99184
4.12119
4.23184
4.29725
4.27359
4.15563
3.97551
3.76065
3.54043
3.34325
3.1262
2.74771
7.2631
6.94287
6.93887
6.88622
6.8461
6.77467
6.67161
6.52395
6.32186
6.06626
5.76212
5.4105
5.0336
4.65377
4.2849
3.94746
3.6575
3.42744
3.26268
3.15653
3.10993
3.1182
3.16625
3.23994
3.32914
3.42692
3.52822
3.62846
3.72182
3.79966
3.84604
3.83354
3.74879
3.61191
3.44411
3.25924
3.0731
2.90156
2.69274
2.32231
7.23997
6.92686
6.88827
6.78715
6.68004
6.52096
6.31447
6.05727
5.74303
5.39001
5.02023
4.64396
4.27733
3.93597
3.63796
3.3847
3.18539
3.04319
2.95229
2.91316
2.91791
2.95359
3.00821
3.07393
3.14495
3.21677
3.2853
3.34622
3.39245
3.41342
3.39564
3.3285
3.22045
3.08677
2.93548
2.77235
2.60496
2.43984
2.2145
1.80748
7.17255
6.8354
6.70641
6.5111
6.29165
6.01366
5.69244
5.34585
4.97895
4.6082
4.25015
3.9206
3.62168
3.3545
3.13651
2.9642
2.84249
2.76647
2.72932
2.72962
2.75183
2.78772
2.83132
2.87702
2.92098
2.95981
2.98947
3.00545
3.00265
2.97394
2.91429
2.82668
2.71727
2.59026
2.44896
2.29605
2.13465
1.95999
1.70233
1.24625
6.98578
6.56768
6.28866
5.96967
5.63577
5.28163
4.91579
4.55392
4.20918
3.8853
3.5867
3.32122
3.09418
2.90399
2.75899
2.65361
2.58742
2.55418
2.54549
2.55433
2.57177
2.59371
2.61508
2.63229
2.6431
2.64542
2.63652
2.61328
2.57396
2.51688
2.44146
2.3481
2.23942
2.11758
1.98331
1.83563
1.6727
1.48303
1.20101
0.748342
6.58034
6.03492
5.61135
5.2262
4.84749
4.4909
4.14942
3.82733
3.53286
3.26819
3.03814
2.84313
2.68278
2.55638
2.4666
2.4074
2.37323
2.35672
2.35022
2.34834
2.34861
2.34689
2.34053
2.32799
2.30827
2.28053
2.24379
2.19679
2.13863
2.06891
1.98535
1.88926
1.78221
1.66562
1.53794
1.39493
1.23195
1.03981
0.763592
0.392883
5.91534
5.29666
4.81454
4.43578
4.07614
3.75276
3.45606
3.19284
2.96418
2.76316
2.59355
2.45719
2.35079
2.27139
2.21611
2.17855
2.15183
2.12964
2.10853
2.08839
2.06686
2.04166
2.012
1.97737
1.93726
1.89109
1.83839
1.77882
1.71157
1.6341
1.5466
1.45133
1.34897
1.239
1.11874
0.983858
0.832237
0.660564
0.431894
0.187674
5.09935
4.49561
4.02818
3.67965
3.36701
3.10017
2.86223
2.65602
2.48364
2.34025
2.2229
2.13085
2.06046
2.00597
1.96191
1.92367
1.88715
1.85008
1.81322
1.77652
1.73819
1.69701
1.65237
1.60403
1.55202
1.49632
1.43664
1.37138
1.29858
1.21827
1.13316
1.0439
0.950112
0.85075
0.743825
0.6274
0.503472
0.372993
0.220287
0.0883534
4.25775
3.70923
3.29441
3.00016
2.74257
2.5295
2.34961
2.19841
2.07344
1.9744
1.89384
1.82635
1.76861
1.71704
1.66838
1.62044
1.57251
1.52528
1.47851
1.4315
1.38332
1.33339
1.28147
1.22754
1.17162
1.11355
1.05098
0.983019
0.910432
0.835732
0.759783
0.68246
0.603389
0.522235
0.438621
0.353113
0.269453
0.188626
0.105365
0.0429672
3.44586
2.98355
2.63623
2.39852
2.19824
2.03653
1.90616
1.79959
1.70888
1.63176
1.56382
1.50191
1.44395
1.38819
1.3337
1.28045
1.22839
1.17734
1.12692
1.07655
1.02573
0.974174
0.921712
0.868213
0.813406
0.755182
0.693738
0.63079
0.568471
0.507556
0.448127
0.390071
0.333447
0.278525
0.225596
0.175519
0.130412
0.0893039
0.0499008
0.0224604
2.70552
2.33399
2.05709
1.87389
1.72551
1.60677
1.50679
1.42106
1.34489
1.27598
1.21199
1.15149
1.0937
1.03822
0.984708
0.932916
0.882599
0.833434
0.784989
0.736887
0.688895
0.640873
0.592731
0.543351
0.492496
0.441008
0.391262
0.344568
0.301287
0.261298
0.22435
0.190237
0.158883
0.130247
0.104186
0.0808003
0.0605666
0.0422068
0.0248331
0.0129254
2.04895
1.76086
1.54887
1.40954
1.29333
1.19839
1.1156
1.04206
0.974904
0.912802
0.854763
0.800146
0.748334
0.698845
0.651395
0.605746
0.56161
0.518668
0.476692
0.4356
0.395393
0.355655
0.316143
0.277668
0.241213
0.20862
0.180034
0.155132
0.1334
0.114326
0.097485
0.0825466
0.069272
0.0574454
0.046835
0.0373734
0.02911
0.0213569
0.013872
0.00851268
1.46992
1.24939
1.0865
0.977542
0.884677
0.8077
0.739454
0.67837
0.622733
0.571696
0.52435
0.480014
0.43825
0.398829
0.361578
0.326302
0.292827
0.261097
0.231175
0.202939
0.176403
0.151909
0.129786
0.110781
0.0949207
0.0818247
0.0709321
0.0617518
0.0538921
0.0470588
0.0410372
0.035673
0.0308559
0.0264883
0.0224781
0.0188097
0.0154809
0.0122046
0.00899036
0.00647029
0.96064
0.793785
0.671514
0.588787
0.518353
0.46032
0.409388
0.364593
0.324538
0.288419
0.255571
0.225661
0.198499
0.173916
0.151724
0.131768
0.113834
0.0978662
0.0837741
0.0715878
0.061191
0.0525746
0.0456052
0.0399892
0.0354279
0.0316567
0.0284655
0.0257048
0.0232682
0.0210806
0.0190883
0.0172535
0.0155485
0.0139461
0.0124211
0.0109754
0.00959946
0.00817898
0.00675265
0.00550929
0.537398
0.419833
0.336866
0.281826
0.236651
0.200889
0.170886
0.145762
0.124384
0.106132
0.0905562
0.0773243
0.0660803
0.0565379
0.0484454
0.0415938
0.0359171
0.0312433
0.0274027
0.0243116
0.0218326
0.0198286
0.0181852
0.0168115
0.0156394
0.0146166
0.0137042
0.012875
0.0121091
0.0113921
0.0107132
0.0100643
0.00943923
0.00882982
0.00822826
0.00763563
0.00704048
0.00639459
0.00571296
0.00503151
0.241602
0.172954
0.12849
0.100954
0.080248
0.0651906
0.0535636
0.0445345
0.037383
0.0316881
0.0271245
0.0234575
0.0205364
0.0181943
0.0163051
0.014773
0.0135516
0.0125709
0.0117749
0.011121
0.0105736
0.0101055
0.00969665
0.009333
0.00900418
0.00870188
0.00841957
0.00815227
0.00789605
0.00764771
0.00740459
0.00716448
0.00692508
0.00668267
0.00643318
0.00617456
0.00589534
0.00557181
0.00519487
0.00476097
0.087729
0.0576529
0.0404949
0.0308557
0.0243368
0.0199594
0.016794
0.0145044
0.0128004
0.0115106
0.0105177
0.00974466
0.00914264
0.00866605
0.00828316
0.0079716
0.00771514
0.00750043
0.00731742
0.00715846
0.0070178
0.00689118
0.00677545
0.00666828
0.00656782
0.00647244
0.00638066
0.00629117
0.00620278
0.00611433
0.00602467
0.0059326
0.00583655
0.00573383
0.00562094
0.0054938
0.0053415
0.00514977
0.00489403
0.00457237
0.0291496
0.0191109
0.013993
0.0112833
0.0096238
0.00857481
0.00785838
0.00735794
0.00699404
0.00672196
0.0065136
0.00635061
0.00622042
0.0061142
0.00602602
0.00595173
0.00588829
0.00583334
0.00578506
0.00574206
0.00570326
0.00566783
0.00563504
0.00560426
0.00557492
0.00554647
0.00551832
0.00548987
0.00546047
0.00542938
0.00539577
0.00535861
0.00531644
0.00526677
0.00520614
0.00512931
0.00502619
0.00488667
0.0046776
0.00441059
0.0113279
0.00847474
0.0071386
0.00645999
0.00606422
0.0058176
0.00565149
0.00553408
0.00544751
0.00538181
0.00533069
0.00528999
0.00525697
0.00522986
0.00520746
0.00518889
0.00517342
0.00516049
0.00514963
0.00514045
0.00513266
0.00512597
0.00512007
0.00511463
0.00510934
0.00510387
0.00509785
0.00509083
0.0050823
0.00507164
0.00505807
0.00504059
0.00501769
0.00498699
0.00494491
0.00488567
0.00480033
0.00468078
0.00449007
0.00425341
0.00644078
0.00570082
0.00535517
0.00517225
0.00506321
0.00499249
0.00494383
0.00490891
0.00488336
0.00486445
0.00485036
0.00483981
0.00483205
0.00482658
0.00482301
0.00482103
0.00482035
0.00482073
0.00482198
0.00482392
0.00482641
0.00482927
0.00483229
0.00483524
0.00483787
0.00483992
0.00484105
0.0048409
0.00483899
0.00483473
0.00482733
0.00481579
0.00479859
0.00477339
0.00473659
0.0046823
0.00460296
0.00449141
0.00431051
0.00409398
0.00508272
0.00487544
0.00476515
0.00469919
0.00465738
0.00462919
0.00460997
0.00459682
0.00458813
0.00458271
0.0045797
0.00457854
0.00457888
0.00458048
0.00458314
0.00458664
0.00459083
0.00459554
0.00460065
0.00460606
0.00461164
0.00461725
0.00462272
0.00462784
0.00463241
0.00463616
0.00463881
0.00463998
0.00463924
0.00463598
0.00462945
0.00461861
0.00460198
0.00457731
0.00454104
0.00448761
0.00441094
0.00430422
0.00413324
0.00393223
0.00459176
0.00451399
0.00446382
0.00443037
0.00440821
0.00439329
0.00438366
0.00437785
0.00437492
0.0043741
0.00437486
0.00437687
0.00437991
0.00438379
0.00438834
0.00439341
0.00439887
0.00440461
0.00441052
0.0044165
0.00442245
0.00442823
0.00443369
0.00443864
0.00444288
0.00444618
0.00444824
0.00444872
0.00444718
0.00444304
0.00443556
0.00442374
0.00440613
0.00438064
0.0043439
0.00429098
0.00421721
0.00411593
0.00395829
0.00377025
0.0043093
0.00426813
0.00423802
0.00421679
0.0042024
0.00419288
0.00418713
0.00418417
0.00418334
0.00418407
0.004186
0.0041889
0.00419257
0.00419686
0.00420162
0.00420672
0.00421206
0.00421752
0.00422303
0.00422849
0.00423378
0.00423879
0.00424336
0.00424733
0.00425051
0.00425266
0.00425352
0.00425275
0.00424992
0.0042445
0.00423577
0.00422277
0.00420418
0.00417808
0.00414142
0.00409016
0.00402072
0.00392671
0.00378597
0.00360901
0.00407836
0.00405143
0.00403058
0.00401544
0.00400499
0.00399814
0.00399415
0.00399235
0.0039922
0.00399329
0.00399537
0.00399824
0.00400173
0.0040057
0.00401002
0.00401458
0.00401927
0.00402402
0.00402873
0.00403331
0.00403766
0.00404165
0.00404515
0.00404801
0.00405003
0.004051
0.00405067
0.00404872
0.00404476
0.00403826
0.00402858
0.00401484
0.00399584
0.00396987
0.00393433
0.00388608
0.00382226
0.00373712
0.00361511
0.00344793
0.00385721
0.00383758
0.00382196
0.00381032
0.00380209
0.00379662
0.00379339
0.0037919
0.00379174
0.00379262
0.00379433
0.0037967
0.00379958
0.00380285
0.00380638
0.00381007
0.00381385
0.00381763
0.00382131
0.00382481
0.00382803
0.00383085
0.00383314
0.00383475
0.00383551
0.00383521
0.00383361
0.0038304
0.00382522
0.00381759
0.00380689
0.00379233
0.00377284
0.00374689
0.00371233
0.00366673
0.00360762
0.00353002
0.00342377
0.00328315
0.00362971
0.00361423
0.00360163
0.00359195
0.00358485
0.00357991
0.00357674
0.00357499
0.00357434
0.00357458
0.00357552
0.00357703
0.00357896
0.00358119
0.00358363
0.00358618
0.00358877
0.00359131
0.00359371
0.00359589
0.00359774
0.00359916
0.00360001
0.00360015
0.00359942
0.00359762
0.00359452
0.00358982
0.00358318
0.00357414
0.00356215
0.00354648
0.00352617
0.00349991
0.00346595
0.0034224
0.00336707
0.00329602
0.00320322
0.00308707
0.00339181
0.003379
0.0033684
0.00336
0.00335361
0.00334893
0.00334567
0.00334358
0.00334243
0.00334203
0.00334225
0.00334295
0.003344
0.00334531
0.00334679
0.00334835
0.00334991
0.00335141
0.00335275
0.00335385
0.00335461
0.00335493
0.0033547
0.00335378
0.00335202
0.00334923
0.0033452
0.00333967
0.00333232
0.00332277
0.00331053
0.00329498
0.00327533
0.00325053
0.00321932
0.00318031
0.00313184
0.0030713
0.00299586
0.00290634
0.00315125
0.00314087
0.00313219
0.00312521
0.00311978
0.0031157
0.00311276
0.00311078
0.00310958
0.00310903
0.003109
0.00310938
0.00311006
0.00311097
0.00311202
0.00311313
0.00311425
0.00311529
0.00311619
0.00311686
0.00311722
0.00311717
0.00311662
0.00311545
0.00311352
0.00311067
0.00310671
0.00310143
0.00309456
0.00308577
0.00307467
0.00306078
0.00304346
0.00302196
0.0029954
0.00296284
0.0029231
0.00287467
0.00281658
0.00275028
0.0029215
0.00291377
0.00290733
0.00290216
0.00289815
0.00289518
0.00289311
0.00289179
0.0028911
0.00289095
0.00289122
0.00289183
0.0028927
0.00289375
0.00289492
0.00289615
0.00289737
0.00289853
0.00289956
0.00290039
0.00290095
0.00290116
0.00290093
0.00290016
0.00289873
0.00289652
0.00289335
0.00288907
0.00288343
0.0028762
0.00286706
0.00285562
0.00284144
0.00282397
0.00280264
0.00277681
0.00274571
0.00270857
0.0026653
0.00261725
0.0027137
0.0027087
0.00270463
0.00270148
0.00269917
0.00269762
0.00269673
0.00269642
0.00269659
0.00269718
0.0026981
0.00269928
0.00270067
0.0027022
0.00270383
0.0027055
0.00270716
0.00270876
0.00271024
0.00271155
0.00271262
0.0027134
0.0027138
0.00271373
0.00271312
0.00271183
0.00270975
0.00270674
0.00270261
0.00269717
0.00269018
0.00268136
0.00267037
0.00265687
0.00264048
0.00262079
0.00259732
0.00256977
0.0025384
0.00250423
0.00253309
0.00253059
0.00252874
0.00252751
0.00252687
0.00252676
0.00252712
0.0025279
0.00252903
0.00253047
0.00253215
0.00253402
0.00253605
0.00253818
0.00254038
0.0025426
0.0025448
0.00254695
0.00254898
0.00255087
0.00255255
0.00255397
0.00255508
0.00255579
0.00255603
0.00255572
0.00255476
0.00255302
0.00255037
0.00254667
0.00254173
0.00253536
0.00252733
0.00251741
0.00250537
0.00249097
0.00247395
0.00245425
0.0024322
0.00240852
0.00237989
0.00237947
0.00237949
0.00237992
0.00238074
0.00238192
0.00238343
0.00238521
0.00238725
0.00238949
0.00239191
0.00239446
0.00239711
0.00239984
0.00240261
0.00240538
0.00240812
0.0024108
0.00241338
0.00241583
0.0024181
0.00242016
0.00242193
0.00242339
0.00242445
0.00242505
0.00242512
0.00242456
0.00242328
0.00242117
0.0024181
0.00241393
0.00240852
0.00240173
0.00239343
0.00238349
0.00237178
0.00235838
0.00234355
0.00232778
0.00225161
0.00225284
0.00225435
0.00225612
0.00225814
0.00226039
0.00226286
0.00226552
0.00226834
0.00227129
0.00227436
0.00227752
0.00228075
0.00228402
0.0022873
0.00229057
0.00229381
0.00229699
0.00230008
0.00230305
0.00230587
0.0023085
0.0023109
0.00231303
0.00231484
0.00231629
0.0023173
0.00231782
0.00231778
0.0023171
0.00231569
0.00231346
0.00231034
0.00230624
0.00230111
0.00229486
0.00228748
0.00227905
0.00226977
0.00225995
0.00214492
0.0021474
0.00215005
0.00215286
0.00215584
0.00215896
0.00216222
0.00216559
0.00216907
0.00217264
0.00217627
0.00217996
0.00218369
0.00218743
0.00219118
0.00219491
0.0021986
0.00220223
0.00220578
0.00220922
0.00221254
0.00221571
0.00221868
0.00222144
0.00222394
0.00222615
0.00222803
0.00222953
0.0022306
0.0022312
0.00223126
0.00223074
0.0022296
0.00222778
0.00222527
0.00222205
0.00221812
0.00221356
0.00220851
0.00220317
0.00205652
0.00205993
0.00206345
0.00206707
0.00207079
0.00207459
0.00207848
0.00208245
0.00208647
0.00209055
0.00209466
0.00209881
0.00210297
0.00210714
0.0021113
0.00211543
0.00211953
0.00212357
0.00212754
0.00213143
0.00213521
0.00213886
0.00214237
0.0021457
0.00214884
0.00215175
0.00215442
0.0021568
0.00215887
0.00216059
0.00216194
0.00216289
0.00216342
0.00216351
0.00216315
0.00216236
0.00216114
0.00215955
0.00215769
0.00215568
0.00198347
0.00198757
0.00199174
0.00199597
0.00200026
0.00200461
0.00200901
0.00201344
0.00201792
0.00202242
0.00202694
0.00203147
0.00203601
0.00204055
0.00204507
0.00204957
0.00205403
0.00205845
0.0020628
0.00206709
0.00207129
0.0020754
0.00207939
0.00208325
0.00208696
0.00209051
0.00209387
0.00209704
0.00209998
0.00210269
0.00210515
0.00210734
0.00210925
0.00211089
0.00211227
0.00211338
0.00211424
0.00211491
0.00211543
0.00211589
0.0019232
0.00192781
0.00193246
0.00193716
0.00194189
0.00194665
0.00195144
0.00195626
0.00196109
0.00196595
0.00197081
0.00197567
0.00198053
0.00198538
0.00199022
0.00199504
0.00199983
0.00200457
0.00200928
0.00201393
0.00201851
0.00202302
0.00202744
0.00203177
0.002036
0.00204011
0.00204409
0.00204793
0.00205163
0.00205517
0.00205855
0.00206176
0.00206481
0.00206769
0.00207041
0.00207299
0.00207544
0.00207779
0.00208007
0.00208233
0.00187345
0.00187844
0.00188345
0.00188849
0.00189355
0.00189863
0.00190373
0.00190884
0.00191397
0.0019191
0.00192423
0.00192937
0.0019345
0.00193962
0.00194473
0.00194982
0.00195489
0.00195993
0.00196493
0.0019699
0.00197482
0.00197968
0.00198449
0.00198923
0.0019939
0.00199849
0.002003
0.00200742
0.00201174
0.00201597
0.0020201
0.00202413
0.00202807
0.00203191
0.00203567
0.00203936
0.00204298
0.00204657
0.00205012
0.00205368
0.00183226
0.00183751
0.00184279
0.00184807
0.00185338
0.0018587
0.00186403
0.00186937
0.00187472
0.00188007
0.00188542
0.00189078
0.00189613
0.00190147
0.00190681
0.00191213
0.00191743
0.00192272
0.00192798
0.00193321
0.00193842
0.00194359
0.00194872
0.0019538
0.00195885
0.00196384
0.00196878
0.00197367
0.0019785
0.00198328
0.001988
0.00199267
0.00199729
0.00200186
0.00200639
0.0020109
0.00201538
0.00201985
0.00202431
0.00202879
0.0017979
0.00180333
0.00180879
0.00181426
0.00181974
0.00182523
0.00183073
0.00183624
0.00184175
0.00184727
0.0018528
0.00185832
0.00186385
0.00186937
0.00187488
0.00188039
0.00188589
0.00189137
0.00189685
0.0019023
0.00190774
0.00191316
0.00191855
0.00192392
0.00192926
0.00193458
0.00193986
0.00194512
0.00195035
0.00195555
0.00196072
0.00196587
0.001971
0.00197611
0.00198121
0.0019863
0.00199139
0.00199648
0.00200158
0.00200671
0.00176887
0.00177443
0.00178001
0.0017856
0.0017912
0.00179681
0.00180243
0.00180806
0.0018137
0.00181934
0.00182499
0.00183064
0.0018363
0.00184195
0.0018476
0.00185326
0.0018589
0.00186455
0.00187018
0.00187581
0.00188143
0.00188705
0.00189265
0.00189823
0.00190381
0.00190937
0.00191492
0.00192046
0.00192598
0.0019315
0.001937
0.0019425
0.00194799
0.00195349
0.00195898
0.00196448
0.00196999
0.00197551
0.00198105
0.00198661
0.00174391
0.00174955
0.0017552
0.00176087
0.00176655
0.00177224
0.00177794
0.00178365
0.00178937
0.0017951
0.00180084
0.00180658
0.00181233
0.00181808
0.00182383
0.00182959
0.00183535
0.00184111
0.00184687
0.00185262
0.00185838
0.00186414
0.00186989
0.00187564
0.00188138
0.00188713
0.00189287
0.0018986
0.00190434
0.00191008
0.00191582
0.00192156
0.0019273
0.00193305
0.00193882
0.00194459
0.00195038
0.00195619
0.00196201
0.00196786
0.00172196
0.00172764
0.00173334
0.00173906
0.00174478
0.00175052
0.00175627
0.00176203
0.0017678
0.00177359
0.00177938
0.00178518
0.00179098
0.0017968
0.00180262
0.00180845
0.00181428
0.00182012
0.00182596
0.00183181
0.00183766
0.00184352
0.00184937
0.00185523
0.0018611
0.00186696
0.00187283
0.00187871
0.00188458
0.00189047
0.00189636
0.00190226
0.00190817
0.00191409
0.00192003
0.00192598
0.00193194
0.00193793
0.00194393
0.00194995
0.00170217
0.00170788
0.0017136
0.00171933
0.00172508
0.00173084
0.00173661
0.0017424
0.00174819
0.001754
0.00175983
0.00176566
0.0017715
0.00177735
0.00178321
0.00178908
0.00179496
0.00180085
0.00180674
0.00181265
0.00181856
0.00182447
0.00183039
0.00183632
0.00184226
0.0018482
0.00185415
0.00186011
0.00186607
0.00187205
0.00187803
0.00188403
0.00189004
0.00189606
0.00190209
0.00190814
0.00191421
0.0019203
0.0019264
0.00193252
0.00168388
0.00168959
0.00169531
0.00170104
0.00170679
0.00171256
0.00171833
0.00172413
0.00172993
0.00173575
0.00174158
0.00174743
0.00175328
0.00175915
0.00176503
0.00177092
0.00177682
0.00178273
0.00178865
0.00179458
0.00180052
0.00180646
0.00181242
0.00181838
0.00182436
0.00183034
0.00183633
0.00184233
0.00184834
0.00185436
0.00186039
0.00186644
0.00187249
0.00187856
0.00188465
0.00189075
0.00189686
0.001903
0.00190915
0.00191531
0.00166659
0.00167228
0.00167799
0.00168371
0.00168945
0.00169521
0.00170098
0.00170676
0.00171256
0.00171837
0.0017242
0.00173004
0.0017359
0.00174176
0.00174764
0.00175353
0.00175943
0.00176535
0.00177127
0.00177721
0.00178315
0.00178911
0.00179507
0.00180105
0.00180703
0.00181302
0.00181903
0.00182504
0.00183107
0.0018371
0.00184315
0.0018492
0.00185527
0.00186135
0.00186745
0.00187356
0.00187969
0.00188583
0.00189198
0.00189816
0.00164995
0.00165562
0.00166131
0.00166701
0.00167273
0.00167847
0.00168422
0.00168999
0.00169577
0.00170157
0.00170738
0.0017132
0.00171904
0.0017249
0.00173076
0.00173664
0.00174253
0.00174843
0.00175435
0.00176027
0.00176621
0.00177215
0.00177811
0.00178408
0.00179005
0.00179604
0.00180203
0.00180803
0.00181405
0.00182007
0.00182611
0.00183215
0.00183821
0.00184428
0.00185036
0.00185645
0.00186256
0.00186868
0.00187482
0.00188097
0.00163375
0.00163939
0.00164505
0.00165073
0.00165642
0.00166214
0.00166786
0.0016736
0.00167936
0.00168514
0.00169093
0.00169673
0.00170255
0.00170838
0.00171422
0.00172008
0.00172595
0.00173183
0.00173772
0.00174362
0.00174954
0.00175546
0.0017614
0.00176734
0.00177329
0.00177925
0.00178522
0.0017912
0.00179719
0.00180318
0.00180919
0.00181521
0.00182123
0.00182727
0.00183331
0.00183937
0.00184544
0.00185152
0.00185762
0.00186373
0.00161788
0.00162349
0.00162912
0.00163477
0.00164044
0.00164612
0.00165182
0.00165753
0.00166326
0.00166901
0.00167477
0.00168054
0.00168633
0.00169213
0.00169795
0.00170378
0.00170962
0.00171547
0.00172134
0.00172721
0.00173309
0.00173899
0.00174489
0.0017508
0.00175672
0.00176264
0.00176858
0.00177452
0.00178047
0.00178643
0.00179239
0.00179836
0.00180434
0.00181033
0.00181633
0.00182234
0.00182836
0.00183439
0.00184043
0.00184648
0.00160233
0.00160791
0.00161351
0.00161913
0.00162476
0.00163041
0.00163608
0.00164176
0.00164746
0.00165318
0.0016589
0.00166465
0.00167041
0.00167618
0.00168196
0.00168776
0.00169357
0.00169939
0.00170522
0.00171105
0.0017169
0.00172276
0.00172862
0.00173449
0.00174037
0.00174625
0.00175214
0.00175804
0.00176394
0.00176985
0.00177577
0.00178169
0.00178761
0.00179355
0.00179949
0.00180544
0.00181139
0.00181736
0.00182333
0.00182931
0.00158717
0.00159272
0.00159828
0.00160387
0.00160947
0.00161509
0.00162072
0.00162637
0.00163204
0.00163772
0.00164342
0.00164913
0.00165485
0.00166059
0.00166634
0.0016721
0.00167787
0.00168366
0.00168945
0.00169525
0.00170106
0.00170687
0.00171269
0.00171852
0.00172435
0.00173019
0.00173603
0.00174188
0.00174773
0.00175358
0.00175944
0.0017653
0.00177116
0.00177704
0.00178291
0.00178879
0.00179468
0.00180057
0.00180647
0.00181238
0.00157252
0.00157803
0.00158357
0.00158912
0.00159469
0.00160028
0.00160588
0.0016115
0.00161713
0.00162278
0.00162845
0.00163412
0.00163981
0.00164552
0.00165123
0.00165696
0.00166269
0.00166844
0.00167419
0.00167995
0.00168571
0.00169148
0.00169726
0.00170304
0.00170882
0.00171461
0.0017204
0.00172619
0.00173198
0.00173778
0.00174357
0.00174937
0.00175517
0.00176098
0.00176678
0.00177259
0.0017784
0.00178422
0.00179004
0.00179586
0.00155856
0.00156405
0.00156956
0.00157508
0.00158062
0.00158617
0.00159175
0.00159733
0.00160294
0.00160855
0.00161418
0.00161983
0.00162549
0.00163115
0.00163683
0.00164252
0.00164822
0.00165392
0.00165964
0.00166536
0.00167108
0.00167681
0.00168254
0.00168827
0.001694
0.00169974
0.00170547
0.0017112
0.00171694
0.00172267
0.0017284
0.00173414
0.00173987
0.0017456
0.00175133
0.00175707
0.0017628
0.00176853
0.00177427
0.00178001
0.00154555
0.00155101
0.00155649
0.00156198
0.0015675
0.00157302
0.00157857
0.00158412
0.0015897
0.00159528
0.00160088
0.0016065
0.00161212
0.00161776
0.0016234
0.00162906
0.00163472
0.00164039
0.00164606
0.00165174
0.00165742
0.0016631
0.00166878
0.00167447
0.00168015
0.00168583
0.00169151
0.00169719
0.00170286
0.00170853
0.0017142
0.00171987
0.00172553
0.00173119
0.00173684
0.0017425
0.00174815
0.0017538
0.00175945
0.0017651
0.00153378
0.00153921
0.00154466
0.00155013
0.00155562
0.00156112
0.00156664
0.00157217
0.00157772
0.00158328
0.00158885
0.00159443
0.00160003
0.00160564
0.00161125
0.00161687
0.0016225
0.00162813
0.00163377
0.00163941
0.00164505
0.00165069
0.00165633
0.00166196
0.0016676
0.00167323
0.00167885
0.00168447
0.00169009
0.0016957
0.0017013
0.0017069
0.00171249
0.00171807
0.00172366
0.00172923
0.00173481
0.00174037
0.00174594
0.0017515
0.00152359
0.001529
0.00153444
0.00153989
0.00154535
0.00155083
0.00155633
0.00156184
0.00156737
0.0015729
0.00157845
0.00158401
0.00158958
0.00159516
0.00160075
0.00160634
0.00161194
0.00161754
0.00162314
0.00162875
0.00163435
0.00163995
0.00164555
0.00165114
0.00165673
0.00166231
0.00166788
0.00167345
0.001679
0.00168455
0.00169009
0.00169563
0.00170115
0.00170667
0.00171217
0.00171767
0.00172317
0.00172865
0.00173413
0.0017396
0.00151541
0.00152081
0.00152623
0.00153167
0.00153712
0.00154259
0.00154807
0.00155356
0.00155907
0.00156459
0.00157012
0.00157567
0.00158122
0.00158677
0.00159234
0.00159791
0.00160348
0.00160906
0.00161463
0.0016202
0.00162577
0.00163134
0.0016369
0.00164246
0.001648
0.00165354
0.00165906
0.00166458
0.00167008
0.00167558
0.00168106
0.00168653
0.00169199
0.00169743
0.00170287
0.0017083
0.00171371
0.00171912
0.00172452
0.00172991
0.00150975
0.00151514
0.00152056
0.00152599
0.00153143
0.00153689
0.00154236
0.00154785
0.00155335
0.00155886
0.00156438
0.00156992
0.00157545
0.001581
0.00158655
0.0015921
0.00159766
0.00160321
0.00160877
0.00161432
0.00161986
0.0016254
0.00163093
0.00163645
0.00164196
0.00164746
0.00165295
0.00165842
0.00166387
0.00166932
0.00167474
0.00168016
0.00168556
0.00169094
0.00169631
0.00170167
0.00170702
0.00171235
0.00171767
0.00172298
0.00150719
0.00151259
0.00151801
0.00152344
0.00152889
0.00153435
0.00153983
0.00154532
0.00155082
0.00155633
0.00156185
0.00156738
0.00157292
0.00157846
0.00158401
0.00158955
0.0015951
0.00160065
0.00160619
0.00161172
0.00161725
0.00162277
0.00162828
0.00163378
0.00163926
0.00164473
0.00165018
0.00165562
0.00166104
0.00166644
0.00167182
0.00167718
0.00168253
0.00168786
0.00169317
0.00169847
0.00170375
0.00170902
0.00171427
0.0017195
0.00150846
0.00151387
0.00151931
0.00152476
0.00153022
0.0015357
0.00154119
0.0015467
0.00155221
0.00155774
0.00156327
0.00156882
0.00157436
0.00157991
0.00158547
0.00159102
0.00159657
0.00160212
0.00160766
0.0016132
0.00161872
0.00162424
0.00162973
0.00163522
0.00164069
0.00164614
0.00165157
0.00165698
0.00166236
0.00166773
0.00167308
0.00167841
0.00168371
0.001689
0.00169426
0.00169951
0.00170474
0.00170994
0.00171513
0.0017203
0.00151444
0.00151989
0.00152535
0.00153084
0.00153633
0.00154184
0.00154737
0.0015529
0.00155845
0.001564
0.00156957
0.00157514
0.00158071
0.00158629
0.00159186
0.00159744
0.00160301
0.00160858
0.00161413
0.00161968
0.00162522
0.00163074
0.00163624
0.00164173
0.00164719
0.00165264
0.00165806
0.00166346
0.00166884
0.00167419
0.00167951
0.00168482
0.00169009
0.00169535
0.00170058
0.00170579
0.00171097
0.00171613
0.00172128
0.0017264
0.00152623
0.00153174
0.00153725
0.00154279
0.00154834
0.0015539
0.00155948
0.00156506
0.00157066
0.00157626
0.00158187
0.00158749
0.00159311
0.00159873
0.00160435
0.00160997
0.00161558
0.00162118
0.00162678
0.00163236
0.00163792
0.00164347
0.001649
0.00165451
0.00165999
0.00166545
0.00167088
0.00167629
0.00168167
0.00168702
0.00169234
0.00169764
0.00170291
0.00170815
0.00171336
0.00171854
0.00172371
0.00172884
0.00173395
0.00173904
0.00154525
0.00155083
0.00155643
0.00156204
0.00156767
0.00157331
0.00157896
0.00158462
0.00159029
0.00159597
0.00160166
0.00160735
0.00161304
0.00161873
0.00162442
0.0016301
0.00163578
0.00164144
0.0016471
0.00165273
0.00165835
0.00166395
0.00166953
0.00167508
0.00168061
0.00168611
0.00169157
0.00169701
0.00170242
0.00170779
0.00171313
0.00171844
0.00172372
0.00172897
0.00173419
0.00173938
0.00174453
0.00174966
0.00175476
0.00175984
0.00157334
0.00157903
0.00158474
0.00159046
0.0015962
0.00160195
0.00160771
0.00161348
0.00161926
0.00162504
0.00163083
0.00163663
0.00164242
0.00164821
0.001654
0.00165979
0.00166556
0.00167132
0.00167706
0.00168279
0.0016885
0.00169418
0.00169984
0.00170546
0.00171106
0.00171663
0.00172216
0.00172766
0.00173312
0.00173855
0.00174394
0.00174929
0.00175461
0.0017599
0.00176515
0.00177036
0.00177555
0.0017807
0.00178582
0.0017909
0.00161301
0.00161885
0.00162471
0.00163058
0.00163647
0.00164237
0.00164828
0.0016542
0.00166012
0.00166606
0.001672
0.00167794
0.00168388
0.00168981
0.00169574
0.00170166
0.00170758
0.00171347
0.00171935
0.00172521
0.00173104
0.00173684
0.00174262
0.00174836
0.00175407
0.00175975
0.00176538
0.00177098
0.00177654
0.00178206
0.00178753
0.00179297
0.00179837
0.00180373
0.00180905
0.00181433
0.00181957
0.00182478
0.00182995
0.00183509
0.00166775
0.0016738
0.00167986
0.00168593
0.00169202
0.00169813
0.00170424
0.00171036
0.0017165
0.00172263
0.00172877
0.00173491
0.00174105
0.00174719
0.00175331
0.00175943
0.00176553
0.00177162
0.00177768
0.00178372
0.00178973
0.00179572
0.00180167
0.00180758
0.00181345
0.00181929
0.00182508
0.00183083
0.00183653
0.00184219
0.0018478
0.00185337
0.00185889
0.00186437
0.00186981
0.00187521
0.00188056
0.00188587
0.00189114
0.00189637
0.00174266
0.00174898
0.00175532
0.00176167
0.00176804
0.00177442
0.00178081
0.00178721
0.00179361
0.00180003
0.00180644
0.00181286
0.00181927
0.00182567
0.00183207
0.00183845
0.00184482
0.00185117
0.00185749
0.00186379
0.00187005
0.00187629
0.00188248
0.00188863
0.00189474
0.0019008
0.00190682
0.00191279
0.00191871
0.00192458
0.00193039
0.00193616
0.00194188
0.00194754
0.00195316
0.00195873
0.00196426
0.00196974
0.00197517
0.00198055
0.0018455
0.00185219
0.00185891
0.00186563
0.00187238
0.00187914
0.0018859
0.00189268
0.00189947
0.00190626
0.00191305
0.00191984
0.00192663
0.0019334
0.00194017
0.00194693
0.00195366
0.00196037
0.00196706
0.00197371
0.00198033
0.00198691
0.00199344
0.00199994
0.00200638
0.00201277
0.00201911
0.00202539
0.00203162
0.00203779
0.00204391
0.00204997
0.00205597
0.00206192
0.00206781
0.00207365
0.00207943
0.00208516
0.00209084
0.00209646
0.00198873
0.00199595
0.00200318
0.00201043
0.0020177
0.00202498
0.00203228
0.00203958
0.00204689
0.0020542
0.00206152
0.00206883
0.00207614
0.00208344
0.00209073
0.002098
0.00210525
0.00211247
0.00211967
0.00212682
0.00213394
0.00214102
0.00214804
0.00215502
0.00216194
0.0021688
0.0021756
0.00218235
0.00218902
0.00219564
0.00220219
0.00220867
0.0022151
0.00222145
0.00222775
0.00223398
0.00224015
0.00224626
0.00225231
0.0022583
0.00219383
0.00220179
0.00220977
0.00221776
0.00222578
0.00223381
0.00224185
0.0022499
0.00225796
0.00226603
0.0022741
0.00228216
0.00229022
0.00229827
0.0023063
0.00231432
0.00232231
0.00233027
0.0023382
0.00234608
0.00235393
0.00236172
0.00236946
0.00237714
0.00238476
0.00239231
0.0023998
0.00240721
0.00241455
0.00242182
0.00242902
0.00243614
0.00244318
0.00245016
0.00245706
0.00246388
0.00247064
0.00247732
0.00248393
0.00249047
0.00250106
0.00251013
0.00251922
0.00252833
0.00253746
0.00254661
0.00255577
0.00256494
0.00257413
0.00258332
0.00259251
0.0026017
0.00261089
0.00262006
0.00262922
0.00263835
0.00264746
0.00265653
0.00266557
0.00267456
0.0026835
0.00269238
0.0027012
0.00270995
0.00271864
0.00272724
0.00273577
0.00274422
0.00275258
0.00276086
0.00276905
0.00277715
0.00278516
0.00279308
0.00280092
0.00280867
0.00281633
0.00282391
0.0028314
0.00283881
0.00299578
0.00300663
0.0030175
0.0030284
0.00303932
0.00305026
0.00306123
0.00307221
0.0030832
0.0030942
0.0031052
0.0031162
0.0031272
0.00313818
0.00314915
0.0031601
0.00317101
0.00318188
0.00319271
0.00320349
0.00321422
0.00322487
0.00323545
0.00324596
0.00325638
0.00326671
0.00327695
0.00328709
0.00329713
0.00330707
0.0033169
0.00332662
0.00333624
0.00334575
0.00335515
0.00336444
0.00337363
0.0033827
0.00339168
0.00340055
0.00389996
0.00391399
0.00392804
0.00394214
0.00395626
0.00397042
0.0039846
0.00399881
0.00401303
0.00402727
0.00404152
0.00405577
0.00407001
0.00408425
0.00409847
0.00411266
0.00412682
0.00414094
0.004155
0.00416901
0.00418295
0.00419681
0.00421059
0.00422427
0.00423785
0.00425132
0.00426468
0.00427792
0.00429104
0.00430402
0.00431688
0.0043296
0.00434219
0.00435465
0.00436697
0.00437916
0.00439121
0.00440314
0.00441494
0.00442661
0.0555631
1.68118
4.98503
3.73206
2.41678
1.53144
1.1766
1.02905
0.809597
0.612739
0.413264
0.398216
0.317307
0.281483
0.266453
0.260143
0.254941
0.24624
0.23097
0.208138
0.177191
0.124753
0.0921319
0.0754666
0.068313
0.0655138
0.0660156
0.0696032
0.0759602
0.084359
0.0935957
0.100451
0.0937479
0.0838405
0.0756149
0.0683609
0.0618973
0.0561645
0.0511126
0.0466844
0.0428065
0.0393965
0.0363736
0.0336531
0.0311733
0.0289226
0.026882
0.0250384
0.0233742
0.0218726
0.0205189
0.0193005
0.0182062
0.0172253
0.0163471
0.0155614
0.0148589
0.0142307
0.0136691
0.0131676
0.0127205
0.0123228
0.0119704
0.0116594
0.0113864
0.0111478
0.0109405
0.0107615
0.0106077
0.0104764
0.010365
0.0102708
0.0101918
0.0101257
0.0100708
0.0100253
0.00998792
0.00995726
0.00993225
0.00991193
0.0769427
1.71039
4.99602
3.92571
2.73321
1.88543
1.49913
1.03087
0.810842
0.613789
0.414119
0.398948
0.478506
0.41867
0.388228
0.374267
0.363439
0.346395
0.316065
0.270513
0.211401
0.126388
0.0928741
0.0758576
0.0686167
0.0657853
0.0662755
0.0698657
0.076236
0.0846583
0.093929
0.100837
0.0941676
0.0842176
0.0759645
0.0686868
0.0622002
0.0564444
0.0513702
0.0469204
0.0430224
0.0395937
0.0365537
0.0338175
0.0313233
0.0290594
0.0270066
0.0251517
0.0234771
0.0219659
0.0206033
0.0193766
0.0182747
0.0172868
0.016402
0.0156104
0.0149024
0.0142692
0.0137031
0.0131974
0.0127465
0.0123454
0.0119899
0.0116762
0.0114006
0.0111598
0.0109506
0.0107699
0.0106147
0.0104821
0.0103695
0.0102744
0.0101945
0.0101278
0.0100723
0.0100264
0.00998862
0.00995764
0.00993238
0.00991185
0.127316
1.7768
5.01945
4.26244
3.16111
2.31522
1.88324
1.36811
1.12278
0.911609
0.698481
0.628415
0.659879
0.574456
0.529828
0.510333
0.496593
0.474196
0.431277
0.363787
0.274365
0.149605
0.0956027
0.0766696
0.0692471
0.0663492
0.0668153
0.0704104
0.0768077
0.0852782
0.0946189
0.101635
0.0950388
0.0849998
0.0766894
0.0693626
0.0628283
0.0570251
0.0519044
0.0474101
0.0434703
0.0400029
0.0369273
0.0341585
0.0316347
0.0293435
0.0272653
0.0253869
0.0236907
0.0221595
0.0207784
0.0195347
0.018417
0.0174144
0.0165163
0.0157123
0.0149929
0.0143493
0.0137737
0.0132594
0.0128006
0.0123924
0.0120305
0.011711
0.0114303
0.0111849
0.0109717
0.0107874
0.0106291
0.0104938
0.0103789
0.0102819
0.0102004
0.0101322
0.0100756
0.0100287
0.00999008
0.00995845
0.00993265
0.0099117
0.221453
1.88669
5.05712
4.64383
3.60497
2.75317
2.27493
1.75811
1.47915
1.24374
1.00612
0.881052
0.843746
0.73197
0.674043
0.650337
0.635489
0.610117
0.557425
0.470708
0.353824
0.198676
0.106936
0.0781518
0.0702335
0.067232
0.0676606
0.0712633
0.0777028
0.0862483
0.0956976
0.102883
0.0964012
0.0862224
0.0778223
0.0704186
0.0638096
0.0579324
0.0527391
0.0481754
0.0441703
0.0406426
0.0375115
0.034692
0.0321218
0.0297879
0.0276703
0.0257552
0.0240253
0.0224629
0.021053
0.0197825
0.0186402
0.0176148
0.0166956
0.0158724
0.0151352
0.0144753
0.0138849
0.013357
0.0128859
0.0124666
0.0120946
0.011766
0.0114772
0.0112246
0.011005
0.0108151
0.0106519
0.0105124
0.0103939
0.0102937
0.0102096
0.0101392
0.0100807
0.0100323
0.00999241
0.00995974
0.00993309
0.00991145
0.382396
2.04371
5.11022
5.02902
4.04174
3.18703
2.6655
2.14982
1.83829
1.57698
1.31241
1.13271
1.02768
0.889005
0.818333
0.791164
0.776437
0.750086
0.690466
0.587584
0.446142
0.265961
0.134163
0.0815054
0.071606
0.0684606
0.0688378
0.0724514
0.0789493
0.0875988
0.097198
0.104615
0.0982942
0.0879203
0.0793951
0.0718846
0.0651719
0.0591919
0.0538981
0.0492381
0.0451426
0.0415313
0.0383233
0.0354335
0.0327991
0.0304062
0.0282338
0.026268
0.0244914
0.0228858
0.0214359
0.0201285
0.0189519
0.0178949
0.0169465
0.0160963
0.0153345
0.014652
0.0140408
0.013494
0.0130057
0.0125707
0.0121846
0.0118434
0.0115432
0.0112805
0.0110519
0.0108541
0.010684
0.0105386
0.010415
0.0103104
0.0102226
0.0101491
0.010088
0.0100374
0.00999571
0.00996157
0.00993373
0.00991113
0.640238
2.24813
5.17898
5.39997
4.4831
3.61055
3.0506
2.53489
2.19366
1.90615
1.61328
1.37974
1.21035
1.04471
0.961787
0.931538
0.917697
0.891982
0.828241
0.712808
0.550403
0.347611
0.179185
0.0904984
0.0734833
0.0700609
0.0703722
0.0740007
0.0805747
0.0893591
0.099152
0.106867
0.100755
0.0901261
0.0814377
0.0737881
0.0669408
0.0608276
0.0554034
0.0506186
0.0464061
0.0426864
0.0393789
0.036398
0.0336805
0.0312112
0.0289679
0.0269364
0.0250992
0.0234377
0.021936
0.0205806
0.0193596
0.0182616
0.0172753
0.0163902
0.0155962
0.0148841
0.0142459
0.0136744
0.0131636
0.0127082
0.0123036
0.0119456
0.0116305
0.0113544
0.011114
0.0109059
0.0107267
0.0105734
0.010443
0.0103326
0.0102398
0.0101622
0.0100976
0.0100441
0.0100001
0.00996403
0.00993459
0.00991071
1.02339
2.49645
5.26265
5.73863
4.89601
4.01757
3.42606
2.90893
2.54157
2.22803
1.90586
1.61991
1.39048
1.19845
1.10384
1.07068
1.05813
1.03423
0.968866
0.844708
0.665734
0.442646
0.241003
0.110833
0.076584
0.0720573
0.072288
0.075936
0.0826053
0.0915572
0.101589
0.10967
0.103818
0.0928692
0.0839768
0.076154
0.0691393
0.0628606
0.0572748
0.0523353
0.0479778
0.0441238
0.040693
0.0375993
0.0347788
0.0322148
0.0298836
0.0277709
0.0258587
0.0241278
0.022562
0.0211471
0.019871
0.018722
0.0176885
0.0167599
0.0159258
0.0151769
0.0145049
0.0139025
0.0133635
0.0128824
0.0124545
0.0120755
0.0117415
0.0114486
0.0111932
0.0109719
0.0107812
0.0106178
0.0104787
0.010361
0.010262
0.010179
0.01011
0.0100528
0.0100058
0.00996719
0.00993573
0.0099102
1.53875
2.78157
5.35966
6.01369
5.26091
4.42306
3.78746
3.26803
2.87851
2.5395
2.18734
1.85112
1.56676
1.34966
1.24409
1.20807
1.19692
1.17563
1.11065
0.981355
0.790645
0.550534
0.318765
0.147174
0.0832614
0.0744724
0.0746072
0.0782805
0.0850654
0.0942194
0.104538
0.113052
0.107512
0.0961757
0.0870359
0.0790038
0.0717875
0.0653098
0.0595297
0.0544045
0.0498728
0.0458577
0.0422788
0.0390497
0.0361055
0.0334278
0.0309914
0.028781
0.0267788
0.0249647
0.0233218
0.0218355
0.0204932
0.0192828
0.0181926
0.0172115
0.0163291
0.0155356
0.0148227
0.0141827
0.0136094
0.013097
0.0126407
0.0122359
0.0118787
0.0115651
0.0112913
0.0110538
0.0108488
0.0106731
0.0105233
0.0103964
0.0102895
0.0102
0.0101255
0.0100637
0.0100128
0.00997116
0.00993717
0.0099096
2.15441
3.0935
5.46784
6.18828
5.59698
4.81906
4.13013
3.60855
3.20098
2.83749
2.45496
2.07125
1.7379
1.49788
1.38224
1.34336
1.33354
1.31528
1.25212
1.12069
0.922991
0.670178
0.411996
0.201471
0.0977305
0.0778291
0.0773501
0.0810551
0.0879776
0.0973696
0.108022
0.117038
0.111866
0.100068
0.0906354
0.0823563
0.0749029
0.0681915
0.0621834
0.0568404
0.0521047
0.0479007
0.0441483
0.0407604
0.0376712
0.0348602
0.0323004
0.0299758
0.0278681
0.0259566
0.0242233
0.0226532
0.0212332
0.0199508
0.0187938
0.017751
0.0168115
0.0159655
0.0152041
0.0145196
0.0139055
0.0133558
0.0128656
0.0124301
0.0120451
0.0117066
0.0114106
0.0111534
0.0109312
0.0107404
0.0105776
0.0104396
0.0103232
0.0102257
0.0101444
0.0100771
0.0100216
0.00997607
0.00993899
0.00990891
2.81072
3.42081
5.58444
6.27203
5.90447
5.15673
4.44936
3.9272
3.50572
3.11911
2.7062
2.27843
1.90276
1.64272
1.51811
1.47634
1.46763
1.45252
1.39207
1.26071
1.06015
0.799609
0.519944
0.273952
0.125364
0.0838086
0.0805353
0.084279
0.0913622
0.10103
0.112066
0.121651
0.116901
0.104566
0.0947928
0.0862278
0.0785005
0.0715198
0.0652494
0.0596558
0.0546852
0.050264
0.046312
0.0427415
0.0394854
0.036521
0.0338194
0.0313633
0.0291344
0.0271108
0.0252736
0.0236071
0.0220976
0.0207322
0.0194983
0.0183842
0.0173787
0.0164717
0.015654
0.0149178
0.0142562
0.0136629
0.0131329
0.0126612
0.0122435
0.0118756
0.0115533
0.0112728
0.0110301
0.0108213
0.010643
0.0104916
0.0103638
0.0102567
0.0101673
0.0100932
0.0100321
0.00998206
0.00994124
0.00990815
3.45293
3.75253
5.70606
6.31733
6.18315
5.44443
4.76113
4.22132
3.78996
3.38191
2.93904
2.47122
2.06044
1.78394
1.65165
1.60699
1.59902
1.58692
1.52956
1.39958
1.1993
0.93604
0.641059
0.364144
0.170634
0.0954425
0.0845897
0.0879694
0.0952376
0.105219
0.116688
0.126909
0.122641
0.109688
0.0995237
0.0906325
0.082594
0.0753077
0.0687398
0.0628622
0.0576254
0.0529579
0.0487797
0.0450021
0.0415568
0.0384185
0.0355561
0.0329512
0.030585
0.0284344
0.0264795
0.0247037
0.0230929
0.0216332
0.0203119
0.0191167
0.018036
0.0170595
0.0161776
0.0153821
0.0146658
0.0140224
0.0134464
0.0129329
0.0124772
0.012075
0.011722
0.0114141
0.0111473
0.0109174
0.0107208
0.0105536
0.0104123
0.0102936
0.0101946
0.0101125
0.0100448
0.00998928
0.00994401
0.00990732
4.05017
4.0802
5.82842
6.36041
6.42685
5.70092
5.0393
4.4889
4.05175
3.62421
3.15228
2.64894
2.21046
1.92146
1.78293
1.7354
1.72773
1.71825
1.66391
1.53579
1.3377
1.07612
0.772759
0.470961
0.235865
0.117545
0.0908306
0.0921426
0.0996209
0.109956
0.12191
0.13283
0.129104
0.115448
0.104842
0.0955837
0.0871958
0.0795671
0.072666
0.0664703
0.0609355
0.0559922
0.0515606
0.0475511
0.0438937
0.0405605
0.037518
0.0347466
0.0322268
0.0299341
0.0278475
0.0259494
0.0242249
0.0226598
0.0212403
0.0199541
0.018789
0.0177341
0.0167796
0.015917
0.0151388
0.0144384
0.0138101
0.0132487
0.0127494
0.0123078
0.0119193
0.0115798
0.0112849
0.0110305
0.0108124
0.0106266
0.0104695
0.0103374
0.010227
0.0101355
0.0100599
0.00999791
0.00994738
0.00990643
4.59279
4.39934
5.94599
6.42262
6.61878
5.92661
5.27368
4.74659
4.29032
3.84537
3.34584
2.81191
2.35284
2.0554
1.91219
1.86184
1.85391
1.84651
1.79471
1.66817
1.47297
1.21632
0.911491
0.592389
0.321398
0.155828
0.101769
0.0971813
0.104528
0.115258
0.127747
0.139431
0.13631
0.121864
0.110762
0.101094
0.0923183
0.0843099
0.0770395
0.0704911
0.0646258
0.0593765
0.0546639
0.0503971
0.0465043
0.0429548
0.0397125
0.0367566
0.0340666
0.0316164
0.0293838
0.0273502
0.0254997
0.0238175
0.0222892
0.0209018
0.0196426
0.0185004
0.017465
0.0165273
0.0156797
0.0149152
0.0142279
0.0136123
0.0130636
0.0125771
0.0121482
0.0117724
0.0114453
0.0111624
0.0109194
0.0107122
0.0105366
0.0103888
0.0102652
0.0101625
0.0100777
0.0100082
0.00995146
0.00990552
5.08216
4.70937
6.05168
6.52058
6.74404
6.12264
5.48277
4.9733
4.50601
4.04595
3.52086
2.96153
2.48809
2.18606
2.03977
1.98672
1.97791
1.97184
1.92184
1.79599
1.60328
1.35335
1.05305
0.725247
0.426042
0.21492
0.121699
0.104274
0.109974
0.12114
0.134218
0.146729
0.144279
0.12895
0.117297
0.107177
0.0979742
0.0895483
0.0818719
0.0749358
0.0687069
0.0631211
0.0580991
0.0535489
0.0493969
0.0456092
0.042147
0.0389882
0.036111
0.0334878
0.0310947
0.0289121
0.0269231
0.025112
0.0234639
0.021965
0.0206022
0.0193636
0.0182386
0.0172178
0.016293
0.0154571
0.0147039
0.0140277
0.0134234
0.0128863
0.0124115
0.0119945
0.0116306
0.0113152
0.0110437
0.0108117
0.0106147
0.0104487
0.0103098
0.0101942
0.0100987
0.0100203
0.00995639
0.00990461
5.52281
5.01192
6.13737
6.65946
6.814
6.28931
5.66803
5.16307
4.70041
4.22758
3.67954
3.10002
2.61719
2.31394
2.16621
2.11057
2.10016
2.09456
2.04541
1.91893
1.72742
1.4845
1.19311
0.865235
0.547215
0.296887
0.156661
0.115708
0.116273
0.127619
0.14134
0.154739
0.153032
0.136724
0.124463
0.113847
0.104177
0.0952956
0.0871762
0.0798166
0.0731904
0.0672366
0.0618763
0.0570161
0.0525804
0.048532
0.0448293
0.0414488
0.0383673
0.0355549
0.0329866
0.0306412
0.0285009
0.0265491
0.02477
0.0231491
0.0216727
0.0203285
0.0191051
0.0179928
0.0169832
0.0160684
0.0152422
0.0144987
0.0138325
0.0132387
0.0127125
0.012249
0.0118435
0.0114911
0.0111872
0.0109268
0.0107053
0.0105184
0.0103616
0.0102311
0.0101232
0.0100346
0.0099623
0.00990373
5.91884
5.30817
6.19612
6.83947
6.85895
6.42633
5.83009
5.33268
4.87552
4.39258
3.82467
3.23013
2.74141
2.43972
2.29215
2.23405
2.22122
2.2151
2.16574
2.03705
1.84483
1.6079
1.32775
1.00732
0.680923
0.400996
0.212873
0.135462
0.124491
0.13471
0.14913
0.163482
0.162593
0.145205
0.132275
0.121119
0.110942
0.101567
0.0929664
0.0851469
0.078089
0.0717349
0.0660065
0.060809
0.0560644
0.0517322
0.0477676
0.0441463
0.0408426
0.0378248
0.0350661
0.0325438
0.0302391
0.0281344
0.0262128
0.0244594
0.0228594
0.0214001
0.0200694
0.0188573
0.0177546
0.0167534
0.015847
0.0150292
0.0142946
0.0136379
0.0130543
0.0125389
0.0120867
0.0116926
0.0113518
0.0110592
0.0108098
0.0105988
0.0104217
0.010274
0.0101518
0.0100514
0.00996937
0.00990294
6.27276
5.59676
6.22621
7.05206
6.90608
6.53474
5.96807
5.48214
5.03252
4.54313
3.95906
3.35458
2.86217
2.56425
2.41841
2.35793
2.3417
2.33397
2.28326
2.15068
1.95552
1.72257
1.45395
1.14637
0.821908
0.524072
0.294317
0.169617
0.136744
0.14254
0.157609
0.172976
0.172988
0.154413
0.140753
0.129011
0.118287
0.108378
0.0992583
0.0909418
0.0834167
0.0766291
0.0705018
0.0649387
0.0598592
0.0552194
0.050971
0.047089
0.043545
0.040305
0.0373403
0.0346266
0.0321441
0.0298738
0.0277982
0.0259012
0.0241674
0.0225833
0.0211363
0.0198156
0.0186118
0.0175164
0.0165224
0.0156233
0.0148134
0.0140875
0.0134405
0.0128673
0.0123629
0.0119222
0.0115399
0.0112108
0.0109297
0.0106914
0.010491
0.0103237
0.010185
0.0100709
0.00997779
0.0099023
6.58577
5.87355
6.23402
7.27705
6.97458
6.61679
6.08381
5.60862
5.16959
4.67987
4.08456
3.47552
2.98081
2.68851
2.54593
2.48307
2.46227
2.4517
2.39848
2.26034
2.0599
1.82833
1.56986
1.27792
0.96415
0.660889
0.401127
0.225363
0.156669
0.151886
0.166795
0.183245
0.184245
0.164372
0.149918
0.137543
0.12623
0.115748
0.10607
0.0972179
0.0891892
0.0819339
0.0753759
0.0694177
0.0639765
0.0590041
0.0544493
0.0502863
0.0464831
0.0430035
0.0398166
0.0368967
0.0342225
0.0317738
0.0295321
0.0274802
0.0256021
0.0238832
0.0223106
0.0208726
0.0195593
0.0183618
0.0172726
0.0162849
0.015393
0.0145911
0.0138743
0.0132374
0.0126752
0.0121824
0.0117538
0.0113838
0.0110669
0.0107976
0.0105707
0.0103809
0.0102234
0.0100938
0.0099878
0.0099019
6.85841
6.13277
6.23316
7.48377
7.07329
6.6771
6.18415
5.71158
5.281
4.79949
4.20059
3.59356
3.09838
2.8136
2.67574
2.61039
2.58366
2.5688
2.51191
2.3666
2.15862
1.92559
1.67473
1.39866
1.10164
0.80466
0.529396
0.30825
0.19006
0.16454
0.176714
0.194313
0.196396
0.175109
0.159793
0.146737
0.134793
0.123697
0.11342
0.103994
0.0954237
0.0876652
0.0806436
0.0742599
0.0684287
0.063098
0.0582134
0.0537482
0.0496663
0.045929
0.0425033
0.0393617
0.0364814
0.033841
0.0314206
0.0292023
0.0271689
0.0253052
0.0235973
0.0220329
0.0206016
0.0192938
0.0181017
0.0170181
0.016037
0.0151525
0.0143594
0.0136526
0.0130266
0.0124762
0.011996
0.0115802
0.0112231
0.0109189
0.010662
0.0104467
0.0102678
0.0101203
0.00999968
0.00990183
7.09124
6.36891
6.23864
7.64646
7.19955
6.72429
6.27474
5.80175
5.36619
4.89446
4.30139
3.70599
3.21489
2.94059
2.80897
2.74087
2.70657
2.68574
2.62396
2.47001
2.25236
2.0151
1.76875
1.50673
1.22924
0.947788
0.671871
0.419173
0.244396
0.183407
0.187655
0.206209
0.209478
0.186655
0.170406
0.156619
0.144
0.132248
0.121332
0.11129
0.10214
0.093841
0.0863212
0.0794801
0.0732297
0.0675138
0.0622751
0.0574856
0.0531047
0.049091
0.0454092
0.0420297
0.0389284
0.0360824
0.0334705
0.0310737
0.0288738
0.0268546
0.0250015
0.0233015
0.0217433
0.020317
0.019014
0.017827
0.0167494
0.0157753
0.0148993
0.0141161
0.0134203
0.0128064
0.0122691
0.0118024
0.0114004
0.011057
0.0107663
0.0105221
0.0103189
0.0101511
0.0100137
0.00990222
7.28535
6.57809
6.26143
7.74546
7.34552
6.76768
6.3555
5.894
5.44035
4.96484
4.37849
3.80315
3.32758
3.07003
2.94674
2.87551
2.83177
2.80289
2.73488
2.57091
2.34171
2.0977
1.85262
1.60154
1.34325
1.08288
0.819102
0.553026
0.326216
0.213171
0.200632
0.218965
0.22353
0.199043
0.181786
0.167217
0.153878
0.141427
0.129828
0.11913
0.109358
0.100481
0.0924267
0.085095
0.0783947
0.0722653
0.0666473
0.0615106
0.0568096
0.0524998
0.0485437
0.0449097
0.0415718
0.0385056
0.0356888
0.0331009
0.0307228
0.0285372
0.0265287
0.0246833
0.0229893
0.0214358
0.0200139
0.0187156
0.0175342
0.0164634
0.0154976
0.0146314
0.0138594
0.0131761
0.0125759
0.0120528
0.0116009
0.0112138
0.010885
0.0106084
0.0103776
0.0101868
0.0100303
0.00990323
7.44302
6.75875
6.30548
7.77234
7.49856
6.82063
6.42374
5.99359
5.52504
5.02638
4.43561
3.87527
3.42713
3.20052
3.0899
3.01526
2.96004
2.92049
2.84474
2.66945
2.42699
2.17404
1.92726
1.68344
1.44159
1.20378
0.960931
0.699545
0.43705
0.260362
0.217551
0.232616
0.238598
0.212311
0.193967
0.178561
0.164457
0.151262
0.138936
0.127537
0.117102
0.107605
0.0989795
0.0911222
0.0839397
0.0773673
0.0713439
0.065836
0.0607928
0.0561666
0.0519174
0.0480112
0.0444204
0.041119
0.0380831
0.035291
0.0327225
0.0303591
0.0281844
0.0261837
0.0243444
0.0226549
0.0211057
0.0196882
0.0183954
0.0172206
0.016158
0.0152021
0.0143473
0.0135883
0.0129192
0.0123342
0.011827
0.0113911
0.01102
0.0107068
0.0104449
0.010228
0.0100499
0.00990508
7.56806
6.91186
6.36824
7.7324
7.64309
6.89539
6.47972
6.09004
5.64184
5.10249
4.48894
3.93152
3.50178
3.32503
3.23844
3.16101
3.09213
3.03866
2.95328
2.76542
2.50815
2.24445
1.99344
1.75316
1.52357
1.30626
1.08823
0.845731
0.570687
0.331632
0.241346
0.247288
0.254728
0.226501
0.206986
0.190686
0.175768
0.161783
0.148685
0.136539
0.125396
0.115238
0.106001
0.097581
0.0898825
0.0828359
0.0763801
0.0704759
0.0650673
0.0601034
0.0555411
0.0513444
0.0474837
0.0439312
0.0406615
0.0376516
0.0348797
0.0323266
0.0299746
0.0278082
0.0258138
0.0239791
0.0222939
0.020749
0.019337
0.0180507
0.0168841
0.0158316
0.0148874
0.0140461
0.013302
0.0126491
0.012081
0.0115912
0.0111728
0.0108187
0.0105219
0.0102756
0.010073
0.00990802
7.66572
7.0406
6.44387
7.64239
7.76345
6.99037
6.52794
6.1683
5.78908
5.23127
4.56263
3.99003
3.56076
3.42782
3.38941
3.31325
3.22874
3.15735
3.05994
2.85822
2.58472
2.30884
2.05162
1.81156
1.58957
1.3884
1.19453
0.979039
0.714097
0.429833
0.276276
0.263667
0.271976
0.241659
0.220883
0.203629
0.187846
0.173024
0.159105
0.146164
0.134267
0.123404
0.113513
0.104492
0.0962418
0.0886886
0.0817721
0.0754454
0.0696471
0.0643229
0.0594269
0.0549204
0.0507719
0.0469517
0.0434327
0.0401904
0.0372019
0.0344466
0.0319056
0.0295626
0.0274029
0.0254134
0.0235832
0.0219025
0.0203631
0.0189576
0.0176798
0.0165235
0.0154831
0.014553
0.0137274
0.0130004
0.0123656
0.0118163
0.0113455
0.0109459
0.01061
0.0103305
0.0101002
0.00991237
7.74182
7.14966
6.52697
7.52301
7.8465
7.10139
6.57727
6.22565
5.92322
5.45296
4.71261
4.07825
3.62439
3.51014
3.53248
3.47126
3.37028
3.27637
3.16376
2.94683
2.65583
2.36674
2.1019
1.85938
1.64069
1.45056
1.27711
1.09046
0.851714
0.550192
0.327448
0.283169
0.290398
0.257837
0.235704
0.217432
0.20073
0.185021
0.170231
0.156445
0.143744
0.132128
0.12154
0.111877
0.103037
0.0949442
0.0875372
0.0807605
0.0745471
0.0688391
0.0635875
0.0587509
0.0542958
0.0501904
0.0464059
0.0429162
0.0396969
0.0367262
0.0339841
0.0314529
0.0291173
0.026963
0.0249785
0.0231531
0.0214781
0.0199455
0.0185488
0.0172816
0.0161379
0.0151121
0.0141985
0.013391
0.0126834
0.0120688
0.0115402
0.0110899
0.0107104
0.0103937
0.0101323
0.00991854
7.80145
7.24387
6.61474
7.39235
7.88304
7.22143
6.63935
6.27075
6.01197
5.69536
5.04919
4.27102
3.72541
3.59601
3.66161
3.63046
3.51633
3.39535
3.26355
3.02983
2.72027
2.41743
2.1442
1.89734
1.67867
1.49508
1.3371
1.17636
0.970778
0.680311
0.398801
0.307705
0.310058
0.275092
0.251498
0.232138
0.214462
0.197811
0.182098
0.167415
0.153859
0.14144
0.130107
0.119759
0.11029
0.101623
0.0936939
0.0864383
0.0797831
0.0736666
0.0680365
0.0628485
0.058067
0.053658
0.0495909
0.0458379
0.0423731
0.0391731
0.036217
0.0334857
0.0309629
0.0286335
0.0264848
0.0245055
0.0226863
0.0210185
0.0194951
0.0181094
0.0168553
0.0157269
0.0147185
0.013824
0.0130372
0.0123513
0.0117591
0.0112529
0.0108247
0.0104665
0.01017
0.00992704
7.84808
7.32699
6.70661
7.26354
7.86777
7.34027
6.72333
6.31756
6.06612
5.85075
5.46517
4.73655
3.9583
3.72768
3.79568
3.78474
3.66436
3.51366
3.35804
3.1056
2.77681
2.46026
2.17856
1.92642
1.70584
1.52567
1.37853
1.23839
1.06497
0.80497
0.489961
0.339719
0.331019
0.293486
0.268319
0.247797
0.229085
0.211437
0.194744
0.179109
0.164643
0.151369
0.139242
0.128162
0.118022
0.108745
0.100262
0.0924968
0.0853717
0.0788208
0.0727881
0.0672264
0.0620977
0.0573659
0.0529982
0.0489651
0.0452391
0.0417955
0.0386118
0.0356678
0.0329462
0.0304305
0.0281075
0.0259648
0.0239923
0.0221808
0.0205226
0.0190108
0.0176389
0.0164008
0.0152907
0.0143025
0.01343
0.0126664
0.0120046
0.0114367
0.0109547
0.0105501
0.0102143
0.0099385
7.88361
7.40114
6.80241
7.14666
7.79945
7.44408
6.82755
6.37983
6.10867
5.92568
5.72069
5.29257
4.52019
4.00169
3.97439
3.9414
3.80884
3.63004
3.44621
3.1727
2.82457
2.49508
2.20545
1.94802
1.72491
1.54644
1.40658
1.28149
1.13468
0.912389
0.594364
0.381812
0.353347
0.313088
0.286228
0.264463
0.244648
0.225942
0.208211
0.191565
0.176131
0.161946
0.148973
0.137113
0.126256
0.116333
0.107261
0.098955
0.0913306
0.084318
0.0778574
0.0718986
0.0664009
0.0613259
0.0566387
0.052308
0.0483045
0.0446019
0.0411763
0.0380065
0.0350736
0.0323603
0.0298522
0.027536
0.0254008
0.0234368
0.0216356
0.0199897
0.0184925
0.0171373
0.0159184
0.0148297
0.0138648
0.013017
0.0122793
0.0116438
0.0111024
0.0106463
0.0102665
0.00995371
7.90885
7.46695
6.90091
7.05084
7.68254
7.51562
6.94499
6.46636
6.1591
5.97034
5.82722
5.60356
5.13194
4.51491
4.24444
4.11924
3.94904
3.74225
3.52761
3.23045
2.86348
2.52248
2.22599
1.96398
1.7386
1.56108
1.42608
1.31147
1.18459
0.997696
0.701047
0.435724
0.377103
0.333975
0.305291
0.282195
0.261205
0.241374
0.222541
0.204822
0.188361
0.173205
0.159329
0.146636
0.13502
0.124411
0.114714
0.105833
0.0976782
0.0901752
0.0832603
0.0768797
0.07099
0.0655506
0.060524
0.0558771
0.0515788
0.0476012
0.0439189
0.0405092
0.0373521
0.0344291
0.0317246
0.0292245
0.0269168
0.0247911
0.0228382
0.0210502
0.0194197
0.0179401
0.0166052
0.0154089
0.0143447
0.013406
0.0125859
0.0118766
0.0112698
0.0107566
0.0103279
0.00997365
7.92426
7.52429
6.99965
6.98437
7.5298
7.5371
7.06113
6.57616
6.23378
6.01615
5.87794
5.72144
5.44762
5.00883
4.5902
4.32836
4.09348
3.85011
3.60256
3.27933
2.89454
2.54384
2.2418
1.97623
1.74923
1.57242
1.44073
1.33331
1.22058
1.0622
0.799276
0.500925
0.40266
0.356233
0.325583
0.301058
0.278815
0.257787
0.237782
0.218921
0.201367
0.185181
0.170342
0.156761
0.144338
0.133002
0.122641
0.113151
0.104434
0.0964102
0.089013
0.0821847
0.0758791
0.0700528
0.0646661
0.0596836
0.0550724
0.0508029
0.0468481
0.0431839
0.039789
0.0366436
0.0337309
0.0310359
0.0285455
0.0262484
0.0241349
0.0221962
0.0204245
0.0188128
0.0173546
0.0160434
0.014873
0.0138367
0.0129275
0.0121377
0.0114593
0.0108833
0.0104002
0.00999953
7.93029
7.57298
7.09581
6.95282
7.36263
7.49747
7.15439
6.69994
6.33447
6.0821
5.92082
5.77148
5.56306
5.26814
4.89124
4.5444
4.2439
3.95902
3.67341
3.32128
2.91972
2.56099
2.25467
1.98659
1.75861
1.58244
1.45306
1.35059
1.24772
1.11038
0.882499
0.573833
0.430784
0.379958
0.347188
0.321128
0.297542
0.275238
0.253984
0.233908
0.215191
0.197906
0.182043
0.167514
0.154238
0.142132
0.131068
0.12093
0.111616
0.103041
0.0951326
0.0878295
0.0810827
0.0748461
0.0690774
0.0637389
0.0587959
0.0542167
0.049973
0.0460389
0.0423919
0.0390107
0.0358775
0.032976
0.0302922
0.0278138
0.0255303
0.0234321
0.021511
0.0197593
0.0181701
0.0167369
0.0154531
0.0143121
0.013307
0.0124302
0.0116737
0.0110285
0.0104852
0.0100328
7.92759
7.61314
7.18697
6.9569
7.20681
7.40138
7.20246
6.81917
6.45594
6.17468
5.97662
5.80939
5.61045
5.3725
5.06525
4.71957
4.38512
4.07059
3.74639
3.36014
2.94179
2.57601
2.26631
1.99653
1.76809
1.59257
1.46479
1.36573
1.2697
1.14715
0.949227
0.64864
0.462101
0.405251
0.3702
0.342488
0.317461
0.29379
0.271203
0.24983
0.229872
0.211418
0.194464
0.17893
0.164751
0.151828
0.140017
0.129194
0.119247
0.110087
0.101636
0.09383
0.0866157
0.0799442
0.0737706
0.0680549
0.0627601
0.0578528
0.0533028
0.0490827
0.0451685
0.0415377
0.038171
0.0350509
0.0321625
0.0294923
0.027029
0.0247623
0.0226832
0.0207833
0.0190555
0.0174929
0.0160885
0.0148358
0.0137277
0.012757
0.0119157
0.0111949
0.0105852
0.0100754
7.91709
7.64515
7.27137
6.99234
7.08546
7.27098
7.19344
6.91059
6.583
6.29137
6.0582
5.85658
5.64425
5.41866
5.14812
4.83122
4.49748
4.17752
3.82599
3.40236
2.96414
2.59092
2.2781
2.0072
1.77875
1.6039
1.47719
1.38035
1.28902
1.17654
1.00137
0.719435
0.496734
0.432221
0.394726
0.365235
0.338656
0.313518
0.289502
0.266742
0.245458
0.225754
0.207637
0.19104
0.175907
0.162117
0.149515
0.137964
0.127346
0.117566
0.108541
0.100202
0.0924929
0.085361
0.0787586
0.0726433
0.066976
0.0617212
0.0568469
0.052324
0.048127
0.0442318
0.040618
0.0372668
0.034162
0.0312892
0.028636
0.0261913
0.0239453
0.021889
0.0200147
0.018315
0.0167828
0.0154112
0.0141932
0.0131216
0.0121886
0.0113854
0.0107029
0.0101294
7.89982
7.66953
7.34763
7.05155
7.01322
7.1379
7.13482
6.95644
6.69409
6.41955
6.16496
5.92784
5.68517
5.45155
5.19037
4.89514
4.57705
4.26933
3.91143
3.45453
2.99166
2.60805
2.29141
2.01965
1.79152
1.61735
1.49118
1.39554
1.30732
1.20151
1.04229
0.782071
0.534172
0.460977
0.420878
0.389476
0.361225
0.334504
0.308952
0.284702
0.261996
0.240954
0.221594
0.20388
0.187737
0.173028
0.159586
0.147264
0.135935
0.125499
0.115866
0.106963
0.0987294
0.0911103
0.0840543
0.0775163
0.0714549
0.0658324
0.0606149
0.0557716
0.0512754
0.0471007
0.0432257
0.0396301
0.0362967
0.0332098
0.0303562
0.0277237
0.0253017
0.0230805
0.0210516
0.0192071
0.0175396
0.016042
0.014707
0.0135275
0.0124958
0.0116033
0.0108412
0.0101974
7.8768
7.68674
7.41449
7.12536
6.99333
7.03219
7.05111
6.95499
6.77032
6.53942
6.28681
6.02342
5.74751
5.48736
5.22117
4.93506
4.63167
4.34362
3.99722
3.5202
3.03107
2.63122
2.30795
2.03485
1.80723
1.63365
1.50746
1.41203
1.32562
1.22407
1.07551
0.835174
0.573292
0.491648
0.448775
0.415328
0.385276
0.356848
0.329635
0.30378
0.279544
0.257063
0.23638
0.217486
0.200275
0.184592
0.170258
0.157117
0.145036
0.133904
0.123627
0.114127
0.10534
0.0972057
0.0896703
0.0826855
0.0762075
0.0701963
0.0646161
0.0594343
0.0546218
0.0501518
0.0460007
0.0421471
0.0385724
0.0352598
0.0321948
0.0293643
0.0267568
0.0243618
0.0221701
0.0201731
0.0183629
0.0167319
0.015273
0.0139785
0.0128411
0.0118523
0.0110036
0.0102827
7.8492
7.69707
7.47068
7.20431
7.0184
6.9732
6.9728
6.9224
6.80561
6.63218
6.40603
6.13564
5.83275
5.53715
5.25206
4.96664
4.67256
4.40429
4.07968
3.60255
3.08958
2.66638
2.33059
2.05401
1.82651
1.65335
1.52648
1.43025
1.34448
1.2455
1.10387
0.87978
0.612932
0.524407
0.478566
0.442914
0.410927
0.380658
0.351647
0.324054
0.298164
0.274133
0.252042
0.231897
0.213557
0.196839
0.181559
0.167551
0.15467
0.142801
0.131843
0.121712
0.112339
0.103661
0.0956187
0.0881621
0.0812443
0.0748228
0.0688597
0.0633204
0.0581741
0.0533923
0.04895
0.0448242
0.040995
0.0374444
0.0341567
0.0311178
0.0283151
0.0257373
0.0233743
0.0212168
0.0192564
0.017485
0.0158949
0.0144786
0.0132285
0.0121363
0.011194
0.0103889
7.81882
7.70046
7.51505
7.27991
7.07388
6.96478
6.92423
6.88392
6.81002
6.68946
6.50464
6.24922
5.93529
5.60799
5.29228
4.99756
4.70783
4.45662
4.15894
3.70306
3.17509
2.72048
2.36298
2.07876
1.84984
1.67666
1.54843
1.45041
1.36417
1.26655
1.12942
0.91798
0.652576
0.559417
0.510452
0.472395
0.438309
0.406049
0.375091
0.345613
0.317928
0.292221
0.268636
0.24716
0.227621
0.209804
0.193519
0.178589
0.164861
0.152211
0.140531
0.129732
0.11974
0.110487
0.101911
0.0939567
0.0865751
0.0797209
0.0733541
0.0674379
0.0619397
0.0568293
0.05208
0.0476674
0.0435702
0.0397689
0.0362469
0.0329888
0.029981
0.0272111
0.0246682
0.0223423
0.0202241
0.018305
0.0165769
0.0150318
0.0136622
0.0124598
0.0114168
0.0105203
7.78403
7.69629
7.54686
7.34584
7.14337
6.99676
6.91526
6.86153
6.80299
6.71701
6.57295
6.34758
6.04217
5.69625
5.35029
5.03332
4.74236
4.50535
4.23424
3.81393
3.2918
2.80099
2.40909
2.11121
1.8778
1.70347
1.57324
1.47256
1.38483
1.2877
1.15359
0.951925
0.692693
0.596797
0.544603
0.503968
0.467593
0.433157
0.400079
0.36855
0.338913
0.311405
0.286228
0.26333
0.242511
0.223524
0.20617
0.190261
0.175633
0.162154
0.14971
0.138205
0.127558
0.117698
0.108558
0.100079
0.0922086
0.0848988
0.0781069
0.071794
0.0659254
0.0604691
0.0553967
0.0506824
0.0463032
0.0422385
0.0384702
0.0349819
0.0317587
0.0287874
0.0260559
0.0235535
0.02127
0.019196
0.017323
0.0156426
0.0141468
0.0128273
0.0116768
0.0106817
7.74183
7.68386
7.56617
7.39864
7.21335
7.0523
6.94048
6.86495
6.80202
6.72936
6.6135
6.42069
6.13834
5.7916
5.42472
5.08039
4.77946
4.55439
4.30631
3.92449
3.4273
2.91143
2.4738
2.15329
1.9112
1.73354
1.60067
1.49666
1.40659
1.30926
1.17731
0.983484
0.734618
0.636667
0.581134
0.537778
0.498955
0.462157
0.426758
0.392973
0.361199
0.331767
0.304887
0.280465
0.258274
0.23804
0.219548
0.202597
0.187013
0.172654
0.159399
0.147145
0.135806
0.125304
0.115569
0.106537
0.0981525
0.0903634
0.0831245
0.0763946
0.0701367
0.064317
0.0589053
0.053874
0.0491987
0.0448575
0.0408308
0.0371011
0.0336523
0.03047
0.0275412
0.0248542
0.0223978
0.020162
0.0181374
0.0163152
0.0146869
0.0132439
0.0119792
0.0108787
7.69217
7.66171
7.5738
7.43748
7.27551
7.11603
6.98696
6.89113
6.81484
6.73999
6.63677
6.46896
6.21404
5.88121
5.50764
5.14222
4.82284
4.60745
4.3767
4.02663
3.56119
3.04073
2.55832
2.20612
1.95066
1.76682
1.63042
1.5226
1.42961
1.33154
1.20133
1.01431
0.779191
0.679115
0.620141
0.573904
0.532494
0.49319
0.455286
0.419021
0.384905
0.353405
0.324693
0.298632
0.274966
0.253398
0.23369
0.215629
0.199027
0.183733
0.169617
0.156569
0.144497
0.133318
0.122955
0.11334
0.104413
0.0961202
0.0884119
0.0812443
0.0745781
0.0683773
0.0626097
0.0572462
0.0522607
0.0476297
0.0433325
0.0393501
0.0356653
0.0322625
0.0291277
0.0262479
0.0236113
0.0212068
0.0190242
0.0170539
0.0152871
0.0137147
0.0123296
0.011117
7.63704
7.62997
7.57141
7.46343
7.32639
7.17792
7.04271
6.93188
6.84053
6.75579
6.65345
6.50003
6.26872
5.9565
5.58885
5.2129
4.87933
4.66909
4.44711
4.11677
3.67848
3.17042
2.65845
2.26957
1.99627
1.80348
1.6623
1.55026
1.45404
1.35487
1.22632
1.04627
0.82631
0.724173
0.661676
0.61239
0.568231
0.526286
0.485748
0.446823
0.410191
0.376453
0.345748
0.31791
0.292652
0.269649
0.24864
0.229392
0.211705
0.195417
0.180386
0.166496
0.153647
0.14175
0.130723
0.120494
0.110997
0.102174
0.0939726
0.0863461
0.0792521
0.0726523
0.0665125
0.0608016
0.0554916
0.0505579
0.045978
0.0417318
0.0378007
0.0341679
0.0308184
0.027738
0.0249139
0.022334
0.0199872
0.0178631
0.0159522
0.0142448
0.0127337
0.011403
7.57911
7.59109
7.55957
7.47849
7.36567
7.23283
7.09947
6.97966
6.87504
6.77804
6.67015
6.52249
6.30803
6.0166
5.66368
5.29378
4.96094
4.74557
4.51876
4.19476
3.77474
3.28672
2.76576
2.34228
2.0476
1.84387
1.69658
1.57979
1.48005
1.3796
1.25319
1.08097
0.875792
0.771781
0.705717
0.653216
0.606129
0.56138
0.518077
0.476409
0.437196
0.401062
0.368186
0.338403
0.31141
0.286855
0.264445
0.243926
0.22508
0.207731
0.191728
0.176943
0.16327
0.150614
0.138885
0.128006
0.117908
0.108527
0.0998088
0.0917013
0.0841596
0.0771429
0.0706144
0.0645409
0.0588927
0.0536433
0.0487689
0.0442478
0.0400603
0.0361884
0.0326157
0.0293271
0.0263085
0.0235468
0.0210299
0.0187467
0.0166866
0.0148392
0.0131972
0.0117431
7.5224
7.54843
7.5398
7.48456
7.39466
7.279
7.15237
7.02884
6.91422
6.80553
6.68949
6.54215
6.33839
6.0697
5.74221
5.39734
5.07802
4.84031
4.59179
4.26211
3.85264
3.3853
2.87163
2.42172
2.10406
1.88898
1.73439
1.61201
1.50828
1.40647
1.28287
1.1188
0.927319
0.821739
0.752128
0.696261
0.646062
0.598325
0.552097
0.50769
0.465936
0.427348
0.392144
0.360233
0.331336
0.305087
0.28116
0.259272
0.239185
0.220704
0.203664
0.187928
0.173382
0.159921
0.14745
0.135885
0.125152
0.115185
0.105922
0.0973103
0.0893002
0.0818479
0.0749141
0.068463
0.0624629
0.0568854
0.051705
0.0468986
0.0424451
0.0383252
0.0345213
0.031017
0.0277973
0.0248478
0.0221556
0.0197081
0.0174943
0.0155027
0.0137255
0.0121438
7.47159
7.50561
7.51467
7.48303
7.41538
7.31673
7.19961
7.07646
6.95528
6.83672
6.71208
6.56215
6.36535
6.12121
5.82998
5.5175
5.21181
4.94173
4.66208
4.32145
3.91733
3.46826
2.9706
2.50483
2.1657
1.94058
1.77765
1.64865
1.54013
1.43645
1.31565
1.15939
0.980424
0.873652
0.800605
0.741266
0.687771
0.636852
0.587581
0.540483
0.496256
0.455277
0.417703
0.383518
0.35254
0.32443
0.298845
0.275475
0.254052
0.234361
0.216217
0.199471
0.183998
0.169683
0.156427
0.144137
0.132735
0.122149
0.112314
0.103173
0.0946723
0.0867651
0.0794088
0.072565
0.0661994
0.0602817
0.0547843
0.0496827
0.0449541
0.0405779
0.0365353
0.0328086
0.0293816
0.0262389
0.0233663
0.0207504
0.018379
0.0162396
0.0143238
0.0126108
7.42817
7.46629
7.48753
7.47508
7.4289
7.34737
7.24084
7.12131
6.99674
6.87061
6.73805
6.58416
6.39126
6.1639
5.89996
5.61193
5.31615
5.02572
4.72241
4.37382
3.9743
3.53981
3.06093
2.58897
2.23421
1.9998
1.82761
1.69095
1.5766
1.46998
1.3512
1.20228
1.03459
0.926928
0.850618
0.787765
0.730823
0.676528
0.62426
0.574541
0.527905
0.484629
0.44478
0.408299
0.375109
0.344973
0.317572
0.292586
0.269718
0.248727
0.229405
0.211585
0.195129
0.179912
0.165825
0.15277
0.140661
0.129423
0.118987
0.109289
0.100274
0.0918913
0.0840944
0.0768423
0.0700976
0.0638276
0.0580028
0.0525965
0.0475845
0.0429445
0.0386564
0.0347012
0.0310615
0.0277208
0.0246636
0.0218755
0.0193431
0.017053
0.0149961
0.0131495
7.39236
7.43194
7.46083
7.4626
7.43544
7.37192
7.27663
7.16246
7.03742
6.90625
6.76716
6.60894
6.41664
6.19576
5.94423
5.66809
5.37824
5.08228
4.76974
4.41953
4.02631
3.60442
3.14317
2.6726
2.31072
2.06651
1.88424
1.73891
1.61762
1.5069
1.389
1.24683
1.08924
0.980919
0.901426
0.83505
0.774553
0.716872
0.66176
0.609528
0.560572
0.515088
0.47309
0.434439
0.399044
0.366773
0.337408
0.310658
0.286219
0.263826
0.243243
0.22428
0.206783
0.190613
0.17565
0.161787
0.148935
0.13701
0.12594
0.115659
0.106104
0.0972237
0.0889669
0.0812896
0.0741515
0.0675171
0.0613544
0.0556345
0.0503313
0.0454208
0.0408813
0.0366924
0.0328354
0.0292926
0.0260474
0.023084
0.0203883
0.0179454
0.0157456
0.013764
7.36373
7.4022
7.43505
7.44653
7.43482
7.38992
7.30841
7.20033
7.0771
6.94318
6.79892
6.63641
6.44322
6.22325
5.97529
5.70374
5.41659
5.12034
4.80675
4.45985
4.07431
3.66429
3.21929
2.7559
2.3939
2.14012
1.94731
1.7924
1.66308
1.54702
1.42846
1.2922
1.14357
1.03488
0.952247
0.882219
0.81806
0.757312
0.699586
0.645012
0.593867
0.546289
0.50226
0.461601
0.424156
0.389785
0.358375
0.329735
0.303593
0.279682
0.257742
0.237561
0.218961
0.201786
0.1859
0.17119
0.157556
0.144911
0.133176
0.122281
0.112162
0.10276
0.0940223
0.0859019
0.0783549
0.0713432
0.0648317
0.0587894
0.0531876
0.0480005
0.0432045
0.0387777
0.0346998
0.0309518
0.0275159
0.0243753
0.0215144
0.0189176
0.0165739
0.0144567
7.34069
7.37539
7.40888
7.42602
7.42563
7.39817
7.3345
7.23611
7.11576
6.98108
6.83318
6.66608
6.47086
6.25108
6.00343
5.73325
5.44688
5.15063
4.83815
4.49652
4.11989
3.72088
3.29115
2.84168
2.48211
2.2195
2.01612
1.8511
1.71275
1.59005
1.46925
1.33746
1.19657
1.08777
1.00218
0.928351
0.860683
0.797173
0.73713
0.680461
0.627317
0.577802
0.531883
0.489363
0.450062
0.413774
0.380382
0.349802
0.321856
0.296313
0.272914
0.251428
0.231658
0.213421
0.196568
0.18097
0.166519
0.15312
0.14069
0.129154
0.118443
0.108496
0.099257
0.0906746
0.0827024
0.0752992
0.0684274
0.062053
0.0561451
0.0506756
0.0456185
0.0409502
0.0366487
0.0326935
0.0290654
0.0257464
0.0227197
0.0199685
0.017481
0.0152286
7.31864
7.3467
7.37738
7.39627
7.40262
7.38967
7.34654
7.26593
7.15246
7.01825
6.86806
6.69766
6.49994
6.27926
6.03158
5.76165
5.47542
5.17899
4.86793
4.53201
4.16553
3.7774
3.36202
2.93059
2.57388
2.30342
2.08974
1.91432
1.76622
1.63569
1.51102
1.38155
1.24725
1.13844
1.05004
0.972645
0.901876
0.83584
0.773721
0.715252
0.660365
0.609128
0.561501
0.517287
0.476306
0.438321
0.403155
0.370726
0.34096
0.313711
0.288757
0.265876
0.24486
0.225504
0.207636
0.191111
0.17581
0.161627
0.148474
0.13627
0.124944
0.114429
0.104667
0.0956033
0.0871888
0.0793793
0.0721344
0.0654176
0.0591954
0.053437
0.0481144
0.0432015
0.0386744
0.0345108
0.0306899
0.0271923
0.0240001
0.0210951
0.0184645
0.0160781
7.28398
7.30248
7.32618
7.34253
7.35024
7.34731
7.32461
7.27048
7.17794
7.05106
6.90046
6.7272
6.52877
6.30678
6.05898
5.78958
5.50405
5.20805
4.89866
4.56833
4.21161
3.83439
3.4332
3.01901
2.66703
2.39012
2.16676
1.98097
1.82269
1.68335
1.55336
1.42414
1.29449
1.18568
1.09466
1.01439
0.941076
0.87283
0.808805
0.748736
0.692386
0.6397
0.590607
0.544904
0.502431
0.462946
0.426248
0.3922
0.360728
0.33179
0.305239
0.280891
0.258553
0.23801
0.219075
0.201585
0.185401
0.170409
0.156509
0.143616
0.131652
0.12055
0.110245
0.100682
0.0918089
0.0835781
0.0759469
0.0688764
0.0623306
0.0562763
0.0506828
0.0455219
0.0407672
0.0363944
0.0323809
0.0287056
0.0253489
0.0222916
0.0195198
0.0170014
7.20052
7.20692
7.21837
7.22738
7.23403
7.23814
7.23254
7.20684
7.14985
7.05353
6.91894
6.74833
6.55055
6.32868
6.08223
5.81486
5.53154
5.23705
4.93026
4.60601
4.25821
3.89193
3.5044
3.10609
2.75915
2.47707
2.24524
2.0495
1.88102
1.73224
1.59574
1.46488
1.33777
1.22873
1.13559
1.05298
0.977614
0.907613
0.84197
0.780437
0.722803
0.668926
0.618649
0.571715
0.52797
0.487185
0.449168
0.413762
0.380831
0.350338
0.322238
0.296411
0.272703
0.250914
0.230856
0.212355
0.195257
0.179431
0.164766
0.151166
0.138549
0.126843
0.11598
0.105903
0.0965554
0.0878893
0.0798591
0.0724235
0.0655443
0.0591859
0.0533154
0.0479021
0.0429173
0.0383343
0.0341285
0.0302765
0.0267574
0.0235501
0.0206395
0.0179921
6.9938
6.98543
6.98339
6.98719
6.99755
7.01013
7.01863
7.01651
6.99597
6.9467
6.85817
6.72571
6.54778
6.33445
6.09227
5.82886
5.54994
5.25989
4.95799
4.64183
4.30491
3.95135
3.57805
3.19449
2.85092
2.56349
2.3234
2.11817
1.93969
1.78131
1.63751
1.50347
1.37708
1.26741
1.17247
1.08795
1.01095
0.939594
0.872757
0.810041
0.751255
0.696333
0.645093
0.597205
0.552443
0.510586
0.471463
0.43492
0.400802
0.369005
0.339512
0.312286
0.287227
0.264167
0.242942
0.223384
0.205335
0.188649
0.173201
0.158883
0.145603
0.133283
0.121852
0.111249
0.101416
0.0923038
0.0838636
0.0760525
0.0688304
0.0621597
0.0560052
0.0503342
0.0451155
0.0403205
0.0359218
0.0318942
0.0282145
0.02486
0.0218137
0.0190411
6.56724
6.55131
6.54678
6.55519
6.56865
6.58579
6.60408
6.61938
6.62721
6.62207
6.59647
6.53984
6.43681
6.27681
6.06624
5.81894
5.54936
5.26699
4.9722
4.6669
4.3434
4.0061
3.65065
3.28393
2.94404
2.65018
2.40045
2.18537
1.99707
1.82909
1.67761
1.53943
1.4124
1.30166
1.20512
1.11902
1.04068
0.968284
0.900657
0.837168
0.777511
0.721681
0.669578
0.620909
0.575378
0.5327
0.492706
0.455243
0.420162
0.387339
0.356699
0.328247
0.301945
0.277662
0.255269
0.234627
0.215591
0.198014
0.181763
0.166715
0.152767
0.13983
0.127828
0.116695
0.106372
0.0968062
0.0879485
0.0797542
0.0721815
0.0651911
0.0587461
0.0528116
0.0473547
0.0423443
0.0377513
0.033548
0.029709
0.0262095
0.0230306
0.0201369
5.89727
5.88866
5.88722
5.89602
5.91116
5.93168
5.95691
5.9845
6.01161
6.03517
6.05235
6.0594
6.04793
6.00035
5.89735
5.72846
5.50406
5.24391
4.96311
4.67119
4.36231
4.04355
3.70846
3.36256
3.03164
2.73416
2.4749
2.24946
2.05148
1.87396
1.71462
1.57181
1.4433
1.3313
1.23342
1.14602
1.0666
0.993401
0.925232
0.861314
0.801204
0.744775
0.691942
0.642562
0.596397
0.553108
0.512489
0.474333
0.438507
0.404889
0.373374
0.343929
0.316568
0.291191
0.267706
0.246004
0.225969
0.207477
0.190399
0.174607
0.159985
0.146432
0.133862
0.122203
0.111391
0.101372
0.092095
0.083514
0.0755863
0.0682713
0.0615307
0.0553279
0.0496283
0.0443991
0.039609
0.0352285
0.0312301
0.0275871
0.0242779
0.0212667
5.08158
5.07129
5.06624
5.07095
5.08385
5.10381
5.13084
5.16393
5.20145
5.24136
5.28174
5.32122
5.3587
5.38981
5.40256
5.3752
5.28682
5.12604
4.90461
4.64059
4.35287
4.05388
3.73891
3.41465
3.09787
2.80427
2.54088
2.30727
2.10036
1.91372
1.7468
1.59935
1.46892
1.35568
1.25679
1.16855
1.08846
1.01475
0.94623
0.882096
0.821838
0.765175
0.711925
0.662025
0.615302
0.57151
0.530437
0.491811
0.455463
0.421267
0.389114
0.35893
0.330733
0.304451
0.280018
0.257353
0.236369
0.216971
0.199053
0.1825
0.167194
0.153024
0.139894
0.127718
0.116428
0.105964
0.0962731
0.0873085
0.0790267
0.0713864
0.0643481
0.0578744
0.0519292
0.0464781
0.0414883
0.0369286
0.0327696
0.0289828
0.0255443
0.0224179
4.2307
4.21236
4.20024
4.19732
4.20353
4.2178
4.24023
4.27057
4.30814
4.35203
4.40111
4.45419
4.51033
4.56891
4.62847
4.68379
4.72187
4.71962
4.65369
4.50645
4.28977
4.02594
3.73684
3.43454
3.13416
2.85009
2.58948
2.35272
2.13947
1.9449
1.77133
1.62006
1.48806
1.37387
1.27436
1.18579
1.10557
1.03181
0.96331
0.899223
0.839027
0.782386
0.729058
0.678948
0.631886
0.587733
0.5463
0.507347
0.470671
0.43611
0.403534
0.37285
0.344045
0.317073
0.291882
0.268411
0.246596
0.226365
0.207639
0.190328
0.174332
0.159542
0.145854
0.133174
0.121422
0.110529
0.100439
0.0911022
0.0824746
0.0745141
0.0671812
0.0604377
0.0542468
0.0485729
0.043382
0.0386416
0.0343205
0.0303889
0.0268209
0.0235799
3.41556
3.3928
3.37603
3.3667
3.3656
3.3721
3.3863
3.40837
3.43822
3.47574
3.52079
3.57313
3.63217
3.69688
3.76605
3.83921
3.91546
3.99032
4.05025
4.06942
4.02037
3.88462
3.67591
3.4155
3.13886
2.8677
2.61439
2.37886
2.16287
1.96229
1.78385
1.63071
1.49852
1.38439
1.28499
1.19672
1.11692
1.04367
0.975714
0.912122
0.852357
0.796036
0.742917
0.692883
0.645783
0.601505
0.559873
0.520715
0.483843
0.449077
0.416266
0.385295
0.356101
0.328657
0.302916
0.278832
0.256353
0.235427
0.215991
0.19798
0.181316
0.165912
0.151671
0.138496
0.126298
0.114998
0.104532
0.094844
0.085888
0.0776212
0.0700036
0.0629971
0.0565648
0.0506707
0.04528
0.0403591
0.0358757
0.0317986
0.0281005
0.0247443
2.67541
2.65113
2.63211
2.61868
2.61174
2.61116
2.61696
2.62947
2.64886
2.67534
2.70925
2.75108
2.80124
2.8597
2.92545
2.9971
3.07392
3.15634
3.24352
3.33088
3.40343
3.43407
3.39639
3.27274
3.07802
2.84557
2.60835
2.37863
2.16311
1.95829
1.77771
1.62634
1.49678
1.38473
1.28683
1.19986
1.1213
1.04924
0.982412
0.919881
0.861065
0.805536
0.753041
0.703436
0.656606
0.612458
0.570862
0.531679
0.494747
0.459901
0.426994
0.3959
0.366513
0.3388
0.312718
0.288224
0.265277
0.243831
0.223839
0.205249
0.188002
0.172032
0.157261
0.143606
0.130978
0.119294
0.108477
0.098467
0.0892095
0.0806594
0.0727761
0.0655214
0.0588587
0.0527522
0.047167
0.0420689
0.0374253
0.033204
0.0293762
0.0259045
2.02033
1.99587
1.97563
1.95955
1.94825
1.94193
1.9406
1.94452
1.95396
1.96916
1.99053
2.01867
2.05438
2.09853
2.15143
2.21263
2.28113
2.35598
2.43642
2.52261
2.61319
2.70251
2.7757
2.8089
2.77814
2.67512
2.51516
2.32524
2.12291
1.92127
1.74283
1.59969
1.47759
1.37101
1.27696
1.19293
1.11681
1.04692
0.982032
0.921262
0.864022
0.809883
0.758569
0.709909
0.663792
0.620145
0.578882
0.539909
0.503106
0.468339
0.435477
0.404393
0.374975
0.34717
0.320932
0.296221
0.272998
0.251223
0.230853
0.211846
0.194154
0.177724
0.162496
0.148406
0.135377
0.123332
0.112194
0.101892
0.0923662
0.0835651
0.0754448
0.067966
0.0610922
0.0547883
0.0490198
0.0437531
0.0389551
0.0345935
0.0306388
0.0270528
1.44394
1.42072
1.40058
1.38343
1.36964
1.35946
1.35296
1.35031
1.35174
1.35746
1.36778
1.38318
1.40436
1.43223
1.46765
1.51118
1.563
1.62268
1.68902
1.76053
1.83595
1.9148
1.99531
2.07262
2.13505
2.1654
2.14891
2.08222
1.96848
1.81958
1.66322
1.54049
1.43353
1.33766
1.25109
1.17254
1.10074
1.03442
0.972613
0.914557
0.859719
0.807699
0.75823
0.711147
0.66634
0.623735
0.583268
0.54488
0.508503
0.474051
0.441427
0.410526
0.381244
0.353516
0.327295
0.302542
0.27922
0.257292
0.236722
0.217468
0.199491
0.182745
0.167182
0.152747
0.139381
0.12702
0.115594
0.105034
0.095276
0.0862612
0.0779405
0.0702712
0.0632155
0.0567381
0.0508056
0.045385
0.040444
0.0359505
0.0318751
0.028179
0.93963
0.920311
0.902958
0.887583
0.874359
0.863477
0.855017
0.849073
0.845786
0.845305
0.847812
0.85359
0.863059
0.87677
0.895322
0.919285
0.949224
0.985611
1.02863
1.07795
1.13272
1.19204
1.25536
1.32256
1.39276
1.46281
1.52684
1.57634
1.60073
1.58655
1.51694
1.43581
1.35503
1.27707
1.20314
1.13385
1.06913
1.00849
0.951401
0.897396
0.846089
0.797158
0.750387
0.705645
0.662853
0.621953
0.5829
0.545655
0.510183
0.476437
0.444368
0.413908
0.384985
0.357543
0.331537
0.306931
0.283693
0.26179
0.241189
0.221857
0.203756
0.186847
0.171089
0.156434
0.142835
0.130235
0.118579
0.107806
0.0978541
0.0886646
0.0801838
0.0723642
0.0651641
0.0585469
0.0524788
0.0469275
0.041862
0.037251
0.0330659
0.0292682
0.523645
0.510763
0.4989
0.488115
0.478488
0.470123
0.463081
0.457404
0.453144
0.450355
0.449085
0.449417
0.451504
0.455601
0.462054
0.471281
0.483834
0.500441
0.522888
0.552833
0.591051
0.637917
0.693428
0.757407
0.829496
0.908921
0.994543
1.08419
1.17436
1.25698
1.29635
1.27503
1.23186
1.1801
1.12525
1.07026
1.01654
0.964562
0.914547
0.866494
0.820294
0.77578
0.732852
0.691459
0.65158
0.613195
0.57629
0.540872
0.506936
0.474471
0.443453
0.413852
0.385635
0.358775
0.333248
0.309031
0.286099
0.264428
0.243991
0.224761
0.206707
0.189797
0.173993
0.159258
0.145549
0.132819
0.12102
0.110102
0.10001
0.090691
0.0820925
0.0741648
0.0668629
0.0601466
0.0539802
0.048331
0.0431682
0.038462
0.0341846
0.0302993
0.234847
0.228433
0.222396
0.21678
0.21162
0.206958
0.202823
0.199225
0.196177
0.1937
0.19183
0.190702
0.190575
0.191685
0.194367
0.199051
0.206277
0.216733
0.230701
0.248895
0.272772
0.303989
0.344257
0.395128
0.457532
0.531311
0.615548
0.709177
0.811397
0.921294
1.01652
1.05402
1.05613
1.03846
1.00953
0.974444
0.936233
0.896697
0.856894
0.817405
0.778486
0.7402
0.702664
0.665976
0.630211
0.595399
0.561585
0.528829
0.49719
0.466704
0.437392
0.409241
0.38225
0.356425
0.331769
0.308281
0.285957
0.264787
0.244758
0.225853
0.20805
0.191324
0.175648
0.160989
0.147313
0.134581
0.122752
0.111784
0.10163
0.0922449
0.0835808
0.0755916
0.0682323
0.0614611
0.0552394
0.0495326
0.0443089
0.0395387
0.0351949
0.0312431
0.085211
0.0827972
0.0804802
0.0782783
0.076207
0.0742841
0.0725302
0.0709776
0.0696548
0.068602
0.0678755
0.0674637
0.0673095
0.0675084
0.0681933
0.0695504
0.0718442
0.0754603
0.0804861
0.0871443
0.0961868
0.108765
0.126585
0.152014
0.187936
0.237146
0.301489
0.381208
0.475178
0.581968
0.690268
0.771153
0.820085
0.843028
0.847123
0.838395
0.821227
0.798757
0.772937
0.74504
0.715903
0.686074
0.655931
0.625734
0.595667
0.565823
0.536333
0.507344
0.478981
0.451342
0.424516
0.398547
0.373457
0.349282
0.326053
0.303793
0.282517
0.262234
0.242951
0.224668
0.207378
0.191072
0.175734
0.161341
0.14787
0.135291
0.12357
0.112674
0.102564
0.0932003
0.084544
0.0765538
0.0691894
0.0624109
0.0561799
0.0504602
0.0452183
0.0404236
0.0360481
0.0320598
0.0284238
0.0277286
0.0270607
0.0264276
0.0258377
0.0253005
0.0248187
0.0243632
0.0239415
0.0235641
0.0232456
0.0229817
0.0227481
0.0225519
0.0224019
0.0223112
0.0223001
0.0224013
0.0226566
0.0231262
0.0239141
0.0252078
0.0273563
0.0310211
0.0374425
0.0488403
0.0688346
0.1025
0.155495
0.232186
0.329854
0.430758
0.517449
0.582103
0.62505
0.650147
0.661427
0.662365
0.655733
0.643656
0.627744
0.609211
0.588803
0.56705
0.544356
0.521045
0.497378
0.473562
0.449763
0.426127
0.40279
0.379896
0.357538
0.335783
0.314687
0.294299
0.274659
0.255798
0.23774
0.220503
0.2041
0.188539
0.173822
0.159944
0.146896
0.134662
0.12322
0.112547
0.102613
0.0933882
0.0848392
0.0769325
0.0696336
0.0629077
0.0567201
0.0510364
0.0458231
0.0410486
0.0366834
0.0326971
0.0111686
0.0110167
0.0108683
0.0107234
0.0105826
0.0104464
0.0103152
0.0101861
0.0100594
0.00993529
0.00981425
0.00969681
0.00958348
0.00947475
0.00937097
0.00927242
0.00917945
0.00909268
0.00901292
0.00894135
0.00888014
0.00883368
0.00881109
0.00883168
0.00893961
0.00924732
0.0100591
0.0121943
0.0177074
0.0311026
0.0597883
0.109745
0.179428
0.258638
0.334079
0.39644
0.442621
0.473937
0.493288
0.503371
0.506239
0.503495
0.496405
0.485987
0.473048
0.458287
0.442174
0.425044
0.407171
0.388795
0.370129
0.351378
0.332729
0.314293
0.296156
0.278397
0.261085
0.244279
0.228029
0.212374
0.197347
0.182972
0.169271
0.156256
0.143935
0.13231
0.121376
0.111123
0.101536
0.0925967
0.0842834
0.0765708
0.0694322
0.0628393
0.0567633
0.0511744
0.0460426
0.0413378
0.0370297
0.0330903
0.00640726
0.00637548
0.00634434
0.00631348
0.00628271
0.00625183
0.00622059
0.00618879
0.00615635
0.00612325
0.00608954
0.00605531
0.00602069
0.00598581
0.00595071
0.00591543
0.00587996
0.00584429
0.00580841
0.00577225
0.00573577
0.00569898
0.00566196
0.00562491
0.005588
0.00555159
0.00551733
0.00549149
0.00549872
0.0056473
0.00640177
0.00929068
0.0177162
0.0364509
0.06901
0.114831
0.168751
0.223257
0.271711
0.310379
0.33857
0.35751
0.369013
0.374674
0.375674
0.372915
0.367134
0.358955
0.348912
0.337446
0.324914
0.311609
0.297786
0.283643
0.269339
0.255006
0.240753
0.226672
0.212844
0.199337
0.18621
0.17351
0.161279
0.149546
0.138335
0.127665
0.117546
0.107986
0.0989853
0.0905388
0.0826378
0.0752693
0.0684175
0.0620641
0.0561889
0.05077
0.0457838
0.0412055
0.0370069
0.0331643
0.00507546
0.00506872
0.00506212
0.00505543
0.00504847
0.00504104
0.00503293
0.00502394
0.00501396
0.00500291
0.00499074
0.00497747
0.00496313
0.00494775
0.00493136
0.00491396
0.00489555
0.00487612
0.00485564
0.00483408
0.00481144
0.00478771
0.00476289
0.00473698
0.0047099
0.00468153
0.00465172
0.00462038
0.00458754
0.00455352
0.00451994
0.00449511
0.00452137
0.00479171
0.00595676
0.00952313
0.0178611
0.0334106
0.057389
0.088851
0.124753
0.161008
0.193871
0.220921
0.241287
0.255317
0.263986
0.268364
0.269336
0.267554
0.263517
0.257644
0.250321
0.241888
0.232631
0.222777
0.212507
0.201969
0.191288
0.180574
0.169924
0.159423
0.149137
0.139125
0.129431
0.120092
0.111139
0.102592
0.0944683
0.0867773
0.0795236
0.0727075
0.0663248
0.0603677
0.0548258
0.0496862
0.0449341
0.0405539
0.0365247
0.0328323
0.00458875
0.00458586
0.00458292
0.00457982
0.00457641
0.00457255
0.00456808
0.00456285
0.00455675
0.00454969
0.0045416
0.00453247
0.00452227
0.00451102
0.00449869
0.00448529
0.0044708
0.00445521
0.0044385
0.00442064
0.00440161
0.00438141
0.00436002
0.00433744
0.00431359
0.00428837
0.00426169
0.00423346
0.00420363
0.00417216
0.00413908
0.00410448
0.00406863
0.00403204
0.003997
0.00397398
0.00400763
0.00425635
0.00514618
0.00752355
0.0126274
0.021756
0.0357263
0.0544041
0.0765621
0.100159
0.122921
0.142944
0.159073
0.170949
0.17882
0.183267
0.184943
0.184427
0.182168
0.178498
0.173681
0.167944
0.161493
0.154513
0.147167
0.13959
0.131894
0.124169
0.116492
0.10893
0.101539
0.0943667
0.0874485
0.0808127
0.0744798
0.0684636
0.0627727
0.0574113
0.05238
0.0476761
0.0432942
0.0392266
0.0354615
0.0319892
0.00430627
0.00430318
0.00429992
0.00429645
0.00429267
0.00428847
0.00428374
0.00427838
0.00427229
0.0042654
0.00425764
0.00424897
0.00423936
0.00422879
0.00421724
0.00420469
0.00419113
0.00417653
0.00416087
0.00414412
0.00412627
0.00410729
0.00408717
0.00406587
0.00404335
0.00401952
0.0039943
0.0039676
0.00393938
0.00390959
0.00387821
0.0038453
0.00381093
0.00377509
0.00373765
0.00369854
0.00365777
0.0036157
0.00357401
0.00353891
0.00353211
0.0036212
0.00397898
0.00495607
0.00711124
0.0111348
0.0176524
0.0269776
0.0389257
0.0527759
0.0674096
0.0815724
0.0941599
0.104426
0.112058
0.11711
0.119874
0.120742
0.120095
0.118251
0.115456
0.111907
0.107768
0.103175
0.0982471
0.0930985
0.0878299
0.0825235
0.0772447
0.0720461
0.0669709
0.0620535
0.0573208
0.0527937
0.0484873
0.0444115
0.0405713
0.0369682
0.0336012
0.0304613
0.00407473
0.00407091
0.00406687
0.00406256
0.00405793
0.00405289
0.00404738
0.00404132
0.00403464
0.00402727
0.00401917
0.00401028
0.00400056
0.00398999
0.00397855
0.00396621
0.00395294
0.00393874
0.00392356
0.00390739
0.00389019
0.00387195
0.00385263
0.00383222
0.00381065
0.00378786
0.00376377
0.00373831
0.00371141
0.00368304
0.00365316
0.00362179
0.00358899
0.00355473
0.00351891
0.00348143
0.0034422
0.00340115
0.00335819
0.00331326
0.00326638
0.00321772
0.00316793
0.00311904
0.00307723
0.00306046
0.00311552
0.00334631
0.00394428
0.00519854
0.00746153
0.0110642
0.0162038
0.022848
0.0306969
0.0392196
0.047755
0.0556483
0.0623777
0.0676199
0.0712582
0.0733653
0.074147
0.0738471
0.0726849
0.0708501
0.0685056
0.0657794
0.0627685
0.0595538
0.0562096
0.052802
0.0493859
0.0460063
0.0426999
0.0394943
0.0364099
0.0334611
0.0306603
0.0280012
0.00385303
0.00384861
0.00384392
0.00383893
0.00383359
0.00382786
0.00382169
0.00381502
0.0038078
0.00379998
0.00379151
0.00378236
0.00377248
0.00376185
0.00375044
0.00373822
0.00372517
0.00371127
0.00369649
0.00368081
0.00366419
0.00364661
0.00362805
0.00360847
0.00358781
0.00356604
0.00354306
0.00351882
0.00349325
0.00346631
0.00343796
0.0034082
0.00337706
0.00334452
0.00331051
0.00327492
0.00323767
0.00319869
0.00315791
0.00311524
0.00307065
0.00302408
0.0029755
0.00292488
0.00287221
0.00281757
0.00276113
0.00270342
0.00264579
0.00259164
0.00254961
0.00254029
0.00260742
0.00283143
0.00333788
0.00429125
0.00586715
0.00820667
0.0113673
0.0152866
0.0197702
0.0245144
0.0291688
0.0334059
0.0369599
0.0396527
0.041424
0.0423267
0.0424727
0.0419919
0.0410199
0.0396833
0.0380821
0.0362915
0.0343719
0.0323734
0.0303365
0.0282938
0.0262773
0.0242899
0.00362525
0.0036205
0.00361546
0.00361011
0.0036044
0.00359831
0.00359179
0.00358481
0.00357734
0.00356933
0.00356074
0.00355154
0.0035417
0.00353118
0.00351997
0.00350803
0.00349535
0.0034819
0.00346765
0.00345258
0.00343667
0.00341988
0.00340218
0.00338355
0.00336394
0.00334329
0.00332154
0.00329863
0.00327451
0.00324912
0.00322243
0.00319443
0.00316511
0.00313447
0.00310244
0.00306894
0.00303388
0.0029972
0.00295882
0.00291869
0.00287675
0.00283295
0.00278725
0.00273963
0.00269006
0.00263855
0.00258511
0.00252976
0.00247256
0.00241356
0.00235287
0.00229067
0.00222729
0.0021634
0.00210039
0.00204127
0.0019927
0.00196848
0.00199488
0.00211621
0.00239704
0.00291724
0.00375849
0.004985
0.00662167
0.00863488
0.0109275
0.0133548
0.0157493
0.0179407
0.0197827
0.0211822
0.0221046
0.0225588
0.0225893
0.0222681
0.0216745
0.0208777
0.0199401
0.0188859
0.00338739
0.00338269
0.00337769
0.00337237
0.00336671
0.00336068
0.00335424
0.00334738
0.00334006
0.00333226
0.00332393
0.00331505
0.0033056
0.00329554
0.00328485
0.00327351
0.00326149
0.00324877
0.00323533
0.00322113
0.00320617
0.0031904
0.00317379
0.00315633
0.00313796
0.00311864
0.00309831
0.00307692
0.00305442
0.00303075
0.00300588
0.00297979
0.00295246
0.00292389
0.00289401
0.00286275
0.00283004
0.00279581
0.00276
0.00272255
0.0026834
0.00264252
0.00259987
0.00255541
0.00250914
0.00246105
0.00241116
0.00235948
0.00230605
0.00225093
0.00219418
0.00213589
0.00207616
0.00201511
0.00195287
0.00188961
0.00182552
0.00176084
0.00169592
0.0016313
0.00156799
0.00150784
0.00145434
0.00141421
0.00139958
0.00143011
0.00153393
0.00174602
0.00210354
0.00263738
0.00336202
0.00426837
0.00532165
0.00646258
0.00761346
0.00869238
0.00962835
0.0103679
0.0108794
0.0111464
0.00314717
0.00314281
0.00313818
0.00313324
0.00312798
0.00312237
0.00311638
0.00311001
0.00310321
0.00309597
0.00308826
0.00308005
0.00307132
0.00306204
0.00305218
0.00304172
0.00303065
0.00301893
0.00300654
0.00299347
0.00297968
0.00296514
0.00294984
0.00293373
0.00291678
0.00289895
0.00288019
0.00286045
0.00283968
0.00281784
0.00279489
0.00277079
0.00274554
0.00271911
0.00269144
0.00266247
0.00263215
0.0026004
0.00256717
0.00253241
0.00249607
0.0024581
0.00241848
0.00237718
0.00233419
0.00228949
0.00224311
0.00219506
0.00214538
0.00209411
0.00204133
0.0019871
0.00193153
0.00187473
0.00181681
0.00175792
0.0016982
0.00163781
0.00157693
0.00151572
0.00145439
0.00139314
0.00133217
0.00127169
0.00121198
0.00115342
0.00109657
0.00104226
0.000991979
0.000948395
0.00091605
0.000902217
0.000917567
0.000976014
0.00109313
0.00128326
0.00155614
0.00191342
0.00234524
0.00283159
0.0029179
0.00291405
0.00290994
0.00290556
0.00290088
0.00289588
0.00289054
0.00288485
0.00287877
0.00287229
0.00286538
0.00285802
0.00285018
0.00284184
0.00283297
0.00282355
0.00281356
0.00280298
0.00279177
0.00277992
0.0027674
0.00275419
0.00274025
0.00272556
0.00271008
0.00269377
0.0026766
0.00265852
0.00263948
0.00261944
0.00259837
0.00257622
0.00255298
0.00252862
0.00250308
0.00247632
0.00244828
0.0024189
0.00238812
0.00235591
0.00232222
0.002287
0.00225024
0.00221191
0.00217198
0.00213047
0.00208738
0.00204273
0.00199655
0.0019489
0.00189982
0.0018494
0.00179771
0.00174487
0.00169099
0.0016362
0.00158063
0.00152444
0.00146778
0.00141082
0.00135373
0.0012967
0.00123989
0.00118348
0.00112763
0.00107253
0.00101833
0.000965185
0.000913242
0.00086265
0.000813567
0.000766165
0.00072067
0.000677416
0.00063693
0.000600071
0.000568277
0.00054388
0.000530366
0.000532627
0.0027106
0.00270726
0.0027037
0.00269989
0.00269582
0.00269146
0.00268679
0.0026818
0.00267647
0.00267077
0.00266468
0.00265817
0.00265124
0.00264384
0.00263595
0.00262756
0.00261864
0.00260916
0.00259911
0.00258844
0.00257715
0.0025652
0.00255257
0.00253923
0.00252514
0.00251027
0.00249459
0.00247804
0.0024606
0.00244222
0.00242287
0.00240251
0.0023811
0.00235862
0.00233503
0.00231027
0.00228429
0.00225704
0.00222848
0.00219857
0.00216726
0.00213452
0.00210032
0.00206464
0.00202747
0.00198881
0.00194867
0.00190706
0.00186402
0.00181959
0.00177382
0.00172679
0.00167858
0.00162928
0.00157901
0.00152788
0.00147602
0.00142357
0.00137068
0.00131751
0.00126421
0.00121097
0.00115793
0.00110526
0.00105311
0.00100166
0.000951041
0.000901406
0.000852876
0.000805574
0.000759609
0.000715074
0.000672049
0.000630603
0.000590797
0.000552674
0.000516274
0.000481638
0.000448814
0.000417887
0.00253042
0.00252754
0.00252446
0.00252117
0.00251763
0.00251383
0.00250977
0.00250541
0.00250073
0.00249573
0.00249037
0.00248464
0.0024785
0.00247194
0.00246494
0.00245747
0.0024495
0.00244101
0.00243197
0.00242237
0.00241217
0.00240135
0.00238988
0.00237774
0.00236488
0.00235128
0.00233691
0.00232172
0.00230569
0.00228876
0.00227091
0.0022521
0.0022323
0.00221146
0.00218956
0.00216654
0.00214236
0.00211697
0.00209034
0.00206242
0.00203317
0.00200257
0.0019706
0.00193722
0.00190244
0.00186625
0.00182866
0.00178969
0.00174936
0.00170773
0.00166483
0.00162074
0.00157554
0.00152931
0.00148216
0.0014342
0.00138555
0.00133634
0.00128672
0.00123682
0.00118681
0.00113684
0.00108706
0.00103762
0.000988681
0.000940383
0.000892872
0.00084628
0.000800727
0.000756325
0.000713178
0.000671372
0.000630982
0.000592072
0.000554693
0.000518881
0.000484658
0.000452039
0.000421023
0.000391607
0.00237756
0.00237506
0.00237238
0.0023695
0.0023664
0.00236307
0.00235949
0.00235565
0.00235153
0.0023471
0.00234235
0.00233726
0.00233179
0.00232594
0.00231968
0.00231297
0.0023058
0.00229815
0.00228998
0.00228128
0.00227201
0.00226215
0.00225167
0.00224054
0.00222874
0.00221623
0.00220297
0.00218894
0.0021741
0.00215841
0.00214183
0.00212434
0.00210589
0.00208645
0.00206598
0.00204444
0.00202179
0.00199798
0.00197298
0.00194676
0.00191927
0.00189049
0.0018604
0.00182899
0.00179623
0.00176214
0.00172671
0.00168998
0.00165196
0.0016127
0.00157224
0.00153065
0.00148801
0.00144439
0.00139989
0.00135462
0.0013087
0.00126225
0.0012154
0.00116829
0.00112107
0.00107388
0.00102687
0.000980187
0.000933967
0.000888351
0.000843476
0.000799469
0.000756442
0.000714502
0.000673746
0.000634257
0.000596106
0.000559352
0.000524045
0.000490217
0.000457891
0.000427079
0.000397781
0.000369993
0.00224956
0.00224735
0.00224498
0.00224242
0.00223967
0.00223671
0.00223353
0.0022301
0.00222641
0.00222245
0.00221818
0.0022136
0.00220868
0.0022034
0.00219773
0.00219165
0.00218514
0.00217817
0.00217071
0.00216275
0.00215425
0.00214518
0.00213553
0.00212525
0.00211433
0.00210272
0.0020904
0.00207734
0.00206349
0.00204883
0.00203333
0.00201693
0.00199961
0.00198134
0.00196208
0.00194178
0.00192041
0.00189793
0.0018743
0.0018495
0.00182348
0.00179624
0.00176773
0.00173796
0.0017069
0.00167457
0.00164097
0.00160612
0.00157004
0.00153277
0.00149436
0.00145487
0.00141438
0.00137295
0.00133068
0.00128768
0.00124406
0.00119992
0.00115541
0.00111065
0.00106578
0.00102093
0.00097625
0.000931879
0.000887948
0.000844589
0.000801933
0.000760099
0.000719197
0.000679327
0.000640582
0.000603042
0.000566772
0.000531831
0.000498264
0.000466104
0.000435372
0.000406079
0.000378226
0.000351808
0.00214308
0.0021411
0.00213896
0.00213666
0.00213418
0.0021315
0.00212862
0.00212551
0.00212217
0.00211856
0.00211468
0.00211051
0.00210602
0.00210119
0.00209599
0.00209042
0.00208443
0.00207802
0.00207114
0.00206378
0.0020559
0.00204749
0.00203851
0.00202894
0.00201873
0.00200788
0.00199634
0.00198407
0.00197106
0.00195725
0.00194263
0.00192714
0.00191077
0.00189347
0.00187521
0.00185594
0.00183564
0.00181426
0.00179178
0.00176817
0.00174338
0.00171741
0.00169023
0.00166183
0.00163219
0.00160133
0.00156925
0.00153597
0.00150151
0.00146591
0.00142921
0.00139148
0.00135278
0.00131318
0.00127279
0.00123168
0.00118998
0.00114778
0.00110522
0.00106243
0.00101952
0.00097663
0.000933902
0.000891467
0.000849451
0.000807983
0.000767183
0.000727169
0.000688045
0.000649908
0.000612845
0.000576935
0.00054224
0.000508815
0.000476704
0.000445938
0.000416539
0.000388517
0.000361873
0.0003366
0.00205484
0.00205302
0.00205107
0.00204896
0.00204668
0.00204423
0.00204158
0.00203872
0.00203564
0.00203232
0.00202874
0.00202488
0.00202073
0.00201626
0.00201144
0.00200626
0.0020007
0.00199472
0.00198831
0.00198143
0.00197407
0.00196619
0.00195776
0.00194876
0.00193915
0.00192891
0.00191801
0.00190641
0.00189407
0.00188098
0.00186708
0.00185236
0.00183676
0.00182027
0.00180283
0.00178443
0.00176501
0.00174456
0.00172303
0.0017004
0.00167664
0.00165173
0.00162565
0.00159838
0.00156993
0.0015403
0.00150948
0.0014775
0.00144439
0.00141017
0.0013749
0.00133863
0.00130143
0.00126336
0.00122452
0.00118499
0.00114489
0.00110431
0.00106338
0.00102222
0.000980945
0.000939694
0.000898593
0.000857771
0.000817353
0.000777459
0.000738209
0.000699712
0.00066207
0.000625378
0.000589719
0.000555167
0.000521785
0.000489624
0.000458727
0.000429125
0.000400838
0.000373875
0.000348238
0.000323921
0.00198191
0.00198022
0.0019784
0.00197644
0.00197432
0.00197204
0.00196957
0.0019669
0.00196402
0.00196092
0.00195757
0.00195396
0.00195007
0.00194588
0.00194136
0.0019365
0.00193127
0.00192564
0.0019196
0.00191311
0.00190616
0.0018987
0.00189072
0.00188219
0.00187307
0.00186334
0.00185296
0.0018419
0.00183013
0.00181761
0.00180432
0.00179022
0.00177527
0.00175944
0.0017427
0.001725
0.00170632
0.00168663
0.00166589
0.00164408
0.00162117
0.00159714
0.00157197
0.00154565
0.00151818
0.00148956
0.00145979
0.0014289
0.0013969
0.00136384
0.00132976
0.0012947
0.00125873
0.00122194
0.00118438
0.00114617
0.00110739
0.00106816
0.00102858
0.000988775
0.000948865
0.000908973
0.000869225
0.000829745
0.000790655
0.000752072
0.000714109
0.000676874
0.000640466
0.000604976
0.000570484
0.000537063
0.000504773
0.000473664
0.000443778
0.000415144
0.000387781
0.0003617
0.000336902
0.00031338
0.00192173
0.00192014
0.00191842
0.00191657
0.00191457
0.00191241
0.00191008
0.00190756
0.00190484
0.00190191
0.00189874
0.00189532
0.00189163
0.00188766
0.00188337
0.00187876
0.00187379
0.00186844
0.00186269
0.00185652
0.00184989
0.00184278
0.00183516
0.00182701
0.00181828
0.00180896
0.00179901
0.0017884
0.00177709
0.00176506
0.00175226
0.00173867
0.00172425
0.00170898
0.0016928
0.00167569
0.00165763
0.00163856
0.00161848
0.00159734
0.00157514
0.00155183
0.00152742
0.00150189
0.00147523
0.00144745
0.00141855
0.00138856
0.00135749
0.00132538
0.00129227
0.00125822
0.00122329
0.00118754
0.00115106
0.00111393
0.00107625
0.00103813
0.000999676
0.000960999
0.000922218
0.000883454
0.000844828
0.000806462
0.000768474
0.000730978
0.000694085
0.000657898
0.000622514
0.000588022
0.0005545
0.000522018
0.000490636
0.000460401
0.000431354
0.000403524
0.00037693
0.000351582
0.000327481
0.00030462
0.00187205
0.00187054
0.0018689
0.00186713
0.00186522
0.00186316
0.00186093
0.00185852
0.00185592
0.00185312
0.00185009
0.00184682
0.00184329
0.00183948
0.00183538
0.00183096
0.00182619
0.00182107
0.00181555
0.00180962
0.00180326
0.00179643
0.0017891
0.00178125
0.00177284
0.00176386
0.00175425
0.001744
0.00173308
0.00172143
0.00170905
0.00169588
0.0016819
0.00166708
0.00165137
0.00163475
0.00161719
0.00159865
0.00157911
0.00155853
0.00153691
0.00151421
0.00149042
0.00146554
0.00143956
0.00141247
0.0013843
0.00135505
0.00132474
0.00129343
0.00126113
0.00122791
0.00119383
0.00115895
0.00112336
0.00108713
0.00105037
0.00101318
0.000975651
0.000937909
0.000900065
0.000862237
0.000824543
0.000787102
0.000750029
0.000713437
0.000677432
0.000642116
0.000607584
0.000573922
0.000541206
0.000509505
0.000478877
0.000449369
0.000421021
0.00039386
0.000367906
0.000343168
0.000319647
0.000297336
0.00183091
0.00182945
0.00182787
0.00182617
0.00182433
0.00182234
0.00182019
0.00181787
0.00181536
0.00181265
0.00180973
0.00180657
0.00180316
0.00179949
0.00179553
0.00179126
0.00178666
0.0017817
0.00177637
0.00177064
0.00176448
0.00175787
0.00175078
0.00174317
0.00173503
0.00172631
0.00171699
0.00170704
0.00169642
0.00168511
0.00167306
0.00166024
0.00164662
0.00163217
0.00161686
0.00160064
0.00158349
0.00156539
0.0015463
0.00152619
0.00150505
0.00148285
0.00145959
0.00143525
0.00140982
0.00138332
0.00135574
0.00132711
0.00129744
0.00126678
0.00123516
0.00120264
0.00116927
0.00113511
0.00110026
0.00106478
0.00102878
0.000992356
0.000955605
0.000918641
0.000881578
0.000844529
0.000807612
0.000770942
0.000734632
0.000698792
0.000663528
0.000628938
0.000595116
0.000562145
0.000530102
0.000499052
0.000469054
0.000440153
0.000412388
0.000385786
0.000360365
0.000336137
0.0003131
0.00029125
0.00179659
0.00179517
0.00179363
0.00179198
0.00179019
0.00178826
0.00178617
0.00178391
0.00178147
0.00177884
0.001776
0.00177293
0.00176962
0.00176605
0.0017622
0.00175805
0.00175357
0.00174876
0.00174357
0.001738
0.00173201
0.00172557
0.00171867
0.00171126
0.00170333
0.00169483
0.00168575
0.00167604
0.00166568
0.00165463
0.00164286
0.00163033
0.00161701
0.00160287
0.00158788
0.001572
0.00155521
0.00153747
0.00151875
0.00149903
0.0014783
0.00145652
0.00143369
0.0014098
0.00138485
0.00135883
0.00133175
0.00130364
0.00127451
0.0012444
0.00121335
0.0011814
0.00114863
0.00111508
0.00108084
0.001046
0.00101064
0.000974853
0.000938752
0.000902441
0.000866032
0.000829638
0.000793372
0.000757349
0.000721679
0.000686471
0.000651829
0.000617849
0.000584623
0.000552234
0.000520755
0.000490254
0.000460784
0.000432394
0.000405119
0.000378987
0.000354017
0.000330217
0.000307588
0.000286125
0.00176759
0.0017662
0.0017647
0.00176308
0.00176133
0.00175945
0.0017574
0.0017552
0.00175282
0.00175024
0.00174747
0.00174447
0.00174123
0.00173774
0.00173398
0.00172992
0.00172555
0.00172085
0.00171578
0.00171033
0.00170448
0.00169818
0.00169143
0.00168419
0.00167643
0.00166812
0.00165922
0.00164972
0.00163957
0.00162874
0.0016172
0.00160491
0.00159185
0.00157797
0.00156326
0.00154766
0.00153116
0.00151373
0.00149533
0.00147594
0.00145555
0.00143413
0.00141167
0.00138817
0.00136361
0.001338
0.00131135
0.00128367
0.001255
0.00122536
0.00119478
0.00116333
0.00113106
0.00109803
0.00106432
0.00103001
0.000995185
0.000959949
0.0009244
0.000888644
0.000852791
0.000816952
0.000781239
0.000745766
0.00071064
0.00067597
0.000641856
0.000608395
0.000575676
0.000543782
0.000512784
0.000482749
0.00045373
0.000425774
0.000398917
0.000373186
0.000348598
0.000325163
0.000302882
0.00028175
0.00174265
0.00174129
0.00173982
0.00173823
0.00173651
0.00173466
0.00173265
0.00173049
0.00172815
0.00172563
0.0017229
0.00171996
0.00171678
0.00171336
0.00170967
0.00170569
0.0017014
0.00169678
0.00169182
0.00168647
0.00168072
0.00167455
0.00166793
0.00166082
0.0016532
0.00164504
0.00163631
0.00162697
0.001617
0.00160636
0.00159502
0.00158294
0.00157009
0.00155644
0.00154196
0.00152661
0.00151036
0.00149319
0.00147506
0.00145596
0.00143587
0.00141475
0.00139262
0.00136944
0.00134522
0.00131997
0.00129368
0.00126639
0.00123811
0.00120887
0.00117871
0.00114768
0.00111584
0.00108326
0.00105
0.00101615
0.000981797
0.000947033
0.000911961
0.000876684
0.000841312
0.000805953
0.000770719
0.000735721
0.000701066
0.000666861
0.000633204
0.000600192
0.000567913
0.000536446
0.000505865
0.000476234
0.000447606
0.000420026
0.000393531
0.000368147
0.000343892
0.000320774
0.000298795
0.000277949
0.00172072
0.00171938
0.00171793
0.00171637
0.00171468
0.00171285
0.00171088
0.00170875
0.00170645
0.00170396
0.00170128
0.00169839
0.00169526
0.00169189
0.00168826
0.00168434
0.00168013
0.00167558
0.0016707
0.00166544
0.00165979
0.00165371
0.0016472
0.0016402
0.00163271
0.00162467
0.00161608
0.00160689
0.00159707
0.00158659
0.00157542
0.00156352
0.00155086
0.00153741
0.00152313
0.00150799
0.00149197
0.00147503
0.00145714
0.00143829
0.00141846
0.00139762
0.00137576
0.00135287
0.00132896
0.00130402
0.00127806
0.0012511
0.00122316
0.00119427
0.00116448
0.00113383
0.00110238
0.00107018
0.00103733
0.00100388
0.000969941
0.000935595
0.000900944
0.00086609
0.000831142
0.000796208
0.000761397
0.000726818
0.00069258
0.000658785
0.000625533
0.000592918
0.000561027
0.000529939
0.000499727
0.000470453
0.00044217
0.000414924
0.00038875
0.000363673
0.000339712
0.000316875
0.000295163
0.000274571
0.00170095
0.00169963
0.0016982
0.00169666
0.00169499
0.00169319
0.00169124
0.00168914
0.00168687
0.00168442
0.00168177
0.00167892
0.00167584
0.00167252
0.00166894
0.00166507
0.00166092
0.00165644
0.00165162
0.00164644
0.00164087
0.00163488
0.00162846
0.00162156
0.00161417
0.00160625
0.00159778
0.00158872
0.00157904
0.0015687
0.00155768
0.00154594
0.00153345
0.00152017
0.00150607
0.00149113
0.0014753
0.00145857
0.0014409
0.00142228
0.00140268
0.00138208
0.00136048
0.00133786
0.00131422
0.00128956
0.00126389
0.00123723
0.00120961
0.00118104
0.00115158
0.00112127
0.00109016
0.00105833
0.00102583
0.000992754
0.000959186
0.000925217
0.000890947
0.000856476
0.000821912
0.000787362
0.000752933
0.000718736
0.000684874
0.000651451
0.000618565
0.00058631
0.000554771
0.000524027
0.000494149
0.000465199
0.00043723
0.000410286
0.000384403
0.000359605
0.000335911
0.000313329
0.000291859
0.000271498
0.00168268
0.00168137
0.00167996
0.00167843
0.00167679
0.00167501
0.00167309
0.00167101
0.00166877
0.00166635
0.00166373
0.00166091
0.00165787
0.00165459
0.00165105
0.00164724
0.00164314
0.00163872
0.00163396
0.00162885
0.00162335
0.00161744
0.0016111
0.00160429
0.001597
0.00158918
0.00158082
0.00157187
0.00156231
0.0015521
0.00154122
0.00152962
0.00151728
0.00150416
0.00149024
0.00147547
0.00145983
0.00144329
0.00142583
0.00140741
0.00138803
0.00136766
0.00134629
0.00132391
0.00130052
0.00127613
0.00125073
0.00122435
0.00119702
0.00116875
0.0011396
0.0011096
0.00107882
0.00104731
0.00101515
0.000982413
0.00094919
0.000915572
0.000881654
0.000847539
0.000813331
0.000779137
0.000745064
0.000711219
0.000677707
0.000644629
0.000612084
0.000580162
0.00054895
0.000518525
0.000488957
0.000460308
0.00043263
0.000405968
0.000380354
0.000355816
0.00033237
0.000310024
0.00028878
0.000268632
0.0016654
0.00166411
0.00166271
0.0016612
0.00165957
0.00165781
0.00165591
0.00165386
0.00165164
0.00164925
0.00164667
0.00164388
0.00164087
0.00163763
0.00163414
0.00163037
0.00162631
0.00162195
0.00161725
0.00161219
0.00160676
0.00160092
0.00159465
0.00158793
0.00158072
0.001573
0.00156474
0.0015559
0.00154645
0.00153636
0.00152561
0.00151415
0.00150195
0.00148898
0.00147521
0.00146061
0.00144514
0.00142879
0.00141151
0.0013933
0.00137412
0.00135397
0.00133282
0.00131067
0.00128753
0.00126338
0.00123824
0.00121213
0.00118507
0.00115708
0.00112822
0.00109852
0.00106804
0.00103685
0.001005
0.000972593
0.000939699
0.000906412
0.00087283
0.000839051
0.000805181
0.000771325
0.000737588
0.000704078
0.000670898
0.000638148
0.000605925
0.00057432
0.000543418
0.000513296
0.000484022
0.000455659
0.000428258
0.000401861
0.000376504
0.000352212
0.000329001
0.00030688
0.000285851
0.000265906
0.00164877
0.00164749
0.00164611
0.00164462
0.00164301
0.00164127
0.00163939
0.00163736
0.00163516
0.0016328
0.00163024
0.00162749
0.00162451
0.00162131
0.00161785
0.00161412
0.00161011
0.00160579
0.00160115
0.00159615
0.00159078
0.001585
0.00157881
0.00157216
0.00156504
0.0015574
0.00154923
0.00154049
0.00153115
0.00152118
0.00151054
0.00149921
0.00148715
0.00147432
0.0014607
0.00144626
0.00143096
0.00141478
0.00139769
0.00137966
0.00136069
0.00134074
0.00131981
0.00129789
0.00127497
0.00125107
0.00122618
0.00120032
0.00117353
0.00114582
0.00111723
0.00108782
0.00105764
0.00102674
0.000995209
0.000963111
0.000930534
0.000897567
0.000864308
0.000830855
0.00079731
0.00076378
0.000730369
0.000697181
0.000664321
0.000631887
0.000599976
0.000568677
0.000538074
0.000508243
0.000479254
0.000451166
0.000424032
0.000397893
0.000372783
0.000348728
0.000325744
0.00030384
0.000283017
0.000263268
0.00163258
0.00163132
0.00162995
0.00162847
0.00162688
0.00162516
0.0016233
0.00162129
0.00161912
0.00161677
0.00161424
0.00161152
0.00160857
0.0016054
0.00160198
0.0015983
0.00159433
0.00159005
0.00158546
0.00158051
0.0015752
0.00156949
0.00156336
0.00155679
0.00154974
0.00154219
0.0015341
0.00152546
0.00151622
0.00150636
0.00149584
0.00148463
0.0014727
0.00146001
0.00144654
0.00143225
0.00141711
0.0014011
0.00138418
0.00136635
0.00134756
0.00132782
0.0013071
0.0012854
0.00126271
0.00123904
0.00121439
0.00118879
0.00116225
0.00113481
0.0011065
0.00107738
0.00104748
0.00101688
0.000985645
0.000953852
0.000921584
0.000888931
0.000855987
0.000822851
0.000789625
0.000756413
0.000723319
0.000690447
0.000657899
0.000625774
0.000594166
0.000563166
0.000532855
0.000503309
0.000474597
0.000446779
0.000419904
0.000394016
0.000369148
0.000345325
0.000322563
0.00030087
0.000280248
0.000260691
0.00161672
0.00161547
0.00161412
0.00161266
0.00161108
0.00160937
0.00160753
0.00160554
0.00160339
0.00160107
0.00159857
0.00159587
0.00159296
0.00158982
0.00158643
0.00158279
0.00157886
0.00157463
0.00157008
0.00156519
0.00155993
0.00155428
0.00154821
0.00154171
0.00153473
0.00152726
0.00151927
0.00151071
0.00150157
0.00149181
0.0014814
0.00147031
0.00145851
0.00144595
0.00143262
0.00141848
0.0014035
0.00138766
0.00137092
0.00135326
0.00133467
0.00131512
0.00129461
0.00127313
0.00125066
0.00122722
0.00120282
0.00117746
0.00115118
0.001124
0.00109597
0.00106711
0.0010375
0.00100719
0.000976252
0.000944759
0.000912796
0.00088045
0.000847817
0.000814993
0.00078208
0.00074918
0.000716398
0.000683835
0.000651594
0.000619772
0.000588463
0.000557756
0.000527731
0.000498466
0.000470026
0.000442471
0.000415852
0.00039021
0.000365579
0.000341983
0.000319438
0.000297953
0.000277529
0.000258159
0.00160119
0.00159995
0.00159861
0.00159716
0.0015956
0.00159391
0.00159208
0.00159011
0.00158799
0.00158569
0.00158321
0.00158054
0.00157766
0.00157455
0.0015712
0.00156758
0.0015637
0.00155951
0.001555
0.00155016
0.00154495
0.00153936
0.00153336
0.00152692
0.00152002
0.00151262
0.00150471
0.00149624
0.00148719
0.00147754
0.00146724
0.00145626
0.00144457
0.00143215
0.00141896
0.00140496
0.00139013
0.00137445
0.00135788
0.0013404
0.001322
0.00130265
0.00128234
0.00126106
0.00123882
0.00121561
0.00119144
0.00116633
0.0011403
0.00111338
0.00108561
0.00105703
0.0010277
0.000997677
0.000967028
0.00093583
0.000904166
0.000872123
0.000839795
0.000807277
0.000774672
0.00074208
0.000709604
0.000677346
0.000645406
0.000613882
0.000582866
0.000552446
0.000522703
0.000493712
0.000465539
0.000438244
0.000411875
0.000386475
0.000362077
0.000338704
0.000316372
0.000295091
0.00027486
0.000255674
0.00158603
0.00158481
0.00158348
0.00158205
0.0015805
0.00157882
0.00157702
0.00157507
0.00157296
0.00157069
0.00156823
0.00156558
0.00156273
0.00155965
0.00155633
0.00155275
0.0015489
0.00154476
0.00154029
0.0015355
0.00153034
0.00152481
0.00151886
0.00151248
0.00150565
0.00149833
0.00149049
0.00148211
0.00147315
0.00146359
0.00145339
0.00144253
0.00143096
0.00141866
0.0014056
0.00139174
0.00137706
0.00136153
0.00134513
0.00132783
0.0013096
0.00129044
0.00127033
0.00124927
0.00122724
0.00120425
0.00118032
0.00115545
0.00112966
0.001103
0.00107549
0.00104718
0.00101812
0.000988376
0.000958012
0.000927103
0.000895732
0.000863986
0.000831956
0.000799739
0.000767434
0.000735143
0.000702966
0.000671006
0.000639361
0.000608128
0.000577398
0.00054726
0.000517792
0.000489069
0.000461158
0.000434115
0.000407992
0.000382828
0.000358656
0.000335501
0.000313378
0.000292295
0.000272253
0.000253247
0.00157139
0.00157018
0.00156886
0.00156744
0.00156591
0.00156425
0.00156246
0.00156053
0.00155844
0.00155619
0.00155376
0.00155113
0.0015483
0.00154525
0.00154196
0.00153842
0.0015346
0.0015305
0.00152608
0.00152133
0.00151622
0.00151073
0.00150484
0.00149853
0.00149176
0.00148451
0.00147674
0.00146844
0.00145957
0.0014501
0.00144
0.00142924
0.00141778
0.0014056
0.00139266
0.00137894
0.00136441
0.00134903
0.00133278
0.00131565
0.0012976
0.00127862
0.0012587
0.00123784
0.00121602
0.00119325
0.00116954
0.0011449
0.00111936
0.00109294
0.00106568
0.00103763
0.00100884
0.00097937
0.000949283
0.000918655
0.000887569
0.00085611
0.00082437
0.000792444
0.000760431
0.000728431
0.000696545
0.000664873
0.000633514
0.000602562
0.00057211
0.000542244
0.000513043
0.00048458
0.000456921
0.000430124
0.000404237
0.000379301
0.000355349
0.000332404
0.000310483
0.000289592
0.000269733
0.0002509
0.00155745
0.00155625
0.00155494
0.00155354
0.00155201
0.00155037
0.0015486
0.00154668
0.00154461
0.00154238
0.00153997
0.00153737
0.00153456
0.00153154
0.00152828
0.00152477
0.00152099
0.00151691
0.00151253
0.00150782
0.00150276
0.00149733
0.00149149
0.00148523
0.00147852
0.00147133
0.00146364
0.00145541
0.00144662
0.00143724
0.00142723
0.00141657
0.00140522
0.00139315
0.00138033
0.00136673
0.00135233
0.0013371
0.001321
0.00130402
0.00128614
0.00126734
0.0012476
0.00122693
0.00120531
0.00118274
0.00115925
0.00113483
0.00110952
0.00108334
0.00105633
0.00102853
0.000999989
0.000970776
0.000940953
0.000910595
0.000879781
0.000848597
0.000817134
0.000785487
0.000753752
0.000722031
0.000690422
0.000659026
0.000627939
0.000597257
0.00056707
0.000537463
0.000508516
0.000480301
0.000452883
0.000426319
0.000400658
0.00037594
0.000352198
0.000329454
0.000307724
0.000287016
0.000267332
0.000248664
0.00154445
0.00154325
0.00154196
0.00154057
0.00153906
0.00153743
0.00153567
0.00153377
0.00153172
0.0015295
0.00152711
0.00152453
0.00152175
0.00151875
0.00151552
0.00151203
0.00150828
0.00150424
0.0014999
0.00149523
0.00149021
0.00148482
0.00147903
0.00147282
0.00146617
0.00145904
0.00145142
0.00144326
0.00143454
0.00142524
0.00141531
0.00140474
0.00139348
0.00138152
0.00136881
0.00135533
0.00134105
0.00132595
0.00130999
0.00129316
0.00127543
0.00125679
0.00123723
0.00121673
0.00119529
0.00117293
0.00114963
0.00112542
0.00110032
0.00107437
0.00104758
0.00102001
0.000991715
0.000962746
0.000933171
0.000903065
0.000872506
0.000841579
0.000810376
0.000778989
0.000747516
0.000716055
0.000684705
0.000653566
0.000622735
0.000592304
0.000562364
0.000533
0.000504291
0.000476307
0.000449114
0.000422769
0.000397319
0.000372804
0.000349257
0.0003267
0.00030515
0.000284613
0.000265091
0.000246579
0.00153268
0.00153149
0.00153021
0.00152883
0.00152733
0.00152571
0.00152397
0.00152208
0.00152004
0.00151784
0.00151547
0.00151291
0.00151015
0.00150717
0.00150396
0.00150051
0.00149678
0.00149278
0.00148847
0.00148383
0.00147885
0.0014735
0.00146775
0.00146159
0.00145499
0.00144791
0.00144034
0.00143225
0.0014236
0.00141436
0.00140452
0.00139402
0.00138286
0.00137098
0.00135837
0.001345
0.00133083
0.00131584
0.00130001
0.00128331
0.00126572
0.00124723
0.00122782
0.00120748
0.00118621
0.00116402
0.00114091
0.00111689
0.00109198
0.00106623
0.00103965
0.00101229
0.000984212
0.000955464
0.000926115
0.000896238
0.000865911
0.000835219
0.000804251
0.0007731
0.000741864
0.00071064
0.000679526
0.000648621
0.00061802
0.000587818
0.000558103
0.000528959
0.000500464
0.000472691
0.000445702
0.000419554
0.000394295
0.000369965
0.000346594
0.000324208
0.000302819
0.000282437
0.000263063
0.00024469
0.0015225
0.00152132
0.00152005
0.00151867
0.00151718
0.00151558
0.00151384
0.00151197
0.00150994
0.00150776
0.0015054
0.00150286
0.00150012
0.00149716
0.00149397
0.00149054
0.00148684
0.00148285
0.00147857
0.00147397
0.00146902
0.0014637
0.00145799
0.00145187
0.00144531
0.00143828
0.00143076
0.00142272
0.00141413
0.00140496
0.00139517
0.00138475
0.00137366
0.00136186
0.00134934
0.00133605
0.00132198
0.00130709
0.00129137
0.00127478
0.00125731
0.00123894
0.00121966
0.00119946
0.00117834
0.0011563
0.00113334
0.00110949
0.00108476
0.00105917
0.00103277
0.0010056
0.00097771
0.000949155
0.000920002
0.000890324
0.000860198
0.000829709
0.000798946
0.000768001
0.000736971
0.000705952
0.000675042
0.00064434
0.00061394
0.000583935
0.000554414
0.000525461
0.000497153
0.000469561
0.000442749
0.000416772
0.000391679
0.000367508
0.000344291
0.000322051
0.000300803
0.000280555
0.000261308
0.000243056
0.00151433
0.00151316
0.00151189
0.00151052
0.00150904
0.00150744
0.00150572
0.00150385
0.00150184
0.00149967
0.00149732
0.00149479
0.00149206
0.00148912
0.00148595
0.00148253
0.00147885
0.00147489
0.00147063
0.00146605
0.00146112
0.00145583
0.00145016
0.00144407
0.00143754
0.00143055
0.00142307
0.00141507
0.00140652
0.0013974
0.00138767
0.0013773
0.00136627
0.00135453
0.00134208
0.00132886
0.00131487
0.00130006
0.00128442
0.00126792
0.00125055
0.00123228
0.00121311
0.00119302
0.00117201
0.00115009
0.00112726
0.00110354
0.00107894
0.0010535
0.00102724
0.00100022
0.000972482
0.000944083
0.000915088
0.00088557
0.000855607
0.000825282
0.000794684
0.000763905
0.00073304
0.000702186
0.000671441
0.000640901
0.000610663
0.000580817
0.000551453
0.000522653
0.000494494
0.000467048
0.000440378
0.000414538
0.000389578
0.000365535
0.00034244
0.000320318
0.000299183
0.000279043
0.000259898
0.000241743
0.00150867
0.0015075
0.00150624
0.00150487
0.0015034
0.00150181
0.00150009
0.00149823
0.00149622
0.00149406
0.00149172
0.0014892
0.00148648
0.00148355
0.00148039
0.00147698
0.00147332
0.00146937
0.00146512
0.00146056
0.00145565
0.00145038
0.00144473
0.00143866
0.00143216
0.00142519
0.00141774
0.00140976
0.00140125
0.00139216
0.00138246
0.00137213
0.00136114
0.00134945
0.00133704
0.00132387
0.00130993
0.00129518
0.0012796
0.00126316
0.00124585
0.00122765
0.00120855
0.00118854
0.00116762
0.00114578
0.00112304
0.0010994
0.0010749
0.00104956
0.0010234
0.000996485
0.000968852
0.000940561
0.000911677
0.000882272
0.000852422
0.000822211
0.000791728
0.000761064
0.000730315
0.000699576
0.000668945
0.000638519
0.000608392
0.000578656
0.0005494
0.000520706
0.000492652
0.000465307
0.000438734
0.00041299
0.000388121
0.000364166
0.000341157
0.000319117
0.000298059
0.000277993
0.000258919
0.000240831
0.00150611
0.00150494
0.00150368
0.00150232
0.00150085
0.00149926
0.00149754
0.00149569
0.00149369
0.00149152
0.00148919
0.00148667
0.00148396
0.00148103
0.00147787
0.00147448
0.00147081
0.00146687
0.00146263
0.00145808
0.00145318
0.00144791
0.00144227
0.00143621
0.00142972
0.00142276
0.00141532
0.00140736
0.00139886
0.00138978
0.0013801
0.00136979
0.00135881
0.00134714
0.00133475
0.00132161
0.00130769
0.00129296
0.0012774
0.00126099
0.00124372
0.00122555
0.00120648
0.00118651
0.00116562
0.00114382
0.00112112
0.00109753
0.00107307
0.00104777
0.00102166
0.00099479
0.000967206
0.000938965
0.000910132
0.000880779
0.000850981
0.000820823
0.000790393
0.000759782
0.000729085
0.000698399
0.00066782
0.000637444
0.000607368
0.000577682
0.000548475
0.000519829
0.000491821
0.000464521
0.000437992
0.00041229
0.000387462
0.000363547
0.000340576
0.000318572
0.000297549
0.000277516
0.000258474
0.000240416
0.00150738
0.00150621
0.00150495
0.00150359
0.00150211
0.00150052
0.0014988
0.00149695
0.00149494
0.00149278
0.00149044
0.00148792
0.00148521
0.00148228
0.00147912
0.00147571
0.00147205
0.0014681
0.00146386
0.0014593
0.00145439
0.00144913
0.00144347
0.00143741
0.00143091
0.00142395
0.0014165
0.00140853
0.00140002
0.00139094
0.00138125
0.00137092
0.00135994
0.00134826
0.00133585
0.0013227
0.00130876
0.00129403
0.00127846
0.00126203
0.00124474
0.00122656
0.00120747
0.00118748
0.00116657
0.00114476
0.00112204
0.00109843
0.00107395
0.00104863
0.0010225
0.000995614
0.000968009
0.000939746
0.000910891
0.000881515
0.000851694
0.000821513
0.000791058
0.000760423
0.000729701
0.000698989
0.000668385
0.000637985
0.000607883
0.000578172
0.00054894
0.000520269
0.000492236
0.000464913
0.000438361
0.000412637
0.000387787
0.000363851
0.00034086
0.000318836
0.000297795
0.000277745
0.000258686
0.000240612
0.00151335
0.00151218
0.00151092
0.00150955
0.00150807
0.00150647
0.00150475
0.00150288
0.00150087
0.0014987
0.00149635
0.00149382
0.00149109
0.00148815
0.00148498
0.00148156
0.00147788
0.00147392
0.00146966
0.00146508
0.00146016
0.00145487
0.00144919
0.0014431
0.00143658
0.00142959
0.00142211
0.00141411
0.00140556
0.00139644
0.00138671
0.00137634
0.00136531
0.00135359
0.00134113
0.00132792
0.00131393
0.00129913
0.0012835
0.00126701
0.00124965
0.0012314
0.00121224
0.00119216
0.00117118
0.00114927
0.00112646
0.00110276
0.00107819
0.00105277
0.00102654
0.000999543
0.00097183
0.000943457
0.00091449
0.000884999
0.000855062
0.000824762
0.000794189
0.000763433
0.000732591
0.000701758
0.000671033
0.000640513
0.000610292
0.000580464
0.000551116
0.000522331
0.000494187
0.000466755
0.000440098
0.000414271
0.000389322
0.000365291
0.000342208
0.000320097
0.000298972
0.000278842
0.000259706
0.000241561
0.00152514
0.00152396
0.00152268
0.00152131
0.00151982
0.00151821
0.00151647
0.00151459
0.00151256
0.00151037
0.00150801
0.00150546
0.00150271
0.00149974
0.00149654
0.0014931
0.00148939
0.0014854
0.00148111
0.00147649
0.00147152
0.00146619
0.00146047
0.00145434
0.00144776
0.00144071
0.00143317
0.00142511
0.0014165
0.0014073
0.0013975
0.00138705
0.00137593
0.00136411
0.00135156
0.00133825
0.00132415
0.00130923
0.00129348
0.00127686
0.00125936
0.00124096
0.00122165
0.00120143
0.00118027
0.0011582
0.00113521
0.00111133
0.00108656
0.00106094
0.00103451
0.00100731
0.000979379
0.000950787
0.000921595
0.000891876
0.000861708
0.000831174
0.000800364
0.00076937
0.000738289
0.000707217
0.000676254
0.000645497
0.000615042
0.000584982
0.000555405
0.000526397
0.000498034
0.000470388
0.000443523
0.000417495
0.000392352
0.000368133
0.00034487
0.000322586
0.000301296
0.000281009
0.000261724
0.000243437
0.00154415
0.00154295
0.00154166
0.00154026
0.00153876
0.00153713
0.00153537
0.00153346
0.00153141
0.00152919
0.0015268
0.00152422
0.00152143
0.00151843
0.00151519
0.00151171
0.00150795
0.00150391
0.00149956
0.00149488
0.00148986
0.00148446
0.00147867
0.00147246
0.0014658
0.00145866
0.00145103
0.00144286
0.00143414
0.00142483
0.0014149
0.00140433
0.00139307
0.0013811
0.00136839
0.00135491
0.00134064
0.00132553
0.00130958
0.00129275
0.00127504
0.00125641
0.00123686
0.00121638
0.00119496
0.00117261
0.00114934
0.00112515
0.00110008
0.00107414
0.00104738
0.00101984
0.000991563
0.000962615
0.000933061
0.000902973
0.000872429
0.000841516
0.000810324
0.000778945
0.000747478
0.000716021
0.000684673
0.000653534
0.0006227
0.000592266
0.000562322
0.000532952
0.000504236
0.000476246
0.000449046
0.000422694
0.000397237
0.000372717
0.000349164
0.000326602
0.000305047
0.000284506
0.000264981
0.000246466
0.00157222
0.001571
0.00156969
0.00156827
0.00156673
0.00156507
0.00156328
0.00156134
0.00155925
0.00155699
0.00155456
0.00155193
0.00154909
0.00154604
0.00154274
0.00153919
0.00153537
0.00153125
0.00152682
0.00152206
0.00151694
0.00151145
0.00150555
0.00149922
0.00149244
0.00148518
0.0014774
0.00146909
0.00146021
0.00145073
0.00144062
0.00142985
0.00141838
0.0014062
0.00139326
0.00137953
0.00136499
0.00134962
0.00133337
0.00131624
0.0012982
0.00127923
0.00125933
0.00123847
0.00121666
0.00119391
0.00117021
0.00114559
0.00112006
0.00109365
0.0010664
0.00103836
0.00100957
0.000980095
0.000950004
0.000919369
0.000888272
0.000856798
0.00082504
0.000793092
0.000761054
0.000729026
0.000697109
0.000665405
0.000634012
0.000603025
0.000572538
0.000542635
0.000513397
0.000484899
0.000457205
0.000430374
0.000404455
0.000379488
0.000355507
0.000332535
0.000310588
0.000289674
0.000269794
0.000250942
0.00161186
0.00161061
0.00160927
0.00160781
0.00160623
0.00160453
0.00160269
0.00160071
0.00159856
0.00159625
0.00159375
0.00159106
0.00158815
0.00158501
0.00158164
0.001578
0.00157408
0.00156986
0.00156532
0.00156043
0.00155519
0.00154955
0.0015435
0.00153702
0.00153006
0.00152262
0.00151465
0.00150612
0.00149702
0.0014873
0.00147693
0.00146589
0.00145414
0.00144164
0.00142837
0.0014143
0.0013994
0.00138363
0.00136698
0.00134941
0.00133092
0.00131147
0.00129106
0.00126968
0.00124732
0.00122399
0.00119969
0.00117445
0.00114827
0.0011212
0.00109327
0.00106451
0.001035
0.00100478
0.000973935
0.000942529
0.000910648
0.000878382
0.000845823
0.000813071
0.000780226
0.000747392
0.000714672
0.00068217
0.000649986
0.000618219
0.000586963
0.000556307
0.000526334
0.000497117
0.000468726
0.000441219
0.000414646
0.000389051
0.000364465
0.000340914
0.000318414
0.000296973
0.000276592
0.000257265
0.00166656
0.00166527
0.00166388
0.00166237
0.00166075
0.00165899
0.00165709
0.00165503
0.00165282
0.00165042
0.00164784
0.00164505
0.00164205
0.00163881
0.00163531
0.00163155
0.0016275
0.00162313
0.00161844
0.00161339
0.00160797
0.00160214
0.00159589
0.00158918
0.00158199
0.00157429
0.00156605
0.00155724
0.00154782
0.00153777
0.00152705
0.00151563
0.00150348
0.00149056
0.00147684
0.00146229
0.00144688
0.00143058
0.00141336
0.0013952
0.00137607
0.00135596
0.00133486
0.00131275
0.00128963
0.00126551
0.00124039
0.00121429
0.00118722
0.00115923
0.00113035
0.00110062
0.00107011
0.00103886
0.00100697
0.000974496
0.000941533
0.000908172
0.00087451
0.000840647
0.000806688
0.000772741
0.000738911
0.000705307
0.000672032
0.000639188
0.000606872
0.000575177
0.000544187
0.00051398
0.000484625
0.000456185
0.000428711
0.000402248
0.000376828
0.000352478
0.000329214
0.000307046
0.000285973
0.00026599
0.00174142
0.00174007
0.00173862
0.00173704
0.00173534
0.0017335
0.00173152
0.00172937
0.00172706
0.00172456
0.00172186
0.00171894
0.0017158
0.00171242
0.00170877
0.00170483
0.0017006
0.00169604
0.00169113
0.00168586
0.00168019
0.0016741
0.00166757
0.00166056
0.00165304
0.001645
0.00163639
0.00162718
0.00161734
0.00160684
0.00159564
0.0015837
0.001571
0.0015575
0.00154317
0.00152796
0.00151186
0.00149482
0.00147683
0.00145785
0.00143787
0.00141685
0.0013948
0.0013717
0.00134754
0.00132234
0.00129609
0.00126881
0.00124053
0.00121128
0.0011811
0.00115004
0.00111815
0.0010855
0.00105218
0.00101825
0.000983803
0.000948944
0.00091377
0.000878387
0.000842903
0.000807432
0.000772084
0.000736971
0.000702202
0.000667884
0.000634118
0.000601
0.000568618
0.000537055
0.000506383
0.000476666
0.000447959
0.000420307
0.000393746
0.000368303
0.000343995
0.000320831
0.000298812
0.000277932
0.00184418
0.00184275
0.00184121
0.00183955
0.00183774
0.0018358
0.0018337
0.00183142
0.00182897
0.00182632
0.00182346
0.00182038
0.00181705
0.00181347
0.0018096
0.00180543
0.00180095
0.00179612
0.00179092
0.00178534
0.00177934
0.00177289
0.00176597
0.00175854
0.00175059
0.00174207
0.00173295
0.00172319
0.00171277
0.00170165
0.00168979
0.00167715
0.0016637
0.0016494
0.00163422
0.00161812
0.00160106
0.00158302
0.00156397
0.00154387
0.0015227
0.00150045
0.0014771
0.00145263
0.00142705
0.00140035
0.00137255
0.00134367
0.00131372
0.00128274
0.00125078
0.00121788
0.00118411
0.00114954
0.00111424
0.00107831
0.00104184
0.00100492
0.000967671
0.0009302
0.000892623
0.000855059
0.000817626
0.000780441
0.000743622
0.000707279
0.000671522
0.00063645
0.000602159
0.000568734
0.000536253
0.000504783
0.000474383
0.000445099
0.000416972
0.000390027
0.000364285
0.000339755
0.000316437
0.000294325
0.00198731
0.00198578
0.00198412
0.00198232
0.00198038
0.00197828
0.00197602
0.00197357
0.00197092
0.00196807
0.00196499
0.00196167
0.00195808
0.00195422
0.00195005
0.00194556
0.00194073
0.00193552
0.00192992
0.0019239
0.00191743
0.00191049
0.00190303
0.00189503
0.00188645
0.00187727
0.00186744
0.00185693
0.0018457
0.00183372
0.00182093
0.00180732
0.00179282
0.00177741
0.00176105
0.0017437
0.00172532
0.00170588
0.00168534
0.00166368
0.00164087
0.00161689
0.00159172
0.00156536
0.00153779
0.00150902
0.00147906
0.00144793
0.00141566
0.00138228
0.00134783
0.00131238
0.00127599
0.00123874
0.0012007
0.00116198
0.00112267
0.00108289
0.00104275
0.00100237
0.000961881
0.000921402
0.000881064
0.000840994
0.000801317
0.000762155
0.000723623
0.00068583
0.000648878
0.00061286
0.000577858
0.000543947
0.000511188
0.000479633
0.000449322
0.000420288
0.000392548
0.000366114
0.000340987
0.000317159
0.00219226
0.00219057
0.00218874
0.00218675
0.00218461
0.0021823
0.0021798
0.0021771
0.00217418
0.00217103
0.00216764
0.00216397
0.00216002
0.00215575
0.00215116
0.0021462
0.00214087
0.00213513
0.00212895
0.00212231
0.00211518
0.00210751
0.00209928
0.00209046
0.002081
0.00207087
0.00206003
0.00204843
0.00203604
0.00202282
0.00200872
0.0019937
0.00197771
0.00196071
0.00194266
0.00192352
0.00190324
0.00188179
0.00185914
0.00183524
0.00181008
0.00178363
0.00175586
0.00172678
0.00169637
0.00166463
0.00163158
0.00159724
0.00156164
0.00152481
0.00148681
0.00144771
0.00140756
0.00136646
0.00132451
0.00128179
0.00123843
0.00119455
0.00115027
0.00110572
0.00106105
0.0010164
0.000971902
0.0009277
0.000883933
0.000840732
0.000798227
0.000756537
0.000715775
0.000676043
0.000637433
0.000600025
0.000563888
0.00052908
0.000495644
0.000463616
0.000433016
0.000403857
0.000376139
0.000349854
0.00249928
0.00249734
0.00249526
0.002493
0.00249056
0.00248792
0.00248507
0.00248199
0.00247866
0.00247507
0.0024712
0.00246702
0.00246251
0.00245765
0.00245241
0.00244676
0.00244068
0.00243414
0.0024271
0.00241953
0.00241139
0.00240265
0.00239327
0.00238321
0.00237242
0.00236087
0.00234851
0.00233529
0.00232117
0.0023061
0.00229002
0.00227289
0.00225466
0.00223528
0.00221471
0.00219288
0.00216977
0.00214531
0.00211948
0.00209224
0.00206356
0.0020334
0.00200174
0.00196858
0.00193391
0.00189773
0.00186005
0.0018209
0.00178031
0.00173833
0.00169501
0.00165042
0.00160466
0.0015578
0.00150997
0.00146127
0.00141184
0.0013618
0.00131132
0.00126054
0.00120962
0.00115871
0.00110798
0.00105759
0.00100769
0.000958442
0.000909984
0.000862457
0.000815987
0.000770692
0.000726675
0.00068403
0.000642833
0.000603151
0.000565034
0.000528521
0.000493637
0.000460395
0.000428796
0.000398831
0.00299364
0.00299133
0.00298883
0.00298612
0.0029832
0.00298004
0.00297662
0.00297293
0.00296895
0.00296465
0.00296001
0.002955
0.0029496
0.00294378
0.0029375
0.00293074
0.00292346
0.00291562
0.00290718
0.00289811
0.00288837
0.0028779
0.00286666
0.00285461
0.00284169
0.00282786
0.00281305
0.00279722
0.0027803
0.00276224
0.00274298
0.00272247
0.00270063
0.00267742
0.00265277
0.00262663
0.00259894
0.00256965
0.00253871
0.00250608
0.00247171
0.00243559
0.00239767
0.00235795
0.00231642
0.00227308
0.00222795
0.00218105
0.00213243
0.00208214
0.00203025
0.00197685
0.00192203
0.0018659
0.00180861
0.00175027
0.00169106
0.00163113
0.00157067
0.00150984
0.00144884
0.00138786
0.0013271
0.00126674
0.00120697
0.00114798
0.00108994
0.00103301
0.00097735
0.000923095
0.000870373
0.000819292
0.000769948
0.000722417
0.000676762
0.000633028
0.000591245
0.000551429
0.000513581
0.000477691
0.00389719
0.00389419
0.00389094
0.00388743
0.00388364
0.00387954
0.00387511
0.00387033
0.00386516
0.00385959
0.00385357
0.00384707
0.00384007
0.00383252
0.00382437
0.0038156
0.00380616
0.00379599
0.00378505
0.00377329
0.00376065
0.00374707
0.00373249
0.00371686
0.00370011
0.00368216
0.00366296
0.00364242
0.00362048
0.00359705
0.00357207
0.00354546
0.00351714
0.00348703
0.00345506
0.00342116
0.00338524
0.00334725
0.00330712
0.0032648
0.00322024
0.00317338
0.00312421
0.0030727
0.00301884
0.00296264
0.00290411
0.0028433
0.00278026
0.00271506
0.00264778
0.00257855
0.00250748
0.00243473
0.00236046
0.00228487
0.00220814
0.00213049
0.00205215
0.00197336
0.00189436
0.00181541
0.00173675
0.00165863
0.0015813
0.001505
0.00142996
0.00135638
0.00128448
0.00121444
0.00114641
0.00108055
0.00101698
0.000955799
0.000897095
0.000840928
0.000787341
0.000736356
0.000687979
0.000642199
)
;

boundaryField
{
    aerofoil
    {
        type            kqRWallFunction;
        value           nonuniform List<scalar> 
240
(
0.000190939
9.40908e-05
7.73167e-05
6.15272e-05
5.36544e-05
4.71093e-05
4.276e-05
3.98477e-05
3.77813e-05
3.61426e-05
3.48427e-05
3.38209e-05
3.30291e-05
3.23767e-05
3.18441e-05
3.14713e-05
3.12291e-05
3.11206e-05
3.11406e-05
3.12894e-05
3.15633e-05
3.19068e-05
3.22615e-05
3.26333e-05
3.30644e-05
3.35375e-05
3.40342e-05
3.45197e-05
3.49982e-05
3.54773e-05
3.59379e-05
3.63654e-05
3.67546e-05
3.71321e-05
3.75045e-05
3.78682e-05
3.82384e-05
3.85844e-05
3.88907e-05
3.91951e-05
3.94396e-05
3.96305e-05
3.98185e-05
3.99974e-05
4.00669e-05
3.99787e-05
3.97605e-05
3.9383e-05
3.8767e-05
3.77005e-05
3.59164e-05
3.32527e-05
2.95349e-05
2.48562e-05
1.9487e-05
1.39622e-05
9.05009e-06
5.42271e-06
3.11759e-06
1.78912e-06
1.05411e-06
6.45904e-07
4.1201e-07
2.73236e-07
1.87888e-07
1.33396e-07
9.72839e-08
7.24343e-08
5.45677e-08
4.09794e-08
3.0762e-08
2.29278e-08
1.6589e-08
1.20312e-08
8.98387e-09
7.09201e-09
5.99156e-09
5.55484e-09
5.65076e-09
2.12614e-08
2.55938e-05
2.63281e-05
2.67141e-05
2.829e-05
2.89203e-05
2.92352e-05
2.9462e-05
2.92867e-05
2.89977e-05
2.83836e-05
2.76042e-05
2.66664e-05
2.56406e-05
2.45158e-05
2.32796e-05
2.20541e-05
2.08495e-05
1.97361e-05
1.87687e-05
1.79853e-05
1.72099e-05
1.67197e-05
1.66739e-05
1.73565e-05
1.77071e-05
1.81291e-05
1.86017e-05
1.91978e-05
1.99569e-05
2.0931e-05
2.19388e-05
2.33663e-05
2.58535e-05
2.92997e-05
3.40207e-05
4.06408e-05
5.33201e-05
7.65123e-05
0.000107651
0.000183122
2.56833e-05
2.64266e-05
2.68191e-05
2.84076e-05
2.90424e-05
2.93518e-05
2.95688e-05
2.93958e-05
2.91089e-05
2.85026e-05
2.77287e-05
2.67973e-05
2.57707e-05
2.46545e-05
2.34113e-05
2.21769e-05
2.09582e-05
1.98273e-05
1.88406e-05
1.80415e-05
1.72509e-05
1.67482e-05
1.67058e-05
1.73976e-05
1.77435e-05
1.8157e-05
1.85986e-05
1.91456e-05
1.98814e-05
2.09218e-05
2.193e-05
2.33514e-05
2.5841e-05
2.9289e-05
3.40177e-05
4.06283e-05
5.3307e-05
7.64857e-05
0.000107619
0.000183065
0.00019085
9.40523e-05
7.72891e-05
6.15088e-05
5.36381e-05
4.70984e-05
4.27444e-05
3.98283e-05
3.7763e-05
3.61262e-05
3.48294e-05
3.38129e-05
3.30266e-05
3.23802e-05
3.18525e-05
3.14851e-05
3.12456e-05
3.11359e-05
3.11511e-05
3.12977e-05
3.15684e-05
3.19091e-05
3.22654e-05
3.26399e-05
3.30734e-05
3.35499e-05
3.40498e-05
3.45358e-05
3.50067e-05
3.54745e-05
3.5924e-05
3.63416e-05
3.67304e-05
3.71135e-05
3.75006e-05
3.78802e-05
3.826e-05
3.86017e-05
3.88928e-05
3.91744e-05
3.94066e-05
3.96009e-05
3.98109e-05
4.00291e-05
4.0142e-05
4.00784e-05
3.98504e-05
3.94283e-05
3.87543e-05
3.76499e-05
3.58688e-05
3.32466e-05
2.95584e-05
2.48673e-05
1.94743e-05
1.39456e-05
9.04418e-06
5.42341e-06
3.11933e-06
1.79037e-06
1.05489e-06
6.46388e-07
4.12302e-07
2.73408e-07
1.87984e-07
1.33438e-07
9.72958e-08
7.24364e-08
5.45691e-08
4.09862e-08
3.07723e-08
2.29439e-08
1.6598e-08
1.20334e-08
8.97899e-09
7.0856e-09
5.98784e-09
5.5565e-09
5.65671e-09
2.12834e-08
)
;
    }
    inlet
    {
        type            fixedValue;
        value           uniform 0.01;
    }
    outlet
    {
        type            zeroGradient;
    }
    back
    {
        type            empty;
    }
    front
    {
        type            empty;
    }
}


// ************************************************************************* //
