/*--------------------------------*- C++ -*----------------------------------*\
  =========                 |
  \\      /  F ield         | OpenFOAM: The Open Source CFD Toolbox
   \\    /   O peration     | Website:  https://openfoam.org
    \\  /    A nd           | Version:  12
     \\/     M anipulation  |
\*---------------------------------------------------------------------------*/
FoamFile
{
    format      ascii;
    class       volScalarField;
    location    "400";
    object      k;
}
// * * * * * * * * * * * * * * * * * * * * * * * * * * * * * * * * * * * * * //

dimensions      [0 2 -2 0 0 0 0];

internalField   nonuniform List<scalar> 
16200
(
19.0541
13.6651
12.6229
11.7072
11.241
10.946
10.7536
10.5816
10.383
10.1481
9.93509
9.79823
9.74385
9.74715
9.78885
9.84052
9.86942
9.83498
9.7315
9.59688
9.46376
9.3688
9.34147
9.36419
9.43792
9.56495
9.74761
9.98543
10.274
10.6048
10.9692
11.3564
11.7535
12.1466
12.5213
12.8627
13.1548
13.3836
13.5395
13.6172
13.6328
13.6012
13.5239
13.4055
13.2513
13.0675
12.86
12.6344
12.3967
12.1553
11.9249
11.731
11.6167
11.6521
11.9505
12.7091
14.3519
12.387
11.9648
15.1578
15.2945
13.5176
13.2802
12.746
12.3599
12.0749
11.821
11.5363
11.1584
10.6259
9.99153
9.33465
8.73467
8.27282
8.01261
7.9446
8.04447
8.2462
8.41124
8.4775
8.30346
7.8664
7.39443
6.88145
6.32996
5.75889
5.19068
4.64491
4.13687
3.67741
3.26488
2.89305
2.55624
2.25036
1.97328
1.72507
1.51012
1.32747
1.17994
1.07052
0.984165
0.905205
0.832727
0.766133
0.704996
0.648976
0.597741
0.550884
0.508017
0.468777
0.432806
0.399713
0.368974
0.339558
0.308726
0.268648
0.22892
0.20355
0.215248
0.175303
10.13
10.1511
10.2453
9.97117
9.62778
9.31323
8.98825
8.61622
8.1249
7.22724
6.00533
5.0263
4.4823
4.21457
4.04898
3.91672
3.77913
3.58962
3.28355
2.75575
2.20446
1.73366
1.36704
1.08021
0.856684
0.681644
0.543508
0.433568
0.3453
0.273638
0.214449
0.16562
0.126195
0.0957694
0.074093
0.0607305
0.0505113
0.0425646
0.036336
0.0313444
0.0271831
0.0236424
0.0206397
0.0180957
0.0159403
0.0141096
0.0125617
0.0113036
0.0102872
0.00945942
0.00878975
0.00825589
0.00784086
0.00752867
0.00729537
0.00709221
0.00682992
0.00686565
0.0071501
0.007995
6.58349
7.30373
7.74073
7.5502
7.1986
6.8071
6.32244
5.74084
5.03937
4.19335
3.35381
2.7162
2.26984
1.93755
1.65793
1.40304
1.16733
0.945803
0.731234
0.516456
0.349178
0.233909
0.157107
0.105731
0.0713297
0.0481613
0.0324711
0.0218489
0.0147188
0.0100347
0.00708348
0.0051769
0.00391257
0.00308702
0.00255652
0.0022086
0.00196071
0.00177901
0.00164229
0.0015368
0.00145368
0.00138722
0.00133329
0.00129077
0.0012572
0.00123038
0.00120864
0.00119167
0.00117858
0.00116837
0.0011604
0.00115417
0.00114926
0.0011453
0.00114182
0.0011382
0.00113387
0.0011328
0.00113483
0.00110234
3.60548
4.17028
4.35102
4.19308
3.83978
3.36372
2.83461
2.24691
1.66252
1.16877
0.822276
0.59301
0.431066
0.310103
0.216961
0.145278
0.0918864
0.0551019
0.0319461
0.0182477
0.0107667
0.00669093
0.00439884
0.00307076
0.00228689
0.00181785
0.00153425
0.00136125
0.00125938
0.00119947
0.00116354
0.00114094
0.00112606
0.00111577
0.0011082
0.00110271
0.0010986
0.00109542
0.00109289
0.00109082
0.00108911
0.00108767
0.00108644
0.00108538
0.00108445
0.00108363
0.00108289
0.00108223
0.00108164
0.0010811
0.0010806
0.00108015
0.00107973
0.00107933
0.00107896
0.00107862
0.00107829
0.00107798
0.00107771
0.00107747
1.75037
2.10641
2.10023
1.63297
1.14243
0.764553
0.491361
0.290398
0.155367
0.0787548
0.0419331
0.0238074
0.014137
0.00871865
0.00554565
0.0036562
0.00254282
0.00190726
0.00155489
0.00135983
0.00125715
0.00120192
0.00117003
0.00115008
0.0011364
0.00112638
0.00111916
0.00111366
0.00110929
0.00110568
0.00110259
0.00109992
0.00109757
0.00109548
0.00109363
0.00109198
0.0010905
0.00108916
0.00108796
0.00108688
0.0010859
0.00108501
0.0010842
0.00108346
0.00108278
0.00108216
0.00108159
0.00108106
0.00108056
0.0010801
0.00107967
0.00107925
0.00107886
0.00107848
0.00107811
0.00107775
0.00107739
0.00107703
0.00107667
0.00107632
0.490908
0.551009
0.508927
0.314016
0.169339
0.0853301
0.0391442
0.0160966
0.00652523
0.00312624
0.0020155
0.00158633
0.00138182
0.00126905
0.00121383
0.00118195
0.00116289
0.00115088
0.00114269
0.00113659
0.00113174
0.00112758
0.0011238
0.00112024
0.00111682
0.00111345
0.00111008
0.00110693
0.00110409
0.00110153
0.00109922
0.00109713
0.00109524
0.00109353
0.00109198
0.00109058
0.0010893
0.00108815
0.00108709
0.00108613
0.00108526
0.00108446
0.00108372
0.00108305
0.00108242
0.00108184
0.00108131
0.00108081
0.00108033
0.00107989
0.00107946
0.00107905
0.00107866
0.00107827
0.00107789
0.00107751
0.00107713
0.00107674
0.00107633
0.00107592
0.0476449
0.0537172
0.0491367
0.0287213
0.0147909
0.00685261
0.00306421
0.00168774
0.00130981
0.00122209
0.0011981
0.00118691
0.00117914
0.00117268
0.00116694
0.00116144
0.00115603
0.00115067
0.00114532
0.00113996
0.00113457
0.00112912
0.00112401
0.00111941
0.00111528
0.00111156
0.00110822
0.00110522
0.00110252
0.0011001
0.00109791
0.00109594
0.00109416
0.00109256
0.00109111
0.0010898
0.00108861
0.00108752
0.00108654
0.00108564
0.00108482
0.00108407
0.00108338
0.00108274
0.00108215
0.0010816
0.00108108
0.0010806
0.00108014
0.0010797
0.00107928
0.00107887
0.00107846
0.00107807
0.00107767
0.00107727
0.00107686
0.00107643
0.00107597
0.00107548
0.00203598
0.00193968
0.0017607
0.00151481
0.00135364
0.00126591
0.00122323
0.00120323
0.00119209
0.00118409
0.00117716
0.00117084
0.00116495
0.00115941
0.0011542
0.00114924
0.00114451
0.00113998
0.00113562
0.00113141
0.0011273
0.00112326
0.00111922
0.00111524
0.00111166
0.00110842
0.0011055
0.00110286
0.00110047
0.00109832
0.00109636
0.0010946
0.001093
0.00109154
0.00109023
0.00108903
0.00108794
0.00108694
0.00108603
0.0010852
0.00108444
0.00108373
0.00108308
0.00108247
0.00108191
0.00108138
0.00108088
0.00108041
0.00107995
0.00107952
0.00107909
0.00107868
0.00107826
0.00107785
0.00107743
0.001077
0.00107656
0.00107609
0.00107558
0.00107501
0.00137118
0.0013149
0.0012758
0.00125178
0.0012338
0.00122096
0.00121053
0.00120177
0.00119409
0.00118715
0.00118072
0.00117462
0.00116873
0.00116301
0.00115739
0.00115187
0.00114642
0.00114103
0.00113572
0.00113045
0.00112534
0.00112074
0.0011166
0.00111288
0.00110952
0.00110649
0.00110376
0.0011013
0.00109907
0.00109706
0.00109525
0.0010936
0.00109211
0.00109076
0.00108953
0.00108841
0.00108739
0.00108646
0.00108561
0.00108483
0.0010841
0.00108343
0.00108281
0.00108223
0.00108169
0.00108118
0.00108069
0.00108022
0.00107977
0.00107933
0.0010789
0.00107847
0.00107804
0.00107761
0.00107717
0.00107671
0.00107623
0.00107571
0.00107514
0.00107448
0.00134937
0.00130462
0.00126946
0.00124604
0.00122831
0.00121525
0.00120438
0.00119514
0.00118701
0.00117972
0.00117307
0.00116689
0.00116107
0.00115554
0.00115025
0.00114514
0.0011402
0.00113539
0.00113069
0.00112609
0.00112151
0.00111737
0.00111364
0.00111027
0.00110722
0.00110447
0.00110198
0.00109973
0.0010977
0.00109585
0.00109418
0.00109266
0.00109128
0.00109003
0.00108889
0.00108785
0.00108689
0.00108602
0.00108522
0.00108448
0.00108379
0.00108315
0.00108256
0.001082
0.00108147
0.00108097
0.00108049
0.00108002
0.00107957
0.00107913
0.00107869
0.00107825
0.0010778
0.00107735
0.00107688
0.00107638
0.00107586
0.00107529
0.00107465
0.00107389
0.00133359
0.00129867
0.00126811
0.00124477
0.00122741
0.00121459
0.00120396
0.00119491
0.0011869
0.00117966
0.00117296
0.00116665
0.00116061
0.00115478
0.00114912
0.00114359
0.00113818
0.00113287
0.00112765
0.00112291
0.00111865
0.0011148
0.00111133
0.0011082
0.00110537
0.00110282
0.00110051
0.00109841
0.00109652
0.0010948
0.00109325
0.00109183
0.00109054
0.00108937
0.0010883
0.00108732
0.00108643
0.0010856
0.00108484
0.00108413
0.00108348
0.00108287
0.00108229
0.00108175
0.00108123
0.00108074
0.00108026
0.0010798
0.00107935
0.00107889
0.00107844
0.00107799
0.00107752
0.00107704
0.00107654
0.00107601
0.00107544
0.00107481
0.0010741
0.00107324
0.00131718
0.00129025
0.00126455
0.00124102
0.00122327
0.00121009
0.00119919
0.00118993
0.00118179
0.00117447
0.00116776
0.00116149
0.00115555
0.00114987
0.0011444
0.0011391
0.00113392
0.00112886
0.00112406
0.00111973
0.00111581
0.00111228
0.00110909
0.00110621
0.0011036
0.00110123
0.0010991
0.00109716
0.0010954
0.0010938
0.00109235
0.00109103
0.00108983
0.00108873
0.00108772
0.0010868
0.00108595
0.00108517
0.00108445
0.00108378
0.00108315
0.00108256
0.001082
0.00108147
0.00108096
0.00108047
0.00108
0.00107954
0.00107908
0.00107862
0.00107816
0.00107768
0.0010772
0.00107669
0.00107616
0.00107559
0.00107497
0.00107428
0.00107348
0.0010725
0.00130068
0.00128045
0.00125945
0.0012387
0.00122114
0.00120785
0.00119689
0.00118758
0.00117937
0.00117197
0.00116515
0.00115875
0.00115266
0.00114681
0.00114115
0.00113564
0.00113025
0.00112534
0.00112091
0.00111691
0.00111329
0.00111002
0.00110706
0.00110439
0.00110196
0.00109977
0.00109778
0.00109597
0.00109433
0.00109284
0.00109148
0.00109024
0.00108911
0.00108808
0.00108713
0.00108626
0.00108545
0.00108471
0.00108402
0.00108337
0.00108276
0.00108219
0.00108165
0.00108113
0.00108063
0.00108015
0.00107967
0.00107921
0.00107874
0.00107828
0.0010778
0.00107732
0.00107681
0.00107628
0.00107572
0.0010751
0.00107443
0.00107367
0.00107278
0.00107166
0.00128309
0.00126807
0.00125123
0.00123361
0.00121714
0.00120365
0.0011925
0.00118303
0.00117473
0.00116727
0.00116043
0.00115404
0.00114799
0.0011422
0.00113661
0.00113119
0.00112628
0.00112183
0.00111779
0.00111413
0.00111081
0.0011078
0.00110507
0.0011026
0.00110036
0.00109832
0.00109647
0.00109478
0.00109325
0.00109186
0.00109059
0.00108943
0.00108836
0.00108739
0.00108649
0.00108566
0.00108489
0.00108418
0.00108351
0.00108289
0.0010823
0.00108175
0.00108121
0.0010807
0.00108021
0.00107973
0.00107926
0.00107879
0.00107832
0.00107785
0.00107737
0.00107687
0.00107635
0.0010758
0.0010752
0.00107454
0.00107381
0.00107297
0.00107198
0.00107071
0.00126481
0.00125371
0.00124053
0.00122619
0.00121249
0.00119964
0.00118849
0.00117891
0.00117046
0.00116286
0.00115589
0.00114938
0.00114321
0.00113728
0.00113187
0.00112696
0.00112249
0.00111843
0.00111475
0.0011114
0.00110836
0.0011056
0.00110309
0.00110081
0.00109873
0.00109685
0.00109513
0.00109356
0.00109213
0.00109083
0.00108963
0.00108854
0.00108753
0.00108661
0.00108576
0.00108497
0.00108423
0.00108355
0.00108291
0.0010823
0.00108173
0.00108118
0.00108066
0.00108016
0.00107967
0.0010792
0.00107873
0.00107826
0.00107779
0.00107731
0.00107683
0.00107632
0.00107579
0.00107521
0.00107459
0.00107389
0.0010731
0.00107219
0.00107108
0.00106963
0.00124636
0.00123732
0.00122651
0.00121464
0.00120319
0.0011924
0.00118237
0.00117313
0.00116471
0.00115708
0.00115002
0.00114355
0.00113765
0.00113227
0.00112737
0.0011229
0.00111884
0.00111514
0.00111178
0.00110872
0.00110593
0.0011034
0.00110109
0.00109898
0.00109706
0.00109531
0.00109372
0.00109226
0.00109092
0.0010897
0.00108858
0.00108755
0.00108659
0.00108572
0.0010849
0.00108414
0.00108344
0.00108278
0.00108215
0.00108156
0.001081
0.00108047
0.00107996
0.00107946
0.00107898
0.0010785
0.00107804
0.00107757
0.00107711
0.00107663
0.00107614
0.00107563
0.00107509
0.0010745
0.00107386
0.00107313
0.00107229
0.00107129
0.00107005
0.0010684
0.00122946
0.00122136
0.00121181
0.00120147
0.00119142
0.00118188
0.00117298
0.00116474
0.00115714
0.00115015
0.00114375
0.0011379
0.00113254
0.00112765
0.00112319
0.00111911
0.0011154
0.00111201
0.00110893
0.00110611
0.00110355
0.00110121
0.00109907
0.00109712
0.00109534
0.00109371
0.00109222
0.00109086
0.00108961
0.00108845
0.00108739
0.00108641
0.00108551
0.00108467
0.00108389
0.00108316
0.00108247
0.00108183
0.00108122
0.00108064
0.00108009
0.00107956
0.00107905
0.00107856
0.00107808
0.00107762
0.00107715
0.00107669
0.00107623
0.00107576
0.00107528
0.00107477
0.00107423
0.00107364
0.00107299
0.00107223
0.00107134
0.00107026
0.00106888
0.001067
0.00121485
0.00120735
0.00119878
0.00118967
0.00118077
0.0011723
0.00116436
0.00115697
0.00115013
0.00114383
0.00113804
0.00113272
0.00112785
0.00112338
0.0011193
0.00111557
0.00111215
0.00110904
0.00110619
0.00110359
0.00110121
0.00109904
0.00109705
0.00109523
0.00109357
0.00109204
0.00109064
0.00108935
0.00108816
0.00108707
0.00108606
0.00108512
0.00108425
0.00108344
0.00108268
0.00108197
0.0010813
0.00108066
0.00108006
0.00107949
0.00107894
0.00107842
0.00107791
0.00107743
0.00107695
0.00107648
0.00107603
0.00107557
0.00107512
0.00107466
0.00107418
0.00107369
0.00107316
0.00107258
0.00107193
0.00107116
0.00107024
0.00106908
0.00106756
0.0010654
0.00120236
0.00119522
0.00118739
0.00117925
0.0011713
0.00116371
0.00115657
0.00114992
0.00114374
0.00113803
0.00113277
0.00112792
0.00112346
0.00111937
0.00111562
0.00111219
0.00110904
0.00110615
0.00110351
0.00110109
0.00109887
0.00109684
0.00109498
0.00109327
0.0010917
0.00109025
0.00108892
0.0010877
0.00108656
0.00108551
0.00108453
0.00108363
0.00108278
0.00108198
0.00108124
0.00108053
0.00107987
0.00107924
0.00107864
0.00107807
0.00107752
0.00107699
0.00107649
0.001076
0.00107552
0.00107506
0.0010746
0.00107415
0.00107371
0.00107326
0.00107281
0.00107233
0.00107183
0.00107127
0.00107064
0.00106988
0.00106895
0.00106772
0.00106604
0.00106356
0.00119173
0.00118481
0.00117751
0.0011701
0.00116289
0.00115601
0.00114954
0.00114349
0.00113787
0.00113266
0.00112784
0.0011234
0.0011193
0.00111553
0.00111207
0.00110889
0.00110596
0.00110328
0.00110081
0.00109855
0.00109647
0.00109456
0.0010928
0.00109118
0.00108968
0.0010883
0.00108703
0.00108585
0.00108475
0.00108373
0.00108277
0.00108188
0.00108104
0.00108026
0.00107951
0.00107881
0.00107814
0.00107751
0.0010769
0.00107632
0.00107577
0.00107523
0.00107472
0.00107422
0.00107374
0.00107328
0.00107282
0.00107238
0.00107194
0.00107151
0.00107108
0.00107063
0.00107016
0.00106964
0.00106905
0.00106833
0.00106741
0.00106615
0.00106431
0.00106146
0.00118276
0.00117598
0.00116906
0.00116218
0.00115554
0.00114921
0.00114326
0.00113769
0.00113251
0.00112771
0.00112325
0.00111914
0.00111534
0.00111184
0.00110861
0.00110564
0.00110291
0.00110039
0.00109807
0.00109593
0.00109396
0.00109214
0.00109046
0.00108891
0.00108748
0.00108615
0.00108491
0.00108376
0.00108268
0.00108168
0.00108073
0.00107985
0.00107901
0.00107822
0.00107747
0.00107676
0.00107608
0.00107543
0.00107481
0.00107421
0.00107364
0.00107309
0.00107256
0.00107205
0.00107156
0.00107109
0.00107063
0.00107019
0.00106976
0.00106934
0.00106893
0.00106851
0.00106808
0.00106762
0.00106709
0.00106644
0.00106556
0.0010643
0.00106233
0.00105903
0.00117519
0.00116851
0.00116188
0.00115539
0.00114916
0.00114326
0.0011377
0.00113251
0.00112767
0.00112317
0.00111901
0.00111515
0.00111158
0.00110829
0.00110525
0.00110244
0.00109985
0.00109746
0.00109525
0.00109321
0.00109132
0.00108957
0.00108795
0.00108645
0.00108505
0.00108375
0.00108253
0.00108139
0.00108033
0.00107932
0.00107837
0.00107748
0.00107663
0.00107582
0.00107506
0.00107432
0.00107362
0.00107295
0.0010723
0.00107168
0.00107108
0.00107051
0.00106996
0.00106942
0.00106891
0.00106842
0.00106796
0.00106751
0.00106708
0.00106667
0.00106628
0.0010659
0.00106552
0.00106512
0.00106467
0.00106411
0.00106334
0.00106213
0.00106005
0.00105623
0.00116867
0.00116211
0.0011557
0.00114951
0.0011436
0.001138
0.00113275
0.00112783
0.00112325
0.00111899
0.00111503
0.00111137
0.00110798
0.00110484
0.00110193
0.00109924
0.00109675
0.00109445
0.00109232
0.00109034
0.00108851
0.0010868
0.00108522
0.00108374
0.00108235
0.00108106
0.00107985
0.0010787
0.00107763
0.00107661
0.00107564
0.00107473
0.00107385
0.00107302
0.00107222
0.00107145
0.00107071
0.00107
0.00106932
0.00106866
0.00106803
0.00106742
0.00106683
0.00106627
0.00106573
0.00106522
0.00106473
0.00106427
0.00106383
0.00106343
0.00106305
0.00106269
0.00106236
0.00106203
0.00106168
0.00106125
0.00106062
0.00105953
0.00105742
0.00105298
0.00116278
0.00115636
0.00115017
0.00114422
0.00113856
0.00113321
0.00112818
0.00112347
0.00111908
0.00111499
0.0011112
0.00110767
0.0011044
0.00110136
0.00109855
0.00109594
0.00109352
0.00109128
0.00108919
0.00108724
0.00108544
0.00108375
0.00108217
0.00108069
0.0010793
0.001078
0.00107677
0.0010756
0.0010745
0.00107345
0.00107245
0.0010715
0.00107059
0.00106971
0.00106887
0.00106805
0.00106727
0.00106651
0.00106578
0.00106508
0.0010644
0.00106374
0.00106311
0.00106251
0.00106193
0.00106138
0.00106086
0.00106038
0.00105993
0.00105951
0.00105914
0.00105881
0.00105851
0.00105825
0.001058
0.00105772
0.00105729
0.00105642
0.00105436
0.0010492
0.00115701
0.00115079
0.00114481
0.00113908
0.00113364
0.0011285
0.00112366
0.00111913
0.00111489
0.00111094
0.00110725
0.00110383
0.00110064
0.00109768
0.00109493
0.00109237
0.00108999
0.00108777
0.0010857
0.00108377
0.00108196
0.00108027
0.00107868
0.00107718
0.00107577
0.00107444
0.00107318
0.00107198
0.00107083
0.00106974
0.00106869
0.00106769
0.00106672
0.00106579
0.00106489
0.00106402
0.00106318
0.00106236
0.00106158
0.00106081
0.00106008
0.00105937
0.00105868
0.00105803
0.0010574
0.00105681
0.00105626
0.00105574
0.00105526
0.00105484
0.00105446
0.00105413
0.00105387
0.00105366
0.0010535
0.00105337
0.00105318
0.00105263
0.0010508
0.00104478
0.00115077
0.00114481
0.00113908
0.00113359
0.00112837
0.00112343
0.00111877
0.00111439
0.00111029
0.00110645
0.00110287
0.00109953
0.00109641
0.00109351
0.0010908
0.00108827
0.00108591
0.0010837
0.00108163
0.0010797
0.00107788
0.00107616
0.00107455
0.00107302
0.00107157
0.0010702
0.00106889
0.00106764
0.00106644
0.00106529
0.00106419
0.00106312
0.00106209
0.00106109
0.00106013
0.00105919
0.00105828
0.0010574
0.00105655
0.00105572
0.00105492
0.00105414
0.0010534
0.00105269
0.00105201
0.00105137
0.00105078
0.00105022
0.00104972
0.00104927
0.00104888
0.00104856
0.00104831
0.00104814
0.00104806
0.00104806
0.00104811
0.001048
0.00104662
0.00103962
0.00114336
0.00113776
0.00113234
0.00112714
0.00112217
0.00111744
0.00111298
0.00110876
0.0011048
0.00110109
0.00109761
0.00109435
0.0010913
0.00108845
0.00108577
0.00108327
0.00108093
0.00107873
0.00107665
0.0010747
0.00107287
0.00107113
0.00106948
0.00106791
0.00106642
0.00106499
0.00106363
0.00106232
0.00106107
0.00105986
0.00105869
0.00105755
0.00105646
0.00105539
0.00105436
0.00105335
0.00105237
0.00105142
0.0010505
0.0010496
0.00104873
0.00104789
0.00104708
0.00104631
0.00104557
0.00104489
0.00104425
0.00104366
0.00104313
0.00104267
0.00104227
0.00104194
0.00104171
0.00104157
0.00104153
0.00104163
0.00104189
0.0010423
0.00104171
0.00103356
0.00113392
0.00112883
0.00112384
0.00111901
0.00111435
0.00110989
0.00110566
0.00110164
0.00109785
0.00109427
0.0010909
0.00108774
0.00108477
0.00108197
0.00107935
0.00107688
0.00107455
0.00107236
0.00107028
0.00106832
0.00106646
0.00106469
0.00106301
0.0010614
0.00105986
0.00105838
0.00105696
0.0010556
0.00105428
0.00105301
0.00105178
0.00105058
0.00104943
0.0010483
0.00104721
0.00104615
0.00104512
0.00104411
0.00104313
0.00104218
0.00104126
0.00104036
0.00103949
0.00103866
0.00103786
0.00103712
0.00103645
0.00103584
0.00103529
0.00103482
0.00103443
0.00103412
0.00103391
0.0010338
0.00103381
0.00103394
0.0010343
0.00103523
0.00103593
0.00102646
0.00112133
0.00111702
0.00111266
0.00110834
0.00110411
0.00110001
0.00109608
0.00109232
0.00108874
0.00108534
0.00108212
0.00107907
0.00107619
0.00107347
0.0010709
0.00106847
0.00106616
0.00106397
0.0010619
0.00105992
0.00105804
0.00105624
0.00105452
0.00105287
0.00105128
0.00104974
0.00104827
0.00104684
0.00104545
0.00104411
0.00104281
0.00104156
0.00104035
0.00103918
0.00103806
0.00103698
0.00103593
0.00103493
0.00103396
0.00103302
0.00103212
0.00103123
0.00103037
0.0010295
0.00102863
0.00102783
0.00102712
0.0010265
0.00102596
0.0010255
0.00102514
0.00102487
0.0010247
0.00102466
0.00102476
0.00102491
0.00102516
0.00102645
0.00102912
0.00101814
0.00110414
0.00110102
0.0010976
0.00109403
0.00109041
0.00108681
0.0010833
0.0010799
0.00107662
0.00107348
0.00107048
0.00106761
0.00106487
0.00106226
0.00105977
0.00105739
0.00105512
0.00105295
0.00105088
0.0010489
0.00104701
0.00104519
0.00104346
0.00104178
0.00104017
0.0010386
0.00103708
0.00103559
0.00103413
0.00103269
0.00103127
0.00102985
0.00102844
0.00102714
0.00102593
0.00102482
0.00102379
0.00102285
0.00102198
0.00102118
0.00102045
0.00101978
0.00101918
0.00101864
0.00101816
0.00101774
0.00101737
0.00101706
0.00101681
0.00101661
0.00101647
0.00101639
0.00101637
0.00101643
0.00101659
0.00101679
0.00101709
0.00101824
0.00102111
0.00101273
0.0010804
0.00107914
0.00107723
0.00107484
0.00107215
0.00106928
0.00106635
0.00106343
0.00106056
0.00105778
0.00105509
0.0010525
0.00105
0.0010476
0.00104527
0.00104302
0.00104083
0.00103869
0.00103659
0.00103454
0.00103251
0.00103052
0.00102864
0.00102694
0.00102537
0.00102394
0.00102263
0.00102143
0.00102033
0.00101932
0.0010184
0.00101755
0.00101676
0.00101605
0.0010154
0.0010148
0.00101426
0.00101376
0.00101332
0.00101292
0.00101257
0.00101226
0.00101199
0.00101176
0.00101157
0.00101142
0.0010113
0.00101122
0.00101118
0.00101116
0.00101119
0.00101124
0.00101134
0.00101148
0.00101167
0.00101188
0.00101215
0.00101294
0.00101482
0.00100965
0.00104694
0.0010486
0.00104914
0.00104879
0.00104772
0.00104609
0.00104408
0.00104182
0.00103943
0.00103701
0.00103461
0.0010323
0.00103009
0.00102801
0.00102607
0.00102428
0.00102262
0.0010211
0.00101972
0.00101845
0.00101729
0.00101624
0.00101528
0.0010144
0.00101361
0.00101288
0.00101223
0.00101163
0.00101109
0.0010106
0.00101015
0.00100976
0.0010094
0.00100909
0.00100881
0.00100856
0.00100836
0.00100818
0.00100804
0.00100792
0.00100783
0.00100778
0.00100775
0.00100774
0.00100776
0.0010078
0.00100787
0.00100796
0.00100807
0.0010082
0.00100835
0.00100851
0.00100869
0.0010089
0.00100913
0.00100936
0.00100961
0.00101017
0.0010114
0.0010083
0.00101635
0.00101797
0.00101896
0.00101943
0.00101948
0.00101917
0.0010186
0.00101785
0.00101698
0.00101605
0.0010151
0.00101415
0.00101324
0.00101236
0.00101154
0.00101078
0.00101007
0.00100943
0.00100884
0.0010083
0.00100782
0.00100739
0.001007
0.00100665
0.00100634
0.00100607
0.00100584
0.00100563
0.00100546
0.00100531
0.00100519
0.0010051
0.00100503
0.00100499
0.00100497
0.00100498
0.001005
0.00100505
0.00100512
0.0010052
0.00100531
0.00100544
0.00100558
0.00100574
0.00100592
0.00100612
0.00100632
0.00100654
0.00100678
0.00100702
0.00100727
0.00100752
0.00100778
0.00100805
0.00100831
0.00100857
0.00100883
0.00100925
0.00101005
0.00100826
0.000998521
0.00100014
0.00100138
0.0010023
0.00100295
0.00100336
0.0010036
0.00100369
0.00100369
0.00100361
0.00100348
0.00100333
0.00100316
0.00100299
0.00100283
0.00100268
0.00100254
0.00100242
0.00100232
0.00100224
0.00100217
0.00100212
0.0010021
0.00100208
0.00100209
0.00100211
0.00100215
0.00100221
0.00100228
0.00100237
0.00100247
0.00100259
0.00100272
0.00100287
0.00100304
0.00100322
0.00100341
0.00100363
0.00100385
0.00100409
0.00100435
0.00100462
0.0010049
0.00100519
0.0010055
0.00100581
0.00100614
0.00100647
0.0010068
0.00100714
0.00100748
0.00100782
0.00100815
0.00100847
0.00100879
0.00100908
0.00100935
0.00100969
0.00101024
0.00100925
0.000988129
0.000989786
0.000991194
0.00099238
0.000993375
0.000994203
0.000994891
0.000995465
0.000995946
0.000996354
0.000996705
0.000997011
0.000997285
0.000997533
0.000997763
0.00099798
0.000998189
0.000998391
0.000998591
0.00099879
0.000998989
0.00099919
0.000999395
0.000999604
0.000999818
0.00100004
0.00100027
0.0010005
0.00100075
0.001001
0.00100126
0.00100153
0.00100182
0.00100211
0.00100242
0.00100273
0.00100306
0.00100341
0.00100376
0.00100413
0.0010045
0.00100489
0.00100529
0.0010057
0.00100612
0.00100654
0.00100697
0.0010074
0.00100784
0.00100827
0.00100869
0.00100911
0.00100951
0.0010099
0.00101026
0.00101059
0.00101089
0.0010112
0.00101159
0.00101108
0.000981893
0.000983633
0.000985181
0.000986556
0.000987778
0.000988862
0.000989828
0.000990692
0.000991469
0.000992171
0.000992811
0.000993398
0.000993942
0.000994448
0.000994924
0.000995375
0.000995804
0.000996216
0.000996613
0.000997
0.000997378
0.000997749
0.000998116
0.000998481
0.000998845
0.00099921
0.000999577
0.000999947
0.00100032
0.0010007
0.00100109
0.00100149
0.00100189
0.00100231
0.00100273
0.00100317
0.00100361
0.00100407
0.00100454
0.00100502
0.00100551
0.00100601
0.00100652
0.00100703
0.00100756
0.00100809
0.00100862
0.00100915
0.00100969
0.00101021
0.00101073
0.00101123
0.00101171
0.00101216
0.00101258
0.00101297
0.0010133
0.00101361
0.00101392
0.00101369
0.000977862
0.000979724
0.000981418
0.000982956
0.000984357
0.000985632
0.000986796
0.000987862
0.000988841
0.000989744
0.000990581
0.00099136
0.000992089
0.000992774
0.000993421
0.000994036
0.000994623
0.000995186
0.000995729
0.000996255
0.000996768
0.00099727
0.000997764
0.000998252
0.000998737
0.00099922
0.000999703
0.00100019
0.00100068
0.00100117
0.00100167
0.00100218
0.00100269
0.00100322
0.00100376
0.0010043
0.00100486
0.00100543
0.00100601
0.0010066
0.00100721
0.00100782
0.00100844
0.00100907
0.00100971
0.00101035
0.001011
0.00101164
0.00101228
0.0010129
0.00101352
0.00101411
0.00101468
0.00101521
0.0010157
0.00101614
0.00101652
0.00101684
0.00101712
0.00101704
0.000974915
0.000976937
0.000978794
0.0009805
0.000982069
0.000983515
0.00098485
0.000986084
0.00098723
0.000988296
0.000989291
0.000990224
0.000991102
0.000991931
0.000992717
0.000993467
0.000994184
0.000994874
0.00099554
0.000996187
0.000996818
0.000997435
0.000998043
0.000998643
0.000999239
0.000999832
0.00100043
0.00100102
0.00100162
0.00100222
0.00100283
0.00100345
0.00100408
0.00100472
0.00100537
0.00100604
0.00100671
0.0010074
0.0010081
0.00100882
0.00100954
0.00101028
0.00101103
0.00101179
0.00101255
0.00101332
0.00101408
0.00101485
0.00101561
0.00101635
0.00101708
0.00101778
0.00101845
0.00101907
0.00101964
0.00102015
0.00102058
0.00102093
0.0010212
0.00102121
0.000972427
0.000974644
0.000976691
0.000978582
0.000980331
0.000981952
0.000983457
0.000984857
0.000986162
0.000987383
0.000988528
0.000989606
0.000990624
0.000991589
0.000992508
0.000993386
0.000994229
0.000995041
0.000995828
0.000996593
0.00099734
0.000998073
0.000998795
0.00099951
0.00100022
0.00100093
0.00100164
0.00100235
0.00100306
0.00100379
0.00100452
0.00100526
0.00100601
0.00100678
0.00100755
0.00100835
0.00100916
0.00100998
0.00101082
0.00101167
0.00101254
0.00101342
0.00101431
0.00101521
0.00101612
0.00101703
0.00101794
0.00101885
0.00101974
0.00102062
0.00102148
0.00102231
0.00102309
0.00102382
0.00102449
0.00102507
0.00102557
0.00102596
0.00102623
0.00102628
0.000970066
0.000972513
0.00097478
0.000976881
0.000978831
0.000980645
0.000982334
0.000983911
0.000985387
0.000986772
0.000988075
0.000989305
0.000990471
0.000991579
0.000992637
0.000993651
0.000994627
0.000995569
0.000996485
0.000997377
0.000998251
0.00099911
0.000999958
0.0010008
0.00100164
0.00100247
0.00100331
0.00100415
0.001005
0.00100585
0.00100672
0.0010076
0.0010085
0.00100941
0.00101033
0.00101127
0.00101224
0.00101321
0.00101421
0.00101523
0.00101626
0.0010173
0.00101836
0.00101943
0.00102051
0.00102159
0.00102267
0.00102374
0.0010248
0.00102584
0.00102685
0.00102783
0.00102875
0.0010296
0.00103038
0.00103106
0.00103163
0.00103206
0.00103235
0.00103242
0.000967662
0.000970375
0.000972894
0.000975235
0.000977414
0.000979445
0.000981341
0.000983117
0.000984783
0.00098635
0.000987829
0.00098923
0.00099056
0.000991828
0.000993041
0.000994207
0.000995332
0.000996423
0.000997483
0.00099852
0.000999538
0.00100054
0.00100153
0.00100252
0.0010035
0.00100448
0.00100547
0.00100646
0.00100746
0.00100848
0.00100951
0.00101055
0.00101161
0.00101269
0.00101379
0.00101491
0.00101605
0.00101721
0.0010184
0.0010196
0.00102083
0.00102207
0.00102333
0.0010246
0.00102587
0.00102716
0.00102844
0.00102971
0.00103096
0.00103219
0.00103339
0.00103453
0.00103561
0.00103662
0.00103752
0.00103831
0.00103897
0.00103946
0.00103977
0.00103984
0.000965144
0.000968159
0.000970964
0.000973578
0.000976016
0.000978294
0.000980427
0.000982428
0.00098431
0.000986085
0.000987765
0.000989359
0.000990877
0.000992328
0.00099372
0.000995061
0.000996358
0.000997619
0.000998848
0.00100005
0.00100124
0.00100241
0.00100357
0.00100472
0.00100588
0.00100703
0.0010082
0.00100937
0.00101055
0.00101175
0.00101297
0.0010142
0.00101546
0.00101674
0.00101805
0.00101938
0.00102074
0.00102212
0.00102353
0.00102496
0.00102642
0.00102789
0.00102939
0.0010309
0.00103242
0.00103394
0.00103546
0.00103697
0.00103845
0.00103991
0.00104132
0.00104267
0.00104394
0.00104512
0.00104618
0.0010471
0.00104785
0.00104841
0.00104874
0.0010488
0.000962498
0.000965852
0.000968981
0.000971902
0.000974633
0.000977192
0.000979593
0.000981851
0.00098398
0.000985994
0.000987903
0.00098972
0.000991455
0.000993117
0.000994717
0.000996261
0.00099776
0.000999219
0.00100065
0.00100205
0.00100343
0.0010048
0.00100616
0.00100751
0.00100887
0.00101023
0.0010116
0.00101299
0.00101439
0.00101581
0.00101725
0.00101872
0.00102021
0.00102174
0.00102329
0.00102488
0.00102649
0.00102814
0.00102981
0.00103152
0.00103326
0.00103502
0.0010368
0.00103859
0.0010404
0.00104221
0.00104402
0.00104581
0.00104757
0.0010493
0.00105097
0.00105256
0.00105406
0.00105544
0.00105669
0.00105776
0.00105862
0.00105926
0.00105961
0.00105965
0.000959762
0.000963492
0.00096698
0.000970245
0.000973307
0.000976181
0.000978886
0.000981436
0.000983848
0.000986133
0.000988307
0.000990381
0.000992366
0.000994274
0.000996114
0.000997897
0.00099963
0.00100132
0.00100298
0.00100462
0.00100623
0.00100783
0.00100943
0.00101102
0.00101262
0.00101423
0.00101585
0.00101749
0.00101916
0.00102084
0.00102256
0.0010243
0.00102608
0.0010279
0.00102975
0.00103164
0.00103356
0.00103553
0.00103753
0.00103957
0.00104164
0.00104374
0.00104586
0.001048
0.00105016
0.00105232
0.00105447
0.0010566
0.0010587
0.00106075
0.00106273
0.00106461
0.00106639
0.00106802
0.00106947
0.00107072
0.00107172
0.00107244
0.00107282
0.00107282
0.000957017
0.000961159
0.000965044
0.000968691
0.00097212
0.000975348
0.000978395
0.000981276
0.000984007
0.000986603
0.00098908
0.000991449
0.000993724
0.000995916
0.000998037
0.0010001
0.00100211
0.00100407
0.00100601
0.00100792
0.00100981
0.00101169
0.00101357
0.00101545
0.00101734
0.00101924
0.00102116
0.00102311
0.00102508
0.00102709
0.00102913
0.00103121
0.00103334
0.0010355
0.00103772
0.00103997
0.00104228
0.00104463
0.00104702
0.00104946
0.00105194
0.00105445
0.00105699
0.00105955
0.00106213
0.00106471
0.00106728
0.00106982
0.00107232
0.00107476
0.00107711
0.00107936
0.00108146
0.00108338
0.00108509
0.00108655
0.00108771
0.00108852
0.00108893
0.00108888
0.000954407
0.000958994
0.00096331
0.000967375
0.000971209
0.00097483
0.000978258
0.00098151
0.000984602
0.000987552
0.000990373
0.000993081
0.00099569
0.000998212
0.00100066
0.00100304
0.00100537
0.00100766
0.00100992
0.00101216
0.00101438
0.00101659
0.0010188
0.00102103
0.00102326
0.00102552
0.00102781
0.00103012
0.00103248
0.00103487
0.00103731
0.0010398
0.00104234
0.00104494
0.00104759
0.00105029
0.00105306
0.00105588
0.00105875
0.00106168
0.00106465
0.00106766
0.00107071
0.00107378
0.00107687
0.00107996
0.00108304
0.00108609
0.00108908
0.00109199
0.0010948
0.00109747
0.00109996
0.00110224
0.00110426
0.00110597
0.00110732
0.00110824
0.00110867
0.00110854
0.000952149
0.000957209
0.000961987
0.000966504
0.00097078
0.000974833
0.000978683
0.000982348
0.000985845
0.000989193
0.000992406
0.000995502
0.000998493
0.0010014
0.00100422
0.00100698
0.00100969
0.00101237
0.00101501
0.00101763
0.00102024
0.00102285
0.00102547
0.0010281
0.00103076
0.00103344
0.00103617
0.00103893
0.00104174
0.00104461
0.00104754
0.00105052
0.00105357
0.00105669
0.00105988
0.00106313
0.00106646
0.00106985
0.00107331
0.00107684
0.00108042
0.00108405
0.00108772
0.00109142
0.00109513
0.00109885
0.00110255
0.00110621
0.0011098
0.00111329
0.00111665
0.00111984
0.00112281
0.00112553
0.00112792
0.00112993
0.0011315
0.00113254
0.001133
0.00113277
0.000950573
0.000956125
0.000961391
0.000966389
0.000971138
0.00097566
0.000979971
0.000984092
0.000988041
0.000991835
0.000995491
0.000999027
0.00100246
0.0010058
0.00100907
0.00101227
0.00101542
0.00101854
0.00102164
0.00102472
0.0010278
0.00103088
0.00103399
0.00103712
0.00104028
0.00104349
0.00104674
0.00105006
0.00105343
0.00105688
0.00106039
0.00106399
0.00106767
0.00107143
0.00107527
0.00107921
0.00108323
0.00108733
0.00109151
0.00109577
0.0011001
0.0011045
0.00110893
0.00111341
0.0011179
0.00112239
0.00112686
0.00113127
0.0011356
0.0011398
0.00114384
0.00114767
0.00115124
0.00115447
0.00115731
0.00115969
0.00116152
0.00116272
0.00116318
0.00116282
0.000950166
0.000956217
0.000961983
0.000967483
0.000972734
0.000977755
0.000982566
0.000987186
0.000991632
0.000995924
0.00100008
0.00100411
0.00100805
0.00101189
0.00101567
0.00101939
0.00102307
0.00102672
0.00103035
0.00103398
0.00103762
0.00104128
0.00104497
0.00104871
0.00105249
0.00105633
0.00106024
0.00106423
0.00106829
0.00107245
0.0010767
0.00108105
0.0010855
0.00109006
0.00109472
0.0010995
0.00110438
0.00110937
0.00111445
0.00111963
0.0011249
0.00113023
0.00113563
0.00114107
0.00114653
0.00115199
0.00115741
0.00116276
0.001168
0.00117309
0.00117798
0.0011826
0.00118688
0.00119077
0.00119416
0.00119698
0.00119913
0.0012005
0.00120097
0.00120044
0.000951646
0.000958185
0.000964452
0.000970462
0.000976232
0.00098178
0.000987123
0.000992281
0.000997272
0.00100212
0.00100683
0.00101143
0.00101594
0.00102037
0.00102473
0.00102906
0.00103335
0.00103763
0.00104191
0.0010462
0.00105052
0.00105488
0.00105929
0.00106376
0.0010683
0.00107292
0.00107764
0.00108246
0.00108739
0.00109243
0.00109759
0.00110288
0.00110831
0.00111386
0.00111956
0.00112539
0.00113135
0.00113745
0.00114367
0.00115001
0.00115645
0.00116298
0.00116958
0.00117624
0.00118292
0.00118958
0.00119621
0.00120274
0.00120914
0.00121533
0.00122127
0.00122688
0.00123207
0.00123676
0.00124084
0.00124421
0.00124674
0.00124832
0.00124879
0.00124802
0.000956085
0.000963079
0.000969826
0.000976339
0.000982633
0.000988723
0.000994627
0.00100036
0.00100594
0.00101139
0.00101673
0.00102197
0.00102714
0.00103224
0.0010373
0.00104234
0.00104736
0.0010524
0.00105745
0.00106255
0.00106769
0.00107291
0.0010782
0.00108358
0.00108907
0.00109467
0.00110039
0.00110626
0.00111226
0.00111842
0.00112474
0.00113123
0.00113788
0.00114471
0.00115171
0.00115888
0.00116623
0.00117374
0.0011814
0.00118921
0.00119716
0.00120521
0.00121336
0.00122156
0.00122979
0.00123801
0.00124616
0.0012542
0.00126205
0.00126966
0.00127694
0.0012838
0.00129013
0.00129583
0.00130077
0.00130482
0.00130783
0.00130965
0.00131011
0.00130903
0.000965117
0.0009725
0.000979682
0.000986671
0.000993477
0.00100011
0.0010066
0.00101294
0.00101916
0.00102528
0.00103132
0.00103729
0.00104321
0.0010491
0.00105497
0.00106086
0.00106677
0.00107271
0.00107872
0.0010848
0.00109097
0.00109725
0.00110364
0.00111017
0.00111685
0.00112369
0.0011307
0.0011379
0.00114528
0.00115287
0.00116068
0.00116869
0.00117693
0.0011854
0.00119409
0.001203
0.00121213
0.00122147
0.00123101
0.00124074
0.00125063
0.00126066
0.0012708
0.00128101
0.00129125
0.00130147
0.0013116
0.00132158
0.00133132
0.00134074
0.00134974
0.0013582
0.001366
0.00137299
0.00137902
0.00138393
0.00138754
0.00138966
0.00139008
0.00138859
0.000981315
0.000988983
0.000996521
0.00100393
0.00101122
0.0010184
0.00102547
0.00103246
0.00103938
0.00104624
0.00105306
0.00105987
0.00106667
0.00107349
0.00108035
0.00108727
0.00109425
0.00110134
0.00110853
0.00111585
0.00112331
0.00113094
0.00113875
0.00114676
0.00115497
0.00116342
0.00117209
0.00118103
0.00119022
0.00119968
0.00120943
0.00121947
0.0012298
0.00124042
0.00125133
0.00126254
0.00127403
0.0012858
0.00129781
0.00131007
0.00132253
0.00133517
0.00134795
0.00136081
0.0013737
0.00138655
0.00139928
0.00141181
0.00142403
0.00143582
0.00144707
0.00145762
0.00146731
0.00147597
0.00148341
0.00148942
0.00149379
0.00149627
0.00149662
0.00149459
0.00100893
0.00101674
0.00102452
0.00103227
0.00103999
0.00104768
0.00105536
0.00106304
0.00107072
0.00107842
0.00108617
0.00109396
0.00110184
0.0011098
0.00111788
0.00112608
0.00113444
0.00114297
0.00115169
0.00116062
0.00116979
0.00117919
0.00118887
0.00119883
0.0012091
0.00121968
0.00123059
0.00124186
0.00125348
0.00126548
0.00127786
0.00129062
0.00130378
0.00131732
0.00133126
0.00134558
0.00136027
0.00137532
0.00139069
0.00140637
0.00142232
0.00143848
0.00145482
0.00147125
0.0014877
0.00150409
0.00152031
0.00153625
0.00155177
0.00156673
0.00158096
0.00159427
0.00160647
0.00161733
0.00162661
0.00163406
0.0016394
0.00164234
0.00164259
0.00163982
0.00105548
0.00106323
0.00107111
0.00107911
0.00108721
0.00109542
0.00110375
0.00111219
0.00112076
0.00112948
0.00113835
0.0011474
0.00115663
0.00116608
0.00117575
0.00118568
0.00119587
0.00120635
0.00121715
0.00122828
0.00123977
0.00125164
0.0012639
0.00127658
0.0012897
0.00130328
0.00131733
0.00133186
0.0013469
0.00136245
0.00137852
0.00139512
0.00141225
0.00142991
0.00144808
0.00146677
0.00148594
0.00150558
0.00152564
0.0015461
0.00156689
0.00158795
0.0016092
0.00163057
0.00165193
0.00167319
0.00169419
0.00171479
0.0017348
0.00175405
0.00177231
0.00178935
0.00180491
0.0018187
0.00183043
0.00183978
0.00184639
0.00184993
0.00185
0.00184623
0.00113534
0.00114293
0.00115084
0.00115906
0.00116759
0.00117642
0.00118555
0.001195
0.00120477
0.00121486
0.0012253
0.0012361
0.00124727
0.00125883
0.00127081
0.00128323
0.0012961
0.00130946
0.00132332
0.0013377
0.00135264
0.00136816
0.00138427
0.001401
0.00141838
0.00143641
0.00145512
0.00147453
0.00149464
0.00151547
0.00153702
0.00155929
0.00158228
0.00160598
0.00163037
0.00165544
0.00168114
0.00170745
0.00173429
0.00176162
0.00178936
0.00181741
0.00184568
0.00187403
0.00190232
0.0019304
0.00195808
0.00198516
0.0020114
0.00203656
0.00206036
0.00208248
0.0021026
0.00212036
0.00213538
0.00214725
0.00215555
0.00215983
0.00215964
0.0021545
0.00127932
0.00128725
0.0012957
0.00130469
0.00131422
0.00132433
0.00133501
0.00134628
0.00135816
0.00137066
0.0013838
0.00139759
0.00141206
0.00142722
0.0014431
0.00145972
0.00147711
0.00149529
0.00151428
0.0015341
0.00155479
0.00157636
0.00159884
0.00162225
0.0016466
0.0016719
0.00169819
0.00172545
0.0017537
0.00178294
0.00181316
0.00184436
0.00187651
0.00190958
0.00194356
0.00197838
0.00201399
0.00205033
0.00208732
0.00212485
0.00216282
0.00220109
0.00223951
0.00227792
0.00231611
0.00235388
0.00239096
0.0024271
0.00246199
0.00249529
0.00252666
0.0025557
0.00258198
0.00260506
0.00262445
0.00263966
0.00265014
0.00265536
0.00265475
0.00264774
0.00156327
0.00157577
0.00158875
0.00160233
0.00161662
0.00163169
0.00164762
0.00166448
0.0016823
0.00170115
0.00172106
0.00174208
0.00176423
0.00178754
0.00181205
0.00183776
0.00186471
0.00189292
0.00192239
0.00195314
0.00198518
0.00201852
0.00205317
0.00208912
0.00212638
0.00216495
0.0022048
0.00224593
0.00228831
0.00233193
0.00237674
0.00242272
0.0024698
0.00251793
0.00256704
0.00261705
0.00266786
0.00271937
0.00277144
0.00282394
0.00287671
0.00292956
0.00298228
0.00303464
0.00308639
0.00313724
0.00318688
0.00323496
0.0032811
0.00332489
0.00336589
0.00340362
0.00343755
0.00346716
0.00349185
0.00351103
0.00352407
0.0035303
0.00352908
0.0035197
0.00221813
0.00226441
0.00231077
0.00235731
0.00240414
0.00245134
0.00249897
0.00254711
0.00259582
0.00264515
0.00269514
0.00274584
0.00279729
0.00284951
0.00290255
0.00295641
0.00301113
0.00306671
0.00312318
0.00318053
0.00323878
0.00329792
0.00335795
0.00341885
0.00348063
0.00354325
0.00360669
0.00367092
0.0037359
0.00380159
0.00386794
0.00393489
0.00400235
0.00407027
0.00413854
0.00420705
0.00427571
0.00434436
0.00441287
0.00448106
0.00454877
0.00461578
0.00468186
0.00474677
0.00481024
0.00487197
0.00493162
0.00498884
0.00504324
0.00509441
0.0051419
0.00518521
0.00522385
0.00525725
0.00528486
0.00530605
0.00532021
0.00532667
0.00532474
0.00531371
4.14322
4.80794
5.09639
5.352
5.54462
5.7129
5.86134
5.99814
6.12696
6.25066
6.37138
6.49116
6.61181
6.73504
6.86333
6.99998
7.14563
7.29784
7.47049
7.72383
8.09918
8.41048
8.49748
9.74749
15.8123
6.04427
6.1953
6.44883
6.67796
6.86955
7.04554
7.20978
7.36817
7.52426
7.68076
7.83984
8.00396
8.17644
8.36129
8.56237
8.78455
9.03682
9.33588
9.69603
10.118
10.6476
11.6429
14.1595
18.3441
18.5002
6.03652
5.93621
6.16787
6.3474
6.50968
6.66101
6.80683
6.95115
7.09763
7.24854
7.40581
7.57174
7.75017
7.9457
8.16272
8.40692
8.68897
9.02286
9.41027
9.85482
10.4551
11.5334
13.5235
14.9547
12.1033
6.18227
6.01179
6.22529
6.37854
6.52652
6.66727
6.80667
6.94775
7.09436
7.24867
7.41247
7.58796
7.77918
7.99127
8.22911
8.49816
8.80743
9.16731
9.5731
10.0363
10.6498
11.5165
12.4504
11.7648
8.26961
6.34648
6.16641
6.36128
6.49744
6.63608
6.77074
6.90705
7.04736
7.19574
7.35434
7.52495
7.70945
7.91153
8.13645
8.38927
8.67376
8.99377
9.35477
9.74521
10.1494
10.5792
10.9468
10.6773
8.53494
5.16916
6.49064
6.32574
6.50131
6.62396
6.75432
6.88349
7.0165
7.15493
7.30302
7.46292
7.63643
7.82499
8.03105
8.25888
8.51288
8.79358
9.09647
9.41466
9.70112
9.91131
9.93717
9.49709
8.0979
5.46445
2.94741
6.60373
6.46286
6.61725
6.72664
6.84708
6.96857
7.09529
7.22786
7.37026
7.5244
7.69195
7.87378
8.07006
8.28198
8.50997
8.74685
8.96521
9.12904
9.16572
8.95705
8.31457
7.04381
5.17767
3.01545
1.38737
6.67584
6.5579
6.68707
6.78015
6.88582
6.99379
7.10739
7.22617
7.35273
7.48792
7.63205
7.78389
7.93748
8.0852
8.21572
8.3032
8.30196
8.14017
7.70538
6.89301
5.66788
4.17891
2.71231
1.36249
0.554577
6.68991
6.58625
6.68322
6.75243
6.83401
6.91685
7.00247
7.0873
7.17265
7.25597
7.33205
7.39271
7.42517
7.41086
7.31687
7.09468
6.68597
6.04895
5.16205
4.07146
2.89759
1.86697
1.12421
0.530492
0.220294
6.61301
6.50883
6.55346
6.58027
6.61383
6.64238
6.66373
6.67244
6.66411
6.63075
6.55819
6.42769
6.21568
5.90307
5.46373
4.88216
4.16492
3.34255
2.47908
1.69554
1.08061
0.669139
0.411799
0.19727
0.0896881
6.37612
6.23173
6.18892
6.13398
6.07374
5.99521
5.89003
5.74826
5.55932
5.31631
5.00642
4.61997
4.15769
3.61782
3.01515
2.37779
1.76729
1.24453
0.832189
0.53578
0.342333
0.226065
0.147639
0.0740148
0.0370117
5.83787
5.58986
5.39387
5.19232
4.96806
4.71587
4.42634
4.0965
3.72638
3.31375
2.86458
2.39022
1.90665
1.46063
1.07356
0.756129
0.514652
0.346329
0.232847
0.157675
0.109064
0.0780792
0.0534661
0.0282489
0.0157873
4.77478
4.35758
3.96449
3.60376
3.23492
2.8584
2.4722
2.08149
1.69784
1.34523
1.03329
0.767906
0.550313
0.38642
0.267744
0.184608
0.128372
0.0912652
0.0663824
0.0491114
0.0369247
0.0281069
0.0199766
0.0114105
0.00717246
3.15172
2.63826
2.15801
1.76529
1.41615
1.11635
0.86095
0.647769
0.474663
0.341932
0.242779
0.170644
0.119616
0.0847056
0.0610417
0.0450477
0.0341939
0.0266738
0.0211963
0.0169644
0.0136077
0.0108642
0.00806706
0.00517921
0.00362845
1.51505
1.09372
0.764114
0.549494
0.390663
0.277132
0.195208
0.136812
0.0958092
0.0675862
0.0483041
0.0352154
0.026359
0.0203415
0.0161728
0.0132045
0.0110161
0.0093294
0.00795266
0.00676776
0.00573599
0.00481457
0.00382774
0.00281883
0.0021986
0.517183
0.318078
0.188604
0.121502
0.0794646
0.0534439
0.036771
0.0260017
0.0189782
0.0143524
0.0112547
0.00913728
0.00765066
0.00657049
0.00575281
0.00510707
0.0045759
0.00412122
0.00371403
0.00333504
0.00298203
0.00264369
0.00226843
0.00188137
0.00162735
0.138226
0.0731614
0.0384577
0.023576
0.0154097
0.0108405
0.00810553
0.00640418
0.00530071
0.00455479
0.00402771
0.003638
0.00333649
0.00309275
0.00288757
0.00270863
0.0025479
0.00239941
0.00225709
0.0021158
0.00197551
0.00183143
0.00166907
0.00151054
0.00139698
0.0320221
0.0155842
0.0083462
0.00562223
0.00424884
0.0035064
0.00305944
0.00276901
0.00256604
0.00241489
0.00229585
0.00219756
0.00211312
0.00203813
0.0019696
0.00190541
0.00184397
0.00178374
0.00172225
0.00165662
0.00158587
0.00151132
0.00143101
0.0013578
0.00129952
0.0077556
0.00428236
0.00295882
0.00247223
0.00222451
0.00207984
0.00198314
0.00191213
0.00185603
0.00180921
0.00176846
0.00173183
0.00169799
0.00166599
0.00163503
0.00160438
0.00157341
0.00154121
0.0015059
0.00146489
0.00141945
0.00137412
0.00132938
0.00128881
0.0012536
0.00288447
0.00220043
0.00193837
0.00182123
0.00175223
0.00170457
0.00166822
0.0016385
0.00161297
0.00159023
0.00156934
0.00154967
0.00153071
0.00151201
0.00149308
0.00147342
0.0014525
0.00142942
0.00140235
0.00136992
0.00133862
0.00130845
0.0012793
0.00125246
0.00122793
0.00191167
0.00175946
0.00168172
0.0016289
0.0015928
0.00156513
0.00154276
0.00152373
0.0015069
0.00149153
0.00147707
0.0014631
0.00144923
0.00143508
0.00142021
0.00140412
0.00138621
0.0013655
0.00134068
0.00131652
0.0012934
0.00127114
0.00124971
0.00122968
0.00121083
0.00167475
0.00162004
0.00157987
0.00154594
0.00151887
0.00149733
0.00147955
0.00146418
0.00145041
0.00143763
0.00142539
0.0014133
0.00140101
0.00138812
0.00137417
0.00135861
0.00134077
0.00132066
0.00130101
0.00128209
0.00126389
0.00124631
0.00122938
0.00121336
0.00119804
0.0015848
0.00155256
0.00152458
0.0014992
0.00147623
0.0014574
0.00144148
0.00142744
0.00141464
0.00140253
0.00139072
0.00137882
0.00136648
0.00135328
0.00133874
0.00132225
0.00130537
0.00128888
0.00127291
0.00125747
0.00124255
0.00122809
0.00121413
0.00120079
0.00118791
0.00153138
0.00150746
0.00148553
0.00146507
0.00144573
0.00142843
0.00141332
0.00139966
0.0013869
0.0013746
0.00136238
0.0013499
0.00133677
0.00132259
0.00130776
0.00129323
0.00127906
0.00126529
0.00125192
0.00123893
0.00122632
0.00121407
0.0012022
0.00119075
0.00117962
0.00148935
0.00146998
0.0014518
0.00143459
0.00141815
0.00140238
0.00138783
0.00137431
0.00136139
0.00134873
0.00133597
0.0013228
0.0013095
0.00129645
0.00128371
0.00127128
0.00125916
0.00124734
0.00123581
0.00122458
0.00121362
0.00120294
0.00119255
0.00118243
0.00117253
0.00145081
0.00143438
0.00141876
0.00140381
0.00138944
0.00137557
0.00136213
0.00134906
0.0013363
0.00132382
0.00131161
0.00129965
0.00128796
0.00127653
0.00126537
0.00125445
0.00124377
0.00123332
0.0012231
0.00121309
0.00120329
0.0011937
0.0011843
0.00117509
0.001166
0.00141622
0.00140199
0.00138832
0.00137513
0.00136237
0.00134998
0.00133793
0.00132618
0.00131471
0.00130351
0.00129255
0.00128182
0.00127132
0.00126103
0.00125094
0.00124105
0.00123134
0.00122181
0.00121246
0.00120327
0.00119423
0.00118534
0.00117657
0.00116791
0.00115932
0.00138256
0.00137189
0.00136107
0.00135024
0.00133956
0.00132904
0.00131864
0.00130827
0.00129782
0.00128752
0.00127741
0.0012675
0.00125775
0.00124818
0.00123877
0.00122952
0.00122041
0.00121145
0.00120262
0.00119391
0.00118531
0.00117681
0.0011684
0.00116003
0.00115169
0.00134772
0.00134011
0.00133223
0.00132417
0.00131602
0.0013078
0.00129949
0.00129107
0.00128245
0.00127356
0.00126428
0.00125482
0.00124551
0.00123633
0.00122729
0.00121837
0.00120957
0.00120088
0.0011923
0.00118381
0.00117539
0.00116705
0.00115875
0.00115047
0.0011422
0.00131074
0.00130546
0.00129992
0.00129415
0.00128819
0.00128206
0.00127576
0.00126926
0.00126253
0.00125552
0.00124816
0.00124038
0.00123208
0.00122314
0.00121425
0.00120547
0.00119679
0.0011882
0.00117969
0.00117125
0.00116286
0.00115453
0.00114622
0.00113793
0.00112964
0.00126769
0.00126401
0.00126012
0.00125604
0.00125176
0.00124731
0.00124267
0.00123784
0.00123279
0.00122749
0.00122191
0.00121601
0.00120973
0.00120304
0.00119585
0.0011881
0.00117968
0.00117111
0.00116261
0.00115417
0.00114577
0.00113741
0.00112908
0.00112076
0.00111245
0.0012132
0.00121049
0.00120765
0.00120466
0.00120153
0.00119825
0.00119482
0.00119124
0.00118748
0.00118353
0.00117938
0.001175
0.00117037
0.00116547
0.00116026
0.00115473
0.00114885
0.0011426
0.00113598
0.00112896
0.00112149
0.00111357
0.00110525
0.00109695
0.00108867
0.00114096
0.00113874
0.00113644
0.00113405
0.00113157
0.00112898
0.00112629
0.00112349
0.00112057
0.00111751
0.00111433
0.00111099
0.00110749
0.00110382
0.00109997
0.00109593
0.0010917
0.00108727
0.00108264
0.00107784
0.00107286
0.00106774
0.00106251
0.00105724
0.00105202
0.00107086
0.00106937
0.00106783
0.00106625
0.00106462
0.00106294
0.0010612
0.0010594
0.00105754
0.00105562
0.00105362
0.00105156
0.00104941
0.00104719
0.0010449
0.00104252
0.00104007
0.00103755
0.00103496
0.00103233
0.00102965
0.00102694
0.00102422
0.00102152
0.00101888
0.00102054
0.00101989
0.00101921
0.00101852
0.00101781
0.00101708
0.00101632
0.00101554
0.00101474
0.00101391
0.00101305
0.00101217
0.00101126
0.00101032
0.00100937
0.00100839
0.00100739
0.00100637
0.00100535
0.00100432
0.0010033
0.00100228
0.00100129
0.00100031
0.000999383
0.000990456
0.000990425
0.000990388
0.000990343
0.000990291
0.000990231
0.000990162
0.000990085
0.000989999
0.000989904
0.0009898
0.000989689
0.00098957
0.000989445
0.000989315
0.000989181
0.000989044
0.000988907
0.000988773
0.000988644
0.000988523
0.000988411
0.000988311
0.000988225
0.000988161
0.000973946
0.000974275
0.000974602
0.000974926
0.000975248
0.000975567
0.000975883
0.000976196
0.000976507
0.000976816
0.000977123
0.000977428
0.000977731
0.000978034
0.000978336
0.000978639
0.000978943
0.000979249
0.000979559
0.000979872
0.000980191
0.000980515
0.000980847
0.000981184
0.000981531
0.000964999
0.00096551
0.000966019
0.000966528
0.000967037
0.000967545
0.000968053
0.00096856
0.000969067
0.000969574
0.000970081
0.000970588
0.000971096
0.000971604
0.000972113
0.000972623
0.000973135
0.000973648
0.000974164
0.000974682
0.000975203
0.000975728
0.000976255
0.000976786
0.000977321
0.000959844
0.000960439
0.000961033
0.000961627
0.000962222
0.000962818
0.000963414
0.00096401
0.000964607
0.000965204
0.000965802
0.0009664
0.000967
0.0009676
0.000968202
0.000968804
0.000969408
0.000970013
0.000970619
0.000971227
0.000971837
0.000972449
0.000973062
0.000973677
0.000974295
0.000956422
0.000957052
0.000957683
0.000958315
0.000958947
0.00095958
0.000960213
0.000960848
0.000961483
0.000962119
0.000962755
0.000963393
0.000964031
0.00096467
0.000965311
0.000965952
0.000966594
0.000967237
0.000967882
0.000968528
0.000969174
0.000969822
0.000970472
0.000971122
0.000971774
0.000953692
0.000954337
0.000954982
0.000955628
0.000956275
0.000956923
0.000957572
0.000958221
0.000958871
0.000959522
0.000960174
0.000960827
0.000961481
0.000962136
0.000962791
0.000963448
0.000964105
0.000964763
0.000965423
0.000966083
0.000966744
0.000967407
0.00096807
0.000968734
0.0009694
0.000951162
0.000951812
0.000952462
0.000953113
0.000953765
0.000954418
0.000955072
0.000955727
0.000956382
0.000957039
0.000957696
0.000958354
0.000959013
0.000959673
0.000960333
0.000960995
0.000961658
0.000962321
0.000962985
0.000963651
0.000964317
0.000964984
0.000965652
0.000966321
0.000966991
0.000948619
0.00094927
0.000949921
0.000950573
0.000951226
0.00095188
0.000952535
0.000953191
0.000953847
0.000954505
0.000955163
0.000955822
0.000956482
0.000957143
0.000957805
0.000958467
0.000959131
0.000959795
0.000960461
0.000961127
0.000961794
0.000962462
0.000963131
0.000963801
0.000964472
0.000945992
0.000946642
0.000947293
0.000947944
0.000948596
0.00094925
0.000949904
0.000950559
0.000951214
0.000951871
0.000952529
0.000953187
0.000953846
0.000954506
0.000955168
0.000955829
0.000956492
0.000957156
0.000957821
0.000958486
0.000959153
0.00095982
0.000960488
0.000961157
0.000961827
0.000943291
0.00094394
0.000944589
0.000945239
0.00094589
0.000946542
0.000947194
0.000947848
0.000948502
0.000949157
0.000949814
0.000950471
0.000951128
0.000951787
0.000952447
0.000953107
0.000953769
0.000954431
0.000955094
0.000955758
0.000956423
0.000957089
0.000957756
0.000958424
0.000959092
0.000940587
0.000941234
0.000941882
0.00094253
0.000943179
0.00094383
0.000944481
0.000945133
0.000945785
0.000946439
0.000947094
0.000947749
0.000948405
0.000949062
0.00094972
0.000950379
0.000951039
0.0009517
0.000952361
0.000953024
0.000953687
0.000954351
0.000955017
0.000955683
0.00095635
0.000938013
0.000938658
0.000939304
0.000939951
0.000940599
0.000941248
0.000941898
0.000942548
0.000943199
0.000943852
0.000944505
0.000945159
0.000945814
0.000946469
0.000947126
0.000947783
0.000948442
0.000949101
0.000949761
0.000950422
0.000951084
0.000951747
0.00095241
0.000953075
0.00095374
0.000935779
0.000936423
0.000937068
0.000937714
0.000938361
0.000939009
0.000939658
0.000940307
0.000940958
0.000941609
0.000942261
0.000942914
0.000943568
0.000944223
0.000944878
0.000945535
0.000946192
0.000946851
0.00094751
0.00094817
0.000948831
0.000949493
0.000950155
0.000950819
0.000951483
0.000934202
0.000934846
0.000935492
0.000936138
0.000936785
0.000937433
0.000938081
0.000938731
0.000939381
0.000940033
0.000940685
0.000941338
0.000941992
0.000942647
0.000943302
0.000943959
0.000944616
0.000945275
0.000945934
0.000946594
0.000947255
0.000947917
0.00094858
0.000949243
0.000949908
0.000933753
0.000934399
0.000935046
0.000935694
0.000936342
0.000936992
0.000937642
0.000938293
0.000938946
0.000939598
0.000940252
0.000940907
0.000941563
0.000942219
0.000942876
0.000943535
0.000944194
0.000944854
0.000945515
0.000946177
0.000946839
0.000947503
0.000948167
0.000948833
0.000949499
0.000935127
0.000935777
0.000936428
0.00093708
0.000937733
0.000938386
0.000939041
0.000939696
0.000940353
0.00094101
0.000941668
0.000942327
0.000942987
0.000943647
0.000944309
0.000944971
0.000945635
0.000946299
0.000946964
0.00094763
0.000948297
0.000948965
0.000949634
0.000950304
0.000950974
0.00093936
0.000940018
0.000940677
0.000941337
0.000941998
0.00094266
0.000943322
0.000943986
0.00094465
0.000945316
0.000945982
0.000946649
0.000947317
0.000947986
0.000948656
0.000949327
0.000949998
0.000950671
0.000951345
0.000952019
0.000952694
0.000953371
0.000954048
0.000954726
0.000955405
0.000948029
0.000948701
0.000949374
0.000950049
0.000950724
0.0009514
0.000952077
0.000952755
0.000953433
0.000954113
0.000954794
0.000955475
0.000956158
0.000956841
0.000957526
0.000958211
0.000958897
0.000959585
0.000960273
0.000960962
0.000961652
0.000962343
0.000963035
0.000963728
0.000964422
0.000963617
0.000964313
0.00096501
0.000965708
0.000966407
0.000967107
0.000967808
0.00096851
0.000969213
0.000969917
0.000970622
0.000971328
0.000972035
0.000972743
0.000973451
0.000974161
0.000974872
0.000975584
0.000976297
0.000977011
0.000977725
0.000978441
0.000979158
0.000979876
0.000980595
0.000990221
0.000990956
0.000991693
0.000992431
0.00099317
0.00099391
0.000994651
0.000995393
0.000996136
0.00099688
0.000997625
0.000998371
0.000999119
0.000999867
0.00100062
0.00100137
0.00100212
0.00100287
0.00100363
0.00100438
0.00100514
0.00100589
0.00100665
0.00100741
0.00100817
0.00103505
0.00103585
0.00103665
0.00103746
0.00103826
0.00103907
0.00103988
0.00104069
0.0010415
0.00104231
0.00104313
0.00104394
0.00104476
0.00104557
0.00104639
0.00104721
0.00104803
0.00104885
0.00104968
0.0010505
0.00105133
0.00105216
0.00105298
0.00105381
0.00105464
0.00111186
0.00111278
0.0011137
0.00111463
0.00111555
0.00111648
0.00111741
0.00111834
0.00111927
0.00112021
0.00112114
0.00112208
0.00112302
0.00112395
0.0011249
0.00112584
0.00112678
0.00112773
0.00112867
0.00112962
0.00113057
0.00113152
0.00113248
0.00113343
0.00113439
0.00124991
0.00125107
0.00125222
0.00125337
0.00125453
0.00125569
0.00125685
0.00125802
0.00125918
0.00126035
0.00126152
0.00126269
0.00126386
0.00126504
0.00126622
0.0012674
0.00126858
0.00126977
0.00127095
0.00127214
0.00127333
0.00127452
0.00127572
0.00127692
0.00127812
0.00152051
0.00152218
0.00152385
0.00152553
0.0015272
0.00152888
0.00153057
0.00153226
0.00153395
0.00153565
0.00153735
0.00153905
0.00154075
0.00154246
0.00154418
0.0015459
0.00154762
0.00154934
0.00155107
0.0015528
0.00155454
0.00155628
0.00155802
0.00155977
0.00156152
0.00213666
0.00213981
0.00214296
0.00214613
0.0021493
0.00215249
0.00215568
0.00215888
0.00216209
0.00216531
0.00216854
0.00217178
0.00217503
0.00217829
0.00218156
0.00218483
0.00218812
0.00219142
0.00219472
0.00219804
0.00220136
0.0022047
0.00220804
0.0022114
0.00221476
3.81075
4.21361
4.38058
4.42511
4.39125
4.29078
4.13268
3.92869
3.69216
3.43714
3.17692
2.9195
2.66398
2.40575
2.14797
1.90621
1.7002
1.54004
1.41895
1.31929
1.22474
1.1268
1.02391
0.918339
0.813771
0.713651
0.620412
0.535437
0.459316
0.392031
0.333144
0.282066
0.238134
0.200593
0.168666
0.141632
0.118829
0.0996356
0.0834986
0.0699424
0.0585605
0.0490045
0.0409841
0.034256
0.0286141
0.0238855
0.0199249
0.0166075
0.01384
0.011487
4.66973
4.43986
4.46616
4.46868
4.41726
4.30762
4.14405
3.93656
3.6977
3.44109
3.17978
2.9216
2.66551
2.40682
2.14871
1.90671
1.70057
1.54034
1.4192
1.3195
1.2249
1.12693
1.024
0.91841
0.813828
0.713698
0.620453
0.535473
0.459347
0.392058
0.333168
0.282087
0.238152
0.200609
0.168679
0.141644
0.118839
0.0996438
0.0835055
0.0699482
0.0585653
0.0490085
0.0409874
0.0342588
0.0286165
0.0238874
0.0199265
0.0166088
0.0138411
0.0114879
5.48245
4.86677
4.66582
4.57673
4.48324
4.35078
4.17336
3.95692
3.71205
3.45133
3.18717
2.92698
2.66943
2.40965
2.15069
1.90805
1.7014
1.54082
1.41944
1.3196
1.22495
1.12697
1.02407
0.918501
0.813946
0.713835
0.6206
0.535622
0.459492
0.392195
0.333293
0.2822
0.238252
0.200696
0.168755
0.141708
0.118893
0.0996902
0.0835445
0.0699809
0.0585927
0.0490314
0.0410065
0.0342747
0.0286297
0.0238984
0.0199357
0.0166165
0.0138475
0.0114932
6.10699
5.39726
4.98482
4.76792
4.60509
4.43215
4.22928
3.99604
3.73976
3.47117
3.20153
2.93747
2.6771
2.41516
2.1545
1.91051
1.70284
1.54155
1.41975
1.3197
1.22497
1.12699
1.02413
0.918618
0.814108
0.714029
0.620811
0.535839
0.459705
0.392396
0.333479
0.282368
0.238401
0.200827
0.168868
0.141805
0.118976
0.09976
0.0836034
0.0700303
0.0586341
0.049066
0.0410354
0.0342988
0.0286498
0.0239152
0.0199497
0.0166281
0.0138573
0.0115012
6.5534
5.93305
5.39781
5.05007
4.79687
4.56466
4.32215
4.06182
3.78675
3.505
3.22612
2.95551
2.69035
2.42472
2.16106
1.9146
1.705
1.54239
1.41985
1.31949
1.22471
1.12681
1.02406
0.918658
0.814242
0.714231
0.621056
0.536103
0.459973
0.392656
0.333723
0.28259
0.238601
0.201003
0.169021
0.141937
0.119089
0.0998558
0.0836843
0.0700984
0.0586912
0.0491139
0.0410755
0.0343323
0.0286778
0.0239386
0.0199692
0.0166444
0.0138709
0.0115125
6.85201
6.40333
5.85557
5.41224
5.06455
4.75882
4.46236
4.16311
3.8601
3.55831
3.26512
2.98428
2.71165
2.44022
2.17173
1.92111
1.70811
1.5431
1.41925
1.31843
1.22368
1.12601
1.02354
0.918405
0.814197
0.714337
0.621262
0.536368
0.460266
0.392955
0.334012
0.282861
0.238847
0.201223
0.169214
0.142105
0.119233
0.099979
0.0837889
0.0701868
0.0587657
0.0491765
0.041128
0.0343763
0.0287146
0.0239694
0.019995
0.016666
0.013889
0.0115274
7.03184
6.76507
6.29798
5.8216
5.39876
5.01708
4.65681
4.30767
3.96694
3.63713
3.32338
3.02762
2.74403
2.46412
2.1884
1.93128
1.71267
1.54349
1.41729
1.31568
1.22108
1.12393
1.02208
0.917481
0.8137
0.714153
0.621293
0.536539
0.460519
0.393248
0.334318
0.283161
0.239129
0.20148
0.169444
0.142307
0.119409
0.10013
0.0839179
0.0702964
0.0588585
0.0492548
0.0411939
0.0344317
0.0287612
0.0240084
0.0200277
0.0166934
0.013912
0.0115464
7.1133
6.99548
6.66457
6.22552
5.76909
5.32669
4.90317
4.4983
4.11207
3.74658
3.4056
3.08953
2.79092
2.49936
2.21359
1.94699
1.71968
1.54364
1.41332
1.31021
1.21581
1.11962
1.01888
0.915287
0.812308
0.713358
0.620921
0.536453
0.460617
0.393457
0.334586
0.283452
0.23942
0.201757
0.169699
0.142536
0.11961
0.100306
0.0840698
0.0704267
0.0589696
0.0493491
0.0412738
0.0344992
0.0288181
0.0240564
0.020068
0.0167273
0.0139406
0.0115701
7.10238
7.0819
6.89959
6.55648
6.1215
5.65293
5.18259
4.72673
4.29347
3.8879
3.51438
3.17299
2.85528
2.5489
2.25018
1.97083
1.73099
1.54428
1.40697
1.30093
1.20652
1.11175
1.01283
0.910938
0.80935
0.711454
0.619782
0.535849
0.460374
0.393448
0.334722
0.283668
0.239675
0.202021
0.169957
0.142777
0.119829
0.1005
0.0842403
0.0705748
0.0590973
0.0494586
0.0413673
0.0345787
0.0288856
0.0241135
0.0201163
0.016768
0.0139751
0.0115988
6.98216
7.00717
6.94996
6.73588
6.37837
5.93405
5.45212
4.96603
4.49584
4.05347
3.64672
3.27754
2.93801
2.61455
2.30077
2.00582
1.74939
1.54723
1.3987
1.28712
1.19181
1.09876
1.00248
0.903223
0.80387
0.707715
0.617335
0.534328
0.459499
0.393012
0.334575
0.283703
0.239816
0.20222
0.170179
0.143002
0.120044
0.100699
0.08442
0.0707344
0.0592374
0.0495805
0.0414725
0.0346692
0.028963
0.0241795
0.0201725
0.0168158
0.0140157
0.0116327
6.69513
6.72761
6.75383
6.67361
6.43905
6.07812
5.63814
5.16235
4.68249
4.21978
3.78846
3.39512
3.03491
2.69477
2.36594
2.05432
1.77826
1.55569
1.39042
1.26905
1.17074
1.07907
0.986143
0.890614
0.794598
0.701136
0.612809
0.531313
0.457564
0.391833
0.333915
0.28339
0.239725
0.202265
0.170303
0.143167
0.120224
0.10088
0.0845923
0.0708936
0.0593813
0.0497087
0.0415855
0.0347678
0.0290485
0.0242533
0.0202359
0.0168701
0.0140622
0.0116718
6.11194
6.14338
6.21911
6.26113
6.17942
5.96146
5.63145
5.22747
4.78669
4.33898
3.90682
3.50406
3.13198
2.78091
2.44134
2.11575
1.82005
1.57369
1.38589
1.24883
1.14355
1.05168
0.962207
0.871396
0.77998
0.69042
0.605171
0.526003
0.453962
0.389458
0.332406
0.28248
0.239218
0.202024
0.170232
0.1432
0.120318
0.101004
0.0847297
0.0710323
0.0595145
0.0498327
0.0416985
0.0348691
0.0291383
0.0243322
0.0203048
0.0169298
0.0141138
0.0117157
5.02142
5.0852
5.20787
5.36456
5.45357
5.43079
5.28561
5.03324
4.70368
4.32983
3.94151
3.56115
3.19884
2.8519
2.5131
2.18253
1.87296
1.60398
1.39001
1.2309
1.11268
1.01697
0.929744
0.844028
0.758352
0.674037
0.593128
0.517354
0.447876
0.385259
0.329574
0.280618
0.238032
0.201301
0.169822
0.142996
0.120246
0.101015
0.0847891
0.0711189
0.0596138
0.0499356
0.0417991
0.0349641
0.0292258
0.0244114
0.0203756
0.0169924
0.014169
0.0117633
3.32799
3.44302
3.61499
3.87044
4.12597
4.32576
4.42864
4.41387
4.2865
4.07004
3.79572
3.49265
3.18064
2.86732
2.55184
2.23461
1.92566
1.64339
1.4058
1.22098
1.08327
0.977891
0.889517
0.807849
0.728365
0.650451
0.575223
0.50411
0.438273
0.378417
0.324781
0.277317
0.235797
0.199818
0.168864
0.142399
0.119892
0.100824
0.0847062
0.0711053
0.0596432
0.0499904
0.0418675
0.035038
0.0293002
0.024483
0.0204425
0.0170537
0.0142244
0.0118124
1.55892
1.63371
1.76038
1.98337
2.2776
2.61255
2.94149
3.20526
3.36058
3.39711
3.33037
3.18583
2.98904
2.7592
2.50559
2.23288
1.95063
1.6758
1.42793
1.22178
1.06153
0.940204
0.84507
0.764158
0.689787
0.618627
0.550131
0.484943
0.423968
0.367932
0.317218
0.271939
0.23202
0.197197
0.16707
0.14119
0.119093
0.100309
0.0843876
0.0709212
0.05955
0.0499576
0.0418738
0.0350685
0.0293446
0.0245344
0.0204963
0.0171068
0.0142751
0.0118593
0.505386
0.514934
0.543311
0.612276
0.731951
0.916896
1.17805
1.50391
1.85234
2.1628
2.38278
2.49043
2.49637
2.42422
2.29222
2.11226
1.89735
1.6646
1.43395
1.22438
1.04865
0.909866
0.802566
0.717156
0.644597
0.578907
0.517248
0.458824
0.403825
0.352734
0.305952
0.263708
0.226075
0.192945
0.164058
0.139076
0.117622
0.0992971
0.0837023
0.070467
0.0592584
0.0497797
0.0417746
0.0350228
0.0293343
0.024547
0.0205228
0.0171412
0.0143131
0.0118984
0.130188
0.12729
0.126865
0.132457
0.146379
0.174263
0.227862
0.325253
0.486217
0.719615
1.00846
1.30758
1.5612
1.72826
1.79631
1.77613
1.68654
1.54644
1.37624
1.19776
1.02986
0.884652
0.766458
0.672818
0.597498
0.533996
0.4776
0.425691
0.377202
0.331948
0.290077
0.251791
0.217245
0.186469
0.15935
0.135678
0.115184
0.0975595
0.0824734
0.0696067
0.058664
0.0493768
0.0415087
0.0348541
0.0292338
0.0244937
0.0205016
0.0171413
0.0143265
0.0119208
0.0302265
0.0291825
0.0283133
0.0280485
0.0284009
0.0295499
0.0323057
0.038755
0.0538838
0.0880889
0.158365
0.28334
0.469789
0.699027
0.928441
1.1102
1.21239
1.22956
1.17795
1.08172
0.963325
0.841116
0.728434
0.63216
0.553151
0.488582
0.434462
0.387269
0.344652
0.3054
0.269046
0.235501
0.204839
0.17714
0.152405
0.130548
0.111418
0.0948072
0.0804733
0.068162
0.057628
0.0486411
0.0409929
0.0344982
0.0289937
0.0243366
0.0204036
0.0170849
0.0142985
0.0119138
0.00751433
0.0073526
0.00716632
0.00705218
0.00699999
0.0069901
0.00703375
0.00716887
0.00751314
0.00845942
0.0112792
0.0196383
0.0420014
0.0924776
0.185458
0.323271
0.486351
0.638538
0.745356
0.790008
0.777183
0.725101
0.653689
0.577792
0.506466
0.444092
0.391394
0.346873
0.308407
0.274235
0.243201
0.214683
0.188444
0.16445
0.142714
0.123222
0.10592
0.0907054
0.0774285
0.065913
0.0559754
0.0474343
0.0401183
0.0338701
0.0285476
0.0240243
0.020189
0.0169413
0.0142052
0.0118595
0.00286178
0.00287792
0.00286104
0.00284902
0.00284253
0.00283805
0.00283723
0.00284136
0.00285132
0.00287016
0.00290957
0.0030186
0.00341002
0.00492398
0.0102452
0.0256723
0.0610998
0.124972
0.215557
0.316752
0.404764
0.460558
0.477871
0.462961
0.428455
0.386249
0.343921
0.305027
0.270662
0.2406
0.21403
0.190117
0.1683
0.148299
0.129996
0.113345
0.0983304
0.0849201
0.0730468
0.0626123
0.0535014
0.0455898
0.0387509
0.0328627
0.0278107
0.0234899
0.0198053
0.0166695
0.0140148
0.0117331
0.00193241
0.00196627
0.00197916
0.00198709
0.00199275
0.00199534
0.00199665
0.00199775
0.00199899
0.00200063
0.00200294
0.00200624
0.00201156
0.00202405
0.00207112
0.00229077
0.00325714
0.00676859
0.0167809
0.0389292
0.0772342
0.129581
0.186384
0.234784
0.265099
0.274548
0.266764
0.248545
0.226201
0.20361
0.182399
0.162982
0.145313
0.129195
0.114425
0.100867
0.0884692
0.077215
0.0670804
0.0580254
0.0499965
0.0429269
0.036739
0.0313509
0.0266811
0.0226511
0.0191868
0.0162172
0.0136858
0.0115022
0.00169837
0.00172822
0.00174459
0.00175406
0.0017603
0.00176289
0.00176322
0.00176231
0.00176055
0.00175814
0.00175525
0.00175194
0.00174819
0.00174397
0.00173935
0.00173495
0.0017341
0.00175458
0.00188308
0.00245729
0.00445935
0.0099219
0.0216275
0.04156
0.0688474
0.0990405
0.125834
0.144059
0.151702
0.149969
0.141958
0.130911
0.11905
0.107428
0.0963933
0.0860474
0.0764316
0.067557
0.0594155
0.0519974
0.045293
0.0392828
0.0339337
0.0292038
0.025047
0.0214144
0.0182562
0.0155214
0.0131676
0.0111259
0.00160546
0.00163026
0.00164528
0.00165323
0.00165806
0.00165956
0.00165865
0.00165624
0.00165271
0.00164822
0.00164291
0.0016368
0.00162985
0.00162201
0.00161322
0.00160342
0.00159257
0.00158071
0.00156821
0.00155713
0.00155732
0.00161189
0.00187546
0.00277523
0.0051902
0.0103896
0.0194696
0.0324592
0.0477562
0.0625311
0.073963
0.0804098
0.0818001
0.0792513
0.0743206
0.0683319
0.0620833
0.055936
0.0500385
0.0444749
0.0393022
0.0345485
0.0302188
0.0263073
0.0228021
0.019685
0.0169314
0.0145126
0.0124022
0.0105555
0.00154883
0.00156943
0.00158222
0.00158861
0.00159214
0.00159289
0.00159139
0.0015884
0.00158427
0.00157916
0.00157315
0.00156627
0.00155848
0.00154971
0.00153989
0.00152895
0.00151681
0.00150339
0.00148862
0.00147243
0.00145476
0.00143579
0.00141646
0.00140096
0.00140561
0.00148577
0.00179323
0.0026542
0.00459581
0.00820171
0.0137696
0.0209518
0.0286845
0.0355588
0.0404164
0.0427561
0.0427613
0.0410453
0.0383181
0.0351412
0.0318493
0.0286066
0.025495
0.0225665
0.0198552
0.017377
0.015134
0.0131204
0.0113287
0.00973673
0.00150417
0.00152145
0.00153187
0.00153705
0.00153965
0.00154
0.0015384
0.00153541
0.00153138
0.00152644
0.00152066
0.00151407
0.00150663
0.00149826
0.00148891
0.00147849
0.00146691
0.00145408
0.00143992
0.00142433
0.00140721
0.00138845
0.00136797
0.00134567
0.00132159
0.00129604
0.00127044
0.0012498
0.0012503
0.00131717
0.00155446
0.00215253
0.00337435
0.00545905
0.00845799
0.0121031
0.0158314
0.0189917
0.0211038
0.0220035
0.0218195
0.0208481
0.0194119
0.0177637
0.0160599
0.0143829
0.0127775
0.0112712
0.00988414
0.00861166
0.00146372
0.00147684
0.00148519
0.00148956
0.00149164
0.00149186
0.00149043
0.00148774
0.0014841
0.00147964
0.00147444
0.0014685
0.00146179
0.00145427
0.00144586
0.00143648
0.00142605
0.00141448
0.00140167
0.00138752
0.00137194
0.00135482
0.00133605
0.00131552
0.00129314
0.00126881
0.00124248
0.0012141
0.00118379
0.00115197
0.00112005
0.00109221
0.00108005
0.00111205
0.00124658
0.00157987
0.00223189
0.00329722
0.00477405
0.00651606
0.00825561
0.00969995
0.0106416
0.0110152
0.0108837
0.0103819
0.00965685
0.00882509
0.00796874
0.00710298
0.00142693
0.00143619
0.00144258
0.00144615
0.00144778
0.00144787
0.00144657
0.00144415
0.00144088
0.00143687
0.00143218
0.00142684
0.00142081
0.00141405
0.0014065
0.00139807
0.00138869
0.00137828
0.00136673
0.00135395
0.00133986
0.00132433
0.00130726
0.00128855
0.0012681
0.0012458
0.00122157
0.00119534
0.00116706
0.00113671
0.00110429
0.00106989
0.00103368
0.000996138
0.000958397
0.00092329
0.000897675
0.000896733
0.000949223
0.00109945
0.0013993
0.00188666
0.00255636
0.00334167
0.00412476
0.00477665
0.00520398
0.00537237
0.00531402
0.00504432
0.00138983
0.00139616
0.00140079
0.00140352
0.00140472
0.00140464
0.00140341
0.00140121
0.00139822
0.00139457
0.00139029
0.00138541
0.00137991
0.00137374
0.00136685
0.00135917
0.00135061
0.0013411
0.00133055
0.00131885
0.00130593
0.00129168
0.00127599
0.00125876
0.00123989
0.00121927
0.00119682
0.00117246
0.00114614
0.0011178
0.00108744
0.00105509
0.00102078
0.000984613
0.000946725
0.000907311
0.000866656
0.000825229
0.000783884
0.000744341
0.000710181
0.00068859
0.000692376
0.000740493
0.00085458
0.00105035
0.00132638
0.00165608
0.00199344
0.00227108
0.0013524
0.00135646
0.0013595
0.00136133
0.00136201
0.00136168
0.0013604
0.0013583
0.0013555
0.00135208
0.00134809
0.00134354
0.00133841
0.00133267
0.00132626
0.00131911
0.00131115
0.00130229
0.00129246
0.00128157
0.00126952
0.00125622
0.00124156
0.00122544
0.00120777
0.00118844
0.00116736
0.00114445
0.00111966
0.00109293
0.00106425
0.00103362
0.00100107
0.000966693
0.000930585
0.0008929
0.000853824
0.00081358
0.000772426
0.000730658
0.000688621
0.000646746
0.000605641
0.000566279
0.000530373
0.00050101
0.000483389
0.000485058
0.000514713
0.000579146
0.00131345
0.00131574
0.0013174
0.0013183
0.00131838
0.00131769
0.00131625
0.00131413
0.0013114
0.00130811
0.0013043
0.00129997
0.0012951
0.00128966
0.00128359
0.00127683
0.00126931
0.00126096
0.00125168
0.00124139
0.00123001
0.00121744
0.00120359
0.00118835
0.00117162
0.00115331
0.00113334
0.00111162
0.00108808
0.00106269
0.0010354
0.00100623
0.0009752
0.000942377
0.000907859
0.000871781
0.000834316
0.000795669
0.000756077
0.000715805
0.000675135
0.000634362
0.000593789
0.000553719
0.000514457
0.000476321
0.000439679
0.000405017
0.000373069
0.000345027
0.00126896
0.00126992
0.00127047
0.00127053
0.00127002
0.00126893
0.00126727
0.00126505
0.00126232
0.0012591
0.00125542
0.00125125
0.00124659
0.0012414
0.00123562
0.00122921
0.00122208
0.00121416
0.00120538
0.00119564
0.00118488
0.00117299
0.00115988
0.00114545
0.00112962
0.00111229
0.00109337
0.00107278
0.00105046
0.00102636
0.00100044
0.000972711
0.000943189
0.00091193
0.000879023
0.000844591
0.000808794
0.000771825
0.000733906
0.000695287
0.000656236
0.000617035
0.00057797
0.000539325
0.000501371
0.000464361
0.000428527
0.000394071
0.00036117
0.000329981
0.00121346
0.00121349
0.00121323
0.00121263
0.00121163
0.0012102
0.00120834
0.00120604
0.00120331
0.00120016
0.0011966
0.00119261
0.00118818
0.00118325
0.0011778
0.00117176
0.00116505
0.00115762
0.00114939
0.00114027
0.00113019
0.00111905
0.00110678
0.00109327
0.00107845
0.00106221
0.00104447
0.00102517
0.00100423
0.000981594
0.000957244
0.000931165
0.000903374
0.000873919
0.000842876
0.000810359
0.000776511
0.00074151
0.000705564
0.000668905
0.000631787
0.000594475
0.000557242
0.000520358
0.000484084
0.000448665
0.000414323
0.000381252
0.000349615
0.000319544
0.00114077
0.00114041
0.00113983
0.00113901
0.0011379
0.00113647
0.0011347
0.00113257
0.00113008
0.00112722
0.00112399
0.00112037
0.00111634
0.00111186
0.0011069
0.00110139
0.00109528
0.0010885
0.00108098
0.00107266
0.00106344
0.00105326
0.00104202
0.00102965
0.00101605
0.00100114
0.000984843
0.000967083
0.000947795
0.00092693
0.000904453
0.00088035
0.000854633
0.000827337
0.00079853
0.000768309
0.000736803
0.000704173
0.000670606
0.000636317
0.00060154
0.000566521
0.000531517
0.000496782
0.000462564
0.000429097
0.000396595
0.000365246
0.000335211
0.00030662
0.00107052
0.00107004
0.0010694
0.00106858
0.00106754
0.00106626
0.00106471
0.00106286
0.0010607
0.00105822
0.00105539
0.0010522
0.00104863
0.00104463
0.00104017
0.00103521
0.00102969
0.00102356
0.00101674
0.00100917
0.00100079
0.000991499
0.000981236
0.000969916
0.000957459
0.000943785
0.000928816
0.000912482
0.000894722
0.000875484
0.000854733
0.000832452
0.000808645
0.000783343
0.000756602
0.000728506
0.000699171
0.000668741
0.000637387
0.000605306
0.000572714
0.000539841
0.000506926
0.000474209
0.000441926
0.0004103
0.000379537
0.00034982
0.000321305
0.000294122
0.00102009
0.00101954
0.00101886
0.00101804
0.00101705
0.00101586
0.00101445
0.00101279
0.00101087
0.00100865
0.00100611
0.00100324
0.000999997
0.000996355
0.000992276
0.000987716
0.000982626
0.000976952
0.000970635
0.000963609
0.000955806
0.000947155
0.000937581
0.000927007
0.000915356
0.000902551
0.000888519
0.000873192
0.000856509
0.00083842
0.000818889
0.000797896
0.000775443
0.000751554
0.000726278
0.000699693
0.000671903
0.000643041
0.000613267
0.000582764
0.000551737
0.000520402
0.000488988
0.000457724
0.000426835
0.000396538
0.000367031
0.000338494
0.000311082
0.00028492
0.000989921
0.000989293
0.000988558
0.000987697
0.000986691
0.000985518
0.000984154
0.000982575
0.000980757
0.000978674
0.000976298
0.000973602
0.000970554
0.000967122
0.000963267
0.000958947
0.000954115
0.000948718
0.000942699
0.000935997
0.000928545
0.000920274
0.000911111
0.000900984
0.000889815
0.000877532
0.000864063
0.00084934
0.000833305
0.000815907
0.00079711
0.000776894
0.000755257
0.00073222
0.00070783
0.000682157
0.000655301
0.000627389
0.000598572
0.000569027
0.000538949
0.000508548
0.000478046
0.000447665
0.000417624
0.000388136
0.000359395
0.000331577
0.000304836
0.000279297
0.000973345
0.000972656
0.000971866
0.00097096
0.00096992
0.000968728
0.000967363
0.000965801
0.000964018
0.000961988
0.000959683
0.000957072
0.000954124
0.000950802
0.000947068
0.000942879
0.000938188
0.000932945
0.000927092
0.000920569
0.000913311
0.000905252
0.000896319
0.00088644
0.000875542
0.00086355
0.000850396
0.000836012
0.000820339
0.000803329
0.000784944
0.000765163
0.000743984
0.000721426
0.000697533
0.000672373
0.000646042
0.000618663
0.000590383
0.000561376
0.000531831
0.000501955
0.000471964
0.000442078
0.000412513
0.000383477
0.000355164
0.000327749
0.000301382
0.000276191
0.000964357
0.000963628
0.000962799
0.000961858
0.000960788
0.000959573
0.000958193
0.000956626
0.000954849
0.000952836
0.000950558
0.000947986
0.000945084
0.000941818
0.000938148
0.000934029
0.000929416
0.000924256
0.000918494
0.000912071
0.000904922
0.00089698
0.000888175
0.000878435
0.000867687
0.000855859
0.00084288
0.000828686
0.000813217
0.000796423
0.000778269
0.000758732
0.00073781
0.00071552
0.000691905
0.000667032
0.000640994
0.000613912
0.000585933
0.000557224
0.000527975
0.00049839
0.000468683
0.00043907
0.000409767
0.000380981
0.000352903
0.000325707
0.000299546
0.000274544
0.00095918
0.000958428
0.000957577
0.000956615
0.000955526
0.000954295
0.000952902
0.000951328
0.000949549
0.00094754
0.000945273
0.000942718
0.00093984
0.000936604
0.000932968
0.000928889
0.000924321
0.00091921
0.000913503
0.000907139
0.000900054
0.000892183
0.000883455
0.000873798
0.00086314
0.00085141
0.000838537
0.000824457
0.00080911
0.000792447
0.000774431
0.000755041
0.000734272
0.000712143
0.000688694
0.000663992
0.000638129
0.000611224
0.000583421
0.00055489
0.000525815
0.000496401
0.000466859
0.000437406
0.000408255
0.000379612
0.000351669
0.0003246
0.000298554
0.000273659
0.000955747
0.000954984
0.000954123
0.000953151
0.000952053
0.000950813
0.000949415
0.000947836
0.000946057
0.00094405
0.000941789
0.000939244
0.000936381
0.000933163
0.000929549
0.000925497
0.000920959
0.000915882
0.000910211
0.000903888
0.000896848
0.000889025
0.00088035
0.000870751
0.000860156
0.000848494
0.000835694
0.000821693
0.00080643
0.000789858
0.000771938
0.000752649
0.000731987
0.000709968
0.000686633
0.000662048
0.000636304
0.000609519
0.000581838
0.000553425
0.000524468
0.000495168
0.000465736
0.000436389
0.000407337
0.000378789
0.000350933
0.000323944
0.000297973
0.000273145
0.000953013
0.000952247
0.000951383
0.000950407
0.000949306
0.000948065
0.000946665
0.000945088
0.00094331
0.000941307
0.000939053
0.000936517
0.000933665
0.000930462
0.000926867
0.000922835
0.000918321
0.000913271
0.000907631
0.00090134
0.000894337
0.000886554
0.000877923
0.000868371
0.000857828
0.000846222
0.000833483
0.000819547
0.000804354
0.000787856
0.000770015
0.000750809
0.000730233
0.000708305
0.000685063
0.000660573
0.000634926
0.000608238
0.000580654
0.000552337
0.000523473
0.000494264
0.00046492
0.000435655
0.000406681
0.000378205
0.000350417
0.00032349
0.000297574
0.000272797
0.000950483
0.000949718
0.000948854
0.000947879
0.000946779
0.00094554
0.000944143
0.000942569
0.000940796
0.000938799
0.000936553
0.000934026
0.000931187
0.000927998
0.000924419
0.000920408
0.000915915
0.000910891
0.000905279
0.000899019
0.00089205
0.000884305
0.000875715
0.000866209
0.000855714
0.000844161
0.000831479
0.000817604
0.000802477
0.000786049
0.000768282
0.000749153
0.000728659
0.000706816
0.000683661
0.00065926
0.000633703
0.000607106
0.000579611
0.000551383
0.000522606
0.00049348
0.000464215
0.000435026
0.000406124
0.000377713
0.000349985
0.000323113
0.000297248
0.000272515
0.000947942
0.000947179
0.000946317
0.000945345
0.00094425
0.000943014
0.000941622
0.000940053
0.000938287
0.000936299
0.000934061
0.000931546
0.000928719
0.000925545
0.000921984
0.000917992
0.000913522
0.000908522
0.000902938
0.00089671
0.000889776
0.000882069
0.00087352
0.000864059
0.000853614
0.000842114
0.00082949
0.000815677
0.000800617
0.000784259
0.000766567
0.000747517
0.000727106
0.000705347
0.00068228
0.000657969
0.000632503
0.000605997
0.000578592
0.000550453
0.000521763
0.00049272
0.000463535
0.000434421
0.000405589
0.000377244
0.000349576
0.000322758
0.000296941
0.000272252
0.000945318
0.000944558
0.0009437
0.000942732
0.000941641
0.000940411
0.000939025
0.000937463
0.000935705
0.000933726
0.000931499
0.000928995
0.000926182
0.000923024
0.00091948
0.000915509
0.000911062
0.000906088
0.000900533
0.000894337
0.000887438
0.00087977
0.000871264
0.00086185
0.000851456
0.000840012
0.000827447
0.000813699
0.000798707
0.000782422
0.000764808
0.00074584
0.000725513
0.000703843
0.000680867
0.000656648
0.000631275
0.000604864
0.000577552
0.000549505
0.000520904
0.000491948
0.000462845
0.000433808
0.000405049
0.000376771
0.000349164
0.000322402
0.000296635
0.00027199
0.000942621
0.000941864
0.00094101
0.000940047
0.000938961
0.000937737
0.000936358
0.000934804
0.000933054
0.000931085
0.00092887
0.000926379
0.00092358
0.000920438
0.000916913
0.000912962
0.000908538
0.000903591
0.000898065
0.000891902
0.000885039
0.000877411
0.000868949
0.000859583
0.000849242
0.000837854
0.000825351
0.000811668
0.000796747
0.000780538
0.000763003
0.000744119
0.00072388
0.0007023
0.000679418
0.000655295
0.000630018
0.000603703
0.000576488
0.000548535
0.000520026
0.000491158
0.00046214
0.000433183
0.000404498
0.000376288
0.000348744
0.000322039
0.000296323
0.000271724
0.00093992
0.000939167
0.000938318
0.00093736
0.000936279
0.000935062
0.000933689
0.000932144
0.000930403
0.000928444
0.00092624
0.000923762
0.000920978
0.000917852
0.000914345
0.000910415
0.000906015
0.000901093
0.000895596
0.000889465
0.000882639
0.00087505
0.000866632
0.000857314
0.000847025
0.000835694
0.000823253
0.000809636
0.000794786
0.000778652
0.000761197
0.000742397
0.000722245
0.000700757
0.000677968
0.00065394
0.00062876
0.000602541
0.000575422
0.000547564
0.000519147
0.000490368
0.000461434
0.000432557
0.000403946
0.000375806
0.000348325
0.000321677
0.000296013
0.000271459
0.000937349
0.0009366
0.000935755
0.000934801
0.000933726
0.000932515
0.000931149
0.000929611
0.000927879
0.00092593
0.000923737
0.000921271
0.000918501
0.000915391
0.000911902
0.000907991
0.000903613
0.000898716
0.000893247
0.000887146
0.000880353
0.000872802
0.000864426
0.000855153
0.000844914
0.000833637
0.000821254
0.0008077
0.000792917
0.000776855
0.000759476
0.000740756
0.000720688
0.000699286
0.000676586
0.000652649
0.000627561
0.000601435
0.000574407
0.000546639
0.00051831
0.000489615
0.000460762
0.000431961
0.000403422
0.000375347
0.000347926
0.000321332
0.000295717
0.000271207
0.000935118
0.000934372
0.00093353
0.000932581
0.000931511
0.000930305
0.000928945
0.000927414
0.000925689
0.000923749
0.000921565
0.000919111
0.000916352
0.000913256
0.000909782
0.000905888
0.000901529
0.000896653
0.000891207
0.000885134
0.00087837
0.000870851
0.00086251
0.000853277
0.00084308
0.00083185
0.000819518
0.000806019
0.000791294
0.000775295
0.000757982
0.000739331
0.000719335
0.000698008
0.000675386
0.000651528
0.00062652
0.000600474
0.000573526
0.000545836
0.000517583
0.000488962
0.000460179
0.000431444
0.000402966
0.000374948
0.00034758
0.000321034
0.000295461
0.000270988
0.000933543
0.000932799
0.000931961
0.000931014
0.000929948
0.000928745
0.00092739
0.000925863
0.000924144
0.000922209
0.000920033
0.000917586
0.000914836
0.000911749
0.000908286
0.000904404
0.000900058
0.000895197
0.000889768
0.000883713
0.00087697
0.000869474
0.000861158
0.000851952
0.000841786
0.000830588
0.000818292
0.000804831
0.000790148
0.000774193
0.000756927
0.000738325
0.000718381
0.000697107
0.00067454
0.000650738
0.000625787
0.000599797
0.000572906
0.000545271
0.000517071
0.000488502
0.000459769
0.00043108
0.000402646
0.000374669
0.000347337
0.000320824
0.000295281
0.000270836
0.000933095
0.000932352
0.000931514
0.000930568
0.000929502
0.000928301
0.000926947
0.000925422
0.000923704
0.000921771
0.000919596
0.000917151
0.000914404
0.000911319
0.000907859
0.000903981
0.000899638
0.000894782
0.000889357
0.000883307
0.00087657
0.000869081
0.000860772
0.000851574
0.000841416
0.000830229
0.000817943
0.000804493
0.000789823
0.00077388
0.000756628
0.00073804
0.000718112
0.000696854
0.000674302
0.000650516
0.000625582
0.000599609
0.000572733
0.000545114
0.000516931
0.000488376
0.000459657
0.000430982
0.00040256
0.000374594
0.000347273
0.000320769
0.000295235
0.000270796
0.000934467
0.000933722
0.000932881
0.000931933
0.000930864
0.000929659
0.000928301
0.000926772
0.000925049
0.000923111
0.00092093
0.000918478
0.000915723
0.00091263
0.00090916
0.000905272
0.000900917
0.000896048
0.000890608
0.000884542
0.000877787
0.000870278
0.000861947
0.000852726
0.000842542
0.000831327
0.00081901
0.000805529
0.000790823
0.000774843
0.000757551
0.000738923
0.00071895
0.000697647
0.000675049
0.000651216
0.000626232
0.000600211
0.000573287
0.00054562
0.00051739
0.00048879
0.000460028
0.000431312
0.000402852
0.000374851
0.000347497
0.000320964
0.000295403
0.00027094
0.000938694
0.000937942
0.000937094
0.000936138
0.00093506
0.000933845
0.000932475
0.000930932
0.000929195
0.00092724
0.000925041
0.000922568
0.00091979
0.00091667
0.000913171
0.00090925
0.000904859
0.000899949
0.000894464
0.000888348
0.000881538
0.000873968
0.00086557
0.000856276
0.000846012
0.00083471
0.000822299
0.000808716
0.000793902
0.000777806
0.000760391
0.000741632
0.000721524
0.000700081
0.000677337
0.000653356
0.000628222
0.00060205
0.000574976
0.000547161
0.000518787
0.000490049
0.000461154
0.000432312
0.000403735
0.000375625
0.000348172
0.000321549
0.000295906
0.000271372
0.000947351
0.000946586
0.000945724
0.000944751
0.000943653
0.000942417
0.000941023
0.000939453
0.000937686
0.000935696
0.000933459
0.000930943
0.000928117
0.000924943
0.000921384
0.000917395
0.000912929
0.000907936
0.000902359
0.00089614
0.000889216
0.000881521
0.000872986
0.00086354
0.000853112
0.000841631
0.000829026
0.000815234
0.000800195
0.000783861
0.000766192
0.000747167
0.00072678
0.000705047
0.000682005
0.000657719
0.000632277
0.000605795
0.000578414
0.000550297
0.000521629
0.000492606
0.00046344
0.000434343
0.000405527
0.000377195
0.000349539
0.000322732
0.000296924
0.000272242
0.000962918
0.000962129
0.000961239
0.000960235
0.000959104
0.000957828
0.000956391
0.000954772
0.000952949
0.000950898
0.000948591
0.000945997
0.000943083
0.000939812
0.000936143
0.000932032
0.00092743
0.000922285
0.00091654
0.000910135
0.000903005
0.000895083
0.000886298
0.000876579
0.000865852
0.000854046
0.00084109
0.000826919
0.000811475
0.000794708
0.000776581
0.000757073
0.000736182
0.000713926
0.000690346
0.000665511
0.000639514
0.000612476
0.000584543
0.000555883
0.000526686
0.000497155
0.000467504
0.000437949
0.000408705
0.000379979
0.000351962
0.000324827
0.000298725
0.000273782
0.000989484
0.000988653
0.000987716
0.000986659
0.000985468
0.000984125
0.000982611
0.000980907
0.000978988
0.000976829
0.0009744
0.000971671
0.000968605
0.000965164
0.000961305
0.000956981
0.000952143
0.000946735
0.000940698
0.00093397
0.000926483
0.000918167
0.00090895
0.000898757
0.000887514
0.000875146
0.000861583
0.000846758
0.000830613
0.0008131
0.000794184
0.000773847
0.00075209
0.000728936
0.000704435
0.00067866
0.000651714
0.000623726
0.000594852
0.000565269
0.000535175
0.000504782
0.00047431
0.000443982
0.000414018
0.000384627
0.000356002
0.000328317
0.000301723
0.000276342
0.00103424
0.00103334
0.00103232
0.00103117
0.00102988
0.00102841
0.00102677
0.00102492
0.00102283
0.00102048
0.00101784
0.00101488
0.00101155
0.00100781
0.00100362
0.000998932
0.000993684
0.00098782
0.000981278
0.00097399
0.000965885
0.000956889
0.000946925
0.000935915
0.000923782
0.000910447
0.00089584
0.000879892
0.000862546
0.000843756
0.000823491
0.000801738
0.000778506
0.000753827
0.000727762
0.000700398
0.000671851
0.000642265
0.000611811
0.000580683
0.000549091
0.000517262
0.000485427
0.00045382
0.000422666
0.000392179
0.000362556
0.000333971
0.000306571
0.000280476
0.00111094
0.00110991
0.00110874
0.00110742
0.00110594
0.00110426
0.00110238
0.00110026
0.00109787
0.00109519
0.00109217
0.00108878
0.00108497
0.00108071
0.00107592
0.00107057
0.00106459
0.00105791
0.00105046
0.00104217
0.00103296
0.00102275
0.00101145
0.000998986
0.000985269
0.000970219
0.000953762
0.000935831
0.000916369
0.000895334
0.000872705
0.000848479
0.000822678
0.000795354
0.000766586
0.000736485
0.000705191
0.000672876
0.000639735
0.000605989
0.000571872
0.000537633
0.000503521
0.000469784
0.00043666
0.000404367
0.000373106
0.000343047
0.000314335
0.000287082
0.00124877
0.00124747
0.00124601
0.00124437
0.00124252
0.00124043
0.00123808
0.00123543
0.00123246
0.00122911
0.00122536
0.00122114
0.0012164
0.0012111
0.00120517
0.00119853
0.00119112
0.00118285
0.00117365
0.00116343
0.00115209
0.00113954
0.00112569
0.00111045
0.00109371
0.00107541
0.00105545
0.00103378
0.00101034
0.000985113
0.000958087
0.000929286
0.000898761
0.000866599
0.000832919
0.000797876
0.000761657
0.00072448
0.000686589
0.000648247
0.000609731
0.000571323
0.000533301
0.000495935
0.000459474
0.000424147
0.00039015
0.000357649
0.000326774
0.000297624
0.00151885
0.00151697
0.00151485
0.00151246
0.00150977
0.00150675
0.00150334
0.00149951
0.00149521
0.00149037
0.00148495
0.00147887
0.00147206
0.00146444
0.00145592
0.00144642
0.00143583
0.00142405
0.00141098
0.00139649
0.00138048
0.00136282
0.00134342
0.00132215
0.00129892
0.00127363
0.00124623
0.00121667
0.00118491
0.00115097
0.00111489
0.00107676
0.00103669
0.000994859
0.000951469
0.000906766
0.000861032
0.000814576
0.000767727
0.000720826
0.000674216
0.000628233
0.000583194
0.000539393
0.000497088
0.000456504
0.000417822
0.000381183
0.000346683
0.000314382
0.00213349
0.00212992
0.0021259
0.00212138
0.00211629
0.00211057
0.00210414
0.00209693
0.00208884
0.00207977
0.00206962
0.00205827
0.0020456
0.00203148
0.00201575
0.00199828
0.00197891
0.00195747
0.00193382
0.00190778
0.00187921
0.00184796
0.0018139
0.00177693
0.00173697
0.00169396
0.00164792
0.00159887
0.00154691
0.0014922
0.00143495
0.00137543
0.00131398
0.00125096
0.00118681
0.00112199
0.00105698
0.000992273
0.000928363
0.000865722
0.000804794
0.000745984
0.00068965
0.000636099
0.000585583
0.000538299
0.000494395
0.00045397
0.000417087
0.000383779
19.0226
13.6511
12.6265
11.7208
11.2614
10.9729
10.7839
10.6171
10.4193
10.1749
9.92508
9.71425
9.6055
9.58177
9.63103
9.71805
9.79616
9.81365
9.73707
9.61003
9.49917
9.4323
9.41988
9.44568
9.51477
9.63004
9.79096
9.99332
10.2374
10.5289
10.858
11.2141
11.5864
11.9652
12.3432
12.7058
13.0247
13.2833
13.4714
13.5837
13.639
13.6526
13.627
13.5686
13.4845
13.3828
13.2721
13.1606
13.0578
12.9763
12.9368
12.9738
13.1451
13.5464
14.3378
15.8047
14.3878
12.3634
11.9329
15.1107
15.5851
13.4683
12.8516
12.0127
11.4656
11.1872
11.1198
11.2223
11.4139
11.5347
11.4496
11.0957
10.7171
10.3785
10.118
9.91918
9.75643
9.5491
9.08497
8.36759
7.59058
6.83256
6.20693
5.67119
5.18665
4.73785
4.32314
3.94577
3.60604
3.29715
3.0107
2.73923
2.4748
2.20725
1.92359
1.64662
1.4218
1.24089
1.10134
1.00283
0.927563
0.860288
0.799317
0.74362
0.69258
0.645825
0.603086
0.564115
0.528645
0.496368
0.466947
0.440008
0.415087
0.391418
0.366965
0.335515
0.27552
0.234262
0.258687
0.209374
10.6052
10.1839
9.7607
8.9633
8.32358
7.9538
7.77236
7.77211
7.87716
7.7279
7.11503
6.52705
6.11244
5.77996
5.4356
5.03737
4.56509
4.01183
3.39032
2.76388
2.22822
1.8
1.47025
1.21171
1.00658
0.842006
0.7085
0.598635
0.503613
0.416408
0.337278
0.267313
0.207242
0.157585
0.118601
0.0912983
0.0717833
0.0577348
0.0474798
0.039781
0.0337273
0.0288312
0.0248536
0.0216073
0.018948
0.0167622
0.0149589
0.0134653
0.0122238
0.0111887
0.0103275
0.00963366
0.00910263
0.00872382
0.0085
0.00847236
0.00867317
0.00883722
0.00992953
0.0125185
7.50511
7.82553
7.51466
6.60612
5.78246
5.20296
4.77476
4.42063
4.06145
3.58127
3.01137
2.51252
2.05023
1.64508
1.3083
1.00829
0.749362
0.5378
0.375701
0.25993
0.18299
0.131807
0.096467
0.0710572
0.05235
0.038355
0.0278161
0.019899
0.014067
0.00995997
0.00731446
0.00550628
0.00422015
0.00332137
0.00271358
0.00230482
0.00201968
0.00181625
0.00166709
0.00155465
0.00146776
0.00139939
0.0013447
0.00130039
0.00126576
0.00123844
0.00121665
0.00119906
0.00118468
0.0011728
0.00116289
0.00115478
0.00114823
0.00114284
0.00113821
0.00113412
0.00113143
0.00113079
0.00113339
0.00112469
4.45138
5.00575
4.9497
4.33316
3.56514
3.0824
2.73934
2.39235
1.96323
1.40863
0.955721
0.632797
0.399829
0.242537
0.142716
0.0816271
0.0460639
0.0263572
0.0158933
0.0100721
0.00671106
0.00467761
0.00340314
0.00258674
0.00205794
0.00171266
0.00148632
0.00134439
0.00125573
0.00120069
0.00116624
0.00114357
0.00112812
0.00111723
0.00110926
0.00110332
0.00109895
0.00109561
0.00109299
0.00109088
0.00108913
0.00108767
0.00108643
0.00108535
0.00108441
0.00108358
0.00108284
0.00108218
0.00108158
0.00108103
0.00108053
0.00108007
0.00107964
0.00107924
0.00107885
0.00107849
0.00107814
0.0010778
0.00107746
0.00107721
1.67233
2.02189
2.04122
1.66178
1.26564
0.995512
0.794852
0.627144
0.443542
0.268077
0.155276
0.0859488
0.0441041
0.0212667
0.0099861
0.00487087
0.00271671
0.00184166
0.00147797
0.00131349
0.00123405
0.00119108
0.00116532
0.0011483
0.00113598
0.00112624
0.0011191
0.00111368
0.00110934
0.00110571
0.00110262
0.00109993
0.00109757
0.00109549
0.00109363
0.00109198
0.00109049
0.00108916
0.00108796
0.00108688
0.0010859
0.00108501
0.0010842
0.00108346
0.00108278
0.00108216
0.00108159
0.00108106
0.00108056
0.0010801
0.00107967
0.00107925
0.00107886
0.00107848
0.00107811
0.00107775
0.00107739
0.00107703
0.00107666
0.00107632
0.245399
0.282554
0.252814
0.168747
0.109816
0.0724316
0.046783
0.0281204
0.015086
0.00761194
0.00410874
0.00249271
0.00174631
0.00141038
0.00125852
0.00119201
0.00116366
0.00114998
0.0011419
0.00113616
0.00113155
0.00112749
0.00112376
0.00112023
0.00111681
0.00111345
0.00111007
0.00110693
0.00110409
0.00110153
0.00109922
0.00109713
0.00109524
0.00109353
0.00109198
0.00109058
0.0010893
0.00108814
0.00108709
0.00108613
0.00108526
0.00108446
0.00108372
0.00108305
0.00108242
0.00108184
0.00108131
0.0010808
0.00108033
0.00107989
0.00107946
0.00107905
0.00107866
0.00107827
0.00107789
0.00107751
0.00107713
0.00107673
0.00107633
0.00107592
0.0148434
0.0121418
0.008623
0.00493325
0.00313509
0.00224976
0.00176998
0.00149597
0.00134184
0.00125908
0.00121609
0.00119443
0.00118209
0.00117382
0.00116729
0.00116153
0.00115606
0.00115068
0.00114533
0.00113997
0.00113457
0.00112912
0.00112401
0.00111941
0.00111528
0.00111156
0.00110822
0.00110522
0.00110252
0.00110009
0.00109791
0.00109594
0.00109416
0.00109256
0.00109111
0.00108979
0.0010886
0.00108752
0.00108654
0.00108564
0.00108482
0.00108407
0.00108338
0.00108274
0.00108215
0.0010816
0.00108108
0.0010806
0.00108014
0.0010797
0.00107927
0.00107886
0.00107846
0.00107807
0.00107767
0.00107727
0.00107685
0.00107643
0.00107597
0.00107548
0.00213224
0.00192023
0.00147581
0.00131189
0.00124853
0.00122833
0.00121352
0.00120187
0.00119235
0.00118429
0.00117723
0.00117084
0.00116494
0.00115941
0.00115419
0.00114923
0.0011445
0.00113996
0.00113561
0.0011314
0.0011273
0.00112325
0.00111922
0.00111524
0.00111165
0.00110842
0.0011055
0.00110286
0.00110047
0.00109831
0.00109636
0.0010946
0.00109299
0.00109154
0.00109023
0.00108903
0.00108794
0.00108694
0.00108603
0.0010852
0.00108443
0.00108373
0.00108308
0.00108247
0.00108191
0.00108138
0.00108088
0.00108041
0.00107995
0.00107952
0.00107909
0.00107867
0.00107826
0.00107785
0.00107743
0.001077
0.00107656
0.00107609
0.00107558
0.00107501
0.00137472
0.00131728
0.00127373
0.00125028
0.00123304
0.00122068
0.00121045
0.00120178
0.00119411
0.00118717
0.00118074
0.00117463
0.00116875
0.00116302
0.00115741
0.00115188
0.00114643
0.00114105
0.00113573
0.00113046
0.00112535
0.00112075
0.00111661
0.00111288
0.00110952
0.00110649
0.00110376
0.0011013
0.00109907
0.00109706
0.00109525
0.0010936
0.00109211
0.00109076
0.00108953
0.00108841
0.00108739
0.00108646
0.00108561
0.00108482
0.0010841
0.00108343
0.00108281
0.00108223
0.00108169
0.00108117
0.00108069
0.00108022
0.00107977
0.00107933
0.0010789
0.00107847
0.00107804
0.00107761
0.00107717
0.00107671
0.00107623
0.00107571
0.00107514
0.00107448
0.00134927
0.00130484
0.00126955
0.00124611
0.00122839
0.00121528
0.00120438
0.00119513
0.001187
0.00117972
0.00117307
0.00116689
0.00116107
0.00115554
0.00115024
0.00114514
0.00114019
0.00113538
0.00113069
0.00112608
0.00112151
0.00111737
0.00111364
0.00111026
0.00110722
0.00110447
0.00110198
0.00109973
0.0010977
0.00109585
0.00109418
0.00109266
0.00109128
0.00109003
0.00108889
0.00108785
0.00108689
0.00108602
0.00108522
0.00108448
0.00108379
0.00108315
0.00108256
0.001082
0.00108147
0.00108097
0.00108049
0.00108002
0.00107957
0.00107913
0.00107869
0.00107825
0.0010778
0.00107735
0.00107688
0.00107638
0.00107586
0.00107529
0.00107465
0.00107389
0.00133333
0.00129858
0.00126803
0.00124472
0.00122736
0.00121456
0.00120395
0.00119491
0.00118691
0.00117967
0.00117297
0.00116666
0.00116061
0.00115479
0.00114913
0.0011436
0.00113819
0.00113288
0.00112765
0.00112292
0.00111865
0.0011148
0.00111133
0.0011082
0.00110537
0.00110282
0.0011005
0.00109841
0.00109652
0.0010948
0.00109325
0.00109183
0.00109054
0.00108937
0.0010883
0.00108732
0.00108642
0.0010856
0.00108484
0.00108413
0.00108348
0.00108287
0.00108229
0.00108175
0.00108123
0.00108074
0.00108026
0.0010798
0.00107935
0.00107889
0.00107844
0.00107799
0.00107752
0.00107704
0.00107654
0.00107601
0.00107544
0.00107481
0.0010741
0.00107324
0.00131715
0.00129038
0.00126457
0.00124107
0.00122334
0.00121011
0.00119919
0.00118993
0.00118179
0.00117447
0.00116776
0.00116149
0.00115555
0.00114987
0.0011444
0.0011391
0.00113392
0.00112886
0.00112406
0.00111973
0.00111581
0.00111228
0.00110909
0.00110621
0.0011036
0.00110123
0.0010991
0.00109716
0.0010954
0.0010938
0.00109235
0.00109103
0.00108983
0.00108873
0.00108772
0.0010868
0.00108595
0.00108517
0.00108445
0.00108377
0.00108315
0.00108256
0.001082
0.00108147
0.00108096
0.00108047
0.00108
0.00107954
0.00107908
0.00107862
0.00107816
0.00107768
0.0010772
0.00107669
0.00107616
0.00107559
0.00107497
0.00107428
0.00107348
0.0010725
0.00130057
0.00128039
0.0012594
0.00123867
0.00122112
0.00120782
0.00119688
0.00118758
0.00117938
0.00117198
0.00116516
0.00115876
0.00115267
0.00114682
0.00114115
0.00113564
0.00113025
0.00112535
0.00112092
0.00111691
0.00111329
0.00111002
0.00110706
0.00110439
0.00110196
0.00109977
0.00109778
0.00109597
0.00109433
0.00109284
0.00109148
0.00109024
0.00108911
0.00108808
0.00108713
0.00108626
0.00108545
0.00108471
0.00108402
0.00108337
0.00108276
0.00108219
0.00108165
0.00108113
0.00108063
0.00108015
0.00107967
0.00107921
0.00107874
0.00107828
0.0010778
0.00107732
0.00107681
0.00107628
0.00107572
0.0010751
0.00107443
0.00107367
0.00107278
0.00107166
0.00128308
0.00126815
0.00125122
0.00123363
0.00121719
0.00120367
0.0011925
0.00118304
0.00117473
0.00116727
0.00116043
0.00115404
0.00114799
0.0011422
0.00113662
0.0011312
0.00112628
0.00112183
0.00111779
0.00111413
0.00111081
0.0011078
0.00110507
0.0011026
0.00110036
0.00109832
0.00109647
0.00109478
0.00109325
0.00109186
0.00109059
0.00108942
0.00108836
0.00108739
0.00108649
0.00108566
0.00108489
0.00108418
0.00108351
0.00108289
0.0010823
0.00108175
0.00108121
0.0010807
0.00108021
0.00107973
0.00107926
0.00107879
0.00107832
0.00107785
0.00107737
0.00107687
0.00107635
0.0010758
0.0010752
0.00107454
0.00107381
0.00107297
0.00107198
0.00107071
0.00126476
0.00125369
0.0012405
0.00122618
0.00121248
0.00119963
0.00118848
0.0011789
0.00117046
0.00116286
0.00115589
0.00114938
0.00114321
0.00113728
0.00113187
0.00112696
0.00112249
0.00111844
0.00111475
0.0011114
0.00110836
0.0011056
0.00110309
0.00110081
0.00109873
0.00109685
0.00109513
0.00109356
0.00109213
0.00109083
0.00108963
0.00108854
0.00108753
0.00108661
0.00108576
0.00108497
0.00108423
0.00108355
0.00108291
0.0010823
0.00108173
0.00108118
0.00108066
0.00108016
0.00107967
0.0010792
0.00107873
0.00107826
0.00107779
0.00107731
0.00107683
0.00107632
0.00107578
0.00107521
0.00107459
0.00107389
0.0010731
0.00107219
0.00107108
0.00106963
0.00124637
0.00123736
0.0012265
0.00121465
0.00120322
0.00119241
0.00118238
0.00117313
0.00116471
0.00115708
0.00115002
0.00114355
0.00113765
0.00113227
0.00112737
0.0011229
0.00111884
0.00111514
0.00111178
0.00110872
0.00110593
0.0011034
0.00110109
0.00109898
0.00109706
0.00109531
0.00109372
0.00109226
0.00109092
0.0010897
0.00108858
0.00108755
0.00108659
0.00108572
0.0010849
0.00108414
0.00108344
0.00108278
0.00108215
0.00108156
0.001081
0.00108047
0.00107996
0.00107946
0.00107898
0.0010785
0.00107804
0.00107757
0.00107711
0.00107663
0.00107614
0.00107563
0.00107509
0.0010745
0.00107386
0.00107313
0.00107229
0.00107129
0.00107005
0.0010684
0.00122945
0.00122135
0.00121179
0.00120147
0.00119142
0.00118188
0.00117298
0.00116473
0.00115714
0.00115016
0.00114376
0.0011379
0.00113254
0.00112765
0.00112319
0.00111911
0.0011154
0.00111201
0.00110893
0.00110611
0.00110355
0.00110121
0.00109907
0.00109712
0.00109534
0.00109371
0.00109222
0.00109086
0.00108961
0.00108845
0.00108739
0.00108641
0.00108551
0.00108467
0.00108389
0.00108316
0.00108247
0.00108183
0.00108122
0.00108064
0.00108009
0.00107956
0.00107905
0.00107856
0.00107808
0.00107762
0.00107715
0.00107669
0.00107623
0.00107576
0.00107528
0.00107477
0.00107423
0.00107364
0.00107299
0.00107223
0.00107134
0.00107026
0.00106888
0.001067
0.00121486
0.00120737
0.00119878
0.00118967
0.00118078
0.00117231
0.00116436
0.00115697
0.00115013
0.00114383
0.00113804
0.00113272
0.00112785
0.00112338
0.0011193
0.00111557
0.00111215
0.00110904
0.00110619
0.00110359
0.00110121
0.00109904
0.00109705
0.00109523
0.00109357
0.00109204
0.00109064
0.00108935
0.00108816
0.00108707
0.00108606
0.00108512
0.00108425
0.00108344
0.00108268
0.00108197
0.0010813
0.00108066
0.00108006
0.00107949
0.00107894
0.00107842
0.00107791
0.00107743
0.00107695
0.00107648
0.00107603
0.00107557
0.00107512
0.00107466
0.00107418
0.00107369
0.00107316
0.00107258
0.00107193
0.00107116
0.00107024
0.00106908
0.00106756
0.0010654
0.00120236
0.00119523
0.00118738
0.00117924
0.0011713
0.00116371
0.00115657
0.00114992
0.00114374
0.00113803
0.00113277
0.00112792
0.00112346
0.00111937
0.00111562
0.00111219
0.00110904
0.00110615
0.00110351
0.00110109
0.00109887
0.00109684
0.00109498
0.00109327
0.0010917
0.00109025
0.00108892
0.0010877
0.00108656
0.00108551
0.00108453
0.00108363
0.00108278
0.00108198
0.00108124
0.00108053
0.00107987
0.00107924
0.00107864
0.00107807
0.00107752
0.00107699
0.00107649
0.001076
0.00107552
0.00107506
0.0010746
0.00107415
0.00107371
0.00107326
0.00107281
0.00107233
0.00107183
0.00107127
0.00107064
0.00106988
0.00106895
0.00106772
0.00106604
0.00106356
0.00119173
0.00118482
0.00117751
0.0011701
0.00116289
0.00115601
0.00114954
0.00114349
0.00113787
0.00113266
0.00112784
0.0011234
0.0011193
0.00111553
0.00111207
0.00110889
0.00110596
0.00110328
0.00110081
0.00109855
0.00109647
0.00109456
0.0010928
0.00109118
0.00108968
0.0010883
0.00108703
0.00108585
0.00108475
0.00108373
0.00108277
0.00108188
0.00108104
0.00108026
0.00107951
0.00107881
0.00107814
0.00107751
0.0010769
0.00107632
0.00107577
0.00107523
0.00107472
0.00107422
0.00107374
0.00107328
0.00107282
0.00107238
0.00107194
0.00107151
0.00107108
0.00107063
0.00107016
0.00106964
0.00106905
0.00106833
0.00106741
0.00106615
0.00106431
0.00106146
0.00118277
0.00117598
0.00116906
0.00116218
0.00115554
0.00114921
0.00114326
0.00113769
0.00113251
0.00112771
0.00112325
0.00111914
0.00111534
0.00111184
0.00110861
0.00110564
0.00110291
0.00110039
0.00109807
0.00109593
0.00109396
0.00109214
0.00109046
0.00108891
0.00108748
0.00108615
0.00108491
0.00108376
0.00108268
0.00108168
0.00108073
0.00107985
0.00107901
0.00107822
0.00107747
0.00107676
0.00107608
0.00107543
0.00107481
0.00107421
0.00107364
0.00107309
0.00107256
0.00107205
0.00107156
0.00107109
0.00107063
0.00107019
0.00106976
0.00106934
0.00106893
0.00106851
0.00106808
0.00106762
0.00106709
0.00106644
0.00106556
0.0010643
0.00106233
0.00105903
0.0011752
0.00116852
0.00116188
0.00115539
0.00114916
0.00114326
0.0011377
0.00113251
0.00112767
0.00112317
0.00111901
0.00111515
0.00111158
0.00110829
0.00110525
0.00110244
0.00109985
0.00109746
0.00109525
0.00109321
0.00109132
0.00108957
0.00108795
0.00108645
0.00108505
0.00108375
0.00108253
0.00108139
0.00108033
0.00107932
0.00107837
0.00107748
0.00107663
0.00107582
0.00107506
0.00107432
0.00107362
0.00107295
0.0010723
0.00107168
0.00107108
0.00107051
0.00106996
0.00106942
0.00106891
0.00106842
0.00106796
0.00106751
0.00106708
0.00106667
0.00106628
0.0010659
0.00106552
0.00106512
0.00106467
0.00106411
0.00106334
0.00106213
0.00106005
0.00105623
0.00116867
0.00116211
0.0011557
0.00114951
0.0011436
0.00113801
0.00113275
0.00112783
0.00112325
0.00111899
0.00111503
0.00111137
0.00110798
0.00110484
0.00110193
0.00109924
0.00109675
0.00109445
0.00109232
0.00109034
0.00108851
0.0010868
0.00108522
0.00108374
0.00108235
0.00108106
0.00107985
0.0010787
0.00107763
0.00107661
0.00107564
0.00107473
0.00107385
0.00107302
0.00107222
0.00107145
0.00107071
0.00107
0.00106932
0.00106866
0.00106803
0.00106742
0.00106683
0.00106627
0.00106573
0.00106522
0.00106473
0.00106427
0.00106383
0.00106343
0.00106305
0.00106269
0.00106236
0.00106203
0.00106168
0.00106125
0.00106062
0.00105953
0.00105742
0.00105298
0.00116278
0.00115637
0.00115017
0.00114422
0.00113856
0.00113321
0.00112818
0.00112347
0.00111908
0.00111499
0.0011112
0.00110767
0.0011044
0.00110136
0.00109855
0.00109594
0.00109352
0.00109127
0.00108919
0.00108724
0.00108543
0.00108375
0.00108217
0.00108069
0.0010793
0.001078
0.00107677
0.0010756
0.0010745
0.00107345
0.00107245
0.0010715
0.00107059
0.00106971
0.00106887
0.00106805
0.00106727
0.00106651
0.00106578
0.00106508
0.0010644
0.00106374
0.00106311
0.00106251
0.00106193
0.00106138
0.00106086
0.00106038
0.00105993
0.00105951
0.00105914
0.00105881
0.00105851
0.00105825
0.001058
0.00105772
0.00105729
0.00105642
0.00105436
0.0010492
0.00115701
0.00115079
0.00114481
0.00113908
0.00113364
0.0011285
0.00112366
0.00111913
0.00111489
0.00111094
0.00110725
0.00110383
0.00110064
0.00109768
0.00109493
0.00109237
0.00108999
0.00108777
0.0010857
0.00108377
0.00108196
0.00108027
0.00107868
0.00107718
0.00107577
0.00107444
0.00107318
0.00107197
0.00107083
0.00106974
0.00106869
0.00106769
0.00106672
0.00106579
0.00106489
0.00106402
0.00106318
0.00106236
0.00106158
0.00106081
0.00106008
0.00105937
0.00105868
0.00105803
0.0010574
0.00105681
0.00105626
0.00105574
0.00105526
0.00105484
0.00105446
0.00105413
0.00105387
0.00105366
0.0010535
0.00105337
0.00105318
0.00105263
0.0010508
0.00104478
0.00115077
0.00114481
0.00113908
0.00113359
0.00112837
0.00112343
0.00111877
0.00111439
0.00111029
0.00110645
0.00110287
0.00109953
0.00109641
0.00109351
0.0010908
0.00108827
0.00108591
0.0010837
0.00108163
0.0010797
0.00107788
0.00107616
0.00107455
0.00107302
0.00107157
0.0010702
0.00106889
0.00106764
0.00106644
0.00106529
0.00106419
0.00106312
0.00106209
0.00106109
0.00106013
0.00105919
0.00105828
0.0010574
0.00105655
0.00105572
0.00105492
0.00105414
0.0010534
0.00105269
0.00105201
0.00105137
0.00105078
0.00105022
0.00104972
0.00104927
0.00104888
0.00104856
0.00104831
0.00104814
0.00104806
0.00104806
0.00104811
0.001048
0.00104662
0.00103962
0.00114336
0.00113775
0.00113234
0.00112714
0.00112217
0.00111744
0.00111298
0.00110876
0.0011048
0.00110109
0.00109761
0.00109435
0.0010913
0.00108845
0.00108577
0.00108327
0.00108093
0.00107872
0.00107665
0.0010747
0.00107286
0.00107112
0.00106948
0.00106791
0.00106642
0.00106499
0.00106363
0.00106232
0.00106107
0.00105986
0.00105869
0.00105755
0.00105646
0.00105539
0.00105436
0.00105335
0.00105237
0.00105142
0.0010505
0.0010496
0.00104873
0.00104789
0.00104708
0.00104631
0.00104557
0.00104489
0.00104425
0.00104366
0.00104313
0.00104267
0.00104227
0.00104194
0.00104171
0.00104157
0.00104153
0.00104163
0.00104189
0.0010423
0.00104171
0.00103356
0.00113392
0.00112883
0.00112384
0.00111901
0.00111435
0.00110989
0.00110566
0.00110164
0.00109785
0.00109427
0.0010909
0.00108774
0.00108477
0.00108197
0.00107935
0.00107688
0.00107455
0.00107235
0.00107028
0.00106832
0.00106646
0.00106469
0.001063
0.0010614
0.00105986
0.00105838
0.00105696
0.0010556
0.00105428
0.00105301
0.00105178
0.00105058
0.00104943
0.0010483
0.00104721
0.00104615
0.00104512
0.00104411
0.00104313
0.00104218
0.00104126
0.00104036
0.00103949
0.00103866
0.00103786
0.00103712
0.00103645
0.00103584
0.00103529
0.00103482
0.00103443
0.00103412
0.00103391
0.0010338
0.00103381
0.00103394
0.0010343
0.00103523
0.00103593
0.00102646
0.00112133
0.00111702
0.00111266
0.00110834
0.00110411
0.00110001
0.00109608
0.00109232
0.00108874
0.00108534
0.00108212
0.00107907
0.00107619
0.00107347
0.0010709
0.00106846
0.00106616
0.00106397
0.0010619
0.00105992
0.00105804
0.00105624
0.00105452
0.00105287
0.00105128
0.00104974
0.00104827
0.00104684
0.00104545
0.00104411
0.00104281
0.00104156
0.00104035
0.00103918
0.00103806
0.00103698
0.00103593
0.00103493
0.00103396
0.00103302
0.00103212
0.00103123
0.00103037
0.0010295
0.00102863
0.00102783
0.00102712
0.0010265
0.00102596
0.0010255
0.00102514
0.00102487
0.0010247
0.00102466
0.00102476
0.00102491
0.00102516
0.00102645
0.00102912
0.00101814
0.00110414
0.00110102
0.0010976
0.00109403
0.00109041
0.00108681
0.0010833
0.0010799
0.00107662
0.00107348
0.00107048
0.00106761
0.00106487
0.00106226
0.00105977
0.00105739
0.00105512
0.00105295
0.00105088
0.0010489
0.00104701
0.00104519
0.00104345
0.00104178
0.00104017
0.0010386
0.00103708
0.00103559
0.00103412
0.00103269
0.00103127
0.00102985
0.00102844
0.00102714
0.00102593
0.00102482
0.00102379
0.00102285
0.00102198
0.00102118
0.00102045
0.00101978
0.00101918
0.00101864
0.00101816
0.00101774
0.00101737
0.00101706
0.00101681
0.00101661
0.00101647
0.00101639
0.00101637
0.00101643
0.00101659
0.00101679
0.00101709
0.00101824
0.0010211
0.00101273
0.0010804
0.00107914
0.00107723
0.00107484
0.00107215
0.00106928
0.00106635
0.00106343
0.00106056
0.00105778
0.00105509
0.0010525
0.00105
0.0010476
0.00104527
0.00104302
0.00104082
0.00103869
0.00103659
0.00103454
0.00103251
0.00103052
0.00102864
0.00102694
0.00102537
0.00102394
0.00102263
0.00102143
0.00102033
0.00101932
0.0010184
0.00101755
0.00101676
0.00101605
0.0010154
0.0010148
0.00101426
0.00101376
0.00101332
0.00101292
0.00101257
0.00101226
0.00101199
0.00101176
0.00101157
0.00101142
0.0010113
0.00101122
0.00101118
0.00101116
0.00101119
0.00101124
0.00101134
0.00101148
0.00101167
0.00101188
0.00101215
0.00101294
0.00101482
0.00100965
0.00104694
0.0010486
0.00104914
0.00104879
0.00104772
0.00104609
0.00104408
0.00104182
0.00103943
0.00103701
0.00103461
0.0010323
0.00103009
0.00102801
0.00102607
0.00102428
0.00102262
0.0010211
0.00101972
0.00101845
0.00101729
0.00101624
0.00101528
0.0010144
0.00101361
0.00101288
0.00101223
0.00101163
0.00101109
0.0010106
0.00101015
0.00100976
0.0010094
0.00100909
0.00100881
0.00100856
0.00100836
0.00100818
0.00100804
0.00100792
0.00100783
0.00100778
0.00100775
0.00100774
0.00100776
0.0010078
0.00100787
0.00100796
0.00100807
0.0010082
0.00100835
0.00100851
0.00100869
0.0010089
0.00100913
0.00100936
0.00100961
0.00101017
0.0010114
0.0010083
0.00101635
0.00101797
0.00101896
0.00101943
0.00101947
0.00101917
0.0010186
0.00101785
0.00101698
0.00101605
0.0010151
0.00101415
0.00101323
0.00101236
0.00101154
0.00101078
0.00101007
0.00100943
0.00100884
0.0010083
0.00100782
0.00100739
0.001007
0.00100665
0.00100634
0.00100607
0.00100584
0.00100563
0.00100546
0.00100531
0.00100519
0.0010051
0.00100503
0.00100499
0.00100497
0.00100498
0.001005
0.00100505
0.00100512
0.0010052
0.00100531
0.00100544
0.00100558
0.00100574
0.00100592
0.00100612
0.00100632
0.00100654
0.00100678
0.00100702
0.00100727
0.00100752
0.00100778
0.00100805
0.00100831
0.00100857
0.00100883
0.00100925
0.00101005
0.00100826
0.000998521
0.00100014
0.00100138
0.0010023
0.00100295
0.00100336
0.0010036
0.00100369
0.00100369
0.00100361
0.00100348
0.00100333
0.00100316
0.00100299
0.00100283
0.00100268
0.00100254
0.00100242
0.00100232
0.00100224
0.00100217
0.00100212
0.0010021
0.00100208
0.00100209
0.00100211
0.00100215
0.00100221
0.00100228
0.00100237
0.00100247
0.00100259
0.00100272
0.00100287
0.00100304
0.00100322
0.00100341
0.00100362
0.00100385
0.00100409
0.00100435
0.00100462
0.0010049
0.00100519
0.0010055
0.00100581
0.00100614
0.00100647
0.0010068
0.00100714
0.00100748
0.00100782
0.00100815
0.00100847
0.00100879
0.00100908
0.00100935
0.00100969
0.00101024
0.00100925
0.000988129
0.000989786
0.000991193
0.00099238
0.000993375
0.000994203
0.000994891
0.000995465
0.000995946
0.000996354
0.000996704
0.000997011
0.000997284
0.000997533
0.000997763
0.00099798
0.000998189
0.000998391
0.000998591
0.000998789
0.000998989
0.00099919
0.000999395
0.000999604
0.000999818
0.00100004
0.00100027
0.0010005
0.00100075
0.001001
0.00100126
0.00100153
0.00100182
0.00100211
0.00100242
0.00100273
0.00100306
0.00100341
0.00100376
0.00100413
0.0010045
0.00100489
0.00100529
0.0010057
0.00100612
0.00100654
0.00100697
0.0010074
0.00100784
0.00100827
0.00100869
0.00100911
0.00100951
0.0010099
0.00101026
0.00101059
0.00101089
0.0010112
0.00101159
0.00101108
0.000981893
0.000983633
0.000985181
0.000986556
0.000987777
0.000988862
0.000989828
0.000990692
0.000991468
0.000992171
0.000992811
0.000993398
0.000993942
0.000994448
0.000994924
0.000995375
0.000995804
0.000996215
0.000996613
0.000997
0.000997378
0.000997749
0.000998116
0.000998481
0.000998845
0.00099921
0.000999577
0.000999947
0.00100032
0.0010007
0.00100109
0.00100149
0.00100189
0.00100231
0.00100273
0.00100317
0.00100361
0.00100407
0.00100454
0.00100502
0.00100551
0.00100601
0.00100652
0.00100703
0.00100756
0.00100809
0.00100862
0.00100915
0.00100969
0.00101021
0.00101073
0.00101123
0.00101171
0.00101216
0.00101258
0.00101297
0.0010133
0.00101361
0.00101392
0.00101369
0.000977862
0.000979724
0.000981418
0.000982956
0.000984357
0.000985632
0.000986796
0.000987862
0.000988841
0.000989744
0.000990581
0.00099136
0.000992089
0.000992774
0.000993421
0.000994036
0.000994622
0.000995185
0.000995728
0.000996255
0.000996768
0.00099727
0.000997764
0.000998252
0.000998737
0.00099922
0.000999703
0.00100019
0.00100068
0.00100117
0.00100167
0.00100218
0.00100269
0.00100322
0.00100376
0.0010043
0.00100486
0.00100543
0.00100601
0.0010066
0.00100721
0.00100782
0.00100844
0.00100907
0.00100971
0.00101035
0.001011
0.00101164
0.00101228
0.0010129
0.00101352
0.00101411
0.00101468
0.00101521
0.0010157
0.00101614
0.00101652
0.00101684
0.00101712
0.00101704
0.000974915
0.000976937
0.000978794
0.0009805
0.000982069
0.000983515
0.000984849
0.000986084
0.00098723
0.000988296
0.000989291
0.000990224
0.000991102
0.000991931
0.000992717
0.000993467
0.000994184
0.000994874
0.00099554
0.000996187
0.000996818
0.000997435
0.000998043
0.000998643
0.000999239
0.000999832
0.00100043
0.00100102
0.00100162
0.00100222
0.00100283
0.00100345
0.00100408
0.00100472
0.00100537
0.00100604
0.00100671
0.0010074
0.0010081
0.00100882
0.00100954
0.00101028
0.00101103
0.00101179
0.00101255
0.00101332
0.00101408
0.00101485
0.00101561
0.00101635
0.00101708
0.00101778
0.00101845
0.00101907
0.00101964
0.00102015
0.00102058
0.00102093
0.0010212
0.00102121
0.000972427
0.000974644
0.000976691
0.000978582
0.000980331
0.000981952
0.000983457
0.000984857
0.000986162
0.000987383
0.000988528
0.000989606
0.000990624
0.000991589
0.000992508
0.000993386
0.000994229
0.000995041
0.000995828
0.000996592
0.00099734
0.000998073
0.000998795
0.00099951
0.00100022
0.00100093
0.00100164
0.00100235
0.00100306
0.00100379
0.00100452
0.00100526
0.00100601
0.00100678
0.00100755
0.00100835
0.00100916
0.00100998
0.00101082
0.00101167
0.00101254
0.00101342
0.00101431
0.00101521
0.00101612
0.00101703
0.00101794
0.00101885
0.00101974
0.00102062
0.00102148
0.00102231
0.00102309
0.00102382
0.00102449
0.00102507
0.00102557
0.00102596
0.00102623
0.00102628
0.000970066
0.000972513
0.00097478
0.000976881
0.000978831
0.000980645
0.000982334
0.000983911
0.000985387
0.000986772
0.000988075
0.000989305
0.000990471
0.000991579
0.000992637
0.000993651
0.000994626
0.000995569
0.000996485
0.000997377
0.000998251
0.00099911
0.000999958
0.0010008
0.00100164
0.00100247
0.00100331
0.00100415
0.001005
0.00100585
0.00100672
0.0010076
0.0010085
0.00100941
0.00101033
0.00101127
0.00101224
0.00101321
0.00101421
0.00101523
0.00101626
0.0010173
0.00101836
0.00101943
0.00102051
0.00102159
0.00102267
0.00102374
0.0010248
0.00102584
0.00102685
0.00102783
0.00102875
0.0010296
0.00103038
0.00103106
0.00103163
0.00103206
0.00103235
0.00103242
0.000967662
0.000970375
0.000972894
0.000975235
0.000977414
0.000979445
0.000981341
0.000983117
0.000984783
0.00098635
0.000987829
0.00098923
0.00099056
0.000991828
0.000993041
0.000994207
0.000995332
0.000996423
0.000997483
0.00099852
0.000999538
0.00100054
0.00100153
0.00100252
0.0010035
0.00100448
0.00100547
0.00100646
0.00100746
0.00100848
0.00100951
0.00101055
0.00101161
0.00101269
0.00101379
0.00101491
0.00101605
0.00101721
0.0010184
0.0010196
0.00102083
0.00102207
0.00102333
0.0010246
0.00102587
0.00102716
0.00102844
0.00102971
0.00103096
0.00103219
0.00103339
0.00103453
0.00103561
0.00103662
0.00103752
0.00103831
0.00103897
0.00103946
0.00103977
0.00103984
0.000965144
0.000968159
0.000970964
0.000973578
0.000976016
0.000978294
0.000980427
0.000982428
0.00098431
0.000986085
0.000987765
0.000989359
0.000990877
0.000992328
0.00099372
0.000995061
0.000996358
0.000997619
0.000998848
0.00100005
0.00100124
0.00100241
0.00100357
0.00100472
0.00100588
0.00100703
0.0010082
0.00100937
0.00101055
0.00101175
0.00101297
0.0010142
0.00101546
0.00101674
0.00101805
0.00101938
0.00102074
0.00102212
0.00102353
0.00102496
0.00102642
0.00102789
0.00102939
0.0010309
0.00103242
0.00103394
0.00103546
0.00103697
0.00103845
0.00103991
0.00104132
0.00104267
0.00104394
0.00104512
0.00104618
0.0010471
0.00104785
0.00104841
0.00104874
0.0010488
0.000962498
0.000965852
0.000968981
0.000971902
0.000974633
0.000977192
0.000979593
0.000981851
0.00098398
0.000985994
0.000987903
0.00098972
0.000991455
0.000993117
0.000994717
0.000996261
0.00099776
0.000999219
0.00100065
0.00100205
0.00100343
0.0010048
0.00100616
0.00100751
0.00100887
0.00101023
0.0010116
0.00101299
0.00101439
0.00101581
0.00101725
0.00101872
0.00102021
0.00102174
0.00102329
0.00102488
0.00102649
0.00102814
0.00102981
0.00103152
0.00103326
0.00103502
0.0010368
0.00103859
0.0010404
0.00104221
0.00104402
0.00104581
0.00104757
0.0010493
0.00105097
0.00105256
0.00105406
0.00105544
0.00105669
0.00105776
0.00105862
0.00105926
0.00105961
0.00105965
0.000959762
0.000963492
0.00096698
0.000970245
0.000973307
0.000976181
0.000978886
0.000981436
0.000983848
0.000986133
0.000988307
0.000990381
0.000992366
0.000994274
0.000996114
0.000997897
0.00099963
0.00100132
0.00100298
0.00100462
0.00100623
0.00100783
0.00100943
0.00101102
0.00101262
0.00101423
0.00101585
0.00101749
0.00101916
0.00102084
0.00102256
0.0010243
0.00102608
0.0010279
0.00102975
0.00103164
0.00103356
0.00103553
0.00103753
0.00103957
0.00104164
0.00104374
0.00104586
0.001048
0.00105016
0.00105232
0.00105447
0.0010566
0.0010587
0.00106075
0.00106273
0.00106461
0.00106639
0.00106802
0.00106947
0.00107072
0.00107172
0.00107244
0.00107282
0.00107282
0.000957017
0.000961159
0.000965044
0.000968691
0.00097212
0.000975348
0.000978395
0.000981276
0.000984007
0.000986603
0.00098908
0.000991449
0.000993724
0.000995916
0.000998037
0.0010001
0.00100211
0.00100407
0.00100601
0.00100792
0.00100981
0.00101169
0.00101357
0.00101545
0.00101734
0.00101924
0.00102116
0.00102311
0.00102508
0.00102709
0.00102913
0.00103121
0.00103334
0.0010355
0.00103772
0.00103997
0.00104228
0.00104463
0.00104702
0.00104946
0.00105194
0.00105445
0.00105699
0.00105955
0.00106213
0.00106471
0.00106728
0.00106982
0.00107232
0.00107476
0.00107711
0.00107936
0.00108146
0.00108338
0.00108509
0.00108655
0.00108771
0.00108852
0.00108893
0.00108888
0.000954407
0.000958994
0.00096331
0.000967375
0.000971209
0.00097483
0.000978258
0.00098151
0.000984602
0.000987552
0.000990373
0.000993081
0.00099569
0.000998212
0.00100066
0.00100304
0.00100537
0.00100766
0.00100992
0.00101216
0.00101438
0.00101659
0.0010188
0.00102103
0.00102326
0.00102552
0.00102781
0.00103012
0.00103248
0.00103487
0.00103731
0.0010398
0.00104234
0.00104494
0.00104759
0.00105029
0.00105306
0.00105588
0.00105875
0.00106168
0.00106465
0.00106766
0.00107071
0.00107378
0.00107687
0.00107996
0.00108304
0.00108609
0.00108908
0.00109199
0.0010948
0.00109747
0.00109996
0.00110224
0.00110426
0.00110597
0.00110732
0.00110824
0.00110867
0.00110854
0.000952149
0.000957209
0.000961987
0.000966504
0.00097078
0.000974833
0.000978683
0.000982348
0.000985845
0.000989193
0.000992406
0.000995502
0.000998493
0.0010014
0.00100422
0.00100698
0.00100969
0.00101237
0.00101501
0.00101763
0.00102024
0.00102285
0.00102547
0.0010281
0.00103076
0.00103344
0.00103617
0.00103893
0.00104174
0.00104461
0.00104754
0.00105052
0.00105357
0.00105669
0.00105988
0.00106313
0.00106646
0.00106985
0.00107331
0.00107684
0.00108042
0.00108405
0.00108772
0.00109142
0.00109513
0.00109885
0.00110255
0.00110621
0.0011098
0.00111329
0.00111665
0.00111984
0.00112281
0.00112553
0.00112792
0.00112993
0.0011315
0.00113254
0.001133
0.00113277
0.000950573
0.000956125
0.000961391
0.000966389
0.000971138
0.00097566
0.000979971
0.000984092
0.000988041
0.000991835
0.000995491
0.000999027
0.00100246
0.0010058
0.00100907
0.00101227
0.00101542
0.00101854
0.00102164
0.00102472
0.0010278
0.00103088
0.00103399
0.00103712
0.00104028
0.00104349
0.00104674
0.00105006
0.00105343
0.00105688
0.00106039
0.00106399
0.00106767
0.00107143
0.00107527
0.00107921
0.00108323
0.00108733
0.00109151
0.00109577
0.0011001
0.0011045
0.00110893
0.00111341
0.0011179
0.00112239
0.00112686
0.00113127
0.0011356
0.0011398
0.00114384
0.00114767
0.00115124
0.00115447
0.00115731
0.00115969
0.00116152
0.00116272
0.00116318
0.00116282
0.000950166
0.000956217
0.000961983
0.000967483
0.000972734
0.000977755
0.000982566
0.000987186
0.000991632
0.000995924
0.00100008
0.00100411
0.00100805
0.00101189
0.00101567
0.00101939
0.00102307
0.00102672
0.00103035
0.00103398
0.00103762
0.00104128
0.00104497
0.00104871
0.00105249
0.00105633
0.00106024
0.00106423
0.00106829
0.00107245
0.0010767
0.00108105
0.0010855
0.00109006
0.00109472
0.0010995
0.00110438
0.00110937
0.00111445
0.00111963
0.0011249
0.00113023
0.00113563
0.00114107
0.00114653
0.00115199
0.00115741
0.00116276
0.001168
0.00117309
0.00117798
0.0011826
0.00118688
0.00119077
0.00119416
0.00119698
0.00119913
0.0012005
0.00120097
0.00120044
0.000951646
0.000958185
0.000964452
0.000970462
0.000976232
0.00098178
0.000987123
0.000992281
0.000997272
0.00100212
0.00100683
0.00101143
0.00101594
0.00102037
0.00102473
0.00102906
0.00103335
0.00103763
0.00104191
0.0010462
0.00105052
0.00105488
0.00105929
0.00106376
0.0010683
0.00107292
0.00107764
0.00108246
0.00108739
0.00109243
0.00109759
0.00110288
0.00110831
0.00111386
0.00111956
0.00112539
0.00113135
0.00113745
0.00114367
0.00115001
0.00115645
0.00116298
0.00116958
0.00117624
0.00118292
0.00118958
0.00119621
0.00120274
0.00120914
0.00121533
0.00122127
0.00122688
0.00123207
0.00123676
0.00124084
0.00124421
0.00124674
0.00124832
0.00124879
0.00124802
0.000956085
0.000963079
0.000969826
0.000976339
0.000982633
0.000988723
0.000994627
0.00100036
0.00100594
0.00101139
0.00101673
0.00102197
0.00102714
0.00103224
0.0010373
0.00104234
0.00104736
0.0010524
0.00105745
0.00106255
0.00106769
0.00107291
0.0010782
0.00108358
0.00108907
0.00109467
0.00110039
0.00110626
0.00111226
0.00111842
0.00112474
0.00113123
0.00113788
0.00114471
0.00115171
0.00115888
0.00116623
0.00117374
0.0011814
0.00118921
0.00119716
0.00120521
0.00121336
0.00122156
0.00122979
0.00123801
0.00124616
0.0012542
0.00126205
0.00126966
0.00127694
0.0012838
0.00129013
0.00129583
0.00130077
0.00130482
0.00130783
0.00130965
0.00131011
0.00130903
0.000965117
0.0009725
0.000979682
0.00098667
0.000993477
0.00100011
0.0010066
0.00101294
0.00101916
0.00102528
0.00103132
0.00103729
0.00104321
0.0010491
0.00105497
0.00106086
0.00106677
0.00107271
0.00107872
0.0010848
0.00109097
0.00109725
0.00110364
0.00111017
0.00111685
0.00112369
0.0011307
0.0011379
0.00114528
0.00115287
0.00116068
0.00116869
0.00117693
0.0011854
0.00119409
0.001203
0.00121213
0.00122147
0.00123101
0.00124074
0.00125063
0.00126066
0.0012708
0.00128101
0.00129125
0.00130147
0.0013116
0.00132158
0.00133132
0.00134074
0.00134974
0.0013582
0.001366
0.00137299
0.00137902
0.00138393
0.00138754
0.00138966
0.00139008
0.00138859
0.000981315
0.000988983
0.000996521
0.00100393
0.00101122
0.0010184
0.00102547
0.00103246
0.00103938
0.00104624
0.00105306
0.00105987
0.00106667
0.00107349
0.00108035
0.00108727
0.00109425
0.00110134
0.00110853
0.00111585
0.00112331
0.00113094
0.00113875
0.00114676
0.00115497
0.00116342
0.00117209
0.00118103
0.00119022
0.00119968
0.00120943
0.00121947
0.0012298
0.00124042
0.00125133
0.00126254
0.00127403
0.0012858
0.00129781
0.00131007
0.00132253
0.00133517
0.00134795
0.00136081
0.0013737
0.00138655
0.00139928
0.00141181
0.00142403
0.00143582
0.00144707
0.00145762
0.00146731
0.00147597
0.00148341
0.00148942
0.00149379
0.00149627
0.00149662
0.00149459
0.00100893
0.00101674
0.00102452
0.00103227
0.00103999
0.00104768
0.00105536
0.00106304
0.00107072
0.00107842
0.00108617
0.00109396
0.00110184
0.0011098
0.00111788
0.00112608
0.00113444
0.00114297
0.00115169
0.00116062
0.00116979
0.00117919
0.00118887
0.00119883
0.0012091
0.00121968
0.00123059
0.00124186
0.00125348
0.00126548
0.00127786
0.00129062
0.00130378
0.00131732
0.00133126
0.00134558
0.00136027
0.00137532
0.00139069
0.00140637
0.00142232
0.00143848
0.00145482
0.00147125
0.0014877
0.00150409
0.00152031
0.00153625
0.00155177
0.00156673
0.00158096
0.00159427
0.00160647
0.00161733
0.00162661
0.00163406
0.0016394
0.00164234
0.00164259
0.00163982
0.00105548
0.00106323
0.00107111
0.00107911
0.00108721
0.00109542
0.00110375
0.00111219
0.00112076
0.00112948
0.00113835
0.0011474
0.00115663
0.00116608
0.00117575
0.00118568
0.00119587
0.00120635
0.00121715
0.00122828
0.00123977
0.00125164
0.0012639
0.00127658
0.0012897
0.00130328
0.00131733
0.00133186
0.0013469
0.00136245
0.00137852
0.00139512
0.00141225
0.00142991
0.00144808
0.00146677
0.00148594
0.00150558
0.00152564
0.0015461
0.00156689
0.00158795
0.0016092
0.00163057
0.00165193
0.00167319
0.00169419
0.00171479
0.0017348
0.00175405
0.00177231
0.00178935
0.00180491
0.0018187
0.00183043
0.00183978
0.00184639
0.00184993
0.00185
0.00184623
0.00113534
0.00114293
0.00115084
0.00115906
0.00116759
0.00117642
0.00118555
0.001195
0.00120477
0.00121486
0.0012253
0.0012361
0.00124727
0.00125883
0.00127081
0.00128323
0.0012961
0.00130946
0.00132332
0.0013377
0.00135264
0.00136816
0.00138427
0.001401
0.00141838
0.00143641
0.00145512
0.00147453
0.00149464
0.00151547
0.00153702
0.00155929
0.00158228
0.00160598
0.00163037
0.00165544
0.00168114
0.00170745
0.00173429
0.00176162
0.00178936
0.00181741
0.00184568
0.00187403
0.00190232
0.0019304
0.00195808
0.00198516
0.0020114
0.00203656
0.00206036
0.00208248
0.0021026
0.00212036
0.00213538
0.00214725
0.00215555
0.00215983
0.00215964
0.0021545
0.00127932
0.00128725
0.0012957
0.00130469
0.00131422
0.00132433
0.00133501
0.00134628
0.00135816
0.00137066
0.0013838
0.00139759
0.00141206
0.00142722
0.0014431
0.00145972
0.00147711
0.00149529
0.00151428
0.0015341
0.00155479
0.00157636
0.00159884
0.00162225
0.0016466
0.0016719
0.00169819
0.00172545
0.0017537
0.00178294
0.00181316
0.00184436
0.00187651
0.00190958
0.00194356
0.00197838
0.00201399
0.00205033
0.00208732
0.00212485
0.00216282
0.00220109
0.00223951
0.00227792
0.00231611
0.00235388
0.00239096
0.0024271
0.00246199
0.00249529
0.00252666
0.0025557
0.00258198
0.00260506
0.00262445
0.00263966
0.00265014
0.00265536
0.00265475
0.00264774
0.00156327
0.00157577
0.00158875
0.00160233
0.00161662
0.00163169
0.00164762
0.00166448
0.0016823
0.00170115
0.00172106
0.00174208
0.00176423
0.00178754
0.00181205
0.00183776
0.00186471
0.00189292
0.00192239
0.00195314
0.00198518
0.00201852
0.00205317
0.00208912
0.00212638
0.00216495
0.0022048
0.00224593
0.00228831
0.00233193
0.00237674
0.00242272
0.0024698
0.00251793
0.00256704
0.00261705
0.00266786
0.00271937
0.00277144
0.00282394
0.00287671
0.00292956
0.00298228
0.00303464
0.00308639
0.00313724
0.00318688
0.00323496
0.0032811
0.00332489
0.00336589
0.00340362
0.00343755
0.00346716
0.00349185
0.00351103
0.00352407
0.0035303
0.00352908
0.0035197
0.00221813
0.00226441
0.00231077
0.00235731
0.00240414
0.00245134
0.00249897
0.00254711
0.00259582
0.00264515
0.00269514
0.00274584
0.00279729
0.00284951
0.00290255
0.00295641
0.00301113
0.00306671
0.00312318
0.00318053
0.00323878
0.00329792
0.00335795
0.00341885
0.00348063
0.00354325
0.00360669
0.00367092
0.0037359
0.00380159
0.00386794
0.00393489
0.00400235
0.00407027
0.00413854
0.00420705
0.00427571
0.00434436
0.00441287
0.00448106
0.00454877
0.00461578
0.00468186
0.00474677
0.00481024
0.00487197
0.00493162
0.00498884
0.00504324
0.00509441
0.0051419
0.00518521
0.00522385
0.00525725
0.00528486
0.00530605
0.00532021
0.00532667
0.00532474
0.00531371
4.14328
4.80798
5.09639
5.35194
5.5445
5.7127
5.86106
5.99777
6.12651
6.25014
6.37082
6.49059
6.61126
6.7345
6.86277
6.99908
7.14396
7.29438
7.46388
7.71256
8.0825
8.38818
8.48082
9.73005
15.7553
6.04414
6.19507
6.44848
6.67748
6.86894
7.04478
7.20888
7.36711
7.52309
7.67951
7.83859
8.00275
8.17554
8.36097
8.56321
8.78713
9.04299
9.34801
9.71882
10.1591
10.7188
11.7637
14.3605
18.6028
18.7159
6.03619
5.93571
6.16716
6.3465
6.50859
6.65973
6.8054
6.94961
7.09605
7.24699
7.40436
7.57046
7.74932
7.94558
8.1638
8.41018
8.69757
9.04227
9.45222
9.939
10.6079
11.7943
13.8886
15.4865
12.4716
6.18175
6.011
6.22424
6.37725
6.52499
6.66554
6.80478
6.94576
7.09234
7.24663
7.41039
7.5857
7.77691
7.98926
8.22779
8.49935
8.81786
9.19946
9.65323
10.203
10.9514
12.0514
13.2225
12.6507
8.96283
6.34577
6.16535
6.35991
6.49579
6.63417
6.7686
6.90473
7.04486
7.19304
7.35129
7.52116
7.70419
7.90476
8.12827
8.37986
8.66579
8.99944
9.39611
9.86584
10.4213
11.0862
11.7589
11.7457
9.64628
6.05741
6.48979
6.32447
6.49971
6.62206
6.75213
6.88102
7.0137
7.15165
7.29901
7.45762
7.62875
7.81303
8.0142
8.23704
8.48578
8.76496
9.08398
9.44952
9.85393
10.2509
10.5157
10.3298
9.07017
6.2831
3.34328
6.60288
6.46154
6.61563
6.72472
6.84481
6.96586
7.09193
7.22332
7.36386
7.5149
7.67718
7.85035
8.03663
8.23795
8.45295
8.67639
8.90539
9.11612
9.24732
9.17514
8.67508
7.52348
5.6614
3.24846
1.41
6.67526
6.55691
6.68585
6.77864
6.88387
6.9911
7.10343
7.21991
7.34289
7.47243
7.60738
7.74244
7.87596
8.00322
8.1121
8.18184
8.17804
8.03377
7.63625
6.88078
5.71135
4.26802
2.79992
1.35672
0.539201
6.6901
6.58617
6.68309
6.75205
6.83304
6.91477
6.99838
7.07921
7.15835
7.23231
7.29484
7.33667
7.34688
7.30832
7.18956
6.94569
6.52777
5.8971
5.03122
3.98973
2.88301
1.87416
1.12366
0.510393
0.217631
6.61469
6.51087
6.55588
6.58266
6.61562
6.64271
6.66131
6.66535
6.65009
6.60677
6.52109
6.37439
6.14522
5.81596
5.36364
4.77565
4.06814
3.27486
2.46116
1.68561
1.08217
0.670608
0.407327
0.189612
0.0905773
6.37996
6.23649
6.19458
6.14004
6.07956
5.99996
5.89267
5.74745
5.55398
5.30414
4.98648
4.59215
4.12374
3.5818
2.98417
2.36114
1.75775
1.24427
0.841215
0.540623
0.344548
0.225857
0.145728
0.072036
0.0379935
5.84397
5.59742
5.40287
5.20237
4.9784
4.72586
4.43531
4.10387
3.7309
3.31473
2.86234
2.38597
1.90229
1.45892
1.07514
0.761211
0.519356
0.350432
0.236022
0.159226
0.109628
0.0780126
0.0530441
0.0279863
0.0163536
4.78123
4.36532
3.97313
3.61275
3.24326
2.86521
2.47665
2.08289
1.69826
1.34569
1.03384
0.768779
0.551659
0.388261
0.269753
0.186501
0.12985
0.0923662
0.0671458
0.0495702
0.0371719
0.0282146
0.0199894
0.0114834
0.00744219
3.15455
2.64105
2.15999
1.76607
1.41652
1.11621
0.860323
0.646808
0.474177
0.341913
0.243098
0.171183
0.120265
0.0853733
0.0616588
0.0455773
0.0346253
0.0270185
0.0214672
0.0171706
0.0137629
0.0109778
0.00814246
0.00526207
0.003749
1.51486
1.09336
0.763441
0.548675
0.390002
0.276653
0.194922
0.136715
0.0958883
0.0677773
0.0485532
0.0354848
0.0266237
0.0205877
0.0163939
0.0133989
0.0111849
0.00947484
0.00807722
0.00687323
0.00582325
0.0048848
0.0038795
0.0028655
0.00224888
0.516703
0.317641
0.18826
0.121264
0.0793355
0.0533988
0.0367883
0.0260625
0.0190662
0.014454
0.0113606
0.00924179
0.00775035
0.0066637
0.00583884
0.00518562
0.0046471
0.00418506
0.00377059
0.00338423
0.003024
0.00267813
0.00229437
0.00190314
0.0016471
0.137993
0.0730007
0.038368
0.0235321
0.0153984
0.0108501
0.00812863
0.00643542
0.00533643
0.00459252
0.00406588
0.00367561
0.00337289
0.00312755
0.00292051
0.0027395
0.00257654
0.00242562
0.0022807
0.00213671
0.00199345
0.00184644
0.00168051
0.00151945
0.00140425
0.031951
0.0155455
0.00833015
0.00561805
0.00425198
0.00351394
0.00306966
0.00278084
0.00257879
0.0024281
0.00230921
0.00221085
0.00212618
0.00205084
0.00198185
0.00191708
0.00185497
0.00179396
0.00173158
0.00166496
0.00159313
0.00151745
0.00143555
0.00136121
0.00130205
0.00773935
0.00427509
0.00295679
0.00247277
0.0022266
0.00208287
0.00198679
0.00191618
0.00186033
0.00181367
0.00177301
0.0017364
0.00170254
0.00167047
0.0016394
0.0016086
0.00157743
0.00154498
0.00150938
0.00146805
0.00142224
0.00137641
0.00133103
0.00128998
0.00125442
0.00288086
0.002199
0.0019381
0.00182158
0.00175297
0.00170557
0.0016694
0.00163981
0.00161438
0.0015917
0.00157086
0.00155122
0.00153227
0.00151356
0.00149461
0.00147491
0.00145393
0.00143077
0.00140361
0.00137106
0.0013396
0.00130924
0.00127985
0.00125285
0.00122818
0.00191076
0.00175908
0.00168164
0.00162899
0.00159301
0.00156543
0.00154312
0.00152413
0.00150735
0.001492
0.00147756
0.0014636
0.00144974
0.00143559
0.00142072
0.00140461
0.00138669
0.00136595
0.00134111
0.00131691
0.00129373
0.00127139
0.00124988
0.00122979
0.0012109
0.00167448
0.00161991
0.00157983
0.00154594
0.00151891
0.00149741
0.00147965
0.0014643
0.00145054
0.00143777
0.00142554
0.00141346
0.00140117
0.00138829
0.00137433
0.00135877
0.00134092
0.0013208
0.00130115
0.00128221
0.00126399
0.00124638
0.00122943
0.00121339
0.00119806
0.00158471
0.00155251
0.00152455
0.00149919
0.00147623
0.00145741
0.0014415
0.00142747
0.00141467
0.00140257
0.00139076
0.00137887
0.00136653
0.00135333
0.00133879
0.0013223
0.00130541
0.00128893
0.00127295
0.00125751
0.00124258
0.00122811
0.00121415
0.0012008
0.00118791
0.00153134
0.00150743
0.00148551
0.00146506
0.00144572
0.00142843
0.00141332
0.00139966
0.0013869
0.0013746
0.00136239
0.00134991
0.00133678
0.0013226
0.00130777
0.00129324
0.00127908
0.00126531
0.00125193
0.00123894
0.00122633
0.00121407
0.0012022
0.00119075
0.00117962
0.00148934
0.00146996
0.00145179
0.00143458
0.00141814
0.00140237
0.00138782
0.0013743
0.00136139
0.00134873
0.00133598
0.00132281
0.0013095
0.00129646
0.00128371
0.00127128
0.00125916
0.00124734
0.00123581
0.00122458
0.00121363
0.00120294
0.00119255
0.00118243
0.00117253
0.0014508
0.00143438
0.00141875
0.00140381
0.00138944
0.00137557
0.00136213
0.00134906
0.0013363
0.00132383
0.00131161
0.00129965
0.00128796
0.00127653
0.00126537
0.00125445
0.00124377
0.00123332
0.0012231
0.00121309
0.0012033
0.0011937
0.0011843
0.00117509
0.001166
0.00141622
0.00140199
0.00138832
0.00137513
0.00136237
0.00134998
0.00133793
0.00132618
0.00131471
0.00130351
0.00129255
0.00128182
0.00127132
0.00126103
0.00125094
0.00124105
0.00123134
0.00122181
0.00121246
0.00120327
0.00119423
0.00118534
0.00117657
0.00116791
0.00115932
0.00138256
0.00137189
0.00136106
0.00135024
0.00133956
0.00132904
0.00131864
0.00130827
0.00129782
0.00128752
0.00127742
0.0012675
0.00125776
0.00124818
0.00123877
0.00122952
0.00122042
0.00121145
0.00120262
0.00119391
0.00118531
0.00117682
0.0011684
0.00116003
0.00115169
0.00134772
0.00134011
0.00133223
0.00132417
0.00131602
0.0013078
0.00129949
0.00129107
0.00128245
0.00127356
0.00126428
0.00125482
0.00124551
0.00123633
0.00122729
0.00121837
0.00120957
0.00120089
0.0011923
0.00118381
0.00117539
0.00116705
0.00115875
0.00115047
0.0011422
0.00131073
0.00130545
0.00129992
0.00129415
0.00128819
0.00128206
0.00127576
0.00126926
0.00126253
0.00125552
0.00124816
0.00124038
0.00123208
0.00122314
0.00121425
0.00120547
0.00119679
0.0011882
0.00117969
0.00117125
0.00116286
0.00115453
0.00114622
0.00113793
0.00112963
0.00126769
0.001264
0.00126012
0.00125603
0.00125176
0.00124731
0.00124267
0.00123784
0.00123279
0.00122749
0.00122191
0.00121601
0.00120973
0.00120303
0.00119585
0.0011881
0.00117968
0.00117111
0.00116261
0.00115417
0.00114577
0.00113741
0.00112908
0.00112076
0.00111245
0.0012132
0.00121049
0.00120765
0.00120466
0.00120153
0.00119825
0.00119482
0.00119124
0.00118748
0.00118353
0.00117938
0.001175
0.00117037
0.00116547
0.00116026
0.00115473
0.00114885
0.0011426
0.00113598
0.00112896
0.00112149
0.00111357
0.00110525
0.00109695
0.00108867
0.00114096
0.00113874
0.00113644
0.00113405
0.00113156
0.00112898
0.00112629
0.00112349
0.00112056
0.00111751
0.00111432
0.00111099
0.00110749
0.00110382
0.00109997
0.00109593
0.0010917
0.00108727
0.00108264
0.00107784
0.00107286
0.00106774
0.00106251
0.00105724
0.00105202
0.00107086
0.00106937
0.00106783
0.00106625
0.00106462
0.00106293
0.0010612
0.0010594
0.00105754
0.00105562
0.00105362
0.00105156
0.00104941
0.00104719
0.0010449
0.00104252
0.00104007
0.00103755
0.00103496
0.00103233
0.00102964
0.00102694
0.00102422
0.00102152
0.00101888
0.00102054
0.00101989
0.00101921
0.00101852
0.00101781
0.00101708
0.00101632
0.00101554
0.00101474
0.00101391
0.00101305
0.00101217
0.00101126
0.00101032
0.00100937
0.00100839
0.00100739
0.00100637
0.00100535
0.00100432
0.0010033
0.00100228
0.00100129
0.00100031
0.000999383
0.000990455
0.000990424
0.000990387
0.000990343
0.000990291
0.00099023
0.000990162
0.000990084
0.000989998
0.000989903
0.0009898
0.000989689
0.00098957
0.000989445
0.000989315
0.00098918
0.000989044
0.000988907
0.000988773
0.000988644
0.000988522
0.00098841
0.000988311
0.000988225
0.000988161
0.000973945
0.000974274
0.000974601
0.000974925
0.000975247
0.000975566
0.000975882
0.000976196
0.000976507
0.000976816
0.000977122
0.000977427
0.000977731
0.000978033
0.000978336
0.000978639
0.000978943
0.000979249
0.000979558
0.000979872
0.000980191
0.000980515
0.000980846
0.000981184
0.000981531
0.000964999
0.000965509
0.000966019
0.000966528
0.000967037
0.000967545
0.000968053
0.00096856
0.000969067
0.000969574
0.000970081
0.000970588
0.000971096
0.000971604
0.000972113
0.000972623
0.000973135
0.000973648
0.000974164
0.000974682
0.000975203
0.000975727
0.000976255
0.000976786
0.000977321
0.000959844
0.000960438
0.000961033
0.000961627
0.000962222
0.000962818
0.000963413
0.00096401
0.000964606
0.000965204
0.000965802
0.0009664
0.000967
0.0009676
0.000968201
0.000968804
0.000969408
0.000970013
0.000970619
0.000971227
0.000971837
0.000972449
0.000973062
0.000973677
0.000974295
0.000956422
0.000957052
0.000957683
0.000958315
0.000958947
0.00095958
0.000960213
0.000960848
0.000961483
0.000962118
0.000962755
0.000963393
0.000964031
0.00096467
0.000965311
0.000965952
0.000966594
0.000967237
0.000967882
0.000968528
0.000969174
0.000969822
0.000970472
0.000971122
0.000971774
0.000953692
0.000954337
0.000954982
0.000955628
0.000956275
0.000956923
0.000957572
0.000958221
0.000958871
0.000959522
0.000960174
0.000960827
0.000961481
0.000962135
0.000962791
0.000963447
0.000964105
0.000964763
0.000965423
0.000966083
0.000966744
0.000967406
0.00096807
0.000968734
0.0009694
0.000951162
0.000951812
0.000952462
0.000953113
0.000953765
0.000954418
0.000955072
0.000955727
0.000956382
0.000957039
0.000957696
0.000958354
0.000959013
0.000959673
0.000960333
0.000960995
0.000961658
0.000962321
0.000962985
0.000963651
0.000964317
0.000964984
0.000965652
0.000966321
0.000966991
0.000948619
0.00094927
0.000949921
0.000950573
0.000951226
0.00095188
0.000952535
0.000953191
0.000953847
0.000954505
0.000955163
0.000955822
0.000956482
0.000957143
0.000957805
0.000958467
0.000959131
0.000959795
0.000960461
0.000961127
0.000961794
0.000962462
0.000963131
0.000963801
0.000964472
0.000945992
0.000946642
0.000947293
0.000947944
0.000948596
0.00094925
0.000949904
0.000950559
0.000951214
0.000951871
0.000952529
0.000953187
0.000953846
0.000954506
0.000955168
0.000955829
0.000956492
0.000957156
0.000957821
0.000958486
0.000959153
0.00095982
0.000960488
0.000961157
0.000961827
0.000943291
0.00094394
0.000944589
0.000945239
0.00094589
0.000946542
0.000947194
0.000947848
0.000948502
0.000949157
0.000949814
0.000950471
0.000951128
0.000951787
0.000952447
0.000953107
0.000953769
0.000954431
0.000955094
0.000955758
0.000956423
0.000957089
0.000957756
0.000958424
0.000959092
0.000940587
0.000941234
0.000941882
0.00094253
0.000943179
0.00094383
0.000944481
0.000945133
0.000945785
0.000946439
0.000947094
0.000947749
0.000948405
0.000949062
0.00094972
0.000950379
0.000951039
0.0009517
0.000952361
0.000953024
0.000953687
0.000954351
0.000955017
0.000955683
0.00095635
0.000938013
0.000938658
0.000939304
0.000939951
0.000940599
0.000941248
0.000941898
0.000942548
0.000943199
0.000943852
0.000944505
0.000945159
0.000945813
0.000946469
0.000947126
0.000947783
0.000948442
0.000949101
0.000949761
0.000950422
0.000951084
0.000951747
0.00095241
0.000953075
0.00095374
0.000935779
0.000936423
0.000937068
0.000937714
0.000938361
0.000939009
0.000939658
0.000940307
0.000940958
0.000941609
0.000942261
0.000942914
0.000943568
0.000944223
0.000944878
0.000945535
0.000946192
0.000946851
0.00094751
0.00094817
0.000948831
0.000949493
0.000950155
0.000950819
0.000951483
0.000934202
0.000934846
0.000935492
0.000936138
0.000936785
0.000937433
0.000938081
0.000938731
0.000939381
0.000940033
0.000940685
0.000941338
0.000941992
0.000942647
0.000943302
0.000943959
0.000944616
0.000945275
0.000945934
0.000946594
0.000947255
0.000947917
0.00094858
0.000949243
0.000949908
0.000933753
0.000934399
0.000935046
0.000935694
0.000936342
0.000936992
0.000937642
0.000938293
0.000938946
0.000939598
0.000940252
0.000940907
0.000941563
0.000942219
0.000942876
0.000943535
0.000944194
0.000944854
0.000945515
0.000946177
0.000946839
0.000947503
0.000948167
0.000948833
0.000949499
0.000935127
0.000935777
0.000936428
0.00093708
0.000937733
0.000938386
0.000939041
0.000939696
0.000940353
0.00094101
0.000941668
0.000942327
0.000942987
0.000943647
0.000944309
0.000944971
0.000945635
0.000946299
0.000946964
0.00094763
0.000948297
0.000948965
0.000949634
0.000950304
0.000950974
0.00093936
0.000940018
0.000940677
0.000941337
0.000941998
0.00094266
0.000943322
0.000943986
0.00094465
0.000945316
0.000945982
0.000946649
0.000947317
0.000947986
0.000948656
0.000949327
0.000949998
0.000950671
0.000951345
0.000952019
0.000952694
0.000953371
0.000954048
0.000954726
0.000955405
0.000948029
0.000948701
0.000949374
0.000950049
0.000950724
0.0009514
0.000952077
0.000952755
0.000953433
0.000954113
0.000954794
0.000955475
0.000956158
0.000956841
0.000957526
0.000958211
0.000958897
0.000959585
0.000960273
0.000960962
0.000961652
0.000962343
0.000963035
0.000963728
0.000964422
0.000963617
0.000964313
0.00096501
0.000965708
0.000966407
0.000967107
0.000967808
0.00096851
0.000969213
0.000969917
0.000970622
0.000971328
0.000972035
0.000972743
0.000973451
0.000974161
0.000974872
0.000975584
0.000976297
0.000977011
0.000977725
0.000978441
0.000979158
0.000979876
0.000980595
0.000990221
0.000990956
0.000991693
0.000992431
0.00099317
0.00099391
0.000994651
0.000995393
0.000996136
0.00099688
0.000997625
0.000998371
0.000999119
0.000999867
0.00100062
0.00100137
0.00100212
0.00100287
0.00100363
0.00100438
0.00100514
0.00100589
0.00100665
0.00100741
0.00100817
0.00103505
0.00103585
0.00103665
0.00103746
0.00103826
0.00103907
0.00103988
0.00104069
0.0010415
0.00104231
0.00104313
0.00104394
0.00104476
0.00104557
0.00104639
0.00104721
0.00104803
0.00104885
0.00104968
0.0010505
0.00105133
0.00105216
0.00105298
0.00105381
0.00105464
0.00111186
0.00111278
0.0011137
0.00111463
0.00111555
0.00111648
0.00111741
0.00111834
0.00111927
0.00112021
0.00112114
0.00112208
0.00112302
0.00112395
0.0011249
0.00112584
0.00112678
0.00112773
0.00112867
0.00112962
0.00113057
0.00113152
0.00113248
0.00113343
0.00113439
0.00124991
0.00125107
0.00125222
0.00125337
0.00125453
0.00125569
0.00125685
0.00125802
0.00125918
0.00126035
0.00126152
0.00126269
0.00126386
0.00126504
0.00126622
0.0012674
0.00126858
0.00126977
0.00127095
0.00127214
0.00127333
0.00127452
0.00127572
0.00127692
0.00127812
0.00152051
0.00152218
0.00152385
0.00152553
0.0015272
0.00152888
0.00153057
0.00153226
0.00153395
0.00153565
0.00153735
0.00153905
0.00154075
0.00154246
0.00154418
0.0015459
0.00154762
0.00154934
0.00155107
0.0015528
0.00155454
0.00155628
0.00155802
0.00155977
0.00156152
0.00213666
0.00213981
0.00214296
0.00214613
0.0021493
0.00215249
0.00215568
0.00215888
0.00216209
0.00216531
0.00216854
0.00217178
0.00217503
0.00217829
0.00218156
0.00218483
0.00218812
0.00219142
0.00219472
0.00219804
0.00220136
0.0022047
0.00220804
0.0022114
0.00221476
3.8108
4.21364
4.38062
4.42517
4.39131
4.29083
4.13272
3.92872
3.69218
3.43716
3.17694
2.91953
2.664
2.40574
2.14795
1.90619
1.70021
1.54011
1.41905
1.3194
1.22484
1.12687
1.02396
0.918359
0.813774
0.713642
0.620395
0.535416
0.459293
0.392008
0.333122
0.282046
0.238116
0.200577
0.168652
0.141621
0.118819
0.0996272
0.0834916
0.0699365
0.0585556
0.0490004
0.0409807
0.0342531
0.0286118
0.0238835
0.0199233
0.0166061
0.0138389
0.0114861
4.66972
4.43991
4.46629
4.46884
4.41743
4.30777
4.14417
3.93665
3.69776
3.44113
3.1798
2.92159
2.6655
2.40683
2.14874
1.90674
1.70056
1.54029
1.41912
1.3194
1.22482
1.12686
1.02397
0.918394
0.813828
0.71371
0.620472
0.535495
0.459371
0.392082
0.33319
0.282107
0.23817
0.200625
0.168693
0.141656
0.118849
0.0996523
0.0835127
0.0699542
0.0585703
0.0490127
0.0409909
0.0342617
0.0286189
0.0238894
0.0199282
0.0166102
0.0138423
0.0114889
5.48226
4.86677
4.66601
4.57702
4.48354
4.35104
4.17358
3.95708
3.71217
3.45141
3.18721
2.92699
2.66943
2.40966
2.15073
1.90807
1.7014
1.54077
1.41936
1.31951
1.22487
1.12691
1.02403
0.918485
0.813947
0.713847
0.620619
0.535645
0.459516
0.392218
0.333316
0.28222
0.23827
0.200712
0.168769
0.14172
0.118904
0.0996987
0.0835517
0.0699869
0.0585977
0.0490356
0.04101
0.0342776
0.0286321
0.0239005
0.0199374
0.0166179
0.0138487
0.0114942
6.10662
5.39713
4.985
4.76828
4.6055
4.43254
4.2296
3.99629
3.73994
3.47129
3.2016
2.9375
2.67711
2.41518
2.15454
1.91054
1.70284
1.54151
1.41968
1.31961
1.22489
1.12694
1.0241
0.918604
0.814109
0.714041
0.620831
0.535861
0.459729
0.39242
0.333502
0.282388
0.23842
0.200843
0.168882
0.141817
0.118986
0.0997687
0.0836107
0.0700364
0.0586392
0.0490702
0.0410389
0.0343017
0.0286523
0.0239173
0.0199514
0.0166296
0.0138585
0.0115022
6.55284
5.93273
5.39788
5.05043
4.79736
4.56515
4.32258
4.06216
3.787
3.50518
3.22623
2.95557
2.69039
2.42476
2.1611
1.91463
1.70501
1.54235
1.41978
1.31941
1.22464
1.12675
1.02403
0.918645
0.814244
0.714244
0.621076
0.536127
0.459997
0.39268
0.333746
0.282611
0.238619
0.201019
0.169035
0.14195
0.119099
0.0998645
0.0836917
0.0701046
0.0586964
0.0491182
0.0410791
0.0343353
0.0286803
0.0239407
0.0199709
0.0166459
0.0138721
0.0115135
6.85127
6.4028
5.85545
5.41253
5.06506
4.75939
4.46288
4.16354
3.86042
3.55855
3.26528
2.98437
2.7117
2.44027
2.17178
1.92115
1.70812
1.54307
1.41918
1.31835
1.22361
1.12595
1.02351
0.918393
0.8142
0.71435
0.621282
0.536392
0.460291
0.392979
0.334035
0.282882
0.238866
0.201239
0.169229
0.142118
0.119244
0.0999879
0.0837964
0.0701931
0.058771
0.0491809
0.0411316
0.0343793
0.0287172
0.0239715
0.0199967
0.0166674
0.0138902
0.0115284
7.03097
6.76429
6.29759
5.8217
5.3992
5.01766
4.6574
4.30818
3.96735
3.63744
3.32359
3.02775
2.74412
2.46418
2.18847
1.93133
1.71268
1.54347
1.41723
1.3156
1.22101
1.12388
1.02205
0.91747
0.813704
0.714167
0.621314
0.536563
0.460544
0.393273
0.334342
0.283182
0.239148
0.201496
0.169459
0.14232
0.119419
0.100139
0.0839255
0.0703028
0.0588639
0.0492593
0.0411977
0.0344348
0.0287638
0.0240106
0.0200295
0.0166949
0.0139133
0.0115475
7.11243
6.99448
6.66385
6.22533
5.76935
5.32721
4.90378
4.49886
4.11255
3.74696
3.40587
3.08971
2.79104
2.49945
2.21367
1.94705
1.71971
1.54363
1.41327
1.31014
1.21574
1.11957
1.01885
0.915276
0.812312
0.713372
0.620942
0.536477
0.460642
0.393482
0.33461
0.283473
0.239439
0.201774
0.169714
0.142549
0.119621
0.100315
0.0840776
0.0704332
0.0589751
0.0493537
0.0412777
0.0345024
0.0288208
0.0240586
0.0200699
0.0167289
0.0139419
0.0115712
7.10176
7.08078
6.89855
6.55593
6.12148
5.65329
5.18314
4.72731
4.294
3.88834
3.51471
3.17323
2.85544
2.54902
2.25029
1.97092
1.73104
1.54428
1.40693
1.30087
1.20646
1.1117
1.0128
0.910928
0.809354
0.711468
0.619803
0.535873
0.460399
0.393473
0.334745
0.28369
0.239694
0.202039
0.169972
0.14279
0.11984
0.100509
0.0842482
0.0705815
0.0591029
0.0494633
0.0413712
0.034582
0.0288883
0.0241158
0.0201182
0.0167697
0.0139764
0.0115999
6.98219
7.00615
6.94867
6.73494
6.37799
5.93415
5.45251
4.96655
4.49637
4.05394
3.64711
3.27783
2.93822
2.61472
2.3009
2.00593
1.74947
1.54726
1.39868
1.28707
1.19176
1.09872
1.00245
0.903214
0.803875
0.70773
0.617355
0.534353
0.459524
0.393037
0.334598
0.283725
0.239836
0.202237
0.170194
0.143015
0.120055
0.100709
0.0844281
0.0707413
0.0592431
0.0495853
0.0414766
0.0346726
0.0289658
0.0241819
0.0201745
0.0168174
0.0140171
0.0116338
6.6962
6.72699
6.75251
6.67238
6.43828
6.07787
5.63829
5.16273
4.68296
4.22025
3.78888
3.39546
3.03517
2.69497
2.36611
2.05447
1.77837
1.55574
1.39043
1.26902
1.1707
1.07904
0.986122
0.890607
0.794603
0.701151
0.612829
0.531337
0.457589
0.391858
0.333939
0.283412
0.239744
0.202282
0.170319
0.14318
0.120236
0.10089
0.0846006
0.0709006
0.0593872
0.0497136
0.0415896
0.0347713
0.0290514
0.0242558
0.020238
0.0168718
0.0140636
0.011673
6.11405
6.14334
6.21804
6.25982
6.17836
5.96085
5.63128
5.22762
4.78702
4.33939
3.90723
3.50442
3.13227
2.78115
2.44155
2.11592
1.82018
1.57377
1.38592
1.24883
1.14353
1.05165
0.962192
0.871391
0.779986
0.690435
0.605191
0.526026
0.453987
0.389483
0.33243
0.282502
0.239238
0.202041
0.170248
0.143214
0.120329
0.101014
0.0847381
0.0710395
0.0595206
0.0498379
0.0417028
0.0348728
0.0291414
0.0243348
0.0203069
0.0169316
0.0141154
0.011717
5.0237
5.08552
5.20723
5.36352
5.45252
5.42999
5.28516
5.03313
4.70382
4.33012
3.94187
3.5615
3.19916
2.85217
2.51333
2.18274
1.87313
1.60411
1.39008
1.23092
1.11268
1.01697
0.929736
0.844026
0.758359
0.674051
0.593147
0.517377
0.4479
0.385283
0.329597
0.28064
0.238052
0.201318
0.169838
0.143009
0.120257
0.101025
0.0847977
0.0711263
0.05962
0.0499408
0.0418036
0.0349679
0.029229
0.0244141
0.0203778
0.0169943
0.0141705
0.0117646
3.32893
3.44317
3.61474
3.86998
4.12542
4.32523
4.42824
4.41366
4.2865
4.0702
3.79599
3.49297
3.18095
2.86761
2.5521
2.23484
1.92586
1.64355
1.40591
1.22104
1.0833
0.977903
0.889521
0.807853
0.728374
0.650466
0.575242
0.504132
0.438296
0.37844
0.324803
0.277339
0.235817
0.199836
0.16888
0.142412
0.119904
0.100834
0.084715
0.0711128
0.0596496
0.0499959
0.0418721
0.0350419
0.0293034
0.0244857
0.0204448
0.0170556
0.0142261
0.0118138
1.5585
1.63351
1.76034
1.98349
2.27782
2.61281
2.94173
3.20546
3.36077
3.39734
3.33064
3.18613
2.98935
2.7595
2.50586
2.23313
1.95085
1.67599
1.42808
1.22188
1.06159
0.94024
0.845089
0.764171
0.6898
0.618643
0.55015
0.484964
0.42399
0.367954
0.317239
0.27196
0.232039
0.197214
0.167086
0.141204
0.119105
0.100319
0.0843965
0.0709288
0.0595565
0.0499632
0.0418785
0.0350725
0.029348
0.0245373
0.0204987
0.0171089
0.0142768
0.0118608
0.504822
0.514586
0.543149
0.612301
0.732177
0.917331
1.17867
1.50463
1.85306
2.16343
2.38328
2.49084
2.49672
2.42455
2.29251
2.11252
1.89758
1.66481
1.43412
1.22451
1.04874
0.909931
0.802607
0.717182
0.644618
0.578926
0.517268
0.458845
0.403846
0.352755
0.305972
0.263728
0.226093
0.192962
0.164073
0.139089
0.117634
0.0993074
0.0837113
0.0704748
0.059265
0.0497854
0.0417795
0.0350269
0.0293379
0.02455
0.0205253
0.0171433
0.0143149
0.0118999
0.129931
0.127082
0.126701
0.132337
0.146312
0.174267
0.227968
0.325497
0.486617
0.720142
1.00904
1.30812
1.56166
1.72863
1.79662
1.77639
1.68677
1.54665
1.37642
1.19791
1.02998
0.884744
0.766523
0.672863
0.597531
0.534022
0.477623
0.425712
0.377222
0.331967
0.290096
0.25181
0.217263
0.186485
0.159365
0.135691
0.115196
0.0975697
0.0824824
0.0696145
0.0586707
0.0493826
0.0415137
0.0348583
0.0292374
0.0244968
0.0205042
0.0171435
0.0143284
0.0119224
0.0301498
0.0291137
0.0282509
0.0279915
0.0283487
0.0295032
0.0322668
0.0387295
0.053884
0.0881369
0.158488
0.283555
0.47008
0.699356
0.928763
1.11049
1.21264
1.22978
1.17814
1.08189
0.963464
0.841231
0.728522
0.632226
0.5532
0.488619
0.434491
0.387294
0.344673
0.305419
0.269065
0.235519
0.204855
0.177155
0.152419
0.130561
0.111429
0.0948172
0.0804821
0.0681697
0.0576347
0.048647
0.0409979
0.0345024
0.0289973
0.0243398
0.0204063
0.0170872
0.0143004
0.0119154
0.00749483
0.00733467
0.0071496
0.00703643
0.00698498
0.00697574
0.00702
0.00715579
0.00750107
0.00844945
0.0112746
0.0196471
0.0420387
0.0925626
0.185603
0.323473
0.486587
0.638779
0.745577
0.7902
0.777343
0.725235
0.653798
0.577878
0.506533
0.444142
0.391432
0.346903
0.308432
0.274255
0.243219
0.2147
0.188459
0.164464
0.142727
0.123233
0.10593
0.0907149
0.077437
0.0659205
0.055982
0.0474401
0.0401233
0.0338744
0.0285513
0.0240275
0.0201917
0.0169436
0.0142072
0.0118611
0.00285649
0.00287304
0.00285646
0.00284467
0.00283837
0.00283404
0.00283336
0.00283761
0.00284769
0.00286666
0.00290622
0.00301557
0.00340792
0.00492492
0.0102545
0.0256993
0.0611553
0.125061
0.215675
0.316885
0.404898
0.460685
0.477982
0.463055
0.428532
0.38631
0.343969
0.305065
0.270691
0.240623
0.214049
0.190133
0.168314
0.148312
0.130007
0.113356
0.0983402
0.084929
0.0730548
0.0626194
0.0535077
0.0455954
0.0387558
0.032867
0.0278144
0.0234931
0.0198081
0.0166718
0.0140168
0.0117348
0.00193083
0.0019648
0.00197777
0.00198577
0.00199148
0.00199412
0.00199546
0.0019966
0.00199786
0.00199953
0.00200187
0.0020052
0.00201055
0.00202309
0.00207026
0.00229022
0.00325749
0.00677127
0.0167883
0.0389443
0.0772588
0.129616
0.186428
0.234834
0.265151
0.274598
0.266809
0.248584
0.226232
0.203635
0.18242
0.162999
0.145327
0.129208
0.114436
0.100876
0.0884781
0.0772231
0.0670878
0.058032
0.0500025
0.0429322
0.0367437
0.031355
0.0266847
0.0226543
0.0191895
0.0162195
0.0136878
0.011504
0.00169787
0.00172775
0.00174414
0.00175363
0.00175989
0.0017625
0.00176283
0.00176194
0.00176018
0.00175778
0.0017549
0.00175159
0.00174785
0.00174364
0.00173903
0.00173464
0.00173381
0.00175431
0.00188286
0.00245713
0.00445927
0.00992208
0.0216285
0.0415632
0.0688545
0.0990529
0.125851
0.14408
0.151723
0.149989
0.141977
0.130927
0.119064
0.10744
0.0964034
0.0860563
0.0764397
0.0675643
0.0594222
0.0520035
0.0452984
0.0392877
0.0339381
0.0292077
0.0250504
0.0214174
0.0182588
0.0155237
0.0131696
0.0111276
0.00160529
0.0016301
0.00164513
0.00165309
0.00165792
0.00165942
0.00165852
0.00165611
0.00165258
0.0016481
0.00164279
0.00163668
0.00162973
0.00162189
0.00161311
0.00160331
0.00159247
0.00158061
0.00156812
0.00155704
0.00155723
0.00161182
0.00187542
0.00277528
0.00519052
0.0103906
0.0194721
0.032464
0.0477637
0.0625409
0.0739745
0.0804218
0.0818114
0.0792616
0.0743297
0.0683399
0.0620905
0.0559424
0.0500443
0.0444802
0.039307
0.0345529
0.0302227
0.0263108
0.0228053
0.0196878
0.0169339
0.0145147
0.0124041
0.0105571
0.00154877
0.00156937
0.00158216
0.00158856
0.00159209
0.00159284
0.00159134
0.00158835
0.00158422
0.00157911
0.00157311
0.00156623
0.00155844
0.00154967
0.00153985
0.00152891
0.00151677
0.00150336
0.00148859
0.00147239
0.00145473
0.00143576
0.00141643
0.00140093
0.0014056
0.0014858
0.0017934
0.00265473
0.00459707
0.00820415
0.0137736
0.0209577
0.0286917
0.0355669
0.0404245
0.0427638
0.0427682
0.0410513
0.0383235
0.035146
0.0318537
0.0286105
0.0254985
0.0225697
0.0198581
0.0173795
0.0151363
0.0131224
0.0113305
0.00973827
0.00150415
0.00152143
0.00153185
0.00153703
0.00153963
0.00153998
0.00153838
0.0015354
0.00153136
0.00152642
0.00152065
0.00151406
0.00150661
0.00149825
0.0014889
0.00147847
0.00146689
0.00145407
0.00143991
0.00142432
0.0014072
0.00138844
0.00136796
0.00134566
0.00132158
0.00129603
0.00127044
0.00124981
0.00125033
0.00131727
0.00155475
0.00215321
0.00337573
0.00546143
0.00846154
0.0121078
0.0158368
0.0189973
0.0211092
0.0220084
0.0218238
0.0208519
0.0194152
0.0177667
0.0160625
0.0143852
0.0127796
0.0112731
0.00988575
0.00861308
0.00146372
0.00147684
0.00148518
0.00148955
0.00149163
0.00149186
0.00149042
0.00148773
0.00148409
0.00147964
0.00147443
0.00146849
0.00146179
0.00145427
0.00144586
0.00143648
0.00142605
0.00141447
0.00140166
0.00138752
0.00137194
0.00135482
0.00133605
0.00131552
0.00129314
0.00126881
0.00124248
0.0012141
0.00118379
0.00115197
0.00112005
0.00109222
0.00108009
0.00111215
0.00124683
0.00158041
0.0022329
0.00329888
0.00477643
0.00651909
0.00825904
0.00970349
0.010645
0.0110183
0.0108863
0.0103842
0.00965882
0.0088268
0.00797024
0.0071043
0.00142693
0.00143619
0.00144258
0.00144614
0.00144777
0.00144787
0.00144657
0.00144415
0.00144088
0.00143687
0.00143218
0.00142683
0.00142081
0.00141405
0.00140649
0.00139807
0.00138869
0.00137828
0.00136673
0.00135395
0.00133985
0.00132433
0.00130726
0.00128855
0.0012681
0.0012458
0.00122157
0.00119534
0.00116706
0.00113671
0.00110429
0.00106989
0.00103368
0.00099614
0.000958401
0.0009233
0.000897702
0.000896803
0.000949387
0.00109978
0.00139991
0.00188763
0.00255773
0.0033434
0.00412672
0.00477866
0.00520591
0.00537412
0.00531554
0.00504561
0.00138983
0.00139616
0.00140078
0.00140352
0.00140472
0.00140464
0.00140341
0.00140121
0.00139822
0.00139456
0.00139029
0.00138541
0.00137991
0.00137374
0.00136685
0.00135917
0.00135061
0.0013411
0.00133054
0.00131885
0.00130593
0.00129168
0.00127599
0.00125876
0.00123988
0.00121927
0.00119682
0.00117246
0.00114614
0.0011178
0.00108744
0.00105509
0.00102078
0.000984613
0.000946725
0.000907311
0.000866656
0.000825229
0.000783886
0.000744348
0.000710198
0.000688631
0.000692466
0.000740672
0.000854897
0.00105085
0.00132708
0.00165697
0.00199446
0.00227214
0.00135239
0.00135646
0.0013595
0.00136133
0.00136201
0.00136167
0.0013604
0.0013583
0.00135549
0.00135208
0.00134809
0.00134354
0.00133841
0.00133267
0.00132626
0.0013191
0.00131114
0.00130229
0.00129246
0.00128157
0.00126952
0.00125622
0.00124156
0.00122544
0.00120777
0.00118843
0.00116736
0.00114445
0.00111966
0.00109293
0.00106425
0.00103362
0.00100107
0.000966692
0.000930585
0.0008929
0.000853824
0.000813579
0.000772425
0.000730658
0.000688621
0.000646746
0.000605642
0.000566282
0.000530382
0.00050103
0.000483432
0.000485142
0.00051486
0.000579378
0.00131345
0.00131574
0.0013174
0.00131829
0.00131838
0.00131769
0.00131625
0.00131413
0.00131139
0.00130811
0.0013043
0.00129997
0.0012951
0.00128966
0.00128359
0.00127683
0.00126931
0.00126095
0.00125168
0.00124139
0.00123001
0.00121744
0.00120359
0.00118834
0.00117162
0.00115331
0.00113334
0.00111162
0.00108808
0.00106268
0.0010354
0.00100623
0.000975199
0.000942376
0.000907858
0.000871781
0.000834315
0.000795668
0.000756077
0.000715804
0.000675134
0.000634362
0.000593789
0.000553719
0.000514456
0.000476321
0.00043968
0.000405019
0.000373073
0.000345036
0.00126895
0.00126991
0.00127047
0.00127052
0.00127002
0.00126893
0.00126727
0.00126505
0.00126232
0.0012591
0.00125541
0.00125125
0.00124659
0.0012414
0.00123562
0.0012292
0.00122207
0.00121416
0.00120537
0.00119564
0.00118488
0.00117298
0.00115988
0.00114545
0.00112962
0.00111229
0.00109337
0.00107278
0.00105046
0.00102635
0.00100044
0.00097271
0.000943188
0.000911929
0.000879022
0.000844591
0.000808794
0.000771825
0.000733906
0.000695286
0.000656235
0.000617035
0.00057797
0.000539325
0.000501371
0.000464361
0.000428527
0.000394071
0.00036117
0.000329981
0.00121346
0.00121349
0.00121323
0.00121262
0.00121163
0.0012102
0.00120834
0.00120604
0.00120331
0.00120016
0.0011966
0.00119261
0.00118817
0.00118325
0.0011778
0.00117176
0.00116505
0.00115762
0.00114939
0.00114027
0.00113018
0.00111905
0.00110678
0.00109327
0.00107844
0.00106221
0.00104447
0.00102517
0.00100422
0.000981594
0.000957244
0.000931165
0.000903374
0.000873919
0.000842876
0.000810359
0.000776511
0.00074151
0.000705564
0.000668905
0.000631787
0.000594475
0.000557242
0.000520358
0.000484084
0.000448665
0.000414323
0.000381252
0.000349615
0.000319544
0.00114077
0.00114041
0.00113983
0.00113901
0.0011379
0.00113647
0.0011347
0.00113257
0.00113008
0.00112722
0.00112399
0.00112037
0.00111634
0.00111186
0.0011069
0.00110139
0.00109528
0.0010885
0.00108098
0.00107266
0.00106344
0.00105326
0.00104202
0.00102965
0.00101605
0.00100114
0.000984842
0.000967082
0.000947795
0.00092693
0.000904453
0.00088035
0.000854632
0.000827337
0.00079853
0.000768309
0.000736803
0.000704173
0.000670606
0.000636318
0.00060154
0.000566522
0.000531517
0.000496782
0.000462564
0.000429097
0.000396595
0.000365246
0.000335211
0.00030662
0.00107052
0.00107004
0.0010694
0.00106858
0.00106754
0.00106626
0.00106471
0.00106286
0.0010607
0.00105822
0.00105539
0.0010522
0.00104862
0.00104463
0.00104017
0.00103521
0.00102969
0.00102356
0.00101674
0.00100917
0.00100078
0.000991498
0.000981235
0.000969916
0.000957459
0.000943784
0.000928816
0.000912482
0.000894721
0.000875483
0.000854732
0.000832452
0.000808645
0.000783343
0.000756602
0.000728506
0.000699171
0.000668741
0.000637387
0.000605306
0.000572714
0.000539841
0.000506926
0.000474209
0.000441926
0.0004103
0.000379537
0.00034982
0.000321305
0.000294122
0.00102009
0.00101954
0.00101886
0.00101804
0.00101705
0.00101586
0.00101445
0.00101279
0.00101086
0.00100865
0.00100611
0.00100324
0.000999996
0.000996354
0.000992275
0.000987715
0.000982626
0.000976952
0.000970634
0.000963608
0.000955806
0.000947155
0.00093758
0.000927006
0.000915355
0.000902551
0.000888519
0.000873192
0.000856509
0.00083842
0.000818889
0.000797896
0.000775443
0.000751554
0.000726278
0.000699693
0.000671902
0.00064304
0.000613267
0.000582764
0.000551737
0.000520402
0.000488988
0.000457723
0.000426835
0.000396538
0.000367031
0.000338494
0.000311082
0.00028492
0.00098992
0.000989293
0.000988557
0.000987697
0.000986691
0.000985517
0.000984153
0.000982575
0.000980757
0.000978673
0.000976297
0.000973601
0.000970554
0.000967121
0.000963266
0.000958946
0.000954114
0.000948717
0.000942698
0.000935996
0.000928544
0.000920273
0.000911111
0.000900983
0.000889815
0.000877532
0.000864062
0.00084934
0.000833304
0.000815906
0.00079711
0.000776893
0.000755256
0.00073222
0.00070783
0.000682157
0.000655301
0.000627388
0.000598572
0.000569026
0.000538948
0.000508548
0.000478046
0.000447664
0.000417624
0.000388136
0.000359395
0.000331577
0.000304836
0.000279297
0.000973344
0.000972656
0.000971866
0.000970959
0.00096992
0.000968728
0.000967362
0.0009658
0.000964018
0.000961988
0.000959683
0.000957072
0.000954123
0.000950801
0.000947067
0.000942879
0.000938188
0.000932944
0.000927091
0.000920568
0.000913311
0.000905252
0.000896319
0.00088644
0.000875541
0.00086355
0.000850395
0.000836011
0.000820339
0.000803328
0.000784943
0.000765163
0.000743984
0.000721426
0.000697533
0.000672373
0.000646042
0.000618662
0.000590383
0.000561375
0.00053183
0.000501955
0.000471964
0.000442077
0.000412512
0.000383477
0.000355164
0.000327748
0.000301382
0.000276191
0.000964357
0.000963627
0.000962799
0.000961858
0.000960788
0.000959573
0.000958193
0.000956626
0.000954849
0.000952836
0.000950558
0.000947986
0.000945084
0.000941818
0.000938147
0.000934029
0.000929415
0.000924256
0.000918494
0.000912071
0.000904922
0.00089698
0.000888175
0.000878435
0.000867687
0.000855859
0.00084288
0.000828686
0.000813216
0.000796423
0.000778269
0.000758732
0.00073781
0.00071552
0.000691905
0.000667032
0.000640994
0.000613912
0.000585932
0.000557224
0.000527975
0.00049839
0.000468683
0.00043907
0.000409767
0.00038098
0.000352903
0.000325707
0.000299545
0.000274544
0.00095918
0.000958428
0.000957577
0.000956615
0.000955526
0.000954295
0.000952902
0.000951328
0.000949549
0.00094754
0.000945273
0.000942718
0.00093984
0.000936603
0.000932968
0.000928889
0.000924321
0.00091921
0.000913503
0.000907139
0.000900054
0.000892183
0.000883454
0.000873798
0.00086314
0.00085141
0.000838537
0.000824456
0.000809109
0.000792447
0.000774431
0.000755041
0.000734272
0.000712143
0.000688694
0.000663992
0.000638129
0.000611224
0.000583421
0.000554889
0.000525815
0.000496401
0.000466859
0.000437406
0.000408255
0.000379612
0.000351669
0.0003246
0.000298554
0.000273659
0.000955747
0.000954984
0.000954123
0.000953151
0.000952053
0.000950813
0.000949415
0.000947836
0.000946056
0.00094405
0.000941789
0.000939244
0.000936381
0.000933163
0.000929549
0.000925497
0.000920959
0.000915882
0.000910211
0.000903888
0.000896848
0.000889025
0.00088035
0.000870751
0.000860156
0.000848494
0.000835694
0.000821693
0.00080643
0.000789858
0.000771938
0.000752649
0.000731987
0.000709968
0.000686633
0.000662048
0.000636304
0.000609519
0.000581838
0.000553425
0.000524468
0.000495168
0.000465736
0.000436388
0.000407337
0.000378788
0.000350933
0.000323944
0.000297973
0.000273145
0.000953013
0.000952247
0.000951383
0.000950407
0.000949306
0.000948065
0.000946665
0.000945087
0.00094331
0.000941307
0.000939053
0.000936517
0.000933665
0.000930462
0.000926866
0.000922835
0.000918321
0.000913271
0.000907631
0.00090134
0.000894337
0.000886554
0.000877923
0.000868371
0.000857828
0.000846222
0.000833483
0.000819547
0.000804354
0.000787856
0.000770015
0.000750809
0.000730233
0.000708305
0.000685063
0.000660573
0.000634926
0.000608238
0.000580653
0.000552337
0.000523473
0.000494264
0.00046492
0.000435654
0.000406681
0.000378205
0.000350417
0.00032349
0.000297574
0.000272797
0.000950483
0.000949718
0.000948853
0.000947879
0.000946779
0.00094554
0.000944143
0.000942569
0.000940796
0.000938799
0.000936553
0.000934026
0.000931187
0.000927998
0.000924419
0.000920408
0.000915915
0.000910891
0.000905278
0.000899019
0.00089205
0.000884305
0.000875715
0.000866209
0.000855714
0.000844161
0.000831479
0.000817604
0.000802477
0.000786049
0.000768282
0.000749153
0.000728659
0.000706816
0.000683661
0.00065926
0.000633703
0.000607106
0.000579611
0.000551383
0.000522606
0.00049348
0.000464215
0.000435026
0.000406124
0.000377713
0.000349985
0.000323113
0.000297248
0.000272515
0.000947942
0.000947179
0.000946317
0.000945345
0.00094425
0.000943014
0.000941622
0.000940053
0.000938287
0.000936299
0.000934061
0.000931546
0.000928719
0.000925545
0.000921984
0.000917992
0.000913522
0.000908522
0.000902938
0.00089671
0.000889776
0.000882069
0.00087352
0.000864059
0.000853614
0.000842114
0.00082949
0.000815677
0.000800617
0.000784259
0.000766567
0.000747517
0.000727106
0.000705347
0.00068228
0.000657969
0.000632503
0.000605997
0.000578592
0.000550453
0.000521763
0.00049272
0.000463535
0.000434421
0.000405589
0.000377244
0.000349576
0.000322758
0.000296941
0.000272252
0.000945318
0.000944558
0.0009437
0.000942732
0.000941641
0.000940411
0.000939025
0.000937463
0.000935705
0.000933726
0.000931499
0.000928995
0.000926182
0.000923024
0.00091948
0.000915509
0.000911062
0.000906088
0.000900533
0.000894337
0.000887438
0.00087977
0.000871264
0.00086185
0.000851456
0.000840012
0.000827447
0.000813699
0.000798707
0.000782422
0.000764808
0.00074584
0.000725513
0.000703843
0.000680867
0.000656648
0.000631275
0.000604864
0.000577552
0.000549505
0.000520904
0.000491948
0.000462845
0.000433808
0.000405049
0.000376771
0.000349164
0.000322402
0.000296635
0.00027199
0.000942621
0.000941864
0.00094101
0.000940047
0.000938961
0.000937737
0.000936358
0.000934804
0.000933054
0.000931085
0.00092887
0.000926379
0.00092358
0.000920438
0.000916913
0.000912962
0.000908538
0.000903591
0.000898065
0.000891902
0.000885039
0.000877411
0.000868949
0.000859583
0.000849242
0.000837854
0.000825351
0.000811668
0.000796747
0.000780538
0.000763003
0.000744119
0.00072388
0.0007023
0.000679418
0.000655295
0.000630018
0.000603703
0.000576488
0.000548535
0.000520026
0.000491158
0.00046214
0.000433183
0.000404498
0.000376288
0.000348744
0.000322039
0.000296323
0.000271724
0.00093992
0.000939167
0.000938318
0.00093736
0.000936279
0.000935062
0.000933689
0.000932144
0.000930403
0.000928444
0.00092624
0.000923762
0.000920978
0.000917852
0.000914345
0.000910415
0.000906015
0.000901093
0.000895596
0.000889465
0.000882639
0.00087505
0.000866632
0.000857314
0.000847025
0.000835694
0.000823253
0.000809636
0.000794786
0.000778652
0.000761197
0.000742397
0.000722245
0.000700757
0.000677968
0.00065394
0.00062876
0.000602541
0.000575422
0.000547564
0.000519147
0.000490368
0.000461434
0.000432557
0.000403946
0.000375806
0.000348325
0.000321677
0.000296013
0.000271459
0.000937349
0.0009366
0.000935755
0.000934801
0.000933726
0.000932515
0.000931149
0.000929611
0.000927879
0.00092593
0.000923737
0.000921271
0.000918501
0.000915391
0.000911902
0.000907991
0.000903613
0.000898716
0.000893247
0.000887146
0.000880353
0.000872802
0.000864426
0.000855153
0.000844914
0.000833637
0.000821254
0.0008077
0.000792917
0.000776855
0.000759476
0.000740756
0.000720688
0.000699286
0.000676586
0.000652649
0.000627561
0.000601435
0.000574407
0.000546639
0.00051831
0.000489615
0.000460762
0.000431961
0.000403422
0.000375347
0.000347926
0.000321332
0.000295717
0.000271207
0.000935118
0.000934372
0.00093353
0.000932581
0.000931511
0.000930305
0.000928945
0.000927414
0.000925689
0.000923749
0.000921565
0.000919111
0.000916352
0.000913256
0.000909782
0.000905888
0.000901529
0.000896653
0.000891207
0.000885134
0.00087837
0.000870851
0.00086251
0.000853277
0.00084308
0.00083185
0.000819518
0.000806019
0.000791294
0.000775295
0.000757982
0.000739331
0.000719335
0.000698008
0.000675386
0.000651528
0.00062652
0.000600474
0.000573526
0.000545836
0.000517583
0.000488962
0.000460179
0.000431444
0.000402966
0.000374948
0.00034758
0.000321034
0.000295461
0.000270988
0.000933543
0.000932799
0.000931961
0.000931014
0.000929948
0.000928745
0.00092739
0.000925863
0.000924144
0.000922209
0.000920033
0.000917586
0.000914836
0.000911749
0.000908286
0.000904404
0.000900058
0.000895197
0.000889768
0.000883713
0.00087697
0.000869474
0.000861158
0.000851952
0.000841786
0.000830588
0.000818292
0.000804831
0.000790148
0.000774193
0.000756927
0.000738325
0.000718381
0.000697107
0.00067454
0.000650738
0.000625787
0.000599797
0.000572906
0.000545271
0.000517071
0.000488502
0.000459769
0.00043108
0.000402646
0.000374669
0.000347337
0.000320824
0.000295281
0.000270836
0.000933095
0.000932352
0.000931514
0.000930568
0.000929502
0.000928301
0.000926947
0.000925422
0.000923704
0.000921771
0.000919596
0.000917151
0.000914404
0.000911319
0.000907859
0.000903981
0.000899638
0.000894782
0.000889357
0.000883307
0.00087657
0.00086908
0.000860772
0.000851574
0.000841416
0.000830229
0.000817943
0.000804493
0.000789823
0.00077388
0.000756628
0.00073804
0.000718112
0.000696854
0.000674302
0.000650516
0.000625582
0.000599609
0.000572733
0.000545114
0.000516931
0.000488376
0.000459657
0.000430982
0.00040256
0.000374594
0.000347273
0.000320769
0.000295235
0.000270796
0.000934467
0.000933722
0.000932881
0.000931933
0.000930864
0.000929659
0.000928301
0.000926772
0.000925049
0.000923111
0.00092093
0.000918478
0.000915723
0.00091263
0.00090916
0.000905271
0.000900917
0.000896048
0.000890608
0.000884542
0.000877787
0.000870278
0.000861947
0.000852726
0.000842542
0.000831327
0.00081901
0.000805529
0.000790823
0.000774843
0.000757551
0.000738923
0.00071895
0.000697647
0.000675049
0.000651216
0.000626232
0.000600211
0.000573287
0.00054562
0.00051739
0.00048879
0.000460028
0.000431312
0.000402852
0.000374851
0.000347497
0.000320964
0.000295403
0.000270941
0.000938694
0.000937942
0.000937094
0.000936138
0.00093506
0.000933845
0.000932475
0.000930932
0.000929195
0.00092724
0.000925041
0.000922568
0.00091979
0.00091667
0.000913171
0.00090925
0.000904859
0.000899949
0.000894464
0.000888348
0.000881538
0.000873968
0.00086557
0.000856276
0.000846012
0.00083471
0.000822299
0.000808716
0.000793902
0.000777806
0.000760391
0.000741632
0.000721524
0.000700081
0.000677337
0.000653356
0.000628222
0.00060205
0.000574976
0.000547161
0.000518787
0.000490049
0.000461154
0.000432312
0.000403735
0.000375625
0.000348172
0.000321549
0.000295906
0.000271372
0.000947351
0.000946586
0.000945724
0.000944751
0.000943653
0.000942417
0.000941023
0.000939453
0.000937686
0.000935696
0.000933459
0.000930943
0.000928117
0.000924943
0.000921384
0.000917395
0.000912929
0.000907936
0.000902359
0.00089614
0.000889216
0.000881521
0.000872986
0.00086354
0.000853112
0.000841631
0.000829026
0.000815234
0.000800195
0.000783861
0.000766192
0.000747167
0.00072678
0.000705047
0.000682005
0.000657719
0.000632277
0.000605795
0.000578414
0.000550297
0.000521629
0.000492606
0.00046344
0.000434343
0.000405527
0.000377195
0.000349539
0.000322732
0.000296924
0.000272242
0.000962918
0.000962129
0.000961239
0.000960235
0.000959104
0.000957828
0.000956391
0.000954772
0.000952949
0.000950898
0.000948591
0.000945997
0.000943083
0.000939812
0.000936143
0.000932032
0.00092743
0.000922285
0.00091654
0.000910135
0.000903005
0.000895083
0.000886298
0.000876579
0.000865852
0.000854046
0.00084109
0.000826919
0.000811475
0.000794708
0.000776581
0.000757073
0.000736182
0.000713926
0.000690346
0.000665511
0.000639514
0.000612476
0.000584543
0.000555883
0.000526686
0.000497155
0.000467504
0.000437949
0.000408705
0.000379979
0.000351962
0.000324827
0.000298725
0.000273782
0.000989484
0.000988653
0.000987716
0.000986659
0.000985468
0.000984125
0.000982611
0.000980907
0.000978988
0.000976829
0.0009744
0.000971671
0.000968605
0.000965164
0.000961305
0.000956981
0.000952143
0.000946735
0.000940698
0.00093397
0.000926483
0.000918167
0.00090895
0.000898757
0.000887514
0.000875146
0.000861583
0.000846758
0.000830613
0.0008131
0.000794184
0.000773847
0.00075209
0.000728936
0.000704435
0.00067866
0.000651714
0.000623726
0.000594852
0.000565269
0.000535175
0.000504782
0.00047431
0.000443982
0.000414018
0.000384627
0.000356002
0.000328317
0.000301723
0.000276342
0.00103424
0.00103334
0.00103232
0.00103117
0.00102988
0.00102841
0.00102677
0.00102492
0.00102283
0.00102048
0.00101784
0.00101488
0.00101155
0.00100781
0.00100362
0.000998932
0.000993684
0.00098782
0.000981278
0.00097399
0.000965885
0.000956889
0.000946925
0.000935915
0.000923782
0.000910447
0.00089584
0.000879892
0.000862546
0.000843756
0.000823491
0.000801738
0.000778506
0.000753827
0.000727762
0.000700398
0.000671851
0.000642265
0.000611811
0.000580683
0.000549091
0.000517262
0.000485427
0.00045382
0.000422666
0.000392179
0.000362556
0.000333971
0.000306571
0.000280476
0.00111094
0.00110991
0.00110874
0.00110742
0.00110594
0.00110426
0.00110238
0.00110026
0.00109787
0.00109519
0.00109217
0.00108878
0.00108497
0.00108071
0.00107592
0.00107057
0.00106459
0.00105791
0.00105046
0.00104217
0.00103296
0.00102275
0.00101145
0.000998986
0.000985269
0.000970219
0.000953762
0.000935831
0.000916369
0.000895334
0.000872705
0.000848479
0.000822678
0.000795354
0.000766586
0.000736485
0.000705191
0.000672876
0.000639735
0.000605989
0.000571872
0.000537633
0.000503521
0.000469784
0.00043666
0.000404367
0.000373106
0.000343047
0.000314335
0.000287082
0.00124877
0.00124747
0.00124601
0.00124437
0.00124252
0.00124043
0.00123808
0.00123543
0.00123246
0.00122911
0.00122536
0.00122114
0.0012164
0.0012111
0.00120517
0.00119853
0.00119112
0.00118285
0.00117365
0.00116343
0.00115209
0.00113954
0.00112569
0.00111045
0.00109371
0.00107541
0.00105545
0.00103378
0.00101034
0.000985113
0.000958087
0.000929286
0.000898761
0.000866599
0.000832919
0.000797876
0.000761657
0.00072448
0.000686589
0.000648247
0.000609731
0.000571323
0.000533301
0.000495935
0.000459474
0.000424147
0.00039015
0.000357649
0.000326774
0.000297624
0.00151885
0.00151697
0.00151485
0.00151246
0.00150977
0.00150675
0.00150334
0.00149951
0.00149521
0.00149037
0.00148495
0.00147887
0.00147206
0.00146444
0.00145592
0.00144642
0.00143583
0.00142405
0.00141098
0.00139649
0.00138048
0.00136282
0.00134342
0.00132215
0.00129892
0.00127363
0.00124623
0.00121667
0.00118491
0.00115097
0.00111489
0.00107676
0.00103669
0.000994859
0.000951469
0.000906766
0.000861032
0.000814576
0.000767727
0.000720826
0.000674216
0.000628233
0.000583194
0.000539393
0.000497088
0.000456504
0.000417822
0.000381183
0.000346683
0.000314382
0.00213349
0.00212992
0.0021259
0.00212138
0.00211629
0.00211057
0.00210414
0.00209693
0.00208884
0.00207977
0.00206962
0.00205827
0.0020456
0.00203148
0.00201575
0.00199828
0.00197891
0.00195747
0.00193382
0.00190778
0.00187921
0.00184796
0.0018139
0.00177693
0.00173697
0.00169396
0.00164792
0.00159887
0.00154691
0.0014922
0.00143495
0.00137543
0.00131398
0.00125096
0.00118681
0.00112199
0.00105698
0.000992273
0.000928363
0.000865722
0.000804794
0.000745984
0.00068965
0.000636099
0.000585583
0.000538299
0.000494395
0.00045397
0.000417087
0.000383779
)
;

boundaryField
{
    aerofoil
    {
        type            kqRWallFunction;
        value           nonuniform List<scalar> 
170
(
19.0541
13.6651
12.6229
11.7072
11.241
10.946
10.7536
10.5816
10.383
10.1481
9.93509
9.79823
9.74385
9.74715
9.78885
9.84052
9.86942
9.83498
9.7315
9.59688
9.46376
9.3688
9.34147
9.36419
9.43792
9.56495
9.74761
9.98543
10.274
10.6048
10.9692
11.3564
11.7535
12.1466
12.5213
12.8627
13.1548
13.3836
13.5395
13.6172
13.6328
13.6012
13.5239
13.4055
13.2513
13.0675
12.86
12.6344
12.3967
12.1553
11.9249
11.731
11.6167
11.6521
11.9505
12.7091
14.3519
12.387
11.9648
15.1578
4.14322
4.80794
5.09639
5.352
5.54462
5.7129
5.86134
5.99814
6.12696
6.25066
6.37138
6.49116
6.61181
6.73504
6.86333
6.99998
7.14563
7.29784
7.47049
7.72383
8.09918
8.41048
8.49748
9.74749
15.8123
4.14328
4.80798
5.09639
5.35194
5.5445
5.7127
5.86106
5.99777
6.12651
6.25014
6.37082
6.49059
6.61126
6.7345
6.86277
6.99908
7.14396
7.29438
7.46388
7.71256
8.0825
8.38818
8.48082
9.73005
15.7553
19.0226
13.6511
12.6265
11.7208
11.2614
10.9729
10.7839
10.6171
10.4193
10.1749
9.92508
9.71425
9.6055
9.58177
9.63103
9.71805
9.79616
9.81365
9.73707
9.61003
9.49917
9.4323
9.41988
9.44568
9.51477
9.63004
9.79096
9.99332
10.2374
10.5289
10.858
11.2141
11.5864
11.9652
12.3432
12.7058
13.0247
13.2833
13.4714
13.5837
13.639
13.6526
13.627
13.5686
13.4845
13.3828
13.2721
13.1606
13.0578
12.9763
12.9368
12.9738
13.1451
13.5464
14.3378
15.8047
14.3878
12.3634
11.9329
15.1107
)
;
    }
    inlet
    {
        type            fixedValue;
        value           uniform 0.01;
    }
    outlet
    {
        type            zeroGradient;
    }
    back
    {
        type            empty;
    }
    front
    {
        type            empty;
    }
}


// ************************************************************************* //
