/*--------------------------------*- C++ -*----------------------------------*\
  =========                 |
  \\      /  F ield         | OpenFOAM: The Open Source CFD Toolbox
   \\    /   O peration     | Website:  https://openfoam.org
    \\  /    A nd           | Version:  12
     \\/     M anipulation  |
\*---------------------------------------------------------------------------*/
FoamFile
{
    format      ascii;
    class       volScalarField;
    location    "500";
    object      nut;
}
// * * * * * * * * * * * * * * * * * * * * * * * * * * * * * * * * * * * * * //

dimensions      [0 2 -1 0 0 0 0];

internalField   nonuniform List<scalar> 
48000
(
5.29556e-13
2.57692e-13
2.05852e-13
1.58715e-13
1.34677e-13
1.1518e-13
1.01995e-13
9.28623e-14
8.61966e-14
8.08356e-14
7.65114e-14
7.30188e-14
7.01807e-14
6.78177e-14
6.58467e-14
6.43322e-14
6.31749e-14
6.23839e-14
6.19648e-14
6.19118e-14
6.21783e-14
6.26422e-14
6.32265e-14
6.3968e-14
6.48895e-14
6.59332e-14
6.7077e-14
6.82576e-14
6.94701e-14
7.06558e-14
7.17409e-14
7.27198e-14
7.35739e-14
7.42984e-14
7.49041e-14
7.54615e-14
7.59791e-14
7.64057e-14
7.67462e-14
7.70574e-14
7.72178e-14
7.7244e-14
7.72258e-14
7.71452e-14
7.67893e-14
7.60791e-14
7.50622e-14
7.36902e-14
7.182e-14
6.90668e-14
6.49947e-14
5.93659e-14
5.19489e-14
4.30137e-14
3.31257e-14
2.32719e-14
1.47592e-14
8.62976e-15
4.82719e-15
2.68688e-15
1.53035e-15
9.033e-16
5.52894e-16
3.50334e-16
2.29082e-16
1.53847e-16
1.05506e-16
7.33835e-17
5.12585e-17
3.5391e-17
2.41909e-17
1.62362e-17
1.0443e-17
6.63166e-18
4.25847e-18
2.82848e-18
1.95706e-18
1.43611e-18
1.10577e-18
2.96255e-18
1.03331e-10
5.0292e-11
4.01735e-11
3.09719e-11
2.62765e-11
2.24663e-11
1.98908e-11
1.81095e-11
1.68099e-11
1.57646e-11
1.49214e-11
1.42405e-11
1.36871e-11
1.32265e-11
1.28423e-11
1.25471e-11
1.23216e-11
1.21676e-11
1.20861e-11
1.2076e-11
1.21282e-11
1.22189e-11
1.2333e-11
1.24778e-11
1.26576e-11
1.28612e-11
1.30843e-11
1.33145e-11
1.35509e-11
1.3782e-11
1.39935e-11
1.41843e-11
1.43508e-11
1.44919e-11
1.461e-11
1.47186e-11
1.48195e-11
1.49027e-11
1.49691e-11
1.50297e-11
1.5061e-11
1.50661e-11
1.50626e-11
1.50468e-11
1.49773e-11
1.48387e-11
1.46403e-11
1.43725e-11
1.40075e-11
1.34699e-11
1.26749e-11
1.15759e-11
1.0128e-11
8.38398e-12
6.45444e-12
4.53235e-12
2.87286e-12
1.67888e-12
9.38728e-13
5.22397e-13
2.97525e-13
1.75625e-13
1.07507e-13
6.8128e-14
4.45547e-14
2.99261e-14
2.05257e-14
1.42776e-14
9.97286e-15
6.8851e-15
4.70596e-15
3.15791e-15
2.03087e-15
1.29037e-15
8.29679e-16
5.52214e-16
3.83218e-16
2.82492e-16
2.27552e-16
5.90476e-16
2.85149e-09
1.3885e-09
1.10703e-09
8.50282e-10
7.16095e-10
6.055e-10
5.32147e-10
4.84081e-10
4.49374e-10
4.21458e-10
3.98941e-10
3.80753e-10
3.65975e-10
3.53674e-10
3.43417e-10
3.35539e-10
3.2952e-10
3.25413e-10
3.23246e-10
3.22984e-10
3.24389e-10
3.26823e-10
3.29881e-10
3.33757e-10
3.38569e-10
3.44013e-10
3.49979e-10
3.56133e-10
3.62451e-10
3.68629e-10
3.74279e-10
3.79375e-10
3.8382e-10
3.87591e-10
3.90742e-10
3.93643e-10
3.96337e-10
3.98559e-10
4.00331e-10
4.01951e-10
4.02785e-10
4.0292e-10
4.02824e-10
4.02402e-10
4.00542e-10
3.96832e-10
3.91524e-10
3.84362e-10
3.74593e-10
3.60204e-10
3.38923e-10
3.09505e-10
2.70748e-10
2.24073e-10
1.72446e-10
1.21037e-10
7.66776e-11
4.47862e-11
2.50321e-11
1.39278e-11
7.93245e-12
4.68297e-12
2.8671e-12
1.81727e-12
1.18874e-12
7.98629e-13
5.47888e-13
3.81187e-13
2.66293e-13
1.83897e-13
1.2584e-13
8.46849e-14
5.47432e-14
3.50386e-14
2.27097e-14
1.52299e-14
1.06443e-14
7.91272e-15
6.68658e-15
1.653e-14
2.79977e-08
1.36752e-08
1.08467e-08
8.3317e-09
7.0672e-09
6.04134e-09
5.34852e-09
4.87165e-09
4.52412e-09
4.24445e-09
4.0188e-09
3.83652e-09
3.6884e-09
3.56512e-09
3.46235e-09
3.38342e-09
3.32315e-09
3.28211e-09
3.26057e-09
3.25819e-09
3.27258e-09
3.29731e-09
3.32828e-09
3.36748e-09
3.41605e-09
3.47095e-09
3.5311e-09
3.59309e-09
3.65671e-09
3.71891e-09
3.77576e-09
3.82699e-09
3.87166e-09
3.90954e-09
3.94117e-09
3.97028e-09
3.99732e-09
4.0196e-09
4.03737e-09
4.05365e-09
4.06202e-09
4.06334e-09
4.06237e-09
4.05811e-09
4.03939e-09
4.00205e-09
3.94863e-09
3.87656e-09
3.77822e-09
3.63326e-09
3.41875e-09
3.12212e-09
2.73114e-09
2.26018e-09
1.73921e-09
1.22045e-09
7.72915e-10
4.51307e-10
2.52203e-10
1.40333e-10
7.99466e-11
4.72161e-11
2.89214e-11
1.83416e-11
1.20051e-11
8.07068e-12
5.54059e-12
3.8575e-12
2.6965e-12
1.86318e-12
1.27572e-12
8.58831e-13
5.55415e-13
3.56027e-13
2.31389e-13
1.55807e-13
1.09502e-13
8.21791e-14
7.28846e-14
1.71284e-13
1.50283e-07
7.60408e-08
6.11709e-08
4.74828e-08
4.05762e-08
3.49868e-08
3.11587e-08
2.84341e-08
2.6436e-08
2.48258e-08
2.35254e-08
2.24746e-08
2.16201e-08
2.0909e-08
2.03161e-08
1.9861e-08
1.9514e-08
1.92786e-08
1.91566e-08
1.91462e-08
1.92334e-08
1.93808e-08
1.95642e-08
1.97952e-08
2.00805e-08
2.04025e-08
2.07547e-08
2.11174e-08
2.14893e-08
2.18525e-08
2.21841e-08
2.24826e-08
2.27424e-08
2.29625e-08
2.3146e-08
2.33147e-08
2.34714e-08
2.36004e-08
2.37034e-08
2.37981e-08
2.38467e-08
2.38543e-08
2.38487e-08
2.38243e-08
2.3716e-08
2.34987e-08
2.31881e-08
2.27691e-08
2.2197e-08
2.1352e-08
2.00992e-08
1.83639e-08
1.60723e-08
1.3308e-08
1.02462e-08
7.19359e-09
4.5573e-09
2.66175e-09
1.48796e-09
8.28387e-10
4.72283e-10
2.79186e-10
1.71189e-10
1.08691e-10
7.12318e-11
4.79527e-11
3.2968e-11
2.29882e-11
1.6094e-11
1.11367e-11
7.63562e-12
5.14342e-12
3.32534e-12
2.13221e-12
1.38814e-12
9.38143e-13
6.63307e-13
5.03583e-13
4.68234e-13
1.04724e-12
5.34162e-07
2.91893e-07
2.39497e-07
1.88748e-07
1.62827e-07
1.41725e-07
1.27062e-07
1.16342e-07
1.08435e-07
1.02042e-07
9.68662e-08
9.26774e-08
8.92668e-08
8.64275e-08
8.40574e-08
8.22394e-08
8.0857e-08
7.99252e-08
7.94527e-08
7.94331e-08
7.98103e-08
8.0432e-08
8.11974e-08
8.21534e-08
8.33297e-08
8.46524e-08
8.60965e-08
8.7581e-08
8.90998e-08
9.05819e-08
9.19317e-08
9.31438e-08
9.41962e-08
9.50864e-08
9.58262e-08
9.65055e-08
9.71364e-08
9.76565e-08
9.8072e-08
9.84575e-08
9.86563e-08
9.86883e-08
9.8669e-08
9.85776e-08
9.81466e-08
9.72715e-08
9.60204e-08
9.43325e-08
9.20243e-08
8.86007e-08
8.34988e-08
7.64001e-08
6.69799e-08
5.55677e-08
4.28732e-08
3.01623e-08
1.91421e-08
1.11958e-08
6.26626e-09
3.49296e-09
1.99419e-09
1.1807e-09
7.25218e-10
4.61319e-10
3.02955e-10
2.04407e-10
1.40872e-10
9.84837e-11
6.91377e-11
4.79757e-11
3.29866e-11
2.22633e-11
1.44015e-11
9.24172e-12
6.02984e-12
4.09351e-12
2.91577e-12
2.24559e-12
2.18569e-12
4.67251e-12
1.36836e-06
8.41268e-07
7.09767e-07
5.7276e-07
5.00979e-07
4.4152e-07
3.99416e-07
3.67831e-07
3.44348e-07
3.25229e-07
3.09678e-07
2.97044e-07
2.86726e-07
2.78125e-07
2.70927e-07
2.65405e-07
2.61218e-07
2.58417e-07
2.57036e-07
2.57062e-07
2.58322e-07
2.60341e-07
2.62792e-07
2.65827e-07
2.6954e-07
2.73699e-07
2.78226e-07
2.82865e-07
2.87601e-07
2.92215e-07
2.96403e-07
3.00152e-07
3.034e-07
3.06139e-07
3.08407e-07
3.10488e-07
3.12427e-07
3.14033e-07
3.15323e-07
3.16533e-07
3.1717e-07
3.17294e-07
3.17273e-07
3.17054e-07
3.15788e-07
3.13147e-07
3.09363e-07
3.04251e-07
2.97236e-07
2.8674e-07
2.70929e-07
2.48708e-07
2.18913e-07
1.82464e-07
1.41498e-07
1.0005e-07
6.37711e-08
3.74236e-08
2.0999e-08
1.173e-08
6.71016e-09
3.98105e-09
2.45061e-09
1.56252e-09
1.02881e-09
6.96136e-10
4.81262e-10
3.37612e-10
2.3791e-10
1.65741e-10
1.14422e-10
7.74648e-11
5.01745e-11
3.22454e-11
2.1101e-11
1.4406e-11
1.03553e-11
8.11648e-12
8.25807e-12
1.69944e-11
2.70181e-06
1.91333e-06
1.67209e-06
1.39502e-06
1.2439e-06
1.11484e-06
1.02105e-06
9.48664e-07
8.94203e-07
8.49342e-07
8.1253e-07
7.82419e-07
7.57691e-07
7.37005e-07
7.19601e-07
7.06242e-07
6.96124e-07
6.89404e-07
6.86192e-07
6.86478e-07
6.8983e-07
6.9506e-07
7.01323e-07
7.09005e-07
7.18354e-07
7.28787e-07
7.40094e-07
7.51629e-07
7.63386e-07
7.74824e-07
7.85162e-07
7.94397e-07
8.02388e-07
8.09114e-07
8.14668e-07
8.19779e-07
8.24586e-07
8.28622e-07
8.31904e-07
8.35038e-07
8.3678e-07
8.37285e-07
8.37499e-07
8.37325e-07
8.34583e-07
8.28503e-07
8.19712e-07
8.07753e-07
7.91219e-07
7.66032e-07
7.27282e-07
6.71751e-07
5.95848e-07
5.01208e-07
3.92621e-07
2.80429e-07
1.80322e-07
1.06532e-07
6.0055e-08
3.3655e-08
1.93008e-08
1.14771e-08
7.08069e-09
4.52535e-09
2.98743e-09
2.02733e-09
1.40617e-09
9.90154e-10
7.00722e-10
4.90288e-10
3.39961e-10
2.30907e-10
1.4972e-10
9.63589e-11
6.32601e-11
4.34718e-11
3.15908e-11
2.52933e-11
2.68736e-11
5.37361e-11
4.43648e-06
3.58453e-06
3.24969e-06
2.81836e-06
2.57138e-06
2.3515e-06
2.18666e-06
2.05538e-06
1.95504e-06
1.87099e-06
1.80114e-06
1.74341e-06
1.69564e-06
1.65538e-06
1.62123e-06
1.595e-06
1.57512e-06
1.56199e-06
1.5559e-06
1.55692e-06
1.56416e-06
1.57513e-06
1.5881e-06
1.60388e-06
1.62301e-06
1.64429e-06
1.66724e-06
1.69052e-06
1.71426e-06
1.73735e-06
1.75816e-06
1.77676e-06
1.79292e-06
1.80656e-06
1.81786e-06
1.82837e-06
1.83846e-06
1.84716e-06
1.85441e-06
1.86152e-06
1.86592e-06
1.86796e-06
1.86963e-06
1.87083e-06
1.867e-06
1.85675e-06
1.84144e-06
1.82017e-06
1.7902e-06
1.74287e-06
1.66703e-06
1.55462e-06
1.39599e-06
1.19188e-06
9.49489e-07
6.90023e-07
4.50699e-07
2.69511e-07
1.53165e-07
8.62616e-08
4.96273e-08
2.95792e-08
1.8284e-08
1.1708e-08
7.74548e-09
5.26899e-09
3.66515e-09
2.58981e-09
1.8403e-09
1.29265e-09
8.99599e-10
6.12539e-10
3.97105e-10
2.55723e-10
1.68376e-10
1.16558e-10
8.58385e-11
7.05457e-11
7.82536e-11
1.53765e-10
6.51669e-06
5.79581e-06
5.42138e-06
4.87991e-06
4.55489e-06
4.25123e-06
4.01634e-06
3.82312e-06
3.67281e-06
3.54427e-06
3.43579e-06
3.34498e-06
3.26923e-06
3.20461e-06
3.14925e-06
3.10678e-06
3.07449e-06
3.05322e-06
3.04374e-06
3.04621e-06
3.05924e-06
3.0783e-06
3.10056e-06
3.12753e-06
3.16012e-06
3.19631e-06
3.23517e-06
3.27441e-06
3.31462e-06
3.35391e-06
3.38933e-06
3.42131e-06
3.44945e-06
3.47354e-06
3.49381e-06
3.51314e-06
3.53229e-06
3.54947e-06
3.56439e-06
3.57945e-06
3.5903e-06
3.59748e-06
3.60457e-06
3.61169e-06
3.61091e-06
3.60032e-06
3.58222e-06
3.55536e-06
3.51538e-06
3.44686e-06
3.32788e-06
3.14144e-06
2.86561e-06
2.49472e-06
2.03307e-06
1.51435e-06
1.01276e-06
6.17335e-07
3.55378e-07
2.01637e-07
1.16466e-07
6.95691e-08
4.30569e-08
2.75986e-08
1.82773e-08
1.24509e-08
8.67815e-09
6.14879e-09
4.38466e-09
3.08873e-09
2.15488e-09
1.46952e-09
9.50999e-10
6.12155e-10
4.04268e-10
2.82535e-10
2.119e-10
1.80043e-10
2.08778e-10
4.08782e-10
9.05159e-06
8.46526e-06
8.08953e-06
7.50951e-06
7.14811e-06
6.79223e-06
6.50923e-06
6.26878e-06
6.07814e-06
5.91102e-06
5.76745e-06
5.64542e-06
5.54296e-06
5.45408e-06
5.37705e-06
5.31828e-06
5.27336e-06
5.24396e-06
5.23153e-06
5.23652e-06
5.25712e-06
5.28601e-06
5.31937e-06
5.35964e-06
5.40839e-06
5.4625e-06
5.52055e-06
5.57915e-06
5.63987e-06
5.69988e-06
5.75456e-06
5.80504e-06
5.85064e-06
5.89084e-06
5.92587e-06
5.96045e-06
5.99587e-06
6.02907e-06
6.05931e-06
6.09069e-06
6.11655e-06
6.13765e-06
6.15983e-06
6.18396e-06
6.19812e-06
6.20005e-06
6.19309e-06
6.17613e-06
6.14357e-06
6.071e-06
5.91972e-06
5.65886e-06
5.24583e-06
4.65904e-06
3.88863e-06
2.97627e-06
2.00857e-06
1.23273e-06
7.11142e-07
4.02019e-07
2.30489e-07
1.3651e-07
8.38653e-08
5.35328e-08
3.54734e-08
2.43426e-08
1.7243e-08
1.25528e-08
9.32387e-09
6.62286e-09
4.6311e-09
3.16593e-09
2.04489e-09
1.31705e-09
8.74964e-10
6.21374e-10
4.7929e-10
4.25464e-10
5.17786e-10
1.02956e-09
1.22793e-05
1.1611e-05
1.11957e-05
1.06279e-05
1.02702e-05
9.90057e-06
9.60091e-06
9.338e-06
9.12461e-06
8.93146e-06
8.76169e-06
8.61459e-06
8.49057e-06
8.38069e-06
8.2841e-06
8.21135e-06
8.15541e-06
8.11934e-06
8.10563e-06
8.11497e-06
8.14573e-06
8.18699e-06
8.2339e-06
8.2904e-06
8.35917e-06
8.43555e-06
8.51793e-06
8.60176e-06
8.69008e-06
8.779e-06
8.86205e-06
8.94127e-06
9.01542e-06
9.08353e-06
9.14571e-06
9.20905e-06
9.27542e-06
9.33985e-06
9.40109e-06
9.46571e-06
9.52397e-06
9.57687e-06
9.63392e-06
9.69784e-06
9.75194e-06
9.79326e-06
9.82644e-06
9.85179e-06
9.86347e-06
9.82511e-06
9.6714e-06
9.35041e-06
8.63134e-06
7.53889e-06
6.13695e-06
4.56408e-06
3.06564e-06
1.87919e-06
1.08218e-06
6.09623e-07
3.4773e-07
2.04738e-07
1.24987e-07
7.92837e-08
5.223e-08
3.56569e-08
2.51526e-08
1.82624e-08
1.357e-08
1.02245e-08
7.80107e-09
5.93887e-09
3.85109e-09
2.50055e-09
1.68731e-09
1.23479e-09
9.95134e-10
9.35649e-10
1.21101e-09
2.50726e-09
1.64106e-05
1.54198e-05
1.48081e-05
1.42366e-05
1.3892e-05
1.35341e-05
1.32458e-05
1.29869e-05
1.27628e-05
1.25484e-05
1.23571e-05
1.21891e-05
1.20483e-05
1.19219e-05
1.18092e-05
1.17266e-05
1.16633e-05
1.16252e-05
1.16153e-05
1.16351e-05
1.16841e-05
1.17478e-05
1.18188e-05
1.19043e-05
1.20027e-05
1.21113e-05
1.22299e-05
1.23527e-05
1.24843e-05
1.26198e-05
1.27507e-05
1.288e-05
1.30052e-05
1.31248e-05
1.32389e-05
1.33573e-05
1.34826e-05
1.3607e-05
1.3729e-05
1.38588e-05
1.39817e-05
1.40994e-05
1.42286e-05
1.43771e-05
1.45193e-05
1.46494e-05
1.47749e-05
1.49002e-05
1.50241e-05
1.49871e-05
1.46157e-05
1.38656e-05
1.26216e-05
1.08725e-05
8.71779e-06
6.39393e-06
4.26009e-06
2.59699e-06
1.48767e-06
8.32652e-07
4.71358e-07
2.75339e-07
1.6674e-07
1.04961e-07
6.86653e-08
4.65995e-08
3.27232e-08
2.37011e-08
1.76283e-08
1.33831e-08
1.03094e-08
7.98877e-09
6.08852e-09
4.09822e-09
2.60977e-09
1.88542e-09
1.69018e-09
1.82125e-09
2.35141e-09
3.11814e-09
2.14948e-05
2.02495e-05
1.91701e-05
1.84842e-05
1.81003e-05
1.77416e-05
1.74728e-05
1.72364e-05
1.70314e-05
1.68267e-05
1.66332e-05
1.64557e-05
1.63061e-05
1.61674e-05
1.60407e-05
1.59511e-05
1.58828e-05
1.58451e-05
1.5843e-05
1.58775e-05
1.5951e-05
1.60426e-05
1.61418e-05
1.62602e-05
1.64062e-05
1.65686e-05
1.67484e-05
1.69386e-05
1.7145e-05
1.73622e-05
1.75788e-05
1.77983e-05
1.80166e-05
1.82311e-05
1.84423e-05
1.86632e-05
1.88974e-05
1.91336e-05
1.93707e-05
1.96256e-05
1.9872e-05
2.01134e-05
2.03868e-05
2.07174e-05
2.10113e-05
2.1221e-05
2.13972e-05
2.15182e-05
2.15192e-05
2.1245e-05
2.05011e-05
1.91547e-05
1.71392e-05
1.44912e-05
1.14212e-05
8.22227e-06
5.39798e-06
3.25188e-06
1.84341e-06
1.02134e-06
5.72557e-07
3.31381e-07
1.98987e-07
1.24355e-07
8.0891e-08
5.46872e-08
3.83412e-08
2.7796e-08
2.07466e-08
1.58423e-08
1.22334e-08
9.22395e-09
5.53675e-09
3.84584e-09
3.08914e-09
2.80132e-09
2.84715e-09
3.26066e-09
4.33642e-09
4.85851e-09
2.75372e-05
2.65599e-05
2.46907e-05
2.36978e-05
2.31402e-05
2.2702e-05
2.24172e-05
2.21976e-05
2.20058e-05
2.18057e-05
2.16096e-05
2.14244e-05
2.12707e-05
2.1126e-05
2.09914e-05
2.09033e-05
2.08398e-05
2.08165e-05
2.0839e-05
2.09089e-05
2.10328e-05
2.11832e-05
2.13433e-05
2.15325e-05
2.1764e-05
2.20216e-05
2.23106e-05
2.26218e-05
2.29616e-05
2.33245e-05
2.36956e-05
2.40771e-05
2.44622e-05
2.48471e-05
2.5234e-05
2.56408e-05
2.60749e-05
2.65182e-05
2.69755e-05
2.74845e-05
2.79085e-05
2.82668e-05
2.86628e-05
2.90982e-05
2.94813e-05
2.97725e-05
2.99624e-05
2.99865e-05
2.97135e-05
2.89447e-05
2.74539e-05
2.51039e-05
2.19002e-05
1.79939e-05
1.37587e-05
9.66411e-06
6.20796e-06
3.6676e-06
2.04493e-06
1.11735e-06
6.1914e-07
3.54992e-07
2.11661e-07
1.31686e-07
8.55185e-08
5.78871e-08
4.07396e-08
2.96966e-08
2.22791e-08
1.70802e-08
1.13435e-08
8.07769e-09
6.17575e-09
5.14687e-09
4.6461e-09
4.59112e-09
5.03204e-09
6.09205e-09
8.00015e-09
6.87596e-09
3.4652e-05
3.47891e-05
3.1871e-05
3.03584e-05
2.94137e-05
2.87279e-05
2.83171e-05
2.80577e-05
2.7853e-05
2.76481e-05
2.7449e-05
2.72615e-05
2.71138e-05
2.6976e-05
2.68489e-05
2.67817e-05
2.67463e-05
2.67658e-05
2.6845e-05
2.69875e-05
2.72061e-05
2.74647e-05
2.77387e-05
2.80586e-05
2.84438e-05
2.88734e-05
2.93591e-05
2.98874e-05
3.04646e-05
3.10861e-05
3.17318e-05
3.23994e-05
3.30771e-05
3.37606e-05
3.44601e-05
3.52069e-05
3.60302e-05
3.67686e-05
3.73989e-05
3.80372e-05
3.85979e-05
3.91103e-05
3.96366e-05
4.015e-05
4.05496e-05
4.07772e-05
4.07601e-05
4.03631e-05
3.93816e-05
3.75803e-05
3.47533e-05
3.08589e-05
2.6051e-05
2.06602e-05
1.52471e-05
1.03468e-05
6.43984e-06
3.69809e-06
2.01593e-06
1.0825e-06
5.92773e-07
3.37307e-07
2.0053e-07
1.24955e-07
8.1612e-08
5.57429e-08
3.96573e-08
2.92274e-08
2.09797e-08
1.53405e-08
1.1878e-08
9.69731e-09
8.33535e-09
7.68145e-09
7.5972e-09
8.16786e-09
9.66948e-09
1.19429e-08
1.29942e-08
8.59777e-09
4.30334e-05
4.52623e-05
4.11751e-05
3.90264e-05
3.7467e-05
3.6305e-05
3.55748e-05
3.515e-05
3.48608e-05
3.46132e-05
3.43962e-05
3.4208e-05
3.40816e-05
3.39761e-05
3.38884e-05
3.38816e-05
3.39205e-05
3.40352e-05
3.42288e-05
3.45115e-05
3.49047e-05
3.5361e-05
3.58478e-05
3.64084e-05
3.70696e-05
3.78091e-05
3.86475e-05
3.95617e-05
4.05572e-05
4.16315e-05
4.27575e-05
4.3922e-05
4.51038e-05
4.62848e-05
4.73022e-05
4.83607e-05
4.94282e-05
5.03905e-05
5.12244e-05
5.19944e-05
5.26625e-05
5.32589e-05
5.37972e-05
5.42033e-05
5.43527e-05
5.41416e-05
5.34182e-05
5.19703e-05
4.95569e-05
4.59772e-05
4.11478e-05
3.52395e-05
2.86165e-05
2.18259e-05
1.54737e-05
1.00978e-05
6.02356e-06
3.32538e-06
1.75791e-06
9.26116e-07
5.02697e-07
2.85732e-07
1.70928e-07
1.07879e-07
7.17728e-08
5.01654e-08
3.64999e-08
2.69154e-08
2.10924e-08
1.73245e-08
1.49071e-08
1.35137e-08
1.29095e-08
1.30758e-08
1.40977e-08
1.63936e-08
2.02281e-08
2.17771e-08
1.63581e-08
1.00907e-08
5.29583e-05
5.81528e-05
5.29493e-05
5.02246e-05
4.79039e-05
4.60328e-05
4.47464e-05
4.39777e-05
4.34865e-05
4.31289e-05
4.28628e-05
4.26711e-05
4.25889e-05
4.25536e-05
4.2556e-05
4.26756e-05
4.28668e-05
4.31674e-05
4.35786e-05
4.41234e-05
4.48347e-05
4.56509e-05
4.65322e-05
4.75318e-05
4.86863e-05
4.99792e-05
5.14436e-05
5.30362e-05
5.47579e-05
5.65639e-05
5.82011e-05
5.98229e-05
6.13892e-05
6.28884e-05
6.43326e-05
6.57709e-05
6.71064e-05
6.82552e-05
6.91966e-05
6.99686e-05
7.0571e-05
7.10084e-05
7.12232e-05
7.10767e-05
7.04051e-05
6.90438e-05
6.67761e-05
6.33654e-05
5.86413e-05
5.25651e-05
4.52923e-05
3.73001e-05
2.91066e-05
2.13379e-05
1.4447e-05
8.93811e-06
5.04498e-06
2.65423e-06
1.35862e-06
7.05985e-07
3.83764e-07
2.21113e-07
1.35617e-07
8.87143e-08
6.18402e-08
4.55444e-08
3.56557e-08
2.9514e-08
2.5777e-08
2.36728e-08
2.27756e-08
2.29101e-08
2.40718e-08
2.64524e-08
3.03046e-08
3.56072e-08
3.78381e-08
2.92535e-08
1.76277e-08
1.17302e-08
6.48759e-05
7.33859e-05
6.74116e-05
6.43501e-05
6.12702e-05
5.85693e-05
5.64944e-05
5.51649e-05
5.43247e-05
5.37709e-05
5.34185e-05
5.32316e-05
5.32422e-05
5.3351e-05
5.35401e-05
5.39103e-05
5.43966e-05
5.50433e-05
5.58544e-05
5.68794e-05
5.81658e-05
5.96345e-05
6.1236e-05
6.30265e-05
6.49951e-05
6.69436e-05
6.90896e-05
7.13723e-05
7.37554e-05
7.61702e-05
7.85125e-05
8.07629e-05
8.28595e-05
8.47997e-05
8.66646e-05
8.83881e-05
8.98382e-05
9.096e-05
9.17313e-05
9.21693e-05
9.22857e-05
9.2023e-05
9.12375e-05
8.97285e-05
8.72987e-05
8.37548e-05
7.88949e-05
7.2583e-05
6.48785e-05
5.60183e-05
4.65045e-05
3.68998e-05
2.76847e-05
1.93386e-05
1.23598e-05
7.15532e-06
3.78114e-06
1.89405e-06
9.47912e-07
4.9424e-07
2.75417e-07
1.65862e-07
1.08445e-07
7.70789e-08
5.94188e-08
4.94125e-08
4.39473e-08
4.1389e-08
4.08913e-08
4.20298e-08
4.46774e-08
4.89105e-08
5.47798e-08
6.12688e-08
6.45382e-08
6.01134e-08
4.71863e-08
3.00418e-08
1.86855e-08
1.36996e-08
7.94839e-05
9.12886e-05
8.44568e-05
8.15236e-05
7.79712e-05
7.4501e-05
7.15478e-05
6.94467e-05
6.81274e-05
6.73141e-05
6.6873e-05
6.67603e-05
6.69923e-05
6.74086e-05
6.79811e-05
6.88511e-05
6.98998e-05
7.11627e-05
7.26727e-05
7.45512e-05
7.67261e-05
7.87681e-05
8.09775e-05
8.341e-05
8.60667e-05
8.89206e-05
9.20039e-05
9.52259e-05
9.85077e-05
0.000101763
0.000104937
0.000107893
0.000110546
0.000112892
0.000114997
0.00011671
0.000117896
0.000118526
0.00011857
0.000118021
0.000116869
0.000114973
0.000112124
0.000108105
0.000102745
9.59287e-05
8.76079e-05
7.79071e-05
6.72573e-05
5.61254e-05
4.50792e-05
3.44326e-05
2.46618e-05
1.62679e-05
9.69897e-06
5.19624e-06
2.56747e-06
1.24188e-06
6.23885e-07
3.38424e-07
2.02702e-07
1.35424e-07
1.01081e-07
8.37265e-08
7.58769e-08
7.38316e-08
7.56686e-08
8.04472e-08
8.78502e-08
9.76262e-08
1.08882e-07
1.19369e-07
1.23144e-07
1.11193e-07
8.84488e-08
6.66589e-08
4.69282e-08
2.87783e-08
2.05226e-08
1.5963e-08
9.70922e-05
0.000112143
0.000104527
0.000101702
9.78672e-05
9.42567e-05
9.06026e-05
8.76928e-05
8.58662e-05
8.48495e-05
8.44611e-05
8.4717e-05
8.5564e-05
8.66807e-05
8.80452e-05
8.99275e-05
9.16344e-05
9.32295e-05
9.51594e-05
9.75556e-05
0.000100273
0.000103103
0.000106143
0.000109461
0.000113088
0.000117063
0.000121294
0.000125641
0.000129975
0.000134185
0.000138185
0.000141765
0.000144808
0.000147285
0.000149186
0.000150308
0.000150542
0.000149883
0.000148292
0.000145733
0.000142161
0.000137379
0.0001312
0.00012348
0.000114189
0.000103457
9.15191e-05
7.89232e-05
6.61456e-05
5.35884e-05
4.15465e-05
3.04228e-05
2.069e-05
1.2784e-05
7.03786e-06
3.48007e-06
1.63576e-06
7.93264e-07
4.2293e-07
2.57263e-07
1.81487e-07
1.47711e-07
1.35715e-07
1.36659e-07
1.4606e-07
1.60837e-07
1.79005e-07
1.99215e-07
2.17079e-07
2.24231e-07
2.168e-07
1.95958e-07
1.61384e-07
1.21519e-07
8.94408e-08
6.52309e-08
4.45678e-08
2.80432e-08
2.3393e-08
1.85204e-08
0.000117931
0.000136252
0.000128033
0.000125359
0.000121345
0.000117675
0.000114177
0.000111134
0.000109077
0.000108293
0.00010851
0.000110047
0.000111672
0.000113173
0.000114778
0.000116733
0.000118611
0.000120698
0.000123217
0.000126295
0.00012973
0.000133456
0.000137462
0.000141842
0.000146653
0.000151911
0.000157426
0.000162984
0.000168395
0.000173494
0.000178113
0.000181998
0.000184988
0.000186988
0.000187898
0.000187505
0.000185751
0.000182663
0.00017821
0.000172343
0.000165026
0.000156087
0.000145521
0.000133359
0.000119865
0.000105576
9.09619e-05
7.65332e-05
6.24464e-05
4.90151e-05
3.66319e-05
2.56981e-05
1.6562e-05
9.54191e-06
4.84097e-06
2.24371e-06
1.05422e-06
5.59992e-07
3.58294e-07
2.79047e-07
2.55838e-07
2.62878e-07
2.79287e-07
3.03854e-07
3.45143e-07
3.69522e-07
3.72063e-07
3.56008e-07
3.2229e-07
2.82545e-07
2.43318e-07
2.01725e-07
1.56553e-07
1.16426e-07
8.66792e-08
6.286e-08
4.21315e-08
2.79472e-08
2.75106e-08
2.17509e-08
0.000143146
0.000163965
0.000155394
0.000152943
0.000148965
0.000145498
0.000142368
0.000139927
0.000138603
0.000138626
0.000139588
0.000141438
0.000143405
0.000145329
0.000147192
0.000149325
0.000151467
0.00015411
0.000157253
0.000161003
0.000165178
0.000169819
0.000174872
0.000180457
0.000186615
0.000193261
0.000200102
0.000206816
0.000213137
0.000218813
0.000223561
0.000227118
0.000229256
0.000229787
0.000228551
0.000225388
0.000220325
0.000213452
0.000204789
0.000194339
0.000182184
0.000168284
0.000153007
0.000136631
0.000119929
0.000103355
8.72284e-05
7.16167e-05
5.6845e-05
4.33121e-05
3.13564e-05
2.12064e-05
1.30299e-05
7.01005e-06
3.31468e-06
1.52627e-06
7.81228e-07
4.89653e-07
4.04471e-07
3.97615e-07
4.26379e-07
4.76565e-07
5.49021e-07
5.60588e-07
5.1764e-07
4.73641e-07
4.24752e-07
3.732e-07
3.23872e-07
2.79155e-07
2.3625e-07
1.91719e-07
1.47587e-07
1.11669e-07
8.37246e-08
5.99882e-08
3.98867e-08
2.86069e-08
3.37559e-08
2.61186e-08
0.000173909
0.000195678
0.000187053
0.000184913
0.000181247
0.000178347
0.000175939
0.000174431
0.00017411
0.000175108
0.000176859
0.000179042
0.000181215
0.000183415
0.000185396
0.000187644
0.000190012
0.000193063
0.000196688
0.000200988
0.000205878
0.000211475
0.0002177
0.000224657
0.000232294
0.000240358
0.00024842
0.00025601
0.000262788
0.000268395
0.00027243
0.000274643
0.000274733
0.000272431
0.000267604
0.000260232
0.000250468
0.000238531
0.000224558
0.000208717
0.000191345
0.000172664
0.000153545
0.000134485
0.000116039
9.81773e-05
8.10711e-05
6.50293e-05
5.04826e-05
3.7711e-05
2.68329e-05
1.78276e-05
1.06097e-05
5.33909e-06
1.76025e-06
7.96258e-07
5.65195e-07
5.43376e-07
5.96559e-07
6.82387e-07
7.87384e-07
7.21226e-07
6.50535e-07
5.85813e-07
5.27823e-07
4.70878e-07
4.16232e-07
3.63701e-07
3.15335e-07
2.70288e-07
2.2649e-07
1.81555e-07
1.40388e-07
1.07655e-07
8.01232e-08
5.63491e-08
3.85531e-08
3.06122e-08
4.28895e-08
3.15254e-08
0.000211036
0.000231905
0.000223541
0.000221796
0.000218721
0.000216757
0.000215435
0.000215204
0.000216144
0.00021814
0.00022048
0.00022275
0.000224785
0.000226905
0.000228721
0.000230796
0.000233174
0.000236392
0.000240339
0.000245147
0.000250854
0.000257602
0.000265227
0.000273744
0.000282893
0.000292209
0.000301106
0.000308931
0.000315306
0.000319781
0.00032186
0.000321324
0.000317824
0.000311104
0.00030117
0.000288257
0.000272677
0.000254893
0.000235198
0.000214109
0.000192254
0.00017044
0.000149212
0.000128918
0.000109366
9.0778e-05
7.35773e-05
5.81643e-05
4.48002e-05
3.35241e-05
2.41771e-05
1.62579e-05
6.64564e-06
1.93013e-06
8.68728e-07
7.14359e-07
7.7163e-07
8.99214e-07
9.61769e-07
8.66481e-07
7.84791e-07
7.11014e-07
6.41893e-07
5.78519e-07
5.17655e-07
4.61606e-07
4.06268e-07
3.54396e-07
3.061e-07
2.61543e-07
2.16597e-07
1.72369e-07
1.34722e-07
1.03172e-07
7.55853e-08
5.2806e-08
3.91075e-08
3.39594e-08
5.42106e-08
3.76028e-08
0.00025374
0.000273398
0.000265574
0.000264323
0.000262103
0.000261392
0.000261447
0.000262684
0.000264865
0.000267501
0.000269867
0.000271671
0.000273079
0.000274579
0.00027583
0.00027744
0.000279675
0.000282976
0.000287306
0.00029283
0.000299677
0.000307914
0.000317163
0.000327274
0.000337664
0.000347655
0.000356522
0.000363453
0.000368084
0.000369923
0.000368453
0.000363489
0.000354725
0.000342089
0.000325825
0.000306552
0.000284716
0.000261209
0.000236471
0.000211702
0.00018736
0.000164199
0.000141944
0.000120746
0.00010076
8.25e-05
6.63995e-05
5.26768e-05
4.13628e-05
3.22787e-05
2.45328e-05
8.56051e-06
2.21514e-06
1.03728e-06
9.57441e-07
1.10509e-06
1.19656e-06
1.05871e-06
9.39672e-07
8.5136e-07
7.74665e-07
7.01013e-07
6.31965e-07
5.67424e-07
5.10028e-07
4.51613e-07
3.96365e-07
3.44315e-07
2.98059e-07
2.52284e-07
2.06312e-07
1.64699e-07
1.29312e-07
9.77696e-08
7.06313e-08
5.10002e-08
4.15053e-08
3.80997e-08
6.80383e-08
4.46835e-08
0.000300948
0.000321167
0.000314097
0.000313477
0.000312349
0.000313062
0.000314515
0.000316959
0.000319759
0.000322169
0.000323691
0.00032433
0.000324599
0.000325071
0.000325568
0.000326714
0.00032896
0.000332595
0.000337679
0.000344361
0.000352768
0.000362747
0.000373555
0.000384831
0.000395622
0.000405084
0.000412435
0.000416834
0.000417966
0.000415371
0.000408616
0.00039757
0.00038212
0.000362552
0.000339418
0.000313841
0.000286402
0.000258616
0.000231054
0.000204618
0.000179335
0.000155216
0.000132305
0.000111029
9.18577e-05
7.5256e-05
6.14399e-05
5.04857e-05
4.23022e-05
3.55074e-05
1.16573e-05
2.75041e-06
1.32331e-06
1.31362e-06
1.45495e-06
1.31339e-06
1.17289e-06
1.02844e-06
9.31512e-07
8.46155e-07
7.6515e-07
6.87958e-07
6.20491e-07
5.6166e-07
4.99772e-07
4.40787e-07
3.84996e-07
3.36862e-07
2.89184e-07
2.41446e-07
1.96786e-07
1.58034e-07
1.23222e-07
9.1685e-08
6.68838e-08
5.12114e-08
4.51954e-08
4.35061e-08
8.77061e-08
5.297e-08
0.000355379
0.000376408
0.00037024
0.000370281
0.000370271
0.000372147
0.000374421
0.00037713
0.000379372
0.000380485
0.000380348
0.000379369
0.000378318
0.000377783
0.000377765
0.000378866
0.000381638
0.000386159
0.000392562
0.000400859
0.000411016
0.000422524
0.000434176
0.000445395
0.000454968
0.000462029
0.00046585
0.000465768
0.000461522
0.000452733
0.000439146
0.000420755
0.000397844
0.000371187
0.000341756
0.000311173
0.000280504
0.00025068
0.000222161
0.000194756
0.000168658
0.00014412
0.000121623
0.000101731
8.48635e-05
7.12506e-05
6.109e-05
5.4454e-05
4.83489e-05
1.60528e-05
3.62914e-06
1.73446e-06
1.65482e-06
1.54236e-06
1.41902e-06
1.29437e-06
1.1322e-06
1.02967e-06
9.283e-07
8.35941e-07
7.46643e-07
6.77609e-07
6.16624e-07
5.50894e-07
4.87346e-07
4.28172e-07
3.78284e-07
3.27904e-07
2.77823e-07
2.30402e-07
1.88784e-07
1.5124e-07
1.16094e-07
8.63501e-08
6.49033e-08
5.3159e-08
5.07426e-08
5.14712e-08
1.13281e-07
6.11222e-08
0.000423411
0.000440141
0.00043493
0.000435194
0.000435767
0.000437853
0.00043976
0.000441429
0.000441971
0.000441041
0.000438914
0.000436378
0.000434316
0.000433284
0.000433425
0.000435261
0.000439309
0.000445363
0.000453537
0.000463516
0.000474929
0.000486832
0.00049767
0.000506713
0.000512787
0.000515187
0.000513362
0.000506898
0.000495609
0.000479219
0.000457785
0.000431555
0.000401492
0.000368855
0.000335487
0.000302452
0.000270702
0.000239912
0.000210413
0.000182322
0.000156215
0.00013265
0.00011225
9.54193e-05
8.23545e-05
7.34378e-05
6.88087e-05
6.05695e-05
2.1157e-05
4.78588e-06
2.05516e-06
1.72125e-06
1.62009e-06
1.50493e-06
1.4066e-06
1.24442e-06
1.14604e-06
1.02408e-06
9.16156e-07
8.09417e-07
7.40105e-07
6.75108e-07
6.05245e-07
5.36007e-07
4.74132e-07
4.22425e-07
3.68782e-07
3.15749e-07
2.65545e-07
2.21384e-07
1.81108e-07
1.43282e-07
1.09211e-07
8.24864e-08
6.48313e-08
5.7656e-08
5.93197e-08
6.24078e-08
1.36599e-07
6.85738e-08
0.000506875
0.000512502
0.000508073
0.000507412
0.000507425
0.000508369
0.000508697
0.000508316
0.000506548
0.000503448
0.000499607
0.000496119
0.000493827
0.000493224
0.000494508
0.000498003
0.000504025
0.000511948
0.000521706
0.000532505
0.000543573
0.000553616
0.000561125
0.000565354
0.000565457
0.000561021
0.000551747
0.000537382
0.000517887
0.000493122
0.000463759
0.000430463
0.000395302
0.000359585
0.000324783
0.000290821
0.000257928
0.000226177
0.000196235
0.000168672
0.000144269
0.00012366
0.000107204
9.50817e-05
8.78715e-05
8.51378e-05
7.08399e-05
2.56952e-05
5.42825e-06
2.12283e-06
1.80634e-06
1.69402e-06
1.58269e-06
1.50165e-06
1.3551e-06
1.27091e-06
1.13217e-06
1.00795e-06
8.79387e-07
8.09971e-07
7.37867e-07
6.63162e-07
5.86955e-07
5.23372e-07
4.69367e-07
4.12044e-07
3.55469e-07
3.02503e-07
2.55977e-07
2.12717e-07
1.72418e-07
1.35047e-07
1.03611e-07
8.0563e-08
6.78565e-08
6.56828e-08
7.09939e-08
7.5759e-08
1.55525e-07
7.72106e-08
0.000591897
0.000592447
0.000588257
0.000585163
0.000583401
0.000582109
0.000580122
0.000577267
0.000573226
0.000568478
0.000563805
0.000560471
0.000559101
0.000560081
0.000563486
0.000569255
0.000577312
0.000586536
0.000596495
0.00060599
0.000613996
0.000619185
0.000620461
0.000617322
0.000609383
0.000596471
0.000578519
0.000555326
0.000527239
0.000494474
0.000458707
0.000421297
0.000383906
0.000347185
0.000311136
0.000275906
0.000242093
0.000210373
0.000181634
0.000156689
0.000136234
0.000120563
0.000109798
0.000104543
0.000102595
7.54967e-05
2.56068e-05
5.34475e-06
2.19915e-06
1.91168e-06
1.77166e-06
1.667e-06
1.58285e-06
1.45843e-06
1.38593e-06
1.24442e-06
1.11047e-06
9.60979e-07
8.89808e-07
8.06506e-07
7.25165e-07
6.40749e-07
5.76369e-07
5.19237e-07
4.57905e-07
3.97211e-07
3.41603e-07
2.92756e-07
2.46297e-07
2.03186e-07
1.6318e-07
1.27903e-07
9.99904e-08
8.21531e-08
7.4876e-08
7.69604e-08
8.5259e-08
9.1475e-08
1.79306e-07
8.83433e-08
0.000671321
0.000678567
0.0006738
0.000667054
0.000662662
0.000658566
0.000654105
0.000649013
0.000643428
0.000638197
0.00063408
0.000632315
0.000633078
0.000636522
0.000642366
0.000650036
0.000658899
0.000667481
0.000674914
0.000679872
0.000681443
0.000678751
0.000671312
0.000658967
0.000641674
0.000619368
0.000592226
0.000560298
0.000524689
0.000486589
0.00044745
0.000408481
0.000369671
0.00033134
0.000293852
0.000258033
0.000224847
0.000195232
0.000170166
0.000150334
0.000135874
0.000126757
0.000123178
0.00011854
7.26682e-05
2.21744e-05
4.90585e-06
2.27188e-06
2.03773e-06
1.85883e-06
1.76633e-06
1.65823e-06
1.55702e-06
1.4797e-06
1.35104e-06
1.21802e-06
1.05758e-06
9.81949e-07
8.8345e-07
7.92022e-07
6.98503e-07
6.33589e-07
5.72223e-07
5.06544e-07
4.41257e-07
3.83175e-07
3.31876e-07
2.8207e-07
2.35731e-07
1.93186e-07
1.54883e-07
1.22759e-07
1.00194e-07
8.82072e-08
8.53722e-08
9.10055e-08
1.02819e-07
1.10239e-07
2.10532e-07
1.01222e-07
0.000751541
0.00077015
0.000763994
0.000752876
0.000745477
0.00073866
0.00073226
0.000725884
0.000720131
0.000715987
0.000713886
0.000714757
0.000718184
0.000723915
0.000731156
0.000738826
0.000745723
0.000750247
0.0007514
0.00074824
0.000740349
0.000727576
0.000709929
0.0006875
0.000660377
0.000628739
0.000593226
0.000554894
0.000514797
0.000474206
0.000433175
0.000392142
0.000351328
0.000311631
0.000274052
0.000239724
0.0002097
0.000185014
0.000166339
0.000153506
0.00014591
0.000142717
0.00012838
6.34406e-05
1.73675e-05
4.22436e-06
2.34854e-06
2.18099e-06
1.95947e-06
1.88306e-06
1.73654e-06
1.65657e-06
1.55781e-06
1.4497e-06
1.32215e-06
1.16802e-06
1.08603e-06
9.70919e-07
8.64977e-07
7.61862e-07
6.95586e-07
6.28711e-07
5.5811e-07
4.87954e-07
4.27536e-07
3.73475e-07
3.20185e-07
2.70323e-07
2.25065e-07
1.84174e-07
1.48524e-07
1.21681e-07
1.05278e-07
9.8088e-08
9.89222e-08
1.08877e-07
1.24913e-07
1.31534e-07
2.41398e-07
1.15218e-07
0.000826917
0.000867415
0.000859599
0.000844012
0.000833888
0.000825169
0.00081803
0.00081181
0.000807386
0.000805518
0.000806126
0.000809515
0.000814716
0.000820885
0.000826669
0.000830646
0.000831421
0.000827722
0.000818895
0.000804797
0.00078563
0.000761836
0.000733606
0.00070129
0.000665141
0.000626273
0.000585472
0.000543775
0.000501161
0.000457934
0.000414259
0.000371008
0.000329217
0.000290225
0.000255209
0.000225302
0.000201611
0.00018471
0.00017366
0.000166506
0.000160768
0.00012648
5.03781e-05
1.24499e-05
3.64412e-06
2.44426e-06
2.33439e-06
2.07829e-06
2.01383e-06
1.82595e-06
1.76232e-06
1.63388e-06
1.54536e-06
1.41836e-06
1.28501e-06
1.19654e-06
1.06909e-06
9.45609e-07
8.32926e-07
7.6311e-07
6.89328e-07
6.12852e-07
5.37728e-07
4.74971e-07
4.17713e-07
3.60761e-07
3.07208e-07
2.59054e-07
2.15656e-07
1.7699e-07
1.46392e-07
1.25842e-07
1.14598e-07
1.11483e-07
1.1675e-07
1.32083e-07
1.50789e-07
1.53697e-07
2.69432e-07
1.31388e-07
0.000903812
0.000971525
0.000963317
0.000943807
0.000931975
0.000922633
0.000916009
0.000911079
0.000908688
0.00090902
0.000911471
0.000915444
0.000919431
0.000922066
0.000921773
0.000917226
0.000907416
0.000891871
0.00087062
0.000844325
0.000813605
0.000779211
0.0007414
0.000701178
0.000659246
0.000616444
0.000572759
0.000527975
0.000482091
0.000435801
0.000390161
0.00034666
0.000306719
0.000271596
0.000242464
0.00022051
0.000205881
0.000195975
0.000186628
0.000172685
0.000110233
3.62733e-05
8.43942e-06
3.30428e-06
2.57553e-06
2.49124e-06
2.21912e-06
2.15324e-06
1.93241e-06
1.8771e-06
1.72016e-06
1.64313e-06
1.50888e-06
1.39987e-06
1.30463e-06
1.17442e-06
1.03494e-06
9.13796e-07
8.37216e-07
7.54894e-07
6.71219e-07
5.91131e-07
5.25757e-07
4.6479e-07
4.03942e-07
3.46619e-07
2.95462e-07
2.49441e-07
2.08009e-07
1.74129e-07
1.49804e-07
1.34691e-07
1.28021e-07
1.29757e-07
1.40375e-07
1.60042e-07
1.78032e-07
1.76846e-07
3.03169e-07
1.51195e-07
0.00101454
0.00108424
0.00107978
0.00105699
0.00104476
0.00103571
0.00103002
0.00102634
0.00102508
0.00102559
0.00102666
0.00102691
0.00102455
0.0010181
0.00100639
0.000988786
0.000965111
0.000935852
0.000901715
0.000863808
0.000822936
0.000780085
0.000736153
0.000691711
0.000646934
0.000601042
0.000553716
0.000505174
0.000456343
0.00040873
0.000364036
0.000323815
0.000289285
0.000261697
0.00024224
0.000229979
0.000219005
0.000202691
0.000171079
8.40618e-05
2.3481e-05
5.8259e-06
3.19754e-06
2.74684e-06
2.64966e-06
2.38315e-06
2.29731e-06
2.05986e-06
2.00103e-06
1.8236e-06
1.74624e-06
1.59951e-06
1.50836e-06
1.40539e-06
1.28083e-06
1.1319e-06
1.00551e-06
9.19002e-07
8.26358e-07
7.33919e-07
6.48809e-07
5.80221e-07
5.14976e-07
4.49929e-07
3.88799e-07
3.34589e-07
2.85769e-07
2.41614e-07
2.04778e-07
1.77081e-07
1.58392e-07
1.48315e-07
1.47033e-07
1.54352e-07
1.69287e-07
1.90434e-07
2.06264e-07
2.0328e-07
3.47733e-07
1.74838e-07
0.00117
0.00120628
0.0012137
0.00118736
0.00117571
0.00116668
0.00116091
0.0011564
0.00115293
0.00114907
0.00114315
0.00113344
0.00111851
0.00109742
0.00107002
0.00103674
0.000998319
0.000955904
0.000910644
0.000863703
0.00081646
0.000769476
0.000723049
0.000676053
0.000627761
0.00057779
0.000526699
0.000475746
0.000426753
0.000381634
0.000341931
0.000308795
0.000283563
0.000267198
0.00025629
0.000239381
0.000209226
0.000149145
5.63728e-05
1.3853e-05
4.51005e-06
3.24713e-06
2.95357e-06
2.81165e-06
2.56961e-06
2.44501e-06
2.20948e-06
2.13414e-06
1.94605e-06
1.85618e-06
1.6968e-06
1.61207e-06
1.50074e-06
1.38387e-06
1.23318e-06
1.10653e-06
1.00882e-06
9.04569e-07
8.01917e-07
7.11484e-07
6.38764e-07
5.68612e-07
4.99007e-07
4.34036e-07
3.76717e-07
3.24926e-07
2.77988e-07
2.38364e-07
2.07637e-07
1.85729e-07
1.72482e-07
1.68291e-07
1.72933e-07
1.84703e-07
2.01504e-07
2.22705e-07
2.37971e-07
2.34669e-07
3.97071e-07
2.01553e-07
0.0013574
0.00133494
0.00136675
0.00133488
0.00132382
0.0013125
0.00130342
0.00129351
0.00128204
0.0012672
0.00124735
0.00122124
0.00118849
0.00114937
0.0011049
0.00105643
0.00100534
0.000952955
0.000900966
0.000850156
0.000801009
0.000752526
0.000703311
0.000652404
0.000599879
0.000546571
0.00049411
0.000444555
0.00039993
0.000361653
0.000330743
0.000308565
0.000295271
0.0002824
0.000251315
0.000199221
0.000110228
3.34628e-05
8.13131e-06
4.07446e-06
3.38318e-06
3.18703e-06
2.98397e-06
2.77489e-06
2.59906e-06
2.37919e-06
2.27684e-06
2.08663e-06
1.97373e-06
1.80531e-06
1.71645e-06
1.59635e-06
1.48287e-06
1.33535e-06
1.21271e-06
1.10529e-06
9.89799e-07
8.76248e-07
7.79925e-07
7.01884e-07
6.26111e-07
5.51546e-07
4.8267e-07
4.22132e-07
3.67206e-07
3.17395e-07
2.75051e-07
2.41541e-07
2.16742e-07
2.00633e-07
1.9371e-07
1.95736e-07
2.05059e-07
2.19111e-07
2.36703e-07
2.59158e-07
2.75092e-07
2.70348e-07
4.4267e-07
2.31266e-07
0.00154463
0.00146207
0.00153388
0.00149218
0.00148028
0.00146199
0.00144417
0.00142225
0.00139569
0.00136297
0.00132335
0.00127686
0.00122454
0.00116789
0.00110889
0.00104924
0.000990909
0.000934856
0.00088169
0.000830698
0.000780105
0.000728398
0.000674899
0.000620017
0.000565037
0.00051185
0.000462709
0.000419604
0.000383681
0.000355677
0.00033685
0.000325074
0.000303094
0.000247073
0.000167465
6.87705e-05
1.79779e-05
5.57457e-06
4.08963e-06
3.57134e-06
3.43571e-06
3.17346e-06
2.99354e-06
2.76427e-06
2.56522e-06
2.43003e-06
2.24251e-06
2.10039e-06
1.92692e-06
1.82664e-06
1.69785e-06
1.58049e-06
1.43684e-06
1.31957e-06
1.2056e-06
1.08119e-06
9.57587e-07
8.54822e-07
7.70152e-07
6.87957e-07
6.07997e-07
5.35094e-07
4.71153e-07
4.12925e-07
3.60149e-07
3.15107e-07
2.78981e-07
2.51555e-07
2.32874e-07
2.2347e-07
2.23013e-07
2.29918e-07
2.42008e-07
2.5759e-07
2.77024e-07
3.01648e-07
3.16678e-07
3.08876e-07
4.86383e-07
2.65621e-07
0.00171367
0.0015743
0.00170092
0.00164316
0.00162734
0.00159568
0.00156259
0.00152191
0.00147437
0.00141962
0.00135845
0.00129233
0.00122366
0.00115462
0.00108793
0.00102495
0.000966375
0.000911554
0.000858598
0.000805668
0.000751314
0.000695316
0.000638532
0.000582599
0.000529641
0.000481999
0.000441478
0.00040866
0.000383754
0.00036746
0.000352775
0.000309322
0.000219817
0.000118651
3.69019e-05
9.73202e-06
4.81044e-06
4.27718e-06
3.80022e-06
3.69e-06
3.38426e-06
3.21978e-06
2.94536e-06
2.76342e-06
2.59524e-06
2.41023e-06
2.23778e-06
2.06208e-06
1.94597e-06
1.80837e-06
1.68088e-06
1.53875e-06
1.42473e-06
1.307e-06
1.17696e-06
1.04574e-06
9.36509e-07
8.44106e-07
7.54683e-07
6.68888e-07
5.9175e-07
5.24144e-07
4.62433e-07
4.06601e-07
3.58867e-07
3.2024e-07
2.90387e-07
2.69379e-07
2.57736e-07
2.5502e-07
2.59631e-07
2.69734e-07
2.84134e-07
3.02207e-07
3.23976e-07
3.48988e-07
3.60715e-07
3.50842e-07
5.36625e-07
3.06627e-07
0.00187264
0.00165612
0.00184519
0.00176511
0.00174107
0.00168995
0.00163641
0.00157323
0.00150324
0.00142768
0.00134905
0.00126971
0.00119316
0.00112154
0.00105602
0.000996069
0.000939593
0.00088452
0.000828952
0.000772014
0.000713904
0.000655931
0.000599991
0.000548357
0.000503355
0.000466334
0.000436793
0.000414028
0.000397055
0.000370531
0.000288959
0.000169572
6.91104e-05
1.79896e-05
6.52585e-06
4.79467e-06
4.51678e-06
4.0643e-06
3.94561e-06
3.61763e-06
3.44941e-06
3.14504e-06
2.97076e-06
2.77375e-06
2.58697e-06
2.38719e-06
2.21007e-06
2.0764e-06
1.92908e-06
1.78767e-06
1.64413e-06
1.52915e-06
1.40834e-06
1.2752e-06
1.13963e-06
1.02468e-06
9.24046e-07
8.26797e-07
7.34779e-07
6.5312e-07
5.81522e-07
5.16125e-07
4.57145e-07
4.06721e-07
3.65673e-07
3.33545e-07
3.10412e-07
2.96741e-07
2.9199e-07
2.9454e-07
3.02747e-07
3.15839e-07
3.33424e-07
3.54078e-07
3.76187e-07
3.98903e-07
4.07805e-07
3.99151e-07
5.95221e-07
3.54352e-07
0.0020348
0.00169436
0.00194022
0.00183473
0.00179854
0.00172536
0.00165065
0.00156705
0.0014797
0.00139095
0.00130492
0.00122417
0.00115064
0.00108446
0.00102353
0.000965464
0.000908006
0.000849847
0.000790623
0.000731142
0.000672985
0.000618167
0.00056901
0.000527683
0.000494517
0.000467088
0.000442947
0.000418617
0.000363752
0.000234617
0.000108555
3.35329e-05
9.50517e-06
5.75642e-06
5.02831e-06
4.77507e-06
4.35632e-06
4.20324e-06
3.87202e-06
3.68159e-06
3.36325e-06
3.1856e-06
2.96618e-06
2.77105e-06
2.54937e-06
2.36969e-06
2.21852e-06
2.06016e-06
1.9034e-06
1.75594e-06
1.63586e-06
1.51063e-06
1.37497e-06
1.23775e-06
1.11841e-06
1.00987e-06
9.04656e-07
8.06203e-07
7.19703e-07
6.43752e-07
5.74451e-07
5.12226e-07
4.5911e-07
4.15698e-07
3.8141e-07
3.56316e-07
3.40803e-07
3.34217e-07
3.34939e-07
3.41473e-07
3.53259e-07
3.70125e-07
3.90647e-07
4.11654e-07
4.31601e-07
4.52232e-07
4.61625e-07
4.55825e-07
6.54817e-07
4.07404e-07
0.00221483
0.00168247
0.0019653
0.00183728
0.00178792
0.00169645
0.0016065
0.00151143
0.00141858
0.00133008
0.00124903
0.00117625
0.00111016
0.00104847
0.000988642
0.000928922
0.000868491
0.000807717
0.000747885
0.000690749
0.000638234
0.000592571
0.000555403
0.000525103
0.000495696
0.000462588
0.000419076
0.000312858
0.000157131
5.59725e-05
1.52261e-05
6.90681e-06
5.79918e-06
5.34161e-06
5.04948e-06
4.66783e-06
4.46698e-06
4.14361e-06
3.91873e-06
3.59823e-06
3.40764e-06
3.17211e-06
2.96234e-06
2.72448e-06
2.53987e-06
2.37219e-06
2.2013e-06
2.02954e-06
1.87621e-06
1.74785e-06
1.6162e-06
1.47694e-06
1.33907e-06
1.21652e-06
1.1011e-06
9.88381e-07
8.83575e-07
7.91969e-07
7.1132e-07
6.37904e-07
5.72342e-07
5.16524e-07
4.70786e-07
4.34429e-07
4.07511e-07
3.90321e-07
3.82086e-07
3.81187e-07
3.86271e-07
3.96925e-07
4.12984e-07
4.33098e-07
4.54164e-07
4.73162e-07
4.91457e-07
5.1321e-07
5.24688e-07
5.19602e-07
7.10406e-07
4.66395e-07
0.00241209
0.00162483
0.00191777
0.00177644
0.0017181
0.00161944
0.00152719
0.0014346
0.00134895
0.00127058
0.00119925
0.00113341
0.00107071
0.00100915
0.000947486
0.000885562
0.000824307
0.000765365
0.000710437
0.000661152
0.000619351
0.000585536
0.000554012
0.000513449
0.000459653
0.000375057
0.000217205
8.36102e-05
2.4216e-05
8.77204e-06
6.58062e-06
6.0493e-06
5.68402e-06
5.34245e-06
4.99158e-06
4.74183e-06
4.42797e-06
4.16456e-06
3.84783e-06
3.63784e-06
3.39049e-06
3.1619e-06
2.91258e-06
2.72011e-06
2.5371e-06
2.35249e-06
2.16701e-06
2.00634e-06
1.86764e-06
1.72742e-06
1.58283e-06
1.44376e-06
1.31827e-06
1.19711e-06
1.07785e-06
9.67137e-07
8.70312e-07
7.84707e-07
7.07008e-07
6.38033e-07
5.795e-07
5.31462e-07
4.93108e-07
4.64485e-07
4.45768e-07
4.3606e-07
4.33733e-07
4.3757e-07
4.47281e-07
4.6265e-07
4.82223e-07
5.03102e-07
5.22464e-07
5.40172e-07
5.60092e-07
5.84372e-07
5.95072e-07
5.88349e-07
7.67234e-07
5.34772e-07
0.00261569
0.00154096
0.00182425
0.00168149
0.00162292
0.00152969
0.00144642
0.00136495
0.00129
0.00122016
0.00115421
0.00109044
0.00102741
0.000964518
0.000902176
0.000841724
0.000784894
0.000732948
0.000686838
0.000647805
0.000613465
0.000571011
0.000504664
0.00041242
0.000270467
0.000115747
3.54609e-05
1.16525e-05
7.47593e-06
6.83858e-06
6.37403e-06
6.04513e-06
5.65745e-06
5.32342e-06
5.03148e-06
4.72172e-06
4.42223e-06
4.11006e-06
3.87774e-06
3.61997e-06
3.37102e-06
3.11342e-06
2.91037e-06
2.71274e-06
2.5137e-06
2.31607e-06
2.14688e-06
1.99658e-06
1.84615e-06
1.69472e-06
1.5529e-06
1.42386e-06
1.2976e-06
1.17286e-06
1.05696e-06
9.55031e-07
8.64367e-07
7.82299e-07
7.09876e-07
6.48623e-07
5.98302e-07
5.58018e-07
5.27798e-07
5.0769e-07
4.9667e-07
4.93104e-07
4.95893e-07
5.04844e-07
5.19667e-07
5.38782e-07
5.59333e-07
5.7886e-07
5.97344e-07
6.17001e-07
6.39775e-07
6.63118e-07
6.69718e-07
6.63618e-07
8.32591e-07
6.14603e-07
0.00281194
0.00144982
0.00172666
0.0015882
0.00153607
0.00145287
0.0013796
0.00130707
0.00123868
0.00117259
0.00110806
0.00104429
0.000981205
0.000919615
0.000861128
0.000807043
0.00075753
0.000712562
0.000671701
0.000627291
0.000557623
0.000445988
0.000301906
0.000144303
4.7621e-05
1.50111e-05
8.83301e-06
7.67971e-06
7.26782e-06
6.79484e-06
6.45787e-06
6.01834e-06
5.67265e-06
5.34223e-06
5.02566e-06
4.69503e-06
4.38411e-06
4.12928e-06
3.86005e-06
3.59111e-06
3.32674e-06
3.11109e-06
2.89895e-06
2.68516e-06
2.47678e-06
2.29814e-06
2.13551e-06
1.97381e-06
1.81449e-06
1.66808e-06
1.53427e-06
1.40292e-06
1.27343e-06
1.15308e-06
1.04635e-06
9.50716e-07
8.64314e-07
7.88467e-07
7.24509e-07
6.71933e-07
6.29786e-07
5.98073e-07
5.76704e-07
5.64525e-07
5.599e-07
5.61842e-07
5.70214e-07
5.84631e-07
6.03398e-07
6.23692e-07
6.43253e-07
6.62357e-07
6.83092e-07
7.05688e-07
7.27725e-07
7.46141e-07
7.50725e-07
7.50267e-07
9.06064e-07
7.04638e-07
0.00296969
0.0013476
0.00164773
0.00150837
0.00146444
0.00138879
0.00132212
0.00125441
0.00118893
0.00112435
0.00106081
0.000998529
0.000938537
0.000882157
0.00082972
0.000779471
0.000729079
0.000675775
0.000605335
0.000484351
0.000319742
0.000161322
5.70425e-05
1.84736e-05
1.06701e-05
9.13453e-06
8.41488e-06
7.96085e-06
7.4496e-06
7.05557e-06
6.52431e-06
6.10669e-06
5.7161e-06
5.36669e-06
5.00165e-06
4.68147e-06
4.40213e-06
4.11734e-06
3.82832e-06
3.55598e-06
3.32552e-06
3.09699e-06
2.86791e-06
2.64934e-06
2.46036e-06
2.28501e-06
2.11143e-06
1.94349e-06
1.79093e-06
1.6509e-06
1.51395e-06
1.37997e-06
1.25567e-06
1.1445e-06
1.04416e-06
9.53594e-07
8.74425e-07
8.07813e-07
7.53027e-07
7.09097e-07
6.76001e-07
6.535e-07
6.40309e-07
6.34796e-07
6.36091e-07
6.44073e-07
6.58225e-07
6.76753e-07
6.96897e-07
7.16573e-07
7.36202e-07
7.57953e-07
7.81767e-07
8.03797e-07
8.21777e-07
8.37814e-07
8.4645e-07
8.52902e-07
9.85638e-07
8.06962e-07
0.0020353
0.00121555
0.00158705
0.00143601
0.0014022
0.00133069
0.00126812
0.00120299
0.00113957
0.00107689
0.0010156
0.000956383
0.000900125
0.00084473
0.000784507
0.000715589
0.000633664
0.000509974
0.000330669
0.000164606
6.12562e-05
2.08361e-05
1.24636e-05
1.08579e-05
1.00946e-05
9.37274e-06
8.83166e-06
8.26283e-06
7.78355e-06
7.19624e-06
6.71462e-06
6.25791e-06
5.84862e-06
5.43327e-06
5.07832e-06
4.75872e-06
4.44375e-06
4.12688e-06
3.83746e-06
3.58464e-06
3.32487e-06
3.0737e-06
2.84113e-06
2.6389e-06
2.44948e-06
2.26201e-06
2.08431e-06
1.92411e-06
1.77598e-06
1.63241e-06
1.49357e-06
1.36536e-06
1.24995e-06
1.1452e-06
1.05072e-06
9.684e-07
8.99229e-07
8.4231e-07
7.96695e-07
7.62335e-07
7.38835e-07
7.24779e-07
7.18555e-07
7.19396e-07
7.27175e-07
7.41216e-07
7.59629e-07
7.79766e-07
7.99774e-07
8.20305e-07
8.43715e-07
8.69846e-07
8.93762e-07
9.12514e-07
9.29314e-07
9.48084e-07
9.60336e-07
9.69467e-07
1.07199e-06
9.25469e-07
0.00111007
0.00104269
0.00152828
0.00135847
0.00134034
0.00127105
0.00121238
0.00114921
0.00108717
0.00102471
0.000962863
0.000899962
0.000829869
0.000744061
0.000638258
0.000500981
0.000320161
0.000154892
5.84459e-05
2.17858e-05
1.40723e-05
1.26704e-05
1.17665e-05
1.10107e-05
1.02846e-05
9.68386e-06
9.08098e-06
8.53331e-06
7.88894e-06
7.33536e-06
6.82011e-06
6.35318e-06
5.8959e-06
5.51036e-06
5.15679e-06
4.80986e-06
4.46452e-06
4.15343e-06
3.87425e-06
3.58758e-06
3.31335e-06
3.06349e-06
2.84421e-06
2.63681e-06
2.43446e-06
2.24516e-06
2.075e-06
1.91626e-06
1.76409e-06
1.61873e-06
1.48563e-06
1.3653e-06
1.25596e-06
1.15742e-06
1.07186e-06
9.99996e-07
9.40862e-07
8.9353e-07
8.57976e-07
8.33584e-07
8.18795e-07
8.12034e-07
8.12634e-07
8.20428e-07
8.34614e-07
8.53339e-07
8.74161e-07
8.95216e-07
9.17366e-07
9.42735e-07
9.70917e-07
9.97417e-07
1.01874e-06
1.03781e-06
1.05971e-06
1.08141e-06
1.09276e-06
1.10397e-06
1.17655e-06
1.06967e-06
0.000534367
0.000834641
0.00142581
0.00124947
0.00125769
0.00119073
0.00113607
0.00107077
0.00100281
0.00092872
0.00084668
0.000745508
0.00061294
0.000451119
0.000275162
0.000129408
4.92155e-05
2.15512e-05
1.44758e-05
1.35763e-05
1.36716e-05
1.28496e-05
1.20855e-05
1.13551e-05
1.0704e-05
1.00651e-05
9.45102e-06
8.74591e-06
8.10769e-06
7.52152e-06
6.9834e-06
6.47437e-06
6.04254e-06
5.64371e-06
5.25528e-06
4.87624e-06
4.53707e-06
4.21809e-06
3.9002e-06
3.59736e-06
3.32538e-06
3.08494e-06
2.85569e-06
2.63485e-06
2.43149e-06
2.24906e-06
2.07678e-06
1.91382e-06
1.75964e-06
1.62015e-06
1.49361e-06
1.37875e-06
1.27606e-06
1.18691e-06
1.1122e-06
1.05077e-06
1.00164e-06
9.64743e-07
9.39446e-07
9.2399e-07
9.16877e-07
9.17491e-07
9.25702e-07
9.40491e-07
9.59949e-07
9.81794e-07
1.00464e-06
1.02932e-06
1.05791e-06
1.08976e-06
1.12015e-06
1.14552e-06
1.16883e-06
1.19517e-06
1.22217e-06
1.24053e-06
1.24941e-06
1.2685e-06
1.3095e-06
1.24601e-06
0.000236582
0.000594585
0.00119822
0.00105664
0.00110102
0.00103577
0.000977665
0.000894565
0.000800356
0.000683323
0.000532736
0.000359839
0.000202335
9.16798e-05
3.70249e-05
1.92291e-05
1.49112e-05
1.44242e-05
1.45372e-05
1.4715e-05
1.40677e-05
1.3296e-05
1.25635e-05
1.18827e-05
1.12161e-05
1.05492e-05
9.79049e-06
9.06463e-06
8.3989e-06
7.78001e-06
7.20843e-06
6.71713e-06
6.26171e-06
5.82088e-06
5.39912e-06
5.0218e-06
4.65564e-06
4.29321e-06
3.9542e-06
3.65272e-06
3.3848e-06
3.12665e-06
2.8822e-06
2.66046e-06
2.46201e-06
2.27132e-06
2.09475e-06
1.92766e-06
1.77893e-06
1.64332e-06
1.521e-06
1.41287e-06
1.31886e-06
1.24029e-06
1.1752e-06
1.12416e-06
1.08536e-06
1.05882e-06
1.04281e-06
1.03555e-06
1.03628e-06
1.04543e-06
1.06155e-06
1.08277e-06
1.10702e-06
1.13309e-06
1.1619e-06
1.19541e-06
1.23269e-06
1.26874e-06
1.30006e-06
1.3298e-06
1.3627e-06
1.39635e-06
1.42201e-06
1.43484e-06
1.44719e-06
1.47944e-06
1.47832e-06
1.4631e-06
9.02294e-05
0.00032673
0.000775433
0.000716358
0.00077898
0.000707605
0.000627351
0.000507404
0.000368916
0.000228946
0.000119349
5.37941e-05
2.71351e-05
1.74545e-05
1.55686e-05
1.54363e-05
1.55786e-05
1.5743e-05
1.58902e-05
1.54284e-05
1.46412e-05
1.39012e-05
1.31981e-05
1.25052e-05
1.17994e-05
1.10031e-05
1.01981e-05
9.45599e-06
8.75881e-06
8.1217e-06
7.5638e-06
7.04312e-06
6.54073e-06
6.06703e-06
5.64137e-06
5.21566e-06
4.79863e-06
4.41451e-06
4.07466e-06
3.7712e-06
3.47457e-06
3.19939e-06
2.95303e-06
2.72647e-06
2.51737e-06
2.32321e-06
2.138e-06
1.97607e-06
1.82706e-06
1.69387e-06
1.5782e-06
1.47702e-06
1.39274e-06
1.32205e-06
1.26814e-06
1.22604e-06
1.19736e-06
1.18043e-06
1.17371e-06
1.17489e-06
1.18519e-06
1.20384e-06
1.22834e-06
1.25681e-06
1.28815e-06
1.32328e-06
1.36406e-06
1.40925e-06
1.45343e-06
1.49318e-06
1.53208e-06
1.57456e-06
1.61695e-06
1.65122e-06
1.67393e-06
1.68724e-06
1.70767e-06
1.75167e-06
1.69413e-06
1.73862e-06
2.43091e-05
0.000103894
0.00026341
0.000268739
0.000287026
0.000227194
0.000162003
9.67779e-05
5.19019e-05
3.10894e-05
2.01163e-05
1.70439e-05
1.6562e-05
1.66244e-05
1.67761e-05
1.69249e-05
1.70547e-05
1.71633e-05
1.69777e-05
1.61768e-05
1.54215e-05
1.46938e-05
1.39689e-05
1.32266e-05
1.24001e-05
1.15151e-05
1.06942e-05
9.92005e-06
9.21601e-06
8.58875e-06
7.99884e-06
7.43089e-06
6.9e-06
6.41893e-06
5.92343e-06
5.44352e-06
5.00639e-06
4.62022e-06
4.274e-06
3.92932e-06
3.61604e-06
3.33796e-06
3.07776e-06
2.84041e-06
2.62271e-06
2.41249e-06
2.23183e-06
2.06305e-06
1.91382e-06
1.78335e-06
1.67531e-06
1.58243e-06
1.50284e-06
1.44225e-06
1.39655e-06
1.36447e-06
1.34596e-06
1.33752e-06
1.34302e-06
1.35415e-06
1.37695e-06
1.40685e-06
1.44206e-06
1.48149e-06
1.52599e-06
1.57728e-06
1.63367e-06
1.68922e-06
1.74048e-06
1.79167e-06
1.84731e-06
1.90212e-06
1.94662e-06
1.9805e-06
2.00785e-06
2.02518e-06
2.04978e-06
2.1034e-06
1.97689e-06
2.09851e-06
7.73551e-06
1.68052e-05
3.12943e-05
3.44217e-05
3.51064e-05
2.96554e-05
2.63114e-05
2.0369e-05
1.83472e-05
1.78914e-05
1.78936e-05
1.80111e-05
1.81419e-05
1.8262e-05
1.83663e-05
1.8453e-05
1.85214e-05
1.85718e-05
1.79663e-05
1.71896e-05
1.643e-05
1.5664e-05
1.48818e-05
1.40308e-05
1.30572e-05
1.21494e-05
1.12941e-05
1.05172e-05
9.81478e-06
9.1497e-06
8.51095e-06
7.91664e-06
7.37369e-06
6.80032e-06
6.2517e-06
5.7556e-06
5.31648e-06
4.92088e-06
4.51864e-06
4.15994e-06
3.84293e-06
3.54001e-06
3.26762e-06
3.02034e-06
2.77741e-06
2.57311e-06
2.37717e-06
2.20533e-06
2.0562e-06
1.93544e-06
1.82169e-06
1.73885e-06
1.66644e-06
1.61349e-06
1.57529e-06
1.55401e-06
1.54447e-06
1.55089e-06
1.57005e-06
1.59611e-06
1.63416e-06
1.67934e-06
1.73041e-06
1.78805e-06
1.85381e-06
1.92548e-06
1.99643e-06
2.06319e-06
2.13063e-06
2.20352e-06
2.27529e-06
2.33438e-06
2.38048e-06
2.42333e-06
2.45983e-06
2.47383e-06
2.4975e-06
2.56663e-06
2.35335e-06
2.5725e-06
7.41231e-06
1.23702e-05
1.61954e-05
1.91188e-05
2.01418e-05
1.97136e-05
1.95357e-05
1.95088e-05
1.95552e-05
1.96264e-05
1.97015e-05
1.97723e-05
1.98347e-05
1.98861e-05
1.99249e-05
1.99504e-05
1.99621e-05
1.99602e-05
1.92956e-05
1.84983e-05
1.76822e-05
1.6853e-05
1.60534e-05
1.4908e-05
1.39003e-05
1.2954e-05
1.20936e-05
1.13064e-05
1.05575e-05
9.84042e-06
9.17415e-06
8.55971e-06
7.89598e-06
7.2676e-06
6.7019e-06
6.19956e-06
5.74516e-06
5.27383e-06
4.86115e-06
4.49715e-06
4.14167e-06
3.82709e-06
3.54393e-06
3.26031e-06
3.01153e-06
2.79678e-06
2.59548e-06
2.42166e-06
2.27457e-06
2.14622e-06
2.05264e-06
1.96489e-06
1.90011e-06
1.85334e-06
1.82749e-06
1.82162e-06
1.82551e-06
1.85097e-06
1.89015e-06
1.93345e-06
1.99227e-06
2.05905e-06
2.13428e-06
2.21927e-06
2.31118e-06
2.40253e-06
2.48976e-06
2.57863e-06
2.67399e-06
2.7679e-06
2.84732e-06
2.9112e-06
2.97017e-06
3.02741e-06
3.06491e-06
3.06636e-06
3.09288e-06
3.18789e-06
2.85374e-06
3.19724e-06
7.9573e-06
1.31589e-05
1.64044e-05
1.95055e-05
2.19652e-05
2.17197e-05
2.15878e-05
2.1524e-05
2.14938e-05
2.14814e-05
2.14762e-05
2.14719e-05
2.14641e-05
2.14503e-05
2.14293e-05
2.14001e-05
2.13619e-05
2.1315e-05
2.10093e-05
2.01367e-05
1.92507e-05
1.83898e-05
1.7173e-05
1.60462e-05
1.49919e-05
1.40306e-05
1.31427e-05
1.22955e-05
1.14875e-05
1.07365e-05
1.00383e-05
9.27019e-06
8.54853e-06
7.89929e-06
7.31987e-06
6.79378e-06
6.23845e-06
5.76022e-06
5.33867e-06
4.91854e-06
4.55292e-06
4.22661e-06
3.89321e-06
3.60159e-06
3.35328e-06
3.11621e-06
2.91137e-06
2.73811e-06
2.58307e-06
2.47663e-06
2.36805e-06
2.28715e-06
2.22902e-06
2.19695e-06
2.19088e-06
2.19628e-06
2.22993e-06
2.28099e-06
2.35861e-06
2.41378e-06
2.50121e-06
2.59941e-06
2.70951e-06
2.82784e-06
2.94578e-06
3.05975e-06
3.17656e-06
3.30106e-06
3.4234e-06
3.52938e-06
3.61882e-06
3.70169e-06
3.77949e-06
3.84184e-06
3.87089e-06
3.86034e-06
3.89704e-06
4.02285e-06
3.51651e-06
4.02786e-06
8.81892e-06
1.44843e-05
1.72731e-05
2.06439e-05
2.3709e-05
2.38195e-05
2.35843e-05
2.34263e-05
2.33098e-05
2.3218e-05
2.31394e-05
2.30672e-05
2.2997e-05
2.29265e-05
2.2854e-05
2.27783e-05
2.26987e-05
2.26157e-05
2.253e-05
2.22151e-05
2.12782e-05
1.99924e-05
1.87218e-05
1.75357e-05
1.64491e-05
1.54374e-05
1.4471e-05
1.35525e-05
1.26977e-05
1.18978e-05
1.10067e-05
1.01742e-05
9.42433e-06
8.75076e-06
8.13629e-06
7.47743e-06
6.91779e-06
6.42411e-06
5.92327e-06
5.49507e-06
5.07803e-06
4.72028e-06
4.3759e-06
4.08769e-06
3.80813e-06
3.56674e-06
3.36175e-06
3.1725e-06
3.03891e-06
2.91603e-06
2.81467e-06
2.74253e-06
2.70303e-06
2.69721e-06
2.70542e-06
2.75018e-06
2.81711e-06
2.90349e-06
3.02425e-06
3.12377e-06
3.23324e-06
3.3761e-06
3.52887e-06
3.68143e-06
3.83018e-06
3.98326e-06
4.14534e-06
4.30393e-06
4.44327e-06
4.56553e-06
4.68272e-06
4.79144e-06
4.87662e-06
4.93451e-06
4.95866e-06
4.93837e-06
4.98336e-06
5.14131e-06
4.39755e-06
5.14488e-06
1.00533e-05
1.63595e-05
1.87927e-05
2.24952e-05
2.56747e-05
2.56835e-05
2.53631e-05
2.51278e-05
2.49408e-05
2.47838e-05
2.46449e-05
2.45174e-05
2.43971e-05
2.42812e-05
2.41678e-05
2.40559e-05
2.39449e-05
2.3835e-05
2.37257e-05
2.36175e-05
2.3511e-05
2.20903e-05
2.07423e-05
1.94999e-05
1.83349e-05
1.72214e-05
1.6166e-05
1.51813e-05
1.42549e-05
1.32162e-05
1.22489e-05
1.1376e-05
1.05874e-05
9.86484e-06
9.07915e-06
8.41797e-06
7.83349e-06
7.23169e-06
6.72447e-06
6.22535e-06
5.80374e-06
5.39238e-06
5.05627e-06
4.72596e-06
4.44181e-06
4.20061e-06
3.97226e-06
3.80317e-06
3.67228e-06
3.53768e-06
3.46927e-06
3.40173e-06
3.39758e-06
3.43162e-06
3.47186e-06
3.56063e-06
3.67438e-06
3.8095e-06
3.96249e-06
4.16236e-06
4.3551e-06
4.5233e-06
4.68703e-06
4.88087e-06
5.08097e-06
5.29152e-06
5.49664e-06
5.67867e-06
5.8423e-06
6.00312e-06
6.15555e-06
6.27588e-06
6.35812e-06
6.4189e-06
6.44402e-06
6.40105e-06
6.44575e-06
6.64563e-06
5.57624e-06
6.65481e-06
1.17506e-05
1.88794e-05
2.09933e-05
2.51048e-05
2.77891e-05
2.72527e-05
2.68677e-05
2.65738e-05
2.63336e-05
2.61282e-05
2.59458e-05
2.57796e-05
2.56247e-05
2.5478e-05
2.53376e-05
2.52025e-05
2.50719e-05
2.49448e-05
2.4821e-05
2.47005e-05
2.45829e-05
2.44678e-05
2.33575e-05
2.20042e-05
2.07102e-05
1.94849e-05
1.83379e-05
1.72538e-05
1.60371e-05
1.49032e-05
1.38783e-05
1.29481e-05
1.20933e-05
1.1154e-05
1.03692e-05
9.67291e-06
8.94526e-06
8.33879e-06
7.73574e-06
7.23272e-06
6.73578e-06
6.34002e-06
5.94679e-06
5.61047e-06
5.36925e-06
5.05533e-06
4.84403e-06
4.68729e-06
4.53267e-06
4.45088e-06
4.372e-06
4.37292e-06
4.42219e-06
4.51295e-06
4.59814e-06
4.74865e-06
4.92644e-06
5.12693e-06
5.34952e-06
5.59471e-06
5.85441e-06
6.16331e-06
6.42459e-06
6.6948e-06
6.91531e-06
7.18477e-06
7.42588e-06
7.57837e-06
7.79464e-06
8.00251e-06
8.17296e-06
8.29367e-06
8.38357e-06
8.45712e-06
8.47034e-06
8.38014e-06
8.42357e-06
8.68504e-06
7.15866e-06
8.69856e-06
1.40418e-05
2.21725e-05
2.4015e-05
2.86326e-05
2.91115e-05
2.85219e-05
2.80901e-05
2.77534e-05
2.74748e-05
2.72358e-05
2.70243e-05
2.68325e-05
2.66555e-05
2.64901e-05
2.63344e-05
2.61867e-05
2.60456e-05
2.59103e-05
2.57801e-05
2.56543e-05
2.55319e-05
2.5412e-05
2.5294e-05
2.51297e-05
2.36969e-05
2.23495e-05
2.10709e-05
1.9641e-05
1.8302e-05
1.70888e-05
1.59834e-05
1.49667e-05
1.38419e-05
1.29062e-05
1.20729e-05
1.11913e-05
1.04627e-05
9.73023e-06
9.12416e-06
8.52598e-06
8.0577e-06
7.58726e-06
7.18698e-06
6.9084e-06
6.52882e-06
6.26443e-06
6.11638e-06
5.90292e-06
5.80872e-06
5.72048e-06
5.73182e-06
5.80385e-06
5.92777e-06
6.04581e-06
6.24593e-06
6.48061e-06
6.74394e-06
7.03521e-06
7.35481e-06
7.69234e-06
8.03058e-06
8.36672e-06
8.71534e-06
9.07803e-06
9.4281e-06
9.74309e-06
1.01242e-05
1.04221e-05
1.07089e-05
1.09508e-05
1.1031e-05
1.11703e-05
1.12818e-05
1.13567e-05
1.13337e-05
1.10719e-05
1.11199e-05
1.14611e-05
9.28725e-06
1.14723e-05
1.70936e-05
2.63765e-05
2.80488e-05
3.08527e-05
3.01489e-05
2.95266e-05
2.90639e-05
2.86981e-05
2.83939e-05
2.81324e-05
2.7901e-05
2.7692e-05
2.75004e-05
2.73228e-05
2.71566e-05
2.69998e-05
2.6851e-05
2.67092e-05
2.65731e-05
2.64415e-05
2.63134e-05
2.61878e-05
2.60635e-05
2.59389e-05
2.58123e-05
2.56821e-05
2.42475e-05
2.26574e-05
2.12133e-05
1.98936e-05
1.86781e-05
1.73272e-05
1.62057e-05
1.52037e-05
1.41333e-05
1.32544e-05
1.23613e-05
1.16388e-05
1.09188e-05
1.03644e-05
9.80135e-06
9.32462e-06
9.00315e-06
8.5453e-06
8.21452e-06
8.03078e-06
7.79176e-06
7.6843e-06
7.58833e-06
7.61703e-06
7.72236e-06
7.89314e-06
8.1215e-06
8.40176e-06
8.63981e-06
8.98786e-06
9.37096e-06
9.78919e-06
1.02296e-05
1.06719e-05
1.11142e-05
1.15745e-05
1.20513e-05
1.25103e-05
1.29265e-05
1.33186e-05
1.37125e-05
1.40903e-05
1.44113e-05
1.46676e-05
1.488e-05
1.50498e-05
1.51617e-05
1.52094e-05
1.52717e-05
1.5027e-05
1.50794e-05
1.55262e-05
1.22695e-05
1.5251e-05
2.11312e-05
3.16659e-05
3.18391e-05
3.16013e-05
3.09501e-05
3.03175e-05
2.98423e-05
2.94634e-05
2.91468e-05
2.88736e-05
2.86316e-05
2.84131e-05
2.8213e-05
2.80274e-05
2.78533e-05
2.76889e-05
2.75324e-05
2.73825e-05
2.72376e-05
2.70966e-05
2.69583e-05
2.68215e-05
2.66845e-05
2.65458e-05
2.64038e-05
2.62566e-05
2.61072e-05
2.59816e-05
2.49414e-05
2.3481e-05
2.18547e-05
2.05035e-05
1.92925e-05
1.79886e-05
1.69245e-05
1.58492e-05
1.4989e-05
1.41235e-05
1.34688e-05
1.27965e-05
1.22305e-05
1.1862e-05
1.13121e-05
1.09004e-05
1.06739e-05
1.04072e-05
1.02876e-05
1.01874e-05
1.02432e-05
1.03955e-05
1.06303e-05
1.09383e-05
1.13124e-05
1.17423e-05
1.20998e-05
1.26064e-05
1.31574e-05
1.37354e-05
1.43168e-05
1.49022e-05
1.55131e-05
1.61441e-05
1.67507e-05
1.73054e-05
1.78348e-05
1.83681e-05
1.88773e-05
1.93125e-05
1.967e-05
1.99813e-05
2.02449e-05
2.042e-05
2.04993e-05
2.05112e-05
2.03714e-05
1.99936e-05
2.00247e-05
2.07623e-05
1.61857e-05
2.04123e-05
2.64641e-05
3.22277e-05
3.23333e-05
3.21344e-05
3.15446e-05
3.09261e-05
3.04585e-05
3.00829e-05
2.97677e-05
2.94947e-05
2.92523e-05
2.9033e-05
2.88312e-05
2.86432e-05
2.84662e-05
2.82981e-05
2.81368e-05
2.79808e-05
2.78287e-05
2.76795e-05
2.75316e-05
2.73835e-05
2.7234e-05
2.70815e-05
2.69245e-05
2.67611e-05
2.66078e-05
2.64782e-05
2.63715e-05
2.62873e-05
2.61114e-05
2.46384e-05
2.30553e-05
2.17823e-05
2.06793e-05
1.94656e-05
1.84267e-05
1.7655e-05
1.68537e-05
1.63334e-05
1.57652e-05
1.51075e-05
1.45982e-05
1.4322e-05
1.40267e-05
1.38988e-05
1.39278e-05
1.38997e-05
1.41192e-05
1.44429e-05
1.48598e-05
1.5361e-05
1.59327e-05
1.65629e-05
1.72517e-05
1.78208e-05
1.85834e-05
1.93524e-05
2.01316e-05
2.0947e-05
2.17868e-05
2.25941e-05
2.33399e-05
2.40606e-05
2.47879e-05
2.54814e-05
2.58775e-05
2.59024e-05
2.59401e-05
2.5992e-05
2.60599e-05
2.61457e-05
2.62509e-05
2.63757e-05
2.65194e-05
2.66781e-05
2.6841e-05
2.6976e-05
2.15058e-05
2.69917e-05
3.23451e-05
3.26503e-05
3.26405e-05
3.24561e-05
3.1934e-05
3.13541e-05
3.09131e-05
3.05562e-05
3.02551e-05
2.9993e-05
2.9759e-05
2.95458e-05
2.93482e-05
2.91628e-05
2.89868e-05
2.8818e-05
2.86543e-05
2.84946e-05
2.83374e-05
2.81815e-05
2.80254e-05
2.78681e-05
2.77082e-05
2.75445e-05
2.73755e-05
2.72003e-05
2.70454e-05
2.69151e-05
2.68098e-05
2.67304e-05
2.66681e-05
2.66212e-05
2.65892e-05
2.657e-05
2.5456e-05
2.444e-05
2.33082e-05
2.23574e-05
2.17626e-05
2.10983e-05
2.03149e-05
1.96892e-05
1.9357e-05
1.90342e-05
1.89058e-05
1.89759e-05
1.89856e-05
1.93011e-05
1.97486e-05
2.03153e-05
2.09897e-05
2.17536e-05
2.2592e-05
2.35061e-05
2.44945e-05
2.55278e-05
2.61904e-05
2.61339e-05
2.60814e-05
2.60348e-05
2.59954e-05
2.59647e-05
2.59435e-05
2.59327e-05
2.59329e-05
2.59447e-05
2.59686e-05
2.60053e-05
2.60558e-05
2.61214e-05
2.62037e-05
2.63042e-05
2.64245e-05
2.65661e-05
2.67288e-05
2.69102e-05
2.71016e-05
2.72745e-05
2.73678e-05
2.73108e-05
3.28004e-05
3.29133e-05
3.27715e-05
3.25544e-05
3.20978e-05
3.15779e-05
3.11816e-05
3.08592e-05
3.05855e-05
3.03452e-05
3.01284e-05
2.99288e-05
2.97418e-05
2.95642e-05
2.93935e-05
2.92276e-05
2.90652e-05
2.89049e-05
2.87454e-05
2.85857e-05
2.84247e-05
2.82616e-05
2.80954e-05
2.79253e-05
2.77509e-05
2.75735e-05
2.7424e-05
2.72961e-05
2.71871e-05
2.7095e-05
2.7018e-05
2.69558e-05
2.69064e-05
2.68682e-05
2.68406e-05
2.68209e-05
2.68081e-05
2.68003e-05
2.67946e-05
2.67895e-05
2.67004e-05
2.63075e-05
2.59624e-05
2.58474e-05
2.59841e-05
2.60581e-05
2.65108e-05
2.66303e-05
2.65875e-05
2.65399e-05
2.64882e-05
2.64328e-05
2.63753e-05
2.63169e-05
2.62586e-05
2.62017e-05
2.61475e-05
2.60972e-05
2.60523e-05
2.60139e-05
2.59832e-05
2.59612e-05
2.59491e-05
2.59477e-05
2.59576e-05
2.59796e-05
2.60144e-05
2.60627e-05
2.61259e-05
2.62054e-05
2.63024e-05
2.64186e-05
2.65558e-05
2.6716e-05
2.68997e-05
2.71059e-05
2.73284e-05
2.75441e-05
2.76927e-05
2.76208e-05
3.29552e-05
3.29416e-05
3.27258e-05
3.24161e-05
3.20052e-05
3.15586e-05
3.12229e-05
3.09501e-05
3.07173e-05
3.05108e-05
3.03221e-05
3.01458e-05
2.9978e-05
2.98158e-05
2.96574e-05
2.95011e-05
2.93457e-05
2.919e-05
2.90332e-05
2.88744e-05
2.87129e-05
2.8548e-05
2.83793e-05
2.82069e-05
2.80312e-05
2.78565e-05
2.77035e-05
2.75681e-05
2.74491e-05
2.73452e-05
2.72551e-05
2.71776e-05
2.71114e-05
2.70551e-05
2.70072e-05
2.69666e-05
2.69312e-05
2.68996e-05
2.68705e-05
2.68423e-05
2.68136e-05
2.67833e-05
2.67505e-05
2.67148e-05
2.66759e-05
2.66339e-05
2.65888e-05
2.65406e-05
2.64895e-05
2.64359e-05
2.63807e-05
2.63244e-05
2.62679e-05
2.62122e-05
2.61582e-05
2.61068e-05
2.60592e-05
2.60165e-05
2.59798e-05
2.595e-05
2.59282e-05
2.59155e-05
2.59129e-05
2.59214e-05
2.59417e-05
2.59747e-05
2.60209e-05
2.60816e-05
2.61582e-05
2.62526e-05
2.63661e-05
2.65002e-05
2.66568e-05
2.6838e-05
2.70451e-05
2.72783e-05
2.75342e-05
2.77975e-05
2.80101e-05
2.7936e-05
3.27582e-05
3.2658e-05
3.24023e-05
3.20427e-05
3.16376e-05
3.12642e-05
3.09958e-05
3.07822e-05
3.06013e-05
3.04402e-05
3.02912e-05
3.01495e-05
3.00116e-05
2.98755e-05
2.97395e-05
2.96024e-05
2.94629e-05
2.93203e-05
2.91738e-05
2.90226e-05
2.88662e-05
2.87041e-05
2.85362e-05
2.8363e-05
2.81855e-05
2.80053e-05
2.78441e-05
2.76993e-05
2.75696e-05
2.74535e-05
2.735e-05
2.72577e-05
2.71754e-05
2.7102e-05
2.70364e-05
2.69771e-05
2.69229e-05
2.68725e-05
2.68254e-05
2.67801e-05
2.67351e-05
2.66897e-05
2.66433e-05
2.65954e-05
2.65457e-05
2.64944e-05
2.64414e-05
2.63869e-05
2.63314e-05
2.62753e-05
2.62192e-05
2.61637e-05
2.61095e-05
2.60576e-05
2.60087e-05
2.59639e-05
2.59239e-05
2.58897e-05
2.58623e-05
2.58425e-05
2.58312e-05
2.58293e-05
2.58378e-05
2.5858e-05
2.58908e-05
2.5937e-05
2.59976e-05
2.60737e-05
2.61671e-05
2.62795e-05
2.64125e-05
2.65679e-05
2.67472e-05
2.69528e-05
2.71863e-05
2.74483e-05
2.77391e-05
2.80515e-05
2.83349e-05
2.82702e-05
3.21849e-05
3.19992e-05
3.17155e-05
3.13669e-05
3.09963e-05
3.06911e-05
3.04855e-05
3.0329e-05
3.02015e-05
3.009e-05
2.99865e-05
2.98865e-05
2.97872e-05
2.96865e-05
2.95828e-05
2.94748e-05
2.93615e-05
2.9242e-05
2.91155e-05
2.89814e-05
2.88391e-05
2.86889e-05
2.85311e-05
2.83662e-05
2.81954e-05
2.80205e-05
2.78544e-05
2.77032e-05
2.75662e-05
2.7442e-05
2.73289e-05
2.72255e-05
2.71307e-05
2.70436e-05
2.69629e-05
2.6888e-05
2.6818e-05
2.67526e-05
2.66905e-05
2.66308e-05
2.65725e-05
2.65151e-05
2.64578e-05
2.64004e-05
2.63428e-05
2.62851e-05
2.62274e-05
2.61698e-05
2.61127e-05
2.60565e-05
2.60015e-05
2.59484e-05
2.58977e-05
2.58504e-05
2.58076e-05
2.57702e-05
2.57391e-05
2.57151e-05
2.56991e-05
2.56919e-05
2.56945e-05
2.57077e-05
2.57326e-05
2.57704e-05
2.58216e-05
2.58866e-05
2.59661e-05
2.60609e-05
2.61732e-05
2.63053e-05
2.64597e-05
2.66383e-05
2.68426e-05
2.70753e-05
2.73379e-05
2.76308e-05
2.79564e-05
2.83176e-05
2.86795e-05
2.86291e-05
3.1266e-05
3.10541e-05
3.07681e-05
3.0441e-05
3.0108e-05
2.9877e-05
2.97253e-05
2.9616e-05
2.95314e-05
2.94596e-05
2.93937e-05
2.93298e-05
2.92654e-05
2.91984e-05
2.91274e-05
2.9051e-05
2.89681e-05
2.88778e-05
2.87792e-05
2.86714e-05
2.85544e-05
2.84283e-05
2.82934e-05
2.81504e-05
2.80003e-05
2.78446e-05
2.76854e-05
2.7534e-05
2.73943e-05
2.72659e-05
2.71476e-05
2.70381e-05
2.69365e-05
2.68419e-05
2.67536e-05
2.66708e-05
2.65928e-05
2.65187e-05
2.6448e-05
2.63796e-05
2.63131e-05
2.62479e-05
2.61837e-05
2.61205e-05
2.60583e-05
2.59975e-05
2.59383e-05
2.58812e-05
2.58265e-05
2.57744e-05
2.57253e-05
2.56796e-05
2.56377e-05
2.56001e-05
2.55675e-05
2.55407e-05
2.55217e-05
2.55111e-05
2.55096e-05
2.55183e-05
2.5538e-05
2.55692e-05
2.56128e-05
2.56696e-05
2.57407e-05
2.58267e-05
2.59281e-05
2.60453e-05
2.61799e-05
2.63343e-05
2.6511e-05
2.67135e-05
2.69447e-05
2.72072e-05
2.75039e-05
2.78344e-05
2.81922e-05
2.85923e-05
2.90526e-05
2.90212e-05
3.02116e-05
2.99842e-05
2.97031e-05
2.94051e-05
2.91331e-05
2.89586e-05
2.88423e-05
2.87603e-05
2.86979e-05
2.86461e-05
2.85997e-05
2.85551e-05
2.85097e-05
2.84619e-05
2.84104e-05
2.83542e-05
2.82925e-05
2.82245e-05
2.81497e-05
2.80677e-05
2.79782e-05
2.78814e-05
2.77773e-05
2.76664e-05
2.75492e-05
2.74265e-05
2.72996e-05
2.717e-05
2.70394e-05
2.69164e-05
2.68017e-05
2.66948e-05
2.65951e-05
2.65019e-05
2.64144e-05
2.63316e-05
2.6253e-05
2.61777e-05
2.61053e-05
2.60351e-05
2.59669e-05
2.59004e-05
2.58356e-05
2.57725e-05
2.57112e-05
2.56518e-05
2.55939e-05
2.55404e-05
2.54918e-05
2.54485e-05
2.54107e-05
2.53786e-05
2.53524e-05
2.53328e-05
2.532e-05
2.53145e-05
2.53166e-05
2.53272e-05
2.53473e-05
2.53775e-05
2.54187e-05
2.54716e-05
2.55372e-05
2.56162e-05
2.57092e-05
2.58168e-05
2.59398e-05
2.60795e-05
2.62374e-05
2.64157e-05
2.66168e-05
2.68442e-05
2.71009e-05
2.73905e-05
2.7716e-05
2.80776e-05
2.84713e-05
2.89165e-05
2.94597e-05
2.9472e-05
2.91617e-05
2.89516e-05
2.86886e-05
2.84133e-05
2.8209e-05
2.80668e-05
2.79682e-05
2.78959e-05
2.78401e-05
2.77942e-05
2.77538e-05
2.77155e-05
2.7677e-05
2.76367e-05
2.75935e-05
2.75466e-05
2.74955e-05
2.74397e-05
2.7379e-05
2.73133e-05
2.72424e-05
2.71666e-05
2.70859e-05
2.70009e-05
2.69121e-05
2.68203e-05
2.67263e-05
2.66309e-05
2.6535e-05
2.64394e-05
2.63447e-05
2.62517e-05
2.6161e-05
2.60728e-05
2.59877e-05
2.59058e-05
2.58275e-05
2.57529e-05
2.56822e-05
2.56153e-05
2.55523e-05
2.54932e-05
2.54381e-05
2.53869e-05
2.53398e-05
2.52968e-05
2.52581e-05
2.5224e-05
2.51947e-05
2.51705e-05
2.51515e-05
2.51381e-05
2.51307e-05
2.51298e-05
2.51356e-05
2.51486e-05
2.51694e-05
2.5199e-05
2.5238e-05
2.52871e-05
2.53473e-05
2.54196e-05
2.55049e-05
2.56039e-05
2.57173e-05
2.58461e-05
2.59913e-05
2.6154e-05
2.6336e-05
2.65394e-05
2.67669e-05
2.70216e-05
2.73067e-05
2.76256e-05
2.79815e-05
2.83756e-05
2.88049e-05
2.92909e-05
2.99004e-05
2.9982e-05
2.81452e-05
2.79847e-05
2.77485e-05
2.75387e-05
2.73829e-05
2.72657e-05
2.71785e-05
2.71113e-05
2.7058e-05
2.70136e-05
2.69742e-05
2.69372e-05
2.69004e-05
2.68623e-05
2.68219e-05
2.67785e-05
2.67317e-05
2.66811e-05
2.66266e-05
2.65682e-05
2.65062e-05
2.64407e-05
2.63721e-05
2.63007e-05
2.62272e-05
2.6152e-05
2.60758e-05
2.59991e-05
2.59226e-05
2.58468e-05
2.57723e-05
2.56996e-05
2.56291e-05
2.55611e-05
2.5496e-05
2.54341e-05
2.53754e-05
2.53201e-05
2.52682e-05
2.52199e-05
2.51751e-05
2.51339e-05
2.50964e-05
2.50627e-05
2.50328e-05
2.50068e-05
2.49851e-05
2.49678e-05
2.49552e-05
2.49476e-05
2.49452e-05
2.49485e-05
2.49578e-05
2.49736e-05
2.49961e-05
2.50262e-05
2.50644e-05
2.51114e-05
2.5168e-05
2.52351e-05
2.53137e-05
2.54047e-05
2.55092e-05
2.56278e-05
2.57618e-05
2.59119e-05
2.60795e-05
2.62658e-05
2.64727e-05
2.67022e-05
2.69573e-05
2.72408e-05
2.7556e-05
2.79064e-05
2.82954e-05
2.87245e-05
2.9192e-05
2.97179e-05
3.03632e-05
3.0552e-05
2.71284e-05
2.70515e-05
2.69148e-05
2.67754e-05
2.66589e-05
2.65643e-05
2.64894e-05
2.64297e-05
2.6381e-05
2.63398e-05
2.6303e-05
2.62686e-05
2.62347e-05
2.62002e-05
2.6164e-05
2.61255e-05
2.60844e-05
2.60404e-05
2.59935e-05
2.59436e-05
2.58909e-05
2.58358e-05
2.57786e-05
2.57195e-05
2.56592e-05
2.55982e-05
2.55368e-05
2.54757e-05
2.54152e-05
2.5356e-05
2.52983e-05
2.52426e-05
2.51891e-05
2.51382e-05
2.509e-05
2.50447e-05
2.50025e-05
2.49634e-05
2.49275e-05
2.48949e-05
2.48657e-05
2.48398e-05
2.48175e-05
2.47988e-05
2.47838e-05
2.47728e-05
2.47659e-05
2.47634e-05
2.47655e-05
2.47727e-05
2.47852e-05
2.48036e-05
2.4828e-05
2.4859e-05
2.48971e-05
2.49431e-05
2.49974e-05
2.50609e-05
2.51343e-05
2.52188e-05
2.53152e-05
2.54247e-05
2.55481e-05
2.56865e-05
2.58411e-05
2.6013e-05
2.62035e-05
2.6414e-05
2.66466e-05
2.69035e-05
2.71873e-05
2.75013e-05
2.78486e-05
2.82328e-05
2.86575e-05
2.91247e-05
2.96338e-05
3.02033e-05
3.08892e-05
3.11832e-05
2.62802e-05
2.62657e-05
2.61929e-05
2.61042e-05
2.60206e-05
2.5948e-05
2.58879e-05
2.58382e-05
2.57966e-05
2.57606e-05
2.5728e-05
2.56973e-05
2.56672e-05
2.56366e-05
2.56049e-05
2.55714e-05
2.5536e-05
2.54984e-05
2.54586e-05
2.54167e-05
2.53729e-05
2.53274e-05
2.52805e-05
2.52326e-05
2.51842e-05
2.51357e-05
2.50874e-05
2.50398e-05
2.49934e-05
2.49483e-05
2.49051e-05
2.48639e-05
2.4825e-05
2.47886e-05
2.47548e-05
2.47238e-05
2.46957e-05
2.46705e-05
2.46484e-05
2.46295e-05
2.46137e-05
2.46013e-05
2.45922e-05
2.45867e-05
2.45849e-05
2.4587e-05
2.45933e-05
2.4604e-05
2.46195e-05
2.46401e-05
2.46663e-05
2.46983e-05
2.47367e-05
2.47821e-05
2.48349e-05
2.48959e-05
2.49656e-05
2.5045e-05
2.51349e-05
2.52364e-05
2.53505e-05
2.54782e-05
2.56207e-05
2.57792e-05
2.59548e-05
2.6149e-05
2.63631e-05
2.65988e-05
2.68582e-05
2.71436e-05
2.74579e-05
2.78041e-05
2.81856e-05
2.8606e-05
2.90691e-05
2.95775e-05
3.01315e-05
3.07484e-05
3.14793e-05
3.18778e-05
2.5565e-05
2.55874e-05
2.55579e-05
2.5507e-05
2.54527e-05
2.5402e-05
2.5358e-05
2.53202e-05
2.52876e-05
2.52586e-05
2.52319e-05
2.52063e-05
2.51809e-05
2.5155e-05
2.51281e-05
2.50998e-05
2.507e-05
2.50385e-05
2.50055e-05
2.49709e-05
2.49351e-05
2.48984e-05
2.48609e-05
2.48231e-05
2.47854e-05
2.4748e-05
2.47114e-05
2.46759e-05
2.46418e-05
2.46093e-05
2.45787e-05
2.45503e-05
2.45241e-05
2.45003e-05
2.44791e-05
2.44606e-05
2.44448e-05
2.44319e-05
2.44218e-05
2.44148e-05
2.44109e-05
2.44103e-05
2.4413e-05
2.44192e-05
2.44292e-05
2.44432e-05
2.44614e-05
2.44843e-05
2.4512e-05
2.45451e-05
2.45839e-05
2.46289e-05
2.46807e-05
2.47397e-05
2.48066e-05
2.48821e-05
2.49669e-05
2.5062e-05
2.51682e-05
2.52867e-05
2.54184e-05
2.55647e-05
2.57267e-05
2.59057e-05
2.61031e-05
2.63204e-05
2.65591e-05
2.68211e-05
2.71086e-05
2.74241e-05
2.77704e-05
2.81508e-05
2.85688e-05
2.9028e-05
2.95325e-05
3.00854e-05
3.06877e-05
3.13558e-05
3.2136e-05
3.26389e-05
2.49427e-05
2.49902e-05
2.49933e-05
2.49735e-05
2.49452e-05
2.49151e-05
2.48868e-05
2.48612e-05
2.48382e-05
2.4817e-05
2.47969e-05
2.47772e-05
2.47573e-05
2.47367e-05
2.47152e-05
2.46925e-05
2.46685e-05
2.46434e-05
2.46171e-05
2.45899e-05
2.45621e-05
2.45338e-05
2.45054e-05
2.44772e-05
2.44494e-05
2.44225e-05
2.43967e-05
2.43721e-05
2.43492e-05
2.4328e-05
2.43088e-05
2.42917e-05
2.42768e-05
2.42642e-05
2.42542e-05
2.42466e-05
2.42417e-05
2.42395e-05
2.42402e-05
2.42438e-05
2.42505e-05
2.42605e-05
2.42738e-05
2.42908e-05
2.43115e-05
2.43364e-05
2.43658e-05
2.43999e-05
2.44392e-05
2.4484e-05
2.45349e-05
2.45924e-05
2.4657e-05
2.47294e-05
2.48101e-05
2.48999e-05
2.49998e-05
2.51105e-05
2.52331e-05
2.53688e-05
2.55186e-05
2.5684e-05
2.58661e-05
2.60665e-05
2.62865e-05
2.6528e-05
2.67925e-05
2.70822e-05
2.73994e-05
2.77467e-05
2.81271e-05
2.8544e-05
2.90009e-05
2.95018e-05
3.00509e-05
3.06516e-05
3.1306e-05
3.20293e-05
3.28635e-05
3.34708e-05
2.43993e-05
2.4464e-05
2.44917e-05
2.44971e-05
2.4491e-05
2.44795e-05
2.44662e-05
2.44527e-05
2.44395e-05
2.44265e-05
2.44135e-05
2.44001e-05
2.43862e-05
2.43714e-05
2.43556e-05
2.43389e-05
2.43212e-05
2.43027e-05
2.42835e-05
2.42638e-05
2.42438e-05
2.4224e-05
2.42044e-05
2.41853e-05
2.41671e-05
2.415e-05
2.41342e-05
2.41198e-05
2.41071e-05
2.40961e-05
2.40871e-05
2.40801e-05
2.40753e-05
2.40728e-05
2.40726e-05
2.40748e-05
2.40796e-05
2.40871e-05
2.40974e-05
2.41107e-05
2.4127e-05
2.41467e-05
2.41698e-05
2.41966e-05
2.42275e-05
2.42627e-05
2.43025e-05
2.43474e-05
2.43977e-05
2.44539e-05
2.45166e-05
2.45863e-05
2.46636e-05
2.47492e-05
2.48437e-05
2.4948e-05
2.50631e-05
2.51897e-05
2.53292e-05
2.54826e-05
2.56511e-05
2.58363e-05
2.60394e-05
2.62621e-05
2.6506e-05
2.6773e-05
2.70649e-05
2.73839e-05
2.77326e-05
2.81138e-05
2.85305e-05
2.89864e-05
2.94851e-05
3.00308e-05
3.06279e-05
3.12803e-05
3.19908e-05
3.27736e-05
3.36666e-05
3.43792e-05
2.39248e-05
2.40006e-05
2.4046e-05
2.40709e-05
2.40833e-05
2.4088e-05
2.40885e-05
2.40866e-05
2.40832e-05
2.40786e-05
2.40731e-05
2.40666e-05
2.40591e-05
2.40506e-05
2.40412e-05
2.4031e-05
2.402e-05
2.40085e-05
2.39967e-05
2.39848e-05
2.39729e-05
2.39615e-05
2.39506e-05
2.39405e-05
2.39314e-05
2.39234e-05
2.39169e-05
2.39118e-05
2.39084e-05
2.39067e-05
2.39069e-05
2.3909e-05
2.39133e-05
2.39197e-05
2.39284e-05
2.39395e-05
2.39531e-05
2.39694e-05
2.39885e-05
2.40106e-05
2.40359e-05
2.40646e-05
2.40969e-05
2.41332e-05
2.41737e-05
2.42187e-05
2.42687e-05
2.4324e-05
2.43852e-05
2.44527e-05
2.45271e-05
2.4609e-05
2.4699e-05
2.47979e-05
2.49065e-05
2.50256e-05
2.51562e-05
2.52993e-05
2.54562e-05
2.5628e-05
2.58162e-05
2.60221e-05
2.62474e-05
2.64937e-05
2.67629e-05
2.7057e-05
2.73779e-05
2.77283e-05
2.81106e-05
2.85279e-05
2.89836e-05
2.94813e-05
3.00249e-05
3.06188e-05
3.12677e-05
3.19759e-05
3.27467e-05
3.35937e-05
3.45509e-05
3.53699e-05
2.35116e-05
2.35937e-05
2.36513e-05
2.36909e-05
2.37179e-05
2.37363e-05
2.37491e-05
2.3758e-05
2.37641e-05
2.37681e-05
2.37705e-05
2.37713e-05
2.37709e-05
2.37695e-05
2.37671e-05
2.37639e-05
2.37602e-05
2.37562e-05
2.3752e-05
2.37479e-05
2.37442e-05
2.37409e-05
2.37384e-05
2.37368e-05
2.37362e-05
2.37368e-05
2.37388e-05
2.37422e-05
2.37472e-05
2.37539e-05
2.37624e-05
2.37728e-05
2.37852e-05
2.37997e-05
2.38165e-05
2.38358e-05
2.38575e-05
2.3882e-05
2.39093e-05
2.39398e-05
2.39736e-05
2.40109e-05
2.40521e-05
2.40975e-05
2.41473e-05
2.4202e-05
2.4262e-05
2.43277e-05
2.43997e-05
2.44785e-05
2.45647e-05
2.4659e-05
2.47621e-05
2.48747e-05
2.49978e-05
2.51322e-05
2.5279e-05
2.54393e-05
2.56144e-05
2.58057e-05
2.60145e-05
2.62424e-05
2.64912e-05
2.67627e-05
2.70589e-05
2.73818e-05
2.77339e-05
2.81177e-05
2.85361e-05
2.89922e-05
2.94897e-05
3.00323e-05
3.06242e-05
3.12701e-05
3.19749e-05
3.27432e-05
3.35791e-05
3.44952e-05
3.55223e-05
3.64495e-05
2.3154e-05
2.32396e-05
2.33053e-05
2.33555e-05
2.3394e-05
2.34238e-05
2.34473e-05
2.3466e-05
2.34813e-05
2.34938e-05
2.3504e-05
2.35125e-05
2.35195e-05
2.35254e-05
2.35303e-05
2.35344e-05
2.35382e-05
2.35417e-05
2.35451e-05
2.35488e-05
2.35528e-05
2.35574e-05
2.35628e-05
2.3569e-05
2.35763e-05
2.35848e-05
2.35946e-05
2.36057e-05
2.36184e-05
2.36327e-05
2.36488e-05
2.36667e-05
2.36867e-05
2.37087e-05
2.37331e-05
2.37599e-05
2.37893e-05
2.38215e-05
2.38567e-05
2.38952e-05
2.39372e-05
2.3983e-05
2.40329e-05
2.40872e-05
2.41463e-05
2.42107e-05
2.42807e-05
2.4357e-05
2.444e-05
2.45303e-05
2.46287e-05
2.47358e-05
2.48523e-05
2.49792e-05
2.51174e-05
2.52678e-05
2.54317e-05
2.56101e-05
2.58045e-05
2.60163e-05
2.62471e-05
2.64985e-05
2.67724e-05
2.70708e-05
2.73958e-05
2.77498e-05
2.81353e-05
2.8555e-05
2.90121e-05
2.951e-05
3.00524e-05
3.06434e-05
3.12875e-05
3.19894e-05
3.27544e-05
3.35876e-05
3.44934e-05
3.5484e-05
3.65868e-05
3.76245e-05
2.28466e-05
2.29338e-05
2.3005e-05
2.30629e-05
2.31104e-05
2.31494e-05
2.31821e-05
2.32097e-05
2.32333e-05
2.32539e-05
2.3272e-05
2.3288e-05
2.33024e-05
2.33156e-05
2.33278e-05
2.33393e-05
2.33503e-05
2.33611e-05
2.33719e-05
2.3383e-05
2.33944e-05
2.34064e-05
2.3419e-05
2.34326e-05
2.34471e-05
2.34628e-05
2.34797e-05
2.34979e-05
2.35177e-05
2.3539e-05
2.35621e-05
2.35871e-05
2.3614e-05
2.36432e-05
2.36747e-05
2.37087e-05
2.37455e-05
2.37852e-05
2.38281e-05
2.38744e-05
2.39245e-05
2.39787e-05
2.40373e-05
2.41006e-05
2.41692e-05
2.42434e-05
2.43237e-05
2.44108e-05
2.45052e-05
2.46075e-05
2.47185e-05
2.48389e-05
2.49696e-05
2.51115e-05
2.52656e-05
2.5433e-05
2.56149e-05
2.58126e-05
2.60275e-05
2.62613e-05
2.65155e-05
2.6792e-05
2.70929e-05
2.74202e-05
2.77762e-05
2.81636e-05
2.8585e-05
2.90434e-05
2.95422e-05
3.00851e-05
3.06759e-05
3.13191e-05
3.20193e-05
3.27817e-05
3.36116e-05
3.45146e-05
3.54957e-05
3.65663e-05
3.77509e-05
3.89017e-05
2.25839e-05
2.26718e-05
2.27466e-05
2.28102e-05
2.28646e-05
2.29113e-05
2.29517e-05
2.29871e-05
2.30185e-05
2.30466e-05
2.3072e-05
2.30953e-05
2.31169e-05
2.31372e-05
2.31564e-05
2.31749e-05
2.3193e-05
2.32108e-05
2.32285e-05
2.32465e-05
2.32648e-05
2.32836e-05
2.33031e-05
2.33233e-05
2.33445e-05
2.33668e-05
2.33903e-05
2.34152e-05
2.34415e-05
2.34694e-05
2.34991e-05
2.35307e-05
2.35644e-05
2.36003e-05
2.36387e-05
2.36798e-05
2.37238e-05
2.37709e-05
2.38214e-05
2.38757e-05
2.3934e-05
2.39966e-05
2.4064e-05
2.41366e-05
2.42149e-05
2.42992e-05
2.43903e-05
2.44886e-05
2.45948e-05
2.47097e-05
2.4834e-05
2.49685e-05
2.51142e-05
2.5272e-05
2.5443e-05
2.56285e-05
2.58296e-05
2.60479e-05
2.62849e-05
2.65421e-05
2.68216e-05
2.71251e-05
2.74549e-05
2.78133e-05
2.82028e-05
2.86262e-05
2.90863e-05
2.95865e-05
3.01303e-05
3.07216e-05
3.13647e-05
3.20642e-05
3.2825e-05
3.36524e-05
3.45523e-05
3.55304e-05
3.65921e-05
3.77483e-05
3.90209e-05
4.02875e-05
2.23601e-05
2.24485e-05
2.25259e-05
2.25939e-05
2.26538e-05
2.27067e-05
2.27538e-05
2.27961e-05
2.28343e-05
2.28693e-05
2.29016e-05
2.29317e-05
2.29601e-05
2.2987e-05
2.30129e-05
2.30381e-05
2.30627e-05
2.3087e-05
2.31112e-05
2.31356e-05
2.31603e-05
2.31854e-05
2.32112e-05
2.32377e-05
2.32651e-05
2.32936e-05
2.33233e-05
2.33544e-05
2.33869e-05
2.34211e-05
2.34571e-05
2.34952e-05
2.35354e-05
2.3578e-05
2.36232e-05
2.36713e-05
2.37225e-05
2.37771e-05
2.38354e-05
2.38977e-05
2.39643e-05
2.40358e-05
2.41123e-05
2.41945e-05
2.42829e-05
2.43779e-05
2.44801e-05
2.45903e-05
2.47091e-05
2.48373e-05
2.49756e-05
2.51252e-05
2.52868e-05
2.54616e-05
2.56508e-05
2.58556e-05
2.60774e-05
2.63178e-05
2.65784e-05
2.6861e-05
2.71675e-05
2.75002e-05
2.78613e-05
2.82533e-05
2.86789e-05
2.91411e-05
2.96431e-05
3.01884e-05
3.07808e-05
3.14244e-05
3.21238e-05
3.28839e-05
3.37099e-05
3.46074e-05
3.55824e-05
3.6641e-05
3.7789e-05
3.90365e-05
4.04031e-05
4.17884e-05
2.21699e-05
2.22588e-05
2.23384e-05
2.241e-05
2.24744e-05
2.25326e-05
2.25854e-05
2.26336e-05
2.26781e-05
2.27193e-05
2.27579e-05
2.27942e-05
2.28288e-05
2.2862e-05
2.28941e-05
2.29254e-05
2.29561e-05
2.29865e-05
2.30168e-05
2.30471e-05
2.30777e-05
2.31087e-05
2.31404e-05
2.31728e-05
2.32061e-05
2.32405e-05
2.32761e-05
2.33131e-05
2.33516e-05
2.33919e-05
2.34342e-05
2.34786e-05
2.35253e-05
2.35746e-05
2.36267e-05
2.36819e-05
2.37405e-05
2.38028e-05
2.3869e-05
2.39396e-05
2.4015e-05
2.40955e-05
2.41817e-05
2.4274e-05
2.4373e-05
2.44793e-05
2.45934e-05
2.47162e-05
2.48484e-05
2.49908e-05
2.51442e-05
2.53098e-05
2.54885e-05
2.56816e-05
2.58903e-05
2.61159e-05
2.636e-05
2.66242e-05
2.69103e-05
2.72202e-05
2.75561e-05
2.79203e-05
2.83151e-05
2.87435e-05
2.92081e-05
2.97124e-05
3.02596e-05
3.08536e-05
3.14984e-05
3.21985e-05
3.29587e-05
3.37841e-05
3.46803e-05
3.5653e-05
3.67086e-05
3.78532e-05
3.9093e-05
4.04374e-05
4.19036e-05
4.34101e-05
2.20081e-05
2.20977e-05
2.21795e-05
2.22542e-05
2.23225e-05
2.23852e-05
2.2443e-05
2.24966e-05
2.25465e-05
2.25934e-05
2.26376e-05
2.26798e-05
2.27201e-05
2.2759e-05
2.27969e-05
2.28338e-05
2.28702e-05
2.29062e-05
2.29421e-05
2.29781e-05
2.30143e-05
2.30509e-05
2.30881e-05
2.31261e-05
2.31651e-05
2.32051e-05
2.32465e-05
2.32894e-05
2.33339e-05
2.33803e-05
2.34288e-05
2.34796e-05
2.35329e-05
2.3589e-05
2.36482e-05
2.37108e-05
2.3777e-05
2.38472e-05
2.39218e-05
2.40012e-05
2.40857e-05
2.41759e-05
2.42723e-05
2.43753e-05
2.44857e-05
2.4604e-05
2.47309e-05
2.48671e-05
2.50137e-05
2.51713e-05
2.5341e-05
2.55239e-05
2.5721e-05
2.59338e-05
2.61635e-05
2.64116e-05
2.66797e-05
2.69697e-05
2.72834e-05
2.76229e-05
2.79906e-05
2.83888e-05
2.88202e-05
2.92879e-05
2.97948e-05
3.03445e-05
3.09406e-05
3.15873e-05
3.22887e-05
3.30497e-05
3.38753e-05
3.4771e-05
3.57425e-05
3.67958e-05
3.79374e-05
3.91736e-05
4.05105e-05
4.19571e-05
4.3528e-05
4.51576e-05
2.18697e-05
2.19607e-05
2.20446e-05
2.21222e-05
2.21941e-05
2.22609e-05
2.23232e-05
2.23815e-05
2.24365e-05
2.24885e-05
2.25379e-05
2.25853e-05
2.2631e-05
2.26753e-05
2.27184e-05
2.27607e-05
2.28024e-05
2.28437e-05
2.28849e-05
2.29262e-05
2.29678e-05
2.30098e-05
2.30524e-05
2.30959e-05
2.31404e-05
2.31861e-05
2.32332e-05
2.32819e-05
2.33324e-05
2.3385e-05
2.34399e-05
2.34972e-05
2.35574e-05
2.36206e-05
2.36872e-05
2.37574e-05
2.38317e-05
2.39103e-05
2.39938e-05
2.40824e-05
2.41768e-05
2.42773e-05
2.43845e-05
2.44991e-05
2.46216e-05
2.47528e-05
2.48934e-05
2.50442e-05
2.52062e-05
2.53803e-05
2.55676e-05
2.57691e-05
2.59863e-05
2.62203e-05
2.64728e-05
2.67453e-05
2.70395e-05
2.73574e-05
2.7701e-05
2.80726e-05
2.84746e-05
2.89097e-05
2.93808e-05
2.9891e-05
3.04437e-05
3.10426e-05
3.16916e-05
3.23951e-05
3.31576e-05
3.39842e-05
3.48802e-05
3.58513e-05
3.69034e-05
3.80427e-05
3.92758e-05
4.06089e-05
4.20481e-05
4.36014e-05
4.52814e-05
4.70349e-05
2.17507e-05
2.18434e-05
2.19296e-05
2.20102e-05
2.20855e-05
2.21562e-05
2.22226e-05
2.22854e-05
2.23449e-05
2.24016e-05
2.2456e-05
2.25083e-05
2.25589e-05
2.26081e-05
2.26563e-05
2.27036e-05
2.27504e-05
2.27969e-05
2.28432e-05
2.28897e-05
2.29364e-05
2.29837e-05
2.30317e-05
2.30806e-05
2.31307e-05
2.31821e-05
2.3235e-05
2.32897e-05
2.33465e-05
2.34054e-05
2.34669e-05
2.35312e-05
2.35985e-05
2.36692e-05
2.37435e-05
2.38219e-05
2.39048e-05
2.39924e-05
2.40853e-05
2.41839e-05
2.42887e-05
2.44003e-05
2.45193e-05
2.46463e-05
2.47819e-05
2.49271e-05
2.50825e-05
2.52491e-05
2.54279e-05
2.56198e-05
2.58261e-05
2.60479e-05
2.62867e-05
2.65439e-05
2.68211e-05
2.712e-05
2.74425e-05
2.77906e-05
2.81667e-05
2.85731e-05
2.90124e-05
2.94875e-05
3.00016e-05
3.05579e-05
3.11602e-05
3.18122e-05
3.25184e-05
3.32832e-05
3.41116e-05
3.50087e-05
3.59803e-05
3.7032e-05
3.81701e-05
3.94009e-05
4.07307e-05
4.21657e-05
4.37117e-05
4.53755e-05
4.71672e-05
4.90441e-05
2.16475e-05
2.17423e-05
2.18312e-05
2.19148e-05
2.19935e-05
2.20679e-05
2.21383e-05
2.22052e-05
2.22691e-05
2.23303e-05
2.23892e-05
2.24462e-05
2.25016e-05
2.25556e-05
2.26086e-05
2.26609e-05
2.27126e-05
2.2764e-05
2.28154e-05
2.2867e-05
2.2919e-05
2.29716e-05
2.3025e-05
2.30795e-05
2.31353e-05
2.31925e-05
2.32515e-05
2.33125e-05
2.33757e-05
2.34414e-05
2.35099e-05
2.35814e-05
2.36563e-05
2.3735e-05
2.38177e-05
2.39048e-05
2.39968e-05
2.40941e-05
2.41972e-05
2.43065e-05
2.44227e-05
2.45463e-05
2.4678e-05
2.48184e-05
2.49684e-05
2.51286e-05
2.53002e-05
2.54839e-05
2.56808e-05
2.58922e-05
2.61191e-05
2.6363e-05
2.66253e-05
2.69077e-05
2.72117e-05
2.75393e-05
2.78926e-05
2.82736e-05
2.86849e-05
2.91291e-05
2.96089e-05
3.01275e-05
3.06881e-05
3.12944e-05
3.19502e-05
3.26598e-05
3.34277e-05
3.42586e-05
3.51577e-05
3.61306e-05
3.7183e-05
3.83208e-05
3.95502e-05
4.08776e-05
4.2309e-05
4.38503e-05
4.55064e-05
4.72831e-05
4.91877e-05
5.1185e-05
2.15573e-05
2.16546e-05
2.17464e-05
2.18331e-05
2.19153e-05
2.19934e-05
2.20677e-05
2.21387e-05
2.22069e-05
2.22724e-05
2.23358e-05
2.23974e-05
2.24573e-05
2.25161e-05
2.25739e-05
2.2631e-05
2.26876e-05
2.27441e-05
2.28006e-05
2.28574e-05
2.29147e-05
2.29728e-05
2.30318e-05
2.30921e-05
2.31538e-05
2.32172e-05
2.32826e-05
2.33501e-05
2.34202e-05
2.34931e-05
2.3569e-05
2.36484e-05
2.37314e-05
2.38186e-05
2.39103e-05
2.40069e-05
2.41088e-05
2.42166e-05
2.43307e-05
2.44517e-05
2.45802e-05
2.47169e-05
2.48623e-05
2.50174e-05
2.51829e-05
2.53597e-05
2.55487e-05
2.57511e-05
2.59679e-05
2.62003e-05
2.64498e-05
2.67177e-05
2.70057e-05
2.73153e-05
2.76486e-05
2.80075e-05
2.83942e-05
2.8811e-05
2.92606e-05
2.97458e-05
3.02695e-05
3.08352e-05
3.14463e-05
3.21067e-05
3.28205e-05
3.35922e-05
3.44266e-05
3.53286e-05
3.63037e-05
3.73576e-05
3.84961e-05
3.97252e-05
4.10512e-05
4.24799e-05
4.40171e-05
4.56679e-05
4.74364e-05
4.93263e-05
5.13425e-05
5.34548e-05
2.1478e-05
2.15782e-05
2.16731e-05
2.17632e-05
2.1849e-05
2.19308e-05
2.20091e-05
2.20842e-05
2.21566e-05
2.22265e-05
2.22943e-05
2.23604e-05
2.2425e-05
2.24885e-05
2.25511e-05
2.26132e-05
2.26748e-05
2.27364e-05
2.27982e-05
2.28604e-05
2.29233e-05
2.29871e-05
2.3052e-05
2.31183e-05
2.31864e-05
2.32563e-05
2.33285e-05
2.34032e-05
2.34806e-05
2.35612e-05
2.36451e-05
2.37329e-05
2.38248e-05
2.39213e-05
2.40227e-05
2.41296e-05
2.42423e-05
2.43615e-05
2.44876e-05
2.46213e-05
2.47633e-05
2.49141e-05
2.50747e-05
2.52457e-05
2.54281e-05
2.56229e-05
2.58311e-05
2.60538e-05
2.62922e-05
2.65477e-05
2.68218e-05
2.71159e-05
2.74317e-05
2.77712e-05
2.81363e-05
2.85292e-05
2.89523e-05
2.94081e-05
2.98993e-05
3.04291e-05
3.10005e-05
3.16173e-05
3.22831e-05
3.3002e-05
3.37785e-05
3.46171e-05
3.5523e-05
3.65013e-05
3.75577e-05
3.86979e-05
3.99277e-05
4.12533e-05
4.26803e-05
4.42144e-05
4.58605e-05
4.76227e-05
4.95037e-05
5.15051e-05
5.36283e-05
5.58466e-05
2.14082e-05
2.15115e-05
2.16098e-05
2.17035e-05
2.17931e-05
2.18788e-05
2.19611e-05
2.20405e-05
2.21171e-05
2.21915e-05
2.22639e-05
2.23346e-05
2.2404e-05
2.24724e-05
2.254e-05
2.26071e-05
2.2674e-05
2.2741e-05
2.28083e-05
2.28762e-05
2.29449e-05
2.30148e-05
2.3086e-05
2.31589e-05
2.32337e-05
2.33106e-05
2.33901e-05
2.34724e-05
2.35579e-05
2.36468e-05
2.37395e-05
2.38364e-05
2.39379e-05
2.40445e-05
2.41566e-05
2.42746e-05
2.43992e-05
2.45308e-05
2.467e-05
2.48176e-05
2.49743e-05
2.51407e-05
2.53177e-05
2.55062e-05
2.57072e-05
2.59216e-05
2.61507e-05
2.63956e-05
2.66577e-05
2.69384e-05
2.72392e-05
2.75619e-05
2.79082e-05
2.82803e-05
2.86801e-05
2.91101e-05
2.95727e-05
3.00709e-05
3.06074e-05
3.11855e-05
3.18088e-05
3.24809e-05
3.32059e-05
3.39881e-05
3.4832e-05
3.57428e-05
3.67254e-05
3.77853e-05
3.89283e-05
4.01599e-05
4.14861e-05
4.29125e-05
4.44445e-05
4.60869e-05
4.78435e-05
4.97171e-05
5.17083e-05
5.38162e-05
5.60382e-05
5.83494e-05
2.13472e-05
2.1454e-05
2.15559e-05
2.16535e-05
2.17469e-05
2.18368e-05
2.19233e-05
2.2007e-05
2.20881e-05
2.21671e-05
2.22442e-05
2.23198e-05
2.23942e-05
2.24676e-05
2.25404e-05
2.2613e-05
2.26854e-05
2.27581e-05
2.28313e-05
2.29053e-05
2.29803e-05
2.30567e-05
2.31347e-05
2.32146e-05
2.32966e-05
2.33813e-05
2.34687e-05
2.35593e-05
2.36534e-05
2.37514e-05
2.38537e-05
2.39606e-05
2.40727e-05
2.41903e-05
2.4314e-05
2.44443e-05
2.45817e-05
2.4727e-05
2.48806e-05
2.50434e-05
2.52162e-05
2.53996e-05
2.55947e-05
2.58023e-05
2.60236e-05
2.62596e-05
2.65115e-05
2.67807e-05
2.70687e-05
2.73769e-05
2.7707e-05
2.80609e-05
2.84405e-05
2.88481e-05
2.92857e-05
2.97561e-05
3.0262e-05
3.08061e-05
3.13919e-05
3.20226e-05
3.2702e-05
3.34341e-05
3.4223e-05
3.50734e-05
3.59901e-05
3.69781e-05
3.80428e-05
3.91897e-05
4.04243e-05
4.17523e-05
4.31793e-05
4.47103e-05
4.63499e-05
4.81019e-05
4.99687e-05
5.1951e-05
5.40469e-05
5.62524e-05
5.85608e-05
6.09469e-05
2.12949e-05
2.14055e-05
2.15113e-05
2.16128e-05
2.17105e-05
2.18046e-05
2.18956e-05
2.19839e-05
2.20697e-05
2.21535e-05
2.22356e-05
2.23163e-05
2.23959e-05
2.24748e-05
2.25532e-05
2.26314e-05
2.27098e-05
2.27886e-05
2.28682e-05
2.29487e-05
2.30305e-05
2.31139e-05
2.31993e-05
2.32868e-05
2.33769e-05
2.34698e-05
2.35659e-05
2.36656e-05
2.37692e-05
2.38772e-05
2.39899e-05
2.41078e-05
2.42313e-05
2.43611e-05
2.44975e-05
2.46413e-05
2.47929e-05
2.49531e-05
2.51226e-05
2.53021e-05
2.54924e-05
2.56946e-05
2.59094e-05
2.61381e-05
2.63816e-05
2.66412e-05
2.69182e-05
2.7214e-05
2.75303e-05
2.78686e-05
2.82308e-05
2.86188e-05
2.90348e-05
2.9481e-05
2.996e-05
3.04745e-05
3.10273e-05
3.16216e-05
3.22608e-05
3.29486e-05
3.36888e-05
3.44857e-05
3.53437e-05
3.62675e-05
3.72622e-05
3.83328e-05
3.94848e-05
4.07237e-05
4.20548e-05
4.34835e-05
4.50147e-05
4.66528e-05
4.84012e-05
5.02621e-05
5.22359e-05
5.43209e-05
5.65123e-05
5.88021e-05
6.11793e-05
6.36173e-05
2.12519e-05
2.13664e-05
2.14763e-05
2.15821e-05
2.16842e-05
2.17828e-05
2.18786e-05
2.19717e-05
2.20625e-05
2.21514e-05
2.22388e-05
2.2325e-05
2.24102e-05
2.24949e-05
2.25793e-05
2.26637e-05
2.27485e-05
2.28339e-05
2.29203e-05
2.30079e-05
2.30971e-05
2.31883e-05
2.32816e-05
2.33775e-05
2.34762e-05
2.35782e-05
2.36839e-05
2.37935e-05
2.39076e-05
2.40264e-05
2.41506e-05
2.42806e-05
2.44168e-05
2.45599e-05
2.47104e-05
2.48689e-05
2.50361e-05
2.52127e-05
2.53996e-05
2.55974e-05
2.58072e-05
2.60299e-05
2.62665e-05
2.65181e-05
2.6786e-05
2.70715e-05
2.7376e-05
2.77011e-05
2.80483e-05
2.84196e-05
2.88169e-05
2.92422e-05
2.96979e-05
3.01864e-05
3.07105e-05
3.12729e-05
3.18769e-05
3.25257e-05
3.3223e-05
3.39726e-05
3.47786e-05
3.56455e-05
3.65778e-05
3.75804e-05
3.86584e-05
3.98169e-05
4.10614e-05
4.23969e-05
4.38287e-05
4.53614e-05
4.6999e-05
4.87449e-05
5.06009e-05
5.25671e-05
5.46416e-05
5.68194e-05
5.90923e-05
6.14481e-05
6.38711e-05
6.63326e-05
2.1219e-05
2.13377e-05
2.1452e-05
2.15623e-05
2.16691e-05
2.17726e-05
2.18733e-05
2.19715e-05
2.20677e-05
2.21621e-05
2.22552e-05
2.23472e-05
2.24385e-05
2.25294e-05
2.26202e-05
2.27113e-05
2.2803e-05
2.28957e-05
2.29895e-05
2.30849e-05
2.31822e-05
2.32818e-05
2.33839e-05
2.34889e-05
2.35972e-05
2.37092e-05
2.38253e-05
2.39459e-05
2.40714e-05
2.42023e-05
2.43391e-05
2.44823e-05
2.46325e-05
2.47902e-05
2.49562e-05
2.5131e-05
2.53153e-05
2.55101e-05
2.5716e-05
2.59341e-05
2.61652e-05
2.64104e-05
2.66709e-05
2.69478e-05
2.72426e-05
2.75565e-05
2.78911e-05
2.82482e-05
2.86294e-05
2.90368e-05
2.94725e-05
2.99386e-05
3.04377e-05
3.09725e-05
3.15457e-05
3.21605e-05
3.28201e-05
3.35281e-05
3.42884e-05
3.51049e-05
3.5982e-05
3.69241e-05
3.79361e-05
3.90229e-05
4.01895e-05
4.1441e-05
4.27824e-05
4.42187e-05
4.57542e-05
4.73928e-05
4.91373e-05
5.09894e-05
5.29489e-05
5.50134e-05
5.71779e-05
5.94339e-05
6.17692e-05
6.41674e-05
6.66079e-05
6.90597e-05
2.11981e-05
2.13211e-05
2.144e-05
2.15551e-05
2.16668e-05
2.17754e-05
2.18814e-05
2.19852e-05
2.2087e-05
2.21873e-05
2.22865e-05
2.23848e-05
2.24826e-05
2.25803e-05
2.26781e-05
2.27765e-05
2.28758e-05
2.29763e-05
2.30783e-05
2.31822e-05
2.32883e-05
2.33971e-05
2.35088e-05
2.36239e-05
2.37427e-05
2.38657e-05
2.39933e-05
2.4126e-05
2.42641e-05
2.44083e-05
2.4559e-05
2.47168e-05
2.48824e-05
2.50563e-05
2.52393e-05
2.5432e-05
2.56353e-05
2.585e-05
2.6077e-05
2.63172e-05
2.65718e-05
2.68419e-05
2.71287e-05
2.74334e-05
2.77576e-05
2.81028e-05
2.84705e-05
2.88627e-05
2.92813e-05
2.97282e-05
3.02059e-05
3.07167e-05
3.12633e-05
3.18485e-05
3.24753e-05
3.31471e-05
3.38672e-05
3.46395e-05
3.54679e-05
3.63567e-05
3.73102e-05
3.83332e-05
3.94303e-05
4.06065e-05
4.18666e-05
4.32155e-05
4.46578e-05
4.61977e-05
4.78385e-05
4.9583e-05
5.14322e-05
5.33858e-05
5.5441e-05
5.75925e-05
5.98316e-05
6.2146e-05
6.45192e-05
6.69305e-05
6.93551e-05
7.176e-05
2.1191e-05
2.13186e-05
2.14423e-05
2.15624e-05
2.16793e-05
2.17934e-05
2.19051e-05
2.20147e-05
2.21226e-05
2.22293e-05
2.2335e-05
2.24401e-05
2.2545e-05
2.265e-05
2.27555e-05
2.28619e-05
2.29694e-05
2.30785e-05
2.31894e-05
2.33027e-05
2.34185e-05
2.35374e-05
2.36598e-05
2.37859e-05
2.39164e-05
2.40515e-05
2.41918e-05
2.43377e-05
2.44898e-05
2.46486e-05
2.48147e-05
2.49887e-05
2.51712e-05
2.53629e-05
2.55647e-05
2.57772e-05
2.60014e-05
2.6238e-05
2.64882e-05
2.6753e-05
2.70335e-05
2.7331e-05
2.76467e-05
2.7982e-05
2.83386e-05
2.87181e-05
2.91223e-05
2.9553e-05
3.00125e-05
3.05028e-05
3.10266e-05
3.15863e-05
3.21847e-05
3.2825e-05
3.35102e-05
3.42439e-05
3.50298e-05
3.58717e-05
3.67738e-05
3.77403e-05
3.87758e-05
3.9885e-05
4.10724e-05
4.23429e-05
4.3701e-05
4.5151e-05
4.66967e-05
4.83413e-05
5.0087e-05
5.19345e-05
5.38831e-05
5.59297e-05
5.80685e-05
6.02906e-05
6.25835e-05
6.49308e-05
6.73119e-05
6.97022e-05
7.20737e-05
7.43921e-05
2.12004e-05
2.13328e-05
2.14615e-05
2.15869e-05
2.17093e-05
2.18292e-05
2.19469e-05
2.20628e-05
2.21773e-05
2.22908e-05
2.24036e-05
2.25161e-05
2.26287e-05
2.27417e-05
2.28556e-05
2.29706e-05
2.30872e-05
2.32056e-05
2.33264e-05
2.34499e-05
2.35765e-05
2.37066e-05
2.38406e-05
2.3979e-05
2.41222e-05
2.42707e-05
2.4425e-05
2.45856e-05
2.47531e-05
2.49281e-05
2.51112e-05
2.5303e-05
2.55043e-05
2.57158e-05
2.59383e-05
2.61727e-05
2.64198e-05
2.66808e-05
2.69566e-05
2.72485e-05
2.75575e-05
2.78851e-05
2.82327e-05
2.86018e-05
2.89941e-05
2.94114e-05
2.98555e-05
3.03287e-05
3.0833e-05
3.1371e-05
3.19452e-05
3.25583e-05
3.32135e-05
3.39138e-05
3.46627e-05
3.54637e-05
3.63207e-05
3.72378e-05
3.82192e-05
3.92691e-05
4.03921e-05
4.15926e-05
4.28753e-05
4.42443e-05
4.57036e-05
4.72568e-05
4.89067e-05
5.0655e-05
5.2502e-05
5.44466e-05
5.64851e-05
5.86114e-05
6.08163e-05
6.30871e-05
6.54073e-05
6.77566e-05
7.01107e-05
7.24421e-05
7.47208e-05
7.69132e-05
2.12295e-05
2.13669e-05
2.15008e-05
2.16317e-05
2.176e-05
2.1886e-05
2.20102e-05
2.21328e-05
2.22544e-05
2.23752e-05
2.24957e-05
2.26163e-05
2.27372e-05
2.2859e-05
2.29819e-05
2.31065e-05
2.32329e-05
2.33618e-05
2.34934e-05
2.36282e-05
2.37666e-05
2.3909e-05
2.40559e-05
2.42078e-05
2.43651e-05
2.45284e-05
2.46982e-05
2.48751e-05
2.50597e-05
2.52526e-05
2.54544e-05
2.5666e-05
2.5888e-05
2.61213e-05
2.63668e-05
2.66254e-05
2.68981e-05
2.71859e-05
2.749e-05
2.78117e-05
2.81523e-05
2.85132e-05
2.8896e-05
2.93023e-05
2.97339e-05
3.01927e-05
3.06809e-05
3.12006e-05
3.17543e-05
3.23444e-05
3.29739e-05
3.36455e-05
3.43626e-05
3.51283e-05
3.59463e-05
3.68204e-05
3.77543e-05
3.87523e-05
3.98186e-05
4.09573e-05
4.2173e-05
4.34696e-05
4.48514e-05
4.6322e-05
4.78844e-05
4.95411e-05
5.12934e-05
5.31411e-05
5.50824e-05
5.71134e-05
5.92273e-05
6.14147e-05
6.36626e-05
6.59544e-05
6.82699e-05
7.05853e-05
7.28738e-05
7.51064e-05
7.72529e-05
7.9282e-05
2.1282e-05
2.14244e-05
2.15639e-05
2.17006e-05
2.18351e-05
2.19676e-05
2.20987e-05
2.22286e-05
2.23577e-05
2.24865e-05
2.26154e-05
2.27447e-05
2.28748e-05
2.30061e-05
2.3139e-05
2.3274e-05
2.34114e-05
2.35516e-05
2.36952e-05
2.38424e-05
2.39938e-05
2.41499e-05
2.43111e-05
2.44779e-05
2.46509e-05
2.48306e-05
2.50175e-05
2.52124e-05
2.54159e-05
2.56286e-05
2.58513e-05
2.60848e-05
2.63298e-05
2.65873e-05
2.68582e-05
2.71436e-05
2.74444e-05
2.7762e-05
2.80974e-05
2.84522e-05
2.88276e-05
2.92253e-05
2.96469e-05
3.00942e-05
3.05692e-05
3.10739e-05
3.16105e-05
3.21815e-05
3.27893e-05
3.34367e-05
3.41266e-05
3.48622e-05
3.56467e-05
3.64836e-05
3.73766e-05
3.83295e-05
3.93462e-05
4.04308e-05
4.15875e-05
4.28202e-05
4.4133e-05
4.55295e-05
4.70131e-05
4.85866e-05
5.02517e-05
5.20092e-05
5.38587e-05
5.57976e-05
5.78214e-05
5.9923e-05
6.20923e-05
6.43162e-05
6.65779e-05
6.88574e-05
7.11313e-05
7.33735e-05
7.55561e-05
7.76503e-05
7.9628e-05
8.14622e-05
2.13622e-05
2.151e-05
2.16551e-05
2.1798e-05
2.1939e-05
2.20785e-05
2.22169e-05
2.23546e-05
2.2492e-05
2.26294e-05
2.27674e-05
2.29062e-05
2.30463e-05
2.31881e-05
2.3332e-05
2.34784e-05
2.36279e-05
2.37807e-05
2.39374e-05
2.40984e-05
2.42642e-05
2.44354e-05
2.46124e-05
2.47958e-05
2.49861e-05
2.5184e-05
2.539e-05
2.56049e-05
2.58294e-05
2.60641e-05
2.63099e-05
2.65676e-05
2.68382e-05
2.71225e-05
2.74217e-05
2.77367e-05
2.80689e-05
2.84194e-05
2.87895e-05
2.91808e-05
2.95949e-05
3.00332e-05
3.04978e-05
3.09905e-05
3.15133e-05
3.20685e-05
3.26585e-05
3.32858e-05
3.3953e-05
3.46632e-05
3.54193e-05
3.62246e-05
3.70826e-05
3.79967e-05
3.89706e-05
4.00083e-05
4.11135e-05
4.22902e-05
4.35423e-05
4.48733e-05
4.62866e-05
4.77852e-05
4.93714e-05
5.10464e-05
5.28106e-05
5.46628e-05
5.65998e-05
5.86167e-05
6.07056e-05
6.28561e-05
6.50545e-05
6.72841e-05
6.95249e-05
7.1754e-05
7.39461e-05
7.60744e-05
7.81116e-05
8.00313e-05
8.18095e-05
8.34251e-05
2.14754e-05
2.16286e-05
2.17797e-05
2.1929e-05
2.2077e-05
2.22239e-05
2.23703e-05
2.25164e-05
2.26626e-05
2.28095e-05
2.29573e-05
2.31066e-05
2.32576e-05
2.34109e-05
2.35669e-05
2.3726e-05
2.38887e-05
2.40554e-05
2.42267e-05
2.4403e-05
2.45848e-05
2.47727e-05
2.49673e-05
2.51691e-05
2.53787e-05
2.55968e-05
2.5824e-05
2.60611e-05
2.63089e-05
2.65681e-05
2.68397e-05
2.71244e-05
2.74234e-05
2.77375e-05
2.80681e-05
2.84161e-05
2.8783e-05
2.917e-05
2.95787e-05
3.00106e-05
3.04674e-05
3.09509e-05
3.1463e-05
3.20058e-05
3.25814e-05
3.31924e-05
3.38411e-05
3.45303e-05
3.52629e-05
3.60417e-05
3.68701e-05
3.77513e-05
3.86888e-05
3.96863e-05
4.07473e-05
4.18755e-05
4.30746e-05
4.43483e-05
4.56997e-05
4.7132e-05
4.86475e-05
5.02481e-05
5.19346e-05
5.37066e-05
5.55622e-05
5.74977e-05
5.95074e-05
6.1583e-05
6.37132e-05
6.58843e-05
6.80793e-05
7.02782e-05
7.24587e-05
7.45963e-05
7.66655e-05
7.86405e-05
8.04967e-05
8.22122e-05
8.37686e-05
8.51521e-05
2.16276e-05
2.17865e-05
2.19438e-05
2.20999e-05
2.22553e-05
2.24102e-05
2.2565e-05
2.27202e-05
2.28762e-05
2.30333e-05
2.31919e-05
2.33526e-05
2.35157e-05
2.36817e-05
2.3851e-05
2.40241e-05
2.42015e-05
2.43837e-05
2.45711e-05
2.47644e-05
2.4964e-05
2.51705e-05
2.53846e-05
2.56069e-05
2.5838e-05
2.60786e-05
2.63294e-05
2.65914e-05
2.68651e-05
2.71517e-05
2.74519e-05
2.77667e-05
2.80973e-05
2.84447e-05
2.88102e-05
2.9195e-05
2.96005e-05
3.00282e-05
3.04797e-05
3.09567e-05
3.14609e-05
3.19944e-05
3.25591e-05
3.31574e-05
3.37915e-05
3.44639e-05
3.51773e-05
3.59345e-05
3.67386e-05
3.75925e-05
3.84995e-05
3.9463e-05
4.04865e-05
4.15734e-05
4.27271e-05
4.39512e-05
4.52488e-05
4.6623e-05
4.80763e-05
4.96106e-05
5.12273e-05
5.29265e-05
5.47072e-05
5.65667e-05
5.85007e-05
6.05027e-05
6.25635e-05
6.46717e-05
6.68129e-05
6.897e-05
7.11232e-05
7.32506e-05
7.53288e-05
7.73334e-05
7.92404e-05
8.10273e-05
8.2674e-05
8.41645e-05
8.54874e-05
8.66364e-05
2.1826e-05
2.19906e-05
2.21545e-05
2.23179e-05
2.24811e-05
2.26446e-05
2.28087e-05
2.29738e-05
2.31402e-05
2.33086e-05
2.34791e-05
2.36524e-05
2.38288e-05
2.40088e-05
2.41929e-05
2.43815e-05
2.45753e-05
2.47746e-05
2.498e-05
2.51922e-05
2.54116e-05
2.5639e-05
2.58749e-05
2.612e-05
2.63751e-05
2.66409e-05
2.69181e-05
2.72077e-05
2.75106e-05
2.78276e-05
2.81598e-05
2.85083e-05
2.88742e-05
2.92587e-05
2.96632e-05
3.0089e-05
3.05376e-05
3.10107e-05
3.15099e-05
3.2037e-05
3.2594e-05
3.31829e-05
3.38061e-05
3.44657e-05
3.51642e-05
3.59044e-05
3.6689e-05
3.75209e-05
3.8403e-05
3.93386e-05
4.03309e-05
4.13832e-05
4.24987e-05
4.36807e-05
4.49323e-05
4.62564e-05
4.76556e-05
4.9132e-05
5.0687e-05
5.23212e-05
5.40341e-05
5.5824e-05
5.76875e-05
5.96194e-05
6.16123e-05
6.36565e-05
6.574e-05
6.78478e-05
6.99629e-05
7.20656e-05
7.41348e-05
7.61477e-05
7.80817e-05
7.99145e-05
8.16256e-05
8.31972e-05
8.46156e-05
8.58714e-05
8.69604e-05
8.78833e-05
2.20788e-05
2.22496e-05
2.24204e-05
2.25915e-05
2.27632e-05
2.2936e-05
2.31101e-05
2.3286e-05
2.3464e-05
2.36447e-05
2.38284e-05
2.40156e-05
2.42068e-05
2.44023e-05
2.46028e-05
2.48088e-05
2.50207e-05
2.52392e-05
2.54647e-05
2.5698e-05
2.59397e-05
2.61903e-05
2.64506e-05
2.67214e-05
2.70034e-05
2.72974e-05
2.76042e-05
2.79249e-05
2.82603e-05
2.86115e-05
2.89797e-05
2.93658e-05
2.97713e-05
3.01973e-05
3.06455e-05
3.11171e-05
3.16139e-05
3.21376e-05
3.26899e-05
3.32729e-05
3.38886e-05
3.45392e-05
3.52271e-05
3.59546e-05
3.67244e-05
3.75392e-05
3.84019e-05
3.93153e-05
4.02825e-05
4.13066e-05
4.23906e-05
4.35377e-05
4.47507e-05
4.60326e-05
4.73857e-05
4.88122e-05
5.03137e-05
5.18909e-05
5.35438e-05
5.52711e-05
5.70702e-05
5.8937e-05
6.08654e-05
6.28471e-05
6.48718e-05
6.69267e-05
6.89967e-05
7.10646e-05
7.3111e-05
7.51155e-05
7.70567e-05
7.89131e-05
8.06647e-05
8.22931e-05
8.37831e-05
8.5123e-05
8.63058e-05
8.73289e-05
8.81946e-05
8.89094e-05
2.23964e-05
2.25736e-05
2.27518e-05
2.29311e-05
2.31121e-05
2.32949e-05
2.348e-05
2.36678e-05
2.38586e-05
2.40529e-05
2.42512e-05
2.44539e-05
2.46615e-05
2.48744e-05
2.50933e-05
2.53186e-05
2.55509e-05
2.57909e-05
2.6039e-05
2.6296e-05
2.65626e-05
2.68394e-05
2.71272e-05
2.74268e-05
2.77391e-05
2.80648e-05
2.8405e-05
2.87606e-05
2.91326e-05
2.95223e-05
2.99308e-05
3.03593e-05
3.08092e-05
3.12819e-05
3.1779e-05
3.2302e-05
3.28528e-05
3.34331e-05
3.40448e-05
3.46901e-05
3.53712e-05
3.60903e-05
3.68499e-05
3.76525e-05
3.85008e-05
3.93975e-05
4.03455e-05
4.13476e-05
4.24068e-05
4.35258e-05
4.47076e-05
4.59547e-05
4.72695e-05
4.86541e-05
5.01101e-05
5.16383e-05
5.3239e-05
5.49112e-05
5.66528e-05
5.84605e-05
6.0329e-05
6.22514e-05
6.42186e-05
6.62195e-05
6.82409e-05
7.02672e-05
7.22812e-05
7.42643e-05
7.61966e-05
7.80581e-05
7.98294e-05
8.14921e-05
8.30306e-05
8.44318e-05
8.56868e-05
8.67906e-05
8.77424e-05
8.85459e-05
8.92084e-05
8.97403e-05
2.2791e-05
2.2975e-05
2.3161e-05
2.33494e-05
2.35404e-05
2.37343e-05
2.39315e-05
2.41325e-05
2.43375e-05
2.45471e-05
2.47616e-05
2.49816e-05
2.52076e-05
2.54401e-05
2.56796e-05
2.59267e-05
2.6182e-05
2.64461e-05
2.67198e-05
2.70036e-05
2.72983e-05
2.76046e-05
2.79235e-05
2.82557e-05
2.86021e-05
2.89637e-05
2.93415e-05
2.97365e-05
3.015e-05
3.05831e-05
3.10371e-05
3.15134e-05
3.20134e-05
3.25386e-05
3.30908e-05
3.36716e-05
3.42829e-05
3.49266e-05
3.56048e-05
3.63197e-05
3.70735e-05
3.78687e-05
3.87077e-05
3.95932e-05
4.05276e-05
4.15138e-05
4.25544e-05
4.36521e-05
4.48096e-05
4.60293e-05
4.73134e-05
4.86639e-05
5.00823e-05
5.15696e-05
5.31259e-05
5.47506e-05
5.64421e-05
5.81972e-05
6.00115e-05
6.18789e-05
6.37914e-05
6.57393e-05
6.77106e-05
6.96915e-05
7.16665e-05
7.36185e-05
7.55295e-05
7.73807e-05
7.91536e-05
8.08308e-05
8.23964e-05
8.3837e-05
8.51425e-05
8.63061e-05
8.73251e-05
8.82005e-05
8.89374e-05
8.95435e-05
9.00296e-05
9.04081e-05
2.32777e-05
2.3469e-05
2.36637e-05
2.38619e-05
2.4064e-05
2.42702e-05
2.4481e-05
2.46966e-05
2.49175e-05
2.51442e-05
2.53771e-05
2.56166e-05
2.58634e-05
2.61179e-05
2.63808e-05
2.66526e-05
2.69339e-05
2.72255e-05
2.7528e-05
2.78422e-05
2.81689e-05
2.85088e-05
2.88629e-05
2.92321e-05
2.96174e-05
3.00197e-05
3.04402e-05
3.088e-05
3.13405e-05
3.18228e-05
3.23284e-05
3.28587e-05
3.34153e-05
3.39999e-05
3.46142e-05
3.52601e-05
3.59394e-05
3.66543e-05
3.74069e-05
3.81994e-05
3.90342e-05
3.99137e-05
4.08403e-05
4.18165e-05
4.28449e-05
4.39279e-05
4.5068e-05
4.62675e-05
4.75284e-05
4.88525e-05
5.02411e-05
5.16953e-05
5.32151e-05
5.48001e-05
5.64486e-05
5.8158e-05
5.99242e-05
6.17417e-05
6.36034e-05
6.55004e-05
6.74219e-05
6.93555e-05
7.12872e-05
7.32012e-05
7.50809e-05
7.69092e-05
7.86687e-05
8.03428e-05
8.19162e-05
8.33755e-05
8.47102e-05
8.59125e-05
8.69784e-05
8.79072e-05
8.87018e-05
8.93681e-05
8.99146e-05
9.03521e-05
9.06924e-05
9.09483e-05
2.38755e-05
2.40749e-05
2.42791e-05
2.44883e-05
2.47028e-05
2.49228e-05
2.51488e-05
2.5381e-05
2.562e-05
2.5866e-05
2.61197e-05
2.63815e-05
2.66519e-05
2.69316e-05
2.72211e-05
2.7521e-05
2.78321e-05
2.8155e-05
2.84905e-05
2.88395e-05
2.92027e-05
2.9581e-05
2.99753e-05
3.03868e-05
3.08164e-05
3.12652e-05
3.17345e-05
3.22254e-05
3.27393e-05
3.32777e-05
3.3842e-05
3.44338e-05
3.50547e-05
3.57065e-05
3.6391e-05
3.71102e-05
3.78662e-05
3.86609e-05
3.94966e-05
4.03755e-05
4.13e-05
4.22723e-05
4.32948e-05
4.43697e-05
4.54994e-05
4.66858e-05
4.79308e-05
4.9236e-05
5.06027e-05
5.20315e-05
5.35227e-05
5.50755e-05
5.66884e-05
5.8359e-05
6.00834e-05
6.18564e-05
6.36715e-05
6.55205e-05
6.73935e-05
6.92791e-05
7.11643e-05
7.3035e-05
7.48757e-05
7.66705e-05
7.84035e-05
8.0059e-05
8.16227e-05
8.30815e-05
8.44251e-05
8.56454e-05
8.67375e-05
8.76999e-05
8.85338e-05
8.92437e-05
8.98364e-05
9.0321e-05
9.07078e-05
9.10083e-05
9.12343e-05
9.13971e-05
2.46089e-05
2.48173e-05
2.50321e-05
2.52537e-05
2.54823e-05
2.57181e-05
2.59614e-05
2.62126e-05
2.64722e-05
2.67405e-05
2.7018e-05
2.73053e-05
2.76029e-05
2.79115e-05
2.82316e-05
2.85639e-05
2.89092e-05
2.92683e-05
2.96418e-05
3.00307e-05
3.04359e-05
3.08584e-05
3.12991e-05
3.17592e-05
3.22398e-05
3.2742e-05
3.32672e-05
3.38168e-05
3.4392e-05
3.49945e-05
3.56258e-05
3.62876e-05
3.69817e-05
3.77098e-05
3.84738e-05
3.92758e-05
4.01178e-05
4.10019e-05
4.19301e-05
4.29047e-05
4.39277e-05
4.50013e-05
4.61275e-05
4.7308e-05
4.85445e-05
4.98385e-05
5.11908e-05
5.2602e-05
5.40721e-05
5.56002e-05
5.71848e-05
5.88232e-05
6.05118e-05
6.22457e-05
6.40185e-05
6.58224e-05
6.76483e-05
6.94856e-05
7.13222e-05
7.31449e-05
7.49396e-05
7.66917e-05
7.83864e-05
8.00093e-05
8.15469e-05
8.29872e-05
8.43201e-05
8.5538e-05
8.66358e-05
8.76112e-05
8.84649e-05
8.92001e-05
8.98226e-05
9.03399e-05
9.07611e-05
9.10965e-05
9.13566e-05
9.15521e-05
9.1693e-05
9.17889e-05
2.55101e-05
2.57286e-05
2.59558e-05
2.61917e-05
2.64365e-05
2.66904e-05
2.69538e-05
2.72271e-05
2.75105e-05
2.78046e-05
2.81098e-05
2.84268e-05
2.8756e-05
2.90981e-05
2.94538e-05
2.98238e-05
3.02089e-05
3.06098e-05
3.10275e-05
3.14629e-05
3.19169e-05
3.23906e-05
3.28851e-05
3.34015e-05
3.39411e-05
3.45051e-05
3.5095e-05
3.57121e-05
3.63579e-05
3.70341e-05
3.77423e-05
3.84841e-05
3.92615e-05
4.00762e-05
4.09302e-05
4.18253e-05
4.27636e-05
4.3747e-05
4.47773e-05
4.58565e-05
4.69863e-05
4.81683e-05
4.94039e-05
5.06941e-05
5.20397e-05
5.34408e-05
5.48971e-05
5.64077e-05
5.79706e-05
5.95832e-05
6.12417e-05
6.2941e-05
6.46751e-05
6.64364e-05
6.82161e-05
7.00042e-05
7.17894e-05
7.35595e-05
7.53013e-05
7.70014e-05
7.86463e-05
8.02228e-05
8.17186e-05
8.31228e-05
8.44261e-05
8.56214e-05
8.67041e-05
8.76719e-05
8.8525e-05
8.92663e-05
8.99005e-05
9.04343e-05
9.08757e-05
9.12337e-05
9.1518e-05
9.17381e-05
9.19035e-05
9.20229e-05
9.21044e-05
9.21548e-05
2.66225e-05
2.6853e-05
2.70946e-05
2.73473e-05
2.76112e-05
2.78865e-05
2.81736e-05
2.84727e-05
2.87843e-05
2.91087e-05
2.94466e-05
2.97984e-05
3.01648e-05
3.05464e-05
3.0944e-05
3.13583e-05
3.17901e-05
3.22403e-05
3.27099e-05
3.31998e-05
3.3711e-05
3.42447e-05
3.48021e-05
3.53843e-05
3.59928e-05
3.66287e-05
3.72937e-05
3.79891e-05
3.87166e-05
3.94776e-05
4.0274e-05
4.11075e-05
4.19797e-05
4.28924e-05
4.38475e-05
4.48466e-05
4.58914e-05
4.69835e-05
4.81245e-05
4.93155e-05
5.05577e-05
5.18517e-05
5.31979e-05
5.45962e-05
5.60458e-05
5.75453e-05
5.90926e-05
6.06846e-05
6.23173e-05
6.39856e-05
6.56832e-05
6.74027e-05
6.91356e-05
7.08722e-05
7.26019e-05
7.4313e-05
7.59936e-05
7.76313e-05
7.92139e-05
8.07294e-05
8.2167e-05
8.3517e-05
8.47714e-05
8.59239e-05
8.69705e-05
8.79096e-05
8.87415e-05
8.94687e-05
9.00957e-05
9.06285e-05
9.10742e-05
9.14411e-05
9.17376e-05
9.19726e-05
9.21544e-05
9.22912e-05
9.23903e-05
9.24583e-05
9.25007e-05
9.25224e-05
2.8007e-05
2.82522e-05
2.85112e-05
2.87842e-05
2.90711e-05
2.93722e-05
2.96876e-05
3.00178e-05
3.03631e-05
3.07239e-05
3.11008e-05
3.14943e-05
3.19051e-05
3.23339e-05
3.27815e-05
3.32485e-05
3.3736e-05
3.42449e-05
3.4776e-05
3.53306e-05
3.59096e-05
3.65143e-05
3.71459e-05
3.78057e-05
3.8495e-05
3.92152e-05
3.99679e-05
4.07544e-05
4.15763e-05
4.24352e-05
4.33326e-05
4.42702e-05
4.52495e-05
4.62719e-05
4.73389e-05
4.84518e-05
4.96117e-05
5.08196e-05
5.20759e-05
5.33811e-05
5.4735e-05
5.6137e-05
5.75859e-05
5.90797e-05
6.06158e-05
6.21908e-05
6.38001e-05
6.54383e-05
6.70991e-05
6.87749e-05
7.04573e-05
7.21369e-05
7.38036e-05
7.54465e-05
7.70546e-05
7.86167e-05
8.01219e-05
8.15598e-05
8.29209e-05
8.41971e-05
8.53819e-05
8.64702e-05
8.74593e-05
8.8348e-05
8.91374e-05
8.98301e-05
9.04305e-05
9.09441e-05
9.13777e-05
9.17385e-05
9.20343e-05
9.22729e-05
9.24618e-05
9.26084e-05
9.27192e-05
9.28001e-05
9.28562e-05
9.28919e-05
9.29106e-05
9.29152e-05
2.97524e-05
3.0016e-05
3.02969e-05
3.05951e-05
3.09105e-05
3.12434e-05
3.15938e-05
3.19621e-05
3.23487e-05
3.2754e-05
3.31785e-05
3.36229e-05
3.40878e-05
3.45739e-05
3.5082e-05
3.5613e-05
3.61678e-05
3.67473e-05
3.73527e-05
3.79849e-05
3.86451e-05
3.93346e-05
4.00545e-05
4.08062e-05
4.15909e-05
4.24101e-05
4.32652e-05
4.41574e-05
4.50881e-05
4.60587e-05
4.70705e-05
4.81246e-05
4.92221e-05
5.03639e-05
5.15507e-05
5.27829e-05
5.40607e-05
5.53837e-05
5.67512e-05
5.8162e-05
5.96142e-05
6.11052e-05
6.26317e-05
6.41897e-05
6.57742e-05
6.73792e-05
6.89981e-05
7.06231e-05
7.22461e-05
7.38578e-05
7.54486e-05
7.70086e-05
7.85277e-05
7.99961e-05
8.14044e-05
8.27438e-05
8.40068e-05
8.51869e-05
8.62792e-05
8.72805e-05
8.81892e-05
8.90053e-05
8.97306e-05
9.03681e-05
9.09224e-05
9.13988e-05
9.18036e-05
9.21434e-05
9.24251e-05
9.26558e-05
9.28419e-05
9.29899e-05
9.31055e-05
9.31939e-05
9.32594e-05
9.33059e-05
9.33365e-05
9.33536e-05
9.33591e-05
9.33543e-05
3.19928e-05
3.22811e-05
3.25908e-05
3.29217e-05
3.32739e-05
3.36473e-05
3.40421e-05
3.44586e-05
3.48972e-05
3.53583e-05
3.58425e-05
3.63503e-05
3.68824e-05
3.74395e-05
3.80226e-05
3.86324e-05
3.92698e-05
3.99359e-05
4.06316e-05
4.13581e-05
4.21164e-05
4.29077e-05
4.37331e-05
4.45938e-05
4.54909e-05
4.64255e-05
4.73988e-05
4.84117e-05
4.94651e-05
5.05598e-05
5.16963e-05
5.28751e-05
5.40961e-05
5.53593e-05
5.6664e-05
5.80092e-05
5.93934e-05
6.08145e-05
6.22697e-05
6.37557e-05
6.52685e-05
6.68031e-05
6.83539e-05
6.99147e-05
7.14783e-05
7.3037e-05
7.45826e-05
7.61064e-05
7.75996e-05
7.90534e-05
8.04589e-05
8.1808e-05
8.30931e-05
8.43075e-05
8.54456e-05
8.65033e-05
8.74774e-05
8.83667e-05
8.9171e-05
8.98916e-05
9.05312e-05
9.10934e-05
9.15829e-05
9.20049e-05
9.23652e-05
9.267e-05
9.29252e-05
9.31368e-05
9.33106e-05
9.34518e-05
9.35653e-05
9.36554e-05
9.37256e-05
9.37792e-05
9.38188e-05
9.38462e-05
9.38632e-05
9.38707e-05
9.38694e-05
9.38598e-05
3.4943e-05
3.52666e-05
3.56165e-05
3.59923e-05
3.6394e-05
3.68216e-05
3.72752e-05
3.7755e-05
3.82614e-05
3.87948e-05
3.93558e-05
3.99448e-05
4.05626e-05
4.12099e-05
4.18873e-05
4.25958e-05
4.33361e-05
4.41092e-05
4.49159e-05
4.57571e-05
4.66338e-05
4.75466e-05
4.84965e-05
4.94842e-05
5.05102e-05
5.15752e-05
5.26794e-05
5.38229e-05
5.50057e-05
5.62273e-05
5.7487e-05
5.87838e-05
6.01161e-05
6.14818e-05
6.28784e-05
6.43028e-05
6.57513e-05
6.72195e-05
6.87024e-05
7.01945e-05
7.16895e-05
7.31807e-05
7.4661e-05
7.61229e-05
7.75585e-05
7.89603e-05
8.03204e-05
8.16317e-05
8.28873e-05
8.40811e-05
8.52079e-05
8.62633e-05
8.72443e-05
8.81489e-05
8.89764e-05
8.97271e-05
9.04027e-05
9.10056e-05
9.15393e-05
9.20079e-05
9.2416e-05
9.27688e-05
9.30715e-05
9.33293e-05
9.35475e-05
9.37309e-05
9.38841e-05
9.40115e-05
9.41167e-05
9.42032e-05
9.42737e-05
9.43307e-05
9.4376e-05
9.44112e-05
9.44374e-05
9.44555e-05
9.44659e-05
9.4469e-05
9.44647e-05
9.4453e-05
3.89657e-05
3.9345e-05
3.97558e-05
4.01979e-05
4.0671e-05
4.11754e-05
4.17109e-05
4.22779e-05
4.28766e-05
4.35073e-05
4.41704e-05
4.48664e-05
4.55958e-05
4.63592e-05
4.7157e-05
4.79897e-05
4.8858e-05
4.97622e-05
5.07028e-05
5.16801e-05
5.26942e-05
5.37453e-05
5.48333e-05
5.59578e-05
5.71183e-05
5.83139e-05
5.95436e-05
6.08058e-05
6.20985e-05
6.34196e-05
6.47661e-05
6.61348e-05
6.7522e-05
6.89233e-05
7.0334e-05
7.17488e-05
7.3162e-05
7.45677e-05
7.59594e-05
7.73305e-05
7.86746e-05
7.9985e-05
8.12552e-05
8.24794e-05
8.36519e-05
8.47678e-05
8.58228e-05
8.68136e-05
8.77378e-05
8.85938e-05
8.93812e-05
9.01002e-05
9.07523e-05
9.13396e-05
9.18648e-05
9.23314e-05
9.27432e-05
9.31046e-05
9.34197e-05
9.36932e-05
9.39293e-05
9.41325e-05
9.43066e-05
9.44556e-05
9.45827e-05
9.46912e-05
9.47836e-05
9.48623e-05
9.49293e-05
9.49861e-05
9.50341e-05
9.50743e-05
9.51073e-05
9.51338e-05
9.51538e-05
9.51677e-05
9.51754e-05
9.51766e-05
9.51713e-05
9.51589e-05
4.47163e-05
4.51935e-05
4.57068e-05
4.62562e-05
4.68415e-05
4.74628e-05
4.81201e-05
4.88134e-05
4.95427e-05
5.03082e-05
5.11099e-05
5.19478e-05
5.28219e-05
5.3732e-05
5.46779e-05
5.56594e-05
5.66759e-05
5.77269e-05
5.88113e-05
5.99283e-05
6.10764e-05
6.2254e-05
6.34592e-05
6.46897e-05
6.59429e-05
6.72157e-05
6.85048e-05
6.98065e-05
7.11166e-05
7.24307e-05
7.37439e-05
7.50513e-05
7.63475e-05
7.76272e-05
7.88849e-05
8.01151e-05
8.13127e-05
8.24724e-05
8.35897e-05
8.46601e-05
8.568e-05
8.66462e-05
8.75562e-05
8.84082e-05
8.92012e-05
8.99349e-05
9.06096e-05
9.12265e-05
9.17873e-05
9.22942e-05
9.27498e-05
9.31574e-05
9.352e-05
9.38414e-05
9.4125e-05
9.43745e-05
9.45934e-05
9.47851e-05
9.49528e-05
9.50994e-05
9.52278e-05
9.53403e-05
9.54391e-05
9.55261e-05
9.5603e-05
9.56711e-05
9.57315e-05
9.57852e-05
9.58327e-05
9.58747e-05
9.59114e-05
9.59432e-05
9.597e-05
9.59919e-05
9.60088e-05
9.60206e-05
9.60269e-05
9.60275e-05
9.6022e-05
9.60101e-05
5.34552e-05
5.41263e-05
5.48322e-05
5.55732e-05
5.6349e-05
5.71596e-05
5.80044e-05
5.88829e-05
5.97943e-05
6.07379e-05
6.17124e-05
6.27166e-05
6.37488e-05
6.48074e-05
6.58904e-05
6.69954e-05
6.81199e-05
6.92612e-05
7.04163e-05
7.15817e-05
7.27542e-05
7.39298e-05
7.51048e-05
7.6275e-05
7.74362e-05
7.85843e-05
7.97151e-05
8.08242e-05
8.19076e-05
8.29615e-05
8.39821e-05
8.49661e-05
8.59103e-05
8.68123e-05
8.76698e-05
8.8481e-05
8.92448e-05
8.99605e-05
9.06279e-05
9.12471e-05
9.18191e-05
9.23448e-05
9.2826e-05
9.32644e-05
9.36622e-05
9.40217e-05
9.43456e-05
9.46363e-05
9.48967e-05
9.51294e-05
9.53369e-05
9.55219e-05
9.56868e-05
9.58338e-05
9.59651e-05
9.60825e-05
9.61879e-05
9.62828e-05
9.63685e-05
9.64464e-05
9.65173e-05
9.65822e-05
9.66418e-05
9.66966e-05
9.67471e-05
9.67937e-05
9.68365e-05
9.68758e-05
9.69117e-05
9.69441e-05
9.6973e-05
9.69983e-05
9.702e-05
9.70378e-05
9.70517e-05
9.70612e-05
9.70663e-05
9.70666e-05
9.70618e-05
9.70516e-05
6.7679e-05
6.87614e-05
6.98452e-05
7.09291e-05
7.20115e-05
7.30905e-05
7.41645e-05
7.52314e-05
7.62893e-05
7.7336e-05
7.83695e-05
7.93876e-05
8.0388e-05
8.13688e-05
8.23278e-05
8.3263e-05
8.41724e-05
8.50542e-05
8.59069e-05
8.67288e-05
8.75187e-05
8.82753e-05
8.89979e-05
8.96857e-05
9.03382e-05
9.09553e-05
9.15368e-05
9.20831e-05
9.25945e-05
9.30718e-05
9.35156e-05
9.39272e-05
9.43076e-05
9.46582e-05
9.49803e-05
9.52754e-05
9.55452e-05
9.57913e-05
9.60152e-05
9.62187e-05
9.64033e-05
9.65706e-05
9.67222e-05
9.68595e-05
9.6984e-05
9.7097e-05
9.71996e-05
9.72931e-05
9.73784e-05
9.74566e-05
9.75284e-05
9.75947e-05
9.76561e-05
9.77132e-05
9.77665e-05
9.78165e-05
9.78635e-05
9.79079e-05
9.79498e-05
9.79894e-05
9.80271e-05
9.80627e-05
9.80964e-05
9.81284e-05
9.81584e-05
9.81867e-05
9.82131e-05
9.82376e-05
9.82601e-05
9.82806e-05
9.8299e-05
9.83151e-05
9.8329e-05
9.83403e-05
9.83491e-05
9.83552e-05
9.83583e-05
9.83584e-05
9.83553e-05
9.83486e-05
6.42261e-14
6.50648e-14
6.55847e-14
6.91312e-14
7.02646e-14
7.07632e-14
7.10819e-14
7.05452e-14
6.98608e-14
6.85412e-14
6.69924e-14
6.52653e-14
6.35598e-14
6.19267e-14
6.02798e-14
5.88477e-14
5.74335e-14
5.60969e-14
5.48229e-14
5.36818e-14
5.20888e-14
5.09094e-14
5.06889e-14
5.2462e-14
5.31997e-14
5.39253e-14
5.45412e-14
5.52037e-14
5.60969e-14
5.76448e-14
5.94122e-14
6.26179e-14
6.91425e-14
7.85717e-14
9.17259e-14
1.1056e-13
1.4688e-13
2.12876e-13
3.04788e-13
5.31486e-13
1.24999e-11
1.26857e-11
1.2787e-11
1.34782e-11
1.36995e-11
1.37967e-11
1.38594e-11
1.37551e-11
1.36222e-11
1.33657e-11
1.30642e-11
1.27284e-11
1.23965e-11
1.20789e-11
1.17582e-11
1.14788e-11
1.12028e-11
1.09417e-11
1.06926e-11
1.04692e-11
1.0158e-11
9.92718e-12
9.88355e-12
1.02285e-11
1.03716e-11
1.05123e-11
1.06319e-11
1.07606e-11
1.09345e-11
1.12363e-11
1.15811e-11
1.22063e-11
1.34789e-11
1.53179e-11
1.78833e-11
2.15563e-11
2.86394e-11
4.15106e-11
5.94392e-11
1.03631e-10
3.33591e-10
3.38902e-10
3.416e-10
3.60041e-10
3.65966e-10
3.68548e-10
3.70244e-10
3.67463e-10
3.63931e-10
3.57094e-10
3.49058e-10
3.40115e-10
3.31268e-10
3.22803e-10
3.14246e-10
3.06784e-10
2.99406e-10
2.92415e-10
2.85737e-10
2.79754e-10
2.7142e-10
2.65236e-10
2.64049e-10
2.73249e-10
2.77051e-10
2.80793e-10
2.83973e-10
2.87401e-10
2.92042e-10
3.00106e-10
3.09327e-10
3.26042e-10
3.60056e-10
4.0921e-10
4.77776e-10
5.75932e-10
7.65195e-10
1.10932e-09
1.58921e-09
2.76479e-09
3.34671e-09
3.40364e-09
3.43038e-09
3.61495e-09
3.67429e-09
3.70006e-09
3.71714e-09
3.68924e-09
3.65401e-09
3.58556e-09
3.50521e-09
3.41572e-09
3.32725e-09
3.24251e-09
3.15678e-09
3.08198e-09
3.00794e-09
2.93766e-09
2.87036e-09
2.81026e-09
2.72637e-09
2.66421e-09
2.65199e-09
2.74424e-09
2.78213e-09
2.81963e-09
2.85143e-09
2.88578e-09
2.9324e-09
3.01347e-09
3.10629e-09
3.27439e-09
3.61631e-09
4.11031e-09
4.79918e-09
5.78462e-09
7.68352e-09
1.11427e-08
1.59866e-08
2.75233e-08
1.94394e-08
1.97871e-08
1.99366e-08
2.09979e-08
2.1339e-08
2.1486e-08
2.15845e-08
2.14226e-08
2.12201e-08
2.08249e-08
2.03622e-08
1.98462e-08
1.93365e-08
1.88477e-08
1.83526e-08
1.79205e-08
1.74925e-08
1.70848e-08
1.66934e-08
1.63454e-08
1.58577e-08
1.54972e-08
1.5424e-08
1.59585e-08
1.61761e-08
1.63938e-08
1.65781e-08
1.67776e-08
1.70489e-08
1.75214e-08
1.80637e-08
1.90423e-08
2.10315e-08
2.39021e-08
2.78998e-08
3.36022e-08
4.45653e-08
6.45932e-08
9.2839e-08
1.54842e-07
7.93718e-08
8.07813e-08
8.13431e-08
8.55658e-08
8.69143e-08
8.74924e-08
8.78793e-08
8.72243e-08
8.64144e-08
8.48288e-08
8.29797e-08
8.09107e-08
7.88732e-08
7.69135e-08
7.49267e-08
7.31927e-08
7.14727e-08
6.98261e-08
6.82417e-08
6.6837e-08
6.48605e-08
6.33987e-08
6.30905e-08
6.52503e-08
6.61239e-08
6.7009e-08
6.77583e-08
6.85721e-08
6.96824e-08
7.16169e-08
7.38475e-08
7.78414e-08
8.59377e-08
9.75841e-08
1.13735e-07
1.36587e-07
1.80228e-07
2.59953e-07
3.72823e-07
5.80045e-07
2.53637e-07
2.57493e-07
2.59039e-07
2.71777e-07
2.75815e-07
2.77504e-07
2.78652e-07
2.7661e-07
2.74134e-07
2.69271e-07
2.63627e-07
2.57292e-07
2.51066e-07
2.45066e-07
2.38971e-07
2.33648e-07
2.28352e-07
2.23249e-07
2.18329e-07
2.13967e-07
2.07803e-07
2.0322e-07
2.02205e-07
2.08921e-07
2.11641e-07
2.1442e-07
2.16791e-07
2.19377e-07
2.22924e-07
2.29091e-07
2.36256e-07
2.48894e-07
2.7432e-07
3.10631e-07
3.60466e-07
4.29703e-07
5.5995e-07
7.95809e-07
1.12705e-06
1.56442e-06
6.77113e-07
6.82897e-07
6.86086e-07
7.166e-07
7.26151e-07
7.29971e-07
7.32626e-07
7.2747e-07
7.21392e-07
7.09411e-07
6.95609e-07
6.80037e-07
6.64769e-07
6.50036e-07
6.35022e-07
6.219e-07
6.08741e-07
5.95982e-07
5.83632e-07
5.72668e-07
5.57065e-07
5.45322e-07
5.42541e-07
5.5949e-07
5.66468e-07
5.73595e-07
5.79798e-07
5.866e-07
5.96007e-07
6.12245e-07
6.31288e-07
6.6405e-07
7.28927e-07
8.20296e-07
9.43087e-07
1.1082e-06
1.41128e-06
1.95191e-06
2.69803e-06
3.25177e-06
1.56248e-06
1.55758e-06
1.5623e-06
1.62107e-06
1.63926e-06
1.64576e-06
1.65066e-06
1.6398e-06
1.62756e-06
1.60336e-06
1.57572e-06
1.54442e-06
1.51373e-06
1.48419e-06
1.45392e-06
1.4275e-06
1.40058e-06
1.37434e-06
1.34878e-06
1.3261e-06
1.29335e-06
1.26822e-06
1.26165e-06
1.29718e-06
1.31238e-06
1.32779e-06
1.34169e-06
1.35705e-06
1.37847e-06
1.41486e-06
1.45794e-06
1.52928e-06
1.66685e-06
1.85624e-06
2.1022e-06
2.4179e-06
2.98424e-06
3.9948e-06
5.37794e-06
5.63734e-06
3.16646e-06
3.10486e-06
3.10881e-06
3.20051e-06
3.22838e-06
3.23635e-06
3.24338e-06
3.22392e-06
3.20321e-06
3.16236e-06
3.11626e-06
3.06391e-06
3.01261e-06
2.96366e-06
2.9131e-06
2.8693e-06
2.82346e-06
2.77871e-06
2.73472e-06
2.69589e-06
2.63839e-06
2.59305e-06
2.57948e-06
2.64223e-06
2.67107e-06
2.70008e-06
2.72756e-06
2.75834e-06
2.80128e-06
2.87235e-06
2.9568e-06
3.08958e-06
3.3362e-06
3.66528e-06
4.07331e-06
4.5712e-06
5.47044e-06
7.14863e-06
9.44247e-06
8.74676e-06
5.72344e-06
5.49952e-06
5.49752e-06
5.61553e-06
5.65082e-06
5.65591e-06
5.66371e-06
5.63271e-06
5.60205e-06
5.5422e-06
5.47565e-06
5.40035e-06
5.3265e-06
5.25747e-06
5.18549e-06
5.12429e-06
5.05758e-06
4.99281e-06
4.92844e-06
4.87272e-06
4.78631e-06
4.71584e-06
4.69091e-06
4.7875e-06
4.83749e-06
4.88757e-06
4.93786e-06
4.99502e-06
5.07377e-06
5.19897e-06
5.34674e-06
5.56454e-06
5.95082e-06
6.44642e-06
7.02737e-06
7.71336e-06
9.04379e-06
1.17473e-05
1.52893e-05
1.26862e-05
9.44481e-06
8.86683e-06
8.85125e-06
8.97992e-06
9.01696e-06
9.01248e-06
9.0179e-06
8.97219e-06
8.93007e-06
8.85014e-06
8.76277e-06
8.66483e-06
8.56896e-06
8.4825e-06
8.3914e-06
8.31682e-06
8.23047e-06
8.14819e-06
8.06546e-06
7.99682e-06
7.88165e-06
7.78359e-06
7.74198e-06
7.87916e-06
7.96329e-06
8.04788e-06
8.13741e-06
8.24045e-06
8.3782e-06
8.5856e-06
8.82459e-06
9.1518e-06
9.70241e-06
1.0374e-05
1.11139e-05
1.20128e-05
1.40241e-05
1.83793e-05
2.33797e-05
1.75016e-05
1.46065e-05
1.3364e-05
1.3325e-05
1.34423e-05
1.3474e-05
1.34499e-05
1.34488e-05
1.3384e-05
1.33283e-05
1.32272e-05
1.31183e-05
1.29988e-05
1.28821e-05
1.27831e-05
1.26773e-05
1.25967e-05
1.24945e-05
1.2401e-05
1.23056e-05
1.22336e-05
1.20933e-05
1.19671e-05
1.19013e-05
1.20915e-05
1.22342e-05
1.23794e-05
1.25382e-05
1.27224e-05
1.29581e-05
1.32898e-05
1.36553e-05
1.41159e-05
1.48483e-05
1.56831e-05
1.65585e-05
1.77977e-05
2.10012e-05
2.77889e-05
3.38951e-05
2.28419e-05
2.16308e-05
1.92636e-05
1.91867e-05
1.92666e-05
1.9283e-05
1.92275e-05
1.92133e-05
1.91246e-05
1.90519e-05
1.89287e-05
1.87977e-05
1.86578e-05
1.85227e-05
1.84188e-05
1.83062e-05
1.82315e-05
1.81215e-05
1.80291e-05
1.79329e-05
1.78751e-05
1.77183e-05
1.75645e-05
1.74626e-05
1.77276e-05
1.79729e-05
1.82258e-05
1.85058e-05
1.88321e-05
1.92285e-05
1.97442e-05
2.02742e-05
2.0879e-05
2.1786e-05
2.27315e-05
2.37423e-05
2.56422e-05
3.07648e-05
4.04729e-05
4.54186e-05
2.88522e-05
3.10379e-05
2.67853e-05
2.66684e-05
2.66832e-05
2.66725e-05
2.65748e-05
2.65373e-05
2.6428e-05
2.63417e-05
2.62089e-05
2.60709e-05
2.59305e-05
2.58141e-05
2.57434e-05
2.56409e-05
2.55904e-05
2.54918e-05
2.54241e-05
2.53522e-05
2.53402e-05
2.51878e-05
2.50164e-05
2.48779e-05
2.52945e-05
2.5725e-05
2.61648e-05
2.66505e-05
2.72192e-05
2.78723e-05
2.86477e-05
2.93572e-05
2.9934e-05
3.07967e-05
3.17876e-05
3.32277e-05
3.6293e-05
4.39009e-05
5.61214e-05
5.76151e-05
3.54601e-05
4.31127e-05
3.63309e-05
3.61682e-05
3.60986e-05
3.60515e-05
3.58965e-05
3.58303e-05
3.56952e-05
3.55935e-05
3.54499e-05
3.53042e-05
3.51636e-05
3.50713e-05
3.50675e-05
3.50822e-05
3.51554e-05
3.51731e-05
3.5173e-05
3.51705e-05
3.52537e-05
3.51456e-05
3.49786e-05
3.48386e-05
3.56047e-05
3.63507e-05
3.71099e-05
3.79426e-05
3.89144e-05
3.99628e-05
4.09097e-05
4.12675e-05
4.15421e-05
4.2264e-05
4.3258e-05
4.53121e-05
5.00068e-05
6.00112e-05
7.34506e-05
6.98502e-05
4.26146e-05
5.85072e-05
4.85073e-05
4.8318e-05
4.81341e-05
4.80377e-05
4.78072e-05
4.77045e-05
4.75428e-05
4.74281e-05
4.72811e-05
4.71369e-05
4.70082e-05
4.69664e-05
4.70566e-05
4.72052e-05
4.743e-05
4.76582e-05
4.79444e-05
4.82546e-05
4.85938e-05
4.86026e-05
4.84675e-05
4.84256e-05
4.99252e-05
5.11664e-05
5.2331e-05
5.35404e-05
5.47983e-05
5.58945e-05
5.68231e-05
5.65882e-05
5.62639e-05
5.66112e-05
5.75375e-05
6.03227e-05
6.67251e-05
7.85331e-05
9.09059e-05
8.15694e-05
5.04187e-05
7.81389e-05
6.4078e-05
6.39316e-05
6.3592e-05
6.34308e-05
6.31012e-05
6.29532e-05
6.27659e-05
6.2643e-05
6.25032e-05
6.23747e-05
6.22767e-05
6.23276e-05
6.2563e-05
6.28965e-05
6.33288e-05
6.38205e-05
6.44335e-05
6.51239e-05
6.58816e-05
6.60753e-05
6.57806e-05
6.59033e-05
6.85341e-05
7.03159e-05
7.19981e-05
7.36746e-05
7.52946e-05
7.64188e-05
7.71276e-05
7.58057e-05
7.43882e-05
7.40049e-05
7.47492e-05
7.82726e-05
8.59155e-05
9.71733e-05
0.000107554
9.25583e-05
5.91262e-05
0.000103108
8.41045e-05
8.41558e-05
8.35985e-05
8.33531e-05
8.28926e-05
8.26878e-05
8.24736e-05
8.23429e-05
8.22143e-05
8.21107e-05
8.20584e-05
8.22497e-05
8.2686e-05
8.32695e-05
8.39705e-05
8.48034e-05
8.5799e-05
8.6944e-05
8.81226e-05
8.84127e-05
8.78947e-05
8.82773e-05
9.24194e-05
9.4853e-05
9.70836e-05
9.91944e-05
0.000101113
0.000102039
0.000102089
9.89661e-05
9.57864e-05
9.41827e-05
9.44548e-05
9.82535e-05
0.000105321
0.000115769
0.000123172
0.000102998
6.90476e-05
0.000134787
0.000110137
0.000110658
0.000109784
0.000109424
0.000108784
0.0001085
0.000108242
0.000108082
0.000107937
0.000107836
0.000107815
0.000108168
0.000108822
0.000109682
0.00011067
0.00011189
0.000113287
0.000114893
0.000116387
0.000116526
0.000115595
0.000116412
0.000122492
0.000125587
0.000128313
0.000130685
0.000132614
0.00013281
0.000131397
0.000125485
0.000119615
0.000116059
0.000115014
0.000117492
0.000124668
0.000134947
0.000137891
0.000113321
8.0441e-05
0.000174826
0.000144459
0.000145848
0.000144496
0.000143964
0.000143061
0.000142644
0.000142276
0.000142
0.000141732
0.000141524
0.000141435
0.000141887
0.000142664
0.000143705
0.000144882
0.00014643
0.000148141
0.000150056
0.000151525
0.00015105
0.000149457
0.000151116
0.000159595
0.000163259
0.000166264
0.000168441
0.00016956
0.000167945
0.00016369
0.000153647
0.000143722
0.000136951
0.000132983
0.000136576
0.0001455
0.000155121
0.000151863
0.000123985
9.3511e-05
0.000224996
0.000190299
0.000193042
0.000190967
0.00019015
0.000188834
0.000188157
0.000187518
0.000186912
0.000186254
0.000185657
0.000185236
0.000185541
0.000186144
0.000187056
0.000188133
0.000189775
0.000191532
0.000193372
0.000194126
0.000192351
0.000189899
0.000193148
0.000204451
0.000208297
0.000210926
0.000211776
0.000210118
0.000204641
0.000195494
0.00017978
0.000163743
0.000153734
0.00015077
0.000157647
0.000168944
0.00017537
0.000164798
0.000135332
0.000108526
0.000286664
0.000251652
0.00025619
0.000253085
0.000251788
0.00024982
0.000248647
0.000247441
0.000246091
0.000244539
0.000242997
0.000241708
0.000241345
0.000241192
0.00024138
0.000241795
0.000243057
0.000244351
0.000245424
0.000244372
0.000240336
0.000236773
0.000242246
0.000256464
0.000259273
0.000259903
0.000256917
0.000248724
0.000236081
0.000219906
0.000197347
0.000179734
0.000170964
0.000171133
0.000182374
0.000193867
0.000193708
0.000176136
0.000147622
0.000125951
0.000359656
0.000331608
0.000338038
0.000333719
0.000331669
0.000328742
0.000326728
0.000324524
0.000321821
0.000318606
0.000315243
0.000312218
0.000310324
0.000308544
0.000307128
0.000306004
0.00030608
0.000306087
0.000305347
0.000301089
0.000293406
0.000287851
0.00029426
0.000310376
0.000309289
0.000304847
0.000293667
0.00027387
0.000251996
0.000233902
0.000212786
0.000197619
0.000191582
0.000195564
0.000209791
0.000217144
0.000208105
0.000186108
0.000161141
0.000146536
0.000440461
0.000426854
0.000434424
0.000429364
0.00042633
0.000422229
0.000419056
0.000415457
0.000410866
0.000405222
0.000399099
0.000393282
0.000388815
0.000384497
0.000380531
0.000376757
0.000374411
0.000371887
0.000368005
0.000359209
0.000345877
0.000335738
0.000336431
0.000351214
0.000341661
0.000328296
0.000309615
0.000287736
0.00026538
0.000247863
0.000229784
0.000217481
0.000214927
0.000223378
0.000236453
0.000236009
0.000217573
0.000196128
0.000176285
0.000170898
0.000520475
0.000516962
0.000523823
0.00051997
0.00051615
0.000511219
0.000507069
0.000502247
0.000496183
0.000488308
0.000479416
0.000470301
0.000462715
0.000455654
0.000448724
0.000441265
0.000434754
0.00042798
0.000419639
0.000405857
0.000384586
0.000364707
0.000356264
0.000364767
0.000355597
0.000341922
0.000322868
0.00030121
0.000279892
0.000263152
0.000248015
0.000238908
0.000241072
0.00025263
0.000259126
0.000248411
0.000223779
0.000207953
0.000193548
0.000197752
0.000586126
0.000556549
0.000561055
0.000561901
0.000558566
0.000554336
0.000550634
0.000546155
0.000541222
0.00053376
0.000524616
0.000513594
0.000503992
0.000495723
0.000486762
0.000475254
0.000462634
0.000449779
0.000436396
0.000421148
0.000402874
0.000385633
0.000376295
0.000379006
0.000369728
0.000355194
0.000336257
0.000315899
0.000296225
0.000280648
0.000268504
0.000264009
0.000270472
0.00027874
0.000275926
0.000254138
0.000230314
0.000222943
0.000213482
0.000229377
0.000622485
0.000574513
0.000578534
0.000579699
0.000577129
0.000573423
0.00057001
0.000565514
0.000560285
0.000552509
0.000543057
0.000532061
0.000522137
0.000513124
0.000503173
0.000491531
0.000479082
0.000466923
0.000454479
0.000441126
0.00042508
0.000408952
0.000397878
0.000395563
0.000385049
0.000369734
0.000351774
0.000333083
0.000315424
0.000302663
0.000294688
0.000293989
0.000299185
0.000299265
0.000284499
0.000257118
0.00023996
0.000242299
0.000236703
0.000268185
0.0006527
0.000601533
0.000607398
0.00060925
0.000607688
0.000604138
0.000600587
0.000595348
0.000589325
0.000580824
0.000570665
0.000559077
0.000548301
0.000537979
0.000526721
0.000514635
0.00050219
0.000490267
0.000478057
0.000465422
0.000449916
0.000433833
0.00042101
0.000414897
0.000402773
0.000387179
0.000370764
0.000354761
0.000340926
0.000332113
0.000327328
0.000325125
0.000322135
0.000310685
0.000286147
0.000261897
0.000254248
0.000266745
0.000264109
0.00031774
0.000696736
0.00064095
0.000649689
0.00065171
0.000650592
0.000646727
0.000642379
0.000635923
0.000628597
0.000618937
0.000607238
0.000594345
0.00058219
0.000570357
0.00055773
0.000544878
0.000532083
0.000519874
0.000507552
0.000494769
0.00047865
0.000461611
0.000446923
0.000438092
0.000425059
0.000410292
0.000396615
0.000384793
0.000375658
0.000369424
0.000361778
0.00034979
0.000334228
0.000311177
0.000286136
0.000271182
0.000273872
0.000296488
0.000297173
0.000381824
0.000755281
0.000692413
0.000703844
0.000705199
0.000704064
0.000699631
0.000694126
0.00068593
0.000676249
0.00066419
0.000650276
0.00063559
0.000621982
0.000608863
0.00059561
0.000582547
0.00056945
0.000556746
0.000543674
0.000530054
0.000512552
0.000494323
0.000478226
0.000468018
0.000455302
0.000442919
0.000434001
0.000427423
0.000420172
0.000408034
0.000388358
0.000361541
0.000332732
0.000306686
0.000289586
0.000285881
0.00029877
0.000330012
0.000337742
0.000459049
0.000821879
0.00075199
0.000766499
0.000767249
0.000766005
0.000760567
0.000752708
0.000741498
0.000728986
0.000714619
0.000699649
0.000684363
0.000670336
0.000656734
0.000643133
0.000629846
0.000616135
0.000602609
0.000588504
0.000574044
0.000555532
0.000536809
0.000520444
0.000510603
0.00050034
0.000492487
0.0004886
0.000481903
0.000465383
0.00043699
0.000399945
0.000358495
0.000325186
0.000305361
0.000299005
0.000305821
0.000329048
0.000370965
0.000387273
0.000538035
0.00088181
0.000819772
0.000838143
0.00083746
0.000834788
0.000827
0.000817232
0.000804171
0.000790856
0.000776148
0.000761255
0.000746015
0.000731915
0.000717896
0.000703874
0.000690559
0.000676587
0.000663066
0.000649036
0.000635345
0.000617174
0.000599039
0.000583424
0.000576058
0.000569286
0.000563667
0.000555732
0.000535621
0.000498371
0.000448818
0.00039566
0.000349407
0.000321821
0.000311308
0.00031441
0.000330733
0.000368884
0.000422482
0.000445975
0.000610369
0.000942701
0.000899607
0.000920756
0.000918105
0.000914758
0.000905929
0.000896473
0.00088389
0.000871061
0.000856674
0.00084199
0.000826775
0.000812722
0.000798845
0.000785546
0.000774014
0.000761925
0.000750791
0.000738746
0.000727212
0.000709939
0.000692695
0.000677938
0.000671832
0.00066232
0.000646111
0.000617653
0.000572205
0.000509353
0.000443251
0.000385497
0.00034568
0.000326834
0.000324185
0.000335363
0.000364135
0.000429742
0.000485741
0.000512585
0.000676638
0.00101386
0.000996997
0.00102283
0.00101995
0.00101886
0.0010115
0.00100383
0.000992282
0.00098042
0.000966365
0.000952208
0.0009379
0.000925729
0.000914423
0.000904907
0.000898669
0.000891546
0.000885252
0.000876526
0.000867708
0.000850284
0.000829892
0.000808933
0.000790632
0.00075912
0.000713912
0.000653279
0.000578209
0.000499899
0.000431894
0.000381893
0.000351294
0.000339288
0.000343382
0.000364925
0.000417026
0.000528592
0.000558967
0.000585311
0.000739637
0.00110648
0.0011249
0.00116234
0.00116224
0.00116559
0.0011612
0.00115679
0.00114706
0.00113728
0.00112506
0.0011137
0.00110342
0.00109715
0.00109258
0.00109087
0.00109448
0.00109618
0.00109623
0.00108786
0.00107479
0.00104586
0.00100201
0.000950842
0.000889802
0.000816911
0.000736544
0.000648456
0.000562473
0.000484443
0.000428167
0.00038864
0.000364751
0.000358506
0.000371761
0.000413227
0.00050724
0.000624786
0.000638902
0.000663216
0.000807463
0.00123366
0.00130911
0.00136634
0.00137181
0.00138287
0.00138376
0.00138509
0.00137919
0.00137446
0.00136773
0.00136365
0.00136187
0.00136701
0.00137653
0.00138627
0.00140005
0.00140737
0.00139041
0.00133451
0.00126761
0.00119257
0.00111116
0.0010197
0.000916877
0.000812967
0.000713263
0.000618571
0.000538477
0.000478141
0.000435467
0.00040342
0.000385043
0.000387604
0.000419121
0.000497725
0.000639192
0.000717683
0.000723517
0.0007467
0.000890868
0.00140889
0.00158405
0.00167194
0.00168715
0.00171072
0.00172023
0.00173016
0.00173132
0.00173567
0.00173909
0.00174739
0.00175992
0.00177955
0.00180179
0.00180765
0.00177327
0.00171486
0.00162629
0.00151118
0.00138652
0.00126245
0.00113871
0.00101031
0.000882728
0.000767959
0.000665308
0.000583809
0.000525967
0.000483708
0.000450475
0.000424615
0.000415663
0.000436931
0.000503149
0.000622355
0.00078125
0.000808376
0.00081269
0.000836632
0.000992627
0.00164222
0.00198863
0.00211763
0.00214621
0.00218611
0.00220679
0.00222674
0.00223733
0.00225394
0.0022705
0.00228046
0.0022853
0.00229138
0.00224886
0.00217185
0.00206011
0.00192182
0.00175899
0.00158517
0.00141071
0.00124653
0.00109164
0.00094564
0.000816681
0.000711496
0.000623505
0.000565861
0.000527254
0.000496654
0.000471245
0.000456401
0.000468226
0.000524182
0.000624508
0.000756362
0.00091011
0.000899392
0.000907415
0.000932682
0.0011022
0.00193583
0.00254809
0.00272537
0.00276454
0.00281609
0.00284419
0.00285926
0.0028576
0.00286124
0.002864
0.00285859
0.00282228
0.00271251
0.00256738
0.0023963
0.00220271
0.00199016
0.00176831
0.00155216
0.00134833
0.0011648
0.00100179
0.000862007
0.000750206
0.000666827
0.00060321
0.000563892
0.000536569
0.000515436
0.000503423
0.000512238
0.000559361
0.000642943
0.00075255
0.000926211
0.00101531
0.000992822
0.00100864
0.00103205
0.00120922
0.00228226
0.0032543
0.0034569
0.0034784
0.00350733
0.00351485
0.00351412
0.00349748
0.00347684
0.00344342
0.00335063
0.00316519
0.00293515
0.0026931
0.00244225
0.00218534
0.001925
0.0016736
0.0014424
0.00123536
0.0010568
0.000907716
0.000789958
0.000703326
0.000644306
0.000600497
0.000571211
0.000553669
0.000548279
0.000562319
0.000605617
0.000674094
0.000769696
0.000927294
0.00113118
0.00110739
0.00108986
0.00111585
0.00112945
0.00130951
0.0026667
0.00402083
0.00419635
0.00420263
0.00420429
0.00417763
0.00414673
0.00410293
0.00403915
0.00383605
0.00355922
0.00324605
0.00292961
0.00262529
0.00233041
0.00204534
0.00177327
0.00152427
0.00130446
0.00111561
0.000959334
0.000836053
0.000745262
0.000683327
0.000643985
0.00060853
0.000589957
0.00059017
0.000611738
0.000656152
0.000716586
0.000807448
0.000960793
0.00118319
0.00125745
0.00119506
0.00119026
0.00122591
0.00121841
0.00140388
0.00307159
0.00481418
0.00494656
0.00493651
0.00490577
0.00482782
0.00472585
0.00458447
0.00425309
0.00386598
0.00346988
0.00309332
0.00274594
0.00242583
0.00212734
0.0018496
0.00159586
0.00137181
0.00117973
0.00101999
0.000892826
0.000797679
0.000732134
0.000690627
0.000657719
0.000632826
0.000634561
0.000663145
0.000709054
0.000770416
0.000869406
0.00102725
0.00124127
0.00140513
0.0013369
0.00128302
0.00129134
0.00133274
0.00129291
0.00149967
0.00347847
0.00567107
0.0057414
0.00566477
0.00554705
0.00537666
0.00499829
0.00456141
0.00406656
0.00360096
0.0031794
0.00280804
0.00247792
0.00217877
0.00190558
0.00165794
0.00143823
0.00124859
0.00108965
0.000961295
0.000863275
0.000794197
0.000750227
0.000722286
0.000691273
0.000691445
0.000720978
0.000771077
0.000843645
0.000960899
0.00112903
0.00133545
0.00154674
0.00149809
0.00139983
0.00137071
0.00138747
0.00142813
0.00134825
0.00160291
0.00386157
0.00656768
0.00651867
0.0063329
0.00583095
0.00530868
0.00472146
0.00415798
0.00364261
0.00320125
0.00282299
0.00249729
0.00220908
0.00194854
0.00171316
0.00150357
0.00132112
0.00116631
0.00103983
0.000941627
0.000870854
0.000825127
0.000798274
0.000766266
0.000764195
0.000795896
0.000854425
0.000950009
0.00109141
0.00126782
0.00146043
0.00163698
0.00165664
0.00153136
0.00146073
0.0014523
0.00147014
0.00150286
0.00138066
0.00171428
0.00417404
0.00737957
0.00656788
0.00616556
0.00542176
0.00476083
0.00414754
0.00361878
0.003177
0.00281051
0.00249918
0.00222822
0.00198583
0.00176639
0.00156966
0.00139705
0.00124936
0.00112686
0.00103089
0.000961767
0.000917209
0.000891675
0.000864047
0.000859115
0.000898143
0.000979164
0.00110771
0.00127165
0.00144564
0.00160921
0.00174189
0.0017853
0.00165626
0.00155294
0.00151815
0.00151748
0.00152903
0.00154806
0.00138679
0.00182899
0.00434578
0.00717429
0.0059406
0.00544155
0.00467768
0.00407395
0.00355776
0.00313626
0.00279107
0.00250126
0.00224987
0.00202584
0.00182331
0.00164088
0.00147959
0.00134102
0.00122589
0.00113472
0.00106891
0.00103027
0.00101238
0.000984734
0.00098999
0.00105133
0.00117131
0.00133636
0.00150819
0.00165744
0.00177485
0.00185716
0.00188594
0.00175886
0.00163222
0.00157481
0.00156018
0.00155448
0.00155556
0.0015589
0.00136682
0.00193677
0.00432123
0.0063278
0.00505416
0.00459604
0.00396183
0.00349574
0.00310488
0.00278801
0.00252121
0.0022886
0.00208101
0.00189362
0.00172448
0.0015753
0.00144821
0.00134415
0.00126376
0.00120863
0.00117922
0.00117575
0.00115932
0.00118538
0.00128816
0.0014579
0.00164533
0.00179381
0.00189158
0.0019522
0.00198523
0.00195119
0.00182455
0.00169083
0.0016144
0.00158746
0.00157537
0.00155956
0.00155251
0.00154402
0.00133294
0.00202296
0.00411417
0.00531696
0.00427168
0.00391886
0.00344748
0.00310941
0.00281801
0.00257438
0.00235969
0.00216552
0.0019898
0.00183449
0.00169775
0.00158306
0.00149453
0.00143329
0.00139947
0.00139425
0.00141671
0.00143246
0.00148957
0.00164502
0.00185459
0.00202875
0.00211592
0.00214594
0.00214712
0.0020814
0.00197967
0.0018497
0.00172025
0.00163652
0.00160017
0.0015851
0.00156931
0.0015467
0.00153942
0.00152756
0.00130714
0.00157493
0.00381674
0.00448917
0.00374159
0.00349096
0.00314941
0.00289922
0.00267158
0.00247218
0.00229263
0.00212993
0.00198474
0.00186593
0.00177229
0.00170548
0.0016677
0.00165914
0.0016823
0.00173608
0.00182008
0.00193546
0.00208494
0.0022301
0.00231896
0.00233189
0.00228384
0.0022013
0.0020956
0.00197032
0.00183974
0.00172423
0.00164519
0.00160713
0.00159158
0.00157994
0.00156238
0.00153915
0.00154153
0.00153183
0.0012992
0.000985105
0.00354277
0.00396184
0.00345573
0.00327878
0.0030211
0.00282402
0.00263804
0.00247069
0.00232526
0.00220346
0.00210623
0.00203656
0.00199654
0.00198234
0.0019953
0.0020326
0.00209845
0.00218709
0.00229185
0.00240216
0.0024753
0.00247361
0.00240523
0.00229874
0.00217746
0.00205082
0.00192492
0.00181076
0.00171593
0.00165146
0.00162015
0.00160931
0.00160157
0.00159035
0.00157444
0.00155792
0.00158079
0.00155404
0.00126883
0.000558114
0.00336281
0.00370125
0.00335159
0.0032251
0.00302117
0.00286333
0.00271883
0.00259742
0.00249889
0.00242809
0.00238573
0.00236089
0.0023586
0.00237245
0.00240523
0.00245017
0.00250417
0.00255481
0.00258422
0.00257101
0.00249805
0.00237869
0.00224133
0.00210708
0.00198426
0.00187444
0.00178164
0.00171205
0.00166822
0.00164906
0.0016451
0.00164482
0.00164089
0.00163236
0.0016188
0.00160721
0.00164927
0.00153798
0.00111436
0.000298032
0.00329061
0.00363344
0.00337781
0.00329911
0.00314856
0.00303902
0.00294217
0.00287311
0.00281798
0.00277844
0.00275609
0.00274046
0.00273238
0.00272842
0.00272819
0.00272142
0.00269712
0.00264464
0.00255604
0.002433
0.00229338
0.00215534
0.00203096
0.00192518
0.00183867
0.001772
0.00172645
0.00170146
0.00169369
0.00169666
0.00170022
0.0016988
0.00169422
0.00168594
0.00165844
0.00159854
0.00151611
0.00136879
0.000802309
0.000150832
0.00331145
0.00370304
0.00352056
0.00350325
0.00340439
0.00333833
0.00326692
0.0032117
0.00315997
0.0031049
0.00305117
0.00299997
0.00294638
0.00288674
0.00281542
0.00272565
0.00261284
0.00247983
0.00233627
0.00219761
0.00207568
0.00197392
0.00189258
0.00183015
0.00178526
0.00175696
0.00174349
0.00174115
0.00174432
0.00174338
0.00173465
0.00168738
0.00160811
0.00153431
0.00145691
0.00136039
0.00123096
0.00100491
0.000474235
7.4274e-05
0.0034112
0.00387663
0.00374592
0.00377906
0.00368698
0.00361738
0.00352207
0.00342601
0.00333066
0.00323293
0.00313116
0.00302887
0.00292099
0.00280198
0.00266956
0.00252794
0.00238319
0.00224446
0.00212217
0.00202224
0.00194363
0.00188308
0.00183773
0.00180557
0.00178491
0.00177312
0.00176625
0.00175663
0.00173921
0.00167063
0.00156061
0.00145918
0.00136322
0.00126843
0.00116518
0.00104067
0.000889321
0.000606205
0.000248019
3.82071e-05
0.00355572
0.00405702
0.00391104
0.00393944
0.0037942
0.00367485
0.00353462
0.00339494
0.00325663
0.00312647
0.00299334
0.00285321
0.00270813
0.00256112
0.00241682
0.0022817
0.00216171
0.00206161
0.00198186
0.00191985
0.00187155
0.00183348
0.00180298
0.00177801
0.00175621
0.00173299
0.00170167
0.00164602
0.00150276
0.00137217
0.00125225
0.00114154
0.00103619
0.000931362
0.000820364
0.000697071
0.000564233
0.0003217
0.000124356
2.34786e-05
0.00363557
0.00405196
0.00383744
0.00382075
0.00362693
0.00347527
0.00331535
0.00316596
0.00301185
0.00286001
0.00270821
0.00255878
0.00241646
0.00228536
0.00216899
0.00206989
0.00198809
0.00192151
0.00186655
0.00181953
0.00177738
0.00173754
0.00169791
0.00165641
0.00160859
0.00155268
0.00141923
0.00126135
0.00111782
0.00099076
0.000877497
0.000775143
0.000680352
0.000589855
0.000500256
0.00040972
0.000321869
0.000167792
7.12962e-05
1.88878e-05
0.00352196
0.00376665
0.00351131
0.00346937
0.00327731
0.00312959
0.0029629
0.00280539
0.00264867
0.00249984
0.00236032
0.00223278
0.00211914
0.00202025
0.00193532
0.00186214
0.00179768
0.00173879
0.00168271
0.00162733
0.00157102
0.00151216
0.00144852
0.00138046
0.00128593
0.001109
0.000951356
0.000814846
0.000698975
0.000601334
0.000518297
0.00044658
0.000383358
0.000326196
0.000272809
0.000222066
0.000175281
0.00010798
5.43474e-05
1.8169e-05
0.00319276
0.00328542
0.00304704
0.0029992
0.00281254
0.00266802
0.00250856
0.00236304
0.00222544
0.00210043
0.00198767
0.0018871
0.00179707
0.00171548
0.00163987
0.00156793
0.00149778
0.00142815
0.00135815
0.00128701
0.00121351
0.00113776
0.00105828
0.000898948
0.000746287
0.000616821
0.000512003
0.000428394
0.000361913
0.000308599
0.000265062
0.000228682
0.000197465
0.000169796
0.000144281
0.000120279
9.81185e-05
7.61071e-05
5.00644e-05
1.90975e-05
0.00270748
0.00269785
0.0024832
0.00242748
0.0022577
0.00212928
0.00199185
0.00186967
0.00175572
0.00165201
0.00155609
0.00146645
0.00138126
0.00129919
0.0012193
0.00114101
0.00106392
0.000987527
0.00091192
0.000837153
0.000762496
0.00063924
0.000516402
0.000415982
0.000337722
0.000277848
0.000232397
0.000197617
0.000170572
0.000149057
0.000131461
0.000116627
0.00010371
9.20251e-05
8.09942e-05
7.04014e-05
6.03314e-05
4.99636e-05
3.93532e-05
2.10539e-05
0.00212152
0.00204432
0.00185338
0.00179435
0.00164968
0.00154138
0.00142587
0.00132208
0.00122302
0.0011302
0.00104197
0.000957977
0.000877678
0.000800873
0.000727721
0.000658424
0.000593297
0.000532766
0.000479341
0.000384617
0.000308051
0.000247761
0.000201829
0.000167332
0.000141519
0.000122019
0.000107064
9.53741e-05
8.60354e-05
7.8384e-05
7.19336e-05
6.63245e-05
6.12806e-05
5.65599e-05
5.19516e-05
4.73914e-05
4.28896e-05
3.80983e-05
3.32747e-05
2.39583e-05
0.00149713
0.00138199
0.00121477
0.00115447
0.00103517
0.000944939
0.000849851
0.000764654
0.000684354
0.000610825
0.000543409
0.000482308
0.000427603
0.000380134
0.000342017
0.000311385
0.000250732
0.000203506
0.00016681
0.00013832
0.000116728
0.000100273
8.76731e-05
7.79267e-05
7.02987e-05
6.42541e-05
5.94078e-05
5.54766e-05
5.22408e-05
4.95238e-05
4.71834e-05
4.51042e-05
4.31889e-05
4.13418e-05
3.94747e-05
3.75576e-05
3.55761e-05
3.33944e-05
3.12155e-05
2.79239e-05
0.000918841
0.000792351
0.000655792
0.000600725
0.000514857
0.000452508
0.000391451
0.000341014
0.00029881
0.000267079
0.000246041
0.000225855
0.0001845
0.000152743
0.000128219
0.000109146
9.42062e-05
8.26104e-05
7.34917e-05
6.62379e-05
6.04132e-05
5.56772e-05
5.1793e-05
4.8593e-05
4.59562e-05
4.37906e-05
4.20204e-05
4.05781e-05
3.93993e-05
3.84231e-05
3.75941e-05
3.68633e-05
3.61852e-05
3.55107e-05
3.47913e-05
3.40035e-05
3.31258e-05
3.21091e-05
3.10672e-05
3.05521e-05
0.000470633
0.000365172
0.000279089
0.000248104
0.000214725
0.000201841
0.000195687
0.000163049
0.000134715
0.000113914
9.82967e-05
8.63235e-05
7.69896e-05
6.96541e-05
6.37639e-05
5.89412e-05
5.49251e-05
5.1534e-05
4.8632e-05
4.61267e-05
4.39543e-05
4.20714e-05
4.04492e-05
3.90688e-05
3.79151e-05
3.69728e-05
3.62222e-05
3.56383e-05
3.51906e-05
3.48469e-05
3.45763e-05
3.43503e-05
3.41405e-05
3.3915e-05
3.3641e-05
3.3297e-05
3.28598e-05
3.2314e-05
3.17003e-05
3.14489e-05
0.000202693
0.000162892
0.000151776
0.000141845
0.000111958
9.3655e-05
8.14163e-05
7.28667e-05
6.66439e-05
6.19132e-05
5.81584e-05
5.5066e-05
5.24388e-05
5.01497e-05
4.81129e-05
4.62735e-05
4.45963e-05
4.30603e-05
4.16538e-05
4.03716e-05
3.92128e-05
3.81794e-05
3.72754e-05
3.65048e-05
3.58695e-05
3.53666e-05
3.49866e-05
3.47129e-05
3.45242e-05
3.43973e-05
3.43108e-05
3.42442e-05
3.41772e-05
3.4086e-05
3.39463e-05
3.37384e-05
3.34384e-05
3.30443e-05
3.25419e-05
3.2283e-05
0.000151068
0.000104739
8.07004e-05
6.9068e-05
6.23766e-05
5.82227e-05
5.53318e-05
5.31498e-05
5.1379e-05
4.98578e-05
4.84934e-05
4.72325e-05
4.6044e-05
4.49101e-05
4.38215e-05
4.27745e-05
4.17693e-05
4.081e-05
3.99027e-05
3.90551e-05
3.82759e-05
3.7574e-05
3.69584e-05
3.64364e-05
3.60118e-05
3.56831e-05
3.54419e-05
3.5274e-05
3.51613e-05
3.50858e-05
3.5031e-05
3.49817e-05
3.49219e-05
3.48333e-05
3.46968e-05
3.44932e-05
3.41982e-05
3.38141e-05
3.32843e-05
3.28824e-05
7.39978e-05
6.10641e-05
5.54776e-05
5.26427e-05
5.08975e-05
4.96574e-05
4.86621e-05
4.77918e-05
4.69872e-05
4.62168e-05
4.54637e-05
4.4719e-05
4.39785e-05
4.32411e-05
4.25078e-05
4.17815e-05
4.10671e-05
4.03714e-05
3.97025e-05
3.90695e-05
3.84818e-05
3.79491e-05
3.74802e-05
3.70819e-05
3.67571e-05
3.65032e-05
3.63119e-05
3.61698e-05
3.60617e-05
3.59733e-05
3.58922e-05
3.58067e-05
3.57043e-05
3.55706e-05
3.53897e-05
3.51416e-05
3.48014e-05
3.43676e-05
3.37467e-05
3.31334e-05
5.34769e-05
5.03444e-05
4.88111e-05
4.78603e-05
4.71624e-05
4.65757e-05
4.60423e-05
4.55306e-05
4.50256e-05
4.45189e-05
4.40063e-05
4.34857e-05
4.29566e-05
4.24198e-05
4.18769e-05
4.13311e-05
4.07871e-05
4.02512e-05
3.97308e-05
3.92341e-05
3.87698e-05
3.83462e-05
3.79709e-05
3.76488e-05
3.73811e-05
3.71641e-05
3.69891e-05
3.6844e-05
3.67161e-05
3.65944e-05
3.64695e-05
3.63326e-05
3.61739e-05
3.59817e-05
3.57417e-05
3.54322e-05
3.50272e-05
3.45151e-05
3.37754e-05
3.29688e-05
4.76222e-05
4.66261e-05
4.59822e-05
4.54845e-05
4.50656e-05
4.46815e-05
4.43136e-05
4.39491e-05
4.35816e-05
4.32073e-05
4.2824e-05
4.24307e-05
4.20271e-05
4.16138e-05
4.1192e-05
4.07643e-05
4.03348e-05
3.99087e-05
3.94923e-05
3.90925e-05
3.87165e-05
3.8371e-05
3.80613e-05
3.77906e-05
3.7558e-05
3.73588e-05
3.71845e-05
3.70243e-05
3.68682e-05
3.67077e-05
3.6536e-05
3.63463e-05
3.61308e-05
3.58801e-05
3.55808e-05
3.52098e-05
3.47414e-05
3.41527e-05
3.33143e-05
3.23103e-05
4.48323e-05
4.43324e-05
4.3932e-05
4.3586e-05
4.3276e-05
4.29829e-05
4.26973e-05
4.24118e-05
4.21224e-05
4.18263e-05
4.15219e-05
4.12081e-05
4.08846e-05
4.05516e-05
4.02101e-05
3.98623e-05
3.95115e-05
3.91621e-05
3.88193e-05
3.84885e-05
3.81752e-05
3.78844e-05
3.76192e-05
3.73808e-05
3.7167e-05
3.69724e-05
3.67888e-05
3.66075e-05
3.64205e-05
3.62213e-05
3.60051e-05
3.57666e-05
3.55001e-05
3.51982e-05
3.48485e-05
3.44297e-05
3.39193e-05
3.329e-05
3.24306e-05
3.13384e-05
4.26307e-05
4.22868e-05
4.19848e-05
4.17116e-05
4.14592e-05
4.12175e-05
4.09803e-05
4.07426e-05
4.05012e-05
4.0254e-05
3.99992e-05
3.97359e-05
3.94638e-05
3.91828e-05
3.8894e-05
3.85993e-05
3.83016e-05
3.80044e-05
3.77119e-05
3.74283e-05
3.71576e-05
3.6903e-05
3.66661e-05
3.64465e-05
3.62411e-05
3.60444e-05
3.58495e-05
3.56491e-05
3.54372e-05
3.52089e-05
3.49606e-05
3.46887e-05
3.43892e-05
3.40567e-05
3.36812e-05
3.32457e-05
3.27328e-05
3.21157e-05
3.131e-05
3.02358e-05
4.04772e-05
4.02054e-05
3.9957e-05
3.97266e-05
3.95097e-05
3.93001e-05
3.90935e-05
3.8886e-05
3.86751e-05
3.84587e-05
3.82354e-05
3.80042e-05
3.77648e-05
3.75174e-05
3.7263e-05
3.70033e-05
3.67408e-05
3.64784e-05
3.62196e-05
3.59674e-05
3.57248e-05
3.54935e-05
3.52741e-05
3.50653e-05
3.48638e-05
3.46648e-05
3.44623e-05
3.42508e-05
3.40253e-05
3.37824e-05
3.35189e-05
3.32324e-05
3.29203e-05
3.25789e-05
3.2201e-05
3.1775e-05
3.12886e-05
3.07197e-05
3.00132e-05
2.91229e-05
3.82096e-05
3.79787e-05
3.77629e-05
3.75592e-05
3.73649e-05
3.7176e-05
3.69889e-05
3.68008e-05
3.66094e-05
3.64128e-05
3.62098e-05
3.59997e-05
3.5782e-05
3.55573e-05
3.53264e-05
3.50911e-05
3.48535e-05
3.46161e-05
3.43814e-05
3.4152e-05
3.39298e-05
3.37158e-05
3.35099e-05
3.33107e-05
3.31151e-05
3.2919e-05
3.27176e-05
3.25066e-05
3.22819e-05
3.20406e-05
3.178e-05
3.14983e-05
3.11937e-05
3.0864e-05
3.05046e-05
3.01087e-05
2.96681e-05
2.91668e-05
2.85727e-05
2.78725e-05
3.57991e-05
3.55968e-05
3.5405e-05
3.5222e-05
3.50459e-05
3.48737e-05
3.47028e-05
3.45307e-05
3.43555e-05
3.41757e-05
3.39901e-05
3.37982e-05
3.35999e-05
3.33956e-05
3.31865e-05
3.29739e-05
3.27599e-05
3.25465e-05
3.23358e-05
3.21297e-05
3.19297e-05
3.17363e-05
3.15494e-05
3.13675e-05
3.11881e-05
3.1008e-05
3.08235e-05
3.0631e-05
3.04273e-05
3.02097e-05
2.99761e-05
2.97249e-05
2.94553e-05
2.91663e-05
2.88559e-05
2.85214e-05
2.81586e-05
2.77579e-05
2.73046e-05
2.68012e-05
3.33371e-05
3.31633e-05
3.29971e-05
3.28373e-05
3.26824e-05
3.25303e-05
3.23788e-05
3.2226e-05
3.20703e-05
3.19104e-05
3.17456e-05
3.15754e-05
3.13999e-05
3.12198e-05
3.10361e-05
3.08501e-05
3.06636e-05
3.04782e-05
3.02959e-05
3.01182e-05
2.99462e-05
2.97805e-05
2.96208e-05
2.94662e-05
2.93149e-05
2.91643e-05
2.90119e-05
2.88546e-05
2.86898e-05
2.85151e-05
2.83286e-05
2.8129e-05
2.79156e-05
2.76882e-05
2.7446e-05
2.71882e-05
2.69124e-05
2.66129e-05
2.62835e-05
2.59301e-05
3.0973e-05
3.0832e-05
3.06962e-05
3.05645e-05
3.0436e-05
3.0309e-05
3.01819e-05
3.00533e-05
2.99217e-05
2.97864e-05
2.96468e-05
2.95027e-05
2.93544e-05
2.92025e-05
2.90481e-05
2.88924e-05
2.87369e-05
2.85831e-05
2.84326e-05
2.82868e-05
2.81466e-05
2.80127e-05
2.7885e-05
2.77631e-05
2.76455e-05
2.75308e-05
2.74167e-05
2.7301e-05
2.71813e-05
2.70555e-05
2.69216e-05
2.67785e-05
2.66251e-05
2.64612e-05
2.62864e-05
2.61001e-05
2.59005e-05
2.56842e-05
2.54494e-05
2.5201e-05
2.88304e-05
2.87244e-05
2.86213e-05
2.85204e-05
2.84212e-05
2.83222e-05
2.82225e-05
2.81208e-05
2.80162e-05
2.79083e-05
2.77967e-05
2.76814e-05
2.75627e-05
2.74414e-05
2.73183e-05
2.71946e-05
2.70716e-05
2.69505e-05
2.68328e-05
2.67196e-05
2.66119e-05
2.65103e-05
2.6415e-05
2.63256e-05
2.62416e-05
2.61616e-05
2.60841e-05
2.60072e-05
2.59289e-05
2.58471e-05
2.576e-05
2.56663e-05
2.55648e-05
2.54549e-05
2.53362e-05
2.52082e-05
2.50691e-05
2.49175e-05
2.47532e-05
2.45805e-05
2.69688e-05
2.68959e-05
2.68244e-05
2.67535e-05
2.6683e-05
2.6612e-05
2.65396e-05
2.64651e-05
2.63879e-05
2.63077e-05
2.62244e-05
2.61382e-05
2.60494e-05
2.59586e-05
2.58667e-05
2.57746e-05
2.56834e-05
2.55942e-05
2.55082e-05
2.54263e-05
2.53494e-05
2.52782e-05
2.52128e-05
2.51532e-05
2.5099e-05
2.50493e-05
2.50027e-05
2.49579e-05
2.4913e-05
2.48662e-05
2.48158e-05
2.47605e-05
2.46991e-05
2.46309e-05
2.45554e-05
2.44719e-05
2.43794e-05
2.42771e-05
2.41658e-05
2.40489e-05
2.53928e-05
2.53491e-05
2.53054e-05
2.52615e-05
2.52172e-05
2.51718e-05
2.51248e-05
2.50758e-05
2.50245e-05
2.49707e-05
2.49144e-05
2.48558e-05
2.47953e-05
2.47336e-05
2.46711e-05
2.46088e-05
2.45475e-05
2.4488e-05
2.44313e-05
2.43783e-05
2.43295e-05
2.42856e-05
2.42468e-05
2.42131e-05
2.41841e-05
2.41592e-05
2.41373e-05
2.41173e-05
2.40976e-05
2.40767e-05
2.40532e-05
2.40258e-05
2.39935e-05
2.39557e-05
2.39119e-05
2.38616e-05
2.38041e-05
2.37392e-05
2.36679e-05
2.35927e-05
2.40773e-05
2.40576e-05
2.40373e-05
2.40163e-05
2.39946e-05
2.39716e-05
2.39471e-05
2.39209e-05
2.38927e-05
2.38626e-05
2.38307e-05
2.37971e-05
2.37623e-05
2.37266e-05
2.36906e-05
2.3655e-05
2.36204e-05
2.35874e-05
2.35568e-05
2.35292e-05
2.35051e-05
2.34849e-05
2.34688e-05
2.34568e-05
2.34485e-05
2.34436e-05
2.3441e-05
2.34399e-05
2.34389e-05
2.3437e-05
2.34329e-05
2.34256e-05
2.34145e-05
2.3399e-05
2.33788e-05
2.33534e-05
2.33226e-05
2.32865e-05
2.32458e-05
2.32023e-05
2.29867e-05
2.29864e-05
2.29852e-05
2.29831e-05
2.29802e-05
2.29762e-05
2.29708e-05
2.29641e-05
2.29559e-05
2.29462e-05
2.29353e-05
2.29233e-05
2.29106e-05
2.28974e-05
2.28842e-05
2.28715e-05
2.28597e-05
2.28493e-05
2.28409e-05
2.28349e-05
2.28316e-05
2.28313e-05
2.28341e-05
2.28401e-05
2.28488e-05
2.28598e-05
2.28726e-05
2.28861e-05
2.28996e-05
2.29121e-05
2.29227e-05
2.29308e-05
2.29358e-05
2.29374e-05
2.29353e-05
2.29294e-05
2.29194e-05
2.29057e-05
2.28886e-05
2.28696e-05
2.20864e-05
2.21015e-05
2.21155e-05
2.21288e-05
2.21413e-05
2.21529e-05
2.21634e-05
2.2173e-05
2.21814e-05
2.2189e-05
2.21957e-05
2.22018e-05
2.22074e-05
2.2213e-05
2.22188e-05
2.2225e-05
2.22322e-05
2.22405e-05
2.22504e-05
2.22622e-05
2.22761e-05
2.22922e-05
2.23106e-05
2.23313e-05
2.23538e-05
2.23779e-05
2.2403e-05
2.24285e-05
2.24536e-05
2.24777e-05
2.25002e-05
2.25205e-05
2.25384e-05
2.25535e-05
2.2566e-05
2.25755e-05
2.25821e-05
2.25859e-05
2.25873e-05
2.25873e-05
2.13456e-05
2.13727e-05
2.13989e-05
2.14244e-05
2.14494e-05
2.14737e-05
2.14973e-05
2.15201e-05
2.15423e-05
2.15639e-05
2.15851e-05
2.1606e-05
2.16267e-05
2.16476e-05
2.16688e-05
2.16905e-05
2.1713e-05
2.17365e-05
2.17613e-05
2.17875e-05
2.18153e-05
2.18448e-05
2.18759e-05
2.19085e-05
2.19424e-05
2.19773e-05
2.20126e-05
2.20479e-05
2.20827e-05
2.21164e-05
2.21487e-05
2.21791e-05
2.22076e-05
2.22339e-05
2.22581e-05
2.22801e-05
2.22999e-05
2.23176e-05
2.23335e-05
2.23483e-05
2.07371e-05
2.07736e-05
2.08094e-05
2.08447e-05
2.08797e-05
2.09142e-05
2.09483e-05
2.09819e-05
2.10152e-05
2.10482e-05
2.1081e-05
2.11138e-05
2.11467e-05
2.11798e-05
2.12133e-05
2.12474e-05
2.12822e-05
2.13178e-05
2.13545e-05
2.13924e-05
2.14314e-05
2.14717e-05
2.1513e-05
2.15555e-05
2.15987e-05
2.16424e-05
2.16862e-05
2.17298e-05
2.17727e-05
2.18146e-05
2.18551e-05
2.18941e-05
2.19314e-05
2.1967e-05
2.20009e-05
2.2033e-05
2.20634e-05
2.20922e-05
2.21195e-05
2.2146e-05
2.02372e-05
2.02811e-05
2.03244e-05
2.03674e-05
2.04102e-05
2.04528e-05
2.04952e-05
2.05374e-05
2.05795e-05
2.06216e-05
2.06637e-05
2.07059e-05
2.07484e-05
2.07912e-05
2.08345e-05
2.08784e-05
2.09229e-05
2.09682e-05
2.10144e-05
2.10615e-05
2.11095e-05
2.11584e-05
2.12081e-05
2.12585e-05
2.13094e-05
2.13604e-05
2.14114e-05
2.1462e-05
2.15119e-05
2.15607e-05
2.16084e-05
2.16546e-05
2.16995e-05
2.17428e-05
2.17847e-05
2.18252e-05
2.18643e-05
2.1902e-05
2.19386e-05
2.19745e-05
1.98249e-05
1.98744e-05
1.99235e-05
1.99725e-05
2.00215e-05
2.00704e-05
2.01193e-05
2.01682e-05
2.02172e-05
2.02664e-05
2.03157e-05
2.03654e-05
2.04154e-05
2.04658e-05
2.05167e-05
2.05683e-05
2.06205e-05
2.06734e-05
2.07271e-05
2.07816e-05
2.08368e-05
2.08927e-05
2.09492e-05
2.10062e-05
2.10634e-05
2.11207e-05
2.11777e-05
2.12343e-05
2.12902e-05
2.13451e-05
2.13989e-05
2.14515e-05
2.15028e-05
2.15528e-05
2.16016e-05
2.16491e-05
2.16953e-05
2.17405e-05
2.17847e-05
2.18283e-05
1.94819e-05
1.95356e-05
1.95891e-05
1.96427e-05
1.96964e-05
1.97502e-05
1.98041e-05
1.98582e-05
1.99125e-05
1.99671e-05
2.00221e-05
2.00774e-05
2.01333e-05
2.01896e-05
2.02466e-05
2.03041e-05
2.03624e-05
2.04213e-05
2.0481e-05
2.05414e-05
2.06024e-05
2.0664e-05
2.07262e-05
2.07886e-05
2.08513e-05
2.09139e-05
2.09762e-05
2.10381e-05
2.10993e-05
2.11596e-05
2.12189e-05
2.1277e-05
2.1334e-05
2.13898e-05
2.14445e-05
2.1498e-05
2.15505e-05
2.1602e-05
2.16526e-05
2.17027e-05
1.91923e-05
1.92492e-05
1.9306e-05
1.9363e-05
1.94202e-05
1.94776e-05
1.95353e-05
1.95934e-05
1.96517e-05
1.97105e-05
1.97698e-05
1.98296e-05
1.98899e-05
1.99509e-05
2.00125e-05
2.00748e-05
2.01379e-05
2.02017e-05
2.02662e-05
2.03314e-05
2.03972e-05
2.04637e-05
2.05306e-05
2.05978e-05
2.06651e-05
2.07324e-05
2.07995e-05
2.08661e-05
2.09321e-05
2.09972e-05
2.10615e-05
2.11247e-05
2.11868e-05
2.12479e-05
2.13078e-05
2.13667e-05
2.14247e-05
2.14817e-05
2.15379e-05
2.15937e-05
1.89428e-05
1.90019e-05
1.90611e-05
1.91206e-05
1.91805e-05
1.92406e-05
1.93012e-05
1.93622e-05
1.94236e-05
1.94856e-05
1.95482e-05
1.96114e-05
1.96753e-05
1.97398e-05
1.98052e-05
1.98713e-05
1.99382e-05
2.0006e-05
2.00745e-05
2.01438e-05
2.02138e-05
2.02843e-05
2.03554e-05
2.04268e-05
2.04984e-05
2.057e-05
2.06414e-05
2.07125e-05
2.07829e-05
2.08526e-05
2.09215e-05
2.09894e-05
2.10563e-05
2.11222e-05
2.11871e-05
2.12509e-05
2.13139e-05
2.1376e-05
2.14373e-05
2.14983e-05
1.87223e-05
1.8783e-05
1.8844e-05
1.89053e-05
1.89671e-05
1.90293e-05
1.90919e-05
1.91551e-05
1.92189e-05
1.92834e-05
1.93485e-05
1.94144e-05
1.9481e-05
1.95485e-05
1.96169e-05
1.96862e-05
1.97564e-05
1.98275e-05
1.98995e-05
1.99723e-05
2.0046e-05
2.01203e-05
2.01952e-05
2.02705e-05
2.03461e-05
2.04218e-05
2.04973e-05
2.05726e-05
2.06473e-05
2.07215e-05
2.07948e-05
2.08673e-05
2.09388e-05
2.10093e-05
2.10788e-05
2.11474e-05
2.12151e-05
2.1282e-05
2.13482e-05
2.1414e-05
1.85221e-05
1.8584e-05
1.86462e-05
1.87088e-05
1.87719e-05
1.88356e-05
1.88999e-05
1.89648e-05
1.90304e-05
1.90967e-05
1.91639e-05
1.92319e-05
1.93009e-05
1.93708e-05
1.94418e-05
1.95138e-05
1.95868e-05
1.96609e-05
1.97361e-05
1.98122e-05
1.98892e-05
1.99671e-05
2.00456e-05
2.01247e-05
2.02042e-05
2.02838e-05
2.03635e-05
2.04429e-05
2.0522e-05
2.06005e-05
2.06783e-05
2.07552e-05
2.08313e-05
2.09064e-05
2.09806e-05
2.10538e-05
2.11262e-05
2.11978e-05
2.12688e-05
2.13393e-05
1.83355e-05
1.83981e-05
1.84612e-05
1.85248e-05
1.85889e-05
1.86537e-05
1.87192e-05
1.87854e-05
1.88525e-05
1.89204e-05
1.89892e-05
1.90591e-05
1.91301e-05
1.92021e-05
1.92754e-05
1.93498e-05
1.94255e-05
1.95024e-05
1.95805e-05
1.96598e-05
1.97401e-05
1.98215e-05
1.99036e-05
1.99865e-05
2.00699e-05
2.01536e-05
2.02374e-05
2.03211e-05
2.04045e-05
2.04875e-05
2.05698e-05
2.06514e-05
2.07321e-05
2.08119e-05
2.08907e-05
2.09687e-05
2.10459e-05
2.11222e-05
2.1198e-05
2.12734e-05
1.81576e-05
1.82207e-05
1.82844e-05
1.83487e-05
1.84136e-05
1.84793e-05
1.85457e-05
1.8613e-05
1.86813e-05
1.87505e-05
1.88209e-05
1.88924e-05
1.89652e-05
1.90392e-05
1.91146e-05
1.91914e-05
1.92697e-05
1.93493e-05
1.94304e-05
1.95128e-05
1.95964e-05
1.96813e-05
1.97672e-05
1.98539e-05
1.99413e-05
2.00292e-05
2.01174e-05
2.02056e-05
2.02936e-05
2.03812e-05
2.04682e-05
2.05546e-05
2.06401e-05
2.07248e-05
2.08086e-05
2.08914e-05
2.09735e-05
2.10549e-05
2.11357e-05
2.12161e-05
1.7985e-05
1.80486e-05
1.81127e-05
1.81775e-05
1.82431e-05
1.83095e-05
1.83768e-05
1.8445e-05
1.85143e-05
1.85848e-05
1.86565e-05
1.87296e-05
1.88041e-05
1.88801e-05
1.89576e-05
1.90368e-05
1.91175e-05
1.92e-05
1.9284e-05
1.93697e-05
1.94568e-05
1.95453e-05
1.96351e-05
1.97259e-05
1.98176e-05
1.99099e-05
2.00027e-05
2.00956e-05
2.01884e-05
2.0281e-05
2.03731e-05
2.04645e-05
2.05551e-05
2.0645e-05
2.07339e-05
2.0822e-05
2.09093e-05
2.09959e-05
2.10819e-05
2.11676e-05
1.7816e-05
1.78798e-05
1.79443e-05
1.80096e-05
1.80757e-05
1.81427e-05
1.82107e-05
1.82799e-05
1.83502e-05
1.84219e-05
1.8495e-05
1.85696e-05
1.86458e-05
1.87237e-05
1.88034e-05
1.8885e-05
1.89684e-05
1.90537e-05
1.91409e-05
1.923e-05
1.93208e-05
1.94132e-05
1.95071e-05
1.96023e-05
1.96985e-05
1.97956e-05
1.98933e-05
1.99913e-05
2.00893e-05
2.01871e-05
2.02846e-05
2.03814e-05
2.04776e-05
2.05729e-05
2.06674e-05
2.0761e-05
2.08539e-05
2.09461e-05
2.10378e-05
2.11291e-05
1.76496e-05
1.77137e-05
1.77785e-05
1.78442e-05
1.79108e-05
1.79784e-05
1.80472e-05
1.81172e-05
1.81886e-05
1.82614e-05
1.83359e-05
1.84121e-05
1.84901e-05
1.85701e-05
1.86521e-05
1.87361e-05
1.88224e-05
1.89108e-05
1.90013e-05
1.9094e-05
1.91887e-05
1.92853e-05
1.93836e-05
1.94835e-05
1.95846e-05
1.96869e-05
1.97898e-05
1.98933e-05
1.99969e-05
2.01004e-05
2.02037e-05
2.03064e-05
2.04084e-05
2.05097e-05
2.06101e-05
2.07098e-05
2.08087e-05
2.09069e-05
2.10046e-05
2.1102e-05
1.74861e-05
1.75504e-05
1.76155e-05
1.76816e-05
1.77487e-05
1.78169e-05
1.78864e-05
1.79574e-05
1.80298e-05
1.81039e-05
1.81799e-05
1.82577e-05
1.83376e-05
1.84197e-05
1.85041e-05
1.85909e-05
1.86801e-05
1.87718e-05
1.8866e-05
1.89625e-05
1.90614e-05
1.91625e-05
1.92657e-05
1.93706e-05
1.94771e-05
1.95848e-05
1.96935e-05
1.98029e-05
1.99126e-05
2.00223e-05
2.01318e-05
2.02409e-05
2.03493e-05
2.0457e-05
2.05639e-05
2.067e-05
2.07753e-05
2.08801e-05
2.09843e-05
2.10882e-05
1.73263e-05
1.73908e-05
1.74562e-05
1.75227e-05
1.75903e-05
1.76592e-05
1.77296e-05
1.78014e-05
1.7875e-05
1.79505e-05
1.8028e-05
1.81076e-05
1.81896e-05
1.8274e-05
1.8361e-05
1.84507e-05
1.85431e-05
1.86383e-05
1.87364e-05
1.88372e-05
1.89406e-05
1.90466e-05
1.91549e-05
1.92653e-05
1.93776e-05
1.94913e-05
1.96063e-05
1.9722e-05
1.98383e-05
1.99547e-05
2.0071e-05
2.01869e-05
2.03023e-05
2.0417e-05
2.05308e-05
2.06439e-05
2.07563e-05
2.08681e-05
2.09794e-05
2.10905e-05
1.71717e-05
1.72365e-05
1.73023e-05
1.73692e-05
1.74374e-05
1.7507e-05
1.75782e-05
1.76512e-05
1.7726e-05
1.78029e-05
1.7882e-05
1.79636e-05
1.80478e-05
1.81347e-05
1.82245e-05
1.83173e-05
1.84133e-05
1.85123e-05
1.86146e-05
1.87199e-05
1.88283e-05
1.89396e-05
1.90535e-05
1.91699e-05
1.92884e-05
1.94086e-05
1.95303e-05
1.96531e-05
1.97765e-05
1.99002e-05
2.00239e-05
2.01473e-05
2.02701e-05
2.03923e-05
2.05138e-05
2.06345e-05
2.07545e-05
2.0874e-05
2.0993e-05
2.11117e-05
1.70246e-05
1.70897e-05
1.71558e-05
1.72233e-05
1.72921e-05
1.73626e-05
1.74347e-05
1.75088e-05
1.75849e-05
1.76634e-05
1.77444e-05
1.78281e-05
1.79146e-05
1.80043e-05
1.80971e-05
1.81934e-05
1.82931e-05
1.83963e-05
1.85031e-05
1.86134e-05
1.87271e-05
1.88441e-05
1.89642e-05
1.9087e-05
1.92123e-05
1.93396e-05
1.94687e-05
1.9599e-05
1.97302e-05
1.98618e-05
1.99935e-05
2.0125e-05
2.0256e-05
2.03865e-05
2.05162e-05
2.06451e-05
2.07735e-05
2.09012e-05
2.10285e-05
2.11557e-05
1.68876e-05
1.6953e-05
1.70197e-05
1.70877e-05
1.71573e-05
1.72286e-05
1.73018e-05
1.73771e-05
1.74548e-05
1.7535e-05
1.7618e-05
1.77039e-05
1.77931e-05
1.78857e-05
1.79819e-05
1.80818e-05
1.81856e-05
1.82934e-05
1.84051e-05
1.85208e-05
1.86403e-05
1.87636e-05
1.88902e-05
1.90201e-05
1.91527e-05
1.92878e-05
1.94248e-05
1.95634e-05
1.9703e-05
1.98432e-05
1.99836e-05
2.01239e-05
2.02638e-05
2.04032e-05
2.05419e-05
2.06798e-05
2.08172e-05
2.0954e-05
2.10904e-05
2.12267e-05
1.6764e-05
1.68299e-05
1.68971e-05
1.69658e-05
1.70362e-05
1.71085e-05
1.71829e-05
1.72596e-05
1.73389e-05
1.74211e-05
1.75062e-05
1.75947e-05
1.76868e-05
1.77826e-05
1.78824e-05
1.79863e-05
1.80946e-05
1.82073e-05
1.83244e-05
1.84459e-05
1.85717e-05
1.87017e-05
1.88356e-05
1.8973e-05
1.91137e-05
1.92571e-05
1.94028e-05
1.95503e-05
1.96991e-05
1.98487e-05
1.99986e-05
2.01485e-05
2.02981e-05
2.04472e-05
2.05956e-05
2.07434e-05
2.08905e-05
2.10372e-05
2.11836e-05
2.13298e-05
1.66578e-05
1.67242e-05
1.6792e-05
1.68615e-05
1.69329e-05
1.70063e-05
1.70821e-05
1.71604e-05
1.72415e-05
1.73257e-05
1.74133e-05
1.75046e-05
1.75997e-05
1.76991e-05
1.78028e-05
1.79112e-05
1.80243e-05
1.81423e-05
1.82653e-05
1.83932e-05
1.85258e-05
1.86632e-05
1.88049e-05
1.89506e-05
1.91e-05
1.92525e-05
1.94077e-05
1.95649e-05
1.97237e-05
1.98834e-05
2.00437e-05
2.02041e-05
2.03642e-05
2.05239e-05
2.06829e-05
2.08414e-05
2.09992e-05
2.11567e-05
2.13138e-05
2.1471e-05
1.65736e-05
1.66406e-05
1.67092e-05
1.67797e-05
1.68521e-05
1.69268e-05
1.70041e-05
1.70842e-05
1.71673e-05
1.72539e-05
1.73442e-05
1.74384e-05
1.7537e-05
1.76402e-05
1.77483e-05
1.78614e-05
1.79799e-05
1.81037e-05
1.8233e-05
1.83678e-05
1.8508e-05
1.86533e-05
1.88035e-05
1.89583e-05
1.91171e-05
1.92796e-05
1.9445e-05
1.96129e-05
1.97825e-05
1.99534e-05
2.01249e-05
2.02967e-05
2.04683e-05
2.06396e-05
2.08103e-05
2.09804e-05
2.115e-05
2.13191e-05
2.14882e-05
2.16573e-05
1.65169e-05
1.65847e-05
1.66542e-05
1.67257e-05
1.67994e-05
1.68757e-05
1.69546e-05
1.70367e-05
1.71221e-05
1.72113e-05
1.73045e-05
1.74021e-05
1.75045e-05
1.76119e-05
1.77247e-05
1.78431e-05
1.79673e-05
1.80975e-05
1.82338e-05
1.83761e-05
1.85244e-05
1.86784e-05
1.88379e-05
1.90026e-05
1.91718e-05
1.9345e-05
1.95217e-05
1.97011e-05
1.98826e-05
2.00657e-05
2.02495e-05
2.04338e-05
2.0618e-05
2.08019e-05
2.09853e-05
2.11682e-05
2.13506e-05
2.15327e-05
2.17147e-05
2.18969e-05
1.64942e-05
1.65629e-05
1.66336e-05
1.67064e-05
1.67816e-05
1.68595e-05
1.69404e-05
1.70247e-05
1.71126e-05
1.72047e-05
1.73012e-05
1.74025e-05
1.75091e-05
1.76212e-05
1.77392e-05
1.78633e-05
1.79939e-05
1.81311e-05
1.82749e-05
1.84255e-05
1.85826e-05
1.87462e-05
1.89158e-05
1.90912e-05
1.92717e-05
1.94568e-05
1.96457e-05
1.98378e-05
2.00324e-05
2.02287e-05
2.0426e-05
2.0624e-05
2.0822e-05
2.10197e-05
2.12171e-05
2.1414e-05
2.16105e-05
2.18068e-05
2.20032e-05
2.21998e-05
1.65135e-05
1.65834e-05
1.66553e-05
1.67296e-05
1.68065e-05
1.68864e-05
1.69695e-05
1.70563e-05
1.71472e-05
1.72425e-05
1.73427e-05
1.74481e-05
1.75593e-05
1.76765e-05
1.78002e-05
1.79307e-05
1.80683e-05
1.82131e-05
1.83652e-05
1.85248e-05
1.86917e-05
1.88657e-05
1.90465e-05
1.92336e-05
1.94265e-05
1.96245e-05
1.98269e-05
2.00329e-05
2.02418e-05
2.04526e-05
2.06649e-05
2.08778e-05
2.1091e-05
2.1304e-05
2.15168e-05
2.17292e-05
2.19413e-05
2.21533e-05
2.23655e-05
2.25781e-05
1.65844e-05
1.66557e-05
1.67292e-05
1.68053e-05
1.68842e-05
1.69663e-05
1.7052e-05
1.71417e-05
1.72358e-05
1.73348e-05
1.7439e-05
1.75491e-05
1.76654e-05
1.77883e-05
1.79184e-05
1.80558e-05
1.82011e-05
1.83543e-05
1.85156e-05
1.86851e-05
1.88627e-05
1.90481e-05
1.92411e-05
1.94412e-05
1.96477e-05
1.98599e-05
2.00772e-05
2.02985e-05
2.05231e-05
2.075e-05
2.09786e-05
2.12082e-05
2.14381e-05
2.16681e-05
2.18979e-05
2.21275e-05
2.23569e-05
2.25864e-05
2.28162e-05
2.30467e-05
1.67191e-05
1.67921e-05
1.68675e-05
1.69456e-05
1.70269e-05
1.71116e-05
1.72002e-05
1.72932e-05
1.7391e-05
1.74941e-05
1.7603e-05
1.77182e-05
1.78403e-05
1.79696e-05
1.81066e-05
1.82518e-05
1.84056e-05
1.85681e-05
1.87395e-05
1.892e-05
1.91094e-05
1.93075e-05
1.95139e-05
1.97282e-05
1.99498e-05
2.01778e-05
2.04114e-05
2.06497e-05
2.08916e-05
2.11364e-05
2.13832e-05
2.16312e-05
2.18798e-05
2.21287e-05
2.23775e-05
2.26262e-05
2.2875e-05
2.3124e-05
2.33736e-05
2.36241e-05
1.69329e-05
1.7008e-05
1.70856e-05
1.71662e-05
1.72502e-05
1.73381e-05
1.74301e-05
1.75269e-05
1.76289e-05
1.77367e-05
1.78509e-05
1.79719e-05
1.81003e-05
1.82368e-05
1.83817e-05
1.85356e-05
1.86988e-05
1.88716e-05
1.90543e-05
1.92469e-05
1.94494e-05
1.96615e-05
1.98829e-05
2.01131e-05
2.03513e-05
2.05968e-05
2.08486e-05
2.11057e-05
2.13671e-05
2.16318e-05
2.18988e-05
2.21674e-05
2.2437e-05
2.27069e-05
2.29771e-05
2.32475e-05
2.35181e-05
2.37892e-05
2.40611e-05
2.43344e-05
1.72462e-05
1.73237e-05
1.7404e-05
1.74877e-05
1.75749e-05
1.76664e-05
1.77624e-05
1.78636e-05
1.79705e-05
1.80837e-05
1.82038e-05
1.83314e-05
1.84672e-05
1.86117e-05
1.87654e-05
1.8929e-05
1.91028e-05
1.92873e-05
1.94825e-05
1.96887e-05
1.99058e-05
2.01336e-05
2.03717e-05
2.06196e-05
2.08765e-05
2.11415e-05
2.14137e-05
2.16919e-05
2.19751e-05
2.22621e-05
2.2552e-05
2.28439e-05
2.3137e-05
2.34309e-05
2.37254e-05
2.40202e-05
2.43157e-05
2.4612e-05
2.49096e-05
2.5209e-05
1.76861e-05
1.77667e-05
1.78504e-05
1.79376e-05
1.80288e-05
1.81245e-05
1.82252e-05
1.83315e-05
1.84441e-05
1.85636e-05
1.86906e-05
1.88258e-05
1.89699e-05
1.91235e-05
1.92874e-05
1.9462e-05
1.96478e-05
1.98453e-05
2.00547e-05
2.02762e-05
2.05098e-05
2.07553e-05
2.10122e-05
2.128e-05
2.15579e-05
2.1845e-05
2.21402e-05
2.24423e-05
2.27502e-05
2.30626e-05
2.33785e-05
2.36969e-05
2.4017e-05
2.43383e-05
2.46606e-05
2.49838e-05
2.53079e-05
2.56334e-05
2.59608e-05
2.62904e-05
1.82911e-05
1.83754e-05
1.84632e-05
1.85547e-05
1.86507e-05
1.87515e-05
1.88578e-05
1.89703e-05
1.90896e-05
1.92163e-05
1.93514e-05
1.94954e-05
1.96491e-05
1.98133e-05
1.99887e-05
2.01759e-05
2.03755e-05
2.0588e-05
2.08136e-05
2.10525e-05
2.13049e-05
2.15704e-05
2.18488e-05
2.21393e-05
2.24412e-05
2.27535e-05
2.3075e-05
2.34045e-05
2.37407e-05
2.40823e-05
2.44282e-05
2.47772e-05
2.51286e-05
2.54819e-05
2.58366e-05
2.61928e-05
2.65507e-05
2.69105e-05
2.72729e-05
2.76383e-05
1.91166e-05
1.92057e-05
1.92985e-05
1.93955e-05
1.94972e-05
1.96043e-05
1.97174e-05
1.98372e-05
1.99645e-05
2.01e-05
2.02445e-05
2.03989e-05
2.0564e-05
2.07406e-05
2.09295e-05
2.11313e-05
2.13469e-05
2.15766e-05
2.1821e-05
2.20801e-05
2.23542e-05
2.2643e-05
2.29461e-05
2.32629e-05
2.35925e-05
2.3934e-05
2.42861e-05
2.46475e-05
2.50167e-05
2.53925e-05
2.57735e-05
2.61586e-05
2.6547e-05
2.6938e-05
2.73313e-05
2.7727e-05
2.81251e-05
2.85262e-05
2.89307e-05
2.93393e-05
2.02474e-05
2.03425e-05
2.04417e-05
2.05455e-05
2.06545e-05
2.07694e-05
2.08909e-05
2.10197e-05
2.11568e-05
2.13028e-05
2.14588e-05
2.16257e-05
2.18044e-05
2.19957e-05
2.22006e-05
2.242e-05
2.26544e-05
2.29046e-05
2.31711e-05
2.3454e-05
2.37537e-05
2.40698e-05
2.44021e-05
2.47499e-05
2.51124e-05
2.54884e-05
2.58767e-05
2.6276e-05
2.66846e-05
2.71011e-05
2.75243e-05
2.79529e-05
2.83859e-05
2.88228e-05
2.92632e-05
2.9707e-05
3.01546e-05
3.06063e-05
3.10628e-05
3.15249e-05
2.18195e-05
2.19225e-05
2.20301e-05
2.21427e-05
2.2261e-05
2.23858e-05
2.25179e-05
2.26581e-05
2.28074e-05
2.29667e-05
2.31369e-05
2.33192e-05
2.35146e-05
2.3724e-05
2.39485e-05
2.41891e-05
2.44465e-05
2.47216e-05
2.50148e-05
2.53266e-05
2.56572e-05
2.60064e-05
2.6374e-05
2.67594e-05
2.71617e-05
2.75797e-05
2.80123e-05
2.84577e-05
2.89147e-05
2.93815e-05
2.98568e-05
3.03393e-05
3.0828e-05
3.13223e-05
3.18217e-05
3.23263e-05
3.28364e-05
3.33524e-05
3.3875e-05
3.4405e-05
2.40664e-05
2.41802e-05
2.4299e-05
2.44233e-05
2.45541e-05
2.46921e-05
2.48381e-05
2.49932e-05
2.51584e-05
2.53348e-05
2.55234e-05
2.57254e-05
2.59421e-05
2.61745e-05
2.64239e-05
2.66913e-05
2.69777e-05
2.7284e-05
2.76109e-05
2.79589e-05
2.83283e-05
2.87191e-05
2.91311e-05
2.95638e-05
3.00162e-05
3.04873e-05
3.09758e-05
3.14801e-05
3.19986e-05
3.25298e-05
3.30721e-05
3.36241e-05
3.41849e-05
3.47538e-05
3.53303e-05
3.59144e-05
3.65064e-05
3.71068e-05
3.77163e-05
3.83358e-05
2.74258e-05
2.75549e-05
2.76895e-05
2.78306e-05
2.79787e-05
2.8135e-05
2.83004e-05
2.84761e-05
2.86631e-05
2.88627e-05
2.90762e-05
2.93049e-05
2.95502e-05
2.98134e-05
3.0096e-05
3.0399e-05
3.07239e-05
3.10716e-05
3.1443e-05
3.18388e-05
3.22595e-05
3.27053e-05
3.3176e-05
3.36712e-05
3.41901e-05
3.47317e-05
3.52947e-05
3.58775e-05
3.64785e-05
3.70961e-05
3.77286e-05
3.83747e-05
3.90331e-05
3.97032e-05
4.03844e-05
4.10767e-05
4.17801e-05
4.24951e-05
4.32224e-05
4.39627e-05
3.2821e-05
3.29736e-05
3.31326e-05
3.32988e-05
3.34733e-05
3.36572e-05
3.38515e-05
3.40576e-05
3.42767e-05
3.45105e-05
3.47603e-05
3.50277e-05
3.53144e-05
3.5622e-05
3.59521e-05
3.63061e-05
3.66857e-05
3.70922e-05
3.75267e-05
3.79902e-05
3.84835e-05
3.90068e-05
3.95604e-05
4.01438e-05
4.07566e-05
4.13976e-05
4.20657e-05
4.27593e-05
4.34767e-05
4.42161e-05
4.49758e-05
4.57541e-05
4.65496e-05
4.73611e-05
4.81879e-05
4.90295e-05
4.98856e-05
5.07561e-05
5.16411e-05
5.25409e-05
4.26008e-05
4.2794e-05
4.29947e-05
4.32041e-05
4.34232e-05
4.36534e-05
4.3896e-05
4.41525e-05
4.44246e-05
4.47141e-05
4.50227e-05
4.53523e-05
4.5705e-05
4.60826e-05
4.64872e-05
4.69207e-05
4.7385e-05
4.78817e-05
4.84124e-05
4.89784e-05
4.95806e-05
5.02197e-05
5.08959e-05
5.16089e-05
5.23582e-05
5.31425e-05
5.39606e-05
5.48103e-05
5.56895e-05
5.65958e-05
5.75266e-05
5.84793e-05
5.94514e-05
6.04406e-05
6.14446e-05
6.24616e-05
6.34896e-05
6.4527e-05
6.55722e-05
6.66235e-05
1.18126e-08
4.89765e-06
0.000442058
0.00146618
0.00182872
0.00226772
0.00319497
9.23359e-06
6.98555e-06
5.65927e-06
4.19957e-06
4.94619e-06
0.00551986
0.00501645
0.00471884
0.00454051
0.00441788
0.00429985
0.00413123
0.00386461
0.00349338
0.00297089
0.00222039
0.00152854
0.00117529
0.00105691
0.00103033
0.00106021
0.00113255
0.00123789
0.00136439
0.00148832
0.00149745
0.00134927
0.0012241
0.00112089
0.0010288
0.000944529
0.00086707
0.000796157
0.000731606
0.000673027
0.000619887
0.000571471
0.000527166
0.000486654
0.000449554
0.000415583
0.00038455
0.000356231
0.000330368
0.000306748
0.000285188
0.00026552
0.000247584
0.000231238
0.000216346
0.000202788
0.000190456
0.000179253
0.000169097
0.000159913
0.000151634
0.000144203
0.000137562
0.00013166
0.000126444
0.000121865
0.000117871
0.000114412
0.000111438
0.000108899
0.000106747
0.000104936
0.000103425
0.000102171
0.000101139
0.000100295
9.96107e-05
9.90583e-05
2.24098e-08
5.23573e-06
0.00043002
7.89184e-05
2.74598e-05
1.3348e-05
9.29921e-06
5.46219e-06
4.53207e-06
3.9739e-06
3.38511e-06
3.86875e-06
4.78266e-06
5.35869e-06
5.75685e-06
6.06582e-06
6.38478e-06
6.8516e-06
7.67816e-06
9.32773e-06
1.28498e-05
2.1279e-05
4.91669e-05
0.000259921
0.001179
0.00105966
0.00103272
0.00106248
0.00113482
0.00124023
0.00136687
0.00149106
0.0015007
0.00135247
0.00122696
0.00112355
0.00103129
0.000946854
0.000869242
0.000798176
0.000733476
0.000674753
0.000621478
0.000572934
0.000528512
0.00048789
0.000450689
0.000416623
0.000385503
0.000357102
0.000331164
0.000307474
0.000285849
0.000266121
0.000248129
0.00023173
0.00021679
0.000203186
0.000190812
0.000179571
0.000169378
0.000160161
0.000151852
0.000144392
0.000137726
0.0001318
0.000126564
0.000121965
0.000117955
0.000114481
0.000111494
0.000108943
0.000106782
0.000104963
0.000103445
0.000102185
0.000101149
0.000100301
9.96136e-05
9.90587e-05
5.25955e-08
5.87876e-06
0.000402258
3.03483e-05
1.30716e-05
7.45337e-06
5.77175e-06
6.73878e-06
6.00822e-06
5.54879e-06
5.11288e-06
5.77454e-06
4.15646e-06
4.5254e-06
4.6803e-06
4.66933e-06
4.60023e-06
4.57815e-06
4.70338e-06
5.15694e-06
6.34592e-06
9.31532e-06
1.81957e-05
7.40035e-05
0.0010393
0.00106602
0.00103825
0.00106776
0.00114008
0.00124564
0.00137262
0.00149741
0.00150822
0.00135986
0.00123358
0.00112968
0.00103702
0.000952224
0.000874255
0.000802836
0.000737792
0.000678738
0.000625149
0.000576312
0.000531618
0.000490744
0.00045331
0.000419027
0.000387703
0.000359114
0.000333002
0.000309151
0.000287376
0.000267509
0.000249387
0.000232868
0.000217815
0.000204107
0.000191636
0.000180305
0.000170029
0.000160735
0.000152355
0.00014483
0.000138105
0.000132125
0.00012684
0.000122198
0.000118148
0.00011464
0.000111623
0.000109047
0.000106863
0.000105026
0.000103491
0.000102219
0.000101171
0.000100315
9.96203e-05
9.90596e-05
1.29134e-07
6.90966e-06
0.000376185
2.42858e-05
1.33394e-05
8.84056e-06
7.44969e-06
8.94337e-06
8.27848e-06
7.83949e-06
7.50428e-06
8.47136e-06
6.62815e-06
7.11772e-06
7.25879e-06
7.08421e-06
6.77824e-06
6.47869e-06
6.26578e-06
6.25017e-06
6.73564e-06
8.44006e-06
1.34106e-05
3.68007e-05
0.000381307
0.00107601
0.00104695
0.00107605
0.00114835
0.00125416
0.00138167
0.0015074
0.00152002
0.00137147
0.00124398
0.00113931
0.00104603
0.000960658
0.000882127
0.000810154
0.000744569
0.000684995
0.000630913
0.000581617
0.000536496
0.000495227
0.000457426
0.000422802
0.000391159
0.000362275
0.000335891
0.000311786
0.000289776
0.00026969
0.000251365
0.000234657
0.000219428
0.000205557
0.000192933
0.000181461
0.000171055
0.000161639
0.000153148
0.000145521
0.000138702
0.000132638
0.000127276
0.000122565
0.000118454
0.000114892
0.000111827
0.00010921
0.000106992
0.000105125
0.000103565
0.000102272
0.000101207
0.000100337
9.96309e-05
9.90611e-05
3.10632e-07
8.41621e-06
0.000354703
2.66353e-05
1.66616e-05
1.17447e-05
1.02699e-05
1.1814e-05
1.12e-05
1.07739e-05
1.05644e-05
1.19407e-05
1.01726e-05
1.08565e-05
1.10064e-05
1.06359e-05
1.00612e-05
9.4749e-06
8.93155e-06
8.46384e-06
8.32591e-06
9.21696e-06
1.25783e-05
2.56112e-05
0.000145037
0.00109
0.00105913
0.00108766
0.00115994
0.00126608
0.00139434
0.00152137
0.00153651
0.00138772
0.00125852
0.00115277
0.00105863
0.000972446
0.00089313
0.000820381
0.000754039
0.000693739
0.000638969
0.00058903
0.000543314
0.000501494
0.00046318
0.00042808
0.000395993
0.000366697
0.000339931
0.000315473
0.000293135
0.000272744
0.000254135
0.000237162
0.000221688
0.000207588
0.000194752
0.000183082
0.000172493
0.000162909
0.000154262
0.000146492
0.000139542
0.000133358
0.000127889
0.000123081
0.000118885
0.000115246
0.000112115
0.000109441
0.000107173
0.000105264
0.000103669
0.000102347
0.000101258
0.000100368
9.96459e-05
9.90634e-05
7.1399e-07
1.05104e-05
0.000337679
3.31473e-05
2.19642e-05
1.57587e-05
1.40338e-05
1.54904e-05
1.49225e-05
1.45138e-05
1.44756e-05
1.63731e-05
1.48587e-05
1.57624e-05
1.58979e-05
1.52584e-05
1.4342e-05
1.34158e-05
1.24998e-05
1.15186e-05
1.06513e-05
1.06478e-05
1.27744e-05
2.12076e-05
7.1986e-05
0.000646873
0.00107512
0.0011029
0.00117515
0.00128175
0.00141097
0.00153972
0.00155813
0.00140903
0.00127759
0.00117043
0.00107514
0.000987894
0.000907544
0.000833778
0.000766445
0.000705193
0.000649523
0.000598742
0.000552247
0.000509705
0.000470722
0.000434999
0.000402329
0.000372495
0.00034523
0.000320309
0.000297542
0.000276752
0.000257772
0.000240453
0.000224657
0.000210258
0.000197143
0.000185215
0.000174387
0.000164581
0.00015573
0.000147772
0.00014065
0.00013431
0.000128699
0.000123765
0.000119454
0.000115716
0.000112497
0.000109747
0.000107413
0.000105449
0.000103807
0.000102446
0.000101325
0.000100409
9.9666e-05
9.90666e-05
1.54527e-06
1.33279e-05
0.000323709
4.51176e-05
2.93623e-05
2.11828e-05
1.89957e-05
2.02296e-05
1.9688e-05
1.93023e-05
1.94957e-05
2.20296e-05
2.09635e-05
2.20725e-05
2.21291e-05
2.11284e-05
1.97828e-05
1.84423e-05
1.70821e-05
1.54949e-05
1.37561e-05
1.2679e-05
1.35223e-05
1.91734e-05
4.56035e-05
0.000310578
0.00109526
0.00112208
0.00119432
0.00130149
0.00143194
0.00156283
0.0015853
0.00143587
0.00130159
0.00119264
0.00109589
0.00100731
0.000925658
0.000850611
0.000782031
0.000719583
0.000662783
0.000610946
0.000563473
0.000520025
0.000480202
0.000443698
0.000410298
0.000379788
0.000351898
0.000326397
0.000303091
0.000281801
0.000262355
0.000244603
0.000228402
0.000213627
0.000200164
0.000187911
0.000176782
0.000166698
0.000157589
0.000149395
0.000142057
0.000135519
0.000129729
0.000124633
0.000120179
0.000116314
0.000112984
0.000110136
0.00010772
0.000105685
0.000103984
0.000102573
0.000101412
0.000100462
9.96921e-05
9.9071e-05
3.10498e-06
1.70311e-05
0.00031105
7.12301e-05
3.92834e-05
2.87658e-05
2.55872e-05
2.63925e-05
2.58226e-05
2.54601e-05
2.59583e-05
2.92212e-05
2.88004e-05
3.00415e-05
2.99057e-05
2.84446e-05
2.65902e-05
2.47591e-05
2.28644e-05
2.05509e-05
1.77746e-05
1.5417e-05
1.48171e-05
1.83021e-05
3.42713e-05
0.000154962
0.000908249
0.00114555
0.00121779
0.00132565
0.0014576
0.00159109
0.00161847
0.00146868
0.00133093
0.00121976
0.00112123
0.001031
0.000947757
0.000871144
0.000801042
0.000737137
0.000678958
0.000625835
0.00057717
0.000532619
0.000491773
0.000454317
0.000420029
0.000388696
0.000360044
0.000333837
0.000309876
0.000287977
0.000267963
0.000249683
0.000232992
0.000217759
0.00020387
0.000191222
0.000179725
0.000169301
0.000159879
0.000151395
0.000143791
0.000137012
0.000131002
0.000125708
0.000121077
0.000117055
0.000113588
0.000110621
0.000108102
0.000105979
0.000104204
0.000102732
0.000101519
0.000100529
9.9725e-05
9.9077e-05
5.7261e-06
2.18133e-05
0.000298164
0.000149149
5.25215e-05
3.93421e-05
3.44124e-05
3.44624e-05
3.37497e-05
3.33934e-05
3.4274e-05
3.82846e-05
3.86416e-05
3.98683e-05
3.93823e-05
3.73721e-05
3.49618e-05
3.25865e-05
3.00648e-05
2.68863e-05
2.28857e-05
1.90216e-05
1.6771e-05
1.82655e-05
2.87144e-05
8.89031e-05
0.000546581
0.00117363
0.00124589
0.00135458
0.00148834
0.00162491
0.00165805
0.00150793
0.00136599
0.00125217
0.00115149
0.00105928
0.000974124
0.000895638
0.00082372
0.000758076
0.000698255
0.000643599
0.000593514
0.000547648
0.000505584
0.000466996
0.00043165
0.000399338
0.00036978
0.000342733
0.000317992
0.000295367
0.000274679
0.000255771
0.000238494
0.000222717
0.00020832
0.000195201
0.000183267
0.000172437
0.000162639
0.000153809
0.000145887
0.000138817
0.000132543
0.000127012
0.000122168
0.000117957
0.000114323
0.000111211
0.000108567
0.000106338
0.000104474
0.000102926
0.000101652
0.00010061
9.9766e-05
9.90851e-05
9.66344e-06
2.78854e-05
0.000284011
0.000441891
6.9927e-05
5.33664e-05
4.63076e-05
4.50653e-05
4.39981e-05
4.35928e-05
4.49152e-05
4.95324e-05
5.06278e-05
5.16289e-05
5.06251e-05
4.80112e-05
4.50569e-05
4.21361e-05
3.8916e-05
3.47331e-05
2.93113e-05
2.3698e-05
1.95513e-05
1.90224e-05
2.58666e-05
5.94793e-05
0.000296989
0.0011351
0.00127896
0.00138865
0.00152452
0.00166468
0.00170449
0.00155406
0.00140718
0.00129022
0.001187
0.00109245
0.00100504
0.000924351
0.000850301
0.000782619
0.000720875
0.000664424
0.000612678
0.000565273
0.000521782
0.000481871
0.000445289
0.000411832
0.000381214
0.000353185
0.000327532
0.00030406
0.000282583
0.000262941
0.00024498
0.000228565
0.000213576
0.000199905
0.000187457
0.000176152
0.000165913
0.000156676
0.000148381
0.000140968
0.000134383
0.000128569
0.000123472
0.000119036
0.000115204
0.00011192
0.000109127
0.00010677
0.000104798
0.000103161
0.000101812
0.00010071
9.98162e-05
9.90957e-05
1.50192e-05
3.54086e-05
0.000267964
0.00123827
9.32761e-05
7.17427e-05
6.25174e-05
5.89779e-05
5.7191e-05
5.66099e-05
5.83664e-05
6.31766e-05
6.46788e-05
6.52162e-05
6.35861e-05
6.03793e-05
5.69733e-05
5.35922e-05
4.96528e-05
4.43479e-05
3.73165e-05
2.97028e-05
2.33765e-05
2.06585e-05
2.46452e-05
4.5301e-05
0.000167319
0.000807155
0.00131734
0.00142819
0.00156652
0.00171081
0.00175818
0.00160755
0.0014549
0.00133426
0.00122807
0.0011308
0.00104077
0.000957531
0.000881015
0.000810979
0.000747016
0.000688495
0.000634831
0.000585651
0.000540515
0.000499076
0.000461071
0.000426294
0.000394456
0.000365295
0.000338591
0.000314143
0.000291758
0.000271269
0.00025252
0.000235371
0.000219698
0.00020539
0.00019235
0.000180495
0.000169746
0.000160038
0.000151309
0.000143498
0.000136549
0.000130407
0.000125014
0.000120314
0.000116249
0.000112761
0.000109792
0.000107285
0.000105185
0.000103441
0.000102004
0.00010083
9.98774e-05
9.91097e-05
2.17493e-05
4.43478e-05
0.000249804
0.00160387
0.000128825
9.58648e-05
8.36643e-05
7.71431e-05
7.40014e-05
7.30017e-05
7.50386e-05
7.92478e-05
8.04507e-05
8.03089e-05
7.80877e-05
7.44022e-05
7.07335e-05
6.71003e-05
6.25072e-05
5.60089e-05
4.72104e-05
3.7353e-05
2.8529e-05
2.33474e-05
2.4693e-05
3.80906e-05
0.000104572
0.000494219
0.00136138
0.00147357
0.00161472
0.00176369
0.00181953
0.00166884
0.00150953
0.00138465
0.00127503
0.00117462
0.00108158
0.000995423
0.000916089
0.000843366
0.000776872
0.000715989
0.000660139
0.000608935
0.000561923
0.000518744
0.000479118
0.000442839
0.00040961
0.000379161
0.000351262
0.000325703
0.000302283
0.000280832
0.000261186
0.000243201
0.000226748
0.000211714
0.000197999
0.000185516
0.000174185
0.000163937
0.00015471
0.000146442
0.000139075
0.000132553
0.000126818
0.000121812
0.000117476
0.000113751
0.000110576
0.000107893
0.000105643
0.000103774
0.000102233
0.000100973
9.99514e-05
9.91279e-05
2.97611e-05
5.43198e-05
0.000230295
0.00125266
0.000199271
0.000127162
0.000110099
0.000100798
9.50751e-05
9.32518e-05
9.51672e-05
9.75577e-05
9.73929e-05
9.63928e-05
9.38156e-05
8.99081e-05
8.6275e-05
8.27599e-05
7.77125e-05
7.00172e-05
5.93442e-05
4.7032e-05
3.53704e-05
2.73516e-05
2.59719e-05
3.45628e-05
7.36987e-05
0.000292606
0.00110403
0.00152512
0.00166947
0.0018237
0.00188894
0.00173838
0.00157147
0.00144173
0.00132819
0.0012242
0.00112774
0.00103827
0.000955744
0.000879985
0.000810631
0.000747084
0.000688765
0.000635277
0.000586148
0.000541005
0.000499552
0.000461579
0.000426784
0.000394883
0.000365636
0.000338825
0.000314241
0.000291705
0.000271047
0.00025212
0.000234789
0.000218937
0.000204459
0.000191266
0.000179276
0.000168418
0.000158625
0.000149837
0.000141994
0.000135038
0.000128911
0.000123554
0.000118906
0.000114907
0.000111494
0.000108605
0.000106182
0.000104166
0.000102503
0.000101143
0.000100041
9.91516e-05
3.90839e-05
6.46994e-05
0.000211076
0.0010008
0.000381145
0.000167541
0.000142729
0.000130154
0.000120965
0.000117708
0.000118756
0.000117763
0.000114917
0.000112856
0.000110327
0.000106619
0.00010344
0.000100618
9.55154e-05
8.67078e-05
7.41129e-05
5.91923e-05
4.43582e-05
3.30398e-05
2.86337e-05
3.34217e-05
5.79984e-05
0.000181083
0.000769238
0.0015832
0.00173115
0.00189123
0.00196678
0.00181663
0.0016411
0.00150586
0.00138787
0.00127983
0.00117951
0.00108631
0.0010002
0.000921039
0.000848484
0.000781953
0.000720872
0.000664827
0.000613328
0.000565989
0.000522492
0.000482628
0.000446081
0.000412558
0.000381806
0.000353597
0.000327711
0.000303963
0.000282177
0.000262197
0.000243884
0.000227117
0.000211786
0.000197799
0.00018507
0.000173525
0.000163098
0.000153724
0.000145342
0.000137895
0.000131323
0.000125566
0.000120562
0.000116248
0.00011256
0.000109435
0.00010681
0.000104625
0.00010282
0.000101344
0.000100147
9.9182e-05
5.00009e-05
7.51595e-05
0.000194266
0.000821614
0.00090491
0.000221864
0.000182796
0.000165136
0.000152221
0.000146638
0.000145659
0.000139554
0.000132629
0.000129152
0.000127097
0.00012415
0.000121963
0.000120656
0.000116193
0.000106474
9.19644e-05
7.4359e-05
5.606e-05
4.09126e-05
3.29931e-05
3.4249e-05
5.01254e-05
0.000122241
0.00049653
0.00148925
0.00180013
0.00196666
0.00205345
0.00190405
0.00171881
0.00157737
0.00145437
0.00134179
0.00123715
0.00113978
0.00104969
0.000966735
0.000890621
0.000820775
0.000756624
0.000697738
0.000643606
0.000593826
0.000548061
0.000506098
0.000467609
0.000432286
0.000399865
0.000370105
0.000342776
0.000317685
0.000294647
0.000273499
0.000254098
0.000236315
0.000220038
0.000205168
0.000191617
0.000179308
0.000168172
0.000158142
0.000149158
0.000141159
0.000134085
0.000127875
0.000122466
0.000117795
0.000113794
0.000110398
0.000107541
0.00010516
0.000103193
0.000101581
0.000100275
9.92211e-05
6.31378e-05
8.62271e-05
0.000182506
0.000695352
0.00198233
0.00030297
0.000232898
0.00020715
0.000189876
0.00018056
0.000175903
0.000162923
0.000150526
0.000144995
0.000143626
0.000142034
0.000141478
0.000142767
0.000140069
0.000129809
0.000113428
9.31418e-05
7.11705e-05
5.16367e-05
3.95481e-05
3.70943e-05
4.69365e-05
9.13946e-05
0.000317083
0.00119693
0.00187676
0.00205037
0.00214932
0.00200111
0.001805
0.00165662
0.00152802
0.00141036
0.00130092
0.00119893
0.00110442
0.00101728
0.000937236
0.000863728
0.000796187
0.000734163
0.000677125
0.000624649
0.000576383
0.000532104
0.000491474
0.000454167
0.000419906
0.000388437
0.000359519
0.000332947
0.00030853
0.000286096
0.000265495
0.000246593
0.000229271
0.000213427
0.000198968
0.000185814
0.000173893
0.000163136
0.00015348
0.000144865
0.00013723
0.000130512
0.000124647
0.000119571
0.000115214
0.00011151
0.000108388
0.000105782
0.000103627
0.000101861
0.000100428
9.92708e-05
7.94704e-05
9.92795e-05
0.000178584
0.000607979
0.00214411
0.000439413
0.000299544
0.000260052
0.000236805
0.000221149
0.000210334
0.000188495
0.000169109
0.000160507
0.000159601
0.0001598
0.000161547
0.000166741
0.000167523
0.000157373
0.000139176
0.000116273
9.05388e-05
6.60891e-05
4.90336e-05
4.23523e-05
4.72315e-05
7.56404e-05
0.000211472
0.000864649
0.00195293
0.00214277
0.00225477
0.00210829
0.00190008
0.00174398
0.00160916
0.00148586
0.0013711
0.00126402
0.00116464
0.0010729
0.000988532
0.000911001
0.000839735
0.000774265
0.000714033
0.000658598
0.000607584
0.000560767
0.000517789
0.000478307
0.000442028
0.000408685
0.000378024
0.000349831
0.000323902
0.000300058
0.000278142
0.000258013
0.000239546
0.000222633
0.000207177
0.000193094
0.000180308
0.000168749
0.000158351
0.000149053
0.000140793
0.000133508
0.000127133
0.000121601
0.000116843
0.000112788
0.000109365
0.000106503
0.000104133
0.000102188
0.000100609
9.9334e-05
0.000100328
0.000116157
0.000181345
0.000548925
0.00177792
0.000700896
0.000388585
0.000334726
0.000301302
0.000273437
0.000251895
0.000217996
0.000189428
0.000176275
0.000175053
0.000177117
0.000181764
0.000192278
0.000198983
0.000190082
0.000170138
0.000144695
0.000115232
8.54274e-05
6.2514e-05
5.07851e-05
5.08492e-05
6.88584e-05
0.000152769
0.000590748
0.00179812
0.00224423
0.00237023
0.00222611
0.00200447
0.00183983
0.00169811
0.0015686
0.00144799
0.00133531
0.0012306
0.00113381
0.00104472
0.00096279
0.00088745
0.000818211
0.000754488
0.000695815
0.000641801
0.000592212
0.00054667
0.000504813
0.000466332
0.000430944
0.000398382
0.000368419
0.000340841
0.00031546
0.000292109
0.000270641
0.000250923
0.000232844
0.000216298
0.000201198
0.000187466
0.000175027
0.000163813
0.000153763
0.000144812
0.000136898
0.000129954
0.000123913
0.000118704
0.000114254
0.00011049
0.000107336
0.000104721
0.000102572
0.000100826
9.94139e-05
0.000127466
0.000138897
0.000191462
0.000510941
0.00152664
0.0012243
0.000497906
0.000444633
0.000407581
0.000351863
0.000308687
0.00025537
0.000213265
0.000193329
0.000190457
0.00019396
0.000201905
0.000219067
0.000234909
0.000229227
0.000207685
0.000179742
0.000146672
0.000111217
8.15398e-05
6.36589e-05
5.83811e-05
6.84977e-05
0.000121798
0.000402213
0.0015
0.00235515
0.00249611
0.00235513
0.00211863
0.00194455
0.00179525
0.00165891
0.00153188
0.00141308
0.00130255
0.00120027
0.00110603
0.0010193
0.000939526
0.00086618
0.000798653
0.000736456
0.000679173
0.000626571
0.00057824
0.000533801
0.000492925
0.000455315
0.000420685
0.000388798
0.000359428
0.000332377
0.000307467
0.000284544
0.000263468
0.000244119
0.000226388
0.000210182
0.000195418
0.000182018
0.000169912
0.000159037
0.000149327
0.000140718
0.000133144
0.000126536
0.000120823
0.00011593
0.000111781
0.000108297
0.000105402
0.00010302
0.000101083
9.95145e-05
0.000163196
0.000169715
0.000209695
0.000489281
0.00135341
0.00214302
0.000643274
0.000553943
0.000590018
0.000499083
0.000403632
0.000310195
0.000243869
0.000213164
0.000206737
0.000210747
0.000222122
0.000246955
0.000275763
0.00027661
0.000253908
0.000223447
0.00018691
0.000145681
0.000108426
8.30261e-05
7.12323e-05
7.40669e-05
0.000107823
0.000286112
0.00115931
0.00241535
0.00263281
0.00249595
0.00224302
0.00205857
0.00190095
0.00175714
0.00162311
0.00149764
0.00138078
0.00127253
0.00117269
0.00108076
0.000996169
0.000918365
0.000846707
0.000780682
0.000719855
0.000663985
0.000612632
0.000565393
0.000521922
0.000481903
0.000445034
0.000411063
0.000379751
0.00035089
0.000324292
0.000299793
0.000277245
0.000256522
0.000237506
0.0002201
0.000204216
0.000189772
0.000176695
0.000164919
0.000154377
0.000145006
0.000136737
0.000129503
0.000123229
0.000117841
0.000113259
0.000109403
0.000106191
0.000103544
0.000101389
9.96408e-05
0.000210299
0.000210986
0.000237561
0.00048212
0.00123451
0.00309359
0.000878457
0.000628422
0.000761717
0.000784902
0.000603789
0.000409845
0.00028847
0.00023804
0.000225205
0.000228391
0.0002431
0.000276184
0.000321987
0.000334671
0.00031202
0.000279041
0.000239125
0.00019217
0.000146761
0.000112251
9.19858e-05
8.66466e-05
0.000105904
0.000220336
0.000855024
0.00233045
0.00278078
0.00264916
0.0023782
0.00218235
0.00201562
0.00186366
0.00172201
0.00158931
0.00146558
0.00135086
0.00124497
0.00114741
0.0010576
0.00097497
0.00089884
0.000828669
0.00076401
0.000704608
0.000649988
0.000599723
0.000553446
0.000510823
0.000471534
0.000435311
0.000401902
0.000371086
0.000342664
0.000316464
0.000292326
0.000270118
0.000249714
0.000231011
0.000213915
0.00019834
0.000184209
0.000171455
0.000160008
0.000149803
0.000140772
0.000132846
0.000125952
0.000120012
0.000114947
0.000110672
0.000107104
0.000104156
0.000101751
9.97987e-05
0.0002713
0.000264782
0.000277252
0.000493232
0.00115538
0.00269225
0.0013066
0.000719618
0.00076805
0.00108027
0.0010035
0.000632634
0.000367056
0.000272174
0.000247589
0.000248296
0.000266162
0.000307656
0.000374018
0.000406532
0.000386893
0.00035172
0.000308452
0.000256017
0.000202332
0.000156955
0.000125165
0.000109076
0.000114915
0.000187727
0.000625649
0.00211534
0.00294047
0.00281541
0.00252469
0.0023164
0.00213968
0.00197885
0.00182895
0.00168843
0.00155729
0.00143558
0.00132315
0.00121951
0.00112407
0.00103622
0.000955257
0.000880609
0.000811816
0.000748605
0.00069046
0.000636932
0.00058763
0.000542199
0.0005003
0.00046165
0.00042598
0.000393057
0.00036267
0.000334636
0.000308786
0.000284978
0.000263078
0.000242976
0.000224573
0.000207778
0.000192508
0.000178694
0.000166264
0.000155152
0.000145288
0.000136604
0.000129026
0.000122475
0.000116872
0.000112128
0.000108157
0.00010487
0.000102182
9.99955e-05
0.000346167
0.000331244
0.000330236
0.000520256
0.00110535
0.00238586
0.00205968
0.000922177
0.000696269
0.000999376
0.00138397
0.00103014
0.000540146
0.000325725
0.000276353
0.000272362
0.000293314
0.000343145
0.000432384
0.000495818
0.000485689
0.000449766
0.000403328
0.000345995
0.000284742
0.000226664
0.000178599
0.000146752
0.000136805
0.000178654
0.000473843
0.00181232
0.00311231
0.00299536
0.00268303
0.00246125
0.00227364
0.00210313
0.00194431
0.00179535
0.00165622
0.00152699
0.00140753
0.00129734
0.00119582
0.00110235
0.00101618
0.000936705
0.000863464
0.000796155
0.000734217
0.000677176
0.000624617
0.000576165
0.000531457
0.000490194
0.000452093
0.000416903
0.000384402
0.000354395
0.000326704
0.000301175
0.000277666
0.000256061
0.000236252
0.000218142
0.000201645
0.000186687
0.000173194
0.000161098
0.000150328
0.000140816
0.000132486
0.000125262
0.000119061
0.000113794
0.000109372
0.000105701
0.000102693
0.00010024
0.000428153
0.000405832
0.000394894
0.000561501
0.00107532
0.0021433
0.00307747
0.00137722
0.000729327
0.000687168
0.00113401
0.00131941
0.000847023
0.000428738
0.000315896
0.000303163
0.000327331
0.000385439
0.000497893
0.000605989
0.000618335
0.00058601
0.000537521
0.000476697
0.000410057
0.000337439
0.000265584
0.000209115
0.000176914
0.00018993
0.000385323
0.00148489
0.00321271
0.00318972
0.00285379
0.00261739
0.00241805
0.00223698
0.00206849
0.00191045
0.00176274
0.00162544
0.00149842
0.00138119
0.00127314
0.00117363
0.00108185
0.00099718
0.000919166
0.000847454
0.00078144
0.000720625
0.000664566
0.000612866
0.00056514
0.000521071
0.000480356
0.000442731
0.00040796
0.000375836
0.000346166
0.00031879
0.000293555
0.000270334
0.000249015
0.000229494
0.000211677
0.000195488
0.000180849
0.000167689
0.000155937
0.000145524
0.000136373
0.000128408
0.000121546
0.000115699
0.000110772
0.000106669
0.000103299
0.000100543
0.000503178
0.0004785
0.000463459
0.000611556
0.00105546
0.00193911
0.0034845
0.00230189
0.000984649
0.000558732
0.000595154
0.00101259
0.00107155
0.000607928
0.000376857
0.000344507
0.000371976
0.000438447
0.000571903
0.000738913
0.000797045
0.000779213
0.000732827
0.000672056
0.00060466
0.000515395
0.000407681
0.000311704
0.000245143
0.000223873
0.000344948
0.0011931
0.0032177
0.00339917
0.00303752
0.00278537
0.00257337
0.00238099
0.00220195
0.00203412
0.00187723
0.00173128
0.00159617
0.00147139
0.00135634
0.00125033
0.00115253
0.00106228
0.00097915
0.000902715
0.000832328
0.000767462
0.000707647
0.000652463
0.000601497
0.000554416
0.000510897
0.00047066
0.000433454
0.000399057
0.000367267
0.00033791
0.000310823
0.000285872
0.000262934
0.000241898
0.000222665
0.000205154
0.000189282
0.000174976
0.000162163
0.000150772
0.000140727
0.000131952
0.000124363
0.000117872
0.000112383
0.000107796
0.000104017
0.000100918
0.000559749
0.000539332
0.000524341
0.000659712
0.0010356
0.00175554
0.0029712
0.00366134
0.00168487
0.00066782
0.000395805
0.000483812
0.000835277
0.000738053
0.000471113
0.000403099
0.000432488
0.00050734
0.000656613
0.000892665
0.00103307
0.00105351
0.00102131
0.000969508
0.000909363
0.000799332
0.000636437
0.000477808
0.000357448
0.000288441
0.00034393
0.000971932
0.00311662
0.00362437
0.00323477
0.00296568
0.00274011
0.0025356
0.00234523
0.00216678
0.00200005
0.00184488
0.00170112
0.00156828
0.00144573
0.00133276
0.0012285
0.00113228
0.00104367
0.000962173
0.000887099
0.000817891
0.00075405
0.000695129
0.00064069
0.00059038
0.000543855
0.000500819
0.000461002
0.000424171
0.000390108
0.00035863
0.00032956
0.000302755
0.000278083
0.000255425
0.000234676
0.000215747
0.000198552
0.000183014
0.000169057
0.000156609
0.000145594
0.000135935
0.000127549
0.000120348
0.000114234
0.000109107
0.000104868
0.00010138
0.000599713
0.000587449
0.000572822
0.000696464
0.00100899
0.00158367
0.00251486
0.00392859
0.00317562
0.00115435
0.000444605
0.000311948
0.000424102
0.000633409
0.00054842
0.000489538
0.000516585
0.000598775
0.000755296
0.00105952
0.00132803
0.00143121
0.00144265
0.00142102
0.0013795
0.00123692
0.000989256
0.000736692
0.000536157
0.000398055
0.000381627
0.000830163
0.00292138
0.00386591
0.00344599
0.00315882
0.00291874
0.00270128
0.00249886
0.00230894
0.00213161
0.0019666
0.00181364
0.0016722
0.00154165
0.00142124
0.00131006
0.00120746
0.00111299
0.00102608
0.000945992
0.000872134
0.00080398
0.000741057
0.000682898
0.000629129
0.000579384
0.000533348
0.000490736
0.000451298
0.000414802
0.000381052
0.00034986
0.000321071
0.000294544
0.000270151
0.000247778
0.000227332
0.00020872
0.00019186
0.000176673
0.000163087
0.000151022
0.000140403
0.000131146
0.000123164
0.00011636
0.00011063
0.000105875
0.000101948
0.000634987
0.000630993
0.000615269
0.000721833
0.000978246
0.00142379
0.00212425
0.00325558
0.00481757
0.0024871
0.000794028
0.000361861
0.000299796
0.000436213
0.00055964
0.000589066
0.000636644
0.00072123
0.000872426
0.00122636
0.00165983
0.00191154
0.00202597
0.00208052
0.0020691
0.00186516
0.00149249
0.00111354
0.000805967
0.000573618
0.000465971
0.000763269
0.00267187
0.0041242
0.00367153
0.00336514
0.00310967
0.00287845
0.00266326
0.00246123
0.00227235
0.00209681
0.00193408
0.00178352
0.00164444
0.0015161
0.00139753
0.00128814
0.00118742
0.00109473
0.00100927
0.000930436
0.000857666
0.00079046
0.000728317
0.000670846
0.000617653
0.000568406
0.000522801
0.000480572
0.000441473
0.000405292
0.000371829
0.000340918
0.000312408
0.00028616
0.000262051
0.000239982
0.000219853
0.000201577
0.000185072
0.000170261
0.000157064
0.000145404
0.0001352
0.000126363
0.000118797
0.000112398
0.000107066
0.000102644
0.00067718
0.00067907
0.000661271
0.0007419
0.000949659
0.00128338
0.00180372
0.00264915
0.00397685
0.00477928
0.00189755
0.000677854
0.000370461
0.000379337
0.00055047
0.000685637
0.000794302
0.00088575
0.00101376
0.00137971
0.00197374
0.00243697
0.00274436
0.00295996
0.00298734
0.00267033
0.00213349
0.00161015
0.00118277
0.000839029
0.000613822
0.00076667
0.00242289
0.00439943
0.00391151
0.00358487
0.00331317
0.00306746
0.00283878
0.00262399
0.00242291
0.00223591
0.00206281
0.00190258
0.00175448
0.00161769
0.00149127
0.00137466
0.00126728
0.00116841
0.00107722
0.000993069
0.000915362
0.000843572
0.000777166
0.000715732
0.000658849
0.000606166
0.000557357
0.000512143
0.000470257
0.000431476
0.000395584
0.000362404
0.000331773
0.000303542
0.000277578
0.000253775
0.000232024
0.000212234
0.000194317
0.000178191
0.000163776
0.000150994
0.000139761
0.000129991
0.000121589
0.000114448
0.000108473
0.000103495
0.000731264
0.000735432
0.000715924
0.000766394
0.000932005
0.00117353
0.00155595
0.00217693
0.00320806
0.00479885
0.00434051
0.00170379
0.000702376
0.000494051
0.000599362
0.000801348
0.000977924
0.00109692
0.00118655
0.00151387
0.00220059
0.0028815
0.0034623
0.00395507
0.00403958
0.00355533
0.00284305
0.00219046
0.00165926
0.00121194
0.000850093
0.000843517
0.00222461
0.00469151
0.00416575
0.00381791
0.0035293
0.00326846
0.00302567
0.00279752
0.0025837
0.00238439
0.00220015
0.00202971
0.00187208
0.00172637
0.00159164
0.00146739
0.00135293
0.00124748
0.00115017
0.00106033
0.000977348
0.000900656
0.000829689
0.000764014
0.000703183
0.000646822
0.000594585
0.000546175
0.000501308
0.000459746
0.000421255
0.000385649
0.000352751
0.000322401
0.000294454
0.000268798
0.000245315
0.000223906
0.000204477
0.000186944
0.000171221
0.000157229
0.000144884
0.0001341
0.000124781
0.000116825
0.000110135
0.000104533
0.00079547
0.000799066
0.000779428
0.000803341
0.000931479
0.00110486
0.0013795
0.00183469
0.00259787
0.0038876
0.00581671
0.00425287
0.00170884
0.000881228
0.000803365
0.000989361
0.00120721
0.00134702
0.0013939
0.00163674
0.00230443
0.00311573
0.00396284
0.00481728
0.00501828
0.00437017
0.00351572
0.00279151
0.00220345
0.00169252
0.00120308
0.00100806
0.00211247
0.00500001
0.00443372
0.00406382
0.00375776
0.00348132
0.00322397
0.00298194
0.00275491
0.00254292
0.0023465
0.00216523
0.00199757
0.00184246
0.00169903
0.00156672
0.00144475
0.0013323
0.00122847
0.00113256
0.00104394
0.000962004
0.000886159
0.000815946
0.000750889
0.000690591
0.000634686
0.000582856
0.000534798
0.00049026
0.000448989
0.000410788
0.000375466
0.00034285
0.000312785
0.000285148
0.000259814
0.000236675
0.000215631
0.000196592
0.000179467
0.000164174
0.00015063
0.000138745
0.000128428
0.000119575
0.000112093
0.000105796
0.000866389
0.000868557
0.000850473
0.000856001
0.000949523
0.00108205
0.00127
0.00160324
0.00216811
0.00313281
0.00475764
0.00701567
0.00416944
0.00187655
0.00128961
0.00132948
0.00152455
0.0016473
0.00163441
0.00176421
0.0023151
0.00311806
0.00410731
0.00528422
0.00570387
0.00499938
0.00407893
0.00335037
0.00277506
0.00226469
0.00169558
0.00128664
0.00211057
0.00532435
0.00471454
0.00432161
0.00399771
0.00370547
0.00343332
0.00317712
0.00293652
0.00271152
0.00250238
0.00230941
0.00213123
0.0019663
0.0018138
0.00167302
0.00154313
0.00142327
0.0013125
0.00121013
0.00111549
0.00102795
0.000946882
0.000871815
0.000802234
0.000737721
0.000677888
0.000622396
0.000570922
0.000523198
0.000478952
0.000437973
0.000400058
0.000365019
0.000332688
0.000302935
0.000275623
0.000250636
0.000227865
0.000207215
0.000188588
0.000171901
0.000157065
0.000143992
0.000132589
0.000122754
0.000114399
0.000107326
0.000945144
0.000946475
0.000930378
0.000925224
0.000988563
0.00109432
0.00122441
0.00146389
0.00188764
0.00260837
0.0038386
0.00582099
0.00754855
0.00403561
0.00229423
0.00192899
0.00197836
0.00201921
0.0019204
0.00191955
0.0023038
0.00299689
0.00396819
0.00529809
0.00600883
0.00542691
0.00453457
0.00385228
0.00334017
0.00290215
0.00234169
0.00171698
0.00224207
0.00566375
0.00500731
0.0045899
0.00424774
0.00393969
0.00365285
0.00338248
0.00312821
0.00289
0.00266806
0.00246253
0.00227325
0.0020982
0.00193628
0.00178667
0.00164847
0.0015208
0.00140269
0.00129345
0.00119238
0.00109886
0.00101221
0.000931944
0.00085752
0.000788493
0.000724451
0.000665036
0.000609902
0.000558765
0.000511332
0.000467379
0.000426687
0.000389054
0.000354299
0.000322283
0.000292855
0.000265892
0.000241276
0.000218904
0.00019867
0.000180487
0.000164264
0.000149909
0.000137329
0.000126423
0.000117108
0.000109177
0.00103765
0.00104024
0.00102613
0.00101497
0.00105385
0.0011372
0.00123974
0.00140575
0.00172691
0.00227713
0.00320306
0.00476277
0.00717893
0.00726857
0.00414582
0.00292257
0.00262311
0.00248176
0.00226704
0.0021367
0.00235099
0.00289719
0.00375252
0.00504827
0.00602306
0.00572436
0.00494524
0.00433508
0.00390587
0.00357631
0.00312921
0.00235093
0.00254417
0.0060177
0.00531169
0.00486729
0.00450588
0.00418204
0.00388094
0.00359678
0.00332913
0.00307782
0.00284312
0.0026249
0.00242381
0.00223838
0.00206676
0.00190801
0.00176116
0.00162531
0.00149947
0.00138295
0.00127505
0.00117515
0.00108253
0.000996707
0.000917093
0.000843226
0.000774673
0.000711051
0.000651993
0.000597196
0.000546347
0.000499206
0.000455538
0.000415126
0.000377774
0.000343334
0.000311643
0.000282566
0.000255976
0.000231761
0.000209808
0.000190023
0.000172311
0.000156576
0.000142724
0.000130654
0.000120288
0.000111407
0.00115315
0.00116135
0.00115013
0.00113537
0.00115528
0.00121727
0.00130219
0.00142791
0.00166925
0.00209901
0.0028139
0.00400597
0.00599346
0.00892457
0.00696451
0.00447345
0.00351664
0.00305669
0.00268823
0.00244371
0.00252852
0.00293996
0.00364243
0.00479276
0.00593614
0.00599683
0.00539461
0.00486496
0.00451584
0.00429265
0.00402012
0.00321657
0.00307463
0.00637575
0.00562857
0.00515358
0.00477027
0.00442999
0.00411522
0.00381803
0.00353773
0.00327383
0.00302673
0.00279622
0.00258293
0.00238696
0.00220544
0.00203731
0.00188153
0.00173718
0.00160326
0.00147908
0.00136397
0.00125729
0.0011583
0.00106653
0.000981352
0.000902295
0.0008289
0.000760762
0.000697491
0.000638765
0.000584247
0.000533684
0.000486823
0.00044343
0.000403293
0.000366254
0.000332137
0.000300796
0.000272091
0.000245903
0.000222109
0.000200609
0.000181299
0.000164081
0.000148858
0.000135526
0.000124012
0.000114087
0.00130575
0.00132521
0.00131904
0.00130266
0.00130878
0.0013514
0.0014186
0.00152504
0.00171145
0.0020545
0.00262344
0.00355281
0.00509584
0.00760545
0.00985025
0.00672606
0.00473451
0.00377635
0.00321018
0.00288037
0.00288719
0.00321664
0.00376089
0.00470592
0.00592673
0.00634172
0.00595866
0.00551043
0.00522954
0.00508954
0.00499387
0.00430269
0.00386955
0.00672573
0.00594404
0.00544716
0.00504087
0.00468123
0.0043529
0.00404347
0.00375168
0.0034762
0.00321751
0.0029754
0.00275036
0.00254387
0.00235238
0.00217473
0.00200982
0.00185673
0.00171446
0.0015823
0.00145961
0.00134576
0.00124001
0.00114188
0.00105075
0.000966128
0.000887532
0.00081454
0.00074674
0.00068379
0.000625328
0.000571085
0.000520792
0.000474195
0.000431066
0.000391237
0.000354515
0.000320744
0.000289772
0.000261469
0.000235702
0.000212362
0.000191339
0.000172527
0.000155826
0.000141129
0.000128367
0.000117297
0.00151662
0.00155144
0.00155259
0.00153767
0.00153641
0.00156537
0.00161637
0.00170449
0.00186317
0.00214395
0.00261385
0.00336126
0.00457226
0.00655343
0.00959503
0.00959337
0.00637906
0.00469009
0.00387981
0.00350746
0.00349398
0.00379381
0.00420082
0.00488907
0.00610112
0.00683862
0.00669596
0.00632821
0.00610122
0.00601914
0.00606253
0.00557671
0.00495282
0.00708352
0.00625198
0.00573422
0.00531069
0.00493584
0.00459209
0.00427014
0.00396812
0.00368239
0.00341342
0.00316097
0.00292552
0.00270873
0.00250741
0.00232023
0.00214613
0.00198417
0.00183335
0.00169297
0.00156242
0.00144105
0.00132816
0.00122329
0.00112581
0.00103522
0.000951037
0.000872823
0.000800145
0.000732644
0.000669934
0.000611727
0.000557737
0.000507691
0.000461341
0.000418508
0.000378984
0.000342601
0.000309192
0.000278618
0.000250732
0.000225418
0.000202555
0.000182031
0.000163738
0.000147567
0.00013345
0.00012113
0.00166727
0.00186383
0.00187306
0.00186352
0.0018637
0.0018908
0.00193826
0.00201038
0.00215058
0.00239462
0.00279765
0.00342603
0.00440657
0.00597349
0.0084523
0.0119918
0.00850773
0.00585999
0.00476441
0.00440566
0.00444463
0.00475803
0.00504828
0.00543823
0.00651513
0.0075445
0.00764891
0.00736153
0.00716722
0.00712347
0.00725961
0.00700333
0.00632085
0.00744516
0.00656987
0.00601376
0.00557034
0.00518164
0.00482769
0.00449671
0.00418468
0.00388963
0.00361214
0.00335112
0.00310702
0.00288079
0.00267002
0.00247357
0.00229036
0.00211953
0.0019601
0.00181136
0.00167274
0.00154362
0.00142328
0.0013113
0.00120709
0.00111013
0.00101995
0.00093612
0.000858183
0.000785772
0.000718474
0.000655988
0.000598007
0.000544236
0.000494411
0.000448337
0.000405793
0.000366594
0.00033056
0.00029754
0.000267373
0.000239935
0.000215094
0.000192728
0.000172721
0.00015496
0.000139375
0.000125693
0.00174408
0.0022879
0.00230559
0.00230595
0.00231718
0.00235678
0.00242457
0.00250834
0.00263965
0.00287283
0.0032382
0.00379059
0.00462492
0.00590246
0.00789155
0.0108892
0.0108875
0.00730817
0.00594747
0.00567729
0.00584725
0.00621
0.00639379
0.00645243
0.00723006
0.00848092
0.00885021
0.00864631
0.00844669
0.00841703
0.00861014
0.00855299
0.00791313
0.00781009
0.00689544
0.0063037
0.00582418
0.00541324
0.00504822
0.00471276
0.00439685
0.00409642
0.00381209
0.00354432
0.00329335
0.00305876
0.00283934
0.00263413
0.00244216
0.00226264
0.00209467
0.00193758
0.00179082
0.0016538
0.00152579
0.00140643
0.00129515
0.00119144
0.00109487
0.00100501
0.000921411
0.000843696
0.000771436
0.000704316
0.000642014
0.000584213
0.000530625
0.000481046
0.000435233
0.000392991
0.00035412
0.000318459
0.000285832
0.000256103
0.00022913
0.000204778
0.000182924
0.000163445
0.000146271
0.000131109
0.00195514
0.00276789
0.00287337
0.00288951
0.0029198
0.00298325
0.00309042
0.00322925
0.00339803
0.00364643
0.00401893
0.00454689
0.00530502
0.00640721
0.00804175
0.0104849
0.0125927
0.00889311
0.00749956
0.00742535
0.00778561
0.00820685
0.00828564
0.00800445
0.00834138
0.00963462
0.0103212
0.01022
0.00995946
0.00988719
0.0100995
0.0101792
0.00956319
0.00818032
0.00722988
0.00660271
0.00608969
0.00564273
0.00525247
0.0049092
0.00459334
0.00429376
0.00400845
0.00373761
0.00348183
0.00324077
0.00301401
0.00280096
0.00260085
0.00241306
0.00223682
0.00207152
0.00191668
0.00177175
0.00163599
0.00150909
0.00139051
0.00127975
0.00117643
0.00108014
0.000990462
0.000907024
0.000829394
0.000757248
0.000690255
0.000628076
0.000570404
0.000517018
0.000467659
0.000422116
0.00038017
0.000341648
0.000306356
0.000274149
0.000244869
0.000218372
0.000194521
0.000173185
0.000154291
0.000137523
0.00229545
0.00315087
0.00358863
0.00363317
0.00369195
0.00378866
0.00394545
0.00416315
0.00442755
0.00475138
0.00517384
0.00572963
0.00648114
0.00753875
0.0089695
0.0109861
0.0122582
0.010206
0.00941095
0.00969796
0.0102551
0.0107038
0.0106815
0.0101056
0.00993367
0.0110352
0.0120238
0.0121065
0.0117433
0.0115216
0.0116637
0.0117652
0.0108903
0.00856036
0.00757651
0.00691321
0.00636631
0.00588649
0.00546022
0.00508905
0.00476754
0.00447244
0.00419276
0.00392481
0.00366855
0.00342414
0.00319215
0.00297269
0.00276545
0.00257008
0.00238604
0.00221285
0.00205015
0.00189743
0.00175399
0.00161952
0.00149353
0.00137554
0.00126521
0.00116217
0.00106602
0.000976442
0.000893013
0.000815417
0.000743322
0.000676375
0.000614251
0.000556718
0.000503495
0.000454356
0.000409065
0.00036743
0.000329243
0.000294343
0.00026256
0.000233737
0.000207721
0.000184374
0.000163613
0.000145102
0.00271124
0.00363863
0.00429175
0.00456166
0.0046763
0.00482857
0.00505281
0.00536249
0.00574895
0.00620721
0.00674626
0.00738156
0.00816978
0.00922884
0.0106245
0.0104283
0.0103193
0.0108262
0.0115246
0.0124105
0.0131238
0.0135465
0.0134443
0.0126831
0.0120433
0.0127567
0.0139317
0.0142115
0.01382
0.0133398
0.0132217
0.0130691
0.0111644
0.00895941
0.00794075
0.00723965
0.00665761
0.00614463
0.00568607
0.00527747
0.00492699
0.00462902
0.00435737
0.00409854
0.00384799
0.00360508
0.00337119
0.00314753
0.00293464
0.00273272
0.00254161
0.00236106
0.00219085
0.0020306
0.00187965
0.00173773
0.00160438
0.00147913
0.00136167
0.00125165
0.00114875
0.00105267
0.000963027
0.000879545
0.000801908
0.000729763
0.000662775
0.000600704
0.000543254
0.000490183
0.000441234
0.000396199
0.00035485
0.000317013
0.000282503
0.000251146
0.000222776
0.00019724
0.00017445
0.000154044
0.00315335
0.00421261
0.00481219
0.00566162
0.00588364
0.00613945
0.00647495
0.0069044
0.0074228
0.00803981
0.00874945
0.00952292
0.0103919
0.0104082
0.00959907
0.00875304
0.00890614
0.0111389
0.0136281
0.0153225
0.016177
0.0165528
0.0164142
0.0156098
0.0146472
0.0148822
0.0160447
0.0164386
0.0159943
0.0153058
0.0146816
0.0136976
0.0114806
0.00939456
0.00833281
0.0075887
0.0069691
0.00642148
0.00593041
0.00548953
0.00510174
0.00477479
0.00450143
0.00425265
0.00401349
0.00377832
0.00354748
0.00332306
0.00310678
0.00289981
0.00270264
0.00251543
0.00233824
0.00217086
0.00201269
0.00186353
0.00172299
0.0015906
0.00146603
0.001349
0.00123918
0.00113635
0.00104017
0.000950408
0.000866791
0.000788995
0.000716694
0.000649648
0.000587556
0.000530166
0.000477198
0.00042843
0.000383613
0.000342557
0.000305059
0.000270929
0.000239985
0.00021206
0.000187056
0.000164585
0.00358788
0.00479153
0.00530324
0.00626357
0.00714933
0.00775665
0.0081625
0.00868383
0.00933524
0.010118
0.0110359
0.0119884
0.0129709
0.0113384
0.00985863
0.00898606
0.00929613
0.0121576
0.0157982
0.0181956
0.0192165
0.0195943
0.0194817
0.018753
0.0176601
0.0174604
0.0183575
0.0186476
0.017943
0.016966
0.0156557
0.0139803
0.0118842
0.0098896
0.00877118
0.0079724
0.00730898
0.00672361
0.00619815
0.00572665
0.00530807
0.00494298
0.00463945
0.00438882
0.00416036
0.0039378
0.003716
0.00349579
0.00327962
0.00306987
0.00286809
0.00267519
0.0024917
0.00231766
0.00215267
0.00199657
0.00184908
0.00170976
0.00157827
0.00145433
0.00133763
0.00122798
0.00112507
0.00102874
0.000938777
0.000854902
0.000776827
0.000704337
0.000637141
0.000574989
0.000517589
0.000464701
0.000416059
0.000371455
0.000330668
0.000293488
0.000259716
0.000229169
0.000201735
0.000177005
0.00398503
0.00529931
0.00574491
0.00660067
0.00744228
0.00879733
0.010166
0.0108222
0.0115832
0.0124159
0.013347
0.0143845
0.0155007
0.0143331
0.0127372
0.0118155
0.0119944
0.0146428
0.0183917
0.0210264
0.0221781
0.0226188
0.0225914
0.0219853
0.0209094
0.0203954
0.0206884
0.0204062
0.0189311
0.0174827
0.0159757
0.0143277
0.0123474
0.010459
0.00928095
0.00841145
0.00769139
0.00706061
0.00649803
0.00599496
0.00554704
0.00515074
0.00480658
0.00452426
0.00429265
0.00408022
0.0038713
0.00366092
0.0034498
0.00324081
0.00303671
0.00283952
0.0026506
0.00247049
0.00229911
0.00213642
0.00198227
0.00183627
0.0016981
0.00156747
0.00144408
0.00132771
0.0012181
0.0011151
0.00101857
0.000928291
0.000844039
0.000765647
0.000692864
0.000625465
0.000563162
0.00050571
0.000452828
0.000404291
0.00035986
0.000319307
0.00028241
0.000248968
0.000218856
0.000191645
0.00430521
0.00567211
0.00603639
0.00677587
0.00736245
0.0085263
0.0105095
0.0126574
0.0137524
0.0147911
0.0157429
0.0167666
0.0178456
0.0185091
0.0176039
0.0169392
0.0169005
0.01866
0.0216403
0.0240094
0.0251631
0.0256587
0.0257101
0.0251357
0.0240341
0.0231717
0.0221837
0.0206495
0.019253
0.01786
0.0163975
0.0147953
0.0128793
0.0110737
0.00987487
0.00893084
0.00813853
0.00744921
0.00684222
0.00630341
0.00582437
0.00539815
0.00502105
0.00469479
0.00442967
0.00421186
0.0040115
0.00381357
0.00361266
0.00340935
0.00320651
0.00300733
0.00281431
0.00262892
0.00245162
0.00228268
0.00212213
0.00196971
0.00182512
0.00168806
0.00155823
0.00143539
0.00131926
0.00120971
0.00110661
0.0010098
0.000919109
0.000834454
0.000755643
0.000682509
0.0006148
0.000552286
0.000494687
0.00044177
0.000393281
0.000348973
0.000308602
0.000271947
0.000238863
0.000208909
0.0044934
0.00583977
0.00608592
0.00672316
0.00708639
0.00785105
0.0094193
0.0120331
0.0143517
0.0156192
0.0170776
0.0185507
0.0198551
0.0209894
0.0221491
0.0222484
0.0224304
0.0234072
0.0253586
0.0271636
0.028142
0.0285663
0.0285331
0.0275338
0.0259806
0.0241377
0.022419
0.0209533
0.0196383
0.0183137
0.0169073
0.0153628
0.0135297
0.0117537
0.0105138
0.00953345
0.00867206
0.00791342
0.00724853
0.0066643
0.00614891
0.00569037
0.0052816
0.00491925
0.00460689
0.00435361
0.00414501
0.00395333
0.00376384
0.00357082
0.00337414
0.00317668
0.00298193
0.00279254
0.00261
0.00243515
0.00226841
0.00210975
0.00195891
0.00181564
0.00167961
0.00155057
0.00142822
0.00131238
0.00120292
0.00109968
0.00100254
0.000911461
0.000826328
0.000747056
0.000673466
0.000605377
0.00054254
0.000484735
0.000431706
0.000383195
0.000338938
0.000298693
0.00026229
0.000229287
0.00449296
0.00573326
0.0058578
0.00638899
0.00661924
0.00704924
0.00801563
0.00997603
0.0130486
0.0156502
0.0166601
0.0180815
0.0198207
0.021612
0.0233115
0.0248468
0.0262342
0.0275057
0.028591
0.0294437
0.0299273
0.0298809
0.0291625
0.0279308
0.0263453
0.0245679
0.0228555
0.0213617
0.0200817
0.0188255
0.0174881
0.0160115
0.0142737
0.0125439
0.0112267
0.0101757
0.00927759
0.0084704
0.00773995
0.00709569
0.0065337
0.00603649
0.00559284
0.00519589
0.00484393
0.00453991
0.00429395
0.00409068
0.0039045
0.00372142
0.0035348
0.00334392
0.00315139
0.00296052
0.00277404
0.00259386
0.00242113
0.00225626
0.00209921
0.00194981
0.00180774
0.00167272
0.00154441
0.00142259
0.00130709
0.00119773
0.00109437
0.000996978
0.000905485
0.000819878
0.000740072
0.000665966
0.000597386
0.000534157
0.000476051
0.000422821
0.000374195
0.000329914
0.000289783
0.000253361
0.00429171
0.0053443
0.00540017
0.00582245
0.0060011
0.00623322
0.00672461
0.00781506
0.0100129
0.0135296
0.0167904
0.0175502
0.0187082
0.0202949
0.0221957
0.0242038
0.0261241
0.0278494
0.0292013
0.0300846
0.0305251
0.0304822
0.0298294
0.0285847
0.0269675
0.0251805
0.0234863
0.0219876
0.0206576
0.0194003
0.0181263
0.0167211
0.0150855
0.013416
0.0120518
0.0108986
0.00992404
0.00909029
0.0083299
0.00762103
0.00699892
0.00645092
0.00596422
0.00552859
0.00513881
0.00479173
0.00449105
0.00424863
0.00404719
0.00386403
0.0036853
0.00350401
0.00331851
0.00313042
0.00294283
0.00275877
0.00258057
0.00240953
0.00224615
0.00209049
0.00194233
0.00180137
0.00166724
0.00153967
0.00141844
0.00130332
0.00119411
0.00109075
0.000993153
0.000901323
0.000815239
0.000734887
0.000660188
0.000591059
0.000527341
0.000468835
0.000415291
0.000366456
0.000322114
0.000281829
0.00396142
0.00478642
0.0048418
0.00516858
0.00533993
0.00549193
0.00573167
0.00621105
0.00728176
0.00951389
0.0133095
0.0180936
0.0186918
0.019508
0.0206548
0.022151
0.0239188
0.0257955
0.0276319
0.0291856
0.0302189
0.0305416
0.0301485
0.029185
0.0277677
0.0260405
0.0243101
0.0227457
0.0213938
0.0201359
0.0188535
0.0174772
0.0159433
0.0143404
0.0129568
0.0117399
0.0106627
0.00975332
0.00897353
0.0082506
0.00756822
0.00695544
0.00641118
0.00592668
0.00549451
0.00510626
0.00475899
0.00445746
0.00421531
0.00401338
0.00383049
0.00365448
0.00347788
0.00329728
0.00311329
0.00292866
0.00274671
0.00257008
0.00240028
0.00223804
0.00208345
0.00193634
0.00179631
0.00166303
0.00153623
0.00141561
0.00130091
0.001192
0.00108875
0.000991088
0.000899007
0.000812518
0.000731618
0.000656322
0.000586578
0.000522286
0.000463264
0.000409304
0.000360197
0.000315517
0.00362341
0.00424293
0.00433089
0.00458451
0.00475867
0.00489228
0.00504706
0.00525673
0.00566147
0.00659679
0.00861032
0.0124242
0.0178234
0.0202411
0.0207735
0.0214887
0.0224246
0.0233694
0.0245303
0.0258026
0.02706
0.0281444
0.0288239
0.0288358
0.0280952
0.0268516
0.0253396
0.0237579
0.0222667
0.0209313
0.0196513
0.0183333
0.0168573
0.0152912
0.0139152
0.0126653
0.0115216
0.0105129
0.00965569
0.00891832
0.00822975
0.00756783
0.00695482
0.00640542
0.00592013
0.00548538
0.00509309
0.00474169
0.00443583
0.00419305
0.00398722
0.00380248
0.00362803
0.00345527
0.00327934
0.00309942
0.00291776
0.00273776
0.00256231
0.00239336
0.00223185
0.00207801
0.00193163
0.00179238
0.00165991
0.00153384
0.00141385
0.00129971
0.00119122
0.00108824
0.000990673
0.0008985
0.000811708
0.000730353
0.000654476
0.000584094
0.000519144
0.000459517
0.000405069
0.000355398
0.00336788
0.00383696
0.00395822
0.00416088
0.00433783
0.00447577
0.00461993
0.00476376
0.00492458
0.00522767
0.00595485
0.00759053
0.010996
0.0164717
0.0221321
0.0225893
0.0230808
0.022889
0.0230973
0.023479
0.0238991
0.024331
0.0250309
0.0260148
0.026839
0.0268954
0.0261015
0.0248609
0.0234037
0.0219102
0.0204659
0.0191265
0.0177183
0.0162749
0.0149227
0.0136418
0.0124435
0.011377
0.0104179
0.0096038
0.00890383
0.00824653
0.00760299
0.00698273
0.00643065
0.00593762
0.00549361
0.00509379
0.00473514
0.00442693
0.00417857
0.00396676
0.00377878
0.00360442
0.00343488
0.00326364
0.00308818
0.00290982
0.00273172
0.00255723
0.00238872
0.00222751
0.00207397
0.00192804
0.00178939
0.00165758
0.0015322
0.00141292
0.00129943
0.00119151
0.00108898
0.000991712
0.000899626
0.000812727
0.000731052
0.000654683
0.000583669
0.000518038
0.000457766
0.000402533
0.00322003
0.00358919
0.00374144
0.00391718
0.0041013
0.00425041
0.00440029
0.00454713
0.00467207
0.00478784
0.00498545
0.0054879
0.00674503
0.00948635
0.0145403
0.0216032
0.0233435
0.0233934
0.0234523
0.0234376
0.0232784
0.0228111
0.022699
0.0231178
0.0242086
0.0255142
0.0261258
0.0256357
0.0244671
0.023005
0.0214842
0.0199724
0.018465
0.0170758
0.0157824
0.0145753
0.0134146
0.01231
0.0112585
0.0103439
0.00956845
0.00890227
0.00828191
0.00765442
0.0070399
0.0064764
0.00596727
0.00551215
0.00510192
0.00473576
0.00442436
0.00416907
0.0039504
0.0037576
0.00358231
0.00341553
0.00324923
0.0030789
0.00290436
0.00272843
0.00255476
0.00238634
0.00222491
0.00207124
0.0019254
0.00178706
0.00165575
0.00153103
0.00141248
0.00129974
0.00119253
0.00109064
0.00099387
0.000902124
0.000815342
0.00073356
0.000656839
0.000585297
0.00051903
0.000457893
0.00316838
0.00347547
0.00366356
0.00383155
0.00402295
0.00418384
0.00433952
0.00449614
0.00463771
0.0047501
0.00482899
0.00493117
0.00524751
0.00615136
0.00817992
0.0122182
0.0185638
0.0242787
0.0242575
0.024182
0.0240392
0.0238023
0.0236164
0.0235794
0.0238803
0.0246863
0.0256783
0.0259955
0.0252932
0.0239613
0.0224286
0.0208744
0.0193299
0.0178381
0.0164611
0.0152887
0.0141853
0.0131469
0.0121412
0.0111859
0.0102907
0.00953368
0.00891159
0.00831633
0.00771552
0.00710731
0.0065249
0.00600288
0.00553321
0.00511201
0.00473755
0.00442517
0.00416296
0.0039363
0.00373818
0.00356125
0.00339672
0.00323548
0.00307093
0.00290101
0.00272772
0.00255491
0.0023862
0.00222408
0.00206977
0.00192355
0.00178516
0.00165416
0.00153
0.00141216
0.00130022
0.00119387
0.00109278
0.000996745
0.000905579
0.000819193
0.000737551
0.000660738
0.00058882
0.000521964
0.00319953
0.00346463
0.00368564
0.00385168
0.00404762
0.00421971
0.00437957
0.00454015
0.00469256
0.00482924
0.00493335
0.00499028
0.00502883
0.00519772
0.00577051
0.00715609
0.0100331
0.0151735
0.0227226
0.0266186
0.0265572
0.0265881
0.026708
0.026801
0.0267494
0.0265786
0.0265199
0.0264814
0.025964
0.0247659
0.0232193
0.0216215
0.0200655
0.0185846
0.0172123
0.0159555
0.0147723
0.0137627
0.0128201
0.0119317
0.0110682
0.0102709
0.009563
0.00892143
0.00835357
0.00776741
0.0071663
0.00657764
0.00603679
0.00555254
0.00511924
0.00474393
0.00443016
0.00415953
0.00392562
0.00372207
0.00354259
0.00337926
0.00322261
0.00306417
0.00289959
0.00272952
0.00255768
0.00238844
0.00222511
0.00206955
0.00192239
0.00178356
0.00165257
0.00152877
0.00141158
0.00130049
0.00119506
0.00109494
0.000999825
0.000909494
0.000823769
0.00074262
0.000665881
0.000594205
0.00327705
0.0034947
0.00373411
0.00389693
0.00408935
0.00426862
0.0044304
0.0045905
0.00474383
0.00488755
0.0050168
0.00511951
0.00517743
0.0051936
0.00525066
0.00554668
0.0064216
0.00831948
0.0119803
0.0179184
0.0261668
0.0319597
0.0317814
0.0314769
0.0309084
0.0299699
0.0288322
0.0277683
0.0267652
0.025474
0.0238672
0.0222039
0.0206147
0.0191375
0.0177909
0.0165561
0.0154039
0.014345
0.0133524
0.0125042
0.0117064
0.0109636
0.0102644
0.00960333
0.0089836
0.00837548
0.00780075
0.00721241
0.006625
0.00607039
0.00557072
0.0051305
0.00476412
0.00444291
0.00416533
0.0039242
0.00371424
0.00353046
0.0033662
0.00321242
0.00305937
0.00290033
0.0027339
0.00256323
0.00239322
0.00222815
0.00207067
0.00192198
0.00178218
0.00165077
0.00152708
0.00141042
0.00130012
0.00119566
0.0010966
0.00100257
0.000913271
0.00082857
0.000747905
0.000672751
0.00330654
0.00346436
0.00369967
0.00385416
0.0040312
0.00420869
0.00436812
0.00452372
0.00467346
0.00481379
0.0049447
0.00506725
0.00517858
0.00526138
0.00529233
0.00529391
0.00540909
0.00588346
0.00702989
0.00931141
0.0134438
0.0200716
0.0288598
0.0358532
0.0344893
0.0329178
0.0311694
0.0293918
0.0277465
0.0261204
0.0243708
0.0226186
0.0209855
0.0194991
0.0181639
0.0169541
0.0158415
0.0148115
0.013848
0.012962
0.0121399
0.0114437
0.0107974
0.0101859
0.00959017
0.00899536
0.00840796
0.00781627
0.00723037
0.00666157
0.00611355
0.00560818
0.00518065
0.00480638
0.00447907
0.00419262
0.00394199
0.00372312
0.00353197
0.00336318
0.00320873
0.00305861
0.00290402
0.00274112
0.00257169
0.00240074
0.00223341
0.00207337
0.00192244
0.00178101
0.00164869
0.00152476
0.00140836
0.00129873
0.00119521
0.00109725
0.0010044
0.000916453
0.000832404
0.0007549
0.00318287
0.00327552
0.00348115
0.0036209
0.00377206
0.00393528
0.00408537
0.00423055
0.00437196
0.00450522
0.00462947
0.00474829
0.00486954
0.00499656
0.00511217
0.00518335
0.00520096
0.00523373
0.00543757
0.00605502
0.00735018
0.00972942
0.0138554
0.0203777
0.0288952
0.0346495
0.0326203
0.0305486
0.0285511
0.0265969
0.0246771
0.0228284
0.0211596
0.019671
0.018348
0.0171603
0.0160788
0.0150829
0.014157
0.0132936
0.0124847
0.0117402
0.0110729
0.0104988
0.00996695
0.00944718
0.00891907
0.00837003
0.00780691
0.0072437
0.00669153
0.00616661
0.00569225
0.00526654
0.00488667
0.00454938
0.00425107
0.00398818
0.00375723
0.00355482
0.00337666
0.00321629
0.00306455
0.00291166
0.00275126
0.00258293
0.00241094
0.00224105
0.00207786
0.00192395
0.00178019
0.00164637
0.0015217
0.00140523
0.00129604
0.00119334
0.00109643
0.00100501
0.000917604
0.00083814
0.00287779
0.00291209
0.00306808
0.00318436
0.0033028
0.00343865
0.00356945
0.00369595
0.00382088
0.00394073
0.00405368
0.00416203
0.0042729
0.00439555
0.00453153
0.00466974
0.00478832
0.00486476
0.00490383
0.00498911
0.00526453
0.00590891
0.00713111
0.00922215
0.0126905
0.0180075
0.0250623
0.0309622
0.0288339
0.026721
0.0246878
0.0227636
0.02109
0.019626
0.0183345
0.0171804
0.0161345
0.0151747
0.0142858
0.0134563
0.0126777
0.0119467
0.0112634
0.0106303
0.0100928
0.00961541
0.00916821
0.0087188
0.00824356
0.00773747
0.00721537
0.00670088
0.00621635
0.00576897
0.00535797
0.00498224
0.00464144
0.00433478
0.00406047
0.00381643
0.00360016
0.0034086
0.00323707
0.00307834
0.00292313
0.00276337
0.00259587
0.00242316
0.00225081
0.00208415
0.0019267
0.00177994
0.00164393
0.00151794
0.00140094
0.00129187
0.00118973
0.00109403
0.00100281
0.000920957
0.00243458
0.00242712
0.00252828
0.00261441
0.00269898
0.00280042
0.00290403
0.00300538
0.00310666
0.00320581
0.00330089
0.00339323
0.00348774
0.00359133
0.00370807
0.00383861
0.00398171
0.00412778
0.00425436
0.00434375
0.00441168
0.00452523
0.0047909
0.00532456
0.0062646
0.00781352
0.0103423
0.0143601
0.0200296
0.0264503
0.0243322
0.0223496
0.0207215
0.0193253
0.0180973
0.0169995
0.0160044
0.0150913
0.0142457
0.0134568
0.012716
0.0120169
0.0113555
0.0107301
0.0101488
0.00961967
0.00918077
0.00878457
0.00840424
0.00801182
0.0075861
0.00712863
0.00666404
0.00621756
0.00579963
0.00541108
0.0050507
0.00471788
0.00441233
0.0041338
0.00388131
0.00365362
0.003449
0.00326464
0.0030957
0.00293491
0.00277406
0.00260762
0.00243538
0.00226158
0.00209189
0.00193074
0.00178046
0.00164162
0.00151367
0.00139559
0.00128614
0.00118458
0.00108848
0.0010031
0.00190153
0.00187374
0.00193011
0.0019875
0.00204414
0.0021143
0.00219074
0.00226737
0.00234468
0.00242159
0.00249628
0.00256921
0.00264366
0.00272429
0.00281379
0.00291269
0.00302331
0.00314819
0.00328442
0.00342204
0.00354619
0.00364666
0.00373778
0.00386756
0.00410881
0.00455254
0.00532844
0.00666127
0.00905832
0.0133537
0.0207004
0.021525
0.0200205
0.0187473
0.0176202
0.0166043
0.0156782
0.0148251
0.0140332
0.0132933
0.0125979
0.0119403
0.0113157
0.0107208
0.0101553
0.00961955
0.00912051
0.00870105
0.00833547
0.00800144
0.00767716
0.00733678
0.0069629
0.00656255
0.00615876
0.00577007
0.00540398
0.00506174
0.00474276
0.00444639
0.00417205
0.00391925
0.00368747
0.00347572
0.00328249
0.00310507
0.0029387
0.00277671
0.00261266
0.00244344
0.00227086
0.0020999
0.00193576
0.00178191
0.00163975
0.00150923
0.00138938
0.00127938
0.00117648
0.00108561
0.00133524
0.00130502
0.0013324
0.00136759
0.00140427
0.00145087
0.00150491
0.00156115
0.00161859
0.00167637
0.00173274
0.00178718
0.00184137
0.00189845
0.00196075
0.00202909
0.00210797
0.0022032
0.00231995
0.00246292
0.00263417
0.00282877
0.00303667
0.00325052
0.0034776
0.0037543
0.00415565
0.00479999
0.00592043
0.00794156
0.0121362
0.0203955
0.0190585
0.0179352
0.0169325
0.0160166
0.0151692
0.0143824
0.0136497
0.0129643
0.0123194
0.011709
0.0111286
0.0105748
0.0100448
0.00953675
0.00905034
0.00859329
0.00818706
0.00784361
0.00753907
0.00725858
0.00698481
0.00669552
0.00637644
0.00603281
0.00568225
0.0053405
0.00501568
0.00471038
0.00442477
0.00415841
0.0039107
0.00368104
0.00346878
0.00327308
0.00309231
0.00292365
0.00276259
0.00260333
0.00244097
0.00227412
0.00210566
0.00194079
0.00178423
0.00163875
0.00150512
0.00138325
0.00127064
0.00117129
0.000813971
0.000790457
0.000801553
0.000820667
0.000842435
0.000870812
0.000905598
0.000943542
0.00098314
0.00102388
0.0010649
0.00110674
0.00115294
0.0012098
0.00128392
0.00138076
0.00150703
0.00166757
0.00186572
0.00210508
0.00239123
0.00272976
0.00312493
0.0035769
0.00407722
0.00461292
0.00518578
0.00583672
0.00669017
0.00801138
0.0104861
0.0164972
0.0176838
0.0170784
0.0163209
0.0154692
0.0145963
0.0138298
0.0131381
0.0124987
0.0118976
0.0113304
0.0107936
0.0102831
0.00979463
0.00932511
0.00887266
0.0084373
0.00802181
0.00763589
0.00731661
0.00703576
0.00678195
0.0065473
0.00631928
0.00608008
0.00581624
0.00552784
0.00522636
0.0049256
0.00463523
0.00435997
0.00410134
0.00385948
0.00363405
0.00342453
0.00323023
0.00305012
0.00288257
0.00272477
0.00257247
0.0024205
0.00226475
0.00210464
0.00194358
0.00178688
0.00163893
0.00150246
0.00137681
0.00126502
0.000415572
0.000400532
0.000402969
0.000410765
0.000420878
0.000435041
0.000454644
0.000480476
0.000515211
0.000563606
0.000630547
0.000720679
0.00083893
0.000991091
0.00118324
0.00142151
0.00151176
0.00160937
0.00173944
0.00191415
0.00215005
0.00246862
0.00289588
0.00345986
0.00418581
0.00509159
0.00618662
0.00747344
0.00895135
0.0106045
0.0123863
0.0141126
0.014862
0.0149986
0.0148203
0.0144585
0.0139776
0.0134149
0.0127889
0.0121151
0.0114486
0.0108733
0.0103564
0.00987658
0.00942043
0.00898435
0.00856668
0.00816529
0.00777825
0.00740484
0.00704998
0.00675703
0.00650163
0.00627035
0.0060582
0.00586164
0.00567332
0.00548078
0.00527124
0.00503896
0.00478787
0.00452788
0.00426937
0.00401979
0.00378315
0.00356105
0.00335378
0.00316107
0.00298237
0.00281672
0.00266258
0.00251729
0.00237674
0.00223578
0.00209029
0.00193979
0.00178793
0.00164047
0.00150115
0.00137349
0.000182888
0.000178114
0.000182396
0.000192499
0.000208681
0.000233674
0.000271014
0.000324226
0.000397459
0.000400801
0.00039707
0.000394751
0.000394353
0.000396573
0.000402377
0.000413154
0.000427967
0.000448134
0.000475932
0.000515023
0.000571411
0.000655061
0.000782428
0.000979808
0.00128638
0.001754
0.00243951
0.00338827
0.00461768
0.00611182
0.00782904
0.0096571
0.0110325
0.0118617
0.0122739
0.0124023
0.0123427
0.0121559
0.0118773
0.0115257
0.0111121
0.0106481
0.0101432
0.00961169
0.00907453
0.00860166
0.00818657
0.00780668
0.0074482
0.00710349
0.00676967
0.00645783
0.00619817
0.00596876
0.00575879
0.00556376
0.00538229
0.00521349
0.00505437
0.0048982
0.00473536
0.00455719
0.00436003
0.00414657
0.00392397
0.00370054
0.00348323
0.0032766
0.00308298
0.00290315
0.00273701
0.00258392
0.00244266
0.00231081
0.00218404
0.00205645
0.00192306
0.00178336
0.00164107
0.00150096
0.000144748
0.000148494
0.000151951
0.000149753
0.000147523
0.000145292
0.0001431
0.000140996
0.000139042
0.000137158
0.00013536
0.000133676
0.000132134
0.000130768
0.000129615
0.00012873
0.000128167
0.000128004
0.000128362
0.000129443
0.000131612
0.000135565
0.000142724
0.000156162
0.000182723
0.000237622
0.00035302
0.000589919
0.00104564
0.00183881
0.0030571
0.00467303
0.00634146
0.00773791
0.00875415
0.00942844
0.00983712
0.0100474
0.0101117
0.0100686
0.00994457
0.00975736
0.00951703
0.00922913
0.00889765
0.00853132
0.00814115
0.00774065
0.00734529
0.00696911
0.00662137
0.00630608
0.0060252
0.00577443
0.00554795
0.00534052
0.00514829
0.00496887
0.00480106
0.00464422
0.00449737
0.00435808
0.00422177
0.0040821
0.00393268
0.00376937
0.00359196
0.0034041
0.00321182
0.00302157
0.00283875
0.00266713
0.00250885
0.00236476
0.00223444
0.00211558
0.0020029
0.00188897
0.00176669
0.00163513
7.36176e-05
7.31945e-05
7.27518e-05
7.22796e-05
7.17755e-05
7.12432e-05
7.06879e-05
7.01152e-05
6.95315e-05
6.89441e-05
6.83609e-05
6.77896e-05
6.72368e-05
6.67082e-05
6.62083e-05
6.57408e-05
6.53086e-05
6.49139e-05
6.45589e-05
6.42456e-05
6.39771e-05
6.37589e-05
6.36031e-05
6.35393e-05
6.36468e-05
6.41632e-05
6.58918e-05
7.17627e-05
9.22958e-05
0.000160848
0.000362197
0.000850217
0.00174038
0.00296358
0.00428536
0.00547165
0.00640745
0.00708845
0.0075594
0.00786807
0.00805043
0.00813328
0.0081377
0.00807992
0.00797167
0.00782159
0.00763568
0.0074186
0.00717515
0.00691134
0.00663483
0.00635433
0.00607826
0.0058127
0.00556126
0.00532538
0.005105
0.00489917
0.00470662
0.00452607
0.0043565
0.00419713
0.00404731
0.00390628
0.0037727
0.00364428
0.0035176
0.00338843
0.00325274
0.00310787
0.00295361
0.00279242
0.00262878
0.00246808
0.00231564
0.00217595
0.00205154
0.00194207
0.00183843
0.00173847
5.34242e-05
5.33448e-05
5.32515e-05
5.31382e-05
5.30024e-05
5.28449e-05
5.26677e-05
5.24729e-05
5.22629e-05
5.20411e-05
5.18118e-05
5.15793e-05
5.13475e-05
5.112e-05
5.08999e-05
5.06898e-05
5.04915e-05
5.03062e-05
5.01347e-05
4.9977e-05
4.98328e-05
4.97014e-05
4.95818e-05
4.94726e-05
4.93724e-05
4.92801e-05
4.91963e-05
4.91289e-05
4.91219e-05
4.94259e-05
5.16746e-05
6.54724e-05
0.000127517
0.000318653
0.000734842
0.00141436
0.00229416
0.0032396
0.00411656
0.00484485
0.00540525
0.00581615
0.00610694
0.00630272
0.00642117
0.0064756
0.00647718
0.00643531
0.00635766
0.0062504
0.00611863
0.00596685
0.00579931
0.00562022
0.00543354
0.00524279
0.00505104
0.00486077
0.00467396
0.00449206
0.00431607
0.00414659
0.00398394
0.00382825
0.00367955
0.00353779
0.00340277
0.0032741
0.00315099
0.00303214
0.00291554
0.00279865
0.0026787
0.00255345
0.00242205
0.0022859
0.0021488
0.00201784
0.00189493
0.00179838
4.76034e-05
4.75639e-05
4.75125e-05
4.74451e-05
4.73598e-05
4.72574e-05
4.71394e-05
4.70073e-05
4.68624e-05
4.67071e-05
4.65441e-05
4.63763e-05
4.62067e-05
4.60381e-05
4.58731e-05
4.57138e-05
4.5562e-05
4.54189e-05
4.5285e-05
4.51605e-05
4.5045e-05
4.4938e-05
4.48385e-05
4.47452e-05
4.46567e-05
4.45715e-05
4.44877e-05
4.44039e-05
4.43192e-05
4.42346e-05
4.41538e-05
4.41014e-05
4.42658e-05
4.60149e-05
5.6391e-05
9.7695e-05
0.000213543
0.000456759
0.000860522
0.00141388
0.00206065
0.00272253
0.00332987
0.003841
0.00424404
0.00454783
0.0047695
0.00492493
0.00502557
0.00507969
0.00509433
0.00507585
0.00502995
0.00496156
0.0048749
0.00477346
0.0046601
0.00453733
0.00440747
0.00427264
0.0041347
0.0039952
0.00385546
0.00371657
0.00357949
0.00344498
0.00331363
0.00318587
0.00306203
0.0029423
0.00282674
0.00271524
0.00260746
0.00250275
0.0024
0.00229758
0.00219338
0.0020856
0.00197233
0.00186114
4.47993e-05
4.47488e-05
4.46867e-05
4.46103e-05
4.45186e-05
4.44123e-05
4.42933e-05
4.41627e-05
4.40219e-05
4.38724e-05
4.37165e-05
4.35565e-05
4.33946e-05
4.32331e-05
4.30745e-05
4.29207e-05
4.27734e-05
4.26337e-05
4.25023e-05
4.23791e-05
4.2264e-05
4.21562e-05
4.20549e-05
4.19589e-05
4.18667e-05
4.1777e-05
4.1688e-05
4.15983e-05
4.15072e-05
4.14147e-05
4.13208e-05
4.12254e-05
4.11299e-05
4.10378e-05
4.09651e-05
4.10091e-05
4.1735e-05
4.57135e-05
6.10805e-05
0.00010558
0.000206281
0.000391476
0.000677709
0.00105949
0.00150796
0.00197947
0.00243
0.00282758
0.00315634
0.00341421
0.00360856
0.00375047
0.00384964
0.00391285
0.0039451
0.00395075
0.00393389
0.0038981
0.00384647
0.00378184
0.0037067
0.00362304
0.00353245
0.00343643
0.00333648
0.0032339
0.00312972
0.00302481
0.00291993
0.00281575
0.00271281
0.00261153
0.00251221
0.00241508
0.00232027
0.00222775
0.00213737
0.00204861
0.00196058
0.00187162
4.25834e-05
4.25202e-05
4.24455e-05
4.23572e-05
4.22547e-05
4.21394e-05
4.20127e-05
4.18762e-05
4.17312e-05
4.1579e-05
4.14213e-05
4.12601e-05
4.10974e-05
4.09351e-05
4.07755e-05
4.06204e-05
4.04715e-05
4.03299e-05
4.01961e-05
4.00703e-05
3.99521e-05
3.98411e-05
3.97362e-05
3.96363e-05
3.95401e-05
3.94462e-05
3.9353e-05
3.92592e-05
3.91639e-05
3.90669e-05
3.8968e-05
3.88671e-05
3.87647e-05
3.86618e-05
3.85579e-05
3.84523e-05
3.83453e-05
3.8242e-05
3.81674e-05
3.8237e-05
3.89502e-05
4.207e-05
5.23342e-05
7.93386e-05
0.000137809
0.000244661
0.000413243
0.000647336
0.000937999
0.00126468
0.00160007
0.00191765
0.00219861
0.00243366
0.00262068
0.00276317
0.00286828
0.002943
0.00299202
0.00301856
0.0030257
0.00301644
0.00299301
0.00295716
0.00291105
0.00285688
0.00279626
0.0027302
0.00265969
0.00258582
0.00250964
0.00243194
0.00235329
0.00227421
0.00219522
0.00211664
0.00203872
0.00196166
0.00188539
0.00181048
4.04205e-05
4.03493e-05
4.02664e-05
4.01703e-05
4.00608e-05
3.99393e-05
3.98076e-05
3.96672e-05
3.95193e-05
3.93652e-05
3.92066e-05
3.90449e-05
3.88819e-05
3.87195e-05
3.85596e-05
3.8404e-05
3.82544e-05
3.81118e-05
3.79767e-05
3.78494e-05
3.77296e-05
3.76167e-05
3.75098e-05
3.7408e-05
3.73098e-05
3.72141e-05
3.71193e-05
3.70242e-05
3.69279e-05
3.68299e-05
3.67299e-05
3.66277e-05
3.65235e-05
3.64179e-05
3.6311e-05
3.62019e-05
3.60902e-05
3.59753e-05
3.5857e-05
3.5735e-05
3.56102e-05
3.54863e-05
3.53787e-05
3.53445e-05
3.55949e-05
3.68186e-05
4.08667e-05
5.17267e-05
7.62683e-05
0.000123934
0.000204838
0.000326634
0.000491439
0.000694324
0.000923681
0.00116298
0.00139463
0.00160527
0.00178717
0.00193605
0.00205167
0.00213883
0.00220309
0.00224732
0.00227351
0.00228457
0.00228339
0.00227163
0.00224993
0.00221945
0.00218221
0.00213985
0.00209311
0.0020426
0.00198916
0.00193352
0.00187618
0.00181758
0.00175811
0.00169806
3.81484e-05
3.80737e-05
3.79874e-05
3.78882e-05
3.77765e-05
3.76535e-05
3.75211e-05
3.73807e-05
3.72338e-05
3.70814e-05
3.6925e-05
3.67659e-05
3.66058e-05
3.64463e-05
3.62891e-05
3.61361e-05
3.59887e-05
3.58478e-05
3.57143e-05
3.55881e-05
3.54692e-05
3.53571e-05
3.52509e-05
3.51497e-05
3.50523e-05
3.49575e-05
3.48639e-05
3.47705e-05
3.46762e-05
3.45804e-05
3.44828e-05
3.43829e-05
3.4281e-05
3.41772e-05
3.40718e-05
3.3964e-05
3.38535e-05
3.37398e-05
3.36226e-05
3.35018e-05
3.33769e-05
3.32478e-05
3.31141e-05
3.29755e-05
3.28319e-05
3.26844e-05
3.25384e-05
3.24116e-05
3.23596e-05
3.25565e-05
3.34963e-05
3.63718e-05
4.35868e-05
5.91698e-05
8.87197e-05
0.000138557
0.000214116
0.000318174
0.000449791
0.000603918
0.000771285
0.000940106
0.00110064
0.00124666
0.00137221
0.00147245
0.00154943
0.00160888
0.00165311
0.00168188
0.00169745
0.0017033
0.00170107
0.00169105
0.00167389
0.00165085
0.00162307
0.00159123
0.00155609
0.00151775
3.57375e-05
3.56636e-05
3.55784e-05
3.54812e-05
3.53722e-05
3.52529e-05
3.51248e-05
3.49896e-05
3.48485e-05
3.47024e-05
3.45528e-05
3.44007e-05
3.42477e-05
3.40953e-05
3.39451e-05
3.37986e-05
3.36573e-05
3.35221e-05
3.33937e-05
3.32723e-05
3.31578e-05
3.30497e-05
3.29474e-05
3.28499e-05
3.27562e-05
3.26653e-05
3.25759e-05
3.2487e-05
3.23976e-05
3.2307e-05
3.22148e-05
3.21206e-05
3.20242e-05
3.19259e-05
3.18256e-05
3.17229e-05
3.16173e-05
3.15085e-05
3.13962e-05
3.12802e-05
3.11603e-05
3.10363e-05
3.09079e-05
3.07747e-05
3.06364e-05
3.04926e-05
3.03429e-05
3.01869e-05
3.00246e-05
2.98556e-05
2.9681e-05
2.95048e-05
2.93391e-05
2.9216e-05
2.92259e-05
2.9609e-05
3.09316e-05
3.4346e-05
4.18684e-05
5.65216e-05
8.21086e-05
0.0001225
0.000180695
0.000258155
0.000354115
0.000464653
0.000582677
0.000701175
0.000815477
0.000920899
0.00101112
0.00108315
0.00113986
0.00118421
0.00121656
0.0012378
0.00125031
0.00125553
0.00125402
0.00124604
3.32781e-05
3.32079e-05
3.31274e-05
3.30357e-05
3.29333e-05
3.28215e-05
3.27019e-05
3.25757e-05
3.24442e-05
3.23084e-05
3.21693e-05
3.2028e-05
3.18858e-05
3.17441e-05
3.16044e-05
3.14681e-05
3.13364e-05
3.12104e-05
3.10905e-05
3.0977e-05
3.08699e-05
3.07687e-05
3.0673e-05
3.0582e-05
3.04946e-05
3.041e-05
3.0327e-05
3.02448e-05
3.01624e-05
3.00792e-05
2.99945e-05
2.9908e-05
2.98195e-05
2.97289e-05
2.96362e-05
2.9541e-05
2.94427e-05
2.93412e-05
2.92362e-05
2.91275e-05
2.90149e-05
2.88981e-05
2.87771e-05
2.86514e-05
2.85209e-05
2.83853e-05
2.82441e-05
2.80971e-05
2.7944e-05
2.77844e-05
2.7618e-05
2.74445e-05
2.72639e-05
2.70762e-05
2.68813e-05
2.66798e-05
2.6474e-05
2.62697e-05
2.60805e-05
2.59408e-05
2.59398e-05
2.62863e-05
2.74227e-05
3.01785e-05
3.59448e-05
4.67156e-05
6.48995e-05
9.28931e-05
0.000132746
0.000185706
0.000251366
0.000327126
0.00040906
0.000493208
0.000575371
0.000651477
0.000719061
0.000776457
0.000821641
0.000854734
3.09175e-05
3.08523e-05
3.07778e-05
3.06932e-05
3.05991e-05
3.04966e-05
3.03872e-05
3.02719e-05
3.01518e-05
3.00279e-05
2.9901e-05
2.97722e-05
2.96425e-05
2.95133e-05
2.93859e-05
2.92615e-05
2.91412e-05
2.9026e-05
2.89163e-05
2.88124e-05
2.87143e-05
2.86217e-05
2.85341e-05
2.84508e-05
2.8371e-05
2.82939e-05
2.82185e-05
2.81439e-05
2.80694e-05
2.79943e-05
2.7918e-05
2.784e-05
2.776e-05
2.7678e-05
2.75937e-05
2.75069e-05
2.7417e-05
2.73239e-05
2.72272e-05
2.71267e-05
2.70223e-05
2.69139e-05
2.68011e-05
2.66839e-05
2.65619e-05
2.6435e-05
2.63029e-05
2.61653e-05
2.60218e-05
2.58724e-05
2.57166e-05
2.55544e-05
2.53855e-05
2.52098e-05
2.50272e-05
2.48378e-05
2.46414e-05
2.44382e-05
2.42281e-05
2.40112e-05
2.37878e-05
2.35593e-05
2.33277e-05
2.30984e-05
2.28815e-05
2.27057e-05
2.26323e-05
2.27996e-05
2.34795e-05
2.51781e-05
2.87361e-05
3.53539e-05
4.65303e-05
6.38746e-05
8.88297e-05
0.00012231
0.000164513
0.000214884
0.000271374
0.000330028
2.87777e-05
2.8717e-05
2.86481e-05
2.85704e-05
2.84844e-05
2.8391e-05
2.82915e-05
2.81869e-05
2.8078e-05
2.79657e-05
2.78507e-05
2.77341e-05
2.76168e-05
2.74998e-05
2.73845e-05
2.72719e-05
2.7163e-05
2.70586e-05
2.69591e-05
2.6865e-05
2.6776e-05
2.66921e-05
2.66126e-05
2.65372e-05
2.6465e-05
2.63953e-05
2.63273e-05
2.62602e-05
2.61933e-05
2.61259e-05
2.60574e-05
2.59875e-05
2.59157e-05
2.58419e-05
2.57657e-05
2.5687e-05
2.56052e-05
2.55203e-05
2.54317e-05
2.53395e-05
2.52433e-05
2.5143e-05
2.50385e-05
2.49296e-05
2.48161e-05
2.46977e-05
2.45743e-05
2.44457e-05
2.43115e-05
2.41716e-05
2.40258e-05
2.38739e-05
2.37158e-05
2.35513e-05
2.33804e-05
2.32032e-05
2.30195e-05
2.28294e-05
2.26328e-05
2.24299e-05
2.22207e-05
2.20054e-05
2.17841e-05
2.15569e-05
2.13243e-05
2.10861e-05
2.08434e-05
2.05967e-05
2.0348e-05
2.0101e-05
1.98623e-05
1.96501e-05
1.94985e-05
1.94833e-05
1.9752e-05
2.05706e-05
2.23918e-05
2.59074e-05
3.20367e-05
4.17962e-05
2.69176e-05
2.68601e-05
2.67955e-05
2.67235e-05
2.66442e-05
2.65587e-05
2.64678e-05
2.63724e-05
2.62733e-05
2.61712e-05
2.60669e-05
2.59611e-05
2.58547e-05
2.57487e-05
2.56442e-05
2.55422e-05
2.54435e-05
2.53489e-05
2.52588e-05
2.51734e-05
2.50927e-05
2.50165e-05
2.49445e-05
2.4876e-05
2.48106e-05
2.47475e-05
2.4686e-05
2.46254e-05
2.45651e-05
2.45044e-05
2.44428e-05
2.43798e-05
2.43151e-05
2.42484e-05
2.41793e-05
2.41077e-05
2.40332e-05
2.39555e-05
2.38743e-05
2.37895e-05
2.37008e-05
2.36081e-05
2.35111e-05
2.34099e-05
2.33041e-05
2.31936e-05
2.30782e-05
2.29578e-05
2.2832e-05
2.27008e-05
2.25639e-05
2.24212e-05
2.22727e-05
2.21181e-05
2.19575e-05
2.17909e-05
2.16182e-05
2.14395e-05
2.12547e-05
2.1064e-05
2.08674e-05
2.06652e-05
2.04573e-05
2.02439e-05
2.00252e-05
1.98017e-05
1.95731e-05
1.934e-05
1.91025e-05
1.8861e-05
1.86159e-05
1.83668e-05
1.81151e-05
1.7861e-05
1.76061e-05
1.73529e-05
1.71044e-05
1.68713e-05
1.66717e-05
1.65406e-05
2.53418e-05
2.52862e-05
2.52246e-05
2.51568e-05
2.50829e-05
2.50038e-05
2.492e-05
2.48324e-05
2.47416e-05
2.46482e-05
2.45528e-05
2.44562e-05
2.43591e-05
2.42624e-05
2.41671e-05
2.4074e-05
2.3984e-05
2.38976e-05
2.38153e-05
2.37372e-05
2.36634e-05
2.35937e-05
2.35278e-05
2.34652e-05
2.34053e-05
2.33476e-05
2.32914e-05
2.32361e-05
2.31811e-05
2.31258e-05
2.30697e-05
2.30124e-05
2.29534e-05
2.28925e-05
2.28293e-05
2.27637e-05
2.26952e-05
2.26236e-05
2.25486e-05
2.24702e-05
2.23879e-05
2.23017e-05
2.22114e-05
2.21168e-05
2.20178e-05
2.19142e-05
2.18059e-05
2.16927e-05
2.15743e-05
2.14507e-05
2.13217e-05
2.11871e-05
2.10469e-05
2.09009e-05
2.07492e-05
2.05918e-05
2.04286e-05
2.02596e-05
2.0085e-05
1.99046e-05
1.97188e-05
1.95277e-05
1.93311e-05
1.91294e-05
1.89228e-05
1.87115e-05
1.84957e-05
1.82754e-05
1.80511e-05
1.78231e-05
1.75916e-05
1.73566e-05
1.71183e-05
1.68775e-05
1.66345e-05
1.63893e-05
1.61418e-05
1.58924e-05
1.56424e-05
1.53912e-05
2.40254e-05
2.39705e-05
2.39107e-05
2.38458e-05
2.37759e-05
2.37016e-05
2.36234e-05
2.35419e-05
2.34576e-05
2.33711e-05
2.32829e-05
2.31937e-05
2.31041e-05
2.3015e-05
2.29271e-05
2.28414e-05
2.27585e-05
2.26788e-05
2.26029e-05
2.25309e-05
2.24628e-05
2.23984e-05
2.23374e-05
2.22795e-05
2.22242e-05
2.21708e-05
2.21189e-05
2.20678e-05
2.2017e-05
2.1966e-05
2.19143e-05
2.18615e-05
2.18071e-05
2.17508e-05
2.16924e-05
2.16316e-05
2.1568e-05
2.15015e-05
2.14317e-05
2.13585e-05
2.12817e-05
2.1201e-05
2.11163e-05
2.10275e-05
2.09343e-05
2.08367e-05
2.07344e-05
2.06274e-05
2.05154e-05
2.03983e-05
2.0276e-05
2.01484e-05
2.00154e-05
1.98768e-05
1.97327e-05
1.95831e-05
1.9428e-05
1.92674e-05
1.91013e-05
1.89298e-05
1.8753e-05
1.85712e-05
1.83842e-05
1.81923e-05
1.79957e-05
1.77948e-05
1.75895e-05
1.73801e-05
1.71667e-05
1.69499e-05
1.67298e-05
1.65066e-05
1.62802e-05
1.60513e-05
1.58204e-05
1.55875e-05
1.53526e-05
1.51156e-05
1.48777e-05
1.46385e-05
2.29335e-05
2.28785e-05
2.28196e-05
2.27566e-05
2.26896e-05
2.26188e-05
2.25448e-05
2.2468e-05
2.23888e-05
2.23078e-05
2.22253e-05
2.21419e-05
2.20583e-05
2.19753e-05
2.18935e-05
2.18137e-05
2.17365e-05
2.16624e-05
2.15916e-05
2.15245e-05
2.14609e-05
2.14008e-05
2.13438e-05
2.12896e-05
2.12378e-05
2.11879e-05
2.11393e-05
2.10916e-05
2.10441e-05
2.09964e-05
2.09481e-05
2.08988e-05
2.0848e-05
2.07954e-05
2.07408e-05
2.06839e-05
2.06243e-05
2.05618e-05
2.04962e-05
2.04274e-05
2.0355e-05
2.02788e-05
2.01988e-05
2.01148e-05
2.00265e-05
1.99339e-05
1.98367e-05
1.9735e-05
1.96284e-05
1.95169e-05
1.94004e-05
1.92787e-05
1.91517e-05
1.90194e-05
1.88818e-05
1.87389e-05
1.85906e-05
1.84371e-05
1.82783e-05
1.81142e-05
1.79452e-05
1.77711e-05
1.75923e-05
1.74087e-05
1.72205e-05
1.70282e-05
1.68318e-05
1.66314e-05
1.64273e-05
1.62198e-05
1.60093e-05
1.57958e-05
1.55794e-05
1.53605e-05
1.51397e-05
1.49171e-05
1.46926e-05
1.44664e-05
1.4239e-05
1.40106e-05
2.20316e-05
2.19761e-05
2.19176e-05
2.18557e-05
2.17906e-05
2.17224e-05
2.16516e-05
2.15784e-05
2.15032e-05
2.14264e-05
2.13484e-05
2.12698e-05
2.1191e-05
2.11129e-05
2.1036e-05
2.0961e-05
2.08884e-05
2.08186e-05
2.0752e-05
2.06888e-05
2.06288e-05
2.05721e-05
2.05183e-05
2.0467e-05
2.0418e-05
2.03707e-05
2.03246e-05
2.02794e-05
2.02344e-05
2.01893e-05
2.01436e-05
2.0097e-05
2.00489e-05
1.99992e-05
1.99476e-05
1.98936e-05
1.98372e-05
1.9778e-05
1.97158e-05
1.96504e-05
1.95816e-05
1.95092e-05
1.9433e-05
1.93529e-05
1.92687e-05
1.91803e-05
1.90874e-05
1.899e-05
1.8888e-05
1.87812e-05
1.86695e-05
1.85527e-05
1.84309e-05
1.83039e-05
1.81718e-05
1.80345e-05
1.7892e-05
1.77444e-05
1.75917e-05
1.74339e-05
1.72713e-05
1.71038e-05
1.69317e-05
1.6755e-05
1.6574e-05
1.63889e-05
1.61998e-05
1.6007e-05
1.58106e-05
1.56109e-05
1.54083e-05
1.52029e-05
1.49948e-05
1.47843e-05
1.45718e-05
1.43578e-05
1.41421e-05
1.39247e-05
1.37061e-05
1.34866e-05
2.1289e-05
2.12328e-05
2.11742e-05
2.11131e-05
2.10492e-05
2.0983e-05
2.09145e-05
2.0844e-05
2.07719e-05
2.06985e-05
2.06241e-05
2.05493e-05
2.04745e-05
2.04003e-05
2.03274e-05
2.02562e-05
2.01874e-05
2.01212e-05
2.0058e-05
1.99978e-05
1.99407e-05
1.98866e-05
1.98352e-05
1.97861e-05
1.97392e-05
1.96938e-05
1.96496e-05
1.96062e-05
1.95631e-05
1.95198e-05
1.94761e-05
1.94314e-05
1.93854e-05
1.93379e-05
1.92884e-05
1.92368e-05
1.91828e-05
1.91262e-05
1.90666e-05
1.9004e-05
1.89381e-05
1.88687e-05
1.87956e-05
1.87187e-05
1.86378e-05
1.85528e-05
1.84635e-05
1.83698e-05
1.82715e-05
1.81686e-05
1.80609e-05
1.79483e-05
1.78307e-05
1.77082e-05
1.75806e-05
1.7448e-05
1.73103e-05
1.71677e-05
1.70201e-05
1.68676e-05
1.67104e-05
1.65484e-05
1.6382e-05
1.62111e-05
1.6036e-05
1.58569e-05
1.56741e-05
1.54876e-05
1.52976e-05
1.51045e-05
1.49085e-05
1.47099e-05
1.45088e-05
1.43052e-05
1.40998e-05
1.38929e-05
1.36845e-05
1.34746e-05
1.32634e-05
1.30515e-05
2.0679e-05
2.06219e-05
2.0563e-05
2.05021e-05
2.04391e-05
2.03742e-05
2.03075e-05
2.02391e-05
2.01695e-05
2.00988e-05
2.00274e-05
1.99556e-05
1.98841e-05
1.98132e-05
1.97435e-05
1.96756e-05
1.96098e-05
1.95466e-05
1.9486e-05
1.94283e-05
1.93735e-05
1.93213e-05
1.92717e-05
1.92243e-05
1.91788e-05
1.91348e-05
1.90919e-05
1.90497e-05
1.90079e-05
1.89659e-05
1.89234e-05
1.88801e-05
1.88356e-05
1.87896e-05
1.87419e-05
1.8692e-05
1.86399e-05
1.85852e-05
1.85277e-05
1.84672e-05
1.84035e-05
1.83365e-05
1.82659e-05
1.81916e-05
1.81134e-05
1.80312e-05
1.79448e-05
1.7854e-05
1.77589e-05
1.76591e-05
1.75547e-05
1.74455e-05
1.73315e-05
1.72126e-05
1.70888e-05
1.69601e-05
1.68265e-05
1.6688e-05
1.65447e-05
1.63966e-05
1.62438e-05
1.60865e-05
1.59248e-05
1.57588e-05
1.55886e-05
1.54146e-05
1.52368e-05
1.50556e-05
1.4871e-05
1.46833e-05
1.44929e-05
1.42999e-05
1.41045e-05
1.39069e-05
1.37073e-05
1.35063e-05
1.3304e-05
1.31003e-05
1.28954e-05
1.26898e-05
2.01777e-05
2.01197e-05
2.00604e-05
1.99995e-05
1.99371e-05
1.98731e-05
1.98076e-05
1.97409e-05
1.96732e-05
1.96047e-05
1.95356e-05
1.94664e-05
1.93975e-05
1.93293e-05
1.92623e-05
1.9197e-05
1.91338e-05
1.90728e-05
1.90144e-05
1.89586e-05
1.89054e-05
1.88548e-05
1.88065e-05
1.87602e-05
1.87157e-05
1.86726e-05
1.86306e-05
1.85893e-05
1.85482e-05
1.85071e-05
1.84655e-05
1.84231e-05
1.83797e-05
1.83348e-05
1.82882e-05
1.82397e-05
1.81889e-05
1.81357e-05
1.80798e-05
1.8021e-05
1.79592e-05
1.7894e-05
1.78254e-05
1.77532e-05
1.76771e-05
1.75972e-05
1.75131e-05
1.74248e-05
1.73322e-05
1.72351e-05
1.71334e-05
1.7027e-05
1.69159e-05
1.68001e-05
1.66794e-05
1.65539e-05
1.64236e-05
1.62886e-05
1.61488e-05
1.60044e-05
1.58553e-05
1.57018e-05
1.5544e-05
1.53821e-05
1.52161e-05
1.50462e-05
1.48728e-05
1.4696e-05
1.45159e-05
1.43328e-05
1.4147e-05
1.39587e-05
1.37681e-05
1.35754e-05
1.33809e-05
1.31849e-05
1.29876e-05
1.27892e-05
1.25896e-05
1.23894e-05
1.97642e-05
1.97054e-05
1.96456e-05
1.95846e-05
1.95225e-05
1.94591e-05
1.93947e-05
1.93292e-05
1.9263e-05
1.91962e-05
1.9129e-05
1.90619e-05
1.89951e-05
1.89291e-05
1.88644e-05
1.88012e-05
1.87399e-05
1.86808e-05
1.8624e-05
1.85697e-05
1.85179e-05
1.84683e-05
1.84209e-05
1.83754e-05
1.83316e-05
1.82891e-05
1.82476e-05
1.82068e-05
1.81662e-05
1.81256e-05
1.80846e-05
1.80429e-05
1.80001e-05
1.7956e-05
1.79103e-05
1.78627e-05
1.7813e-05
1.7761e-05
1.77063e-05
1.76488e-05
1.75884e-05
1.75247e-05
1.74577e-05
1.73871e-05
1.73128e-05
1.72347e-05
1.71525e-05
1.70662e-05
1.69757e-05
1.68807e-05
1.67813e-05
1.66772e-05
1.65686e-05
1.64552e-05
1.63371e-05
1.62143e-05
1.60868e-05
1.59546e-05
1.58177e-05
1.56763e-05
1.55304e-05
1.53801e-05
1.52256e-05
1.5067e-05
1.49044e-05
1.47381e-05
1.45682e-05
1.43951e-05
1.42188e-05
1.40395e-05
1.38575e-05
1.36732e-05
1.34867e-05
1.32981e-05
1.31077e-05
1.29159e-05
1.2723e-05
1.25289e-05
1.23338e-05
1.2138e-05
1.94202e-05
1.93606e-05
1.93004e-05
1.92393e-05
1.91774e-05
1.91145e-05
1.90508e-05
1.89865e-05
1.89215e-05
1.88562e-05
1.87907e-05
1.87253e-05
1.86604e-05
1.85964e-05
1.85335e-05
1.84721e-05
1.84124e-05
1.83549e-05
1.82995e-05
1.82463e-05
1.81954e-05
1.81466e-05
1.80998e-05
1.80548e-05
1.80113e-05
1.79691e-05
1.79278e-05
1.78872e-05
1.78469e-05
1.78065e-05
1.77658e-05
1.77244e-05
1.7682e-05
1.76384e-05
1.75933e-05
1.75464e-05
1.74974e-05
1.74462e-05
1.73925e-05
1.73361e-05
1.72767e-05
1.72142e-05
1.71484e-05
1.70792e-05
1.70063e-05
1.69296e-05
1.6849e-05
1.67643e-05
1.66755e-05
1.65823e-05
1.64847e-05
1.63826e-05
1.62759e-05
1.61647e-05
1.60487e-05
1.59281e-05
1.58029e-05
1.56731e-05
1.55387e-05
1.53998e-05
1.52565e-05
1.51088e-05
1.49571e-05
1.48013e-05
1.46416e-05
1.44783e-05
1.43114e-05
1.41414e-05
1.39682e-05
1.37922e-05
1.36135e-05
1.34325e-05
1.32494e-05
1.30643e-05
1.28775e-05
1.26893e-05
1.25e-05
1.23096e-05
1.21184e-05
1.19266e-05
1.91298e-05
1.90697e-05
1.90091e-05
1.89479e-05
1.88861e-05
1.88237e-05
1.87606e-05
1.86971e-05
1.86332e-05
1.85691e-05
1.85049e-05
1.84411e-05
1.83777e-05
1.83152e-05
1.82538e-05
1.81939e-05
1.81356e-05
1.80793e-05
1.80249e-05
1.79726e-05
1.79224e-05
1.78742e-05
1.78278e-05
1.77831e-05
1.77399e-05
1.76978e-05
1.76566e-05
1.7616e-05
1.75758e-05
1.75355e-05
1.74949e-05
1.74537e-05
1.74117e-05
1.73684e-05
1.73237e-05
1.72773e-05
1.72289e-05
1.71783e-05
1.71253e-05
1.70697e-05
1.70112e-05
1.69497e-05
1.68849e-05
1.68167e-05
1.6745e-05
1.66695e-05
1.65902e-05
1.65069e-05
1.64194e-05
1.63278e-05
1.62317e-05
1.61312e-05
1.60262e-05
1.59166e-05
1.58025e-05
1.56838e-05
1.55605e-05
1.54327e-05
1.53003e-05
1.51636e-05
1.50224e-05
1.48771e-05
1.47276e-05
1.45742e-05
1.4417e-05
1.42562e-05
1.40919e-05
1.39245e-05
1.3754e-05
1.35807e-05
1.34049e-05
1.32267e-05
1.30465e-05
1.28644e-05
1.26806e-05
1.24955e-05
1.23092e-05
1.2122e-05
1.1934e-05
1.17454e-05
1.88798e-05
1.88192e-05
1.87583e-05
1.86971e-05
1.86354e-05
1.85733e-05
1.85108e-05
1.8448e-05
1.8385e-05
1.83219e-05
1.82589e-05
1.81962e-05
1.81342e-05
1.80729e-05
1.80128e-05
1.79541e-05
1.78969e-05
1.78416e-05
1.7788e-05
1.77365e-05
1.76868e-05
1.7639e-05
1.75929e-05
1.75484e-05
1.75053e-05
1.74633e-05
1.74221e-05
1.73816e-05
1.73413e-05
1.73011e-05
1.72606e-05
1.72195e-05
1.71776e-05
1.71346e-05
1.70902e-05
1.70441e-05
1.69962e-05
1.69462e-05
1.68937e-05
1.68388e-05
1.6781e-05
1.67203e-05
1.66563e-05
1.65891e-05
1.65183e-05
1.64439e-05
1.63656e-05
1.62834e-05
1.61971e-05
1.61067e-05
1.6012e-05
1.59128e-05
1.58093e-05
1.57012e-05
1.55886e-05
1.54715e-05
1.53498e-05
1.52237e-05
1.50931e-05
1.49582e-05
1.48189e-05
1.46755e-05
1.45281e-05
1.43767e-05
1.42216e-05
1.40629e-05
1.39009e-05
1.37357e-05
1.35676e-05
1.33967e-05
1.32233e-05
1.30476e-05
1.28699e-05
1.26904e-05
1.25093e-05
1.23268e-05
1.21432e-05
1.19588e-05
1.17736e-05
1.15879e-05
1.8659e-05
1.85981e-05
1.85371e-05
1.84758e-05
1.84143e-05
1.83525e-05
1.82905e-05
1.82283e-05
1.8166e-05
1.81038e-05
1.80418e-05
1.79801e-05
1.79191e-05
1.7859e-05
1.78e-05
1.77422e-05
1.7686e-05
1.76314e-05
1.75786e-05
1.75276e-05
1.74784e-05
1.74309e-05
1.73851e-05
1.73407e-05
1.72977e-05
1.72557e-05
1.72145e-05
1.7174e-05
1.71337e-05
1.70935e-05
1.70531e-05
1.70121e-05
1.69703e-05
1.69275e-05
1.68834e-05
1.68376e-05
1.67901e-05
1.67405e-05
1.66885e-05
1.66341e-05
1.6577e-05
1.65169e-05
1.64537e-05
1.63872e-05
1.63173e-05
1.62437e-05
1.61664e-05
1.60852e-05
1.59999e-05
1.59105e-05
1.58169e-05
1.5719e-05
1.56166e-05
1.55099e-05
1.53986e-05
1.52829e-05
1.51627e-05
1.5038e-05
1.4909e-05
1.47756e-05
1.46381e-05
1.44964e-05
1.43507e-05
1.42011e-05
1.40479e-05
1.38911e-05
1.3731e-05
1.35679e-05
1.34018e-05
1.3233e-05
1.30617e-05
1.28882e-05
1.27127e-05
1.25354e-05
1.23566e-05
1.21765e-05
1.19953e-05
1.18133e-05
1.16305e-05
1.14473e-05
1.84586e-05
1.83976e-05
1.83365e-05
1.82753e-05
1.8214e-05
1.81525e-05
1.80909e-05
1.80292e-05
1.79676e-05
1.79061e-05
1.78449e-05
1.77842e-05
1.77241e-05
1.76648e-05
1.76067e-05
1.75498e-05
1.74943e-05
1.74404e-05
1.73882e-05
1.73377e-05
1.72889e-05
1.72417e-05
1.71961e-05
1.71518e-05
1.71089e-05
1.70669e-05
1.70258e-05
1.69853e-05
1.69451e-05
1.69049e-05
1.68645e-05
1.68237e-05
1.6782e-05
1.67394e-05
1.66955e-05
1.66501e-05
1.66029e-05
1.65537e-05
1.65022e-05
1.64483e-05
1.63917e-05
1.63322e-05
1.62697e-05
1.62039e-05
1.61347e-05
1.60619e-05
1.59854e-05
1.5905e-05
1.58207e-05
1.57323e-05
1.56396e-05
1.55427e-05
1.54415e-05
1.53359e-05
1.52258e-05
1.51113e-05
1.49924e-05
1.48691e-05
1.47414e-05
1.46095e-05
1.44734e-05
1.43333e-05
1.41891e-05
1.40412e-05
1.38897e-05
1.37346e-05
1.35763e-05
1.34149e-05
1.32507e-05
1.30838e-05
1.29145e-05
1.27429e-05
1.25694e-05
1.23942e-05
1.22175e-05
1.20395e-05
1.18605e-05
1.16806e-05
1.15001e-05
1.13192e-05
1.8272e-05
1.82109e-05
1.81498e-05
1.80887e-05
1.80276e-05
1.79664e-05
1.79052e-05
1.78441e-05
1.7783e-05
1.77221e-05
1.76616e-05
1.76016e-05
1.75423e-05
1.74838e-05
1.74264e-05
1.73702e-05
1.73154e-05
1.72621e-05
1.72104e-05
1.71604e-05
1.71119e-05
1.7065e-05
1.70196e-05
1.69756e-05
1.69327e-05
1.68909e-05
1.68498e-05
1.68094e-05
1.67692e-05
1.67291e-05
1.66889e-05
1.66482e-05
1.66067e-05
1.65643e-05
1.65207e-05
1.64755e-05
1.64287e-05
1.63799e-05
1.63288e-05
1.62754e-05
1.62193e-05
1.61604e-05
1.60984e-05
1.60333e-05
1.59648e-05
1.58927e-05
1.5817e-05
1.57374e-05
1.56539e-05
1.55663e-05
1.54746e-05
1.53787e-05
1.52784e-05
1.51738e-05
1.50648e-05
1.49515e-05
1.48338e-05
1.47117e-05
1.45853e-05
1.44547e-05
1.432e-05
1.41812e-05
1.40386e-05
1.38922e-05
1.37421e-05
1.35887e-05
1.3432e-05
1.32723e-05
1.31098e-05
1.29446e-05
1.27771e-05
1.26073e-05
1.24357e-05
1.22624e-05
1.20876e-05
1.19115e-05
1.17345e-05
1.15566e-05
1.13781e-05
1.11991e-05
1.80941e-05
1.8033e-05
1.7972e-05
1.7911e-05
1.78501e-05
1.77892e-05
1.77284e-05
1.76677e-05
1.76072e-05
1.75469e-05
1.7487e-05
1.74276e-05
1.73689e-05
1.73111e-05
1.72544e-05
1.71988e-05
1.71446e-05
1.70918e-05
1.70405e-05
1.69909e-05
1.69428e-05
1.68962e-05
1.6851e-05
1.68072e-05
1.67645e-05
1.67228e-05
1.66819e-05
1.66416e-05
1.66016e-05
1.65617e-05
1.65216e-05
1.6481e-05
1.64398e-05
1.63977e-05
1.63543e-05
1.63095e-05
1.6263e-05
1.62146e-05
1.6164e-05
1.6111e-05
1.60554e-05
1.59971e-05
1.59357e-05
1.58712e-05
1.58033e-05
1.57319e-05
1.56569e-05
1.5578e-05
1.54953e-05
1.54086e-05
1.53177e-05
1.52227e-05
1.51234e-05
1.50198e-05
1.49118e-05
1.47995e-05
1.46829e-05
1.4562e-05
1.44368e-05
1.43075e-05
1.4174e-05
1.40366e-05
1.38953e-05
1.37503e-05
1.36017e-05
1.34498e-05
1.32947e-05
1.31365e-05
1.29756e-05
1.28121e-05
1.26462e-05
1.24782e-05
1.23083e-05
1.21368e-05
1.19638e-05
1.17896e-05
1.16143e-05
1.14383e-05
1.12617e-05
1.10847e-05
1.79217e-05
1.78606e-05
1.77997e-05
1.77389e-05
1.76782e-05
1.76176e-05
1.75572e-05
1.74969e-05
1.74368e-05
1.7377e-05
1.73176e-05
1.72588e-05
1.72007e-05
1.71435e-05
1.70873e-05
1.70323e-05
1.69786e-05
1.69263e-05
1.68755e-05
1.68262e-05
1.67784e-05
1.67321e-05
1.66872e-05
1.66436e-05
1.66012e-05
1.65597e-05
1.6519e-05
1.64789e-05
1.64391e-05
1.63994e-05
1.63595e-05
1.63192e-05
1.62783e-05
1.62364e-05
1.61934e-05
1.61489e-05
1.61028e-05
1.60548e-05
1.60046e-05
1.59521e-05
1.5897e-05
1.58392e-05
1.57784e-05
1.57145e-05
1.56472e-05
1.55765e-05
1.55022e-05
1.54241e-05
1.53421e-05
1.52562e-05
1.51662e-05
1.5072e-05
1.49736e-05
1.48709e-05
1.4764e-05
1.46527e-05
1.45371e-05
1.44173e-05
1.42933e-05
1.41651e-05
1.40329e-05
1.38968e-05
1.37568e-05
1.36132e-05
1.3466e-05
1.33155e-05
1.31618e-05
1.30052e-05
1.28458e-05
1.26839e-05
1.25196e-05
1.23533e-05
1.2185e-05
1.20152e-05
1.18439e-05
1.16714e-05
1.14979e-05
1.13236e-05
1.11488e-05
1.09735e-05
1.77528e-05
1.76917e-05
1.76309e-05
1.75703e-05
1.75099e-05
1.74496e-05
1.73895e-05
1.73296e-05
1.72699e-05
1.72106e-05
1.71517e-05
1.70934e-05
1.70358e-05
1.6979e-05
1.69234e-05
1.68688e-05
1.68156e-05
1.67637e-05
1.67134e-05
1.66645e-05
1.6617e-05
1.65711e-05
1.65265e-05
1.64832e-05
1.6441e-05
1.63998e-05
1.63593e-05
1.63194e-05
1.62799e-05
1.62404e-05
1.62009e-05
1.61609e-05
1.61202e-05
1.60787e-05
1.6036e-05
1.59919e-05
1.59462e-05
1.58986e-05
1.58489e-05
1.57969e-05
1.57423e-05
1.5685e-05
1.56248e-05
1.55615e-05
1.54948e-05
1.54248e-05
1.53511e-05
1.52738e-05
1.51926e-05
1.51074e-05
1.50182e-05
1.49249e-05
1.48273e-05
1.47256e-05
1.46196e-05
1.45093e-05
1.43948e-05
1.42761e-05
1.41531e-05
1.40261e-05
1.38951e-05
1.37602e-05
1.36215e-05
1.34792e-05
1.33334e-05
1.31843e-05
1.3032e-05
1.28769e-05
1.2719e-05
1.25586e-05
1.23959e-05
1.22311e-05
1.20645e-05
1.18963e-05
1.17266e-05
1.15558e-05
1.1384e-05
1.12114e-05
1.10383e-05
1.08648e-05
1.75866e-05
1.75256e-05
1.74649e-05
1.74045e-05
1.73443e-05
1.72843e-05
1.72245e-05
1.71649e-05
1.71056e-05
1.70467e-05
1.69883e-05
1.69304e-05
1.68733e-05
1.68171e-05
1.67618e-05
1.67078e-05
1.6655e-05
1.66035e-05
1.65536e-05
1.6505e-05
1.6458e-05
1.64124e-05
1.63681e-05
1.63251e-05
1.62832e-05
1.62423e-05
1.62021e-05
1.61625e-05
1.61232e-05
1.60841e-05
1.60448e-05
1.60051e-05
1.59648e-05
1.59236e-05
1.58813e-05
1.58376e-05
1.57923e-05
1.57451e-05
1.56959e-05
1.56444e-05
1.55903e-05
1.55336e-05
1.54739e-05
1.54112e-05
1.53452e-05
1.52758e-05
1.52029e-05
1.51262e-05
1.50457e-05
1.49613e-05
1.48729e-05
1.47805e-05
1.46838e-05
1.4583e-05
1.44779e-05
1.43686e-05
1.42551e-05
1.41374e-05
1.40156e-05
1.38898e-05
1.37599e-05
1.36262e-05
1.34888e-05
1.33477e-05
1.32032e-05
1.30555e-05
1.29046e-05
1.27509e-05
1.25945e-05
1.24356e-05
1.22744e-05
1.21111e-05
1.19461e-05
1.17794e-05
1.16114e-05
1.14422e-05
1.1272e-05
1.11011e-05
1.09296e-05
1.07578e-05
1.74232e-05
1.73623e-05
1.73017e-05
1.72415e-05
1.71815e-05
1.71217e-05
1.70623e-05
1.7003e-05
1.69441e-05
1.68856e-05
1.68276e-05
1.67701e-05
1.67134e-05
1.66576e-05
1.66028e-05
1.65492e-05
1.64968e-05
1.64458e-05
1.63962e-05
1.63481e-05
1.63014e-05
1.62561e-05
1.62122e-05
1.61695e-05
1.61279e-05
1.60873e-05
1.60474e-05
1.60082e-05
1.59692e-05
1.59304e-05
1.58914e-05
1.58521e-05
1.58121e-05
1.57713e-05
1.57293e-05
1.5686e-05
1.56411e-05
1.55944e-05
1.55457e-05
1.54946e-05
1.54411e-05
1.53849e-05
1.53258e-05
1.52637e-05
1.51983e-05
1.51296e-05
1.50573e-05
1.49814e-05
1.49016e-05
1.4818e-05
1.47304e-05
1.46388e-05
1.4543e-05
1.4443e-05
1.43389e-05
1.42306e-05
1.41181e-05
1.40015e-05
1.38807e-05
1.3756e-05
1.36273e-05
1.34948e-05
1.33585e-05
1.32188e-05
1.30756e-05
1.29291e-05
1.27797e-05
1.26273e-05
1.24723e-05
1.23149e-05
1.21552e-05
1.19934e-05
1.18299e-05
1.16648e-05
1.14983e-05
1.13307e-05
1.11621e-05
1.09928e-05
1.08229e-05
1.06527e-05
1.72635e-05
1.72026e-05
1.71422e-05
1.70821e-05
1.70223e-05
1.69629e-05
1.69037e-05
1.68448e-05
1.67862e-05
1.6728e-05
1.66704e-05
1.66134e-05
1.65571e-05
1.65017e-05
1.64473e-05
1.63941e-05
1.63421e-05
1.62915e-05
1.62423e-05
1.61945e-05
1.61482e-05
1.61033e-05
1.60597e-05
1.60173e-05
1.59761e-05
1.59358e-05
1.58962e-05
1.58572e-05
1.58186e-05
1.57801e-05
1.57414e-05
1.57024e-05
1.56628e-05
1.56224e-05
1.55808e-05
1.55379e-05
1.54934e-05
1.54472e-05
1.53989e-05
1.53483e-05
1.52953e-05
1.52396e-05
1.51811e-05
1.51196e-05
1.50548e-05
1.49867e-05
1.49151e-05
1.48399e-05
1.47609e-05
1.4678e-05
1.45912e-05
1.45004e-05
1.44055e-05
1.43065e-05
1.42033e-05
1.40959e-05
1.39844e-05
1.38688e-05
1.37491e-05
1.36254e-05
1.34979e-05
1.33665e-05
1.32315e-05
1.30929e-05
1.2951e-05
1.28059e-05
1.26577e-05
1.25067e-05
1.23531e-05
1.2197e-05
1.20388e-05
1.18785e-05
1.17165e-05
1.15528e-05
1.13879e-05
1.12218e-05
1.10547e-05
1.0887e-05
1.07187e-05
1.055e-05
1.7109e-05
1.70482e-05
1.69878e-05
1.69279e-05
1.68683e-05
1.68091e-05
1.67502e-05
1.66916e-05
1.66334e-05
1.65756e-05
1.65183e-05
1.64616e-05
1.64057e-05
1.63507e-05
1.62968e-05
1.62439e-05
1.61923e-05
1.61421e-05
1.60933e-05
1.60459e-05
1.59999e-05
1.59553e-05
1.59121e-05
1.587e-05
1.58291e-05
1.57891e-05
1.57499e-05
1.57112e-05
1.56729e-05
1.56347e-05
1.55964e-05
1.55577e-05
1.55184e-05
1.54783e-05
1.54371e-05
1.53946e-05
1.53506e-05
1.53047e-05
1.52568e-05
1.52068e-05
1.51542e-05
1.50991e-05
1.50411e-05
1.49801e-05
1.4916e-05
1.48485e-05
1.47776e-05
1.47031e-05
1.46248e-05
1.45427e-05
1.44567e-05
1.43666e-05
1.42726e-05
1.41744e-05
1.40721e-05
1.39657e-05
1.38551e-05
1.37405e-05
1.36219e-05
1.34993e-05
1.33728e-05
1.32426e-05
1.31087e-05
1.29713e-05
1.28306e-05
1.26867e-05
1.25399e-05
1.23902e-05
1.22379e-05
1.20832e-05
1.19263e-05
1.17675e-05
1.16068e-05
1.14447e-05
1.12812e-05
1.11165e-05
1.0951e-05
1.07847e-05
1.06179e-05
1.04508e-05
1.69619e-05
1.69011e-05
1.68408e-05
1.6781e-05
1.67216e-05
1.66626e-05
1.66039e-05
1.65456e-05
1.64877e-05
1.64302e-05
1.63733e-05
1.6317e-05
1.62614e-05
1.62068e-05
1.61532e-05
1.61007e-05
1.60495e-05
1.59996e-05
1.59511e-05
1.59041e-05
1.58584e-05
1.58142e-05
1.57713e-05
1.57296e-05
1.56889e-05
1.56492e-05
1.56103e-05
1.5572e-05
1.55339e-05
1.5496e-05
1.5458e-05
1.54197e-05
1.53807e-05
1.5341e-05
1.53001e-05
1.5258e-05
1.52143e-05
1.51689e-05
1.51214e-05
1.50718e-05
1.50197e-05
1.49651e-05
1.49076e-05
1.48472e-05
1.47837e-05
1.47168e-05
1.46465e-05
1.45726e-05
1.4495e-05
1.44137e-05
1.43284e-05
1.42391e-05
1.41459e-05
1.40485e-05
1.39471e-05
1.38416e-05
1.3732e-05
1.36183e-05
1.35007e-05
1.33791e-05
1.32537e-05
1.31245e-05
1.29918e-05
1.28555e-05
1.2716e-05
1.25733e-05
1.24276e-05
1.22792e-05
1.21282e-05
1.19748e-05
1.18192e-05
1.16617e-05
1.15024e-05
1.13416e-05
1.11795e-05
1.10162e-05
1.08521e-05
1.06872e-05
1.05218e-05
1.03561e-05
1.68249e-05
1.6764e-05
1.67037e-05
1.6644e-05
1.65847e-05
1.65259e-05
1.64674e-05
1.64094e-05
1.63517e-05
1.62946e-05
1.62379e-05
1.6182e-05
1.61268e-05
1.60725e-05
1.60192e-05
1.59671e-05
1.59162e-05
1.58667e-05
1.58185e-05
1.57718e-05
1.57265e-05
1.56825e-05
1.56399e-05
1.55985e-05
1.55582e-05
1.55188e-05
1.54801e-05
1.5442e-05
1.54043e-05
1.53667e-05
1.5329e-05
1.52909e-05
1.52523e-05
1.52128e-05
1.51723e-05
1.51305e-05
1.50872e-05
1.50421e-05
1.4995e-05
1.49458e-05
1.48942e-05
1.484e-05
1.4783e-05
1.47231e-05
1.46601e-05
1.45938e-05
1.45241e-05
1.44508e-05
1.43739e-05
1.42932e-05
1.42086e-05
1.41201e-05
1.40276e-05
1.39311e-05
1.38305e-05
1.37258e-05
1.36171e-05
1.35043e-05
1.33876e-05
1.3267e-05
1.31426e-05
1.30144e-05
1.28827e-05
1.27475e-05
1.26091e-05
1.24675e-05
1.2323e-05
1.21757e-05
1.20259e-05
1.18737e-05
1.17193e-05
1.1563e-05
1.1405e-05
1.12455e-05
1.10846e-05
1.09227e-05
1.07599e-05
1.05963e-05
1.04323e-05
1.02679e-05
1.67012e-05
1.66402e-05
1.65799e-05
1.65202e-05
1.6461e-05
1.64023e-05
1.6344e-05
1.62861e-05
1.62287e-05
1.61718e-05
1.61155e-05
1.60598e-05
1.60049e-05
1.59509e-05
1.58979e-05
1.58461e-05
1.57955e-05
1.57463e-05
1.56984e-05
1.5652e-05
1.56069e-05
1.55633e-05
1.55209e-05
1.54797e-05
1.54397e-05
1.54005e-05
1.53621e-05
1.53243e-05
1.52868e-05
1.52495e-05
1.5212e-05
1.51742e-05
1.51359e-05
1.50967e-05
1.50565e-05
1.5015e-05
1.4972e-05
1.49272e-05
1.48805e-05
1.48317e-05
1.47804e-05
1.47267e-05
1.46701e-05
1.46107e-05
1.45481e-05
1.44824e-05
1.44132e-05
1.43405e-05
1.42642e-05
1.41841e-05
1.41001e-05
1.40123e-05
1.39205e-05
1.38247e-05
1.37248e-05
1.3621e-05
1.3513e-05
1.34011e-05
1.32852e-05
1.31655e-05
1.3042e-05
1.29148e-05
1.2784e-05
1.26498e-05
1.25123e-05
1.23717e-05
1.22283e-05
1.2082e-05
1.19333e-05
1.17821e-05
1.16289e-05
1.14737e-05
1.13169e-05
1.11585e-05
1.09988e-05
1.0838e-05
1.06764e-05
1.0514e-05
1.03512e-05
1.0188e-05
1.65948e-05
1.65336e-05
1.64731e-05
1.64134e-05
1.63542e-05
1.62956e-05
1.62374e-05
1.61796e-05
1.61224e-05
1.60657e-05
1.60095e-05
1.59541e-05
1.58994e-05
1.58457e-05
1.5793e-05
1.57414e-05
1.56911e-05
1.56421e-05
1.55945e-05
1.55483e-05
1.55035e-05
1.54601e-05
1.54179e-05
1.5377e-05
1.53372e-05
1.52982e-05
1.52601e-05
1.52225e-05
1.51852e-05
1.51481e-05
1.51108e-05
1.50733e-05
1.50351e-05
1.49962e-05
1.49562e-05
1.4915e-05
1.48722e-05
1.48278e-05
1.47814e-05
1.47328e-05
1.46819e-05
1.46285e-05
1.45724e-05
1.45133e-05
1.44512e-05
1.43858e-05
1.43171e-05
1.42449e-05
1.41691e-05
1.40896e-05
1.40062e-05
1.3919e-05
1.38278e-05
1.37326e-05
1.36334e-05
1.35302e-05
1.3423e-05
1.33118e-05
1.31966e-05
1.30777e-05
1.29549e-05
1.28285e-05
1.26985e-05
1.25652e-05
1.24286e-05
1.22889e-05
1.21463e-05
1.2001e-05
1.18531e-05
1.17029e-05
1.15507e-05
1.13965e-05
1.12406e-05
1.10832e-05
1.09245e-05
1.07647e-05
1.06041e-05
1.04428e-05
1.0281e-05
1.01189e-05
1.65103e-05
1.64487e-05
1.63881e-05
1.63282e-05
1.62689e-05
1.62103e-05
1.61521e-05
1.60944e-05
1.60373e-05
1.59807e-05
1.59247e-05
1.58694e-05
1.58149e-05
1.57613e-05
1.57088e-05
1.56574e-05
1.56073e-05
1.55585e-05
1.55111e-05
1.5465e-05
1.54204e-05
1.53772e-05
1.53353e-05
1.52945e-05
1.52548e-05
1.52161e-05
1.51781e-05
1.51406e-05
1.51035e-05
1.50666e-05
1.50295e-05
1.49921e-05
1.49542e-05
1.49154e-05
1.48757e-05
1.48346e-05
1.47921e-05
1.47478e-05
1.47017e-05
1.46534e-05
1.46028e-05
1.45496e-05
1.44938e-05
1.4435e-05
1.43732e-05
1.43082e-05
1.42399e-05
1.41681e-05
1.40927e-05
1.40136e-05
1.39307e-05
1.38439e-05
1.37532e-05
1.36585e-05
1.35599e-05
1.34572e-05
1.33505e-05
1.32399e-05
1.31254e-05
1.30071e-05
1.28849e-05
1.27592e-05
1.26299e-05
1.24972e-05
1.23613e-05
1.22223e-05
1.20804e-05
1.19358e-05
1.17887e-05
1.16393e-05
1.14878e-05
1.13343e-05
1.11792e-05
1.10226e-05
1.08647e-05
1.07058e-05
1.0546e-05
1.03855e-05
1.02245e-05
1.00632e-05
1.64531e-05
1.63911e-05
1.63301e-05
1.627e-05
1.62105e-05
1.61517e-05
1.60935e-05
1.60358e-05
1.59786e-05
1.59221e-05
1.58661e-05
1.58109e-05
1.57565e-05
1.5703e-05
1.56506e-05
1.55993e-05
1.55493e-05
1.55006e-05
1.54533e-05
1.54074e-05
1.53629e-05
1.53198e-05
1.5278e-05
1.52373e-05
1.51978e-05
1.51591e-05
1.51212e-05
1.50839e-05
1.50469e-05
1.50101e-05
1.49731e-05
1.49358e-05
1.4898e-05
1.48594e-05
1.48197e-05
1.47788e-05
1.47364e-05
1.46923e-05
1.46463e-05
1.45982e-05
1.45478e-05
1.44948e-05
1.44392e-05
1.43806e-05
1.43191e-05
1.42543e-05
1.41862e-05
1.41147e-05
1.40395e-05
1.39607e-05
1.38781e-05
1.37917e-05
1.37013e-05
1.3607e-05
1.35087e-05
1.34065e-05
1.33002e-05
1.319e-05
1.30759e-05
1.2958e-05
1.28363e-05
1.2711e-05
1.25822e-05
1.245e-05
1.23145e-05
1.2176e-05
1.20346e-05
1.18905e-05
1.17439e-05
1.1595e-05
1.1444e-05
1.12911e-05
1.11365e-05
1.09804e-05
1.08231e-05
1.06647e-05
1.05054e-05
1.03455e-05
1.01851e-05
1.00244e-05
1.64298e-05
1.63673e-05
1.63058e-05
1.62452e-05
1.61855e-05
1.61264e-05
1.60679e-05
1.60101e-05
1.59528e-05
1.58961e-05
1.58401e-05
1.57848e-05
1.57304e-05
1.56769e-05
1.56245e-05
1.55732e-05
1.55232e-05
1.54746e-05
1.54273e-05
1.53814e-05
1.53369e-05
1.52939e-05
1.52521e-05
1.52115e-05
1.51719e-05
1.51333e-05
1.50955e-05
1.50582e-05
1.50212e-05
1.49844e-05
1.49475e-05
1.49103e-05
1.48725e-05
1.48339e-05
1.47943e-05
1.47534e-05
1.47111e-05
1.46671e-05
1.46211e-05
1.45731e-05
1.45227e-05
1.44698e-05
1.44142e-05
1.43558e-05
1.42943e-05
1.42297e-05
1.41617e-05
1.40903e-05
1.40153e-05
1.39366e-05
1.38541e-05
1.37679e-05
1.36777e-05
1.35835e-05
1.34854e-05
1.33833e-05
1.32772e-05
1.31672e-05
1.30533e-05
1.29356e-05
1.28141e-05
1.2689e-05
1.25604e-05
1.24284e-05
1.22931e-05
1.21548e-05
1.20137e-05
1.18698e-05
1.17234e-05
1.15747e-05
1.14239e-05
1.12712e-05
1.11168e-05
1.0961e-05
1.08039e-05
1.06457e-05
1.04867e-05
1.0327e-05
1.01668e-05
1.00063e-05
1.64483e-05
1.6385e-05
1.63228e-05
1.62617e-05
1.62015e-05
1.6142e-05
1.60832e-05
1.6025e-05
1.59674e-05
1.59105e-05
1.58543e-05
1.57988e-05
1.57442e-05
1.56906e-05
1.5638e-05
1.55867e-05
1.55365e-05
1.54878e-05
1.54404e-05
1.53944e-05
1.53499e-05
1.53067e-05
1.52648e-05
1.52242e-05
1.51846e-05
1.51459e-05
1.5108e-05
1.50707e-05
1.50336e-05
1.49968e-05
1.49598e-05
1.49225e-05
1.48847e-05
1.48461e-05
1.48064e-05
1.47655e-05
1.47231e-05
1.4679e-05
1.4633e-05
1.45849e-05
1.45345e-05
1.44815e-05
1.44259e-05
1.43674e-05
1.43059e-05
1.42412e-05
1.41731e-05
1.41016e-05
1.40266e-05
1.39478e-05
1.38653e-05
1.37789e-05
1.36887e-05
1.35944e-05
1.34962e-05
1.33941e-05
1.32879e-05
1.31778e-05
1.30638e-05
1.2946e-05
1.28244e-05
1.26992e-05
1.25705e-05
1.24383e-05
1.2303e-05
1.21646e-05
1.20232e-05
1.18792e-05
1.17327e-05
1.15838e-05
1.14329e-05
1.128e-05
1.11255e-05
1.09695e-05
1.08122e-05
1.06538e-05
1.04946e-05
1.03348e-05
1.01744e-05
1.00138e-05
1.65181e-05
1.64539e-05
1.63909e-05
1.6329e-05
1.62681e-05
1.62079e-05
1.61486e-05
1.60899e-05
1.60319e-05
1.59745e-05
1.59179e-05
1.58621e-05
1.58072e-05
1.57532e-05
1.57004e-05
1.56487e-05
1.55983e-05
1.55493e-05
1.55017e-05
1.54555e-05
1.54107e-05
1.53673e-05
1.53253e-05
1.52844e-05
1.52446e-05
1.52058e-05
1.51677e-05
1.51302e-05
1.5093e-05
1.5056e-05
1.50188e-05
1.49814e-05
1.49434e-05
1.49046e-05
1.48647e-05
1.48237e-05
1.47811e-05
1.47368e-05
1.46906e-05
1.46423e-05
1.45917e-05
1.45385e-05
1.44826e-05
1.44239e-05
1.43621e-05
1.42971e-05
1.42288e-05
1.4157e-05
1.40817e-05
1.40026e-05
1.39197e-05
1.3833e-05
1.37424e-05
1.36478e-05
1.35492e-05
1.34466e-05
1.33401e-05
1.32295e-05
1.31151e-05
1.29968e-05
1.28747e-05
1.2749e-05
1.26198e-05
1.24871e-05
1.23512e-05
1.22123e-05
1.20704e-05
1.19258e-05
1.17786e-05
1.16292e-05
1.14776e-05
1.13241e-05
1.11689e-05
1.10123e-05
1.08543e-05
1.06953e-05
1.05355e-05
1.03749e-05
1.02139e-05
1.00526e-05
1.66515e-05
1.6586e-05
1.65218e-05
1.64589e-05
1.6397e-05
1.63361e-05
1.62759e-05
1.62165e-05
1.61578e-05
1.60998e-05
1.60426e-05
1.59862e-05
1.59307e-05
1.58763e-05
1.58229e-05
1.57708e-05
1.57199e-05
1.56704e-05
1.56224e-05
1.55758e-05
1.55307e-05
1.54869e-05
1.54445e-05
1.54033e-05
1.53632e-05
1.5324e-05
1.52856e-05
1.52477e-05
1.52103e-05
1.51729e-05
1.51355e-05
1.50977e-05
1.50594e-05
1.50203e-05
1.49801e-05
1.49387e-05
1.48958e-05
1.48512e-05
1.48046e-05
1.47559e-05
1.47048e-05
1.46513e-05
1.45949e-05
1.45357e-05
1.44734e-05
1.4408e-05
1.43391e-05
1.42667e-05
1.41908e-05
1.41111e-05
1.40276e-05
1.39402e-05
1.38489e-05
1.37535e-05
1.36542e-05
1.35508e-05
1.34434e-05
1.3332e-05
1.32167e-05
1.30975e-05
1.29745e-05
1.28478e-05
1.27176e-05
1.25839e-05
1.24469e-05
1.23069e-05
1.21638e-05
1.20181e-05
1.18698e-05
1.17192e-05
1.15664e-05
1.14117e-05
1.12553e-05
1.10974e-05
1.09382e-05
1.0778e-05
1.06168e-05
1.0455e-05
1.02927e-05
1.01301e-05
1.68636e-05
1.67965e-05
1.6731e-05
1.66667e-05
1.66036e-05
1.65415e-05
1.64802e-05
1.64198e-05
1.63602e-05
1.63013e-05
1.62432e-05
1.61859e-05
1.61296e-05
1.60744e-05
1.60203e-05
1.59674e-05
1.59158e-05
1.58657e-05
1.5817e-05
1.57698e-05
1.57241e-05
1.56797e-05
1.56367e-05
1.5595e-05
1.55544e-05
1.55147e-05
1.54758e-05
1.54374e-05
1.53995e-05
1.53616e-05
1.53237e-05
1.52855e-05
1.52467e-05
1.52071e-05
1.51664e-05
1.51244e-05
1.5081e-05
1.50358e-05
1.49886e-05
1.49393e-05
1.48876e-05
1.48333e-05
1.47763e-05
1.47163e-05
1.46533e-05
1.45869e-05
1.45172e-05
1.4444e-05
1.4367e-05
1.42863e-05
1.42018e-05
1.41133e-05
1.40208e-05
1.39243e-05
1.38237e-05
1.37191e-05
1.36103e-05
1.34976e-05
1.33808e-05
1.32601e-05
1.31356e-05
1.30073e-05
1.28755e-05
1.27401e-05
1.26015e-05
1.24597e-05
1.23149e-05
1.21673e-05
1.20172e-05
1.18646e-05
1.171e-05
1.15533e-05
1.13949e-05
1.12351e-05
1.10739e-05
1.09116e-05
1.07485e-05
1.05846e-05
1.04203e-05
1.02557e-05
1.71747e-05
1.71056e-05
1.70382e-05
1.69723e-05
1.69076e-05
1.68439e-05
1.67812e-05
1.67194e-05
1.66584e-05
1.65983e-05
1.6539e-05
1.64805e-05
1.64231e-05
1.63667e-05
1.63116e-05
1.62577e-05
1.62051e-05
1.6154e-05
1.61044e-05
1.60563e-05
1.60097e-05
1.59645e-05
1.59207e-05
1.58782e-05
1.58368e-05
1.57964e-05
1.57567e-05
1.57177e-05
1.5679e-05
1.56405e-05
1.56019e-05
1.55629e-05
1.55234e-05
1.5483e-05
1.54416e-05
1.53989e-05
1.53546e-05
1.53086e-05
1.52606e-05
1.52103e-05
1.51577e-05
1.51024e-05
1.50443e-05
1.49833e-05
1.49191e-05
1.48515e-05
1.47805e-05
1.47059e-05
1.46276e-05
1.45454e-05
1.44593e-05
1.43692e-05
1.42751e-05
1.41768e-05
1.40744e-05
1.39678e-05
1.38571e-05
1.37423e-05
1.36234e-05
1.35005e-05
1.33737e-05
1.32432e-05
1.31089e-05
1.29711e-05
1.28299e-05
1.26856e-05
1.25382e-05
1.23879e-05
1.2235e-05
1.20797e-05
1.19222e-05
1.17627e-05
1.16015e-05
1.14387e-05
1.12746e-05
1.11093e-05
1.09432e-05
1.07764e-05
1.0609e-05
1.04414e-05
1.76121e-05
1.75405e-05
1.74707e-05
1.74026e-05
1.73357e-05
1.72701e-05
1.72055e-05
1.71419e-05
1.70791e-05
1.70173e-05
1.69563e-05
1.68963e-05
1.68373e-05
1.67794e-05
1.67227e-05
1.66674e-05
1.66135e-05
1.65611e-05
1.65101e-05
1.64608e-05
1.6413e-05
1.63666e-05
1.63217e-05
1.62781e-05
1.62356e-05
1.61941e-05
1.61535e-05
1.61135e-05
1.60738e-05
1.60343e-05
1.59947e-05
1.59547e-05
1.59142e-05
1.58728e-05
1.58303e-05
1.57865e-05
1.57412e-05
1.56939e-05
1.56447e-05
1.55932e-05
1.55392e-05
1.54825e-05
1.5423e-05
1.53604e-05
1.52945e-05
1.52253e-05
1.51525e-05
1.5076e-05
1.49957e-05
1.49114e-05
1.48232e-05
1.47308e-05
1.46342e-05
1.45335e-05
1.44285e-05
1.43192e-05
1.42057e-05
1.4088e-05
1.39661e-05
1.38402e-05
1.37102e-05
1.35763e-05
1.34387e-05
1.32974e-05
1.31527e-05
1.30047e-05
1.28536e-05
1.26995e-05
1.25428e-05
1.23836e-05
1.22221e-05
1.20586e-05
1.18933e-05
1.17264e-05
1.15581e-05
1.13887e-05
1.12184e-05
1.10473e-05
1.08758e-05
1.07039e-05
1.82137e-05
1.81389e-05
1.80662e-05
1.79952e-05
1.79257e-05
1.78575e-05
1.77904e-05
1.77243e-05
1.76592e-05
1.75951e-05
1.75319e-05
1.74697e-05
1.74086e-05
1.73486e-05
1.729e-05
1.72327e-05
1.71769e-05
1.71226e-05
1.707e-05
1.70189e-05
1.69694e-05
1.69215e-05
1.6875e-05
1.68299e-05
1.67859e-05
1.67431e-05
1.6701e-05
1.66596e-05
1.66186e-05
1.65777e-05
1.65368e-05
1.64955e-05
1.64535e-05
1.64107e-05
1.63668e-05
1.63215e-05
1.62746e-05
1.62258e-05
1.61749e-05
1.61216e-05
1.60658e-05
1.60072e-05
1.59456e-05
1.58808e-05
1.58127e-05
1.57411e-05
1.56659e-05
1.55868e-05
1.55037e-05
1.54166e-05
1.53253e-05
1.52298e-05
1.513e-05
1.50258e-05
1.49172e-05
1.48043e-05
1.46869e-05
1.45652e-05
1.44392e-05
1.4309e-05
1.41746e-05
1.40362e-05
1.38939e-05
1.37478e-05
1.35982e-05
1.34452e-05
1.32889e-05
1.31297e-05
1.29677e-05
1.28031e-05
1.26361e-05
1.24671e-05
1.22961e-05
1.21236e-05
1.19496e-05
1.17744e-05
1.15983e-05
1.14214e-05
1.1244e-05
1.10663e-05
1.9035e-05
1.89562e-05
1.88797e-05
1.8805e-05
1.8732e-05
1.86603e-05
1.859e-05
1.85207e-05
1.84525e-05
1.83853e-05
1.83191e-05
1.8254e-05
1.819e-05
1.81273e-05
1.8066e-05
1.80061e-05
1.79477e-05
1.7891e-05
1.78359e-05
1.77825e-05
1.77308e-05
1.76806e-05
1.76321e-05
1.75849e-05
1.7539e-05
1.74942e-05
1.74502e-05
1.74069e-05
1.73641e-05
1.73214e-05
1.72785e-05
1.72354e-05
1.71916e-05
1.71468e-05
1.71009e-05
1.70536e-05
1.70046e-05
1.69535e-05
1.69003e-05
1.68447e-05
1.67863e-05
1.67251e-05
1.66607e-05
1.65931e-05
1.65219e-05
1.64471e-05
1.63684e-05
1.62858e-05
1.6199e-05
1.6108e-05
1.60126e-05
1.59128e-05
1.58085e-05
1.56996e-05
1.55862e-05
1.54681e-05
1.53455e-05
1.52183e-05
1.50866e-05
1.49506e-05
1.48102e-05
1.46655e-05
1.45169e-05
1.43643e-05
1.42079e-05
1.4048e-05
1.38848e-05
1.37184e-05
1.35491e-05
1.33771e-05
1.32027e-05
1.3026e-05
1.28474e-05
1.26671e-05
1.24853e-05
1.23023e-05
1.21183e-05
1.19335e-05
1.17481e-05
1.15624e-05
2.01604e-05
2.00764e-05
1.99948e-05
1.99153e-05
1.98377e-05
1.97615e-05
1.96867e-05
1.96132e-05
1.95408e-05
1.94695e-05
1.93993e-05
1.93302e-05
1.92624e-05
1.91959e-05
1.91309e-05
1.90674e-05
1.90056e-05
1.89454e-05
1.88871e-05
1.88305e-05
1.87757e-05
1.87226e-05
1.86712e-05
1.86212e-05
1.85726e-05
1.85251e-05
1.84785e-05
1.84327e-05
1.83873e-05
1.8342e-05
1.82967e-05
1.8251e-05
1.82046e-05
1.81572e-05
1.81086e-05
1.80585e-05
1.80065e-05
1.79525e-05
1.78961e-05
1.78372e-05
1.77754e-05
1.77105e-05
1.76424e-05
1.75707e-05
1.74954e-05
1.74161e-05
1.73328e-05
1.72453e-05
1.71534e-05
1.7057e-05
1.6956e-05
1.68503e-05
1.67398e-05
1.66245e-05
1.65044e-05
1.63794e-05
1.62495e-05
1.61148e-05
1.59754e-05
1.58313e-05
1.56826e-05
1.55295e-05
1.5372e-05
1.52104e-05
1.50449e-05
1.48755e-05
1.47027e-05
1.45265e-05
1.43472e-05
1.41651e-05
1.39804e-05
1.37933e-05
1.36042e-05
1.34132e-05
1.32207e-05
1.30269e-05
1.2832e-05
1.26363e-05
1.244e-05
1.22434e-05
2.17253e-05
2.16344e-05
2.15462e-05
2.14602e-05
2.13763e-05
2.12941e-05
2.12133e-05
2.11339e-05
2.10558e-05
2.09788e-05
2.09031e-05
2.08286e-05
2.07555e-05
2.06838e-05
2.06137e-05
2.05453e-05
2.04786e-05
2.04138e-05
2.03509e-05
2.02899e-05
2.02308e-05
2.01736e-05
2.01181e-05
2.00643e-05
2.00119e-05
1.99607e-05
1.99105e-05
1.98611e-05
1.98122e-05
1.97634e-05
1.97146e-05
1.96653e-05
1.96153e-05
1.95642e-05
1.95118e-05
1.94578e-05
1.94018e-05
1.93436e-05
1.92829e-05
1.92193e-05
1.91528e-05
1.90829e-05
1.90094e-05
1.89322e-05
1.8851e-05
1.87656e-05
1.86758e-05
1.85815e-05
1.84825e-05
1.83786e-05
1.82697e-05
1.81558e-05
1.80368e-05
1.79126e-05
1.77831e-05
1.76484e-05
1.75085e-05
1.73633e-05
1.72131e-05
1.70578e-05
1.68976e-05
1.67326e-05
1.65629e-05
1.63888e-05
1.62104e-05
1.6028e-05
1.58417e-05
1.56518e-05
1.54587e-05
1.52624e-05
1.50634e-05
1.48618e-05
1.46581e-05
1.44523e-05
1.42449e-05
1.4036e-05
1.3826e-05
1.36152e-05
1.34036e-05
1.31917e-05
2.39624e-05
2.38621e-05
2.37647e-05
2.36698e-05
2.35772e-05
2.34864e-05
2.33973e-05
2.33097e-05
2.32235e-05
2.31386e-05
2.3055e-05
2.29729e-05
2.28922e-05
2.28131e-05
2.27358e-05
2.26602e-05
2.25867e-05
2.25152e-05
2.24458e-05
2.23785e-05
2.23133e-05
2.22502e-05
2.2189e-05
2.21296e-05
2.20718e-05
2.20154e-05
2.196e-05
2.19055e-05
2.18515e-05
2.17977e-05
2.17438e-05
2.16895e-05
2.16343e-05
2.1578e-05
2.15202e-05
2.14606e-05
2.13989e-05
2.13347e-05
2.12677e-05
2.11976e-05
2.11241e-05
2.1047e-05
2.0966e-05
2.08809e-05
2.07913e-05
2.06971e-05
2.05981e-05
2.0494e-05
2.03848e-05
2.02702e-05
2.01501e-05
2.00245e-05
1.98932e-05
1.97562e-05
1.96134e-05
1.94648e-05
1.93104e-05
1.91503e-05
1.89846e-05
1.88133e-05
1.86366e-05
1.84546e-05
1.82675e-05
1.80754e-05
1.78786e-05
1.76774e-05
1.7472e-05
1.72626e-05
1.70495e-05
1.6833e-05
1.66135e-05
1.63912e-05
1.61664e-05
1.59395e-05
1.57107e-05
1.54803e-05
1.52487e-05
1.50161e-05
1.47828e-05
1.45491e-05
2.73078e-05
2.71937e-05
2.70831e-05
2.69752e-05
2.68698e-05
2.67666e-05
2.66652e-05
2.65655e-05
2.64673e-05
2.63707e-05
2.62755e-05
2.61819e-05
2.609e-05
2.6e-05
2.59118e-05
2.58258e-05
2.5742e-05
2.56605e-05
2.55814e-05
2.55047e-05
2.54304e-05
2.53585e-05
2.52887e-05
2.5221e-05
2.51551e-05
2.50908e-05
2.50277e-05
2.49656e-05
2.4904e-05
2.48428e-05
2.47813e-05
2.47194e-05
2.46565e-05
2.45923e-05
2.45264e-05
2.44585e-05
2.43881e-05
2.43149e-05
2.42385e-05
2.41587e-05
2.40749e-05
2.39871e-05
2.38947e-05
2.37977e-05
2.36956e-05
2.35882e-05
2.34753e-05
2.33567e-05
2.32322e-05
2.31016e-05
2.29648e-05
2.28216e-05
2.26719e-05
2.25157e-05
2.23529e-05
2.21836e-05
2.20077e-05
2.18252e-05
2.16363e-05
2.14411e-05
2.12397e-05
2.10322e-05
2.08189e-05
2.06e-05
2.03758e-05
2.01464e-05
1.99122e-05
1.96736e-05
1.94307e-05
1.9184e-05
1.89338e-05
1.86804e-05
1.84242e-05
1.81656e-05
1.79048e-05
1.76423e-05
1.73783e-05
1.71132e-05
1.68473e-05
1.65809e-05
3.26813e-05
3.2546e-05
3.24146e-05
3.22865e-05
3.21611e-05
3.20381e-05
3.19173e-05
3.17984e-05
3.16813e-05
3.15659e-05
3.14522e-05
3.13404e-05
3.12306e-05
3.11229e-05
3.10175e-05
3.09146e-05
3.08143e-05
3.07168e-05
3.06222e-05
3.05304e-05
3.04415e-05
3.03554e-05
3.02719e-05
3.01909e-05
3.0112e-05
3.0035e-05
2.99595e-05
2.98851e-05
2.98114e-05
2.97381e-05
2.96645e-05
2.95903e-05
2.95151e-05
2.94382e-05
2.93594e-05
2.9278e-05
2.91938e-05
2.91061e-05
2.90147e-05
2.89191e-05
2.88188e-05
2.87136e-05
2.86031e-05
2.84869e-05
2.83646e-05
2.82361e-05
2.8101e-05
2.7959e-05
2.78099e-05
2.76536e-05
2.74897e-05
2.73183e-05
2.71391e-05
2.69521e-05
2.67572e-05
2.65545e-05
2.63438e-05
2.61254e-05
2.58993e-05
2.56655e-05
2.54244e-05
2.5176e-05
2.49206e-05
2.46586e-05
2.43901e-05
2.41155e-05
2.38351e-05
2.35494e-05
2.32587e-05
2.29633e-05
2.26638e-05
2.23604e-05
2.20537e-05
2.17441e-05
2.14319e-05
2.11176e-05
2.08016e-05
2.04842e-05
2.01659e-05
1.98469e-05
4.24231e-05
4.22508e-05
4.20829e-05
4.19187e-05
4.17579e-05
4.15999e-05
4.14443e-05
4.1291e-05
4.11399e-05
4.09908e-05
4.08439e-05
4.06992e-05
4.0557e-05
4.04174e-05
4.02808e-05
4.01474e-05
4.00174e-05
3.98909e-05
3.97681e-05
3.96491e-05
3.95337e-05
3.9422e-05
3.93136e-05
3.92084e-05
3.9106e-05
3.90059e-05
3.89079e-05
3.88113e-05
3.87157e-05
3.86204e-05
3.85249e-05
3.84285e-05
3.83308e-05
3.8231e-05
3.81286e-05
3.80229e-05
3.79135e-05
3.77997e-05
3.7681e-05
3.75568e-05
3.74266e-05
3.729e-05
3.71464e-05
3.69955e-05
3.68367e-05
3.66698e-05
3.64942e-05
3.63098e-05
3.61162e-05
3.59132e-05
3.57004e-05
3.54777e-05
3.5245e-05
3.50021e-05
3.4749e-05
3.44856e-05
3.4212e-05
3.39283e-05
3.36346e-05
3.3331e-05
3.30177e-05
3.26951e-05
3.23634e-05
3.2023e-05
3.16742e-05
3.13175e-05
3.09533e-05
3.05822e-05
3.02045e-05
2.98208e-05
2.94316e-05
2.90375e-05
2.86391e-05
2.82367e-05
2.78311e-05
2.74227e-05
2.70119e-05
2.65994e-05
2.61856e-05
2.57709e-05
5.29285e-13
2.57573e-13
2.05767e-13
1.5866e-13
1.34631e-13
1.15151e-13
1.01955e-13
9.28153e-14
8.6154e-14
8.07988e-14
7.64825e-14
7.30024e-14
7.01765e-14
6.7826e-14
6.58653e-14
6.43613e-14
6.32074e-14
6.24126e-14
6.19852e-14
6.19273e-14
6.21876e-14
6.26465e-14
6.32338e-14
6.39807e-14
6.49064e-14
6.59556e-14
6.71038e-14
6.82841e-14
6.948e-14
7.06409e-14
7.17038e-14
7.26625e-14
7.35155e-14
7.42521e-14
7.48865e-14
7.54753e-14
7.60121e-14
7.64295e-14
7.67392e-14
7.70051e-14
7.71409e-14
7.71746e-14
7.71992e-14
7.71938e-14
7.69197e-14
7.62544e-14
7.52162e-14
7.3758e-14
7.17776e-14
6.89524e-14
6.48844e-14
5.93285e-14
5.19605e-14
4.30017e-14
3.30732e-14
2.3217e-14
1.47288e-14
8.61719e-15
4.82189e-15
2.68438e-15
1.52913e-15
9.02686e-16
5.52563e-16
3.5014e-16
2.28954e-16
1.53747e-16
1.05428e-16
7.33289e-17
5.12243e-17
3.53748e-17
2.41858e-17
1.62399e-17
1.04447e-17
6.63088e-18
4.25526e-18
2.82552e-18
1.95568e-18
1.43651e-18
1.10695e-18
2.96592e-18
1.03278e-10
5.02688e-11
4.01571e-11
3.09612e-11
2.62677e-11
2.24606e-11
1.9883e-11
1.81003e-11
1.68016e-11
1.57574e-11
1.49158e-11
1.42372e-11
1.36863e-11
1.32281e-11
1.28459e-11
1.25528e-11
1.23279e-11
1.21732e-11
1.20901e-11
1.2079e-11
1.213e-11
1.22198e-11
1.23345e-11
1.24803e-11
1.26609e-11
1.28655e-11
1.30895e-11
1.33197e-11
1.35528e-11
1.37791e-11
1.39863e-11
1.41731e-11
1.43394e-11
1.44829e-11
1.46065e-11
1.47213e-11
1.4826e-11
1.49073e-11
1.49677e-11
1.50195e-11
1.5046e-11
1.50526e-11
1.50574e-11
1.50563e-11
1.50028e-11
1.48729e-11
1.46703e-11
1.43857e-11
1.39992e-11
1.34476e-11
1.26534e-11
1.15687e-11
1.01303e-11
8.38161e-12
6.4442e-12
4.52166e-12
2.86694e-12
1.67644e-12
9.37698e-13
5.21912e-13
2.97288e-13
1.75506e-13
1.07442e-13
6.80905e-14
4.45298e-14
2.99067e-14
2.05104e-14
1.4267e-14
9.96624e-15
6.88197e-15
4.70499e-15
3.15865e-15
2.03119e-15
1.29021e-15
8.29044e-16
5.51637e-16
3.82955e-16
2.82578e-16
2.27798e-16
5.9114e-16
2.85003e-09
1.38786e-09
1.10658e-09
8.49987e-10
7.15853e-10
6.05345e-10
5.31939e-10
4.83836e-10
4.49152e-10
4.21266e-10
3.9879e-10
3.80668e-10
3.65953e-10
3.53717e-10
3.43514e-10
3.35691e-10
3.29689e-10
3.25563e-10
3.23352e-10
3.23065e-10
3.24437e-10
3.26846e-10
3.29919e-10
3.33823e-10
3.38656e-10
3.44129e-10
3.50119e-10
3.56271e-10
3.62502e-10
3.68551e-10
3.74085e-10
3.79076e-10
3.83515e-10
3.87349e-10
3.9065e-10
3.93715e-10
3.9651e-10
3.98682e-10
4.00294e-10
4.01678e-10
4.02384e-10
4.02558e-10
4.02686e-10
4.02657e-10
4.01223e-10
3.97747e-10
3.92327e-10
3.84714e-10
3.7437e-10
3.59608e-10
3.38349e-10
3.09312e-10
2.70809e-10
2.2401e-10
1.72171e-10
1.20751e-10
7.65195e-11
4.47212e-11
2.50047e-11
1.39148e-11
7.92615e-12
4.6798e-12
2.86539e-12
1.81627e-12
1.18807e-12
7.9811e-13
5.47482e-13
3.80904e-13
2.66117e-13
1.83814e-13
1.25815e-13
8.47052e-14
5.47517e-14
3.50338e-14
2.2692e-14
1.5214e-14
1.06372e-14
7.91536e-15
6.69387e-15
1.65483e-14
2.79834e-08
1.36689e-08
1.08423e-08
8.32881e-09
7.06482e-09
6.03979e-09
5.34643e-09
4.86919e-09
4.52188e-09
4.24252e-09
4.01728e-09
3.83566e-09
3.68818e-09
3.56556e-09
3.46332e-09
3.38495e-09
3.32485e-09
3.28362e-09
3.26164e-09
3.25901e-09
3.27307e-09
3.29753e-09
3.32867e-09
3.36814e-09
3.41693e-09
3.47213e-09
3.5325e-09
3.59448e-09
3.65723e-09
3.71812e-09
3.7738e-09
3.82397e-09
3.86858e-09
3.90709e-09
3.94024e-09
3.97101e-09
3.99906e-09
4.02085e-09
4.03701e-09
4.0509e-09
4.05796e-09
4.05969e-09
4.06097e-09
4.06069e-09
4.04628e-09
4.01129e-09
3.95673e-09
3.8801e-09
3.77595e-09
3.62722e-09
3.41294e-09
3.12013e-09
2.73174e-09
2.25956e-09
1.73646e-09
1.21757e-09
7.71321e-10
4.50653e-10
2.51927e-10
1.40202e-10
7.98831e-11
4.71841e-11
2.89042e-11
1.83315e-11
1.19984e-11
8.06544e-12
5.53648e-12
3.85464e-12
2.69473e-12
1.86236e-12
1.27547e-12
8.5904e-13
5.55498e-13
3.55975e-13
2.31206e-13
1.55644e-13
1.09432e-13
8.22093e-14
7.2965e-14
1.71471e-13
1.50208e-07
7.60061e-08
6.11462e-08
4.74665e-08
4.05626e-08
3.49779e-08
3.11466e-08
2.84198e-08
2.6423e-08
2.48146e-08
2.35166e-08
2.24695e-08
2.16188e-08
2.09116e-08
2.03218e-08
1.98698e-08
1.95239e-08
1.92874e-08
1.91629e-08
1.91509e-08
1.92362e-08
1.93821e-08
1.95665e-08
1.9799e-08
2.00857e-08
2.04094e-08
2.07629e-08
2.11256e-08
2.14923e-08
2.18479e-08
2.21726e-08
2.24649e-08
2.27243e-08
2.29481e-08
2.31406e-08
2.3319e-08
2.34816e-08
2.36078e-08
2.37013e-08
2.37819e-08
2.38228e-08
2.38327e-08
2.38403e-08
2.38393e-08
2.37564e-08
2.35532e-08
2.3236e-08
2.27901e-08
2.21836e-08
2.13164e-08
2.00645e-08
1.83516e-08
1.60756e-08
1.33046e-08
1.02303e-08
7.1767e-09
4.54789e-09
2.65788e-09
1.48633e-09
8.27618e-10
4.71907e-10
2.78996e-10
1.71087e-10
1.08631e-10
7.11919e-11
4.79216e-11
3.29435e-11
2.29712e-11
1.60835e-11
1.11318e-11
7.63418e-12
5.1447e-12
3.32582e-12
2.13187e-12
1.38701e-12
9.37154e-13
6.62891e-13
5.03785e-13
4.68757e-13
1.04837e-12
5.3391e-07
2.91763e-07
2.39402e-07
1.88684e-07
1.62774e-07
1.41689e-07
1.27013e-07
1.16285e-07
1.08383e-07
1.01996e-07
9.68301e-08
9.26568e-08
8.92615e-08
8.64378e-08
8.40807e-08
8.22757e-08
8.08977e-08
7.99613e-08
7.94782e-08
7.94524e-08
7.98216e-08
8.04371e-08
8.12064e-08
8.21691e-08
8.33508e-08
8.46807e-08
8.61303e-08
8.76148e-08
8.91126e-08
9.05631e-08
9.18844e-08
9.30706e-08
9.41214e-08
9.50271e-08
9.58039e-08
9.65234e-08
9.71791e-08
9.76877e-08
9.80644e-08
9.83911e-08
9.85569e-08
9.85976e-08
9.86327e-08
9.86383e-08
9.83131e-08
9.74975e-08
9.62202e-08
9.44206e-08
9.19687e-08
8.8451e-08
8.33509e-08
7.63447e-08
6.69927e-08
5.55557e-08
4.28088e-08
3.0092e-08
1.91023e-08
1.11794e-08
6.25938e-09
3.4897e-09
1.9926e-09
1.17989e-09
7.2478e-10
4.61062e-10
3.02786e-10
2.04274e-10
1.40767e-10
9.84113e-11
6.90934e-11
4.79552e-11
3.29806e-11
2.22689e-11
1.44035e-11
9.24002e-12
6.02472e-12
4.08911e-12
2.91398e-12
2.24658e-12
2.18816e-12
4.67754e-12
1.36778e-06
8.40916e-07
7.09499e-07
5.72574e-07
5.0082e-07
4.41412e-07
3.99269e-07
3.67655e-07
3.44186e-07
3.25089e-07
3.09565e-07
2.96979e-07
2.86709e-07
2.78157e-07
2.70999e-07
2.65519e-07
2.61345e-07
2.5853e-07
2.57116e-07
2.57123e-07
2.58357e-07
2.60355e-07
2.6282e-07
2.65875e-07
2.69606e-07
2.73788e-07
2.78333e-07
2.82972e-07
2.87642e-07
2.92156e-07
2.96254e-07
2.9992e-07
3.03163e-07
3.05951e-07
3.08336e-07
3.10546e-07
3.12564e-07
3.14135e-07
3.15302e-07
3.16323e-07
3.16851e-07
3.16998e-07
3.17148e-07
3.17239e-07
3.16314e-07
3.13869e-07
3.10008e-07
3.04538e-07
2.97059e-07
2.86249e-07
2.70433e-07
2.48516e-07
2.18959e-07
1.82437e-07
1.41293e-07
9.9817e-08
6.3637e-08
3.73684e-08
2.09759e-08
1.1719e-08
6.70477e-09
3.9783e-09
2.44911e-09
1.56165e-09
1.02824e-09
6.95683e-10
4.80903e-10
3.37366e-10
2.3776e-10
1.65671e-10
1.14401e-10
7.74846e-11
5.01806e-11
3.22383e-11
2.10819e-11
1.439e-11
1.0349e-11
8.12041e-12
8.26758e-12
1.70131e-11
2.70081e-06
1.91261e-06
1.67151e-06
1.3946e-06
1.24353e-06
1.11459e-06
1.0207e-06
9.48242e-07
8.9381e-07
8.48997e-07
8.12252e-07
7.82257e-07
7.57648e-07
7.37084e-07
7.19781e-07
7.06526e-07
6.96446e-07
6.89688e-07
6.86391e-07
6.86629e-07
6.89917e-07
6.95094e-07
7.01388e-07
7.09125e-07
7.18521e-07
7.29015e-07
7.40369e-07
7.51908e-07
7.63497e-07
7.74679e-07
7.84787e-07
7.93808e-07
8.01789e-07
8.08636e-07
8.14487e-07
8.19926e-07
8.24943e-07
8.28891e-07
8.31858e-07
8.34496e-07
8.3595e-07
8.36506e-07
8.37147e-07
8.37764e-07
8.35912e-07
8.30355e-07
8.21382e-07
8.0851e-07
7.90757e-07
7.64711e-07
7.25923e-07
6.7124e-07
5.96022e-07
5.01173e-07
3.92063e-07
2.7977e-07
1.79939e-07
1.06375e-07
5.9989e-08
3.36234e-08
1.92852e-08
1.1469e-08
7.07633e-09
4.52282e-09
2.98577e-09
2.026e-09
1.40511e-09
9.89435e-10
7.00286e-10
4.90083e-10
3.39899e-10
2.30968e-10
1.49736e-10
9.63345e-11
6.31998e-11
4.34219e-11
3.15713e-11
2.53064e-11
2.69052e-11
5.37994e-11
4.43503e-06
3.58334e-06
3.24868e-06
2.81757e-06
2.57067e-06
2.35101e-06
2.186e-06
2.05456e-06
1.95427e-06
1.8703e-06
1.80058e-06
1.74308e-06
1.69555e-06
1.65553e-06
1.62159e-06
1.59559e-06
1.57579e-06
1.56257e-06
1.55631e-06
1.55722e-06
1.56433e-06
1.57519e-06
1.58822e-06
1.60412e-06
1.62335e-06
1.64477e-06
1.66782e-06
1.69112e-06
1.7145e-06
1.73706e-06
1.75739e-06
1.77554e-06
1.79168e-06
1.80557e-06
1.81747e-06
1.82868e-06
1.83922e-06
1.84774e-06
1.85432e-06
1.86036e-06
1.86415e-06
1.86627e-06
1.86881e-06
1.87167e-06
1.86975e-06
1.86064e-06
1.84497e-06
1.82179e-06
1.78917e-06
1.7399e-06
1.66398e-06
1.55361e-06
1.3966e-06
1.19185e-06
9.48101e-07
6.88381e-07
4.4975e-07
2.69121e-07
1.52997e-07
8.61799e-08
4.95864e-08
2.95583e-08
1.82727e-08
1.17015e-08
7.7411e-09
5.26548e-09
3.66237e-09
2.58793e-09
1.83915e-09
1.29213e-09
8.99454e-10
6.12723e-10
3.97152e-10
2.55658e-10
1.68211e-10
1.1642e-10
8.5783e-11
7.05832e-11
7.83488e-11
1.53972e-10
6.51471e-06
5.79412e-06
5.41985e-06
4.87864e-06
4.55371e-06
4.25044e-06
4.01529e-06
3.82179e-06
3.67155e-06
3.54313e-06
3.43485e-06
3.34441e-06
3.26905e-06
3.20486e-06
3.14985e-06
3.10777e-06
3.07562e-06
3.05422e-06
3.04442e-06
3.04673e-06
3.05952e-06
3.07836e-06
3.10074e-06
3.12792e-06
3.1607e-06
3.19714e-06
3.23621e-06
3.2755e-06
3.31509e-06
3.35344e-06
3.38802e-06
3.41919e-06
3.4473e-06
3.4718e-06
3.49312e-06
3.51369e-06
3.53365e-06
3.55051e-06
3.56418e-06
3.57732e-06
3.58707e-06
3.59435e-06
3.60296e-06
3.61304e-06
3.61571e-06
3.60719e-06
3.58848e-06
3.55819e-06
3.51336e-06
3.44115e-06
3.32226e-06
3.14013e-06
2.86735e-06
2.49459e-06
2.02987e-06
1.51073e-06
1.01071e-06
6.16475e-07
3.54993e-07
2.01445e-07
1.16369e-07
6.95195e-08
4.30303e-08
2.75829e-08
1.82667e-08
1.24424e-08
8.67157e-09
6.14437e-09
4.38202e-09
3.08765e-09
2.1547e-09
1.47013e-09
9.51194e-10
6.12051e-10
4.03887e-10
2.82194e-10
2.11747e-10
1.80134e-10
2.09049e-10
4.09448e-10
9.0489e-06
8.46303e-06
8.08742e-06
7.50765e-06
7.14633e-06
6.79107e-06
6.50775e-06
6.26686e-06
6.07632e-06
5.90935e-06
5.76604e-06
5.64456e-06
5.54264e-06
5.4544e-06
5.37791e-06
5.31974e-06
5.27504e-06
5.24544e-06
5.23253e-06
5.23728e-06
5.25752e-06
5.28605e-06
5.31956e-06
5.3602e-06
5.40926e-06
5.46378e-06
5.5222e-06
5.58093e-06
5.64069e-06
5.69924e-06
5.75263e-06
5.80183e-06
5.84735e-06
5.88815e-06
5.92478e-06
5.9613e-06
5.998e-06
6.03066e-06
6.0588e-06
6.08716e-06
6.11133e-06
6.13255e-06
6.1571e-06
6.18592e-06
6.20557e-06
6.21072e-06
6.20275e-06
6.18035e-06
6.13989e-06
6.06136e-06
5.91108e-06
5.6582e-06
5.24967e-06
4.65817e-06
3.88189e-06
2.96926e-06
2.00546e-06
1.23134e-06
7.10479e-07
4.01698e-07
2.30339e-07
1.36439e-07
8.38284e-08
5.351e-08
3.54565e-08
2.43285e-08
1.72308e-08
1.25421e-08
9.31495e-09
6.62158e-09
4.63155e-09
3.16796e-09
2.04571e-09
1.31709e-09
8.74225e-10
6.20603e-10
4.78877e-10
4.25644e-10
5.18536e-10
1.03163e-09
1.22756e-05
1.16082e-05
1.1193e-05
1.06254e-05
1.02677e-05
9.89898e-06
9.59895e-06
9.33542e-06
9.12218e-06
8.92917e-06
8.75974e-06
8.6134e-06
8.49005e-06
8.38105e-06
8.28523e-06
8.21334e-06
8.15771e-06
8.12135e-06
8.10698e-06
8.11599e-06
8.14626e-06
8.18695e-06
8.23406e-06
8.29114e-06
8.3604e-06
8.43741e-06
8.52039e-06
8.60446e-06
8.69139e-06
8.77826e-06
8.85944e-06
8.93681e-06
9.01077e-06
9.07965e-06
9.14408e-06
9.21022e-06
9.2784e-06
9.34193e-06
9.39993e-06
9.4602e-06
9.51613e-06
9.56927e-06
9.62984e-06
9.70071e-06
9.76286e-06
9.80869e-06
9.84015e-06
9.85729e-06
9.85695e-06
9.81015e-06
9.66002e-06
9.35235e-06
8.63324e-06
7.53243e-06
6.12598e-06
4.55555e-06
3.06134e-06
1.87722e-06
1.08123e-06
6.09171e-07
3.47526e-07
2.04645e-07
1.2494e-07
7.92541e-08
5.22072e-08
3.56366e-08
2.51334e-08
1.82436e-08
1.35525e-08
1.0211e-08
7.79172e-09
5.94432e-09
3.85357e-09
2.50134e-09
1.6861e-09
1.23316e-09
9.94067e-10
9.35936e-10
1.21306e-09
2.51327e-09
1.64059e-05
1.54164e-05
1.4805e-05
1.42335e-05
1.38887e-05
1.3532e-05
1.32433e-05
1.29835e-05
1.27596e-05
1.25454e-05
1.23545e-05
1.21875e-05
1.20476e-05
1.19223e-05
1.18107e-05
1.17292e-05
1.16663e-05
1.16278e-05
1.16172e-05
1.16364e-05
1.16848e-05
1.17477e-05
1.1819e-05
1.19055e-05
1.20044e-05
1.2114e-05
1.22335e-05
1.23566e-05
1.24863e-05
1.26191e-05
1.27474e-05
1.2874e-05
1.29989e-05
1.31194e-05
1.32365e-05
1.33588e-05
1.34864e-05
1.36093e-05
1.37265e-05
1.38504e-05
1.39704e-05
1.40887e-05
1.42231e-05
1.43816e-05
1.45352e-05
1.46712e-05
1.47935e-05
1.49064e-05
1.50123e-05
1.49752e-05
1.46131e-05
1.38711e-05
1.26216e-05
1.0861e-05
8.70242e-06
6.38301e-06
4.25458e-06
2.59445e-06
1.48645e-06
8.32086e-07
4.71114e-07
2.75232e-07
1.66687e-07
1.04926e-07
6.8636e-08
4.65709e-08
3.26935e-08
2.36695e-08
1.75974e-08
1.33568e-08
1.02896e-08
7.97625e-09
6.08027e-09
4.10057e-09
2.60804e-09
1.88464e-09
1.68963e-09
1.82165e-09
2.35257e-09
3.11783e-09
2.14891e-05
2.02455e-05
1.91668e-05
1.84809e-05
1.80966e-05
1.77392e-05
1.74696e-05
1.7232e-05
1.70274e-05
1.68227e-05
1.66298e-05
1.64535e-05
1.63049e-05
1.61677e-05
1.60425e-05
1.59545e-05
1.58866e-05
1.58485e-05
1.58453e-05
1.58793e-05
1.59519e-05
1.60422e-05
1.61419e-05
1.62616e-05
1.64087e-05
1.65724e-05
1.67536e-05
1.69442e-05
1.71481e-05
1.73615e-05
1.75746e-05
1.77906e-05
1.80081e-05
1.82236e-05
1.84388e-05
1.86649e-05
1.8902e-05
1.91357e-05
1.93659e-05
1.9613e-05
1.98561e-05
2.0099e-05
2.03803e-05
2.07257e-05
2.10334e-05
2.12435e-05
2.14101e-05
2.15159e-05
2.15051e-05
2.12339e-05
2.05033e-05
1.91627e-05
1.71368e-05
1.44744e-05
1.14013e-05
8.209e-06
5.39144e-06
3.2489e-06
1.842e-06
1.02071e-06
5.72301e-07
3.31273e-07
1.98934e-07
1.24318e-07
8.08553e-08
5.46485e-08
3.8298e-08
2.7749e-08
2.07007e-08
1.58035e-08
1.22045e-08
9.2057e-09
5.53165e-09
3.84436e-09
3.0869e-09
2.79927e-09
2.84602e-09
3.26095e-09
4.33764e-09
4.85849e-09
2.75303e-05
2.65554e-05
2.46877e-05
2.36952e-05
2.31367e-05
2.26997e-05
2.24131e-05
2.21919e-05
2.20005e-05
2.18005e-05
2.16052e-05
2.14215e-05
2.1269e-05
2.11263e-05
2.09937e-05
2.09077e-05
2.08448e-05
2.0821e-05
2.08422e-05
2.09115e-05
2.1034e-05
2.11826e-05
2.13434e-05
2.15346e-05
2.17677e-05
2.20272e-05
2.23182e-05
2.26299e-05
2.29662e-05
2.33239e-05
2.369e-05
2.40669e-05
2.44505e-05
2.48365e-05
2.52289e-05
2.56425e-05
2.60799e-05
2.65191e-05
2.69668e-05
2.7466e-05
2.78922e-05
2.82577e-05
2.86671e-05
2.91188e-05
2.95114e-05
2.9798e-05
2.99725e-05
2.99794e-05
2.9699e-05
2.89382e-05
2.74622e-05
2.51132e-05
2.18937e-05
1.79712e-05
1.37348e-05
9.64924e-06
6.20088e-06
3.66449e-06
2.04352e-06
1.11675e-06
6.18916e-07
3.54906e-07
2.11618e-07
1.31649e-07
8.54772e-08
5.78391e-08
4.06853e-08
2.96398e-08
2.2227e-08
1.70392e-08
1.13304e-08
8.07493e-09
6.17447e-09
5.14462e-09
4.64259e-09
4.58786e-09
5.02997e-09
6.09189e-09
8.00185e-09
6.87536e-09
3.46438e-05
3.47841e-05
3.18689e-05
3.03576e-05
2.94115e-05
2.87267e-05
2.83124e-05
2.80504e-05
2.78461e-05
2.76412e-05
2.74431e-05
2.72577e-05
2.71116e-05
2.69765e-05
2.68521e-05
2.67875e-05
2.6753e-05
2.6772e-05
2.68497e-05
2.69912e-05
2.72077e-05
2.7464e-05
2.77392e-05
2.8062e-05
2.84496e-05
2.88817e-05
2.93699e-05
2.98985e-05
3.04708e-05
3.10851e-05
3.17239e-05
3.23854e-05
3.30608e-05
3.37457e-05
3.4453e-05
3.52088e-05
3.60355e-05
3.67615e-05
3.73825e-05
3.80163e-05
3.85827e-05
3.91081e-05
3.96526e-05
4.01827e-05
4.05869e-05
4.08039e-05
4.07671e-05
4.03545e-05
3.93726e-05
3.7584e-05
3.47686e-05
3.08674e-05
2.60394e-05
2.06332e-05
1.52213e-05
1.03313e-05
6.43295e-06
3.69525e-06
2.01473e-06
1.08203e-06
5.92618e-07
3.37253e-07
2.005e-07
1.24922e-07
8.15695e-08
5.56947e-08
3.96066e-08
2.91795e-08
2.09543e-08
1.5333e-08
1.18757e-08
9.69557e-09
8.33256e-09
7.67701e-09
7.59143e-09
8.16239e-09
9.66577e-09
1.1943e-08
1.2997e-08
8.59518e-09
4.30238e-05
4.52568e-05
4.11739e-05
3.90282e-05
3.74674e-05
3.63065e-05
3.557e-05
3.51409e-05
3.48519e-05
3.46041e-05
3.43883e-05
3.42027e-05
3.40788e-05
3.39769e-05
3.38929e-05
3.38896e-05
3.39297e-05
3.4044e-05
3.4236e-05
3.45171e-05
3.4907e-05
3.53603e-05
3.58493e-05
3.6414e-05
3.70785e-05
3.78209e-05
3.86624e-05
3.95764e-05
4.05647e-05
4.1629e-05
4.27454e-05
4.39021e-05
4.50811e-05
4.627e-05
4.72962e-05
4.83604e-05
4.94249e-05
5.03761e-05
5.12025e-05
5.19739e-05
5.26534e-05
5.32688e-05
5.38283e-05
5.42479e-05
5.4395e-05
5.4167e-05
5.34233e-05
5.19664e-05
4.95605e-05
4.59947e-05
4.11688e-05
3.52453e-05
2.86005e-05
2.17972e-05
1.54482e-05
1.00831e-05
6.01752e-06
3.32312e-06
1.75704e-06
9.25815e-07
5.02612e-07
2.85708e-07
1.7091e-07
1.07853e-07
7.17406e-08
5.01329e-08
3.64717e-08
2.69026e-08
2.10852e-08
1.73198e-08
1.49035e-08
1.35096e-08
1.29036e-08
1.30672e-08
1.40874e-08
1.63854e-08
2.02259e-08
2.17789e-08
1.63576e-08
1.00889e-08
5.2947e-05
5.8146e-05
5.29483e-05
5.02291e-05
4.79075e-05
4.60382e-05
4.47418e-05
4.39663e-05
4.3475e-05
4.3117e-05
4.28522e-05
4.26641e-05
4.25857e-05
4.25552e-05
4.25626e-05
4.26871e-05
4.28801e-05
4.31805e-05
4.35897e-05
4.41319e-05
4.48378e-05
4.56504e-05
4.65356e-05
4.75412e-05
4.86995e-05
4.99951e-05
5.1463e-05
5.30538e-05
5.47649e-05
5.65518e-05
5.81804e-05
5.97977e-05
6.13651e-05
6.28723e-05
6.43256e-05
6.57663e-05
6.70943e-05
6.82339e-05
6.91731e-05
6.99544e-05
7.05754e-05
7.10365e-05
7.12713e-05
7.11311e-05
7.04487e-05
6.90675e-05
6.67845e-05
6.33748e-05
5.86632e-05
5.25965e-05
4.53169e-05
3.73038e-05
2.90882e-05
2.13093e-05
1.4423e-05
8.9253e-06
5.04021e-06
2.65263e-06
1.35806e-06
7.05815e-07
3.83726e-07
2.21106e-07
1.3561e-07
8.86997e-08
6.18213e-08
4.55292e-08
3.56436e-08
2.9504e-08
2.57679e-08
2.36648e-08
2.27688e-08
2.29018e-08
2.4058e-08
2.64344e-08
3.02932e-08
3.56118e-08
3.78407e-08
2.92467e-08
1.76346e-08
1.17367e-08
6.48623e-05
7.33774e-05
6.74089e-05
6.43563e-05
6.12769e-05
5.85785e-05
5.64895e-05
5.51505e-05
5.43098e-05
5.37556e-05
5.34047e-05
5.32228e-05
5.32393e-05
5.33544e-05
5.35504e-05
5.39275e-05
5.4417e-05
5.50639e-05
5.5872e-05
5.68923e-05
5.81698e-05
5.96347e-05
6.12428e-05
6.30413e-05
6.50128e-05
6.69612e-05
6.91058e-05
7.13795e-05
7.37472e-05
7.61468e-05
7.84825e-05
8.07318e-05
8.28329e-05
8.47813e-05
8.66536e-05
8.83753e-05
8.98157e-05
9.09331e-05
9.17113e-05
9.21686e-05
9.23103e-05
9.20723e-05
9.13005e-05
8.97876e-05
8.73409e-05
8.37803e-05
7.8915e-05
7.2613e-05
6.49201e-05
5.60612e-05
4.6532e-05
3.6903e-05
2.76654e-05
1.9311e-05
1.23383e-05
7.14498e-06
3.77771e-06
1.89302e-06
9.4758e-07
4.9415e-07
2.75401e-07
1.65858e-07
1.08435e-07
7.70644e-08
5.94046e-08
4.9399e-08
4.39312e-08
4.137e-08
4.08762e-08
4.20228e-08
4.46667e-08
4.88782e-08
5.47407e-08
6.12756e-08
6.45824e-08
6.01194e-08
4.71777e-08
3.00598e-08
1.87176e-08
1.37087e-08
7.94676e-05
9.12777e-05
8.44518e-05
8.15268e-05
7.79795e-05
7.45122e-05
7.1541e-05
6.94282e-05
6.81082e-05
6.72946e-05
6.68557e-05
6.67505e-05
6.6991e-05
6.74157e-05
6.79984e-05
6.88793e-05
6.99344e-05
7.11989e-05
7.27035e-05
7.45716e-05
7.67293e-05
7.87736e-05
8.09933e-05
8.34324e-05
8.60881e-05
8.89373e-05
9.20128e-05
9.52185e-05
9.8481e-05
0.000101724
0.000104895
0.000107854
0.000110514
0.000112868
0.000114976
0.000116683
0.00011786
0.000118495
0.000118559
0.000118039
0.000116915
0.000115039
0.000112194
0.000108162
0.000102785
9.59622e-05
8.76463e-05
7.79592e-05
6.73166e-05
5.61771e-05
4.51089e-05
3.4434e-05
2.46418e-05
1.62422e-05
9.68074e-06
5.18854e-06
2.56521e-06
1.24126e-06
6.23698e-07
3.3838e-07
2.02687e-07
1.35401e-07
1.01056e-07
8.37125e-08
7.58656e-08
7.37984e-08
7.56148e-08
8.04242e-08
8.78846e-08
9.76208e-08
1.08737e-07
1.19259e-07
1.23289e-07
1.1133e-07
8.84455e-08
6.66539e-08
4.69637e-08
2.88373e-08
2.05413e-08
1.59568e-08
9.70726e-05
0.000112129
0.000104518
0.000101702
9.78705e-05
9.42602e-05
9.05912e-05
8.76689e-05
8.58418e-05
8.48255e-05
8.44409e-05
8.47075e-05
8.55672e-05
8.66964e-05
8.8078e-05
8.99825e-05
9.1684e-05
9.32768e-05
9.51923e-05
9.75718e-05
0.000100277
0.000103115
0.000106169
0.000109491
0.000113111
0.000117074
0.000121288
0.000125611
0.000129923
0.000134125
0.000138127
0.000141714
0.000144764
0.000147244
0.000149141
0.000150256
0.00015049
0.00014985
0.000148292
0.000145768
0.000142221
0.000137448
0.000131263
0.000123526
0.000114227
0.0001035
9.15739e-05
7.89915e-05
6.62164e-05
5.36435e-05
4.15744e-05
3.04219e-05
2.06702e-05
1.27614e-05
7.02369e-06
3.4748e-06
1.63436e-06
7.92921e-07
4.2286e-07
2.57227e-07
1.81416e-07
1.4765e-07
1.35727e-07
1.36689e-07
1.45938e-07
1.60591e-07
1.79043e-07
1.99624e-07
2.1707e-07
2.23619e-07
2.16644e-07
1.96356e-07
1.61577e-07
1.21486e-07
8.94388e-08
6.52829e-08
4.46483e-08
2.80516e-08
2.33505e-08
1.85191e-08
0.000117907
0.000136232
0.000128019
0.000125352
0.000121341
0.000117669
0.000114156
0.000111104
0.000109047
0.000108266
0.000108488
0.00011004
0.000111684
0.000113202
0.000114825
0.000116797
0.000118674
0.000120753
0.00012325
0.000126308
0.000129736
0.000133477
0.000137498
0.000141879
0.000146673
0.000151908
0.000157394
0.00016292
0.000168307
0.000173402
0.000178027
0.000181922
0.000184916
0.000186913
0.000187814
0.000187418
0.000185679
0.000182627
0.000178217
0.000172385
0.000165083
0.000156141
0.000145561
0.000133385
0.000119894
0.000105616
9.10217e-05
7.66065e-05
6.25177e-05
4.9067e-05
3.66557e-05
2.56952e-05
1.65439e-05
9.52347e-06
4.83048e-06
2.24019e-06
1.05352e-06
5.59986e-07
3.58232e-07
2.78771e-07
2.55654e-07
2.63188e-07
2.78693e-07
3.03063e-07
3.43767e-07
3.7015e-07
3.73474e-07
3.55895e-07
3.21542e-07
2.82515e-07
2.43699e-07
2.01899e-07
1.56528e-07
1.16409e-07
8.67452e-08
6.29391e-08
4.21247e-08
2.7894e-08
2.75209e-08
2.17957e-08
0.000143114
0.000163936
0.00015537
0.000152926
0.00014895
0.00014548
0.000142335
0.00013989
0.000138568
0.000138597
0.000139569
0.000141437
0.000143426
0.00014537
0.000147252
0.000149396
0.000151536
0.000154164
0.00015728
0.000161012
0.00016519
0.000169852
0.00017492
0.000180496
0.000186625
0.000193233
0.000200031
0.000206703
0.000212999
0.000218673
0.000223431
0.000226998
0.000229134
0.000229656
0.000228413
0.000225262
0.000220234
0.000213412
0.000204794
0.00019437
0.000182216
0.000168302
0.00015301
0.000136624
0.000119931
0.000103377
8.72817e-05
7.1685e-05
5.69095e-05
4.33576e-05
3.1376e-05
2.1203e-05
1.3014e-05
6.99444e-06
3.30624e-06
1.52475e-06
7.8195e-07
4.90274e-07
4.04671e-07
3.97471e-07
4.26046e-07
4.76188e-07
5.48449e-07
5.58793e-07
5.1876e-07
4.74779e-07
4.24712e-07
3.72869e-07
3.2393e-07
2.79388e-07
2.36384e-07
1.91764e-07
1.47577e-07
1.11749e-07
8.37919e-08
5.99741e-08
3.98152e-08
2.86499e-08
3.39429e-08
2.61687e-08
0.000173866
0.000195638
0.000187018
0.000184882
0.000181218
0.000178315
0.000175895
0.000174386
0.000174069
0.000175077
0.000176842
0.000179047
0.000181245
0.000183466
0.000185462
0.000187714
0.000190076
0.000193108
0.000196706
0.000200995
0.000205899
0.000211521
0.000217755
0.000224692
0.000232283
0.000240291
0.000248295
0.000255836
0.000262589
0.000268195
0.000272239
0.000274457
0.000274541
0.00027223
0.00026741
0.000260073
0.000250365
0.000238485
0.000224549
0.000208718
0.000191337
0.000172635
0.000153498
0.000134436
0.000116009
9.81864e-05
8.11154e-05
6.50877e-05
5.05374e-05
3.775e-05
2.68519e-05
1.78258e-05
1.05895e-05
5.32079e-06
1.76412e-06
7.98075e-07
5.67047e-07
5.45054e-07
5.98017e-07
6.83923e-07
7.88582e-07
7.19776e-07
6.49605e-07
5.86678e-07
5.28305e-07
4.71109e-07
4.16176e-07
3.63799e-07
3.15463e-07
2.70434e-07
2.26637e-07
1.81563e-07
1.40497e-07
1.07719e-07
8.01246e-08
5.62791e-08
3.86324e-08
3.0747e-08
4.29256e-08
3.14887e-08
0.000210975
0.000231848
0.000223488
0.000221747
0.000218675
0.000216708
0.000215379
0.00021515
0.000216098
0.000218106
0.000220464
0.000222759
0.000224819
0.000226958
0.000228783
0.000230855
0.000233223
0.000236419
0.000240346
0.000245155
0.000250887
0.000257661
0.000265285
0.000273765
0.000282849
0.000292093
0.00030092
0.000308693
0.000315045
0.000319516
0.0003216
0.000321063
0.000317557
0.000310841
0.000300938
0.000288084
0.000272571
0.000254838
0.000235168
0.000214075
0.000192204
0.000170369
0.000149126
0.000128846
0.000109329
9.07832e-05
7.36125e-05
5.82107e-05
4.4846e-05
3.35647e-05
2.42021e-05
1.6243e-05
6.72195e-06
1.94807e-06
8.75166e-07
7.18266e-07
7.7581e-07
9.0415e-07
9.63896e-07
8.6698e-07
7.85154e-07
7.10565e-07
6.42495e-07
5.78585e-07
5.18391e-07
4.61645e-07
4.06366e-07
3.54408e-07
3.06387e-07
2.61817e-07
2.16592e-07
1.72483e-07
1.34802e-07
1.03206e-07
7.55452e-08
5.29239e-08
3.92589e-08
3.39361e-08
5.38073e-08
3.75456e-08
0.000253646
0.000273319
0.0002655
0.000264253
0.000262038
0.000261327
0.000261379
0.000262619
0.00026481
0.000267461
0.000269848
0.000271678
0.000273111
0.000274624
0.000275877
0.000277478
0.000279699
0.000282982
0.000287305
0.000292844
0.000299725
0.000307982
0.000317216
0.000327273
0.000337584
0.000347493
0.000356289
0.000363173
0.000367781
0.000369612
0.000368137
0.000363167
0.000354406
0.000341798
0.000325589
0.000306386
0.000284614
0.000261148
0.000236424
0.00021165
0.000187292
0.000164114
0.000141859
0.000120683
0.000100732
8.25052e-05
6.64246e-05
5.2714e-05
4.1416e-05
3.2334e-05
2.4514e-05
8.66913e-06
2.25344e-06
1.05379e-06
9.69561e-07
1.11392e-06
1.1967e-06
1.05822e-06
9.405e-07
8.53413e-07
7.74339e-07
7.01395e-07
6.31746e-07
5.68952e-07
5.1007e-07
4.51709e-07
3.96166e-07
3.44885e-07
2.98477e-07
2.52248e-07
2.06354e-07
1.64793e-07
1.29384e-07
9.77624e-08
7.07674e-08
5.11529e-08
4.14312e-08
3.7956e-08
6.80246e-08
4.47797e-08
0.000300798
0.000321059
0.000313996
0.000313384
0.000312263
0.000312978
0.000314432
0.00031688
0.000319691
0.000322119
0.000323664
0.000324329
0.000324618
0.000325096
0.000325588
0.000326721
0.000328957
0.000332582
0.000337676
0.000344389
0.000352833
0.000362823
0.0003736
0.000384812
0.000395519
0.000404907
0.000412199
0.00041656
0.000417669
0.000415054
0.000408282
0.00039723
0.000381797
0.000362279
0.000339212
0.000313702
0.000286314
0.000258561
0.000231013
0.000204577
0.000179279
0.00015515
0.000132244
0.000110988
9.18416e-05
7.52569e-05
6.14594e-05
5.05441e-05
4.23789e-05
3.54267e-05
1.17407e-05
2.79512e-06
1.35018e-06
1.33937e-06
1.45358e-06
1.31407e-06
1.17008e-06
1.03095e-06
9.3523e-07
8.45876e-07
7.65086e-07
6.8774e-07
6.23059e-07
5.61611e-07
4.99884e-07
4.4033e-07
3.86003e-07
3.37366e-07
2.89112e-07
2.41358e-07
1.96908e-07
1.58136e-07
1.2323e-07
9.18051e-08
6.70171e-08
5.10984e-08
4.50398e-08
4.3594e-08
8.86547e-08
5.30905e-08
0.000355156
0.000376265
0.000370108
0.000370162
0.000370163
0.000372041
0.000374318
0.000377032
0.000379287
0.000380418
0.000380304
0.000379348
0.000378311
0.000377776
0.000377748
0.000378839
0.000381607
0.000386135
0.000392567
0.000400905
0.0004111
0.000422608
0.000434218
0.000445378
0.000454883
0.000461894
0.000465682
0.000465573
0.000461296
0.000452469
0.000438852
0.00042046
0.000397572
0.000370973
0.000341598
0.000311068
0.00028044
0.000250649
0.000222146
0.000194736
0.000168627
0.000144083
0.000121593
0.000101712
8.48472e-05
7.12501e-05
6.1145e-05
5.45427e-05
4.80763e-05
1.6051e-05
3.65667e-06
1.75947e-06
1.66148e-06
1.53937e-06
1.42293e-06
1.2896e-06
1.13823e-06
1.03457e-06
9.28245e-07
8.3484e-07
7.47043e-07
6.81315e-07
6.16425e-07
5.50941e-07
4.86723e-07
4.29791e-07
3.78761e-07
3.27766e-07
2.77589e-07
2.3063e-07
1.88927e-07
1.51244e-07
1.16179e-07
8.64505e-08
6.47616e-08
5.30319e-08
5.09094e-08
5.17215e-08
1.13331e-07
6.09698e-08
0.000423103
0.000439959
0.000434764
0.000435046
0.000435631
0.000437721
0.000439631
0.000441305
0.000441859
0.000440948
0.000438843
0.000436326
0.000434273
0.000433234
0.000433365
0.000435197
0.000439255
0.000445336
0.000453558
0.000463583
0.000475027
0.00048692
0.000497722
0.000506729
0.000512776
0.000515169
0.000513339
0.000506851
0.000495516
0.000479066
0.00045759
0.000431359
0.000401308
0.000368717
0.000335378
0.00030238
0.000270669
0.000239909
0.00021042
0.000182324
0.00015621
0.000132647
0.000112245
9.53993e-05
8.23425e-05
7.35109e-05
6.88408e-05
6.03054e-05
2.11128e-05
4.78694e-06
2.05525e-06
1.73088e-06
1.61449e-06
1.51475e-06
1.40067e-06
1.25568e-06
1.15046e-06
1.02475e-06
9.13195e-07
8.11434e-07
7.44742e-07
6.74849e-07
6.05018e-07
5.35443e-07
4.76469e-07
4.2279e-07
3.68537e-07
3.15374e-07
2.65984e-07
2.21599e-07
1.811e-07
1.43328e-07
1.09287e-07
8.2343e-08
6.47387e-08
5.78675e-08
5.95897e-08
6.23347e-08
1.34769e-07
6.83362e-08
0.000506493
0.000512281
0.00050787
0.000507232
0.000507256
0.000508202
0.000508534
0.000508157
0.000506402
0.000503321
0.0004995
0.000496026
0.000493735
0.000493123
0.000494401
0.000497905
0.000503955
0.000511923
0.00052174
0.000532581
0.00054367
0.000553702
0.000561197
0.000565436
0.000565571
0.000561173
0.000551914
0.000537515
0.00051795
0.000493109
0.000463691
0.000430386
0.000395216
0.000359503
0.000324708
0.000290778
0.000257923
0.000226194
0.000196256
0.000168694
0.000144295
0.000123677
0.000107187
9.50781e-05
8.79978e-05
8.51121e-05
6.98683e-05
2.56291e-05
5.47055e-06
2.1225e-06
1.81874e-06
1.6868e-06
1.59845e-06
1.49531e-06
1.37212e-06
1.27219e-06
1.13458e-06
1.00244e-06
8.84274e-07
8.15031e-07
7.37749e-07
6.62335e-07
5.8683e-07
5.26356e-07
4.69572e-07
4.11658e-07
3.55004e-07
3.03216e-07
2.56259e-07
2.12689e-07
1.72429e-07
1.35122e-07
1.03496e-07
8.05119e-08
6.80978e-08
6.59056e-08
7.08048e-08
7.54189e-08
1.5537e-07
7.73022e-08
0.000591493
0.000592184
0.000588013
0.000584941
0.000583187
0.000581896
0.000579914
0.000577064
0.000573036
0.000568308
0.000563652
0.000560325
0.000558951
0.000559923
0.000563331
0.000569125
0.000577226
0.000586507
0.00059652
0.000606044
0.000614057
0.000619246
0.00062055
0.000617478
0.000609627
0.000596785
0.000578848
0.000555603
0.000527426
0.000494581
0.000458755
0.000421301
0.000383877
0.00034712
0.000311081
0.000275886
0.000242103
0.000210396
0.000181668
0.000156738
0.000136267
0.000120547
0.000109824
0.00010478
0.00010236
7.41529e-05
2.57503e-05
5.37143e-06
2.20238e-06
1.92535e-06
1.76587e-06
1.68628e-06
1.57671e-06
1.4796e-06
1.38271e-06
1.25005e-06
1.10251e-06
9.69866e-07
8.94587e-07
8.06727e-07
7.23365e-07
6.41528e-07
5.79778e-07
5.19268e-07
4.57313e-07
3.96773e-07
3.42613e-07
2.93061e-07
2.46224e-07
2.0316e-07
1.63279e-07
1.27832e-07
9.99818e-08
8.24134e-08
7.50478e-08
7.67304e-08
8.49018e-08
9.1621e-08
1.81879e-07
8.86247e-08
0.000670935
0.000678254
0.000673506
0.000666776
0.00066239
0.000658296
0.000653842
0.000648758
0.000643188
0.000637977
0.000633873
0.000632107
0.000632861
0.000636303
0.000642163
0.000649873
0.00065879
0.000667425
0.000674891
0.000679854
0.000681424
0.000678754
0.00067139
0.00065916
0.000641983
0.00061975
0.000592605
0.000560619
0.00052491
0.000486732
0.000447532
0.000408488
0.000369626
0.000331276
0.000293813
0.000258023
0.000224857
0.000195266
0.000170226
0.000150369
0.000135843
0.00012685
0.000123614
0.000117814
7.13459e-05
2.22914e-05
4.91497e-06
2.28236e-06
2.04912e-06
1.85829e-06
1.78522e-06
1.65417e-06
1.57873e-06
1.47378e-06
1.36077e-06
1.20896e-06
1.07089e-06
9.85666e-07
8.84037e-07
7.89031e-07
7.00593e-07
6.3711e-07
5.72111e-07
5.05657e-07
4.40991e-07
3.84466e-07
3.32154e-07
2.81915e-07
2.35665e-07
1.93333e-07
1.54861e-07
1.22785e-07
1.00456e-07
8.83327e-08
8.5129e-08
9.07389e-08
1.03121e-07
1.10849e-07
2.11115e-07
1.01176e-07
0.000751139
0.000769767
0.000763633
0.000752523
0.000745129
0.000738317
0.000731929
0.000725567
0.000719832
0.000715708
0.000713614
0.000714479
0.000717898
0.000723638
0.000730909
0.000738629
0.000745577
0.000750132
0.000751287
0.000748111
0.00074022
0.000727495
0.000709953
0.000687651
0.000660632
0.000629051
0.000593506
0.000555119
0.000514947
0.00047429
0.000433193
0.000392098
0.00035126
0.000311574
0.00027402
0.000239713
0.000209726
0.000185077
0.000166354
0.000153441
0.000146142
0.000143463
0.000126904
6.24642e-05
1.74882e-05
4.21536e-06
2.37117e-06
2.18549e-06
1.96762e-06
1.89677e-06
1.73754e-06
1.6751e-06
1.55276e-06
1.4622e-06
1.31435e-06
1.18478e-06
1.08803e-06
9.71641e-07
8.60914e-07
7.65516e-07
6.989e-07
6.28474e-07
5.5687e-07
4.88003e-07
4.2904e-07
3.73691e-07
3.19922e-07
2.70225e-07
2.25274e-07
1.84196e-07
1.48574e-07
1.21929e-07
1.05359e-07
9.7836e-08
9.87371e-08
1.09241e-07
1.2555e-07
1.31431e-07
2.37956e-07
1.14844e-07
0.00082641
0.000866934
0.000859144
0.000843559
0.000833443
0.000824736
0.000817617
0.00081142
0.000807019
0.000805171
0.000805784
0.000809167
0.00081437
0.000820564
0.000826394
0.000830424
0.000831236
0.00082754
0.00081869
0.000804569
0.000785414
0.000761682
0.000733551
0.000701336
0.00066525
0.000626407
0.00058558
0.000543849
0.000501205
0.000457931
0.000414209
0.000370935
0.000329152
0.000290175
0.000255179
0.000225323
0.000201673
0.000184679
0.000173549
0.000167024
0.000161874
0.000124436
4.9834e-05
1.25632e-05
3.62203e-06
2.481e-06
2.32861e-06
2.09728e-06
2.01822e-06
1.83462e-06
1.77499e-06
1.63304e-06
1.55729e-06
1.41384e-06
1.30277e-06
1.19675e-06
1.06959e-06
9.41016e-07
8.38159e-07
7.65989e-07
6.88922e-07
6.11265e-07
5.38216e-07
4.76589e-07
4.17834e-07
3.60378e-07
3.07114e-07
2.59337e-07
2.1571e-07
1.7705e-07
1.46613e-07
1.25886e-07
1.14347e-07
1.1136e-07
1.17123e-07
1.32601e-07
1.50463e-07
1.52814e-07
2.67899e-07
1.31303e-07
0.000903075
0.000970911
0.000962732
0.000943223
0.000931409
0.000922089
0.000915499
0.000910605
0.000908245
0.000908602
0.000911063
0.000915043
0.000919056
0.00092174
0.000921509
0.000917016
0.00090723
0.000891672
0.000870395
0.000844087
0.000813387
0.000779049
0.000741302
0.000701148
0.000659252
0.000616455
0.000572784
0.000527985
0.000482076
0.000435752
0.000390097
0.000346601
0.000306664
0.000271559
0.000242494
0.000220571
0.000205762
0.00019583
0.000187706
0.000173947
0.000108405
3.60474e-05
8.53551e-06
3.27614e-06
2.62553e-06
2.47524e-06
2.249e-06
2.14697e-06
1.94989e-06
1.88266e-06
1.72516e-06
1.65134e-06
1.50853e-06
1.4155e-06
1.30396e-06
1.17444e-06
1.03069e-06
9.20353e-07
8.39544e-07
7.54216e-07
6.69379e-07
5.92119e-07
5.27389e-07
4.6479e-07
4.03434e-07
3.46571e-07
2.95828e-07
2.49517e-07
2.08064e-07
1.74316e-07
1.49819e-07
1.34453e-07
1.27955e-07
1.30143e-07
1.40776e-07
1.59647e-07
1.77026e-07
1.76775e-07
3.06822e-07
1.51563e-07
0.00101344
0.00108345
0.00107902
0.00105624
0.00104405
0.00103504
0.0010294
0.00102578
0.00102456
0.0010251
0.00102621
0.0010265
0.00102421
0.00101784
0.00100621
0.000988664
0.000965013
0.000935747
0.000901597
0.000863692
0.000822838
0.000780041
0.000736154
0.000691749
0.000646999
0.00060111
0.000553774
0.000505192
0.000456326
0.000408698
0.000364003
0.000323772
0.000289258
0.000261758
0.000242298
0.000229703
0.000218888
0.000204722
0.000171977
8.30844e-05
2.34147e-05
5.89644e-06
3.1703e-06
2.80556e-06
2.62769e-06
2.42092e-06
2.28266e-06
2.08531e-06
2.00003e-06
1.83409e-06
1.74907e-06
1.60341e-06
1.51974e-06
1.40505e-06
1.28027e-06
1.12894e-06
1.01286e-06
9.20743e-07
8.25277e-07
7.32005e-07
6.50292e-07
5.81775e-07
5.14833e-07
4.49312e-07
3.88836e-07
3.35031e-07
2.85857e-07
2.41653e-07
2.04928e-07
1.77077e-07
1.58177e-07
1.48303e-07
1.47432e-07
1.54679e-07
1.6888e-07
1.89567e-07
2.06409e-07
2.04438e-07
3.5063e-07
1.74991e-07
0.00116857
0.00120531
0.00121274
0.00118643
0.00117483
0.00116587
0.00116018
0.00115575
0.00115235
0.00114856
0.00114271
0.00113308
0.00111827
0.0010973
0.00107001
0.0010368
0.00099841
0.000956004
0.000910743
0.000863822
0.000816604
0.000769662
0.000723262
0.000676272
0.000627972
0.000577958
0.000526803
0.000475791
0.000426773
0.000381638
0.000341906
0.000308797
0.000283685
0.000267227
0.000255746
0.000239463
0.000212439
0.00014937
5.6136e-05
1.3853e-05
4.55529e-06
3.22774e-06
3.01297e-06
2.79053e-06
2.60961e-06
2.42678e-06
2.24006e-06
2.12869e-06
1.96028e-06
1.85389e-06
1.70426e-06
1.61902e-06
1.50156e-06
1.38259e-06
1.23212e-06
1.11393e-06
1.00998e-06
9.02997e-07
8.00153e-07
7.13397e-07
6.40168e-07
5.68305e-07
4.98316e-07
4.34191e-07
3.77217e-07
3.2501e-07
2.78001e-07
2.3848e-07
2.07624e-07
1.85543e-07
1.7252e-07
1.68696e-07
1.73196e-07
1.84272e-07
2.00792e-07
2.22986e-07
2.39342e-07
2.352e-07
3.93753e-07
2.01116e-07
0.00135564
0.0013338
0.00136556
0.00133375
0.00132277
0.00131156
0.00130259
0.00129279
0.00128144
0.0012667
0.00124698
0.00122101
0.00118842
0.00114944
0.0011051
0.00105671
0.00100566
0.000953296
0.000901309
0.000850509
0.000801377
0.000752893
0.000703677
0.00065275
0.000600169
0.000546772
0.000494233
0.000444634
0.000399968
0.000361639
0.000330788
0.000308779
0.0002952
0.000281414
0.000251957
0.000203034
0.000110187
3.34949e-05
8.15551e-06
4.09954e-06
3.3777e-06
3.23774e-06
2.96998e-06
2.81043e-06
2.58256e-06
2.41076e-06
2.26973e-06
2.10197e-06
1.96811e-06
1.81516e-06
1.71991e-06
1.59836e-06
1.48083e-06
1.33616e-06
1.21938e-06
1.10593e-06
9.87758e-07
8.74861e-07
7.82159e-07
7.03088e-07
6.25627e-07
5.50829e-07
4.82963e-07
4.22668e-07
3.67273e-07
3.17376e-07
2.75143e-07
2.41531e-07
2.16592e-07
2.00717e-07
1.94113e-07
1.95937e-07
2.046e-07
2.18491e-07
2.37055e-07
2.60481e-07
2.75457e-07
2.69171e-07
4.38636e-07
2.30957e-07
0.00154272
0.00146078
0.00153248
0.00149089
0.0014791
0.00146095
0.00144328
0.00142151
0.0013951
0.00136254
0.00132309
0.00127677
0.00122464
0.00116814
0.00110927
0.00104969
0.000991379
0.000935323
0.000882142
0.000831125
0.000780521
0.000728809
0.000675304
0.000620374
0.000565307
0.000512038
0.000462844
0.000419664
0.000383665
0.000355785
0.000337183
0.00032474
0.000301468
0.000248694
0.000170363
6.88858e-05
1.79934e-05
5.60465e-06
4.09645e-06
3.58265e-06
3.47068e-06
3.17009e-06
3.0191e-06
2.75352e-06
2.59363e-06
2.42375e-06
2.25616e-06
2.09377e-06
1.93795e-06
1.82792e-06
1.70035e-06
1.57787e-06
1.43913e-06
1.32494e-06
1.20578e-06
1.07883e-06
9.56752e-07
8.57246e-07
7.71126e-07
6.87298e-07
6.07313e-07
5.35525e-07
4.71701e-07
4.12962e-07
3.60095e-07
3.15183e-07
2.78982e-07
2.51441e-07
2.32998e-07
2.23863e-07
2.23152e-07
2.29433e-07
2.41465e-07
2.58021e-07
2.78229e-07
3.01882e-07
3.15184e-07
3.0783e-07
4.88446e-07
2.66014e-07
0.00171173
0.00157295
0.00169937
0.00164177
0.00162609
0.00159461
0.0015617
0.0015212
0.00147384
0.00141927
0.00135829
0.00129235
0.00122387
0.00115496
0.00108834
0.00102539
0.000966791
0.000911934
0.000858954
0.000806013
0.000751672
0.000695688
0.000638881
0.000582884
0.000529868
0.000482174
0.000441537
0.000408625
0.000383969
0.000367926
0.000351846
0.000307067
0.000222262
0.00011978
3.71113e-05
9.70988e-06
4.84595e-06
4.26657e-06
3.82666e-06
3.70732e-06
3.39169e-06
3.23282e-06
2.94215e-06
2.78582e-06
2.59142e-06
2.41999e-06
2.232e-06
2.07309e-06
1.94631e-06
1.8105e-06
1.67791e-06
1.54198e-06
1.42873e-06
1.30679e-06
1.17446e-06
1.04554e-06
9.3898e-07
8.44833e-07
7.53871e-07
6.68292e-07
5.92307e-07
5.24678e-07
4.62429e-07
4.06515e-07
3.58937e-07
3.20257e-07
2.9031e-07
2.69536e-07
2.58113e-07
2.55101e-07
2.59127e-07
2.69272e-07
2.84653e-07
3.03355e-07
3.24082e-07
3.47449e-07
3.59679e-07
3.51813e-07
5.4099e-07
3.07002e-07
0.00187067
0.00165478
0.00184358
0.00176372
0.00173983
0.00168891
0.00163557
0.00157257
0.00150277
0.00142739
0.00134894
0.00126975
0.00119332
0.00112177
0.00105626
0.000996294
0.000939798
0.000884715
0.000829161
0.000772259
0.000714188
0.000656215
0.000600244
0.000548593
0.000503549
0.000466359
0.000436732
0.000414448
0.000397654
0.000368467
0.000286668
0.000171743
6.92098e-05
1.81346e-05
6.4983e-06
4.83848e-06
4.49389e-06
4.10061e-06
3.94839e-06
3.63326e-06
3.45099e-06
3.14906e-06
2.98617e-06
2.77288e-06
2.59193e-06
2.38331e-06
2.22002e-06
2.07658e-06
1.9303e-06
1.78476e-06
1.64775e-06
1.53202e-06
1.40785e-06
1.27278e-06
1.13999e-06
1.02705e-06
9.24515e-07
8.25871e-07
7.3432e-07
6.53782e-07
5.82023e-07
5.16075e-07
4.57036e-07
4.06797e-07
3.6571e-07
3.33503e-07
3.10594e-07
2.97095e-07
2.92015e-07
2.94024e-07
3.02368e-07
3.16444e-07
3.34526e-07
3.54049e-07
3.74686e-07
3.97975e-07
4.09061e-07
4.00678e-07
5.94605e-07
3.53945e-07
0.00203278
0.0016931
0.00193868
0.00183343
0.0017974
0.00172442
0.0016499
0.00156647
0.00147929
0.00139069
0.00130479
0.00122413
0.00115065
0.00108448
0.00102356
0.00096549
0.000908046
0.000849921
0.000790756
0.000731326
0.000673181
0.000618363
0.00056924
0.000527873
0.000494458
0.000467024
0.000443756
0.00041926
0.000360258
0.000233217
0.00010958
3.34645e-05
9.58174e-06
5.72976e-06
5.07523e-06
4.74807e-06
4.39576e-06
4.19737e-06
3.89168e-06
3.67531e-06
3.37277e-06
3.19481e-06
2.96774e-06
2.77159e-06
2.54781e-06
2.37793e-06
2.2188e-06
2.06026e-06
1.901e-06
1.75959e-06
1.63787e-06
1.5099e-06
1.37283e-06
1.23856e-06
1.12053e-06
1.01007e-06
9.03667e-07
8.0591e-07
7.20439e-07
6.44201e-07
5.74354e-07
5.12104e-07
4.59199e-07
4.15755e-07
3.814e-07
3.56517e-07
3.41129e-07
3.3419e-07
3.34418e-07
3.41178e-07
3.53944e-07
3.71167e-07
3.90472e-07
4.10137e-07
4.30836e-07
4.53637e-07
4.63218e-07
4.55361e-07
6.50921e-07
4.06887e-07
0.00221279
0.00168136
0.00196393
0.00183616
0.00178695
0.00169566
0.00160587
0.00151095
0.00141823
0.00132984
0.00124886
0.00117613
0.00111005
0.00104837
0.00098856
0.000928867
0.000868484
0.000807777
0.000747995
0.000690865
0.000638378
0.000592802
0.000555561
0.000524888
0.000495712
0.000464112
0.000419401
0.00030906
0.000156753
5.61994e-05
1.52034e-05
6.95822e-06
5.77792e-06
5.38302e-06
5.02572e-06
4.70428e-06
4.45836e-06
4.16292e-06
3.90883e-06
3.61081e-06
3.41246e-06
3.17503e-06
2.9597e-06
2.7251e-06
2.54628e-06
2.37248e-06
2.20028e-06
2.02796e-06
1.87972e-06
1.74924e-06
1.6152e-06
1.47518e-06
1.34022e-06
1.21831e-06
1.10103e-06
9.87375e-07
8.83456e-07
7.92743e-07
7.11704e-07
6.37762e-07
5.72219e-07
5.16632e-07
4.70861e-07
4.34445e-07
4.07724e-07
3.90618e-07
3.8201e-07
3.80667e-07
3.86061e-07
3.9768e-07
4.13954e-07
4.32774e-07
4.52629e-07
4.72565e-07
4.92948e-07
5.1479e-07
5.23969e-07
5.1792e-07
7.09919e-07
4.66692e-07
0.00241008
0.00162391
0.00191666
0.00177556
0.00171735
0.00161885
0.00152673
0.00143425
0.0013487
0.00127039
0.00119909
0.00113326
0.00107057
0.00100903
0.000947398
0.000885526
0.00082434
0.000765432
0.000710492
0.00066127
0.000619612
0.000585611
0.00055354
0.000513733
0.000462199
0.000374663
0.000215095
8.36182e-05
2.42499e-05
8.77237e-06
6.61687e-06
6.03845e-06
5.71402e-06
5.32615e-06
5.02107e-06
4.73461e-06
4.44361e-06
4.15456e-06
3.8611e-06
3.6402e-06
3.39359e-06
3.15764e-06
2.91491e-06
2.72493e-06
2.53724e-06
2.35056e-06
2.16629e-06
2.00963e-06
1.86861e-06
1.7262e-06
1.58148e-06
1.4451e-06
1.31974e-06
1.19681e-06
1.07688e-06
9.67178e-07
8.71086e-07
7.85015e-07
7.06827e-07
6.3792e-07
5.7963e-07
5.31551e-07
4.93148e-07
4.64705e-07
4.46034e-07
4.35938e-07
4.33221e-07
4.37449e-07
4.48102e-07
4.63542e-07
4.81755e-07
5.01573e-07
5.22057e-07
5.41788e-07
5.61556e-07
5.8348e-07
5.93237e-07
5.88327e-07
7.70131e-07
5.35295e-07
0.00261368
0.00154026
0.00182344
0.00168087
0.00162241
0.0015293
0.00144613
0.00136473
0.00128982
0.00122001
0.00115407
0.00109031
0.00102729
0.000964429
0.000902144
0.000841759
0.000784933
0.000732955
0.000686975
0.000648139
0.000613357
0.000570137
0.000505587
0.000415519
0.000269868
0.000115291
3.54981e-05
1.16609e-05
7.48618e-06
6.85913e-06
6.37407e-06
6.06235e-06
5.64949e-06
5.34469e-06
5.02751e-06
4.73205e-06
4.41425e-06
4.12224e-06
3.87906e-06
3.62231e-06
3.36651e-06
3.1169e-06
2.91399e-06
2.71259e-06
2.51125e-06
2.31613e-06
2.14987e-06
1.99723e-06
1.84482e-06
1.6938e-06
1.55432e-06
1.42503e-06
1.29717e-06
1.17199e-06
1.05714e-06
9.5577e-07
8.64592e-07
7.82088e-07
7.09783e-07
6.48773e-07
5.98403e-07
5.58075e-07
5.28021e-07
5.07923e-07
4.96507e-07
4.92607e-07
4.95864e-07
5.0572e-07
5.20472e-07
5.38174e-07
5.57829e-07
5.78654e-07
5.99081e-07
6.1833e-07
6.38715e-07
6.61228e-07
6.69849e-07
6.6525e-07
8.33622e-07
6.14352e-07
0.00280982
0.00144928
0.00172612
0.00158779
0.00153575
0.00145262
0.0013794
0.00130691
0.00123854
0.00117247
0.00110794
0.00104418
0.000981123
0.0009196
0.000861177
0.000807048
0.000757491
0.000712793
0.000672158
0.000626801
0.00055629
0.000447728
0.000303936
0.000144194
4.76113e-05
1.50354e-05
8.82945e-06
7.69649e-06
7.27681e-06
6.80296e-06
6.46455e-06
6.0172e-06
5.68653e-06
5.34155e-06
5.03067e-06
4.68985e-06
4.39423e-06
4.13031e-06
3.86108e-06
3.58723e-06
3.33082e-06
3.11388e-06
2.89841e-06
2.6826e-06
2.47747e-06
2.30076e-06
2.13586e-06
1.97245e-06
1.814e-06
1.66952e-06
1.53516e-06
1.4024e-06
1.27272e-06
1.15339e-06
1.04703e-06
9.50861e-07
8.64085e-07
7.88401e-07
7.24678e-07
6.7204e-07
6.29858e-07
5.98296e-07
5.76905e-07
5.64324e-07
5.59426e-07
5.61906e-07
5.71138e-07
5.85337e-07
6.02654e-07
6.2223e-07
6.43255e-07
6.6419e-07
6.84258e-07
7.04429e-07
7.2588e-07
7.46445e-07
7.52484e-07
7.50737e-07
9.04202e-07
7.04075e-07
0.00296725
0.00134715
0.00164735
0.00150807
0.00146419
0.00138859
0.00132195
0.00125426
0.00118881
0.00112424
0.0010607
0.000998447
0.000938543
0.000882214
0.000829656
0.000779392
0.000729528
0.000676405
0.000604159
0.000483027
0.000321349
0.000161854
5.71266e-05
1.84686e-05
1.0684e-05
9.1268e-06
8.43588e-06
7.96631e-06
7.46462e-06
7.05772e-06
6.52906e-06
6.11587e-06
5.71809e-06
5.36777e-06
4.99927e-06
4.68936e-06
4.40306e-06
4.11688e-06
3.82537e-06
3.56004e-06
3.3276e-06
3.09602e-06
2.86555e-06
2.65048e-06
2.46258e-06
2.28505e-06
2.11011e-06
1.94337e-06
1.79234e-06
1.65157e-06
1.51339e-06
1.37944e-06
1.25609e-06
1.14513e-06
1.04424e-06
9.53362e-07
8.74393e-07
8.07997e-07
7.53138e-07
7.09181e-07
6.76222e-07
6.53668e-07
6.40073e-07
6.34353e-07
6.3625e-07
6.45031e-07
6.5882e-07
6.75879e-07
6.95496e-07
7.16788e-07
7.38106e-07
7.58928e-07
7.8031e-07
8.02021e-07
8.22287e-07
8.39693e-07
8.46808e-07
8.51583e-07
9.84548e-07
8.07101e-07
0.00203324
0.00121513
0.00158673
0.00143573
0.00140197
0.00133048
0.00126794
0.00120285
0.00113944
0.00107675
0.00101551
0.000956418
0.000900169
0.000844526
0.000784411
0.000716462
0.000634371
0.000508351
0.00033015
0.000165184
6.13197e-05
2.087e-05
1.24529e-05
1.08701e-05
1.00857e-05
9.39355e-06
8.83782e-06
8.28259e-06
7.78716e-06
7.20813e-06
6.72426e-06
6.26386e-06
5.84941e-06
5.43499e-06
5.0858e-06
4.76047e-06
4.44256e-06
4.12496e-06
3.84082e-06
3.58541e-06
3.32291e-06
3.07131e-06
2.84228e-06
2.64056e-06
2.44913e-06
2.26075e-06
2.08448e-06
1.92543e-06
1.77645e-06
1.63185e-06
1.49321e-06
1.36586e-06
1.25052e-06
1.14523e-06
1.05051e-06
9.68407e-07
8.99425e-07
8.42422e-07
7.9679e-07
7.62554e-07
7.38971e-07
7.24513e-07
7.18151e-07
7.19651e-07
7.28155e-07
7.41688e-07
7.58633e-07
7.78449e-07
8.00206e-07
8.22258e-07
8.44478e-07
8.68206e-07
8.92086e-07
9.13262e-07
9.31251e-07
9.4832e-07
9.58893e-07
9.68782e-07
1.0731e-06
9.25978e-07
0.00110891
0.0010423
0.00152795
0.00135818
0.00134009
0.00127084
0.00121221
0.00114905
0.00108699
0.00102461
0.000962954
0.000899952
0.000829418
0.000744029
0.000639658
0.00050146
0.000319388
0.000154947
5.85479e-05
2.17969e-05
1.40789e-05
1.26605e-05
1.17757e-05
1.10012e-05
1.03e-05
9.68913e-06
9.099e-06
8.53816e-06
7.90513e-06
7.34706e-06
6.82961e-06
6.35608e-06
5.90237e-06
5.51942e-06
5.16093e-06
4.81017e-06
4.46532e-06
4.15754e-06
3.87508e-06
3.58526e-06
3.31108e-06
3.06432e-06
2.84506e-06
2.63592e-06
2.43314e-06
2.2454e-06
2.0761e-06
1.91652e-06
1.76352e-06
1.61852e-06
1.48617e-06
1.36579e-06
1.25595e-06
1.15724e-06
1.07191e-06
1.0002e-06
9.40974e-07
8.93635e-07
8.58191e-07
8.33688e-07
8.18504e-07
8.11678e-07
8.12984e-07
8.21416e-07
8.34953e-07
8.52232e-07
8.72947e-07
8.95864e-07
9.19339e-07
9.43263e-07
9.69103e-07
9.9587e-07
1.01973e-06
1.03978e-06
1.05976e-06
1.07982e-06
1.09213e-06
1.10498e-06
1.17751e-06
1.0696e-06
0.000533876
0.000834314
0.00142539
0.00124914
0.00125743
0.00119053
0.00113584
0.00107051
0.00100273
0.000928917
0.000846547
0.000744748
0.000613144
0.000452314
0.000275371
0.000129432
4.92786e-05
2.15717e-05
1.44776e-05
1.35777e-05
1.3675e-05
1.28534e-05
1.20754e-05
1.13632e-05
1.07064e-05
1.00769e-05
9.45478e-06
8.76218e-06
8.1202e-06
7.5326e-06
6.98896e-06
6.48515e-06
6.05408e-06
5.65081e-06
5.25841e-06
4.88057e-06
4.54291e-06
4.21993e-06
3.89848e-06
3.59584e-06
3.32617e-06
3.08521e-06
2.85436e-06
2.63349e-06
2.43169e-06
2.24985e-06
2.07677e-06
1.91323e-06
1.75952e-06
1.62068e-06
1.49402e-06
1.37871e-06
1.27591e-06
1.187e-06
1.11241e-06
1.05088e-06
1.00175e-06
9.64954e-07
9.39516e-07
9.23677e-07
9.16574e-07
9.1793e-07
9.26676e-07
9.40681e-07
9.58742e-07
9.80703e-07
1.00549e-06
1.03128e-06
1.05817e-06
1.08778e-06
1.11875e-06
1.14675e-06
1.17079e-06
1.195e-06
1.22043e-06
1.23997e-06
1.25051e-06
1.26929e-06
1.30892e-06
1.24558e-06
0.000236401
0.000594303
0.00119774
0.00105635
0.00110079
0.00103546
0.000977308
0.000894574
0.00080068
0.000683021
0.000532104
0.000360072
0.000202644
9.17602e-05
3.70656e-05
1.92315e-05
1.49066e-05
1.44194e-05
1.45345e-05
1.47151e-05
1.40685e-05
1.32873e-05
1.25651e-05
1.18806e-05
1.12185e-05
1.05488e-05
9.80261e-06
9.075e-06
8.40843e-06
7.78663e-06
7.22148e-06
6.7304e-06
6.27114e-06
5.82704e-06
5.40699e-06
5.02977e-06
4.65902e-06
4.29278e-06
3.95384e-06
3.65375e-06
3.38476e-06
3.12511e-06
2.88093e-06
2.66065e-06
2.46255e-06
2.27108e-06
2.09412e-06
1.92759e-06
1.77941e-06
1.64363e-06
1.52091e-06
1.41275e-06
1.319e-06
1.24051e-06
1.17532e-06
1.1243e-06
1.08557e-06
1.05886e-06
1.04248e-06
1.03531e-06
1.0368e-06
1.04638e-06
1.06158e-06
1.08147e-06
1.10606e-06
1.13414e-06
1.1638e-06
1.19537e-06
1.23054e-06
1.2675e-06
1.30153e-06
1.3317e-06
1.36225e-06
1.39447e-06
1.42155e-06
1.43608e-06
1.44792e-06
1.47873e-06
1.4776e-06
1.46316e-06
9.01658e-05
0.000326533
0.000775078
0.00071612
0.000778588
0.000707245
0.000627419
0.000507596
0.000368756
0.000228846
0.000119395
5.3821e-05
2.71303e-05
1.74478e-05
1.55605e-05
1.54279e-05
1.55706e-05
1.57361e-05
1.58853e-05
1.54323e-05
1.46395e-05
1.39036e-05
1.31964e-05
1.25026e-05
1.17966e-05
1.10106e-05
1.0205e-05
9.46207e-06
8.76488e-06
8.13487e-06
7.57731e-06
7.0536e-06
6.54928e-06
6.0778e-06
5.65141e-06
5.22081e-06
4.79996e-06
4.41569e-06
4.07626e-06
3.7712e-06
3.47314e-06
3.19845e-06
2.95345e-06
2.72701e-06
2.51713e-06
2.32269e-06
2.13803e-06
1.97651e-06
1.82728e-06
1.69375e-06
1.5781e-06
1.47719e-06
1.39297e-06
1.32219e-06
1.26831e-06
1.22626e-06
1.19737e-06
1.1801e-06
1.17354e-06
1.17549e-06
1.18609e-06
1.2037e-06
1.22696e-06
1.256e-06
1.28939e-06
1.32509e-06
1.3637e-06
1.40692e-06
1.45236e-06
1.49487e-06
1.53388e-06
1.57377e-06
1.6149e-06
1.65088e-06
1.67533e-06
1.68791e-06
1.70684e-06
1.75088e-06
1.69449e-06
1.73907e-06
2.42903e-05
0.000103811
0.00026321
0.000268556
0.00028685
0.000227135
0.000161984
9.67714e-05
5.19109e-05
3.11021e-05
2.01097e-05
1.70367e-05
1.65546e-05
1.66168e-05
1.67682e-05
1.69165e-05
1.70461e-05
1.71551e-05
1.69863e-05
1.61838e-05
1.54293e-05
1.46964e-05
1.39666e-05
1.32248e-05
1.24053e-05
1.1519e-05
1.06969e-05
9.92489e-06
9.22798e-06
8.60134e-06
8.00939e-06
7.44129e-06
6.91324e-06
6.43111e-06
5.93079e-06
5.44734e-06
5.00981e-06
4.62313e-06
4.27476e-06
3.92857e-06
3.61582e-06
3.33884e-06
3.07853e-06
2.8404e-06
2.62249e-06
2.41274e-06
2.23233e-06
2.06324e-06
1.9137e-06
1.7833e-06
1.67551e-06
1.58268e-06
1.50302e-06
1.44247e-06
1.39681e-06
1.3645e-06
1.34567e-06
1.33746e-06
1.34372e-06
1.355e-06
1.37665e-06
1.40542e-06
1.44143e-06
1.48291e-06
1.52768e-06
1.57656e-06
1.63116e-06
1.68834e-06
1.7424e-06
1.79333e-06
1.84613e-06
1.89987e-06
1.94641e-06
1.98203e-06
2.00839e-06
2.0241e-06
2.04895e-06
2.10386e-06
1.9775e-06
2.09857e-06
7.73612e-06
1.67999e-05
3.12756e-05
3.44041e-05
3.50932e-05
2.96564e-05
2.63009e-05
2.03633e-05
1.83419e-05
1.78856e-05
1.78876e-05
1.80052e-05
1.8136e-05
1.82558e-05
1.83594e-05
1.84451e-05
1.85126e-05
1.85627e-05
1.79804e-05
1.7204e-05
1.64388e-05
1.56662e-05
1.48844e-05
1.40366e-05
1.306e-05
1.21496e-05
1.12971e-05
1.05263e-05
9.82403e-06
9.15745e-06
8.51998e-06
7.92899e-06
7.38514e-06
6.80775e-06
6.25659e-06
5.76039e-06
5.32037e-06
4.92241e-06
4.51872e-06
4.16056e-06
3.84441e-06
3.5412e-06
3.26806e-06
3.02065e-06
2.77808e-06
2.57383e-06
2.37748e-06
2.20532e-06
2.05626e-06
1.93572e-06
1.822e-06
1.73911e-06
1.66675e-06
1.61383e-06
1.57537e-06
1.5538e-06
1.54458e-06
1.55175e-06
1.57091e-06
1.59569e-06
1.63273e-06
1.67894e-06
1.73206e-06
1.78963e-06
1.85272e-06
1.92281e-06
1.99581e-06
2.06536e-06
2.13212e-06
2.20189e-06
2.27284e-06
2.33433e-06
2.38214e-06
2.42367e-06
2.45841e-06
2.47287e-06
2.49799e-06
2.5673e-06
2.35318e-06
2.5722e-06
7.41407e-06
1.23748e-05
1.62019e-05
1.91251e-05
2.0136e-05
1.97082e-05
1.95304e-05
1.95034e-05
1.95496e-05
1.96209e-05
1.96963e-05
1.97676e-05
1.98301e-05
1.98811e-05
1.99189e-05
1.99431e-05
1.99535e-05
1.99506e-05
1.9315e-05
1.85131e-05
1.76913e-05
1.68631e-05
1.6064e-05
1.49134e-05
1.39017e-05
1.29578e-05
1.21015e-05
1.13134e-05
1.0563e-05
9.8479e-06
9.18477e-06
8.56936e-06
7.90236e-06
7.2725e-06
6.70707e-06
6.2037e-06
5.747e-06
5.27447e-06
4.86237e-06
4.49903e-06
4.14315e-06
3.82793e-06
3.54476e-06
3.26146e-06
3.0126e-06
2.79734e-06
2.59567e-06
2.42192e-06
2.275e-06
2.14664e-06
2.05302e-06
1.96534e-06
1.90056e-06
1.85352e-06
1.82744e-06
1.82198e-06
1.8266e-06
1.85191e-06
1.8897e-06
1.93213e-06
1.99224e-06
2.06104e-06
2.1358e-06
2.21785e-06
2.30844e-06
2.40226e-06
2.49226e-06
2.57993e-06
2.67188e-06
2.76528e-06
2.84752e-06
2.91301e-06
2.97026e-06
3.0256e-06
3.0638e-06
3.06689e-06
3.09349e-06
3.18742e-06
2.85327e-06
3.19728e-06
7.95924e-06
1.31627e-05
1.64088e-05
1.95133e-05
2.19592e-05
2.17137e-05
2.15817e-05
2.1518e-05
2.1488e-05
2.14761e-05
2.14716e-05
2.14679e-05
2.14603e-05
2.14462e-05
2.14242e-05
2.13934e-05
2.13535e-05
2.13052e-05
2.10275e-05
2.01521e-05
1.92685e-05
1.84071e-05
1.71839e-05
1.60526e-05
1.5e-05
1.40405e-05
1.31503e-05
1.23014e-05
1.14954e-05
1.07468e-05
1.00471e-05
9.276e-06
8.55344e-06
7.90454e-06
7.32392e-06
6.79565e-06
6.23938e-06
5.76179e-06
5.34072e-06
4.92012e-06
4.55399e-06
4.22782e-06
3.89476e-06
3.60299e-06
3.35414e-06
3.11668e-06
2.91187e-06
2.73873e-06
2.58365e-06
2.47716e-06
2.36865e-06
2.28774e-06
2.22933e-06
2.19708e-06
2.19153e-06
2.19765e-06
2.23098e-06
2.28054e-06
2.35746e-06
2.41422e-06
2.50363e-06
2.60093e-06
2.70782e-06
2.82515e-06
2.94608e-06
3.06274e-06
3.17771e-06
3.29849e-06
3.42072e-06
3.52998e-06
3.62087e-06
3.7015e-06
3.77729e-06
3.84065e-06
3.87155e-06
3.86088e-06
3.8964e-06
4.022e-06
3.51659e-06
4.02825e-06
8.82029e-06
1.44872e-05
1.72793e-05
2.06535e-05
2.37195e-05
2.38128e-05
2.35776e-05
2.34198e-05
2.33038e-05
2.32127e-05
2.31349e-05
2.30634e-05
2.29936e-05
2.29228e-05
2.28494e-05
2.27721e-05
2.26908e-05
2.26063e-05
2.25195e-05
2.22376e-05
2.13005e-05
2.00088e-05
1.87344e-05
1.75496e-05
1.64631e-05
1.54479e-05
1.44795e-05
1.35628e-05
1.27094e-05
1.19074e-05
1.10134e-05
1.01801e-05
9.43016e-06
8.75496e-06
8.13825e-06
7.47859e-06
6.91954e-06
6.42613e-06
5.92474e-06
5.49616e-06
5.0794e-06
4.72204e-06
4.37749e-06
4.08875e-06
3.80885e-06
3.56748e-06
3.36254e-06
3.17321e-06
3.03957e-06
2.91678e-06
2.81538e-06
2.74292e-06
2.70332e-06
2.69812e-06
2.70703e-06
2.75129e-06
2.81661e-06
2.90251e-06
3.02522e-06
3.12668e-06
3.23473e-06
3.3741e-06
3.52629e-06
3.68242e-06
3.83373e-06
3.98423e-06
4.14229e-06
4.30129e-06
4.44444e-06
4.56789e-06
4.68221e-06
4.78883e-06
4.87544e-06
4.9354e-06
4.95916e-06
4.93742e-06
4.98237e-06
5.14139e-06
4.3979e-06
5.14495e-06
1.00543e-05
1.63632e-05
1.88001e-05
2.25035e-05
2.56835e-05
2.56763e-05
2.53561e-05
2.51212e-05
2.49347e-05
2.47784e-05
2.46403e-05
2.45136e-05
2.43937e-05
2.42776e-05
2.41634e-05
2.40502e-05
2.39378e-05
2.38264e-05
2.37159e-05
2.36069e-05
2.35003e-05
2.21075e-05
2.07613e-05
1.95181e-05
1.83491e-05
1.72337e-05
1.61797e-05
1.51956e-05
1.42665e-05
1.3225e-05
1.22568e-05
1.13833e-05
1.05925e-05
9.86743e-06
9.08086e-06
8.42001e-06
7.83548e-06
7.23301e-06
6.72548e-06
6.22673e-06
5.80552e-06
5.39399e-06
5.0574e-06
4.72682e-06
4.44271e-06
4.20153e-06
3.97302e-06
3.80389e-06
3.67309e-06
3.53841e-06
3.46967e-06
3.4021e-06
3.3987e-06
3.43343e-06
3.47293e-06
3.55999e-06
3.67357e-06
3.81103e-06
3.96587e-06
4.16376e-06
4.35268e-06
4.52088e-06
4.68888e-06
4.88504e-06
5.08167e-06
5.28794e-06
5.49419e-06
5.68061e-06
5.84503e-06
6.00225e-06
6.15254e-06
6.27483e-06
6.35934e-06
6.41938e-06
6.44268e-06
6.39982e-06
6.44585e-06
6.64607e-06
5.57608e-06
6.65449e-06
1.17519e-05
1.88833e-05
2.09986e-05
2.51119e-05
2.77821e-05
2.72456e-05
2.68608e-05
2.65672e-05
2.63275e-05
2.61228e-05
2.59412e-05
2.57757e-05
2.56212e-05
2.54744e-05
2.53335e-05
2.51976e-05
2.50658e-05
2.49376e-05
2.48127e-05
2.46915e-05
2.45735e-05
2.44583e-05
2.33778e-05
2.2021e-05
2.07256e-05
1.95019e-05
1.83548e-05
1.72679e-05
1.60486e-05
1.4914e-05
1.3888e-05
1.2955e-05
1.20974e-05
1.1157e-05
1.0372e-05
9.67512e-06
8.94652e-06
8.33972e-06
7.73703e-06
7.23436e-06
6.73718e-06
6.341e-06
5.9476e-06
5.61141e-06
5.37023e-06
5.05615e-06
4.84478e-06
4.68811e-06
4.53335e-06
4.45122e-06
4.37243e-06
4.37425e-06
4.42416e-06
4.51393e-06
4.59731e-06
4.74802e-06
4.9286e-06
5.13077e-06
5.35065e-06
5.59183e-06
5.85227e-06
6.16622e-06
6.42948e-06
6.6951e-06
6.91111e-06
7.18264e-06
7.42881e-06
7.5815e-06
7.79333e-06
7.99912e-06
8.17221e-06
8.29537e-06
8.38402e-06
8.4554e-06
8.4689e-06
8.38029e-06
8.42404e-06
8.6845e-06
7.15815e-06
8.6985e-06
1.40431e-05
2.21749e-05
2.40193e-05
2.86411e-05
2.91052e-05
2.85155e-05
2.80837e-05
2.77472e-05
2.7469e-05
2.72306e-05
2.70196e-05
2.68284e-05
2.66517e-05
2.64864e-05
2.63305e-05
2.61823e-05
2.60404e-05
2.59043e-05
2.57735e-05
2.5647e-05
2.55241e-05
2.54039e-05
2.52857e-05
2.51463e-05
2.37154e-05
2.23677e-05
2.10865e-05
1.96547e-05
1.83152e-05
1.71007e-05
1.59923e-05
1.49729e-05
1.38467e-05
1.29104e-05
1.2076e-05
1.1193e-05
1.04637e-05
9.73148e-06
9.12556e-06
8.52704e-06
8.05832e-06
7.58777e-06
7.18766e-06
6.90913e-06
6.52943e-06
6.26505e-06
6.11713e-06
5.90353e-06
5.809e-06
5.72099e-06
5.73336e-06
5.80593e-06
5.92856e-06
6.04473e-06
6.24551e-06
6.48348e-06
6.74821e-06
7.03592e-06
7.35135e-06
7.69058e-06
8.03468e-06
8.37218e-06
8.71502e-06
9.07318e-06
9.42651e-06
9.74723e-06
1.01278e-05
1.04202e-05
1.07051e-05
1.09505e-05
1.10334e-05
1.11707e-05
1.12797e-05
1.13551e-05
1.13341e-05
1.10724e-05
1.11193e-05
1.146e-05
9.28709e-06
1.14725e-05
1.70943e-05
2.63783e-05
2.80542e-05
3.08481e-05
3.01436e-05
2.95211e-05
2.90583e-05
2.86926e-05
2.83887e-05
2.81275e-05
2.78965e-05
2.76879e-05
2.74965e-05
2.73191e-05
2.71528e-05
2.69958e-05
2.68467e-05
2.67044e-05
2.65678e-05
2.64357e-05
2.63071e-05
2.61811e-05
2.60564e-05
2.59314e-05
2.58046e-05
2.56743e-05
2.42617e-05
2.26716e-05
2.12262e-05
1.99037e-05
1.86857e-05
1.73337e-05
1.62114e-05
1.52079e-05
1.41359e-05
1.32562e-05
1.2363e-05
1.16404e-05
1.09198e-05
1.03649e-05
9.80178e-06
9.32524e-06
9.00382e-06
8.54586e-06
8.21513e-06
8.03151e-06
7.79231e-06
7.68451e-06
7.58892e-06
7.61878e-06
7.7245e-06
7.89361e-06
8.12007e-06
8.40161e-06
8.64344e-06
8.99245e-06
9.37103e-06
9.78508e-06
1.02284e-05
1.06774e-05
1.11202e-05
1.15732e-05
1.20458e-05
1.25096e-05
1.29321e-05
1.33224e-05
1.37098e-05
1.40862e-05
1.44118e-05
1.46708e-05
1.48803e-05
1.50472e-05
1.51601e-05
1.52102e-05
1.52723e-05
1.50261e-05
1.50782e-05
1.55259e-05
1.22696e-05
1.5251e-05
2.11317e-05
3.16643e-05
3.18365e-05
3.15978e-05
3.0946e-05
3.03131e-05
2.98378e-05
2.94589e-05
2.91425e-05
2.88695e-05
2.86276e-05
2.84094e-05
2.82095e-05
2.8024e-05
2.785e-05
2.76856e-05
2.75291e-05
2.7379e-05
2.72338e-05
2.70926e-05
2.6954e-05
2.68168e-05
2.66795e-05
2.65405e-05
2.63983e-05
2.62511e-05
2.61017e-05
2.59763e-05
2.49512e-05
2.34889e-05
2.18618e-05
2.05097e-05
1.92972e-05
1.79918e-05
1.69271e-05
1.58517e-05
1.49912e-05
1.4125e-05
1.34697e-05
1.27973e-05
1.22313e-05
1.18628e-05
1.13128e-05
1.09011e-05
1.06747e-05
1.04077e-05
1.02878e-05
1.01882e-05
1.02453e-05
1.03977e-05
1.06304e-05
1.09366e-05
1.13127e-05
1.17469e-05
1.21047e-05
1.26056e-05
1.31526e-05
1.37351e-05
1.43239e-05
1.49085e-05
1.55107e-05
1.61379e-05
1.6751e-05
1.73126e-05
1.78388e-05
1.83644e-05
1.8873e-05
1.93141e-05
1.96741e-05
1.99815e-05
2.02418e-05
2.04185e-05
2.05006e-05
2.0512e-05
2.03702e-05
1.99923e-05
2.00246e-05
2.07625e-05
1.61853e-05
2.04118e-05
2.64648e-05
3.22267e-05
3.23316e-05
3.2132e-05
3.15415e-05
3.09228e-05
3.0455e-05
3.00795e-05
2.97643e-05
2.94913e-05
2.9249e-05
2.90298e-05
2.88282e-05
2.86403e-05
2.84634e-05
2.82953e-05
2.81341e-05
2.79781e-05
2.7826e-05
2.76767e-05
2.75286e-05
2.73804e-05
2.72306e-05
2.7078e-05
2.69209e-05
2.67575e-05
2.66044e-05
2.64751e-05
2.63687e-05
2.62849e-05
2.61169e-05
2.46426e-05
2.30582e-05
2.17848e-05
2.06819e-05
1.94679e-05
1.84283e-05
1.76561e-05
1.68548e-05
1.63347e-05
1.57664e-05
1.51084e-05
1.45991e-05
1.4323e-05
1.40273e-05
1.3899e-05
1.39288e-05
1.39021e-05
1.41215e-05
1.44426e-05
1.48579e-05
1.5362e-05
1.59384e-05
1.65679e-05
1.72498e-05
1.78153e-05
1.85843e-05
1.93614e-05
2.0138e-05
2.0943e-05
2.17799e-05
2.2596e-05
2.33489e-05
2.40645e-05
2.47829e-05
2.5477e-05
2.58774e-05
2.59024e-05
2.59401e-05
2.59921e-05
2.60601e-05
2.6146e-05
2.62511e-05
2.63759e-05
2.65196e-05
2.66783e-05
2.68412e-05
2.69762e-05
2.15051e-05
2.69919e-05
3.23448e-05
3.26497e-05
3.26394e-05
3.24545e-05
3.1932e-05
3.13519e-05
3.09106e-05
3.05537e-05
3.02526e-05
2.99905e-05
2.97565e-05
2.95433e-05
2.93458e-05
2.91604e-05
2.89845e-05
2.88157e-05
2.86522e-05
2.84926e-05
2.83355e-05
2.81795e-05
2.80234e-05
2.7866e-05
2.77061e-05
2.75423e-05
2.73735e-05
2.71984e-05
2.70437e-05
2.69137e-05
2.68086e-05
2.67295e-05
2.66675e-05
2.66207e-05
2.65888e-05
2.65696e-05
2.5458e-05
2.44416e-05
2.33094e-05
2.23587e-05
2.17642e-05
2.10998e-05
2.03162e-05
1.96904e-05
1.93582e-05
1.9035e-05
1.89063e-05
1.89774e-05
1.89884e-05
1.93034e-05
1.97479e-05
2.03132e-05
2.09916e-05
2.17604e-05
2.25968e-05
2.35027e-05
2.44885e-05
2.55304e-05
2.61899e-05
2.61334e-05
2.60809e-05
2.60343e-05
2.59951e-05
2.59643e-05
2.59432e-05
2.59324e-05
2.59328e-05
2.59446e-05
2.59685e-05
2.60053e-05
2.60559e-05
2.61215e-05
2.62038e-05
2.63044e-05
2.64247e-05
2.65662e-05
2.6729e-05
2.69104e-05
2.71018e-05
2.72747e-05
2.7368e-05
2.7311e-05
3.28003e-05
3.2913e-05
3.27709e-05
3.25535e-05
3.20967e-05
3.15765e-05
3.11801e-05
3.08576e-05
3.05839e-05
3.03435e-05
3.01267e-05
2.9927e-05
2.974e-05
2.95625e-05
2.93918e-05
2.9226e-05
2.90636e-05
2.89034e-05
2.8744e-05
2.85844e-05
2.84234e-05
2.82604e-05
2.80942e-05
2.79241e-05
2.77499e-05
2.75726e-05
2.74233e-05
2.72956e-05
2.71867e-05
2.70947e-05
2.70178e-05
2.69556e-05
2.69062e-05
2.6868e-05
2.68404e-05
2.68207e-05
2.68079e-05
2.68001e-05
2.67944e-05
2.67893e-05
2.6702e-05
2.6309e-05
2.59634e-05
2.58483e-05
2.59861e-05
2.60615e-05
2.65132e-05
2.66298e-05
2.6587e-05
2.65395e-05
2.64877e-05
2.64323e-05
2.63749e-05
2.63164e-05
2.62582e-05
2.62013e-05
2.61471e-05
2.60969e-05
2.6052e-05
2.60136e-05
2.59829e-05
2.5961e-05
2.59489e-05
2.59475e-05
2.59575e-05
2.59795e-05
2.60143e-05
2.60627e-05
2.61259e-05
2.62054e-05
2.63025e-05
2.64187e-05
2.6556e-05
2.67161e-05
2.68998e-05
2.7106e-05
2.73286e-05
2.75443e-05
2.76928e-05
2.7621e-05
3.29551e-05
3.29415e-05
3.27255e-05
3.24157e-05
3.20046e-05
3.15579e-05
3.12221e-05
3.09492e-05
3.07164e-05
3.05099e-05
3.03212e-05
3.01448e-05
2.99769e-05
2.98148e-05
2.96563e-05
2.95e-05
2.93447e-05
2.91891e-05
2.90324e-05
2.88736e-05
2.87122e-05
2.85473e-05
2.83788e-05
2.82064e-05
2.80308e-05
2.78562e-05
2.77032e-05
2.75679e-05
2.7449e-05
2.73451e-05
2.72551e-05
2.71776e-05
2.71114e-05
2.70551e-05
2.70072e-05
2.69665e-05
2.6931e-05
2.68995e-05
2.68704e-05
2.68421e-05
2.68134e-05
2.6783e-05
2.67502e-05
2.67144e-05
2.66755e-05
2.66335e-05
2.65884e-05
2.65402e-05
2.64891e-05
2.64356e-05
2.63803e-05
2.6324e-05
2.62676e-05
2.62119e-05
2.61578e-05
2.61065e-05
2.6059e-05
2.60162e-05
2.59795e-05
2.59498e-05
2.59281e-05
2.59154e-05
2.59128e-05
2.59213e-05
2.59417e-05
2.59746e-05
2.60209e-05
2.60816e-05
2.61582e-05
2.62526e-05
2.63661e-05
2.65003e-05
2.6657e-05
2.68382e-05
2.70453e-05
2.72784e-05
2.75343e-05
2.77976e-05
2.80102e-05
2.79362e-05
3.27581e-05
3.26579e-05
3.24021e-05
3.20426e-05
3.16374e-05
3.12639e-05
3.09955e-05
3.07818e-05
3.0601e-05
3.04399e-05
3.02909e-05
3.0149e-05
3.00112e-05
2.98751e-05
2.97391e-05
2.96019e-05
2.94625e-05
2.932e-05
2.91735e-05
2.90224e-05
2.88659e-05
2.87038e-05
2.8536e-05
2.83629e-05
2.81854e-05
2.80052e-05
2.7844e-05
2.76993e-05
2.75696e-05
2.74535e-05
2.735e-05
2.72577e-05
2.71754e-05
2.7102e-05
2.70363e-05
2.6977e-05
2.69228e-05
2.68724e-05
2.68253e-05
2.67799e-05
2.67349e-05
2.66895e-05
2.66431e-05
2.65951e-05
2.65454e-05
2.64941e-05
2.6441e-05
2.63866e-05
2.63311e-05
2.6275e-05
2.62189e-05
2.61634e-05
2.61092e-05
2.60573e-05
2.60085e-05
2.59636e-05
2.59237e-05
2.58895e-05
2.58621e-05
2.58423e-05
2.5831e-05
2.58292e-05
2.58377e-05
2.5858e-05
2.58908e-05
2.5937e-05
2.59976e-05
2.60737e-05
2.61671e-05
2.62795e-05
2.64126e-05
2.65679e-05
2.67473e-05
2.69529e-05
2.71864e-05
2.74485e-05
2.77392e-05
2.80516e-05
2.8335e-05
2.82703e-05
3.21848e-05
3.19991e-05
3.17154e-05
3.13668e-05
3.09963e-05
3.0691e-05
3.04854e-05
3.03289e-05
3.02014e-05
3.00899e-05
2.99864e-05
2.98865e-05
2.97872e-05
2.96865e-05
2.95828e-05
2.94748e-05
2.93616e-05
2.92421e-05
2.91156e-05
2.89814e-05
2.88391e-05
2.86889e-05
2.85311e-05
2.83662e-05
2.81954e-05
2.80206e-05
2.78545e-05
2.77033e-05
2.75663e-05
2.74421e-05
2.73289e-05
2.72256e-05
2.71308e-05
2.70436e-05
2.69629e-05
2.6888e-05
2.6818e-05
2.67525e-05
2.66904e-05
2.66306e-05
2.65723e-05
2.65149e-05
2.64576e-05
2.64002e-05
2.63426e-05
2.62849e-05
2.62271e-05
2.61695e-05
2.61125e-05
2.60562e-05
2.60013e-05
2.59481e-05
2.58975e-05
2.58502e-05
2.58074e-05
2.577e-05
2.5739e-05
2.5715e-05
2.56989e-05
2.56918e-05
2.56944e-05
2.57076e-05
2.57326e-05
2.57703e-05
2.58215e-05
2.58866e-05
2.59661e-05
2.60609e-05
2.61732e-05
2.63053e-05
2.64597e-05
2.66384e-05
2.68427e-05
2.70754e-05
2.7338e-05
2.76309e-05
2.79565e-05
2.83177e-05
2.86796e-05
2.86292e-05
3.12659e-05
3.10539e-05
3.0768e-05
3.04409e-05
3.0108e-05
2.9877e-05
2.97252e-05
2.9616e-05
2.95313e-05
2.94596e-05
2.93936e-05
2.93298e-05
2.92654e-05
2.91985e-05
2.91275e-05
2.90512e-05
2.89683e-05
2.88781e-05
2.87794e-05
2.86717e-05
2.85546e-05
2.84285e-05
2.82936e-05
2.81506e-05
2.80005e-05
2.78448e-05
2.76856e-05
2.75342e-05
2.73944e-05
2.72661e-05
2.71478e-05
2.70382e-05
2.69365e-05
2.68419e-05
2.67536e-05
2.66708e-05
2.65927e-05
2.65187e-05
2.64479e-05
2.63796e-05
2.6313e-05
2.62477e-05
2.61835e-05
2.61203e-05
2.60581e-05
2.59973e-05
2.59381e-05
2.5881e-05
2.58262e-05
2.57742e-05
2.57251e-05
2.56794e-05
2.56375e-05
2.55999e-05
2.55673e-05
2.55405e-05
2.55216e-05
2.5511e-05
2.55095e-05
2.55182e-05
2.55379e-05
2.55692e-05
2.56127e-05
2.56696e-05
2.57407e-05
2.58267e-05
2.59281e-05
2.60453e-05
2.61799e-05
2.63343e-05
2.65111e-05
2.67135e-05
2.69448e-05
2.72073e-05
2.75039e-05
2.78344e-05
2.81923e-05
2.85924e-05
2.90527e-05
2.90213e-05
3.02114e-05
2.99841e-05
2.9703e-05
2.9405e-05
2.9133e-05
2.89585e-05
2.88422e-05
2.87601e-05
2.86977e-05
2.86459e-05
2.85995e-05
2.85549e-05
2.85096e-05
2.84618e-05
2.84103e-05
2.83541e-05
2.82925e-05
2.82246e-05
2.81498e-05
2.80678e-05
2.79784e-05
2.78816e-05
2.77775e-05
2.76666e-05
2.75494e-05
2.74268e-05
2.72998e-05
2.71702e-05
2.70396e-05
2.69166e-05
2.68019e-05
2.66949e-05
2.65952e-05
2.6502e-05
2.64144e-05
2.63317e-05
2.6253e-05
2.61777e-05
2.61052e-05
2.6035e-05
2.59668e-05
2.59003e-05
2.58355e-05
2.57724e-05
2.5711e-05
2.56517e-05
2.55938e-05
2.55402e-05
2.54916e-05
2.54483e-05
2.54105e-05
2.53784e-05
2.53523e-05
2.53326e-05
2.53198e-05
2.53143e-05
2.53165e-05
2.53271e-05
2.53472e-05
2.53774e-05
2.54186e-05
2.54716e-05
2.55371e-05
2.56161e-05
2.57092e-05
2.58168e-05
2.59398e-05
2.60795e-05
2.62374e-05
2.64157e-05
2.66168e-05
2.68442e-05
2.7101e-05
2.73905e-05
2.77161e-05
2.80777e-05
2.84713e-05
2.89166e-05
2.94597e-05
2.94721e-05
2.91615e-05
2.89515e-05
2.86885e-05
2.84132e-05
2.82089e-05
2.80667e-05
2.7968e-05
2.78958e-05
2.78399e-05
2.7794e-05
2.77535e-05
2.77152e-05
2.76767e-05
2.76364e-05
2.75932e-05
2.75464e-05
2.74952e-05
2.74395e-05
2.73789e-05
2.73132e-05
2.72424e-05
2.71666e-05
2.7086e-05
2.7001e-05
2.69122e-05
2.68204e-05
2.67264e-05
2.6631e-05
2.65351e-05
2.64394e-05
2.63448e-05
2.62518e-05
2.6161e-05
2.60728e-05
2.59877e-05
2.59058e-05
2.58275e-05
2.57529e-05
2.56821e-05
2.56152e-05
2.55522e-05
2.54931e-05
2.54379e-05
2.53867e-05
2.53396e-05
2.52967e-05
2.5258e-05
2.52239e-05
2.51946e-05
2.51703e-05
2.51513e-05
2.51379e-05
2.51306e-05
2.51296e-05
2.51355e-05
2.51484e-05
2.51693e-05
2.51989e-05
2.52379e-05
2.5287e-05
2.53473e-05
2.54196e-05
2.55048e-05
2.56038e-05
2.57173e-05
2.58461e-05
2.59912e-05
2.6154e-05
2.6336e-05
2.65394e-05
2.67669e-05
2.70216e-05
2.73067e-05
2.76256e-05
2.79816e-05
2.83756e-05
2.88049e-05
2.9291e-05
2.99005e-05
2.9982e-05
2.81451e-05
2.79845e-05
2.77484e-05
2.75386e-05
2.73827e-05
2.72656e-05
2.71784e-05
2.71111e-05
2.70578e-05
2.70134e-05
2.6974e-05
2.69369e-05
2.69001e-05
2.6862e-05
2.68216e-05
2.67782e-05
2.67314e-05
2.66808e-05
2.66263e-05
2.6568e-05
2.6506e-05
2.64405e-05
2.6372e-05
2.63007e-05
2.62272e-05
2.6152e-05
2.60758e-05
2.59992e-05
2.59226e-05
2.58469e-05
2.57723e-05
2.56996e-05
2.56291e-05
2.55612e-05
2.54961e-05
2.54341e-05
2.53754e-05
2.532e-05
2.52682e-05
2.52198e-05
2.5175e-05
2.51338e-05
2.50963e-05
2.50626e-05
2.50327e-05
2.50067e-05
2.4985e-05
2.49677e-05
2.49551e-05
2.49475e-05
2.49451e-05
2.49483e-05
2.49577e-05
2.49735e-05
2.4996e-05
2.50261e-05
2.50643e-05
2.51113e-05
2.51679e-05
2.5235e-05
2.53136e-05
2.54047e-05
2.55091e-05
2.56278e-05
2.57617e-05
2.59119e-05
2.60795e-05
2.62658e-05
2.64726e-05
2.67022e-05
2.69572e-05
2.72408e-05
2.7556e-05
2.79064e-05
2.82954e-05
2.87245e-05
2.91921e-05
2.97179e-05
3.03632e-05
3.0552e-05
2.71283e-05
2.70514e-05
2.69147e-05
2.67753e-05
2.66588e-05
2.65642e-05
2.64892e-05
2.64295e-05
2.63808e-05
2.63396e-05
2.63028e-05
2.62684e-05
2.62345e-05
2.61999e-05
2.61638e-05
2.61253e-05
2.60843e-05
2.60403e-05
2.59933e-05
2.59435e-05
2.58909e-05
2.58358e-05
2.57785e-05
2.57196e-05
2.56593e-05
2.55982e-05
2.55369e-05
2.54758e-05
2.54154e-05
2.53561e-05
2.52984e-05
2.52427e-05
2.51892e-05
2.51383e-05
2.50901e-05
2.50447e-05
2.50025e-05
2.49634e-05
2.49275e-05
2.48949e-05
2.48656e-05
2.48398e-05
2.48175e-05
2.47988e-05
2.47838e-05
2.47727e-05
2.47658e-05
2.47633e-05
2.47655e-05
2.47726e-05
2.47851e-05
2.48035e-05
2.48279e-05
2.48589e-05
2.4897e-05
2.4943e-05
2.49973e-05
2.50608e-05
2.51343e-05
2.52187e-05
2.53152e-05
2.54246e-05
2.5548e-05
2.56864e-05
2.5841e-05
2.60129e-05
2.62034e-05
2.6414e-05
2.66465e-05
2.69034e-05
2.71873e-05
2.75013e-05
2.78486e-05
2.82328e-05
2.86575e-05
2.91247e-05
2.96338e-05
3.02034e-05
3.08892e-05
3.11832e-05
2.62801e-05
2.62655e-05
2.61928e-05
2.61041e-05
2.60205e-05
2.59478e-05
2.58877e-05
2.5838e-05
2.57964e-05
2.57604e-05
2.57278e-05
2.56971e-05
2.5667e-05
2.56364e-05
2.56047e-05
2.55713e-05
2.55359e-05
2.54983e-05
2.54586e-05
2.54167e-05
2.53729e-05
2.53274e-05
2.52805e-05
2.52327e-05
2.51843e-05
2.51358e-05
2.50875e-05
2.504e-05
2.49935e-05
2.49485e-05
2.49052e-05
2.4864e-05
2.48251e-05
2.47887e-05
2.47549e-05
2.47239e-05
2.46957e-05
2.46706e-05
2.46485e-05
2.46295e-05
2.46137e-05
2.46012e-05
2.45922e-05
2.45866e-05
2.45848e-05
2.45869e-05
2.45932e-05
2.46039e-05
2.46194e-05
2.464e-05
2.46662e-05
2.46982e-05
2.47367e-05
2.4782e-05
2.48349e-05
2.48958e-05
2.49656e-05
2.50449e-05
2.51349e-05
2.52364e-05
2.53504e-05
2.54781e-05
2.56206e-05
2.57791e-05
2.59548e-05
2.61489e-05
2.6363e-05
2.65988e-05
2.68582e-05
2.71436e-05
2.74578e-05
2.7804e-05
2.81855e-05
2.86059e-05
2.90691e-05
2.95775e-05
3.01315e-05
3.07484e-05
3.14793e-05
3.18778e-05
2.55649e-05
2.55872e-05
2.55578e-05
2.55068e-05
2.54525e-05
2.54019e-05
2.53578e-05
2.532e-05
2.52874e-05
2.52584e-05
2.52317e-05
2.52061e-05
2.51808e-05
2.51549e-05
2.5128e-05
2.50997e-05
2.50699e-05
2.50385e-05
2.50054e-05
2.49709e-05
2.49352e-05
2.48984e-05
2.48609e-05
2.48232e-05
2.47854e-05
2.47481e-05
2.47115e-05
2.4676e-05
2.46419e-05
2.46094e-05
2.45788e-05
2.45504e-05
2.45242e-05
2.45004e-05
2.44792e-05
2.44607e-05
2.44449e-05
2.44319e-05
2.44219e-05
2.44149e-05
2.4411e-05
2.44103e-05
2.4413e-05
2.44192e-05
2.44292e-05
2.44432e-05
2.44614e-05
2.44842e-05
2.4512e-05
2.45451e-05
2.45839e-05
2.46289e-05
2.46806e-05
2.47397e-05
2.48066e-05
2.4882e-05
2.49669e-05
2.50619e-05
2.51682e-05
2.52866e-05
2.54184e-05
2.55646e-05
2.57266e-05
2.59057e-05
2.61031e-05
2.63203e-05
2.6559e-05
2.68211e-05
2.71086e-05
2.7424e-05
2.77704e-05
2.81508e-05
2.85687e-05
2.9028e-05
2.95325e-05
3.00854e-05
3.06877e-05
3.13558e-05
3.2136e-05
3.26388e-05
2.49426e-05
2.49901e-05
2.49932e-05
2.49734e-05
2.4945e-05
2.49149e-05
2.48867e-05
2.48611e-05
2.48381e-05
2.48169e-05
2.47968e-05
2.47771e-05
2.47572e-05
2.47367e-05
2.47151e-05
2.46924e-05
2.46685e-05
2.46433e-05
2.46171e-05
2.459e-05
2.45621e-05
2.45338e-05
2.45054e-05
2.44772e-05
2.44495e-05
2.44226e-05
2.43967e-05
2.43722e-05
2.43493e-05
2.43281e-05
2.43089e-05
2.42917e-05
2.42769e-05
2.42643e-05
2.42542e-05
2.42467e-05
2.42418e-05
2.42396e-05
2.42403e-05
2.42439e-05
2.42506e-05
2.42605e-05
2.42738e-05
2.42908e-05
2.43115e-05
2.43364e-05
2.43657e-05
2.43998e-05
2.44391e-05
2.4484e-05
2.45349e-05
2.45924e-05
2.4657e-05
2.47293e-05
2.481e-05
2.48999e-05
2.49997e-05
2.51105e-05
2.52331e-05
2.53687e-05
2.55186e-05
2.56839e-05
2.58661e-05
2.60664e-05
2.62865e-05
2.65279e-05
2.67925e-05
2.70822e-05
2.73994e-05
2.77466e-05
2.81271e-05
2.85439e-05
2.90009e-05
2.95018e-05
3.00509e-05
3.06516e-05
3.1306e-05
3.20293e-05
3.28635e-05
3.34708e-05
2.43992e-05
2.44639e-05
2.44916e-05
2.4497e-05
2.44909e-05
2.44794e-05
2.44661e-05
2.44526e-05
2.44394e-05
2.44264e-05
2.44134e-05
2.44e-05
2.43861e-05
2.43713e-05
2.43556e-05
2.43389e-05
2.43212e-05
2.43027e-05
2.42835e-05
2.42638e-05
2.42439e-05
2.4224e-05
2.42044e-05
2.41854e-05
2.41672e-05
2.41501e-05
2.41342e-05
2.41198e-05
2.41071e-05
2.40962e-05
2.40872e-05
2.40802e-05
2.40754e-05
2.40728e-05
2.40726e-05
2.40749e-05
2.40797e-05
2.40872e-05
2.40975e-05
2.41107e-05
2.4127e-05
2.41467e-05
2.41698e-05
2.41966e-05
2.42275e-05
2.42627e-05
2.43025e-05
2.43474e-05
2.43977e-05
2.44539e-05
2.45166e-05
2.45863e-05
2.46636e-05
2.47491e-05
2.48437e-05
2.4948e-05
2.5063e-05
2.51897e-05
2.53291e-05
2.54825e-05
2.56511e-05
2.58362e-05
2.60394e-05
2.62621e-05
2.6506e-05
2.67729e-05
2.70648e-05
2.73839e-05
2.77326e-05
2.81137e-05
2.85305e-05
2.89863e-05
2.94851e-05
3.00307e-05
3.06278e-05
3.12803e-05
3.19907e-05
3.27735e-05
3.36666e-05
3.43791e-05
2.39247e-05
2.40005e-05
2.40459e-05
2.40709e-05
2.40832e-05
2.40879e-05
2.40884e-05
2.40865e-05
2.40831e-05
2.40785e-05
2.4073e-05
2.40665e-05
2.4059e-05
2.40506e-05
2.40412e-05
2.4031e-05
2.402e-05
2.40086e-05
2.39967e-05
2.39848e-05
2.3973e-05
2.39615e-05
2.39506e-05
2.39405e-05
2.39314e-05
2.39235e-05
2.39169e-05
2.39119e-05
2.39084e-05
2.39067e-05
2.39069e-05
2.39091e-05
2.39133e-05
2.39197e-05
2.39284e-05
2.39395e-05
2.39531e-05
2.39694e-05
2.39885e-05
2.40106e-05
2.40359e-05
2.40646e-05
2.40969e-05
2.41332e-05
2.41737e-05
2.42187e-05
2.42687e-05
2.4324e-05
2.43851e-05
2.44526e-05
2.4527e-05
2.46089e-05
2.4699e-05
2.47979e-05
2.49065e-05
2.50256e-05
2.51562e-05
2.52993e-05
2.54562e-05
2.5628e-05
2.58161e-05
2.60221e-05
2.62474e-05
2.64937e-05
2.67629e-05
2.70569e-05
2.73779e-05
2.77282e-05
2.81105e-05
2.85279e-05
2.89836e-05
2.94812e-05
3.00248e-05
3.06187e-05
3.12676e-05
3.19758e-05
3.27467e-05
3.35936e-05
3.45509e-05
3.53699e-05
2.35115e-05
2.35937e-05
2.36513e-05
2.36908e-05
2.37178e-05
2.37363e-05
2.3749e-05
2.37579e-05
2.37641e-05
2.37681e-05
2.37704e-05
2.37713e-05
2.37709e-05
2.37695e-05
2.37671e-05
2.37639e-05
2.37602e-05
2.37562e-05
2.3752e-05
2.3748e-05
2.37442e-05
2.3741e-05
2.37384e-05
2.37368e-05
2.37362e-05
2.37368e-05
2.37388e-05
2.37422e-05
2.37472e-05
2.37539e-05
2.37624e-05
2.37728e-05
2.37852e-05
2.37998e-05
2.38166e-05
2.38358e-05
2.38575e-05
2.3882e-05
2.39093e-05
2.39398e-05
2.39736e-05
2.40109e-05
2.40521e-05
2.40975e-05
2.41473e-05
2.4202e-05
2.4262e-05
2.43277e-05
2.43997e-05
2.44785e-05
2.45647e-05
2.4659e-05
2.47621e-05
2.48747e-05
2.49978e-05
2.51322e-05
2.5279e-05
2.54393e-05
2.56144e-05
2.58056e-05
2.60144e-05
2.62424e-05
2.64912e-05
2.67627e-05
2.70588e-05
2.73818e-05
2.77339e-05
2.81177e-05
2.8536e-05
2.89922e-05
2.94896e-05
3.00322e-05
3.06242e-05
3.12701e-05
3.19748e-05
3.27431e-05
3.3579e-05
3.44952e-05
3.55223e-05
3.64495e-05
2.31539e-05
2.32395e-05
2.33053e-05
2.33555e-05
2.3394e-05
2.34238e-05
2.34473e-05
2.3466e-05
2.34813e-05
2.34937e-05
2.3504e-05
2.35125e-05
2.35195e-05
2.35254e-05
2.35303e-05
2.35345e-05
2.35382e-05
2.35417e-05
2.35451e-05
2.35488e-05
2.35528e-05
2.35575e-05
2.35628e-05
2.35691e-05
2.35764e-05
2.35848e-05
2.35946e-05
2.36057e-05
2.36184e-05
2.36327e-05
2.36488e-05
2.36667e-05
2.36867e-05
2.37087e-05
2.37331e-05
2.37599e-05
2.37893e-05
2.38215e-05
2.38567e-05
2.38952e-05
2.39372e-05
2.3983e-05
2.40328e-05
2.40872e-05
2.41463e-05
2.42107e-05
2.42807e-05
2.4357e-05
2.444e-05
2.45303e-05
2.46287e-05
2.47357e-05
2.48523e-05
2.49792e-05
2.51174e-05
2.52678e-05
2.54317e-05
2.56101e-05
2.58045e-05
2.60163e-05
2.62471e-05
2.64985e-05
2.67724e-05
2.70708e-05
2.73958e-05
2.77498e-05
2.81352e-05
2.8555e-05
2.90121e-05
2.951e-05
3.00524e-05
3.06434e-05
3.12874e-05
3.19894e-05
3.27544e-05
3.35875e-05
3.44934e-05
3.5484e-05
3.65868e-05
3.76245e-05
2.28466e-05
2.29338e-05
2.30049e-05
2.30629e-05
2.31103e-05
2.31494e-05
2.3182e-05
2.32097e-05
2.32333e-05
2.32539e-05
2.3272e-05
2.3288e-05
2.33024e-05
2.33156e-05
2.33278e-05
2.33393e-05
2.33503e-05
2.33611e-05
2.3372e-05
2.3383e-05
2.33944e-05
2.34064e-05
2.34191e-05
2.34326e-05
2.34472e-05
2.34628e-05
2.34797e-05
2.3498e-05
2.35177e-05
2.3539e-05
2.35621e-05
2.35871e-05
2.3614e-05
2.36432e-05
2.36747e-05
2.37087e-05
2.37455e-05
2.37852e-05
2.38281e-05
2.38744e-05
2.39245e-05
2.39787e-05
2.40373e-05
2.41006e-05
2.41692e-05
2.42434e-05
2.43237e-05
2.44108e-05
2.45051e-05
2.46075e-05
2.47184e-05
2.48389e-05
2.49696e-05
2.51115e-05
2.52656e-05
2.5433e-05
2.56149e-05
2.58126e-05
2.60275e-05
2.62613e-05
2.65155e-05
2.6792e-05
2.70928e-05
2.74201e-05
2.77762e-05
2.81635e-05
2.85849e-05
2.90434e-05
2.95422e-05
3.0085e-05
3.06759e-05
3.13191e-05
3.20193e-05
3.27816e-05
3.36116e-05
3.45146e-05
3.54957e-05
3.65663e-05
3.77509e-05
3.89017e-05
2.25838e-05
2.26717e-05
2.27466e-05
2.28102e-05
2.28646e-05
2.29113e-05
2.29517e-05
2.29871e-05
2.30185e-05
2.30466e-05
2.3072e-05
2.30953e-05
2.31169e-05
2.31372e-05
2.31564e-05
2.31749e-05
2.3193e-05
2.32108e-05
2.32286e-05
2.32465e-05
2.32648e-05
2.32836e-05
2.33031e-05
2.33233e-05
2.33446e-05
2.33669e-05
2.33904e-05
2.34152e-05
2.34415e-05
2.34694e-05
2.34991e-05
2.35307e-05
2.35644e-05
2.36003e-05
2.36387e-05
2.36798e-05
2.37238e-05
2.37709e-05
2.38214e-05
2.38757e-05
2.3934e-05
2.39966e-05
2.4064e-05
2.41366e-05
2.42149e-05
2.42992e-05
2.43903e-05
2.44886e-05
2.45948e-05
2.47097e-05
2.4834e-05
2.49685e-05
2.51142e-05
2.5272e-05
2.5443e-05
2.56285e-05
2.58296e-05
2.60479e-05
2.62848e-05
2.65421e-05
2.68215e-05
2.71251e-05
2.74549e-05
2.78133e-05
2.82028e-05
2.86261e-05
2.90863e-05
2.95865e-05
3.01303e-05
3.07216e-05
3.13647e-05
3.20641e-05
3.28249e-05
3.36524e-05
3.45522e-05
3.55303e-05
3.65921e-05
3.77483e-05
3.90209e-05
4.02875e-05
2.23601e-05
2.24484e-05
2.25259e-05
2.25939e-05
2.26538e-05
2.27067e-05
2.27538e-05
2.27961e-05
2.28343e-05
2.28693e-05
2.29016e-05
2.29317e-05
2.29601e-05
2.29871e-05
2.3013e-05
2.30381e-05
2.30627e-05
2.3087e-05
2.31113e-05
2.31356e-05
2.31603e-05
2.31854e-05
2.32112e-05
2.32377e-05
2.32652e-05
2.32936e-05
2.33233e-05
2.33544e-05
2.33869e-05
2.34211e-05
2.34571e-05
2.34952e-05
2.35354e-05
2.3578e-05
2.36232e-05
2.36713e-05
2.37225e-05
2.37771e-05
2.38354e-05
2.38977e-05
2.39643e-05
2.40357e-05
2.41123e-05
2.41945e-05
2.42829e-05
2.43779e-05
2.44801e-05
2.45903e-05
2.47091e-05
2.48372e-05
2.49756e-05
2.51251e-05
2.52868e-05
2.54616e-05
2.56507e-05
2.58555e-05
2.60774e-05
2.63177e-05
2.65783e-05
2.68609e-05
2.71675e-05
2.75002e-05
2.78612e-05
2.82532e-05
2.86788e-05
2.9141e-05
2.9643e-05
3.01883e-05
3.07807e-05
3.14244e-05
3.21238e-05
3.28839e-05
3.37099e-05
3.46074e-05
3.55824e-05
3.6641e-05
3.7789e-05
3.90365e-05
4.0403e-05
4.17883e-05
2.21699e-05
2.22588e-05
2.23384e-05
2.241e-05
2.24744e-05
2.25326e-05
2.25854e-05
2.26336e-05
2.26781e-05
2.27193e-05
2.27579e-05
2.27942e-05
2.28288e-05
2.2862e-05
2.28941e-05
2.29254e-05
2.29561e-05
2.29865e-05
2.30168e-05
2.30471e-05
2.30777e-05
2.31088e-05
2.31404e-05
2.31728e-05
2.32061e-05
2.32405e-05
2.32761e-05
2.33131e-05
2.33516e-05
2.33919e-05
2.34342e-05
2.34786e-05
2.35253e-05
2.35746e-05
2.36267e-05
2.36819e-05
2.37405e-05
2.38028e-05
2.3869e-05
2.39396e-05
2.4015e-05
2.40955e-05
2.41817e-05
2.4274e-05
2.4373e-05
2.44793e-05
2.45934e-05
2.47162e-05
2.48484e-05
2.49907e-05
2.51442e-05
2.53098e-05
2.54885e-05
2.56816e-05
2.58902e-05
2.61159e-05
2.636e-05
2.66242e-05
2.69103e-05
2.72202e-05
2.75561e-05
2.79202e-05
2.83151e-05
2.87434e-05
2.92081e-05
2.97123e-05
3.02596e-05
3.08535e-05
3.14984e-05
3.21985e-05
3.29587e-05
3.37841e-05
3.46802e-05
3.5653e-05
3.67085e-05
3.78532e-05
3.90929e-05
4.04373e-05
4.19035e-05
4.341e-05
2.20081e-05
2.20977e-05
2.21795e-05
2.22542e-05
2.23225e-05
2.23852e-05
2.2443e-05
2.24966e-05
2.25465e-05
2.25934e-05
2.26377e-05
2.26798e-05
2.27201e-05
2.27591e-05
2.27969e-05
2.28338e-05
2.28702e-05
2.29063e-05
2.29421e-05
2.29781e-05
2.30143e-05
2.30509e-05
2.30881e-05
2.31261e-05
2.31651e-05
2.32051e-05
2.32465e-05
2.32894e-05
2.33339e-05
2.33803e-05
2.34288e-05
2.34796e-05
2.35329e-05
2.3589e-05
2.36482e-05
2.37108e-05
2.3777e-05
2.38472e-05
2.39218e-05
2.40012e-05
2.40857e-05
2.41759e-05
2.42723e-05
2.43753e-05
2.44857e-05
2.46039e-05
2.47308e-05
2.48671e-05
2.50136e-05
2.51713e-05
2.5341e-05
2.55238e-05
2.5721e-05
2.59338e-05
2.61635e-05
2.64116e-05
2.66797e-05
2.69697e-05
2.72834e-05
2.76229e-05
2.79906e-05
2.83888e-05
2.88202e-05
2.92878e-05
2.97948e-05
3.03445e-05
3.09406e-05
3.15872e-05
3.22887e-05
3.30497e-05
3.38753e-05
3.4771e-05
3.57424e-05
3.67958e-05
3.79373e-05
3.91735e-05
4.05105e-05
4.19571e-05
4.3528e-05
4.51576e-05
2.18697e-05
2.19607e-05
2.20446e-05
2.21222e-05
2.21941e-05
2.22609e-05
2.23232e-05
2.23816e-05
2.24365e-05
2.24885e-05
2.2538e-05
2.25854e-05
2.2631e-05
2.26753e-05
2.27184e-05
2.27607e-05
2.28024e-05
2.28437e-05
2.2885e-05
2.29262e-05
2.29678e-05
2.30098e-05
2.30524e-05
2.30959e-05
2.31404e-05
2.31861e-05
2.32332e-05
2.32819e-05
2.33324e-05
2.3385e-05
2.34399e-05
2.34972e-05
2.35574e-05
2.36206e-05
2.36872e-05
2.37574e-05
2.38317e-05
2.39103e-05
2.39938e-05
2.40824e-05
2.41768e-05
2.42773e-05
2.43845e-05
2.44991e-05
2.46216e-05
2.47528e-05
2.48934e-05
2.50442e-05
2.52062e-05
2.53803e-05
2.55676e-05
2.57691e-05
2.59863e-05
2.62203e-05
2.64728e-05
2.67452e-05
2.70395e-05
2.73573e-05
2.77009e-05
2.80725e-05
2.84746e-05
2.89097e-05
2.93808e-05
2.9891e-05
3.04437e-05
3.10425e-05
3.16916e-05
3.2395e-05
3.31576e-05
3.39842e-05
3.48802e-05
3.58512e-05
3.69033e-05
3.80427e-05
3.92757e-05
4.06089e-05
4.20481e-05
4.36014e-05
4.52813e-05
4.70348e-05
2.17507e-05
2.18434e-05
2.19296e-05
2.20102e-05
2.20855e-05
2.21562e-05
2.22226e-05
2.22854e-05
2.23449e-05
2.24016e-05
2.2456e-05
2.25083e-05
2.25589e-05
2.26081e-05
2.26563e-05
2.27037e-05
2.27504e-05
2.27969e-05
2.28432e-05
2.28897e-05
2.29364e-05
2.29837e-05
2.30317e-05
2.30806e-05
2.31307e-05
2.31821e-05
2.3235e-05
2.32897e-05
2.33465e-05
2.34055e-05
2.34669e-05
2.35312e-05
2.35985e-05
2.36692e-05
2.37435e-05
2.38219e-05
2.39048e-05
2.39924e-05
2.40853e-05
2.41839e-05
2.42887e-05
2.44003e-05
2.45193e-05
2.46463e-05
2.47819e-05
2.49271e-05
2.50825e-05
2.52491e-05
2.54279e-05
2.56198e-05
2.58261e-05
2.60479e-05
2.62867e-05
2.65439e-05
2.68211e-05
2.71199e-05
2.74424e-05
2.77906e-05
2.81667e-05
2.85731e-05
2.90124e-05
2.94875e-05
3.00016e-05
3.05579e-05
3.11601e-05
3.18122e-05
3.25184e-05
3.32832e-05
3.41115e-05
3.50087e-05
3.59802e-05
3.7032e-05
3.81701e-05
3.94009e-05
4.07307e-05
4.21657e-05
4.37117e-05
4.53755e-05
4.71672e-05
4.9044e-05
2.16475e-05
2.17423e-05
2.18312e-05
2.19148e-05
2.19935e-05
2.20679e-05
2.21383e-05
2.22052e-05
2.22691e-05
2.23303e-05
2.23892e-05
2.24462e-05
2.25016e-05
2.25556e-05
2.26086e-05
2.26609e-05
2.27126e-05
2.2764e-05
2.28154e-05
2.2867e-05
2.2919e-05
2.29716e-05
2.3025e-05
2.30795e-05
2.31353e-05
2.31925e-05
2.32515e-05
2.33125e-05
2.33757e-05
2.34414e-05
2.35099e-05
2.35814e-05
2.36563e-05
2.3735e-05
2.38177e-05
2.39048e-05
2.39968e-05
2.40941e-05
2.41972e-05
2.43065e-05
2.44227e-05
2.45463e-05
2.4678e-05
2.48184e-05
2.49683e-05
2.51286e-05
2.53002e-05
2.54839e-05
2.56808e-05
2.58922e-05
2.61191e-05
2.6363e-05
2.66253e-05
2.69076e-05
2.72117e-05
2.75393e-05
2.78925e-05
2.82736e-05
2.86849e-05
2.91291e-05
2.96089e-05
3.01274e-05
3.06881e-05
3.12944e-05
3.19502e-05
3.26598e-05
3.34276e-05
3.42586e-05
3.51577e-05
3.61306e-05
3.71829e-05
3.83207e-05
3.95502e-05
4.08776e-05
4.2309e-05
4.38503e-05
4.55064e-05
4.72831e-05
4.91877e-05
5.1185e-05
2.15573e-05
2.16546e-05
2.17464e-05
2.18331e-05
2.19153e-05
2.19934e-05
2.20677e-05
2.21388e-05
2.22069e-05
2.22724e-05
2.23358e-05
2.23974e-05
2.24574e-05
2.25161e-05
2.25739e-05
2.2631e-05
2.26876e-05
2.27441e-05
2.28006e-05
2.28574e-05
2.29147e-05
2.29728e-05
2.30318e-05
2.30921e-05
2.31538e-05
2.32172e-05
2.32826e-05
2.33501e-05
2.34202e-05
2.34931e-05
2.3569e-05
2.36484e-05
2.37314e-05
2.38186e-05
2.39103e-05
2.40069e-05
2.41088e-05
2.42166e-05
2.43307e-05
2.44517e-05
2.45802e-05
2.47169e-05
2.48623e-05
2.50174e-05
2.51829e-05
2.53597e-05
2.55487e-05
2.57511e-05
2.59679e-05
2.62003e-05
2.64498e-05
2.67177e-05
2.70057e-05
2.73153e-05
2.76486e-05
2.80075e-05
2.83941e-05
2.8811e-05
2.92606e-05
2.97458e-05
3.02695e-05
3.08352e-05
3.14463e-05
3.21067e-05
3.28205e-05
3.35922e-05
3.44266e-05
3.53286e-05
3.63037e-05
3.73576e-05
3.84961e-05
3.97252e-05
4.10512e-05
4.24799e-05
4.40171e-05
4.56679e-05
4.74363e-05
4.93263e-05
5.13424e-05
5.34547e-05
2.1478e-05
2.15782e-05
2.16731e-05
2.17632e-05
2.1849e-05
2.19308e-05
2.20091e-05
2.20842e-05
2.21566e-05
2.22265e-05
2.22943e-05
2.23604e-05
2.2425e-05
2.24885e-05
2.25511e-05
2.26132e-05
2.26748e-05
2.27364e-05
2.27982e-05
2.28604e-05
2.29233e-05
2.29871e-05
2.3052e-05
2.31184e-05
2.31864e-05
2.32563e-05
2.33285e-05
2.34032e-05
2.34806e-05
2.35612e-05
2.36452e-05
2.37329e-05
2.38248e-05
2.39213e-05
2.40227e-05
2.41296e-05
2.42423e-05
2.43615e-05
2.44876e-05
2.46213e-05
2.47633e-05
2.49141e-05
2.50747e-05
2.52457e-05
2.54281e-05
2.56229e-05
2.58311e-05
2.60538e-05
2.62922e-05
2.65477e-05
2.68217e-05
2.71158e-05
2.74317e-05
2.77712e-05
2.81363e-05
2.85292e-05
2.89523e-05
2.94081e-05
2.98993e-05
3.0429e-05
3.10005e-05
3.16173e-05
3.22831e-05
3.3002e-05
3.37784e-05
3.46171e-05
3.5523e-05
3.65013e-05
3.75577e-05
3.86979e-05
3.99277e-05
4.12533e-05
4.26803e-05
4.42143e-05
4.58605e-05
4.76227e-05
4.95037e-05
5.15051e-05
5.36283e-05
5.58466e-05
2.14082e-05
2.15115e-05
2.16098e-05
2.17035e-05
2.17931e-05
2.18788e-05
2.19611e-05
2.20405e-05
2.21171e-05
2.21915e-05
2.22639e-05
2.23346e-05
2.2404e-05
2.24724e-05
2.254e-05
2.26071e-05
2.2674e-05
2.2741e-05
2.28083e-05
2.28762e-05
2.29449e-05
2.30148e-05
2.3086e-05
2.31589e-05
2.32337e-05
2.33106e-05
2.33901e-05
2.34724e-05
2.35579e-05
2.36468e-05
2.37395e-05
2.38364e-05
2.3938e-05
2.40445e-05
2.41566e-05
2.42746e-05
2.43992e-05
2.45308e-05
2.467e-05
2.48176e-05
2.49743e-05
2.51407e-05
2.53177e-05
2.55062e-05
2.57072e-05
2.59216e-05
2.61507e-05
2.63956e-05
2.66577e-05
2.69384e-05
2.72392e-05
2.75619e-05
2.79082e-05
2.82802e-05
2.86801e-05
2.91101e-05
2.95727e-05
3.00708e-05
3.06074e-05
3.11855e-05
3.18088e-05
3.24809e-05
3.32059e-05
3.3988e-05
3.4832e-05
3.57427e-05
3.67254e-05
3.77853e-05
3.89283e-05
4.01599e-05
4.14861e-05
4.29125e-05
4.44445e-05
4.60869e-05
4.78435e-05
4.97171e-05
5.17083e-05
5.38161e-05
5.60382e-05
5.83494e-05
2.13472e-05
2.1454e-05
2.1556e-05
2.16535e-05
2.17469e-05
2.18368e-05
2.19233e-05
2.2007e-05
2.20881e-05
2.21671e-05
2.22442e-05
2.23198e-05
2.23942e-05
2.24676e-05
2.25405e-05
2.2613e-05
2.26854e-05
2.27581e-05
2.28313e-05
2.29053e-05
2.29803e-05
2.30567e-05
2.31347e-05
2.32146e-05
2.32967e-05
2.33813e-05
2.34687e-05
2.35593e-05
2.36534e-05
2.37514e-05
2.38537e-05
2.39606e-05
2.40727e-05
2.41903e-05
2.4314e-05
2.44443e-05
2.45817e-05
2.4727e-05
2.48806e-05
2.50434e-05
2.52162e-05
2.53996e-05
2.55947e-05
2.58023e-05
2.60236e-05
2.62596e-05
2.65115e-05
2.67807e-05
2.70687e-05
2.73769e-05
2.7707e-05
2.80609e-05
2.84405e-05
2.8848e-05
2.92857e-05
2.97561e-05
3.02619e-05
3.08061e-05
3.13919e-05
3.20226e-05
3.2702e-05
3.3434e-05
3.4223e-05
3.50734e-05
3.59901e-05
3.69781e-05
3.80428e-05
3.91897e-05
4.04243e-05
4.17523e-05
4.31793e-05
4.47102e-05
4.63499e-05
4.81019e-05
4.99687e-05
5.1951e-05
5.40469e-05
5.62524e-05
5.85608e-05
6.09469e-05
2.12949e-05
2.14055e-05
2.15113e-05
2.16128e-05
2.17105e-05
2.18046e-05
2.18956e-05
2.19839e-05
2.20697e-05
2.21535e-05
2.22356e-05
2.23163e-05
2.23959e-05
2.24748e-05
2.25532e-05
2.26314e-05
2.27098e-05
2.27886e-05
2.28682e-05
2.29487e-05
2.30305e-05
2.31139e-05
2.31993e-05
2.32868e-05
2.33769e-05
2.34698e-05
2.35659e-05
2.36656e-05
2.37692e-05
2.38772e-05
2.39899e-05
2.41078e-05
2.42313e-05
2.43611e-05
2.44975e-05
2.46413e-05
2.47929e-05
2.49531e-05
2.51226e-05
2.53021e-05
2.54925e-05
2.56946e-05
2.59094e-05
2.61381e-05
2.63816e-05
2.66412e-05
2.69182e-05
2.7214e-05
2.75303e-05
2.78686e-05
2.82308e-05
2.86188e-05
2.90348e-05
2.9481e-05
2.996e-05
3.04744e-05
3.10272e-05
3.16216e-05
3.22608e-05
3.29485e-05
3.36888e-05
3.44857e-05
3.53437e-05
3.62675e-05
3.72621e-05
3.83328e-05
3.94848e-05
4.07237e-05
4.20548e-05
4.34835e-05
4.50147e-05
4.66528e-05
4.84012e-05
5.02621e-05
5.22359e-05
5.43209e-05
5.65122e-05
5.88021e-05
6.11793e-05
6.36172e-05
2.12519e-05
2.13664e-05
2.14763e-05
2.15821e-05
2.16842e-05
2.17829e-05
2.18786e-05
2.19717e-05
2.20625e-05
2.21514e-05
2.22388e-05
2.2325e-05
2.24102e-05
2.24949e-05
2.25793e-05
2.26637e-05
2.27485e-05
2.28339e-05
2.29203e-05
2.30079e-05
2.30971e-05
2.31883e-05
2.32816e-05
2.33775e-05
2.34762e-05
2.35783e-05
2.36839e-05
2.37935e-05
2.39076e-05
2.40264e-05
2.41506e-05
2.42806e-05
2.44168e-05
2.45599e-05
2.47104e-05
2.48689e-05
2.50361e-05
2.52127e-05
2.53996e-05
2.55974e-05
2.58072e-05
2.60299e-05
2.62665e-05
2.65181e-05
2.6786e-05
2.70715e-05
2.7376e-05
2.77011e-05
2.80483e-05
2.84196e-05
2.88168e-05
2.92422e-05
2.96979e-05
3.01864e-05
3.07105e-05
3.12729e-05
3.18769e-05
3.25257e-05
3.3223e-05
3.39726e-05
3.47786e-05
3.56455e-05
3.65778e-05
3.75804e-05
3.86584e-05
3.98169e-05
4.10614e-05
4.23969e-05
4.38287e-05
4.53614e-05
4.6999e-05
4.87449e-05
5.06009e-05
5.25671e-05
5.46416e-05
5.68194e-05
5.90923e-05
6.14481e-05
6.38711e-05
6.63326e-05
2.12191e-05
2.13377e-05
2.1452e-05
2.15623e-05
2.16691e-05
2.17726e-05
2.18733e-05
2.19716e-05
2.20677e-05
2.21621e-05
2.22552e-05
2.23472e-05
2.24385e-05
2.25294e-05
2.26202e-05
2.27113e-05
2.28031e-05
2.28957e-05
2.29895e-05
2.30849e-05
2.31822e-05
2.32818e-05
2.33839e-05
2.34889e-05
2.35972e-05
2.37092e-05
2.38253e-05
2.39459e-05
2.40714e-05
2.42023e-05
2.43391e-05
2.44823e-05
2.46325e-05
2.47902e-05
2.49562e-05
2.5131e-05
2.53153e-05
2.55101e-05
2.5716e-05
2.59341e-05
2.61652e-05
2.64104e-05
2.66709e-05
2.69478e-05
2.72426e-05
2.75565e-05
2.78911e-05
2.82482e-05
2.86294e-05
2.90368e-05
2.94725e-05
2.99386e-05
3.04377e-05
3.09725e-05
3.15457e-05
3.21605e-05
3.28201e-05
3.35281e-05
3.42884e-05
3.51049e-05
3.59819e-05
3.69241e-05
3.79361e-05
3.90229e-05
4.01895e-05
4.1441e-05
4.27824e-05
4.42187e-05
4.57542e-05
4.73928e-05
4.91373e-05
5.09894e-05
5.29489e-05
5.50134e-05
5.71779e-05
5.94339e-05
6.17692e-05
6.41674e-05
6.66078e-05
6.90596e-05
2.11981e-05
2.13211e-05
2.144e-05
2.15551e-05
2.16668e-05
2.17754e-05
2.18814e-05
2.19852e-05
2.2087e-05
2.21873e-05
2.22865e-05
2.23848e-05
2.24826e-05
2.25803e-05
2.26781e-05
2.27765e-05
2.28758e-05
2.29763e-05
2.30783e-05
2.31822e-05
2.32883e-05
2.33971e-05
2.35088e-05
2.36239e-05
2.37428e-05
2.38658e-05
2.39933e-05
2.4126e-05
2.42641e-05
2.44083e-05
2.4559e-05
2.47169e-05
2.48824e-05
2.50563e-05
2.52393e-05
2.5432e-05
2.56353e-05
2.585e-05
2.6077e-05
2.63172e-05
2.65718e-05
2.68419e-05
2.71287e-05
2.74334e-05
2.77576e-05
2.81028e-05
2.84705e-05
2.88627e-05
2.92813e-05
2.97282e-05
3.02059e-05
3.07167e-05
3.12633e-05
3.18485e-05
3.24753e-05
3.3147e-05
3.38672e-05
3.46395e-05
3.54679e-05
3.63567e-05
3.73102e-05
3.83331e-05
3.94303e-05
4.06064e-05
4.18666e-05
4.32155e-05
4.46578e-05
4.61977e-05
4.78385e-05
4.9583e-05
5.14322e-05
5.33858e-05
5.5441e-05
5.75925e-05
5.98316e-05
6.2146e-05
6.45192e-05
6.69305e-05
6.93551e-05
7.176e-05
2.1191e-05
2.13186e-05
2.14423e-05
2.15624e-05
2.16793e-05
2.17934e-05
2.19051e-05
2.20147e-05
2.21226e-05
2.22293e-05
2.2335e-05
2.24401e-05
2.2545e-05
2.265e-05
2.27555e-05
2.28619e-05
2.29694e-05
2.30785e-05
2.31894e-05
2.33027e-05
2.34185e-05
2.35375e-05
2.36598e-05
2.37859e-05
2.39164e-05
2.40515e-05
2.41918e-05
2.43377e-05
2.44898e-05
2.46486e-05
2.48147e-05
2.49887e-05
2.51712e-05
2.53629e-05
2.55647e-05
2.57772e-05
2.60013e-05
2.6238e-05
2.64882e-05
2.6753e-05
2.70335e-05
2.73309e-05
2.76466e-05
2.7982e-05
2.83386e-05
2.87181e-05
2.91223e-05
2.9553e-05
3.00125e-05
3.05028e-05
3.10266e-05
3.15863e-05
3.21847e-05
3.2825e-05
3.35102e-05
3.42439e-05
3.50298e-05
3.58717e-05
3.67737e-05
3.77403e-05
3.87758e-05
3.9885e-05
4.10724e-05
4.23429e-05
4.3701e-05
4.5151e-05
4.66967e-05
4.83413e-05
5.0087e-05
5.19345e-05
5.38832e-05
5.59297e-05
5.80685e-05
6.02906e-05
6.25835e-05
6.49308e-05
6.73119e-05
6.97022e-05
7.20737e-05
7.43921e-05
2.12004e-05
2.13328e-05
2.14615e-05
2.15869e-05
2.17093e-05
2.18292e-05
2.19469e-05
2.20628e-05
2.21773e-05
2.22908e-05
2.24036e-05
2.25161e-05
2.26287e-05
2.27417e-05
2.28556e-05
2.29706e-05
2.30871e-05
2.32056e-05
2.33264e-05
2.34499e-05
2.35765e-05
2.37066e-05
2.38406e-05
2.3979e-05
2.41222e-05
2.42707e-05
2.4425e-05
2.45856e-05
2.47531e-05
2.49281e-05
2.51111e-05
2.5303e-05
2.55042e-05
2.57157e-05
2.59382e-05
2.61726e-05
2.64198e-05
2.66808e-05
2.69566e-05
2.72484e-05
2.75575e-05
2.78851e-05
2.82327e-05
2.86018e-05
2.89941e-05
2.94114e-05
2.98555e-05
3.03287e-05
3.0833e-05
3.1371e-05
3.19452e-05
3.25583e-05
3.32135e-05
3.39138e-05
3.46627e-05
3.54637e-05
3.63208e-05
3.72378e-05
3.82192e-05
3.92691e-05
4.03921e-05
4.15927e-05
4.28753e-05
4.42443e-05
4.57036e-05
4.72568e-05
4.89067e-05
5.0655e-05
5.25021e-05
5.44466e-05
5.64851e-05
5.86114e-05
6.08163e-05
6.30871e-05
6.54073e-05
6.77566e-05
7.01107e-05
7.24421e-05
7.47208e-05
7.69132e-05
2.12295e-05
2.13669e-05
2.15008e-05
2.16317e-05
2.176e-05
2.1886e-05
2.20102e-05
2.21328e-05
2.22544e-05
2.23752e-05
2.24957e-05
2.26162e-05
2.27372e-05
2.2859e-05
2.29819e-05
2.31064e-05
2.32329e-05
2.33618e-05
2.34934e-05
2.36282e-05
2.37665e-05
2.3909e-05
2.40559e-05
2.42078e-05
2.43651e-05
2.45284e-05
2.46982e-05
2.48751e-05
2.50597e-05
2.52525e-05
2.54544e-05
2.5666e-05
2.5888e-05
2.61213e-05
2.63668e-05
2.66254e-05
2.68981e-05
2.71859e-05
2.749e-05
2.78117e-05
2.81523e-05
2.85132e-05
2.8896e-05
2.93023e-05
2.97339e-05
3.01928e-05
3.06809e-05
3.12006e-05
3.17543e-05
3.23445e-05
3.29739e-05
3.36456e-05
3.43626e-05
3.51284e-05
3.59464e-05
3.68204e-05
3.77544e-05
3.87524e-05
3.98186e-05
4.09574e-05
4.2173e-05
4.34697e-05
4.48515e-05
4.6322e-05
4.78845e-05
4.95411e-05
5.12934e-05
5.31411e-05
5.50824e-05
5.71134e-05
5.92273e-05
6.14147e-05
6.36626e-05
6.59544e-05
6.82699e-05
7.05853e-05
7.28738e-05
7.51064e-05
7.72529e-05
7.9282e-05
2.1282e-05
2.14245e-05
2.15639e-05
2.17006e-05
2.18351e-05
2.19676e-05
2.20987e-05
2.22286e-05
2.23577e-05
2.24866e-05
2.26154e-05
2.27447e-05
2.28748e-05
2.30061e-05
2.31391e-05
2.3274e-05
2.34114e-05
2.35517e-05
2.36952e-05
2.38424e-05
2.39939e-05
2.41499e-05
2.43111e-05
2.44779e-05
2.46509e-05
2.48306e-05
2.50176e-05
2.52125e-05
2.54159e-05
2.56287e-05
2.58514e-05
2.60848e-05
2.63298e-05
2.65873e-05
2.68583e-05
2.71436e-05
2.74445e-05
2.7762e-05
2.80975e-05
2.84522e-05
2.88276e-05
2.92253e-05
2.9647e-05
3.00943e-05
3.05693e-05
3.10739e-05
3.16106e-05
3.21815e-05
3.27893e-05
3.34367e-05
3.41267e-05
3.48622e-05
3.56467e-05
3.64837e-05
3.73766e-05
3.83295e-05
3.93462e-05
4.04308e-05
4.15875e-05
4.28202e-05
4.4133e-05
4.55295e-05
4.70131e-05
4.85866e-05
5.02517e-05
5.20092e-05
5.38587e-05
5.57976e-05
5.78214e-05
5.9923e-05
6.20923e-05
6.43162e-05
6.65779e-05
6.88573e-05
7.11313e-05
7.33735e-05
7.55561e-05
7.76503e-05
7.9628e-05
8.14622e-05
2.13622e-05
2.151e-05
2.16551e-05
2.1798e-05
2.1939e-05
2.20785e-05
2.22169e-05
2.23546e-05
2.2492e-05
2.26295e-05
2.27674e-05
2.29062e-05
2.30463e-05
2.31881e-05
2.3332e-05
2.34785e-05
2.36279e-05
2.37807e-05
2.39374e-05
2.40984e-05
2.42643e-05
2.44354e-05
2.46124e-05
2.47958e-05
2.49861e-05
2.5184e-05
2.53901e-05
2.56049e-05
2.58294e-05
2.60641e-05
2.63099e-05
2.65677e-05
2.68382e-05
2.71225e-05
2.74217e-05
2.77367e-05
2.80689e-05
2.84193e-05
2.87895e-05
2.91808e-05
2.95948e-05
3.00332e-05
3.04978e-05
3.09905e-05
3.15133e-05
3.20685e-05
3.26585e-05
3.32857e-05
3.3953e-05
3.46632e-05
3.54193e-05
3.62246e-05
3.70825e-05
3.79966e-05
3.89706e-05
4.00082e-05
4.11135e-05
4.22902e-05
4.35422e-05
4.48732e-05
4.62866e-05
4.77852e-05
4.93713e-05
5.10464e-05
5.28106e-05
5.46627e-05
5.65998e-05
5.86167e-05
6.07056e-05
6.2856e-05
6.50545e-05
6.72841e-05
6.95249e-05
7.17539e-05
7.39461e-05
7.60744e-05
7.81116e-05
8.00313e-05
8.18095e-05
8.34251e-05
2.14754e-05
2.16286e-05
2.17797e-05
2.1929e-05
2.2077e-05
2.22239e-05
2.23703e-05
2.25164e-05
2.26626e-05
2.28095e-05
2.29573e-05
2.31066e-05
2.32576e-05
2.34109e-05
2.35669e-05
2.3726e-05
2.38887e-05
2.40554e-05
2.42267e-05
2.4403e-05
2.45848e-05
2.47727e-05
2.49673e-05
2.51691e-05
2.53787e-05
2.55968e-05
2.5824e-05
2.60611e-05
2.63089e-05
2.65681e-05
2.68396e-05
2.71244e-05
2.74233e-05
2.77375e-05
2.8068e-05
2.84161e-05
2.8783e-05
2.917e-05
2.95787e-05
3.00106e-05
3.04674e-05
3.09509e-05
3.1463e-05
3.20057e-05
3.25814e-05
3.31924e-05
3.38411e-05
3.45303e-05
3.52628e-05
3.60417e-05
3.68701e-05
3.77513e-05
3.86888e-05
3.96863e-05
4.07472e-05
4.18755e-05
4.30746e-05
4.43483e-05
4.56997e-05
4.7132e-05
4.86475e-05
5.02481e-05
5.19345e-05
5.37065e-05
5.55621e-05
5.74977e-05
5.95074e-05
6.15829e-05
6.37132e-05
6.58843e-05
6.80792e-05
7.02782e-05
7.24587e-05
7.45963e-05
7.66655e-05
7.86404e-05
8.04967e-05
8.22121e-05
8.37685e-05
8.51521e-05
2.16276e-05
2.17865e-05
2.19438e-05
2.20999e-05
2.22553e-05
2.24102e-05
2.2565e-05
2.27202e-05
2.28762e-05
2.30333e-05
2.31919e-05
2.33526e-05
2.35157e-05
2.36817e-05
2.3851e-05
2.40241e-05
2.42015e-05
2.43836e-05
2.45711e-05
2.47643e-05
2.49639e-05
2.51705e-05
2.53846e-05
2.56068e-05
2.58379e-05
2.60785e-05
2.63294e-05
2.65913e-05
2.68651e-05
2.71516e-05
2.74518e-05
2.77667e-05
2.80972e-05
2.84447e-05
2.88101e-05
2.91949e-05
2.96005e-05
3.00282e-05
3.04797e-05
3.09567e-05
3.14609e-05
3.19944e-05
3.25591e-05
3.31574e-05
3.37914e-05
3.44639e-05
3.51773e-05
3.59345e-05
3.67386e-05
3.75925e-05
3.84995e-05
3.9463e-05
4.04865e-05
4.15733e-05
4.27271e-05
4.39512e-05
4.52488e-05
4.6623e-05
4.80763e-05
4.96106e-05
5.12273e-05
5.29265e-05
5.47071e-05
5.65667e-05
5.85007e-05
6.05026e-05
6.25635e-05
6.46717e-05
6.68129e-05
6.89699e-05
7.11232e-05
7.32506e-05
7.53288e-05
7.73334e-05
7.92404e-05
8.10273e-05
8.2674e-05
8.41645e-05
8.54874e-05
8.66364e-05
2.1826e-05
2.19907e-05
2.21545e-05
2.23179e-05
2.24811e-05
2.26446e-05
2.28087e-05
2.29738e-05
2.31403e-05
2.33086e-05
2.34791e-05
2.36524e-05
2.38288e-05
2.40088e-05
2.41929e-05
2.43815e-05
2.45753e-05
2.47746e-05
2.498e-05
2.51922e-05
2.54116e-05
2.56389e-05
2.58749e-05
2.612e-05
2.63751e-05
2.66409e-05
2.69181e-05
2.72077e-05
2.75106e-05
2.78276e-05
2.81598e-05
2.85083e-05
2.88742e-05
2.92587e-05
2.96632e-05
3.0089e-05
3.05376e-05
3.10107e-05
3.15099e-05
3.2037e-05
3.2594e-05
3.31829e-05
3.3806e-05
3.44657e-05
3.51642e-05
3.59044e-05
3.6689e-05
3.75209e-05
3.8403e-05
3.93386e-05
4.03309e-05
4.13832e-05
4.24987e-05
4.36807e-05
4.49323e-05
4.62564e-05
4.76556e-05
4.9132e-05
5.0687e-05
5.23212e-05
5.40341e-05
5.5824e-05
5.76875e-05
5.96194e-05
6.16123e-05
6.36565e-05
6.574e-05
6.78478e-05
6.99629e-05
7.20656e-05
7.41348e-05
7.61477e-05
7.80817e-05
7.99145e-05
8.16256e-05
8.31972e-05
8.46156e-05
8.58714e-05
8.69604e-05
8.78833e-05
2.20788e-05
2.22496e-05
2.24204e-05
2.25915e-05
2.27632e-05
2.2936e-05
2.31101e-05
2.3286e-05
2.34641e-05
2.36447e-05
2.38284e-05
2.40156e-05
2.42068e-05
2.44024e-05
2.46029e-05
2.48088e-05
2.50207e-05
2.52392e-05
2.54648e-05
2.56981e-05
2.59397e-05
2.61903e-05
2.64507e-05
2.67214e-05
2.70034e-05
2.72974e-05
2.76043e-05
2.79249e-05
2.82604e-05
2.86116e-05
2.89797e-05
2.93658e-05
2.97713e-05
3.01974e-05
3.06455e-05
3.11171e-05
3.16139e-05
3.21376e-05
3.269e-05
3.3273e-05
3.38887e-05
3.45393e-05
3.52271e-05
3.59546e-05
3.67244e-05
3.75392e-05
3.84019e-05
3.93153e-05
4.02825e-05
4.13066e-05
4.23906e-05
4.35377e-05
4.47508e-05
4.60326e-05
4.73857e-05
4.88123e-05
5.03137e-05
5.18909e-05
5.35438e-05
5.52711e-05
5.70702e-05
5.8937e-05
6.08654e-05
6.28471e-05
6.48718e-05
6.69267e-05
6.89967e-05
7.10646e-05
7.31111e-05
7.51155e-05
7.70567e-05
7.89132e-05
8.06647e-05
8.22932e-05
8.37831e-05
8.5123e-05
8.63058e-05
8.73289e-05
8.81946e-05
8.89094e-05
2.23964e-05
2.25736e-05
2.27518e-05
2.29311e-05
2.31121e-05
2.32949e-05
2.348e-05
2.36678e-05
2.38586e-05
2.40529e-05
2.42512e-05
2.44539e-05
2.46615e-05
2.48744e-05
2.50933e-05
2.53186e-05
2.55509e-05
2.57909e-05
2.6039e-05
2.6296e-05
2.65626e-05
2.68394e-05
2.71272e-05
2.74268e-05
2.77391e-05
2.80648e-05
2.8405e-05
2.87606e-05
2.91326e-05
2.95223e-05
2.99308e-05
3.03593e-05
3.08092e-05
3.12819e-05
3.1779e-05
3.2302e-05
3.28528e-05
3.34331e-05
3.40448e-05
3.46901e-05
3.53712e-05
3.60903e-05
3.68499e-05
3.76525e-05
3.85008e-05
3.93976e-05
4.03455e-05
4.13476e-05
4.24068e-05
4.35258e-05
4.47076e-05
4.59547e-05
4.72695e-05
4.86541e-05
5.01101e-05
5.16383e-05
5.3239e-05
5.49112e-05
5.66528e-05
5.84605e-05
6.0329e-05
6.22514e-05
6.42186e-05
6.62195e-05
6.82409e-05
7.02672e-05
7.22812e-05
7.42643e-05
7.61966e-05
7.80582e-05
7.98294e-05
8.14921e-05
8.30306e-05
8.44318e-05
8.56868e-05
8.67906e-05
8.77424e-05
8.85459e-05
8.92084e-05
8.97403e-05
2.2791e-05
2.2975e-05
2.3161e-05
2.33494e-05
2.35404e-05
2.37343e-05
2.39315e-05
2.41325e-05
2.43375e-05
2.4547e-05
2.47616e-05
2.49816e-05
2.52076e-05
2.54401e-05
2.56796e-05
2.59267e-05
2.6182e-05
2.64461e-05
2.67197e-05
2.70035e-05
2.72982e-05
2.76046e-05
2.79235e-05
2.82556e-05
2.86021e-05
2.89637e-05
2.93414e-05
2.97365e-05
3.015e-05
3.05831e-05
3.10371e-05
3.15133e-05
3.20133e-05
3.25386e-05
3.30908e-05
3.36716e-05
3.42828e-05
3.49266e-05
3.56048e-05
3.63197e-05
3.70735e-05
3.78687e-05
3.87077e-05
3.95931e-05
4.05276e-05
4.15138e-05
4.25544e-05
4.36521e-05
4.48096e-05
4.60293e-05
4.73134e-05
4.86639e-05
5.00823e-05
5.15696e-05
5.31259e-05
5.47506e-05
5.6442e-05
5.81971e-05
6.00115e-05
6.18789e-05
6.37914e-05
6.57393e-05
6.77106e-05
6.96915e-05
7.16665e-05
7.36185e-05
7.55295e-05
7.73807e-05
7.91536e-05
8.08308e-05
8.23964e-05
8.3837e-05
8.51425e-05
8.63061e-05
8.7325e-05
8.82005e-05
8.89374e-05
8.95435e-05
9.00296e-05
9.04081e-05
2.32777e-05
2.3469e-05
2.36637e-05
2.38619e-05
2.4064e-05
2.42702e-05
2.4481e-05
2.46966e-05
2.49175e-05
2.51442e-05
2.53771e-05
2.56166e-05
2.58634e-05
2.61179e-05
2.63808e-05
2.66526e-05
2.69339e-05
2.72255e-05
2.7528e-05
2.78422e-05
2.81689e-05
2.85088e-05
2.88629e-05
2.92321e-05
2.96174e-05
3.00197e-05
3.04402e-05
3.088e-05
3.13405e-05
3.18228e-05
3.23284e-05
3.28587e-05
3.34153e-05
3.39999e-05
3.46142e-05
3.52601e-05
3.59394e-05
3.66543e-05
3.74069e-05
3.81994e-05
3.90342e-05
3.99137e-05
4.08403e-05
4.18165e-05
4.28449e-05
4.39279e-05
4.5068e-05
4.62675e-05
4.75284e-05
4.88525e-05
5.02411e-05
5.16953e-05
5.32151e-05
5.48001e-05
5.64486e-05
5.8158e-05
5.99242e-05
6.17417e-05
6.36034e-05
6.55004e-05
6.74219e-05
6.93555e-05
7.12872e-05
7.32012e-05
7.50809e-05
7.69092e-05
7.86687e-05
8.03428e-05
8.19162e-05
8.33755e-05
8.47102e-05
8.59125e-05
8.69784e-05
8.79072e-05
8.87018e-05
8.93681e-05
8.99146e-05
9.03521e-05
9.06924e-05
9.09483e-05
2.38755e-05
2.40749e-05
2.42791e-05
2.44883e-05
2.47028e-05
2.49228e-05
2.51488e-05
2.5381e-05
2.562e-05
2.5866e-05
2.61197e-05
2.63815e-05
2.66519e-05
2.69316e-05
2.72211e-05
2.7521e-05
2.78321e-05
2.8155e-05
2.84906e-05
2.88395e-05
2.92027e-05
2.9581e-05
2.99754e-05
3.03868e-05
3.08164e-05
3.12652e-05
3.17345e-05
3.22254e-05
3.27394e-05
3.32777e-05
3.3842e-05
3.44338e-05
3.50547e-05
3.57065e-05
3.6391e-05
3.71102e-05
3.78662e-05
3.86609e-05
3.94966e-05
4.03755e-05
4.13e-05
4.22723e-05
4.32948e-05
4.43697e-05
4.54994e-05
4.66858e-05
4.79308e-05
4.9236e-05
5.06027e-05
5.20315e-05
5.35227e-05
5.50755e-05
5.66885e-05
5.8359e-05
6.00834e-05
6.18564e-05
6.36715e-05
6.55205e-05
6.73935e-05
6.92791e-05
7.11644e-05
7.3035e-05
7.48757e-05
7.66705e-05
7.84035e-05
8.0059e-05
8.16227e-05
8.30815e-05
8.44251e-05
8.56454e-05
8.67375e-05
8.76999e-05
8.85338e-05
8.92437e-05
8.98364e-05
9.0321e-05
9.07078e-05
9.10083e-05
9.12343e-05
9.13971e-05
2.46089e-05
2.48173e-05
2.50321e-05
2.52537e-05
2.54823e-05
2.57181e-05
2.59614e-05
2.62126e-05
2.64722e-05
2.67405e-05
2.7018e-05
2.73053e-05
2.7603e-05
2.79115e-05
2.82316e-05
2.85639e-05
2.89092e-05
2.92683e-05
2.96418e-05
3.00307e-05
3.04359e-05
3.08584e-05
3.12991e-05
3.17592e-05
3.22398e-05
3.2742e-05
3.32672e-05
3.38168e-05
3.4392e-05
3.49945e-05
3.56258e-05
3.62876e-05
3.69817e-05
3.77098e-05
3.84738e-05
3.92758e-05
4.01178e-05
4.10019e-05
4.19301e-05
4.29047e-05
4.39277e-05
4.50013e-05
4.61275e-05
4.7308e-05
4.85445e-05
4.98385e-05
5.11908e-05
5.2602e-05
5.40721e-05
5.56002e-05
5.71848e-05
5.88232e-05
6.05118e-05
6.22457e-05
6.40185e-05
6.58224e-05
6.76483e-05
6.94856e-05
7.13222e-05
7.31449e-05
7.49396e-05
7.66917e-05
7.83864e-05
8.00093e-05
8.15469e-05
8.29872e-05
8.43201e-05
8.5538e-05
8.66358e-05
8.76112e-05
8.84649e-05
8.92001e-05
8.98226e-05
9.03399e-05
9.07611e-05
9.10965e-05
9.13566e-05
9.15521e-05
9.1693e-05
9.17889e-05
2.55101e-05
2.57286e-05
2.59558e-05
2.61917e-05
2.64365e-05
2.66904e-05
2.69538e-05
2.72271e-05
2.75105e-05
2.78046e-05
2.81098e-05
2.84268e-05
2.8756e-05
2.90981e-05
2.94538e-05
2.98238e-05
3.02089e-05
3.06098e-05
3.10275e-05
3.14629e-05
3.19169e-05
3.23906e-05
3.28851e-05
3.34015e-05
3.39411e-05
3.45051e-05
3.5095e-05
3.57121e-05
3.63579e-05
3.70341e-05
3.77423e-05
3.84841e-05
3.92615e-05
4.00762e-05
4.09302e-05
4.18253e-05
4.27636e-05
4.3747e-05
4.47773e-05
4.58565e-05
4.69863e-05
4.81683e-05
4.94039e-05
5.06941e-05
5.20397e-05
5.34408e-05
5.48971e-05
5.64077e-05
5.79706e-05
5.95832e-05
6.12417e-05
6.2941e-05
6.46751e-05
6.64364e-05
6.82161e-05
7.00042e-05
7.17894e-05
7.35595e-05
7.53013e-05
7.70014e-05
7.86463e-05
8.02228e-05
8.17186e-05
8.31228e-05
8.44261e-05
8.56214e-05
8.67041e-05
8.76719e-05
8.8525e-05
8.92663e-05
8.99005e-05
9.04343e-05
9.08757e-05
9.12337e-05
9.1518e-05
9.17381e-05
9.19035e-05
9.20229e-05
9.21044e-05
9.21548e-05
2.66225e-05
2.6853e-05
2.70946e-05
2.73473e-05
2.76112e-05
2.78866e-05
2.81736e-05
2.84727e-05
2.87843e-05
2.91087e-05
2.94466e-05
2.97984e-05
3.01648e-05
3.05464e-05
3.0944e-05
3.13583e-05
3.17901e-05
3.22403e-05
3.27099e-05
3.31998e-05
3.3711e-05
3.42447e-05
3.48021e-05
3.53843e-05
3.59928e-05
3.66287e-05
3.72937e-05
3.79891e-05
3.87165e-05
3.94776e-05
4.0274e-05
4.11075e-05
4.19797e-05
4.28924e-05
4.38475e-05
4.48466e-05
4.58914e-05
4.69835e-05
4.81245e-05
4.93155e-05
5.05577e-05
5.18517e-05
5.31979e-05
5.45962e-05
5.60458e-05
5.75453e-05
5.90926e-05
6.06846e-05
6.23173e-05
6.39856e-05
6.56832e-05
6.74027e-05
6.91356e-05
7.08722e-05
7.26019e-05
7.4313e-05
7.59936e-05
7.76313e-05
7.92139e-05
8.07294e-05
8.2167e-05
8.3517e-05
8.47714e-05
8.59239e-05
8.69705e-05
8.79096e-05
8.87415e-05
8.94687e-05
9.00957e-05
9.06285e-05
9.10742e-05
9.14411e-05
9.17376e-05
9.19726e-05
9.21544e-05
9.22912e-05
9.23903e-05
9.24583e-05
9.25007e-05
9.25224e-05
2.80071e-05
2.82522e-05
2.85112e-05
2.87842e-05
2.90711e-05
2.93722e-05
2.96876e-05
3.00178e-05
3.03631e-05
3.07239e-05
3.11008e-05
3.14943e-05
3.19051e-05
3.23339e-05
3.27815e-05
3.32485e-05
3.3736e-05
3.42449e-05
3.4776e-05
3.53306e-05
3.59096e-05
3.65143e-05
3.71459e-05
3.78057e-05
3.8495e-05
3.92152e-05
3.99679e-05
4.07544e-05
4.15763e-05
4.24352e-05
4.33327e-05
4.42702e-05
4.52495e-05
4.62719e-05
4.7339e-05
4.84519e-05
4.96118e-05
5.08196e-05
5.20759e-05
5.33811e-05
5.4735e-05
5.6137e-05
5.75859e-05
5.90797e-05
6.06158e-05
6.21908e-05
6.38001e-05
6.54384e-05
6.70991e-05
6.87749e-05
7.04573e-05
7.21369e-05
7.38036e-05
7.54465e-05
7.70546e-05
7.86167e-05
8.01219e-05
8.15598e-05
8.29209e-05
8.41971e-05
8.53819e-05
8.64702e-05
8.74593e-05
8.83481e-05
8.91374e-05
8.98301e-05
9.04305e-05
9.09441e-05
9.13777e-05
9.17385e-05
9.20343e-05
9.22729e-05
9.24618e-05
9.26084e-05
9.27192e-05
9.28001e-05
9.28562e-05
9.28919e-05
9.29106e-05
9.29152e-05
2.97524e-05
3.0016e-05
3.02969e-05
3.05951e-05
3.09105e-05
3.12434e-05
3.15938e-05
3.19621e-05
3.23487e-05
3.2754e-05
3.31785e-05
3.36229e-05
3.40878e-05
3.45739e-05
3.5082e-05
3.5613e-05
3.61678e-05
3.67473e-05
3.73527e-05
3.79849e-05
3.86451e-05
3.93346e-05
4.00545e-05
4.08062e-05
4.15909e-05
4.24101e-05
4.32652e-05
4.41574e-05
4.50881e-05
4.60587e-05
4.70705e-05
4.81246e-05
4.92221e-05
5.03639e-05
5.15507e-05
5.27829e-05
5.40607e-05
5.53837e-05
5.67512e-05
5.8162e-05
5.96142e-05
6.11052e-05
6.26317e-05
6.41897e-05
6.57742e-05
6.73792e-05
6.89981e-05
7.06232e-05
7.22461e-05
7.38578e-05
7.54486e-05
7.70086e-05
7.85277e-05
7.99961e-05
8.14044e-05
8.27438e-05
8.40068e-05
8.51869e-05
8.62792e-05
8.72805e-05
8.81892e-05
8.90053e-05
8.97306e-05
9.03681e-05
9.09224e-05
9.13988e-05
9.18036e-05
9.21434e-05
9.24251e-05
9.26558e-05
9.28419e-05
9.29899e-05
9.31055e-05
9.31939e-05
9.32594e-05
9.33059e-05
9.33365e-05
9.33536e-05
9.33591e-05
9.33543e-05
3.19928e-05
3.22811e-05
3.25908e-05
3.29217e-05
3.32739e-05
3.36473e-05
3.40421e-05
3.44586e-05
3.48972e-05
3.53583e-05
3.58425e-05
3.63503e-05
3.68824e-05
3.74395e-05
3.80226e-05
3.86324e-05
3.92698e-05
3.99358e-05
4.06316e-05
4.13581e-05
4.21164e-05
4.29077e-05
4.37331e-05
4.45938e-05
4.54909e-05
4.64255e-05
4.73988e-05
4.84117e-05
4.94651e-05
5.05598e-05
5.16963e-05
5.28751e-05
5.40961e-05
5.53593e-05
5.6664e-05
5.80092e-05
5.93934e-05
6.08145e-05
6.22697e-05
6.37557e-05
6.52685e-05
6.68031e-05
6.83539e-05
6.99147e-05
7.14783e-05
7.3037e-05
7.45826e-05
7.61064e-05
7.75996e-05
7.90534e-05
8.04589e-05
8.1808e-05
8.3093e-05
8.43075e-05
8.54456e-05
8.65033e-05
8.74774e-05
8.83667e-05
8.9171e-05
8.98916e-05
9.05312e-05
9.10934e-05
9.15829e-05
9.20049e-05
9.23652e-05
9.267e-05
9.29252e-05
9.31368e-05
9.33106e-05
9.34518e-05
9.35653e-05
9.36554e-05
9.37256e-05
9.37792e-05
9.38188e-05
9.38462e-05
9.38632e-05
9.38707e-05
9.38694e-05
9.38598e-05
3.4943e-05
3.52666e-05
3.56165e-05
3.59923e-05
3.6394e-05
3.68216e-05
3.72752e-05
3.7755e-05
3.82614e-05
3.87948e-05
3.93558e-05
3.99448e-05
4.05626e-05
4.12099e-05
4.18873e-05
4.25958e-05
4.33361e-05
4.41092e-05
4.49159e-05
4.57571e-05
4.66338e-05
4.75466e-05
4.84965e-05
4.94842e-05
5.05102e-05
5.15752e-05
5.26794e-05
5.38229e-05
5.50057e-05
5.62273e-05
5.7487e-05
5.87838e-05
6.01161e-05
6.14818e-05
6.28784e-05
6.43028e-05
6.57513e-05
6.72195e-05
6.87024e-05
7.01945e-05
7.16895e-05
7.31807e-05
7.4661e-05
7.61229e-05
7.75585e-05
7.89603e-05
8.03204e-05
8.16317e-05
8.28873e-05
8.40811e-05
8.52079e-05
8.62633e-05
8.72443e-05
8.81489e-05
8.89764e-05
8.97271e-05
9.04027e-05
9.10056e-05
9.15393e-05
9.20079e-05
9.2416e-05
9.27688e-05
9.30715e-05
9.33293e-05
9.35475e-05
9.37309e-05
9.38841e-05
9.40115e-05
9.41167e-05
9.42032e-05
9.42737e-05
9.43307e-05
9.4376e-05
9.44112e-05
9.44374e-05
9.44555e-05
9.44659e-05
9.4469e-05
9.44647e-05
9.4453e-05
3.89657e-05
3.9345e-05
3.97558e-05
4.01979e-05
4.06711e-05
4.11754e-05
4.17109e-05
4.22779e-05
4.28766e-05
4.35073e-05
4.41704e-05
4.48664e-05
4.55958e-05
4.63592e-05
4.7157e-05
4.79897e-05
4.8858e-05
4.97622e-05
5.07028e-05
5.16801e-05
5.26942e-05
5.37453e-05
5.48333e-05
5.59578e-05
5.71183e-05
5.83139e-05
5.95436e-05
6.08058e-05
6.20985e-05
6.34196e-05
6.47661e-05
6.61348e-05
6.7522e-05
6.89233e-05
7.0334e-05
7.17488e-05
7.3162e-05
7.45677e-05
7.59594e-05
7.73305e-05
7.86746e-05
7.9985e-05
8.12552e-05
8.24794e-05
8.36519e-05
8.47678e-05
8.58228e-05
8.68136e-05
8.77378e-05
8.85938e-05
8.93812e-05
9.01002e-05
9.07523e-05
9.13396e-05
9.18648e-05
9.23314e-05
9.27432e-05
9.31046e-05
9.34197e-05
9.36932e-05
9.39293e-05
9.41325e-05
9.43066e-05
9.44556e-05
9.45827e-05
9.46912e-05
9.47836e-05
9.48623e-05
9.49293e-05
9.49861e-05
9.50341e-05
9.50743e-05
9.51073e-05
9.51338e-05
9.51538e-05
9.51677e-05
9.51754e-05
9.51766e-05
9.51713e-05
9.51589e-05
4.47163e-05
4.51935e-05
4.57068e-05
4.62562e-05
4.68415e-05
4.74628e-05
4.81201e-05
4.88134e-05
4.95427e-05
5.03082e-05
5.11099e-05
5.19478e-05
5.28219e-05
5.3732e-05
5.46779e-05
5.56594e-05
5.66759e-05
5.77269e-05
5.88113e-05
5.99283e-05
6.10764e-05
6.2254e-05
6.34592e-05
6.46897e-05
6.59429e-05
6.72157e-05
6.85048e-05
6.98065e-05
7.11166e-05
7.24307e-05
7.37439e-05
7.50513e-05
7.63475e-05
7.76272e-05
7.88849e-05
8.01151e-05
8.13127e-05
8.24724e-05
8.35897e-05
8.46601e-05
8.568e-05
8.66462e-05
8.75562e-05
8.84082e-05
8.92012e-05
8.99349e-05
9.06096e-05
9.12265e-05
9.17873e-05
9.22942e-05
9.27499e-05
9.31574e-05
9.352e-05
9.38414e-05
9.4125e-05
9.43745e-05
9.45934e-05
9.47851e-05
9.49528e-05
9.50994e-05
9.52278e-05
9.53403e-05
9.54391e-05
9.55261e-05
9.5603e-05
9.56711e-05
9.57315e-05
9.57852e-05
9.58327e-05
9.58747e-05
9.59114e-05
9.59432e-05
9.597e-05
9.59919e-05
9.60088e-05
9.60206e-05
9.60269e-05
9.60275e-05
9.6022e-05
9.60101e-05
5.34552e-05
5.41263e-05
5.48322e-05
5.55732e-05
5.6349e-05
5.71596e-05
5.80044e-05
5.88829e-05
5.97943e-05
6.07379e-05
6.17124e-05
6.27166e-05
6.37488e-05
6.48074e-05
6.58904e-05
6.69954e-05
6.81199e-05
6.92612e-05
7.04163e-05
7.15818e-05
7.27542e-05
7.39298e-05
7.51048e-05
7.6275e-05
7.74362e-05
7.85843e-05
7.97151e-05
8.08242e-05
8.19076e-05
8.29615e-05
8.39821e-05
8.49661e-05
8.59103e-05
8.68123e-05
8.76698e-05
8.8481e-05
8.92448e-05
8.99605e-05
9.06279e-05
9.12471e-05
9.18191e-05
9.23448e-05
9.2826e-05
9.32644e-05
9.36622e-05
9.40217e-05
9.43456e-05
9.46363e-05
9.48967e-05
9.51294e-05
9.53369e-05
9.55219e-05
9.56868e-05
9.58338e-05
9.59651e-05
9.60825e-05
9.61879e-05
9.62828e-05
9.63685e-05
9.64464e-05
9.65173e-05
9.65822e-05
9.66418e-05
9.66966e-05
9.67471e-05
9.67937e-05
9.68365e-05
9.68758e-05
9.69117e-05
9.69441e-05
9.6973e-05
9.69983e-05
9.702e-05
9.70378e-05
9.70517e-05
9.70612e-05
9.70663e-05
9.70666e-05
9.70618e-05
9.70516e-05
6.7679e-05
6.87614e-05
6.98452e-05
7.09291e-05
7.20115e-05
7.30905e-05
7.41645e-05
7.52314e-05
7.62893e-05
7.7336e-05
7.83695e-05
7.93876e-05
8.0388e-05
8.13688e-05
8.23278e-05
8.3263e-05
8.41724e-05
8.50542e-05
8.59069e-05
8.67288e-05
8.75187e-05
8.82753e-05
8.89979e-05
8.96857e-05
9.03382e-05
9.09553e-05
9.15368e-05
9.20831e-05
9.25945e-05
9.30718e-05
9.35156e-05
9.39272e-05
9.43076e-05
9.46582e-05
9.49803e-05
9.52754e-05
9.55452e-05
9.57913e-05
9.60152e-05
9.62187e-05
9.64033e-05
9.65706e-05
9.67222e-05
9.68595e-05
9.6984e-05
9.7097e-05
9.71996e-05
9.72931e-05
9.73784e-05
9.74566e-05
9.75284e-05
9.75947e-05
9.76561e-05
9.77132e-05
9.77665e-05
9.78165e-05
9.78635e-05
9.79079e-05
9.79498e-05
9.79894e-05
9.80271e-05
9.80627e-05
9.80964e-05
9.81284e-05
9.81584e-05
9.81867e-05
9.82131e-05
9.82376e-05
9.82601e-05
9.82806e-05
9.8299e-05
9.83151e-05
9.8329e-05
9.83403e-05
9.83491e-05
9.83552e-05
9.83583e-05
9.83584e-05
9.83553e-05
9.83486e-05
6.44419e-14
6.52891e-14
6.58241e-14
6.9398e-14
7.05389e-14
7.10202e-14
7.13077e-14
7.07676e-14
7.00785e-14
6.87692e-14
6.72266e-14
6.55102e-14
6.3798e-14
6.21842e-14
6.05261e-14
5.90875e-14
5.76569e-14
5.62982e-14
5.49959e-14
5.38322e-14
5.22134e-14
5.10093e-14
5.08049e-14
5.26077e-14
5.33319e-14
5.40273e-14
5.45406e-14
5.50464e-14
5.58706e-14
5.762e-14
5.93864e-14
6.25719e-14
6.91013e-14
7.85346e-14
9.17113e-14
1.10519e-13
1.46837e-13
2.12794e-13
3.0469e-13
5.31305e-13
1.25418e-11
1.27294e-11
1.28336e-11
1.35302e-11
1.3753e-11
1.38467e-11
1.39034e-11
1.37985e-11
1.36646e-11
1.34101e-11
1.31098e-11
1.27761e-11
1.24429e-11
1.21291e-11
1.18062e-11
1.15256e-11
1.12464e-11
1.0981e-11
1.07263e-11
1.04986e-11
1.01823e-11
9.94667e-12
9.90616e-12
1.0257e-11
1.03974e-11
1.05322e-11
1.06318e-11
1.07299e-11
1.08904e-11
1.12314e-11
1.15761e-11
1.21973e-11
1.34709e-11
1.53106e-11
1.78804e-11
2.15483e-11
2.8631e-11
4.14946e-11
5.942e-11
1.03596e-10
3.3471e-10
3.40068e-10
3.42845e-10
3.61428e-10
3.67393e-10
3.69884e-10
3.71418e-10
3.68619e-10
3.65063e-10
3.58279e-10
3.50276e-10
3.41389e-10
3.32507e-10
3.24144e-10
3.15529e-10
3.08034e-10
3.0057e-10
2.93465e-10
2.8664e-10
2.80539e-10
2.7207e-10
2.65757e-10
2.64653e-10
2.74009e-10
2.7774e-10
2.81324e-10
2.8397e-10
2.86582e-10
2.90864e-10
2.99976e-10
3.09193e-10
3.25802e-10
3.59842e-10
4.09017e-10
4.777e-10
5.75718e-10
7.64969e-10
1.10889e-09
1.58869e-09
2.76385e-09
3.35791e-09
3.41534e-09
3.44287e-09
3.62885e-09
3.68859e-09
3.71346e-09
3.7289e-09
3.70083e-09
3.66535e-09
3.59744e-09
3.51742e-09
3.42849e-09
3.33967e-09
3.25596e-09
3.16965e-09
3.09453e-09
3.01963e-09
2.94821e-09
2.87943e-09
2.81814e-09
2.7329e-09
2.66944e-09
2.65806e-09
2.75188e-09
2.78905e-09
2.82497e-09
2.85141e-09
2.87757e-09
2.92057e-09
3.01217e-09
3.10494e-09
3.27198e-09
3.61416e-09
4.10836e-09
4.79841e-09
5.78247e-09
7.68125e-09
1.11384e-08
1.59814e-08
2.7514e-08
1.95042e-08
1.98548e-08
2.00088e-08
2.10783e-08
2.14217e-08
2.15634e-08
2.16525e-08
2.14895e-08
2.12855e-08
2.08936e-08
2.04327e-08
1.992e-08
1.94083e-08
1.89255e-08
1.84271e-08
1.79932e-08
1.75603e-08
1.7146e-08
1.67461e-08
1.63912e-08
1.58957e-08
1.55276e-08
1.54593e-08
1.60028e-08
1.62163e-08
1.64249e-08
1.65781e-08
1.67301e-08
1.69804e-08
1.75138e-08
1.80558e-08
1.90283e-08
2.1019e-08
2.38908e-08
2.78953e-08
3.35898e-08
4.45521e-08
6.45684e-08
9.28092e-08
1.5479e-07
7.9633e-08
8.10539e-08
8.16334e-08
8.58886e-08
8.72461e-08
8.7803e-08
8.8152e-08
8.74928e-08
8.66771e-08
8.51042e-08
8.32625e-08
8.12072e-08
7.91617e-08
7.72263e-08
7.52267e-08
7.34856e-08
7.17464e-08
7.00735e-08
6.84551e-08
6.70225e-08
6.50149e-08
6.35223e-08
6.32338e-08
6.54299e-08
6.62874e-08
6.71359e-08
6.77601e-08
6.83817e-08
6.94062e-08
7.15861e-08
7.38157e-08
7.77847e-08
8.58872e-08
9.75384e-08
1.13717e-07
1.36537e-07
1.80176e-07
2.59855e-07
3.72707e-07
5.79859e-07
2.54447e-07
2.58334e-07
2.59933e-07
2.72768e-07
2.76833e-07
2.78457e-07
2.79487e-07
2.77432e-07
2.74938e-07
2.70114e-07
2.64495e-07
2.58203e-07
2.51953e-07
2.4603e-07
2.39898e-07
2.34555e-07
2.29202e-07
2.2402e-07
2.18995e-07
2.14548e-07
2.08287e-07
2.03608e-07
2.02654e-07
2.09484e-07
2.12156e-07
2.14823e-07
2.16807e-07
2.18793e-07
2.22067e-07
2.28994e-07
2.36157e-07
2.48717e-07
2.74163e-07
3.10489e-07
3.6041e-07
4.29551e-07
5.59794e-07
7.95525e-07
1.12672e-06
1.56398e-06
6.79148e-07
6.84984e-07
6.88303e-07
7.19046e-07
7.28656e-07
7.32315e-07
7.34674e-07
7.29488e-07
7.23363e-07
7.11482e-07
6.97743e-07
6.82284e-07
6.66963e-07
6.52429e-07
6.37333e-07
6.24174e-07
6.10879e-07
5.97935e-07
5.85323e-07
5.74151e-07
5.58307e-07
5.46323e-07
5.43694e-07
5.60935e-07
5.67793e-07
5.74653e-07
5.79888e-07
5.85167e-07
5.93851e-07
6.11993e-07
6.31038e-07
6.63603e-07
7.28533e-07
8.1994e-07
9.42951e-07
1.10783e-06
1.41092e-06
1.95128e-06
2.69736e-06
3.25099e-06
1.5667e-06
1.56184e-06
1.56682e-06
1.62601e-06
1.64431e-06
1.65049e-06
1.65477e-06
1.64385e-06
1.63151e-06
1.60752e-06
1.58002e-06
1.54897e-06
1.51818e-06
1.48908e-06
1.45867e-06
1.43221e-06
1.40504e-06
1.37846e-06
1.35235e-06
1.32926e-06
1.29601e-06
1.27038e-06
1.26412e-06
1.30028e-06
1.31524e-06
1.33015e-06
1.34205e-06
1.35419e-06
1.37397e-06
1.41432e-06
1.45742e-06
1.52834e-06
1.66604e-06
1.8555e-06
2.10194e-06
2.41719e-06
2.98356e-06
3.9937e-06
5.37685e-06
5.63626e-06
3.17383e-06
3.11211e-06
3.1165e-06
3.20887e-06
3.2369e-06
3.24432e-06
3.25025e-06
3.23071e-06
3.2098e-06
3.16932e-06
3.12347e-06
3.07159e-06
3.02014e-06
2.972e-06
2.92128e-06
2.8775e-06
2.83128e-06
2.78602e-06
2.74109e-06
2.7016e-06
2.64324e-06
2.59701e-06
2.58399e-06
2.64787e-06
2.67637e-06
2.70462e-06
2.72867e-06
2.75365e-06
2.79336e-06
2.87133e-06
2.95591e-06
3.08793e-06
3.33477e-06
3.664e-06
4.07289e-06
4.57004e-06
5.46938e-06
7.14697e-06
9.44095e-06
8.74542e-06
5.73461e-06
5.5102e-06
5.50889e-06
5.62779e-06
5.66332e-06
5.66763e-06
5.67371e-06
5.64257e-06
5.61156e-06
5.55227e-06
5.4861e-06
5.41156e-06
5.33748e-06
5.26978e-06
5.19766e-06
5.13668e-06
5.06951e-06
5.00411e-06
4.93835e-06
4.8817e-06
4.79404e-06
4.72218e-06
4.69807e-06
4.79647e-06
4.84609e-06
4.89535e-06
4.94057e-06
4.98858e-06
5.06161e-06
5.19729e-06
5.34541e-06
5.56202e-06
5.94862e-06
6.44448e-06
7.0268e-06
7.71167e-06
9.0423e-06
1.1745e-05
1.52874e-05
1.26846e-05
9.46021e-06
8.88115e-06
8.86656e-06
8.99636e-06
9.03378e-06
9.02825e-06
9.03121e-06
8.98527e-06
8.94259e-06
8.86339e-06
8.77654e-06
8.6797e-06
8.58346e-06
8.499e-06
8.40786e-06
8.33388e-06
8.24711e-06
8.16417e-06
8.07954e-06
8.00977e-06
7.89294e-06
7.79287e-06
7.75236e-06
7.89219e-06
7.97611e-06
8.06013e-06
8.14283e-06
8.23249e-06
8.36079e-06
8.58302e-06
8.82282e-06
9.14827e-06
9.69932e-06
1.03713e-05
1.11132e-05
1.20104e-05
1.40221e-05
1.83763e-05
2.33772e-05
1.74997e-05
1.46267e-05
1.33822e-05
1.33447e-05
1.34633e-05
1.34957e-05
1.34703e-05
1.34658e-05
1.34005e-05
1.33439e-05
1.32437e-05
1.31356e-05
1.30176e-05
1.29002e-05
1.28041e-05
1.26984e-05
1.26191e-05
1.25167e-05
1.24226e-05
1.23248e-05
1.22515e-05
1.2109e-05
1.198e-05
1.19157e-05
1.21095e-05
1.22523e-05
1.23975e-05
1.25474e-05
1.27126e-05
1.29334e-05
1.3286e-05
1.36532e-05
1.41112e-05
1.48442e-05
1.56796e-05
1.65577e-05
1.77946e-05
2.09987e-05
2.77851e-05
3.38924e-05
2.28396e-05
2.16568e-05
1.92864e-05
1.92114e-05
1.92931e-05
1.93106e-05
1.92533e-05
1.92346e-05
1.9145e-05
1.90711e-05
1.89487e-05
1.88187e-05
1.86809e-05
1.85448e-05
1.84451e-05
1.83329e-05
1.82604e-05
1.81507e-05
1.80577e-05
1.79586e-05
1.78992e-05
1.77399e-05
1.75822e-05
1.74822e-05
1.77519e-05
1.79977e-05
1.82514e-05
1.85193e-05
1.88186e-05
1.91923e-05
1.9739e-05
2.0272e-05
2.0873e-05
2.17809e-05
2.2727e-05
2.37415e-05
2.56381e-05
3.07618e-05
4.04685e-05
4.54157e-05
2.88493e-05
3.10709e-05
2.68121e-05
2.66981e-05
2.67153e-05
2.67068e-05
2.66062e-05
2.65619e-05
2.64506e-05
2.63625e-05
2.62302e-05
2.60939e-05
2.59558e-05
2.58375e-05
2.5776e-05
2.56743e-05
2.56274e-05
2.55298e-05
2.54615e-05
2.53857e-05
2.53718e-05
2.52163e-05
2.50395e-05
2.49038e-05
2.53262e-05
2.57581e-05
2.61998e-05
2.66683e-05
2.71977e-05
2.78167e-05
2.86409e-05
2.93554e-05
2.99268e-05
3.07902e-05
3.17816e-05
3.3227e-05
3.62875e-05
4.38977e-05
5.61168e-05
5.76122e-05
3.54567e-05
4.31517e-05
3.63629e-05
3.62045e-05
3.61383e-05
3.60945e-05
3.59353e-05
3.58592e-05
3.57206e-05
3.56162e-05
3.54729e-05
3.53299e-05
3.5192e-05
3.50968e-05
3.51016e-05
3.51186e-05
3.51964e-05
3.5222e-05
3.52212e-05
3.52136e-05
3.5294e-05
3.51818e-05
3.50071e-05
3.48702e-05
3.56455e-05
3.63946e-05
3.71573e-05
3.79639e-05
3.88763e-05
3.98717e-05
4.09034e-05
4.12681e-05
4.15338e-05
4.22562e-05
4.32504e-05
4.53109e-05
4.99999e-05
6.0008e-05
7.34464e-05
6.98478e-05
4.26106e-05
5.85548e-05
4.85453e-05
4.8362e-05
4.8183e-05
4.80917e-05
4.78545e-05
4.77375e-05
4.75701e-05
4.74517e-05
4.73048e-05
4.71648e-05
4.70392e-05
4.69931e-05
4.7095e-05
4.72465e-05
4.74767e-05
4.77079e-05
4.79942e-05
4.82987e-05
4.86432e-05
4.86446e-05
4.84923e-05
4.84578e-05
4.99782e-05
5.12327e-05
5.24064e-05
5.35703e-05
5.4714e-05
5.57203e-05
5.68197e-05
5.65924e-05
5.62547e-05
5.66019e-05
5.75278e-05
6.03209e-05
6.67164e-05
7.85301e-05
9.09028e-05
8.15677e-05
5.0414e-05
7.81984e-05
6.41231e-05
6.39848e-05
6.36524e-05
6.34984e-05
6.31579e-05
6.29889e-05
6.27932e-05
6.26652e-05
6.25256e-05
6.24037e-05
6.23087e-05
6.23535e-05
6.26062e-05
6.29432e-05
6.33811e-05
6.38744e-05
6.44853e-05
6.51673e-05
6.59231e-05
6.61125e-05
6.57973e-05
6.59345e-05
6.8608e-05
7.04102e-05
7.21049e-05
7.37034e-05
7.51341e-05
7.61326e-05
7.71321e-05
7.58152e-05
7.43787e-05
7.39941e-05
7.47371e-05
7.827e-05
8.59043e-05
9.7171e-05
0.000107552
9.25574e-05
5.91205e-05
0.000103185
8.41591e-05
8.42207e-05
8.3674e-05
8.34379e-05
8.29589e-05
8.27238e-05
8.24977e-05
8.23607e-05
8.22333e-05
8.21392e-05
8.20897e-05
8.22725e-05
8.27334e-05
8.33217e-05
8.40278e-05
8.48621e-05
8.58507e-05
8.6982e-05
8.81552e-05
8.84397e-05
8.78945e-05
8.8304e-05
9.25202e-05
9.4983e-05
9.72211e-05
9.91971e-05
0.000100822
0.000101608
0.00010211
9.89819e-05
9.57774e-05
9.4171e-05
9.44398e-05
9.825e-05
0.000105305
0.000115767
0.000123172
0.000102998
6.90404e-05
0.000134892
0.000110208
0.000110741
0.000109881
0.000109531
0.00010886
0.000108533
0.00010826
0.000108093
0.000107952
0.000107864
0.000107845
0.000108188
0.000108875
0.000109742
0.000110733
0.000111952
0.000113336
0.000114919
0.000116406
0.000116532
0.000115566
0.000116432
0.000122629
0.000125761
0.00012847
0.00013061
0.000132109
0.000132202
0.000131445
0.000125509
0.000119607
0.000116049
0.000114996
0.000117488
0.000124648
0.000134945
0.000137892
0.000113321
8.04317e-05
0.000174977
0.00014456
0.000145963
0.000144631
0.000144106
0.000143149
0.000142672
0.000142285
0.000142006
0.000141748
0.000141558
0.00014147
0.000141911
0.000142733
0.000143781
0.000144957
0.000146498
0.000148184
0.000150065
0.000151522
0.00015102
0.000149384
0.000151134
0.000159786
0.000163483
0.000166413
0.000168203
0.000168732
0.000167096
0.000163778
0.00015368
0.00014372
0.000136949
0.000132955
0.000136567
0.000145476
0.000155119
0.000151866
0.000123983
9.34988e-05
0.000225221
0.000190461
0.000193219
0.00019117
0.000190347
0.000188943
0.000188185
0.000187526
0.000186923
0.000186288
0.000185715
0.000185294
0.000185592
0.000186254
0.00018717
0.000188235
0.000189858
0.000191572
0.00019336
0.000194091
0.000192266
0.000189773
0.000193175
0.000204722
0.000208575
0.00021102
0.000211274
0.000208863
0.000203344
0.000195629
0.000179829
0.000163752
0.000153718
0.000150726
0.00015763
0.000168918
0.000175371
0.000164804
0.000135329
0.00010851
0.000287002
0.000251933
0.00025649
0.000253414
0.00025208
0.00024997
0.000248688
0.000247463
0.000246131
0.000244622
0.000243113
0.000241827
0.000241469
0.000241392
0.000241575
0.000241956
0.000243177
0.000244401
0.000245395
0.000244295
0.000240186
0.000236594
0.000242299
0.000256847
0.000259609
0.000259908
0.000256118
0.000247031
0.000233854
0.000220078
0.000197425
0.000179729
0.00017093
0.000171071
0.000182351
0.000193842
0.000193715
0.000176142
0.000147616
0.000125931
0.000360157
0.000332097
0.000338557
0.000334265
0.000332123
0.000328973
0.000326808
0.000324584
0.000321923
0.00031878
0.000315466
0.000312453
0.000310594
0.000308907
0.00030747
0.000306276
0.000306276
0.000306172
0.000305321
0.000300973
0.000293217
0.00028765
0.000294331
0.000310894
0.000309694
0.000304809
0.000292763
0.000271957
0.000250264
0.000234044
0.00021285
0.000197599
0.000191524
0.000195486
0.000209773
0.000217128
0.000208123
0.000186114
0.000161131
0.000146509
0.000441161
0.000427644
0.00043527
0.000430233
0.000427027
0.000422598
0.000419211
0.000415575
0.000411047
0.000405509
0.000399462
0.00039368
0.000389298
0.000385095
0.000381089
0.000377204
0.000374742
0.000372068
0.000368043
0.00035916
0.000345774
0.000335612
0.000336459
0.000351849
0.000342164
0.000328438
0.000309048
0.000286511
0.000264318
0.000247988
0.000229841
0.000217444
0.000214844
0.000223295
0.000236454
0.000236013
0.000217603
0.000196131
0.000176271
0.000170862
0.00052137
0.00051805
0.000525016
0.000521192
0.000517139
0.000511786
0.000507326
0.000502407
0.000496394
0.000488641
0.000479861
0.00047083
0.000463388
0.000456487
0.000449524
0.000441945
0.0004353
0.000428368
0.000419884
0.000406215
0.000384848
0.000364835
0.00035654
0.000365513
0.000356251
0.000342296
0.00032274
0.000300626
0.000279301
0.000263275
0.00024807
0.000238855
0.000240974
0.000252569
0.000259165
0.000248443
0.000223814
0.000207954
0.000193527
0.000197699
0.000587131
0.000557673
0.000562368
0.00056327
0.000559754
0.000555102
0.000550977
0.000546269
0.000541298
0.000533915
0.000524928
0.000514065
0.000504643
0.000496626
0.000487714
0.000476176
0.000463471
0.000450523
0.000437074
0.000421759
0.000403415
0.00038606
0.00037682
0.000379857
0.000370516
0.000355774
0.000336457
0.000315674
0.000295864
0.000280776
0.000268554
0.000263946
0.000270389
0.000278731
0.00027602
0.000254195
0.000230349
0.00022294
0.000213454
0.0002293
0.000623418
0.000575487
0.000579638
0.000580821
0.000578103
0.000574082
0.000570356
0.000565711
0.000560499
0.000552812
0.000543521
0.000532689
0.000522919
0.000514103
0.000504204
0.000492555
0.000480038
0.000467825
0.000455362
0.000441957
0.000425856
0.000409629
0.000398613
0.00039649
0.000385931
0.000370464
0.000352173
0.000333027
0.000315162
0.000302784
0.000294729
0.000293935
0.000299151
0.00029932
0.000284654
0.000257185
0.000239989
0.00024229
0.000236663
0.000268073
0.00065345
0.000602319
0.000608268
0.000610136
0.00060853
0.000604799
0.000601073
0.00059578
0.00058981
0.000581404
0.00057138
0.000559923
0.000549244
0.000539078
0.000527876
0.000515783
0.000503282
0.000491325
0.000479123
0.000466439
0.000450878
0.000434681
0.00042189
0.000415884
0.000403733
0.00038802
0.000371282
0.000354783
0.000340708
0.000332213
0.000327359
0.00032509
0.000322142
0.000310792
0.000286341
0.000261958
0.000254266
0.000266728
0.000264055
0.000317581
0.00069733
0.000641629
0.000650466
0.000652527
0.000651457
0.000647526
0.000643122
0.000636685
0.000629412
0.000619832
0.000608246
0.000595429
0.000583311
0.000571601
0.000559025
0.000546145
0.000533291
0.000521047
0.000508716
0.00049589
0.000479725
0.000462581
0.000447923
0.000439165
0.000426121
0.000411247
0.000397206
0.000384843
0.000375451
0.000369488
0.000361783
0.000349744
0.00033423
0.000311284
0.000286317
0.000271226
0.00027388
0.000296462
0.000297101
0.000381605
0.00075589
0.000693155
0.00070474
0.000706155
0.000705106
0.000700684
0.000695203
0.000687071
0.000677414
0.000665414
0.000651595
0.000636929
0.000623301
0.000610274
0.000597036
0.000583928
0.000570761
0.000558009
0.000544916
0.000531258
0.000513738
0.000495433
0.000479385
0.000469244
0.000456527
0.000444014
0.000434656
0.000427466
0.000419938
0.000408035
0.000388316
0.000361439
0.000332678
0.000306737
0.000289706
0.000285903
0.000298767
0.000329962
0.000337647
0.000458771
0.000822895
0.000752947
0.000767676
0.000768507
0.000767369
0.000761947
0.000754172
0.000743029
0.000730514
0.000716164
0.000701206
0.000685898
0.00067182
0.000658288
0.00064467
0.000631333
0.000617548
0.000603969
0.000589855
0.000575391
0.000556915
0.000538164
0.000521882
0.000512107
0.000501814
0.000493744
0.000489289
0.000481893
0.000465095
0.000436928
0.00039985
0.000358318
0.000325055
0.000305327
0.00029905
0.000305818
0.00032903
0.00037089
0.000387151
0.000537717
0.000883207
0.0008211
0.000839755
0.000839128
0.000836557
0.000828777
0.000819051
0.00080603
0.000792688
0.000777945
0.000762994
0.000747709
0.000733539
0.000719584
0.00070553
0.000692195
0.000678178
0.000664628
0.000650639
0.000637013
0.000618932
0.000600792
0.000585258
0.000577911
0.000571
0.000564995
0.000556376
0.000535545
0.000498045
0.00044871
0.000395516
0.000349161
0.000321615
0.00031119
0.00031438
0.000330697
0.000368839
0.000422379
0.000445823
0.000610025
0.000944464
0.000901408
0.000922816
0.000920195
0.000916914
0.000908079
0.00089862
0.000886045
0.000873138
0.000858684
0.000843887
0.000828622
0.000814499
0.000800705
0.000787395
0.000775927
0.000763872
0.000752763
0.000740831
0.000729444
0.000712257
0.000694979
0.000680217
0.000674014
0.000664167
0.000647377
0.000618186
0.000572059
0.000509008
0.000443106
0.000385307
0.000345383
0.000326564
0.000323986
0.000335256
0.000364054
0.000429652
0.000485605
0.000512394
0.000676243
0.00101597
0.000999293
0.00102534
0.00102246
0.00102137
0.00101394
0.00100625
0.000994702
0.000982726
0.000968593
0.000954289
0.000939957
0.000927733
0.000916558
0.000907086
0.000901041
0.000894086
0.000887897
0.000879411
0.000870811
0.000853356
0.000832791
0.000811628
0.000792977
0.000760916
0.000715023
0.000653163
0.000577886
0.00049955
0.000431718
0.000381665
0.00035096
0.000338962
0.00034311
0.000364742
0.000416884
0.000528439
0.000558788
0.000585068
0.000739122
0.00110887
0.00112768
0.00116526
0.00116507
0.00116836
0.00116385
0.00115946
0.00114978
0.00113988
0.00112759
0.00111605
0.00110577
0.00109946
0.00109509
0.00109349
0.00109751
0.00109957
0.00109978
0.00109175
0.00107891
0.00104948
0.00100539
0.000953676
0.000891785
0.000817842
0.000736611
0.00064821
0.000562165
0.000484133
0.000427984
0.000388388
0.000364391
0.000358131
0.000371424
0.000412966
0.000507013
0.000624569
0.000638665
0.000662899
0.000806748
0.00123624
0.00131215
0.0013694
0.00137477
0.0013858
0.00138663
0.00138808
0.0013823
0.00137743
0.00137064
0.0013663
0.00136455
0.00136965
0.00137946
0.00138928
0.00140369
0.00141155
0.00139504
0.00133913
0.001272
0.00119644
0.00111461
0.00102228
0.000918345
0.000813394
0.000713151
0.000618719
0.000538305
0.000477904
0.000435295
0.000403155
0.000384656
0.000387181
0.00041872
0.000497383
0.000638879
0.000717394
0.000723199
0.000746284
0.000889907
0.00141149
0.00158692
0.0016748
0.00169006
0.00171378
0.00172343
0.00173348
0.00173473
0.00173884
0.00174218
0.00175013
0.00176272
0.0017821
0.00180466
0.00181038
0.00177851
0.0017202
0.00163161
0.00151609
0.00139084
0.00126618
0.00114175
0.00101235
0.000883794
0.000768315
0.000665855
0.000584009
0.000525875
0.000483539
0.000450325
0.00042433
0.000415231
0.000436446
0.000502681
0.000621952
0.000780835
0.000808001
0.000812268
0.0008361
0.000991433
0.00164466
0.00199094
0.0021199
0.00214879
0.00218902
0.00220994
0.00222995
0.00224071
0.00225696
0.0022731
0.00228237
0.00228727
0.00229299
0.00225414
0.00217726
0.00206639
0.00192772
0.00176443
0.0015899
0.00141467
0.00124979
0.00109407
0.000947166
0.000817549
0.000711992
0.000624081
0.000566114
0.000527221
0.000496547
0.000471102
0.000456063
0.000467714
0.00052361
0.000623985
0.000755869
0.000909627
0.000898914
0.00090687
0.000932037
0.00110086
0.00193797
0.00254933
0.00272691
0.00276664
0.00281863
0.00284685
0.00286168
0.00286025
0.00286347
0.00286556
0.00285951
0.00282764
0.00271822
0.00257438
0.00240321
0.00220918
0.00199594
0.00177336
0.00155638
0.00135175
0.0011675
0.00100368
0.000863204
0.000750992
0.000667408
0.000603829
0.000564164
0.000536579
0.000515355
0.000503227
0.000511794
0.000558741
0.000642301
0.000751919
0.00092548
0.00101474
0.000992232
0.00100797
0.00103132
0.00120785
0.00228408
0.00325484
0.00345807
0.00348024
0.00350962
0.00351725
0.00351649
0.0034998
0.00347849
0.00344436
0.00335679
0.00317313
0.00294322
0.00270065
0.0024493
0.00219132
0.00193019
0.00167801
0.00144602
0.00123825
0.00105904
0.000909291
0.000791007
0.00070404
0.000644826
0.000601123
0.000571483
0.00055368
0.000548141
0.000561986
0.000605041
0.000673402
0.000768929
0.000926386
0.00113045
0.00110673
0.00108917
0.00111508
0.00112867
0.00130822
0.00266826
0.00402153
0.00419839
0.0042054
0.00420735
0.00418074
0.00415012
0.00410604
0.00404139
0.0038432
0.00356855
0.00325496
0.00293797
0.0026323
0.00233668
0.00205051
0.00177774
0.00152803
0.00130757
0.00111811
0.000961272
0.000837485
0.000746277
0.000683989
0.000644485
0.000609145
0.000590195
0.000590103
0.000611453
0.000655689
0.000715941
0.0008066
0.00095973
0.00118195
0.00125669
0.00119432
0.00118948
0.00122506
0.00121762
0.00140266
0.00307313
0.00481604
0.00495027
0.00494104
0.0049105
0.00483246
0.00473059
0.00459349
0.00426188
0.00387633
0.00347969
0.00310159
0.00275323
0.00243179
0.00213257
0.001854
0.0015997
0.00137508
0.00118246
0.00102222
0.000894598
0.000799053
0.000733173
0.000691402
0.000658737
0.000633402
0.000634703
0.000662951
0.000708688
0.000769897
0.000868598
0.00102615
0.00123992
0.0014042
0.00133611
0.00128223
0.00129052
0.00133186
0.00129214
0.00149848
0.00348033
0.00567412
0.00574602
0.00567027
0.00555289
0.00538262
0.00501049
0.00457366
0.00407788
0.0036112
0.00318783
0.00281487
0.00248378
0.0021837
0.00190997
0.00166178
0.00144162
0.00125153
0.00109214
0.000963369
0.000864942
0.00079552
0.000751284
0.00072378
0.000692304
0.000691923
0.000721007
0.000770844
0.000843202
0.000960191
0.00112802
0.00133415
0.00154546
0.00149729
0.00139902
0.00136989
0.00138662
0.00142726
0.00134751
0.00160172
0.00386427
0.00657177
0.00652441
0.00634041
0.00584592
0.00532294
0.00473594
0.00417
0.00365293
0.00320954
0.00282954
0.0025027
0.00221381
0.00195276
0.00171702
0.00150706
0.00132425
0.00116904
0.00104217
0.000943583
0.000872428
0.00082639
0.000799379
0.000767714
0.000765135
0.000796292
0.000854398
0.000949641
0.00109078
0.00126696
0.00145928
0.00163575
0.00165576
0.00153057
0.0014599
0.00145147
0.0014693
0.00150201
0.00137994
0.00171307
0.00417823
0.00739508
0.00658484
0.00618314
0.0054398
0.00477629
0.00416009
0.00362848
0.00318496
0.00281674
0.0025043
0.00223272
0.00198996
0.00177025
0.00157327
0.00140038
0.00125237
0.00112949
0.00103315
0.000963632
0.00091873
0.000893032
0.00086596
0.000860508
0.000899021
0.000979517
0.00110759
0.00127119
0.00144495
0.00160824
0.00174074
0.00178439
0.00165547
0.0015521
0.00151731
0.00151665
0.0015282
0.00154724
0.0013861
0.00182774
0.00435195
0.0071959
0.00596101
0.00546065
0.00469336
0.0040864
0.00356706
0.00314349
0.00279703
0.00250621
0.0022543
0.00202999
0.00182727
0.00164467
0.00148317
0.00134434
0.0012289
0.00113738
0.00107123
0.00103219
0.00101414
0.000987185
0.000991971
0.00105284
0.00117229
0.00133678
0.00150815
0.001657
0.00177406
0.00185611
0.00188496
0.00175801
0.00163137
0.00157393
0.00155933
0.00155366
0.00155475
0.0015581
0.00136617
0.00193544
0.00432917
0.00634967
0.0050718
0.00461134
0.0039733
0.00350466
0.00311169
0.00279369
0.00252621
0.00229318
0.0020854
0.00189788
0.00172861
0.00157925
0.00145192
0.00134757
0.00126688
0.00121146
0.00118186
0.00117829
0.00116265
0.00118827
0.00129059
0.0014598
0.00164658
0.00179432
0.00189142
0.00195152
0.00198423
0.00195009
0.0018236
0.00168992
0.00161349
0.00158657
0.00157452
0.00155875
0.00155173
0.00154327
0.00133233
0.0020215
0.00412287
0.00533493
0.00428456
0.00392969
0.00345565
0.00311611
0.0028237
0.00257962
0.00236468
0.0021704
0.0019946
0.00183916
0.00170223
0.0015873
0.00149846
0.00143689
0.00140275
0.00139727
0.00141966
0.00143745
0.00149385
0.00164881
0.00185767
0.00203092
0.00211705
0.00214608
0.00214582
0.00208004
0.00197845
0.00184863
0.00171927
0.00163556
0.00159924
0.00158422
0.00156849
0.00154592
0.00153869
0.00152686
0.00130658
0.00157356
0.00382499
0.00450228
0.00375072
0.00349895
0.00315602
0.00290526
0.00267732
0.00247784
0.00229823
0.00213546
0.00199017
0.00187113
0.00177718
0.00170997
0.00167174
0.00166273
0.00168544
0.00173872
0.00182219
0.00193683
0.00208496
0.00222919
0.0023175
0.00233027
0.00228223
0.00219974
0.00209409
0.00196896
0.00183858
0.00172319
0.00164422
0.00160619
0.00159071
0.00157913
0.00156162
0.00153843
0.00154085
0.00153116
0.00129866
0.000984216
0.00354998
0.00397148
0.00346303
0.0032858
0.00302765
0.00283053
0.00264456
0.0024772
0.00233168
0.00220969
0.00211215
0.00204207
0.0020015
0.00198662
0.00199885
0.00203539
0.00210048
0.00218814
0.00229156
0.00240017
0.00247251
0.00247056
0.00240236
0.0022963
0.00217544
0.00204914
0.00192357
0.00180961
0.0017149
0.0016505
0.00161925
0.00160847
0.0016008
0.00158964
0.00157379
0.00155727
0.00158015
0.00155336
0.00126822
0.000557643
0.00336923
0.00370937
0.00335875
0.00323255
0.0030286
0.00287086
0.00272631
0.0026047
0.00250582
0.00243454
0.00239151
0.00236592
0.00236273
0.00237554
0.0024073
0.0024512
0.00250418
0.00255367
0.00258191
0.00256791
0.00249498
0.0023759
0.00223898
0.00210517
0.00198269
0.00187313
0.00178055
0.0017111
0.00166732
0.00164821
0.00164431
0.0016441
0.0016402
0.00163169
0.00161816
0.00160657
0.00164861
0.0015372
0.00111368
0.000297801
0.00329693
0.00364162
0.00338586
0.00330762
0.00315701
0.00304732
0.00295007
0.00288042
0.00282445
0.002784
0.0027606
0.00274387
0.00273463
0.00272956
0.00272837
0.00272067
0.00269555
0.00264247
0.00255359
0.00243063
0.00229127
0.00215353
0.00202945
0.00192389
0.00183756
0.00177103
0.00172556
0.00170062
0.00169287
0.00169587
0.00169945
0.00169806
0.00169346
0.00168513
0.00165696
0.00159713
0.00151479
0.00136794
0.0008017
0.000150723
0.00331832
0.00371197
0.00352948
0.0035124
0.00341309
0.00334634
0.00327393
0.0032177
0.0031647
0.00310833
0.00305341
0.00300123
0.00294675
0.00288641
0.00281453
0.00272428
0.00261116
0.00247812
0.00233473
0.00219626
0.00207447
0.00197285
0.0018916
0.00182924
0.00178439
0.00175612
0.00174265
0.0017403
0.00174345
0.00174247
0.00173368
0.00168586
0.00160661
0.00153284
0.00145548
0.00135907
0.00122979
0.00100414
0.000473836
7.42236e-05
0.00341863
0.00388578
0.00375462
0.00378741
0.00369434
0.00362343
0.0035266
0.00342927
0.00333286
0.00323414
0.00313159
0.00302883
0.00292059
0.00280131
0.00266866
0.00252692
0.00238216
0.00224353
0.00212134
0.00202145
0.00194283
0.00188227
0.00183689
0.0018047
0.00178402
0.0017722
0.00176529
0.00175562
0.00173812
0.00166913
0.00155912
0.0014577
0.00136179
0.00126707
0.00116392
0.00103957
0.000888405
0.00060569
0.000247807
3.81859e-05
0.00356292
0.00406487
0.00391779
0.0039451
0.00379844
0.00367779
0.00353645
0.00339594
0.00325721
0.00312674
0.00299335
0.002853
0.00270777
0.00256063
0.00241624
0.00228109
0.00216109
0.00206098
0.00198118
0.0019191
0.00187073
0.00183258
0.00180201
0.00177698
0.00175513
0.00173186
0.00170047
0.00164451
0.00150128
0.00137072
0.00125085
0.00114021
0.00103495
0.000930242
0.000819393
0.000696279
0.000563632
0.000321424
0.000124263
2.34733e-05
0.00364137
0.00405698
0.0038411
0.00382323
0.00362839
0.00347625
0.00331613
0.00316651
0.00301219
0.0028602
0.00270823
0.00255862
0.00241616
0.00228493
0.00216846
0.00206929
0.00198742
0.00192074
0.00186567
0.00181855
0.00177632
0.00173641
0.00169671
0.00165517
0.00160733
0.0015514
0.00141774
0.00125992
0.00111647
0.000989501
0.000876345
0.00077411
0.000679451
0.000589094
0.000499642
0.000409254
0.000321538
0.000167685
7.12699e-05
1.88881e-05
0.00352577
0.00376913
0.003513
0.00347056
0.00327822
0.00313036
0.00296356
0.00280586
0.00264892
0.00249989
0.00236017
0.00223244
0.00211863
0.0020196
0.00193455
0.00186125
0.00179669
0.0017377
0.00168154
0.0016261
0.00156975
0.00151085
0.0014472
0.00137917
0.00128446
0.00110762
0.000950096
0.000813715
0.000697978
0.000600464
0.000517552
0.000445956
0.000382846
0.000325788
0.000272496
0.000221838
0.000175123
0.000107956
5.43439e-05
1.81705e-05
0.00319521
0.00328711
0.00304843
0.00300026
0.00281338
0.00266865
0.00250894
0.00236318
0.00222533
0.00210009
0.00198714
0.00188638
0.0017962
0.00171447
0.00163876
0.00156673
0.00149653
0.00142687
0.00135685
0.00128572
0.00121225
0.00113653
0.00105709
0.000897665
0.00074517
0.000615876
0.000511213
0.000427742
0.000361377
0.000308158
0.000264703
0.000228392
0.000197234
0.000169615
0.000144143
0.000120178
9.80474e-05
7.60611e-05
5.00654e-05
1.9099e-05
0.00270933
0.00269932
0.00248431
0.00242823
0.00225814
0.00212942
0.00199172
0.0018693
0.00175513
0.00165124
0.00155516
0.00146539
0.00138009
0.00129796
0.00121804
0.00113975
0.00106267
0.000986319
0.000910765
0.000836062
0.000761481
0.00063817
0.000515525
0.000415279
0.000337172
0.00027742
0.000232062
0.000197352
0.000170359
0.000148884
0.00013132
0.000116513
0.000103618
9.19515e-05
8.09369e-05
7.03583e-05
6.03003e-05
4.9943e-05
3.9342e-05
2.10553e-05
0.00212285
0.00204529
0.0018539
0.00179452
0.00164952
0.00154098
0.00142525
0.0013213
0.0012221
0.00112919
0.00104089
0.000956854
0.000876543
0.000799753
0.000726644
0.000657412
0.000592364
0.000531929
0.000478622
0.00038389
0.000307489
0.000247332
0.000201507
0.000167091
0.000141337
0.000121878
0.000106953
9.52848e-05
8.59619e-05
7.83225e-05
7.18821e-05
6.62813e-05
6.12447e-05
5.65303e-05
5.19279e-05
4.73731e-05
4.2876e-05
3.80891e-05
3.32694e-05
2.39594e-05
0.00149782
0.00138232
0.0012147
0.00115415
0.00103463
0.000944248
0.000849057
0.000763799
0.000683471
0.000609942
0.00054255
0.000481493
0.000426849
0.000379466
0.000341462
0.000310709
0.000250215
0.000203115
0.000166517
0.000138103
0.000116567
0.000100153
8.75825e-05
7.78571e-05
7.02442e-05
6.42104e-05
5.93719e-05
5.54464e-05
5.2215e-05
4.95015e-05
4.71641e-05
4.50875e-05
4.31746e-05
4.13298e-05
3.94648e-05
3.75499e-05
3.55702e-05
3.33904e-05
3.12131e-05
2.79244e-05
0.000919012
0.000792253
0.000655446
0.000600248
0.000514296
0.000451917
0.000390866
0.000340465
0.000298325
0.000266681
0.000245737
0.000225356
0.000184115
0.000152447
0.000127995
0.000108976
9.40797e-05
8.25155e-05
7.342e-05
6.61831e-05
6.03709e-05
5.56439e-05
5.17663e-05
4.85713e-05
4.59384e-05
4.37757e-05
4.20076e-05
4.0567e-05
3.93896e-05
3.84145e-05
3.75865e-05
3.68567e-05
3.61795e-05
3.55058e-05
3.47874e-05
3.40004e-05
3.31234e-05
3.21075e-05
3.10662e-05
3.05514e-05
0.000470536
0.000364946
0.000278792
0.000247806
0.000214475
0.000201656
0.000195563
0.000162742
0.000134479
0.000113732
9.8157e-05
8.62159e-05
7.69074e-05
6.9591e-05
6.37151e-05
5.89031e-05
5.48951e-05
5.15101e-05
4.86127e-05
4.61108e-05
4.39412e-05
4.20604e-05
4.04399e-05
3.90608e-05
3.79083e-05
3.69669e-05
3.62171e-05
3.56338e-05
3.51866e-05
3.48434e-05
3.45733e-05
3.43476e-05
3.41382e-05
3.39131e-05
3.36395e-05
3.32958e-05
3.28589e-05
3.23134e-05
3.16999e-05
3.14486e-05
0.000202576
0.000162803
0.000151723
0.000141633
0.000111802
9.35402e-05
8.13307e-05
7.28021e-05
6.65947e-05
6.18751e-05
5.81284e-05
5.5042e-05
5.24193e-05
5.01336e-05
4.80995e-05
4.62622e-05
4.45866e-05
4.30519e-05
4.16465e-05
4.03653e-05
3.92072e-05
3.81745e-05
3.72711e-05
3.6501e-05
3.58662e-05
3.53637e-05
3.49841e-05
3.47108e-05
3.45223e-05
3.43958e-05
3.43095e-05
3.42432e-05
3.41764e-05
3.40855e-05
3.39459e-05
3.37382e-05
3.34382e-05
3.30442e-05
3.25418e-05
3.22829e-05
0.000151062
0.000104629
8.06281e-05
6.90185e-05
6.23417e-05
5.8197e-05
5.5312e-05
5.31341e-05
5.13661e-05
4.98468e-05
4.84839e-05
4.72241e-05
4.60364e-05
4.49033e-05
4.38154e-05
4.27689e-05
4.17642e-05
4.08054e-05
3.98985e-05
3.90513e-05
3.82724e-05
3.75709e-05
3.69557e-05
3.6434e-05
3.60097e-05
3.56812e-05
3.54403e-05
3.52727e-05
3.51603e-05
3.5085e-05
3.50305e-05
3.49813e-05
3.49217e-05
3.48333e-05
3.46969e-05
3.44934e-05
3.41984e-05
3.38142e-05
3.32843e-05
3.28824e-05
7.39513e-05
6.10361e-05
5.54598e-05
5.26301e-05
5.08879e-05
4.96496e-05
4.86554e-05
4.77858e-05
4.69817e-05
4.62117e-05
4.54589e-05
4.47144e-05
4.39741e-05
4.3237e-05
4.25039e-05
4.17778e-05
4.10636e-05
4.03681e-05
3.96995e-05
3.90667e-05
3.84792e-05
3.79468e-05
3.74782e-05
3.70801e-05
3.67555e-05
3.65018e-05
3.63107e-05
3.61688e-05
3.6061e-05
3.59728e-05
3.58918e-05
3.58066e-05
3.57044e-05
3.55708e-05
3.539e-05
3.51419e-05
3.48017e-05
3.43677e-05
3.37468e-05
3.31334e-05
5.34641e-05
5.03365e-05
4.88054e-05
4.78557e-05
4.71584e-05
4.65721e-05
4.60389e-05
4.55273e-05
4.50224e-05
4.45158e-05
4.40033e-05
4.34827e-05
4.29537e-05
4.24169e-05
4.18741e-05
4.13284e-05
4.07846e-05
4.02488e-05
3.97285e-05
3.92319e-05
3.87677e-05
3.83443e-05
3.79691e-05
3.76472e-05
3.73797e-05
3.71629e-05
3.69881e-05
3.68431e-05
3.67155e-05
3.65939e-05
3.64692e-05
3.63326e-05
3.6174e-05
3.59819e-05
3.5742e-05
3.54324e-05
3.50274e-05
3.45152e-05
3.37754e-05
3.29688e-05
4.76178e-05
4.66228e-05
4.59795e-05
4.5482e-05
4.50633e-05
4.46793e-05
4.43114e-05
4.3947e-05
4.35795e-05
4.32052e-05
4.28219e-05
4.24286e-05
4.20251e-05
4.16117e-05
4.119e-05
4.07623e-05
4.03328e-05
3.99068e-05
3.94905e-05
3.90908e-05
3.87148e-05
3.83694e-05
3.80599e-05
3.77892e-05
3.75568e-05
3.73578e-05
3.71836e-05
3.70236e-05
3.68677e-05
3.67074e-05
3.65358e-05
3.63463e-05
3.61309e-05
3.58803e-05
3.5581e-05
3.521e-05
3.47415e-05
3.41527e-05
3.33143e-05
3.23102e-05
4.48301e-05
4.43305e-05
4.39303e-05
4.35844e-05
4.32744e-05
4.29814e-05
4.26958e-05
4.24103e-05
4.21209e-05
4.18248e-05
4.15204e-05
4.12066e-05
4.08831e-05
4.05501e-05
4.02086e-05
3.98607e-05
3.951e-05
3.91606e-05
3.88178e-05
3.8487e-05
3.81738e-05
3.7883e-05
3.7618e-05
3.73796e-05
3.7166e-05
3.69714e-05
3.6788e-05
3.66069e-05
3.642e-05
3.6221e-05
3.60049e-05
3.57666e-05
3.55002e-05
3.51983e-05
3.48486e-05
3.44297e-05
3.39193e-05
3.32899e-05
3.24305e-05
3.13382e-05
4.26293e-05
4.22855e-05
4.19836e-05
4.17104e-05
4.14581e-05
4.12164e-05
4.09792e-05
4.07415e-05
4.05001e-05
4.02528e-05
3.9998e-05
3.97348e-05
3.94626e-05
3.91816e-05
3.88928e-05
3.85981e-05
3.83004e-05
3.80032e-05
3.77107e-05
3.74271e-05
3.71565e-05
3.69019e-05
3.66651e-05
3.64455e-05
3.62402e-05
3.60436e-05
3.58488e-05
3.56486e-05
3.54368e-05
3.52086e-05
3.49605e-05
3.46887e-05
3.43892e-05
3.40568e-05
3.36813e-05
3.32457e-05
3.27327e-05
3.21155e-05
3.13098e-05
3.02357e-05
4.04761e-05
4.02044e-05
3.9956e-05
3.97257e-05
3.95088e-05
3.92993e-05
3.90926e-05
3.88852e-05
3.86742e-05
3.84578e-05
3.82345e-05
3.80033e-05
3.77639e-05
3.75165e-05
3.7262e-05
3.70023e-05
3.67398e-05
3.64775e-05
3.62186e-05
3.59665e-05
3.57238e-05
3.54926e-05
3.52732e-05
3.50645e-05
3.48631e-05
3.46641e-05
3.44618e-05
3.42503e-05
3.4025e-05
3.37822e-05
3.35188e-05
3.32324e-05
3.29203e-05
3.2579e-05
3.22011e-05
3.1775e-05
3.12885e-05
3.07196e-05
3.0013e-05
2.91228e-05
3.82088e-05
3.7978e-05
3.77621e-05
3.75585e-05
3.73642e-05
3.71753e-05
3.69882e-05
3.68001e-05
3.66087e-05
3.64121e-05
3.62091e-05
3.59989e-05
3.57813e-05
3.55565e-05
3.53257e-05
3.50903e-05
3.48527e-05
3.46153e-05
3.43806e-05
3.41512e-05
3.3929e-05
3.3715e-05
3.35093e-05
3.33101e-05
3.31146e-05
3.29185e-05
3.27172e-05
3.25062e-05
3.22817e-05
3.20404e-05
3.17799e-05
3.14983e-05
3.11937e-05
3.08641e-05
3.05047e-05
3.01087e-05
2.96681e-05
2.91667e-05
2.85726e-05
2.78724e-05
3.57984e-05
3.55961e-05
3.54044e-05
3.52214e-05
3.50453e-05
3.48731e-05
3.47022e-05
3.45302e-05
3.4355e-05
3.41751e-05
3.39895e-05
3.37976e-05
3.35993e-05
3.3395e-05
3.31859e-05
3.29733e-05
3.27593e-05
3.25459e-05
3.23352e-05
3.21291e-05
3.19291e-05
3.17357e-05
3.15489e-05
3.1367e-05
3.11876e-05
3.10075e-05
3.08231e-05
3.06307e-05
3.04271e-05
3.02096e-05
2.9976e-05
2.97248e-05
2.94553e-05
2.91663e-05
2.8856e-05
2.85214e-05
2.81586e-05
2.77579e-05
2.73045e-05
2.68011e-05
3.33366e-05
3.31628e-05
3.29966e-05
3.28368e-05
3.26819e-05
3.25298e-05
3.23783e-05
3.22255e-05
3.20698e-05
3.191e-05
3.17451e-05
3.15749e-05
3.13994e-05
3.12193e-05
3.10356e-05
3.08496e-05
3.06631e-05
3.04777e-05
3.02954e-05
3.01177e-05
2.99457e-05
2.978e-05
2.96204e-05
2.94658e-05
2.93145e-05
2.9164e-05
2.90116e-05
2.88544e-05
2.86896e-05
2.8515e-05
2.83285e-05
2.81289e-05
2.79156e-05
2.76882e-05
2.7446e-05
2.71882e-05
2.69124e-05
2.66128e-05
2.62835e-05
2.593e-05
3.09726e-05
3.08316e-05
3.06958e-05
3.05641e-05
3.04356e-05
3.03087e-05
3.01816e-05
3.00529e-05
2.99213e-05
2.9786e-05
2.96464e-05
2.95023e-05
2.9354e-05
2.92021e-05
2.90477e-05
2.8892e-05
2.87365e-05
2.85827e-05
2.84322e-05
2.82864e-05
2.81462e-05
2.80123e-05
2.78847e-05
2.77627e-05
2.76452e-05
2.75305e-05
2.74164e-05
2.73008e-05
2.71812e-05
2.70554e-05
2.69216e-05
2.67784e-05
2.66251e-05
2.64612e-05
2.62864e-05
2.61001e-05
2.59005e-05
2.56842e-05
2.54493e-05
2.52009e-05
2.88301e-05
2.87241e-05
2.8621e-05
2.85201e-05
2.84209e-05
2.83219e-05
2.82222e-05
2.81205e-05
2.80159e-05
2.7908e-05
2.77964e-05
2.7681e-05
2.75624e-05
2.74411e-05
2.7318e-05
2.71943e-05
2.70713e-05
2.69502e-05
2.68325e-05
2.67193e-05
2.66116e-05
2.651e-05
2.64147e-05
2.63254e-05
2.62413e-05
2.61614e-05
2.60839e-05
2.6007e-05
2.59287e-05
2.5847e-05
2.57599e-05
2.56662e-05
2.55647e-05
2.54548e-05
2.53362e-05
2.52081e-05
2.50691e-05
2.49174e-05
2.47531e-05
2.45804e-05
2.69685e-05
2.68957e-05
2.68241e-05
2.67533e-05
2.66828e-05
2.66117e-05
2.65393e-05
2.64648e-05
2.63876e-05
2.63075e-05
2.62242e-05
2.61379e-05
2.60491e-05
2.59583e-05
2.58664e-05
2.57743e-05
2.56831e-05
2.55939e-05
2.55079e-05
2.5426e-05
2.53491e-05
2.52779e-05
2.52125e-05
2.5153e-05
2.50988e-05
2.5049e-05
2.50025e-05
2.49577e-05
2.49128e-05
2.48661e-05
2.48157e-05
2.47604e-05
2.4699e-05
2.46309e-05
2.45554e-05
2.44719e-05
2.43793e-05
2.4277e-05
2.41658e-05
2.40489e-05
2.53927e-05
2.53489e-05
2.53052e-05
2.52613e-05
2.5217e-05
2.51716e-05
2.51246e-05
2.50756e-05
2.50243e-05
2.49705e-05
2.49141e-05
2.48556e-05
2.47951e-05
2.47333e-05
2.46709e-05
2.46086e-05
2.45472e-05
2.44878e-05
2.44311e-05
2.4378e-05
2.43293e-05
2.42854e-05
2.42466e-05
2.42129e-05
2.41839e-05
2.4159e-05
2.41372e-05
2.41172e-05
2.40975e-05
2.40766e-05
2.40531e-05
2.40257e-05
2.39934e-05
2.39557e-05
2.39119e-05
2.38616e-05
2.3804e-05
2.37392e-05
2.36679e-05
2.35927e-05
2.40771e-05
2.40575e-05
2.40372e-05
2.40162e-05
2.39944e-05
2.39715e-05
2.3947e-05
2.39208e-05
2.38926e-05
2.38625e-05
2.38305e-05
2.37969e-05
2.37621e-05
2.37264e-05
2.36905e-05
2.36549e-05
2.36202e-05
2.35872e-05
2.35566e-05
2.3529e-05
2.35049e-05
2.34847e-05
2.34686e-05
2.34566e-05
2.34484e-05
2.34434e-05
2.34409e-05
2.34398e-05
2.34388e-05
2.34369e-05
2.34328e-05
2.34255e-05
2.34144e-05
2.33989e-05
2.33787e-05
2.33534e-05
2.33226e-05
2.32864e-05
2.32457e-05
2.32023e-05
2.29866e-05
2.29863e-05
2.29851e-05
2.2983e-05
2.29801e-05
2.29761e-05
2.29707e-05
2.2964e-05
2.29558e-05
2.29461e-05
2.29352e-05
2.29232e-05
2.29105e-05
2.28973e-05
2.28841e-05
2.28714e-05
2.28596e-05
2.28492e-05
2.28408e-05
2.28347e-05
2.28315e-05
2.28312e-05
2.2834e-05
2.284e-05
2.28487e-05
2.28597e-05
2.28725e-05
2.28861e-05
2.28996e-05
2.2912e-05
2.29227e-05
2.29308e-05
2.29357e-05
2.29373e-05
2.29352e-05
2.29293e-05
2.29194e-05
2.29056e-05
2.28886e-05
2.28696e-05
2.20864e-05
2.21014e-05
2.21154e-05
2.21287e-05
2.21412e-05
2.21528e-05
2.21634e-05
2.21729e-05
2.21814e-05
2.21889e-05
2.21956e-05
2.22017e-05
2.22074e-05
2.22129e-05
2.22187e-05
2.2225e-05
2.22321e-05
2.22405e-05
2.22504e-05
2.22621e-05
2.2276e-05
2.22921e-05
2.23106e-05
2.23312e-05
2.23537e-05
2.23779e-05
2.2403e-05
2.24284e-05
2.24536e-05
2.24777e-05
2.25001e-05
2.25204e-05
2.25383e-05
2.25535e-05
2.25659e-05
2.25755e-05
2.25821e-05
2.25859e-05
2.25873e-05
2.25872e-05
2.13455e-05
2.13726e-05
2.13988e-05
2.14244e-05
2.14494e-05
2.14736e-05
2.14972e-05
2.15201e-05
2.15423e-05
2.15639e-05
2.15851e-05
2.16059e-05
2.16267e-05
2.16475e-05
2.16687e-05
2.16904e-05
2.17129e-05
2.17365e-05
2.17612e-05
2.17875e-05
2.18153e-05
2.18448e-05
2.18759e-05
2.19085e-05
2.19424e-05
2.19772e-05
2.20125e-05
2.20479e-05
2.20826e-05
2.21164e-05
2.21486e-05
2.21791e-05
2.22076e-05
2.22339e-05
2.22581e-05
2.22801e-05
2.22999e-05
2.23176e-05
2.23334e-05
2.23482e-05
2.07371e-05
2.07736e-05
2.08094e-05
2.08447e-05
2.08797e-05
2.09142e-05
2.09482e-05
2.09819e-05
2.10151e-05
2.10481e-05
2.1081e-05
2.11138e-05
2.11466e-05
2.11798e-05
2.12133e-05
2.12473e-05
2.12821e-05
2.13178e-05
2.13545e-05
2.13924e-05
2.14314e-05
2.14716e-05
2.1513e-05
2.15554e-05
2.15986e-05
2.16423e-05
2.16862e-05
2.17297e-05
2.17726e-05
2.18145e-05
2.18551e-05
2.18941e-05
2.19314e-05
2.1967e-05
2.20009e-05
2.2033e-05
2.20634e-05
2.20922e-05
2.21195e-05
2.2146e-05
2.02372e-05
2.02811e-05
2.03244e-05
2.03674e-05
2.04102e-05
2.04528e-05
2.04952e-05
2.05374e-05
2.05795e-05
2.06216e-05
2.06637e-05
2.07059e-05
2.07484e-05
2.07912e-05
2.08345e-05
2.08783e-05
2.09229e-05
2.09682e-05
2.10144e-05
2.10615e-05
2.11095e-05
2.11584e-05
2.12081e-05
2.12585e-05
2.13094e-05
2.13604e-05
2.14114e-05
2.1462e-05
2.15118e-05
2.15607e-05
2.16084e-05
2.16546e-05
2.16995e-05
2.17428e-05
2.17847e-05
2.18252e-05
2.18643e-05
2.1902e-05
2.19386e-05
2.19745e-05
1.98249e-05
1.98744e-05
1.99235e-05
1.99725e-05
2.00215e-05
2.00704e-05
2.01193e-05
2.01682e-05
2.02172e-05
2.02664e-05
2.03157e-05
2.03654e-05
2.04153e-05
2.04658e-05
2.05167e-05
2.05683e-05
2.06205e-05
2.06734e-05
2.07271e-05
2.07816e-05
2.08368e-05
2.08927e-05
2.09492e-05
2.10062e-05
2.10634e-05
2.11207e-05
2.11777e-05
2.12343e-05
2.12902e-05
2.13451e-05
2.13989e-05
2.14515e-05
2.15028e-05
2.15528e-05
2.16016e-05
2.16491e-05
2.16953e-05
2.17405e-05
2.17847e-05
2.18283e-05
1.94819e-05
1.95356e-05
1.95891e-05
1.96427e-05
1.96964e-05
1.97502e-05
1.98041e-05
1.98582e-05
1.99125e-05
1.99671e-05
2.00221e-05
2.00774e-05
2.01333e-05
2.01896e-05
2.02466e-05
2.03041e-05
2.03624e-05
2.04213e-05
2.0481e-05
2.05414e-05
2.06024e-05
2.0664e-05
2.07262e-05
2.07886e-05
2.08513e-05
2.09139e-05
2.09762e-05
2.10381e-05
2.10993e-05
2.11596e-05
2.12189e-05
2.1277e-05
2.1334e-05
2.13898e-05
2.14445e-05
2.1498e-05
2.15505e-05
2.1602e-05
2.16526e-05
2.17027e-05
1.91923e-05
1.92492e-05
1.9306e-05
1.9363e-05
1.94202e-05
1.94776e-05
1.95353e-05
1.95934e-05
1.96518e-05
1.97106e-05
1.97698e-05
1.98296e-05
1.98899e-05
1.99509e-05
2.00125e-05
2.00749e-05
2.01379e-05
2.02017e-05
2.02662e-05
2.03314e-05
2.03972e-05
2.04637e-05
2.05306e-05
2.05978e-05
2.06651e-05
2.07324e-05
2.07995e-05
2.08661e-05
2.09321e-05
2.09973e-05
2.10615e-05
2.11247e-05
2.11868e-05
2.12479e-05
2.13078e-05
2.13667e-05
2.14247e-05
2.14817e-05
2.15379e-05
2.15937e-05
1.89428e-05
1.90019e-05
1.90611e-05
1.91206e-05
1.91805e-05
1.92406e-05
1.93012e-05
1.93622e-05
1.94236e-05
1.94856e-05
1.95482e-05
1.96114e-05
1.96753e-05
1.97399e-05
1.98052e-05
1.98713e-05
1.99383e-05
2.0006e-05
2.00745e-05
2.01438e-05
2.02138e-05
2.02843e-05
2.03554e-05
2.04268e-05
2.04984e-05
2.057e-05
2.06414e-05
2.07125e-05
2.07829e-05
2.08527e-05
2.09215e-05
2.09894e-05
2.10564e-05
2.11222e-05
2.11871e-05
2.1251e-05
2.13139e-05
2.1376e-05
2.14373e-05
2.14983e-05
1.87223e-05
1.8783e-05
1.8844e-05
1.89053e-05
1.89671e-05
1.90293e-05
1.90919e-05
1.91551e-05
1.92189e-05
1.92834e-05
1.93485e-05
1.94144e-05
1.9481e-05
1.95486e-05
1.96169e-05
1.96862e-05
1.97564e-05
1.98275e-05
1.98995e-05
1.99723e-05
2.0046e-05
2.01203e-05
2.01952e-05
2.02705e-05
2.03461e-05
2.04218e-05
2.04973e-05
2.05726e-05
2.06473e-05
2.07215e-05
2.07948e-05
2.08673e-05
2.09388e-05
2.10093e-05
2.10788e-05
2.11474e-05
2.12151e-05
2.1282e-05
2.13482e-05
2.1414e-05
1.85221e-05
1.8584e-05
1.86462e-05
1.87088e-05
1.87719e-05
1.88356e-05
1.88999e-05
1.89648e-05
1.90304e-05
1.90967e-05
1.91639e-05
1.92319e-05
1.93009e-05
1.93708e-05
1.94418e-05
1.95138e-05
1.95868e-05
1.96609e-05
1.97361e-05
1.98122e-05
1.98892e-05
1.99671e-05
2.00456e-05
2.01247e-05
2.02042e-05
2.02838e-05
2.03635e-05
2.04429e-05
2.0522e-05
2.06005e-05
2.06783e-05
2.07552e-05
2.08313e-05
2.09064e-05
2.09806e-05
2.10538e-05
2.11262e-05
2.11978e-05
2.12688e-05
2.13393e-05
1.83355e-05
1.83981e-05
1.84612e-05
1.85248e-05
1.85889e-05
1.86537e-05
1.87192e-05
1.87854e-05
1.88525e-05
1.89204e-05
1.89892e-05
1.90591e-05
1.91301e-05
1.92021e-05
1.92754e-05
1.93499e-05
1.94255e-05
1.95024e-05
1.95805e-05
1.96598e-05
1.97401e-05
1.98215e-05
1.99036e-05
1.99865e-05
2.00699e-05
2.01536e-05
2.02374e-05
2.03211e-05
2.04045e-05
2.04875e-05
2.05698e-05
2.06514e-05
2.07321e-05
2.08119e-05
2.08908e-05
2.09687e-05
2.10459e-05
2.11223e-05
2.1198e-05
2.12734e-05
1.81576e-05
1.82207e-05
1.82844e-05
1.83487e-05
1.84136e-05
1.84793e-05
1.85457e-05
1.8613e-05
1.86813e-05
1.87506e-05
1.88209e-05
1.88924e-05
1.89652e-05
1.90392e-05
1.91146e-05
1.91914e-05
1.92697e-05
1.93493e-05
1.94304e-05
1.95128e-05
1.95964e-05
1.96813e-05
1.97672e-05
1.98539e-05
1.99413e-05
2.00292e-05
2.01174e-05
2.02056e-05
2.02936e-05
2.03812e-05
2.04682e-05
2.05546e-05
2.06401e-05
2.07248e-05
2.08086e-05
2.08915e-05
2.09735e-05
2.10549e-05
2.11357e-05
2.12161e-05
1.7985e-05
1.80486e-05
1.81127e-05
1.81775e-05
1.82431e-05
1.83095e-05
1.83768e-05
1.8445e-05
1.85143e-05
1.85848e-05
1.86566e-05
1.87296e-05
1.88041e-05
1.88801e-05
1.89576e-05
1.90368e-05
1.91176e-05
1.92e-05
1.9284e-05
1.93697e-05
1.94568e-05
1.95453e-05
1.96351e-05
1.97259e-05
1.98176e-05
1.99099e-05
2.00027e-05
2.00956e-05
2.01884e-05
2.0281e-05
2.03731e-05
2.04645e-05
2.05551e-05
2.0645e-05
2.07339e-05
2.0822e-05
2.09093e-05
2.09959e-05
2.10819e-05
2.11676e-05
1.7816e-05
1.78798e-05
1.79443e-05
1.80096e-05
1.80757e-05
1.81427e-05
1.82107e-05
1.82799e-05
1.83502e-05
1.84219e-05
1.8495e-05
1.85696e-05
1.86458e-05
1.87237e-05
1.88035e-05
1.8885e-05
1.89684e-05
1.90538e-05
1.9141e-05
1.923e-05
1.93208e-05
1.94132e-05
1.95071e-05
1.96023e-05
1.96985e-05
1.97956e-05
1.98933e-05
1.99913e-05
2.00893e-05
2.01871e-05
2.02846e-05
2.03814e-05
2.04776e-05
2.05729e-05
2.06674e-05
2.07611e-05
2.08539e-05
2.09461e-05
2.10378e-05
2.11291e-05
1.76496e-05
1.77137e-05
1.77785e-05
1.78442e-05
1.79108e-05
1.79784e-05
1.80472e-05
1.81172e-05
1.81886e-05
1.82615e-05
1.83359e-05
1.84121e-05
1.84901e-05
1.85701e-05
1.86521e-05
1.87361e-05
1.88224e-05
1.89108e-05
1.90013e-05
1.9094e-05
1.91887e-05
1.92853e-05
1.93836e-05
1.94835e-05
1.95846e-05
1.96869e-05
1.97898e-05
1.98933e-05
1.99969e-05
2.01004e-05
2.02037e-05
2.03064e-05
2.04084e-05
2.05097e-05
2.06102e-05
2.07098e-05
2.08087e-05
2.09069e-05
2.10046e-05
2.1102e-05
1.74861e-05
1.75504e-05
1.76155e-05
1.76816e-05
1.77487e-05
1.78169e-05
1.78864e-05
1.79574e-05
1.80298e-05
1.81039e-05
1.81799e-05
1.82577e-05
1.83376e-05
1.84197e-05
1.85041e-05
1.85909e-05
1.86801e-05
1.87718e-05
1.8866e-05
1.89625e-05
1.90614e-05
1.91625e-05
1.92657e-05
1.93706e-05
1.94771e-05
1.95848e-05
1.96936e-05
1.98029e-05
1.99126e-05
2.00223e-05
2.01318e-05
2.02409e-05
2.03493e-05
2.0457e-05
2.05639e-05
2.067e-05
2.07753e-05
2.08801e-05
2.09843e-05
2.10882e-05
1.73263e-05
1.73908e-05
1.74562e-05
1.75227e-05
1.75903e-05
1.76592e-05
1.77296e-05
1.78015e-05
1.7875e-05
1.79505e-05
1.8028e-05
1.81076e-05
1.81896e-05
1.8274e-05
1.8361e-05
1.84507e-05
1.85431e-05
1.86383e-05
1.87364e-05
1.88372e-05
1.89406e-05
1.90466e-05
1.91549e-05
1.92653e-05
1.93776e-05
1.94913e-05
1.96063e-05
1.9722e-05
1.98383e-05
1.99547e-05
2.0071e-05
2.01869e-05
2.03023e-05
2.04169e-05
2.05308e-05
2.06439e-05
2.07563e-05
2.08681e-05
2.09794e-05
2.10905e-05
1.71717e-05
1.72365e-05
1.73023e-05
1.73692e-05
1.74374e-05
1.7507e-05
1.75782e-05
1.76512e-05
1.7726e-05
1.78029e-05
1.7882e-05
1.79636e-05
1.80478e-05
1.81347e-05
1.82245e-05
1.83173e-05
1.84133e-05
1.85123e-05
1.86146e-05
1.87199e-05
1.88283e-05
1.89396e-05
1.90535e-05
1.91699e-05
1.92884e-05
1.94086e-05
1.95303e-05
1.96531e-05
1.97765e-05
1.99002e-05
2.00239e-05
2.01473e-05
2.02701e-05
2.03923e-05
2.05138e-05
2.06345e-05
2.07545e-05
2.0874e-05
2.0993e-05
2.11117e-05
1.70246e-05
1.70897e-05
1.71558e-05
1.72233e-05
1.72921e-05
1.73626e-05
1.74347e-05
1.75088e-05
1.7585e-05
1.76634e-05
1.77444e-05
1.78281e-05
1.79147e-05
1.80043e-05
1.80972e-05
1.81934e-05
1.82931e-05
1.83963e-05
1.85031e-05
1.86134e-05
1.87271e-05
1.88441e-05
1.89642e-05
1.9087e-05
1.92123e-05
1.93396e-05
1.94687e-05
1.9599e-05
1.97302e-05
1.98618e-05
1.99935e-05
2.0125e-05
2.0256e-05
2.03865e-05
2.05162e-05
2.06452e-05
2.07735e-05
2.09012e-05
2.10286e-05
2.11557e-05
1.68876e-05
1.6953e-05
1.70197e-05
1.70877e-05
1.71573e-05
1.72286e-05
1.73018e-05
1.73771e-05
1.74548e-05
1.7535e-05
1.7618e-05
1.7704e-05
1.77931e-05
1.78857e-05
1.79819e-05
1.80818e-05
1.81857e-05
1.82934e-05
1.84051e-05
1.85208e-05
1.86403e-05
1.87636e-05
1.88902e-05
1.90201e-05
1.91527e-05
1.92878e-05
1.94248e-05
1.95634e-05
1.9703e-05
1.98432e-05
1.99836e-05
2.01239e-05
2.02639e-05
2.04032e-05
2.05419e-05
2.06799e-05
2.08172e-05
2.0954e-05
2.10904e-05
2.12267e-05
1.6764e-05
1.68299e-05
1.68971e-05
1.69658e-05
1.70362e-05
1.71085e-05
1.71829e-05
1.72596e-05
1.7339e-05
1.74211e-05
1.75062e-05
1.75947e-05
1.76868e-05
1.77826e-05
1.78824e-05
1.79863e-05
1.80946e-05
1.82073e-05
1.83244e-05
1.84459e-05
1.85717e-05
1.87017e-05
1.88356e-05
1.8973e-05
1.91137e-05
1.92571e-05
1.94028e-05
1.95503e-05
1.96991e-05
1.98487e-05
1.99986e-05
2.01485e-05
2.02981e-05
2.04472e-05
2.05956e-05
2.07434e-05
2.08905e-05
2.10372e-05
2.11836e-05
2.13298e-05
1.66578e-05
1.67242e-05
1.6792e-05
1.68615e-05
1.69329e-05
1.70063e-05
1.70821e-05
1.71604e-05
1.72415e-05
1.73257e-05
1.74133e-05
1.75046e-05
1.75997e-05
1.76991e-05
1.78028e-05
1.79112e-05
1.80243e-05
1.81423e-05
1.82653e-05
1.83932e-05
1.85258e-05
1.86632e-05
1.88049e-05
1.89506e-05
1.91e-05
1.92525e-05
1.94077e-05
1.95649e-05
1.97237e-05
1.98834e-05
2.00437e-05
2.02041e-05
2.03642e-05
2.05239e-05
2.06829e-05
2.08414e-05
2.09992e-05
2.11567e-05
2.13138e-05
2.1471e-05
1.65736e-05
1.66406e-05
1.67092e-05
1.67797e-05
1.68521e-05
1.69269e-05
1.70041e-05
1.70842e-05
1.71673e-05
1.72539e-05
1.73442e-05
1.74384e-05
1.7537e-05
1.76402e-05
1.77483e-05
1.78614e-05
1.79799e-05
1.81037e-05
1.8233e-05
1.83678e-05
1.8508e-05
1.86533e-05
1.88035e-05
1.89583e-05
1.91171e-05
1.92796e-05
1.9445e-05
1.96129e-05
1.97825e-05
1.99534e-05
2.01249e-05
2.02967e-05
2.04683e-05
2.06396e-05
2.08103e-05
2.09804e-05
2.115e-05
2.13192e-05
2.14882e-05
2.16573e-05
1.65169e-05
1.65847e-05
1.66542e-05
1.67257e-05
1.67995e-05
1.68757e-05
1.69546e-05
1.70367e-05
1.71221e-05
1.72113e-05
1.73045e-05
1.74021e-05
1.75045e-05
1.76119e-05
1.77247e-05
1.78431e-05
1.79673e-05
1.80975e-05
1.82338e-05
1.83761e-05
1.85244e-05
1.86784e-05
1.8838e-05
1.90026e-05
1.91718e-05
1.9345e-05
1.95217e-05
1.97011e-05
1.98827e-05
2.00657e-05
2.02495e-05
2.04338e-05
2.0618e-05
2.08019e-05
2.09853e-05
2.11682e-05
2.13506e-05
2.15327e-05
2.17147e-05
2.18969e-05
1.64942e-05
1.65629e-05
1.66336e-05
1.67064e-05
1.67816e-05
1.68595e-05
1.69404e-05
1.70247e-05
1.71126e-05
1.72047e-05
1.73012e-05
1.74025e-05
1.75091e-05
1.76212e-05
1.77392e-05
1.78633e-05
1.79939e-05
1.81311e-05
1.82749e-05
1.84255e-05
1.85826e-05
1.87462e-05
1.89158e-05
1.90912e-05
1.92717e-05
1.94568e-05
1.96457e-05
1.98378e-05
2.00324e-05
2.02287e-05
2.0426e-05
2.0624e-05
2.0822e-05
2.10197e-05
2.12171e-05
2.1414e-05
2.16105e-05
2.18068e-05
2.20032e-05
2.21998e-05
1.65135e-05
1.65834e-05
1.66553e-05
1.67296e-05
1.68065e-05
1.68864e-05
1.69695e-05
1.70563e-05
1.71472e-05
1.72425e-05
1.73427e-05
1.74481e-05
1.75593e-05
1.76765e-05
1.78002e-05
1.79307e-05
1.80683e-05
1.82131e-05
1.83652e-05
1.85248e-05
1.86917e-05
1.88657e-05
1.90465e-05
1.92336e-05
1.94265e-05
1.96245e-05
1.98269e-05
2.00329e-05
2.02418e-05
2.04526e-05
2.06649e-05
2.08778e-05
2.1091e-05
2.1304e-05
2.15168e-05
2.17292e-05
2.19413e-05
2.21533e-05
2.23655e-05
2.25781e-05
1.65844e-05
1.66557e-05
1.67292e-05
1.68053e-05
1.68842e-05
1.69663e-05
1.7052e-05
1.71417e-05
1.72358e-05
1.73348e-05
1.7439e-05
1.75491e-05
1.76654e-05
1.77883e-05
1.79184e-05
1.80558e-05
1.82011e-05
1.83543e-05
1.85156e-05
1.86851e-05
1.88627e-05
1.90481e-05
1.92411e-05
1.94412e-05
1.96477e-05
1.98599e-05
2.00772e-05
2.02985e-05
2.05231e-05
2.075e-05
2.09786e-05
2.12082e-05
2.14381e-05
2.16681e-05
2.18979e-05
2.21275e-05
2.23569e-05
2.25864e-05
2.28162e-05
2.30467e-05
1.67191e-05
1.67921e-05
1.68675e-05
1.69456e-05
1.70269e-05
1.71116e-05
1.72002e-05
1.72932e-05
1.7391e-05
1.74941e-05
1.7603e-05
1.77182e-05
1.78403e-05
1.79696e-05
1.81066e-05
1.82519e-05
1.84056e-05
1.85681e-05
1.87395e-05
1.892e-05
1.91094e-05
1.93075e-05
1.95139e-05
1.97283e-05
1.99498e-05
2.01778e-05
2.04114e-05
2.06497e-05
2.08916e-05
2.11365e-05
2.13832e-05
2.16312e-05
2.18798e-05
2.21287e-05
2.23775e-05
2.26262e-05
2.2875e-05
2.3124e-05
2.33736e-05
2.36241e-05
1.69329e-05
1.7008e-05
1.70856e-05
1.71662e-05
1.72503e-05
1.73381e-05
1.74301e-05
1.75269e-05
1.76289e-05
1.77367e-05
1.78509e-05
1.79719e-05
1.81003e-05
1.82368e-05
1.83817e-05
1.85356e-05
1.86988e-05
1.88716e-05
1.90543e-05
1.92469e-05
1.94494e-05
1.96615e-05
1.98829e-05
2.01131e-05
2.03513e-05
2.05968e-05
2.08486e-05
2.11057e-05
2.13671e-05
2.16318e-05
2.18988e-05
2.21674e-05
2.2437e-05
2.27069e-05
2.29771e-05
2.32475e-05
2.35181e-05
2.37892e-05
2.40611e-05
2.43344e-05
1.72462e-05
1.73237e-05
1.7404e-05
1.74877e-05
1.75749e-05
1.76664e-05
1.77624e-05
1.78636e-05
1.79705e-05
1.80837e-05
1.82038e-05
1.83314e-05
1.84672e-05
1.86117e-05
1.87654e-05
1.8929e-05
1.91028e-05
1.92873e-05
1.94825e-05
1.96887e-05
1.99058e-05
2.01336e-05
2.03717e-05
2.06196e-05
2.08765e-05
2.11415e-05
2.14137e-05
2.16919e-05
2.19751e-05
2.22621e-05
2.2552e-05
2.28439e-05
2.3137e-05
2.34309e-05
2.37254e-05
2.40202e-05
2.43157e-05
2.4612e-05
2.49096e-05
2.5209e-05
1.76861e-05
1.77667e-05
1.78504e-05
1.79376e-05
1.80288e-05
1.81245e-05
1.82252e-05
1.83315e-05
1.84441e-05
1.85636e-05
1.86906e-05
1.88258e-05
1.89699e-05
1.91235e-05
1.92874e-05
1.9462e-05
1.96478e-05
1.98453e-05
2.00547e-05
2.02762e-05
2.05098e-05
2.07553e-05
2.10122e-05
2.128e-05
2.15579e-05
2.1845e-05
2.21402e-05
2.24423e-05
2.27502e-05
2.30626e-05
2.33785e-05
2.36969e-05
2.4017e-05
2.43383e-05
2.46606e-05
2.49838e-05
2.53079e-05
2.56334e-05
2.59608e-05
2.62904e-05
1.82911e-05
1.83754e-05
1.84632e-05
1.85547e-05
1.86507e-05
1.87515e-05
1.88578e-05
1.89703e-05
1.90896e-05
1.92163e-05
1.93514e-05
1.94954e-05
1.96491e-05
1.98133e-05
1.99887e-05
2.01759e-05
2.03755e-05
2.0588e-05
2.08136e-05
2.10525e-05
2.13049e-05
2.15704e-05
2.18488e-05
2.21393e-05
2.24412e-05
2.27535e-05
2.3075e-05
2.34045e-05
2.37407e-05
2.40823e-05
2.44282e-05
2.47772e-05
2.51286e-05
2.54819e-05
2.58366e-05
2.61928e-05
2.65507e-05
2.69105e-05
2.72729e-05
2.76383e-05
1.91166e-05
1.92057e-05
1.92985e-05
1.93955e-05
1.94972e-05
1.96043e-05
1.97174e-05
1.98372e-05
1.99645e-05
2.01e-05
2.02445e-05
2.03989e-05
2.0564e-05
2.07406e-05
2.09295e-05
2.11313e-05
2.13469e-05
2.15766e-05
2.1821e-05
2.20802e-05
2.23542e-05
2.2643e-05
2.29461e-05
2.32629e-05
2.35925e-05
2.3934e-05
2.42861e-05
2.46475e-05
2.50167e-05
2.53925e-05
2.57735e-05
2.61586e-05
2.6547e-05
2.6938e-05
2.73313e-05
2.7727e-05
2.81251e-05
2.85262e-05
2.89307e-05
2.93393e-05
2.02474e-05
2.03425e-05
2.04417e-05
2.05455e-05
2.06546e-05
2.07694e-05
2.08909e-05
2.10197e-05
2.11568e-05
2.13028e-05
2.14588e-05
2.16257e-05
2.18044e-05
2.19957e-05
2.22006e-05
2.242e-05
2.26544e-05
2.29046e-05
2.31711e-05
2.3454e-05
2.37537e-05
2.40698e-05
2.44021e-05
2.47499e-05
2.51124e-05
2.54884e-05
2.58767e-05
2.6276e-05
2.66846e-05
2.71012e-05
2.75243e-05
2.79529e-05
2.83859e-05
2.88228e-05
2.92632e-05
2.9707e-05
3.01546e-05
3.06063e-05
3.10628e-05
3.15249e-05
2.18195e-05
2.19225e-05
2.20301e-05
2.21427e-05
2.2261e-05
2.23858e-05
2.25179e-05
2.26581e-05
2.28074e-05
2.29667e-05
2.31369e-05
2.33192e-05
2.35146e-05
2.3724e-05
2.39485e-05
2.41891e-05
2.44465e-05
2.47216e-05
2.50148e-05
2.53266e-05
2.56572e-05
2.60064e-05
2.6374e-05
2.67594e-05
2.71617e-05
2.75797e-05
2.80123e-05
2.84577e-05
2.89147e-05
2.93815e-05
2.98568e-05
3.03393e-05
3.0828e-05
3.13223e-05
3.18217e-05
3.23263e-05
3.28364e-05
3.33524e-05
3.3875e-05
3.4405e-05
2.40664e-05
2.41802e-05
2.4299e-05
2.44233e-05
2.45541e-05
2.46921e-05
2.48381e-05
2.49932e-05
2.51584e-05
2.53348e-05
2.55234e-05
2.57254e-05
2.59421e-05
2.61745e-05
2.64239e-05
2.66913e-05
2.69777e-05
2.7284e-05
2.76109e-05
2.79589e-05
2.83283e-05
2.87191e-05
2.91311e-05
2.95638e-05
3.00162e-05
3.04873e-05
3.09758e-05
3.14801e-05
3.19986e-05
3.25298e-05
3.30721e-05
3.36241e-05
3.41849e-05
3.47538e-05
3.53303e-05
3.59144e-05
3.65064e-05
3.71068e-05
3.77163e-05
3.83358e-05
2.74258e-05
2.75549e-05
2.76895e-05
2.78306e-05
2.79787e-05
2.8135e-05
2.83004e-05
2.84761e-05
2.86631e-05
2.88627e-05
2.90762e-05
2.93049e-05
2.95502e-05
2.98134e-05
3.0096e-05
3.0399e-05
3.07239e-05
3.10716e-05
3.1443e-05
3.18388e-05
3.22595e-05
3.27053e-05
3.3176e-05
3.36712e-05
3.41901e-05
3.47317e-05
3.52947e-05
3.58775e-05
3.64785e-05
3.70961e-05
3.77286e-05
3.83747e-05
3.90331e-05
3.97032e-05
4.03844e-05
4.10767e-05
4.17801e-05
4.24951e-05
4.32224e-05
4.39627e-05
3.2821e-05
3.29736e-05
3.31326e-05
3.32988e-05
3.34734e-05
3.36572e-05
3.38515e-05
3.40576e-05
3.42767e-05
3.45105e-05
3.47603e-05
3.50278e-05
3.53144e-05
3.5622e-05
3.59521e-05
3.63061e-05
3.66857e-05
3.70922e-05
3.75267e-05
3.79902e-05
3.84835e-05
3.90068e-05
3.95604e-05
4.01438e-05
4.07566e-05
4.13976e-05
4.20657e-05
4.27593e-05
4.34767e-05
4.42161e-05
4.49758e-05
4.57541e-05
4.65496e-05
4.73611e-05
4.81879e-05
4.90295e-05
4.98856e-05
5.07561e-05
5.16411e-05
5.25409e-05
4.26008e-05
4.2794e-05
4.29947e-05
4.32041e-05
4.34232e-05
4.36534e-05
4.3896e-05
4.41525e-05
4.44246e-05
4.47141e-05
4.50227e-05
4.53523e-05
4.5705e-05
4.60826e-05
4.64872e-05
4.69207e-05
4.7385e-05
4.78817e-05
4.84124e-05
4.89784e-05
4.95806e-05
5.02197e-05
5.08959e-05
5.16089e-05
5.23582e-05
5.31425e-05
5.39606e-05
5.48103e-05
5.56895e-05
5.65958e-05
5.75266e-05
5.84793e-05
5.94514e-05
6.04406e-05
6.14446e-05
6.24616e-05
6.34896e-05
6.4527e-05
6.55722e-05
6.66235e-05
1.18222e-08
4.91126e-06
0.000445604
0.000102467
2.98953e-05
1.39701e-05
9.51887e-06
0.00396454
0.00474208
0.00527728
0.00684214
0.00647396
5.17493e-06
5.52084e-06
5.9916e-06
6.33286e-06
6.6771e-06
7.18778e-06
8.10966e-06
9.98458e-06
1.41229e-05
2.50129e-05
8.64366e-05
0.00152806
0.0011751
0.00105678
0.00103022
0.0010601
0.00113245
0.00123779
0.00136428
0.0014882
0.0014973
0.00134911
0.00122396
0.00112076
0.00102868
0.000944414
0.000866963
0.000796056
0.000731513
0.000672941
0.000619808
0.000571398
0.000527099
0.000486593
0.000449498
0.000415531
0.000384503
0.000356188
0.000330329
0.000306712
0.000285156
0.000265491
0.000247557
0.000231213
0.000216324
0.000202768
0.000190438
0.000179238
0.000169083
0.000159901
0.000151624
0.000144193
0.000137554
0.000131653
0.000126438
0.00012186
0.000117867
0.000114409
0.000111435
0.000108896
0.000106745
0.000104935
0.000103424
0.00010217
0.000101138
0.000100295
9.96106e-05
9.90582e-05
2.25609e-08
5.21481e-06
0.000423804
3.62506e-05
1.3715e-05
7.53841e-06
5.69834e-06
8.26794e-06
6.77616e-06
5.47647e-06
4.05166e-06
4.75396e-06
4.11266e-06
4.37336e-06
4.5676e-06
4.58247e-06
4.5394e-06
4.55486e-06
4.74181e-06
5.31063e-06
6.75435e-06
1.05478e-05
2.73083e-05
0.000262971
0.00117921
0.00105983
0.00103288
0.00106265
0.00113499
0.0012404
0.00136706
0.00149127
0.00150091
0.00135265
0.00122713
0.0011237
0.00103143
0.000946991
0.000869369
0.000798293
0.000733584
0.000674853
0.000621569
0.000573019
0.00052859
0.000487962
0.000450755
0.000416684
0.000385559
0.000357153
0.000331211
0.000307517
0.000285888
0.000266156
0.000248161
0.000231759
0.000216816
0.00020321
0.000190833
0.00017959
0.000169395
0.000160176
0.000151865
0.000144403
0.000137736
0.000131808
0.000126571
0.000121971
0.00011796
0.000114485
0.000111497
0.000108946
0.000106784
0.000104965
0.000103446
0.000102186
0.000101149
0.000100302
9.96137e-05
9.90586e-05
5.29818e-08
5.85261e-06
0.000396355
2.6387e-05
1.33701e-05
8.6171e-06
7.11932e-06
5.24144e-06
4.6063e-06
4.05823e-06
3.48687e-06
3.96845e-06
6.19724e-06
6.62206e-06
6.79739e-06
6.661e-06
6.39334e-06
6.14385e-06
6.00675e-06
6.11966e-06
6.83928e-06
9.08728e-06
1.71472e-05
7.47359e-05
0.00104696
0.00106617
0.00103841
0.00106793
0.00114026
0.00124583
0.00137283
0.00149764
0.00150842
0.00136001
0.00123373
0.00112982
0.00103715
0.000952347
0.000874369
0.00080294
0.000737887
0.000678826
0.00062523
0.000576387
0.000531687
0.000490808
0.000453368
0.000419081
0.000387753
0.00035916
0.000333044
0.000309189
0.000287412
0.000267541
0.000249416
0.000232894
0.000217839
0.000204129
0.000191655
0.000180322
0.000170045
0.000160749
0.000152367
0.000144841
0.000138114
0.000132133
0.000126846
0.000122203
0.000118153
0.000114644
0.000111626
0.000109049
0.000106865
0.000105027
0.000103492
0.000102219
0.000101172
0.000100315
9.96202e-05
9.90594e-05
1.3003e-07
6.88034e-06
0.000370952
2.69143e-05
1.60634e-05
1.11133e-05
9.57439e-06
6.89338e-06
6.33002e-06
5.88669e-06
5.47217e-06
6.15643e-06
9.1533e-06
9.85193e-06
1.00318e-05
9.7276e-06
9.21847e-06
8.70439e-06
8.2589e-06
7.95213e-06
8.09145e-06
9.48825e-06
1.44244e-05
3.70544e-05
0.000385109
0.00107614
0.0010471
0.00107622
0.00114853
0.00125435
0.00138188
0.00150764
0.0015202
0.00137157
0.00124409
0.00113942
0.00104614
0.000960757
0.000882218
0.000810237
0.000744644
0.000685064
0.000630977
0.000581676
0.00053655
0.000495278
0.000457473
0.000422845
0.000391199
0.000362312
0.000335925
0.000311817
0.000289805
0.000269716
0.000251389
0.000234678
0.000219448
0.000205575
0.000192949
0.000181475
0.000171067
0.000161651
0.000153158
0.00014553
0.000138709
0.000132644
0.000127281
0.000122569
0.000118458
0.000114895
0.00011183
0.000109212
0.000106993
0.000105125
0.000103566
0.000102272
0.000101207
0.000100337
9.96307e-05
9.90608e-05
3.1257e-07
8.38429e-06
0.000350134
3.14185e-05
2.03283e-05
1.45149e-05
1.28037e-05
9.58493e-06
8.94985e-06
8.54095e-06
8.24001e-06
9.26271e-06
1.29558e-05
1.40185e-05
1.41837e-05
1.36568e-05
1.28529e-05
1.20375e-05
1.12536e-05
1.04767e-05
9.95114e-06
1.04863e-05
1.35744e-05
2.5729e-05
0.00014641
0.0010901
0.00105927
0.00108783
0.00116012
0.00126629
0.00139456
0.00152162
0.00153667
0.00138776
0.0012586
0.00115285
0.0010587
0.000972517
0.000893193
0.000820438
0.00075409
0.000693785
0.000639012
0.00058907
0.000543351
0.000501529
0.000463213
0.00042811
0.000396021
0.000366723
0.000339956
0.000315495
0.000293156
0.000272763
0.000254152
0.000237178
0.000221702
0.000207601
0.000194764
0.000183093
0.000172503
0.000162917
0.000154269
0.000146498
0.000139547
0.000133363
0.000127892
0.000123084
0.000118887
0.000115248
0.000112117
0.000109442
0.000107174
0.000105264
0.000103669
0.000102347
0.000101258
0.000100368
9.96455e-05
9.9063e-05
7.17881e-07
1.04768e-05
0.000333699
3.92067e-05
2.63405e-05
1.89789e-05
1.69782e-05
1.31664e-05
1.23789e-05
1.19997e-05
1.18501e-05
1.333e-05
1.77928e-05
1.92895e-05
1.93949e-05
1.85734e-05
1.74068e-05
1.62335e-05
1.5058e-05
1.37381e-05
1.24272e-05
1.19612e-05
1.35123e-05
2.12718e-05
7.25279e-05
0.000650753
0.00107524
0.00110306
0.00117534
0.00128196
0.00141121
0.00153998
0.00155826
0.00140902
0.00127763
0.00117047
0.00107518
0.000987934
0.000907579
0.000833807
0.000766469
0.000705214
0.000649543
0.000598761
0.000552265
0.000509723
0.000470739
0.000435015
0.000402345
0.000372509
0.000345244
0.000320322
0.000297555
0.000276763
0.000257782
0.000240463
0.000224666
0.000210266
0.000197151
0.000185222
0.000174393
0.000164587
0.000155735
0.000147776
0.000140654
0.000134313
0.000128701
0.000123766
0.000119456
0.000115717
0.000112498
0.000109747
0.000107413
0.000105449
0.000103807
0.000102446
0.000101325
0.000100409
9.96655e-05
9.9066e-05
1.5524e-06
1.3294e-05
0.000320263
5.26411e-05
3.43959e-05
2.48979e-05
2.24068e-05
1.78769e-05
1.6841e-05
1.64915e-05
1.6558e-05
1.86254e-05
2.39075e-05
2.58607e-05
2.58323e-05
2.46372e-05
2.3041e-05
2.14456e-05
1.98075e-05
1.78508e-05
1.56196e-05
1.39852e-05
1.40417e-05
1.92106e-05
4.58526e-05
0.000312969
0.00109537
0.00112225
0.00119452
0.0013017
0.00143219
0.0015631
0.00158541
0.0014358
0.00130159
0.00119265
0.0010959
0.00100732
0.000925661
0.00085061
0.000782027
0.000719578
0.000662779
0.000610943
0.000563471
0.000520025
0.000480203
0.000443698
0.0004103
0.00037979
0.0003519
0.0003264
0.000303094
0.000281803
0.000262357
0.000244605
0.000228405
0.00021363
0.000200166
0.000187914
0.000176784
0.0001667
0.000157591
0.000149396
0.000142058
0.00013552
0.000129729
0.000124633
0.000120179
0.000116314
0.000112984
0.000110136
0.00010772
0.000105685
0.000103984
0.000102573
0.000101411
0.000100461
9.96914e-05
9.90703e-05
3.11666e-06
1.69988e-05
0.000308108
8.16338e-05
4.48442e-05
3.30282e-05
2.95193e-05
2.40997e-05
2.26828e-05
2.23511e-05
2.27195e-05
2.55026e-05
3.15619e-05
3.39097e-05
3.36451e-05
3.20018e-05
2.99267e-05
2.78531e-05
2.56719e-05
2.29671e-05
1.96658e-05
1.66833e-05
1.51817e-05
1.83226e-05
3.44031e-05
0.000156059
0.000911416
0.00114572
0.00121799
0.00132588
0.00145786
0.00159138
0.00161855
0.00146855
0.00133087
0.00121973
0.00112121
0.00103098
0.000947728
0.000871112
0.000801009
0.000737104
0.000678929
0.000625809
0.000577147
0.0005326
0.000491755
0.000454302
0.000420016
0.000388685
0.000360035
0.000333829
0.00030987
0.00028797
0.000267958
0.000249679
0.000232988
0.000217756
0.000203867
0.000191219
0.000179723
0.000169299
0.000159877
0.000151393
0.00014379
0.00013701
0.000131
0.000125707
0.000121076
0.000117054
0.000113587
0.00011062
0.000108101
0.000105978
0.000104203
0.000102731
0.000101518
0.000100528
9.97241e-05
9.90762e-05
5.74312e-06
2.17851e-05
0.000295709
0.000167112
5.83269e-05
4.41436e-05
3.8889e-05
3.23521e-05
3.03685e-05
3.00168e-05
3.07863e-05
3.4366e-05
4.09956e-05
4.3562e-05
4.29427e-05
4.07958e-05
3.82276e-05
3.56468e-05
3.28473e-05
2.9274e-05
2.47405e-05
2.0217e-05
1.703e-05
1.82742e-05
2.87923e-05
8.94108e-05
0.000549333
0.0011738
0.00124609
0.00135482
0.00148861
0.00162521
0.00165812
0.00150773
0.00136589
0.0012521
0.00115143
0.00105922
0.000974061
0.000895574
0.000823656
0.000758014
0.000698199
0.000643549
0.000593469
0.000547609
0.000505548
0.000466964
0.000431622
0.000399313
0.000369759
0.000342714
0.000317975
0.000295351
0.000274665
0.000255759
0.000238484
0.000222708
0.000208312
0.000195194
0.000183261
0.000172431
0.000162634
0.000153805
0.000145883
0.000138813
0.00013254
0.000127009
0.000122165
0.000117954
0.00011432
0.000111209
0.000108565
0.000106336
0.000104472
0.000102925
0.000101651
0.000100609
9.97648e-05
9.9084e-05
9.68598e-06
2.78637e-05
0.00028202
0.000476131
7.55339e-05
5.85606e-05
5.12845e-05
4.32917e-05
4.04862e-05
4.0029e-05
4.12906e-05
4.56123e-05
5.23648e-05
5.48548e-05
5.37766e-05
5.11087e-05
4.80859e-05
4.50191e-05
4.15496e-05
3.69927e-05
3.10603e-05
2.47901e-05
1.97368e-05
1.90212e-05
2.59152e-05
5.97379e-05
0.000298579
0.00113721
0.00127918
0.0013889
0.00152481
0.001665
0.00170453
0.0015538
0.00140704
0.00129011
0.0011869
0.00109235
0.00100494
0.000924254
0.000850206
0.000782528
0.000720793
0.00066435
0.000612611
0.000565214
0.000521728
0.000481821
0.000445246
0.000411793
0.00038118
0.000353154
0.000327505
0.000304034
0.000282561
0.000262921
0.000244963
0.00022855
0.000213562
0.000199892
0.000187447
0.000176142
0.000165905
0.000156669
0.000148374
0.000140962
0.000134377
0.000128564
0.000123468
0.000119032
0.000115201
0.000111917
0.000109124
0.000106768
0.000104796
0.000103159
0.000101811
0.000100708
9.98148e-05
9.90945e-05
1.50473e-05
3.53951e-05
0.000266401
0.00127091
9.82233e-05
7.70338e-05
6.78348e-05
5.7711e-05
5.37297e-05
5.30042e-05
5.47897e-05
5.95319e-05
6.56706e-05
6.77021e-05
6.61237e-05
6.29809e-05
5.96102e-05
5.61561e-05
5.20123e-05
4.63782e-05
3.88892e-05
3.06587e-05
2.35081e-05
2.06478e-05
2.46748e-05
4.5448e-05
0.000168145
0.000809664
0.00131757
0.00142847
0.00156683
0.00171116
0.0017582
0.00160722
0.0014547
0.00133411
0.00122793
0.00113067
0.00104064
0.000957401
0.000880889
0.000810859
0.000746907
0.000688395
0.000634741
0.000585571
0.000540441
0.000499009
0.000461012
0.000426241
0.000394409
0.000365252
0.000338553
0.000314107
0.000291726
0.000271241
0.000252495
0.000235349
0.000219678
0.000205372
0.000192335
0.00018048
0.000169734
0.000160027
0.000151299
0.000143488
0.000136541
0.000130399
0.000125008
0.000120309
0.000116245
0.000112757
0.000109789
0.000107282
0.000105183
0.000103439
0.000102002
0.000100828
9.98757e-05
9.91082e-05
2.17834e-05
4.43431e-05
0.000248608
0.00159553
0.000132869
0.000100834
8.90078e-05
7.65344e-05
7.08363e-05
6.95666e-05
7.17606e-05
7.61924e-05
8.07077e-05
8.18717e-05
7.98659e-05
7.63893e-05
7.28617e-05
6.92299e-05
6.44862e-05
5.77204e-05
4.85412e-05
3.81419e-05
2.86176e-05
2.33267e-05
2.47077e-05
3.81816e-05
0.000105008
0.000496143
0.00136163
0.00147386
0.00161505
0.00176406
0.00181954
0.00166844
0.00150929
0.00138446
0.00127486
0.00117446
0.00108142
0.00099526
0.000915931
0.000843216
0.000776735
0.000715864
0.000660026
0.000608834
0.00056183
0.00051866
0.000479043
0.000442771
0.00040955
0.000379106
0.000351213
0.000325657
0.000302243
0.000280796
0.000261153
0.000243172
0.000226722
0.000211691
0.000197979
0.000185497
0.000174169
0.000163923
0.000154697
0.000146429
0.000139064
0.000132543
0.00012681
0.000121805
0.00011747
0.000113746
0.000110572
0.000107889
0.00010564
0.000103771
0.00010223
0.000100971
9.99495e-05
9.91262e-05
2.98028e-05
5.43242e-05
0.0002294
0.00124748
0.000202613
0.000131331
0.000115025
0.000100933
9.2479e-05
9.0243e-05
9.24655e-05
9.53675e-05
9.70787e-05
9.69906e-05
9.47698e-05
9.12276e-05
8.78358e-05
8.43887e-05
7.92427e-05
7.13466e-05
6.03816e-05
4.76286e-05
3.5421e-05
2.73196e-05
2.59728e-05
3.46214e-05
7.39446e-05
0.000293822
0.001106
0.00152544
0.00166984
0.0018241
0.00188894
0.00173791
0.00157118
0.00144151
0.00132798
0.001224
0.00112755
0.00103807
0.000955555
0.000879805
0.000810467
0.000746933
0.000688629
0.000635155
0.000586035
0.000540903
0.00049946
0.000461497
0.000426711
0.000394816
0.000365576
0.000338769
0.000314191
0.00029166
0.000271008
0.000252085
0.000234757
0.000218908
0.000204434
0.000191243
0.000179256
0.0001684
0.000158609
0.000149822
0.00014198
0.000135026
0.000128901
0.000123545
0.000118899
0.000114901
0.000111488
0.000108601
0.000106178
0.000104162
0.0001025
0.00010114
0.000100038
9.91496e-05
3.91355e-05
6.47172e-05
0.000210417
0.000997541
0.000384703
0.000170508
0.000146788
0.000130984
0.000119169
0.000115371
0.000116863
0.000116595
0.000114306
0.000112605
0.000110482
0.000107283
0.000104438
0.00010174
9.65794e-05
8.76291e-05
7.48277e-05
5.95826e-05
4.43716e-05
3.29945e-05
2.86205e-05
3.34581e-05
5.81468e-05
0.000181796
0.000771487
0.00158355
0.00173155
0.00189166
0.00196679
0.00181609
0.00164077
0.00150559
0.00138762
0.0012796
0.00117928
0.00108608
0.000999983
0.00092083
0.000848293
0.000781778
0.000720713
0.000664684
0.000613197
0.000565869
0.000522385
0.000482531
0.000445995
0.000412479
0.000381735
0.00035353
0.000327652
0.00030391
0.00028213
0.000262155
0.000243846
0.000227082
0.000211756
0.000197772
0.000185046
0.000173504
0.000163078
0.000153705
0.000145326
0.000137881
0.000131311
0.000125555
0.000120552
0.00011624
0.000112554
0.00010943
0.000106806
0.000104621
0.000102817
0.000101341
0.000100145
9.91798e-05
5.00662e-05
7.5202e-05
0.00019379
0.000819467
0.000911523
0.000223476
0.000185647
0.000166451
0.000151336
0.000145131
0.000144687
0.000139395
0.000132022
0.000128303
0.000126566
0.000124225
0.000122461
0.000121324
0.000116828
0.000107004
9.23574e-05
7.45449e-05
5.60361e-05
4.08521e-05
3.29646e-05
3.42678e-05
5.02202e-05
0.000122658
0.000498298
0.00149106
0.00180057
0.00196713
0.00205346
0.00190344
0.00171843
0.00157707
0.00145409
0.00134152
0.00123689
0.00113952
0.00104944
0.000966497
0.000890403
0.000820574
0.000756442
0.000697574
0.000643456
0.000593688
0.000547938
0.000505986
0.00046751
0.000432195
0.000399783
0.000370028
0.000342708
0.000317624
0.000294592
0.00027345
0.000254053
0.000236274
0.000220002
0.000205135
0.000191589
0.000179283
0.000168149
0.000158121
0.000149139
0.000141142
0.00013407
0.000127862
0.000122456
0.000117785
0.000113786
0.000110392
0.000107536
0.000105155
0.000103189
0.000101578
0.000100272
9.92185e-05
6.32226e-05
8.63112e-05
0.000182162
0.00069384
0.00199359
0.000303465
0.000234392
0.000208615
0.000189827
0.000179895
0.000175793
0.00016361
0.000150172
0.000143873
0.000142599
0.00014163
0.000141575
0.000143083
0.00014036
0.000130008
0.000113533
9.31453e-05
7.11113e-05
5.15598e-05
3.95026e-05
3.70973e-05
4.69992e-05
9.16475e-05
0.000318266
0.00119956
0.00187724
0.0020509
0.00214933
0.00200043
0.00180459
0.00165629
0.00152772
0.00141007
0.00130063
0.00119865
0.00110414
0.00101702
0.000936993
0.000863504
0.000795983
0.000733979
0.000676956
0.000624494
0.000576244
0.000531978
0.000491362
0.000454065
0.000419813
0.00038835
0.000359441
0.000332878
0.000308467
0.00028604
0.000265444
0.000246546
0.00022923
0.00021339
0.000198935
0.000185785
0.000173866
0.000163111
0.000153459
0.000144846
0.000137213
0.000130497
0.000124635
0.00011956
0.000115205
0.000111502
0.000108382
0.000105777
0.000103622
0.000101857
0.000100424
9.92679e-05
7.95836e-05
9.94242e-05
0.000178294
0.000606836
0.00213794
0.000439621
0.000299705
0.000261271
0.000237314
0.000221152
0.000210866
0.000189772
0.000169159
0.000159439
0.000158323
0.000159064
0.000161367
0.000166835
0.000167591
0.000157333
0.000139059
0.000116137
9.04529e-05
6.59971e-05
4.89698e-05
4.23399e-05
4.7273e-05
7.5803e-05
0.000212219
0.00086729
0.00195406
0.00214335
0.0022548
0.00210754
0.00189963
0.00174361
0.00160882
0.00148554
0.00137079
0.00126371
0.00116434
0.00107261
0.000988263
0.000910753
0.000839509
0.000774061
0.000713846
0.000658426
0.00060743
0.000560627
0.000517664
0.000478192
0.000441924
0.000408588
0.000377938
0.000349753
0.000323832
0.000299996
0.000278085
0.000257961
0.0002395
0.000222591
0.00020714
0.000193061
0.000180278
0.000168721
0.000158326
0.000149032
0.000140774
0.000133491
0.000127119
0.000121589
0.000116833
0.00011278
0.000109358
0.000106497
0.000104128
0.000102184
0.000100606
9.93307e-05
0.000100483
0.000116384
0.000181109
0.000548017
0.001773
0.000702645
0.000387757
0.00033521
0.000301849
0.000273728
0.000252729
0.00021959
0.000189935
0.000175534
0.000173793
0.000176227
0.000181439
0.00019229
0.000198971
0.000189921
0.000169892
0.000144486
0.000115139
8.53272e-05
6.24324e-05
5.07578e-05
5.08756e-05
6.89702e-05
0.000153244
0.000592905
0.0018005
0.00224487
0.0023703
0.0022253
0.00200399
0.00183943
0.00169775
0.00156826
0.00144765
0.00133497
0.00123027
0.00113349
0.00104443
0.000962519
0.000887203
0.000817989
0.000754282
0.000695627
0.000641632
0.000592059
0.000546533
0.000504687
0.000466218
0.000430838
0.000398287
0.000368333
0.000340763
0.00031539
0.000292046
0.000270583
0.000250873
0.000232797
0.000216257
0.000201162
0.000187432
0.000174996
0.000163786
0.000153739
0.000144791
0.000136879
0.000129938
0.000123899
0.000118692
0.000114245
0.000110482
0.000107329
0.000104715
0.000102567
0.000100821
9.94102e-05
0.000127684
0.000139235
0.000191316
0.000510205
0.00152258
0.00123056
0.000497007
0.000443898
0.000407135
0.000351703
0.00030936
0.000257026
0.000214211
0.000193104
0.000189473
0.000193116
0.000201573
0.000219129
0.000234968
0.000229079
0.000207424
0.000179544
0.000146609
0.000111126
8.14459e-05
6.36182e-05
5.83965e-05
6.85803e-05
0.000122113
0.00040378
0.00150351
0.00235585
0.00249621
0.00235426
0.0021181
0.00194413
0.00179487
0.00165854
0.00153152
0.00141272
0.00130219
0.00119993
0.00110571
0.00101901
0.000939259
0.00086594
0.00079843
0.000736251
0.000678991
0.000626404
0.000578092
0.000533664
0.000492801
0.000455199
0.000420581
0.000388705
0.000359344
0.000332301
0.000307398
0.00028448
0.000263412
0.000244068
0.000226343
0.000210141
0.00019538
0.000181983
0.000169882
0.00015901
0.000149303
0.000140697
0.000133126
0.000126521
0.00012081
0.000115919
0.000111772
0.000108289
0.000105396
0.000103015
0.000101078
9.95104e-05
0.000163505
0.0001702
0.000209702
0.000488708
0.00134996
0.00215341
0.000643437
0.000552746
0.000586942
0.000496629
0.000403261
0.000311611
0.000245181
0.000213556
0.000206237
0.000210155
0.000221919
0.000247177
0.000276039
0.000276622
0.000253764
0.000223365
0.000186941
0.000145636
0.000108336
8.29775e-05
7.12407e-05
7.4133e-05
0.000108047
0.000287196
0.00116323
0.00241716
0.00263296
0.00249502
0.00224247
0.00205813
0.00190055
0.00175675
0.00162273
0.00149726
0.0013804
0.00127216
0.00117235
0.00108045
0.000995883
0.000918107
0.000846468
0.000780462
0.000719659
0.000663807
0.000612473
0.000565247
0.000521789
0.000481778
0.000444922
0.000410962
0.00037966
0.000350808
0.000324217
0.000299724
0.000277185
0.000256466
0.000237457
0.000220056
0.000204175
0.000189734
0.000176661
0.000164889
0.000154352
0.000144983
0.000136717
0.000129485
0.000123214
0.000117828
0.000113249
0.000109394
0.000106184
0.000103538
0.000101383
9.96362e-05
0.00021074
0.000211659
0.000237793
0.000481743
0.00123156
0.0030854
0.000880802
0.000628567
0.000757098
0.000776761
0.00059979
0.000410291
0.000289988
0.000239075
0.000225336
0.000228248
0.000243165
0.000276657
0.000322615
0.000335006
0.000312153
0.000279209
0.000239346
0.000192237
0.000146712
0.000112209
9.19929e-05
8.67047e-05
0.000106076
0.000221089
0.000858601
0.00233391
0.00278099
0.00264817
0.00237764
0.00218189
0.00201519
0.00186325
0.00172161
0.0015889
0.00146519
0.00135048
0.00124462
0.00114708
0.0010573
0.000974697
0.000898585
0.000828435
0.000763801
0.000704418
0.000649818
0.000599566
0.000553304
0.000510689
0.000471414
0.000435203
0.000401804
0.000370998
0.000342584
0.00031639
0.000292262
0.000270058
0.000249661
0.000230963
0.000213871
0.000198299
0.000184173
0.000171423
0.00015998
0.000149778
0.00014075
0.000132827
0.000125936
0.000119999
0.000114936
0.000110663
0.000107096
0.000104149
0.000101745
9.97936e-05
0.000271922
0.000265683
0.00027776
0.00049313
0.00115283
0.00268523
0.00131242
0.000721527
0.000767212
0.00106892
0.000991439
0.000629373
0.000368281
0.00027379
0.000248436
0.000248771
0.000266628
0.000308451
0.000375114
0.000407383
0.000387505
0.000352322
0.000309017
0.000256313
0.000202397
0.00015695
0.000125181
0.000109132
0.000115058
0.000188269
0.000628528
0.00212056
0.00294075
0.00281437
0.00252411
0.00231593
0.00213924
0.00197843
0.00182854
0.001688
0.00155687
0.00143517
0.00132278
0.00121916
0.00112374
0.00103593
0.000954987
0.00088036
0.000811594
0.000748403
0.000690281
0.000636766
0.00058748
0.000542057
0.000500172
0.000461535
0.000425876
0.000392963
0.000362585
0.000334557
0.000308717
0.000284913
0.000263021
0.000242925
0.000224526
0.000207733
0.000192469
0.000178659
0.000166234
0.000155124
0.000145264
0.000136584
0.000129008
0.000122461
0.000116859
0.000112117
0.000108148
0.000104862
0.000102175
9.99899e-05
0.000347007
0.00033238
0.000331035
0.0005204
0.00110313
0.00237994
0.00206964
0.00092559
0.000699576
0.00099747
0.00136857
0.00101935
0.000539055
0.000327666
0.000277942
0.000273599
0.000294308
0.000344318
0.000434034
0.00049741
0.000487053
0.000451061
0.000404475
0.000346717
0.000285054
0.000226754
0.000178635
0.000146811
0.000136931
0.000179064
0.000476019
0.00181879
0.00311268
0.00299427
0.00268244
0.00246076
0.0022732
0.00210271
0.00194389
0.00179491
0.00165579
0.00152657
0.00140714
0.00129697
0.00119548
0.00110205
0.0010159
0.000936442
0.000863231
0.000795942
0.000734029
0.000677002
0.00062446
0.000576015
0.000531322
0.000490073
0.000451982
0.000416804
0.000384312
0.000354312
0.00032663
0.000301106
0.000277606
0.000256006
0.000236201
0.000218094
0.000201603
0.00018665
0.000173161
0.000161068
0.000150302
0.000140793
0.000132467
0.000125246
0.000119047
0.000113783
0.000109363
0.000105693
0.000102686
0.000100234
0.000429209
0.000407164
0.000395921
0.000561876
0.00107335
0.00213833
0.00308732
0.00138204
0.000734595
0.000693639
0.00113158
0.00130752
0.00084067
0.00043002
0.000318176
0.000305279
0.000328967
0.00038704
0.000500144
0.000608578
0.000620823
0.000588372
0.000539609
0.000478163
0.000410842
0.000337719
0.000265654
0.00020917
0.000177027
0.000190253
0.000386942
0.00149169
0.00321585
0.00318859
0.00285319
0.0026169
0.00241759
0.00223655
0.00206806
0.00191
0.0017623
0.001625
0.00149801
0.0013808
0.00127279
0.00117332
0.00108156
0.000996905
0.000918922
0.000847231
0.000781244
0.000720442
0.000664401
0.000612709
0.000564999
0.000520943
0.00048024
0.000442627
0.000407865
0.000375747
0.000346089
0.000318717
0.000293491
0.000270277
0.000248961
0.000229443
0.000211632
0.000195448
0.000180814
0.000167657
0.000155909
0.000145499
0.000136352
0.000128391
0.000121532
0.000115686
0.000110762
0.00010666
0.000103291
0.000100537
0.000504357
0.000479916
0.000464554
0.000612107
0.00105371
0.00193499
0.00347951
0.0023077
0.000991206
0.000566973
0.000602518
0.00101361
0.00106496
0.000606903
0.000379572
0.000347593
0.000374351
0.00044052
0.000574755
0.000742737
0.000801115
0.000783125
0.000736357
0.000674748
0.000606256
0.000515972
0.000407762
0.00031172
0.000245228
0.000224126
0.000346167
0.00119936
0.00322327
0.003398
0.00303692
0.00278488
0.00257291
0.00238055
0.00220151
0.00203366
0.00187677
0.00173083
0.00159575
0.00147099
0.00135598
0.00125001
0.00115222
0.00106199
0.000978896
0.000902483
0.000832125
0.000767272
0.000707476
0.000652298
0.00060135
0.000554283
0.000510776
0.000470551
0.000433354
0.000398964
0.000367186
0.000337834
0.000310757
0.000285811
0.000262877
0.000241844
0.000222618
0.000205112
0.000189245
0.000174942
0.000162133
0.000150746
0.000140705
0.000131933
0.000124347
0.000117858
0.000112371
0.000107786
0.000104008
0.000100911
0.000560908
0.00054067
0.00052535
0.000660336
0.00103408
0.00175218
0.00296661
0.00366577
0.00169235
0.000677373
0.000403621
0.000492067
0.000839077
0.000737429
0.000473816
0.000407186
0.000435667
0.000509926
0.000660019
0.000897848
0.00103914
0.00105944
0.00102683
0.000974046
0.000912159
0.000800221
0.000636382
0.000477666
0.000357448
0.000288609
0.000344856
0.000977228
0.00312444
0.00362318
0.00323418
0.0029652
0.00273965
0.00253517
0.0023448
0.00216632
0.00199959
0.00184441
0.00170069
0.00156786
0.00144535
0.00133243
0.00122818
0.00113198
0.0010434
0.000961932
0.000886889
0.000817695
0.000753873
0.000694958
0.000640538
0.000590243
0.00054373
0.000500706
0.000460899
0.000424074
0.000390024
0.00035855
0.00032949
0.000302691
0.000278023
0.000255369
0.000234626
0.000215702
0.000198513
0.000182978
0.000169025
0.000156581
0.00014557
0.000135915
0.000127532
0.000120333
0.000114222
0.000109096
0.000104858
0.000101372
0.000600721
0.000588567
0.000573696
0.000697071
0.00100776
0.00158098
0.00251113
0.00392579
0.00318177
0.00116651
0.000453219
0.000319446
0.000432862
0.00063895
0.00055245
0.000494521
0.000520581
0.000601906
0.000759173
0.00106593
0.00133614
0.00143911
0.00145032
0.00142785
0.00138363
0.00123772
0.00098859
0.000736083
0.000535918
0.000398071
0.000382302
0.000834423
0.002931
0.0038647
0.00344543
0.00315835
0.00291828
0.00270085
0.00249844
0.00230848
0.00213115
0.00196613
0.0018132
0.00167178
0.00154126
0.0014209
0.00130973
0.00120715
0.00111272
0.00102583
0.000945776
0.000871932
0.000803799
0.00074088
0.000682741
0.000628987
0.000579254
0.000533232
0.000490629
0.000451198
0.000414716
0.000380969
0.000349788
0.000321005
0.000294482
0.000270092
0.000247727
0.000227286
0.000208679
0.000191822
0.00017664
0.000163057
0.000150997
0.000140381
0.000131128
0.000123148
0.000116347
0.000110618
0.000105864
0.000101939
0.00063577
0.000631831
0.00061602
0.000722419
0.000977465
0.00142167
0.0021212
0.00325212
0.004817
0.00250152
0.000805668
0.000369885
0.000307743
0.000445589
0.000567029
0.000595201
0.00064135
0.000724919
0.000876675
0.00123356
0.00166913
0.00192
0.00203438
0.00208891
0.00207361
0.00186451
0.00149013
0.00111182
0.000805154
0.000573324
0.000466358
0.000766607
0.00268243
0.00412299
0.003671
0.0033647
0.00310921
0.00287802
0.00266285
0.00246078
0.00227189
0.00209634
0.00193364
0.00178309
0.00164405
0.00151575
0.00139719
0.00128782
0.00118714
0.00109447
0.00100905
0.000930229
0.000857482
0.000790278
0.000728156
0.0006707
0.00061752
0.000568286
0.000522691
0.000480468
0.000441384
0.000405206
0.000371755
0.00034085
0.000312344
0.000286098
0.000261997
0.000239934
0.00021981
0.000201538
0.000185037
0.00017023
0.000157038
0.000145382
0.000135181
0.000126346
0.000118783
0.000112385
0.000107054
0.000102635
0.000677734
0.000679663
0.000661925
0.000742495
0.000949394
0.00128175
0.00180114
0.00264594
0.00397504
0.00478992
0.00191353
0.000688642
0.000379063
0.000389173
0.000560953
0.000693277
0.000799788
0.000889965
0.0010183
0.00138701
0.00198231
0.00244236
0.00274887
0.00296601
0.00298892
0.00266544
0.00212764
0.00160626
0.00118079
0.00083812
0.000613778
0.000769198
0.00243341
0.00439823
0.00391103
0.00358447
0.00331273
0.00306703
0.00283838
0.00262355
0.00242245
0.00223544
0.00206236
0.00190214
0.00175407
0.00161734
0.00149092
0.00137433
0.001267
0.00116815
0.001077
0.000992858
0.000915175
0.000843386
0.000777002
0.000715583
0.000658713
0.000606043
0.000557245
0.000512036
0.000470166
0.000431388
0.000395508
0.000362335
0.000331708
0.000303479
0.000277523
0.000253725
0.00023198
0.000212193
0.00019428
0.000178159
0.000163749
0.00015097
0.000139741
0.000129973
0.000121573
0.000114435
0.000108461
0.000103485
0.000731681
0.000735891
0.000716519
0.000767039
0.000932113
0.00117237
0.00155374
0.00217398
0.00320522
0.00479641
0.00435467
0.00171851
0.000713492
0.000505097
0.000611924
0.000810923
0.000984752
0.00110173
0.00119134
0.00152064
0.00220621
0.00287916
0.00345516
0.0039503
0.00403202
0.00354251
0.00283165
0.00218315
0.00165528
0.00120992
0.000849329
0.000845241
0.00223426
0.00469033
0.00416534
0.00381757
0.00352888
0.00326804
0.00302528
0.00279709
0.00258325
0.00238392
0.00219971
0.00202927
0.00187167
0.00172602
0.00159129
0.00146706
0.00135264
0.00124721
0.00114994
0.00106012
0.000977161
0.000900466
0.000829523
0.000763864
0.000703044
0.000646697
0.00059447
0.000546065
0.000501216
0.000459655
0.000421179
0.000385579
0.000352684
0.000322335
0.000294398
0.000268747
0.00024527
0.000223864
0.00020444
0.000186911
0.000171193
0.000157205
0.000144863
0.000134081
0.000124765
0.000116811
0.000110121
0.000104523
0.000795925
0.000799552
0.000780041
0.000804088
0.000931997
0.00110442
0.00137771
0.00183203
0.00259487
0.00388404
0.00581295
0.00426584
0.00172286
0.000894421
0.000817703
0.00100122
0.00121574
0.00135287
0.00139907
0.00164267
0.00230613
0.0031036
0.00393816
0.0047917
0.00499459
0.00434662
0.00349746
0.00277972
0.00219659
0.00168875
0.00120113
0.00100881
0.00212077
0.00499887
0.0044334
0.00406355
0.00375737
0.00348091
0.00322358
0.00298152
0.00275447
0.00254246
0.00234606
0.00216479
0.00199716
0.00184211
0.00169868
0.00156637
0.00144445
0.00133203
0.00122824
0.00113235
0.00104375
0.000961813
0.000885992
0.000815795
0.000750749
0.000690466
0.00063457
0.000582744
0.000534705
0.000490167
0.000448912
0.000410716
0.000375397
0.000342782
0.000312727
0.000285096
0.000259768
0.000236632
0.000215593
0.000196558
0.000179438
0.000164149
0.000150608
0.000138726
0.000128412
0.00011956
0.000112078
0.000105784
0.000867054
0.000869222
0.000851228
0.000856954
0.000950494
0.00108227
0.0012688
0.00160099
0.0021652
0.00312901
0.00475247
0.00701075
0.00418331
0.00189054
0.00130507
0.00134292
0.0015345
0.0016546
0.00164037
0.00176944
0.00231372
0.00309904
0.00406758
0.00523458
0.00566063
0.00496474
0.00405384
0.00333374
0.00276462
0.00225847
0.00169184
0.00128603
0.00211727
0.00532327
0.00471433
0.00432145
0.00399738
0.00370506
0.00343294
0.00317672
0.0029361
0.00271107
0.00250195
0.00230898
0.00213082
0.00196596
0.00181344
0.00167267
0.00154283
0.00142299
0.00131228
0.00120992
0.0011153
0.00102776
0.000946716
0.000871663
0.000802093
0.000737595
0.00067777
0.000622282
0.000570829
0.000523103
0.000478874
0.000437901
0.000399988
0.000364949
0.000332629
0.000302882
0.000275576
0.000250591
0.000227826
0.00020718
0.000188559
0.000171875
0.000157043
0.000143971
0.000132571
0.000122738
0.000114383
0.000107314
0.000946141
0.000947416
0.000931347
0.000926441
0.000989987
0.00109534
0.00122426
0.00146224
0.00188497
0.00260452
0.00383291
0.00581398
0.00755886
0.00404646
0.00230864
0.0019423
0.00198892
0.00202812
0.00192759
0.0019246
0.00230118
0.00297651
0.0039232
0.00523249
0.00594888
0.00538314
0.00450376
0.00383106
0.00332582
0.00289285
0.00233549
0.0017144
0.00224702
0.00566275
0.00500722
0.00458987
0.00424749
0.00393929
0.00365246
0.00338209
0.00312781
0.00288957
0.00266765
0.00246211
0.00227285
0.00209787
0.00193593
0.00178632
0.00164817
0.00152052
0.00140247
0.00129323
0.0011922
0.00109867
0.00101204
0.000931794
0.000857379
0.000788367
0.000724333
0.00066492
0.000609809
0.000558669
0.000511254
0.000467307
0.000426617
0.000388984
0.00035424
0.000322229
0.000292809
0.000265847
0.000241237
0.000218868
0.000198641
0.000180462
0.000164241
0.000149888
0.000137311
0.000126407
0.000117092
0.000109164
0.00103907
0.00104152
0.00102735
0.00101644
0.00105566
0.00113896
0.00124058
0.00140488
0.00172459
0.00227333
0.00319718
0.00475401
0.00716831
0.007275
0.00415835
0.00293367
0.00263352
0.00249243
0.00227575
0.00214212
0.00234887
0.00287994
0.00371205
0.00498035
0.00595383
0.00567437
0.00491012
0.00430979
0.00388753
0.00356346
0.00311992
0.00234555
0.00254716
0.00601681
0.00531173
0.00486743
0.00450575
0.00418168
0.00388054
0.0035964
0.00332875
0.00307741
0.00284274
0.0026245
0.00242342
0.00223806
0.00206643
0.00190766
0.00176086
0.00162503
0.00149925
0.00138273
0.00127488
0.00117496
0.00108237
0.000996559
0.000916954
0.000843103
0.000774556
0.000710934
0.000651901
0.000597099
0.00054627
0.000499133
0.000455467
0.000415054
0.000377716
0.000343281
0.000311596
0.00028252
0.000255936
0.000231725
0.000209778
0.000189997
0.000172288
0.000156554
0.000142706
0.000130638
0.00012027
0.000111393
0.00115503
0.00116303
0.00115168
0.00113708
0.00115739
0.00121955
0.00130389
0.00142823
0.00166757
0.00209541
0.00280801
0.00399686
0.0059803
0.00890918
0.00698205
0.00448262
0.0035276
0.00306962
0.00269861
0.00244982
0.00252797
0.00292814
0.00361196
0.00473344
0.00586578
0.0059433
0.00535623
0.00483603
0.00449348
0.00427584
0.0040073
0.0032076
0.00307526
0.00637499
0.00562876
0.00515392
0.00477031
0.00442969
0.00411481
0.00381764
0.00353735
0.00327345
0.00302638
0.00279584
0.00258255
0.00238666
0.00220513
0.00203697
0.00188123
0.0017369
0.00160305
0.00147887
0.0013638
0.0012571
0.00115815
0.00106638
0.000981216
0.000902174
0.000828784
0.000760643
0.0006974
0.000638668
0.000584172
0.000533613
0.000486752
0.000443357
0.000403235
0.000366201
0.000332091
0.00030075
0.000272051
0.000245868
0.00022208
0.000200583
0.000181277
0.000164059
0.000148839
0.000135509
0.000123993
0.000114073
0.0013081
0.00132732
0.00132098
0.00130469
0.00131118
0.00135409
0.001421
0.00152641
0.00171087
0.00205152
0.00261788
0.0035438
0.00508228
0.00758673
0.00987338
0.00673845
0.00475022
0.00379299
0.0032223
0.00288723
0.00288876
0.00321107
0.00374224
0.00466079
0.00586157
0.00628672
0.00591761
0.00547804
0.00520302
0.00506828
0.00497713
0.00428966
0.00386713
0.00672514
0.00594437
0.00544766
0.00504114
0.00468105
0.0043525
0.00404305
0.0037513
0.00347585
0.00321719
0.00297506
0.00275002
0.00254359
0.00235209
0.0021744
0.00200953
0.00185646
0.00171425
0.0015821
0.00145945
0.00134558
0.00123986
0.00114174
0.00105062
0.000966011
0.000887419
0.000814422
0.000746651
0.000683692
0.000625254
0.000571015
0.000520722
0.000474121
0.000431009
0.000391184
0.00035447
0.000320698
0.000289732
0.000261433
0.000235673
0.000212336
0.000191316
0.000172505
0.000155807
0.000141112
0.000128347
0.000117282
0.00151925
0.00155375
0.00155469
0.00153983
0.00153896
0.00156839
0.00161947
0.00170688
0.0018642
0.00214237
0.00260933
0.00335292
0.00455909
0.00653418
0.00957257
0.00960881
0.00640916
0.00471317
0.00389374
0.00351488
0.00349794
0.00379507
0.00419429
0.00485999
0.00604549
0.00678376
0.00665259
0.0062924
0.00607038
0.00599284
0.00604135
0.00555951
0.00494681
0.00708311
0.00625247
0.00573487
0.00531115
0.00493586
0.00459176
0.00426971
0.00396773
0.00368206
0.00341315
0.00316068
0.00292521
0.0027085
0.00250715
0.00231994
0.00214586
0.00198391
0.00183315
0.00169277
0.00156226
0.00144088
0.00132802
0.00122316
0.00112569
0.00103511
0.000950928
0.000872705
0.000800058
0.000732547
0.000669861
0.000611658
0.000557668
0.000507615
0.000461284
0.000418457
0.000378941
0.000342556
0.000309153
0.000278583
0.000250704
0.000225392
0.000202533
0.000182009
0.000163719
0.000147549
0.000133429
0.000121114
0.00166952
0.0018656
0.00187456
0.00186509
0.00186574
0.00189355
0.00194168
0.00201378
0.00215315
0.00239549
0.00279506
0.00341913
0.00439453
0.00595498
0.00842628
0.0119609
0.00856679
0.00589354
0.00478012
0.00441315
0.00445121
0.00476695
0.00505425
0.00542517
0.00647206
0.00749146
0.00760365
0.00732237
0.00713202
0.00709175
0.00723327
0.00698202
0.00631132
0.00744497
0.00657053
0.00601461
0.00557098
0.00518184
0.00482744
0.00449629
0.00418427
0.0038893
0.00361192
0.00335091
0.00310678
0.0028806
0.00266981
0.00247331
0.00229012
0.0021193
0.00195991
0.00181118
0.0016726
0.00154346
0.00142315
0.00131119
0.00120697
0.00111002
0.00101985
0.000936003
0.0008581
0.000785675
0.000718404
0.000655921
0.000597938
0.00054416
0.000494355
0.000448288
0.000405752
0.000366549
0.000330521
0.000297505
0.000267347
0.000239911
0.000215072
0.000192706
0.000172702
0.000154941
0.000139352
0.000125675
0.00174669
0.0022881
0.00230543
0.0023058
0.00231748
0.00235783
0.00242668
0.00251154
0.00264308
0.00287523
0.00323819
0.00378547
0.00461461
0.00588547
0.007866
0.0108543
0.0109878
0.00735575
0.00596452
0.00568403
0.00585672
0.00622762
0.00641279
0.00645485
0.00720125
0.00843214
0.00880395
0.00860404
0.00840738
0.00838003
0.0085779
0.00852761
0.00790133
0.00781014
0.00689626
0.00630474
0.00582508
0.00541367
0.00504811
0.00471237
0.00439641
0.00409608
0.00381191
0.0035442
0.00329319
0.00305863
0.00283918
0.00263393
0.00244196
0.00226244
0.00209451
0.00193741
0.00179068
0.00165364
0.00152568
0.00140634
0.00129505
0.00119135
0.00109478
0.0010049
0.000921332
0.0008436
0.000771369
0.000704251
0.000641947
0.000584135
0.000530571
0.000480999
0.000435195
0.000392947
0.000354083
0.000318425
0.000285807
0.00025608
0.000229108
0.000204756
0.000182905
0.000163426
0.000146247
0.000131091
0.00195757
0.0027719
0.00287092
0.00288681
0.0029172
0.00298096
0.00308877
0.00322897
0.00339947
0.0036481
0.00401898
0.00454296
0.00529619
0.00639172
0.00801777
0.0104509
0.0127184
0.00895223
0.00751625
0.00743039
0.00779835
0.00823377
0.00831744
0.00802146
0.00832717
0.00959327
0.0102755
0.0101752
0.0099165
0.00984579
0.0100611
0.0101502
0.00955136
0.00818062
0.00723087
0.0066039
0.0060908
0.00564347
0.00525258
0.00490889
0.0045929
0.0042934
0.00400829
0.00373756
0.00348175
0.00324072
0.00301393
0.00280083
0.00260072
0.00241291
0.0022367
0.00207137
0.00191655
0.0017716
0.00163589
0.00150901
0.00139042
0.00127967
0.00117635
0.00108004
0.000990388
0.000906931
0.00082933
0.000757186
0.00069019
0.000627998
0.000570351
0.000516974
0.000467625
0.000422074
0.000380134
0.000341615
0.000306333
0.000274127
0.000244849
0.00021835
0.000194502
0.000173166
0.000154265
0.000137503
0.00229748
0.00315474
0.0035842
0.00362805
0.00368638
0.00378269
0.00393919
0.00415733
0.00442351
0.00474916
0.00517151
0.00572448
0.00647146
0.00752259
0.00894615
0.0109545
0.0123565
0.0102583
0.00942262
0.00970052
0.0102717
0.0107396
0.0107243
0.0101352
0.00993338
0.0110041
0.0119811
0.0120603
0.0116974
0.0114773
0.0116206
0.0117354
0.0108814
0.00856093
0.00757768
0.00691455
0.0063676
0.00588749
0.00546067
0.00508893
0.00476715
0.00447208
0.0041926
0.00392482
0.00366856
0.00342417
0.00319216
0.00297266
0.00276539
0.00256999
0.00238597
0.00221274
0.00205004
0.00189729
0.0017539
0.00161946
0.00149346
0.00137548
0.00126514
0.00116207
0.00106595
0.000976353
0.000892954
0.000815358
0.000743258
0.000676296
0.0006142
0.000556677
0.000503465
0.000454317
0.00040903
0.000367398
0.000329221
0.000294323
0.000262541
0.000233715
0.000207703
0.000184354
0.000163586
0.00014508
0.00271292
0.00364136
0.00429659
0.00455527
0.00466894
0.00482017
0.00504328
0.00535224
0.00573939
0.00619957
0.0067401
0.00737461
0.00815948
0.00921288
0.0106016
0.0104903
0.0103593
0.0108434
0.0115217
0.0124099
0.0131444
0.0135893
0.0134946
0.0127219
0.0120552
0.0127376
0.013895
0.0141671
0.0137726
0.0132947
0.0131789
0.0130471
0.0111643
0.00896027
0.00794209
0.00724112
0.00665902
0.00614582
0.00568679
0.00527767
0.00492674
0.00462867
0.0043572
0.00409856
0.00384807
0.0036052
0.0033713
0.00314761
0.00293468
0.00273272
0.0025416
0.00236099
0.00219077
0.00203048
0.00187958
0.00173769
0.00160434
0.0014791
0.00136162
0.00125157
0.00114869
0.00105258
0.000962974
0.00087949
0.000801845
0.000729682
0.000662725
0.000600666
0.000543229
0.000490147
0.000441202
0.000396169
0.000354832
0.000316996
0.000282485
0.000251124
0.000222757
0.00019722
0.000174421
0.000154021
0.00315489
0.00421485
0.00481886
0.00565523
0.0058758
0.0061301
0.00646402
0.00689164
0.00740963
0.00802766
0.00873888
0.00951324
0.0103808
0.0104374
0.00962814
0.00880257
0.00890099
0.0111105
0.0136007
0.0153171
0.0162005
0.0166003
0.0164685
0.0156543
0.014669
0.0148755
0.0160174
0.0164016
0.0159506
0.0152633
0.0146519
0.0137034
0.0114812
0.00939575
0.00833434
0.00759029
0.00697061
0.0064228
0.00593135
0.00549003
0.00510179
0.00477456
0.00450126
0.00425266
0.0040136
0.0037785
0.00354768
0.00332326
0.00310694
0.00289991
0.00270271
0.00251543
0.0023382
0.00217076
0.00201264
0.00186352
0.00172297
0.00159059
0.00146601
0.00134894
0.00123914
0.00113628
0.00104013
0.000950359
0.000866731
0.000788913
0.000716644
0.000649614
0.000587537
0.000530133
0.000477169
0.000428402
0.000383598
0.000342543
0.000305043
0.000270908
0.000239967
0.00021204
0.000187024
0.000164559
0.00358962
0.00479426
0.00530922
0.00627169
0.00715853
0.00774707
0.00815077
0.00867037
0.0093208
0.0101036
0.0110216
0.0119758
0.012958
0.0113625
0.00988375
0.00900971
0.00926358
0.0120934
0.0157465
0.0181831
0.0192395
0.0196435
0.0195363
0.0187998
0.0176884
0.0174647
0.0183421
0.0186291
0.0179165
0.016938
0.0156671
0.0139864
0.0118856
0.0098912
0.00877292
0.00797413
0.00731057
0.00672502
0.00619928
0.0057274
0.0053084
0.00494299
0.00463934
0.00438883
0.00416048
0.00393801
0.00371628
0.0034961
0.0032799
0.00307009
0.00286827
0.00267528
0.00249172
0.00231759
0.00215263
0.00199659
0.0018491
0.00170978
0.00157828
0.00145429
0.00133761
0.00122792
0.00112504
0.0010287
0.000938719
0.000854819
0.000776777
0.000704306
0.000637128
0.000574962
0.000517563
0.000464676
0.000416048
0.000371444
0.000330654
0.000293467
0.000259699
0.000229148
0.0002017
0.000176976
0.00398744
0.00530329
0.00575103
0.00661274
0.0074577
0.00881267
0.0101552
0.0108098
0.0115691
0.0124013
0.0133327
0.0143705
0.0154857
0.0143421
0.0127477
0.0118173
0.0119464
0.014562
0.0183281
0.0210074
0.0221977
0.0226666
0.0226431
0.0220305
0.02094
0.020408
0.0206886
0.0204306
0.0189519
0.0174993
0.0159876
0.0143345
0.0123496
0.0104611
0.00928296
0.00841336
0.00769306
0.00706209
0.00649931
0.00599594
0.00554762
0.00515098
0.00480666
0.00452429
0.00429276
0.00408043
0.0038716
0.00366131
0.0034502
0.00324116
0.003037
0.00283972
0.00265069
0.00247047
0.0022991
0.00213646
0.00198232
0.00183633
0.00169815
0.00156748
0.00144409
0.00132768
0.00121809
0.00111507
0.00101852
0.000928209
0.000843987
0.000765618
0.000692857
0.000625443
0.000563141
0.000505688
0.00045282
0.000404284
0.000359849
0.000319287
0.000282393
0.000248947
0.000218818
0.000191611
0.00430887
0.0056779
0.00604414
0.00678868
0.00737906
0.00854813
0.0105312
0.0126507
0.013743
0.0147797
0.0157319
0.0167545
0.0178336
0.0185104
0.0176036
0.0169282
0.0168557
0.0185874
0.0215814
0.0239887
0.0251785
0.0257029
0.0257579
0.0251713
0.0240611
0.0231895
0.0222087
0.0206726
0.0192731
0.0178765
0.0164098
0.014803
0.0128826
0.0110764
0.00987722
0.00893297
0.00814032
0.00745077
0.00684362
0.00630457
0.00582519
0.00539862
0.0050213
0.00469495
0.0044298
0.00421205
0.0040118
0.003814
0.00361314
0.00340981
0.00320693
0.00300765
0.00281451
0.00262897
0.00245165
0.00228276
0.00212223
0.00196982
0.00182522
0.00168811
0.00155828
0.00143539
0.00131928
0.0012097
0.00110656
0.00100972
0.000919057
0.000834426
0.000755641
0.000682494
0.000614786
0.000552269
0.000494684
0.000441768
0.000393274
0.000348954
0.000308585
0.000271925
0.000238821
0.00020887
0.00449884
0.00584784
0.00609594
0.00673671
0.00710304
0.00787296
0.00944758
0.0120616
0.014347
0.0156141
0.0170701
0.0185402
0.0198452
0.0209802
0.0221483
0.0222391
0.0224057
0.0233619
0.0253166
0.0271457
0.028151
0.0285993
0.0285712
0.0275328
0.0259918
0.0241586
0.0224421
0.0209748
0.0196575
0.0183299
0.0169199
0.0153713
0.0135342
0.0117571
0.0105165
0.00953571
0.00867399
0.0079151
0.00725005
0.00666562
0.00614995
0.00569108
0.00528203
0.00491955
0.00460714
0.00435383
0.00414528
0.00395374
0.00376438
0.00357137
0.00337467
0.00317712
0.00298225
0.0027927
0.00261009
0.00243527
0.00226857
0.0021099
0.00195906
0.00181575
0.00167972
0.00155062
0.00142827
0.0013124
0.00120289
0.00109961
0.00100249
0.000911435
0.00082633
0.000747048
0.000673459
0.000605366
0.000542543
0.000484739
0.000431704
0.000383178
0.000338921
0.000298671
0.000262245
0.000229241
0.00450026
0.0057436
0.00586964
0.00640331
0.00663541
0.00706925
0.00804213
0.0100103
0.0130836
0.0156451
0.0166547
0.0180725
0.0198063
0.0215939
0.0232912
0.0248284
0.0262176
0.0274886
0.0285735
0.0294267
0.0299094
0.0298641
0.0291518
0.0279297
0.0263546
0.024586
0.0228773
0.0213817
0.0200999
0.0188412
0.0175009
0.0160207
0.0142792
0.0125483
0.0112301
0.0101782
0.0092796
0.00847221
0.00774161
0.00709715
0.00653495
0.00603742
0.00559346
0.00519631
0.00484428
0.00454024
0.00429423
0.00409106
0.00390503
0.00372202
0.00353541
0.00334448
0.00315183
0.00296079
0.00277423
0.00259405
0.00242134
0.00225647
0.00209943
0.00194999
0.00180792
0.00167283
0.00154451
0.00142266
0.00130709
0.00119768
0.00109432
0.000996954
0.00090549
0.000819877
0.000740072
0.000665964
0.000597395
0.000534167
0.000476055
0.000422808
0.00037418
0.000329892
0.000289735
0.000253307
0.00430017
0.00535593
0.00541256
0.00583663
0.00601614
0.00625034
0.00674611
0.00784424
0.0100523
0.0135721
0.0167846
0.017544
0.0187003
0.0202826
0.0221775
0.0241811
0.0261004
0.0278259
0.0291812
0.0300674
0.0305071
0.0304657
0.02982
0.0285841
0.0269756
0.0251963
0.0235058
0.0220066
0.0206757
0.0194155
0.0181391
0.0167308
0.0150919
0.0134212
0.0120558
0.0109016
0.00992624
0.00909218
0.00833172
0.00762265
0.0070004
0.00645209
0.00596504
0.00552915
0.00513925
0.00479215
0.00449142
0.00424899
0.00404768
0.00386462
0.00368595
0.00350465
0.00331906
0.00313081
0.00294312
0.00275904
0.00258085
0.00240981
0.00224643
0.00209074
0.00194257
0.00180154
0.00166741
0.0015398
0.00141848
0.00130329
0.00119408
0.00109073
0.000993162
0.000901329
0.000815249
0.000734894
0.000660206
0.000591077
0.000527351
0.000468826
0.000415279
0.000366435
0.000322063
0.000281765
0.00396984
0.00479763
0.00485329
0.00518139
0.0053532
0.0055061
0.00574792
0.00623184
0.00731104
0.0095562
0.0133594
0.0180876
0.0186857
0.0195014
0.020646
0.0221371
0.0238978
0.0257677
0.0276008
0.0291545
0.0301909
0.0305202
0.030137
0.0291829
0.0277757
0.0260561
0.024329
0.0227632
0.0214104
0.0201509
0.0188669
0.0174873
0.0159506
0.0143464
0.0129615
0.0117435
0.0106654
0.00975548
0.00897547
0.0082524
0.00756997
0.00695688
0.00641223
0.0059274
0.00549506
0.00510674
0.00475942
0.00445788
0.00421576
0.00401392
0.00383113
0.00365516
0.00347851
0.00329778
0.00311367
0.00292901
0.00274707
0.00257043
0.00240063
0.00223837
0.00208378
0.00193659
0.00179654
0.00166323
0.00153632
0.00141562
0.0013009
0.001192
0.00108876
0.000991101
0.000899027
0.000812537
0.000731646
0.000656348
0.000586597
0.000522283
0.000463255
0.000409285
0.000360144
0.000315445
0.00363093
0.00425256
0.00434075
0.00459536
0.00476994
0.00490399
0.00505953
0.00527102
0.00567999
0.00662372
0.00865183
0.0124772
0.017883
0.0202353
0.0207677
0.0214813
0.0224135
0.0233537
0.0245078
0.0257733
0.0270259
0.0281159
0.0288047
0.028829
0.0281016
0.0268662
0.0253583
0.0237761
0.0222834
0.0209454
0.019664
0.0183439
0.0168658
0.0152986
0.0139206
0.0126696
0.0115249
0.0105156
0.00965791
0.00892023
0.00823158
0.00756952
0.00695612
0.00640633
0.00592082
0.00548595
0.00509356
0.00474211
0.00443631
0.00419352
0.00398781
0.00380316
0.0036287
0.00345583
0.0032798
0.00309984
0.00291819
0.00273818
0.00256273
0.00239377
0.00223225
0.00207834
0.00193194
0.00179266
0.00166006
0.0015339
0.00141386
0.00129972
0.00119124
0.00108826
0.000990705
0.000898531
0.000811747
0.00073039
0.000654504
0.000584096
0.000519138
0.000459501
0.000405015
0.000355316
0.0033745
0.00384509
0.00396666
0.0041701
0.0043475
0.00448576
0.00463024
0.00477458
0.00493675
0.00524336
0.00597806
0.0076277
0.0110535
0.0165435
0.0221234
0.0225793
0.0230689
0.0228799
0.0230859
0.0234634
0.023879
0.0243324
0.0250309
0.0260149
0.0268456
0.0269098
0.0261206
0.0248799
0.0234209
0.0219253
0.0204791
0.0191368
0.0177264
0.0162821
0.0149289
0.0136473
0.0124474
0.0113803
0.0104207
0.00960597
0.00890569
0.00824824
0.00760451
0.00698386
0.00643156
0.00593833
0.00549414
0.00509421
0.00473557
0.00442732
0.00417908
0.00396739
0.00377944
0.00360502
0.00343539
0.00326411
0.00308866
0.00291029
0.00273221
0.0025577
0.0023892
0.00222792
0.00207436
0.00192839
0.00178962
0.0016577
0.00153226
0.00141295
0.00129947
0.00119155
0.00108902
0.000991759
0.00089968
0.000812776
0.000731091
0.000654693
0.000583666
0.000518025
0.000457712
0.000402444
0.00322634
0.00359661
0.00374922
0.00392555
0.00411011
0.00425956
0.00440971
0.00455674
0.00468188
0.00479844
0.00499856
0.00550743
0.00677577
0.00953796
0.0146124
0.0216913
0.0233406
0.0233909
0.0234488
0.0234332
0.023274
0.0229204
0.0227529
0.0231502
0.0242345
0.0255378
0.0261485
0.0256566
0.0244854
0.023021
0.0214981
0.019984
0.0184729
0.0170825
0.015788
0.0145805
0.0134192
0.0123143
0.0112624
0.0103466
0.0095706
0.00890396
0.00828343
0.00765575
0.00704112
0.00647735
0.00596793
0.00551263
0.00510235
0.00473619
0.00442481
0.00416962
0.00395103
0.00375821
0.00358285
0.00341603
0.00324972
0.0030794
0.00290489
0.00272897
0.00255531
0.00238683
0.00222537
0.00207167
0.00192571
0.00178726
0.00165586
0.0015311
0.00141253
0.00129978
0.00119259
0.0010907
0.000993939
0.000902186
0.000815392
0.000733577
0.00065684
0.000585287
0.000518976
0.000457797
0.00317497
0.00348292
0.00367136
0.00383981
0.00403162
0.00419281
0.00434875
0.00450555
0.00464715
0.00475944
0.00483848
0.00494232
0.00526298
0.00617602
0.00822257
0.0122901
0.0186599
0.0242917
0.0242699
0.0241953
0.0240547
0.0238473
0.0236615
0.0236251
0.0239256
0.0247277
0.0257118
0.0260212
0.0253136
0.0239783
0.0224433
0.0208869
0.0193398
0.0178462
0.0164665
0.0152933
0.0141896
0.0131508
0.0121451
0.0111893
0.0102937
0.00953566
0.00891316
0.00831766
0.00771684
0.00710856
0.00652579
0.00600354
0.00553372
0.00511247
0.00473804
0.00442564
0.00416354
0.00393692
0.00373877
0.00356178
0.0033972
0.00323598
0.00307147
0.00290159
0.00272832
0.00255547
0.00238674
0.00222459
0.00207015
0.00192382
0.00178534
0.00165428
0.00153008
0.00141223
0.0013003
0.00119395
0.00109287
0.000996821
0.000905641
0.000819219
0.000737557
0.00066073
0.000588766
0.000521863
0.0032065
0.00347223
0.00369358
0.00385995
0.00405624
0.00422857
0.00438863
0.00454938
0.00470188
0.00483849
0.00494229
0.00499891
0.00503805
0.00520975
0.00579
0.00718867
0.0100896
0.0152556
0.0228291
0.0266617
0.0266038
0.0266425
0.0267669
0.0268608
0.0268062
0.0266303
0.0265622
0.0265134
0.0259876
0.0247841
0.0232348
0.0216347
0.0200765
0.0185937
0.0172195
0.0159616
0.0147775
0.0137664
0.0128236
0.0119349
0.0110713
0.0102736
0.00956525
0.00892294
0.00835492
0.00776877
0.0071675
0.00657868
0.00603753
0.00555316
0.0051198
0.00474438
0.00443071
0.00416017
0.00392626
0.00372266
0.00354311
0.00337975
0.00322312
0.00306474
0.00290022
0.00273014
0.00255828
0.00238901
0.00222557
0.00206989
0.00192264
0.00178373
0.00165269
0.00152887
0.00141168
0.0013006
0.00119517
0.00109503
0.0009999
0.00090953
0.00082378
0.000742614
0.000665825
0.0005941
0.00328382
0.00350185
0.00374151
0.00390454
0.00409721
0.00427665
0.00443857
0.00459882
0.00475227
0.00489607
0.00502525
0.00512761
0.00518501
0.005201
0.00525982
0.00556055
0.00644483
0.00835952
0.0120471
0.0180129
0.0262822
0.0320326
0.0318486
0.0315375
0.0309614
0.0300166
0.0288718
0.027801
0.0267908
0.0254937
0.0238834
0.0222177
0.0206263
0.0191473
0.0177991
0.016563
0.0154098
0.0143498
0.0133566
0.0125074
0.0117092
0.0109663
0.0102669
0.0096055
0.00898546
0.00837711
0.00780208
0.00721366
0.00662607
0.00607134
0.00557148
0.00513116
0.00476472
0.00444363
0.00416608
0.00392491
0.00371486
0.003531
0.00336673
0.00321299
0.00306001
0.00290099
0.00273454
0.00256386
0.00239375
0.00222857
0.00207099
0.00192221
0.00178235
0.00165091
0.00152721
0.00141054
0.00130024
0.00119577
0.00109669
0.00100262
0.00091329
0.000828567
0.000747847
0.000672644
0.00331216
0.00347011
0.00370552
0.00386009
0.00403728
0.00421489
0.00437442
0.00453013
0.00468
0.00482047
0.00495152
0.0050741
0.00518525
0.00526757
0.00529808
0.00530019
0.00541803
0.00589895
0.0070558
0.00935444
0.0135127
0.0201674
0.0289709
0.0358965
0.034528
0.0329532
0.0312003
0.0294195
0.0277706
0.0261404
0.0243875
0.0226328
0.0209975
0.0195094
0.0181726
0.0169615
0.0158479
0.0148169
0.0138527
0.012966
0.0121427
0.0114462
0.0107997
0.0101881
0.00959224
0.00899728
0.00840964
0.00781775
0.0072316
0.00666272
0.00611459
0.00560916
0.00518149
0.00480728
0.00448
0.00419351
0.00394278
0.0037238
0.00353259
0.00336379
0.00320937
0.00305928
0.00290471
0.00274179
0.00257227
0.00240121
0.00223378
0.00207366
0.00192266
0.00178118
0.00164885
0.00152491
0.00140851
0.00129886
0.00119532
0.00109732
0.00100443
0.000916456
0.000832349
0.000754795
0.00318675
0.00327943
0.00348504
0.00362481
0.00377605
0.00393933
0.00408949
0.00423477
0.00437629
0.0045097
0.00463412
0.00475313
0.00487454
0.00500159
0.00511696
0.00518769
0.00520504
0.0052391
0.00544642
0.00607027
0.00737481
0.00976826
0.0139141
0.0204535
0.0289874
0.0346766
0.0326453
0.0305721
0.0285729
0.0266159
0.0246937
0.0228428
0.0211719
0.0196816
0.0183572
0.0171681
0.0160856
0.0150888
0.0141621
0.013298
0.0124884
0.0117435
0.0110752
0.0105008
0.00996881
0.00944898
0.00892083
0.0083717
0.00780841
0.00724502
0.00669268
0.00616767
0.00569325
0.00526762
0.0048878
0.00455047
0.00425208
0.00398906
0.00375801
0.00355553
0.00337736
0.003217
0.00306527
0.00291237
0.00275189
0.00258345
0.00241135
0.00224137
0.00207812
0.00192416
0.00178038
0.00164655
0.00152187
0.00140538
0.00129617
0.00119343
0.00109648
0.00100503
0.000917559
0.000838042
0.00288032
0.00291464
0.00307058
0.00318684
0.00330533
0.00344122
0.00357207
0.00369863
0.00382364
0.00394361
0.0040567
0.00416523
0.00427629
0.00439914
0.00453529
0.00467351
0.00479177
0.00486779
0.00490699
0.00499382
0.00527243
0.0059218
0.00715059
0.00925113
0.0127352
0.0180725
0.0251535
0.0309834
0.0288537
0.0267395
0.0247045
0.0227782
0.0211026
0.0196369
0.018344
0.0171887
0.0161416
0.015181
0.0142913
0.0134611
0.0126819
0.0119504
0.0112665
0.010633
0.0100948
0.00961704
0.00916974
0.00872032
0.00824509
0.00773895
0.0072167
0.00670203
0.00621741
0.00577007
0.00535913
0.00498341
0.00464258
0.00433582
0.0040614
0.00381724
0.00360092
0.00340933
0.00323781
0.00307906
0.00292379
0.00276392
0.00259631
0.00242352
0.00225109
0.00208439
0.00192691
0.00178014
0.00164412
0.00151812
0.00140109
0.00129198
0.00118981
0.00109407
0.00100278
0.000920874
0.00243638
0.00242895
0.00253008
0.00261619
0.0027008
0.00280227
0.00290591
0.00300731
0.00310865
0.00320788
0.00330307
0.00339554
0.00349021
0.00359395
0.0037109
0.00384165
0.00398487
0.00413087
0.00425719
0.00434634
0.00441453
0.00452934
0.0047972
0.00533406
0.00627857
0.00783539
0.0103767
0.0144072
0.0200908
0.0264698
0.0243497
0.0223648
0.0207346
0.0193365
0.0181071
0.0170081
0.0160119
0.0150979
0.0142516
0.0134619
0.0127205
0.0120209
0.011359
0.0107331
0.0101514
0.00962155
0.00918234
0.00878592
0.0084055
0.00801312
0.00758745
0.00712992
0.00666521
0.00621863
0.00580068
0.00541213
0.00505176
0.00471891
0.00441328
0.00413464
0.00388208
0.00365434
0.00344971
0.00326533
0.00309635
0.00293547
0.00277451
0.00260798
0.00243566
0.00226182
0.0020921
0.00193095
0.00178067
0.00164182
0.00151385
0.00139573
0.00128624
0.00118465
0.00108848
0.00100304
0.00190275
0.00187498
0.00193136
0.00198875
0.00204541
0.0021156
0.00219209
0.00226877
0.00234614
0.00242313
0.00249791
0.00257094
0.00264551
0.00272628
0.00281594
0.00291503
0.00302584
0.0031509
0.00328727
0.00342485
0.0035488
0.00364907
0.00374027
0.00387068
0.00411313
0.004559
0.00533767
0.0066742
0.00907651
0.0133759
0.0207282
0.0215416
0.0200345
0.0187593
0.0176306
0.0166134
0.0156862
0.0148321
0.0140393
0.0132988
0.0126028
0.0119446
0.0113195
0.0107242
0.0101583
0.00962206
0.0091227
0.00870267
0.00833676
0.00800255
0.00767827
0.00733797
0.00696412
0.0065637
0.0061598
0.00577103
0.00540491
0.00506264
0.00474362
0.00444718
0.00417278
0.00391992
0.00368811
0.00347634
0.00328308
0.0031056
0.00293914
0.00277706
0.00261293
0.00244366
0.00227105
0.0021001
0.00193597
0.00178212
0.00163996
0.00150941
0.00138952
0.00127949
0.00117652
0.00108559
0.00133583
0.00130563
0.00133303
0.00136822
0.00140493
0.00145156
0.00150564
0.00156192
0.00161942
0.00167726
0.00173371
0.00178824
0.00184254
0.00189972
0.00196214
0.00203061
0.00210962
0.00220494
0.00232178
0.00246478
0.00263595
0.00283026
0.00303766
0.00325094
0.00347759
0.00375433
0.00415609
0.00480147
0.00592293
0.00794533
0.0121391
0.0204174
0.0190754
0.017949
0.0169441
0.0160265
0.0151779
0.01439
0.0136563
0.0129701
0.0123246
0.0117136
0.0111327
0.0105784
0.010048
0.00953956
0.00905283
0.00859544
0.00818864
0.00784485
0.00754013
0.00725959
0.00698588
0.00669665
0.00637755
0.00603383
0.00568317
0.00534135
0.00501648
0.00471111
0.00442547
0.00415904
0.00391129
0.00368161
0.00346932
0.00327356
0.00309273
0.00292399
0.00276284
0.00260351
0.00244112
0.00227427
0.00210583
0.001941
0.00178445
0.00163896
0.0015053
0.0013834
0.00127072
0.00117131
0.000814088
0.00079058
0.000801686
0.000820803
0.000842579
0.000870971
0.000905776
0.000943743
0.000983369
0.00102415
0.00106522
0.0011071
0.00115334
0.00121023
0.00128437
0.0013812
0.00150742
0.00166787
0.0018659
0.0021051
0.00239102
0.00272922
0.00312388
0.00357505
0.00407435
0.00460896
0.00518076
0.0058312
0.00668491
0.00800786
0.0104844
0.0164988
0.0176993
0.0170929
0.0163346
0.0154823
0.0146069
0.0138386
0.0131456
0.0125053
0.0119034
0.0113355
0.0107981
0.010287
0.0097981
0.00932819
0.0088754
0.00843973
0.00802391
0.00763746
0.00731791
0.00703686
0.00678297
0.00654831
0.00632031
0.00608112
0.00581724
0.00552877
0.00522722
0.00492638
0.00463597
0.00436066
0.00410197
0.00386007
0.0036346
0.00342502
0.00323065
0.00305047
0.00288283
0.00272495
0.0025726
0.0024206
0.00226487
0.00210479
0.00194377
0.00178709
0.00163914
0.00150265
0.00137695
0.00126509
0.000415465
0.000400428
0.000402865
0.000410657
0.000420767
0.00043493
0.000454536
0.000480373
0.000515124
0.000563544
0.00063052
0.000720692
0.000838983
0.000991183
0.00118337
0.00142166
0.0015119
0.00160973
0.00174007
0.00191516
0.00215157
0.00247082
0.00289895
0.00346399
0.00419121
0.00509845
0.00619507
0.00748359
0.00896314
0.0106176
0.0124
0.0141266
0.0148759
0.0150116
0.0148323
0.0144696
0.013988
0.0134247
0.0127982
0.012124
0.0114557
0.0108793
0.0103615
0.00988101
0.00942434
0.00898779
0.00856971
0.00816797
0.00778062
0.00740689
0.00705176
0.00675844
0.00650283
0.00627143
0.00605922
0.00586262
0.00567429
0.00548173
0.00527215
0.00503982
0.00478869
0.00452866
0.0042701
0.00402047
0.00378378
0.00356161
0.00335426
0.00316147
0.00298268
0.00281695
0.00266274
0.0025174
0.00237681
0.00223586
0.00209041
0.00193996
0.00178813
0.00164069
0.00150135
0.00137363
0.000182782
0.000178016
0.000182305
0.000192417
0.000208609
0.000233616
0.000270972
0.000324202
0.000397459
0.00040044
0.000396713
0.000394399
0.000394008
0.000396233
0.000402046
0.000412835
0.000427661
0.000447852
0.000475688
0.000514841
0.000571336
0.000655168
0.000782842
0.000980731
0.00128812
0.00175694
0.00244407
0.00339476
0.0046262
0.00612217
0.00784071
0.00966963
0.0110452
0.011874
0.0122853
0.0124128
0.0123524
0.0121649
0.0118856
0.0115335
0.0111195
0.0106551
0.0101498
0.00961794
0.00908031
0.00860622
0.00819032
0.00780988
0.00745098
0.00710593
0.00677182
0.00645968
0.00619976
0.00597015
0.00576004
0.0055649
0.00538334
0.00521446
0.00505529
0.00489906
0.00473619
0.004558
0.00436082
0.00414735
0.00392471
0.00370123
0.00348383
0.0032771
0.00308339
0.00290348
0.00273725
0.00258409
0.00244277
0.00231087
0.0021841
0.00205653
0.00192319
0.00178355
0.00164128
0.00150115
0.000144743
0.00014849
0.0001518
0.000149604
0.000147377
0.000145149
0.000142961
0.00014086
0.000138908
0.000137026
0.00013523
0.000133548
0.000132008
0.000130643
0.000129491
0.000128608
0.000128045
0.000127883
0.00012824
0.000129322
0.000131493
0.000135451
0.000142623
0.000156094
0.000182737
0.000237833
0.000353673
0.000591466
0.00104875
0.00184418
0.00306498
0.00468303
0.00635259
0.00774921
0.00876507
0.00943874
0.00984671
0.0100563
0.0101199
0.0100761
0.00995153
0.0097638
0.00952304
0.00923479
0.00890301
0.00853638
0.00814591
0.00774509
0.00734938
0.00697281
0.00662463
0.0063089
0.00602761
0.0057765
0.00554975
0.0053421
0.00514968
0.00497012
0.00480218
0.00464524
0.00449829
0.00435891
0.00422253
0.00408284
0.0039334
0.00377009
0.00359266
0.00340474
0.00321238
0.00302204
0.00283914
0.00266744
0.00250908
0.0023649
0.00223453
0.00211563
0.00200294
0.00188905
0.00176683
0.00163531
7.3572e-05
7.31498e-05
7.2708e-05
7.22368e-05
7.17338e-05
7.12025e-05
7.06482e-05
7.00764e-05
6.94936e-05
6.89071e-05
6.83248e-05
6.77542e-05
6.72022e-05
6.66743e-05
6.61751e-05
6.57083e-05
6.52766e-05
6.48825e-05
6.45279e-05
6.4215e-05
6.39469e-05
6.3729e-05
6.35735e-05
6.35102e-05
6.36186e-05
6.41373e-05
6.58743e-05
7.17784e-05
9.24354e-05
0.000161385
0.000363746
0.000853699
0.00174644
0.00297192
0.00429496
0.00548145
0.00641684
0.00709725
0.0075676
0.00787567
0.00805747
0.00813978
0.0081437
0.00808547
0.00797681
0.00782635
0.0076401
0.00742272
0.00717901
0.00691494
0.00663817
0.00635739
0.00608101
0.00581515
0.00556342
0.0053273
0.0051067
0.0049007
0.00470799
0.00452731
0.00435762
0.00419814
0.00404822
0.0039071
0.00377344
0.00364496
0.00351824
0.00338905
0.00325332
0.00310841
0.0029541
0.00279286
0.00262916
0.00246839
0.00231589
0.00217613
0.00205166
0.00194215
0.00183849
0.0017386
5.34116e-05
5.33324e-05
5.32393e-05
5.31264e-05
5.29909e-05
5.28337e-05
5.26568e-05
5.24622e-05
5.22525e-05
5.20309e-05
5.18019e-05
5.15696e-05
5.1338e-05
5.11107e-05
5.08909e-05
5.06809e-05
5.04828e-05
5.02977e-05
5.01263e-05
4.99688e-05
4.98248e-05
4.96935e-05
4.9574e-05
4.9465e-05
4.93649e-05
4.92728e-05
4.91891e-05
4.91218e-05
4.91152e-05
4.94223e-05
5.16912e-05
6.5602e-05
0.000128074
0.000320258
0.00073818
0.00141971
0.00230118
0.00324752
0.0041246
0.00485253
0.00541239
0.00582277
0.00611307
0.0063084
0.00642643
0.00648046
0.00648166
0.00643945
0.00636147
0.00625391
0.00612186
0.0059698
0.00580201
0.00562268
0.00543576
0.00524479
0.00505282
0.00486236
0.00467539
0.00449334
0.00431723
0.00414764
0.00398489
0.00382911
0.00368034
0.00353851
0.00340343
0.0032747
0.00315154
0.00303264
0.002916
0.00279908
0.00267911
0.00255383
0.00242241
0.00228624
0.00214911
0.0020181
0.00189514
0.00179853
4.7599e-05
4.75596e-05
4.75083e-05
4.7441e-05
4.73558e-05
4.72535e-05
4.71357e-05
4.70036e-05
4.68588e-05
4.67036e-05
4.65406e-05
4.63729e-05
4.62034e-05
4.60349e-05
4.58699e-05
4.57107e-05
4.55589e-05
4.54159e-05
4.52821e-05
4.51576e-05
4.50422e-05
4.49352e-05
4.48358e-05
4.47426e-05
4.46541e-05
4.45689e-05
4.44852e-05
4.44013e-05
4.43166e-05
4.4232e-05
4.41512e-05
4.4099e-05
4.42659e-05
4.60336e-05
5.6504e-05
9.81185e-05
0.000214663
0.00045901
0.00086417
0.00141885
0.00206656
0.00272885
0.00333613
0.00384692
0.00424952
0.00455288
0.00477417
0.00492927
0.00502959
0.00508341
0.00509775
0.005079
0.00503284
0.0049642
0.00487731
0.00477565
0.00466209
0.00453913
0.00440909
0.0042741
0.00413602
0.00399639
0.00385653
0.00371754
0.00358037
0.00344578
0.00331434
0.00318651
0.00306261
0.00294283
0.00282721
0.00271567
0.00260785
0.00250311
0.00240034
0.0022979
0.00219369
0.00208591
0.00197266
0.00186144
4.47971e-05
4.47466e-05
4.46846e-05
4.46083e-05
4.45166e-05
4.44104e-05
4.42914e-05
4.41608e-05
4.402e-05
4.38706e-05
4.37148e-05
4.35547e-05
4.33929e-05
4.32314e-05
4.30728e-05
4.2919e-05
4.27718e-05
4.26322e-05
4.25007e-05
4.23776e-05
4.22625e-05
4.21547e-05
4.20535e-05
4.19575e-05
4.18653e-05
4.17756e-05
4.16867e-05
4.1597e-05
4.15059e-05
4.14133e-05
4.13194e-05
4.1224e-05
4.11284e-05
4.10363e-05
4.09638e-05
4.10092e-05
4.17439e-05
4.57624e-05
6.12595e-05
0.00010607
0.000207334
0.000393344
0.000680529
0.00106322
0.00151237
0.00198422
0.00243479
0.00283217
0.00316061
0.00341813
0.00361216
0.0037538
0.00385272
0.00391569
0.00394771
0.00395315
0.00393609
0.0039001
0.0038483
0.0037835
0.00370821
0.00362442
0.00353371
0.00343758
0.00333752
0.00323485
0.00313059
0.00302559
0.00292064
0.00281639
0.00271338
0.00261204
0.00251267
0.00241549
0.00232064
0.00222809
0.00213769
0.00204892
0.00196087
0.00187191
4.25819e-05
4.25187e-05
4.24441e-05
4.23558e-05
4.22534e-05
4.21381e-05
4.20115e-05
4.1875e-05
4.173e-05
4.15778e-05
4.14201e-05
4.12589e-05
4.10962e-05
4.0934e-05
4.07744e-05
4.06193e-05
4.04704e-05
4.03288e-05
4.0195e-05
4.00692e-05
3.99511e-05
3.98401e-05
3.97352e-05
3.96354e-05
3.95392e-05
3.94453e-05
3.93521e-05
3.92583e-05
3.9163e-05
3.9066e-05
3.8967e-05
3.88661e-05
3.87637e-05
3.86607e-05
3.85568e-05
3.84512e-05
3.83442e-05
3.8241e-05
3.81667e-05
3.82382e-05
3.89601e-05
4.21107e-05
5.24607e-05
7.96539e-05
0.00013846
0.000245806
0.000414999
0.000649733
0.000940955
0.00126802
0.00160359
0.00192115
0.00220195
0.00243675
0.00262351
0.00276576
0.00287066
0.00294519
0.00299404
0.00302042
0.00302741
0.00301801
0.00299444
0.00295847
0.00291224
0.00285798
0.00279725
0.00273111
0.00266052
0.00258657
0.00251032
0.00243255
0.00235384
0.00227471
0.00219567
0.00211706
0.0020391
0.001962
0.00188571
0.00181079
4.04194e-05
4.03482e-05
4.02653e-05
4.01693e-05
4.00598e-05
3.99384e-05
3.98067e-05
3.96663e-05
3.95184e-05
3.93643e-05
3.92057e-05
3.9044e-05
3.8881e-05
3.87186e-05
3.85587e-05
3.84032e-05
3.82536e-05
3.81109e-05
3.79759e-05
3.78486e-05
3.77288e-05
3.76159e-05
3.7509e-05
3.74072e-05
3.73091e-05
3.72134e-05
3.71186e-05
3.70235e-05
3.69272e-05
3.68292e-05
3.67291e-05
3.66269e-05
3.65227e-05
3.64171e-05
3.63101e-05
3.6201e-05
3.60892e-05
3.59743e-05
3.5856e-05
3.5734e-05
3.56092e-05
3.54854e-05
3.5378e-05
3.53448e-05
3.55991e-05
3.68357e-05
4.09192e-05
5.186e-05
7.65551e-05
0.000124468
0.000205714
0.000327917
0.000493144
0.000696403
0.000926032
0.00116547
0.00139713
0.00160767
0.00178941
0.0019381
0.00205354
0.00214054
0.00220465
0.00224875
0.00227483
0.0022858
0.00228452
0.00227266
0.00225087
0.0022203
0.00218299
0.00214056
0.00209376
0.00204319
0.0019897
0.00193401
0.00187662
0.00181799
0.00175848
0.00169841
3.81476e-05
3.80728e-05
3.79865e-05
3.78874e-05
3.77757e-05
3.76527e-05
3.75203e-05
3.738e-05
3.72331e-05
3.70807e-05
3.69243e-05
3.67652e-05
3.66051e-05
3.64456e-05
3.62884e-05
3.61354e-05
3.5988e-05
3.58472e-05
3.57136e-05
3.55875e-05
3.54686e-05
3.53564e-05
3.52503e-05
3.51491e-05
3.50517e-05
3.49569e-05
3.48633e-05
3.47699e-05
3.46756e-05
3.45798e-05
3.44821e-05
3.43823e-05
3.42803e-05
3.41765e-05
3.4071e-05
3.39633e-05
3.38527e-05
3.3739e-05
3.36218e-05
3.35009e-05
3.33761e-05
3.32469e-05
3.31132e-05
3.29746e-05
3.2831e-05
3.26835e-05
3.25376e-05
3.24111e-05
3.23602e-05
3.25605e-05
3.35099e-05
3.64093e-05
4.36751e-05
5.93513e-05
8.90494e-05
0.000139094
0.000214905
0.000319237
0.000451114
0.000605453
0.000772956
0.000941829
0.00110234
0.00124828
0.00137371
0.00147381
0.00155067
0.00161002
0.00165414
0.00168282
0.00169831
0.00170409
0.00170179
0.0016917
0.00167448
0.0016514
0.00162357
0.00159169
0.0015565
0.00151814
3.57369e-05
3.56629e-05
3.55778e-05
3.54806e-05
3.53716e-05
3.52523e-05
3.51242e-05
3.4989e-05
3.48479e-05
3.47019e-05
3.45522e-05
3.44002e-05
3.42472e-05
3.40947e-05
3.39445e-05
3.3798e-05
3.36567e-05
3.35216e-05
3.33932e-05
3.32718e-05
3.31572e-05
3.30492e-05
3.29468e-05
3.28494e-05
3.27557e-05
3.26648e-05
3.25754e-05
3.24865e-05
3.23971e-05
3.23065e-05
3.22143e-05
3.212e-05
3.20236e-05
3.19253e-05
3.1825e-05
3.17222e-05
3.16166e-05
3.15078e-05
3.13955e-05
3.12795e-05
3.11596e-05
3.10356e-05
3.09071e-05
3.07739e-05
3.06356e-05
3.04918e-05
3.0342e-05
3.0186e-05
3.00237e-05
2.98547e-05
2.96801e-05
2.9504e-05
2.93385e-05
2.92161e-05
2.92277e-05
2.96155e-05
3.09494e-05
3.43878e-05
4.19551e-05
5.66825e-05
8.23782e-05
0.000122911
0.000181272
0.000258904
0.000355025
0.000465691
0.000583795
0.000702323
0.000816608
0.00092197
0.0010121
0.00108405
0.00114069
0.00118495
0.00121723
0.00123841
0.00125087
0.00125604
0.00125448
0.00124647
3.32775e-05
3.32074e-05
3.31269e-05
3.30352e-05
3.29328e-05
3.2821e-05
3.27014e-05
3.25753e-05
3.24438e-05
3.23079e-05
3.21688e-05
3.20275e-05
3.18853e-05
3.17437e-05
3.1604e-05
3.14677e-05
3.1336e-05
3.12099e-05
3.109e-05
3.09765e-05
3.08694e-05
3.07683e-05
3.06726e-05
3.05815e-05
3.04942e-05
3.04095e-05
3.03266e-05
3.02444e-05
3.0162e-05
3.00788e-05
2.99941e-05
2.99076e-05
2.9819e-05
2.97284e-05
2.96357e-05
2.95404e-05
2.94422e-05
2.93407e-05
2.92357e-05
2.91269e-05
2.90143e-05
2.88975e-05
2.87764e-05
2.86508e-05
2.85203e-05
2.83846e-05
2.82435e-05
2.80965e-05
2.79433e-05
2.77837e-05
2.76173e-05
2.74438e-05
2.72632e-05
2.70754e-05
2.68805e-05
2.6679e-05
2.64733e-05
2.62691e-05
2.60801e-05
2.59411e-05
2.59419e-05
2.62924e-05
2.74375e-05
3.02106e-05
3.60072e-05
4.68261e-05
6.50783e-05
9.31594e-05
0.000133114
0.00018618
0.000251939
0.00032778
0.000409769
0.000493939
0.000576092
0.000652169
0.00071971
0.000777046
0.000822163
0.000855212
3.0917e-05
3.08519e-05
3.07773e-05
3.06928e-05
3.05987e-05
3.04963e-05
3.03868e-05
3.02715e-05
3.01514e-05
3.00275e-05
2.99006e-05
2.97718e-05
2.96422e-05
2.9513e-05
2.93855e-05
2.92611e-05
2.91409e-05
2.90256e-05
2.89159e-05
2.8812e-05
2.8714e-05
2.86214e-05
2.85338e-05
2.84505e-05
2.83707e-05
2.82935e-05
2.82181e-05
2.81436e-05
2.80691e-05
2.7994e-05
2.79176e-05
2.78396e-05
2.77596e-05
2.76776e-05
2.75933e-05
2.75065e-05
2.74166e-05
2.73234e-05
2.72267e-05
2.71262e-05
2.70218e-05
2.69134e-05
2.68006e-05
2.66834e-05
2.65614e-05
2.64345e-05
2.63023e-05
2.61647e-05
2.60213e-05
2.58718e-05
2.5716e-05
2.55538e-05
2.53849e-05
2.52092e-05
2.50266e-05
2.48372e-05
2.46408e-05
2.44375e-05
2.42274e-05
2.40105e-05
2.37872e-05
2.35587e-05
2.33271e-05
2.30979e-05
2.28812e-05
2.2706e-05
2.26337e-05
2.28035e-05
2.34886e-05
2.51971e-05
2.87722e-05
3.54168e-05
4.66314e-05
6.40252e-05
8.90385e-05
0.000122582
0.000164848
0.000215273
0.000271797
0.000330471
2.87774e-05
2.87167e-05
2.86478e-05
2.85701e-05
2.84841e-05
2.83907e-05
2.82912e-05
2.81866e-05
2.80777e-05
2.79654e-05
2.78504e-05
2.77338e-05
2.76165e-05
2.74996e-05
2.73842e-05
2.72716e-05
2.71627e-05
2.70583e-05
2.69589e-05
2.68647e-05
2.67757e-05
2.66918e-05
2.66124e-05
2.65369e-05
2.64647e-05
2.6395e-05
2.6327e-05
2.62599e-05
2.6193e-05
2.61256e-05
2.60572e-05
2.59872e-05
2.59154e-05
2.58416e-05
2.57654e-05
2.56867e-05
2.56049e-05
2.55199e-05
2.54314e-05
2.53391e-05
2.52429e-05
2.51427e-05
2.50382e-05
2.49292e-05
2.48157e-05
2.46973e-05
2.45739e-05
2.44453e-05
2.43111e-05
2.41712e-05
2.40254e-05
2.38735e-05
2.37154e-05
2.35509e-05
2.338e-05
2.32027e-05
2.3019e-05
2.28289e-05
2.26323e-05
2.24294e-05
2.22203e-05
2.2005e-05
2.17837e-05
2.15565e-05
2.13239e-05
2.10857e-05
2.0843e-05
2.05963e-05
2.03476e-05
2.01007e-05
1.9862e-05
1.96501e-05
1.94991e-05
1.94852e-05
1.97564e-05
2.05797e-05
2.24092e-05
2.5938e-05
3.20865e-05
4.18713e-05
2.69173e-05
2.68598e-05
2.67953e-05
2.67232e-05
2.6644e-05
2.65585e-05
2.64676e-05
2.63722e-05
2.62731e-05
2.6171e-05
2.60667e-05
2.59608e-05
2.58545e-05
2.57485e-05
2.5644e-05
2.5542e-05
2.54433e-05
2.53487e-05
2.52586e-05
2.51732e-05
2.50925e-05
2.50163e-05
2.49443e-05
2.48758e-05
2.48104e-05
2.47473e-05
2.46858e-05
2.46252e-05
2.45649e-05
2.45042e-05
2.44426e-05
2.43796e-05
2.43149e-05
2.42481e-05
2.41791e-05
2.41075e-05
2.4033e-05
2.39553e-05
2.38741e-05
2.37892e-05
2.37005e-05
2.36078e-05
2.35109e-05
2.34096e-05
2.33038e-05
2.31933e-05
2.30779e-05
2.29574e-05
2.28317e-05
2.27005e-05
2.25636e-05
2.24209e-05
2.22723e-05
2.21178e-05
2.19571e-05
2.17905e-05
2.16178e-05
2.14391e-05
2.12543e-05
2.10636e-05
2.08671e-05
2.06648e-05
2.04569e-05
2.02435e-05
2.00249e-05
1.98014e-05
1.95728e-05
1.93397e-05
1.91023e-05
1.88608e-05
1.86156e-05
1.83665e-05
1.81148e-05
1.78607e-05
1.76058e-05
1.73526e-05
1.71042e-05
1.68712e-05
1.66718e-05
1.65413e-05
2.53416e-05
2.5286e-05
2.52244e-05
2.51566e-05
2.50828e-05
2.50036e-05
2.49199e-05
2.48323e-05
2.47415e-05
2.46481e-05
2.45527e-05
2.4456e-05
2.43589e-05
2.42622e-05
2.41669e-05
2.40739e-05
2.39838e-05
2.38975e-05
2.38151e-05
2.37371e-05
2.36633e-05
2.35936e-05
2.35277e-05
2.3465e-05
2.34052e-05
2.33475e-05
2.32913e-05
2.3236e-05
2.3181e-05
2.31257e-05
2.30696e-05
2.30122e-05
2.29532e-05
2.28923e-05
2.28292e-05
2.27635e-05
2.2695e-05
2.26234e-05
2.25485e-05
2.247e-05
2.23877e-05
2.23015e-05
2.22112e-05
2.21166e-05
2.20176e-05
2.1914e-05
2.18057e-05
2.16925e-05
2.15741e-05
2.14505e-05
2.13215e-05
2.11869e-05
2.10466e-05
2.09007e-05
2.0749e-05
2.05915e-05
2.04283e-05
2.02594e-05
2.00847e-05
1.99044e-05
1.97186e-05
1.95274e-05
1.93309e-05
1.91292e-05
1.89226e-05
1.87113e-05
1.84955e-05
1.82752e-05
1.80509e-05
1.78229e-05
1.75913e-05
1.73563e-05
1.7118e-05
1.68773e-05
1.66342e-05
1.6389e-05
1.61416e-05
1.58921e-05
1.56421e-05
1.53909e-05
2.40253e-05
2.39703e-05
2.39106e-05
2.38457e-05
2.37758e-05
2.37014e-05
2.36232e-05
2.35417e-05
2.34575e-05
2.3371e-05
2.32828e-05
2.31935e-05
2.31039e-05
2.30148e-05
2.2927e-05
2.28413e-05
2.27583e-05
2.26787e-05
2.26028e-05
2.25308e-05
2.24627e-05
2.23983e-05
2.23373e-05
2.22794e-05
2.22241e-05
2.21707e-05
2.21188e-05
2.20677e-05
2.20169e-05
2.19659e-05
2.19142e-05
2.18614e-05
2.1807e-05
2.17507e-05
2.16923e-05
2.16315e-05
2.15679e-05
2.15014e-05
2.14316e-05
2.13584e-05
2.12816e-05
2.12009e-05
2.11162e-05
2.10273e-05
2.09341e-05
2.08365e-05
2.07342e-05
2.06272e-05
2.05152e-05
2.03982e-05
2.02759e-05
2.01482e-05
2.00152e-05
1.98766e-05
1.97325e-05
1.95829e-05
1.94278e-05
1.92672e-05
1.91011e-05
1.89296e-05
1.87528e-05
1.8571e-05
1.8384e-05
1.81921e-05
1.79956e-05
1.77946e-05
1.75894e-05
1.73799e-05
1.71666e-05
1.69498e-05
1.67297e-05
1.65065e-05
1.62801e-05
1.60511e-05
1.58203e-05
1.55874e-05
1.53524e-05
1.51155e-05
1.48775e-05
1.46383e-05
2.29334e-05
2.28784e-05
2.28196e-05
2.27565e-05
2.26895e-05
2.26187e-05
2.25447e-05
2.24679e-05
2.23887e-05
2.23077e-05
2.22251e-05
2.21418e-05
2.20582e-05
2.19752e-05
2.18934e-05
2.18136e-05
2.17364e-05
2.16623e-05
2.15915e-05
2.15244e-05
2.14608e-05
2.14007e-05
2.13437e-05
2.12896e-05
2.12378e-05
2.11879e-05
2.11393e-05
2.10915e-05
2.1044e-05
2.09964e-05
2.09481e-05
2.08987e-05
2.08479e-05
2.07954e-05
2.07408e-05
2.06838e-05
2.06242e-05
2.05617e-05
2.04962e-05
2.04273e-05
2.03549e-05
2.02788e-05
2.01988e-05
2.01147e-05
2.00264e-05
1.99338e-05
1.98366e-05
1.97349e-05
1.96283e-05
1.95168e-05
1.94003e-05
1.92785e-05
1.91516e-05
1.90193e-05
1.88817e-05
1.87388e-05
1.85905e-05
1.8437e-05
1.82782e-05
1.81141e-05
1.7945e-05
1.7771e-05
1.75922e-05
1.74086e-05
1.72204e-05
1.70281e-05
1.68317e-05
1.66313e-05
1.64271e-05
1.62197e-05
1.60092e-05
1.57957e-05
1.55792e-05
1.53603e-05
1.51395e-05
1.49169e-05
1.46925e-05
1.44662e-05
1.42388e-05
1.40105e-05
2.20315e-05
2.1976e-05
2.19175e-05
2.18557e-05
2.17905e-05
2.17224e-05
2.16515e-05
2.15783e-05
2.15031e-05
2.14263e-05
2.13483e-05
2.12697e-05
2.1191e-05
2.11128e-05
2.10359e-05
2.09609e-05
2.08883e-05
2.08186e-05
2.0752e-05
2.06887e-05
2.06288e-05
2.0572e-05
2.05182e-05
2.0467e-05
2.04179e-05
2.03706e-05
2.03246e-05
2.02793e-05
2.02344e-05
2.01893e-05
2.01436e-05
2.00969e-05
2.00489e-05
1.99992e-05
1.99475e-05
1.98936e-05
1.98372e-05
1.9778e-05
1.97157e-05
1.96503e-05
1.95815e-05
1.95091e-05
1.9433e-05
1.93529e-05
1.92687e-05
1.91802e-05
1.90873e-05
1.899e-05
1.8888e-05
1.87811e-05
1.86694e-05
1.85527e-05
1.84308e-05
1.83038e-05
1.81717e-05
1.80344e-05
1.78919e-05
1.77443e-05
1.75916e-05
1.74338e-05
1.72712e-05
1.71037e-05
1.69316e-05
1.6755e-05
1.65739e-05
1.63888e-05
1.61998e-05
1.6007e-05
1.58105e-05
1.56108e-05
1.54083e-05
1.52029e-05
1.49948e-05
1.47842e-05
1.45718e-05
1.43577e-05
1.4142e-05
1.39246e-05
1.3706e-05
1.34866e-05
2.1289e-05
2.12328e-05
2.11742e-05
2.1113e-05
2.10492e-05
2.09829e-05
2.09144e-05
2.0844e-05
2.07719e-05
2.06984e-05
2.06241e-05
2.05492e-05
2.04744e-05
2.04002e-05
2.03273e-05
2.02562e-05
2.01873e-05
2.01211e-05
2.00579e-05
1.99978e-05
1.99407e-05
1.98865e-05
1.98351e-05
1.97861e-05
1.97391e-05
1.96938e-05
1.96496e-05
1.96062e-05
1.95631e-05
1.95198e-05
1.9476e-05
1.94313e-05
1.93854e-05
1.93378e-05
1.92884e-05
1.92368e-05
1.91828e-05
1.91262e-05
1.90666e-05
1.9004e-05
1.8938e-05
1.88686e-05
1.87956e-05
1.87187e-05
1.86378e-05
1.85528e-05
1.84635e-05
1.83697e-05
1.82715e-05
1.81685e-05
1.80608e-05
1.79482e-05
1.78307e-05
1.77081e-05
1.75805e-05
1.74479e-05
1.73103e-05
1.71676e-05
1.70201e-05
1.68676e-05
1.67103e-05
1.65484e-05
1.6382e-05
1.62111e-05
1.6036e-05
1.58569e-05
1.56741e-05
1.54876e-05
1.52976e-05
1.51044e-05
1.49085e-05
1.47099e-05
1.45087e-05
1.43052e-05
1.40998e-05
1.38928e-05
1.36844e-05
1.34745e-05
1.32633e-05
1.30515e-05
2.0679e-05
2.06219e-05
2.0563e-05
2.05021e-05
2.04391e-05
2.03742e-05
2.03074e-05
2.02391e-05
2.01695e-05
2.00987e-05
2.00273e-05
1.99556e-05
1.9884e-05
1.98131e-05
1.97435e-05
1.96756e-05
1.96098e-05
1.95465e-05
1.9486e-05
1.94283e-05
1.93734e-05
1.93213e-05
1.92717e-05
1.92243e-05
1.91788e-05
1.91348e-05
1.90919e-05
1.90497e-05
1.90079e-05
1.89659e-05
1.89234e-05
1.88801e-05
1.88356e-05
1.87896e-05
1.87418e-05
1.8692e-05
1.86399e-05
1.85852e-05
1.85277e-05
1.84672e-05
1.84035e-05
1.83365e-05
1.82659e-05
1.81916e-05
1.81134e-05
1.80312e-05
1.79447e-05
1.7854e-05
1.77588e-05
1.76591e-05
1.75547e-05
1.74455e-05
1.73315e-05
1.72126e-05
1.70888e-05
1.69601e-05
1.68265e-05
1.6688e-05
1.65447e-05
1.63966e-05
1.62438e-05
1.60865e-05
1.59248e-05
1.57587e-05
1.55886e-05
1.54145e-05
1.52368e-05
1.50556e-05
1.4871e-05
1.46833e-05
1.44929e-05
1.42999e-05
1.41045e-05
1.39068e-05
1.37073e-05
1.35063e-05
1.3304e-05
1.31003e-05
1.28954e-05
1.26898e-05
2.01777e-05
2.01197e-05
2.00604e-05
1.99995e-05
1.9937e-05
1.9873e-05
1.98076e-05
1.97409e-05
1.96732e-05
1.96046e-05
1.95356e-05
1.94664e-05
1.93974e-05
1.93293e-05
1.92623e-05
1.9197e-05
1.91337e-05
1.90728e-05
1.90144e-05
1.89586e-05
1.89054e-05
1.88548e-05
1.88064e-05
1.87602e-05
1.87157e-05
1.86726e-05
1.86306e-05
1.85892e-05
1.85482e-05
1.8507e-05
1.84655e-05
1.84231e-05
1.83796e-05
1.83348e-05
1.82882e-05
1.82397e-05
1.81889e-05
1.81357e-05
1.80798e-05
1.8021e-05
1.79592e-05
1.7894e-05
1.78254e-05
1.77531e-05
1.76771e-05
1.75971e-05
1.75131e-05
1.74248e-05
1.73322e-05
1.72351e-05
1.71334e-05
1.7027e-05
1.69159e-05
1.68001e-05
1.66794e-05
1.65539e-05
1.64236e-05
1.62886e-05
1.61488e-05
1.60043e-05
1.58553e-05
1.57018e-05
1.5544e-05
1.53821e-05
1.52161e-05
1.50462e-05
1.48728e-05
1.4696e-05
1.45159e-05
1.43328e-05
1.4147e-05
1.39587e-05
1.37681e-05
1.35754e-05
1.33808e-05
1.31848e-05
1.29876e-05
1.27891e-05
1.25896e-05
1.23894e-05
1.97642e-05
1.97054e-05
1.96456e-05
1.95846e-05
1.95225e-05
1.94591e-05
1.93946e-05
1.93292e-05
1.9263e-05
1.91961e-05
1.9129e-05
1.90618e-05
1.89951e-05
1.89291e-05
1.88643e-05
1.88011e-05
1.87399e-05
1.86808e-05
1.8624e-05
1.85697e-05
1.85178e-05
1.84683e-05
1.84209e-05
1.83754e-05
1.83316e-05
1.82891e-05
1.82476e-05
1.82068e-05
1.81662e-05
1.81256e-05
1.80846e-05
1.80429e-05
1.80001e-05
1.7956e-05
1.79103e-05
1.78627e-05
1.7813e-05
1.7761e-05
1.77063e-05
1.76488e-05
1.75884e-05
1.75247e-05
1.74577e-05
1.73871e-05
1.73128e-05
1.72346e-05
1.71525e-05
1.70662e-05
1.69757e-05
1.68807e-05
1.67813e-05
1.66772e-05
1.65686e-05
1.64552e-05
1.63371e-05
1.62143e-05
1.60868e-05
1.59546e-05
1.58177e-05
1.56763e-05
1.55304e-05
1.53801e-05
1.52256e-05
1.5067e-05
1.49044e-05
1.47381e-05
1.45682e-05
1.43951e-05
1.42188e-05
1.40395e-05
1.38575e-05
1.36732e-05
1.34867e-05
1.32981e-05
1.31077e-05
1.29159e-05
1.2723e-05
1.25289e-05
1.23338e-05
1.2138e-05
1.94202e-05
1.93606e-05
1.93004e-05
1.92393e-05
1.91774e-05
1.91145e-05
1.90508e-05
1.89864e-05
1.89215e-05
1.88562e-05
1.87907e-05
1.87253e-05
1.86604e-05
1.85963e-05
1.85334e-05
1.8472e-05
1.84124e-05
1.83548e-05
1.82994e-05
1.82463e-05
1.81953e-05
1.81465e-05
1.80998e-05
1.80548e-05
1.80113e-05
1.79691e-05
1.79278e-05
1.78872e-05
1.78468e-05
1.78065e-05
1.77658e-05
1.77244e-05
1.7682e-05
1.76384e-05
1.75933e-05
1.75464e-05
1.74974e-05
1.74462e-05
1.73925e-05
1.73361e-05
1.72767e-05
1.72142e-05
1.71484e-05
1.70792e-05
1.70063e-05
1.69296e-05
1.6849e-05
1.67643e-05
1.66755e-05
1.65823e-05
1.64847e-05
1.63826e-05
1.62759e-05
1.61646e-05
1.60487e-05
1.59281e-05
1.58029e-05
1.56731e-05
1.55387e-05
1.53998e-05
1.52565e-05
1.51088e-05
1.49571e-05
1.48013e-05
1.46416e-05
1.44783e-05
1.43114e-05
1.41414e-05
1.39682e-05
1.37922e-05
1.36135e-05
1.34325e-05
1.32494e-05
1.30643e-05
1.28775e-05
1.26893e-05
1.25e-05
1.23096e-05
1.21184e-05
1.19265e-05
1.91299e-05
1.90697e-05
1.90091e-05
1.89479e-05
1.88861e-05
1.88237e-05
1.87606e-05
1.86971e-05
1.86332e-05
1.8569e-05
1.85049e-05
1.8441e-05
1.83777e-05
1.83152e-05
1.82538e-05
1.81939e-05
1.81356e-05
1.80792e-05
1.80249e-05
1.79726e-05
1.79224e-05
1.78742e-05
1.78278e-05
1.77831e-05
1.77398e-05
1.76978e-05
1.76566e-05
1.7616e-05
1.75758e-05
1.75355e-05
1.74949e-05
1.74537e-05
1.74117e-05
1.73684e-05
1.73237e-05
1.72773e-05
1.72289e-05
1.71783e-05
1.71253e-05
1.70697e-05
1.70112e-05
1.69497e-05
1.68849e-05
1.68167e-05
1.6745e-05
1.66695e-05
1.65902e-05
1.65069e-05
1.64194e-05
1.63278e-05
1.62317e-05
1.61312e-05
1.60262e-05
1.59166e-05
1.58025e-05
1.56838e-05
1.55605e-05
1.54327e-05
1.53003e-05
1.51636e-05
1.50224e-05
1.48771e-05
1.47276e-05
1.45742e-05
1.4417e-05
1.42562e-05
1.40919e-05
1.39245e-05
1.3754e-05
1.35807e-05
1.34049e-05
1.32267e-05
1.30465e-05
1.28644e-05
1.26806e-05
1.24955e-05
1.23092e-05
1.2122e-05
1.1934e-05
1.17454e-05
1.88798e-05
1.88192e-05
1.87583e-05
1.86971e-05
1.86354e-05
1.85733e-05
1.85108e-05
1.8448e-05
1.8385e-05
1.83219e-05
1.82589e-05
1.81962e-05
1.81341e-05
1.80729e-05
1.80128e-05
1.79541e-05
1.78969e-05
1.78415e-05
1.7788e-05
1.77364e-05
1.76868e-05
1.7639e-05
1.75929e-05
1.75484e-05
1.75053e-05
1.74633e-05
1.74221e-05
1.73815e-05
1.73413e-05
1.73011e-05
1.72606e-05
1.72195e-05
1.71776e-05
1.71346e-05
1.70902e-05
1.70441e-05
1.69962e-05
1.69462e-05
1.68937e-05
1.68388e-05
1.6781e-05
1.67203e-05
1.66563e-05
1.65891e-05
1.65183e-05
1.64439e-05
1.63656e-05
1.62834e-05
1.61971e-05
1.61067e-05
1.6012e-05
1.59128e-05
1.58093e-05
1.57012e-05
1.55886e-05
1.54715e-05
1.53498e-05
1.52237e-05
1.50931e-05
1.49582e-05
1.48189e-05
1.46755e-05
1.45281e-05
1.43767e-05
1.42216e-05
1.4063e-05
1.39009e-05
1.37357e-05
1.35676e-05
1.33967e-05
1.32233e-05
1.30476e-05
1.28699e-05
1.26904e-05
1.25093e-05
1.23268e-05
1.21432e-05
1.19588e-05
1.17736e-05
1.15879e-05
1.8659e-05
1.85981e-05
1.85371e-05
1.84758e-05
1.84143e-05
1.83525e-05
1.82905e-05
1.82283e-05
1.8166e-05
1.81038e-05
1.80418e-05
1.79801e-05
1.79191e-05
1.7859e-05
1.77999e-05
1.77422e-05
1.7686e-05
1.76314e-05
1.75786e-05
1.75276e-05
1.74784e-05
1.74309e-05
1.73851e-05
1.73407e-05
1.72977e-05
1.72557e-05
1.72145e-05
1.7174e-05
1.71337e-05
1.70935e-05
1.70531e-05
1.70121e-05
1.69703e-05
1.69275e-05
1.68834e-05
1.68376e-05
1.67901e-05
1.67405e-05
1.66886e-05
1.66341e-05
1.6577e-05
1.65169e-05
1.64537e-05
1.63872e-05
1.63173e-05
1.62437e-05
1.61664e-05
1.60852e-05
1.59999e-05
1.59105e-05
1.58169e-05
1.5719e-05
1.56166e-05
1.55099e-05
1.53986e-05
1.52829e-05
1.51627e-05
1.5038e-05
1.4909e-05
1.47756e-05
1.46381e-05
1.44964e-05
1.43507e-05
1.42011e-05
1.40479e-05
1.38911e-05
1.37311e-05
1.35679e-05
1.34018e-05
1.3233e-05
1.30617e-05
1.28882e-05
1.27127e-05
1.25354e-05
1.23566e-05
1.21765e-05
1.19953e-05
1.18133e-05
1.16305e-05
1.14473e-05
1.84586e-05
1.83976e-05
1.83365e-05
1.82753e-05
1.8214e-05
1.81525e-05
1.80909e-05
1.80292e-05
1.79676e-05
1.79061e-05
1.78449e-05
1.77842e-05
1.77241e-05
1.76648e-05
1.76067e-05
1.75498e-05
1.74943e-05
1.74404e-05
1.73882e-05
1.73377e-05
1.72889e-05
1.72417e-05
1.71961e-05
1.71518e-05
1.71089e-05
1.70669e-05
1.70258e-05
1.69853e-05
1.69451e-05
1.69049e-05
1.68645e-05
1.68237e-05
1.6782e-05
1.67394e-05
1.66955e-05
1.66501e-05
1.66029e-05
1.65537e-05
1.65022e-05
1.64483e-05
1.63917e-05
1.63322e-05
1.62697e-05
1.62039e-05
1.61347e-05
1.60619e-05
1.59854e-05
1.5905e-05
1.58207e-05
1.57323e-05
1.56396e-05
1.55427e-05
1.54415e-05
1.53359e-05
1.52258e-05
1.51113e-05
1.49924e-05
1.48691e-05
1.47414e-05
1.46095e-05
1.44734e-05
1.43333e-05
1.41891e-05
1.40412e-05
1.38897e-05
1.37346e-05
1.35763e-05
1.34149e-05
1.32507e-05
1.30838e-05
1.29145e-05
1.27429e-05
1.25694e-05
1.23942e-05
1.22175e-05
1.20395e-05
1.18605e-05
1.16806e-05
1.15001e-05
1.13192e-05
1.8272e-05
1.82109e-05
1.81498e-05
1.80887e-05
1.80276e-05
1.79664e-05
1.79052e-05
1.78441e-05
1.7783e-05
1.77221e-05
1.76616e-05
1.76016e-05
1.75423e-05
1.74838e-05
1.74264e-05
1.73702e-05
1.73154e-05
1.72621e-05
1.72104e-05
1.71604e-05
1.71119e-05
1.7065e-05
1.70196e-05
1.69756e-05
1.69327e-05
1.68909e-05
1.68498e-05
1.68094e-05
1.67692e-05
1.67292e-05
1.66889e-05
1.66482e-05
1.66067e-05
1.65643e-05
1.65207e-05
1.64756e-05
1.64287e-05
1.63799e-05
1.63288e-05
1.62754e-05
1.62193e-05
1.61604e-05
1.60985e-05
1.60333e-05
1.59648e-05
1.58927e-05
1.5817e-05
1.57374e-05
1.56539e-05
1.55663e-05
1.54746e-05
1.53787e-05
1.52784e-05
1.51738e-05
1.50649e-05
1.49515e-05
1.48338e-05
1.47117e-05
1.45853e-05
1.44547e-05
1.432e-05
1.41812e-05
1.40386e-05
1.38922e-05
1.37421e-05
1.35887e-05
1.3432e-05
1.32723e-05
1.31098e-05
1.29446e-05
1.27771e-05
1.26074e-05
1.24357e-05
1.22624e-05
1.20876e-05
1.19115e-05
1.17345e-05
1.15566e-05
1.13781e-05
1.11991e-05
1.80941e-05
1.8033e-05
1.7972e-05
1.7911e-05
1.78501e-05
1.77892e-05
1.77284e-05
1.76677e-05
1.76072e-05
1.75469e-05
1.7487e-05
1.74276e-05
1.73689e-05
1.73111e-05
1.72544e-05
1.71988e-05
1.71446e-05
1.70918e-05
1.70406e-05
1.69909e-05
1.69428e-05
1.68962e-05
1.6851e-05
1.68072e-05
1.67645e-05
1.67228e-05
1.66819e-05
1.66416e-05
1.66016e-05
1.65617e-05
1.65216e-05
1.6481e-05
1.64398e-05
1.63977e-05
1.63543e-05
1.63095e-05
1.6263e-05
1.62146e-05
1.6164e-05
1.6111e-05
1.60554e-05
1.59971e-05
1.59357e-05
1.58712e-05
1.58033e-05
1.57319e-05
1.56569e-05
1.55781e-05
1.54953e-05
1.54086e-05
1.53177e-05
1.52227e-05
1.51234e-05
1.50198e-05
1.49118e-05
1.47995e-05
1.46829e-05
1.4562e-05
1.44368e-05
1.43075e-05
1.4174e-05
1.40366e-05
1.38953e-05
1.37503e-05
1.36018e-05
1.34498e-05
1.32947e-05
1.31365e-05
1.29756e-05
1.28121e-05
1.26462e-05
1.24782e-05
1.23083e-05
1.21368e-05
1.19638e-05
1.17896e-05
1.16143e-05
1.14383e-05
1.12617e-05
1.10847e-05
1.79217e-05
1.78606e-05
1.77997e-05
1.77389e-05
1.76782e-05
1.76176e-05
1.75572e-05
1.74969e-05
1.74368e-05
1.7377e-05
1.73176e-05
1.72588e-05
1.72007e-05
1.71435e-05
1.70873e-05
1.70323e-05
1.69786e-05
1.69263e-05
1.68755e-05
1.68262e-05
1.67784e-05
1.67321e-05
1.66872e-05
1.66436e-05
1.66012e-05
1.65597e-05
1.6519e-05
1.64789e-05
1.64391e-05
1.63994e-05
1.63595e-05
1.63192e-05
1.62783e-05
1.62364e-05
1.61934e-05
1.61489e-05
1.61028e-05
1.60548e-05
1.60046e-05
1.59521e-05
1.5897e-05
1.58392e-05
1.57784e-05
1.57145e-05
1.56473e-05
1.55765e-05
1.55022e-05
1.54241e-05
1.53422e-05
1.52562e-05
1.51662e-05
1.5072e-05
1.49736e-05
1.48709e-05
1.4764e-05
1.46527e-05
1.45371e-05
1.44173e-05
1.42933e-05
1.41651e-05
1.40329e-05
1.38968e-05
1.37568e-05
1.36132e-05
1.3466e-05
1.33155e-05
1.31618e-05
1.30052e-05
1.28458e-05
1.26839e-05
1.25196e-05
1.23533e-05
1.2185e-05
1.20152e-05
1.18439e-05
1.16714e-05
1.14979e-05
1.13236e-05
1.11488e-05
1.09735e-05
1.77528e-05
1.76917e-05
1.76309e-05
1.75703e-05
1.75099e-05
1.74496e-05
1.73895e-05
1.73296e-05
1.72699e-05
1.72106e-05
1.71517e-05
1.70934e-05
1.70358e-05
1.6979e-05
1.69234e-05
1.68688e-05
1.68156e-05
1.67637e-05
1.67134e-05
1.66645e-05
1.66171e-05
1.65711e-05
1.65265e-05
1.64832e-05
1.6441e-05
1.63998e-05
1.63593e-05
1.63195e-05
1.62799e-05
1.62405e-05
1.62009e-05
1.61609e-05
1.61202e-05
1.60787e-05
1.6036e-05
1.59919e-05
1.59462e-05
1.58986e-05
1.58489e-05
1.57969e-05
1.57423e-05
1.5685e-05
1.56248e-05
1.55615e-05
1.54949e-05
1.54248e-05
1.53512e-05
1.52738e-05
1.51926e-05
1.51074e-05
1.50182e-05
1.49249e-05
1.48274e-05
1.47256e-05
1.46196e-05
1.45093e-05
1.43948e-05
1.42761e-05
1.41532e-05
1.40261e-05
1.38951e-05
1.37602e-05
1.36215e-05
1.34792e-05
1.33334e-05
1.31843e-05
1.3032e-05
1.28769e-05
1.2719e-05
1.25586e-05
1.23959e-05
1.22311e-05
1.20645e-05
1.18963e-05
1.17266e-05
1.15558e-05
1.1384e-05
1.12114e-05
1.10383e-05
1.08648e-05
1.75866e-05
1.75256e-05
1.74649e-05
1.74045e-05
1.73443e-05
1.72843e-05
1.72245e-05
1.71649e-05
1.71056e-05
1.70467e-05
1.69883e-05
1.69304e-05
1.68733e-05
1.68171e-05
1.67618e-05
1.67078e-05
1.6655e-05
1.66035e-05
1.65536e-05
1.6505e-05
1.6458e-05
1.64124e-05
1.63681e-05
1.63251e-05
1.62832e-05
1.62423e-05
1.62021e-05
1.61625e-05
1.61232e-05
1.60841e-05
1.60448e-05
1.60051e-05
1.59648e-05
1.59236e-05
1.58813e-05
1.58376e-05
1.57923e-05
1.57452e-05
1.56959e-05
1.56444e-05
1.55903e-05
1.55336e-05
1.54739e-05
1.54112e-05
1.53452e-05
1.52758e-05
1.52029e-05
1.51262e-05
1.50457e-05
1.49614e-05
1.4873e-05
1.47805e-05
1.46838e-05
1.4583e-05
1.44779e-05
1.43686e-05
1.42551e-05
1.41374e-05
1.40156e-05
1.38898e-05
1.37599e-05
1.36262e-05
1.34888e-05
1.33477e-05
1.32032e-05
1.30555e-05
1.29046e-05
1.27509e-05
1.25945e-05
1.24356e-05
1.22744e-05
1.21112e-05
1.19461e-05
1.17794e-05
1.16114e-05
1.14422e-05
1.1272e-05
1.11011e-05
1.09296e-05
1.07578e-05
1.74232e-05
1.73623e-05
1.73017e-05
1.72415e-05
1.71815e-05
1.71218e-05
1.70623e-05
1.7003e-05
1.69441e-05
1.68856e-05
1.68276e-05
1.67701e-05
1.67134e-05
1.66576e-05
1.66028e-05
1.65492e-05
1.64968e-05
1.64458e-05
1.63962e-05
1.63481e-05
1.63014e-05
1.62561e-05
1.62122e-05
1.61695e-05
1.61279e-05
1.60873e-05
1.60475e-05
1.60082e-05
1.59692e-05
1.59304e-05
1.58914e-05
1.58521e-05
1.58121e-05
1.57713e-05
1.57293e-05
1.5686e-05
1.56412e-05
1.55944e-05
1.55457e-05
1.54946e-05
1.54411e-05
1.53849e-05
1.53258e-05
1.52637e-05
1.51983e-05
1.51296e-05
1.50573e-05
1.49814e-05
1.49016e-05
1.4818e-05
1.47304e-05
1.46388e-05
1.4543e-05
1.44431e-05
1.43389e-05
1.42306e-05
1.41181e-05
1.40015e-05
1.38807e-05
1.3756e-05
1.36273e-05
1.34948e-05
1.33585e-05
1.32188e-05
1.30756e-05
1.29292e-05
1.27797e-05
1.26273e-05
1.24723e-05
1.23149e-05
1.21552e-05
1.19934e-05
1.18299e-05
1.16648e-05
1.14983e-05
1.13307e-05
1.11621e-05
1.09928e-05
1.08229e-05
1.06527e-05
1.72635e-05
1.72026e-05
1.71422e-05
1.70821e-05
1.70223e-05
1.69629e-05
1.69037e-05
1.68448e-05
1.67862e-05
1.6728e-05
1.66704e-05
1.66134e-05
1.65571e-05
1.65017e-05
1.64473e-05
1.63941e-05
1.63421e-05
1.62915e-05
1.62423e-05
1.61945e-05
1.61482e-05
1.61033e-05
1.60597e-05
1.60173e-05
1.59761e-05
1.59358e-05
1.58962e-05
1.58572e-05
1.58186e-05
1.57801e-05
1.57414e-05
1.57024e-05
1.56628e-05
1.56224e-05
1.55808e-05
1.55379e-05
1.54935e-05
1.54472e-05
1.53989e-05
1.53483e-05
1.52953e-05
1.52396e-05
1.51811e-05
1.51196e-05
1.50548e-05
1.49867e-05
1.49151e-05
1.48399e-05
1.47609e-05
1.4678e-05
1.45912e-05
1.45004e-05
1.44055e-05
1.43065e-05
1.42033e-05
1.40959e-05
1.39844e-05
1.38688e-05
1.37491e-05
1.36254e-05
1.34979e-05
1.33665e-05
1.32315e-05
1.30929e-05
1.2951e-05
1.28059e-05
1.26577e-05
1.25067e-05
1.23531e-05
1.21971e-05
1.20388e-05
1.18785e-05
1.17165e-05
1.15528e-05
1.13879e-05
1.12218e-05
1.10547e-05
1.0887e-05
1.07187e-05
1.055e-05
1.7109e-05
1.70482e-05
1.69878e-05
1.69279e-05
1.68683e-05
1.68091e-05
1.67502e-05
1.66916e-05
1.66334e-05
1.65756e-05
1.65183e-05
1.64616e-05
1.64058e-05
1.63507e-05
1.62968e-05
1.62439e-05
1.61923e-05
1.61421e-05
1.60933e-05
1.60459e-05
1.59999e-05
1.59553e-05
1.59121e-05
1.587e-05
1.58291e-05
1.57891e-05
1.57499e-05
1.57112e-05
1.56729e-05
1.56347e-05
1.55964e-05
1.55577e-05
1.55184e-05
1.54783e-05
1.54371e-05
1.53946e-05
1.53506e-05
1.53047e-05
1.52568e-05
1.52068e-05
1.51542e-05
1.50991e-05
1.50411e-05
1.49801e-05
1.4916e-05
1.48485e-05
1.47776e-05
1.47031e-05
1.46248e-05
1.45427e-05
1.44567e-05
1.43666e-05
1.42726e-05
1.41744e-05
1.40721e-05
1.39657e-05
1.38551e-05
1.37405e-05
1.36219e-05
1.34993e-05
1.33728e-05
1.32426e-05
1.31087e-05
1.29713e-05
1.28306e-05
1.26867e-05
1.25399e-05
1.23902e-05
1.22379e-05
1.20832e-05
1.19263e-05
1.17675e-05
1.16068e-05
1.14447e-05
1.12812e-05
1.11165e-05
1.0951e-05
1.07847e-05
1.06179e-05
1.04508e-05
1.69619e-05
1.69011e-05
1.68408e-05
1.6781e-05
1.67216e-05
1.66626e-05
1.66039e-05
1.65456e-05
1.64877e-05
1.64302e-05
1.63733e-05
1.6317e-05
1.62614e-05
1.62068e-05
1.61532e-05
1.61007e-05
1.60495e-05
1.59996e-05
1.59511e-05
1.59041e-05
1.58584e-05
1.58142e-05
1.57713e-05
1.57296e-05
1.56889e-05
1.56493e-05
1.56103e-05
1.5572e-05
1.55339e-05
1.5496e-05
1.5458e-05
1.54197e-05
1.53808e-05
1.5341e-05
1.53001e-05
1.5258e-05
1.52143e-05
1.51689e-05
1.51214e-05
1.50718e-05
1.50197e-05
1.49651e-05
1.49076e-05
1.48472e-05
1.47837e-05
1.47168e-05
1.46465e-05
1.45726e-05
1.4495e-05
1.44137e-05
1.43284e-05
1.42391e-05
1.41459e-05
1.40485e-05
1.39471e-05
1.38416e-05
1.3732e-05
1.36183e-05
1.35007e-05
1.33791e-05
1.32537e-05
1.31245e-05
1.29918e-05
1.28555e-05
1.2716e-05
1.25733e-05
1.24276e-05
1.22792e-05
1.21282e-05
1.19748e-05
1.18192e-05
1.16617e-05
1.15024e-05
1.13416e-05
1.11795e-05
1.10162e-05
1.08521e-05
1.06872e-05
1.05218e-05
1.03561e-05
1.68249e-05
1.6764e-05
1.67037e-05
1.6644e-05
1.65847e-05
1.65259e-05
1.64674e-05
1.64094e-05
1.63517e-05
1.62946e-05
1.62379e-05
1.6182e-05
1.61268e-05
1.60725e-05
1.60192e-05
1.59671e-05
1.59162e-05
1.58667e-05
1.58185e-05
1.57718e-05
1.57265e-05
1.56825e-05
1.56399e-05
1.55985e-05
1.55582e-05
1.55188e-05
1.54801e-05
1.5442e-05
1.54043e-05
1.53667e-05
1.5329e-05
1.52909e-05
1.52523e-05
1.52128e-05
1.51723e-05
1.51305e-05
1.50872e-05
1.50421e-05
1.4995e-05
1.49458e-05
1.48942e-05
1.484e-05
1.4783e-05
1.47231e-05
1.46601e-05
1.45938e-05
1.45241e-05
1.44508e-05
1.43739e-05
1.42932e-05
1.42086e-05
1.41201e-05
1.40276e-05
1.39311e-05
1.38305e-05
1.37258e-05
1.36171e-05
1.35043e-05
1.33876e-05
1.3267e-05
1.31426e-05
1.30144e-05
1.28827e-05
1.27475e-05
1.26091e-05
1.24675e-05
1.2323e-05
1.21757e-05
1.20259e-05
1.18737e-05
1.17193e-05
1.1563e-05
1.1405e-05
1.12455e-05
1.10846e-05
1.09227e-05
1.07599e-05
1.05963e-05
1.04323e-05
1.02679e-05
1.67012e-05
1.66402e-05
1.65799e-05
1.65202e-05
1.6461e-05
1.64023e-05
1.6344e-05
1.62861e-05
1.62287e-05
1.61718e-05
1.61155e-05
1.60598e-05
1.60049e-05
1.59509e-05
1.58979e-05
1.58461e-05
1.57955e-05
1.57463e-05
1.56984e-05
1.5652e-05
1.56069e-05
1.55633e-05
1.55209e-05
1.54798e-05
1.54397e-05
1.54005e-05
1.53622e-05
1.53243e-05
1.52868e-05
1.52495e-05
1.5212e-05
1.51742e-05
1.51359e-05
1.50967e-05
1.50565e-05
1.5015e-05
1.4972e-05
1.49272e-05
1.48805e-05
1.48317e-05
1.47804e-05
1.47267e-05
1.46701e-05
1.46107e-05
1.45481e-05
1.44824e-05
1.44132e-05
1.43405e-05
1.42642e-05
1.41841e-05
1.41002e-05
1.40123e-05
1.39205e-05
1.38247e-05
1.37249e-05
1.3621e-05
1.3513e-05
1.34011e-05
1.32853e-05
1.31655e-05
1.3042e-05
1.29148e-05
1.2784e-05
1.26498e-05
1.25123e-05
1.23718e-05
1.22283e-05
1.2082e-05
1.19333e-05
1.17822e-05
1.16289e-05
1.14737e-05
1.13169e-05
1.11585e-05
1.09988e-05
1.0838e-05
1.06764e-05
1.0514e-05
1.03512e-05
1.0188e-05
1.65948e-05
1.65336e-05
1.64732e-05
1.64134e-05
1.63542e-05
1.62956e-05
1.62374e-05
1.61796e-05
1.61224e-05
1.60657e-05
1.60095e-05
1.59541e-05
1.58994e-05
1.58457e-05
1.5793e-05
1.57414e-05
1.56911e-05
1.56421e-05
1.55945e-05
1.55483e-05
1.55035e-05
1.54601e-05
1.54179e-05
1.5377e-05
1.53372e-05
1.52982e-05
1.52601e-05
1.52225e-05
1.51852e-05
1.51481e-05
1.51108e-05
1.50733e-05
1.50351e-05
1.49962e-05
1.49562e-05
1.4915e-05
1.48722e-05
1.48278e-05
1.47814e-05
1.47328e-05
1.46819e-05
1.46285e-05
1.45724e-05
1.45133e-05
1.44512e-05
1.43858e-05
1.43171e-05
1.42449e-05
1.41691e-05
1.40896e-05
1.40062e-05
1.3919e-05
1.38278e-05
1.37326e-05
1.36334e-05
1.35302e-05
1.3423e-05
1.33118e-05
1.31966e-05
1.30777e-05
1.29549e-05
1.28285e-05
1.26985e-05
1.25652e-05
1.24286e-05
1.22889e-05
1.21463e-05
1.2001e-05
1.18531e-05
1.1703e-05
1.15507e-05
1.13965e-05
1.12406e-05
1.10832e-05
1.09245e-05
1.07647e-05
1.06041e-05
1.04428e-05
1.0281e-05
1.01189e-05
1.65103e-05
1.64487e-05
1.63881e-05
1.63282e-05
1.62689e-05
1.62103e-05
1.61521e-05
1.60944e-05
1.60373e-05
1.59807e-05
1.59247e-05
1.58694e-05
1.58149e-05
1.57613e-05
1.57088e-05
1.56574e-05
1.56073e-05
1.55585e-05
1.55111e-05
1.54651e-05
1.54204e-05
1.53772e-05
1.53353e-05
1.52945e-05
1.52548e-05
1.52161e-05
1.51781e-05
1.51406e-05
1.51035e-05
1.50666e-05
1.50295e-05
1.49921e-05
1.49542e-05
1.49154e-05
1.48757e-05
1.48346e-05
1.47921e-05
1.47478e-05
1.47017e-05
1.46534e-05
1.46028e-05
1.45496e-05
1.44938e-05
1.4435e-05
1.43732e-05
1.43082e-05
1.42399e-05
1.41681e-05
1.40927e-05
1.40136e-05
1.39307e-05
1.38439e-05
1.37532e-05
1.36585e-05
1.35599e-05
1.34572e-05
1.33505e-05
1.32399e-05
1.31254e-05
1.30071e-05
1.28849e-05
1.27592e-05
1.26299e-05
1.24972e-05
1.23613e-05
1.22223e-05
1.20804e-05
1.19358e-05
1.17887e-05
1.16393e-05
1.14878e-05
1.13343e-05
1.11792e-05
1.10226e-05
1.08647e-05
1.07058e-05
1.0546e-05
1.03855e-05
1.02245e-05
1.00632e-05
1.64531e-05
1.63911e-05
1.63301e-05
1.627e-05
1.62105e-05
1.61517e-05
1.60935e-05
1.60358e-05
1.59786e-05
1.59221e-05
1.58661e-05
1.58109e-05
1.57565e-05
1.5703e-05
1.56506e-05
1.55993e-05
1.55493e-05
1.55006e-05
1.54533e-05
1.54074e-05
1.53629e-05
1.53198e-05
1.5278e-05
1.52373e-05
1.51978e-05
1.51591e-05
1.51212e-05
1.50839e-05
1.50469e-05
1.50101e-05
1.49731e-05
1.49358e-05
1.4898e-05
1.48594e-05
1.48197e-05
1.47788e-05
1.47364e-05
1.46923e-05
1.46463e-05
1.45982e-05
1.45478e-05
1.44948e-05
1.44392e-05
1.43806e-05
1.43191e-05
1.42543e-05
1.41862e-05
1.41147e-05
1.40395e-05
1.39607e-05
1.38781e-05
1.37917e-05
1.37013e-05
1.3607e-05
1.35087e-05
1.34065e-05
1.33002e-05
1.319e-05
1.30759e-05
1.2958e-05
1.28363e-05
1.2711e-05
1.25822e-05
1.245e-05
1.23145e-05
1.2176e-05
1.20346e-05
1.18905e-05
1.17439e-05
1.1595e-05
1.1444e-05
1.12911e-05
1.11365e-05
1.09804e-05
1.08231e-05
1.06647e-05
1.05054e-05
1.03455e-05
1.01851e-05
1.00244e-05
1.64298e-05
1.63673e-05
1.63058e-05
1.62452e-05
1.61855e-05
1.61264e-05
1.60679e-05
1.60101e-05
1.59528e-05
1.58961e-05
1.58401e-05
1.57848e-05
1.57304e-05
1.56769e-05
1.56245e-05
1.55732e-05
1.55232e-05
1.54746e-05
1.54273e-05
1.53814e-05
1.53369e-05
1.52939e-05
1.52521e-05
1.52115e-05
1.51719e-05
1.51333e-05
1.50955e-05
1.50582e-05
1.50212e-05
1.49844e-05
1.49475e-05
1.49103e-05
1.48725e-05
1.48339e-05
1.47943e-05
1.47534e-05
1.47111e-05
1.46671e-05
1.46211e-05
1.45731e-05
1.45227e-05
1.44698e-05
1.44142e-05
1.43558e-05
1.42943e-05
1.42297e-05
1.41617e-05
1.40903e-05
1.40153e-05
1.39366e-05
1.38541e-05
1.37679e-05
1.36777e-05
1.35835e-05
1.34854e-05
1.33833e-05
1.32772e-05
1.31672e-05
1.30533e-05
1.29356e-05
1.28141e-05
1.2689e-05
1.25604e-05
1.24284e-05
1.22931e-05
1.21548e-05
1.20137e-05
1.18698e-05
1.17234e-05
1.15747e-05
1.14239e-05
1.12712e-05
1.11168e-05
1.0961e-05
1.08039e-05
1.06457e-05
1.04867e-05
1.0327e-05
1.01668e-05
1.00063e-05
1.64483e-05
1.6385e-05
1.63229e-05
1.62617e-05
1.62015e-05
1.6142e-05
1.60832e-05
1.6025e-05
1.59674e-05
1.59105e-05
1.58543e-05
1.57988e-05
1.57442e-05
1.56906e-05
1.5638e-05
1.55867e-05
1.55365e-05
1.54878e-05
1.54404e-05
1.53944e-05
1.53499e-05
1.53067e-05
1.52648e-05
1.52242e-05
1.51846e-05
1.51459e-05
1.5108e-05
1.50707e-05
1.50336e-05
1.49968e-05
1.49598e-05
1.49225e-05
1.48847e-05
1.48461e-05
1.48064e-05
1.47655e-05
1.47231e-05
1.4679e-05
1.4633e-05
1.45849e-05
1.45345e-05
1.44815e-05
1.44259e-05
1.43674e-05
1.43059e-05
1.42412e-05
1.41731e-05
1.41016e-05
1.40266e-05
1.39478e-05
1.38653e-05
1.37789e-05
1.36887e-05
1.35944e-05
1.34962e-05
1.33941e-05
1.32879e-05
1.31778e-05
1.30638e-05
1.2946e-05
1.28244e-05
1.26992e-05
1.25705e-05
1.24383e-05
1.2303e-05
1.21646e-05
1.20232e-05
1.18792e-05
1.17327e-05
1.15838e-05
1.14329e-05
1.128e-05
1.11255e-05
1.09695e-05
1.08122e-05
1.06538e-05
1.04946e-05
1.03348e-05
1.01744e-05
1.00138e-05
1.65181e-05
1.64539e-05
1.63909e-05
1.6329e-05
1.62681e-05
1.62079e-05
1.61486e-05
1.60899e-05
1.60319e-05
1.59745e-05
1.59179e-05
1.58621e-05
1.58072e-05
1.57532e-05
1.57004e-05
1.56487e-05
1.55983e-05
1.55493e-05
1.55017e-05
1.54555e-05
1.54107e-05
1.53673e-05
1.53253e-05
1.52844e-05
1.52446e-05
1.52058e-05
1.51677e-05
1.51302e-05
1.5093e-05
1.5056e-05
1.50188e-05
1.49814e-05
1.49434e-05
1.49046e-05
1.48648e-05
1.48237e-05
1.47811e-05
1.47368e-05
1.46906e-05
1.46423e-05
1.45917e-05
1.45385e-05
1.44826e-05
1.44239e-05
1.43621e-05
1.42971e-05
1.42288e-05
1.4157e-05
1.40817e-05
1.40026e-05
1.39197e-05
1.3833e-05
1.37424e-05
1.36478e-05
1.35492e-05
1.34466e-05
1.33401e-05
1.32295e-05
1.31151e-05
1.29968e-05
1.28748e-05
1.2749e-05
1.26198e-05
1.24872e-05
1.23513e-05
1.22123e-05
1.20704e-05
1.19258e-05
1.17786e-05
1.16292e-05
1.14776e-05
1.13241e-05
1.11689e-05
1.10123e-05
1.08543e-05
1.06953e-05
1.05355e-05
1.03749e-05
1.02139e-05
1.00526e-05
1.66515e-05
1.6586e-05
1.65218e-05
1.64589e-05
1.6397e-05
1.63361e-05
1.62759e-05
1.62165e-05
1.61578e-05
1.60998e-05
1.60426e-05
1.59862e-05
1.59307e-05
1.58763e-05
1.58229e-05
1.57708e-05
1.57199e-05
1.56704e-05
1.56224e-05
1.55758e-05
1.55307e-05
1.54869e-05
1.54445e-05
1.54033e-05
1.53632e-05
1.5324e-05
1.52856e-05
1.52477e-05
1.52103e-05
1.51729e-05
1.51355e-05
1.50977e-05
1.50594e-05
1.50203e-05
1.49801e-05
1.49387e-05
1.48958e-05
1.48512e-05
1.48046e-05
1.47559e-05
1.47048e-05
1.46513e-05
1.45949e-05
1.45357e-05
1.44735e-05
1.4408e-05
1.43391e-05
1.42667e-05
1.41908e-05
1.41111e-05
1.40276e-05
1.39402e-05
1.38489e-05
1.37535e-05
1.36542e-05
1.35508e-05
1.34434e-05
1.3332e-05
1.32167e-05
1.30975e-05
1.29745e-05
1.28478e-05
1.27176e-05
1.25839e-05
1.24469e-05
1.23069e-05
1.21639e-05
1.20181e-05
1.18698e-05
1.17192e-05
1.15664e-05
1.14117e-05
1.12553e-05
1.10974e-05
1.09382e-05
1.0778e-05
1.06168e-05
1.0455e-05
1.02927e-05
1.01301e-05
1.68636e-05
1.67965e-05
1.6731e-05
1.66667e-05
1.66036e-05
1.65415e-05
1.64802e-05
1.64198e-05
1.63602e-05
1.63013e-05
1.62432e-05
1.61859e-05
1.61296e-05
1.60744e-05
1.60203e-05
1.59674e-05
1.59158e-05
1.58657e-05
1.5817e-05
1.57698e-05
1.57241e-05
1.56797e-05
1.56367e-05
1.5595e-05
1.55544e-05
1.55147e-05
1.54758e-05
1.54374e-05
1.53995e-05
1.53616e-05
1.53237e-05
1.52855e-05
1.52467e-05
1.52071e-05
1.51664e-05
1.51244e-05
1.5081e-05
1.50358e-05
1.49886e-05
1.49393e-05
1.48876e-05
1.48333e-05
1.47763e-05
1.47163e-05
1.46533e-05
1.45869e-05
1.45172e-05
1.4444e-05
1.4367e-05
1.42863e-05
1.42018e-05
1.41133e-05
1.40208e-05
1.39243e-05
1.38237e-05
1.37191e-05
1.36103e-05
1.34976e-05
1.33808e-05
1.32601e-05
1.31356e-05
1.30073e-05
1.28755e-05
1.27401e-05
1.26015e-05
1.24597e-05
1.23149e-05
1.21673e-05
1.20172e-05
1.18646e-05
1.171e-05
1.15533e-05
1.1395e-05
1.12351e-05
1.10739e-05
1.09116e-05
1.07485e-05
1.05846e-05
1.04203e-05
1.02557e-05
1.71747e-05
1.71057e-05
1.70382e-05
1.69723e-05
1.69076e-05
1.68439e-05
1.67812e-05
1.67194e-05
1.66584e-05
1.65983e-05
1.6539e-05
1.64805e-05
1.64231e-05
1.63667e-05
1.63116e-05
1.62577e-05
1.62051e-05
1.6154e-05
1.61044e-05
1.60563e-05
1.60097e-05
1.59645e-05
1.59207e-05
1.58782e-05
1.58368e-05
1.57964e-05
1.57567e-05
1.57177e-05
1.5679e-05
1.56405e-05
1.56019e-05
1.55629e-05
1.55234e-05
1.5483e-05
1.54416e-05
1.53989e-05
1.53546e-05
1.53086e-05
1.52606e-05
1.52103e-05
1.51577e-05
1.51024e-05
1.50443e-05
1.49833e-05
1.49191e-05
1.48515e-05
1.47805e-05
1.47059e-05
1.46276e-05
1.45454e-05
1.44593e-05
1.43692e-05
1.42751e-05
1.41768e-05
1.40744e-05
1.39678e-05
1.38571e-05
1.37423e-05
1.36234e-05
1.35005e-05
1.33737e-05
1.32432e-05
1.31089e-05
1.29711e-05
1.28299e-05
1.26856e-05
1.25382e-05
1.23879e-05
1.2235e-05
1.20797e-05
1.19222e-05
1.17627e-05
1.16015e-05
1.14387e-05
1.12746e-05
1.11093e-05
1.09432e-05
1.07764e-05
1.0609e-05
1.04414e-05
1.76121e-05
1.75405e-05
1.74707e-05
1.74026e-05
1.73357e-05
1.72701e-05
1.72055e-05
1.71419e-05
1.70791e-05
1.70173e-05
1.69563e-05
1.68963e-05
1.68373e-05
1.67794e-05
1.67227e-05
1.66674e-05
1.66135e-05
1.65611e-05
1.65101e-05
1.64608e-05
1.6413e-05
1.63666e-05
1.63217e-05
1.62781e-05
1.62356e-05
1.61941e-05
1.61535e-05
1.61135e-05
1.60738e-05
1.60343e-05
1.59947e-05
1.59547e-05
1.59142e-05
1.58728e-05
1.58303e-05
1.57865e-05
1.57412e-05
1.56939e-05
1.56447e-05
1.55932e-05
1.55392e-05
1.54825e-05
1.5423e-05
1.53604e-05
1.52945e-05
1.52253e-05
1.51525e-05
1.5076e-05
1.49957e-05
1.49114e-05
1.48232e-05
1.47308e-05
1.46342e-05
1.45335e-05
1.44285e-05
1.43192e-05
1.42057e-05
1.4088e-05
1.39661e-05
1.38402e-05
1.37102e-05
1.35763e-05
1.34387e-05
1.32974e-05
1.31527e-05
1.30047e-05
1.28536e-05
1.26995e-05
1.25428e-05
1.23836e-05
1.22221e-05
1.20586e-05
1.18933e-05
1.17264e-05
1.15581e-05
1.13887e-05
1.12184e-05
1.10473e-05
1.08758e-05
1.07039e-05
1.82137e-05
1.81389e-05
1.80662e-05
1.79952e-05
1.79257e-05
1.78575e-05
1.77904e-05
1.77243e-05
1.76592e-05
1.75951e-05
1.75319e-05
1.74697e-05
1.74086e-05
1.73486e-05
1.729e-05
1.72327e-05
1.71769e-05
1.71226e-05
1.707e-05
1.70189e-05
1.69694e-05
1.69215e-05
1.6875e-05
1.68299e-05
1.6786e-05
1.67431e-05
1.6701e-05
1.66596e-05
1.66186e-05
1.65777e-05
1.65368e-05
1.64955e-05
1.64535e-05
1.64107e-05
1.63668e-05
1.63215e-05
1.62746e-05
1.62258e-05
1.61749e-05
1.61216e-05
1.60658e-05
1.60072e-05
1.59456e-05
1.58808e-05
1.58127e-05
1.57411e-05
1.56659e-05
1.55868e-05
1.55037e-05
1.54166e-05
1.53253e-05
1.52298e-05
1.513e-05
1.50258e-05
1.49172e-05
1.48043e-05
1.46869e-05
1.45652e-05
1.44392e-05
1.4309e-05
1.41746e-05
1.40362e-05
1.38939e-05
1.37478e-05
1.35982e-05
1.34452e-05
1.3289e-05
1.31297e-05
1.29677e-05
1.28031e-05
1.26361e-05
1.24671e-05
1.22961e-05
1.21236e-05
1.19496e-05
1.17744e-05
1.15983e-05
1.14214e-05
1.1244e-05
1.10663e-05
1.9035e-05
1.89562e-05
1.88797e-05
1.8805e-05
1.8732e-05
1.86603e-05
1.859e-05
1.85207e-05
1.84525e-05
1.83853e-05
1.83191e-05
1.8254e-05
1.819e-05
1.81273e-05
1.8066e-05
1.80061e-05
1.79477e-05
1.7891e-05
1.78359e-05
1.77825e-05
1.77308e-05
1.76806e-05
1.76321e-05
1.75849e-05
1.7539e-05
1.74942e-05
1.74502e-05
1.74069e-05
1.73641e-05
1.73214e-05
1.72785e-05
1.72354e-05
1.71916e-05
1.71468e-05
1.71009e-05
1.70536e-05
1.70046e-05
1.69535e-05
1.69003e-05
1.68447e-05
1.67863e-05
1.67251e-05
1.66607e-05
1.65931e-05
1.65219e-05
1.64471e-05
1.63684e-05
1.62858e-05
1.6199e-05
1.6108e-05
1.60126e-05
1.59128e-05
1.58085e-05
1.56996e-05
1.55862e-05
1.54681e-05
1.53455e-05
1.52183e-05
1.50866e-05
1.49506e-05
1.48102e-05
1.46655e-05
1.45169e-05
1.43643e-05
1.42079e-05
1.4048e-05
1.38848e-05
1.37184e-05
1.35491e-05
1.33771e-05
1.32027e-05
1.3026e-05
1.28474e-05
1.26671e-05
1.24853e-05
1.23023e-05
1.21183e-05
1.19335e-05
1.17481e-05
1.15624e-05
2.01604e-05
2.00764e-05
1.99948e-05
1.99153e-05
1.98377e-05
1.97615e-05
1.96867e-05
1.96132e-05
1.95408e-05
1.94695e-05
1.93993e-05
1.93302e-05
1.92624e-05
1.91959e-05
1.91309e-05
1.90674e-05
1.90056e-05
1.89454e-05
1.88871e-05
1.88305e-05
1.87757e-05
1.87226e-05
1.86712e-05
1.86212e-05
1.85726e-05
1.85251e-05
1.84785e-05
1.84327e-05
1.83873e-05
1.83421e-05
1.82967e-05
1.8251e-05
1.82046e-05
1.81572e-05
1.81086e-05
1.80585e-05
1.80065e-05
1.79525e-05
1.78961e-05
1.78372e-05
1.77754e-05
1.77105e-05
1.76424e-05
1.75707e-05
1.74954e-05
1.74161e-05
1.73328e-05
1.72453e-05
1.71534e-05
1.7057e-05
1.6956e-05
1.68503e-05
1.67398e-05
1.66245e-05
1.65044e-05
1.63794e-05
1.62495e-05
1.61148e-05
1.59754e-05
1.58313e-05
1.56826e-05
1.55295e-05
1.5372e-05
1.52104e-05
1.50449e-05
1.48756e-05
1.47027e-05
1.45265e-05
1.43472e-05
1.41651e-05
1.39804e-05
1.37933e-05
1.36042e-05
1.34132e-05
1.32207e-05
1.30269e-05
1.2832e-05
1.26363e-05
1.244e-05
1.22434e-05
2.17253e-05
2.16344e-05
2.15462e-05
2.14602e-05
2.13763e-05
2.12941e-05
2.12133e-05
2.11339e-05
2.10558e-05
2.09788e-05
2.09031e-05
2.08286e-05
2.07555e-05
2.06838e-05
2.06137e-05
2.05453e-05
2.04786e-05
2.04138e-05
2.03509e-05
2.02899e-05
2.02308e-05
2.01736e-05
2.01181e-05
2.00643e-05
2.00119e-05
1.99607e-05
1.99105e-05
1.98611e-05
1.98122e-05
1.97634e-05
1.97146e-05
1.96653e-05
1.96153e-05
1.95642e-05
1.95118e-05
1.94578e-05
1.94018e-05
1.93436e-05
1.92829e-05
1.92193e-05
1.91528e-05
1.90829e-05
1.90094e-05
1.89322e-05
1.8851e-05
1.87656e-05
1.86758e-05
1.85815e-05
1.84825e-05
1.83786e-05
1.82697e-05
1.81558e-05
1.80368e-05
1.79126e-05
1.77831e-05
1.76484e-05
1.75085e-05
1.73633e-05
1.72131e-05
1.70578e-05
1.68976e-05
1.67326e-05
1.65629e-05
1.63888e-05
1.62104e-05
1.6028e-05
1.58417e-05
1.56519e-05
1.54587e-05
1.52624e-05
1.50634e-05
1.48618e-05
1.46581e-05
1.44523e-05
1.42449e-05
1.4036e-05
1.3826e-05
1.36152e-05
1.34036e-05
1.31917e-05
2.39624e-05
2.38621e-05
2.37647e-05
2.36698e-05
2.35772e-05
2.34864e-05
2.33973e-05
2.33097e-05
2.32235e-05
2.31386e-05
2.3055e-05
2.29729e-05
2.28922e-05
2.28131e-05
2.27358e-05
2.26602e-05
2.25867e-05
2.25152e-05
2.24458e-05
2.23785e-05
2.23133e-05
2.22502e-05
2.2189e-05
2.21296e-05
2.20718e-05
2.20154e-05
2.196e-05
2.19055e-05
2.18515e-05
2.17977e-05
2.17439e-05
2.16895e-05
2.16343e-05
2.1578e-05
2.15202e-05
2.14606e-05
2.13989e-05
2.13347e-05
2.12677e-05
2.11976e-05
2.11241e-05
2.1047e-05
2.0966e-05
2.08809e-05
2.07913e-05
2.06971e-05
2.05981e-05
2.0494e-05
2.03848e-05
2.02702e-05
2.01501e-05
2.00245e-05
1.98932e-05
1.97562e-05
1.96134e-05
1.94648e-05
1.93104e-05
1.91503e-05
1.89846e-05
1.88133e-05
1.86366e-05
1.84546e-05
1.82675e-05
1.80754e-05
1.78786e-05
1.76774e-05
1.7472e-05
1.72626e-05
1.70495e-05
1.6833e-05
1.66135e-05
1.63912e-05
1.61664e-05
1.59395e-05
1.57107e-05
1.54803e-05
1.52487e-05
1.50161e-05
1.47828e-05
1.45491e-05
2.73078e-05
2.71937e-05
2.70831e-05
2.69752e-05
2.68698e-05
2.67666e-05
2.66652e-05
2.65655e-05
2.64673e-05
2.63707e-05
2.62755e-05
2.61819e-05
2.609e-05
2.6e-05
2.59118e-05
2.58258e-05
2.5742e-05
2.56605e-05
2.55814e-05
2.55047e-05
2.54304e-05
2.53585e-05
2.52887e-05
2.5221e-05
2.51551e-05
2.50908e-05
2.50277e-05
2.49656e-05
2.4904e-05
2.48428e-05
2.47813e-05
2.47194e-05
2.46565e-05
2.45923e-05
2.45264e-05
2.44585e-05
2.43881e-05
2.43149e-05
2.42385e-05
2.41587e-05
2.40749e-05
2.39871e-05
2.38947e-05
2.37977e-05
2.36956e-05
2.35882e-05
2.34753e-05
2.33567e-05
2.32322e-05
2.31016e-05
2.29648e-05
2.28216e-05
2.26719e-05
2.25157e-05
2.23529e-05
2.21836e-05
2.20077e-05
2.18252e-05
2.16363e-05
2.14411e-05
2.12397e-05
2.10322e-05
2.08189e-05
2.06e-05
2.03758e-05
2.01464e-05
1.99122e-05
1.96736e-05
1.94307e-05
1.9184e-05
1.89338e-05
1.86804e-05
1.84242e-05
1.81656e-05
1.79048e-05
1.76423e-05
1.73783e-05
1.71132e-05
1.68473e-05
1.65809e-05
3.26813e-05
3.2546e-05
3.24146e-05
3.22865e-05
3.21611e-05
3.20381e-05
3.19173e-05
3.17984e-05
3.16813e-05
3.15659e-05
3.14522e-05
3.13404e-05
3.12306e-05
3.11229e-05
3.10175e-05
3.09146e-05
3.08143e-05
3.07168e-05
3.06222e-05
3.05304e-05
3.04415e-05
3.03554e-05
3.02719e-05
3.01909e-05
3.0112e-05
3.0035e-05
2.99595e-05
2.98851e-05
2.98114e-05
2.97381e-05
2.96645e-05
2.95903e-05
2.95151e-05
2.94382e-05
2.93594e-05
2.9278e-05
2.91938e-05
2.91061e-05
2.90147e-05
2.89191e-05
2.88188e-05
2.87136e-05
2.86031e-05
2.84869e-05
2.83646e-05
2.82361e-05
2.8101e-05
2.7959e-05
2.78099e-05
2.76536e-05
2.74897e-05
2.73183e-05
2.71391e-05
2.69521e-05
2.67572e-05
2.65545e-05
2.63439e-05
2.61254e-05
2.58993e-05
2.56655e-05
2.54244e-05
2.5176e-05
2.49207e-05
2.46586e-05
2.43901e-05
2.41155e-05
2.38351e-05
2.35494e-05
2.32587e-05
2.29633e-05
2.26638e-05
2.23604e-05
2.20537e-05
2.17441e-05
2.14319e-05
2.11176e-05
2.08016e-05
2.04842e-05
2.01659e-05
1.98469e-05
4.24231e-05
4.22508e-05
4.20828e-05
4.19187e-05
4.17579e-05
4.15999e-05
4.14443e-05
4.1291e-05
4.11399e-05
4.09908e-05
4.08439e-05
4.06992e-05
4.0557e-05
4.04174e-05
4.02808e-05
4.01474e-05
4.00174e-05
3.98909e-05
3.97681e-05
3.96491e-05
3.95337e-05
3.9422e-05
3.93136e-05
3.92084e-05
3.9106e-05
3.90059e-05
3.89079e-05
3.88113e-05
3.87157e-05
3.86204e-05
3.85249e-05
3.84285e-05
3.83308e-05
3.8231e-05
3.81286e-05
3.80229e-05
3.79135e-05
3.77997e-05
3.7681e-05
3.75568e-05
3.74266e-05
3.729e-05
3.71464e-05
3.69955e-05
3.68367e-05
3.66698e-05
3.64942e-05
3.63098e-05
3.61162e-05
3.59132e-05
3.57004e-05
3.54777e-05
3.5245e-05
3.50021e-05
3.4749e-05
3.44856e-05
3.4212e-05
3.39283e-05
3.36346e-05
3.3331e-05
3.30177e-05
3.26951e-05
3.23634e-05
3.2023e-05
3.16742e-05
3.13175e-05
3.09533e-05
3.05822e-05
3.02045e-05
2.98208e-05
2.94316e-05
2.90375e-05
2.86391e-05
2.82367e-05
2.78311e-05
2.74227e-05
2.70119e-05
2.65994e-05
2.61856e-05
2.57709e-05
)
;

boundaryField
{
    aerofoil
    {
        type            nutkWallFunction;
        Cmu             0.09;
        kappa           0.41;
        E               9.8;
        value           uniform 0;
    }
    inlet
    {
        type            fixedValue;
        value           uniform 0;
    }
    outlet
    {
        type            zeroGradient;
    }
    back
    {
        type            empty;
    }
    front
    {
        type            empty;
    }
}


// ************************************************************************* //
