/*--------------------------------*- C++ -*----------------------------------*\
  =========                 |
  \\      /  F ield         | OpenFOAM: The Open Source CFD Toolbox
   \\    /   O peration     | Website:  https://openfoam.org
    \\  /    A nd           | Version:  12
     \\/     M anipulation  |
\*---------------------------------------------------------------------------*/
FoamFile
{
    format      ascii;
    class       volVectorField;
    location    "500";
    object      U;
}
// * * * * * * * * * * * * * * * * * * * * * * * * * * * * * * * * * * * * * //

dimensions      [0 1 -1 0 0 0 0];

internalField   nonuniform List<vector> 
10720
(
(2.44036 28.4145 -4.71483e-17)
(4.2099 31.987 4.16252e-17)
(6.6109 35.5495 0)
(9.53119 38.5985 -9.70373e-17)
(12.9075 41.1816 1.17243e-16)
(16.659 43.1994 1.72085e-16)
(20.5848 44.4967 3.49213e-16)
(24.5444 45.0875 0)
(28.4133 45.0266 0)
(32.0614 44.3528 0)
(35.4207 43.1654 1.46346e-16)
(38.4473 41.577 0)
(41.0905 39.6351 2.68849e-15)
(43.3422 37.4583 0)
(45.0488 34.968 0)
(46.1403 32.195 0)
(46.5051 29.1145 -4.88224e-15)
(45.997 25.7425 -7.52433e-15)
(44.3292 22.0534 6.89347e-15)
(41.0711 18.0703 0)
(35.4464 13.7715 6.37297e-15)
(26.5102 9.16894 -1.48248e-14)
(13.8246 4.31694 1.11794e-14)
(-0.968672 -0.134506 -7.14829e-16)
(-5.53819 -0.797584 0)
(-7.66981 -0.402385 1.19816e-14)
(-9.42952 -0.0808431 1.45681e-16)
(-9.14991 -0.00137172 -3.50658e-15)
(-8.54002 0.129802 -1.08199e-14)
(-6.5565 0.146529 -3.52904e-14)
(-4.32254 0.0926514 1.48552e-14)
(-2.16902 -0.00277361 2.5909e-14)
(-0.633969 -0.0826584 2.17291e-14)
(0.629338 -0.184985 7.26915e-14)
(0.647918 -0.0411372 -2.93944e-14)
(-2.30118 0.635159 -1.92572e-16)
(-6.16075 1.39779 9.84602e-17)
(-6.36552 0.847617 2.94464e-14)
(-7.3359 0.750584 -9.35011e-15)
(1.20609 24.7272 -4.04562e-17)
(0.422755 20.6726 -1.13993e-16)
(0.236228 16.1503 3.24774e-16)
(0.770537 11.1696 -9.06894e-16)
(2.10418 6.42754 -3.38362e-15)
(3.99707 2.20957 5.13789e-15)
(6.42431 -1.85419 9.82202e-15)
(9.52448 -5.59245 1.8819e-15)
(13.0036 -8.55536 0)
(16.5046 -10.5984 0)
(19.7657 -11.7977 1.56347e-15)
(22.6657 -12.3451 5.83322e-16)
(25.1787 -12.4283 -1.01475e-15)
(27.315 -12.201 8.36195e-16)
(29.1235 -11.798 1.39149e-15)
(30.6756 -11.3023 8.93632e-16)
(32.0295 -10.7694 1.07326e-15)
(33.237 -10.227 6.83421e-16)
(34.3471 -9.69169 0)
(35.3923 -9.15567 0)
(36.3988 -8.61228 -6.935e-16)
(37.3802 -8.03856 -1.78462e-17)
(38.3345 -7.40577 1.58753e-16)
(39.2022 -6.66782 1.17655e-16)
(39.8629 -5.82242 4.78697e-17)
(40.2782 -4.92854 0)
(40.5072 -4.03674 -2.9709e-16)
(40.494 -3.15452 0)
(40.2077 -2.28577 0)
(39.6456 -1.43731 -3.76538e-16)
(38.8205 -0.619637 0)
(37.7543 0.155006 1.61154e-15)
(36.4721 0.874648 2.99494e-15)
(35.0041 1.52894 1.44994e-14)
(33.3725 2.11121 -5.26423e-15)
(31.6016 2.62299 2.01178e-17)
(29.6174 3.05863 0)
(27.2316 3.37363 -3.91471e-15)
(22.1792 3.5968 1.94956e-15)
(9.90537 24.7506 -5.29334e-17)
(11.8765 27.4532 4.53711e-17)
(14.4115 30.0537 0)
(17.4562 32.385 0)
(20.8782 34.3279 -3.24667e-17)
(24.6777 35.7912 -1.64257e-16)
(28.7109 36.6848 0)
(32.8087 37.001 0)
(36.882 36.7347 5.72778e-16)
(40.803 35.9346 0)
(44.4855 34.6666 2.54e-15)
(47.8765 32.9902 0)
(50.9411 30.9766 1.00384e-15)
(53.6343 28.6691 -9.89761e-16)
(56.0308 26.2577 2.07212e-15)
(58.1518 23.8022 -4.21964e-15)
(59.9401 21.3823 4.54117e-15)
(61.3389 19.0778 4.08368e-15)
(62.2652 16.964 3.90892e-15)
(62.5187 15.1605 2.25165e-16)
(61.6369 13.7507 -3.71589e-15)
(58.5326 12.5838 3.38589e-15)
(51.1553 10.8492 -2.028e-16)
(38.2027 7.58048 0)
(23.6244 3.85939 0)
(9.74398 0.871727 0)
(0.701621 -0.0120809 9.69972e-16)
(0.96783 -0.237816 -1.95612e-16)
(-0.0360847 -0.341788 7.95892e-15)
(0.701468 -0.45326 -6.24286e-20)
(2.15257 -0.586482 2.67171e-18)
(3.49565 -0.675922 -6.19937e-17)
(4.18221 -0.705559 6.95533e-15)
(4.49229 -0.703654 -1.07662e-14)
(3.51612 -0.407191 -6.44997e-17)
(0.245899 0.30088 -1.51173e-14)
(-3.48553 1.00499 0)
(-1.69641 0.279947 -5.51469e-15)
(-3.78697 -0.136123 -3.75588e-15)
(8.37831 21.9519 7.66672e-17)
(7.18332 18.918 -2.09751e-16)
(6.4088 15.4039 -2.19787e-15)
(6.17193 11.5352 2.92501e-15)
(6.71623 7.59309 0)
(7.95832 3.78474 -4.94103e-15)
(9.79206 0.124161 -1.79301e-15)
(12.2045 -3.06844 -8.14486e-15)
(15.0291 -5.52596 2.21977e-15)
(18.0244 -7.21991 -1.64416e-15)
(20.9725 -8.23103 2.16398e-15)
(23.7209 -8.70318 -6.21477e-16)
(26.2033 -8.78158 0)
(28.3961 -8.58916 -3.832e-16)
(30.3079 -8.25161 1.10707e-16)
(31.984 -7.83421 -7.87826e-16)
(33.4674 -7.38744 0)
(34.8031 -6.93196 0)
(36.0334 -6.48212 -7.17502e-17)
(37.1969 -6.0193 6.98835e-17)
(38.3178 -5.53042 -6.90585e-16)
(39.4147 -4.97872 -5.82334e-17)
(40.4885 -4.32286 2.11022e-17)
(41.5001 -3.4901 8.58093e-19)
(42.3609 -2.49302 2.60534e-16)
(43.0357 -1.44469 3.25093e-16)
(43.539 -0.393577 0)
(43.9677 0.625513 0)
(44.3584 1.60145 0)
(44.6985 2.51467 1.58307e-17)
(44.9724 3.35322 0)
(45.1591 4.11068 0)
(45.2328 4.78497 -4.50982e-15)
(45.164 5.37518 -4.1745e-15)
(44.9189 5.88691 3.66401e-15)
(44.4652 6.32867 -2.94426e-15)
(43.6884 6.71404 4.32122e-15)
(42.5527 6.93733 2.05437e-15)
(39.8228 7.65525 -1.52614e-15)
(13.1415 22.8943 -1.43293e-17)
(14.533 25.2502 -1.8916e-16)
(16.3177 27.624 1.33589e-16)
(18.4594 29.8906 7.17045e-17)
(20.92 31.8926 1.7946e-19)
(23.6997 33.5968 1.64448e-16)
(26.7079 34.9255 -1.57051e-16)
(29.8494 35.8117 -3.24533e-16)
(33.0444 36.2421 2.85831e-17)
(36.2052 36.2173 -5.61233e-16)
(39.2501 35.7555 5.86752e-16)
(42.1203 34.8917 -1.63434e-15)
(44.7615 33.671 -8.19512e-16)
(47.1323 32.1329 0)
(49.1945 30.3128 -2.08745e-15)
(50.9069 28.2654 4.33445e-15)
(52.3393 25.9739 0)
(53.5204 23.4973 -8.28061e-15)
(54.5204 20.9219 -4.08112e-15)
(55.4499 18.4322 4.57384e-16)
(56.5836 16.294 -4.30351e-16)
(58.1833 14.861 -1.78418e-16)
(59.5006 13.9111 -2.37448e-15)
(57.7704 12.0793 1.28543e-15)
(50.9469 8.90425 0)
(39.9225 5.25658 1.80133e-15)
(27.3638 2.13384 -2.89879e-16)
(17.7841 0.0240438 0)
(12.1353 -0.797845 4.83e-15)
(10.2668 -1.12035 7.12811e-15)
(9.81255 -1.29498 -9.59205e-15)
(9.50144 -1.32279 -6.42363e-15)
(8.98464 -1.26583 -8.94809e-17)
(8.1973 -1.12051 -6.8198e-15)
(6.3238 -0.663606 -5.25975e-15)
(2.92102 0.0390823 8.88224e-15)
(-0.809876 0.534155 0)
(1.11803 -0.277638 -3.35117e-15)
(-1.52565 -0.920616 4.77991e-15)
(12.0932 20.471 -7.14903e-17)
(11.2553 17.8938 -1.94886e-16)
(10.7245 14.9106 8.9373e-16)
(10.497 11.6555 0)
(10.7789 8.32761 1.47747e-15)
(11.5742 5.02145 0)
(12.9122 1.81855 4.97045e-15)
(14.7225 -1.0678 2.07195e-15)
(16.8731 -3.47528 1.73809e-15)
(19.214 -5.36814 0)
(21.5937 -6.75743 -2.41591e-15)
(23.8904 -7.69342 -4.9037e-16)
(26.0354 -8.25436 2.23933e-15)
(27.9917 -8.52507 0)
(29.7486 -8.58786 -9.64924e-16)
(31.3245 -8.50298 -2.89099e-16)
(32.7463 -8.31832 1.12788e-15)
(34.0453 -8.06342 5.60171e-16)
(35.2542 -7.75712 1.36388e-16)
(36.4036 -7.39779 -8.11489e-17)
(37.5149 -6.98081 6.32794e-16)
(38.6014 -6.48615 0)
(39.6618 -5.88687 0)
(40.6609 -5.14693 4.87648e-17)
(41.524 -4.29315 0)
(42.2121 -3.40974 -6.03007e-16)
(42.7444 -2.5305 1.10702e-17)
(43.1437 -1.6609 1.1755e-16)
(43.4194 -0.805147 0)
(43.5876 0.0388185 2.96349e-16)
(43.6675 0.87015 -5.74292e-16)
(43.6793 1.68221 0)
(43.6419 2.47161 2.20469e-15)
(43.5708 3.23623 0)
(43.468 3.97706 0)
(43.3442 4.70493 8.63015e-17)
(43.0855 5.4196 -1.64979e-16)
(42.9245 6.15257 -1.90433e-15)
(41.3131 7.09587 2.71364e-15)
(16.5279 21.1247 -5.47307e-17)
(17.7928 23.1303 -7.69744e-17)
(19.398 25.1625 1.10896e-16)
(21.3238 27.0994 8.1799e-17)
(23.5375 28.8116 0)
(26.0515 30.2784 0)
(28.7993 31.4205 -2.91463e-16)
(31.7078 32.1737 4.87011e-16)
(34.7138 32.5176 0)
(37.7399 32.4379 -8.74956e-16)
(40.7107 31.9402 -1.2628e-15)
(43.5648 31.0454 -1.23896e-15)
(46.244 29.7846 1.58502e-15)
(48.7 28.1908 1.527e-15)
(50.8837 26.3097 0)
(52.7671 24.1897 2.56664e-15)
(54.2847 21.9242 9.02187e-16)
(55.3599 19.6318 7.34436e-15)
(55.9489 17.4138 4.37157e-16)
(56.0644 15.3907 -4.25908e-16)
(55.8472 13.7354 3.46667e-15)
(55.8011 12.6892 -5.32393e-16)
(56.989 12.3204 2.67159e-15)
(59.2286 11.711 1.1228e-15)
(59.9431 10.1058 -7.37879e-17)
(57.0445 7.57514 -1.17114e-15)
(50.3457 4.50028 1.02577e-17)
(41.7359 1.56104 -1.19972e-17)
(33.2958 -0.494087 -3.06707e-15)
(26.4683 -1.63812 -7.80621e-17)
(21.5845 -2.07826 4.43175e-15)
(18.0515 -2.06799 -6.27154e-15)
(15.2972 -1.88152 -4.13833e-15)
(12.7611 -1.55707 -3.72343e-17)
(9.6802 -0.925002 4.2026e-15)
(5.83701 -0.196215 0)
(1.96043 0.0758714 5.58033e-15)
(3.37914 -0.739265 2.58463e-15)
(0.368579 -1.49223 -1.99833e-15)
(15.5495 19.0677 -8.07533e-17)
(14.7538 16.8945 2.94833e-16)
(14.2077 14.3658 1.06832e-15)
(13.9129 11.592 0)
(14.031 8.73823 -1.15345e-15)
(14.5641 5.84849 0)
(15.5335 3.00118 -3.58758e-15)
(16.8986 0.3878 -8.512e-17)
(18.5758 -1.85495 1.38639e-15)
(20.4692 -3.68292 1.1467e-15)
(22.4651 -5.07949 1.69072e-17)
(24.4611 -6.06388 1.92198e-15)
(26.3897 -6.69132 -1.13185e-15)
(28.2058 -7.028 3.71116e-16)
(29.885 -7.14038 1.20718e-15)
(31.426 -7.08839 1.27651e-15)
(32.8408 -6.92002 -1.08714e-15)
(34.1474 -6.67005 2.61844e-17)
(35.3685 -6.36157 0)
(36.5276 -6.00044 9.57241e-16)
(37.6424 -5.58389 3.79405e-17)
(38.7237 -5.09549 -5.37868e-16)
(39.7699 -4.51035 0)
(40.753 -3.79332 5.03903e-17)
(41.6128 -2.9514 0)
(42.3105 -2.04764 2.57083e-16)
(42.857 -1.11764 0)
(43.2717 -0.178232 -1.12153e-16)
(43.565 0.755573 5.63207e-18)
(43.7418 1.66232 -3.88252e-18)
(43.8081 2.51332 5.27918e-16)
(43.7744 3.29681 1.63106e-17)
(43.6515 4.00919 0)
(43.4509 4.65049 -1.78078e-15)
(43.1757 5.22815 -2.68905e-17)
(42.8459 5.75254 2.69642e-15)
(42.368 6.24844 -7.70944e-15)
(41.9476 6.64938 -1.0607e-17)
(40.4446 7.38734 0)
(19.0826 19.7762 -6.93995e-17)
(20.1517 21.5447 -5.58611e-17)
(21.5101 23.3604 1.86607e-16)
(23.1282 25.1158 -5.52681e-16)
(24.9766 26.6964 1.04876e-16)
(27.0833 28.1026 5.16698e-17)
(29.394 29.264 9.54519e-17)
(31.8531 30.1222 0)
(34.4195 30.657 8.4807e-16)
(37.0294 30.8462 4.98548e-16)
(39.623 30.6829 0)
(42.147 30.1744 1.17856e-15)
(44.5458 29.3381 -6.65374e-16)
(46.7689 28.1984 1.85501e-15)
(48.77 26.7898 0)
(50.5049 25.1585 -3.35168e-15)
(51.9396 23.349 3.26707e-15)
(53.0759 21.362 -2.03687e-16)
(53.8939 19.2465 0)
(54.3738 17.1048 3.4427e-15)
(54.5311 15.0779 -3.34089e-15)
(54.4714 13.3389 -1.66351e-16)
(54.7069 12.0316 -2.41866e-15)
(56.0594 10.8816 -2.19295e-15)
(58.2413 9.52025 0)
(59.7339 7.7061 0)
(58.9898 5.29081 -2.66807e-16)
(55.5335 2.54449 -3.27731e-17)
(50.0494 0.156913 2.16715e-15)
(43.6023 -1.55056 -5.79548e-17)
(36.913 -2.48858 5.96414e-17)
(30.3522 -2.72485 5.45496e-15)
(24.2957 -2.52449 0)
(18.9795 -2.03489 1.10894e-14)
(14.025 -1.24037 -3.41672e-17)
(9.30204 -0.479138 0)
(5.09031 -0.402535 2.96345e-18)
(5.60506 -1.15748 0)
(2.23559 -1.89538 1.78346e-15)
(18.2431 17.9706 1.02676e-16)
(17.5513 16.0813 -5.44198e-16)
(17.0462 13.8805 5.62264e-16)
(16.7289 11.4659 7.72365e-16)
(16.7389 8.97314 -3.23827e-15)
(17.0884 6.41897 -3.09555e-15)
(17.801 3.87727 2.74927e-15)
(18.8483 1.51011 -2.50475e-15)
(20.1714 -0.572413 -1.07346e-15)
(21.7038 -2.33436 -9.30064e-16)
(23.3594 -3.7541 1.78139e-15)
(25.0566 -4.83451 -1.64026e-15)
(26.7387 -5.61058 -6.88014e-16)
(28.3632 -6.12805 6.75369e-16)
(29.9013 -6.43193 -1.37238e-15)
(31.3422 -6.56877 2.68822e-16)
(32.6876 -6.57649 0)
(33.9464 -6.48418 -8.43321e-16)
(35.1334 -6.31126 2.85775e-16)
(36.2655 -6.06562 -1.02037e-15)
(37.357 -5.74553 0)
(38.4159 -5.33928 4.68735e-16)
(39.4396 -4.82817 2.9887e-16)
(40.4035 -4.19081 -7.81781e-17)
(41.2568 -3.43691 0)
(41.9619 -2.62014 1.58913e-16)
(42.522 -1.78096 0)
(42.953 -0.93882 0)
(43.2635 -0.10796 0)
(43.458 0.696982 -2.28615e-16)
(43.5458 1.47594 0)
(43.5375 2.22538 0)
(43.4419 2.94158 1.8067e-15)
(43.266 3.62147 1.72744e-15)
(43.0076 4.26625 0)
(42.6761 4.88208 2.43052e-15)
(42.1767 5.48011 1.5114e-16)
(41.6445 6.02844 0)
(40.0545 6.72621 -1.44958e-15)
(21.2821 18.6194 9.27353e-17)
(22.2387 20.1852 -6.56385e-17)
(23.4514 21.8025 0)
(24.8895 23.3711 2.14367e-17)
(26.5234 24.788 2.59835e-16)
(28.3904 26.0632 -4.784e-17)
(30.4441 27.1313 5.63927e-17)
(32.6409 27.9401 -3.00491e-16)
(34.9536 28.4676 -8.75923e-17)
(37.3309 28.6881 9.02794e-16)
(39.7231 28.5875 -3.37778e-16)
(42.0851 28.1637 8.69167e-16)
(44.365 27.4227 4.47261e-16)
(46.5145 26.3787 3.12838e-16)
(48.4876 25.0554 0)
(50.2387 23.4864 -7.21589e-16)
(51.7342 21.7071 -1.64167e-15)
(52.9195 19.8041 -6.05653e-15)
(53.7542 17.8758 1.77643e-15)
(54.2326 16.0209 -2.20949e-15)
(54.3982 14.3475 -3.36948e-16)
(54.3642 12.9291 0)
(54.3317 11.7309 2.19913e-15)
(54.6489 10.4654 1.38014e-16)
(55.5956 8.95992 -6.85425e-17)
(57.0303 7.22082 -9.48005e-16)
(58.2044 5.1493 2.28364e-16)
(58.0885 2.76495 4.85613e-16)
(56.2204 0.51756 -1.88184e-15)
(52.7783 -1.27461 -9.66208e-17)
(47.9726 -2.45442 2.99422e-15)
(41.9274 -2.98713 4.4511e-15)
(34.9384 -2.98028 0)
(27.354 -2.50201 2.53299e-17)
(19.9587 -1.62874 -3.78796e-15)
(13.7417 -0.850464 0)
(8.88751 -0.939994 -1.01587e-14)
(8.1872 -1.58612 0)
(4.32556 -2.21045 -1.85388e-15)
(20.5219 17.0237 -9.72637e-17)
(19.8898 15.3648 2.15012e-16)
(19.4073 13.4264 0)
(19.0752 11.2963 0)
(19.012 9.09048 1.27445e-15)
(19.2335 6.80937 4.6987e-15)
(19.761 4.52163 0)
(20.5734 2.3683 -1.9012e-15)
(21.6288 0.442765 -1.77084e-15)
(22.8807 -1.22492 1.72045e-15)
(24.2638 -2.61103 -5.55247e-17)
(25.7134 -3.70751 7.24104e-16)
(27.1844 -4.53562 5.92358e-17)
(28.6397 -5.12652 1.76814e-15)
(30.0502 -5.51056 1.51376e-15)
(31.4005 -5.72326 -1.37524e-15)
(32.6854 -5.79575 1.81677e-16)
(33.9057 -5.75436 -3.31289e-16)
(35.0688 -5.61855 1.49881e-16)
(36.1848 -5.39912 7.98928e-16)
(37.2631 -5.09813 9.7529e-17)
(38.3085 -4.70884 -5.13586e-17)
(39.3169 -4.21717 -2.41519e-16)
(40.2667 -3.60639 0)
(41.1151 -2.88154 -3.87035e-18)
(41.8268 -2.08467 -2.55726e-16)
(42.3993 -1.2529 4.18175e-18)
(42.8444 -0.404528 -4.19429e-18)
(43.1696 0.4472 0)
(43.3794 1.2891 2.16311e-16)
(43.4804 2.10221 0)
(43.4822 2.86964 0)
(43.3937 3.58379 -1.68687e-15)
(43.2231 4.2414 -1.5469e-15)
(42.969 4.84517 0)
(42.6407 5.39774 -2.29787e-15)
(42.148 5.92073 6.4735e-15)
(41.6088 6.32565 -1.73296e-17)
(40.0652 6.88149 1.30149e-15)
(23.135 17.6383 1.13675e-17)
(23.993 19.0412 -5.68993e-17)
(25.0785 20.4997 1.38968e-16)
(26.3589 21.9192 -1.33825e-16)
(27.8023 23.2077 -1.46892e-16)
(29.4514 24.3832 0)
(31.2642 25.3882 -4.02277e-17)
(33.2044 26.1766 -3.18169e-17)
(35.2557 26.7305 -2.4231e-16)
(37.3749 27.0251 -5.26754e-16)
(39.523 27.0442 0)
(41.6631 26.7819 -1.55346e-15)
(43.7492 26.2382 -1.43864e-15)
(45.7372 25.4211 -3.64371e-15)
(47.5834 24.348 0)
(49.2441 23.0457 -2.39692e-15)
(50.6777 21.5554 -2.58814e-15)
(51.8546 19.9133 2.84649e-15)
(52.754 18.1635 -2.77852e-15)
(53.3666 16.383 2.54483e-15)
(53.7203 14.6755 3.06862e-16)
(53.9034 13.1463 -2.57163e-15)
(54.0674 11.8164 0)
(54.3092 10.4503 -2.20023e-15)
(54.622 8.8275 1.28763e-16)
(55.0446 6.97606 1.04746e-15)
(55.5939 4.9395 0)
(55.8934 2.74817 -4.42735e-17)
(55.4777 0.690102 8.1168e-17)
(54.1717 -1.01298 3.04971e-15)
(51.8944 -2.22822 -2.63209e-15)
(48.3731 -2.8995 -4.05751e-15)
(43.158 -3.08746 2.99892e-15)
(36.0497 -2.78952 -5.2297e-18)
(27.5207 -2.02793 3.48773e-15)
(19.6166 -1.32235 5.85287e-15)
(13.671 -1.55508 5.18136e-15)
(11.4379 -2.05705 -3.99574e-17)
(6.79727 -2.49251 1.15005e-17)
(22.445 16.2107 3.84018e-17)
(21.8657 14.735 3.76327e-16)
(21.4057 13.0069 4.40303e-16)
(21.0677 11.1049 -9.27897e-16)
(20.9539 9.13154 -3.06699e-15)
(21.0826 7.07668 7.89966e-16)
(21.4736 5.00418 1.6357e-15)
(22.1108 3.03848 3.98239e-15)
(22.9621 1.25993 1.53008e-15)
(23.9934 -0.308213 -1.42316e-15)
(25.1538 -1.64359 -1.38916e-17)
(26.3916 -2.73459 -6.27195e-16)
(27.6717 -3.59581 0)
(28.9637 -4.24909 -1.73064e-17)
(30.2409 -4.71469 -9.47338e-16)
(31.4873 -5.01887 3.9434e-16)
(32.6937 -5.18547 -3.88777e-16)
(33.8559 -5.23543 0)
(34.9756 -5.18475 5.27277e-16)
(36.0579 -5.04328 -8.39951e-16)
(37.1078 -4.81321 0)
(38.1275 -4.4897 5.06909e-16)
(39.1118 -4.0619 0)
(40.0414 -3.51852 -6.61818e-18)
(40.8795 -2.86509 6.62247e-18)
(41.5929 -2.13616 9.95586e-17)
(42.1745 -1.36689 6.94923e-19)
(42.6324 -0.577594 3.49128e-18)
(42.9726 0.216666 -2.71325e-18)
(43.1987 0.999335 1.82098e-16)
(43.3171 1.75713 3.84445e-16)
(43.3371 2.48422 -7.4912e-16)
(43.2669 3.1757 -2.42602e-17)
(43.1136 3.82779 5.55877e-17)
(42.8757 4.44107 0)
(42.5616 5.01742 -2.77874e-17)
(42.0856 5.57192 -2.93605e-15)
(41.556 6.03198 -1.5974e-17)
(40.124 6.58962 1.32926e-15)
(24.7347 16.782 1.4846e-17)
(25.5172 18.0478 8.93715e-17)
(26.5049 19.3689 0)
(27.6644 20.6563 -2.61001e-17)
(28.9624 21.8263 -1.67226e-16)
(30.4439 22.9022 0)
(32.0707 23.8316 -1.12258e-17)
(33.8118 24.5738 3.78001e-16)
(35.658 25.1139 -7.68188e-16)
(37.5742 25.4278 2.38165e-16)
(39.5286 25.4986 4.56014e-16)
(41.4923 25.3172 1.92588e-15)
(43.4261 24.8784 1.46985e-15)
(45.291 24.1837 1.86302e-15)
(47.0469 23.2431 5.17431e-16)
(48.652 22.0756 1.75848e-15)
(50.0671 20.7099 2.46692e-15)
(51.2579 19.1877 2.4231e-15)
(52.1901 17.5766 -1.7729e-15)
(52.852 15.9521 -5.36384e-15)
(53.27 14.3956 0)
(53.5236 12.9719 7.46021e-17)
(53.7549 11.686 2.00338e-15)
(54.0609 10.3638 2.11811e-15)
(54.337 8.7958 -1.20761e-16)
(54.4195 6.9629 -9.5454e-16)
(54.3011 4.94148 7.29593e-18)
(53.974 2.82309 -5.31955e-16)
(53.3446 0.858298 5.64167e-17)
(52.3961 -0.761348 -6.04069e-15)
(51.1811 -1.93351 -1.41101e-17)
(49.6141 -2.63712 -6.89617e-17)
(47.0142 -2.93551 -2.90171e-15)
(42.3094 -2.81897 -4.12917e-19)
(35.0097 -2.30231 -3.11665e-15)
(26.659 -1.8245 -1.08102e-14)
(19.5897 -2.22016 4.97364e-15)
(15.4651 -2.55914 2.16525e-15)
(9.73854 -2.76728 -1.74598e-15)
(24.0989 15.4954 -1.4369e-16)
(23.5613 14.1708 -4.96283e-16)
(23.1206 12.6168 -3.25198e-16)
(22.7809 10.9027 -8.08707e-16)
(22.6324 9.12163 1.64874e-15)
(22.6929 7.25732 -9.67735e-17)
(22.9812 5.36872 -4.10662e-15)
(23.4849 3.56703 -1.34376e-15)
(24.1779 1.92304 4.54731e-17)
(25.0346 0.454397 0)
(26.0141 -0.818104 -1.1932e-15)
(27.0743 -1.88163 1.08586e-15)
(28.1885 -2.74697 -1.01642e-15)
(29.3326 -3.42964 -5.05808e-16)
(30.4838 -3.94239 4.02929e-16)
(31.6276 -4.30393 4.02556e-16)
(32.7534 -4.53121 1.35915e-15)
(33.8539 -4.63977 -3.15155e-16)
(34.927 -4.64233 -4.92708e-16)
(35.9734 -4.54765 0)
(36.9943 -4.35851 -6.61682e-16)
(37.989 -4.07216 -4.23068e-16)
(38.951 -3.6808 -1.79082e-17)
(39.8624 -3.17679 -3.36293e-17)
(40.6906 -2.56493 -7.82653e-19)
(41.4047 -1.87265 -3.01663e-17)
(41.9943 -1.13185 5.5643e-18)
(42.4636 -0.362953 -5.69062e-17)
(42.8171 0.418897 -1.91067e-17)
(43.0577 1.19836 -1.67494e-16)
(43.1905 1.96131 -2.25886e-17)
(43.2237 2.69253 1.45524e-15)
(43.165 3.38303 1.31196e-15)
(43.0213 4.02751 1.32046e-15)
(42.7915 4.626 3.52325e-17)
(42.483 5.17731 -1.61431e-17)
(42.0158 5.69862 2.53598e-15)
(41.4863 6.09526 8.53565e-16)
(40.1523 6.55325 -1.22919e-15)
(26.1257 16.0269 -4.6574e-17)
(26.8455 17.1764 -3.96414e-17)
(27.7515 18.3797 -2.11311e-16)
(28.8097 19.5537 7.29064e-16)
(29.9863 20.6207 -2.69671e-16)
(31.3262 21.6083 1.30309e-16)
(32.7944 22.4691 -3.14039e-17)
(34.3634 23.1669 0)
(36.0289 23.6909 2.28902e-16)
(37.7611 24.0187 3.28785e-17)
(39.5346 24.1346 -3.79603e-16)
(41.3272 24.0287 -1.76888e-15)
(43.1055 23.6938 -7.86324e-16)
(44.8357 23.1279 0)
(46.4822 22.3366 0)
(48.0065 21.3332 0)
(49.3705 20.1417 0)
(50.5418 18.7979 -2.3401e-15)
(51.4944 17.3416 2.31114e-15)
(52.2156 15.8313 2.24079e-15)
(52.722 14.3379 -1.78877e-15)
(53.0708 12.9243 1.53367e-15)
(53.3657 11.6068 -1.57426e-15)
(53.7009 10.2728 -1.14329e-16)
(54.0212 8.75333 -5.69796e-17)
(54.1378 6.99605 9.77843e-16)
(53.906 5.04839 2.1952e-16)
(53.2727 3.00445 0)
(52.2559 1.09432 0)
(50.9758 -0.486708 6.769e-17)
(49.6272 -1.64023 0)
(48.4298 -2.34482 3.9229e-15)
(47.3071 -2.6682 -2.9551e-15)
(45.205 -2.66233 -3.90752e-15)
(40.4945 -2.38482 5.67041e-15)
(33.4465 -2.22139 4.89919e-15)
(26.1524 -2.83541 -4.62566e-15)
(20.3104 -3.06107 -4.26932e-15)
(13.2162 -3.03801 1.81809e-15)
(25.5356 14.8593 0)
(25.0333 13.6611 1.40615e-16)
(24.6103 12.2533 6.13473e-16)
(24.272 10.6965 -2.58979e-15)
(24.0997 9.07704 1.94775e-15)
(24.1091 7.37585 -1.2388e-15)
(24.3187 5.64588 3.82554e-17)
(24.7189 3.98814 1.09973e-15)
(25.2881 2.46644 1.10591e-15)
(26.0054 1.09394 0)
(26.8372 -0.111068 4.93769e-16)
(27.7486 -1.13578 -1.49262e-15)
(28.7192 -1.98937 2.28069e-15)
(29.73 -2.68372 3.99671e-16)
(30.7628 -3.2274 -7.9317e-16)
(31.8052 -3.63352 -7.13843e-16)
(32.8469 -3.91381 -6.31969e-16)
(33.8795 -4.07923 0)
(34.8984 -4.13893 0)
(35.9013 -4.09968 0)
(36.8862 -3.96378 6.20557e-16)
(37.85 -3.72921 0)
(38.7852 -3.38992 -3.20152e-16)
(39.6747 -2.94092 -3.50452e-17)
(40.4897 -2.38685 -1.07464e-16)
(41.2009 -1.75024 2.91913e-17)
(41.7955 -1.05982 0)
(42.2744 -0.336409 4.85116e-17)
(42.6404 0.40423 1.99343e-17)
(42.8957 1.14618 -4.11813e-18)
(43.0442 1.87377 -6.32078e-16)
(43.0932 2.57657 -3.7246e-17)
(43.0499 3.24692 -1.26947e-15)
(42.9206 3.87947 1.12516e-15)
(42.7036 4.47313 0)
(42.4055 5.02533 2.25876e-17)
(41.9513 5.55002 -1.57124e-16)
(41.4253 5.95381 -8.03306e-16)
(40.1813 6.38774 -1.49687e-18)
(27.348 15.3527 4.45925e-17)
(28.0154 16.4017 0)
(28.8532 17.5024 3.81579e-16)
(29.8271 18.5764 -3.44899e-16)
(30.9028 19.5516 1.11912e-16)
(32.1252 20.4582 -1.20867e-16)
(33.4613 21.2527 2.02168e-17)
(34.8858 21.9036 -6.65317e-17)
(36.3984 22.4025 0)
(37.9731 22.7292 -3.19805e-16)
(39.5897 22.8695 -3.86492e-16)
(41.2315 22.8136 3.81053e-16)
(42.8701 22.5526 1.60359e-15)
(44.4777 22.0818 7.0347e-16)
(46.0231 21.4027 -2.16426e-15)
(47.4711 20.5237 -1.62897e-15)
(48.787 19.4625 1.32124e-15)
(49.94 18.2468 1.00877e-15)
(50.903 16.9169 -5.00514e-16)
(51.6601 15.5261 5.03429e-16)
(52.2221 14.1323 1.25374e-15)
(52.6336 12.7827 2.3018e-16)
(52.9722 11.4871 -2.2255e-16)
(53.3103 10.1661 -1.47617e-15)
(53.6243 8.69081 0)
(53.7779 7.00824 -8.28137e-16)
(53.6153 5.15224 -4.15398e-16)
(53.019 3.20381 -3.97633e-16)
(51.9548 1.35918 -1.51028e-15)
(50.521 -0.191327 5.65532e-15)
(48.9131 -1.34384 2.22826e-15)
(47.3895 -2.07003 2.16021e-17)
(46.2808 -2.41073 1.57837e-17)
(45.4938 -2.43656 0)
(43.3716 -2.31271 -2.77663e-15)
(38.589 -2.43207 0)
(32.1383 -3.26741 0)
(25.6313 -3.49454 2.03291e-15)
(17.1792 -3.29887 -2.20192e-17)
(26.7963 14.2871 -1.46317e-16)
(26.3242 13.1965 4.48869e-16)
(25.9174 11.9138 3.17808e-17)
(25.5825 10.4907 5.70026e-16)
(25.3939 9.00932 -1.64566e-15)
(25.3649 7.44946 9.92247e-16)
(25.5132 5.85752 9.36521e-18)
(25.8323 4.32705 -9.24363e-16)
(26.3032 2.91597 -8.77654e-16)
(26.9084 1.63404 -9.08984e-16)
(27.6191 0.497569 -1.72452e-15)
(28.4059 -0.481394 0)
(29.253 -1.31157 -8.32808e-16)
(30.1458 -2.00281 -2.38169e-17)
(31.0698 -2.56068 0)
(32.0153 -2.99479 -6.44563e-16)
(32.9734 -3.31251 -3.03659e-16)
(33.9359 -3.52094 -2.7363e-16)
(34.8971 -3.62597 8.87801e-16)
(35.8524 -3.63196 7.50381e-16)
(36.7978 -3.54002 -6.84931e-17)
(37.7282 -3.34846 4.98384e-16)
(38.635 -3.05255 6.52564e-17)
(39.5019 -2.64887 -3.60711e-17)
(40.3022 -2.14186 9.70145e-17)
(41.0084 -1.55001 4.2673e-18)
(41.6059 -0.89852 0)
(42.0927 -0.207674 0)
(42.4697 0.506605 3.48183e-18)
(42.7381 1.22849 -1.16717e-17)
(42.9008 1.94292 5.66146e-16)
(42.964 2.63632 -3.68564e-17)
(42.9341 3.29836 -1.11859e-15)
(42.8169 3.92215 -1.06951e-15)
(42.6109 4.50551 -2.67578e-17)
(42.3217 5.04356 6.17466e-18)
(41.8801 5.54878 -4.12368e-15)
(41.3601 5.92061 5.727e-16)
(40.2032 6.28916 1.86052e-18)
(28.4298 14.7449 1.76841e-17)
(29.0523 15.7066 0)
(29.8318 16.717 -1.8253e-16)
(30.7337 17.7025 0)
(31.7235 18.5966 1.54253e-16)
(32.8456 19.4301 -1.48402e-16)
(34.0685 20.1635 -2.79248e-17)
(35.3692 20.769 6.21772e-17)
(36.7489 21.2403 0)
(38.1853 21.56 -1.64315e-16)
(39.6622 21.7154 3.93626e-16)
(41.167 21.6972 -8.46021e-16)
(42.6761 21.4965 -4.97462e-16)
(44.1661 21.1073 -5.33156e-16)
(45.6106 20.5283 1.3777e-15)
(46.9785 19.7644 1.54612e-15)
(48.2382 18.8281 -1.71013e-15)
(49.3605 17.7426 -1.75148e-15)
(50.3211 16.5382 0)
(51.1039 15.2562 4.62658e-16)
(51.713 13.9444 -8.85564e-16)
(52.1801 12.6443 2.09787e-16)
(52.5614 11.368 -2.30657e-18)
(52.9087 10.0616 3.50647e-15)
(53.2073 8.62529 -1.97296e-16)
(53.3579 7.00786 1.26976e-16)
(53.2368 5.23624 3.8554e-16)
(52.7319 3.38401 4.26466e-16)
(51.7814 1.61422 1.31295e-15)
(50.4298 0.101519 -2.61875e-15)
(48.8164 -1.04685 -2.07373e-15)
(47.121 -1.80053 -7.55054e-15)
(45.6056 -2.1821 5.77001e-15)
(44.7789 -2.23055 -7.08723e-17)
(44.1103 -2.16567 2.84081e-15)
(41.6509 -2.46957 -1.00271e-16)
(36.7053 -3.4697 6.37926e-17)
(30.5812 -3.77469 -1.96032e-17)
(21.4377 -3.52534 1.26759e-15)
(27.9115 13.7682 7.75766e-17)
(27.4658 12.7702 -2.20345e-16)
(27.0744 11.5957 4.12177e-16)
(26.744 10.2883 0)
(26.5443 8.92673 9.23964e-16)
(26.4862 7.48988 0)
(26.5866 6.0194 0)
(26.8413 4.60197 0)
(27.2334 3.29096 1.61334e-15)
(27.7474 2.09348 -7.63016e-16)
(28.3585 1.02418 8.5897e-16)
(29.0409 0.0942767 0)
(29.7821 -0.70512 0)
(30.571 -1.38309 -7.03445e-16)
(31.396 -1.94356 0)
(32.2505 -2.39364 6.01105e-16)
(33.1273 -2.73815 8.26312e-18)
(34.0189 -2.981 0)
(34.9194 -3.12522 -6.37786e-16)
(35.8235 -3.17301 -8.96076e-16)
(36.7255 -3.12432 -5.88418e-16)
(37.6189 -2.9771 -4.54112e-16)
(38.4944 -2.72704 6.90074e-16)
(39.3363 -2.37164 0)
(40.1195 -1.91524 1.39858e-16)
(40.8179 -1.373 5.85038e-17)
(41.4158 -0.767004 -1.44007e-17)
(41.9085 -0.116827 0)
(42.2953 0.561389 9.79852e-18)
(42.5761 1.25183 1.01077e-16)
(42.753 1.93879 -4.88924e-16)
(42.831 2.60938 -3.56117e-17)
(42.8156 3.25366 1.01682e-15)
(42.712 3.86444 -8.69335e-16)
(42.5184 4.43852 -3.88579e-18)
(42.2395 4.96951 -2.3775e-17)
(41.812 5.46684 3.65792e-15)
(41.2996 5.82998 -5.33657e-16)
(40.2252 6.16414 2.18155e-15)
(29.3941 14.1927 1.26522e-17)
(29.9775 15.0774 -5.45281e-17)
(30.7061 16.0079 0)
(31.5458 16.9147 -2.34992e-16)
(32.4618 17.7359 0)
(33.4979 18.503 0)
(34.6235 19.1799 3.4973e-17)
(35.8171 19.7416 7.59722e-17)
(37.0817 20.1837 2.26431e-16)
(38.3973 20.491 7.80501e-16)
(39.7508 20.6529 5.18182e-16)
(41.1329 20.661 6.67065e-16)
(42.524 20.5062 0)
(43.9053 20.1819 1.50195e-15)
(45.2542 19.685 -5.42388e-16)
(46.5435 19.0173 0)
(47.7456 18.1875 1.4133e-15)
(48.833 17.2127 1.66394e-15)
(49.7835 16.118 0)
(50.5798 14.9376 1.6345e-15)
(51.2207 13.7108 -1.59496e-15)
(51.7279 12.4714 0)
(52.1417 11.2303 -1.92446e-16)
(52.4991 9.95122 3.5167e-17)
(52.7882 8.55887 9.14477e-17)
(52.9301 7.00602 1.45597e-15)
(52.8221 5.31338 -6.71588e-18)
(52.3725 3.54981 -4.18576e-17)
(51.5263 1.85406 -3.55007e-17)
(50.3075 0.3831 7.96103e-17)
(48.8185 -0.756145 2.08635e-15)
(47.1944 -1.52922 6.91471e-15)
(45.5378 -1.95843 7.32159e-17)
(44.2676 -2.05641 -4.01103e-15)
(43.7877 -2.01685 -2.74681e-15)
(42.8637 -2.38823 -4.37263e-15)
(39.6244 -3.46967 -3.63685e-15)
(34.5567 -3.86701 5.83591e-17)
(25.6663 -3.6731 -1.20171e-15)
(28.9048 13.294 -1.54784e-16)
(28.4825 12.377 -5.16857e-16)
(28.1055 11.2969 9.80143e-16)
(27.7808 10.0909 0)
(27.5738 8.83413 1.43904e-15)
(27.4936 7.50587 0)
(27.5564 6.14296 -6.65173e-16)
(27.7594 4.82656 2.63391e-15)
(28.0877 3.6061 -1.98699e-15)
(28.5271 2.48715 0)
(29.0555 1.48252 1.38345e-15)
(29.6502 0.602545 1.30308e-15)
(30.3007 -0.161885 0)
(30.9985 -0.819368 -1.21807e-15)
(31.7348 -1.37307 2.81838e-16)
(32.5049 -1.82905 -2.82299e-16)
(33.3039 -2.1902 2.63662e-16)
(34.1256 -2.45816 4.43924e-16)
(34.9645 -2.63367 -2.50634e-17)
(35.815 -2.7169 4.88815e-16)
(36.6708 -2.70638 1.19597e-16)
(37.5246 -2.59939 -1.25471e-16)
(38.3668 -2.39173 -3.33932e-16)
(39.1819 -2.08116 2.5129e-16)
(39.9461 -1.67151 -1.23792e-16)
(40.6343 -1.17535 -6.33924e-17)
(41.23 -0.611716 1.36058e-17)
(41.7266 0.00100037 8.37586e-19)
(42.1215 0.646804 -1.01208e-17)
(42.4134 1.31014 -9.57446e-17)
(42.6034 1.97546 1.9376e-17)
(42.6952 2.62924 -3.47559e-17)
(42.6936 3.26001 -8.78596e-16)
(42.6031 3.85935 8.82293e-16)
(42.4217 4.4228 -2.16179e-17)
(42.1534 4.94217 1.20325e-15)
(41.7407 5.42418 -1.67518e-15)
(41.2383 5.76756 0)
(40.2437 6.05677 -2.0824e-15)
(30.2583 13.6878 2.80972e-17)
(30.8073 14.504 0)
(31.4911 15.3631 0)
(32.2761 16.1994 4.00937e-16)
(33.128 16.9554 -3.20638e-17)
(34.0889 17.6623 0)
(35.1299 18.2869 0)
(36.2303 18.807 -1.50434e-16)
(37.3941 19.22 -1.82476e-17)
(38.6034 19.5124 -2.85471e-17)
(39.8472 19.6752 -1.20307e-15)
(41.1191 19.701 -3.62034e-16)
(42.4028 19.5818 7.13329e-16)
(43.6829 19.3104 -6.7634e-17)
(44.9408 18.8829 0)
(46.1532 18.2986 0)
(47.2958 17.5631 -3.84821e-15)
(48.3433 16.6888 -7.37117e-16)
(49.2756 15.6959 7.55023e-16)
(50.0755 14.61 -1.5794e-15)
(50.7375 13.4631 3.00451e-15)
(51.2747 12.2837 1.42817e-15)
(51.7142 11.0825 -1.38923e-15)
(52.0811 9.83666 -1.58772e-15)
(52.3654 8.49082 2.55325e-16)
(52.5038 7.0032 -1.43383e-15)
(52.4072 5.38813 -1.68414e-16)
(51.9954 3.70846 3.87042e-17)
(51.2228 2.08397 -3.92649e-17)
(50.1091 0.655728 1.30756e-16)
(48.7416 -0.472282 -6.0658e-17)
(47.247 -1.25895 -3.43029e-15)
(45.6889 -1.72685 -9.98479e-17)
(44.2164 -1.89038 8.35743e-17)
(43.3758 -1.88904 0)
(42.9439 -2.25767 4.34521e-15)
(40.9882 -3.32613 3.60372e-15)
(37.3241 -3.77633 0)
(29.3603 -3.71083 0)
(29.7951 12.8581 0)
(29.3935 12.0125 4.54678e-16)
(29.0302 11.0155 -1.43316e-15)
(28.7122 9.89911 -6.19702e-16)
(28.5007 8.73537 -1.28601e-15)
(28.4037 7.50349 0)
(28.4365 6.23659 0)
(28.5979 5.0111 -1.18255e-15)
(28.874 3.87306 1.19861e-15)
(29.2518 2.82663 0)
(29.7114 1.88326 -5.80494e-16)
(30.232 1.05267 -6.07851e-16)
(30.8049 0.325667 5.61229e-16)
(31.4233 -0.306603 5.63738e-16)
(32.0803 -0.847128 -1.03841e-15)
(32.7733 -1.30118 0)
(33.499 -1.67072 -2.16843e-16)
(34.2527 -1.95593 2.1141e-17)
(35.03 -2.15595 9.1513e-16)
(35.8257 -2.26925 -1.4713e-16)
(36.6334 -2.29294 1.39927e-16)
(37.4453 -2.22356 -9.7219e-17)
(38.252 -2.05666 1.32948e-16)
(39.0383 -1.78993 -5.26934e-16)
(39.7813 -1.42641 -1.53572e-16)
(40.4569 -0.97644 7.70813e-17)
(41.0481 -0.456375 -2.85071e-18)
(41.5465 0.116751 0)
(41.9478 0.72728 6.15889e-18)
(42.2498 1.35989 -6.56718e-17)
(42.4522 1.99905 1.87049e-16)
(42.5576 2.63102 -4.19224e-16)
(42.57 3.24419 1.61436e-15)
(42.4928 3.82949 -1.50159e-15)
(42.3243 4.38144 2.24069e-17)
(42.0672 4.89043 -1.12083e-15)
(41.6701 5.35999 -1.38824e-17)
(41.1794 5.69075 7.64102e-18)
(40.2602 5.94673 -1.93576e-15)
(31.0368 13.2234 -2.46083e-17)
(31.5549 13.9784 0)
(32.1989 14.7733 0)
(32.9356 15.546 -1.58521e-16)
(33.7309 16.243 1.8919e-17)
(34.6259 16.8953 4.80339e-17)
(35.5925 17.4718 -4.80996e-17)
(36.611 17.9527 6.65762e-17)
(37.6861 18.337 -1.82188e-16)
(38.8014 18.6128 -3.0194e-16)
(39.9477 18.7724 4.23309e-16)
(41.1208 18.8098 0)
(42.3068 18.7175 -6.74116e-16)
(43.4937 18.4886 -8.01236e-16)
(44.6663 18.1185 -2.20508e-15)
(45.8047 17.6049 -9.59196e-16)
(46.8875 16.951 1.83046e-15)
(47.8923 16.165 0)
(48.8004 15.2628 7.20554e-16)
(49.5951 14.264 -3.06573e-15)
(50.2679 13.1943 -3.44694e-15)
(50.8248 12.0769 -1.04627e-15)
(51.2827 10.9222 1.17523e-15)
(51.6571 9.7165 1.59177e-16)
(51.9387 8.42012 7.92475e-17)
(52.0768 6.99784 -5.25155e-17)
(51.9946 5.45936 -1.40246e-16)
(51.6201 3.86095 -9.39047e-18)
(50.9111 2.30641 1.09786e-15)
(49.8825 0.92191 0)
(48.6108 -0.19295 -1.94349e-15)
(47.216 -0.991664 1.04658e-16)
(45.7891 -1.4897 1.15044e-16)
(44.37 -1.71461 7.50401e-15)
(43.2469 -1.77111 8.14383e-17)
(42.688 -2.11948 -7.38952e-17)
(41.2919 -3.11076 0)
(38.8656 -3.55265 0)
(32.26 -3.62704 -7.48033e-16)
(30.5971 12.4553 1.4215e-16)
(30.2143 11.6732 1.39904e-16)
(29.8639 10.7502 2.7398e-16)
(29.5533 9.71374 1.11672e-15)
(29.3395 8.63295 -5.1124e-16)
(29.2298 7.48725 4.96685e-16)
(29.2388 6.30685 1.39625e-15)
(29.3662 5.16349 0)
(29.5994 4.1005 0)
(29.926 3.12107 0)
(30.3278 2.2356 -1.01231e-15)
(30.7857 1.4532 1.52768e-15)
(31.292 0.76426 -1.02534e-15)
(31.8411 0.160032 4.66115e-16)
(32.4277 -0.362672 3.53452e-17)
(33.0506 -0.808932 0)
(33.7081 -1.1802 -8.19324e-16)
(34.3969 -1.47574 0)
(35.1138 -1.69367 -9.01143e-18)
(35.8545 -1.83132 -5.91452e-16)
(36.6129 -1.88464 6.17532e-16)
(37.3814 -1.8493 -5.32881e-16)
(38.1509 -1.72029 -3.33883e-16)
(38.9066 -1.49474 2.12943e-16)
(39.6265 -1.17491 -6.85365e-18)
(40.287 -0.76923 -7.17498e-17)
(40.8713 -0.291537 3.95096e-18)
(41.3693 0.242726 -3.81657e-20)
(41.7753 0.818489 -1.21974e-18)
(42.0859 1.42083 1.80327e-17)
(42.2996 2.0345 -1.90264e-17)
(42.4179 2.64557 -1.19188e-17)
(42.4437 3.24179 -7.18954e-16)
(42.3799 3.81309 1.40636e-15)
(42.2243 4.3528 -1.71271e-17)
(41.979 4.84986 1.68165e-17)
(41.5984 5.30472 -1.1698e-17)
(41.1214 5.6206 5.21797e-18)
(40.2739 5.84352 1.86524e-15)
(31.741 12.7943 -1.86206e-17)
(32.2313 13.4941 3.53088e-17)
(32.8394 14.2309 -1.0153e-16)
(33.5329 14.9462 -2.41168e-16)
(34.278 15.5899 2.13879e-16)
(35.1145 16.1922 0)
(36.0152 16.7245 0)
(36.9612 17.1689 -4.9045e-17)
(37.9577 17.5254 1.03988e-16)
(38.9895 17.7836 0)
(40.0487 17.9374 0)
(41.1328 17.9816 -5.11269e-16)
(42.2304 17.9094 1.13565e-15)
(43.3317 17.7146 -6.26351e-16)
(44.4244 17.3922 1.09278e-16)
(45.4917 16.939 1.39886e-15)
(46.5152 16.3559 -4.47053e-17)
(47.4753 15.6481 3.3432e-15)
(48.3542 14.8277 1.84122e-15)
(49.1367 13.9089 2.64692e-15)
(49.8118 12.9121 9.77687e-16)
(50.3797 11.8564 3.04734e-16)
(50.8497 10.7516 -1.33771e-15)
(51.2294 9.59063 1.47171e-16)
(51.5095 8.34596 6.47612e-16)
(51.6487 6.98881 5.53356e-16)
(51.582 5.52561 1.16988e-16)
(51.2453 4.00622 -7.46212e-17)
(50.5984 2.52077 -9.80156e-16)
(49.6498 1.1815 0)
(48.4643 0.0827714 -1.56214e-15)
(47.1479 -0.726475 -9.72162e-17)
(45.8073 -1.2516 -2.22631e-15)
(44.5035 -1.52691 -7.45385e-15)
(43.3192 -1.64664 -7.95763e-17)
(42.5304 -1.98359 7.31748e-17)
(41.1792 -2.87881 -3.28396e-15)
(39.4584 -3.25981 -3.62782e-17)
(34.3191 -3.42498 1.38625e-15)
(31.3228 12.0817 0)
(30.9573 11.3561 -2.25997e-16)
(30.6192 10.4995 -2.34523e-16)
(30.3163 9.53492 4.47364e-16)
(30.102 8.52883 0)
(29.9828 7.46081 0)
(29.9727 6.35853 -3.31341e-15)
(30.0724 5.28982 -1.65823e-15)
(30.2699 4.2954 2.57786e-15)
(30.5537 3.37787 -2.6362e-15)
(30.9067 2.54671 9.38415e-16)
(31.3113 1.81047 -9.46212e-16)
(31.7603 1.15948 4.26998e-17)
(32.2491 0.584845 -9.13227e-16)
(32.7734 0.0831971 1.30262e-15)
(33.333 -0.350664 8.12878e-16)
(33.9275 -0.718216 3.7601e-16)
(34.5551 -1.01835 0)
(35.2137 -1.24861 -4.82615e-16)
(35.9 -1.40542 -1.46815e-16)
(36.6087 -1.48394 0)
(37.3328 -1.47901 4.85031e-16)
(38.0635 -1.385 1.54391e-16)
(38.7871 -1.19833 -1.52935e-16)
(39.482 -0.920244 1.39543e-16)
(40.1253 -0.557489 0)
(40.7002 -0.121636 0)
(41.1957 0.373519 -5.44812e-19)
(41.6046 0.913706 -3.81133e-18)
(41.9223 1.48451 5.46512e-17)
(42.1463 2.071 -1.31281e-16)
(42.2769 2.65913 -2.78683e-16)
(42.3159 3.23649 5.96538e-16)
(42.2654 3.79226 5.56928e-16)
(42.1231 4.3187 -1.03691e-15)
(41.8902 4.80353 7.78125e-18)
(41.5267 5.24409 2.12866e-17)
(41.0651 5.54738 -1.08219e-16)
(40.2851 5.74312 0)
(32.3805 12.3959 -4.74605e-17)
(32.8455 13.0459 -4.53452e-17)
(33.4211 13.7299 1.04735e-16)
(34.0755 14.393 1.42024e-16)
(34.7756 14.9883 -1.99461e-16)
(35.5597 15.5449 -1.05732e-16)
(36.4016 16.0364 -9.41576e-18)
(37.2831 16.4468 -1.84439e-16)
(38.2096 16.7765 9.26981e-17)
(39.1667 17.017 0)
(40.148 17.1629 -6.0918e-16)
(41.1521 17.2102 1.24002e-15)
(42.1692 17.1531 -4.56516e-16)
(43.1918 16.9855 6.42722e-16)
(44.21 16.7026 7.9589e-16)
(45.2098 16.3004 1.55474e-15)
(46.1754 15.7785 -1.75991e-15)
(47.0897 15.1394 -1.24427e-16)
(47.9361 14.392 -2.32382e-15)
(48.7005 13.5466 0)
(49.3705 12.6187 -2.55729e-15)
(49.9421 11.6239 -8.8685e-18)
(50.4181 10.5716 3.27092e-16)
(50.8006 9.4592 -1.38083e-16)
(51.0794 8.26826 -4.87247e-16)
(51.2207 6.97585 6.65023e-17)
(51.1696 5.58641 0)
(50.8692 4.14368 -2.45244e-16)
(50.2823 2.72627 1.04251e-15)
(49.4117 1.43352 -1.8294e-15)
(48.3107 0.354115 1.57394e-15)
(47.0709 -0.462366 1.54451e-16)
(45.7911 -1.0134 2.0376e-15)
(44.5664 -1.33142 3.6081e-15)
(43.4248 -1.50852 -9.33321e-17)
(42.5237 -1.84323 5.8588e-17)
(41.0705 -2.65456 3.19808e-15)
(39.5498 -2.9501 1.49093e-15)
(35.6057 -3.14496 -6.56495e-16)
(31.982 11.7336 5.30698e-17)
(31.6326 11.0592 1.85093e-16)
(31.3062 10.2623 0)
(31.0114 9.36279 0)
(30.7979 8.42424 7.75097e-16)
(30.6717 7.42662 6.91976e-16)
(30.6463 6.39549 2.8552e-15)
(30.7231 5.39485 8.257e-16)
(30.8909 4.46343 -1.57697e-15)
(31.1386 3.60315 4.94998e-17)
(31.4503 2.8229 8.12008e-16)
(31.8093 2.13069 0)
(32.2089 1.51678 8.33953e-16)
(32.6451 0.972339 7.83063e-16)
(33.1142 0.493573 -1.54962e-15)
(33.617 0.0751763 0)
(34.1539 -0.284583 -6.80519e-16)
(34.7243 -0.58461 6.29666e-16)
(35.3273 -0.822223 -2.97558e-16)
(35.9605 -0.993403 1.17133e-16)
(36.6198 -1.09266 5.65611e-16)
(37.299 -1.11421 0)
(37.9901 -1.05186 0)
(38.6801 -0.901343 -9.39802e-18)
(39.3483 -0.662726 -1.83406e-17)
(39.9725 -0.34101 -1.03239e-16)
(40.5357 0.0542045 2.03038e-18)
(41.0264 0.51079 4.58968e-18)
(41.4363 1.01548 0)
(41.7596 1.55447 -4.08347e-17)
(41.9927 2.11331 1.21981e-16)
(42.1347 2.67801 2.9839e-17)
(42.1865 3.23596 -1.08349e-15)
(42.1491 3.77552 -1.07899e-15)
(42.0202 4.28789 1.00401e-15)
(41.8003 4.75966 1.8898e-17)
(41.4546 5.18514 8.36272e-16)
(41.0102 5.4759 9.50305e-17)
(40.2938 5.64718 -1.69706e-15)
(32.9631 12.0249 1.05995e-17)
(33.4049 12.6295 3.91997e-17)
(33.9508 13.2655 7.11916e-17)
(34.5697 13.881 0)
(35.2291 14.432 0)
(35.9661 14.9467 1.8871e-16)
(36.7552 15.4006 1.06282e-17)
(37.5787 15.7792 3.63149e-17)
(38.4423 16.0836 -3.95764e-16)
(39.3326 16.3065 1.60749e-16)
(40.2438 16.4434 2.57866e-16)
(41.1754 16.4913 -1.52435e-15)
(42.1194 16.4448 4.04699e-16)
(43.0699 16.2988 -1.03157e-15)
(44.019 16.0485 0)
(44.955 15.6895 -7.24689e-16)
(45.8644 15.2203 1.32156e-15)
(46.7325 14.6417 -2.30269e-15)
(47.5438 13.9593 5.18798e-16)
(48.2856 13.1809 1.57207e-15)
(48.9447 12.3177 2.18421e-15)
(49.5135 11.3823 0)
(49.9903 10.3836 1.05355e-15)
(50.3729 9.32242 1.27386e-16)
(50.6503 8.18679 1.07824e-18)
(50.7944 6.95872 3.58084e-16)
(50.7584 5.64139 1.17076e-16)
(50.4924 4.27308 1.78936e-16)
(49.9621 2.92244 -9.35641e-16)
(49.1662 1.67724 1.83186e-15)
(48.1477 0.619983 -9.51215e-17)
(46.9863 -0.199691 2.30849e-15)
(45.7668 -0.77432 -1.93916e-15)
(44.5901 -1.13083 0)
(43.4913 -1.35722 2.57508e-15)
(42.5704 -1.69181 -5.6346e-17)
(41.0798 -2.43628 -1.9068e-17)
(39.5058 -2.65127 -1.36767e-15)
(36.3417 -2.82651 2.42572e-17)
(32.5829 11.4083 3.92757e-17)
(32.2484 10.7804 -3.401e-16)
(31.9334 10.0376 0)
(31.6467 9.19723 -6.5952e-16)
(31.435 8.32017 1.26438e-15)
(31.3039 7.38675 -1.27616e-15)
(31.2663 6.42059 -7.34103e-17)
(31.3241 5.4824 1.32437e-15)
(31.467 4.60887 0)
(31.6842 3.80158 2.01787e-15)
(31.9605 3.0689 -7.15877e-16)
(32.2804 2.41836 7.1356e-16)
(32.6373 1.84041 -1.09233e-15)
(33.0275 1.32601 -1.81847e-17)
(33.448 0.871262 -3.26928e-16)
(33.8999 0.470437 0)
(34.3844 0.121576 9.55485e-16)
(34.9017 -0.174501 -2.89612e-16)
(35.4521 -0.415197 1.24656e-17)
(36.0343 -0.596356 -9.56088e-16)
(36.6451 -0.712269 -3.22811e-16)
(37.2794 -0.756664 -9.70242e-17)
(37.9304 -0.722767 -6.70405e-17)
(38.5858 -0.605406 2.99121e-16)
(39.2259 -0.403573 1.88116e-17)
(39.829 -0.120907 2.11707e-16)
(40.3785 0.23491 1.21437e-17)
(40.8624 0.653462 -6.28838e-18)
(41.2713 1.12261 9.28579e-19)
(41.5985 1.6293 2.87835e-17)
(41.8394 2.15965 4.54989e-18)
(41.9919 2.69982 2.83849e-17)
(42.0559 3.23715 4.90899e-16)
(42.0315 3.75939 1.73083e-17)
(41.9162 4.25674 3.68323e-18)
(41.7097 4.71482 2.24605e-17)
(41.3825 5.12518 -7.96505e-16)
(40.9566 5.40435 -1.9073e-17)
(40.3 5.55529 1.60782e-15)
(33.4954 11.6785 5.4296e-17)
(33.9158 12.2416 -1.63614e-16)
(34.4343 12.8335 6.9338e-17)
(35.0208 13.4054 0)
(35.6433 13.9159 -1.12612e-16)
(36.3375 14.3922 1.771e-16)
(37.0787 14.8114 -1.21031e-17)
(37.85 15.1603 -6.38504e-17)
(38.657 15.4408 8.4941e-17)
(39.4869 15.6464 3.47521e-16)
(40.3348 15.7736 2.01281e-16)
(41.201 15.8199 9.47242e-16)
(42.0784 15.7809 -4.29952e-16)
(42.9627 15.6519 4.94933e-16)
(43.8477 15.4284 0)
(44.7234 15.1059 0)
(45.5788 14.6821 -2.14985e-15)
(46.4009 14.1563 7.74077e-16)
(47.1756 13.532 1.75437e-15)
(47.8912 12.8146 -2.02244e-15)
(48.5344 12.0119 2.39213e-15)
(49.0952 11.1341 -2.09922e-15)
(49.5683 10.1895 -4.71399e-16)
(49.9483 9.18099 1.12889e-16)
(50.2238 8.1016 1.0142e-15)
(50.3708 6.93722 -4.91103e-16)
(50.3495 5.69028 -8.4903e-17)
(50.116 4.39423 0)
(49.6386 3.10904 -7.84778e-16)
(48.9133 1.91217 8.79492e-17)
(47.974 0.879526 -8.7575e-17)
(46.89 0.0604244 -2.19377e-15)
(45.7351 -0.534139 -2.0038e-17)
(44.6006 -0.925428 -1.07694e-16)
(43.5248 -1.1949 -2.43659e-17)
(42.6016 -1.52859 -3.80601e-15)
(41.1571 -2.21393 2.84244e-15)
(39.501 -2.37023 3.77502e-17)
(36.7754 -2.49572 3.54292e-18)
(33.1324 11.1036 1.65993e-16)
(32.812 10.518 1.39809e-16)
(32.5077 9.82442 2.81584e-16)
(32.2292 9.03816 3.21526e-16)
(32.0201 8.21736 -1.7292e-15)
(31.8858 7.34275 1.0637e-15)
(31.8384 6.43621 4.49505e-16)
(31.8805 5.55551 0)
(32.0024 4.73539 5.82634e-16)
(32.1935 3.9773 -6.71924e-16)
(32.4395 3.2891 1.22321e-15)
(32.7256 2.67798 -1.25571e-15)
(33.0454 2.13439 0)
(33.3955 1.64949 0)
(33.773 1.21906 9.50012e-16)
(34.1794 0.83716 3.09496e-16)
(34.6164 0.501372 -3.06072e-16)
(35.0849 0.212199 2.49384e-16)
(35.5861 -0.0280947 4.9766e-16)
(36.1196 -0.215473 4.47676e-16)
(36.6834 -0.344116 3.89636e-16)
(37.2734 -0.407568 0)
(37.884 -0.398687 -2.84799e-16)
(38.5042 -0.311575 -5.10307e-17)
(39.115 -0.14404 5.14061e-17)
(39.6954 0.101751 2.3602e-17)
(40.2292 0.419757 -9.47703e-18)
(40.7041 0.801182 -3.57198e-18)
(41.1101 1.23511 -8.79237e-19)
(41.4396 1.70937 0)
(41.6869 2.21074 6.17614e-17)
(41.8489 2.72568 1.79765e-16)
(41.9244 3.24155 3.8178e-16)
(41.9128 3.74561 7.79846e-16)
(41.811 4.22708 6.62894e-16)
(41.6185 4.6708 -5.14389e-16)
(41.3102 5.06572 5.7643e-16)
(40.9043 5.33375 2.56697e-17)
(40.3036 5.46739 -1.20703e-17)
(33.9831 11.3539 -1.01519e-16)
(34.3836 11.879 4.85968e-17)
(34.8769 12.4306 -3.65293e-17)
(35.4334 12.9623 2.51381e-16)
(36.0221 13.4356 -2.62904e-16)
(36.6772 13.8765 -1.42261e-16)
(37.3749 14.2636 1.36046e-17)
(38.0988 14.5849 6.96964e-17)
(38.8544 14.8429 2.0189e-16)
(39.6297 15.0317 -3.27656e-16)
(40.4203 15.1488 -2.74808e-16)
(41.2269 15.1922 2.55371e-16)
(42.0437 15.1582 0)
(42.8672 15.0426 1.32087e-15)
(43.6926 14.8411 -4.60184e-16)
(44.5119 14.5495 0)
(45.3155 14.1647 1.32597e-15)
(46.0923 13.6852 0)
(46.8295 13.1124 -1.66324e-15)
(47.5164 12.4503 -1.73724e-15)
(48.1397 11.7039 3.58189e-16)
(48.6881 10.8814 1.6e-15)
(49.1536 9.99031 6.333e-16)
(49.5285 9.03526 -2.15783e-16)
(49.8012 8.01256 -6.57706e-16)
(49.951 6.91107 -5.17659e-17)
(49.9437 5.73282 6.32674e-17)
(49.7407 4.50696 -1.2318e-17)
(49.3129 3.28592 6.61605e-16)
(48.654 2.13788 1.42403e-15)
(47.7903 1.13215 0)
(46.7811 0.317049 0)
(45.6915 -0.293523 0)
(44.6027 -0.715246 -8.45146e-17)
(43.5451 -1.02228 -2.14616e-15)
(42.608 -1.35569 3.65764e-15)
(41.2379 -1.9822 -5.60552e-15)
(39.5634 -2.10206 -6.19823e-17)
(37.0847 -2.1647 -5.45982e-16)
(33.6361 10.8174 1.39925e-16)
(33.329 10.2707 -3.76521e-16)
(33.0352 9.62212 -4.54776e-16)
(32.7648 8.88549 9.73904e-16)
(32.5589 8.11632 9.38898e-16)
(32.4226 7.29579 0)
(32.3675 6.44428 -1.91684e-15)
(32.3966 5.61659 -1.90296e-15)
(32.5006 4.84593 -1.99654e-15)
(32.6694 4.13354 4.69217e-16)
(32.8893 3.48688 -1.7003e-15)
(33.146 2.91278 1.17506e-15)
(33.4335 2.40195 5.67404e-16)
(33.7483 1.9456 -2.06708e-17)
(34.0879 1.53938 -1.15403e-15)
(34.4537 1.17708 0)
(34.8478 0.855874 0)
(35.2717 0.575843 -4.96733e-16)
(35.727 0.338859 0)
(36.2146 0.148579 0)
(36.7332 0.0106329 -5.40718e-16)
(37.28 -0.0684048 -1.46768e-16)
(37.8506 -0.0811394 3.3125e-16)
(38.4351 -0.0211311 -6.18122e-17)
(39.0156 0.114886 3.81354e-17)
(39.5718 0.326127 -2.93748e-17)
(40.0882 0.608054 0)
(40.5522 0.953418 0)
(40.9535 1.3526 0)
(41.2835 1.79441 -9.47505e-18)
(41.5357 2.26637 -5.09637e-17)
(41.7061 2.75536 1.14342e-17)
(41.7924 3.24885 -3.51115e-16)
(41.7932 3.73378 -6.61044e-16)
(41.705 4.19853 -6.49851e-16)
(41.5269 4.62723 9.30747e-16)
(41.2379 5.0066 -9.91244e-17)
(40.853 5.26405 0)
(40.3047 5.38367 1.46045e-15)
(34.4308 11.0493 3.7176e-17)
(34.8127 11.5394 -3.49286e-17)
(35.2825 12.0537 -1.81701e-16)
(35.8115 12.5485 -1.30449e-16)
(36.369 12.9876 2.35115e-16)
(36.9883 13.3957 0)
(37.6461 13.753 0)
(38.3268 14.0488 -1.42986e-16)
(39.0356 14.2856 2.44021e-16)
(39.7612 14.4584 2.83111e-16)
(40.4996 14.5652 -1.83225e-16)
(41.252 14.6046 -7.29405e-16)
(42.0132 14.5736 3.42441e-16)
(42.7808 14.4684 3.84501e-16)
(43.5512 14.285 -4.6648e-16)
(44.3174 14.0194 -5.49492e-17)
(45.0717 13.6682 -5.71079e-16)
(45.8044 13.2291 0)
(46.5039 12.7023 -1.40606e-15)
(47.1601 12.0902 1.65264e-15)
(47.7605 11.3961 -1.67232e-15)
(48.293 10.6263 4.09423e-16)
(48.7476 9.78774 -1.98208e-15)
(49.1151 8.88604 7.67167e-16)
(49.3839 7.91993 0)
(49.5359 6.88033 3.73046e-16)
(49.5417 5.76891 0)
(49.3673 4.61116 0)
(48.9857 3.45285 0)
(48.3891 2.35393 -1.27463e-15)
(47.5971 1.37724 1.33485e-16)
(46.6599 0.569426 1.82087e-15)
(45.6345 -0.0531315 9.73179e-17)
(44.5933 -0.500784 -9.47115e-17)
(43.5593 -0.839751 0)
(42.6046 -1.17455 0)
(41.298 -1.74186 1.27906e-16)
(39.6643 -1.83987 -2.62865e-15)
(37.3583 -1.83912 5.31784e-16)
(34.099 10.548 1.21942e-16)
(33.8045 10.037 1.06277e-16)
(33.5207 9.42998 4.19068e-16)
(33.2584 8.73908 -4.9919e-16)
(33.0563 8.01747 -4.57901e-16)
(32.9191 7.24685 1.56109e-15)
(32.8579 6.44618 -1.98442e-15)
(32.8761 5.66765 1.75886e-15)
(32.9649 4.9429 1.85547e-15)
(33.1144 4.27305 -2.9714e-17)
(33.3116 3.66521 -4.94368e-16)
(33.5428 3.12594 0)
(33.802 2.64621 -1.00519e-15)
(34.0858 2.2173 5.03662e-16)
(34.3917 1.83476 0)
(34.7214 1.49225 4.82624e-16)
(35.0769 1.18654 2.29308e-16)
(35.4601 0.917269 -8.82579e-16)
(35.8731 0.685793 -1.93029e-16)
(36.3175 0.495368 -3.7395e-16)
(36.7931 0.351258 3.36968e-16)
(37.2982 0.259846 4.5799e-16)
(37.8294 0.228591 -1.17427e-16)
(38.3782 0.264536 2.1487e-16)
(38.9277 0.371918 3.783e-17)
(39.4587 0.551069 -4.43845e-17)
(39.956 0.798843 1.40234e-17)
(40.4074 1.10945 2.90199e-17)
(40.802 1.47461 0)
(41.1308 1.88416 8.97628e-18)
(41.3866 2.32647 0)
(41.5642 2.78899 1.9999e-16)
(41.6604 3.25932 0)
(41.6731 3.72428 2.78333e-16)
(41.5985 4.17151 1.61946e-17)
(41.435 4.58458 -4.09249e-16)
(41.1658 4.94829 -4.35595e-16)
(40.8029 5.19561 0)
(40.3033 5.30395 -1.38847e-15)
(34.8427 10.7628 -3.26612e-17)
(35.2072 11.2206 2.54004e-17)
(35.6551 11.7005 7.92015e-17)
(36.1583 12.1611 -1.26305e-16)
(36.687 12.5686 0)
(37.2732 12.9464 -8.83141e-17)
(37.8944 13.2762 1.62046e-17)
(38.5354 13.5482 -2.13004e-16)
(39.2015 13.7651 -2.5873e-16)
(39.8817 13.9225 -4.45677e-19)
(40.5725 14.0191 -3.12067e-16)
(41.2753 14.0539 4.73079e-16)
(41.9857 14.0242 -5.51901e-16)
(42.7019 13.927 -6.94053e-16)
(43.4211 13.7586 7.66217e-16)
(44.1377 13.515 -4.75775e-16)
(44.8451 13.1927 1.54763e-15)
(45.5349 12.7892 0)
(46.1969 12.3034 1.33319e-15)
(46.8213 11.7366 1.4008e-15)
(47.3967 11.0908 -3.7955e-16)
(47.9105 10.371 -1.44899e-15)
(48.3516 9.58336 1.28894e-15)
(48.7095 8.73424 -3.96088e-16)
(48.9733 7.824 1.7658e-16)
(49.1268 6.84501 -1.72422e-17)
(49.1446 5.79851 -8.31762e-17)
(48.9964 4.70678 0)
(48.6577 3.60977 0)
(48.1192 2.56007 1.37878e-16)
(47.3953 1.61431 -2.18386e-15)
(46.5272 0.816993 -3.77385e-15)
(45.5643 0.1864 1.05486e-16)
(44.5708 -0.282695 0)
(43.5659 -0.647715 2.19745e-15)
(42.6011 -0.985309 3.12879e-15)
(41.3413 -1.49624 4.96207e-15)
(39.7763 -1.5794 4.89405e-15)
(37.6247 -1.52228 0)
(34.5251 10.2941 8.03683e-17)
(34.2427 9.81606 -1.95847e-16)
(33.9686 9.2473 0)
(33.7143 8.59868 -1.49832e-15)
(33.5164 7.92107 -1.03934e-15)
(33.3791 7.19663 -4.24833e-16)
(33.3132 6.44316 7.44252e-16)
(33.3223 5.71027 -7.17742e-16)
(33.398 5.02819 0)
(33.5308 4.39798 1.61328e-15)
(33.7082 3.82641 8.4919e-16)
(33.9171 3.31987 4.46953e-16)
(34.1514 2.86951 4.79218e-16)
(34.4079 2.4668 -9.25202e-16)
(34.684 2.10723 0)
(34.9814 1.78434 -4.56005e-16)
(35.3021 1.4946 -8.57634e-16)
(35.6483 1.23721 4.13556e-16)
(36.0225 1.01298 3.85534e-16)
(36.4268 0.824615 3.53789e-16)
(36.8618 0.677004 -6.31204e-16)
(37.3268 0.576238 -1.35181e-16)
(37.8196 0.529677 3.72964e-16)
(38.3329 0.544622 1.79891e-18)
(38.8513 0.626136 -1.69164e-16)
(39.3561 0.77568 -1.26897e-16)
(39.833 0.991338 0)
(40.2701 1.26868 -2.74824e-17)
(40.6563 1.60072 0)
(40.9823 1.9784 0)
(41.24 2.39101 0)
(41.4235 2.82661 -1.89583e-16)
(41.5288 3.2731 1.93102e-16)
(41.5528 3.71729 2.05824e-16)
(41.4916 4.14624 2.28327e-17)
(41.3431 4.54312 -3.6872e-17)
(41.0937 4.89111 2.69125e-16)
(40.7536 5.12862 0)
(40.2996 5.2282 0)
(35.2223 10.4929 -4.67508e-17)
(35.5705 10.9208 1.16137e-17)
(35.9978 11.3687 -4.56933e-17)
(36.477 11.7977 2.47634e-16)
(36.9789 12.176 0)
(37.5345 12.5258 8.28585e-17)
(38.1218 12.8301 0)
(38.7263 13.0799 -1.87173e-16)
(39.353 13.278 -1.89475e-16)
(39.9916 13.4209 2.42551e-16)
(40.6388 13.5075 3.65863e-16)
(41.2962 13.5372 -3.72321e-16)
(41.9599 13.5079 5.22511e-16)
(42.6286 13.4168 -5.89629e-16)
(43.3004 13.2606 -7.26318e-16)
(43.9705 13.0357 -4.26208e-16)
(44.6335 12.7384 4.37634e-16)
(45.282 12.3659 -5.38452e-16)
(45.907 11.9167 -4.14289e-17)
(46.4992 11.3908 -1.96005e-15)
(47.0482 10.7897 0)
(47.5412 10.117 1.03943e-15)
(47.9665 9.37844 -1.30744e-15)
(48.3132 8.58077 -5.18391e-16)
(48.5707 7.72531 -4.74938e-16)
(48.7248 6.80537 -3.69127e-16)
(48.7532 5.82173 1.28697e-16)
(48.6291 4.79389 -9.47366e-18)
(48.3299 3.75664 -5.56221e-16)
(47.8455 2.75606 0)
(47.1855 1.84287 3.83887e-15)
(46.3835 1.05917 3.39384e-15)
(45.4817 0.424547 0)
(44.5355 -0.0616503 0)
(43.5625 -0.447425 -2.09855e-15)
(42.5989 -0.787902 -2.99843e-15)
(41.3774 -1.24791 -2.26015e-15)
(39.8869 -1.31962 -2.40293e-15)
(37.8868 -1.21612 -2.17854e-17)
(34.9182 10.0544 -1.10812e-16)
(34.6473 9.60678 1.71788e-16)
(34.3826 9.07348 7.62309e-16)
(34.1362 8.46409 3.57244e-16)
(33.9427 7.82725 9.80964e-16)
(33.806 7.1457 -9.61353e-16)
(33.7365 6.43609 0)
(33.738 5.74572 1.35882e-15)
(33.8025 5.10344 6.98522e-16)
(33.9208 4.51028 -2.93758e-15)
(34.0808 3.97268 -2.33833e-15)
(34.27 3.49678 8.11899e-16)
(34.4824 3.07408 4.05e-16)
(34.7146 2.69627 4.12681e-16)
(34.9643 2.35881 -4.17649e-16)
(35.2329 2.05516 8.04294e-16)
(35.5224 1.7815 -2.18955e-19)
(35.8351 1.53669 7.21017e-16)
(36.1738 1.32093 -6.98816e-16)
(36.5409 1.1365 0)
(36.9378 0.987658 4.34966e-16)
(37.3647 0.880146 -5.24467e-16)
(37.8203 0.821048 -1.05055e-16)
(38.2989 0.817835 -1.94298e-16)
(38.7859 0.876256 1.60178e-16)
(39.264 0.998742 -2.82332e-17)
(39.7194 1.18449 2.85892e-17)
(40.1407 1.43025 3.47655e-17)
(40.517 1.73028 0)
(40.8384 2.07669 7.75433e-18)
(41.0965 2.4597 1.29318e-17)
(41.2847 2.86813 0)
(41.398 3.29019 -1.94882e-16)
(41.4328 3.71293 -3.59829e-17)
(41.3847 4.12292 2.87201e-17)
(41.2513 4.50306 -2.87843e-17)
(41.022 4.83531 -2.31242e-16)
(40.7052 5.06338 -2.68135e-19)
(40.2935 5.15639 0)
(35.5726 10.2383 5.45419e-17)
(35.9054 10.6384 0)
(36.3134 11.0566 -2.35534e-16)
(36.77 11.4563 0)
(37.247 11.8075 -4.88876e-17)
(37.774 12.1313 4.75911e-17)
(38.33 12.4118 3.58243e-17)
(38.9007 12.641 2.07278e-16)
(39.4912 12.8217 2.37635e-18)
(40.0914 12.9508 1.81088e-16)
(40.6984 13.0276 -2.45603e-16)
(41.3141 13.0521 -1.06896e-15)
(41.9347 13.0221 4.95223e-16)
(42.5597 12.9357 5.41794e-17)
(43.1874 12.7896 1.23463e-15)
(43.8141 12.5804 0)
(44.435 12.3048 -8.03683e-16)
(45.0439 11.9597 0)
(45.6328 11.543 0)
(46.1928 11.0543 2.3165e-15)
(46.7145 10.4944 0)
(47.1852 9.86599 0)
(47.5932 9.17439 2.43164e-15)
(47.9272 8.42648 5.86759e-16)
(48.1772 7.62427 6.87802e-16)
(48.3309 6.76163 -7.29807e-17)
(48.3686 5.83876 -1.76807e-17)
(48.2663 4.87264 -2.50959e-16)
(48.0032 3.89356 5.33058e-16)
(47.5688 2.9418 0)
(46.9687 2.06266 -1.70624e-16)
(46.2298 1.29545 -1.4905e-15)
(45.3871 0.66071 5.34909e-15)
(44.4882 0.161755 0)
(43.5488 -0.239835 -1.83256e-15)
(42.5956 -0.582597 7.99121e-17)
(41.4113 -0.998253 -7.79745e-17)
(39.9934 -1.06056 0)
(38.1412 -0.921972 0)
(35.2814 9.82766 -8.70897e-17)
(35.0214 9.40837 0)
(34.7659 8.90797 -1.0625e-15)
(34.5273 8.33508 -1.09308e-15)
(34.3384 7.73615 0)
(34.2028 7.09451 0)
(34.1307 6.42585 2.11273e-15)
(34.1257 5.77517 1.12892e-15)
(34.1806 5.17006 0)
(34.2861 4.61146 7.16609e-16)
(34.4309 4.10567 -6.89262e-16)
(34.6027 3.65856 0)
(34.7956 3.26191 0)
(35.0064 2.90769 3.65531e-16)
(35.2325 2.59132 -7.38395e-16)
(35.4753 2.30626 7.24109e-16)
(35.7369 2.04854 -3.58555e-16)
(36.0193 1.81658 -1.60065e-17)
(36.3256 1.61017 -3.10386e-16)
(36.6585 1.43104 5.95567e-16)
(37.0198 1.28291 -1.37515e-16)
(37.4106 1.17098 -1.28003e-16)
(37.8307 1.10198 3.28122e-16)
(38.2753 1.0834 1.85371e-16)
(38.7313 1.1215 -8.58989e-17)
(39.1822 1.21952 0)
(39.6153 1.37755 -1.00499e-16)
(40.0196 1.59351 3.64323e-18)
(40.3844 1.86283 0)
(40.6997 2.17871 -7.34822e-18)
(40.9568 2.53241 -1.22568e-17)
(41.1483 2.91357 -2.04423e-17)
(41.2686 3.31077 -5.88024e-18)
(41.3135 3.71145 -3.37308e-17)
(41.2782 4.10187 1.39095e-17)
(41.1599 4.46479 -1.81684e-16)
(40.9505 4.78132 7.61868e-18)
(40.6575 5.0001 2.41882e-16)
(40.2853 5.08835 0)
(35.8964 9.99767 -6.63689e-17)
(36.2146 10.372 4.03635e-17)
(36.6044 10.7626 1.63905e-17)
(37.0397 11.135 0)
(37.4934 11.4611 -1.048e-16)
(37.9937 11.7608 0)
(38.5205 12.0192 -1.77159e-17)
(39.0599 12.2292 3.73683e-17)
(39.6167 12.3935 3.58557e-16)
(40.1816 12.5096 6.2011e-16)
(40.7516 12.5771 -2.12515e-16)
(41.3287 12.5961 6.93006e-16)
(41.9096 12.565 0)
(42.494 12.4819 9.55046e-16)
(43.0808 12.3442 -5.67803e-16)
(43.6668 12.1486 -3.13389e-17)
(44.2481 11.8918 1.4674e-15)
(44.8192 11.5708 -1.19019e-15)
(45.373 11.1833 -4.48539e-16)
(45.9011 10.7283 -2.07741e-15)
(46.3951 10.2063 5.75289e-16)
(46.8426 9.61941 -2.60071e-16)
(47.232 8.9724 -1.69084e-15)
(47.5522 8.27229 -2.94303e-16)
(47.7938 7.52153 0)
(47.946 6.71418 0)
(47.9915 5.84983 0)
(47.9089 4.94318 1.95769e-16)
(47.6788 4.02063 6.06409e-17)
(47.2903 3.11726 9.78404e-16)
(46.7461 2.27335 -1.76334e-15)
(46.0668 1.52525 1.25415e-15)
(45.2814 0.894226 -4.9358e-15)
(44.4298 0.386808 1.22379e-16)
(43.5253 -0.0263115 1.6321e-15)
(42.5895 -0.370145 0)
(41.4444 -0.747755 -1.97338e-15)
(40.0957 -0.802707 -4.50284e-17)
(38.3848 -0.639734 -5.91719e-16)
(35.6174 9.61305 7.42344e-18)
(35.3678 9.22006 -1.79131e-17)
(35.1213 8.7503 4.57424e-16)
(34.8903 8.21142 1.24794e-15)
(34.7062 7.64782 4.41537e-16)
(34.5722 7.04342 4.54903e-16)
(34.4981 6.413 -2.44895e-15)
(34.4879 5.79948 9.27427e-16)
(34.5343 5.2291 5.41971e-16)
(34.6287 4.70292 1.75344e-15)
(34.7599 4.22694 -6.12198e-16)
(34.9162 3.80681 6.23582e-16)
(35.0918 3.4346 0)
(35.2835 3.10259 0)
(35.4886 2.80626 0)
(35.7084 2.53911 -3.20781e-16)
(35.9447 2.29696 1.30098e-17)
(36.1998 2.07795 2.97466e-16)
(36.4766 1.88147 -5.77789e-16)
(36.7781 1.70873 4.35888e-18)
(37.1065 1.56284 2.52685e-16)
(37.4635 1.44846 -1.0734e-16)
(37.8496 1.37188 -1.89835e-16)
(38.2614 1.34044 1.30167e-17)
(38.6868 1.36079 8.16998e-17)
(39.1106 1.43684 0)
(39.5208 1.56945 9.52267e-17)
(39.907 1.75751 -3.46623e-17)
(40.259 1.99756 -3.26653e-18)
(40.5668 2.28391 2.20961e-18)
(40.8213 2.60878 2.16097e-17)
(41.0149 2.96268 3.19601e-17)
(41.1412 3.33476 -1.09153e-17)
(41.1953 3.7129 -1.02756e-16)
(41.1723 4.08321 0)
(41.0691 4.4285 1.4747e-16)
(40.8797 4.72936 2.18747e-17)
(40.6104 4.93908 -2.30074e-16)
(40.2749 5.02408 -1.15425e-15)
(36.196 9.77007 1.04696e-17)
(36.5004 10.1203 0)
(36.8729 10.4853 1.43077e-17)
(37.2882 10.8323 6.04074e-17)
(37.7199 11.1349 3.9937e-17)
(38.1953 11.4122 7.61448e-17)
(38.6947 11.6501 1.66795e-17)
(39.2049 11.8422 -3.57929e-17)
(39.7306 11.9913 -3.37769e-16)
(40.2626 12.0951 -1.58838e-16)
(40.7983 12.1537 2.81328e-16)
(41.3398 12.1673 0)
(41.8839 12.1346 0)
(42.4307 12.054 -9.05362e-16)
(42.9795 11.9232 0)
(43.5275 11.7392 -5.90322e-16)
(44.0714 11.4988 -1.92978e-15)
(44.6065 11.1991 1.5406e-15)
(45.1264 10.8378 0)
(45.6233 10.4134 1.38481e-15)
(46.0896 9.92633 4.96321e-16)
(46.5134 9.37816 -2.58947e-16)
(46.8834 8.77346 5.02799e-16)
(47.1888 8.11913 2.40967e-16)
(47.4211 7.41779 0)
(47.5708 6.66356 6.1066e-17)
(47.6227 5.85537 -7.42798e-17)
(47.5575 5.00592 -2.09366e-16)
(47.3573 4.13812 -5.32493e-16)
(47.011 3.28255 -1.52712e-15)
(46.5186 2.47474 -1.78766e-16)
(45.8957 1.74829 1.28256e-16)
(45.1654 1.12449 0)
(44.361 0.612808 0)
(43.4931 0.192155 1.60362e-15)
(42.5799 -0.151507 2.51587e-15)
(41.4768 -0.496892 1.88222e-15)
(40.1943 -0.546409 2.10932e-15)
(38.6153 -0.3689 5.73706e-16)
(35.9286 9.40972 1.94336e-16)
(35.689 9.04117 -4.45647e-16)
(35.4512 8.59997 2.09882e-16)
(35.2277 8.0929 2.35831e-16)
(35.0485 7.5623 -4.58001e-16)
(34.9165 6.99272 0)
(34.8411 6.39813 2.0566e-15)
(34.8263 5.81934 -1.84889e-15)
(34.8655 5.28153 1.39819e-15)
(34.9499 4.78572 0)
(35.069 4.33768 0)
(35.2116 3.94284 -5.86544e-16)
(35.3718 3.59365 5.79779e-16)
(35.5463 3.28261 -2.10427e-17)
(35.7326 3.00523 5.83913e-16)
(35.9318 2.75513 0)
(36.1456 2.52803 2.94417e-16)
(36.376 2.32185 0)
(36.626 2.13559 2.28229e-18)
(36.8988 1.96994 7.38508e-16)
(37.1968 1.82751 -4.58762e-16)
(37.5221 1.71239 1.19024e-16)
(37.8762 1.63035 9.89965e-17)
(38.2564 1.58843 0)
(38.652 1.5935 1.42772e-16)
(39.0488 1.64998 0)
(39.4357 1.75948 -8.809e-17)
(39.8031 1.92162 -1.28583e-17)
(40.1412 2.13395 -1.07485e-18)
(40.4401 2.39184 -3.37472e-17)
(40.6907 2.68855 -2.26178e-17)
(40.8849 3.01543 -6.75046e-18)
(41.0161 3.36226 0)
(41.0786 3.71747 4.80584e-17)
(41.0674 4.06727 0)
(40.9791 4.39458 -5.93454e-17)
(40.8093 4.67982 -1.62289e-17)
(40.5638 4.88058 -2.67258e-17)
(40.2626 4.96351 1.12594e-15)
(36.4735 9.55456 1.41499e-17)
(36.7648 9.88239 -3.07964e-17)
(37.1209 10.2234 1.65569e-16)
(37.5172 10.5467 -1.63294e-17)
(37.9282 10.8276 -2.49799e-16)
(38.3801 11.084 -7.16138e-17)
(38.8539 11.3028 0)
(39.3369 11.4782 1.24038e-16)
(39.8335 11.613 0)
(40.335 11.7054 0)
(40.8389 11.7555 -2.46231e-16)
(41.3472 11.7637 -5.21409e-17)
(41.8573 11.7292 3.10368e-16)
(42.3692 11.6504 0)
(42.8825 11.5254 0)
(43.3949 11.3514 1.02945e-15)
(43.9036 11.1255 1.23036e-15)
(44.4045 10.8448 1.30915e-15)
(44.8918 10.507 1.07412e-15)
(45.3584 10.1104 -8.85035e-16)
(45.7972 9.65549 -2.45126e-17)
(46.1971 9.14343 1.34918e-15)
(46.5473 8.57858 0)
(46.8374 7.96773 -4.68719e-16)
(47.0596 7.3135 1.13656e-16)
(47.2059 6.61009 1.06179e-16)
(47.2628 5.85563 0)
(47.2128 5.06111 4.18957e-16)
(47.0395 4.24629 4.08549e-16)
(46.7316 3.43771 7.63983e-16)
(46.2873 2.66674 -1.34371e-15)
(45.7174 1.96405 -2.46587e-15)
(45.04 1.35086 0)
(44.2824 0.838909 -2.12794e-16)
(43.4527 0.414312 -1.32551e-15)
(42.5667 0.0722129 -5.17618e-17)
(41.5082 -0.245877 1.81039e-15)
(40.2898 -0.292051 -2.05551e-15)
(38.8321 -0.108444 0)
(36.2171 9.21685 -6.79099e-17)
(35.9872 8.87114 1.27049e-17)
(35.7579 8.45661 0)
(35.5417 7.9793 -3.85781e-16)
(35.3675 7.47957 -2.5921e-17)
(35.2378 6.94259 -3.50053e-16)
(35.1615 6.38158 -1.52251e-15)
(35.143 5.83542 -1.54936e-15)
(35.1757 5.32816 3.31767e-16)
(35.2513 4.86086 -1.78158e-15)
(35.3597 4.43904 1.42483e-15)
(35.4899 4.06792 5.04429e-16)
(35.6362 3.74029 -5.29182e-16)
(35.7953 3.44893 -2.13741e-17)
(35.9648 3.18944 -1.09617e-15)
(36.1455 2.95552 0)
(36.339 2.74285 0)
(36.5472 2.54922 2.45933e-16)
(36.773 2.37325 -4.91111e-16)
(37.0195 2.21521 -6.73378e-16)
(37.2896 2.07719 4.21835e-16)
(37.5855 1.96272 -1.65016e-17)
(37.9094 1.87699 -1.01006e-16)
(38.2595 1.82669 -1.55151e-16)
(38.6262 1.81878 7.31694e-17)
(38.9965 1.85805 -1.1628e-16)
(39.36 1.94663 -3.15441e-18)
(39.708 2.08487 0)
(40.0312 2.27119 6.26019e-18)
(40.32 2.5019 3.15987e-17)
(40.5653 2.77124 0)
(40.759 3.0715 2.54922e-17)
(40.8938 3.39315 4.91578e-18)
(40.9639 3.72519 -6.38257e-17)
(40.9639 4.05412 0)
(40.8902 4.3632 7.29209e-17)
(40.7397 4.63289 1.03196e-16)
(40.5177 4.82483 3.05427e-16)
(40.2483 4.90651 1.10279e-15)
(36.7307 9.35034 1.64353e-17)
(37.0096 9.65721 0)
(37.35 9.97584 0)
(37.7283 10.277 1.12342e-16)
(38.1198 10.5376 2.20417e-16)
(38.5496 10.7746 4.53602e-17)
(38.9993 10.9756 -3.72027e-17)
(39.4568 11.1355 -7.93563e-17)
(39.9262 11.257 -1.26255e-16)
(40.3992 11.3387 1.2982e-16)
(40.8736 11.3808 0)
(41.3511 11.3839 0)
(41.8295 11.3473 3.28144e-16)
(42.3089 11.2698 -1.03702e-15)
(42.7891 11.1496 -4.39637e-16)
(43.2682 10.9843 -5.26488e-16)
(43.7439 10.7712 5.61323e-16)
(44.2122 10.5074 -6.4493e-16)
(44.6684 10.1909 -6.9115e-16)
(45.1058 9.81976 -7.24113e-16)
(45.5175 9.39435 0)
(45.8937 8.91594 -8.63433e-16)
(46.2238 8.38857 -2.11428e-16)
(46.4982 7.81885 2.03752e-16)
(46.7097 7.20947 1.03373e-16)
(46.8518 6.5544 -1.11821e-16)
(46.9123 5.85123 0)
(46.8755 5.10922 -1.48864e-16)
(46.7262 4.34552 2.19643e-16)
(46.4532 3.583 -7.84217e-17)
(46.0531 2.84931 1.44831e-15)
(45.533 2.17232 1.157e-15)
(44.9062 1.57279 1.9626e-15)
(44.1948 1.06418 -1.97926e-16)
(43.4048 0.639138 -1.04054e-15)
(42.5496 0.299715 -4.60494e-15)
(41.538 0.0047179 -3.25487e-15)
(40.3826 -0.0400847 -1.84566e-15)
(39.0353 0.142697 -7.55326e-16)
(36.485 9.03376 6.06937e-17)
(36.2643 8.70938 1.08215e-16)
(36.0432 8.31982 -7.45e-16)
(35.8343 7.87042 0)
(35.665 7.39961 -3.32404e-16)
(35.5377 6.89324 -1.54531e-17)
(35.4611 6.36376 3.18903e-16)
(35.4394 5.84825 1.44944e-15)
(35.4665 5.36967 -1.55753e-15)
(35.5343 4.92913 8.2593e-16)
(35.6329 4.53193 -4.66515e-17)
(35.752 4.18306 0)
(35.8858 3.87567 0)
(36.0311 3.60274 5.74628e-18)
(36.1855 3.36007 -1.24437e-17)
(36.3496 3.14146 -4.86297e-16)
(36.5248 2.94262 0)
(36.7129 2.7611 0)
(36.9168 2.59534 0)
(37.1395 2.44521 2.11192e-16)
(37.3839 2.3123 0)
(37.6527 2.19957 0)
(37.9483 2.11166 -1.54464e-16)
(38.2698 2.05486 1.54041e-16)
(38.6088 2.03607 5.92682e-17)
(38.953 2.06036 4.99504e-17)
(39.2933 2.13024 -1.29697e-17)
(39.6216 2.2466 4.92383e-17)
(39.9291 2.40863 -3.776e-18)
(40.2068 2.61355 3.59327e-17)
(40.4458 2.85652 8.82703e-18)
(40.6376 3.13072 -6.34467e-17)
(40.775 3.42739 -3.46914e-17)
(40.8517 3.7362 8.66543e-18)
(40.8621 4.04405 -5.51299e-19)
(40.8025 4.33472 -1.51196e-17)
(40.6708 4.58899 4.14019e-17)
(40.4719 4.77211 -2.77761e-16)
(40.2322 4.85313 -1.01326e-15)
(36.9694 9.15663 1.04117e-18)
(37.2363 9.44391 -6.02882e-17)
(37.5619 9.74159 0)
(37.9231 10.0221 1.76472e-16)
(38.2961 10.2638 -2.2444e-16)
(38.705 10.4826 -3.4502e-17)
(39.132 10.6671 3.56543e-17)
(39.5655 10.8126 7.67103e-17)
(40.0094 10.9217 2.27974e-16)
(40.4559 10.9934 2.74715e-16)
(40.9026 11.028 0)
(41.3515 11.0261 -5.02149e-17)
(41.8003 10.9875 4.5702e-16)
(42.2494 10.9109 1.27208e-15)
(42.6988 10.7949 3.96233e-16)
(43.1467 10.6372 -4.06161e-16)
(43.5912 10.4354 -9.4329e-16)
(44.0289 10.187 -1.11685e-15)
(44.4553 9.88969 -6.25619e-16)
(44.8646 9.54186 6.50005e-16)
(45.2501 9.14368 1.0642e-15)
(45.6029 8.69653 1.11111e-15)
(45.9131 8.20421 1.91848e-16)
(46.1716 7.67326 -1.84952e-16)
(46.372 7.10624 0)
(46.509 6.49703 -2.35468e-16)
(46.5719 5.84257 3.36545e-17)
(46.5463 5.15072 1.80018e-16)
(46.4181 4.43615 -3.40315e-16)
(46.1767 3.71868 0)
(45.8171 3.02249 1.12676e-15)
(45.3433 2.37272 -1.02181e-15)
(44.7649 1.78961 -3.6867e-15)
(44.0989 1.28781 0)
(43.3498 0.865315 2.47981e-15)
(42.5288 0.529864 1.95204e-16)
(41.5659 0.254501 1.53824e-15)
(40.4729 0.209194 1.80276e-15)
(39.226 0.38552 6.86543e-16)
(36.7338 8.85985 1.26623e-16)
(36.5219 8.55542 4.48047e-16)
(36.3088 8.18926 2.76422e-16)
(36.107 7.76605 8.30598e-16)
(35.9427 7.32237 0)
(35.818 6.84473 -1.0844e-15)
(35.7414 6.34493 -1.11861e-15)
(35.717 5.85825 1.21209e-15)
(35.7392 5.40664 0)
(35.7999 4.99124 -1.38982e-15)
(35.8898 4.61716 -4.15259e-17)
(35.9988 4.28919 7.9135e-16)
(36.1213 4.00075 1.23619e-15)
(36.2542 3.74515 -4.12814e-16)
(36.395 3.51825 0)
(36.544 3.31406 -4.26062e-16)
(36.7028 3.12828 1.58824e-17)
(36.8729 2.9584 -4.05827e-16)
(37.0569 2.80262 4.0624e-16)
(37.258 2.66049 3.70029e-16)
(37.479 2.53315 -5.30467e-16)
(37.7227 2.42308 4.96212e-16)
(37.992 2.33432 0)
(38.2866 2.27268 -2.0532e-16)
(38.5989 2.24494 -1.86052e-16)
(38.918 2.25629 0)
(39.2354 2.30953 6.88032e-17)
(39.5438 2.40602 2.24083e-17)
(39.8352 2.54557 3.58067e-18)
(40.1009 2.72616 -4.22769e-17)
(40.3323 2.94384 6.4822e-18)
(40.5212 3.19272 -1.07489e-17)
(40.66 3.4648 1.36611e-16)
(40.7423 3.7504 8.12171e-18)
(40.7625 4.03711 0)
(40.7165 4.30926 5.55628e-17)
(40.603 4.54821 -1.61618e-16)
(40.4264 4.72257 3.49738e-16)
(40.2144 4.80319 0)
(37.191 8.97278 2.36265e-17)
(37.4465 9.24173 7.87763e-17)
(37.7578 9.51978 -8.8284e-17)
(38.1028 9.78095 -2.23923e-16)
(38.4582 10.0051 9.96141e-17)
(38.8473 10.207 2.75388e-17)
(39.253 10.3761 1.19917e-16)
(39.6639 10.5082 -1.41055e-16)
(40.0839 10.6058 -5.70322e-16)
(40.5054 10.6681 -5.51199e-16)
(40.9262 10.6957 9.53408e-16)
(41.3484 10.6892 -4.24607e-16)
(41.7697 10.6484 -1.53853e-15)
(42.1905 10.5725 1.12231e-15)
(42.611 10.4601 -1.37593e-15)
(43.0297 10.3092 7.3269e-16)
(43.4449 10.1176 1.29062e-15)
(43.8536 9.88292 4.68195e-16)
(44.2518 9.60313 0)
(44.6341 9.27667 -6.19985e-16)
(44.9944 8.90365 -1.67779e-15)
(45.3244 8.48554 -6.9501e-16)
(45.615 8.02606 1.20846e-17)
(45.8576 7.53151 -3.35393e-16)
(46.0467 7.00441 0)
(46.1779 6.43854 1.62419e-16)
(46.242 5.83028 -1.0155e-17)
(46.2257 5.18613 1.23805e-18)
(46.1163 4.51872 -1.48209e-16)
(45.9031 3.84508 8.38404e-16)
(45.5804 3.18633 -1.21489e-15)
(45.1496 2.56515 9.78094e-16)
(44.617 2.0008 6.50081e-17)
(43.9956 1.50888 -1.70489e-16)
(43.2882 1.09179 -1.21345e-15)
(42.504 0.761441 2.20591e-15)
(41.5911 0.502584 1.38162e-15)
(40.5603 0.455329 -6.99876e-17)
(39.4053 0.620862 0)
(36.9651 8.69453 -1.55569e-16)
(36.7617 8.4088 -4.05231e-16)
(36.5564 8.0646 2.12398e-16)
(36.3615 7.66598 -1.25375e-15)
(36.2022 7.24782 0)
(36.0802 6.7972 5.11197e-16)
(36.0039 6.32531 1.54367e-15)
(35.9773 5.86578 -1.13586e-15)
(35.9951 5.43956 1.15991e-15)
(36.0494 5.04782 6.72705e-16)
(36.1313 4.69544 6.60832e-16)
(36.2312 4.38705 -2.18182e-15)
(36.3435 4.11637 -1.14679e-15)
(36.4651 3.87698 4.05006e-16)
(36.5935 3.66487 1.3408e-17)
(36.7291 3.47423 -7.65492e-16)
(36.873 3.3008 4.05761e-16)
(37.0268 3.14201 3.80098e-16)
(37.193 2.9959 3.68914e-16)
(37.3745 2.86176 -3.44763e-16)
(37.5741 2.74031 3.33588e-16)
(37.7948 2.63357 1.37309e-16)
(38.0396 2.545 -1.17043e-17)
(38.3089 2.47995 -1.28643e-16)
(38.596 2.44495 0)
(38.8909 2.44527 0)
(39.1859 2.48388 2.00547e-17)
(39.4745 2.56245 -1.91271e-17)
(39.7494 2.68131 6.67626e-18)
(40.0025 2.83915 -6.79215e-18)
(40.2254 3.03281 -5.98311e-17)
(40.4102 3.25721 2.84037e-17)
(40.5494 3.50524 -2.58574e-16)
(40.6363 3.7679 0)
(40.6653 4.0335 -8.00215e-17)
(40.6322 4.28714 -5.29116e-17)
(40.5362 4.51094 -2.35771e-16)
(40.3812 4.6765 -6.91178e-16)
(40.195 4.75682 -9.59164e-16)
(37.3967 8.79819 -3.36782e-17)
(37.6413 9.04993 5.98731e-17)
(37.9391 9.30962 -5.12229e-17)
(38.2686 9.55274 -4.153e-17)
(38.6073 9.76046 2.78041e-17)
(38.9776 9.94658 2.42901e-17)
(39.363 10.1014 -1.4435e-16)
(39.7526 10.2209 7.05589e-17)
(40.1501 10.3079 5.30905e-16)
(40.5482 10.3615 -2.0309e-16)
(40.9449 10.3826 -6.20791e-16)
(41.3419 10.3717 -7.39868e-16)
(41.7375 10.3289 4.64071e-16)
(42.1319 10.2536 -2.1448e-15)
(42.5254 10.1443 5.60526e-16)
(42.9167 9.99951 7.11175e-16)
(43.3044 9.81712 -1.55539e-15)
(43.6858 9.59495 8.54833e-16)
(44.0573 9.33116 0)
(44.4139 9.02433 0)
(44.7499 8.67456 1.22881e-15)
(45.0579 8.28344 -3.182e-16)
(45.3293 7.85459 9.06918e-16)
(45.5562 7.39416 0)
(45.7339 6.90457 1.54353e-16)
(45.8589 6.37951 -3.44039e-16)
(45.923 5.81488 -1.75115e-17)
(45.9144 5.21601 -1.29511e-16)
(45.8212 4.59371 -4.02182e-16)
(45.6333 3.96258 -4.00131e-16)
(45.3442 3.34104 0)
(44.9532 2.74938 -8.58217e-16)
(44.464 2.20588 3.31171e-15)
(43.8857 1.72651 -1.80462e-16)
(43.2205 1.31735 0)
(42.4754 0.993159 0)
(41.613 0.748329 -1.34923e-15)
(40.6441 0.697958 0)
(39.574 0.849248 7.96549e-16)
(37.1802 8.5373 1.14646e-16)
(36.985 8.2691 2.41386e-16)
(36.7873 7.94551 -2.61548e-17)
(36.5992 7.57005 1.1398e-15)
(36.4447 7.17588 -2.12456e-16)
(36.3256 6.75068 1.68799e-15)
(36.2498 6.30512 -1.74877e-15)
(36.2214 5.87117 0)
(36.2352 5.46886 -1.08921e-15)
(36.2838 5.09937 1.66439e-15)
(36.3585 4.7674 5.77426e-16)
(36.45 4.47739 1.29899e-15)
(36.5531 4.22333 3.34246e-16)
(36.6644 3.99911 -6.9379e-16)
(36.7817 3.80084 2.5382e-17)
(36.905 3.6229 1.06367e-15)
(37.0355 3.4611 3.30141e-16)
(37.1746 3.31284 -2.64172e-17)
(37.3247 3.17601 -1.2654e-17)
(37.4884 3.04971 0)
(37.6685 2.9343 0)
(37.8681 2.83138 -5.59439e-16)
(38.0904 2.74387 0)
(38.3361 2.67663 4.78121e-18)
(38.5993 2.63589 5.05069e-17)
(38.871 2.62692 -1.46528e-16)
(39.1443 2.65274 -8.42332e-17)
(39.4134 2.71527 -3.54231e-17)
(39.6716 2.81523 0)
(39.9115 2.9519 -1.07375e-17)
(40.1253 3.12286 8.18127e-17)
(40.3051 3.3238 0)
(40.4435 3.54844 2.35484e-16)
(40.534 3.78853 0)
(40.571 4.03321 1.87946e-16)
(40.5501 4.26843 0)
(40.4707 4.47722 -6.31445e-17)
(40.3365 4.63399 3.47798e-16)
(40.1742 4.71383 -1.10193e-17)
(37.588 8.63229 -9.44116e-18)
(37.8221 8.86791 0)
(38.1069 9.11038 0)
(38.4215 9.3366 7.63774e-17)
(38.7444 9.52897 8.42607e-17)
(39.0969 9.70041 -4.6537e-17)
(39.4631 9.84185 6.86061e-17)
(39.8325 9.94985 1.22673e-16)
(40.2088 10.0269 -1.25249e-16)
(40.5848 10.0725 0)
(40.9588 10.0875 0)
(41.3324 10.0726 3.29242e-16)
(41.7037 10.0279 8.21339e-16)
(42.0734 9.95294 5.33934e-16)
(42.4417 9.84655 0)
(42.8074 9.70728 3.24674e-17)
(43.1693 9.53325 0)
(43.5249 9.32251 -8.11897e-16)
(43.8711 9.07343 0)
(44.2032 8.78472 0)
(44.5161 8.45649 -1.0402e-15)
(44.8029 8.09049 2.87714e-16)
(45.0557 7.69023 -8.53003e-16)
(45.2673 7.26167 1.41055e-16)
(45.4336 6.80721 -4.06823e-16)
(45.5519 6.32048 3.43236e-17)
(45.6152 5.79694 3.36872e-17)
(45.6128 5.24094 0)
(45.5337 4.6617 2.56357e-16)
(45.3682 4.07165 -5.74713e-16)
(45.1094 3.48685 1.12612e-16)
(44.7552 2.92535 8.22045e-16)
(44.3068 2.40437 1.09579e-16)
(43.7705 1.93995 -1.66092e-16)
(43.1473 1.54088 1.03389e-15)
(42.443 1.22393 0)
(41.6313 0.990886 0)
(40.7234 0.936574 1.5828e-15)
(39.7323 1.07129 -7.42103e-16)
(37.3804 8.3877 -9.77403e-17)
(37.1931 8.13594 1.99324e-16)
(37.0027 7.83173 3.32281e-16)
(36.8212 7.47806 0)
(36.6716 7.10647 0)
(36.5554 6.70524 -8.91682e-17)
(36.4803 6.28449 1.63907e-15)
(36.4503 5.87466 4.37494e-16)
(36.4607 5.49487 1.36602e-15)
(36.504 5.14635 -1.51312e-15)
(36.5721 4.83357 -1.66282e-15)
(36.6561 4.5608 -3.08566e-17)
(36.7506 4.32233 0)
(36.8526 4.11229 0)
(36.9597 3.92694 6.38733e-16)
(37.072 3.76084 -3.20664e-16)
(37.1905 3.60995 -3.22235e-16)
(37.3163 3.4716 -6.18901e-16)
(37.4517 3.34366 -1.79624e-18)
(37.5993 3.22498 0)
(37.7618 3.11567 -2.66421e-16)
(37.9421 3.0169 4.01151e-16)
(38.1436 2.93112 1.23504e-16)
(38.3673 2.86271 4.86039e-18)
(38.6082 2.81756 -2.46361e-16)
(38.8578 2.80084 5.98121e-18)
(39.1102 2.81561 1.22974e-16)
(39.3602 2.86389 4.02106e-18)
(39.6018 2.94673 -1.46146e-17)
(39.8282 3.06386 6.87317e-18)
(40.0321 3.21351 -8.27047e-17)
(40.206 3.39213 0)
(40.3428 3.59421 -8.70209e-17)
(40.436 3.81227 -1.8506e-16)
(40.4799 4.03636 -8.9494e-17)
(40.4703 4.25336 1.64142e-17)
(40.4066 4.44734 -5.6741e-17)
(40.2921 4.59527 0)
(40.1521 4.67442 8.76827e-16)
(37.7657 8.47457 -2.77895e-17)
(37.9899 8.69506 -1.78048e-17)
(38.2622 8.92139 3.88624e-17)
(38.5626 9.1318 -1.7315e-16)
(38.8704 9.30985 1.06783e-16)
(39.2059 9.46759 -1.02915e-17)
(39.5539 9.59664 6.87337e-17)
(39.9043 9.69391 -6.54163e-17)
(40.2605 9.76178 -1.12896e-16)
(40.6157 9.79994 -1.72059e-16)
(40.9683 9.80934 -2.78635e-16)
(41.3198 9.79073 1.2455e-17)
(41.6686 9.74432 -3.46335e-16)
(42.0151 9.66972 -3.8852e-16)
(42.3597 9.56596 5.27791e-17)
(42.7014 9.43175 -4.69269e-16)
(43.039 9.26544 -6.08435e-16)
(43.3704 9.06526 -7.35259e-16)
(43.6927 8.82975 1.52844e-15)
(44.0017 8.55777 0)
(44.2925 8.2495 9.8766e-16)
(44.5591 7.9068 2.59934e-16)
(44.794 7.53316 -5.05609e-16)
(44.9906 7.13441 2.48264e-16)
(45.1456 6.71278 2.58594e-16)
(45.257 6.26194 6.20798e-17)
(45.3187 5.77702 -9.16796e-17)
(45.3212 5.2615 5.83866e-17)
(45.2541 4.72318 5.44229e-17)
(45.1084 4.1727 -2.95137e-16)
(44.8771 3.62396 9.85198e-16)
(44.5567 3.09303 -1.76198e-16)
(44.1467 2.59588 -1.17448e-15)
(43.6509 2.14836 0)
(43.0694 1.76126 -1.21301e-15)
(42.407 1.45256 2.16603e-16)
(41.6457 1.22955 -1.03602e-15)
(40.7976 1.17064 -1.63283e-15)
(39.8804 1.28712 -7.95214e-16)
(37.5667 8.24528 -9.90476e-17)
(37.387 8.00898 -3.77163e-16)
(37.2039 7.72297 -6.8201e-16)
(37.0288 7.38984 -1.91319e-16)
(36.8839 7.03953 3.3018e-16)
(36.7707 6.66091 -1.39771e-15)
(36.6964 6.26356 -3.5817e-16)
(36.6652 5.87648 7.67926e-16)
(36.6724 5.51793 -2.13762e-15)
(36.711 5.18915 9.22546e-16)
(36.7731 4.89442 0)
(36.85 4.63784 -1.04942e-15)
(36.9367 4.41395 1.07391e-15)
(37.0302 4.21716 0)
(37.1281 4.04387 5.64575e-16)
(37.2304 3.88886 -1.14043e-15)
(37.3379 3.74816 2.87496e-16)
(37.4518 3.61914 -1.92851e-18)
(37.574 3.49961 5.43073e-16)
(37.7071 3.38827 -2.66639e-16)
(37.8535 3.28499 2.56684e-16)
(38.0163 3.19058 2.42242e-16)
(38.1987 3.10706 -1.10592e-16)
(38.402 3.0383 1.00059e-16)
(38.6219 2.98991 1.88768e-16)
(38.8507 2.96684 8.55555e-17)
(39.0831 2.97213 -7.64785e-17)
(39.3145 3.00784 3.39202e-17)
(39.5397 3.07523 -3.80826e-18)
(39.7524 3.17445 0)
(39.946 3.30425 7.84271e-17)
(40.1134 3.46175 -6.99531e-17)
(40.2476 3.64222 -2.44066e-17)
(40.3425 3.83892 1.34863e-17)
(40.3924 4.04286 -1.99985e-17)
(40.3932 4.24192 -1.32883e-16)
(40.3442 4.42132 2.22955e-16)
(40.2482 4.56035 4.08655e-16)
(40.1288 4.63839 0)
(37.931 8.32456 4.03506e-17)
(38.1456 8.53084 -2.42595e-17)
(38.4059 8.74205 -1.12742e-16)
(38.6928 8.93766 -7.60724e-18)
(38.9861 9.10235 -6.39784e-17)
(39.3054 9.24733 0)
(39.6361 9.36484 -1.63311e-17)
(39.9684 9.45217 -6.24843e-17)
(40.3057 9.51157 2.64194e-16)
(40.6413 9.54291 0)
(40.9737 9.54718 -7.06336e-16)
(41.3045 9.52517 8.39256e-16)
(41.6321 9.4772 0)
(41.9569 9.40298 3.77487e-17)
(42.2792 9.30169 -4.73321e-16)
(42.5984 9.17219 1.53359e-15)
(42.9132 9.01301 1.11594e-15)
(43.2219 8.8226 0)
(43.5217 8.59962 -3.97549e-17)
(43.8088 8.34315 7.60299e-16)
(44.0787 8.05344 0)
(44.326 7.73244 -4.69117e-16)
(44.5437 7.38361 8.92843e-16)
(44.726 7.01261 0)
(44.8699 6.62162 0)
(44.9742 6.20432 5.60764e-17)
(45.0338 5.75562 -5.46008e-17)
(45.0398 5.27823 0)
(44.983 4.77877 0)
(44.8548 4.26625 2.15964e-17)
(44.6482 3.75273 -7.47998e-16)
(44.3587 3.25241 1.61072e-16)
(43.9847 2.78009 1.02188e-15)
(43.5278 2.35107 -1.03701e-15)
(42.9875 1.97753 1.76492e-15)
(42.3674 1.67793 0)
(41.6561 1.46359 2.07987e-15)
(40.8662 1.3997 1.83004e-16)
(40.0183 1.49705 6.95379e-16)
(37.7403 8.10964 0)
(37.5679 7.88786 1.67517e-16)
(37.3917 7.619 -6.84544e-16)
(37.2229 7.30522 0)
(37.0828 6.97497 3.12362e-16)
(36.9726 6.61767 5.69658e-16)
(36.8992 6.24243 3.0511e-16)
(36.867 5.87684 0)
(36.8714 5.53832 -3.73994e-16)
(36.9056 5.22812 1.95688e-15)
(36.9621 4.95036 4.13694e-16)
(37.0326 4.70896 4.6624e-16)
(37.1122 4.49873 -9.73868e-16)
(37.1979 4.31433 0)
(37.2874 4.15228 -5.01597e-16)
(37.3805 4.00761 2.64836e-16)
(37.4781 3.87642 2.51135e-16)
(37.5811 3.75614 -1.16446e-17)
(37.6915 3.64453 2.42934e-16)
(37.8114 3.54021 -4.86424e-16)
(37.9433 3.44283 -4.56545e-16)
(38.0901 3.35292 4.34633e-16)
(38.255 3.27205 6.23151e-18)
(38.4395 3.20365 2.76747e-16)
(38.6398 3.15295 -2.64101e-16)
(38.8491 3.12474 3.80342e-17)
(39.0624 3.12196 -3.839e-17)
(39.276 3.14667 -3.21958e-17)
(39.4851 3.20025 -1.75652e-19)
(39.6842 3.28317 -5.00098e-17)
(39.8671 3.39461 0)
(40.0273 3.53229 6.63359e-17)
(40.1582 3.6922 0)
(40.2538 3.86836 -5.19522e-18)
(40.3088 4.05274 -2.25246e-17)
(40.319 4.23427 1.44151e-16)
(40.2836 4.39935 0)
(40.205 4.52946 -3.51302e-16)
(40.1046 4.60595 0)
(38.0848 8.18183 1.19129e-17)
(38.2901 8.37477 -5.54668e-18)
(38.539 8.57179 4.7093e-17)
(38.8128 8.75355 1.53877e-16)
(39.0923 8.90575 5.00674e-17)
(39.3962 9.03886 1.38972e-17)
(39.7104 9.14566 5.83563e-17)
(40.0256 9.22378 -9.97461e-17)
(40.3448 9.27537 -7.9446e-17)
(40.662 9.30044 -3.42879e-17)
(40.9754 9.30004 8.90004e-16)
(41.2867 9.27498 3.03029e-17)
(41.5943 9.22566 0)
(41.8987 9.15188 7.28367e-16)
(42.2003 9.05293 -4.26982e-16)
(42.4982 8.92785 4.38484e-16)
(42.7917 8.77534 -5.53993e-17)
(43.0791 8.59399 -5.93816e-16)
(43.3577 8.38269 -6.9531e-16)
(43.6242 8.14066 -4.01786e-16)
(43.8743 7.86823 3.74796e-16)
(44.1033 7.56743 0)
(44.3047 7.24171 -4.25171e-16)
(44.4732 6.89659 -3.98319e-16)
(44.6063 6.53414 -1.98153e-16)
(44.7035 6.14811 -1.9588e-16)
(44.7603 5.73328 2.40097e-17)
(44.7689 5.29171 1.89003e-16)
(44.7208 4.82899 -9.32318e-17)
(44.608 4.35277 8.78617e-16)
(44.4234 3.87344 -1.68846e-16)
(44.1623 3.40357 -1.47012e-16)
(43.8219 2.95669 1.1686e-15)
(43.4021 2.54742 9.93359e-16)
(42.902 2.18869 -1.69025e-15)
(42.3244 1.89902 1.17775e-15)
(41.6624 1.69219 1.23844e-17)
(40.9287 1.6231 1.55779e-15)
(40.1458 1.70111 -8.67631e-16)
(37.902 7.98042 -2.98323e-16)
(37.7367 7.77229 6.67099e-17)
(37.5673 7.51957 1.26443e-15)
(37.4046 7.22405 -5.29617e-16)
(37.2691 6.91271 2.57529e-16)
(37.1618 6.57554 -1.09576e-15)
(37.0896 6.22118 -1.64444e-15)
(37.0565 5.87586 5.98937e-16)
(37.0583 5.55625 0)
(37.0886 5.26357 -1.46811e-15)
(37.1399 5.00179 -7.97792e-16)
(37.2045 4.77465 -8.11875e-16)
(37.2775 4.5772 1.51983e-17)
(37.356 4.40435 4.62713e-16)
(37.4378 4.25279 8.67164e-18)
(37.5227 4.11772 2.33448e-16)
(37.6113 3.99538 -7.07558e-16)
(37.7045 3.88327 -2.34895e-16)
(37.8041 3.77911 0)
(37.9121 3.68147 -2.1357e-16)
(38.0309 3.58981 2.12619e-16)
(38.1631 3.50438 -5.90951e-16)
(38.312 3.42643 3.81611e-16)
(38.4793 3.35891 -2.60837e-16)
(38.6614 3.30673 2.48788e-16)
(38.8523 3.27447 1.49278e-16)
(39.0477 3.26491 3.12295e-19)
(39.2442 3.28006 0)
(39.4377 3.32137 -1.3099e-19)
(39.6232 3.38952 4.74517e-17)
(39.7953 3.48408 -8.57061e-17)
(39.9479 3.60328 1.81313e-16)
(40.0748 3.74379 -1.90397e-16)
(40.1703 3.90033 2.29226e-16)
(40.2295 4.06583 4.48604e-17)
(40.248 4.2303 -4.35043e-17)
(40.2251 4.38137 0)
(40.1625 4.50253 0)
(40.0796 4.57691 0)
(38.2278 8.04597 -1.12204e-17)
(38.4242 8.22638 1.30771e-16)
(38.6621 8.41009 1.90759e-16)
(38.9234 8.57888 -3.08509e-17)
(39.1897 8.71946 -1.09891e-16)
(39.4789 8.8415 3.7025e-18)
(39.7774 8.93837 -4.28054e-17)
(40.0763 9.00798 -5.51827e-16)
(40.3785 9.05238 -4.372e-16)
(40.6781 9.07171 3.07688e-16)
(40.9737 9.06709 -4.34192e-17)
(41.2666 9.0393 -4.69973e-17)
(41.5554 8.98882 0)
(41.8406 8.91555 0)
(42.1227 8.8189 -3.85123e-16)
(42.4008 8.69801 8.28003e-16)
(42.6743 8.55177 -1.39931e-15)
(42.9416 8.37892 4.71227e-16)
(43.2003 8.17852 5.522e-16)
(43.4474 7.94996 -6.11386e-16)
(43.679 7.69361 0)
(43.8906 7.41165 7.26846e-16)
(44.0765 7.10745 -3.60567e-16)
(44.2318 6.78641 9.26464e-16)
(44.3546 6.45051 7.92937e-18)
(44.4447 6.09361 1.42042e-16)
(44.4984 5.71041 2.14053e-17)
(44.5087 5.30244 -1.75837e-16)
(44.4679 4.8744 8.41897e-17)
(44.3684 4.43276 -1.84899e-17)
(44.2037 3.98648 -4.37821e-16)
(43.9684 3.54661 1.25178e-16)
(43.6592 3.12549 -1.34368e-15)
(43.2747 2.73686 6.61597e-16)
(42.8137 2.39394 2.04409e-16)
(42.2781 2.11483 -4.1527e-17)
(41.6644 1.9148 -1.92626e-15)
(40.985 1.84041 -1.25803e-15)
(40.2631 1.89932 7.0541e-16)
(38.0527 7.85726 1.17388e-16)
(37.8941 7.66196 0)
(37.7313 7.42445 -2.73827e-17)
(37.5746 7.14617 0)
(37.4436 6.85268 9.21907e-16)
(37.3393 6.53452 0)
(37.2683 6.19988 1.01495e-15)
(37.2345 5.87373 5.07747e-16)
(37.2341 5.57195 5.85977e-16)
(37.2607 5.29579 0)
(37.3072 5.04904 6.6141e-16)
(37.3663 4.83527 1.51481e-15)
(37.4333 4.64978 0)
(37.5052 4.48772 1.42285e-17)
(37.58 4.34591 6.74477e-18)
(37.6573 4.21978 6.39707e-16)
(37.7377 4.10568 0)
(37.822 4.00117 4.10599e-16)
(37.9119 3.90399 -4.12439e-16)
(38.0091 3.81265 0)
(38.116 3.72648 -1.87058e-16)
(38.2351 3.64551 5.48777e-16)
(38.3694 3.57063 -3.45126e-16)
(38.5208 3.50441 1.5894e-16)
(38.6861 3.45143 0)
(38.8599 3.41601 -1.41757e-16)
(39.0384 3.40081 6.50551e-17)
(39.2186 3.40773 0)
(39.3971 3.43821 6.59886e-18)
(39.5694 3.4931 4.79171e-17)
(39.7306 3.57226 8.13002e-17)
(39.8752 3.67437 -1.74433e-16)
(39.9976 3.79669 -5.32749e-18)
(40.0923 3.93464 3.03811e-17)
(40.1546 4.08208 -2.06097e-16)
(40.1804 4.23006 0)
(40.1687 4.36748 -3.66077e-16)
(40.1208 4.47968 0)
(40.054 4.55146 5.19123e-17)
(38.3609 7.91661 1.13242e-17)
(38.5487 8.08527 0)
(38.776 8.25649 -1.59985e-16)
(39.0253 8.41314 1.01925e-16)
(39.2791 8.54285 4.49155e-17)
(39.5542 8.65462 -1.58578e-17)
(39.8377 8.74229 1.44824e-16)
(40.1211 8.80406 3.37939e-16)
(40.4071 8.84185 2.41286e-16)
(40.6901 8.85596 5.42738e-16)
(40.9687 8.84753 -7.36575e-16)
(41.2443 8.81733 3.91571e-16)
(41.5154 8.76592 4.90641e-16)
(41.7827 8.69326 5.67e-16)
(42.0464 8.59885 0)
(42.306 8.48197 -7.28091e-16)
(42.5607 8.34164 0)
(42.8091 8.1768 -1.43374e-15)
(43.0492 7.98663 4.95967e-16)
(43.2781 7.77065 5.80837e-16)
(43.4922 7.52935 0)
(43.6875 7.26494 -6.92628e-16)
(43.8587 6.9808 6.83404e-16)
(44.0015 6.68218 -6.7062e-16)
(44.1144 6.37097 0)
(44.1975 6.04118 0)
(44.2479 5.68747 0)
(44.2591 5.31092 7.779e-17)
(44.2244 4.91551 -7.59319e-17)
(44.1366 4.50669 -2.97274e-16)
(43.9896 4.09218 5.59686e-16)
(43.7779 3.68167 0)
(43.4975 3.28631 -9.4191e-16)
(43.1466 2.91888 -1.02774e-15)
(42.7232 2.59249 1.56454e-15)
(42.2288 2.32445 -1.18056e-15)
(41.6619 2.1307 9.12043e-16)
(41.0346 2.05117 0)
(40.3701 2.09164 -7.9134e-16)
(38.1932 7.73984 -1.56839e-17)
(38.0411 7.55661 -1.15692e-16)
(37.8847 7.33344 -3.10616e-16)
(37.7338 7.07142 0)
(37.6072 6.79479 -8.65728e-16)
(37.5059 6.49457 -1.62778e-15)
(37.4361 6.17858 4.45992e-16)
(37.4018 5.87054 -1.46695e-15)
(37.3993 5.5856 0)
(37.4225 5.32499 1.1098e-15)
(37.4647 5.09239 -1.27705e-15)
(37.5187 4.89116 6.65621e-16)
(37.58 4.71686 -3.56983e-16)
(37.6459 4.56486 -7.31806e-16)
(37.7142 4.43214 1.13743e-17)
(37.7846 4.3143 -5.21727e-18)
(37.8576 4.20786 1.97658e-16)
(37.9339 4.11041 0)
(38.0149 4.01974 0)
(38.1025 3.93434 0)
(38.1986 3.85339 0)
(38.3057 3.77676 1.63111e-16)
(38.4268 3.70504 1.54246e-16)
(38.5636 3.64046 -4.31855e-18)
(38.7135 3.58723 0)
(38.8714 3.54946 0)
(39.034 3.52962 0)
(39.1989 3.52948 -6.66968e-18)
(39.363 3.55048 1.88425e-17)
(39.5225 3.59353 -7.93953e-17)
(39.6729 3.65873 -6.14677e-17)
(39.8093 3.74513 0)
(39.9266 3.85052 1.24828e-16)
(40.0198 3.971 0)
(40.0843 4.10123 1.96158e-16)
(40.1163 4.23338 0)
(40.1148 4.35755 3.48727e-16)
(40.0803 4.46079 -4.79364e-17)
(40.028 4.52943 4.55533e-17)
(38.4847 7.79341 -2.18854e-17)
(38.6643 7.95102 2.87781e-17)
(38.8814 8.11053 -1.28024e-16)
(39.1192 8.25583 -9.15775e-18)
(39.3609 8.37542 -1.1448e-16)
(39.6226 8.47762 -2.42149e-17)
(39.8918 8.55677 2.36721e-16)
(40.1604 8.6113 -9.95752e-17)
(40.4311 8.64305 3.68798e-16)
(40.6984 8.65243 -5.14064e-16)
(40.961 8.6406 3.45611e-16)
(41.2202 8.6083 -3.55704e-16)
(41.4747 8.55618 -4.65533e-16)
(41.725 8.48423 -1.60344e-15)
(41.9715 8.39207 5.68319e-16)
(42.2137 8.27907 2.04823e-15)
(42.4508 8.14439 -1.4535e-15)
(42.6816 7.98711 3.80772e-16)
(42.9042 7.80656 9.18452e-16)
(43.116 7.6024 4.91157e-16)
(43.3137 7.37518 5.36826e-16)
(43.4936 7.12717 5.8313e-16)
(43.651 6.86173 3.0437e-16)
(43.782 6.58396 -5.84266e-16)
(43.8854 6.29569 -2.88321e-16)
(43.9618 5.99106 -1.79503e-16)
(44.0086 5.66478 3.59585e-17)
(44.0203 5.31758 0)
(43.9905 4.9528 0)
(43.913 4.57504 0)
(43.7817 4.19094 2.40141e-16)
(43.5913 3.80895 -9.03533e-16)
(43.3378 3.43908 1.6125e-15)
(43.0183 3.09313 -1.95359e-16)
(42.631 2.78369 -1.31964e-15)
(42.1766 2.52717 0)
(41.655 2.3394 8.30956e-16)
(41.0775 2.255 -1.25704e-16)
(40.4668 2.27802 1.66248e-15)
(38.3241 7.62787 5.47016e-18)
(38.1783 7.456 0)
(38.0281 7.24633 6.68313e-16)
(37.8829 6.99966 -1.0946e-15)
(37.7607 6.73895 1.08085e-15)
(37.6623 6.45571 1.53027e-15)
(37.5938 6.15734 0)
(37.5591 5.8664 2.10903e-15)
(37.5547 5.59735 -2.77598e-15)
(37.5748 5.35142 -2.04183e-15)
(37.6129 5.13211 5.55578e-16)
(37.6621 4.94265 0)
(37.7183 4.77882 6.28155e-16)
(37.7786 4.63621 -6.62694e-16)
(37.8409 4.51194 1.6784e-17)
(37.905 4.4018 -6.91469e-16)
(37.9713 4.30245 6.90974e-16)
(38.0403 4.21155 0)
(38.1133 4.12696 0)
(38.1921 4.0471 -3.23545e-16)
(38.2785 3.97112 4.78145e-16)
(38.3748 3.89869 0)
(38.4839 3.83017 -4.31673e-16)
(38.6073 3.76745 1.36747e-16)
(38.743 3.71442 0)
(38.8863 3.67494 1.21349e-16)
(39.0342 3.65133 0)
(39.1846 3.6452 -2.6507e-17)
(39.3351 3.65795 -1.16066e-17)
(39.4821 3.69051 -9.27899e-18)
(39.6219 3.74314 1.38622e-16)
(39.7501 3.81521 -4.51529e-18)
(39.862 3.90497 -3.48541e-17)
(39.9529 4.00914 0)
(40.0189 4.12315 5.15248e-17)
(40.0561 4.2402 -9.80313e-17)
(40.0634 4.35157 -2.85482e-16)
(40.041 4.44592 -9.19326e-17)
(40.0018 4.51093 -5.12541e-17)
(38.5998 7.67603 1.69124e-18)
(38.7715 7.82326 -4.0194e-17)
(38.9788 7.9718 1.54963e-16)
(39.2056 8.10648 -5.46183e-17)
(39.4357 8.21663 4.12066e-17)
(39.6845 8.30996 0)
(39.9401 8.38123 9.13074e-17)
(40.1947 8.42911 -9.31894e-17)
(40.4507 8.45536 -1.10722e-17)
(40.7031 8.46046 1.96129e-16)
(40.9506 8.44559 2.6261e-16)
(41.1943 8.41152 -6.81964e-16)
(41.4332 8.35889 -8.03061e-16)
(41.6676 8.28779 1.41101e-15)
(41.898 8.19787 0)
(42.1238 8.08864 -3.25095e-17)
(42.3444 7.95937 6.95138e-16)
(42.5587 7.80927 -7.70579e-16)
(42.765 7.6378 8.02294e-16)
(42.9608 7.44476 -2.2765e-15)
(43.1431 7.23075 -2.74271e-17)
(43.3087 6.99808 -5.53873e-16)
(43.4531 6.75007 -7.9653e-16)
(43.573 6.49169 5.4139e-16)
(43.6675 6.22472 1.41356e-16)
(43.7373 5.94346 2.05674e-16)
(43.7805 5.64267 -4.93645e-17)
(43.7921 5.32283 -4.71839e-17)
(43.7664 4.98673 4.20612e-16)
(43.6978 4.63826 -2.3408e-16)
(43.5805 4.2831 1.12912e-16)
(43.4096 3.92862 1.05429e-15)
(43.1806 3.58377 -1.75718e-15)
(42.8907 3.25926 0)
(42.5376 2.967 1.15901e-15)
(42.1218 2.72228 -7.46607e-16)
(41.6436 2.54034 -1.01534e-15)
(41.1135 2.45153 1.13553e-15)
(40.5535 2.45834 -7.50738e-16)
(38.4461 7.52106 -9.00552e-17)
(38.3064 7.35987 8.10867e-17)
(38.1623 7.16293 -1.21942e-15)
(38.0226 6.93077 1.30042e-15)
(37.9046 6.68508 -1.9647e-15)
(37.8091 6.41788 -1.28454e-15)
(37.7419 6.13617 -3.53438e-16)
(37.707 5.86141 -1.20069e-15)
(37.7009 5.60736 1.73094e-15)
(37.7181 5.37526 4.8428e-17)
(37.7523 5.16846 0)
(37.7972 4.99004 -5.36229e-16)
(37.8486 4.836 5.70055e-16)
(37.9037 4.70215 1.00889e-17)
(37.9606 4.58573 -6.04318e-16)
(38.0189 4.48274 9.21567e-16)
(38.079 4.38995 -4.72953e-16)
(38.1414 4.30513 -1.55108e-16)
(38.2072 4.22617 4.57677e-16)
(38.2781 4.1515 0)
(38.3557 4.08019 -1.47995e-16)
(38.4422 4.01179 -1.36995e-16)
(38.5403 3.94644 2.6566e-16)
(38.6517 3.88573 -3.81034e-16)
(38.7743 3.83324 1.23775e-16)
(38.904 3.79262 -6.01393e-17)
(39.0383 3.76601 -5.57407e-17)
(39.1753 3.75486 2.51702e-17)
(39.3128 3.76047 0)
(39.448 3.78377 -4.30204e-17)
(39.5775 3.82517 7.90689e-17)
(39.6974 3.88427 0)
(39.8036 3.95968 1.32665e-16)
(39.8918 4.04874 0)
(39.9584 4.14753 0)
(39.9998 4.25026 0)
(40.0148 4.34933 3.60639e-16)
(40.0031 4.43488 -3.67682e-16)
(39.9758 4.49579 0)
(38.707 7.56417 4.96012e-17)
(38.871 7.70166 1.29008e-17)
(39.0689 7.83989 -8.66228e-17)
(39.2851 7.96466 -1.69813e-16)
(39.5041 8.06602 4.51404e-17)
(39.7406 8.15111 0)
(39.9832 8.2151 2.10842e-16)
(40.2243 8.25689 -8.69192e-17)
(40.4665 8.27813 1.69355e-16)
(40.7048 8.27938 -6.14872e-16)
(40.9379 8.26185 2.84302e-16)
(41.1671 8.22628 7.46872e-17)
(41.3911 8.17337 8.1499e-17)
(41.6106 8.10322 -1.28253e-15)
(41.8258 8.01558 -9.47024e-16)
(42.0362 7.91004 6.45414e-18)
(42.2415 7.78597 -5.8431e-16)
(42.4403 7.64272 6.92925e-16)
(42.6313 7.47984 -1.09963e-15)
(42.8122 7.29728 4.41483e-16)
(42.9802 7.0957 -8.5886e-16)
(43.1323 6.87738 0)
(43.2647 6.64567 9.68875e-16)
(43.3741 6.40535 -2.42731e-16)
(43.4602 6.15813 1.25273e-16)
(43.5238 5.89853 1.19633e-16)
(43.5634 5.62141 -3.00829e-17)
(43.5746 5.32701 5.51305e-17)
(43.5523 5.01771 -1.23093e-16)
(43.4913 4.69676 3.14941e-16)
(43.3865 4.36904 -2.0356e-16)
(43.2331 4.04095 0)
(43.0268 3.72041 -1.65779e-16)
(42.7645 3.41708 4.56679e-16)
(42.4437 3.14202 -1.3982e-15)
(42.0646 2.90928 7.23025e-16)
(41.6278 2.73319 9.24901e-16)
(41.1426 2.64049 1.02674e-16)
(40.6302 2.63251 7.1242e-16)
(38.5599 7.41914 6.68753e-17)
(38.4261 7.268 -1.60623e-16)
(38.2878 7.08305 6.82147e-16)
(38.1534 6.86459 -8.92991e-16)
(38.0396 6.63311 1.48863e-15)
(37.947 6.38107 6.64462e-17)
(37.8812 6.11512 -3.14957e-16)
(37.846 5.85564 -9.96637e-16)
(37.8384 5.61575 1.46581e-15)
(37.8529 5.39669 4.29487e-16)
(37.8837 5.20166 8.91768e-16)
(37.9245 5.0336 -4.84015e-16)
(37.9713 4.88872 4.98619e-16)
(38.0217 4.76303 1.0799e-15)
(38.0735 4.65391 -1.10148e-15)
(38.1266 4.55753 5.49724e-16)
(38.181 4.47083 2.7537e-16)
(38.2374 4.39163 -1.43715e-16)
(38.2967 4.31789 -1.41874e-16)
(38.3604 4.24804 4.0182e-16)
(38.4301 4.18111 -2.6777e-16)
(38.5078 4.11656 4.85703e-18)
(38.596 4.05432 1.19658e-16)
(38.6963 3.99571 -1.19021e-16)
(38.807 3.94405 1.09719e-16)
(38.9243 3.90275 0)
(39.0459 3.87377 2.5551e-17)
(39.1704 3.85844 1.8864e-17)
(39.2958 3.85792 5.76048e-18)
(39.4198 3.87314 -2.84961e-19)
(39.5393 3.90456 -2.63728e-16)
(39.6511 3.95198 3.67666e-17)
(39.7514 4.01435 1.96663e-16)
(39.8364 4.08951 -6.26385e-17)
(39.9029 4.17416 -5.27745e-17)
(39.9476 4.26341 5.12889e-17)
(39.969 4.35075 -3.7939e-16)
(39.9667 4.42763 7.13067e-16)
(39.95 4.48409 0)
(38.8067 7.45755 -1.18493e-17)
(38.9634 7.58588 -6.26854e-18)
(39.1521 7.71447 3.89093e-17)
(39.3582 7.82998 1.19759e-16)
(39.5665 7.92314 -4.23573e-17)
(39.7912 8.00058 -3.86683e-17)
(40.0213 8.05788 2.3569e-19)
(40.2497 8.09409 2.38064e-16)
(40.4787 8.11078 -4.16732e-16)
(40.7035 8.10861 3.74079e-16)
(40.9231 8.08877 4.64641e-16)
(41.1385 8.05198 5.85671e-16)
(41.3486 7.99897 6.88733e-16)
(41.554 7.92991 7.525e-16)
(41.755 7.84457 1.75208e-15)
(41.9511 7.74264 -4.45582e-16)
(42.1419 7.6236 5.36618e-16)
(42.3263 7.48689 -6.21369e-16)
(42.503 7.3322 1.32406e-15)
(42.67 7.15952 -7.06518e-16)
(42.8246 6.96964 1.58364e-15)
(42.9642 6.7648 0)
(43.0853 6.54828 -4.47889e-16)
(43.185 6.32477 -8.54009e-18)
(43.2632 6.09589 4.33864e-16)
(43.3209 5.85637 -1.09714e-16)
(43.357 5.60119 0)
(43.3675 5.33043 -1.52968e-16)
(43.3479 5.04609 3.69685e-17)
(43.2937 4.75092 0)
(43.2 4.4491 3.50629e-16)
(43.0625 4.14616 0)
(42.8769 3.84906 3.06647e-16)
(42.6401 3.56645 8.43865e-16)
(42.3497 3.30842 -1.20373e-15)
(42.0054 3.08771 -6.00263e-16)
(41.6078 2.91756 -1.51819e-15)
(41.165 2.82167 -8.86469e-16)
(40.6971 2.80041 -1.44943e-15)
(38.666 7.32188 0)
(38.5378 7.18018 -2.61492e-16)
(38.4052 7.00654 2.51378e-16)
(38.2761 6.80102 -2.41968e-16)
(38.1663 6.58296 1.01285e-15)
(38.0765 6.34525 2.36051e-15)
(38.0121 6.09421 -7.78356e-16)
(37.9769 5.84916 6.56729e-16)
(37.9679 5.62265 -1.38259e-15)
(37.9799 5.41587 1.42274e-15)
(38.0073 5.2319 -7.81559e-16)
(38.0444 5.07356 4.32821e-16)
(38.087 4.93724 -1.39006e-15)
(38.1329 4.81916 4.83673e-16)
(38.1802 4.71682 7.37213e-16)
(38.2284 4.62658 -7.68087e-16)
(38.2777 4.54549 2.4478e-16)
(38.3286 4.47149 -5.12773e-16)
(38.382 4.40258 0)
(38.4393 4.33722 -3.71245e-16)
(38.5018 4.2744 3.62346e-16)
(38.5715 4.21348 1.19058e-16)
(38.6507 4.15425 -1.1005e-16)
(38.741 4.0978 1.04699e-16)
(38.8408 4.04717 -1.09355e-16)
(38.9467 4.00557 -1.01157e-16)
(39.0567 3.97479 -4.72942e-17)
(39.1695 3.956 3.27668e-17)
(39.2837 3.95027 -1.08569e-17)
(39.397 3.95847 3.9026e-17)
(39.5071 3.98108 2.18009e-16)
(39.6108 4.01807 0)
(39.7052 4.06866 -4.42205e-16)
(39.7867 4.13111 -2.44018e-16)
(39.8525 4.2027 2.17172e-16)
(39.8995 4.27936 -5.11897e-17)
(39.9263 4.35555 6.45501e-16)
(39.9322 4.42395 1.04063e-17)
(39.9247 4.47563 8.58148e-16)
(38.8994 7.35589 -2.19424e-17)
(39.049 7.47564 1.82948e-16)
(39.229 7.59518 2.97934e-17)
(39.4253 7.70203 -6.40565e-17)
(39.6234 7.78758 4.2557e-18)
(39.8368 7.85795 0)
(40.055 7.90907 -1.4653e-16)
(40.2713 7.94018 5.47609e-16)
(40.4877 7.95277 -4.44003e-16)
(40.6998 7.94756 -3.25664e-16)
(40.9064 7.92571 4.46704e-16)
(41.1088 7.88797 -4.80864e-16)
(41.3059 7.83506 0)
(41.498 7.7672 -3.62307e-17)
(41.6856 7.6842 3.68759e-16)
(41.8683 7.58584 -3.74219e-16)
(42.0455 7.47166 -1.00886e-15)
(42.2165 7.34123 5.56904e-16)
(42.3799 7.19432 -5.76544e-16)
(42.5339 7.03102 -6.30465e-16)
(42.6761 6.85215 -1.41517e-15)
(42.804 6.65995 0)
(42.9146 6.45766 -1.96492e-16)
(43.0054 6.2498 -1.95783e-16)
(43.0762 6.03797 1.85923e-16)
(43.1284 5.81703 0)
(43.161 5.58216 0)
(43.1706 5.33332 4.72731e-17)
(43.1534 5.0722 -1.83515e-16)
(43.105 4.80111 0)
(43.0212 4.52363 -3.3574e-16)
(42.898 4.24453 0)
(42.7314 3.96989 -8.55276e-16)
(42.5182 3.70736 4.83974e-16)
(42.2562 3.46601 6.91529e-16)
(41.9445 3.25731 7.92769e-16)
(41.5838 3.09324 1.26901e-15)
(41.1808 2.99485 0)
(40.7544 2.96192 -4.81853e-18)
(38.7649 7.22902 2.33923e-17)
(38.6422 7.09623 3.72195e-16)
(38.5151 6.93323 -5.07992e-16)
(38.391 6.73994 -8.7941e-16)
(38.2852 6.53455 -1.85402e-15)
(38.1982 6.31039 -5.21734e-17)
(38.1353 6.07343 3.42446e-15)
(38.1 5.84204 -1.08714e-15)
(38.0898 5.62814 5.94201e-16)
(38.0995 5.43295 -1.34323e-15)
(38.1238 5.25939 3.70891e-17)
(38.1573 5.11016 3.89135e-16)
(38.1961 4.98184 -4.14648e-16)
(38.2379 4.87085 4.24135e-16)
(38.2809 4.77481 -2.30271e-16)
(38.3246 4.69025 2.23561e-16)
(38.3693 4.61436 0)
(38.4152 4.54516 0)
(38.4633 4.48071 0)
(38.5147 4.41951 2.23018e-16)
(38.5708 4.36052 -4.4273e-16)
(38.6332 4.30303 -2.10491e-16)
(38.7043 4.2467 2.12066e-16)
(38.7855 4.19242 -8.95484e-17)
(38.8754 4.14298 9.69456e-17)
(38.9709 4.10139 9.01188e-17)
(39.0702 4.06928 0)
(39.1724 4.04767 -4.15889e-17)
(39.276 4.03753 -4.90556e-18)
(39.3794 4.03966 0)
(39.4804 4.05456 -1.39496e-16)
(39.5764 4.0823 -3.26154e-16)
(39.6648 4.12232 4.29561e-16)
(39.7426 4.17327 2.26492e-16)
(39.807 4.2329 -1.06037e-16)
(39.8556 4.29788 -1.97563e-16)
(39.8868 4.36356 -3.55142e-16)
(39.8995 4.42373 -2.52411e-16)
(39.9002 4.4704 -6.56317e-16)
(38.9856 7.25895 -1.07767e-17)
(39.1284 7.37063 -6.00678e-17)
(39.3 7.48171 0)
(39.4868 7.58047 7.88689e-17)
(39.6751 7.65895 5.15307e-18)
(39.8778 7.72275 -6.97193e-17)
(40.0846 7.76821 7.28714e-17)
(40.2892 7.79468 -2.12545e-16)
(40.4937 7.80357 6.9622e-16)
(40.6937 7.79567 -3.22086e-16)
(40.8882 7.77215 -3.99093e-16)
(41.0783 7.73369 4.98879e-16)
(41.2629 7.68107 6.33173e-17)
(41.4427 7.61451 -1.23814e-15)
(41.6177 7.5339 -6.79763e-16)
(41.7877 7.43905 -7.16344e-16)
(41.9524 7.3296 0)
(42.1108 7.20521 0)
(42.2618 7.06572 -5.16476e-16)
(42.4037 6.9113 6.28776e-16)
(42.5344 6.74284 9.67984e-16)
(42.6515 6.56252 -1.34172e-15)
(42.7524 6.37354 6.78767e-16)
(42.8348 6.18028 1.78309e-16)
(42.8988 5.98423 -1.77436e-16)
(42.9458 5.7805 0)
(42.9752 5.56443 -1.04491e-17)
(42.9839 5.33588 1.02235e-17)
(42.9684 5.09631 1.5777e-16)
(42.9252 4.84765 1.42566e-16)
(42.8503 4.59296 2.83434e-16)
(42.7399 4.33633 -8.03033e-16)
(42.5906 4.08305 2.62545e-16)
(42.3992 3.83982 -4.78846e-16)
(42.1634 3.6147 8.08047e-16)
(41.8822 3.41788 0)
(41.5561 3.26005 -4.64892e-16)
(41.1904 3.15993 -1.28019e-16)
(40.8027 3.1169 6.79271e-16)
(38.8571 7.14035 -2.48372e-16)
(38.7397 7.01593 3.03926e-16)
(38.6179 6.86298 1.87732e-16)
(38.4988 6.68122 2.37252e-16)
(38.3968 6.48781 8.48096e-16)
(38.3126 6.27645 -1.27943e-15)
(38.2511 6.05282 -3.08462e-15)
(38.216 5.83433 -4.93843e-16)
(38.2045 5.63235 1.07401e-15)
(38.2121 5.44806 1.1487e-15)
(38.2336 5.28429 6.64382e-16)
(38.2638 5.1436 -7.01963e-16)
(38.299 5.02277 1.09849e-15)
(38.3369 4.91838 -7.87483e-16)
(38.376 4.82819 -4.07263e-16)
(38.4156 4.74889 -6.23207e-16)
(38.456 4.67781 6.25172e-16)
(38.4974 4.61303 4.15952e-16)
(38.5407 4.55271 -4.18938e-16)
(38.5868 4.49535 3.03672e-16)
(38.637 4.43992 -1.70794e-18)
(38.693 4.38566 0)
(38.7567 4.33211 8.90006e-17)
(38.8296 4.27998 1.84079e-16)
(38.9105 4.23184 8.61671e-17)
(38.9965 4.19049 -3.13353e-18)
(39.0861 4.15744 -8.33774e-17)
(39.1785 4.13357 1.96071e-17)
(39.2724 4.11974 4.65773e-18)
(39.3665 4.11668 -3.40339e-17)
(39.4589 4.12488 1.67617e-16)
(39.5476 4.14448 1.89101e-16)
(39.6301 4.17509 6.37807e-17)
(39.7039 4.21567 1.08559e-16)
(39.7666 4.26442 -1.09138e-16)
(39.8159 4.31864 9.45521e-17)
(39.8505 4.37447 -9.17397e-17)
(39.8691 4.4267 0)
(39.8766 4.46821 -6.45265e-16)
(39.0658 7.16649 -5.17302e-17)
(39.202 7.2706 -6.39739e-17)
(39.3655 7.37374 1.46506e-16)
(39.5432 7.46496 -1.19857e-16)
(39.7222 7.53687 2.76168e-17)
(39.9144 7.59462 1.4184e-16)
(40.1104 7.63486 1.22001e-16)
(40.3039 7.65712 -6.22961e-16)
(40.497 7.6627 4.27647e-16)
(40.6855 7.65245 0)
(40.8685 7.62751 0)
(41.0469 7.58857 -3.73492e-16)
(41.22 7.53641 -5.04497e-16)
(41.388 7.47127 5.35501e-16)
(41.5512 7.39307 1.31929e-15)
(41.7095 7.3017 4.90782e-17)
(41.8623 7.19686 0)
(42.0091 7.07828 0)
(42.1485 6.94588 9.27153e-16)
(42.2792 6.7999 1.04155e-15)
(42.3991 6.64126 -8.33772e-18)
(42.5063 6.47212 -2.77166e-16)
(42.5982 6.2956 -1.50672e-17)
(42.6729 6.11593 2.98565e-16)
(42.7306 5.93454 5.66402e-18)
(42.7729 5.74673 -1.50798e-16)
(42.7992 5.54804 1.86758e-17)
(42.8069 5.33826 -1.82845e-17)
(42.793 5.11865 -1.41274e-16)
(42.7542 4.89082 -5.4751e-16)
(42.6872 4.65738 1.15988e-16)
(42.5885 4.42183 5.11844e-16)
(42.4549 4.18875 -6.71825e-16)
(42.2834 3.96394 1.58552e-17)
(42.0718 3.7545 -5.77229e-16)
(41.819 3.56935 -7.93506e-16)
(41.525 3.41792 -3.88698e-16)
(41.194 3.31682 0)
(40.8423 3.26529 6.54224e-16)
(38.943 7.05566 8.69384e-17)
(38.8307 6.93913 -3.91071e-16)
(38.7142 6.79563 1.545e-16)
(38.5998 6.62476 4.14944e-17)
(38.5016 6.44266 0)
(38.4202 6.24341 1.43843e-15)
(38.3601 6.03237 8.51712e-17)
(38.3251 5.82608 0)
(38.3127 5.63534 4.85932e-16)
(38.3183 5.46134 -2.62614e-15)
(38.3371 5.30677 0)
(38.3641 5.17408 1.24654e-15)
(38.396 5.06024 -1.36087e-15)
(38.4304 4.96202 3.62368e-16)
(38.4658 4.87725 3.58174e-16)
(38.5017 4.80282 3.72232e-16)
(38.5382 4.73618 -5.75013e-16)
(38.5755 4.67549 -3.77693e-16)
(38.6143 4.61897 3.80522e-16)
(38.6557 4.56518 2.7485e-16)
(38.7006 4.51306 -5.52678e-16)
(38.7507 4.46182 0)
(38.8078 4.41092 -6.29904e-18)
(38.8733 4.36089 -1.6349e-16)
(38.946 4.31411 -2.8628e-18)
(39.0234 4.2732 -7.97936e-17)
(39.1041 4.23954 -3.68367e-17)
(39.1874 4.2139 3.72738e-17)
(39.2725 4.19701 0)
(39.3579 4.18955 0)
(39.4424 4.19196 -6.32302e-17)
(39.5239 4.20443 1.20408e-16)
(39.6007 4.22673 -2.83095e-16)
(39.6704 4.25806 1.61533e-16)
(39.7309 4.29699 -6.29225e-18)
(39.7804 4.34137 -9.73119e-17)
(39.8174 4.38804 0)
(39.8408 4.43267 8.11899e-17)
(39.8542 4.46895 5.37721e-16)
(39.1403 7.07828 2.78507e-17)
(39.2702 7.17528 0)
(39.4258 7.27101 3.05941e-17)
(39.5949 7.35519 3.78138e-18)
(39.7648 7.42099 -1.04365e-17)
(39.9472 7.47315 -7.19407e-17)
(40.1327 7.50863 -4.21335e-18)
(40.3157 7.52706 1.22062e-16)
(40.4979 7.52968 -2.32286e-16)
(40.6754 7.51739 -5.06254e-16)
(40.8475 7.49131 2.78445e-16)
(41.015 7.4521 1.13616e-15)
(41.177 7.40056 -4.56164e-16)
(41.334 7.33693 0)
(41.4863 7.26118 0)
(41.6335 7.17325 -6.20938e-16)
(41.7753 7.07289 7.29327e-16)
(41.9111 6.95992 1.73868e-18)
(42.0399 6.8343 -8.77893e-16)
(42.1601 6.69635 0)
(42.2702 6.547 0)
(42.3681 6.38839 2.50381e-16)
(42.4518 6.22355 2.84914e-16)
(42.5194 6.05654 -4.17981e-16)
(42.5713 5.88873 5.93208e-18)
(42.6092 5.71566 0)
(42.6326 5.53302 1.61435e-17)
(42.6394 5.34059 0)
(42.6268 5.13941 0)
(42.592 4.93088 -1.05258e-16)
(42.532 4.71718 1.07165e-16)
(42.4438 4.50133 -2.26733e-16)
(42.3244 4.28723 4.2935e-16)
(42.1711 4.0799 0)
(41.9817 3.88547 0)
(41.7551 3.7117 1.20094e-15)
(41.4907 3.56683 2.51498e-16)
(41.192 3.46551 -2.22439e-16)
(40.8737 3.40697 -6.29485e-16)
(39.0232 6.97475 4.44525e-18)
(38.9158 6.86565 1.61101e-16)
(38.8043 6.73105 -5.70663e-16)
(38.6945 6.57047 -2.9546e-16)
(38.6001 6.39905 -2.7296e-17)
(38.5213 6.21125 -1.03943e-15)
(38.4628 6.01212 7.56868e-17)
(38.4279 5.81734 0)
(38.4146 5.63722 0)
(38.4183 5.47289 9.68558e-16)
(38.4346 5.32697 5.21124e-16)
(38.4588 5.2018 -1.70612e-15)
(38.4875 5.09449 0)
(38.5186 5.002 -6.35161e-16)
(38.5507 4.92227 3.2515e-16)
(38.5831 4.85236 3.37076e-16)
(38.616 4.78981 -3.45083e-16)
(38.6496 4.73289 -1.68883e-16)
(38.6845 4.67988 0)
(38.7215 4.62937 0)
(38.7617 4.58033 -2.45795e-16)
(38.8065 4.53192 1.69054e-16)
(38.8576 4.48353 -1.60813e-16)
(38.9163 4.43554 -1.44932e-16)
(38.9816 4.39015 2.2377e-16)
(39.0513 4.34984 -2.83529e-18)
(39.1239 4.31585 -2.33961e-18)
(39.199 4.28885 0)
(39.2758 4.26947 1.58748e-17)
(39.3533 4.25829 -1.60903e-17)
(39.4303 4.25575 5.97394e-17)
(39.5052 4.26204 1.14678e-16)
(39.5763 4.27705 -8.58888e-19)
(39.6418 4.30018 0)
(39.7 4.33031 0)
(39.749 4.36576 3.70266e-16)
(39.7877 4.40395 0)
(39.8148 4.44136 6.39688e-16)
(39.8331 4.47242 4.53065e-16)
(39.2096 6.99412 9.37632e-18)
(39.3333 7.08446 -2.0862e-17)
(39.4815 7.17324 -1.25261e-16)
(39.6421 7.25086 3.60881e-17)
(39.8034 7.311 0)
(39.9762 7.35801 5.75382e-17)
(40.1518 7.38911 -3.89571e-16)
(40.3247 7.40408 -4.07712e-16)
(40.4966 7.40409 1.57205e-16)
(40.6638 7.39004 4.79839e-16)
(40.8255 7.36305 -5.90022e-16)
(40.9826 7.32377 0)
(41.1343 7.27299 -1.1996e-15)
(41.2809 7.21097 4.33504e-16)
(41.4228 7.1377 0)
(41.5597 7.05317 5.89779e-16)
(41.6913 6.95718 -6.15006e-16)
(41.817 6.84961 -1.43187e-15)
(41.9357 6.73049 -3.87169e-16)
(42.0464 6.60018 2.34663e-17)
(42.1473 6.45963 -4.38979e-16)
(42.2367 6.31093 -4.98702e-16)
(42.3128 6.15701 2.55828e-16)
(42.3739 6.0018 -2.37581e-16)
(42.4206 5.84661 1.18078e-16)
(42.4544 5.68716 0)
(42.4752 5.51936 -5.31989e-19)
(42.481 5.34292 -7.27361e-17)
(42.4695 5.15877 5.70097e-17)
(42.4382 4.96805 1.47136e-17)
(42.3846 4.77265 0)
(42.3058 4.57511 0)
(42.1992 4.37877 -3.63851e-16)
(42.0625 4.18792 0)
(41.8935 4.0078 -2.97914e-16)
(41.6908 3.84509 -2.73119e-16)
(41.4538 3.70687 1.39156e-15)
(41.1848 3.60603 0)
(40.8974 3.54192 -5.96552e-16)
(39.0978 6.89745 -2.44401e-18)
(38.9952 6.79534 -8.31205e-17)
(38.8886 6.66913 -1.07454e-16)
(38.7834 6.51824 4.61592e-16)
(38.6925 6.35692 -1.41028e-15)
(38.6164 6.17993 0)
(38.5594 5.99205 1.60483e-15)
(38.5248 5.80816 1.24452e-17)
(38.5107 5.63804 7.38693e-16)
(38.5127 5.48284 4.19779e-16)
(38.5267 5.34505 0)
(38.5481 5.22691 5.2509e-16)
(38.5739 5.12571 -5.32885e-16)
(38.602 5.03856 -5.73751e-16)
(38.6309 4.96352 1.19726e-15)
(38.6602 4.89778 -9.15675e-16)
(38.6898 4.83902 0)
(38.72 4.78558 1.60287e-16)
(38.7512 4.7358 0)
(38.7843 4.68833 3.07401e-16)
(38.8203 4.64213 -4.56172e-16)
(38.8603 4.59636 1.51911e-16)
(38.9061 4.55034 1.41888e-16)
(38.9587 4.50433 1.42528e-16)
(39.0173 4.46036 0)
(39.0798 4.42076 0)
(39.1451 4.38667 -9.75132e-17)
(39.2127 4.35866 3.21626e-17)
(39.2821 4.33727 -1.4868e-17)
(39.3523 4.323 1.45185e-17)
(39.4223 4.31625 -8.5732e-17)
(39.4909 4.31723 -2.17117e-16)
(39.5566 4.32589 -3.81913e-19)
(39.618 4.34181 9.74219e-17)
(39.6735 4.36411 -9.87164e-17)
(39.7217 4.3915 -3.51987e-16)
(39.7614 4.42193 3.31999e-16)
(39.7913 4.45254 -6.09303e-16)
(39.8136 4.47846 -5.73924e-16)
(39.2739 6.91381 -3.14697e-17)
(39.3918 6.99791 7.45255e-17)
(39.5327 7.08019 -1.86773e-17)
(39.6853 7.1517 -3.13572e-17)
(39.8382 7.20658 -1.38257e-17)
(40.0019 7.24883 1.35782e-17)
(40.168 7.27595 1.53744e-16)
(40.3312 7.2878 2.41501e-16)
(40.4932 7.28549 3.18948e-16)
(40.6506 7.26995 -2.31675e-16)
(40.8025 7.24228 5.18308e-16)
(40.9498 7.2031 -5.61891e-16)
(41.0917 7.15321 3.99411e-16)
(41.2287 7.09287 -7.96464e-16)
(41.3609 7.0221 8.9594e-16)
(41.4881 6.94093 0)
(41.6102 6.84921 1.13436e-15)
(41.7264 6.74686 6.03488e-16)
(41.8359 6.63397 7.3703e-16)
(41.9376 6.51094 4.17769e-16)
(42.0301 6.37872 -7.97239e-16)
(42.1117 6.23935 8.3819e-16)
(42.1808 6.09568 6.49788e-16)
(42.2361 5.95147 1.36824e-18)
(42.2779 5.80798 -6.0852e-18)
(42.3081 5.66113 1.07019e-16)
(42.3265 5.50702 0)
(42.3314 5.34532 -5.03409e-17)
(42.3209 5.17684 9.81985e-17)
(42.2928 5.00254 1.32705e-17)
(42.2447 4.82403 3.1309e-18)
(42.1744 4.64347 -3.54442e-16)
(42.0795 4.46367 3.40182e-16)
(41.9577 4.28826 1.40902e-16)
(41.8072 4.12169 -2.94396e-16)
(41.6264 3.96965 0)
(41.4145 3.83814 -3.48482e-17)
(41.1728 3.73846 -1.60699e-16)
(40.9138 3.67011 1.29829e-15)
(39.1674 6.82359 1.2715e-17)
(39.0695 6.72805 1.38683e-16)
(38.9675 6.60974 8.20163e-16)
(38.8667 6.46801 -7.23927e-16)
(38.7794 6.3162 1.31572e-15)
(38.7059 6.14943 -1.0236e-15)
(38.6504 5.97218 -2.86023e-16)
(38.6162 5.79856 1.20848e-15)
(38.6013 5.63789 -2.44141e-15)
(38.6017 5.49128 0)
(38.6135 5.36113 4.21853e-16)
(38.6324 5.24959 -4.60325e-16)
(38.6554 5.1541 5.04573e-16)
(38.6807 5.07192 0)
(38.7067 5.00123 5.39776e-16)
(38.7331 4.93935 -2.72825e-16)
(38.7597 4.88409 0)
(38.7868 4.83386 1.39267e-16)
(38.8148 4.78707 1.43436e-16)
(38.8444 4.7424 -2.83363e-16)
(38.8765 4.69884 5.64082e-18)
(38.9123 4.65554 4.03073e-16)
(38.9531 4.61175 -4.01759e-16)
(39.0003 4.56765 0)
(39.0529 4.52509 0)
(39.109 4.48629 -6.04572e-17)
(39.1677 4.45229 6.11127e-17)
(39.2285 4.42357 -2.89105e-17)
(39.291 4.40059 0)
(39.3544 4.38377 2.77016e-17)
(39.4181 4.37349 -5.19109e-17)
(39.4808 4.36993 -4.74079e-17)
(39.5414 4.37311 2.00519e-16)
(39.5987 4.38273 0)
(39.6514 4.39813 0)
(39.6983 4.4183 0)
(39.7383 4.44165 -3.15819e-16)
(39.7704 4.4659 0)
(39.7957 4.48682 0)
(39.3337 6.83718 -2.66491e-17)
(39.4459 6.91542 6.57305e-17)
(39.5798 6.99162 -4.19841e-17)
(39.7246 7.05744 -2.10221e-17)
(39.8696 7.10745 2.05551e-17)
(40.0245 7.14532 0)
(40.1815 7.1688 -2.72837e-16)
(40.3355 7.17784 4.21114e-16)
(40.4881 7.17349 -3.02187e-16)
(40.6361 7.15671 0)
(40.7788 7.12855 0)
(40.9168 7.08964 5.70683e-16)
(41.0495 7.04076 -3.3956e-16)
(41.1773 6.98217 1.81986e-15)
(41.3005 6.91392 -1.27977e-15)
(41.4187 6.83607 -4.4985e-16)
(41.5318 6.7485 -5.22617e-16)
(41.6393 6.6512 -1.14326e-15)
(41.7403 6.54428 1.21613e-15)
(41.8338 6.42817 0)
(41.9185 6.30384 -1.05032e-15)
(41.9929 6.17326 3.67444e-16)
(42.0557 6.0392 -9.92471e-16)
(42.1055 5.90526 -8.84101e-18)
(42.1431 5.77264 0)
(42.1699 5.63744 -4.80202e-17)
(42.1862 5.49593 4.70745e-17)
(42.1903 5.34779 9.28773e-17)
(42.1807 5.19373 -6.21565e-18)
(42.1553 5.03454 1.81753e-16)
(42.1123 4.87159 1.13241e-17)
(42.0496 4.7067 3.32867e-16)
(41.9651 4.54224 0)
(41.8569 4.38125 2.72644e-16)
(41.7231 4.22745 -1.97348e-17)
(41.5622 4.08565 2.07141e-16)
(41.3731 3.96088 -9.94929e-16)
(41.1565 3.86294 1.77513e-16)
(40.9236 3.79159 -5.44924e-16)
(39.2322 6.753 -5.27728e-17)
(39.1388 6.66366 4.03578e-16)
(39.0414 6.55278 -5.20407e-16)
(38.9449 6.41968 5.07207e-17)
(38.861 6.27686 9.01985e-16)
(38.7901 6.11973 2.36574e-15)
(38.7362 5.95253 -9.96877e-16)
(38.7023 5.78861 4.89861e-16)
(38.6867 5.63684 3.12838e-15)
(38.6857 5.49832 -1.02057e-15)
(38.6954 5.37534 -3.63206e-16)
(38.712 5.26998 -8.11749e-16)
(38.7324 5.17982 0)
(38.7551 5.10229 4.59565e-16)
(38.7785 5.03564 -4.88615e-16)
(38.8021 4.97734 5.0475e-16)
(38.826 4.92532 0)
(38.8503 4.87805 -2.58666e-16)
(38.8753 4.83401 2.62689e-16)
(38.9018 4.79193 -5.13134e-16)
(38.9304 4.75082 2.59964e-16)
(38.9623 4.70981 -2.20506e-18)
(38.9988 4.66812 -1.25266e-16)
(39.041 4.62584 0)
(39.0882 4.58469 2.45932e-19)
(39.1385 4.54676 -1.14958e-16)
(39.1912 4.51301 0)
(39.2459 4.48384 -1.26602e-17)
(39.3022 4.45963 1.34753e-17)
(39.3595 4.44075 -2.54945e-17)
(39.4172 4.42752 -4.95817e-17)
(39.4745 4.42013 1.75425e-18)
(39.5303 4.41861 2.82703e-16)
(39.5836 4.42277 0)
(39.6334 4.43211 -1.75754e-16)
(39.6787 4.44589 1.60338e-16)
(39.7185 4.46284 -6.5004e-18)
(39.752 4.4812 -7.1467e-16)
(39.7797 4.49732 0)
(39.3893 6.76405 8.84919e-18)
(39.4959 6.8368 4.93524e-17)
(39.623 6.90733 -1.14864e-16)
(39.7604 6.96785 -1.75345e-17)
(39.8977 7.01334 1.99418e-17)
(40.0442 7.04718 0)
(40.1925 7.06735 5.07169e-16)
(40.3377 7.07387 -3.98855e-16)
(40.4814 7.06773 5.20449e-16)
(40.6205 7.04992 0)
(40.7544 7.02147 0)
(40.8836 6.98297 4.85428e-16)
(41.0077 6.93518 6.08862e-16)
(41.127 6.8784 -1.30505e-15)
(41.2416 6.81267 -7.18194e-16)
(41.3514 6.73808 8.47062e-16)
(41.4562 6.65457 8.78559e-16)
(41.5555 6.56213 -9.89391e-16)
(41.6486 6.46094 5.26657e-16)
(41.7345 6.35144 0)
(41.8121 6.23459 4.15572e-17)
(41.88 6.11232 0)
(41.937 5.98726 -3.38324e-16)
(41.9819 5.8629 6.7746e-18)
(42.0156 5.74035 -1.70852e-16)
(42.0395 5.6159 3.97244e-17)
(42.0538 5.48601 3.13874e-17)
(42.0572 5.35034 -7.48429e-17)
(42.0483 5.20951 -2.40991e-16)
(42.0255 5.0642 1.5741e-16)
(41.9871 4.91555 1.56198e-16)
(41.9312 4.7651 -2.79086e-16)
(41.8561 4.61481 5.29809e-16)
(41.7601 4.46722 -1.36671e-17)
(41.6413 4.32542 4.69604e-16)
(41.4984 4.1934 -2.10622e-16)
(41.3301 4.07532 -7.1263e-16)
(41.1363 3.97965 7.40299e-16)
(40.9273 3.9064 -6.44012e-16)
(39.2926 6.68556 8.48425e-17)
(39.2035 6.60203 -3.23146e-16)
(39.1106 6.49816 8.5205e-17)
(39.0182 6.37319 8.22461e-16)
(38.9377 6.23885 -8.51173e-16)
(38.8694 6.09083 1.20689e-15)
(38.817 5.9331 -4.3377e-16)
(38.7835 5.77833 -2.9944e-15)
(38.7674 5.63495 -5.71521e-17)
(38.765 5.50404 1.81757e-15)
(38.7728 5.3878 7.05486e-16)
(38.7871 5.28823 2.07664e-17)
(38.8052 5.20306 0)
(38.8254 5.12985 -1.99313e-17)
(38.8463 5.06696 -4.42454e-16)
(38.8675 5.01199 2.34055e-16)
(38.889 4.96296 0)
(38.9106 4.91842 1.20051e-16)
(38.933 4.87692 -1.13849e-16)
(38.9566 4.83724 3.49306e-16)
(38.9821 4.79839 1.17985e-16)
(39.0106 4.75952 3.41035e-16)
(39.0432 4.71982 -3.35909e-16)
(39.0809 4.67928 1.06702e-16)
(39.1232 4.63952 1.05256e-16)
(39.1684 4.60251 -1.05722e-16)
(39.2156 4.56914 -5.05437e-17)
(39.2648 4.53973 5.02485e-17)
(39.3154 4.51462 -2.4131e-17)
(39.3672 4.49409 4.86352e-17)
(39.4195 4.47844 4.58914e-17)
(39.4717 4.46783 -9.38346e-17)
(39.5229 4.46231 -9.06523e-17)
(39.5724 4.46178 -8.77798e-17)
(39.6192 4.46586 1.66609e-16)
(39.6627 4.47399 3.12704e-16)
(39.702 4.48521 0)
(39.7362 4.49815 6.75759e-16)
(39.7656 4.50972 -6.39194e-16)
(39.4408 6.69428 -2.71735e-17)
(39.5421 6.76189 -2.09929e-17)
(39.6627 6.82711 1.08599e-16)
(39.7929 6.88268 0)
(39.9228 6.924 -1.24873e-18)
(40.0613 6.95413 8.31108e-17)
(40.2012 6.97128 -3.22838e-16)
(40.338 6.97555 0)
(40.4733 6.96787 -4.93171e-16)
(40.6039 6.94922 6.03618e-16)
(40.7294 6.92063 -7.35066e-16)
(40.8504 6.88266 -8.958e-16)
(40.9664 6.83606 1.04974e-15)
(41.0775 6.78112 1.06367e-17)
(41.1842 6.71791 1.32405e-15)
(41.2862 6.64654 -4.58819e-17)
(41.3833 6.56697 -5.19841e-17)
(41.475 6.47924 4.56816e-16)
(41.5608 6.38354 2.52256e-17)
(41.6397 6.28033 -1.01591e-15)
(41.7108 6.17058 3.73165e-17)
(41.7727 6.05612 0)
(41.8244 5.93952 3.21878e-16)
(41.865 5.82409 1.59484e-16)
(41.8951 5.71088 7.67971e-17)
(41.9164 5.59635 -1.53894e-16)
(41.929 5.47715 0)
(41.9318 5.35294 -3.80545e-17)
(41.9236 5.22425 7.43974e-17)
(41.9031 5.09166 0)
(41.8687 4.95614 1.3029e-16)
(41.819 4.81894 2.66796e-16)
(41.7523 4.68171 -2.52533e-16)
(41.6672 4.54654 -9.15619e-16)
(41.562 4.41596 -4.33801e-16)
(41.4353 4.29324 0)
(41.2857 4.18178 3.68247e-16)
(41.1126 4.08884 -5.35696e-16)
(40.9255 4.01467 5.24269e-16)
(39.3488 6.62111 -8.83474e-17)
(39.2639 6.54306 2.64938e-16)
(39.1754 6.44577 0)
(39.087 6.32846 -6.94009e-16)
(39.0099 6.20213 -7.20104e-16)
(38.9441 6.0627 -1.93365e-15)
(38.8932 5.91391 3.88454e-16)
(38.8602 5.76777 5.5167e-16)
(38.8435 5.6323 -1.52883e-15)
(38.8398 5.50854 -1.65796e-15)
(38.8459 5.39863 -6.11727e-16)
(38.8581 5.30449 0)
(38.874 5.22398 3.61644e-16)
(38.8919 5.1548 -7.78259e-16)
(38.9106 5.0954 -3.93053e-16)
(38.9296 5.04352 4.21644e-16)
(38.9487 4.99726 -4.22956e-16)
(38.9681 4.95525 1.04431e-16)
(38.988 4.9161 -4.25948e-16)
(39.009 4.87864 -1.0525e-16)
(39.0318 4.84189 4.23309e-16)
(39.0571 4.80501 2.05841e-16)
(39.0862 4.76717 -2.03843e-16)
(39.12 4.72831 0)
(39.1578 4.6899 -9.56988e-17)
(39.1984 4.65384 -9.47988e-17)
(39.2408 4.62096 1.43804e-16)
(39.2849 4.59151 -2.35522e-17)
(39.3305 4.56575 0)
(39.3772 4.54394 -2.20915e-17)
(39.4246 4.52632 1.31233e-16)
(39.4721 4.51304 -1.7024e-16)
(39.5191 4.50418 8.13722e-17)
(39.5649 4.49965 -8.00132e-17)
(39.6088 4.49919 3.18521e-16)
(39.6502 4.50239 -4.42668e-16)
(39.6886 4.5085 1.42223e-16)
(39.7231 4.51651 1.27401e-16)
(39.7535 4.52382 2.42356e-16)
(39.4886 6.62771 2.80423e-17)
(39.5848 6.6905 -7.76379e-17)
(39.6992 6.75076 -3.36961e-17)
(39.8224 6.80174 3.65392e-17)
(39.9452 6.83918 -2.79181e-18)
(40.0759 6.86591 0)
(40.2078 6.88032 0)
(40.3367 6.88257 -1.84917e-16)
(40.4638 6.87355 1.90741e-16)
(40.5864 6.85426 -1.11423e-15)
(40.704 6.82567 6.9709e-16)
(40.8172 6.78833 1.19282e-15)
(40.9255 6.74299 -4.78681e-16)
(41.0291 6.68993 -1.09331e-15)
(41.1283 6.62922 -6.55473e-16)
(41.2229 6.56101 1.26793e-15)
(41.3129 6.48527 -6.98355e-16)
(41.3976 6.40207 7.63958e-16)
(41.4767 6.31163 8.36208e-16)
(41.5492 6.21442 1.38393e-15)
(41.6142 6.11139 4.94368e-16)
(41.6707 6.0043 1.04583e-15)
(41.7176 5.89563 0)
(41.7542 5.78853 -5.34154e-18)
(41.7812 5.68398 1.34927e-16)
(41.8002 5.57861 0)
(41.8113 5.46925 0)
(41.8136 5.35556 3.15342e-17)
(41.8061 5.23801 -6.5254e-17)
(41.7876 5.11706 -1.15391e-16)
(41.7569 4.99354 1.07915e-16)
(41.7127 4.8685 0)
(41.6536 4.74327 2.12087e-16)
(41.5783 4.61957 8.23481e-16)
(41.4852 4.49944 -1.83867e-16)
(41.373 4.38555 1.79248e-16)
(41.2404 4.28059 0)
(41.086 4.19075 -2.44138e-16)
(40.9187 4.11653 2.4185e-16)
(39.4012 6.55954 -1.61907e-16)
(39.3204 6.48664 6.69621e-17)
(39.236 6.39554 -5.66857e-16)
(39.1516 6.28545 6.55051e-16)
(39.0777 6.16665 1.02424e-15)
(39.0144 6.03532 -3.22394e-16)
(38.9651 5.89497 -3.68997e-16)
(38.9325 5.75697 2.05883e-15)
(38.9154 5.62894 -4.57268e-16)
(38.9105 5.51191 1.5132e-15)
(38.9149 5.40794 0)
(38.9252 5.31889 1.20623e-15)
(38.9391 5.24274 -1.29327e-15)
(38.9549 5.17731 0)
(38.9716 5.12117 3.72615e-16)
(38.9884 5.07215 8.40059e-18)
(39.0055 5.02847 -5.69469e-16)
(39.0228 4.9888 9.95808e-17)
(39.0405 4.95183 -4.82952e-16)
(39.0592 4.91641 -9.22012e-17)
(39.0795 4.88162 -9.0853e-17)
(39.1021 4.8466 3.80239e-16)
(39.128 4.81051 0)
(39.1582 4.77324 2.68318e-16)
(39.1921 4.73616 -8.93819e-17)
(39.2284 4.70108 0)
(39.2665 4.66876 -4.30291e-17)
(39.3061 4.6394 4.35049e-17)
(39.3472 4.61323 0)
(39.3893 4.59046 6.19867e-17)
(39.4322 4.57128 -2.00959e-16)
(39.4754 4.55583 3.99408e-16)
(39.5184 4.54418 7.35179e-17)
(39.5607 4.53629 -3.07802e-16)
(39.6017 4.53196 -1.48995e-16)
(39.6411 4.53088 0)
(39.6782 4.53249 -1.2972e-16)
(39.7125 4.53605 1.26063e-16)
(39.7436 4.5394 0)
(39.533 6.56421 -1.24282e-17)
(39.6242 6.62247 7.34399e-17)
(39.7325 6.67811 0)
(39.8491 6.72481 0)
(39.9651 6.75867 1.39359e-18)
(40.0884 6.78227 -9.00395e-17)
(40.2126 6.79419 -1.17664e-16)
(40.3338 6.79465 4.00649e-16)
(40.4532 6.78449 0)
(40.5682 6.7647 5.13849e-16)
(40.6783 6.73623 0)
(40.7841 6.69962 -7.39822e-16)
(40.8851 6.65559 0)
(40.9816 6.60442 -4.57131e-16)
(41.0739 6.5462 0)
(41.1617 6.48108 -3.68587e-17)
(41.2449 6.40906 0)
(41.3232 6.33023 -6.8868e-18)
(41.396 6.24482 -2.27237e-15)
(41.4627 6.15333 -4.26945e-16)
(41.5222 6.05665 -9.40454e-18)
(41.5737 5.95652 -9.60457e-16)
(41.6163 5.85528 -4.84283e-16)
(41.6494 5.75595 -1.24579e-16)
(41.6736 5.65943 1.19757e-16)
(41.6905 5.56252 0)
(41.7003 5.46221 0)
(41.7022 5.35817 -8.78453e-17)
(41.6954 5.2508 5.28387e-17)
(41.6788 5.14051 2.29239e-16)
(41.6514 5.02796 -2.26404e-16)
(41.6121 4.91404 9.04295e-18)
(41.5598 4.79982 -2.02785e-16)
(41.4932 4.6867 -2.01573e-16)
(41.411 4.57629 -5.09867e-16)
(41.3118 4.47071 0)
(41.1942 4.37211 0)
(41.0568 4.28567 4.72327e-16)
(40.9074 4.21216 4.14113e-16)
(39.4499 6.50072 -1.20134e-16)
(39.3731 6.43266 -1.5084e-16)
(39.2928 6.34736 3.96595e-16)
(39.2123 6.24407 6.88029e-16)
(39.1415 6.13239 3.08257e-16)
(39.0807 6.0087 8.86597e-16)
(39.0329 5.8763 -1.2592e-15)
(39.0008 5.74597 1.41943e-15)
(38.9833 5.62494 1.58838e-15)
(38.9773 5.51424 -1.32581e-15)
(38.9801 5.41585 1.47323e-15)
(38.9887 5.33155 -2.61863e-17)
(39.0007 5.25948 6.05893e-16)
(39.0146 5.19757 3.07711e-16)
(39.0294 5.14445 0)
(39.0444 5.0981 7.57997e-18)
(39.0595 5.0568 1.77883e-16)
(39.0749 5.01931 -1.7119e-16)
(39.0907 4.98435 9.23563e-17)
(39.1074 4.95084 4.44398e-16)
(39.1254 4.91787 4.38336e-16)
(39.1455 4.88458 -3.46906e-16)
(39.1686 4.85015 0)
(39.1956 4.81439 -8.44485e-17)
(39.2259 4.7786 0)
(39.2585 4.74451 0)
(39.2927 4.71281 0)
(39.3283 4.68369 -1.95369e-17)
(39.3652 4.6573 2.16867e-17)
(39.4032 4.63383 -9.63551e-17)
(39.442 4.61345 -3.60826e-17)
(39.4813 4.59626 -1.46557e-16)
(39.5206 4.58232 1.44428e-16)
(39.5596 4.57162 0)
(39.5979 4.56401 1.37181e-16)
(39.635 4.55927 -2.6602e-16)
(39.6707 4.55696 1.27653e-16)
(39.7046 4.55654 -4.672e-16)
(39.7357 4.55627 -6.55038e-16)
(39.5741 6.50362 1.91202e-17)
(39.6605 6.55767 4.33822e-17)
(39.763 6.60898 -2.6144e-17)
(39.8731 6.65171 1.0393e-17)
(39.9825 6.68226 1.7606e-17)
(40.0987 6.70298 8.52433e-17)
(40.2156 6.71265 0)
(40.3295 6.71151 -1.15827e-16)
(40.4415 6.70037 4.0498e-17)
(40.5493 6.68023 -3.9536e-16)
(40.6523 6.652 3.92017e-17)
(40.7511 6.61619 3.84197e-17)
(40.8453 6.57351 3.68523e-16)
(40.9352 6.52423 8.11456e-16)
(41.0209 6.46847 -4.18063e-18)
(41.1023 6.40636 -5.38215e-16)
(41.1794 6.33794 5.54325e-16)
(41.2517 6.26332 -6.39185e-16)
(41.3188 6.18273 1.7097e-15)
(41.38 6.09667 -3.58961e-16)
(41.4345 6.00603 -3.99579e-16)
(41.4815 5.91245 4.15321e-16)
(41.5202 5.81818 2.25403e-16)
(41.5501 5.72608 3.19592e-16)
(41.5719 5.63701 -1.03286e-16)
(41.587 5.5479 5.11567e-17)
(41.5956 5.45591 4.37542e-19)
(41.5972 5.36071 3.84408e-17)
(41.591 5.26267 -2.49297e-18)
(41.5762 5.1621 -2.93733e-16)
(41.5518 5.05958 -5.56479e-18)
(41.5169 4.95582 9.27892e-18)
(41.4706 4.8517 8.18909e-18)
(41.4118 4.7483 3.21391e-16)
(41.3393 4.64689 3.19238e-16)
(41.2517 4.54916 -2.76208e-16)
(41.1477 4.45672 -2.53955e-16)
(41.0255 4.37393 -6.87068e-16)
(40.8922 4.30174 -3.98054e-16)
(39.4953 6.44453 -5.31468e-17)
(39.4223 6.381 3.15345e-16)
(39.346 6.30117 -1.2366e-16)
(39.2692 6.20428 9.21384e-17)
(39.2015 6.09929 -2.76135e-16)
(39.1432 5.9828 -8.51688e-16)
(39.0969 5.8579 1.1899e-15)
(39.0653 5.73479 2.66488e-16)
(39.0474 5.62036 -1.8619e-15)
(39.0404 5.5156 8.27643e-16)
(39.0418 5.42244 -1.80519e-15)
(39.0488 5.34262 -1.00735e-15)
(39.0591 5.27435 1.06835e-15)
(39.0713 5.21572 -8.60854e-16)
(39.0842 5.16543 2.92352e-16)
(39.0976 5.12156 -1.5009e-16)
(39.111 5.08248 3.1617e-16)
(39.1247 5.04701 0)
(39.1387 5.01393 0)
(39.1535 4.98219 -3.99479e-16)
(39.1695 4.95091 3.20394e-16)
(39.1874 4.91925 -7.73265e-17)
(39.208 4.88637 0)
(39.2321 4.85206 0)
(39.2593 4.81752 0)
(39.2885 4.78441 -1.47049e-16)
(39.3192 4.7534 7.45509e-17)
(39.3512 4.72461 1.85468e-17)
(39.3844 4.69818 -2.0121e-17)
(39.4187 4.67424 1.80442e-17)
(39.4538 4.65294 0)
(39.4895 4.63438 -6.5005e-17)
(39.5254 4.61859 1.35629e-16)
(39.5613 4.60559 0)
(39.5969 4.59525 0)
(39.6319 4.5874 -1.25901e-16)
(39.666 4.5817 1.14796e-16)
(39.699 4.57777 -2.14729e-16)
(39.7299 4.57422 2.14662e-16)
(39.6122 6.44584 1.70556e-17)
(39.6939 6.49593 -7.42794e-17)
(39.7908 6.54321 0)
(39.8947 6.58225 -6.43668e-17)
(39.9978 6.60973 2.01703e-17)
(40.1071 6.62783 -7.59756e-17)
(40.217 6.63545 1.54094e-16)
(40.3239 6.6329 -2.31457e-16)
(40.4289 6.62094 4.86467e-16)
(40.5298 6.60057 4.78389e-17)
(40.6261 6.57266 0)
(40.7184 6.53771 0)
(40.8061 6.4964 -1.32613e-15)
(40.8897 6.44902 -7.74152e-16)
(40.9693 6.39567 -8.13612e-16)
(41.0448 6.3365 4.47914e-16)
(41.1161 6.27157 -5.26412e-16)
(41.1828 6.20098 5.37332e-16)
(41.2446 6.125 0)
(41.3009 6.04411 -3.30537e-16)
(41.3509 5.95916 6.81564e-16)
(41.3938 5.87176 3.60795e-16)
(41.429 5.78401 1.86264e-16)
(41.4561 5.69866 -3.89525e-16)
(41.4757 5.61648 2.86493e-16)
(41.4892 5.53457 -3.36451e-18)
(41.4969 5.45023 1.1626e-17)
(41.4983 5.36314 -3.40922e-17)
(41.4927 5.27363 4.47959e-17)
(41.4794 5.18194 2.57681e-16)
(41.4577 5.08858 -3.34695e-16)
(41.4268 4.99409 0)
(41.3859 4.89918 1.62221e-16)
(41.334 4.80471 -3.07334e-16)
(41.2701 4.71164 -2.70907e-16)
(41.1928 4.62128 5.2921e-16)
(41.1009 4.53482 4.76765e-16)
(40.9923 4.45585 0)
(40.8737 4.38553 1.85471e-16)
(39.5375 6.39085 5.87451e-17)
(39.4682 6.33158 -4.19329e-16)
(39.3958 6.25687 9.60701e-17)
(39.3226 6.16601 4.19244e-16)
(39.258 6.06732 0)
(39.2021 5.95762 9.4517e-16)
(39.1573 5.83978 2.02989e-15)
(39.1262 5.72347 -1.206e-15)
(39.1079 5.61525 0)
(39.1001 5.51608 -1.42061e-15)
(39.1002 5.42784 1.24217e-15)
(39.1057 5.3522 -4.47263e-16)
(39.1144 5.2875 4.72901e-16)
(39.125 5.23194 5.15381e-16)
(39.1364 5.18429 -8.18695e-16)
(39.1482 5.14274 -5.58926e-16)
(39.1602 5.10572 1.28705e-15)
(39.1723 5.07213 -5.82809e-16)
(39.1848 5.04079 0)
(39.1979 5.0107 1.46611e-16)
(39.2121 4.98099 0)
(39.228 4.95086 7.34133e-17)
(39.2464 4.91945 -1.3861e-16)
(39.2679 4.88652 0)
(39.2922 4.85319 1.36396e-16)
(39.3184 4.82107 -6.82213e-17)
(39.3459 4.79077 0)
(39.3747 4.76239 3.32272e-17)
(39.4046 4.73605 -1.68386e-17)
(39.4355 4.71185 6.51113e-17)
(39.4673 4.6899 -1.59804e-18)
(39.4997 4.67028 6.48728e-17)
(39.5325 4.65303 -3.00047e-18)
(39.5655 4.63815 -1.2709e-16)
(39.5985 4.62557 1.18489e-16)
(39.6313 4.61511 5.13465e-18)
(39.6638 4.60652 4.42674e-16)
(39.6958 4.59951 4.11979e-16)
(39.7262 4.59306 -1.97462e-16)
(39.6475 6.39072 1.52378e-17)
(39.7247 6.43712 -6.3409e-17)
(39.8161 6.48064 0)
(39.9141 6.51625 7.46033e-17)
(40.0111 6.54091 -1.33887e-17)
(40.1138 6.55659 -1.32548e-16)
(40.2169 6.56237 0)
(40.3171 6.55858 0)
(40.4155 6.54594 0)
(40.5098 6.52544 0)
(40.5997 6.49793 0)
(40.6858 6.46388 0)
(40.7675 6.42397 6.09655e-16)
(40.8452 6.37847 6.4693e-16)
(40.9191 6.32748 1.15759e-15)
(40.9891 6.27117 2.64808e-17)
(41.055 6.20959 -4.65331e-16)
(41.1166 6.14287 -3.02137e-17)
(41.1736 6.07128 1.06166e-15)
(41.2252 5.99529 -7.75893e-18)
(41.2711 5.91574 -3.20949e-16)
(41.3103 5.83413 -3.28135e-16)
(41.3424 5.75249 -8.51611e-16)
(41.3669 5.67343 3.37212e-16)
(41.3846 5.59764 -1.6669e-16)
(41.3967 5.52237 -4.31153e-17)
(41.4036 5.44505 -2.08964e-17)
(41.4049 5.3654 1.00962e-17)
(41.3999 5.28367 7.89404e-17)
(41.3881 5.20011 -2.33117e-16)
(41.3689 5.11507 3.02053e-16)
(41.3416 5.02905 -1.40906e-16)
(41.3055 4.94256 2.70707e-16)
(41.2597 4.85628 2.60679e-16)
(41.2034 4.77094 -1.30617e-17)
(41.1353 4.6875 0)
(41.0541 4.60681 0)
(40.9578 4.53178 -1.7721e-16)
(40.8522 4.46376 -6.65494e-18)
(39.5768 6.33957 1.29016e-16)
(39.5112 6.2843 4.85866e-17)
(39.4425 6.21438 0)
(39.3729 6.12919 -8.38342e-16)
(39.3113 6.03644 2.21983e-16)
(39.2577 5.93313 -1.55181e-15)
(39.2143 5.82193 -1.46765e-15)
(39.1837 5.71204 -2.06318e-15)
(39.1652 5.60966 1.1585e-15)
(39.1565 5.51575 6.34384e-17)
(39.1555 5.43213 0)
(39.1596 5.36042 0)
(39.167 5.29907 -1.02311e-17)
(39.1761 5.24638 -4.76435e-16)
(39.1861 5.2012 4.90777e-16)
(39.1965 5.1618 0)
(39.2071 5.12671 -1.3319e-16)
(39.2178 5.09487 0)
(39.2289 5.06515 1.30612e-16)
(39.2405 5.0366 -2.03533e-16)
(39.2531 5.00837 2.66003e-16)
(39.2672 4.97966 -1.28744e-16)
(39.2836 4.94964 1.31592e-16)
(39.3028 4.91802 -1.24567e-16)
(39.3246 4.88587 1.24984e-16)
(39.348 4.85472 -1.26255e-16)
(39.3727 4.82516 -3.06708e-17)
(39.3985 4.79727 -3.96138e-19)
(39.4255 4.77113 -1.92905e-17)
(39.4534 4.74683 3.00191e-17)
(39.4821 4.72444 -6.10029e-17)
(39.5115 4.70404 0)
(39.5415 4.68566 0)
(39.5718 4.6693 1.16865e-16)
(39.6023 4.65488 -4.54823e-16)
(39.633 4.64227 2.23408e-16)
(39.6638 4.63124 -4.15293e-16)
(39.6947 4.62159 3.93649e-16)
(39.7243 4.61256 3.67174e-16)
(39.6801 6.33815 0)
(39.7531 6.3811 -3.20926e-18)
(39.8392 6.42113 -6.91539e-17)
(39.9313 6.45356 -2.3418e-17)
(40.0224 6.47561 1.96961e-17)
(40.1188 6.48909 7.27024e-18)
(40.2155 6.4932 0)
(40.3093 6.48831 0)
(40.4013 6.47512 -2.7746e-16)
(40.4894 6.45458 2.90689e-16)
(40.5733 6.42753 7.48843e-16)
(40.6535 6.39442 0)
(40.7295 6.35592 5.08998e-16)
(40.8017 6.31226 -6.14001e-16)
(40.8703 6.26358 -6.4215e-16)
(40.935 6.21002 0)
(40.996 6.15167 -1.19274e-15)
(41.0529 6.08866 -4.4705e-16)
(41.1053 6.02126 -5.10497e-16)
(41.1528 5.94992 -5.4742e-16)
(41.1949 5.87545 5.39323e-16)
(41.2307 5.79929 2.08396e-17)
(41.26 5.72338 4.48372e-16)
(41.2823 5.65016 -1.50101e-16)
(41.2983 5.58029 1.47477e-16)
(41.3093 5.51114 1.32453e-18)
(41.3155 5.44028 -2.74527e-17)
(41.3167 5.36743 -8.86505e-17)
(41.3123 5.29283 7.03745e-17)
(41.3019 5.21666 2.07927e-16)
(41.2849 5.13923 -1.41015e-16)
(41.2608 5.06092 1.28969e-16)
(41.2289 4.98213 -2.5854e-16)
(41.1887 4.90338 -2.30519e-16)
(41.1391 4.82518 -2.32277e-16)
(41.0792 4.74824 2.03097e-16)
(41.0075 4.67309 -1.97726e-16)
(40.9221 4.60207 3.32212e-16)
(40.8283 4.5367 3.03533e-16)
(39.6133 6.29059 -4.29916e-18)
(39.5513 6.23905 9.97695e-17)
(39.4863 6.17362 -7.24641e-16)
(39.4201 6.09377 0)
(39.3614 6.00661 -3.98419e-16)
(39.3102 5.90931 3.73375e-16)
(39.2682 5.80437 1.63941e-15)
(39.2381 5.70052 2.43583e-15)
(39.2194 5.60364 -1.07945e-15)
(39.21 5.51468 1.22424e-15)
(39.2079 5.4354 -6.57558e-16)
(39.2109 5.36738 0)
(39.2169 5.30918 0)
(39.2248 5.25917 -4.32994e-16)
(39.2335 5.2163 -2.17839e-16)
(39.2426 5.17892 2.25639e-16)
(39.2519 5.14563 -1.15843e-16)
(39.2614 5.11541 1.17806e-16)
(39.2711 5.08721 -1.23941e-16)
(39.2814 5.06009 -2.43147e-16)
(39.2926 5.03324 2.41296e-16)
(39.3051 5.00588 -1.17795e-16)
(39.3196 4.97717 0)
(39.3367 4.9468 -1.12371e-16)
(39.3562 4.91578 1.17245e-16)
(39.3772 4.88558 1.15629e-16)
(39.3993 4.85678 -2.76618e-17)
(39.4226 4.82943 7.13895e-17)
(39.4468 4.80359 7.07374e-18)
(39.472 4.77932 -8.09571e-19)
(39.498 4.7567 0)
(39.5247 4.73576 1.08811e-16)
(39.552 4.71653 0)
(39.5798 4.69901 3.18812e-16)
(39.608 4.68313 -2.14388e-16)
(39.6367 4.66877 4.84984e-18)
(39.6658 4.6557 1.93907e-16)
(39.6954 4.6438 3.66676e-16)
(39.7241 4.63256 3.47533e-16)
(39.7104 6.28801 0)
(39.7791 6.32775 -2.988e-17)
(39.86 6.36453 1.18361e-16)
(39.9466 6.39401 2.34455e-18)
(40.0321 6.41366 -3.63882e-17)
(40.1224 6.42513 2.45376e-16)
(40.2129 6.42774 7.74614e-17)
(40.3006 6.4219 3.29277e-16)
(40.3865 6.40824 -8.7356e-16)
(40.4687 6.38775 2.58811e-16)
(40.5468 6.36122 -7.10209e-16)
(40.6214 6.32908 7.843e-16)
(40.6921 6.29196 -4.8298e-16)
(40.7591 6.25012 0)
(40.8227 6.20367 1.21875e-15)
(40.8826 6.15279 -1.29827e-15)
(40.939 6.09754 1.42936e-15)
(40.9915 6.03806 0)
(41.0398 5.97464 -2.18931e-17)
(41.0835 5.9077 4.43572e-16)
(41.1221 5.83802 -4.90849e-16)
(41.1549 5.76699 1.28816e-15)
(41.1817 5.69643 -2.8369e-16)
(41.202 5.62865 -1.27421e-16)
(41.2165 5.56425 -1.31482e-16)
(41.2265 5.50074 1.94494e-16)
(41.2322 5.43582 -8.33528e-18)
(41.2333 5.36921 4.69803e-17)
(41.2295 5.30112 -1.83938e-16)
(41.2204 5.2317 6.34572e-17)
(41.2054 5.16121 0)
(41.1842 5.08993 1.08325e-16)
(41.1562 5.01818 -4.43937e-16)
(41.1208 4.94633 2.13902e-17)
(41.0772 4.87474 2.03584e-16)
(41.0245 4.80388 1.92979e-16)
(40.9613 4.73404 -3.36861e-16)
(40.8856 4.66706 -3.18391e-16)
(40.8024 4.60461 -2.91437e-16)
(39.6474 6.24379 -8.02811e-17)
(39.5888 6.19576 7.79601e-17)
(39.5274 6.13453 6.12011e-16)
(39.4645 6.05969 1.72684e-16)
(39.4088 5.97778 -5.20304e-16)
(39.3598 5.88614 -1.39746e-15)
(39.3192 5.78708 2.88547e-16)
(39.2895 5.68892 0)
(39.2706 5.59721 0)
(39.2607 5.5129 1.04199e-15)
(39.2577 5.43772 -5.68411e-16)
(39.2596 5.37318 -6.59829e-16)
(39.2644 5.31793 7.17488e-16)
(39.2711 5.27046 -1.1484e-15)
(39.2786 5.22975 2.06177e-16)
(39.2865 5.19424 6.22326e-16)
(39.2947 5.16263 -3.19913e-16)
(39.303 5.13394 -1.11764e-16)
(39.3116 5.10715 -4.40722e-16)
(39.3206 5.08137 9.9735e-16)
(39.3305 5.05581 -3.33412e-16)
(39.3415 5.0297 2.17732e-16)
(39.3544 5.00223 -2.15619e-16)
(39.3696 4.97305 2.10832e-16)
(39.387 4.94312 -3.55017e-18)
(39.4058 4.91387 -1.0584e-16)
(39.4256 4.88584 -5.16079e-17)
(39.4465 4.85906 -3.24969e-19)
(39.4683 4.8336 -4.22132e-17)
(39.491 4.80948 -1.72248e-19)
(39.5145 4.78677 0)
(39.5388 4.7655 -5.29413e-17)
(39.5637 4.74567 9.97066e-17)
(39.5892 4.72728 -2.01814e-16)
(39.6152 4.71026 -4.53855e-18)
(39.6419 4.6945 -8.98329e-19)
(39.6693 4.67977 -1.84076e-16)
(39.6976 4.66599 -3.48402e-16)
(39.7253 4.65286 -3.30595e-16)
(39.7384 6.24019 -1.20415e-17)
(39.803 6.27694 7.45141e-17)
(39.879 6.31069 -4.12265e-18)
(39.9601 6.33745 4.36925e-17)
(40.0401 6.3549 4.29443e-18)
(40.1246 6.36454 -9.92893e-17)
(40.2091 6.3658 -2.01673e-16)
(40.291 6.35912 1.68871e-16)
(40.371 6.34512 7.07961e-17)
(40.4476 6.32474 2.58221e-16)
(40.5203 6.29876 -2.64739e-16)
(40.5897 6.26759 -1.0823e-15)
(40.6553 6.23185 8.02087e-16)
(40.7175 6.19178 0)
(40.7763 6.1475 -5.04996e-16)
(40.8318 6.09918 5.57102e-16)
(40.8839 6.04689 -6.46795e-16)
(40.9323 5.99079 6.02088e-18)
(40.9768 5.93113 -1.12168e-15)
(41.017 5.86836 3.92318e-16)
(41.0525 5.8032 0)
(41.0826 5.73698 -6.59429e-18)
(41.1071 5.6714 -4.78324e-16)
(41.1256 5.60868 1.21082e-16)
(41.1389 5.54935 5.58392e-17)
(41.148 5.49103 -2.98064e-17)
(41.1532 5.43156 0)
(41.1544 5.37067 -2.90667e-17)
(41.1512 5.30855 1.10262e-16)
(41.1432 5.2453 5.60333e-17)
(41.1301 5.18113 -2.08938e-16)
(41.1115 5.11627 2.06373e-16)
(41.0869 5.05096 -3.94123e-18)
(41.0558 4.98545 3.89092e-16)
(41.0176 4.91997 -9.96597e-18)
(40.9712 4.8548 -1.73175e-16)
(40.9155 4.79002 6.25662e-16)
(40.8485 4.72707 -2.15972e-17)
(40.7748 4.66773 -5.26745e-16)
(39.6791 6.19909 -3.32252e-18)
(39.6238 6.15434 0)
(39.5659 6.09703 0)
(39.5063 6.0269 0)
(39.4534 5.94993 0)
(39.4067 5.86359 1.29449e-15)
(39.3674 5.77007 -1.74373e-15)
(39.3382 5.67725 7.68544e-16)
(39.3193 5.59041 1.40519e-17)
(39.3088 5.51049 -1.00627e-15)
(39.305 5.43916 1.64388e-15)
(39.3059 5.3779 6.01786e-16)
(39.3097 5.32543 -6.46231e-16)
(39.3152 5.28033 -6.94983e-16)
(39.3216 5.24164 1.09734e-15)
(39.3284 5.20791 -3.79448e-16)
(39.3355 5.17786 1.99017e-16)
(39.3427 5.15059 -3.97531e-16)
(39.3502 5.12512 9.83403e-17)
(39.3581 5.10059 -4.02132e-16)
(39.3667 5.07624 6.01969e-16)
(39.3765 5.05132 -3.98819e-16)
(39.3878 5.02501 0)
(39.4014 4.99696 -1.92662e-16)
(39.4168 4.96809 9.53314e-17)
(39.4336 4.93976 -4.73231e-17)
(39.4514 4.9125 -4.61007e-17)
(39.4701 4.88634 8.38095e-17)
(39.4897 4.86131 -1.20403e-17)
(39.5101 4.83745 7.064e-17)
(39.5314 4.81479 -4.773e-17)
(39.5535 4.79335 -4.76566e-17)
(39.5762 4.77314 -9.20081e-17)
(39.5995 4.75412 -2.73832e-16)
(39.6236 4.73625 1.85038e-16)
(39.6484 4.7194 3.56253e-16)
(39.6742 4.70334 3.37015e-16)
(39.701 4.688 -3.18106e-16)
(39.7276 4.6733 3.12209e-16)
(39.7642 6.1946 5.62957e-19)
(39.8249 6.22855 9.98129e-17)
(39.896 6.25951 -2.57761e-17)
(39.9719 6.28375 -4.79755e-17)
(40.0467 6.29918 -9.82257e-18)
(40.1255 6.30715 2.15942e-17)
(40.2043 6.30721 0)
(40.2806 6.29981 -2.50618e-16)
(40.3551 6.28554 7.0005e-16)
(40.4263 6.26533 -8.95464e-16)
(40.4939 6.23994 -2.52234e-16)
(40.5582 6.20974 2.99944e-16)
(40.6191 6.17536 -7.61065e-16)
(40.6767 6.13701 1.23272e-15)
(40.7311 6.09481 6.51635e-17)
(40.7824 6.04894 -2.04019e-15)
(40.8305 5.99948 5.42328e-16)
(40.8752 5.94658 1.24916e-15)
(40.9162 5.8905 -9.35098e-16)
(40.9532 5.83165 -3.58322e-16)
(40.9858 5.77074 3.72362e-16)
(41.0135 5.70902 5.91225e-16)
(41.0359 5.6481 3.37481e-18)
(41.0529 5.59007 1.01565e-16)
(41.0651 5.53542 -2.56247e-16)
(41.0734 5.48189 -5.06848e-17)
(41.0784 5.42744 4.39033e-17)
(41.0796 5.3718 2.38192e-17)
(41.0769 5.31513 -1.4742e-16)
(41.0701 5.25751 9.57132e-17)
(41.0586 5.19912 -9.51071e-17)
(41.0424 5.14013 1.82982e-16)
(41.0209 5.0807 -3.52379e-16)
(40.9937 5.02101 0)
(40.9601 4.96117 3.16394e-16)
(40.9194 4.90131 -1.35407e-17)
(40.8704 4.84137 -2.89621e-16)
(40.8111 4.78241 -2.46152e-16)
(40.7458 4.72634 9.54375e-16)
(39.7085 6.1564 -5.86863e-17)
(39.6566 6.11471 0)
(39.6021 6.06107 0)
(39.5457 5.99537 -2.78582e-16)
(39.4957 5.92301 2.62322e-16)
(39.4511 5.84165 -1.10702e-15)
(39.413 5.75332 1.19401e-15)
(39.3844 5.66554 -3.54273e-16)
(39.3655 5.58327 3.83933e-16)
(39.3546 5.50746 -4.51586e-16)
(39.3501 5.43976 9.62508e-16)
(39.35 5.3816 -5.39306e-16)
(39.3527 5.33175 -1.40091e-17)
(39.3571 5.28887 6.27742e-16)
(39.3624 5.25209 0)
(39.3682 5.22001 0)
(39.3743 5.19143 1.81309e-16)
(39.3805 5.16549 0)
(39.387 5.14126 -9.33069e-17)
(39.3938 5.1179 3.66127e-16)
(39.4014 5.09468 -1.83031e-16)
(39.4099 5.07087 8.89686e-17)
(39.4199 5.04567 0)
(39.4318 5.01871 -8.92892e-17)
(39.4456 4.99085 1.7681e-16)
(39.4605 4.96342 1.32583e-16)
(39.4764 4.93694 -4.36964e-17)
(39.4932 4.91142 -2.23972e-17)
(39.5108 4.88688 -2.69972e-18)
(39.5293 4.86335 2.11842e-17)
(39.5485 4.84085 -4.3902e-17)
(39.5685 4.8194 -8.53951e-17)
(39.5893 4.79898 1.7209e-16)
(39.6107 4.77956 1.78218e-18)
(39.6329 4.76107 1.66866e-16)
(39.6559 4.7434 -3.73696e-18)
(39.68 4.72631 -6.65468e-18)
(39.7055 4.70974 -2.98272e-16)
(39.731 4.69376 0)
(39.7882 6.15113 4.91392e-19)
(39.8449 6.18249 -7.07083e-17)
(39.9114 6.21086 -4.2415e-17)
(39.9822 6.23278 1.76541e-17)
(40.0518 6.24635 -1.52476e-17)
(40.1252 6.25282 -6.99911e-17)
(40.1986 6.25181 -9.38407e-17)
(40.2695 6.2438 4.66316e-16)
(40.3387 6.22933 -4.573e-16)
(40.4048 6.20935 4.10129e-16)
(40.4675 6.18455 4.96509e-16)
(40.5271 6.15533 0)
(40.5835 6.12226 -3.40141e-16)
(40.6368 6.08557 -2.82973e-17)
(40.6871 6.04538 1.24289e-15)
(40.7345 6.00186 5.99133e-17)
(40.7789 5.95508 -4.79323e-16)
(40.8201 5.90522 5.1714e-16)
(40.8579 5.8525 1.19089e-15)
(40.892 5.79734 -2.95706e-16)
(40.9219 5.74042 3.30477e-16)
(40.9473 5.6829 -3.61079e-16)
(40.968 5.62631 -3.63244e-16)
(40.9836 5.57264 -1.8158e-16)
(40.9948 5.52233 8.67509e-17)
(41.0025 5.47321 0)
(41.0072 5.42336 5.7369e-18)
(41.0085 5.37253 -1.65805e-18)
(41.0064 5.32086 8.55368e-17)
(41.0006 5.2684 -8.45495e-17)
(40.9907 5.21528 7.80822e-17)
(40.9766 5.16165 -3.21476e-16)
(40.9578 5.10761 3.19688e-16)
(40.9341 5.05326 0)
(40.9048 4.99863 1.39258e-16)
(40.8691 4.94374 0)
(40.826 4.88841 0)
(40.7736 4.83339 -2.24641e-16)
(40.7159 4.78066 -2.23194e-16)
(39.736 6.11564 -1.56011e-16)
(39.6872 6.07682 4.23617e-16)
(39.636 6.0266 -5.20333e-16)
(39.5828 5.96505 0)
(39.5356 5.89702 -9.70997e-16)
(39.4931 5.82031 1.04701e-15)
(39.4562 5.73686 -1.12945e-15)
(39.4282 5.6538 0)
(39.4094 5.5758 1.37919e-15)
(39.3982 5.50385 -1.53241e-15)
(39.393 5.43957 -9.04429e-16)
(39.392 5.38432 4.92701e-16)
(39.3936 5.33693 -1.0736e-15)
(39.3969 5.29615 0)
(39.4012 5.26116 2.94739e-16)
(39.4059 5.23063 4.72664e-16)
(39.411 5.20344 -8.0141e-16)
(39.4163 5.17876 3.28305e-16)
(39.4218 5.15568 -4.13406e-16)
(39.4277 5.13343 0)
(39.4343 5.11128 -8.50807e-17)
(39.4417 5.08852 -4.14547e-16)
(39.4504 5.06436 3.26917e-16)
(39.461 5.03844 -2.42939e-16)
(39.4732 5.01157 1.61426e-16)
(39.4865 4.98503 0)
(39.5007 4.95932 0)
(39.5157 4.93447 2.98401e-17)
(39.5316 4.91046 1.49182e-17)
(39.5483 4.88733 -3.99963e-17)
(39.5657 4.86509 3.94379e-17)
(39.5839 4.84374 1.5955e-16)
(39.6028 4.82326 -2.3763e-16)
(39.6224 4.80362 7.84927e-17)
(39.6429 4.78474 -4.53301e-19)
(39.6643 4.76649 -1.54782e-16)
(39.6868 4.74864 -2.97189e-16)
(39.711 4.73111 2.83259e-16)
(39.7352 4.71412 2.65375e-16)
(39.8103 6.10971 1.80602e-17)
(39.8632 6.13867 -4.52698e-17)
(39.9252 6.16464 3.83989e-17)
(39.991 6.18441 6.51087e-17)
(40.0557 6.1963 -1.55861e-17)
(40.1239 6.20141 8.16445e-17)
(40.192 6.19945 0)
(40.2577 6.19093 -2.33181e-16)
(40.3219 6.17634 4.63862e-16)
(40.3832 6.15661 3.18663e-16)
(40.4412 6.13243 0)
(40.4964 6.10416 5.26201e-16)
(40.5485 6.07238 -1.14686e-15)
(40.5977 6.03728 6.20516e-16)
(40.6442 5.99901 -7.49737e-16)
(40.6879 5.95771 4.13257e-16)
(40.7288 5.91348 0)
(40.7668 5.86648 -9.73385e-16)
(40.8016 5.81694 4.99923e-16)
(40.833 5.76524 -2.50816e-16)
(40.8606 5.71203 -1.45346e-17)
(40.884 5.65843 -3.08406e-16)
(40.903 5.60588 -1.55529e-16)
(40.9174 5.55625 -7.72395e-17)
(40.9278 5.50993 -8.05303e-17)
(40.935 5.46487 7.82828e-17)
(40.9394 5.41926 0)
(40.9409 5.37284 -1.99764e-17)
(40.9393 5.32574 -3.64659e-17)
(40.9344 5.278 1.48069e-16)
(40.926 5.22972 -1.46504e-16)
(40.9138 5.18099 1.41155e-16)
(40.8975 5.13189 -4.13412e-16)
(40.8769 5.08246 -1.22535e-16)
(40.8513 5.03265 3.21496e-18)
(40.8201 4.98241 -2.38449e-16)
(40.7823 4.93146 2.3306e-16)
(40.7361 4.88028 1.26114e-17)
(40.6852 4.83094 0)
(39.7615 6.07675 1.85665e-16)
(39.7159 6.04061 -2.24619e-16)
(39.6679 5.99358 7.76244e-16)
(39.6177 5.93594 0)
(39.5733 5.87193 1.15224e-15)
(39.5329 5.79958 -2.01331e-15)
(39.4972 5.72068 5.10586e-16)
(39.4699 5.64206 2.69914e-17)
(39.4513 5.56803 -1.9298e-15)
(39.4398 5.49968 3.19217e-15)
(39.4338 5.43861 -3.95183e-16)
(39.4318 5.38609 0)
(39.4324 5.34101 0)
(39.4346 5.30221 -5.17684e-16)
(39.4378 5.26891 2.65696e-16)
(39.4416 5.23985 9.91274e-16)
(39.4458 5.21397 -4.34914e-16)
(39.4502 5.19048 -1.46146e-16)
(39.4549 5.16851 -2.98663e-16)
(39.4599 5.1473 2.29107e-16)
(39.4655 5.12617 7.43019e-17)
(39.4719 5.10441 3.0079e-16)
(39.4796 5.08126 -2.97885e-16)
(39.4889 5.05633 0)
(39.4997 5.03041 0)
(39.5115 5.00474 -7.22947e-17)
(39.5242 4.97982 0)
(39.5377 4.95564 -1.8805e-17)
(39.552 4.93221 -2.34887e-18)
(39.567 4.90953 1.87576e-17)
(39.5828 4.88762 -1.19994e-18)
(39.5994 4.86648 -2.2005e-16)
(39.6166 4.84608 1.47112e-16)
(39.6346 4.82638 -2.90307e-16)
(39.6535 4.80729 2.85435e-16)
(39.6733 4.78867 -5.977e-18)
(39.6945 4.77028 -2.75371e-16)
(39.7172 4.75205 -2.63796e-16)
(39.7403 4.7343 -4.98481e-16)
(39.8307 6.07026 -8.34639e-18)
(39.8799 6.09698 0)
(39.9374 6.12073 0)
(39.9985 6.13854 -1.02723e-18)
(40.0585 6.14889 -2.19225e-17)
(40.1216 6.1528 5.40301e-17)
(40.1846 6.15 -4.37427e-17)
(40.2454 6.14106 0)
(40.3048 6.12641 -4.99041e-16)
(40.3614 6.10698 0)
(40.415 6.08343 0)
(40.4659 6.05609 4.00684e-17)
(40.514 6.02554 -4.81509e-16)
(40.5595 5.99198 -1.14445e-15)
(40.6023 5.95552 1.22731e-15)
(40.6426 5.91634 0)
(40.6803 5.87451 -2.31177e-17)
(40.7152 5.8302 4.06204e-16)
(40.7473 5.78362 4.57241e-16)
(40.7762 5.73516 2.79013e-17)
(40.8016 5.68543 -2.68686e-16)
(40.8232 5.63547 0)
(40.8407 5.58665 1.47687e-16)
(40.8541 5.54076 1.35071e-16)
(40.8637 5.49812 5.44546e-18)
(40.8705 5.45681 0)
(40.8748 5.41507 0)
(40.8765 5.3727 6.74695e-17)
(40.8754 5.32979 8.54662e-20)
(40.8714 5.28636 0)
(40.8642 5.2425 6.58692e-17)
(40.8538 5.19827 -2.47926e-16)
(40.8397 5.1537 -1.18182e-16)
(40.8219 5.10879 3.46727e-18)
(40.7996 5.06346 1.24976e-16)
(40.7725 5.01757 2.20848e-16)
(40.7394 4.97077 0)
(40.6988 4.92334 1.93716e-16)
(40.6539 4.87739 1.73076e-16)
(39.7853 6.03966 4.56997e-18)
(39.7428 6.00605 -9.17278e-17)
(39.698 5.962 -3.57921e-16)
(39.6507 5.90803 0)
(39.6091 5.84776 -7.87052e-16)
(39.5706 5.77948 1.69708e-15)
(39.536 5.70483 0)
(39.5095 5.63036 -1.98715e-15)
(39.4913 5.55999 0)
(39.4795 5.49499 -6.63844e-16)
(39.4726 5.43692 -7.14251e-16)
(39.4696 5.38696 7.85788e-16)
(39.4691 5.34405 0)
(39.4702 5.3071 0)
(39.4725 5.2754 4.95968e-16)
(39.4754 5.24775 -5.25798e-16)
(39.4787 5.22312 0)
(39.4823 5.20075 1.38627e-16)
(39.4862 5.17984 7.01612e-17)
(39.4905 5.15964 7.05302e-17)
(39.4952 5.13948 -7.05055e-17)
(39.5008 5.11869 6.72104e-17)
(39.5074 5.0965 2.70518e-16)
(39.5156 5.07253 -5.36157e-16)
(39.5251 5.04754 2.68723e-16)
(39.5357 5.02273 6.86034e-17)
(39.547 4.99858 -6.71519e-17)
(39.5591 4.97509 5.12501e-17)
(39.5719 4.95226 0)
(39.5855 4.93008 -6.72057e-17)
(39.5999 4.90858 3.62548e-19)
(39.6149 4.88773 -6.62896e-17)
(39.6307 4.86751 0)
(39.6472 4.84788 1.35596e-16)
(39.6646 4.82873 0)
(39.683 4.80994 0)
(39.7028 4.79122 2.55163e-16)
(39.7242 4.7725 0)
(39.7461 4.75423 0)
(39.8496 6.03273 -1.44364e-17)
(39.8952 6.05736 -3.73935e-17)
(39.9484 6.07905 6.93847e-17)
(40.0047 6.09505 -8.27451e-17)
(40.0601 6.10402 -1.67878e-17)
(40.1184 6.10685 9.91052e-18)
(40.1765 6.10335 -1.25866e-16)
(40.2327 6.09407 1.29543e-16)
(40.2874 6.07942 0)
(40.3396 6.06033 -2.93796e-16)
(40.389 6.03741 5.86143e-16)
(40.4359 6.01098 3.93497e-16)
(40.4802 5.98162 4.29364e-16)
(40.522 5.94952 5.22776e-16)
(40.5615 5.91479 -5.82589e-16)
(40.5985 5.8776 5.94396e-16)
(40.6332 5.83803 -3.50742e-16)
(40.6654 5.79623 0)
(40.695 5.75243 4.01794e-16)
(40.7216 5.70699 -4.16974e-16)
(40.745 5.66047 2.07297e-16)
(40.7649 5.61389 4.80979e-16)
(40.7812 5.56853 -2.46952e-16)
(40.7936 5.52607 -1.28281e-16)
(40.8026 5.48683 6.37145e-17)
(40.809 5.44893 0)
(40.8132 5.41077 0)
(40.815 5.3721 -5.93005e-17)
(40.8144 5.33303 2.81204e-17)
(40.8112 5.29355 0)
(40.8052 5.25374 1.13641e-16)
(40.7964 5.21363 2.18819e-18)
(40.7843 5.17322 2.26532e-16)
(40.7689 5.13249 -7.90374e-18)
(40.7497 5.09131 0)
(40.7261 5.04948 -1.89977e-16)
(40.6973 5.00662 1.85964e-16)
(40.6616 4.96282 0)
(40.6223 4.92023 1.66303e-16)
(39.8075 6.00433 7.39308e-17)
(39.768 5.97308 0)
(39.7262 5.93182 0)
(39.6819 5.88131 -1.8275e-16)
(39.643 5.82452 5.37211e-16)
(39.6062 5.76005 3.55974e-16)
(39.5728 5.68936 0)
(39.5474 5.61877 1.41207e-15)
(39.5295 5.55173 2.5349e-15)
(39.5171 5.48981 -1.12887e-15)
(39.5093 5.43454 0)
(39.5052 5.38696 -1.37841e-17)
(39.5037 5.34608 -4.09337e-16)
(39.5039 5.31089 4.12978e-16)
(39.5052 5.28071 4.48137e-16)
(39.5073 5.25439 -2.39164e-16)
(39.5099 5.23096 0)
(39.5128 5.20968 4.92745e-16)
(39.516 5.18978 -1.11977e-15)
(39.5195 5.17055 3.78784e-16)
(39.5236 5.15133 -2.50933e-16)
(39.5283 5.13146 4.96498e-16)
(39.5341 5.1102 -3.67975e-16)
(39.5411 5.08717 1.19805e-16)
(39.5495 5.06308 -6.19267e-17)
(39.5589 5.03911 1.23095e-16)
(39.569 5.01574 0)
(39.5798 4.99294 1.57424e-17)
(39.5913 4.97073 1.89956e-18)
(39.6036 4.9491 0)
(39.6166 4.92804 3.14976e-17)
(39.6303 4.90757 6.2861e-17)
(39.6447 4.88763 -6.0656e-17)
(39.6599 4.86817 -1.22734e-16)
(39.6759 4.84911 2.46233e-16)
(39.693 4.83029 -2.38348e-16)
(39.7115 4.81143 4.65056e-16)
(39.7317 4.79244 -6.66709e-16)
(39.7524 4.77385 5.03574e-18)
(39.8671 5.99703 1.53011e-17)
(39.9091 6.01972 -3.41014e-17)
(39.958 6.03951 2.89183e-17)
(40.0099 6.05385 -5.33731e-17)
(40.0609 6.06158 1.74524e-17)
(40.1144 6.06345 1.3203e-16)
(40.1679 6.05935 -1.73448e-16)
(40.2195 6.04984 -1.45842e-16)
(40.2698 6.03526 0)
(40.3178 6.01656 0)
(40.3632 5.99427 -5.99482e-16)
(40.4063 5.96871 -4.94751e-18)
(40.4471 5.94049 -3.53367e-17)
(40.4855 5.90979 0)
(40.5217 5.8767 4.73375e-16)
(40.5558 5.84137 -1.08552e-15)
(40.5877 5.80392 -6.06017e-16)
(40.6174 5.76447 6.27058e-16)
(40.6446 5.72325 0)
(40.6691 5.6806 0)
(40.6907 5.63706 -4.14444e-16)
(40.7092 5.5936 0)
(40.7242 5.55141 -2.10024e-16)
(40.7358 5.5121 0)
(40.7442 5.47596 -1.075e-16)
(40.7503 5.4412 8.04569e-17)
(40.7544 5.40629 0)
(40.7564 5.37102 0)
(40.7562 5.33545 1.27394e-16)
(40.7538 5.29959 -6.26037e-19)
(40.7489 5.26348 -2.00082e-16)
(40.7415 5.22715 9.22961e-17)
(40.7312 5.19057 -3.74309e-16)
(40.718 5.15368 2.74561e-16)
(40.7015 5.11634 -8.48153e-18)
(40.6811 5.07831 0)
(40.656 5.03918 0)
(40.6249 4.99887 2.93346e-16)
(40.5905 4.95958 -2.97326e-16)
(39.8281 5.9707 -8.56677e-17)
(39.7915 5.94167 1.57188e-16)
(39.7528 5.90303 0)
(39.7113 5.85579 6.11003e-16)
(39.6751 5.80222 0)
(39.64 5.74132 1.31306e-15)
(39.6078 5.67434 3.74185e-16)
(39.5835 5.60736 1.21451e-15)
(39.5658 5.5433 -1.91853e-15)
(39.5527 5.4842 1.59662e-15)
(39.5439 5.43152 -1.73696e-15)
(39.5388 5.38616 1.78533e-17)
(39.5363 5.34719 -1.44327e-15)
(39.5357 5.31367 -8.1018e-18)
(39.5362 5.28493 -7.63701e-18)
(39.5376 5.25989 0)
(39.5395 5.2376 4.38103e-16)
(39.5417 5.21736 -3.37329e-16)
(39.5443 5.19843 1.15891e-16)
(39.5472 5.18012 2.28296e-16)
(39.5505 5.1618 0)
(39.5545 5.14282 -5.80303e-17)
(39.5594 5.12246 1.14778e-16)
(39.5655 5.10033 -1.13679e-16)
(39.5728 5.07712 -1.11472e-16)
(39.581 5.05398 0)
(39.5899 5.03137 -2.75898e-17)
(39.5995 5.00928 0)
(39.6099 4.9877 -3.53834e-18)
(39.6209 4.96664 5.63871e-17)
(39.6327 4.94608 -5.69638e-17)
(39.6451 4.92603 0)
(39.6583 4.90645 -1.67162e-16)
(39.6722 4.88727 1.40996e-18)
(39.687 4.86841 -2.22668e-16)
(39.7029 4.84971 3.84231e-18)
(39.7202 4.83087 2.1652e-16)
(39.7392 4.81179 2.09127e-16)
(39.7588 4.79307 0)
(39.8832 5.96313 -9.32275e-18)
(39.9218 5.984 9.17849e-17)
(39.9666 6.00203 0)
(40.0141 6.01485 1.51291e-16)
(40.0607 6.02146 -1.65345e-17)
(40.1097 6.0225 -6.73345e-17)
(40.1587 6.01791 0)
(40.206 6.00826 3.80962e-16)
(40.2521 5.99381 -1.40965e-16)
(40.2961 5.97555 0)
(40.3376 5.9539 0)
(40.3772 5.92918 0)
(40.4146 5.90205 -3.58517e-16)
(40.4499 5.8727 3.70468e-16)
(40.4832 5.84116 -4.49227e-16)
(40.5146 5.80759 5.26497e-16)
(40.5439 5.7721 -4.71833e-16)
(40.5711 5.73484 2.45567e-17)
(40.5962 5.696 -3.03051e-16)
(40.6188 5.6559 3.13011e-16)
(40.6387 5.6151 3.51794e-16)
(40.6557 5.57449 -5.5135e-16)
(40.6697 5.53521 3.88829e-16)
(40.6805 5.49879 9.48368e-17)
(40.6885 5.46549 -9.34076e-17)
(40.6943 5.4336 7.09162e-17)
(40.6983 5.40167 -5.20136e-17)
(40.7005 5.3695 -4.51519e-17)
(40.7008 5.33715 -1.11734e-16)
(40.6991 5.3046 8.91485e-17)
(40.6952 5.27189 -3.85237e-17)
(40.689 5.23903 -2.5346e-16)
(40.6804 5.20596 3.37933e-16)
(40.6692 5.17262 7.88707e-17)
(40.655 5.13884 -4.78474e-16)
(40.6375 5.10436 6.08508e-16)
(40.6158 5.06873 -2.93948e-16)
(40.5886 5.03177 0)
(40.5587 4.9957 0)
(39.8474 5.93875 -1.88022e-16)
(39.8136 5.9118 -8.11073e-17)
(39.7777 5.87562 -1.36616e-16)
(39.7391 5.83148 -1.29407e-15)
(39.7055 5.78086 2.80074e-16)
(39.6719 5.72336 -1.24253e-15)
(39.641 5.6598 -3.3752e-16)
(39.6181 5.59623 -1.16747e-15)
(39.6004 5.53479 0)
(39.5863 5.47826 -1.39783e-15)
(39.5764 5.42799 2.66285e-15)
(39.5704 5.38468 1.20833e-15)
(39.5671 5.34748 -6.44054e-16)
(39.5658 5.31551 -6.98882e-16)
(39.5656 5.28813 7.20059e-16)
(39.5663 5.2643 3.85228e-16)
(39.5675 5.24309 -5.91033e-16)
(39.5691 5.22385 -6.09502e-16)
(39.571 5.20584 1.00194e-16)
(39.5733 5.18841 3.0814e-16)
(39.5759 5.17095 -1.01573e-16)
(39.5792 5.15284 0)
(39.5833 5.13334 -2.04129e-16)
(39.5884 5.11209 1.03495e-16)
(39.5947 5.08974 5.18083e-17)
(39.6018 5.06743 0)
(39.6095 5.04558 -5.01227e-17)
(39.618 5.02419 3.90226e-17)
(39.6272 5.00326 1.64713e-18)
(39.6371 4.98278 -2.54407e-17)
(39.6477 4.96276 1.0324e-16)
(39.659 4.94319 -1.07644e-18)
(39.671 4.92402 -1.55157e-16)
(39.6838 4.9052 3.44528e-18)
(39.6975 4.88664 -1.01386e-16)
(39.7122 4.86817 0)
(39.7283 4.84948 1.94564e-16)
(39.7463 4.83046 1.87521e-16)
(39.7649 4.81177 -1.81364e-16)
(39.898 5.93097 -1.9784e-17)
(39.9332 5.95013 -7.72626e-17)
(39.974 5.96652 -1.01346e-16)
(40.0172 5.97796 -1.57793e-16)
(40.0598 5.98358 2.90251e-17)
(40.1044 5.98389 0)
(40.1492 5.97893 3.89264e-17)
(40.1922 5.96922 8.32556e-17)
(40.2344 5.95494 -2.6643e-16)
(40.2745 5.93722 0)
(40.3124 5.91618 -4.20994e-16)
(40.3486 5.89227 -2.73878e-16)
(40.383 5.86623 2.84435e-16)
(40.4155 5.83818 3.51039e-16)
(40.446 5.8081 -1.43361e-18)
(40.4748 5.77618 4.32954e-16)
(40.5017 5.74253 4.72896e-16)
(40.5267 5.70728 0)
(40.5496 5.67061 2.31963e-16)
(40.5704 5.63285 -8.72264e-18)
(40.5888 5.59452 -2.99531e-16)
(40.6045 5.55649 0)
(40.6176 5.51984 0)
(40.6276 5.48603 0)
(40.6352 5.45529 -4.28384e-17)
(40.6407 5.42599 8.1081e-17)
(40.6447 5.39676 9.64897e-18)
(40.6471 5.36741 -9.12264e-18)
(40.6479 5.33798 7.90887e-17)
(40.6468 5.30846 -3.73986e-17)
(40.6438 5.27886 1.5383e-16)
(40.6388 5.24917 6.27073e-18)
(40.6317 5.21934 -1.48099e-16)
(40.6223 5.18928 -7.51791e-17)
(40.6103 5.1588 -2.76527e-16)
(40.5953 5.12762 6.67503e-16)
(40.5767 5.0953 -6.35359e-16)
(40.5531 5.06154 1.33492e-17)
(40.5272 5.02858 -2.24554e-16)
(39.8652 5.90842 6.52474e-17)
(39.8342 5.88343 -6.12846e-17)
(39.8012 5.84957 -4.52773e-16)
(39.7654 5.80837 5.21775e-16)
(39.7343 5.76049 -2.78403e-16)
(39.702 5.70622 2.6121e-16)
(39.6726 5.64581 0)
(39.651 5.58552 0)
(39.633 5.52626 1.87559e-15)
(39.6178 5.47207 4.53329e-16)
(39.607 5.42405 -4.49103e-17)
(39.6003 5.38263 5.41853e-16)
(39.5963 5.34703 5.79057e-16)
(39.5941 5.31647 -6.29109e-16)
(39.5932 5.29036 -6.85838e-16)
(39.5932 5.26764 1.04578e-15)
(39.5937 5.24744 9.46902e-19)
(39.5947 5.22913 9.42481e-17)
(39.596 5.212 -4.12961e-18)
(39.5976 5.19541 9.20802e-17)
(39.5996 5.17878 9.63632e-17)
(39.6021 5.16149 0)
(39.6053 5.14283 1.85615e-16)
(39.6096 5.12244 -9.01686e-17)
(39.6148 5.10095 0)
(39.6208 5.07945 0)
(39.6276 5.05837 6.97067e-17)
(39.6349 5.03769 2.37019e-17)
(39.643 5.01743 -1.18294e-17)
(39.6518 4.99757 2.41343e-17)
(39.6613 4.97812 9.44321e-17)
(39.6716 4.95908 -9.53542e-17)
(39.6825 4.9404 4.83075e-17)
(39.6942 4.92202 3.24816e-18)
(39.7068 4.90385 3.14741e-18)
(39.7205 4.88572 -1.85513e-16)
(39.7355 4.86731 -1.36963e-18)
(39.7524 4.8485 -1.77953e-16)
(39.7701 4.83 3.58012e-18)
(39.9115 5.90046 0)
(39.9434 5.91802 0)
(39.9803 5.93292 1.47366e-16)
(40.0195 5.94309 0)
(40.058 5.94784 -2.75045e-17)
(40.0984 5.94752 0)
(40.1392 5.94234 -1.13522e-16)
(40.1781 5.93261 0)
(40.2167 5.91857 2.52597e-16)
(40.253 5.90155 0)
(40.2875 5.881 3.99281e-16)
(40.3209 5.85777 -2.38394e-16)
(40.3525 5.83282 7.47569e-16)
(40.3822 5.80602 -5.64874e-16)
(40.4102 5.77732 -4.15369e-18)
(40.4365 5.74693 -3.50222e-16)
(40.461 5.71502 0)
(40.4839 5.68165 4.36595e-16)
(40.5048 5.64701 -4.92851e-16)
(40.5239 5.61138 2.51066e-16)
(40.5408 5.5753 6.58539e-18)
(40.5553 5.53962 -2.77509e-16)
(40.5674 5.50537 1.39257e-16)
(40.5769 5.47393 0)
(40.5839 5.44551 -3.73441e-17)
(40.5893 5.41855 5.24868e-17)
(40.5933 5.39177 -4.38648e-17)
(40.5959 5.36498 9.10165e-18)
(40.597 5.33821 1.01434e-16)
(40.5966 5.31145 3.4895e-17)
(40.5945 5.28471 -2.04693e-16)
(40.5906 5.25795 6.89699e-17)
(40.5849 5.23111 6.76405e-17)
(40.5771 5.20409 2.5078e-16)
(40.5672 5.17668 -4.98488e-18)
(40.5545 5.14859 -4.77687e-16)
(40.5386 5.11939 1.17882e-16)
(40.5183 5.08867 1.30791e-17)
(40.496 5.05872 4.22722e-16)
(39.8817 5.87965 4.93704e-17)
(39.8535 5.8565 -7.1196e-17)
(39.8233 5.82487 5.25475e-16)
(39.7902 5.78649 2.42279e-16)
(39.7616 5.74113 -1.16871e-15)
(39.7306 5.69003 -2.56121e-16)
(39.7028 5.63248 -1.82611e-15)
(39.6822 5.57543 0)
(39.6634 5.51762 -1.40912e-15)
(39.6473 5.46558 -1.50252e-15)
(39.6359 5.41974 -8.93207e-16)
(39.6285 5.38003 -4.62971e-16)
(39.6237 5.34585 -5.3816e-16)
(39.6207 5.31657 5.63931e-16)
(39.6189 5.29159 -9.15677e-16)
(39.6181 5.26989 0)
(39.6179 5.25063 -1.67247e-16)
(39.6182 5.23318 -1.63601e-16)
(39.6189 5.21687 -5.0892e-16)
(39.6199 5.20108 6.7901e-16)
(39.6212 5.18524 -2.58163e-16)
(39.623 5.16875 8.33953e-17)
(39.6254 5.15091 -4.19934e-16)
(39.6287 5.13136 3.3497e-16)
(39.633 5.11072 0)
(39.638 5.09004 0)
(39.6437 5.06972 -8.52205e-17)
(39.6501 5.04977 0)
(39.6571 5.03018 0)
(39.6649 5.01096 -1.72227e-16)
(39.6733 4.99211 2.6019e-16)
(39.6825 4.97363 -1.29767e-16)
(39.6924 4.95548 0)
(39.7032 4.9376 8.82994e-17)
(39.7147 4.91988 1.74913e-16)
(39.7274 4.90217 -1.72736e-16)
(39.7415 4.88414 -3.30884e-16)
(39.7574 4.86567 3.2559e-16)
(39.7742 4.84746 1.50925e-16)
(39.9239 5.87151 0)
(39.9526 5.88757 0)
(39.9857 5.90108 5.26838e-17)
(40.0208 5.91012 -5.7505e-17)
(40.0554 5.91412 -4.17013e-18)
(40.0918 5.9133 0)
(40.1288 5.90804 0)
(40.1638 5.89831 -2.79069e-16)
(40.1992 5.88477 0)
(40.2316 5.86856 0)
(40.2632 5.84819 3.1458e-16)
(40.2941 5.82548 0)
(40.3232 5.80167 -4.74301e-16)
(40.3502 5.77612 5.35956e-16)
(40.3757 5.74868 -2.9461e-16)
(40.3996 5.71972 9.05837e-16)
(40.422 5.68941 3.28364e-16)
(40.4427 5.65779 0)
(40.4618 5.62498 -4.1995e-16)
(40.4791 5.59129 0)
(40.4946 5.55726 1.2531e-17)
(40.5081 5.52369 -2.40843e-16)
(40.5193 5.49157 -1.32169e-16)
(40.5281 5.46222 -5.97169e-17)
(40.5348 5.43584 0)
(40.54 5.41093 -7.64881e-17)
(40.5439 5.3863 2.68484e-17)
(40.5467 5.36175 -5.29637e-17)
(40.5482 5.33733 8.86784e-17)
(40.5483 5.31304 8.97939e-17)
(40.547 5.28885 -1.17323e-16)
(40.5442 5.26472 0)
(40.5398 5.24059 5.42143e-17)
(40.5336 5.21635 -1.06164e-16)
(40.5255 5.19179 -2.1345e-16)
(40.515 5.16658 4.25247e-16)
(40.5018 5.14031 -2.97895e-16)
(40.4846 5.1125 1.83443e-16)
(40.4656 5.08543 -3.77965e-16)
(39.897 5.85236 -4.98826e-17)
(39.8715 5.83096 -1.61507e-16)
(39.8441 5.80145 0)
(39.8137 5.76579 0)
(39.7875 5.72278 1.11675e-15)
(39.7575 5.67482 -2.12805e-16)
(39.7316 5.61986 1.97187e-15)
(39.712 5.56617 0)
(39.6921 5.50894 0)
(39.6749 5.45887 1.42307e-15)
(39.6629 5.41519 7.70939e-16)
(39.6549 5.377 9.03284e-16)
(39.6492 5.34404 4.69705e-16)
(39.6452 5.31586 -1.03772e-15)
(39.6424 5.29188 2.69167e-16)
(39.6408 5.2711 0)
(39.6399 5.25269 7.38545e-16)
(39.6395 5.23605 -4.50512e-16)
(39.6396 5.22051 3.86377e-16)
(39.6399 5.20546 -7.88699e-17)
(39.6406 5.19038 -3.89617e-16)
(39.6417 5.17466 -3.44878e-18)
(39.6434 5.15763 3.39111e-18)
(39.6458 5.13893 0)
(39.6491 5.11914 -1.52407e-16)
(39.6532 5.09929 7.71546e-17)
(39.6579 5.07977 1.17162e-16)
(39.6633 5.06058 -3.85646e-17)
(39.6694 5.04171 3.68034e-17)
(39.6762 5.02317 -4.24113e-19)
(39.6837 5.00497 -3.8808e-17)
(39.6919 4.98711 7.93343e-17)
(39.7009 4.96955 0)
(39.7106 4.95223 -1.57824e-16)
(39.7213 4.93505 2.39916e-16)
(39.733 4.91784 0)
(39.7461 4.9003 0)
(39.761 4.88227 0)
(39.7769 4.86449 4.27061e-16)
(39.9335 5.84836 9.5907e-18)
(39.9596 5.86317 -5.34792e-17)
(39.9896 5.87531 -2.61459e-17)
(40.0215 5.88299 2.88061e-17)
(40.0528 5.88577 6.65094e-17)
(40.0856 5.88369 -2.53223e-18)
(40.1188 5.8774 -9.98397e-17)
(40.1497 5.8664 3.62775e-16)
(40.1815 5.85231 -1.87964e-16)
(40.2085 5.8344 2.37325e-16)
(40.2365 5.81433 -7.46254e-16)
(40.2657 5.79382 0)
(40.2936 5.77269 0)
(40.3193 5.74938 0)
(40.3434 5.72385 5.18983e-16)
(40.3662 5.69676 -1.24896e-15)
(40.3876 5.66832 -2.7378e-17)
(40.4073 5.63853 0)
(40.4253 5.60751 4.32858e-16)
(40.4417 5.57558 0)
(40.4565 5.54329 1.45774e-16)
(40.4694 5.51141 -3.0847e-18)
(40.4802 5.48097 1.558e-16)
(40.4886 5.45325 8.04958e-17)
(40.495 5.42842 0)
(40.4999 5.40507 5.8259e-17)
(40.5038 5.38206 -4.59564e-18)
(40.5065 5.35923 0)
(40.5081 5.33661 -7.38737e-17)
(40.5085 5.3142 1.4518e-16)
(40.5076 5.29199 -2.39591e-18)
(40.5053 5.26992 1.38014e-16)
(40.5016 5.24792 -1.40305e-16)
(40.4965 5.2259 5.43533e-18)
(40.4896 5.20363 2.53151e-16)
(40.4807 5.18079 -1.14684e-16)
(40.4694 5.15696 -1.07392e-16)
(40.4545 5.13163 2.15475e-16)
(40.4382 5.10705 -2.03728e-16)
(39.909 5.8305 7.60848e-17)
(39.8858 5.81036 2.03987e-16)
(39.8608 5.78226 2.53617e-16)
(39.8332 5.74836 9.16128e-17)
(39.8096 5.70666 0)
(39.7817 5.66081 0)
(39.7595 5.60729 -1.65459e-15)
(39.7427 5.55666 9.40091e-16)
(39.7225 5.50045 -2.10149e-15)
(39.702 5.45268 1.23578e-15)
(39.6876 5.41113 -7.68607e-16)
(39.678 5.37418 -4.16166e-16)
(39.6708 5.34215 -4.98854e-16)
(39.6652 5.3148 1.3483e-17)
(39.6613 5.29157 -3.08582e-16)
(39.6586 5.27147 3.25085e-16)
(39.6569 5.2537 -5.16903e-16)
(39.6559 5.23766 0)
(39.6553 5.2227 2.77561e-16)
(39.6551 5.20823 -4.66857e-16)
(39.6553 5.19372 1.89758e-16)
(39.6557 5.1786 -5.71196e-16)
(39.6567 5.16219 4.75682e-16)
(39.6584 5.14414 -1.89461e-16)
(39.6609 5.12504 -9.45268e-17)
(39.6642 5.10586 0)
(39.6682 5.087 -9.83952e-17)
(39.6729 5.06844 1.00619e-16)
(39.6782 5.05018 6.35629e-18)
(39.6843 5.03223 -2.6015e-17)
(39.691 5.0146 2.06291e-16)
(39.6985 4.9973 -2.59915e-16)
(39.7067 4.98029 1.0429e-16)
(39.7158 4.96351 0)
(39.7257 4.94686 -3.08052e-16)
(39.7366 4.93018 4.09495e-16)
(39.749 4.91316 1.96359e-16)
(39.7632 4.89565 1.88084e-16)
(39.7784 4.87842 -3.68263e-16)
(39.9411 5.83001 8.09935e-18)
(39.9651 5.84366 5.1052e-17)
(39.9927 5.85437 0)
(40.0218 5.86045 -2.95882e-17)
(40.0502 5.86157 2.03289e-18)
(40.0796 5.85763 1.90315e-17)
(40.1089 5.84947 -1.10203e-16)
(40.1354 5.83632 1.16977e-16)
(40.1627 5.82081 -1.1444e-16)
(40.1835 5.79953 -3.30606e-18)
(40.2072 5.7794 8.74165e-16)
(40.2356 5.7624 -8.07088e-16)
(40.2637 5.74482 3.20327e-16)
(40.2891 5.72429 0)
(40.3129 5.70114 -5.50176e-18)
(40.3356 5.67623 -4.79743e-16)
(40.3569 5.64982 -9.43947e-16)
(40.3764 5.6219 3.42215e-16)
(40.3941 5.59263 -3.0729e-17)
(40.4102 5.56233 0)
(40.4247 5.53158 -2.29522e-16)
(40.4374 5.50115 2.49798e-16)
(40.448 5.47215 -5.57874e-18)
(40.4562 5.44576 1.30925e-16)
(40.4625 5.42218 0)
(40.4674 5.40006 -1.69721e-17)
(40.4712 5.3783 4.2097e-18)
(40.474 5.3568 -1.06394e-18)
(40.4758 5.33555 6.45003e-17)
(40.4763 5.31457 -3.25417e-17)
(40.4755 5.29388 -6.35148e-17)
(40.4735 5.27338 0)
(40.4702 5.25304 -1.20438e-16)
(40.4656 5.23275 1.14645e-16)
(40.4594 5.21229 0)
(40.4515 5.19135 1.09356e-16)
(40.4413 5.16952 9.67498e-17)
(40.428 5.14625 -1.82321e-16)
(40.4135 5.12379 3.6028e-16)
(39.9186 5.8132 4.14715e-17)
(39.8975 5.79396 5.55259e-17)
(39.8746 5.76683 -3.2146e-16)
(39.8499 5.73404 -8.41057e-17)
(39.8292 5.69304 7.16398e-16)
(39.8043 5.64877 -1.03777e-15)
(39.7872 5.59605 1.15188e-15)
(39.7744 5.54785 -7.23135e-16)
(39.7544 5.49163 1.94008e-15)
(39.7286 5.44649 -1.1968e-15)
(39.7103 5.40704 0)
(39.6983 5.37128 8.19359e-16)
(39.6891 5.34011 0)
(39.6818 5.31348 0)
(39.6764 5.29087 -5.50455e-16)
(39.6726 5.27132 5.83721e-16)
(39.67 5.25407 -3.08947e-16)
(39.6682 5.23854 6.40963e-16)
(39.6671 5.22408 -2.45194e-16)
(39.6664 5.21011 -1.67834e-16)
(39.666 5.19609 3.38783e-16)
(39.6659 5.18148 -8.36803e-17)
(39.6662 5.16561 1.69529e-16)
(39.6672 5.14812 8.60881e-17)
(39.6691 5.1296 -1.69986e-16)
(39.6717 5.111 8.71477e-17)
(39.675 5.0927 4.48929e-17)
(39.6791 5.07468 -2.27091e-17)
(39.6838 5.05695 -5.64531e-18)
(39.6892 5.03952 0)
(39.6953 5.0224 -9.15117e-17)
(39.7022 5.0056 -4.61965e-17)
(39.7098 4.98908 1.58165e-18)
(39.7182 4.97279 -1.82385e-16)
(39.7275 4.95663 2.75861e-16)
(39.7379 4.94044 -3.63992e-16)
(39.7496 4.92396 -1.15528e-18)
(39.7631 4.90701 0)
(39.7777 4.89036 0)
(39.9486 5.81123 -1.92861e-19)
(39.9704 5.82375 -2.06872e-17)
(39.9954 5.83307 1.3304e-16)
(40.0216 5.83766 -5.06097e-17)
(40.0469 5.83726 -2.10587e-17)
(40.0729 5.83171 -2.81521e-17)
(40.0983 5.82198 2.47598e-16)
(40.1207 5.80717 -6.13162e-17)
(40.1436 5.79061 0)
(40.1588 5.76674 -2.19216e-16)
(40.1784 5.74693 -7.28757e-16)
(40.2058 5.73312 4.30403e-16)
(40.234 5.71853 3.36688e-17)
(40.259 5.70037 -4.10736e-19)
(40.2824 5.67932 0)
(40.3049 5.6564 9.52461e-16)
(40.326 5.63184 5.4284e-16)
(40.3452 5.60566 2.91897e-16)
(40.3625 5.57804 -3.53956e-16)
(40.3783 5.54933 1.89849e-16)
(40.3924 5.52008 2.08248e-16)
(40.4047 5.4911 -6.95972e-18)
(40.415 5.46348 -3.34122e-16)
(40.423 5.43836 -1.11522e-16)
(40.4291 5.41596 1.1072e-16)
(40.434 5.39501 -1.44518e-17)
(40.4378 5.37446 2.75615e-17)
(40.4407 5.35423 -4.16005e-17)
(40.4426 5.33435 1.06025e-16)
(40.4434 5.31478 -2.80057e-17)
(40.4429 5.29561 0)
(40.4413 5.27671 5.28197e-17)
(40.4385 5.25805 -2.05137e-16)
(40.4346 5.23951 9.87333e-17)
(40.4291 5.22088 0)
(40.4221 5.20183 0)
(40.413 5.18196 -9.01752e-17)
(40.401 5.16071 1.55954e-16)
(40.3881 5.14036 -8.46538e-18)
(39.9282 5.7955 -7.71017e-17)
(39.9091 5.77721 9.2244e-17)
(39.8886 5.75113 -2.29924e-16)
(39.8667 5.71956 3.24026e-16)
(39.8488 5.67941 -1.84156e-16)
(39.8267 5.63704 1.30499e-15)
(39.8145 5.58502 6.42265e-16)
(39.8045 5.53902 7.17933e-16)
(39.7846 5.48332 -1.82884e-15)
(39.7539 5.44033 0)
(39.7317 5.40255 -6.40103e-16)
(39.7175 5.36782 9.05913e-18)
(39.7066 5.33745 8.13863e-16)
(39.6976 5.31149 -4.51352e-16)
(39.6909 5.28945 2.54139e-16)
(39.686 5.27042 -5.24129e-16)
(39.6825 5.25366 0)
(39.6801 5.23861 4.2761e-16)
(39.6784 5.22464 7.2817e-17)
(39.6772 5.21116 -3.74723e-16)
(39.6764 5.19765 -3.76441e-16)
(39.6758 5.18356 -5.53239e-19)
(39.6755 5.16825 3.02171e-16)
(39.6759 5.15136 7.69583e-17)
(39.6771 5.13345 2.2777e-16)
(39.6791 5.11548 -1.55012e-16)
(39.6818 5.0978 0)
(39.6852 5.08038 1.95056e-17)
(39.6893 5.06324 -1.98777e-17)
(39.6941 5.04637 8.01204e-17)
(39.6996 5.0298 4.03683e-17)
(39.7058 5.01354 -8.10368e-17)
(39.7128 4.99756 2.43559e-16)
(39.7205 4.98182 -1.6207e-16)
(39.7292 4.96619 0)
(39.7389 4.95055 -1.58359e-16)
(39.7499 4.93464 -1.54133e-16)
(39.7627 4.91833 3.07782e-16)
(39.7765 4.90234 0)
(39.9559 5.79226 -7.19864e-18)
(39.9754 5.80364 -1.25348e-16)
(39.9977 5.81162 -7.70351e-17)
(40.0209 5.81481 7.45659e-17)
(40.0432 5.81304 -1.62602e-17)
(40.0657 5.80613 1.53792e-17)
(40.0872 5.79508 -7.67223e-17)
(40.1057 5.77906 0)
(40.1243 5.76176 -1.79109e-16)
(40.1346 5.73623 7.00588e-16)
(40.1505 5.71698 3.12203e-16)
(40.1766 5.70588 4.30407e-16)
(40.2046 5.6938 4.01733e-17)
(40.2292 5.67768 -3.19755e-16)
(40.252 5.65848 -7.02046e-16)
(40.2741 5.63733 -4.62782e-16)
(40.295 5.61442 2.0475e-16)
(40.3139 5.58981 -6.90949e-18)
(40.3308 5.56371 -2.84054e-16)
(40.346 5.5365 0)
(40.3597 5.50868 -5.24715e-16)
(40.3716 5.48112 1.79688e-16)
(40.3815 5.45484 8.79752e-17)
(40.3893 5.43093 -1.37587e-16)
(40.3952 5.40963 4.59676e-17)
(40.4 5.38975 4.5491e-17)
(40.4038 5.37029 5.83954e-18)
(40.4067 5.35118 -2.88457e-17)
(40.4088 5.33249 -1.99694e-18)
(40.4098 5.31416 -1.90962e-18)
(40.4095 5.29633 0)
(40.4084 5.27888 1.33136e-16)
(40.4062 5.26177 3.94986e-17)
(40.403 5.2449 -1.68797e-16)
(40.3984 5.22804 0)
(40.3924 5.21087 -1.5472e-16)
(40.3846 5.19299 2.9818e-16)
(40.3741 5.17378 -6.95668e-16)
(40.3628 5.15548 2.76521e-16)
(39.9376 5.77764 0)
(39.9206 5.76033 -8.53506e-17)
(39.9025 5.73545 -8.18626e-17)
(39.8835 5.70522 1.4026e-16)
(39.8683 5.66616 -1.18159e-15)
(39.8489 5.62601 -2.86503e-16)
(39.8414 5.57454 8.14181e-16)
(39.8326 5.53092 1.09298e-17)
(39.8127 5.47553 -1.61055e-15)
(39.7777 5.43412 9.28384e-16)
(39.7517 5.39774 5.83469e-16)
(39.7353 5.36393 2.53946e-17)
(39.7227 5.33429 -3.79345e-16)
(39.7124 5.30898 0)
(39.7045 5.28749 -2.18849e-16)
(39.6986 5.26894 9.40652e-16)
(39.6943 5.25264 -6.12579e-16)
(39.6912 5.23805 -7.66592e-16)
(39.689 5.22455 1.29548e-16)
(39.6874 5.21156 2.6523e-16)
(39.6861 5.19857 1.342e-16)
(39.6851 5.18502 -2.03427e-16)
(39.6844 5.17029 2.68366e-16)
(39.6841 5.15402 0)
(39.6847 5.13677 -2.04718e-16)
(39.686 5.11948 1.7122e-16)
(39.6882 5.10248 0)
(39.691 5.08575 -1.78534e-17)
(39.6946 5.06928 -1.1046e-17)
(39.6988 5.05306 -3.52088e-17)
(39.7036 5.03712 -7.12844e-17)
(39.7092 5.02147 7.13709e-17)
(39.7155 5.00609 0)
(39.7226 4.99093 0)
(39.7305 4.97589 0)
(39.7395 4.96083 0)
(39.7498 4.94551 1.36319e-16)
(39.7618 4.92984 -4.02584e-16)
(39.7748 4.91453 6.52678e-16)
(39.9629 5.77312 3.8275e-17)
(39.9801 5.78335 5.96069e-17)
(39.9996 5.79004 0)
(40.0199 5.79195 0)
(40.0391 5.78897 0)
(40.0581 5.78096 0)
(40.0759 5.76889 7.25966e-17)
(40.0906 5.75213 -1.53766e-16)
(40.1051 5.73438 2.47911e-17)
(40.1111 5.70818 -3.83751e-16)
(40.1237 5.68972 -4.58517e-17)
(40.1484 5.68086 0)
(40.1759 5.67082 -4.20533e-16)
(40.1999 5.65643 0)
(40.222 5.63884 3.74688e-17)
(40.2436 5.61922 3.26657e-16)
(40.2641 5.59777 0)
(40.2827 5.57456 -2.11424e-16)
(40.2991 5.54983 -2.34533e-16)
(40.3138 5.52399 1.76628e-17)
(40.3269 5.49755 -2.71008e-16)
(40.3383 5.47138 1.42094e-16)
(40.3477 5.44639 -7.95295e-17)
(40.3552 5.42369 7.69284e-17)
(40.3609 5.40352 -3.89747e-17)
(40.3655 5.38475 -2.80274e-19)
(40.3692 5.3664 1.94534e-17)
(40.372 5.34845 3.78333e-17)
(40.3742 5.33098 3.83078e-17)
(40.3753 5.31387 -1.0719e-16)
(40.3752 5.29737 3.60689e-17)
(40.3743 5.28132 1.47436e-16)
(40.3727 5.2657 -1.80861e-16)
(40.3701 5.2504 0)
(40.3665 5.23523 0)
(40.3616 5.21987 6.35904e-17)
(40.3551 5.20395 0)
(40.3463 5.18683 2.3901e-16)
(40.3368 5.17072 2.28816e-16)
(39.9469 5.75966 -1.51543e-17)
(39.932 5.74339 0)
(39.9163 5.71985 2.50326e-16)
(39.9002 5.69111 0)
(39.8874 5.65338 2.69205e-16)
(39.8707 5.61573 1.19442e-15)
(39.8674 5.56455 9.05149e-16)
(39.8585 5.52373 -9.43386e-16)
(39.8384 5.46823 4.61027e-17)
(39.7995 5.4278 8.39983e-16)
(39.77 5.39256 -1.01049e-15)
(39.7514 5.3595 -6.03859e-16)
(39.7375 5.3305 6.57769e-16)
(39.726 5.30578 3.57134e-16)
(39.7171 5.28484 3.97759e-16)
(39.7103 5.26679 -6.211e-16)
(39.7053 5.25095 1.12032e-16)
(39.7016 5.23681 1.15701e-16)
(39.6989 5.22375 5.22987e-16)
(39.6969 5.21123 -4.69547e-16)
(39.6953 5.19872 -6.06054e-17)
(39.6939 5.1857 -2.4457e-18)
(39.6928 5.17152 0)
(39.692 5.15585 5.83543e-17)
(39.6919 5.13923 -1.79067e-16)
(39.6927 5.12259 2.12101e-16)
(39.6942 5.10629 -6.14393e-17)
(39.6966 5.09028 -7.73698e-17)
(39.6996 5.07454 -1.7561e-17)
(39.7032 5.05906 6.31304e-17)
(39.7075 5.04384 1.26182e-16)
(39.7124 5.0289 -1.57541e-16)
(39.718 5.01421 1.24752e-16)
(39.7244 4.99974 6.19793e-17)
(39.7317 4.9854 -2.48517e-16)
(39.7399 4.97103 -3.0414e-16)
(39.7495 4.95642 -6.9446e-19)
(39.7607 4.94148 3.61152e-16)
(39.7728 4.92697 -3.57233e-18)
(39.9697 5.75388 -2.22038e-17)
(39.9844 5.76295 5.81793e-17)
(40.0011 5.7684 -3.87216e-17)
(40.0183 5.76915 1.0759e-16)
(40.0345 5.76515 3.4479e-17)
(40.0502 5.75631 -2.61562e-17)
(40.0644 5.74352 -1.74559e-17)
(40.0757 5.7265 7.64204e-17)
(40.0863 5.70871 1.73867e-17)
(40.0888 5.6828 1.8577e-17)
(40.0985 5.66534 -2.07878e-16)
(40.1215 5.65822 0)
(40.1481 5.64974 1.86924e-16)
(40.1712 5.63676 -4.45203e-16)
(40.1925 5.62054 1.25981e-15)
(40.2133 5.60224 -1.16249e-15)
(40.2333 5.58204 -2.54174e-17)
(40.2515 5.56003 5.5969e-16)
(40.2675 5.53652 4.30306e-16)
(40.2816 5.51191 1.2437e-16)
(40.2941 5.48677 1.24844e-16)
(40.3049 5.46185 -2.50438e-16)
(40.314 5.43803 1.22123e-16)
(40.3212 5.41637 -3.32527e-17)
(40.3267 5.39711 0)
(40.3311 5.3792 1.69766e-17)
(40.3348 5.36173 -2.42216e-17)
(40.3376 5.34469 -1.57199e-17)
(40.3398 5.3282 0)
(40.341 5.31209 -5.60872e-17)
(40.341 5.29668 3.00593e-17)
(40.3403 5.28181 -1.23413e-16)
(40.3391 5.26746 2.75521e-16)
(40.337 5.25354 -1.19902e-16)
(40.3339 5.23986 0)
(40.3299 5.22611 -2.26923e-16)
(40.3246 5.21195 4.7933e-16)
(40.3175 5.19665 -1.12738e-16)
(40.3102 5.18237 -2.46076e-16)
(39.9559 5.74161 5.96109e-17)
(39.9432 5.72646 0)
(39.9299 5.70445 -3.59505e-16)
(39.9166 5.67731 1.15348e-16)
(39.9061 5.64123 -4.80502e-16)
(39.892 5.60628 3.70369e-16)
(39.8923 5.55519 -8.23665e-16)
(39.8817 5.51799 0)
(39.8614 5.46154 1.82636e-15)
(39.8192 5.42134 7.4231e-16)
(39.7865 5.38699 1.01249e-15)
(39.7659 5.35461 -1.05241e-15)
(39.7508 5.32615 6.00805e-16)
(39.7384 5.30195 -1.6366e-15)
(39.7287 5.2815 1.40235e-15)
(39.7213 5.26393 -5.46714e-16)
(39.7156 5.24858 -4.83416e-16)
(39.7114 5.23494 3.98471e-16)
(39.7083 5.22239 0)
(39.706 5.21038 -5.0747e-17)
(39.7041 5.1984 0)
(39.7025 5.18592 -5.37015e-17)
(39.7009 5.17231 -5.13824e-17)
(39.6997 5.15723 -5.36643e-17)
(39.699 5.14122 1.06052e-16)
(39.6991 5.12519 0)
(39.7 5.10952 -2.75541e-17)
(39.7017 5.09418 4.78125e-17)
(39.7041 5.07914 -2.90861e-17)
(39.7072 5.06436 8.23263e-17)
(39.7108 5.04985 -1.35372e-17)
(39.7151 5.03559 -1.36737e-16)
(39.72 5.02157 1.36898e-16)
(39.7256 5.00777 5.5626e-17)
(39.7321 4.99412 -2.15964e-16)
(39.7396 4.98048 2.70266e-16)
(39.7483 4.96664 -3.52496e-18)
(39.7587 4.95254 0)
(39.7699 4.93905 4.04594e-16)
(39.976 5.73456 -1.21839e-17)
(39.9882 5.74246 -3.51824e-17)
(40.0021 5.74673 3.61636e-17)
(40.0163 5.74645 -1.62389e-16)
(40.0294 5.74164 -6.54663e-17)
(40.0419 5.73226 -5.78163e-18)
(40.0527 5.71913 2.68947e-17)
(40.061 5.70242 -6.04796e-17)
(40.0681 5.68501 3.416e-16)
(40.068 5.6603 -4.55861e-17)
(40.0753 5.64408 -1.99821e-16)
(40.0964 5.6382 3.55408e-16)
(40.1216 5.63077 0)
(40.1436 5.61887 -3.63374e-16)
(40.1638 5.60377 8.10981e-16)
(40.1837 5.58657 -4.50032e-16)
(40.2029 5.56742 2.83795e-16)
(40.2206 5.54642 -6.14645e-16)
(40.2361 5.52391 3.29862e-16)
(40.2496 5.50041 -1.81771e-16)
(40.2614 5.47648 8.85735e-17)
(40.2716 5.45285 -2.88133e-16)
(40.2801 5.43032 2.43906e-16)
(40.2868 5.40986 0)
(40.2919 5.3917 0)
(40.2961 5.37483 6.95716e-18)
(40.2995 5.35835 -6.62087e-18)
(40.3021 5.3423 2.05245e-17)
(40.3043 5.32679 0)
(40.3055 5.31167 0)
(40.3056 5.29728 1.0339e-16)
(40.3051 5.28348 -1.02808e-16)
(40.3042 5.27025 2.37982e-17)
(40.3025 5.25753 0)
(40.2999 5.24516 0)
(40.2965 5.23285 -9.31479e-17)
(40.2921 5.22028 -4.72153e-17)
(40.2859 5.20679 3.98094e-17)
(40.2796 5.19449 4.32707e-17)
(39.9645 5.72353 1.56761e-17)
(39.954 5.7096 7.34628e-17)
(39.943 5.68932 -9.9618e-17)
(39.9324 5.66391 -4.28888e-16)
(39.9238 5.62989 0)
(39.9125 5.5978 -4.25864e-17)
(39.9155 5.54685 6.70953e-16)
(39.902 5.51446 -6.61122e-16)
(39.8817 5.45576 -1.14091e-15)
(39.8366 5.41474 -7.21594e-16)
(39.8012 5.38094 8.48081e-16)
(39.7791 5.34922 -1.3957e-15)
(39.7632 5.32141 -2.55576e-16)
(39.7502 5.29779 0)
(39.7398 5.27775 -1.50311e-16)
(39.7317 5.26048 -6.5749e-16)
(39.7254 5.24542 1.45044e-15)
(39.7206 5.23213 -3.47742e-16)
(39.717 5.22003 -3.58524e-16)
(39.7143 5.20853 4.66777e-17)
(39.7122 5.19714 4.49865e-17)
(39.7103 5.18529 4.14785e-16)
(39.7085 5.17234 -3.20936e-16)
(39.7067 5.15795 0)
(39.7054 5.14261 1.38865e-16)
(39.7047 5.12727 -2.8232e-16)
(39.7048 5.11229 3.47897e-17)
(39.7058 5.09769 4.8039e-17)
(39.7074 5.08345 -7.35935e-19)
(39.7098 5.06951 0)
(39.7127 5.05583 7.2011e-17)
(39.7162 5.04238 1.20235e-16)
(39.7202 5.02912 -4.31596e-16)
(39.7249 5.01601 2.38243e-16)
(39.7305 5.00298 -4.65122e-17)
(39.7369 4.98993 0)
(39.7446 4.97666 -9.42341e-17)
(39.7538 4.96304 0)
(39.7635 4.94956 1.77603e-16)
(39.9818 5.71513 -1.89606e-17)
(39.9916 5.72185 1.77443e-17)
(40.0027 5.72502 1.2699e-17)
(40.0139 5.72387 1.28515e-16)
(40.024 5.71851 -4.43495e-17)
(40.0334 5.70894 5.33463e-17)
(40.0412 5.69593 -2.12299e-17)
(40.0468 5.6801 -9.3572e-17)
(40.0508 5.66348 2.55293e-17)
(40.0492 5.64085 0)
(40.0545 5.62612 -1.20393e-16)
(40.0732 5.62103 0)
(40.0965 5.61418 5.69894e-16)
(40.1173 5.603 -4.9742e-16)
(40.1362 5.5887 -3.42942e-16)
(40.1548 5.57234 4.45984e-16)
(40.173 5.55406 -3.56254e-16)
(40.1899 5.53391 7.24149e-16)
(40.2048 5.51223 -3.82828e-16)
(40.2179 5.48956 7.61223e-17)
(40.2292 5.46649 -7.95412e-17)
(40.239 5.44376 -3.76147e-17)
(40.2471 5.42215 1.14243e-16)
(40.2536 5.4026 -1.90956e-17)
(40.2585 5.38534 0)
(40.2623 5.36942 2.11532e-17)
(40.2654 5.35398 -2.37234e-17)
(40.2679 5.33904 0)
(40.27 5.32473 -4.22776e-17)
(40.2712 5.31077 4.5953e-17)
(40.2713 5.29758 8.39328e-17)
(40.271 5.285 -8.35536e-17)
(40.2703 5.27301 -1.84787e-16)
(40.2689 5.26154 2.29066e-18)
(40.2669 5.25043 2.73433e-18)
(40.2642 5.23938 1.94033e-16)
(40.2607 5.22811 0)
(40.2558 5.21587 -4.31752e-18)
(40.2512 5.20496 0)
(39.9726 5.7054 -5.458e-17)
(39.9641 5.69282 1.69143e-16)
(39.9555 5.67449 0)
(39.9474 5.65102 -4.34149e-18)
(39.9406 5.61964 7.21493e-16)
(39.9321 5.59061 -1.29875e-15)
(39.9368 5.54017 -5.5819e-16)
(39.9196 5.51405 0)
(39.8998 5.45155 1.01536e-15)
(39.8527 5.40838 -1.1318e-15)
(39.8147 5.37427 7.64574e-16)
(39.791 5.34275 4.35636e-16)
(39.7745 5.31565 2.39922e-16)
(39.7613 5.29304 0)
(39.7508 5.27393 8.08196e-18)
(39.7423 5.25725 -6.92365e-17)
(39.7352 5.24246 7.21939e-17)
(39.7293 5.22925 0)
(39.7246 5.21717 -6.31486e-16)
(39.721 5.20575 6.37321e-16)
(39.7182 5.19453 -4.13146e-17)
(39.7158 5.18299 -4.05331e-16)
(39.7135 5.17049 -1.23285e-18)
(39.7111 5.15661 2.00496e-16)
(39.7089 5.14181 3.46743e-16)
(39.7072 5.12695 -1.64906e-16)
(39.7062 5.11245 -4.71512e-19)
(39.7059 5.09836 3.14474e-17)
(39.7065 5.08473 -2.03705e-17)
(39.7077 5.07155 0)
(39.7097 5.0588 1.07541e-17)
(39.7122 5.04643 1.67817e-16)
(39.7153 5.03438 -2.92941e-16)
(39.7191 5.0226 1.24388e-16)
(39.7235 5.01097 4.21809e-17)
(39.7288 4.9994 -4.02893e-17)
(39.7353 4.98777 3.20043e-16)
(39.7434 4.97603 7.31333e-17)
(39.7531 4.96587 -5.42811e-16)
(39.987 5.6955 -3.49726e-17)
(39.9944 5.70104 3.34938e-18)
(40.0027 5.70322 2.44433e-17)
(40.011 5.70142 -6.50632e-17)
(40.0184 5.69583 6.0343e-17)
(40.0249 5.68648 0)
(40.03 5.67414 -3.22883e-17)
(40.0334 5.65973 5.53537e-17)
(40.0352 5.64431 -7.42775e-17)
(40.0331 5.62469 -7.08937e-17)
(40.0366 5.61161 2.97198e-16)
(40.0526 5.60692 -1.68493e-16)
(40.0733 5.60023 1.85429e-16)
(40.0923 5.58942 -3.48239e-16)
(40.1097 5.57558 4.56008e-16)
(40.1269 5.5597 -7.9765e-17)
(40.1437 5.54201 -4.39249e-16)
(40.1595 5.52259 4.38801e-16)
(40.1736 5.50175 1.56821e-16)
(40.1859 5.47997 -4.96799e-17)
(40.1965 5.45781 -2.32358e-16)
(40.2058 5.4359 8.08715e-17)
(40.2135 5.41495 2.4754e-16)
(40.2196 5.39583 -1.88673e-16)
(40.2243 5.3788 6.51394e-17)
(40.2281 5.36294 0)
(40.2311 5.34748 2.28236e-18)
(40.2334 5.3325 -2.61682e-17)
(40.2354 5.31819 4.90918e-17)
(40.2366 5.30423 -2.34482e-18)
(40.2365 5.29117 0)
(40.2361 5.27881 0)
(40.2353 5.26718 0)
(40.2339 5.25625 1.48357e-17)
(40.2318 5.24591 -1.11632e-16)
(40.229 5.23587 -1.19291e-16)
(40.2254 5.22587 2.67619e-16)
(40.2206 5.21499 1.9093e-16)
(40.2168 5.20498 -4.37304e-16)
(39.98 5.68715 2.33652e-17)
(39.9737 5.67609 1.1525e-16)
(39.9673 5.65996 1.91664e-16)
(39.9613 5.63878 2.01058e-17)
(39.9561 5.61083 -1.30882e-15)
(39.9504 5.58492 8.58489e-16)
(39.9549 5.53587 5.0783e-16)
(39.9342 5.51771 0)
(39.917 5.44966 0)
(39.869 5.40342 -4.85597e-16)
(39.8286 5.36807 0)
(39.8024 5.33531 0)
(39.7837 5.30752 1.96667e-16)
(39.769 5.28515 -8.98859e-16)
(39.7581 5.26705 9.44337e-16)
(39.7497 5.25177 1.24716e-16)
(39.7428 5.23839 -5.21465e-16)
(39.7365 5.22632 1.06113e-15)
(39.7308 5.21506 -1.05328e-15)
(39.7258 5.20417 5.50594e-16)
(39.7215 5.19332 0)
(39.7177 5.18208 5.33974e-17)
(39.714 5.16993 0)
(39.7104 5.15652 -3.62719e-17)
(39.7069 5.14224 1.24303e-16)
(39.7037 5.12787 6.65203e-19)
(39.701 5.11372 -8.14067e-17)
(39.699 5.09983 -7.76166e-17)
(39.6976 5.08621 -3.67348e-17)
(39.697 5.0729 -3.68571e-17)
(39.697 5.05989 -5.57987e-17)
(39.6977 5.04716 1.80364e-17)
(39.699 5.03468 -1.8406e-17)
(39.7011 5.02241 1.46552e-16)
(39.704 5.01026 1.75506e-17)
(39.7076 4.99813 3.65282e-17)
(39.7122 4.98573 0)
(39.7173 4.97268 -7.05415e-17)
(39.722 4.95844 -5.23012e-16)
(39.9915 5.67569 -3.22537e-17)
(39.9965 5.68004 5.7468e-17)
(40.0021 5.68133 -3.45229e-17)
(40.0076 5.67914 -2.48646e-17)
(40.0124 5.67367 -7.05233e-17)
(40.0165 5.66502 4.97107e-17)
(40.0196 5.65392 -2.02432e-17)
(40.0214 5.64139 3.96878e-17)
(40.0217 5.6277 -1.61683e-17)
(40.02 5.61211 0)
(40.0221 5.60079 1.94647e-17)
(40.0348 5.59607 -4.30763e-16)
(40.0524 5.5892 3.63278e-16)
(40.0689 5.57855 -8.07828e-17)
(40.0844 5.56499 -3.67394e-16)
(40.0999 5.54932 4.23381e-16)
(40.1153 5.53177 -5.21085e-17)
(40.1301 5.51254 1.45459e-16)
(40.1434 5.49209 -3.27058e-16)
(40.155 5.47106 4.45593e-17)
(40.165 5.45009 -1.94895e-17)
(40.1734 5.42986 -1.62137e-16)
(40.1802 5.41106 2.68828e-16)
(40.1853 5.39448 -1.25673e-16)
(40.1891 5.3802 4.92429e-17)
(40.192 5.36725 0)
(40.1945 5.35479 -6.36112e-18)
(40.1964 5.34276 5.29262e-18)
(40.1984 5.33121 -2.00818e-18)
(40.1994 5.32016 6.28974e-18)
(40.1995 5.30976 1.00676e-16)
(40.1995 5.2998 -1.00414e-16)
(40.1993 5.29027 5.98832e-18)
(40.1988 5.28109 -7.74611e-18)
(40.1978 5.27219 -1.33442e-17)
(40.1963 5.26334 0)
(40.1942 5.25438 1.51336e-16)
(40.1905 5.24488 -1.52107e-16)
(40.1862 5.237 0)
(39.9867 5.66881 -4.78794e-19)
(39.9823 5.65951 0)
(39.978 5.64583 -1.63325e-16)
(39.9738 5.62744 3.20372e-16)
(39.97 5.60375 5.95778e-16)
(39.9664 5.58084 -4.88042e-16)
(39.9686 5.53514 0)
(39.9465 5.52677 6.72261e-16)
(39.9338 5.45 -2.17616e-15)
(39.8859 5.40072 2.05005e-15)
(39.844 5.36492 0)
(39.8152 5.33129 1.44793e-15)
(39.7925 5.30187 -1.72419e-15)
(39.7731 5.27722 0)
(39.7577 5.25682 5.78667e-17)
(39.7463 5.23984 -9.39215e-16)
(39.7378 5.22567 1.30221e-15)
(39.7312 5.21366 -4.36522e-16)
(39.7254 5.20302 4.47275e-16)
(39.7202 5.19307 3.02962e-18)
(39.7151 5.18322 -4.86405e-16)
(39.7101 5.17292 -3.0898e-17)
(39.7049 5.16155 0)
(39.6996 5.14883 0)
(39.6946 5.13547 -2.33099e-16)
(39.6901 5.1225 2.41893e-16)
(39.6863 5.11026 -7.89655e-18)
(39.6833 5.09875 3.98205e-18)
(39.681 5.08793 -5.00835e-19)
(39.6794 5.07781 0)
(39.6784 5.06834 -8.23226e-18)
(39.6781 5.05947 1.00785e-16)
(39.6784 5.05106 1.23677e-16)
(39.6791 5.04299 -2.47921e-16)
(39.6804 5.03513 -1.59315e-17)
(39.6825 5.02742 0)
(39.686 5.02003 -4.72052e-16)
(39.6928 5.01352 1.1503e-17)
(39.7037 5.01182 1.38763e-17)
(39.9949 5.65557 0)
(39.9979 5.6587 8.98709e-17)
(40.0011 5.65924 -7.32482e-17)
(40.0042 5.65693 2.30719e-17)
(40.0068 5.652 -5.30714e-17)
(40.009 5.64458 4.72785e-17)
(40.0105 5.63533 -8.26416e-18)
(40.0113 5.62519 6.26488e-18)
(40.011 5.61412 -1.83269e-17)
(40.0101 5.60345 0)
(40.0109 5.59391 -1.74074e-17)
(40.0203 5.58875 1.53082e-17)
(40.0343 5.58118 -2.55444e-17)
(40.048 5.57037 1.93475e-16)
(40.0611 5.55698 -4.4003e-16)
(40.0741 5.5415 4.94488e-16)
(40.0875 5.5239 -8.05755e-17)
(40.1008 5.50415 -1.39134e-16)
(40.1135 5.48256 0)
(40.1252 5.45969 2.38312e-16)
(40.1357 5.43619 -2.24755e-16)
(40.145 5.41281 -1.86695e-17)
(40.1531 5.39024 -6.31838e-17)
(40.1598 5.36942 6.89583e-17)
(40.1649 5.35078 3.78983e-17)
(40.1685 5.3336 -3.99836e-17)
(40.1712 5.31702 1.02957e-18)
(40.1729 5.3013 -9.63665e-18)
(40.1741 5.28688 -2.79125e-18)
(40.1752 5.2723 -5.76339e-18)
(40.1747 5.25915 8.58928e-17)
(40.1735 5.24711 -8.57527e-17)
(40.1719 5.23617 -5.49509e-18)
(40.1696 5.22629 1.6083e-16)
(40.1667 5.21731 -2.77489e-18)
(40.1634 5.20887 -1.61163e-16)
(40.1597 5.20064 7.43987e-18)
(40.1563 5.1911 -2.61493e-17)
(40.1555 5.18221 1.34559e-17)
(39.9921 5.6503 6.48203e-17)
(39.9895 5.64297 1.03136e-16)
(39.987 5.63211 -2.12077e-16)
(39.9845 5.61721 1.47492e-16)
(39.9821 5.59849 1.38069e-16)
(39.98 5.57878 0)
(39.9795 5.54042 1.64109e-16)
(39.9603 5.54239 -1.18424e-16)
(39.9511 5.4518 6.02591e-16)
(39.8995 5.39547 -2.38774e-15)
(39.8535 5.35796 6.28506e-16)
(39.8225 5.32705 1.06727e-15)
(39.7988 5.30256 2.0682e-16)
(39.7782 5.28216 -1.8844e-15)
(39.7603 5.26364 -2.14446e-17)
(39.7447 5.24586 7.32617e-16)
(39.731 5.22866 7.54106e-16)
(39.7194 5.21224 -8.13467e-16)
(39.7098 5.19658 0)
(39.7021 5.18156 -4.27998e-16)
(39.6959 5.16695 4.29521e-16)
(39.6906 5.15243 2.58351e-17)
(39.6854 5.13757 -4.5467e-16)
(39.6796 5.12201 4.4097e-16)
(39.673 5.10574 -1.84565e-18)
(39.6664 5.08926 1.22132e-16)
(39.6605 5.07291 -1.08072e-16)
(39.6556 5.05679 -3.63594e-18)
(39.6516 5.04097 4.5695e-19)
(39.6486 5.02553 1.20271e-16)
(39.6466 5.01055 -2.48438e-16)
(39.6457 4.99611 -1.14322e-16)
(39.6461 4.98228 2.41829e-16)
(39.6475 4.96909 6.33563e-18)
(39.65 4.9565 0)
(39.6531 4.94432 4.75176e-16)
(39.6559 4.93174 -4.71181e-16)
(39.6549 4.91774 4.74679e-16)
(39.6488 4.89842 -5.04e-16)
(39.9974 5.63463 3.33766e-17)
(39.9989 5.63653 -5.67943e-18)
(40.0006 5.63653 -9.59376e-17)
(40.0022 5.63453 9.82987e-17)
(40.0033 5.63073 2.26167e-17)
(40.0041 5.62527 0)
(40.0044 5.61871 1.44733e-18)
(40.0043 5.61174 0)
(40.0036 5.6044 0)
(40.0032 5.59893 0)
(40.0027 5.59114 -2.05583e-18)
(40.0085 5.58542 -1.34377e-17)
(40.0186 5.57686 1.75242e-16)
(40.0295 5.56542 5.37477e-17)
(40.0402 5.55191 -8.90123e-17)
(40.0506 5.53715 -1.46077e-16)
(40.0608 5.52145 0)
(40.0707 5.50499 2.33727e-17)
(40.0801 5.48809 0)
(40.0887 5.4713 -1.51731e-16)
(40.0961 5.45527 1.46449e-16)
(40.102 5.44075 0)
(40.1061 5.4283 0)
(40.1087 5.41823 0)
(40.1107 5.4101 -1.91798e-17)
(40.1131 5.40247 2.1062e-17)
(40.1153 5.39518 -9.397e-19)
(40.1174 5.38764 7.09089e-18)
(40.1201 5.37953 -5.6128e-17)
(40.1208 5.37466 8.65509e-17)
(40.121 5.3687 -4.10506e-17)
(40.1217 5.3621 8.10105e-17)
(40.1227 5.35549 -8.08638e-17)
(40.1237 5.34909 -8.08491e-17)
(40.1243 5.34285 8.04409e-17)
(40.1243 5.33664 0)
(40.1236 5.33031 -1.5061e-16)
(40.1194 5.32431 1.6792e-17)
(40.1135 5.31848 2.27587e-16)
(39.9958 5.63118 -3.48704e-17)
(39.9945 5.62626 1.75037e-16)
(39.9934 5.61886 -6.03131e-17)
(39.9926 5.60856 -5.97094e-16)
(39.9921 5.59581 3.38119e-16)
(39.9924 5.58095 0)
(39.9928 5.55539 -1.493e-16)
(39.9816 5.56353 1.07319e-16)
(39.9722 5.45939 1.23069e-16)
(39.9102 5.38165 1.93306e-16)
(39.8514 5.32309 2.07457e-16)
(39.8086 5.2804 8.73429e-16)
(39.7786 5.25464 -1.11145e-15)
(39.7588 5.24218 0)
(39.7479 5.2381 6.38827e-16)
(39.7426 5.23816 -5.88671e-16)
(39.7397 5.23986 2.01293e-17)
(39.7363 5.24173 5.69329e-16)
(39.7316 5.24277 -4.36413e-18)
(39.7251 5.24258 -5.73735e-16)
(39.7174 5.24075 6.28054e-18)
(39.7088 5.23712 2.78595e-16)
(39.7003 5.23124 -2.83772e-16)
(39.6939 5.22345 0)
(39.6905 5.21564 -1.1231e-17)
(39.6891 5.20937 0)
(39.6884 5.20458 0)
(39.6883 5.2007 0)
(39.6886 5.19763 3.71641e-17)
(39.6895 5.19512 3.76195e-17)
(39.6907 5.19307 7.13835e-17)
(39.6921 5.19129 -1.46548e-16)
(39.6937 5.18964 0)
(39.6954 5.18799 -3.02075e-16)
(39.6976 5.18644 2.80991e-16)
(39.7015 5.18528 -2.83186e-16)
(39.7093 5.18549 7.5869e-18)
(39.7285 5.18917 2.68913e-16)
(39.7572 5.20126 -1.34891e-17)
(39.9992 5.61191 -8.70497e-19)
(40 5.61252 -6.85013e-17)
(40.0008 5.61236 1.42958e-16)
(40.0015 5.61141 -1.94128e-16)
(40.0018 5.60977 8.90256e-17)
(40.0019 5.60754 1.0856e-17)
(40.0016 5.60496 9.56313e-18)
(40.0009 5.60232 -1.81287e-17)
(40 5.59974 2.93065e-17)
(39.9996 5.59867 -2.26902e-17)
(39.9976 5.59196 1.80781e-18)
(39.9994 5.5856 0)
(40.0042 5.57611 -5.26181e-17)
(40.011 5.563 6.06757e-17)
(40.0195 5.54592 0)
(40.0292 5.52501 0)
(40.0399 5.50046 0)
(40.0513 5.47253 1.53531e-16)
(40.0635 5.44166 -6.58473e-17)
(40.0762 5.40857 -9.27528e-17)
(40.0893 5.37424 0)
(40.1026 5.3401 8.09505e-17)
(40.1153 5.30776 -1.7493e-16)
(40.1258 5.27901 9.41584e-17)
(40.1324 5.25445 0)
(40.1363 5.23204 -7.51593e-19)
(40.1389 5.21134 0)
(40.1404 5.19151 -4.61386e-18)
(40.1439 5.17151 -5.75377e-17)
(40.1462 5.1561 1.26356e-16)
(40.1425 5.14115 -6.6883e-17)
(40.1388 5.1278 0)
(40.1358 5.1158 1.30639e-16)
(40.1323 5.10509 -2.58998e-16)
(40.1278 5.09556 1.2817e-16)
(40.1224 5.08677 2.52631e-16)
(40.1171 5.07837 -2.5038e-16)
(40.1141 5.06845 2.84969e-18)
(40.1173 5.05944 0)
(39.9985 5.61067 1.47435e-16)
(39.998 5.60885 1.78266e-16)
(39.9978 5.60608 -4.97607e-16)
(39.998 5.60218 2.94298e-16)
(39.999 5.59732 -3.95032e-16)
(40.0011 5.59117 3.23068e-16)
(40.0045 5.58253 -3.12338e-16)
(40.0032 5.58702 6.38975e-16)
(39.9981 5.50029 -7.91535e-16)
(39.9427 5.41438 1.02626e-16)
(39.8844 5.32712 0)
(39.8322 5.24568 8.80498e-16)
(39.7857 5.17642 -1.98147e-15)
(39.7455 5.12012 1.16504e-15)
(39.7151 5.07547 1.50661e-15)
(39.6957 5.03979 -7.4981e-16)
(39.6863 5.01074 3.48843e-17)
(39.6856 4.98619 -1.81727e-15)
(39.6913 4.9643 9.27574e-16)
(39.7012 4.94377 0)
(39.7133 4.92354 -5.62497e-18)
(39.726 4.90263 -4.66219e-16)
(39.7369 4.88 4.69193e-16)
(39.7422 4.85548 4.79614e-16)
(39.7414 4.83067 -7.26285e-16)
(39.7393 4.80714 2.47451e-16)
(39.7393 4.78519 0)
(39.7413 4.76472 0)
(39.7446 4.74569 0)
(39.749 4.72805 1.34562e-16)
(39.7548 4.71174 1.3885e-16)
(39.762 4.69666 -2.71755e-16)
(39.7705 4.68261 0)
(39.78 4.66935 6.13595e-18)
(39.7898 4.65656 -5.34887e-16)
(39.7979 4.64371 5.36375e-16)
(39.8018 4.63067 -5.42465e-16)
(39.7905 4.61613 1.64977e-15)
(39.7671 4.60735 -1.11396e-15)
(24.5467 3.7094 2.00314e-17)
(16.2425 2.53767 -6.36042e-18)
(10.4773 1.53433 -2.57095e-17)
(6.80175 0.69754 0)
(4.91424 0.013247 0)
(4.55839 -0.492878 -1.16633e-17)
(5.36724 -0.851386 0)
(7.17157 -1.0976 0)
(9.86061 -1.2352 0)
(13.2354 -1.27635 0)
(17.0666 -1.23898 -1.95019e-17)
(21.0742 -1.14167 0)
(24.8952 -1.00222 0)
(28.2374 -0.834183 0)
(30.9642 -0.65881 2.56933e-17)
(32.963 -0.499085 0)
(34.2293 -0.367431 4.2374e-17)
(34.9705 -0.260218 -4.13827e-17)
(35.4408 -0.16518 0)
(35.8171 -0.0690438 0)
(36.1736 0.0366435 0)
(36.5255 0.154838 0)
(36.8694 0.284045 0)
(37.2005 0.423358 5.39165e-17)
(37.5153 0.570218 0)
(37.8116 0.723242 0)
(38.0888 0.880568 0)
(38.3476 1.0409 0)
(38.5894 1.20317 0)
(38.8156 1.36629 -5.30939e-17)
(39.0272 1.52962 0)
(39.2249 1.6923 0)
(39.4089 1.85378 1.8733e-17)
(39.5797 2.01354 0)
(39.7374 2.17108 0)
(39.8825 2.32607 0)
(40.0151 2.47825 0)
(40.1357 2.62729 0)
(40.2444 2.77301 -3.61962e-17)
(40.3415 2.91511 0)
(40.4274 3.05343 8.52555e-17)
(40.5026 3.18766 -1.69933e-16)
(40.5675 3.31767 0)
(40.6227 3.44321 0)
(40.6686 3.56411 0)
(40.7058 3.68023 0)
(40.7349 3.79147 1.47772e-16)
(40.7565 3.89773 0)
(40.7712 3.99899 3.73221e-17)
(40.7796 4.09523 0)
(40.7823 4.18648 0)
(40.7798 4.27281 2.22125e-16)
(40.7729 4.3543 1.98841e-17)
(40.762 4.4311 -1.68491e-17)
(40.7476 4.50331 0)
(40.7303 4.57113 0)
(40.7105 4.63467 0)
(40.6886 4.69412 -1.679e-17)
(40.6651 4.74963 2.50069e-16)
(40.6401 4.80136 0)
(40.6141 4.84945 -4.3036e-16)
(40.5871 4.89409 0)
(40.5596 4.93534 0)
(40.5317 4.97342 0)
(40.5036 5.00826 0)
(40.4756 5.04039 2.44243e-16)
(40.4482 5.06904 0)
(40.423 5.09225 6.28991e-18)
(40.4001 5.11037 0)
(40.3762 5.12856 -3.67145e-16)
(40.3526 5.14512 0)
(40.3282 5.16226 -4.93088e-18)
(40.3036 5.17508 0)
(40.2741 5.18928 0)
(40.2473 5.20041 0)
(40.2136 5.20191 2.16252e-18)
(40.1833 5.23535 1.68571e-16)
(40.1542 5.18066 0)
(40.1115 5.31883 -1.18521e-16)
(40.1149 5.0629 0)
(34.324 4.6063 -1.02605e-17)
(39.8197 5.18442 0)
(39.5217 4.83727 -3.33904e-18)
(39.1541 4.98555 0)
(39.1142 4.89264 0)
(39.2059 5.02315 -6.0571e-18)
(39.2881 4.99025 0)
(39.3565 5.05127 0)
(39.4232 5.05084 0)
(39.4856 5.07678 0)
(39.5461 5.08293 0)
(39.603 5.09208 -8.65079e-18)
(39.6569 5.09332 8.07718e-18)
(39.7074 5.09182 0)
(39.7544 5.08534 0)
(39.7979 5.07506 0)
(39.8378 5.06092 2.16094e-17)
(39.874 5.04312 0)
(39.9064 5.02225 0)
(39.9351 4.99852 0)
(39.9601 4.97244 0)
(39.9814 4.94439 0)
(39.9991 4.91481 0)
(40.0134 4.88421 0)
(40.0244 4.85293 0)
(40.0321 4.82137 8.74852e-18)
(40.0368 4.78995 0)
(40.0385 4.75893 0)
(40.0376 4.72871 3.05339e-17)
(40.034 4.69947 0)
(40.0281 4.67157 0)
(40.0201 4.64515 0)
(40.0101 4.62048 0)
(39.9984 4.59768 -5.46044e-17)
(39.9852 4.57697 3.75046e-18)
(39.9707 4.55841 0)
(39.9552 4.54219 -4.48632e-18)
(39.9389 4.52831 0)
(39.922 4.51692 0)
(39.9047 4.50799 1.40162e-18)
(39.8874 4.50158 -7.98851e-17)
(39.8703 4.49763 0)
(39.8535 4.49616 -7.35686e-17)
(39.8373 4.49704 1.4074e-18)
(39.8219 4.50022 0)
(39.8076 4.50556 1.29559e-16)
(39.7944 4.51293 0)
(39.7826 4.52217 0)
(39.7723 4.53316 1.15649e-16)
(39.7636 4.54573 0)
(39.7566 4.55972 5.26557e-18)
(39.7514 4.57498 -1.93873e-16)
(39.7479 4.59132 0)
(39.7459 4.60857 -1.77807e-16)
(39.7454 4.62653 0)
(39.7462 4.64506 0)
(39.748 4.66397 0)
(39.7506 4.68314 2.70767e-16)
(39.7541 4.70245 0)
(39.7584 4.7218 4.77157e-16)
(39.7634 4.7411 0)
(39.7689 4.76027 4.12713e-16)
(39.7745 4.77922 0)
(39.7797 4.79779 0)
(39.7841 4.81603 4.78441e-18)
(39.7874 4.83363 -4.16443e-18)
(39.7894 4.85091 -2.80788e-16)
(39.7902 4.86519 0)
(39.789 4.87748 0)
(39.7872 4.8899 -2.75906e-16)
(39.7849 4.90256 -4.93316e-16)
(39.7822 4.91555 0)
(39.7786 4.92836 -3.89304e-16)
(39.7713 4.93928 -3.44999e-16)
(39.7601 4.95772 2.58014e-18)
(39.7264 4.94856 5.48428e-16)
(39.7101 5.009 4.64158e-18)
(39.6493 4.88666 0)
(39.7711 5.20735 0)
(39.7656 4.60679 -1.2032e-15)
(37.083 4.24472 -1.51576e-17)
(31.8256 3.59905 3.14899e-18)
(25.986 2.84605 3.1586e-17)
(20.8291 2.04379 0)
(16.7428 1.24512 0)
(13.7531 0.503292 2.04534e-17)
(11.9354 -0.134961 0)
(11.4615 -0.601736 0)
(12.2833 -0.881905 -3.20797e-17)
(14.231 -0.991576 0)
(17.0272 -0.943607 7.77858e-17)
(20.3208 -0.766857 0)
(23.759 -0.502143 0)
(26.9962 -0.195092 0)
(29.7843 0.110928 0)
(32.0397 0.390054 0)
(33.68 0.619579 -1.06954e-17)
(34.7045 0.7887 7.29312e-18)
(35.2775 0.904321 0)
(35.6225 0.987917 0)
(35.9042 1.06177 0)
(36.1934 1.13947 9.30821e-17)
(36.4987 1.22357 0)
(36.8093 1.31337 1.06517e-17)
(37.1144 1.40634 0)
(37.408 1.50202 0)
(37.687 1.59998 0)
(37.9508 1.7006 -3.26338e-17)
(38.2001 1.80413 0)
(38.4358 1.91065 9.98771e-18)
(38.6585 2.02012 0)
(38.8684 2.13214 0)
(39.0657 2.24625 -1.82569e-17)
(39.2504 2.362 0)
(39.4225 2.47882 0)
(39.5821 2.59626 3.27197e-17)
(39.7295 2.71393 0)
(39.8648 2.83136 0)
(39.9882 2.94822 -2.71559e-17)
(40.0999 3.06408 5.92127e-17)
(40.2002 3.17862 -2.23853e-17)
(40.2896 3.29141 2.97428e-16)
(40.3684 3.4022 0)
(40.437 3.51063 0)
(40.4961 3.61641 0)
(40.546 3.71927 0)
(40.5873 3.819 -1.4725e-16)
(40.6205 3.91538 0)
(40.6463 4.00825 3.53914e-17)
(40.6652 4.09746 0)
(40.6778 4.18294 0)
(40.6847 4.2646 -2.3416e-17)
(40.6865 4.34244 2.06363e-16)
(40.6836 4.41647 -1.74285e-17)
(40.6768 4.4867 0)
(40.6664 4.55319 0)
(40.653 4.61599 0)
(40.637 4.67517 -1.84083e-17)
(40.6189 4.73081 -2.49371e-16)
(40.5989 4.783 0)
(40.5774 4.83181 0)
(40.5546 4.87737 0)
(40.5309 4.91968 3.17264e-16)
(40.5064 4.95894 0)
(40.4816 4.995 -2.55511e-16)
(40.4564 5.02842 0)
(40.4316 5.05837 0)
(40.4085 5.08266 7.85881e-18)
(40.3873 5.10171 0)
(40.365 5.12103 1.81056e-16)
(40.343 5.13855 0)
(40.3202 5.15705 -6.18763e-18)
(40.2972 5.17068 0)
(40.2691 5.18636 -1.73125e-16)
(40.2434 5.19816 0)
(40.2107 5.20066 3.30702e-18)
(40.1812 5.23508 -1.6829e-16)
(40.1515 5.18135 0)
(40.113 5.31962 0)
(40.1084 5.06943 0)
(39.7016 4.6095 0)
(40.2362 4.60292 0)
(39.7911 4.57118 4.36268e-18)
(39.7178 4.60823 0)
(39.7236 4.60832 -1.78308e-17)
(39.7412 4.63509 6.32956e-18)
(39.7472 4.63539 0)
(39.7536 4.65623 0)
(39.7606 4.66114 0)
(39.7687 4.67589 0)
(39.7777 4.68404 0)
(39.7875 4.6952 4.87763e-18)
(39.7982 4.70388 -3.9414e-18)
(39.8096 4.71278 0)
(39.8216 4.72027 0)
(39.8341 4.72691 0)
(39.847 4.73217 -2.17169e-17)
(39.8599 4.73598 0)
(39.8728 4.73818 3.64781e-17)
(39.8853 4.73859 0)
(39.8974 4.73716 3.22238e-17)
(39.9089 4.7338 0)
(39.9194 4.72854 0)
(39.9289 4.72143 0)
(39.9373 4.71255 0)
(39.9442 4.70205 -4.38655e-17)
(39.9497 4.69015 0)
(39.9536 4.67702 0)
(39.9559 4.66298 0)
(39.9565 4.64823 0)
(39.9555 4.63312 0)
(39.9529 4.61787 0)
(39.9488 4.60283 0)
(39.9432 4.58822 -2.74498e-18)
(39.9362 4.57433 -5.14168e-17)
(39.9279 4.56136 0)
(39.9185 4.54957 9.37373e-17)
(39.9082 4.5391 0)
(39.8971 4.53016 0)
(39.8854 4.52285 -8.24704e-17)
(39.8733 4.51731 7.91512e-17)
(39.861 4.5136 7.59754e-17)
(39.8486 4.51179 7.29401e-17)
(39.8365 4.51188 1.33258e-18)
(39.8247 4.51389 0)
(39.8135 4.51775 -1.2858e-16)
(39.8031 4.52343 0)
(39.7937 4.53084 -1.15021e-16)
(39.7853 4.5399 -1.09545e-16)
(39.7782 4.55052 0)
(39.7724 4.56259 5.16422e-18)
(39.768 4.57597 1.92761e-16)
(39.7651 4.59053 0)
(39.7634 4.60609 0)
(39.763 4.62253 0)
(39.7636 4.63968 -1.49333e-16)
(39.7651 4.65739 0)
(39.7674 4.67553 -5.32886e-16)
(39.7703 4.69399 -2.46465e-16)
(39.774 4.71267 -2.35341e-16)
(39.7784 4.73147 0)
(39.7832 4.75028 -4.0073e-18)
(39.7881 4.76899 0)
(39.7926 4.78748 3.44358e-16)
(39.7962 4.80573 5.45185e-18)
(39.7987 4.82348 -4.76328e-18)
(39.7999 4.84099 2.72246e-16)
(39.8001 4.85553 1.70234e-16)
(39.7983 4.8681 0)
(39.7959 4.88087 2.75081e-16)
(39.7931 4.89395 4.86302e-16)
(39.7898 4.90741 0)
(39.7855 4.92086 3.80599e-16)
(39.7774 4.93225 3.38345e-16)
(39.7648 4.95186 2.44479e-18)
(39.7308 4.94228 -5.41078e-16)
(39.7114 5.0056 1.35111e-18)
(39.6574 4.88143 -4.83696e-16)
(39.7688 5.20748 0)
(39.7839 4.6124 1.20058e-15)
(40.5848 4.40963 -9.65751e-19)
(39.1275 4.22212 8.46644e-19)
(36.1251 3.87906 -1.20052e-17)
(32.2272 3.38735 0)
(28.1202 2.78832 -9.6128e-18)
(24.2103 2.1295 0)
(20.6844 1.45087 0)
(17.7932 0.814962 0)
(15.9248 0.29896 1.78283e-18)
(15.4028 -0.0380953 0)
(16.269 -0.175754 -6.57968e-17)
(18.2839 -0.128424 0)
(21.0583 0.0715718 0)
(24.1737 0.376302 0)
(27.2572 0.733 0)
(29.9969 1.08409 0)
(32.2454 1.39304 -1.92654e-18)
(33.9244 1.63902 5.38934e-17)
(35.0104 1.8047 0)
(35.6171 1.89613 0)
(35.9451 1.93889 0)
(36.1792 1.96455 -8.31414e-17)
(36.4195 1.99422 0)
(36.6876 2.03526 -1.3416e-16)
(36.9699 2.08603 6.03242e-17)
(37.2499 2.14313 0)
(37.5183 2.20402 0)
(37.7724 2.26772 3.09116e-17)
(38.0126 2.33412 0)
(38.2404 2.40328 4.76003e-17)
(38.4567 2.47537 0)
(38.662 2.55026 0)
(38.8565 2.62783 0)
(39.04 2.70791 0)
(39.2126 2.79031 0)
(39.3742 2.87485 -3.21123e-17)
(39.5248 2.96132 0)
(39.6644 3.04942 0)
(39.7931 3.13889 -2.04962e-17)
(39.911 3.22935 -5.85956e-17)
(40.0182 3.32047 -6.1719e-17)
(40.115 3.41181 -2.22449e-16)
(40.2016 3.50308 0)
(40.2784 3.59386 0)
(40.3459 3.6838 1.04559e-16)
(40.4043 3.77258 -1.04805e-16)
(40.4542 3.85987 1.03904e-16)
(40.4959 3.94537 0)
(40.5301 4.02884 3.16858e-17)
(40.5572 4.11002 0)
(40.5778 4.18871 0)
(40.5924 4.26475 -2.17161e-17)
(40.6015 4.33802 0)
(40.6057 4.40842 -1.73526e-16)
(40.6055 4.47586 0)
(40.6015 4.5403 0)
(40.594 4.60168 0)
(40.5836 4.65999 -4.90862e-16)
(40.5707 4.71522 2.17738e-16)
(40.5555 4.76738 0)
(40.5386 4.81648 0)
(40.52 4.86259 0)
(40.5001 4.90563 -3.16376e-16)
(40.4792 4.94578 0)
(40.4576 4.98281 2.54823e-16)
(40.4354 5.01729 0)
(40.4134 5.04834 0)
(40.3924 5.07362 8.23479e-18)
(40.373 5.09353 0)
(40.3524 5.11392 1.70104e-16)
(40.3322 5.13229 2.90299e-16)
(40.3111 5.15207 -6.80555e-18)
(40.2898 5.16651 0)
(40.2632 5.18362 1.72749e-16)
(40.2387 5.1962 0)
(40.2069 5.19988 2.29162e-16)
(40.1792 5.23488 0)
(40.1472 5.1831 0)
(40.1155 5.32013 0)
(40.0993 5.07674 0)
(40.5689 4.48039 1.48431e-17)
(40.2282 4.45837 0)
(40.1169 4.48962 1.13212e-18)
(40.1316 4.50526 0)
(40.126 4.52901 1.72592e-17)
(40.1129 4.54422 2.27142e-18)
(40.0965 4.56229 0)
(40.0816 4.57708 -1.331e-17)
(40.0667 4.59024 1.27788e-17)
(40.0526 4.60279 0)
(40.0388 4.61277 0)
(40.0258 4.62219 3.5444e-18)
(40.0136 4.62955 -3.29612e-18)
(40.0022 4.63598 2.06272e-17)
(39.9917 4.64093 0)
(39.9821 4.64487 0)
(39.9735 4.64766 1.79553e-17)
(39.9658 4.64953 0)
(39.9591 4.65044 -3.58995e-17)
(39.9532 4.65048 0)
(39.9483 4.6497 -6.118e-17)
(39.9441 4.6481 0)
(39.9406 4.6457 0)
(39.9378 4.64248 -5.0081e-17)
(39.9353 4.63846 0)
(39.9332 4.63365 4.47715e-17)
(39.9313 4.62806 0)
(39.9293 4.62173 0)
(39.9273 4.61472 0)
(39.9249 4.6071 0)
(39.9222 4.599 0)
(39.919 4.59053 0)
(39.9152 4.58184 0)
(39.9108 4.57311 -4.7097e-19)
(39.9057 4.5645 5.35625e-17)
(39.9 4.5562 -5.07285e-17)
(39.8935 4.5484 -9.61719e-17)
(39.8865 4.54128 0)
(39.8788 4.53501 0)
(39.8707 4.52975 0)
(39.8622 4.52565 -7.84127e-17)
(39.8534 4.52283 -7.52963e-17)
(39.8445 4.5214 0)
(39.8356 4.52142 1.37486e-16)
(39.8269 4.52297 0)
(39.8185 4.52605 0)
(39.8106 4.53069 -1.17245e-16)
(39.8033 4.53686 2.58696e-18)
(39.7969 4.54455 2.60873e-18)
(39.7914 4.55371 0)
(39.787 4.56426 1.96748e-16)
(39.7836 4.57611 -1.81786e-16)
(39.7814 4.58916 0)
(39.7803 4.60329 0)
(39.7802 4.61837 0)
(39.7809 4.63428 2.93412e-16)
(39.7822 4.65088 0)
(39.7842 4.66807 5.17888e-16)
(39.7868 4.68573 5.72545e-18)
(39.7901 4.70376 0)
(39.7939 4.72206 0)
(39.7981 4.74052 -4.11096e-18)
(39.8023 4.75902 0)
(39.806 4.77742 -3.43195e-16)
(39.8089 4.7957 5.68916e-18)
(39.8106 4.81358 -5.00344e-18)
(39.8111 4.83132 -2.71448e-16)
(39.8106 4.84613 -2.61285e-18)
(39.8082 4.85895 0)
(39.8053 4.87206 -2.66861e-16)
(39.8018 4.88554 -4.78681e-16)
(39.7979 4.89948 -4.22676e-16)
(39.7928 4.91356 -3.79673e-16)
(39.784 4.92545 -3.65784e-18)
(39.7697 4.94586 2.7589e-18)
(39.7361 4.93641 5.26251e-18)
(39.7121 5.00136 4.33681e-16)
(39.6679 4.87785 4.82872e-16)
(39.765 5.20623 0)
(39.8061 4.61846 0)
(40.5513 4.58398 -9.34533e-19)
(40.6419 4.59194 8.56321e-19)
(40.0276 4.53225 0)
(38.4037 4.36306 0)
(35.8739 4.06851 1.27128e-18)
(32.7806 3.66606 0)
(29.4595 3.18733 0)
(26.1125 2.65477 0)
(22.9758 2.10749 2.85213e-18)
(20.4141 1.60665 0)
(18.7993 1.21143 4.84571e-17)
(18.4061 0.975552 0)
(19.2835 0.922308 2.47515e-17)
(21.2381 1.03862 -2.47319e-17)
(23.914 1.28509 0)
(26.8686 1.60673 0)
(29.6814 1.94489 -4.0963e-18)
(32.0784 2.25114 0)
(33.9308 2.49623 0)
(35.1898 2.65986 0)
(35.9128 2.73993 0)
(36.2766 2.75853 0)
(36.4884 2.74933 6.75167e-17)
(36.687 2.73915 -6.4893e-20)
(36.9187 2.73952 9.87252e-19)
(37.174 2.75098 0)
(37.4318 2.77036 0)
(37.6792 2.79518 0)
(37.9124 2.8245 6.40181e-17)
(38.1324 2.8581 -9.85827e-17)
(38.3407 2.89599 0)
(38.5386 2.93801 0)
(38.7263 2.9839 -2.49512e-17)
(38.9042 3.03347 0)
(39.0721 3.0865 0)
(39.2302 3.14285 9.19617e-18)
(39.3785 3.20233 0)
(39.5169 3.26473 0)
(39.6456 3.32981 -5.1266e-17)
(39.7645 3.39729 0)
(39.8737 3.46686 -2.98191e-17)
(39.9733 3.53816 2.5834e-17)
(40.0635 3.61087 0)
(40.1446 3.68462 0)
(40.2169 3.75905 -2.05695e-17)
(40.2806 3.83383 1.04177e-16)
(40.3362 3.90857 -1.715e-17)
(40.3839 3.98296 0)
(40.4241 4.05666 2.79734e-17)
(40.4575 4.12936 0)
(40.4842 4.20079 0)
(40.505 4.2707 -1.98013e-17)
(40.5203 4.33888 0)
(40.5305 4.40514 1.41149e-16)
(40.5361 4.46929 0)
(40.5377 4.53118 0)
(40.5356 4.59069 0)
(40.5304 4.6477 4.53925e-16)
(40.5223 4.70212 -4.19218e-16)
(40.5117 4.7539 0)
(40.4991 4.80297 0)
(40.4846 4.84933 0)
(40.4685 4.89284 2.84391e-16)
(40.4511 4.93365 0)
(40.4327 4.97145 0)
(40.4135 5.00682 0)
(40.3943 5.03879 0)
(40.3756 5.06495 8.3745e-18)
(40.358 5.08564 0)
(40.3391 5.10702 -5.56126e-18)
(40.3205 5.1262 -2.89478e-16)
(40.3011 5.14719 -7.12568e-18)
(40.2816 5.16242 -1.99348e-16)
(40.2567 5.18096 -1.63996e-16)
(40.2335 5.19429 2.67939e-16)
(40.2023 5.19947 0)
(40.177 5.23458 0)
(40.1422 5.18549 0)
(40.1172 5.32065 0)
(40.0898 5.08387 0)
(40.274 4.57147 -8.31491e-18)
(40.1647 4.55443 0)
(40.1885 4.56001 9.30529e-19)
(40.1944 4.55821 0)
(40.1838 4.56246 -1.28173e-17)
(40.1701 4.563 1.49298e-18)
(40.1559 4.56762 0)
(40.1415 4.57021 1.27774e-18)
(40.1266 4.57486 -1.18344e-18)
(40.1116 4.57892 0)
(40.0966 4.58348 0)
(40.0819 4.58795 1.89776e-18)
(40.0674 4.59222 -1.76753e-18)
(40.0533 4.59631 -1.64809e-18)
(40.0398 4.59995 0)
(40.0268 4.60315 0)
(40.0145 4.60575 -1.32939e-18)
(40.0028 4.60776 0)
(39.9917 4.60908 2.97328e-17)
(39.9814 4.60973 0)
(39.9718 4.6097 2.89325e-17)
(39.9628 4.609 0)
(39.9546 4.60765 0)
(39.947 4.60569 4.93261e-17)
(39.94 4.60312 0)
(39.9335 4.60002 -2.06411e-18)
(39.9276 4.59641 0)
(39.9221 4.59233 0)
(39.9169 4.58783 0)
(39.912 4.58297 0)
(39.9073 4.5778 0)
(39.9028 4.57239 0)
(39.8982 4.56683 0)
(39.8935 4.5612 9.98308e-19)
(39.8888 4.55561 -5.29631e-17)
(39.8838 4.55015 7.46708e-19)
(39.8786 4.54497 9.51519e-17)
(39.8731 4.54018 0)
(39.8674 4.53591 0)
(39.8614 4.5323 0)
(39.8552 4.52948 1.54123e-16)
(39.8489 4.52756 7.27277e-17)
(39.8424 4.52667 -6.92145e-17)
(39.836 4.52688 0)
(39.8296 4.5283 1.25447e-16)
(39.8235 4.53097 0)
(39.8177 4.53494 2.70002e-18)
(39.8124 4.54028 2.67797e-18)
(39.8077 4.54698 2.632e-18)
(39.8037 4.55502 0)
(39.8005 4.56438 0)
(39.7983 4.57499 4.75219e-18)
(39.7969 4.58679 0)
(39.7965 4.5997 0)
(39.7967 4.61363 -1.48862e-16)
(39.7976 4.62845 -2.84454e-16)
(39.799 4.64408 0)
(39.8009 4.6604 -6.22584e-18)
(39.8032 4.67734 2.38624e-16)
(39.8061 4.69479 0)
(39.8095 4.71265 0)
(39.8131 4.7308 -4.11509e-18)
(39.8168 4.74912 0)
(39.8199 4.76746 0)
(39.822 4.78578 5.78417e-18)
(39.823 4.80382 -5.12005e-18)
(39.8228 4.82179 0)
(39.8216 4.83686 -2.70884e-18)
(39.8186 4.84994 0)
(39.8151 4.86338 4.00273e-18)
(39.8111 4.87728 3.41541e-18)
(39.8065 4.89168 5.7873e-18)
(39.8008 4.90639 0)
(39.7912 4.91878 -4.09804e-18)
(39.7751 4.93977 3.18489e-18)
(39.7417 4.93076 5.78378e-18)
(39.714 4.9969 4.27906e-16)
(39.6779 4.87502 -4.69512e-16)
(39.7649 5.20503 0)
(39.825 4.62351 0)
(40.0381 4.7108 -1.0063e-18)
(40.195 4.73993 9.19528e-19)
(40.3613 4.76352 -8.03471e-18)
(40.1525 4.75358 0)
(39.2303 4.67493 8.07701e-18)
(37.5154 4.51027 6.24305e-18)
(35.1784 4.2636 0)
(32.4834 3.9504 0)
(29.615 3.58021 1.57181e-17)
(26.7387 3.16609 0)
(24.1321 2.74659 -3.31689e-17)
(22.1221 2.36825 -1.59511e-17)
(21.0212 2.08059 -2.09514e-17)
(21.0428 1.92513 2.17296e-17)
(22.213 1.9209 0)
(24.3258 2.05537 0)
(26.9807 2.28783 -7.12407e-18)
(29.7076 2.56199 -3.16675e-17)
(32.1425 2.82619 0)
(34.0975 3.0461 0)
(35.4771 3.19781 0)
(36.289 3.27274 5.51224e-17)
(36.685 3.28664 -1.13679e-16)
(36.8807 3.26999 6.77378e-18)
(37.0415 3.24926 -5.22566e-17)
(37.2339 3.23687 0)
(37.4551 3.23373 0)
(37.6828 3.23665 0)
(37.9022 3.24333 -6.11627e-17)
(38.109 3.25307 7.31625e-19)
(38.3042 3.26613 4.18667e-17)
(38.4893 3.28286 0)
(38.6654 3.30349 -2.75622e-18)
(38.8328 3.32816 0)
(38.9916 3.35689 0)
(39.1417 3.38966 -9.00027e-18)
(39.2833 3.4264 0)
(39.4162 3.46695 0)
(39.5405 3.51114 2.53407e-17)
(39.6562 3.55869 0)
(39.7632 3.60937 2.94605e-17)
(39.8618 3.66285 1.93442e-17)
(39.9519 3.71886 -5.5581e-17)
(40.0338 3.77706 0)
(40.1077 3.83714 -8.26534e-17)
(40.1738 3.89876 0)
(40.2322 3.96157 -1.45682e-17)
(40.2835 4.0252 0)
(40.3277 4.08933 2.46046e-17)
(40.3653 4.15359 0)
(40.3967 4.21768 0)
(40.4223 4.28131 -1.81372e-17)
(40.4425 4.34418 0)
(40.4577 4.40601 -1.43505e-17)
(40.4683 4.46655 0)
(40.4748 4.52557 0)
(40.4776 4.58285 0)
(40.477 4.63823 -1.68846e-17)
(40.4734 4.69153 1.46123e-17)
(40.4672 4.74263 0)
(40.4587 4.79138 0)
(40.4481 4.83772 0)
(40.4358 4.88145 -2.83517e-16)
(40.4219 4.92269 0)
(40.4068 4.96107 0)
(40.3906 4.99715 0)
(40.3743 5.02989 0)
(40.3579 5.05681 2.19181e-16)
(40.3421 5.07817 -1.82843e-16)
(40.3249 5.10043 -3.21172e-16)
(40.308 5.12034 0)
(40.2905 5.14246 -7.44096e-18)
(40.2728 5.15844 5.78902e-18)
(40.2497 5.17841 1.63609e-16)
(40.228 5.19239 -6.45632e-18)
(40.1974 5.19933 0)
(40.1747 5.23426 1.57745e-16)
(40.1373 5.18815 0)
(40.1178 5.32138 -1.23133e-16)
(40.081 5.09067 0)
(40.0078 4.70004 -1.05275e-18)
(40.0426 4.68195 0)
(40.0734 4.67399 6.51091e-18)
(40.0816 4.66356 0)
(40.0853 4.65493 2.28844e-17)
(40.0864 4.64606 2.22615e-17)
(40.0855 4.63856 -9.95004e-18)
(40.0825 4.63103 1.13095e-17)
(40.0778 4.62475 -1.52698e-18)
(40.0714 4.6187 0)
(40.0638 4.61358 1.77254e-17)
(40.0553 4.60891 1.96244e-17)
(40.0459 4.60494 -1.88785e-17)
(40.036 4.60149 -1.81381e-17)
(40.0258 4.59857 1.5509e-17)
(40.0154 4.59607 0)
(40.005 4.59395 -1.57291e-18)
(39.9946 4.5921 0)
(39.9846 4.59045 -2.91985e-17)
(39.9748 4.5889 0)
(39.9654 4.58739 0)
(39.9564 4.58582 0)
(39.948 4.58415 0)
(39.9399 4.5823 0)
(39.9324 4.58025 0)
(39.9253 4.57796 -4.1456e-17)
(39.9187 4.57543 0)
(39.9125 4.57263 0)
(39.9067 4.5696 3.3747e-17)
(39.9012 4.56633 0)
(39.8961 4.56287 0)
(39.8912 4.55924 0)
(39.8865 4.55551 0)
(39.882 4.55171 5.43124e-17)
(39.8775 4.54793 0)
(39.8732 4.54423 4.8873e-17)
(39.8688 4.54071 0)
(39.8644 4.53744 0)
(39.86 4.53454 0)
(39.8555 4.5321 0)
(39.851 4.53023 -7.5712e-17)
(39.8464 4.52903 -7.20518e-17)
(39.8418 4.52861 6.85939e-17)
(39.8372 4.52905 0)
(39.8328 4.53045 -1.24402e-16)
(39.8286 4.53289 0)
(39.8246 4.53647 1.12785e-16)
(39.8209 4.54124 2.79465e-18)
(39.8178 4.54722 1.02096e-16)
(39.8152 4.55441 1.88894e-16)
(39.8134 4.56282 0)
(39.8122 4.57245 3.4492e-16)
(39.8118 4.58324 0)
(39.812 4.59515 0)
(39.8128 4.60811 1.48043e-16)
(39.814 4.62203 1.39639e-16)
(39.8156 4.63682 -2.56178e-16)
(39.8174 4.65241 -6.22231e-18)
(39.8197 4.66872 0)
(39.8223 4.68567 2.12004e-16)
(39.8253 4.70314 0)
(39.8285 4.72104 -4.17133e-18)
(39.8316 4.73922 -3.4517e-16)
(39.8341 4.75754 3.2115e-16)
(39.8356 4.77593 3.04244e-16)
(39.8359 4.79415 -5.27902e-18)
(39.835 4.81235 0)
(39.8331 4.82769 -1.62978e-16)
(39.8295 4.84104 0)
(39.8254 4.85482 4.19424e-18)
(39.8209 4.86913 3.5997e-18)
(39.8157 4.88399 4.1451e-16)
(39.8093 4.89929 0)
(39.7989 4.9122 -3.28247e-16)
(39.7811 4.93366 3.54838e-18)
(39.7477 4.92529 5.26882e-16)
(39.7171 4.99244 -4.27118e-16)
(39.6878 4.87274 4.68625e-16)
(39.7676 5.20388 0)
(39.8426 4.62808 0)
(39.7715 4.73526 -8.09382e-19)
(39.7628 4.74645 7.52948e-19)
(39.8875 4.76248 1.3933e-18)
(40.0424 4.78069 0)
(39.9351 4.78221 -5.90108e-18)
(39.2593 4.74353 -6.58793e-18)
(37.9166 4.65072 0)
(36.0256 4.50245 0)
(33.7888 4.3019 0)
(31.3733 4.05344 0)
(28.911 3.76163 2.57245e-18)
(26.5843 3.44348 2.78581e-18)
(24.6481 3.1291 0)
(23.3835 2.85729 0)
(23.0334 2.66871 0)
(23.7218 2.59415 0)
(25.3711 2.64233 -6.39496e-18)
(27.671 2.7913 6.02441e-18)
(30.1776 2.99559 0)
(32.5116 3.2088 0)
(34.4478 3.39539 2.0929e-17)
(35.8477 3.52872 -9.54972e-18)
(36.6848 3.59592 4.81723e-17)
(37.0905 3.60787 8.33425e-17)
(37.2765 3.59084 0)
(37.4147 3.56909 0)
(37.5794 3.55433 0)
(37.7716 3.54734 0)
(37.9701 3.54501 4.77756e-17)
(38.1607 3.54508 6.82702e-18)
(38.3398 3.54695 -4.05101e-17)
(38.5087 3.55097 0)
(38.6688 3.55765 2.62354e-17)
(38.8213 3.56743 0)
(38.9663 3.58065 0)
(39.1041 3.59754 1.96905e-17)
(39.2346 3.61825 1.16605e-17)
(39.3579 3.64281 4.39659e-18)
(39.4739 3.67119 -7.49494e-18)
(39.5826 3.70326 0)
(39.6839 3.73888 -1.28532e-17)
(39.7779 3.77787 1.32959e-17)
(39.8646 3.82002 5.50039e-17)
(39.9442 3.86509 0)
(40.0168 3.91283 0)
(40.0824 3.96295 -5.58922e-17)
(40.1414 4.01514 -1.20628e-17)
(40.1939 4.06906 0)
(40.24 4.12439 2.12834e-17)
(40.2802 4.18078 0)
(40.3146 4.23793 0)
(40.3437 4.29548 -1.64914e-17)
(40.3676 4.35311 0)
(40.3869 4.41049 -1.34123e-17)
(40.4017 4.46729 0)
(40.4125 4.52326 0)
(40.4195 4.57811 0)
(40.4232 4.63162 -1.65096e-17)
(40.4239 4.68355 1.8621e-16)
(40.4218 4.73371 0)
(40.4173 4.78189 2.96569e-16)
(40.4105 4.82797 0)
(40.4018 4.8717 0)
(40.3914 4.91315 0)
(40.3796 4.95191 0)
(40.3666 4.9885 0)
(40.3531 5.02184 0)
(40.3391 5.0494 -2.00401e-16)
(40.3252 5.07131 1.82185e-16)
(40.3098 5.09433 6.1979e-18)
(40.2947 5.11487 -2.59509e-16)
(40.279 5.13804 -7.91495e-18)
(40.2633 5.1547 1.92541e-16)
(40.2421 5.17608 0)
(40.2221 5.19061 -6.76327e-18)
(40.1923 5.19942 0)
(40.1719 5.23408 -1.57432e-16)
(40.1328 5.19098 0)
(40.1176 5.32232 1.22918e-16)
(40.0726 5.0973 0)
(39.8275 4.73247 -8.30893e-19)
(39.8692 4.71739 0)
(39.8948 4.70995 -4.54343e-18)
(39.914 4.70026 0)
(39.9311 4.69148 -1.51971e-18)
(39.9458 4.68258 -1.84881e-17)
(39.958 4.67386 1.80238e-17)
(39.9677 4.66532 0)
(39.975 4.65704 -9.19168e-18)
(39.9802 4.64896 0)
(39.9834 4.64121 -1.73242e-17)
(39.9848 4.63371 0)
(39.9845 4.62657 0)
(39.9827 4.61974 -1.37179e-17)
(39.9797 4.61329 -1.8816e-18)
(39.9757 4.60721 0)
(39.9708 4.60155 -1.63961e-18)
(39.9652 4.59628 0)
(39.959 4.59142 0)
(39.9525 4.58695 0)
(39.9459 4.58285 0)
(39.9391 4.57907 0)
(39.9323 4.57557 0)
(39.9257 4.57232 0)
(39.9192 4.56924 3.70707e-17)
(39.9129 4.5663 0)
(39.9069 4.56344 0)
(39.9012 4.56064 0)
(39.8957 4.55785 -3.32692e-17)
(39.8906 4.55506 0)
(39.8857 4.55225 0)
(39.8812 4.54944 0)
(39.8769 4.54661 0)
(39.8728 4.5438 -4.95738e-17)
(39.869 4.54104 0)
(39.8653 4.53837 -4.50784e-17)
(39.8617 4.53585 0)
(39.8583 4.53354 0)
(39.855 4.53151 0)
(39.8517 4.52984 0)
(39.8485 4.52861 -7.08875e-17)
(39.8454 4.5279 6.75463e-17)
(39.8423 4.52781 0)
(39.8394 4.52843 0)
(39.8366 4.52985 0)
(39.8339 4.53219 0)
(39.8315 4.53553 -1.05895e-16)
(39.8294 4.53989 2.97557e-18)
(39.8278 4.54533 -9.58439e-17)
(39.8266 4.55188 -1.87567e-16)
(39.826 4.55957 0)
(39.826 4.56843 -1.68996e-16)
(39.8265 4.57844 0)
(39.8275 4.58956 0)
(39.8288 4.60175 0)
(39.8305 4.61493 -1.31495e-16)
(39.8323 4.62905 2.54838e-16)
(39.8342 4.64404 -6.34374e-18)
(39.8364 4.65984 0)
(39.8389 4.67638 -2.1103e-16)
(39.8416 4.69355 0)
(39.8444 4.71125 -4.29933e-18)
(39.847 4.72935 3.43781e-16)
(39.8489 4.74769 -3.19915e-16)
(39.8497 4.76616 -2.91023e-16)
(39.8494 4.78457 -5.521e-18)
(39.8478 4.80303 2.50432e-16)
(39.8453 4.81864 0)
(39.8411 4.83225 0)
(39.8364 4.84637 4.44476e-18)
(39.8313 4.86109 2.28498e-16)
(39.8255 4.87641 0)
(39.8183 4.89228 3.56368e-16)
(39.8072 4.90572 3.18048e-16)
(39.7876 4.92759 2.83902e-16)
(39.754 4.92005 0)
(39.7209 4.98797 0)
(39.6982 4.87109 0)
(39.7716 5.20241 0)
(39.8608 4.63259 0)
(39.6951 4.69024 -7.00037e-19)
(39.6549 4.68976 6.63552e-19)
(39.6623 4.68945 1.24452e-18)
(39.7575 4.69335 0)
(39.845 4.70031 1.0906e-18)
(39.658 4.6979 0)
(38.9621 4.67024 0)
(37.7163 4.60781 0)
(36.0388 4.50789 0)
(34.0961 4.37092 0)
(32.0372 4.19942 1.95576e-18)
(29.9677 3.99488 1.00635e-17)
(28.0091 3.76307 8.31298e-18)
(26.3529 3.52203 0)
(25.2243 3.29851 0)
(24.8406 3.12589 0)
(25.3414 3.0349 -5.12542e-18)
(26.7082 3.04199 4.997e-18)
(28.7053 3.13809 0)
(30.9498 3.29084 0)
(33.0982 3.46294 -4.15724e-18)
(34.9188 3.62107 -7.89906e-18)
(36.2489 3.73756 0)
(37.0483 3.79775 -7.18456e-18)
(37.4367 3.80932 0)
(37.6139 3.79452 0)
(37.7423 3.77454 -2.26504e-17)
(37.8917 3.75969 0)
(38.0632 3.75083 -9.1422e-18)
(38.238 3.74553 4.01664e-17)
(38.4042 3.74211 0)
(38.5596 3.74027 0)
(38.7056 3.74037 0)
(38.8437 3.74288 0)
(38.9749 3.74815 0)
(39.0994 3.75643 -1.72772e-18)
(39.2177 3.76794 -1.14479e-17)
(39.3297 3.78279 -4.32268e-18)
(39.4356 3.80107 0)
(39.5352 3.82279 0)
(39.6287 3.84796 3.78244e-18)
(39.716 3.8765 8.58929e-18)
(39.7971 3.90834 0)
(39.8722 3.94337 0)
(39.9413 3.98143 0)
(40.0046 4.02231 9.90348e-18)
(40.0621 4.06578 -9.72631e-18)
(40.1141 4.11155 0)
(40.1605 4.15937 1.7993e-17)
(40.2017 4.20891 0)
(40.2379 4.25987 0)
(40.2691 4.31191 -1.47471e-17)
(40.2958 4.36466 0)
(40.3181 4.4178 -1.23836e-17)
(40.3363 4.47098 0)
(40.3507 4.5239 0)
(40.3615 4.57626 0)
(40.3691 4.62778 -1.60525e-17)
(40.3736 4.67817 0)
(40.3754 4.7272 0)
(40.3747 4.7746 -2.1766e-17)
(40.3718 4.82021 0)
(40.3667 4.86372 2.33639e-16)
(40.3598 4.90518 0)
(40.3513 4.94412 0)
(40.3413 4.98105 0)
(40.3308 5.01482 0)
(40.3192 5.04288 9.69672e-18)
(40.3072 5.06522 0)
(40.2937 5.08889 2.94265e-16)
(40.2803 5.10996 5.06689e-16)
(40.2667 5.13407 -2.19531e-16)
(40.253 5.15134 0)
(40.2337 5.17408 0)
(40.2156 5.18911 -7.54326e-18)
(40.1868 5.19982 0)
(40.1684 5.23418 0)
(40.1283 5.1941 0)
(40.1169 5.32343 0)
(40.0641 5.104 0)
(39.7292 4.69321 -7.02232e-19)
(39.7535 4.68413 0)
(39.7752 4.68122 6.64555e-19)
(39.7955 4.67583 0)
(39.8144 4.67101 -1.22452e-18)
(39.8322 4.66559 1.17369e-18)
(39.8484 4.66002 -1.12416e-18)
(39.863 4.65427 0)
(39.876 4.64842 0)
(39.8873 4.64251 0)
(39.8969 4.63658 0)
(39.9049 4.6307 0)
(39.9113 4.62486 0)
(39.9162 4.61908 1.62829e-18)
(39.9197 4.61336 -1.54815e-18)
(39.9218 4.60773 0)
(39.9227 4.60222 -1.3914e-18)
(39.9225 4.59682 0)
(39.9213 4.59158 0)
(39.9193 4.58652 0)
(39.9166 4.58168 0)
(39.9133 4.57707 0)
(39.9096 4.57269 0)
(39.9056 4.56856 0)
(39.9013 4.56467 -3.19143e-18)
(39.8969 4.56101 0)
(39.8925 4.55755 0)
(39.8881 4.55428 0)
(39.8838 4.55117 0)
(39.8797 4.54821 0)
(39.8757 4.54537 0)
(39.8719 4.54264 0)
(39.8684 4.54001 0)
(39.8651 4.53749 4.89428e-17)
(39.862 4.53509 0)
(39.8591 4.53283 2.13713e-18)
(39.8564 4.53074 0)
(39.8539 4.52887 0)
(39.8516 4.52727 0)
(39.8495 4.52598 0)
(39.8475 4.52509 2.63218e-18)
(39.8456 4.52464 -2.41741e-18)
(39.844 4.52473 0)
(39.8424 4.52542 0)
(39.8411 4.52688 0)
(39.8399 4.52916 0)
(39.8389 4.5323 3.36972e-18)
(39.8383 4.53636 3.1684e-18)
(39.8381 4.54139 2.98639e-18)
(39.8382 4.54746 0)
(39.8389 4.55464 0)
(39.8399 4.56294 0)
(39.8414 4.57237 0)
(39.8432 4.5829 0)
(39.8452 4.59451 0)
(39.8473 4.60715 1.30751e-16)
(39.8494 4.62075 0)
(39.8515 4.63529 -6.50922e-18)
(39.8537 4.65071 0)
(39.856 4.66694 1.99336e-16)
(39.8585 4.68389 0)
(39.8609 4.70146 -4.45868e-18)
(39.863 4.71952 0)
(39.8644 4.73791 0)
(39.8646 4.75651 6.48413e-18)
(39.8636 4.77512 -5.80428e-18)
(39.8613 4.79385 -5.17927e-18)
(39.8581 4.80973 0)
(39.8533 4.82361 0)
(39.8481 4.83808 4.72961e-18)
(39.8423 4.8532 -2.19792e-16)
(39.836 4.86898 -3.92188e-16)
(39.8281 4.88539 -6.07714e-18)
(39.816 4.89941 -3.1719e-16)
(39.7947 4.92166 0)
(39.7608 4.91513 0)
(39.7255 4.98348 0)
(39.7096 4.87014 0)
(39.7767 5.2005 0)
(39.8796 4.63697 0)
(39.7267 4.62548 -6.13583e-19)
(39.7189 4.62075 5.891e-19)
(39.7049 4.61443 1.21182e-17)
(39.7238 4.60664 0)
(39.788 4.60239 9.76278e-19)
(39.7519 4.59944 0)
(39.3825 4.58767 0)
(38.5462 4.55685 0)
(37.2735 4.5014 0)
(35.6907 4.42019 0)
(33.9405 4.3144 7.65036e-18)
(32.1447 4.18543 -6.0213e-18)
(30.3957 4.03455 -1.67835e-18)
(28.7902 3.86438 0)
(27.4667 3.68484 0)
(26.5965 3.51401 0)
(26.3514 3.37682 -3.90066e-18)
(26.8492 3.29877 1.683e-17)
(28.0811 3.29619 0)
(29.8558 3.36582 0)
(31.8539 3.48573 -1.47201e-17)
(33.7874 3.62741 -6.35847e-18)
(35.4389 3.76206 0)
(36.6427 3.86303 -4.54282e-17)
(37.363 3.91641 0)
(37.7152 3.92829 0)
(37.8825 3.91745 2.14058e-17)
(38.0078 3.90146 0)
(38.149 3.88874 -7.3296e-18)
(38.3052 3.88015 0)
(38.4606 3.87404 0)
(38.6069 3.86951 0)
(38.7429 3.86658 -1.56892e-17)
(38.8705 3.86566 0)
(38.9908 3.8671 0)
(39.1047 3.8711 -1.72516e-17)
(39.2125 3.87783 0)
(39.3145 3.8874 0)
(39.4109 3.89992 8.68574e-19)
(39.5018 3.91548 0)
(39.5874 3.93414 2.22058e-18)
(39.6676 3.95593 5.53451e-18)
(39.7425 3.98086 0)
(39.8123 4.00893 0)
(39.8772 4.04005 3.40557e-17)
(39.9371 4.07413 4.51298e-17)
(39.9921 4.11097 -7.7134e-18)
(40.0424 4.15041 0)
(40.0881 4.19222 1.49588e-17)
(40.1292 4.23616 0)
(40.1659 4.28195 0)
(40.1984 4.32926 -1.30128e-17)
(40.2269 4.37776 0)
(40.2514 4.4271 -9.88887e-17)
(40.2723 4.47697 0)
(40.2896 4.52704 0)
(40.3037 4.57701 0)
(40.3147 4.62654 -1.55085e-17)
(40.3229 4.67533 0)
(40.3283 4.72313 0)
(40.3313 4.7696 -2.7269e-16)
(40.3319 4.81456 0)
(40.3304 4.85766 -2.32795e-16)
(40.327 4.89893 0)
(40.3218 4.93785 -1.82343e-16)
(40.3149 4.97494 0)
(40.3075 5.00895 1.50571e-16)
(40.2982 5.03739 1.01154e-17)
(40.2883 5.06004 0)
(40.2766 5.08421 -6.93986e-18)
(40.265 5.10571 -2.47181e-16)
(40.2534 5.13065 0)
(40.2417 5.14846 0)
(40.2245 5.17251 0)
(40.2081 5.188 -2.44771e-16)
(40.1806 5.20061 1.94239e-16)
(40.1641 5.23464 1.46894e-16)
(40.1233 5.19765 0)
(40.1156 5.3247 0)
(40.0549 5.11093 0)
(39.7328 4.63233 -6.07021e-19)
(39.7435 4.62865 0)
(39.7549 4.62972 5.68431e-19)
(39.7659 4.62853 0)
(39.7774 4.62768 -1.04832e-18)
(39.7891 4.62607 1.00498e-18)
(39.8005 4.62418 -6.87839e-18)
(39.8116 4.62186 0)
(39.8223 4.6192 5.6924e-18)
(39.8323 4.61623 0)
(39.8416 4.61302 1.09226e-17)
(39.8501 4.60964 0)
(39.8577 4.60611 0)
(39.8644 4.6025 1.15771e-17)
(39.87 4.59882 -1.30265e-18)
(39.8747 4.59508 0)
(39.8785 4.5913 -1.16886e-18)
(39.8813 4.58747 0)
(39.8832 4.58359 0)
(39.8843 4.57969 0)
(39.8847 4.57577 0)
(39.8843 4.57185 1.64028e-17)
(39.8834 4.56797 0)
(39.8819 4.56413 0)
(39.88 4.56036 -2.87141e-18)
(39.8778 4.55668 0)
(39.8754 4.55311 0)
(39.8727 4.54967 2.6932e-17)
(39.87 4.54635 2.5988e-17)
(39.8673 4.54317 0)
(39.8646 4.54013 0)
(39.862 4.53723 0)
(39.8596 4.53447 4.47156e-17)
(39.8573 4.53186 -4.29858e-17)
(39.8553 4.52942 0)
(39.8534 4.52717 2.24354e-18)
(39.8518 4.52512 0)
(39.8504 4.52332 0)
(39.8492 4.5218 0)
(39.8482 4.5206 0)
(39.8474 4.51976 1.30851e-16)
(39.8469 4.51937 -2.59181e-18)
(39.8465 4.51947 -5.85409e-17)
(39.8463 4.52024 0)
(39.8463 4.5217 0)
(39.8465 4.52388 0)
(39.847 4.52686 1.00818e-16)
(39.8478 4.53068 3.29897e-18)
(39.8489 4.53543 3.0891e-18)
(39.8504 4.54119 0)
(39.8522 4.54803 1.59897e-16)
(39.8544 4.55597 -1.51896e-16)
(39.8568 4.56501 0)
(39.8595 4.57516 0)
(39.8621 4.58639 -1.29363e-16)
(39.8647 4.59865 0)
(39.8671 4.61192 0)
(39.8694 4.62616 -6.63417e-18)
(39.8717 4.64133 -2.05077e-16)
(39.8739 4.65736 -5.57606e-18)
(39.8762 4.67418 0)
(39.8783 4.69169 -4.61179e-18)
(39.8799 4.70977 0)
(39.8807 4.72825 0)
(39.8803 4.747 6.77565e-18)
(39.8785 4.76584 -6.08242e-18)
(39.8755 4.78484 -5.44236e-18)
(39.8717 4.801 1.48713e-16)
(39.8662 4.81517 2.67404e-16)
(39.8605 4.82998 5.00082e-18)
(39.8541 4.8455 2.18995e-16)
(39.8471 4.86173 3.90878e-16)
(39.8385 4.87867 -3.4817e-16)
(39.8255 4.89331 0)
(39.8025 4.91591 0)
(39.7682 4.91062 0)
(39.731 4.97898 0)
(39.7217 4.86984 0)
(39.7834 5.19824 0)
(39.8985 4.64117 0)
(39.8243 4.57467 -5.20621e-19)
(39.8408 4.56869 5.05163e-19)
(39.8453 4.56226 -1.03762e-17)
(39.8479 4.55234 0)
(39.8799 4.54347 8.48738e-19)
(39.8846 4.53704 0)
(39.6855 4.52739 0)
(39.1146 4.5058 0)
(38.1304 4.46586 0)
(36.8099 4.40555 0)
(35.2778 4.32608 -4.87138e-18)
(33.657 4.22984 1.25902e-18)
(32.0504 4.11885 -5.90067e-18)
(30.5476 3.99559 0)
(29.2363 3.86313 0)
(28.2226 3.72758 0)
(27.634 3.6012 -2.84476e-18)
(27.5933 3.50151 -9.33789e-18)
(28.1787 3.44715 0)
(29.3649 3.45049 -8.82846e-18)
(30.9799 3.50957 0)
(32.7648 3.60958 -4.91786e-18)
(34.4874 3.729 0)
(35.9495 3.84366 4.40097e-18)
(37.0014 3.92966 0)
(37.6245 3.97562 0)
(37.9336 3.98738 0)
(38.0917 3.98078 0)
(38.2172 3.96992 -5.84004e-18)
(38.3536 3.96128 -1.90797e-17)
(38.4978 3.95545 0)
(38.6375 3.95138 0)
(38.7674 3.94855 1.53554e-17)
(38.8877 3.94713 0)
(39.0001 3.9475 0)
(39.1059 3.94998 0)
(39.2059 3.95478 0)
(39.3002 3.962 0)
(39.3891 3.97172 1.40963e-20)
(39.4728 3.98403 0)
(39.5515 3.99903 1.27769e-18)
(39.6254 4.01686 3.54505e-18)
(39.6947 4.03757 0)
(39.7595 4.06123 0)
(39.82 4.0878 -5.50684e-18)
(39.8762 4.11721 0)
(39.9284 4.14938 -6.08676e-18)
(39.9765 4.18421 0)
(40.0207 4.22155 1.23872e-17)
(40.061 4.26121 0)
(40.0977 4.30295 0)
(40.1307 4.34647 -1.14414e-17)
(40.1602 4.39147 0)
(40.1864 4.43764 7.68209e-17)
(40.2093 4.48467 0)
(40.2291 4.53225 0)
(40.246 4.58003 0)
(40.2601 4.62771 -1.49746e-16)
(40.2716 4.67495 0)
(40.2804 4.72147 0)
(40.2869 4.76693 2.28388e-16)
(40.2911 4.81112 0)
(40.2931 4.85366 0)
(40.2931 4.89456 -1.83721e-16)
(40.2913 4.93327 1.26576e-17)
(40.2876 4.97031 0)
(40.2831 5.00439 -1.50059e-16)
(40.2763 5.03304 1.05209e-17)
(40.2683 5.05588 0)
(40.2586 5.08042 -2.64433e-16)
(40.2488 5.10222 0)
(40.2391 5.12785 0)
(40.2295 5.14611 -1.63334e-16)
(40.2145 5.17138 0)
(40.1999 5.18728 0)
(40.1738 5.20178 -6.97171e-18)
(40.1591 5.23541 -4.39531e-18)
(40.1176 5.20166 0)
(40.1137 5.32614 -1.17815e-16)
(40.0453 5.11813 0)
(39.8155 4.58332 -5.11754e-19)
(39.8128 4.58285 -2.63567e-18)
(39.8102 4.58579 4.81435e-19)
(39.8087 4.58703 0)
(39.8088 4.58851 -8.96694e-19)
(39.8101 4.58941 1.0895e-17)
(39.8122 4.59006 -4.94418e-18)
(39.8151 4.59033 0)
(39.8185 4.59022 -7.65346e-19)
(39.8224 4.58972 0)
(39.8265 4.58882 -1.40246e-18)
(39.8307 4.58755 0)
(39.8348 4.58595 0)
(39.8388 4.58407 -8.76452e-18)
(39.8426 4.58196 -1.15069e-18)
(39.8461 4.57968 0)
(39.8491 4.57726 -1.02988e-18)
(39.8518 4.5747 0)
(39.854 4.57203 0)
(39.8557 4.56925 0)
(39.857 4.56636 0)
(39.8578 4.56338 -1.60877e-17)
(39.8582 4.56031 0)
(39.8583 4.55717 0)
(39.858 4.55395 -2.5187e-18)
(39.8574 4.55068 0)
(39.8565 4.54739 0)
(39.8555 4.54408 -2.05719e-18)
(39.8544 4.5408 -1.91648e-18)
(39.8532 4.53755 0)
(39.8519 4.53437 0)
(39.8508 4.53128 4.27502e-17)
(39.8497 4.52831 -2.82715e-18)
(39.8488 4.52548 2.60665e-18)
(39.848 4.52283 0)
(39.8474 4.52038 2.20562e-18)
(39.847 4.51816 0)
(39.8469 4.51621 0)
(39.847 4.51456 0)
(39.8473 4.51325 0)
(39.8478 4.51234 -1.23787e-16)
(39.8486 4.51186 -2.64611e-18)
(39.8496 4.51199 5.79604e-17)
(39.8508 4.51275 0)
(39.8522 4.51416 0)
(39.8538 4.51625 0)
(39.8557 4.5191 0)
(39.8579 4.52278 3.34439e-18)
(39.8604 4.5274 3.12042e-18)
(39.8631 4.53303 0)
(39.8662 4.5397 -1.58716e-16)
(39.8695 4.54746 1.50816e-16)
(39.8729 4.55632 0)
(39.8763 4.56628 0)
(39.8796 4.57731 1.28544e-16)
(39.8827 4.5894 -1.17691e-16)
(39.8855 4.60252 0)
(39.8881 4.61664 -6.68862e-18)
(39.8904 4.6317 2.03969e-16)
(39.8926 4.64766 -1.91766e-16)
(39.8946 4.66444 0)
(39.8964 4.68197 -4.74537e-18)
(39.8976 4.70012 0)
(39.8978 4.71873 0)
(39.8968 4.73767 2.74347e-16)
(39.8943 4.75676 -2.55258e-16)
(39.8905 4.77606 -2.37116e-16)
(39.886 4.79251 -1.47995e-16)
(39.8799 4.80697 -6.02494e-18)
(39.8736 4.82212 5.24844e-18)
(39.8666 4.83804 0)
(39.859 4.85473 0)
(39.8495 4.87217 3.3382e-16)
(39.8354 4.88746 0)
(39.8109 4.9104 0)
(39.7761 4.90654 0)
(39.7374 4.97452 0)
(39.7344 4.87013 0)
(39.7916 5.19569 0)
(39.9173 4.64529 0)
(39.9391 4.55336 -2.58881e-18)
(39.9631 4.54697 4.17534e-19)
(39.9813 4.54206 8.05248e-19)
(39.9913 4.53554 0)
(40.0146 4.52999 7.22406e-19)
(40.0439 4.52582 0)
(39.9693 4.51889 0)
(39.6242 4.50227 0)
(38.9066 4.46954 0)
(37.8307 4.41757 0)
(36.4884 4.34669 9.8881e-19)
(34.9952 4.25942 9.69124e-19)
(33.4609 4.15928 3.60236e-18)
(31.9835 4.05022 0)
(30.653 3.93626 0)
(29.5597 3.8221 0)
(28.7993 3.7138 -2.0477e-18)
(28.4661 3.62007 2.06772e-18)
(28.6358 3.55227 0)
(29.3395 3.52203 1.49717e-17)
(30.5201 3.53623 6.16867e-18)
(32.0147 3.59229 -1.5344e-17)
(33.6186 3.68001 0)
(35.1437 3.78292 2.41575e-17)
(36.4134 3.88043 0)
(37.309 3.95291 0)
(37.8348 3.99217 0)
(38.1034 4.00424 0)
(38.2548 4.00227 -4.8888e-18)
(38.3817 3.99722 1.84102e-17)
(38.5143 3.99381 0)
(38.6485 3.99237 0)
(38.7756 3.99221 0)
(38.8925 3.993 0)
(39 3.99494 0)
(39.0999 3.99834 0)
(39.1936 4.00349 0)
(39.2819 4.01056 0)
(39.3649 4.0197 -6.62908e-19)
(39.443 4.03101 0)
(39.5162 4.04464 5.14351e-18)
(39.5849 4.06072 1.95685e-18)
(39.6492 4.07937 0)
(39.7095 4.10065 0)
(39.7659 4.12458 -4.0494e-18)
(39.8186 4.15116 0)
(39.8678 4.18039 -4.83776e-18)
(39.9136 4.21221 0)
(39.9561 4.24654 1.03769e-17)
(39.9954 4.28323 0)
(40.0315 4.32207 0)
(40.0647 4.36279 -7.77922e-17)
(40.0949 4.40514 0)
(40.1223 4.44885 -9.39871e-18)
(40.1469 4.49362 0)
(40.1689 4.53914 -1.28502e-16)
(40.1883 4.58508 0)
(40.2052 4.63111 1.19857e-16)
(40.2197 4.67691 0)
(40.2319 4.72221 0)
(40.2418 4.76665 -2.27398e-16)
(40.2494 4.80998 0)
(40.2549 4.85182 1.81024e-16)
(40.2583 4.89219 1.82999e-16)
(40.2597 4.93052 1.29171e-17)
(40.2592 4.96732 0)
(40.2577 5.00128 0)
(40.2535 5.02998 1.09224e-17)
(40.2475 5.05288 0)
(40.2397 5.07763 2.48498e-16)
(40.2318 5.0996 2.09815e-16)
(40.224 5.12577 1.80259e-16)
(40.2164 5.14437 1.62818e-16)
(40.2036 5.17073 0)
(40.1909 5.18699 2.1671e-16)
(40.1664 5.20334 -1.86328e-16)
(40.1535 5.23648 -1.41834e-16)
(40.1116 5.20604 0)
(40.1112 5.32774 1.17574e-16)
(40.0355 5.12558 0)
(39.9215 4.56217 -4.18421e-19)
(39.9071 4.56289 2.55398e-18)
(39.8932 4.56586 3.97319e-19)
(39.8812 4.56763 0)
(39.8711 4.56935 -7.49517e-19)
(39.8624 4.57064 -9.01259e-18)
(39.8551 4.57179 4.80264e-18)
(39.8491 4.57272 0)
(39.8443 4.57342 -4.66182e-18)
(39.8406 4.57387 0)
(39.8379 4.57401 -9.02457e-18)
(39.8359 4.5738 0)
(39.8346 4.57321 0)
(39.8338 4.57225 1.06183e-18)
(39.8335 4.57094 -8.38191e-18)
(39.8335 4.5693 -7.24701e-18)
(39.8337 4.56739 -9.17463e-19)
(39.8341 4.56524 0)
(39.8346 4.56288 0)
(39.8351 4.56034 0)
(39.8356 4.55764 0)
(39.836 4.5548 0)
(39.8364 4.55185 0)
(39.8367 4.5488 0)
(39.837 4.54567 -2.62789e-17)
(39.8372 4.54247 0)
(39.8374 4.53921 0)
(39.8375 4.5359 -2.40172e-17)
(39.8376 4.53258 -2.32676e-17)
(39.8378 4.52925 0)
(39.838 4.52595 0)
(39.8383 4.52271 -4.21135e-17)
(39.8387 4.51956 -4.06656e-17)
(39.8392 4.51654 2.43176e-18)
(39.8399 4.51369 0)
(39.8409 4.51104 3.64477e-17)
(39.842 4.50863 0)
(39.8433 4.50651 0)
(39.8449 4.50469 0)
(39.8467 4.50324 0)
(39.8487 4.5022 2.82713e-18)
(39.8509 4.50174 -2.60958e-18)
(39.8533 4.50188 0)
(39.856 4.50261 0)
(39.8589 4.50398 9.66073e-17)
(39.862 4.50604 0)
(39.8653 4.50886 -8.84754e-17)
(39.8689 4.51257 3.32888e-18)
(39.8727 4.51724 3.10095e-18)
(39.8768 4.52289 0)
(39.881 4.52959 0)
(39.8853 4.53736 1.39593e-16)
(39.8897 4.54624 0)
(39.894 4.5562 0)
(39.898 4.56724 0)
(39.9016 4.57937 3.87117e-18)
(39.9048 4.59253 0)
(39.9075 4.60669 -6.70885e-18)
(39.91 4.6218 0)
(39.9121 4.63781 0)
(39.914 4.65467 0)
(39.9154 4.67231 -4.86355e-18)
(39.9161 4.69061 0)
(39.9158 4.70941 0)
(39.9141 4.72857 -2.58838e-16)
(39.9109 4.74795 0)
(39.9064 4.76756 0)
(39.9011 4.78432 0)
(39.8944 4.79906 -6.29629e-18)
(39.8874 4.81456 5.49553e-18)
(39.8798 4.83087 0)
(39.8715 4.84803 -3.64486e-16)
(39.8612 4.86596 -7.15103e-18)
(39.846 4.88194 2.91303e-16)
(39.82 4.90517 0)
(39.7847 4.90292 0)
(39.7449 4.97014 0)
(39.7477 4.87097 0)
(39.8015 5.19289 0)
(39.9361 4.64948 0)
(40.0159 4.55321 1.78614e-18)
(40.0414 4.54615 3.03731e-19)
(40.0644 4.54179 5.97055e-19)
(40.0812 4.53883 0)
(40.1015 4.53876 5.53972e-19)
(40.1423 4.53947 0)
(40.1595 4.53688 0)
(40.023 4.52655 0)
(39.5941 4.50325 3.91853e-18)
(38.8138 4.46209 0)
(37.7165 4.40056 3.99879e-18)
(36.3895 4.31921 7.08109e-19)
(34.9364 4.22102 -3.56404e-18)
(33.4603 4.11083 0)
(32.0608 3.99467 0)
(30.8379 3.87917 0)
(29.8929 3.77114 -1.45136e-18)
(29.3214 3.67748 6.56014e-18)
(29.1964 3.60548 0)
(29.5509 3.56197 -6.23915e-18)
(30.3665 3.55205 -5.98662e-18)
(31.5504 3.57707 0)
(32.9458 3.63329 0)
(34.3893 3.71263 -1.7482e-17)
(35.7266 3.80231 0)
(36.8106 3.8853 0)
(37.5594 3.94655 0)
(37.9991 3.98106 0)
(38.2357 3.99464 -4.15086e-18)
(38.3836 3.99775 -9.61005e-18)
(38.5113 3.99847 0)
(38.6392 4.00021 0)
(38.764 4.00346 -6.23769e-18)
(38.8805 4.00788 0)
(38.987 4.01326 0)
(39.0845 4.01958 5.36617e-18)
(39.1742 4.02694 0)
(39.2577 4.03554 0)
(39.3358 4.04573 -1.19699e-18)
(39.4092 4.05778 0)
(39.4779 4.0719 0)
(39.5423 4.08813 8.18918e-19)
(39.6024 4.10657 0)
(39.6587 4.12726 0)
(39.7115 4.1503 -2.36658e-17)
(39.761 4.17576 0)
(39.8074 4.20368 -2.84429e-17)
(39.851 4.23405 0)
(39.8918 4.26682 8.98845e-18)
(39.93 4.30184 0)
(39.9657 4.33893 -5.72747e-17)
(39.9989 4.37788 0)
(40.0297 4.41847 0)
(40.0582 4.46047 -8.72728e-18)
(40.0844 4.5036 0)
(40.1084 4.54756 1.58062e-17)
(40.1302 4.59201 0)
(40.1499 4.63666 -1.19238e-16)
(40.1674 4.68121 0)
(40.1827 4.72539 0)
(40.1959 4.76879 1.8423e-16)
(40.207 4.81121 0)
(40.2159 4.85225 -1.80244e-16)
(40.2226 4.89195 -1.52624e-16)
(40.2273 4.92972 1.30872e-17)
(40.2299 4.96611 0)
(40.2315 4.99975 0)
(40.2297 5.02835 1.12697e-17)
(40.2258 5.05116 0)
(40.2199 5.07598 -7.94632e-18)
(40.2138 5.09798 -2.09002e-16)
(40.2081 5.12452 -1.79614e-16)
(40.2025 5.14333 -1.45807e-16)
(40.1921 5.17064 0)
(40.1812 5.18717 -2.16093e-16)
(40.1584 5.2053 1.70918e-16)
(40.1473 5.23785 1.32117e-16)
(40.1053 5.21074 0)
(40.1083 5.32952 0)
(40.0259 5.13326 0)
(39.9933 4.56125 -2.98737e-19)
(39.9724 4.56255 0)
(39.9527 4.5654 2.8353e-19)
(39.935 4.56753 0)
(39.9188 4.56921 -4.04495e-18)
(39.9039 4.57027 7.48894e-18)
(39.8905 4.57087 -3.45479e-18)
(39.8786 4.57111 0)
(39.868 4.57109 3.39849e-18)
(39.8586 4.57086 0)
(39.8506 4.5704 0)
(39.8436 4.56968 0)
(39.8377 4.56867 0)
(39.8328 4.56733 1.37325e-17)
(39.8288 4.56566 0)
(39.8255 4.56364 7.87877e-19)
(39.8229 4.56133 -6.94926e-18)
(39.8208 4.55873 0)
(39.8193 4.55588 0)
(39.8183 4.55282 0)
(39.8176 4.54957 0)
(39.8172 4.54616 -1.14056e-17)
(39.8172 4.54261 0)
(39.8173 4.53897 0)
(39.8177 4.53527 2.14956e-17)
(39.8183 4.53154 0)
(39.8191 4.5278 0)
(39.82 4.52406 0)
(39.8211 4.52035 0)
(39.8224 4.51671 1.90791e-17)
(39.8239 4.51315 0)
(39.8256 4.5097 0)
(39.8275 4.50638 0)
(39.8296 4.50324 3.629e-17)
(39.8319 4.50028 0)
(39.8344 4.49755 -3.19599e-17)
(39.8371 4.49508 0)
(39.8401 4.49289 0)
(39.8433 4.49104 0)
(39.8467 4.48958 0)
(39.8504 4.48866 5.63384e-17)
(39.8542 4.48831 -2.49355e-18)
(39.8582 4.48852 -4.9689e-17)
(39.8624 4.48933 0)
(39.8669 4.49078 -4.02168e-18)
(39.8715 4.49297 0)
(39.8763 4.496 8.76778e-17)
(39.8813 4.49995 3.25952e-18)
(39.8865 4.50483 1.57035e-16)
(39.8917 4.51072 0)
(39.8971 4.51764 1.40201e-16)
(39.9025 4.52565 -2.72063e-16)
(39.9078 4.53474 0)
(39.9128 4.54492 0)
(39.9174 4.5562 -1.14477e-16)
(39.9215 4.56857 1.12332e-16)
(39.9251 4.58196 0)
(39.9281 4.59634 -6.74498e-18)
(39.9306 4.61165 -1.83044e-16)
(39.9327 4.62785 0)
(39.9344 4.64492 0)
(39.9355 4.66278 -1.57373e-16)
(39.9357 4.6813 0)
(39.9347 4.70034 0)
(39.9323 4.71977 7.55046e-18)
(39.9284 4.73947 0)
(39.923 4.75941 2.17458e-16)
(39.917 4.77648 1.35748e-16)
(39.9097 4.79153 -6.58853e-18)
(39.902 4.80737 5.76711e-18)
(39.8938 4.82408 0)
(39.8847 4.8417 3.63083e-16)
(39.8735 4.86011 -3.24382e-16)
(39.8571 4.87679 -2.90351e-16)
(39.8297 4.90026 0)
(39.7938 4.89979 0)
(39.7535 4.96593 0)
(39.7619 4.8724 0)
(39.8129 5.18986 0)
(39.9551 4.6539 0)
(40.05 4.55233 -2.63789e-19)
(40.0775 4.54922 2.63785e-19)
(40.1036 4.54848 5.23338e-19)
(40.1254 4.5492 0)
(40.1429 4.55301 4.90748e-19)
(40.1762 4.55717 0)
(40.2322 4.55808 0)
(40.2441 4.55394 0)
(40.0816 4.54174 -4.05032e-18)
(39.6316 4.51553 -3.0086e-18)
(38.8566 4.46942 -2.72814e-18)
(37.7909 4.40072 3.06285e-18)
(36.51 4.31038 2.31994e-18)
(35.1049 4.20195 0)
(33.6732 4.08105 0)
(32.3193 3.95518 0)
(31.157 3.83309 -1.05775e-18)
(30.3038 3.72396 -3.82415e-18)
(29.8628 3.63639 0)
(29.8928 3.57742 0)
(30.3907 3.55064 0)
(31.2914 3.55593 0)
(32.4689 3.58977 0)
(33.7726 3.64671 1.24893e-17)
(35.0675 3.7195 0)
(36.2256 3.79777 -4.46888e-18)
(37.1351 3.86815 4.11473e-18)
(37.7528 3.92028 0)
(38.1218 3.95184 -1.01755e-17)
(38.3364 3.96806 9.26032e-18)
(38.4837 3.97655 5.33731e-18)
(38.6114 3.98292 -4.53923e-18)
(38.7331 3.98969 6.10208e-18)
(38.848 3.99754 -2.86617e-18)
(38.9542 4.00649 0)
(39.0517 4.01645 -5.29221e-18)
(39.1408 4.02728 0)
(39.2223 4.039 0)
(39.2973 4.05181 9.92131e-19)
(39.3669 4.06608 0)
(39.4319 4.08203 0)
(39.4927 4.09987 6.68995e-19)
(39.5496 4.11961 0)
(39.6028 4.14135 0)
(39.6526 4.16516 0)
(39.6995 4.19115 0)
(39.7437 4.21936 0)
(39.7855 4.24981 0)
(39.8251 4.28242 8.30388e-18)
(39.8625 4.31706 4.70382e-17)
(39.8979 4.35357 5.68495e-17)
(39.9314 4.39179 0)
(39.963 4.43153 0)
(39.9928 4.47259 -8.29102e-18)
(40.0208 4.51471 0)
(40.047 4.55759 1.51777e-17)
(40.0713 4.60094 0)
(40.0937 4.6445 0)
(40.1143 4.68799 0)
(40.1329 4.7311 0)
(40.1494 4.77347 -2.05777e-17)
(40.1639 4.8149 0)
(40.1761 4.85504 0)
(40.1862 4.89392 1.51948e-16)
(40.1942 4.93099 1.31697e-17)
(40.2 4.96678 0)
(40.2045 4.99992 0)
(40.2052 5.02826 1.15083e-17)
(40.2032 5.05086 0)
(40.1993 5.07558 -2.1478e-16)
(40.1951 5.09747 1.81525e-16)
(40.1913 5.12422 -1.57284e-16)
(40.1878 5.14312 1.45301e-16)
(40.1796 5.17122 0)
(40.1707 5.18792 1.95007e-16)
(40.1499 5.20773 -3.32745e-16)
(40.1404 5.2396 -1.31779e-16)
(40.0988 5.21576 0)
(40.1049 5.33149 0)
(40.0163 5.14117 0)
(40.0248 4.55583 -2.56292e-19)
(40.001 4.55384 0)
(39.9789 4.55361 2.39613e-19)
(39.9584 4.55389 0)
(39.9393 4.55441 2.94893e-18)
(39.9215 4.55495 -6.31786e-18)
(39.9052 4.5552 3.35367e-18)
(39.8902 4.55508 0)
(39.8765 4.55467 -3.30333e-18)
(39.8642 4.55405 0)
(39.8531 4.55331 0)
(39.8433 4.55244 0)
(39.8347 4.55139 0)
(39.8272 4.55009 -1.18892e-17)
(39.8208 4.54852 5.5516e-18)
(39.8153 4.54663 6.34997e-19)
(39.8108 4.54444 5.43243e-18)
(39.8072 4.54194 0)
(39.8044 4.53918 0)
(39.8022 4.53616 0)
(39.8008 4.53292 0)
(39.7999 4.52945 1.01709e-18)
(39.7996 4.52581 9.99763e-18)
(39.7998 4.52199 0)
(39.8004 4.51807 -2.10954e-17)
(39.8014 4.51407 0)
(39.8028 4.51005 0)
(39.8045 4.50601 0)
(39.8065 4.50203 0)
(39.8089 4.49813 -1.32275e-18)
(39.8116 4.49437 0)
(39.8145 4.49075 -3.32649e-17)
(39.8178 4.48733 3.24184e-17)
(39.8214 4.48412 0)
(39.8252 4.48117 0)
(39.8294 4.47849 3.15387e-17)
(39.8338 4.47613 0)
(39.8385 4.4741 0)
(39.8434 4.47248 0)
(39.8485 4.4713 0)
(39.8538 4.47071 0)
(39.8593 4.47063 -9.99097e-17)
(39.865 4.47114 4.91671e-17)
(39.8709 4.47227 0)
(39.8769 4.47412 -1.77733e-16)
(39.883 4.47676 0)
(39.8893 4.48028 0)
(39.8957 4.4847 7.98318e-17)
(39.9021 4.49006 -7.63276e-17)
(39.9086 4.49643 0)
(39.9151 4.50383 -5.21916e-18)
(39.9215 4.5123 2.60041e-16)
(39.9276 4.52184 1.21413e-16)
(39.9333 4.53249 0)
(39.9385 4.54425 1.13666e-16)
(39.943 4.55705 0)
(39.9468 4.57086 0)
(39.95 4.58562 -6.82812e-18)
(39.9526 4.60129 3.57448e-16)
(39.9546 4.61785 0)
(39.956 4.63526 0)
(39.9566 4.65344 0)
(39.9563 4.67226 0)
(39.9546 4.6916 0)
(39.9515 4.71135 2.48892e-16)
(39.9468 4.73139 0)
(39.9406 4.75168 -2.16497e-16)
(39.9338 4.76908 -1.34998e-16)
(39.9257 4.78443 -6.92361e-18)
(39.9174 4.80062 6.08086e-18)
(39.9085 4.81773 0)
(39.8987 4.83582 0)
(39.8866 4.85469 3.07528e-16)
(39.869 4.87208 0)
(39.8401 4.89573 0)
(39.8037 4.89715 0)
(39.7633 4.96194 0)
(39.7769 4.87446 0)
(39.826 5.18666 0)
(39.9744 4.65868 0)
(40.084 4.53677 9.10793e-19)
(40.1168 4.53361 2.53358e-19)
(40.1473 4.53263 4.82795e-18)
(40.1744 4.53167 2.07586e-18)
(40.1926 4.53329 2.43064e-18)
(40.2119 4.53606 0)
(40.2599 4.53654 0)
(40.3312 4.53396 0)
(40.3445 4.52774 2.81453e-18)
(40.1769 4.51337 5.7454e-19)
(39.7364 4.48362 2.81488e-18)
(38.9969 4.43314 0)
(37.9885 4.36028 -2.34037e-18)
(36.7728 4.26623 0)
(35.4274 4.15401 0)
(34.0427 4.02857 0)
(32.7252 3.89746 -7.45104e-19)
(31.6002 3.77074 3.66917e-18)
(30.8019 3.65988 0)
(30.444 3.5757 0)
(30.5776 3.52593 0)
(31.1712 3.51224 -4.52957e-18)
(32.1212 3.53054 4.12016e-18)
(33.2768 3.57343 -8.85245e-18)
(34.4924 3.63333 0)
(35.6479 3.70246 4.33139e-18)
(36.637 3.77186 -3.97745e-18)
(37.3871 3.83203 0)
(37.8909 3.87721 0)
(38.2035 3.90757 0)
(38.4035 3.92759 -5.1691e-18)
(38.5523 3.94232 4.41423e-18)
(38.68 3.95505 -2.09792e-18)
(38.7953 3.9673 2.81203e-18)
(38.8999 3.9798 -1.92073e-18)
(38.9955 3.99308 0)
(39.0838 4.00751 0)
(39.1654 4.02323 0)
(39.2404 4.04017 0)
(39.309 4.05826 3.25285e-18)
(39.372 4.07751 0)
(39.4304 4.09817 1.70788e-18)
(39.4849 4.12048 0)
(39.5361 4.14457 0)
(39.5841 4.1706 0)
(39.6296 4.19857 0)
(39.6726 4.22854 0)
(39.7136 4.26044 0)
(39.7528 4.29418 4.5122e-17)
(39.7902 4.32961 -8.48977e-18)
(39.8261 4.36662 0)
(39.8605 4.40507 0)
(39.8935 4.44482 0)
(39.925 4.48566 -8.04491e-18)
(39.9551 4.52733 0)
(39.9838 4.56959 1.47181e-17)
(40.0109 4.61221 7.96573e-17)
(40.0364 4.65496 -7.80679e-17)
(40.0602 4.69751 0)
(40.0822 4.73959 0)
(40.1022 4.78088 -2.02571e-17)
(40.1201 4.82124 0)
(40.1358 4.86034 1.28693e-16)
(40.1493 4.89826 0)
(40.1606 4.93443 1.27394e-16)
(40.1694 4.96943 1.06622e-16)
(40.1769 5.00187 0)
(40.18 5.02978 1.16231e-17)
(40.1801 5.05203 0)
(40.178 5.07651 1.0281e-16)
(40.1756 5.09816 -1.39207e-17)
(40.1736 5.12495 1.56664e-16)
(40.1721 5.14382 -1.26649e-16)
(40.1663 5.17254 -1.07446e-16)
(40.1593 5.18931 -1.94399e-16)
(40.1405 5.21069 1.6183e-16)
(40.1327 5.24179 0)
(40.0918 5.22114 0)
(40.1008 5.33371 0)
(40.0067 5.14933 0)
(40.0548 4.53903 -2.49912e-19)
(40.0277 4.53527 -1.18798e-18)
(40.0026 4.533 1.43425e-18)
(39.979 4.5309 0)
(39.9569 4.52931 -2.86814e-18)
(39.9363 4.52836 4.1731e-19)
(39.9173 4.52769 -2.45564e-18)
(39.8998 4.52698 0)
(39.8837 4.52602 2.46679e-18)
(39.8691 4.52477 0)
(39.8558 4.52334 0)
(39.8438 4.52187 4.93023e-18)
(39.8331 4.52035 0)
(39.8237 4.51879 5.47706e-18)
(39.8154 4.51708 -5.42656e-18)
(39.8083 4.5152 1.02233e-17)
(39.8023 4.51307 -4.9773e-19)
(39.7973 4.51072 0)
(39.7933 4.50813 0)
(39.7902 4.50537 0)
(39.7881 4.50242 0)
(39.7867 4.49932 9.96375e-18)
(39.7861 4.49605 -7.41522e-19)
(39.7862 4.49264 0)
(39.787 4.4891 0)
(39.7883 4.48548 1.73694e-17)
(39.7902 4.48178 -1.70852e-17)
(39.7926 4.47806 0)
(39.7955 4.47435 0)
(39.7989 4.47072 -1.02539e-18)
(39.8027 4.46717 3.16495e-17)
(39.8069 4.46377 3.27799e-17)
(39.8115 4.46057 -1.71045e-18)
(39.8165 4.45761 0)
(39.8218 4.45493 0)
(39.8275 4.45258 0)
(39.8335 4.45061 0)
(39.8398 4.44906 0)
(39.8463 4.44797 0)
(39.8531 4.44739 0)
(39.8601 4.44738 4.79577e-17)
(39.8673 4.44792 4.82769e-17)
(39.8746 4.44908 0)
(39.8821 4.45095 0)
(39.8897 4.45356 1.68874e-16)
(39.8973 4.45703 0)
(39.905 4.46134 0)
(39.9127 4.46657 0)
(39.9204 4.47273 0)
(39.928 4.4799 0)
(39.9355 4.48807 -5.01618e-18)
(39.9428 4.4973 -4.78188e-18)
(39.9497 4.5076 -4.54892e-18)
(39.956 4.519 0)
(39.9616 4.53145 0)
(39.9664 4.5449 0)
(39.9704 4.5593 1.87965e-16)
(39.9736 4.57462 -6.93635e-18)
(39.9761 4.59084 -3.42285e-16)
(39.9779 4.60792 0)
(39.979 4.62581 0)
(39.9791 4.64441 1.40338e-16)
(39.9781 4.66362 0)
(39.9757 4.68331 -2.4731e-16)
(39.9718 4.70341 -2.31618e-16)
(39.9662 4.72382 0)
(39.9591 4.74447 0)
(39.9515 4.7622 1.26178e-16)
(39.9427 4.77786 -2.35417e-16)
(39.9337 4.7944 2.12178e-16)
(39.9241 4.8119 0)
(39.9136 4.83045 0)
(39.9005 4.84977 -6.03984e-16)
(39.8816 4.86786 0)
(39.8513 4.89161 0)
(39.8143 4.89502 0)
(39.7744 4.95822 0)
(39.7929 4.87721 0)
(39.8407 5.18333 0)
(39.9938 4.66398 0)
(40.1509 4.47422 -1.25996e-18)
(40.1945 4.46851 1.17971e-19)
(40.2302 4.46559 -4.02353e-18)
(40.2617 4.46102 -2.05062e-18)
(40.283 4.45836 0)
(40.293 4.45784 0)
(40.3159 4.45551 1.55959e-18)
(40.3806 4.44917 0)
(40.463 4.44036 -2.9392e-18)
(40.4696 4.429 5.10616e-18)
(40.2902 4.41031 -2.22108e-18)
(39.8551 4.37787 0)
(39.1512 4.32744 0)
(38.2055 4.25744 0)
(37.0668 4.16787 0)
(35.7972 4.06005 0)
(34.4755 3.9375 -2.55624e-19)
(33.2045 3.80709 0)
(32.1147 3.67946 0)
(31.352 3.56804 0)
(31.04 3.48616 0)
(31.2284 3.44297 5.98469e-19)
(31.8683 3.43964 -5.89969e-19)
(32.8311 3.46977 5.70828e-19)
(33.9516 3.52301 0)
(35.0844 3.58912 0)
(36.1142 3.6588 2.14359e-18)
(36.9537 3.72344 0)
(37.566 3.77695 0)
(37.974 3.81781 0)
(38.24 3.84857 0)
(38.4279 3.87341 0)
(38.5782 3.89544 2.76232e-19)
(38.7071 3.91601 0)
(38.8187 3.93545 -4.45881e-20)
(38.9156 3.9542 0)
(39.0017 3.97302 0)
(39.081 3.99286 0)
(39.1556 4.01422 0)
(39.2253 4.03708 -5.07765e-18)
(39.2895 4.06109 0)
(39.3482 4.08612 3.52115e-18)
(39.4023 4.11238 0)
(39.453 4.14014 0)
(39.5009 4.16963 0)
(39.5464 4.20088 0)
(39.59 4.23377 0)
(39.6317 4.26821 0)
(39.6719 4.30403 -2.76054e-17)
(39.7106 4.34118 -8.7925e-18)
(39.7481 4.37953 0)
(39.7845 4.41899 0)
(39.8197 4.45939 -3.20677e-17)
(39.8538 4.50053 -7.88722e-18)
(39.8867 4.54221 0)
(39.9185 4.58424 1.42702e-17)
(39.9489 4.62641 -7.91321e-17)
(39.9779 4.66847 1.42592e-16)
(40.0052 4.71013 0)
(40.0308 4.75115 0)
(40.0544 4.79129 -1.98591e-17)
(40.0759 4.83045 0)
(40.0951 4.86837 -1.63777e-17)
(40.112 4.90514 0)
(40.1266 4.9402 0)
(40.1385 4.97419 -1.15715e-17)
(40.1489 5.00573 0)
(40.1545 5.03302 1.18597e-16)
(40.1564 5.05477 0)
(40.1563 5.07883 0)
(40.1555 5.10011 -1.66074e-16)
(40.1554 5.12675 0)
(40.1556 5.14548 9.46648e-18)
(40.1521 5.17464 2.06587e-16)
(40.147 5.1914 0)
(40.1303 5.21422 -1.43397e-16)
(40.1241 5.24449 -1.13795e-16)
(40.0843 5.22692 0)
(40.0961 5.33624 0)
(39.9969 5.15781 0)
(40.1128 4.47772 -1.14653e-19)
(40.0781 4.47764 2.21462e-18)
(40.0462 4.47809 0)
(40.0166 4.47738 0)
(39.9892 4.47626 0)
(39.9639 4.47528 4.59089e-18)
(39.9405 4.47462 1.89013e-19)
(39.919 4.47431 0)
(39.8993 4.4741 -1.70242e-19)
(39.8814 4.47367 0)
(39.8652 4.4729 0)
(39.8505 4.47185 -2.91534e-19)
(39.8374 4.47069 0)
(39.8258 4.46951 0)
(39.8156 4.4683 -4.53824e-18)
(39.8068 4.46698 -4.7582e-18)
(39.7992 4.46547 -2.21751e-19)
(39.7929 4.46371 0)
(39.7878 4.46172 0)
(39.7838 4.4595 0)
(39.7809 4.45711 0)
(39.779 4.45455 -8.67446e-18)
(39.7781 4.45189 -8.91808e-18)
(39.778 4.44911 -1.69523e-17)
(39.7789 4.44626 0)
(39.7805 4.44332 -6.04151e-19)
(39.7828 4.44037 5.84425e-19)
(39.7858 4.4374 0)
(39.7895 4.43448 0)
(39.7938 4.4316 -5.33962e-19)
(39.7986 4.42884 -1.03833e-18)
(39.804 4.42623 0)
(39.8099 4.42382 -9.81104e-19)
(39.8162 4.42164 -2.81723e-17)
(39.823 4.41976 0)
(39.8301 4.41823 0)
(39.8377 4.41713 0)
(39.8455 4.41648 0)
(39.8536 4.41636 0)
(39.862 4.41679 0)
(39.8706 4.41782 -4.74174e-17)
(39.8794 4.41945 0)
(39.8883 4.42176 4.27149e-17)
(39.8972 4.42482 0)
(39.9062 4.42865 -2.78927e-18)
(39.9153 4.43331 0)
(39.9243 4.43885 0)
(39.9332 4.44527 -6.98479e-17)
(39.942 4.45265 0)
(39.9507 4.46097 0)
(39.9591 4.4703 -4.74065e-18)
(39.9671 4.48065 -4.58147e-18)
(39.9745 4.49206 -1.14961e-16)
(39.9812 4.50448 0)
(39.9871 4.51788 -9.97847e-17)
(39.9921 4.5322 0)
(39.9962 4.54742 -1.86617e-16)
(39.9993 4.56352 -7.03807e-18)
(40.0016 4.58047 1.66759e-16)
(40.003 4.59823 0)
(40.0036 4.61672 0)
(40.0031 4.63583 -5.46498e-18)
(40.0013 4.65548 0)
(39.9981 4.67558 9.38563e-18)
(39.9933 4.69608 8.62685e-18)
(39.9868 4.71687 0)
(39.9787 4.73788 1.94092e-16)
(39.9702 4.75594 -4.38688e-18)
(39.9607 4.77189 0)
(39.951 4.78877 0)
(39.9407 4.80667 0)
(39.9293 4.82567 -3.2013e-16)
(39.9153 4.8454 2.96438e-16)
(39.895 4.86419 0)
(39.8633 4.88797 0)
(39.8257 4.89344 0)
(39.7867 4.95484 0)
(39.8099 4.88071 -3.66935e-16)
(39.8569 5.17995 0)
(40.0136 4.66993 0)
(40.2943 4.36335 2.83709e-20)
(40.3546 4.35848 -2.67132e-20)
(40.3954 4.35465 3.8054e-18)
(40.4278 4.34535 0)
(40.4498 4.33614 0)
(40.4558 4.33036 -1.75287e-18)
(40.4581 4.32404 8.47664e-20)
(40.4916 4.3117 0)
(40.5708 4.29404 0)
(40.6441 4.2763 -5.3224e-18)
(40.6127 4.26001 2.33317e-18)
(40.3895 4.24061 0)
(39.935 4.21159 0)
(39.2521 4.16819 0)
(38.3667 4.10768 0)
(37.3145 4.02851 0)
(36.1402 3.93046 2.28962e-19)
(34.9061 3.81572 -2.67771e-18)
(33.7036 3.69028 0)
(32.6594 3.56473 0)
(31.923 3.45372 0)
(31.6245 3.37278 3.74875e-18)
(31.8178 3.33316 -3.40578e-18)
(32.4507 3.33691 6.52147e-18)
(33.387 3.37706 0)
(34.4596 3.44163 0)
(35.5185 3.51753 4.08624e-19)
(36.445 3.59283 0)
(37.1663 3.65841 0)
(37.672 3.71039 0)
(38.0052 3.75028 3.41312e-18)
(38.2314 3.78285 -3.08159e-18)
(38.4045 3.81277 1.731e-18)
(38.5524 3.84251 0)
(38.6828 3.87225 1.90202e-18)
(38.7953 3.90114 0)
(38.8901 3.92856 0)
(38.9708 3.95479 0)
(39.0432 3.98092 0)
(39.1114 4.00814 1.8391e-18)
(39.1769 4.03704 0)
(39.2388 4.06756 5.28154e-18)
(39.2961 4.09942 0)
(39.3492 4.13243 0)
(39.3992 4.16664 0)
(39.4469 4.20209 0)
(39.4928 4.23868 0)
(39.5371 4.27633 0)
(39.5801 4.31493 9.35207e-18)
(39.6218 4.35435 -2.87971e-17)
(39.6625 4.39458 0)
(39.7022 4.43544 0)
(39.7409 4.47682 3.18059e-17)
(39.7786 4.51854 -7.67996e-18)
(39.8154 4.56046 0)
(39.851 4.60242 6.54863e-17)
(39.8853 4.6442 0)
(39.9182 4.68555 -6.45747e-17)
(39.9495 4.72623 0)
(39.9789 4.76609 0)
(40.0062 4.80493 -1.20237e-16)
(40.0314 4.84276 0)
(40.0542 4.8793 -1.11017e-16)
(40.0746 4.91469 -9.13018e-17)
(40.0924 4.94844 -8.71892e-17)
(40.1074 4.98118 -9.40858e-17)
(40.1207 5.01158 0)
(40.1286 5.03804 0)
(40.1325 5.05914 0)
(40.1342 5.0826 0)
(40.135 5.10335 -1.37243e-16)
(40.1366 5.12967 0)
(40.1386 5.14811 9.52102e-18)
(40.1372 5.17755 -9.91486e-17)
(40.134 5.19421 0)
(40.1194 5.21831 1.42943e-16)
(40.1146 5.24772 1.13461e-16)
(40.0762 5.23313 0)
(40.0905 5.33911 0)
(39.9869 5.16667 0)
(40.2398 4.36627 3.08365e-20)
(40.1907 4.37015 -1.03802e-18)
(40.1461 4.37445 0)
(40.1055 4.37752 0)
(40.0684 4.37952 0)
(40.0344 4.3804 -4.39192e-18)
(40.0031 4.38064 2.18638e-18)
(39.9744 4.38089 0)
(39.9481 4.38144 -2.2158e-18)
(39.9242 4.38222 0)
(39.9024 4.3829 -4.58472e-18)
(39.8826 4.3833 1.17256e-19)
(39.8649 4.38345 0)
(39.8491 4.38355 0)
(39.8352 4.38374 4.47467e-18)
(39.823 4.38405 4.57938e-18)
(39.8125 4.38438 -4.44273e-18)
(39.8036 4.38464 0)
(39.7963 4.38471 8.99561e-18)
(39.7903 4.3846 0)
(39.7858 4.38426 0)
(39.7826 4.38375 -1.77633e-19)
(39.7806 4.38307 8.62154e-18)
(39.7798 4.38226 1.67171e-17)
(39.7801 4.38131 0)
(39.7814 4.38027 -1.62639e-17)
(39.7837 4.37916 1.60143e-17)
(39.787 4.37804 0)
(39.7911 4.3769 0)
(39.7959 4.37582 7.13201e-20)
(39.8016 4.37482 -2.97656e-17)
(39.8079 4.37397 0)
(39.8148 4.37327 -7.25549e-20)
(39.8224 4.37282 2.78184e-17)
(39.8304 4.37264 0)
(39.8389 4.37281 0)
(39.8479 4.37337 0)
(39.8572 4.3744 0)
(39.8668 4.37595 0)
(39.8767 4.37809 0)
(39.8868 4.38084 0)
(39.897 4.38424 -4.28253e-17)
(39.9073 4.38835 -4.22521e-17)
(39.9176 4.39322 0)
(39.9279 4.39883 -2.1896e-18)
(39.9381 4.40526 0)
(39.9483 4.41252 0)
(39.9582 4.42064 6.91704e-17)
(39.968 4.42967 6.39112e-17)
(39.9775 4.43963 0)
(39.9865 4.45054 -1.2076e-16)
(39.995 4.46245 -1.15116e-16)
(40.0027 4.4753 1.05312e-16)
(40.0097 4.48906 0)
(40.0157 4.50367 4.04966e-18)
(40.0206 4.51912 0)
(40.0245 4.5354 0)
(40.0273 4.55251 -7.13784e-18)
(40.0292 4.57038 0)
(40.03 4.58895 0)
(40.0299 4.60813 0)
(40.0287 4.62784 -1.33199e-16)
(40.0261 4.64801 0)
(40.022 4.66858 2.35198e-16)
(40.0161 4.68949 9.07684e-18)
(40.0086 4.71067 0)
(39.9995 4.73204 -1.93104e-16)
(39.99 4.75041 -1.20262e-16)
(39.9797 4.76664 0)
(39.9693 4.78385 0)
(39.9582 4.80211 0)
(39.946 4.82153 3.18639e-16)
(39.9309 4.84165 2.75925e-16)
(39.9092 4.8611 0)
(39.8762 4.88485 0)
(39.8379 4.89243 0)
(39.8004 4.95185 0)
(39.828 4.88501 3.65801e-16)
(39.8746 5.17651 0)
(40.0337 4.67671 0)
(40.53 4.20973 1.315e-18)
(40.6106 4.20186 -1.38159e-19)
(40.6556 4.19403 2.77236e-19)
(40.6862 4.17763 0)
(40.7056 4.15914 0)
(40.7101 4.14553 1.76241e-18)
(40.7034 4.13501 -1.69827e-18)
(40.711 4.11961 0)
(40.7598 4.09596 3.60968e-18)
(40.8299 4.07021 -4.79709e-19)
(40.8458 4.05045 0)
(40.723 4.03728 0)
(40.4135 4.0243 0)
(39.9122 4.00399 0)
(39.2374 3.97113 0)
(38.4125 3.92252 0)
(37.4592 3.85597 5.64749e-19)
(36.403 3.77032 2.64798e-18)
(35.2857 3.66657 0)
(34.1806 3.54946 0)
(33.201 3.4289 0)
(32.4894 3.31976 0)
(32.1768 3.23907 0)
(32.3258 3.20026 -8.07225e-18)
(32.8968 3.20767 0)
(33.7658 3.25573 -3.96109e-18)
(34.7733 3.33214 1.1639e-18)
(35.764 3.42152 -3.37487e-18)
(36.6146 3.50901 0)
(37.2596 3.58399 0)
(37.7 3.64262 2.12304e-18)
(37.9859 3.68756 -2.07349e-18)
(38.1814 3.7248 0)
(38.3356 3.76002 -4.32752e-18)
(38.4737 3.79643 0)
(38.6021 3.83458 0)
(38.7182 3.87321 0)
(38.8181 3.91065 0)
(38.9011 3.94607 0)
(38.9718 3.98011 -4.13331e-18)
(39.0368 4.01435 0)
(39.1001 4.05014 6.26437e-18)
(39.1621 4.08785 0)
(39.2213 4.12697 0)
(39.277 4.16686 0)
(39.3297 4.20719 0)
(39.3803 4.24787 0)
(39.4293 4.28897 0)
(39.477 4.3305 9.32216e-18)
(39.5235 4.3724 1.06069e-17)
(39.569 4.41457 -1.2531e-17)
(39.6136 4.4569 0)
(39.6572 4.49923 0)
(39.6997 4.54151 -7.31932e-18)
(39.7413 4.58359 0)
(39.7816 4.62531 -3.83602e-17)
(39.8205 4.66645 0)
(39.8579 4.70684 4.06608e-17)
(39.8934 4.7463 0)
(39.9269 4.78476 0)
(39.9583 4.8221 0)
(39.9872 4.85834 0)
(40.0137 4.89328 0)
(40.0375 4.92706 1.67688e-16)
(40.0585 4.95923 8.67095e-17)
(40.0765 4.99048 0)
(40.0925 5.01947 0)
(40.1028 5.04492 0)
(40.1085 5.0652 -7.54321e-17)
(40.1118 5.08788 0)
(40.1142 5.10794 1.36552e-16)
(40.1173 5.13374 0)
(40.1209 5.15178 9.46143e-18)
(40.1217 5.18129 8.35517e-17)
(40.1201 5.19776 0)
(40.1078 5.22298 0)
(40.1043 5.25148 0)
(40.0675 5.23976 0)
(40.0842 5.34233 9.21457e-17)
(39.9766 5.17594 0)
(40.4534 4.21439 1.41967e-19)
(40.3836 4.22131 -1.20821e-18)
(40.3202 4.22848 0)
(40.2627 4.23622 1.23021e-18)
(40.2106 4.24372 0)
(40.1633 4.24991 -2.79758e-19)
(40.1201 4.2546 0)
(40.0807 4.25817 0)
(40.0447 4.26131 0)
(40.0118 4.26456 0)
(39.9817 4.26789 -4.91656e-19)
(39.9544 4.27098 4.76283e-19)
(39.9296 4.27354 0)
(39.9073 4.27563 0)
(39.8874 4.27749 4.97174e-18)
(39.8698 4.27935 4.153e-19)
(39.8544 4.28129 0)
(39.8411 4.28327 0)
(39.8298 4.28523 -8.89083e-18)
(39.8204 4.28709 0)
(39.8128 4.28882 0)
(39.807 4.29043 -6.18343e-19)
(39.8028 4.29194 5.77105e-19)
(39.8002 4.29335 0)
(39.799 4.2947 0)
(39.7992 4.296 0)
(39.8007 4.29729 0)
(39.8034 4.29858 0)
(39.8072 4.29992 0)
(39.8121 4.30135 5.54635e-19)
(39.8179 4.30292 0)
(39.8246 4.30464 2.95763e-17)
(39.8322 4.30658 6.44518e-19)
(39.8404 4.30878 0)
(39.8493 4.31128 0)
(39.8588 4.31412 0)
(39.8688 4.31737 0)
(39.8792 4.32106 0)
(39.8899 4.32529 0)
(39.9009 4.33007 0)
(39.9121 4.33546 0)
(39.9233 4.34151 6.04275e-19)
(39.9346 4.34825 4.00543e-17)
(39.9459 4.35568 0)
(39.9572 4.36383 -1.80793e-18)
(39.9682 4.37271 0)
(39.9791 4.38237 0)
(39.9897 4.39282 0)
(40 4.40408 -6.32829e-17)
(40.0098 4.41618 0)
(40.019 4.42916 1.10779e-16)
(40.0276 4.44299 0)
(40.0353 4.45764 -4.32346e-18)
(40.0421 4.47303 0)
(40.0478 4.48915 9.41414e-17)
(40.0523 4.506 0)
(40.0557 4.5236 0)
(40.058 4.54189 -7.32188e-18)
(40.0591 4.56082 -1.44131e-16)
(40.0593 4.58029 0)
(40.0583 4.60025 0)
(40.0561 4.62063 1.20799e-16)
(40.0525 4.64138 -2.27344e-16)
(40.0473 4.66245 -2.13707e-16)
(40.0404 4.6838 2.10236e-16)
(40.0318 4.70536 0)
(40.0215 4.72706 1.76366e-16)
(40.0111 4.74574 -1.09878e-16)
(39.9999 4.76222 0)
(39.9887 4.77972 0)
(39.9768 4.79832 0)
(39.9638 4.81812 0)
(39.9475 4.8386 -1.07278e-17)
(39.9242 4.85866 0)
(39.8899 4.88232 0)
(39.851 4.89206 0)
(39.8155 4.94932 0)
(39.8474 4.89021 -3.36585e-16)
(39.8937 5.17301 0)
(40.0546 4.68449 0)
(40.8608 4.02835 -1.00911e-18)
(40.9623 4.01937 -1.64574e-19)
(41.0111 4.00835 3.25113e-19)
(41.0396 3.98517 2.4795e-18)
(41.0564 3.95734 0)
(41.0613 3.93576 0)
(41.0549 3.92324 2.31005e-18)
(41.0512 3.91237 -2.2176e-18)
(41.0711 3.89466 4.98521e-19)
(41.1078 3.87043 -4.3587e-19)
(41.1061 3.848 0)
(40.9931 3.83386 0)
(40.7251 3.82635 0)
(40.3007 3.81883 2.68641e-18)
(39.7433 3.80501 0)
(39.0791 3.78073 0)
(38.3247 3.74306 5.97446e-19)
(37.487 3.68944 0)
(36.5723 3.61771 0)
(35.6005 3.52733 0)
(34.6223 3.42127 0)
(33.7293 3.30776 -6.44593e-18)
(33.047 3.20081 6.23942e-18)
(32.7 3.11789 -1.47917e-18)
(32.7616 3.07451 0)
(33.2189 3.07862 3.9319e-18)
(33.9772 3.12815 1.43847e-18)
(34.893 3.21235 3.35281e-18)
(35.813 3.31511 0)
(36.6129 3.41948 0)
(37.2257 3.51239 -5.33478e-18)
(37.6484 3.58776 -2.48719e-18)
(37.9234 3.6465 -6.98866e-18)
(38.1063 3.69364 4.21772e-18)
(38.2434 3.73519 0)
(38.3635 3.77591 0)
(38.4805 3.81848 0)
(38.5962 3.8634 0)
(38.7043 3.90944 0)
(38.7981 3.95492 4.08612e-18)
(38.8764 3.999 0)
(38.9445 4.0422 5.94101e-18)
(39.0091 4.08558 0)
(39.0732 4.12975 0)
(39.1361 4.17454 0)
(39.1968 4.21945 0)
(39.2548 4.26418 0)
(39.3106 4.30868 0)
(39.3648 4.35303 8.5286e-18)
(39.4177 4.39722 -1.04954e-17)
(39.4695 4.44118 1.24028e-17)
(39.5203 4.48476 0)
(39.5698 4.52788 0)
(39.6183 4.57044 -1.69736e-17)
(39.6654 4.61235 0)
(39.7112 4.65343 3.80274e-17)
(39.7553 4.69355 -2.79609e-17)
(39.7975 4.73259 -1.07689e-17)
(39.8376 4.77049 0)
(39.8755 4.80725 -3.15659e-17)
(39.911 4.8428 6.40753e-17)
(39.9439 4.87719 0)
(39.974 4.91025 0)
(40.0012 4.94216 -1.3115e-17)
(40.0254 4.97249 0)
(40.0462 5.00197 0)
(40.0648 5.02934 0)
(40.0773 5.05356 0)
(40.0847 5.07287 7.49586e-17)
(40.0897 5.09461 -5.97956e-17)
(40.0935 5.11383 0)
(40.098 5.13892 0)
(40.1029 5.15642 9.2558e-18)
(40.1056 5.18578 -7.45741e-18)
(40.1057 5.20199 0)
(40.0956 5.22813 1.13309e-16)
(40.0933 5.25571 0)
(40.0582 5.24676 0)
(40.0773 5.34587 -9.18908e-17)
(39.9661 5.18565 0)
(40.7592 4.03301 1.66832e-19)
(40.6652 4.03923 -1.67117e-19)
(40.5781 4.04479 0)
(40.4981 4.05309 -1.23065e-18)
(40.4251 4.06297 0)
(40.3588 4.07297 -3.30032e-19)
(40.2986 4.08191 0)
(40.2442 4.08928 0)
(40.1947 4.09548 2.80893e-18)
(40.1498 4.10135 0)
(40.109 4.10739 5.01022e-18)
(40.0718 4.11352 -5.0014e-18)
(40.0381 4.11931 -5.51576e-18)
(40.0075 4.12456 0)
(39.9799 4.12932 -4.94277e-18)
(39.9551 4.13388 4.63048e-19)
(39.9332 4.13846 5.31588e-18)
(39.9139 4.14318 0)
(39.8971 4.14805 1.03571e-17)
(39.8828 4.15302 0)
(39.8708 4.15803 0)
(39.861 4.16306 -6.8144e-19)
(39.8533 4.16811 -1.86641e-17)
(39.8476 4.17317 0)
(39.8438 4.17825 0)
(39.8417 4.18337 0)
(39.8413 4.18851 0)
(39.8424 4.19372 0)
(39.845 4.199 0)
(39.8489 4.2044 6.39582e-19)
(39.854 4.20994 0)
(39.8603 4.21567 -2.9248e-17)
(39.8676 4.2216 7.68436e-19)
(39.8758 4.22781 0)
(39.8847 4.2343 0)
(39.8944 4.24112 0)
(39.9047 4.24832 0)
(39.9154 4.25594 0)
(39.9265 4.26401 0)
(39.9379 4.2726 0)
(39.9495 4.28172 0)
(39.9612 4.29142 5.95642e-19)
(39.9728 4.30171 -3.96017e-17)
(39.9844 4.3126 0)
(39.9959 4.32409 -1.87914e-18)
(40.0072 4.33623 0)
(40.0181 4.34901 0)
(40.0287 4.36244 0)
(40.0389 4.37654 5.81783e-17)
(40.0485 4.39132 0)
(40.0574 4.40679 -4.65482e-18)
(40.0655 4.42293 0)
(40.0727 4.43968 -9.91179e-17)
(40.0788 4.457 8.96395e-17)
(40.0838 4.47489 8.49076e-17)
(40.0875 4.49338 0)
(40.0899 4.51245 0)
(40.0913 4.53205 -7.63477e-18)
(40.0915 4.5521 2.78769e-16)
(40.0906 4.57255 0)
(40.0886 4.59334 0)
(40.0853 4.61443 -1.19969e-16)
(40.0805 4.63578 1.15353e-17)
(40.0741 4.65736 4.13916e-16)
(40.066 4.67914 0)
(40.0562 4.70107 0)
(40.0447 4.72308 -8.57877e-18)
(40.0332 4.74203 1.09115e-16)
(40.0212 4.75873 0)
(40.0092 4.77649 0)
(39.9965 4.79539 0)
(39.9825 4.81552 0)
(39.965 4.8363 -1.15411e-17)
(39.9401 4.85692 0)
(39.9044 4.88044 0)
(39.8651 4.89238 0)
(39.8318 4.94727 0)
(39.868 4.89644 3.35431e-16)
(39.9139 5.16932 0)
(40.0762 4.69333 0)
(41.3195 3.80557 1.60713e-18)
(41.4279 3.79937 -1.2476e-19)
(41.4687 3.79213 2.4033e-19)
(41.487 3.77034 2.28573e-19)
(41.4946 3.73992 2.66214e-18)
(41.4923 3.71435 0)
(41.4797 3.70318 -2.31519e-18)
(41.4635 3.70425 2.22929e-18)
(41.456 3.70756 3.45508e-19)
(41.4512 3.70493 -2.91609e-19)
(41.4044 3.69604 0)
(41.252 3.68601 0)
(40.9573 3.67847 0)
(40.5273 3.67255 -2.78087e-18)
(39.9973 3.66509 0)
(39.405 3.65313 0)
(38.7756 3.6344 5.10103e-19)
(38.116 3.60666 0)
(37.4189 3.56715 0)
(36.6734 3.51297 0)
(35.8791 3.44215 0)
(35.062 3.35548 -1.28493e-18)
(34.2859 3.25839 1.34256e-18)
(33.649 3.16189 5.72495e-18)
(33.2601 3.08121 0)
(33.2001 3.03186 -6.69232e-18)
(33.4885 3.02471 -4.96084e-18)
(34.0724 3.06252 -6.13233e-18)
(34.8416 3.13905 0)
(35.6617 3.2413 0)
(36.4136 3.35336 0)
(37.0235 3.46124 7.29427e-18)
(37.4724 3.55597 1.6244e-17)
(37.7813 3.63451 0)
(37.9878 3.69827 0)
(38.1294 3.7514 0)
(38.2376 3.79898 0)
(38.337 3.84567 0)
(38.4414 3.89437 0)
(38.5511 3.9457 1.0751e-17)
(38.6572 3.99848 -9.56308e-18)
(38.7511 4.05095 5.80796e-18)
(38.832 4.10207 0)
(38.9049 4.15176 0)
(38.9749 4.20038 1.0615e-17)
(39.044 4.24837 -8.8148e-18)
(39.1117 4.29586 -7.13787e-18)
(39.1774 4.34286 0)
(39.2409 4.38931 8.04334e-18)
(39.3026 4.43505 0)
(39.3628 4.47999 0)
(39.4214 4.52404 0)
(39.4786 4.56711 0)
(39.5341 4.60915 0)
(39.588 4.65005 0)
(39.64 4.6897 0)
(39.69 4.72802 1.07432e-17)
(39.7376 4.765 -1.01025e-17)
(39.7829 4.80068 0)
(39.8255 4.83512 3.13137e-17)
(39.8653 4.8683 -6.35867e-17)
(39.9021 4.90031 4.91392e-17)
(39.9359 4.93099 0)
(39.9663 4.96056 -1.22763e-17)
(39.9934 4.98865 5.05068e-17)
(40.0169 5.01602 0)
(40.0378 5.04148 0)
(40.0522 5.06423 0)
(40.0612 5.0824 -5.63023e-17)
(40.0676 5.103 5.94315e-17)
(40.0725 5.12125 0)
(40.0782 5.14546 0)
(40.0844 5.16231 8.67031e-17)
(40.0888 5.19134 -1.43474e-16)
(40.0903 5.20716 0)
(40.0824 5.23409 -9.73241e-18)
(40.0812 5.2606 0)
(40.0482 5.25445 0)
(40.0696 5.34984 0)
(39.9551 5.19585 0)
(41.201 3.81007 1.22693e-19)
(41.0879 3.81672 -1.18052e-19)
(40.9788 3.82221 0)
(40.875 3.83062 1.52033e-18)
(40.7772 3.84153 0)
(40.6863 3.85402 -2.07912e-19)
(40.6026 3.86679 0)
(40.5261 3.87872 0)
(40.4565 3.88963 1.80079e-19)
(40.3933 3.89993 0)
(40.3361 3.91024 -5.91316e-18)
(40.2842 3.92069 5.85615e-18)
(40.2372 3.93102 5.52003e-18)
(40.1946 3.94084 0)
(40.156 3.95001 5.64796e-18)
(40.1212 3.95858 2.02768e-19)
(40.09 3.96681 1.81742e-19)
(40.0621 3.97493 0)
(40.0373 3.98314 -1.03177e-17)
(40.0156 3.99148 0)
(39.9968 4.00003 0)
(39.9806 4.00875 9.78816e-18)
(39.967 4.01769 1.93465e-17)
(39.9558 4.02683 0)
(39.9469 4.03622 0)
(39.9402 4.04582 -1.80525e-17)
(39.9356 4.05567 0)
(39.9328 4.06573 0)
(39.9318 4.07605 1.64788e-17)
(39.9325 4.08659 -3.18747e-17)
(39.9347 4.09737 0)
(39.9382 4.1084 2.96998e-17)
(39.943 4.11971 -2.88432e-17)
(39.949 4.13127 2.75233e-17)
(39.9559 4.14314 2.64447e-17)
(39.9637 4.1553 0)
(39.9723 4.16779 0)
(39.9814 4.18062 0)
(39.991 4.19382 0)
(40.001 4.20739 0)
(40.0112 4.22136 4.06479e-17)
(40.0215 4.23573 1.41757e-18)
(40.0319 4.25053 3.69465e-17)
(40.0423 4.26574 0)
(40.0525 4.2814 -6.99838e-17)
(40.0625 4.2975 0)
(40.0721 4.31405 0)
(40.0814 4.33105 0)
(40.0902 4.34849 -2.99277e-18)
(40.0984 4.36636 0)
(40.1059 4.38468 -1.03939e-16)
(40.1126 4.40341 9.31155e-17)
(40.1182 4.42251 0)
(40.1228 4.44197 -8.87773e-17)
(40.1262 4.4618 -8.41174e-17)
(40.1283 4.48202 0)
(40.1292 4.50262 -1.41788e-16)
(40.1291 4.52353 -1.42518e-16)
(40.1278 4.54472 -7.99487e-18)
(40.1254 4.56611 0)
(40.122 4.58772 0)
(40.1172 4.6095 1.06367e-16)
(40.111 4.63143 1.24007e-17)
(40.1031 4.65348 -1.15686e-17)
(40.0937 4.67564 0)
(40.0825 4.69791 0)
(40.0696 4.72019 -9.21743e-18)
(40.0571 4.73938 0)
(40.0441 4.75626 0)
(40.0312 4.77426 0)
(40.0176 4.79342 0)
(40.0026 4.81382 0)
(39.9837 4.83486 -1.25909e-17)
(39.9572 4.85598 0)
(39.9201 4.87933 0)
(39.8806 4.89356 0)
(39.8496 4.94574 0)
(39.8907 4.90405 3.00906e-16)
(39.9345 5.16522 0)
(40.1004 4.70351 -7.29343e-16)
(41.9043 3.52456 -9.99349e-19)
(41.9677 3.52842 9.99778e-19)
(41.9654 3.5412 -1.94575e-18)
(41.9458 3.54431 -1.90313e-18)
(41.9192 3.53355 -1.86721e-18)
(41.8845 3.51608 1.88528e-18)
(41.8389 3.5054 0)
(41.7846 3.51072 0)
(41.7291 3.53134 -3.28027e-18)
(41.6725 3.55903 6.40647e-18)
(41.5879 3.58451 0)
(41.4236 3.60234 0)
(41.1342 3.61196 0)
(40.7139 3.61526 0)
(40.1949 3.61423 0)
(39.6249 3.61 0)
(39.0464 3.60285 -7.29498e-18)
(38.4837 3.59231 -3.65305e-18)
(37.9412 3.57704 0)
(37.4062 3.55477 0)
(36.8585 3.52261 0)
(36.2812 3.47786 2.05073e-18)
(35.6744 3.41931 -1.12694e-17)
(35.0645 3.34882 -6.1612e-18)
(34.5071 3.27257 -6.11666e-18)
(34.0773 3.20068 4.62112e-18)
(33.8497 3.14572 0)
(33.8731 3.11947 4.36004e-18)
(34.1513 3.12931 -5.91268e-18)
(34.6377 3.17609 0)
(35.2493 3.25378 -1.13704e-17)
(35.8923 3.35191 0)
(36.4905 3.45856 -1.79374e-17)
(36.9988 3.5637 1.03506e-17)
(37.4022 3.66037 0)
(37.7049 3.74514 0)
(37.9202 3.81731 -1.79406e-17)
(38.0677 3.8785 -1.68694e-17)
(38.1733 3.93195 0)
(38.2652 3.98218 -2.33924e-17)
(38.3632 4.03314 7.95299e-18)
(38.4714 4.08658 -2.6218e-17)
(38.5813 4.14148 0)
(38.6833 4.19578 1.959e-17)
(38.7746 4.248 8.38842e-18)
(38.8579 4.29813 7.57328e-18)
(38.9374 4.3468 6.16702e-18)
(39.015 4.39458 1.16698e-17)
(39.0908 4.44159 -7.12832e-18)
(39.1645 4.48757 0)
(39.236 4.53231 0)
(39.3052 4.57565 1.05254e-17)
(39.3721 4.61755 0)
(39.4368 4.65799 -5.38748e-18)
(39.4991 4.69688 3.14863e-18)
(39.5589 4.73419 0)
(39.616 4.7699 1.54678e-17)
(39.6703 4.80413 -1.30046e-17)
(39.7216 4.83695 0)
(39.7698 4.86847 0)
(39.8147 4.89868 -1.21447e-17)
(39.8562 4.92769 -4.59073e-17)
(39.894 4.95542 0)
(39.9281 4.98211 -4.77199e-17)
(39.9584 5.0075 -4.78079e-17)
(39.9848 5.03233 0)
(40.0083 5.05552 0)
(40.0247 5.07654 0)
(40.0355 5.09336 9.66989e-17)
(40.0434 5.11254 0)
(40.0497 5.12963 0)
(40.0566 5.15261 6.993e-17)
(40.0639 5.16877 0)
(40.0703 5.19703 6.63704e-17)
(40.0733 5.21258 1.0368e-16)
(40.0678 5.23988 -1.01393e-16)
(40.0679 5.26557 0)
(40.0372 5.26201 0)
(40.061 5.35375 7.34859e-17)
(39.9442 5.20673 -1.35376e-16)
(41.8143 3.52501 2.6391e-20)
(41.7184 3.52944 1.06054e-18)
(41.6149 3.53498 -1.08316e-18)
(41.507 3.54263 -1.08061e-18)
(41.3965 3.55268 0)
(41.2858 3.56465 2.18012e-18)
(41.1771 3.57805 0)
(41.0723 3.59221 0)
(40.9729 3.60679 -5.14785e-20)
(40.8797 3.6218 0)
(40.7934 3.6376 2.23509e-18)
(40.7139 3.65423 -8.42996e-18)
(40.6412 3.6716 4.07966e-18)
(40.5748 3.68931 0)
(40.5143 3.70699 -8.15128e-18)
(40.4594 3.72424 -4.14813e-18)
(40.4096 3.74105 -4.10243e-18)
(40.3646 3.7575 0)
(40.3241 3.7737 0)
(40.2878 3.78979 0)
(40.2554 3.8058 0)
(40.2266 3.8218 0)
(40.2012 3.83784 -7.49912e-19)
(40.1789 3.85394 0)
(40.1597 3.87015 -1.28185e-17)
(40.1432 3.88648 1.40492e-17)
(40.1293 3.90299 0)
(40.1178 3.91971 0)
(40.1085 3.93664 -2.44884e-17)
(40.1014 3.95376 1.53803e-18)
(40.0961 3.97113 0)
(40.0927 3.98873 -2.97573e-18)
(40.0909 4.00656 -2.01794e-17)
(40.0905 4.02463 -2.23377e-17)
(40.0914 4.04297 -2.15798e-17)
(40.0935 4.06151 1.81419e-17)
(40.0966 4.08034 0)
(40.1005 4.09938 0)
(40.1052 4.11869 0)
(40.1104 4.13819 0)
(40.1161 4.15793 -6.41259e-17)
(40.1221 4.17787 3.28938e-17)
(40.1283 4.198 -3.15233e-17)
(40.1346 4.21835 5.25435e-17)
(40.141 4.23889 -5.03026e-17)
(40.1473 4.25962 4.81328e-17)
(40.1533 4.28054 0)
(40.1591 4.30162 -4.40008e-17)
(40.1646 4.32284 -4.80759e-17)
(40.1695 4.34419 -4.01629e-17)
(40.1738 4.36564 0)
(40.1773 4.38719 -8.3333e-17)
(40.1799 4.40881 0)
(40.1815 4.43049 0)
(40.182 4.45228 0)
(40.1814 4.47418 0)
(40.1798 4.49618 1.29963e-16)
(40.1771 4.51825 1.09965e-16)
(40.1735 4.54039 -1.25119e-17)
(40.1689 4.56257 0)
(40.1633 4.58482 0)
(40.1564 4.60712 -1.89228e-16)
(40.1481 4.62945 1.03405e-16)
(40.1384 4.65181 -3.39025e-16)
(40.1271 4.67423 -1.52372e-16)
(40.1141 4.6967 1.44073e-16)
(40.0996 4.71912 -1.49366e-16)
(40.0857 4.73845 0)
(40.0716 4.75541 1.53945e-16)
(40.0576 4.77353 0)
(40.0429 4.79284 0)
(40.0264 4.81339 -1.16791e-16)
(40.0058 4.83458 -2.2962e-16)
(39.9772 4.85609 0)
(39.9385 4.87909 0)
(39.8988 4.89604 0)
(39.8708 4.9445 2.78469e-16)
(39.9163 4.91401 -2.96289e-16)
(39.959 5.16045 1.76342e-16)
(40.1236 4.71445 7.19486e-16)
(41.9978 3.31158 8.21839e-19)
(41.891 3.3285 9.08086e-19)
(41.7788 3.35748 0)
(41.6659 3.38682 8.70098e-19)
(41.5513 3.40672 0)
(41.4343 3.4141 -3.47101e-18)
(41.3133 3.41655 -1.64792e-18)
(41.1882 3.42655 -1.61728e-18)
(41.0631 3.45202 0)
(40.9439 3.49196 -4.66645e-18)
(40.8264 3.53876 2.92004e-18)
(40.6865 3.58369 -2.77546e-18)
(40.4855 3.62093 -2.61609e-18)
(40.1939 3.64884 -2.45257e-18)
(39.8107 3.66853 0)
(39.363 3.6821 0)
(38.8903 3.69123 3.94025e-18)
(38.4299 3.69693 -1.70805e-19)
(38.0055 3.6995 -3.71688e-18)
(37.6233 3.6985 0)
(37.2726 3.69275 3.46888e-18)
(36.9319 3.68041 3.10853e-18)
(36.577 3.65929 6.0307e-18)
(36.1911 3.62762 1.24211e-17)
(35.7732 3.5851 1.22429e-17)
(35.3439 3.53381 0)
(34.9444 3.47902 0)
(34.6285 3.42867 0)
(34.4493 3.39206 5.44774e-18)
(34.4423 3.37763 1.29035e-17)
(34.6137 3.39069 1.05521e-17)
(34.9375 3.43221 0)
(35.3652 3.49867 -2.5322e-18)
(35.8412 3.58366 2.6165e-18)
(36.3186 3.67956 0)
(36.765 3.77914 0)
(37.1605 3.87621 1.6968e-17)
(37.4902 3.96571 -5.50818e-18)
(37.7436 4.04376 0)
(37.9212 4.10894 1.38203e-17)
(38.0429 4.16318 1.79956e-17)
(38.1417 4.21154 -5.13219e-18)
(38.2457 4.25902 0)
(38.3629 4.30814 -1.8924e-17)
(38.4851 4.35832 -4.27734e-17)
(38.6015 4.40779 0)
(38.708 4.45535 0)
(38.8066 4.50081 -1.13491e-17)
(38.9005 4.54445 0)
(38.9912 4.58641 0)
(39.0789 4.6267 2.46978e-17)
(39.1634 4.66524 -1.02888e-17)
(39.2444 4.70209 0)
(39.3219 4.7372 -9.0269e-18)
(39.3958 4.7706 -3.0883e-18)
(39.4662 4.80235 0)
(39.5328 4.83259 -1.23988e-17)
(39.5957 4.86148 -4.52308e-18)
(39.6548 4.88912 0)
(39.7099 4.91556 0)
(39.7608 4.94083 1.19764e-17)
(39.8075 4.96504 5.54449e-18)
(39.8499 4.98822 1.56077e-17)
(39.8879 5.01067 -1.93002e-17)
(39.9217 5.03219 0)
(39.951 5.05351 0)
(39.9769 5.07364 0)
(39.9954 5.09231 0)
(40.0079 5.10738 -4.26339e-17)
(40.0173 5.12473 3.19842e-17)
(40.0248 5.14033 3.05888e-17)
(40.0328 5.16175 -1.26629e-16)
(40.0412 5.17699 -5.37994e-17)
(40.0492 5.20421 4.8623e-17)
(40.0539 5.21937 -1.02929e-16)
(40.051 5.24681 7.75766e-17)
(40.0525 5.27157 0)
(40.0248 5.27047 0)
(40.0507 5.35835 -7.30652e-17)
(39.9332 5.21837 1.34694e-16)
(42.0492 3.30495 -1.12781e-19)
(42.0762 3.30202 9.20859e-19)
(42.0771 3.30392 1.04971e-18)
(42.0575 3.30853 0)
(42.0191 3.31607 0)
(41.9642 3.3256 0)
(41.8953 3.33678 1.77474e-18)
(41.8153 3.34917 -1.75544e-18)
(41.7273 3.36256 -2.08453e-18)
(41.6346 3.37683 0)
(41.5397 3.39237 2.05307e-18)
(41.4451 3.40937 4.06443e-18)
(41.3525 3.42818 -7.37205e-19)
(41.2631 3.4487 0)
(41.1777 3.47074 3.90082e-18)
(41.0968 3.49371 -3.09683e-18)
(41.0206 3.51729 0)
(40.9493 3.54121 0)
(40.883 3.56531 2.88804e-18)
(40.8214 3.58967 0)
(40.7646 3.61413 0)
(40.7123 3.63871 0)
(40.6642 3.66342 -6.62656e-18)
(40.6203 3.68817 -5.03869e-18)
(40.5802 3.71297 1.25973e-17)
(40.5438 3.73784 -9.49149e-18)
(40.5108 3.76271 9.2029e-18)
(40.481 3.78768 0)
(40.4542 3.81265 1.12481e-17)
(40.4302 3.83768 1.09068e-17)
(40.4089 3.86273 0)
(40.3899 3.88785 -2.04506e-17)
(40.3732 3.91293 4.63311e-18)
(40.3585 3.93808 0)
(40.3457 3.96321 0)
(40.3345 3.98834 -1.777e-17)
(40.325 4.01348 -1.31921e-17)
(40.3167 4.03859 1.27367e-17)
(40.3097 4.06369 0)
(40.3037 4.08872 0)
(40.2987 4.11371 2.92326e-17)
(40.2945 4.13863 0)
(40.2909 4.16346 -2.12624e-17)
(40.2879 4.18824 -5.15455e-17)
(40.2853 4.21287 4.93689e-17)
(40.2831 4.23745 -9.24054e-18)
(40.2811 4.2619 0)
(40.2792 4.28625 7.8464e-17)
(40.2774 4.3104 -3.38831e-17)
(40.2754 4.33441 6.92743e-18)
(40.2732 4.35818 0)
(40.2705 4.38175 -6.02188e-17)
(40.2673 4.40509 0)
(40.2634 4.42823 -5.55548e-17)
(40.2587 4.4512 0)
(40.2534 4.47402 0)
(40.2473 4.4967 0)
(40.2405 4.51927 -1.08685e-16)
(40.2331 4.54175 -1.03451e-16)
(40.2249 4.56416 0)
(40.2159 4.58653 0)
(40.2059 4.60885 8.87881e-17)
(40.1947 4.63115 9.86139e-18)
(40.1822 4.65345 1.59646e-16)
(40.1683 4.67577 1.51156e-16)
(40.153 4.69812 -2.70571e-16)
(40.1362 4.72041 1.20971e-16)
(40.1206 4.73967 0)
(40.1051 4.75656 -1.52697e-16)
(40.0897 4.77468 1.26008e-16)
(40.0734 4.79401 0)
(40.0552 4.8146 1.16093e-16)
(40.0324 4.83585 0)
(40.0012 4.85763 0)
(39.9607 4.88027 0)
(39.9207 4.90003 -1.44261e-16)
(39.897 4.94472 -2.77546e-16)
(39.9444 4.9259 0)
(39.9905 5.15736 -1.75892e-16)
(40.1409 4.7275 0)
(41.129 3.4446 -9.14183e-19)
(40.8412 3.4608 -8.02214e-19)
(40.6203 3.48157 0)
(40.4203 3.51359 -5.94433e-20)
(40.2323 3.54964 0)
(40.057 3.5802 2.87423e-18)
(39.895 3.60336 2.83984e-18)
(39.7456 3.62538 1.44618e-18)
(39.6075 3.65389 0)
(39.4823 3.69121 1.37635e-18)
(39.3714 3.73368 -3.94738e-18)
(39.2715 3.77528 2.57632e-18)
(39.1678 3.81139 2.48189e-18)
(39.0373 3.84029 4.72034e-18)
(38.8598 3.86244 0)
(38.6283 3.87935 -2.15043e-18)
(38.3528 3.89233 2.05545e-18)
(38.0561 3.90215 5.88134e-18)
(37.764 3.90925 3.73994e-18)
(37.4965 3.91379 3.63786e-18)
(37.2608 3.91585 -3.4597e-18)
(37.0505 3.91511 -3.41381e-18)
(36.8487 3.91081 0)
(36.634 3.90175 -3.10601e-18)
(36.3888 3.88661 -6.23901e-18)
(36.1051 3.86456 -6.31607e-18)
(35.7898 3.83601 0)
(35.4654 3.80299 0)
(35.1669 3.76963 0)
(34.9351 3.74146 -1.80962e-17)
(34.8063 3.72466 0)
(34.8028 3.72442 0)
(34.9263 3.74379 1.15698e-17)
(35.159 3.78301 -1.13848e-17)
(35.471 3.84012 0)
(35.8322 3.91178 0)
(36.2204 3.99457 1.16617e-17)
(36.6207 4.08475 2.0156e-17)
(37.0139 4.17737 0)
(37.3687 4.26525 0)
(37.6505 4.34077 -3.67476e-17)
(37.8464 4.40011 -2.77068e-18)
(37.9791 4.44578 0)
(38.0902 4.48488 0)
(38.2098 4.52394 2.482e-17)
(38.3425 4.56515 0)
(38.4775 4.60714 0)
(38.605 4.64757 0)
(38.7227 4.68529 0)
(38.8325 4.72015 0)
(38.9366 4.75254 -5.59973e-17)
(39.036 4.78278 0)
(39.1308 4.81119 0)
(39.2207 4.83784 1.39773e-17)
(39.3059 4.86291 -1.73303e-17)
(39.3862 4.8866 1.42363e-17)
(39.4618 4.90911 -1.05583e-17)
(39.5327 4.93059 -1.74306e-17)
(39.5986 4.9511 0)
(39.6597 4.97071 -8.31248e-18)
(39.7158 4.98952 0)
(39.7668 5.00769 -5.46623e-18)
(39.8129 5.02528 -1.70828e-17)
(39.8539 5.04261 1.90568e-17)
(39.8902 5.05955 1.22056e-17)
(39.9217 5.07676 1.54341e-17)
(39.9493 5.09344 0)
(39.9692 5.10943 1.23566e-17)
(39.9828 5.12258 0)
(39.9933 5.13793 -6.86654e-18)
(40.0014 5.15193 -3.02812e-17)
(40.01 5.1717 5.67862e-17)
(40.019 5.18596 5.33311e-17)
(40.0282 5.21208 -4.8228e-17)
(40.0342 5.22679 0)
(40.0335 5.25433 -1.06583e-17)
(40.0364 5.27819 0)
(40.0116 5.27952 0)
(40.0394 5.36374 -2.85146e-17)
(39.9219 5.2307 0)
(41.3522 3.4364 -8.15099e-19)
(41.5367 3.42834 -1.49812e-18)
(41.6847 3.42355 -6.69775e-19)
(41.8052 3.4199 0)
(41.9005 3.41844 0)
(41.972 3.41858 0)
(42.0198 3.42034 -1.5909e-18)
(42.0446 3.42346 2.78049e-18)
(42.0477 3.42783 0)
(42.0317 3.43332 0)
(41.999 3.44 0)
(41.9529 3.44803 0)
(41.8963 3.45777 -1.93237e-18)
(41.8319 3.46954 2.10518e-18)
(41.762 3.4835 0)
(41.6888 3.49951 4.88451e-18)
(41.6138 3.51743 0)
(41.5383 3.53685 0)
(41.4634 3.55759 -2.70311e-18)
(41.3899 3.57951 0)
(41.3186 3.60237 0)
(41.2498 3.62607 0)
(41.184 3.65055 0)
(41.1214 3.6756 4.77518e-18)
(41.062 3.70114 0)
(41.0059 3.72714 5.94709e-18)
(40.9532 3.75338 -8.77217e-18)
(40.9037 3.77994 0)
(40.8575 3.80664 0)
(40.8144 3.83351 -5.48305e-18)
(40.7743 3.86042 0)
(40.737 3.88745 -5.17066e-18)
(40.7025 3.91437 1.45701e-17)
(40.6705 3.94133 9.76124e-18)
(40.6409 3.96815 -9.4848e-18)
(40.6135 3.99491 0)
(40.5883 4.02149 3.79515e-18)
(40.565 4.04798 -1.23382e-17)
(40.5435 4.07424 8.49065e-18)
(40.5237 4.10034 0)
(40.5053 4.12622 0)
(40.4884 4.15189 0)
(40.4727 4.17735 5.45274e-18)
(40.4581 4.2026 0)
(40.4446 4.22756 1.44747e-17)
(40.432 4.25235 -8.96794e-18)
(40.4202 4.27687 0)
(40.4092 4.30119 -3.44918e-17)
(40.3986 4.32522 3.32128e-17)
(40.3885 4.34901 5.72016e-17)
(40.3785 4.37247 -2.45034e-17)
(40.3687 4.39562 5.91892e-17)
(40.3587 4.41846 -4.61353e-17)
(40.3486 4.44103 5.4694e-17)
(40.3383 4.46332 -4.32789e-17)
(40.3276 4.48541 0)
(40.3168 4.50731 0)
(40.3056 4.52908 0)
(40.2941 4.55077 0)
(40.2822 4.57239 0)
(40.2696 4.59399 0)
(40.2564 4.61558 0)
(40.2422 4.63717 7.36594e-17)
(40.227 4.65882 0)
(40.2106 4.68057 0)
(40.1929 4.7024 2.37428e-16)
(40.174 4.72422 -1.20071e-16)
(40.1567 4.74318 6.52373e-17)
(40.1398 4.75985 0)
(40.1231 4.77782 -1.42717e-17)
(40.1054 4.79705 0)
(40.0854 4.81755 9.32115e-17)
(40.0603 4.83874 0)
(40.0265 4.86061 0)
(39.9844 4.88301 0)
(39.9446 4.90533 1.43697e-16)
(39.9257 4.94692 0)
(39.9741 4.93886 -2.29957e-16)
(40.0244 5.15708 1.49554e-16)
(40.1564 4.74372 3.08905e-16)
(39.8661 3.92277 -1.69396e-19)
(39.5062 3.93571 0)
(39.2611 3.94204 0)
(39.0662 3.96064 -6.10516e-19)
(38.904 3.98807 0)
(38.7681 4.01505 -1.19925e-18)
(38.6554 4.03557 -1.19247e-18)
(38.5622 4.05101 0)
(38.4839 4.06704 0)
(38.4159 4.08738 9.51261e-19)
(38.3554 4.11106 1.14321e-18)
(38.3013 4.13396 0)
(38.2511 4.15221 0)
(38.1986 4.16399 -4.02846e-18)
(38.1335 4.16976 -1.81949e-18)
(38.0439 4.17112 2.09414e-18)
(37.9219 4.1698 -2.87322e-19)
(37.7685 4.16698 -1.96406e-18)
(37.5941 4.16337 0)
(37.4145 4.1593 -6.84128e-18)
(37.2437 4.15504 0)
(37.0871 4.15072 6.41427e-18)
(36.9394 4.14623 2.92552e-18)
(36.7869 4.14117 -3.21668e-18)
(36.6135 4.13492 0)
(36.4062 4.12671 1.16465e-17)
(36.1607 4.11617 0)
(35.8839 4.1034 -5.36881e-18)
(35.594 4.08958 0)
(35.3186 4.07674 5.31622e-19)
(35.0898 4.06788 0)
(34.9378 4.06622 0)
(34.8841 4.07465 0)
(34.9346 4.09478 1.05916e-17)
(35.0789 4.12683 -1.05456e-17)
(35.2942 4.16974 0)
(35.5582 4.22249 -2.11449e-17)
(35.8626 4.28501 0)
(36.2139 4.35802 0)
(36.6135 4.44016 0)
(37.0326 4.52513 1.86106e-17)
(37.4122 4.60238 7.68477e-20)
(37.701 4.66285 1.6551e-17)
(37.894 4.70508 -1.55446e-17)
(38.031 4.73557 1.44933e-17)
(38.1577 4.7627 0)
(38.2954 4.79103 0)
(38.4401 4.82023 -2.24622e-17)
(38.5807 4.84817 0)
(38.7114 4.87332 -1.83456e-17)
(38.832 4.89555 3.10152e-17)
(38.9444 4.91531 -2.92148e-17)
(39.0502 4.93328 0)
(39.1499 4.94979 0)
(39.2435 4.96515 -2.3401e-18)
(39.3313 4.97953 -1.39254e-17)
(39.4132 4.99308 2.22557e-17)
(39.4893 5.00589 1.70963e-17)
(39.5597 5.01807 0)
(39.6243 5.02977 8.17187e-18)
(39.6833 5.04119 8.87391e-18)
(39.7368 5.05257 0)
(39.7848 5.06404 -7.77849e-19)
(39.8275 5.07586 0)
(39.865 5.08793 -7.28529e-18)
(39.8973 5.10078 -1.52508e-17)
(39.9255 5.11379 0)
(39.9459 5.12692 -1.21948e-17)
(39.96 5.13808 -9.04276e-18)
(39.9709 5.15143 -4.31117e-17)
(39.9794 5.16379 0)
(39.988 5.18195 0)
(39.9971 5.19524 0)
(40.0071 5.22028 -3.34526e-17)
(40.0141 5.23456 0)
(40.0153 5.26222 -6.58719e-17)
(40.0194 5.28529 0)
(39.9976 5.28903 0)
(40.027 5.36987 2.83365e-17)
(39.9101 5.24385 -1.01586e-16)
(40.1778 3.91451 2.09456e-19)
(40.4477 3.90467 5.83058e-19)
(40.6794 3.89589 1.88988e-19)
(40.8835 3.88586 0)
(41.066 3.87529 3.49394e-19)
(41.2306 3.86453 0)
(41.3776 3.85427 -3.20134e-19)
(41.5059 3.84499 -7.27163e-19)
(41.6143 3.83687 0)
(41.7022 3.82982 0)
(41.7695 3.82367 5.40115e-19)
(41.8169 3.81837 -5.19253e-19)
(41.8457 3.81403 -9.41129e-19)
(41.8577 3.81097 -2.33263e-18)
(41.8549 3.80943 -9.35241e-19)
(41.8393 3.80958 -1.78321e-18)
(41.813 3.81167 8.83026e-19)
(41.7777 3.81556 0)
(41.7353 3.82128 0)
(41.6871 3.82874 0)
(41.6347 3.83777 0)
(41.5793 3.84835 -1.58273e-18)
(41.5219 3.86032 0)
(41.4636 3.87364 1.53123e-18)
(41.4049 3.88813 0)
(41.3467 3.90374 2.84964e-18)
(41.2893 3.92026 -1.46878e-18)
(41.2333 3.93768 0)
(41.1788 3.95583 2.8698e-18)
(41.1262 3.97464 5.13887e-18)
(41.0757 3.99398 0)
(41.0272 4.01386 4.87683e-18)
(40.981 4.03402 0)
(40.9371 4.05458 -6.52274e-18)
(40.8953 4.07532 9.02209e-18)
(40.8558 4.09627 0)
(40.8185 4.11733 3.23155e-18)
(40.7833 4.1385 0)
(40.75 4.15966 -2.89365e-18)
(40.7188 4.18088 -5.22232e-18)
(40.6894 4.20203 0)
(40.6618 4.22315 0)
(40.6358 4.2442 1.47787e-17)
(40.6114 4.26517 0)
(40.5886 4.28602 -1.40644e-17)
(40.5671 4.30681 -2.74348e-17)
(40.5469 4.32748 0)
(40.5278 4.34809 0)
(40.5096 4.36858 0)
(40.4924 4.38897 -2.46901e-17)
(40.4757 4.40922 2.4009e-17)
(40.4596 4.42931 -1.8164e-17)
(40.4438 4.44924 4.53057e-17)
(40.4283 4.46907 0)
(40.413 4.48875 4.25847e-17)
(40.3978 4.50841 0)
(40.3828 4.52803 -3.24534e-17)
(40.3678 4.54769 -3.15651e-17)
(40.3527 4.56742 0)
(40.3375 4.58724 2.96873e-17)
(40.3219 4.60716 0)
(40.3058 4.62723 0)
(40.289 4.64745 0)
(40.2714 4.6679 0)
(40.2528 4.68858 0)
(40.2331 4.70949 -1.09934e-16)
(40.2123 4.73053 8.99287e-17)
(40.1935 4.74899 -6.45957e-17)
(40.1755 4.76528 0)
(40.1577 4.78298 -1.09862e-16)
(40.1385 4.80197 0)
(40.1168 4.82222 -9.25941e-17)
(40.0893 4.84325 -7.40692e-17)
(40.0532 4.86507 0)
(40.0097 4.88738 0)
(39.9708 4.91204 -1.14051e-16)
(39.9569 4.95123 0)
(40.0065 4.95328 4.34197e-16)
(40.06 5.1594 -1.49118e-16)
(40.1734 4.76394 -3.07744e-16)
(38.9992 4.47156 -2.99894e-19)
(38.7286 4.47723 0)
(38.5916 4.47114 1.93264e-19)
(38.5158 4.4699 2.03359e-19)
(38.471 4.47365 0)
(38.4422 4.47686 -2.1881e-19)
(38.4217 4.47337 2.2764e-19)
(38.4052 4.4625 0)
(38.389 4.44897 0)
(38.3693 4.43877 -8.62019e-19)
(38.3433 4.43449 -5.33067e-19)
(38.3095 4.4348 5.42366e-19)
(38.2673 4.43621 -5.48435e-19)
(38.2167 4.43552 2.26637e-18)
(38.1567 4.43103 5.97947e-19)
(38.0842 4.42258 0)
(37.9942 4.41096 -1.69526e-18)
(37.8822 4.39746 0)
(37.7479 4.38325 -1.11e-18)
(37.5971 4.36934 3.19828e-18)
(37.4398 4.35644 0)
(37.284 4.34506 -3.0198e-18)
(37.1302 4.33537 -2.93242e-18)
(36.97 4.32719 2.03536e-18)
(36.7896 4.32021 0)
(36.5754 4.31401 -5.43319e-18)
(36.3201 4.30845 0)
(36.0263 4.30388 5.24564e-18)
(35.7071 4.3012 3.87583e-18)
(35.3855 4.30173 5.13318e-18)
(35.0912 4.30716 0)
(34.856 4.31913 0)
(34.7087 4.33898 3.92363e-18)
(34.6685 4.36728 -9.98271e-18)
(34.7381 4.40348 1.77672e-17)
(34.9001 4.44574 -7.86948e-18)
(35.1215 4.49149 1.74762e-17)
(35.3705 4.53901 7.78004e-18)
(35.64 4.58944 7.68054e-18)
(35.9554 4.64671 0)
(36.3474 4.71416 0)
(36.8053 4.78887 1.65667e-17)
(37.2618 4.86053 -1.56867e-17)
(37.6363 4.91712 2.12804e-18)
(37.8956 4.95363 -2.56223e-17)
(38.0689 4.97438 1.10253e-17)
(38.209 4.98796 2.03968e-17)
(38.35 5.00038 2.15987e-17)
(38.497 5.01315 0)
(38.6416 5.02515 3.3314e-17)
(38.7768 5.03542 0)
(38.9009 5.0438 2.8372e-17)
(39.0152 5.05084 0)
(39.1212 5.05697 0)
(39.2198 5.06249 3.58838e-17)
(39.3113 5.0675 -1.46122e-17)
(39.3958 5.07211 0)
(39.4737 5.0764 -1.01658e-17)
(39.5451 5.08057 0)
(39.6101 5.0848 1.28119e-17)
(39.669 5.0893 -8.7281e-18)
(39.7218 5.0943 0)
(39.769 5.09998 6.40293e-18)
(39.8109 5.10666 0)
(39.8476 5.11428 -4.70509e-18)
(39.8791 5.12317 -2.03206e-18)
(39.9065 5.13289 0)
(39.926 5.14339 5.64098e-18)
(39.9396 5.15276 8.92858e-18)
(39.9502 5.16433 4.89488e-18)
(39.9582 5.17523 1.40617e-17)
(39.9664 5.19195 1.40677e-17)
(39.9752 5.20445 1.40632e-17)
(39.9854 5.22855 6.69489e-18)
(39.9932 5.24253 -2.55291e-17)
(39.996 5.27036 0)
(40.0013 5.29278 0)
(39.9825 5.29896 0)
(40.0135 5.37666 1.9636e-17)
(39.8975 5.25795 1.00996e-16)
(39.2753 4.46501 -2.89684e-20)
(39.5303 4.45528 -7.07882e-20)
(39.7587 4.4458 2.70442e-19)
(39.9631 4.43502 1.17618e-19)
(40.1496 4.42336 -3.06203e-19)
(40.3241 4.41087 9.64468e-20)
(40.4898 4.39774 2.80671e-19)
(40.6474 4.38425 -2.68927e-19)
(40.7959 4.37064 0)
(40.9336 4.35706 0)
(41.0589 4.34358 -3.64748e-19)
(41.1704 4.33016 4.5727e-19)
(41.2672 4.31684 0)
(41.3489 4.30365 4.26921e-19)
(41.4156 4.2908 7.6031e-19)
(41.4679 4.27846 0)
(41.5067 4.26692 -8.9859e-19)
(41.5328 4.25629 0)
(41.5472 4.24673 0)
(41.5512 4.23831 0)
(41.5457 4.2311 0)
(41.5322 4.22519 1.32751e-18)
(41.5115 4.22052 0)
(41.485 4.21721 -1.39471e-18)
(41.4537 4.21516 0)
(41.4184 4.21445 0)
(41.38 4.21499 1.65361e-18)
(41.3393 4.21674 0)
(41.2971 4.21967 -2.66155e-18)
(41.2538 4.2237 0)
(41.21 4.2288 0)
(41.1662 4.23488 0)
(41.1227 4.24184 0)
(41.0799 4.24968 -2.581e-18)
(41.0379 4.25828 0)
(40.997 4.26758 0)
(40.9574 4.27754 5.08318e-18)
(40.9191 4.28812 0)
(40.8823 4.29922 -5.03276e-18)
(40.847 4.31085 5.00744e-18)
(40.8132 4.32292 0)
(40.781 4.33542 0)
(40.7503 4.3483 0)
(40.7212 4.36151 -6.23796e-18)
(40.6936 4.37504 0)
(40.6674 4.38887 -6.46816e-18)
(40.6425 4.40298 0)
(40.6189 4.41738 0)
(40.5964 4.43201 0)
(40.5748 4.44688 1.337e-17)
(40.5541 4.46195 0)
(40.5341 4.4772 4.45539e-18)
(40.5147 4.49261 0)
(40.4957 4.50823 -1.31569e-17)
(40.4772 4.52402 0)
(40.4591 4.54009 -2.56676e-17)
(40.4413 4.55642 3.19657e-17)
(40.4237 4.57305 5.58873e-17)
(40.4062 4.59001 -2.42368e-17)
(40.3886 4.60729 -5.6607e-18)
(40.3708 4.6249 0)
(40.3527 4.64289 0)
(40.334 4.66127 4.32657e-17)
(40.3145 4.68009 0)
(40.2942 4.69935 0)
(40.273 4.71904 0)
(40.2508 4.73907 -8.91887e-17)
(40.2308 4.7569 0)
(40.2119 4.7727 0)
(40.1931 4.79002 0)
(40.1727 4.80865 0)
(40.1492 4.82855 0)
(40.1196 4.84931 7.36091e-17)
(40.0812 4.871 5.73762e-17)
(40.0369 4.89338 0)
(39.9996 4.92021 1.13549e-16)
(39.9911 4.95768 0)
(40.0421 4.9694 -2.04273e-16)
(40.0977 5.16421 -1.15501e-16)
(40.192 4.78867 -2.65261e-16)
(38.8895 4.78725 -8.19097e-20)
(38.8469 4.78604 -6.13848e-23)
(38.9013 4.77401 -1.84115e-19)
(38.9779 4.76008 -2.07602e-19)
(39.046 4.74771 -2.67621e-20)
(39.0944 4.73591 2.04458e-19)
(39.1196 4.71975 -2.55446e-19)
(39.1213 4.69603 -5.2182e-20)
(39.1011 4.66656 -6.35919e-20)
(39.0616 4.63691 -1.50189e-19)
(39.0052 4.61221 5.01556e-19)
(38.9345 4.59464 -5.10884e-19)
(38.8515 4.58319 5.17488e-19)
(38.7582 4.57529 -5.2325e-19)
(38.6559 4.5683 1.05857e-18)
(38.5448 4.56024 2.2088e-19)
(38.4238 4.55019 -4.56331e-19)
(38.2902 4.5381 0)
(38.1408 4.52458 1.09473e-18)
(37.9756 4.51043 4.93518e-19)
(37.7988 4.49661 0)
(37.6166 4.48393 0)
(37.432 4.47288 0)
(37.2392 4.46356 -2.04879e-18)
(37.0246 4.45584 1.01451e-18)
(36.7721 4.44955 0)
(36.4701 4.44475 0)
(36.1173 4.442 -1.03264e-18)
(35.7249 4.4424 -4.86592e-18)
(35.3163 4.44753 2.13213e-18)
(34.9233 4.45916 0)
(34.5829 4.47892 2.22118e-18)
(34.3316 4.50793 -6.06033e-18)
(34.2002 4.5466 0)
(34.207 4.5941 -7.54659e-18)
(34.3496 4.64824 7.49878e-18)
(34.5984 4.70529 -1.21826e-17)
(34.9018 4.76067 -7.34455e-18)
(35.2095 4.81114 -1.19847e-17)
(35.5076 4.85736 4.71206e-18)
(35.8333 4.90482 0)
(36.2404 4.95976 4.51738e-18)
(36.7355 5.02234 0)
(37.2495 5.08353 1.20438e-17)
(37.686 5.13085 1.13034e-17)
(37.9954 5.15755 -1.05447e-17)
(38.1984 5.16652 -2.65157e-17)
(38.3496 5.16589 0)
(38.4903 5.16256 0)
(38.6325 5.15936 -1.50729e-17)
(38.7719 5.15647 1.00868e-17)
(38.9023 5.15333 9.12379e-18)
(39.0215 5.14984 8.16199e-18)
(39.1303 5.14606 7.21888e-18)
(39.2298 5.14218 -2.29863e-17)
(39.3211 5.1383 3.4119e-18)
(39.4046 5.13456 9.25542e-18)
(39.4807 5.13114 9.96832e-18)
(39.5498 5.12832 0)
(39.6124 5.12633 -1.25899e-17)
(39.6686 5.12532 0)
(39.7187 5.1254 -5.59035e-18)
(39.7628 5.12666 -3.94203e-18)
(39.8014 5.12941 1.92183e-18)
(39.8353 5.1337 0)
(39.8643 5.13979 2.9626e-18)
(39.8897 5.14738 2.11056e-18)
(39.9073 5.1561 -5.56294e-18)
(39.9196 5.16439 4.29716e-18)
(39.9292 5.17487 1.80615e-17)
(39.9363 5.18493 -3.88513e-18)
(39.9435 5.20078 -2.40902e-17)
(39.9517 5.21299 -3.5487e-18)
(39.9619 5.23656 1.63597e-17)
(39.9702 5.25053 4.47816e-17)
(39.9747 5.27873 0)
(39.9812 5.30072 0)
(39.9656 5.30944 0)
(39.9984 5.3842 -4.81176e-18)
(39.884 5.27335 0)
(39.0111 4.78383 -1.43441e-19)
(39.161 4.77776 6.55824e-20)
(39.3208 4.77115 5.98264e-20)
(39.4763 4.76374 -1.08856e-19)
(39.6233 4.75611 1.81015e-20)
(39.7624 4.74818 -1.29754e-19)
(39.8962 4.73969 4.45934e-20)
(40.0263 4.73039 -4.81437e-20)
(40.1535 4.72027 0)
(40.2775 4.70944 0)
(40.3976 4.69803 -1.01664e-19)
(40.5127 4.68606 0)
(40.6216 4.6736 -1.19149e-19)
(40.7231 4.66067 -1.21369e-19)
(40.8164 4.64731 -6.00901e-20)
(40.9006 4.63365 -1.23339e-19)
(40.9754 4.61979 2.26846e-19)
(41.0405 4.60589 0)
(41.096 4.59205 0)
(41.142 4.57842 2.34064e-19)
(41.1787 4.56511 0)
(41.2065 4.5522 -1.21299e-19)
(41.2261 4.53978 0)
(41.2379 4.52796 1.94339e-19)
(41.2427 4.51679 0)
(41.2411 4.50639 3.29509e-19)
(41.2338 4.49677 -2.81353e-19)
(41.2216 4.48799 0)
(41.205 4.48011 0)
(41.1848 4.47314 0)
(41.1616 4.46712 0)
(41.1359 4.46202 0)
(41.1082 4.45786 0)
(41.079 4.45463 3.75806e-21)
(41.0487 4.4523 0)
(41.0177 4.45085 0)
(40.9864 4.45026 0)
(40.955 4.45053 0)
(40.9238 4.45162 0)
(40.893 4.45351 0)
(40.8628 4.45619 0)
(40.8333 4.45962 0)
(40.8046 4.46379 1.52002e-18)
(40.7769 4.46867 9.3463e-18)
(40.7501 4.47424 0)
(40.7244 4.48048 6.28114e-18)
(40.6996 4.48737 0)
(40.6758 4.49492 0)
(40.6528 4.50307 0)
(40.6306 4.51183 -8.62052e-18)
(40.609 4.52116 0)
(40.5881 4.53103 1.30639e-17)
(40.5677 4.54143 0)
(40.5477 4.55239 3.49536e-18)
(40.5282 4.56388 0)
(40.509 4.57597 3.46728e-17)
(40.4902 4.58864 -1.87488e-17)
(40.4716 4.60192 -2.44066e-17)
(40.453 4.61579 2.39012e-17)
(40.4344 4.63025 -5.32228e-18)
(40.4155 4.64531 1.76582e-17)
(40.3963 4.661 1.72425e-17)
(40.3765 4.67734 -4.27922e-17)
(40.356 4.69437 0)
(40.3347 4.71206 0)
(40.3124 4.73042 0)
(40.2893 4.74937 -2.92662e-17)
(40.2686 4.76647 0)
(40.2491 4.78174 0)
(40.2296 4.7986 -3.1355e-17)
(40.2082 4.8168 0)
(40.1831 4.83629 0)
(40.1514 4.85678 -4.99089e-17)
(40.1112 4.87832 -1.03222e-16)
(40.0666 4.90095 0)
(40.0319 4.92983 0)
(40.0291 4.96625 0)
(40.082 4.98727 0)
(40.1389 5.17165 1.61893e-16)
(40.2133 4.81886 5.01622e-16)
(39.49 4.84159 -1.65869e-20)
(39.6934 4.82871 5.92876e-23)
(39.9074 4.81027 2.17079e-20)
(40.0786 4.78764 1.76205e-20)
(40.1899 4.76608 3.85407e-20)
(40.2407 4.74899 0)
(40.2351 4.7338 4.10297e-20)
(40.1794 4.7153 5.0521e-20)
(40.0824 4.69099 6.1578e-20)
(39.9542 4.66294 1.45442e-19)
(39.8044 4.63557 0)
(39.6415 4.6126 0)
(39.4721 4.59547 0)
(39.301 4.5837 0)
(39.131 4.57586 0)
(38.9631 4.57018 -2.14428e-19)
(38.7965 4.56517 3.94418e-19)
(38.6282 4.55974 0)
(38.4538 4.55345 0)
(38.269 4.54627 -4.90006e-19)
(38.0719 4.53863 0)
(37.8648 4.53112 -1.55979e-19)
(37.6502 4.52424 0)
(37.4252 4.51827 0)
(37.1771 4.51326 -1.02962e-18)
(36.8868 4.50916 -3.81308e-19)
(36.5363 4.5062 0)
(36.118 4.50511 1.03839e-18)
(35.6397 4.50709 1.04868e-18)
(35.1251 4.51367 -2.5864e-18)
(34.611 4.52652 0)
(34.1425 4.54717 -2.19981e-18)
(33.7662 4.57671 2.23658e-18)
(33.5241 4.61556 1.09233e-18)
(33.4474 4.66343 0)
(33.5494 4.71915 0)
(33.8162 4.78035 5.77839e-18)
(34.2007 4.84297 0)
(34.6305 4.90194 4.57678e-18)
(35.0396 4.95323 -4.52726e-18)
(35.4121 4.99711 0)
(35.7963 5.03925 -4.34521e-18)
(36.2583 5.08669 0)
(36.8076 5.14053 0)
(37.3703 5.1928 3.98779e-18)
(37.8451 5.23182 0)
(38.181 5.25115 1.03383e-17)
(38.3994 5.25319 3.41966e-18)
(38.5553 5.2454 0)
(38.6916 5.23442 -3.01586e-18)
(38.8243 5.22362 -4.24556e-18)
(38.9522 5.21365 -8.90468e-18)
(39.0709 5.20424 -3.35947e-18)
(39.1788 5.19502 -7.06223e-18)
(39.276 5.18591 2.5445e-18)
(39.3637 5.17699 1.06647e-17)
(39.4429 5.16849 -9.07971e-18)
(39.5142 5.16069 0)
(39.5781 5.15391 0)
(39.6352 5.14842 0)
(39.6862 5.14439 -2.29822e-18)
(39.7313 5.14195 7.14376e-18)
(39.7708 5.14107 0)
(39.8047 5.14192 -1.89513e-18)
(39.8338 5.14452 0)
(39.8582 5.14912 -9.44006e-19)
(39.8798 5.15566 -2.08488e-18)
(39.8941 5.16346 1.36031e-18)
(39.9041 5.17149 -7.35822e-18)
(39.9117 5.18177 -4.65882e-18)
(39.9171 5.19177 -9.90204e-18)
(39.9226 5.20751 1.00603e-17)
(39.9295 5.22007 -1.02709e-17)
(39.9389 5.24366 2.8039e-18)
(39.9474 5.25804 -2.63128e-17)
(39.9529 5.28693 0)
(39.9605 5.30876 0)
(39.9479 5.32016 0)
(39.9824 5.39226 -1.45864e-17)
(39.8696 5.29 0)
(39.4094 4.84874 -1.04523e-20)
(39.4056 4.85392 0)
(39.4554 4.85747 -2.18551e-20)
(39.5307 4.85983 0)
(39.6146 4.86129 5.08772e-21)
(39.6987 4.86206 3.89685e-20)
(39.7802 4.86198 -6.57324e-20)
(39.8595 4.86089 4.61283e-20)
(39.9375 4.85867 0)
(40.0152 4.85531 0)
(40.0934 4.85087 0)
(40.1723 4.84537 0)
(40.2515 4.83891 1.13662e-19)
(40.3298 4.83152 7.10187e-20)
(40.4064 4.82325 2.0467e-19)
(40.4802 4.81417 1.17404e-19)
(40.5504 4.80436 -2.00606e-19)
(40.6167 4.7939 0)
(40.6782 4.78289 -7.83998e-20)
(40.7348 4.77146 -2.97946e-19)
(40.7859 4.75968 0)
(40.8313 4.74766 2.06703e-19)
(40.8709 4.73547 -1.31914e-19)
(40.9048 4.72318 -3.09556e-19)
(40.9329 4.71089 0)
(40.9555 4.69867 -4.23108e-19)
(40.9727 4.68659 -1.01527e-19)
(40.9848 4.67472 0)
(40.9922 4.66316 0)
(40.9952 4.65197 0)
(40.9942 4.64122 -1.2707e-19)
(40.9897 4.63097 -1.05288e-19)
(40.9819 4.62129 0)
(40.9713 4.61222 -1.2102e-19)
(40.9582 4.60381 0)
(40.9431 4.59606 0)
(40.9262 4.58905 0)
(40.908 4.58277 0)
(40.8886 4.57727 -1.43763e-19)
(40.8685 4.57255 0)
(40.8477 4.56865 -5.07206e-19)
(40.8266 4.56555 0)
(40.8054 4.5633 -1.47348e-18)
(40.7842 4.56187 -4.04077e-18)
(40.763 4.56128 9.30034e-19)
(40.7421 4.56154 0)
(40.7215 4.56265 0)
(40.7011 4.56463 2.40916e-18)
(40.6811 4.56745 0)
(40.6613 4.57113 -4.34031e-18)
(40.6418 4.57563 0)
(40.6225 4.58095 0)
(40.6034 4.58709 0)
(40.5845 4.59405 1.54598e-17)
(40.5658 4.60182 0)
(40.5474 4.61045 -9.27232e-18)
(40.529 4.6199 1.84549e-17)
(40.5107 4.63017 0)
(40.4924 4.64127 0)
(40.4738 4.65316 -3.05345e-17)
(40.4548 4.66589 -1.74351e-17)
(40.4354 4.67946 -4.66392e-18)
(40.4153 4.6939 -1.21088e-17)
(40.3946 4.70925 0)
(40.3729 4.72547 0)
(40.3502 4.74258 2.22002e-17)
(40.3267 4.7605 2.90037e-17)
(40.3057 4.77693 0)
(40.286 4.7917 1.23822e-17)
(40.266 4.80812 3.1062e-17)
(40.2438 4.8259 0)
(40.2173 4.84497 1.99522e-17)
(40.1838 4.86514 4.9567e-17)
(40.1422 4.88651 1.14573e-17)
(40.0981 4.90957 0)
(40.0668 4.94043 0)
(40.0703 4.97654 -2.80951e-17)
(40.1254 5.00642 0)
(40.1832 5.18142 -4.66096e-17)
(40.2375 4.85551 -1.34851e-16)
(40.5169 4.66136 1.32997e-20)
(40.8315 4.64396 -7.53185e-21)
(41.0831 4.6282 -9.42065e-21)
(41.2606 4.60864 0)
(41.3576 4.58855 -2.82695e-20)
(41.3743 4.57359 0)
(41.3145 4.56475 1.71069e-20)
(41.1859 4.55752 1.86284e-20)
(41.0007 4.54661 -3.92056e-20)
(40.7734 4.53043 -3.92393e-20)
(40.5189 4.51103 0)
(40.2514 4.49167 0)
(39.9827 4.47482 0)
(39.7217 4.46173 0)
(39.4745 4.45258 3.11138e-20)
(39.2439 4.44698 -6.13452e-20)
(39.0299 4.44404 4.9661e-20)
(38.8295 4.44262 0)
(38.6371 4.44166 0)
(38.4451 4.44046 0)
(38.2461 4.43882 5.84537e-20)
(38.0357 4.43684 1.58438e-19)
(37.8123 4.43486 0)
(37.5735 4.43316 1.00012e-19)
(37.3095 4.43196 9.28421e-20)
(37.0005 4.43132 3.08523e-19)
(36.6222 4.43162 7.6053e-20)
(36.1583 4.43371 0)
(35.6099 4.43935 0)
(34.9999 4.45095 3.81474e-19)
(34.3702 4.47117 0)
(33.7756 4.50248 0)
(33.2758 4.54631 0)
(32.9247 4.6024 -1.09753e-18)
(32.7614 4.66831 0)
(32.8047 4.74007 -1.37785e-19)
(33.0489 4.81328 -9.64113e-19)
(33.4598 4.88395 0)
(33.9709 4.94826 0)
(34.4981 5.00246 0)
(34.9777 5.04457 0)
(35.4084 5.07685 -5.39282e-19)
(35.8519 5.10636 0)
(36.3737 5.14045 0)
(36.9697 5.18022 -4.45047e-18)
(37.5566 5.21834 -5.76959e-19)
(38.038 5.24487 -3.52106e-18)
(38.3743 5.25491 -3.33773e-18)
(38.5925 5.25095 1.24002e-18)
(38.7461 5.2393 2.95071e-18)
(38.8752 5.22554 -5.47201e-18)
(38.9958 5.21238 -1.18735e-18)
(39.1093 5.20042 -3.40087e-18)
(39.2131 5.18935 0)
(39.3064 5.17886 5.55666e-18)
(39.3897 5.16889 -1.83506e-18)
(39.464 5.15965 0)
(39.5301 5.15138 0)
(39.5888 5.14434 -1.31387e-18)
(39.6406 5.13874 0)
(39.6861 5.13479 2.26511e-18)
(39.7262 5.13277 -1.61524e-18)
(39.7615 5.13279 1.12378e-18)
(39.792 5.13494 0)
(39.818 5.13897 0)
(39.8392 5.14486 0)
(39.8578 5.15277 1.83079e-19)
(39.8689 5.16134 -1.34127e-18)
(39.8766 5.17027 3.07649e-18)
(39.8828 5.18179 0)
(39.8874 5.19323 1.68143e-18)
(39.8923 5.21025 0)
(39.8988 5.22447 0)
(39.9084 5.24921 6.89309e-18)
(39.9176 5.26495 2.99374e-18)
(39.925 5.29516 0)
(39.9342 5.31754 3.1895e-18)
(39.9257 5.33202 0)
(39.9621 5.40155 1.69683e-18)
(39.8522 5.30974 1.22619e-17)
(40.3091 4.6756 4.27439e-21)
(40.1849 4.68934 0)
(40.1253 4.70209 2.17951e-20)
(40.1032 4.71411 4.30534e-21)
(40.1001 4.72526 -2.23664e-20)
(40.1049 4.73556 0)
(40.1131 4.74491 2.27816e-20)
(40.1239 4.75327 0)
(40.1379 4.76055 0)
(40.1563 4.7667 0)
(40.18 4.77169 3.60238e-21)
(40.2091 4.77552 0)
(40.2429 4.77819 0)
(40.2802 4.77973 4.39267e-20)
(40.3198 4.78014 -8.2411e-20)
(40.3609 4.77945 2.85162e-21)
(40.4028 4.77773 7.98946e-20)
(40.445 4.77504 0)
(40.4869 4.77147 7.66558e-20)
(40.528 4.76713 7.37586e-20)
(40.5677 4.7621 0)
(40.6057 4.75653 0)
(40.6415 4.75046 1.28499e-19)
(40.6747 4.74398 1.2153e-19)
(40.7053 4.73718 -2.06149e-20)
(40.7328 4.73012 1.06636e-19)
(40.7572 4.72285 7.31497e-20)
(40.7784 4.71545 0)
(40.7964 4.70797 0)
(40.8111 4.70047 0)
(40.8227 4.693 1.23263e-19)
(40.8312 4.68563 1.6884e-19)
(40.8368 4.6784 0)
(40.8397 4.67136 1.8623e-19)
(40.84 4.66457 0)
(40.838 4.65808 0)
(40.8339 4.65192 8.35408e-20)
(40.8278 4.64614 0)
(40.8201 4.64078 1.39636e-19)
(40.8109 4.63588 0)
(40.8005 4.63146 7.06862e-19)
(40.7891 4.62755 0)
(40.7768 4.62417 0)
(40.7638 4.62134 2.84481e-19)
(40.7502 4.61909 -9.06612e-19)
(40.7362 4.61745 0)
(40.7217 4.61644 0)
(40.707 4.61611 -2.35399e-18)
(40.6919 4.61646 0)
(40.6765 4.61755 7.46483e-19)
(40.6609 4.61938 1.56453e-18)
(40.645 4.622 0)
(40.629 4.62542 -1.69484e-18)
(40.6128 4.6297 -6.1013e-18)
(40.5965 4.63485 0)
(40.58 4.64092 1.84129e-18)
(40.5634 4.6479 0)
(40.5465 4.65582 0)
(40.5293 4.66469 -3.81465e-18)
(40.5115 4.6745 1.25802e-17)
(40.4932 4.6853 -3.8018e-18)
(40.4743 4.69711 -1.22213e-17)
(40.4547 4.70997 1.56778e-17)
(40.4342 4.7239 0)
(40.4127 4.73887 0)
(40.3902 4.75492 -2.19813e-17)
(40.3668 4.77199 6.68659e-18)
(40.3457 4.78782 0)
(40.326 4.80213 -1.22503e-17)
(40.3056 4.81815 0)
(40.2826 4.83554 0)
(40.2548 4.85427 -2.60803e-17)
(40.2196 4.87425 1.17166e-17)
(40.1774 4.89563 3.42197e-17)
(40.1351 4.9194 0)
(40.109 4.95222 1.87761e-17)
(40.1198 4.9887 2.79581e-17)
(40.1774 5.02658 0)
(40.2362 5.19237 -9.10429e-18)
(40.275 4.90178 -2.34973e-17)
(41.7976 4.42913 2.01119e-20)
(42.0023 4.41948 1.35618e-20)
(42.1251 4.41652 -1.34455e-20)
(42.1971 4.4101 0)
(42.2166 4.40045 2.54944e-20)
(42.1761 4.39406 0)
(42.0699 4.39584 -8.09848e-21)
(41.8973 4.40391 -1.83533e-20)
(41.6634 4.41202 2.57881e-20)
(41.3786 4.41548 3.84809e-20)
(41.056 4.41345 0)
(40.7107 4.40768 9.36617e-21)
(40.3571 4.40041 0)
(40.0085 4.39338 -8.77389e-21)
(39.6756 4.38775 -3.03621e-20)
(39.3662 4.38437 7.52142e-20)
(39.0842 4.38343 0)
(38.8301 4.3844 0)
(38.6004 4.38622 1.0204e-20)
(38.3877 4.38782 0)
(38.1818 4.38845 -5.75557e-20)
(37.9717 4.38774 0)
(37.7483 4.38554 0)
(37.5041 4.38178 -8.66901e-20)
(37.2285 4.37612 -1.07343e-19)
(36.9019 4.36802 9.99773e-20)
(36.494 4.35687 -9.1764e-20)
(35.9731 4.34199 -1.45563e-20)
(35.3221 4.32349 0)
(34.5534 4.30275 9.0435e-20)
(33.7134 4.28258 0)
(32.8789 4.26749 -2.49135e-20)
(32.1465 4.26308 0)
(31.6164 4.27512 -1.0689e-20)
(31.3683 4.30809 0)
(31.4369 4.3635 1.45144e-19)
(31.801 4.43864 -1.8792e-19)
(32.394 4.52748 -9.52893e-20)
(33.1203 4.62198 0)
(33.8722 4.71335 0)
(34.5557 4.79381 0)
(35.1289 4.8589 5.41667e-19)
(35.6263 4.91028 0)
(36.1316 4.95526 0)
(36.7041 5.00152 5.60569e-19)
(37.3205 5.0504 1.99442e-19)
(37.893 5.09602 0)
(38.3416 5.13051 6.15031e-19)
(38.647 5.15036 -1.75931e-18)
(38.8442 5.15776 0)
(38.9831 5.1577 0)
(39.0978 5.15447 1.17169e-18)
(39.2019 5.15032 -1.35934e-18)
(39.2972 5.14599 -1.90313e-19)
(39.3829 5.14151 -1.9602e-18)
(39.4588 5.13705 1.80915e-18)
(39.5256 5.13291 0)
(39.5843 5.12944 -1.08214e-19)
(39.6356 5.12676 1.29495e-18)
(39.6801 5.12486 4.39303e-20)
(39.7181 5.12373 0)
(39.7506 5.12375 0)
(39.7786 5.12542 -1.1084e-18)
(39.803 5.12921 1.03613e-19)
(39.8242 5.13489 1.48394e-19)
(39.8414 5.14213 0)
(39.8562 5.15097 -1.80843e-19)
(39.8634 5.15992 0)
(39.8678 5.16969 -2.86238e-19)
(39.8713 5.18227 -2.95362e-19)
(39.8738 5.19479 -1.66123e-18)
(39.8769 5.21283 5.66087e-19)
(39.8818 5.22835 5.94341e-19)
(39.89 5.25393 0)
(39.8985 5.27058 3.91806e-18)
(39.9062 5.30185 0)
(39.9156 5.32469 -3.16242e-18)
(39.9098 5.34174 0)
(39.9472 5.40908 -1.6838e-18)
(39.8367 5.32762 -1.95126e-17)
(41.624 4.43963 1.33098e-20)
(41.484 4.45191 7.55799e-21)
(41.366 4.46491 0)
(41.2587 4.47875 -4.32982e-21)
(41.1552 4.49302 0)
(41.0537 4.5075 -1.78203e-20)
(40.9557 4.52212 0)
(40.8641 4.53672 0)
(40.7817 4.55116 0)
(40.7107 4.56535 0)
(40.6522 4.57913 -3.60598e-21)
(40.6059 4.59241 0)
(40.5705 4.60502 0)
(40.5443 4.61687 0)
(40.526 4.62784 3.47148e-20)
(40.5145 4.63784 -2.83535e-21)
(40.509 4.64682 -3.57434e-20)
(40.5087 4.65474 0)
(40.5128 4.66158 -7.33976e-20)
(40.5206 4.66739 0)
(40.5312 4.67216 -7.10283e-20)
(40.5442 4.67598 -6.97153e-20)
(40.5589 4.67891 0)
(40.5748 4.68104 0)
(40.5914 4.68241 2.02541e-20)
(40.6083 4.68312 1.26765e-19)
(40.625 4.68323 -9.79233e-20)
(40.6413 4.6828 -1.18715e-19)
(40.6569 4.6819 0)
(40.6715 4.68055 0)
(40.6849 4.6788 0)
(40.697 4.6767 -6.51836e-20)
(40.7077 4.67427 0)
(40.7168 4.67158 1.034e-19)
(40.7243 4.66865 1.62049e-19)
(40.7302 4.66556 0)
(40.7345 4.66236 -8.15298e-20)
(40.7373 4.65913 -2.5339e-19)
(40.7385 4.65592 0)
(40.7384 4.65282 -2.10281e-19)
(40.7369 4.6499 -2.08694e-19)
(40.7341 4.64723 1.72861e-19)
(40.7301 4.64487 0)
(40.7251 4.64286 5.1097e-19)
(40.719 4.64127 -2.60435e-19)
(40.712 4.64014 0)
(40.7041 4.63951 0)
(40.6953 4.6394 -2.09543e-19)
(40.6857 4.63986 -1.99697e-19)
(40.6753 4.64092 -1.1174e-18)
(40.6641 4.64259 -1.15677e-18)
(40.6524 4.64492 0)
(40.64 4.64792 1.66432e-18)
(40.627 4.65165 3.77958e-19)
(40.6136 4.65612 3.83647e-19)
(40.5998 4.6614 -2.20138e-18)
(40.5854 4.66749 0)
(40.5704 4.67443 -8.06105e-19)
(40.5548 4.68225 3.7602e-18)
(40.5385 4.69097 0)
(40.5214 4.70068 3.75225e-18)
(40.5035 4.71141 0)
(40.4848 4.72326 -3.66567e-18)
(40.465 4.73624 -1.61793e-18)
(40.444 4.75034 0)
(40.422 4.76565 0)
(40.399 4.78212 -8.1265e-18)
(40.3783 4.79762 9.2811e-19)
(40.3589 4.81173 0)
(40.3386 4.82749 0)
(40.3151 4.84457 1.51193e-18)
(40.2864 4.86285 3.41322e-18)
(40.2502 4.88239 -1.42627e-17)
(40.2075 4.9034 2.46777e-18)
(40.1669 4.9275 0)
(40.1453 4.96187 -1.86725e-17)
(40.1629 4.99958 4.21895e-18)
(40.2236 5.04429 0)
(40.2815 5.20096 7.80977e-18)
(40.3152 4.9507 -7.70379e-17)
(42.0837 4.23025 -1.29285e-20)
(41.9518 4.232 -5.88348e-21)
(41.8319 4.23884 5.36068e-21)
(41.7268 4.24362 0)
(41.6294 4.24293 -9.69331e-21)
(41.5308 4.24003 0)
(41.4214 4.24157 -8.56683e-21)
(41.2924 4.24984 0)
(41.1375 4.26136 1.2383e-20)
(40.9534 4.27116 0)
(40.7405 4.27669 0)
(40.5019 4.27826 -9.08693e-21)
(40.2435 4.27747 0)
(39.973 4.27573 8.50934e-21)
(39.6988 4.27379 0)
(39.4293 4.27217 -1.4894e-20)
(39.1719 4.27107 0)
(38.9328 4.27046 0)
(38.7156 4.26997 -9.92594e-21)
(38.5208 4.26894 0)
(38.3454 4.26685 0)
(38.1825 4.26346 0)
(38.0232 4.25868 0)
(37.8577 4.25259 -1.34156e-20)
(37.676 4.24503 1.35118e-20)
(37.4644 4.2356 -1.37825e-20)
(37.1996 4.22367 1.42077e-20)
(36.8468 4.20838 1.46684e-20)
(36.366 4.18904 0)
(35.7266 4.16571 0)
(34.9225 4.13944 0)
(33.9829 4.11287 2.50517e-20)
(32.9766 4.0903 0)
(32.0096 4.07714 1.08281e-20)
(31.214 4.07867 0)
(30.7197 4.09854 0)
(30.6134 4.13703 0)
(30.9046 4.19115 9.92482e-20)
(31.5232 4.25569 0)
(32.3438 4.32455 0)
(33.2236 4.39173 0)
(34.0451 4.45231 0)
(34.7576 4.50428 0)
(35.3887 4.54995 0)
(36.0055 4.59455 0)
(36.6472 4.64206 3.81818e-19)
(37.2856 4.69199 0)
(37.8512 4.73991 -6.24874e-19)
(38.2904 4.7813 5.40957e-19)
(38.5991 4.81476 0)
(38.8104 4.8417 0)
(38.965 4.86453 0)
(39.0905 4.8849 2.43676e-19)
(39.1995 4.90366 1.9089e-19)
(39.2956 4.92103 0)
(39.38 4.93716 0)
(39.4533 4.95216 0)
(39.5168 4.96625 1.07766e-19)
(39.5716 4.97962 0)
(39.6187 4.99269 -4.36396e-20)
(39.6588 5.00615 0)
(39.6923 5.0209 0)
(39.72 5.03698 0)
(39.7429 5.05396 -1.02616e-19)
(39.7622 5.07109 -1.46905e-19)
(39.7782 5.08858 0)
(39.7934 5.10712 0)
(39.799 5.12338 0)
(39.8018 5.13905 2.82681e-19)
(39.8046 5.15812 2.91811e-19)
(39.8078 5.17737 0)
(39.8128 5.20141 -5.59732e-19)
(39.8195 5.22338 -5.87923e-19)
(39.831 5.25389 0)
(39.842 5.27608 0)
(39.8553 5.31127 0)
(39.8679 5.33774 0)
(39.869 5.3616 0)
(39.915 5.42215 0)
(39.7975 5.3663 7.28258e-18)
(42.174 4.23151 -6.97708e-21)
(42.2377 4.23515 -7.42252e-21)
(42.2641 4.24001 0)
(42.2561 4.24618 0)
(42.2174 4.25346 0)
(42.1551 4.26165 1.76091e-20)
(42.0763 4.2707 0)
(41.9878 4.28049 0)
(41.8947 4.29089 0)
(41.801 4.30186 0)
(41.7091 4.31327 0)
(41.6205 4.32505 0)
(41.5358 4.33707 0)
(41.4556 4.34923 0)
(41.3805 4.36143 -3.82859e-20)
(41.311 4.37356 0)
(41.2474 4.38556 3.757e-20)
(41.1896 4.39729 0)
(41.1376 4.4087 7.31461e-20)
(41.0911 4.41974 0)
(41.0496 4.4303 7.0748e-20)
(41.0131 4.4404 6.94107e-20)
(40.981 4.45004 0)
(40.953 4.45925 0)
(40.9285 4.46804 0)
(40.9074 4.47648 -1.2592e-19)
(40.8891 4.48467 1.21993e-19)
(40.8733 4.49265 1.17733e-19)
(40.8596 4.50053 0)
(40.8477 4.50833 0)
(40.8373 4.51613 0)
(40.8281 4.52396 0)
(40.8199 4.53183 0)
(40.8124 4.53975 -1.7161e-19)
(40.8055 4.54767 -1.5965e-19)
(40.7989 4.55557 0)
(40.7926 4.56341 0)
(40.7863 4.57112 2.49012e-19)
(40.7801 4.57866 0)
(40.7739 4.58598 2.06363e-19)
(40.7675 4.59302 0)
(40.7609 4.59978 -1.69479e-19)
(40.7541 4.60622 0)
(40.7471 4.61233 0)
(40.7398 4.61813 2.55168e-19)
(40.7322 4.62362 0)
(40.7242 4.62885 0)
(40.7158 4.63385 2.05348e-19)
(40.7071 4.63869 1.95757e-19)
(40.6979 4.64342 3.78209e-19)
(40.6884 4.64813 -3.70536e-19)
(40.6785 4.65289 0)
(40.6682 4.65779 0)
(40.6575 4.66293 -3.71339e-19)
(40.6465 4.66839 -3.77134e-19)
(40.6349 4.67429 3.83501e-19)
(40.6228 4.68072 0)
(40.61 4.68776 7.9386e-19)
(40.5964 4.69551 0)
(40.5819 4.70404 0)
(40.5666 4.71349 0)
(40.5502 4.72391 0)
(40.5329 4.73545 0)
(40.5143 4.7481 1.59903e-18)
(40.4945 4.76195 0)
(40.4734 4.77706 0)
(40.4512 4.79345 1.48881e-18)
(40.431 4.80872 -9.16458e-19)
(40.4115 4.82252 0)
(40.3906 4.83799 0)
(40.3657 4.85476 -1.49742e-18)
(40.3349 4.87289 2.79718e-18)
(40.2972 4.89256 2.61242e-18)
(40.2558 4.91428 -2.45021e-18)
(40.2212 4.94016 0)
(40.2103 4.97597 0)
(40.2422 5.01631 -4.19543e-18)
(40.3068 5.07097 0)
(40.3521 5.18875 1.25326e-18)
(40.4351 5.04018 0)
)
;

boundaryField
{
    inlet
    {
        type            freestreamVelocity;
        freestreamValue uniform (40 5.6 0);
        value           nonuniform List<vector> 
134
(
(40 5.60006 -4.21268e-21)
(40 5.60006 -3.31534e-19)
(40 5.60006 6.91857e-19)
(40 5.60006 -9.39326e-19)
(40 5.60005 4.3064e-19)
(40 5.60004 5.24923e-20)
(40 5.60002 4.62203e-20)
(40 5.60001 -8.75796e-20)
(40 5.6 1.41518e-19)
(40 5.59999 -1.09549e-19)
(39.9986 5.59542 1.02909e-18)
(39.9997 5.59181 0)
(40.0024 5.5864 -2.99445e-17)
(40.0063 5.57895 3.45218e-17)
(40.0111 5.56924 0)
(40.0166 5.55736 0)
(40.0227 5.54343 0)
(40.0292 5.52759 8.72124e-17)
(40.036 5.51011 -3.73838e-17)
(40.0432 5.49138 -5.26282e-17)
(40 5.60005 7.13352e-19)
(40.0506 5.47198 0)
(40.0581 5.45271 4.58761e-17)
(40.0653 5.43448 -9.90794e-17)
(40.0712 5.41829 5.33038e-17)
(40.0749 5.40446 0)
(40.0776 5.39054 -4.27856e-19)
(40.0781 5.3815 0)
(40.0806 5.36545 -2.64917e-18)
(40.0842 5.34915 -3.36845e-17)
(40.0781 5.36287 6.74979e-17)
(40.0805 5.34085 -3.7774e-17)
(40.0784 5.33337 0)
(40.0767 5.32665 7.37519e-17)
(40.0747 5.32065 -1.46191e-16)
(40.0721 5.31531 7.23347e-17)
(40.0691 5.31039 1.42556e-16)
(40.0661 5.30569 -1.41268e-16)
(40.0644 5.30014 1.60757e-18)
(40.0682 5.28557 0)
(40 5.60004 8.62261e-19)
(40 5.60003 -2.40572e-18)
(40 5.60001 1.42182e-18)
(40 5.59999 -1.9068e-18)
(40 5.59996 1.55766e-18)
(40 5.59992 -1.5035e-18)
(40 5.59994 3.07836e-18)
(40.0648 5.29704 0)
(40.0611 5.30069 0)
(40.056 5.30477 0)
(40.0507 5.30875 0)
(40.0457 5.31255 0)
(40.041 5.31625 0)
(40.0362 5.32 0)
(40.031 5.32387 0)
(40.0256 5.3279 0)
(40.0201 5.33207 0)
(40.0146 5.33637 0)
(40.0092 5.34079 0)
(40.0038 5.34536 0)
(39.9982 5.35011 0)
(39.9926 5.35507 0)
(39.9868 5.36027 0)
(39.9808 5.36572 0)
(39.9746 5.37144 0)
(39.9684 5.37755 -7.65746e-17)
(39.9622 5.38409 7.62057e-17)
(39.9558 5.39101 0)
(39.9491 5.3984 -5.75018e-17)
(39.942 5.40633 5.71834e-17)
(39.9343 5.415 0)
(39.9261 5.42437 0)
(39.9162 5.4355 6.94937e-18)
(39.9074 5.44558 -1.10624e-17)
(39.8851 5.46741 4.13183e-18)
(39.9992 5.55697 -3.4158e-16)
(39.9752 5.51977 4.43575e-17)
(39.95 5.48187 0)
(39.9273 5.44638 3.81755e-16)
(39.907 5.41611 -8.60199e-16)
(39.8894 5.39146 5.0629e-16)
(39.8761 5.37187 6.55264e-16)
(39.8676 5.35618 -3.26332e-16)
(39.8634 5.3434 1.51909e-17)
(39.863 5.33257 -7.91752e-16)
(39.8655 5.32291 4.04311e-16)
(39.8697 5.31384 0)
(39.8749 5.30488 -2.45398e-18)
(39.8804 5.29562 -2.03488e-16)
(39.8851 5.28559 2.04886e-16)
(39.8873 5.27472 2.09544e-16)
(39.8869 5.26371 -3.17473e-16)
(39.886 5.25326 1.08217e-16)
(39.8859 5.24351 0)
(39.8868 5.23439 0)
(39.8882 5.22592 0)
(39.8901 5.21805 5.89431e-17)
(39.8926 5.21078 6.08424e-17)
(39.8957 5.20404 -1.19118e-16)
(39.8994 5.19776 0)
(39.9035 5.19182 2.69118e-18)
(39.9078 5.1861 -2.34663e-16)
(39.9113 5.18034 2.35382e-16)
(39.913 5.1745 -2.3812e-16)
(39.908 5.16801 7.24373e-16)
(39.8977 5.1641 -4.89169e-16)
(39.8971 5.16385 -5.28363e-16)
(39.9051 5.16635 5.27174e-16)
(39.9148 5.16904 0)
(39.9232 5.17127 0)
(39.9309 5.1733 0)
(39.9389 5.1753 0)
(39.9472 5.17724 0)
(39.9554 5.1791 0)
(39.9637 5.18093 0)
(39.9719 5.18278 0)
(39.9803 5.18474 0)
(39.9887 5.18686 0)
(39.9973 5.1892 0)
(40.006 5.19185 0)
(40.0148 5.19486 0)
(40.024 5.19831 0)
(40.0334 5.20224 0)
(40.044 5.20676 -3.19919e-16)
(40.0542 5.21163 3.15544e-16)
(40.0618 5.21743 0)
(40.0685 5.22465 1.35408e-16)
(40.076 5.23365 -1.34849e-16)
(40.0841 5.24465 -1.16182e-16)
(40.0934 5.25806 2.19584e-16)
(40.1039 5.27432 -5.89911e-17)
(40.1202 5.29482 -1.02704e-17)
(40.1376 5.31645 -3.36429e-17)
(40.1897 5.35589 0)
)
;
    }
    outlet
    {
        type            freestreamVelocity;
        freestreamValue uniform (40 5.6 0);
        value           nonuniform List<vector> 
160
(
(42.0785 4.23368 -1.28961e-20)
(42.1685 4.23493 -6.95967e-21)
(41.9469 4.23545 -5.86863e-21)
(42.2321 4.23855 -7.40403e-21)
(41.8272 4.2423 5.34703e-21)
(42.2585 4.2434 0)
(41.7223 4.24711 0)
(42.2504 4.24956 0)
(41.6252 4.24643 -9.66834e-21)
(42.2118 4.25685 0)
(41.5268 4.24355 0)
(42.1496 4.26503 1.75646e-20)
(41.4177 4.2451 -8.54458e-21)
(42.071 4.27409 0)
(41.289 4.25338 0)
(41.9827 4.28389 0)
(41.1345 4.26492 1.235e-20)
(41.8898 4.29429 0)
(40.9509 4.27474 0)
(41.7963 4.30526 0)
(40.7385 4.28031 0)
(41.7046 4.31668 0)
(40.5005 4.28192 -9.06178e-21)
(41.6162 4.32846 0)
(40.2429 4.28117 0)
(41.5317 4.34048 0)
(39.9731 4.27948 8.48521e-21)
(41.4516 4.35263 0)
(39.6997 4.2776 0)
(41.3767 4.36484 -3.81806e-20)
(39.4309 4.27603 -1.48507e-20)
(41.3073 4.37697 0)
(39.1744 4.27498 0)
(41.2439 4.38896 3.74648e-20)
(38.936 4.27443 0)
(41.1863 4.40069 0)
(38.7194 4.27398 -9.89604e-21)
(41.1343 4.41209 7.2938e-20)
(38.5253 4.27299 0)
(41.0879 4.42312 0)
(38.3505 4.27094 0)
(41.0466 4.43367 7.05438e-20)
(38.1882 4.26759 0)
(41.0101 4.44377 6.92092e-20)
(38.0293 4.26285 0)
(40.9781 4.4534 0)
(37.8644 4.2568 -1.33737e-20)
(40.9502 4.4626 0)
(37.6833 4.24929 1.34694e-20)
(40.9258 4.47138 0)
(37.4724 4.23991 -1.37389e-20)
(40.9047 4.47982 -1.25547e-19)
(37.2085 4.22807 1.41623e-20)
(40.8864 4.48799 1.2163e-19)
(36.857 4.21287 1.4621e-20)
(40.8707 4.49596 1.1738e-19)
(36.378 4.19368 0)
(40.857 4.50384 0)
(35.741 4.17054 0)
(40.8452 4.51162 0)
(34.9402 4.14452 0)
(40.8348 4.51941 0)
(34.0048 4.11826 2.49608e-20)
(40.8256 4.52723 0)
(33.0034 4.09606 0)
(40.8174 4.53509 0)
(32.0417 4.08326 1.07846e-20)
(40.8099 4.543 -1.71084e-19)
(31.2511 4.08511 0)
(40.803 4.55091 -1.59159e-19)
(30.7606 4.10516 0)
(40.7964 4.5588 0)
(30.6558 4.14364 0)
(40.7901 4.56662 0)
(30.946 4.19756 9.87965e-20)
(40.7839 4.57433 2.48236e-19)
(31.5614 4.26175 0)
(40.7777 4.58185 0)
(32.3776 4.33019 0)
(40.7714 4.58916 2.05716e-19)
(33.2529 4.39695 0)
(40.7651 4.59619 0)
(34.0703 4.45716 0)
(40.7585 4.60294 -1.68943e-19)
(34.7794 4.50883 0)
(40.7518 4.60937 0)
(35.4075 4.55425 0)
(40.7447 4.61547 0)
(36.0216 4.5986 0)
(40.7375 4.62125 2.54355e-19)
(36.6605 4.64586 3.80302e-19)
(40.7298 4.62674 0)
(37.2963 4.69555 0)
(40.7219 4.63196 0)
(37.8595 4.74324 -6.2245e-19)
(40.7135 4.63696 2.04688e-19)
(38.297 4.78446 5.38871e-19)
(40.7048 4.64178 1.95126e-19)
(38.6045 4.81778 0)
(40.6957 4.64651 3.76988e-19)
(38.815 4.84462 0)
(40.6862 4.65121 -3.69338e-19)
(38.969 4.86737 0)
(40.6763 4.65596 0)
(39.0941 4.88767 2.42735e-19)
(40.666 4.66085 0)
(39.2026 4.90636 1.90151e-19)
(40.6554 4.66598 -3.70129e-19)
(39.2984 4.92366 0)
(40.6443 4.67144 -3.75901e-19)
(39.3824 4.93973 0)
(40.6328 4.67733 3.82244e-19)
(39.4555 4.95468 0)
(40.6208 4.68374 0)
(39.5187 4.96872 1.07346e-19)
(40.608 4.69077 7.91239e-19)
(39.5733 4.98205 0)
(40.5944 4.6985 0)
(39.6202 4.99507 -4.34684e-20)
(40.58 4.70702 0)
(39.6601 5.00849 0)
(40.5647 4.71645 0)
(39.6935 5.02319 0)
(40.5484 4.72686 0)
(39.7211 5.03922 0)
(40.5311 4.73837 0)
(39.7439 5.05614 -1.02206e-19)
(40.5126 4.751 1.59359e-18)
(39.7632 5.07322 -1.46315e-19)
(40.4928 4.76482 0)
(39.7791 5.09065 0)
(40.4718 4.7799 0)
(39.7942 5.10913 0)
(40.4497 4.79626 1.48364e-18)
(39.7998 5.12533 0)
(40.4295 4.81149 -9.13249e-19)
(39.8026 5.14095 2.81517e-19)
(40.4101 4.82526 0)
(39.8054 5.15995 2.90601e-19)
(40.3892 4.84069 0)
(39.8086 5.17914 0)
(40.3644 4.85743 -1.49206e-18)
(39.8136 5.20309 -5.57373e-19)
(40.3337 4.87552 2.78708e-18)
(39.8203 5.22498 -5.85426e-19)
(40.2961 4.89514 2.60289e-18)
(39.8318 5.25538 0)
(40.2548 4.91681 -2.44117e-18)
(39.8427 5.27749 0)
(40.2204 4.94262 0)
(39.856 5.31253 0)
(40.2095 4.97834 0)
(39.8685 5.3389 0)
(40.2413 5.01855 -4.17932e-18)
(39.8696 5.36267 0)
(40.3056 5.07304 0)
(39.9154 5.42296 0)
(40.3507 5.19043 1.24814e-18)
(39.7984 5.36735 7.24992e-18)
(40.4334 5.04233 0)
)
;
    }
    walls
    {
        type            noSlip;
    }
    frontAndBack
    {
        type            empty;
    }
}


// ************************************************************************* //
