/*--------------------------------*- C++ -*----------------------------------*\
  =========                 |
  \\      /  F ield         | OpenFOAM: The Open Source CFD Toolbox
   \\    /   O peration     | Website:  https://openfoam.org
    \\  /    A nd           | Version:  12
     \\/     M anipulation  |
\*---------------------------------------------------------------------------*/
FoamFile
{
    format      ascii;
    class       volVectorField;
    location    "50";
    object      U;
}
// * * * * * * * * * * * * * * * * * * * * * * * * * * * * * * * * * * * * * //

dimensions      [0 1 -1 0 0 0 0];

internalField   nonuniform List<vector> 
10720
(
(2.01712 33.527 -1.71783e-17)
(4.13517 37.0951 1.55302e-17)
(6.91391 40.6109 0)
(10.2129 43.5236 -2.97804e-16)
(13.9613 45.9162 3.37125e-16)
(18.0716 47.6965 2.99115e-16)
(22.3277 48.7042 4.76476e-16)
(26.5895 48.9729 0)
(30.7374 48.5698 0)
(34.6456 47.5375 0)
(38.2582 45.9827 1.55353e-16)
(41.5443 44.0158 0)
(44.4733 41.6948 3.03278e-15)
(47.0499 39.104 0)
(49.2282 36.2692 0)
(50.9704 33.2168 0)
(52.2447 29.9561 -5.2964e-15)
(53.0494 26.5486 -8.00878e-15)
(53.3517 23.0268 7.17641e-15)
(53.1643 19.4853 0)
(52.4628 15.9914 5.9781e-15)
(51.305 12.6707 -1.18096e-14)
(49.7697 9.62083 5.92633e-15)
(48.0309 6.95575 -1.78551e-16)
(46.3929 4.7643 0)
(44.9918 2.98204 2.39122e-15)
(43.69 1.48445 3.71426e-17)
(42.3335 0.209529 -1.05575e-15)
(40.8519 -0.878228 -3.85793e-15)
(39.2303 -1.80196 -1.3999e-14)
(37.4687 -2.57237 6.22308e-15)
(35.5672 -3.19352 1.13063e-14)
(33.5307 -3.66693 9.7096e-15)
(31.3344 -3.99313 3.30072e-14)
(28.8765 -4.15957 -1.32486e-14)
(26.1601 -4.17021 -9.39717e-17)
(22.5357 -3.91437 2.39403e-17)
(18.5241 -3.38679 3.50264e-16)
(9.54574 -3.02782 2.58958e-14)
(0.452308 29.7999 -2.24259e-17)
(-0.665797 25.6792 -6.87397e-17)
(-1.21785 21.0838 2.02978e-16)
(-1.02937 15.885 -5.33026e-16)
(0.0906801 10.6448 -1.79418e-15)
(1.99398 5.8036 3.42685e-15)
(4.36729 1.59552 1.26465e-14)
(7.24354 -2.35401 2.47851e-15)
(10.6314 -5.7076 0)
(14.164 -8.15673 0)
(17.5091 -9.70431 1.86272e-15)
(20.5203 -10.5391 6.98991e-16)
(23.1644 -10.8568 -1.20701e-15)
(25.443 -10.8157 9.98279e-16)
(27.3968 -10.5561 1.65615e-15)
(29.0932 -10.1671 1.06585e-15)
(30.588 -9.7106 1.3131e-15)
(31.9324 -9.22018 8.50407e-16)
(33.1745 -8.71882 0)
(34.3488 -8.20409 0)
(35.4824 -7.67314 -9.96394e-16)
(36.5904 -7.10416 -3.61291e-17)
(37.6712 -6.46804 4.61358e-16)
(38.6691 -5.71188 -1.68987e-16)
(39.4719 -4.82715 4.07116e-17)
(40.0521 -3.8764 0)
(40.4579 -2.90185 -1.46066e-16)
(40.7175 -1.92621 0)
(40.8489 -0.966473 0)
(40.8064 -0.0339951 -2.19737e-16)
(40.5934 0.85988 0)
(40.2361 1.70291 8.98247e-16)
(39.7599 2.48313 1.53487e-15)
(39.1844 3.18963 6.60545e-15)
(38.5035 3.81537 -1.95018e-15)
(37.7079 4.36208 6.29596e-18)
(36.6287 4.82393 0)
(35.1881 5.15694 2.90732e-15)
(31.1118 5.45679 8.39435e-15)
(10.1926 29.1016 -3.35155e-17)
(12.4866 31.8305 2.45699e-17)
(15.3754 34.412 0)
(18.7839 36.6801 0)
(22.5514 38.5216 -9.84204e-17)
(26.6796 39.8435 -2.85611e-16)
(31.0095 40.5634 0)
(35.3595 40.6881 0)
(39.641 40.2196 7.50034e-16)
(43.722 39.2155 0)
(47.5142 37.7497 3.02885e-15)
(50.9663 35.8891 0)
(54.0381 33.7075 1.14996e-15)
(56.7024 31.2639 -1.1323e-15)
(58.9674 28.6415 2.34453e-15)
(60.8579 25.9256 -4.77732e-15)
(62.3629 23.1549 5.18256e-15)
(63.4483 20.3707 4.75667e-15)
(64.102 17.5805 4.6787e-15)
(64.2812 14.8209 2.8593e-16)
(63.9703 12.122 -4.91624e-15)
(63.1383 9.55431 4.67396e-15)
(61.8052 7.17202 -2.62718e-16)
(60.0083 5.05398 0)
(57.8953 3.27226 0)
(55.6762 1.7551 0)
(53.4409 0.395973 2.0005e-16)
(51.1874 -0.815348 -4.47368e-17)
(48.9278 -1.87575 2.81775e-15)
(46.6657 -2.78684 5.57701e-17)
(44.3824 -3.54552 -4.34599e-17)
(42.0547 -4.14992 -1.22916e-16)
(39.6617 -4.6021 6.59368e-15)
(37.1674 -4.90453 -1.09463e-14)
(34.4948 -5.0558 -5.75461e-17)
(31.653 -5.06665 -1.20446e-14)
(27.9715 -4.83603 0)
(24.1609 -4.37327 -9.17023e-17)
(15.2918 -3.44636 1.41274e-14)
(8.35223 26.2528 4.70408e-17)
(6.84898 23.1478 -1.39332e-16)
(5.7065 19.5554 -1.4874e-15)
(5.05995 15.5484 1.89032e-15)
(5.19435 11.3281 0)
(6.16032 7.18802 -3.81686e-15)
(7.7882 3.27892 -1.98937e-15)
(9.96089 -0.279102 -8.94578e-15)
(12.6229 -3.17657 2.40415e-15)
(15.5516 -5.28849 -1.82005e-15)
(18.4959 -6.67192 2.38384e-15)
(21.283 -7.47101 -6.86951e-16)
(23.8347 -7.83225 0)
(26.1143 -7.8822 -4.37761e-16)
(28.1203 -7.7489 9.97566e-17)
(29.8897 -7.50417 -9.30658e-16)
(31.4603 -7.20436 0)
(32.8738 -6.87542 0)
(34.1708 -6.5358 -8.90608e-17)
(35.3893 -6.17101 8.61493e-17)
(36.5547 -5.76993 -9.26768e-16)
(37.6861 -5.29736 -8.83687e-17)
(38.7838 -4.71488 3.57372e-17)
(39.8057 -3.95862 2.44962e-16)
(40.6605 -3.05238 -1.78179e-18)
(41.31 -2.11127 7.90697e-17)
(41.7846 -1.18188 0)
(42.1097 -0.278047 0)
(42.285 0.593647 0)
(42.3533 1.42132 1.45158e-17)
(42.3196 2.19759 0)
(42.1707 2.91693 0)
(41.8945 3.574 -2.5378e-15)
(41.4886 4.16344 -2.1553e-15)
(40.9501 4.68649 1.59448e-15)
(40.2985 5.15382 -8.41847e-16)
(39.4006 5.57298 6.48445e-17)
(38.5251 5.94922 -2.36981e-15)
(35.3065 6.06758 -5.90972e-15)
(13.2152 26.885 -8.8308e-18)
(14.8694 29.2628 -9.85232e-17)
(16.9448 31.6298 6.98084e-17)
(19.3936 33.8602 1.65153e-17)
(22.1625 35.7899 -1.04477e-16)
(25.2522 37.3836 4.59137e-16)
(28.5634 38.5672 -3.45412e-16)
(31.994 39.2767 -4.94308e-16)
(35.4644 39.5006 2.05872e-17)
(38.8866 39.2433 -7.24561e-16)
(42.1805 38.5258 7.20358e-16)
(45.2919 37.3856 -1.92844e-15)
(48.1725 35.8681 -9.5446e-16)
(50.7901 34.0147 0)
(53.1153 31.8672 -2.35243e-15)
(55.124 29.4717 4.84217e-15)
(56.8268 26.8491 0)
(58.2316 24.0364 -9.45205e-15)
(59.3333 21.0757 -4.76819e-15)
(60.098 18.0498 5.61619e-16)
(60.5128 15.022 -5.55413e-16)
(60.5494 12.1023 -2.54121e-16)
(60.2114 9.37114 -3.61055e-15)
(59.5047 6.92504 1.81606e-15)
(58.488 4.83271 0)
(57.2558 3.01186 1.59271e-15)
(55.8213 1.36138 -1.88263e-16)
(54.1563 -0.117824 0)
(52.2693 -1.41493 2.49525e-15)
(50.1934 -2.52681 4.61336e-15)
(47.9575 -3.44869 -8.07881e-15)
(45.5856 -4.17957 -6.89225e-15)
(43.0947 -4.726 -1.4647e-16)
(40.4732 -5.09659 -9.54481e-15)
(37.6592 -5.29681 -7.48836e-15)
(34.6648 -5.33243 1.03012e-14)
(30.8993 -5.13073 0)
(27.0387 -4.62675 -2.98666e-18)
(19.0069 -3.95115 -2.15515e-14)
(11.9236 24.4221 -4.78291e-17)
(10.8492 21.7821 -1.39379e-16)
(10.0597 18.7189 6.1149e-16)
(9.55479 15.3321 0)
(9.54364 11.7791 9.85694e-16)
(10.0847 8.21491 0)
(11.1732 4.76575 5.12313e-15)
(12.7753 1.59492 2.13671e-15)
(14.7966 -1.11534 1.80817e-15)
(17.0784 -3.29687 0)
(19.4501 -4.94708 -2.586e-15)
(21.7773 -6.11176 -5.37427e-16)
(23.9826 -6.86805 2.45094e-15)
(26.0202 -7.30072 0)
(27.8715 -7.4938 -1.08918e-15)
(29.5483 -7.51142 -3.27985e-16)
(31.0725 -7.40594 1.30556e-15)
(32.4719 -7.21127 6.58628e-16)
(33.7764 -6.95108 1.69407e-16)
(35.0155 -6.62765 -9.68289e-17)
(36.2099 -6.23923 8.57318e-16)
(37.3731 -5.76655 0)
(38.5031 -5.18422 0)
(39.5645 -4.45603 4.32147e-17)
(40.4832 -3.6076 0)
(41.2219 -2.72195 -1.20542e-16)
(41.8014 -1.82813 3.47349e-18)
(42.2431 -0.932497 5.79924e-17)
(42.5526 -0.0410211 0)
(42.7327 0.836221 1.77351e-16)
(42.7887 1.68899 -3.41614e-16)
(42.7262 2.50152 0)
(42.5476 3.2577 1.25269e-15)
(42.2549 3.94284 0)
(41.8356 4.55147 0)
(41.2944 5.08829 5.93486e-17)
(40.4827 5.56536 -9.84211e-17)
(39.5633 5.93756 2.39948e-15)
(36.7728 6.10446 1.16251e-14)
(16.7414 24.7508 -3.75518e-17)
(18.2496 26.7795 -4.84634e-17)
(20.1197 28.8106 6.07949e-17)
(22.3238 30.7225 4.00052e-17)
(24.8149 32.3824 0)
(27.6053 33.7677 0)
(30.6206 34.8025 -6.06932e-16)
(33.7806 35.4255 8.03966e-16)
(37.0195 35.6194 0)
(40.2571 35.3754 -1.15418e-15)
(43.4167 34.7046 -1.54993e-15)
(46.4378 33.6333 -1.50171e-15)
(49.2651 32.198 1.85187e-15)
(51.8539 30.4381 1.7753e-15)
(54.1657 28.3969 0)
(56.1713 26.1224 2.91364e-15)
(57.8468 23.6629 1.03353e-15)
(59.1501 21.0932 8.50312e-15)
(60.0565 18.4676 5.20279e-16)
(60.5635 15.8307 -5.14267e-16)
(60.6766 13.2299 4.38988e-15)
(60.4192 10.7299 -7.20867e-16)
(59.838 8.39115 3.94789e-15)
(58.9979 6.27739 1.65146e-15)
(57.9919 4.43127 -9.82959e-17)
(56.9094 2.79801 -1.44477e-15)
(55.7574 1.29803 1.06814e-17)
(54.4844 -0.0758599 -1.07311e-17)
(53.0524 -1.31465 -2.408e-15)
(51.4398 -2.4118 -6.32634e-17)
(49.6257 -3.35461 3.97708e-15)
(47.5973 -4.12988 -6.70301e-15)
(45.3549 -4.73167 -5.34233e-15)
(42.8883 -5.15825 -5.9322e-18)
(40.1507 -5.40795 6.80691e-15)
(37.1589 -5.4738 0)
(33.4003 -5.30279 4.85284e-15)
(29.4475 -4.74437 -1.17838e-17)
(21.942 -4.17695 8.71541e-15)
(15.533 22.6579 -6.13258e-17)
(14.5074 20.4299 2.05396e-16)
(13.7093 17.8334 7.75909e-16)
(13.1522 14.947 0)
(13.0031 11.9151 -8.36548e-16)
(13.2983 8.82559 0)
(14.0417 5.77145 -3.60759e-15)
(15.21 2.91136 -1.05506e-16)
(16.7438 0.398364 1.41583e-15)
(18.5452 -1.70328 1.2031e-15)
(20.4928 -3.364 2.92233e-17)
(22.4771 -4.59632 2.02896e-15)
(24.4239 -5.45219 -1.24045e-15)
(26.2807 -5.99582 4.01459e-16)
(28.0161 -6.29284 1.32801e-15)
(29.6229 -6.40418 1.42512e-15)
(31.1082 -6.37964 -1.23902e-15)
(32.4863 -6.25619 1.90351e-17)
(33.7776 -6.05917 0)
(35.0039 -5.79665 1.16518e-15)
(36.1825 -5.46719 5.08088e-17)
(37.3243 -5.05539 -7.51187e-16)
(38.4276 -4.53871 0)
(39.4638 -3.8873 4.21079e-17)
(40.3721 -3.11419 0)
(41.1158 -2.28456 3.70856e-17)
(41.7075 -1.43315 0)
(42.1664 -0.573385 -5.54199e-17)
(42.4997 0.284318 3.08117e-18)
(42.7102 1.12694 -2.17799e-18)
(42.8031 1.93872 3.15972e-16)
(42.785 2.70505 9.61312e-18)
(42.6602 3.41396 0)
(42.4332 4.05519 -9.02756e-16)
(42.0939 4.62635 -1.27173e-17)
(41.6459 5.1321 7.78731e-16)
(40.9459 5.58635 1.8438e-16)
(40.1091 5.90936 4.7353e-18)
(37.6466 6.0756 0)
(19.3089 23.1079 -4.88358e-17)
(20.5933 24.8976 -3.26158e-17)
(22.1885 26.7153 1.02873e-16)
(24.0565 28.4539 -2.28552e-16)
(26.1565 29.995 2.91722e-17)
(28.5192 31.3357 -8.78604e-17)
(31.0842 32.4072 2.42028e-16)
(33.7902 33.1513 0)
(36.5951 33.5479 1.23692e-15)
(39.4331 33.5773 6.37368e-16)
(42.2438 33.2339 0)
(44.9753 32.5268 1.43311e-15)
(47.5746 31.4743 -7.84481e-16)
(49.9961 30.0998 2.18624e-15)
(52.2002 28.4333 0)
(54.1514 26.5103 -3.80417e-15)
(55.8182 24.3684 3.69688e-15)
(57.1822 22.0343 -2.38364e-16)
(58.2296 19.532 0)
(58.9348 16.9205 4.15452e-15)
(59.278 14.2678 -4.21353e-15)
(59.2507 11.6649 -2.16379e-16)
(58.8718 9.19644 -3.29785e-15)
(58.1893 6.94512 -3.03707e-15)
(57.2916 4.96772 0)
(56.2786 3.22745 0)
(55.1903 1.65084 -3.30624e-16)
(54.0132 0.220768 -3.70623e-17)
(52.7369 -1.05977 2.28654e-15)
(51.3567 -2.19005 -6.03426e-17)
(49.8531 -3.16529 6.03648e-17)
(48.1948 -3.97857 6.29076e-15)
(46.3466 -4.62706 0)
(44.2566 -5.10787 1.69992e-14)
(41.8435 -5.41421 -5.77888e-17)
(39.0941 -5.52689 0)
(35.5376 -5.40236 -4.63151e-17)
(31.633 -4.81702 0)
(24.503 -4.24025 -7.33032e-15)
(18.2667 21.2701 7.30281e-17)
(17.3734 19.3308 -4.0494e-16)
(16.6463 17.0672 4.2304e-16)
(16.097 14.5496 6.02077e-16)
(15.8709 11.9105 -2.54852e-15)
(15.9978 9.19279 -2.84309e-15)
(16.4999 6.46998 2.72154e-15)
(17.3629 3.89168 -2.52657e-15)
(18.5436 1.58298 -1.10274e-15)
(19.9762 -0.407881 -9.64269e-16)
(21.5709 -2.04902 1.85538e-15)
(23.2414 -3.33641 -1.73735e-15)
(24.9263 -4.30142 -7.39883e-16)
(26.577 -4.98725 7.24338e-16)
(28.1592 -5.43744 -1.50789e-15)
(29.657 -5.69899 2.87619e-16)
(31.0676 -5.81123 0)
(32.396 -5.80526 -9.70541e-16)
(33.654 -5.70319 3.34742e-16)
(34.8562 -5.51571 -1.23605e-15)
(36.0154 -5.24389 0)
(37.1391 -4.87831 6.55057e-16)
(38.2244 -4.40276 4.68509e-16)
(39.2461 -3.79742 -2.56534e-16)
(40.153 -3.07271 0)
(40.9086 -2.28248 -3.57199e-17)
(41.5177 -1.46355 0)
(41.9955 -0.630415 0)
(42.3489 0.206603 0)
(42.5808 1.03434 -1.2351e-16)
(42.6959 1.83902 0)
(42.7013 2.60654 0)
(42.6017 3.32235 9.70864e-16)
(42.4026 3.97339 8.65688e-16)
(42.0956 4.55492 0)
(41.6872 5.06878 6.2418e-16)
(41.0448 5.52731 1.03605e-16)
(40.279 5.83497 0)
(38.1184 5.99213 -5.26177e-15)
(21.5513 21.6876 6.41864e-17)
(22.7062 23.2725 -4.58443e-17)
(24.1364 24.8924 0)
(25.8036 26.4478 1.8594e-17)
(27.6673 27.8326 7.19573e-17)
(29.7692 29.0541 8.19903e-17)
(32.0566 30.0481 6.10251e-17)
(34.4811 30.7627 -6.50229e-16)
(37.0145 31.176 -1.04734e-16)
(39.6027 31.2647 1.2436e-15)
(42.1951 31.0167 -4.522e-16)
(44.7471 30.4315 1.08755e-15)
(47.2078 29.5174 5.51408e-16)
(49.5314 28.2892 3.99652e-16)
(51.6758 26.7697 0)
(53.601 24.9881 -8.26219e-16)
(55.2717 22.9774 -1.84636e-15)
(56.6572 20.7786 -7.04725e-15)
(57.7189 18.4539 2.09738e-15)
(58.4344 16.0571 -2.68057e-15)
(58.7908 13.6423 -4.19451e-16)
(58.7897 11.2713 0)
(58.4519 9.00768 2.95045e-15)
(57.8211 6.91284 1.87946e-16)
(56.971 5.033 -8.43689e-17)
(55.9846 3.3501 -1.17657e-15)
(54.9023 1.81162 2.71969e-16)
(53.7225 0.405074 5.69099e-16)
(52.446 -0.861274 -2.12953e-15)
(51.085 -1.98309 -1.13105e-16)
(49.6424 -2.95625 3.60066e-15)
(48.112 -3.77609 5.80338e-15)
(46.4773 -4.44283 0)
(44.6896 -4.95632 -2.24564e-17)
(42.6496 -5.30932 -6.1746e-15)
(40.3009 -5.47492 0)
(37.1554 -5.41022 -8.44047e-15)
(33.5357 -4.83209 0)
(26.8127 -4.22547 6.37871e-15)
(20.6034 20.0637 -7.08908e-17)
(19.7848 18.3605 1.61775e-16)
(19.0968 16.366 0)
(18.5508 14.1433 0)
(18.2743 11.8158 1.064e-15)
(18.288 9.39837 4.46321e-15)
(18.6193 6.95204 0)
(19.2596 4.61673 -1.90228e-15)
(20.1757 2.49707 -1.7932e-15)
(21.3226 0.630028 1.7672e-15)
(22.6333 -0.953231 -6.41666e-17)
(24.0405 -2.239 7.52e-16)
(25.4958 -3.24585 5.36282e-17)
(26.9574 -4.00288 1.88868e-15)
(28.3919 -4.53886 1.64377e-15)
(29.7798 -4.88912 -1.51196e-15)
(31.1118 -5.08516 2.04333e-16)
(32.3854 -5.15404 -3.75191e-16)
(33.6048 -5.11638 1.71139e-16)
(34.778 -4.98453 9.44278e-16)
(35.9128 -4.76222 1.18075e-16)
(37.0134 -4.44415 -7.24358e-17)
(38.0754 -4.01767 -3.92285e-16)
(39.0769 -3.46783 0)
(39.9742 -2.80174 7.13985e-18)
(40.7324 -2.06244 9.32544e-17)
(41.3501 -1.28566 1.30176e-18)
(41.8388 -0.48777 -1.2948e-18)
(42.2045 0.319017 0)
(42.45 1.12009 1.16863e-16)
(42.5797 1.90013 0)
(42.6003 2.64355 0)
(42.5163 3.33661 -9.0515e-16)
(42.3325 3.9678 -7.40781e-16)
(42.0405 4.53307 0)
(41.6465 5.03229 -5.87523e-16)
(41.0267 5.47641 -5.6894e-16)
(40.2843 5.75502 9.75e-18)
(38.3434 5.879 4.8567e-15)
(23.4304 20.4756 6.38919e-18)
(24.4705 21.8955 -4.06221e-17)
(25.7562 23.3565 7.99537e-17)
(27.2471 24.765 -7.74137e-17)
(28.9017 26.0264 -3.2681e-17)
(30.7683 27.1558 0)
(32.7992 28.0967 -2.40546e-16)
(34.9542 28.8023 -1.74807e-17)
(37.2164 29.254 -3.55166e-16)
(39.5407 29.4283 -7.41781e-16)
(41.8869 29.3093 0)
(44.2193 28.8913 -1.96248e-15)
(46.4921 28.1744 -1.74785e-15)
(48.6636 27.1652 -4.34139e-15)
(50.6933 25.878 0)
(52.5404 24.3338 -2.76742e-15)
(54.1677 22.5599 -2.9446e-15)
(55.5409 20.5913 3.30044e-15)
(56.6334 18.4569 -3.29633e-15)
(57.4192 16.2009 3.06522e-15)
(57.8788 13.8786 3.79363e-16)
(58.0029 11.5608 -3.26552e-15)
(57.8014 9.32108 0)
(57.3064 7.22896 -2.81534e-15)
(56.5771 5.3345 1.65221e-16)
(55.6847 3.63075 1.2301e-15)
(54.6699 2.07595 0)
(53.5372 0.656974 -4.24096e-17)
(52.2894 -0.61929 9.01768e-17)
(50.9399 -1.74895 3.45826e-15)
(49.4989 -2.72917 -3.1889e-15)
(47.974 -3.55625 -5.49451e-15)
(46.3727 -4.2318 4.60485e-15)
(44.6811 -4.75915 -8.09228e-17)
(42.838 -5.13519 5.88853e-15)
(40.8145 -5.33608 7.77673e-15)
(38.1393 -5.3232 4.06515e-15)
(35.0243 -4.77437 -3.07128e-18)
(28.8623 -4.15912 -1.05938e-17)
(22.5679 19.0231 2.81434e-17)
(21.8174 17.5079 2.92904e-16)
(21.1685 15.7295 3.59664e-16)
(20.6326 13.7447 -7.27331e-16)
(20.3238 11.6679 -2.69529e-15)
(20.259 9.49649 7.58147e-16)
(20.4659 7.28446 1.6097e-15)
(20.9411 5.16083 3.97875e-15)
(21.6576 3.21455 1.55746e-15)
(22.5828 1.47332 -1.4523e-15)
(23.6651 -0.0345715 -2.78901e-17)
(24.8515 -1.2925 -6.62287e-16)
(26.1043 -2.31267 0)
(27.3897 -3.1148 -2.42354e-17)
(28.6778 -3.71726 -1.02653e-15)
(29.9492 -4.14547 4.34591e-16)
(31.1917 -4.4229 -4.27425e-16)
(32.3978 -4.57055 0)
(33.5665 -4.60518 6.04192e-16)
(34.7006 -4.53796 -9.99031e-16)
(35.8035 -4.3728 0)
(36.876 -4.10649 6.57261e-16)
(37.9126 -3.72956 0)
(38.8931 -3.23159 -1.65429e-17)
(39.7799 -2.61877 1.64363e-17)
(40.5395 -1.9264 -6.2028e-17)
(41.1656 -1.18868 -1.8562e-18)
(41.6659 -0.424195 7.99383e-19)
(42.0452 0.3532 -1.31314e-18)
(42.3058 1.12834 9.03636e-17)
(42.4515 1.88598 2.02061e-16)
(42.4882 2.61212 -3.97464e-16)
(42.42 3.29351 -1.27441e-17)
(42.2507 3.9184 4.47194e-17)
(41.9715 4.48136 0)
(41.5877 4.97837 -2.45991e-18)
(40.9827 5.41693 3.02311e-16)
(40.2507 5.67349 -1.75761e-17)
(38.463 5.76003 4.51159e-15)
(25.055 19.4122 1.09159e-17)
(26.0064 20.6926 6.29955e-17)
(27.1797 22.0154 0)
(28.5343 23.2926 -3.05485e-17)
(30.0278 24.4385 -7.52226e-17)
(31.7112 25.4738 0)
(33.5414 26.3466 -9.03283e-17)
(35.4834 27.0158 8.44476e-16)
(37.5279 27.4654 -1.31404e-15)
(39.638 27.6723 4.14824e-16)
(41.7809 27.6199 6.39819e-16)
(43.9281 27.2986 2.47511e-15)
(46.0406 26.7032 1.82716e-15)
(48.0806 25.8342 2.23877e-15)
(50.0098 24.699 6.08198e-16)
(51.7882 23.3118 2.03373e-15)
(53.3772 21.694 2.81829e-15)
(54.7418 19.8735 2.77732e-15)
(55.8478 17.8887 -2.10023e-15)
(56.6646 15.7878 -6.4704e-15)
(57.1708 13.6223 0)
(57.3582 11.4509 1.22709e-16)
(57.2351 9.33627 2.54521e-15)
(56.8295 7.33801 2.67534e-15)
(56.1912 5.50152 -1.51876e-16)
(55.3798 3.82999 -1.10677e-15)
(54.434 2.29556 7.94034e-18)
(53.362 0.888544 -5.62489e-16)
(52.1662 -0.383202 5.91244e-17)
(50.857 -1.51398 -6.46161e-15)
(49.4416 -2.49979 -1.15265e-17)
(47.9262 -3.33524 -8.63609e-17)
(46.3224 -4.0199 -4.39915e-15)
(44.6303 -4.5557 -8.16665e-17)
(42.8221 -4.94037 -5.46186e-15)
(40.9268 -5.15372 -1.47722e-14)
(38.5703 -5.16677 3.81446e-15)
(36.0126 -4.64619 2.70929e-17)
(30.5828 -4.04569 4.98064e-15)
(24.2589 18.104 -1.10959e-16)
(23.5624 16.7445 -3.91681e-16)
(22.9466 15.1456 -2.64275e-16)
(22.4225 13.3586 -6.61085e-16)
(22.0928 11.4881 1.45247e-15)
(21.973 9.52244 -9.4662e-17)
(22.0884 7.51104 -4.04359e-15)
(22.4388 5.57136 -1.35701e-15)
(23.0023 3.78105 3.78617e-17)
(23.7537 2.1608 0)
(24.652 0.736121 -1.23014e-15)
(25.6546 -0.476102 1.12827e-15)
(26.7328 -1.48497 -1.06721e-15)
(27.8595 -2.30439 -5.37529e-16)
(29.0097 -2.94556 4.34794e-16)
(30.1663 -3.42648 4.33437e-16)
(31.3162 -3.76358 1.49792e-15)
(32.4495 -3.9722 -3.49978e-16)
(33.5615 -4.06536 -5.66266e-16)
(34.6509 -4.05258 0)
(35.7171 -3.93763 -7.99942e-16)
(36.7582 -3.7188 -5.48878e-16)
(37.7669 -3.38912 -1.72895e-17)
(38.7245 -2.94169 -5.10544e-17)
(39.5977 -2.38219 -1.00371e-17)
(40.3549 -1.73916 1.26973e-16)
(40.9862 -1.04442 6.96686e-19)
(41.4955 -0.317691 -1.28038e-17)
(41.8862 0.426314 -7.74099e-18)
(42.1601 1.17236 -8.3843e-17)
(42.3201 1.90545 -1.9036e-17)
(42.3714 2.61156 7.64908e-16)
(42.3176 3.27764 6.54861e-16)
(42.1617 3.89205 6.18515e-16)
(41.8947 4.44826 1.2898e-17)
(41.5209 4.93859 -4.84624e-18)
(40.9304 5.36665 -4.81358e-16)
(40.2116 5.59863 -2.18626e-15)
(38.5493 5.64592 -4.16686e-15)
(26.4656 18.4705 -3.39359e-17)
(27.3424 19.6322 -2.71635e-17)
(28.4213 20.8361 -1.28539e-16)
(29.6612 22 4.00796e-16)
(31.0194 23.0448 -1.13794e-16)
(32.5477 23.9955 -2.24256e-17)
(34.2062 24.805 2.89219e-16)
(35.9636 25.4366 0)
(37.8163 25.8783 3.97557e-16)
(39.7326 26.1084 2.82127e-17)
(41.6863 26.1103 -5.43905e-16)
(43.6557 25.8738 -2.28111e-15)
(45.6074 25.3904 -9.65293e-16)
(47.5083 24.6565 0)
(49.324 23.6743 0)
(51.0165 22.4523 0)
(52.5481 21.0064 0)
(53.8824 19.3604 -2.66038e-15)
(54.9869 17.5436 2.75092e-15)
(55.8311 15.5925 2.70574e-15)
(56.3905 13.5544 -2.18212e-15)
(56.6523 11.4867 1.92341e-15)
(56.6186 9.45181 -1.98754e-15)
(56.3103 7.51018 -1.45286e-16)
(55.7677 5.70764 -6.64475e-17)
(55.0412 4.05383 1.11779e-15)
(54.1678 2.53046 2.40548e-16)
(53.1605 1.13001 0)
(52.0238 -0.140284 0)
(50.7675 -1.27414 5.45098e-17)
(49.3969 -2.26729 0)
(47.9157 -3.11318 4.72364e-15)
(46.3315 -3.80928 -4.14069e-15)
(44.6427 -4.355 -6.55897e-15)
(42.8279 -4.7461 1.01255e-14)
(40.9417 -4.96096 6.99537e-15)
(38.6966 -4.97729 -3.62647e-15)
(36.5448 -4.46362 -4.81296e-17)
(31.9093 -3.88597 -4.66608e-15)
(25.7261 17.2844 0)
(25.0757 16.0556 1.10932e-16)
(24.4897 14.6075 5.03997e-16)
(23.9791 12.987 -2.12962e-15)
(23.6371 11.2902 1.7347e-15)
(23.4778 9.49954 -1.19839e-15)
(23.5251 7.66083 2.99156e-17)
(23.7799 5.88168 1.08431e-15)
(24.2247 4.23142 1.11261e-15)
(24.8388 2.7255 0)
(25.5886 1.38602 5.09962e-16)
(26.4388 0.229217 -1.54799e-15)
(27.3671 -0.752873 2.39536e-15)
(28.3528 -1.5709 4.25169e-16)
(29.3755 -2.23206 -8.52695e-16)
(30.4211 -2.74874 -7.7689e-16)
(31.4772 -3.13195 -6.97289e-16)
(32.5333 -3.39208 0)
(33.5829 -3.53816 0)
(34.6216 -3.57718 0)
(35.6458 -3.51201 7.53097e-16)
(36.6511 -3.34136 0)
(37.6291 -3.05997 -4.3081e-16)
(38.5618 -2.66344 -5.1129e-17)
(39.4191 -2.15694 -2.39469e-16)
(40.1714 -1.5638 -1.10985e-16)
(40.8057 -0.912793 0)
(41.3226 -0.224102 1.15264e-17)
(41.7239 0.486964 8.07061e-18)
(42.0104 1.20497 -1.71629e-18)
(42.1843 1.91479 -3.13967e-16)
(42.2498 2.60264 -3.22278e-17)
(42.2102 3.25551 -6.39199e-16)
(42.0677 3.8613 4.93422e-16)
(41.8129 4.41205 0)
(41.4497 4.89622 6.043e-19)
(40.8748 5.31328 -9.14742e-17)
(40.1727 5.52147 2.09197e-15)
(38.6272 5.53075 -2.20241e-17)
(27.7038 17.6265 3.43748e-17)
(28.5178 18.6853 0)
(29.5175 19.7851 2.45173e-16)
(30.6612 20.8488 -2.03606e-16)
(31.9066 21.8029 4.05894e-17)
(33.3053 22.675 2.09162e-17)
(34.8196 23.422 -1.24418e-16)
(36.4209 24.012 -2.0344e-16)
(38.1095 24.4353 0)
(39.8579 24.672 -4.67594e-16)
(41.6453 24.7071 -5.27306e-16)
(43.4553 24.5297 5.20926e-16)
(45.2593 24.1299 2.04715e-15)
(47.0297 23.5008 8.56212e-16)
(48.7358 22.6408 -2.60806e-15)
(50.3421 21.5539 -1.91871e-15)
(51.8131 20.2508 1.52973e-15)
(53.1127 18.7495 1.14682e-15)
(54.2084 17.0759 -5.95438e-16)
(55.0671 15.2655 6.03543e-16)
(55.6623 13.3621 1.53506e-15)
(55.9794 11.417 2.85052e-16)
(56.017 9.48632 -2.69942e-16)
(55.7909 7.62543 -1.7955e-15)
(55.3334 5.87755 0)
(54.6859 4.25679 -9.43743e-16)
(53.8822 2.75419 -4.50937e-16)
(52.9375 1.36623 -4.1572e-16)
(51.8589 0.10089 -1.53527e-15)
(50.6558 -1.03417 5.72828e-15)
(49.3343 -2.03353 2.3448e-15)
(47.8973 -2.88938 5.57895e-18)
(46.35 -3.59697 5.33046e-17)
(44.6875 -4.15345 0)
(42.8844 -4.55197 -4.75288e-15)
(40.9937 -4.76679 0)
(38.7523 -4.77985 0)
(36.7779 -4.25231 2.25049e-17)
(32.8557 -3.68724 1.50459e-17)
(27.0124 16.5455 -1.13201e-16)
(26.4017 15.4283 3.58146e-16)
(25.8423 14.1093 2.62215e-17)
(25.3459 12.6313 4.79049e-16)
(24.9977 11.0828 -1.51139e-15)
(24.8104 9.44301 9.65892e-16)
(24.8058 7.75441 2.33429e-17)
(24.9869 6.11656 -9.10342e-16)
(25.3385 4.59187 -8.74172e-16)
(25.8433 3.19191 -9.16384e-16)
(26.4723 1.93618 -1.76642e-15)
(27.196 0.839614 0)
(27.9968 -0.105735 -8.73189e-16)
(28.8587 -0.908861 -2.79825e-17)
(29.7654 -1.57431 0)
(30.706 -2.11114 -6.96191e-16)
(31.67 -2.52606 -3.29198e-16)
(32.6476 -2.82559 -3.01799e-16)
(33.6314 -3.0153 1.00274e-15)
(34.6152 -3.09949 8.66377e-16)
(35.5935 -3.07951 -8.35901e-17)
(36.5597 -2.95415 6.14421e-16)
(37.5044 -2.71924 9.96314e-17)
(38.4102 -2.3718 -5.08586e-17)
(39.2495 -1.91665 2.14804e-16)
(39.9939 -1.37288 1.20455e-17)
(40.6286 -0.765909 0)
(41.1511 -0.115745 0)
(41.5614 0.561804 1.31421e-18)
(41.8594 1.25113 -5.00873e-18)
(42.0463 1.93693 2.684e-16)
(42.1255 2.60518 -3.16944e-17)
(42.0996 3.24272 -5.24425e-16)
(41.9704 3.83698 -4.73744e-16)
(41.7281 4.37881 -7.07156e-18)
(41.3763 4.85332 7.101e-18)
(40.8184 5.2562 1.13033e-15)
(40.1353 5.43937 -2.06431e-15)
(38.703 5.41153 2.06889e-17)
(28.7982 16.8633 1.34587e-17)
(29.558 17.8324 0)
(30.4894 18.8405 -1.22244e-16)
(31.5507 19.8152 0)
(32.6994 20.6885 3.33627e-17)
(33.9869 21.4891 -3.21703e-17)
(35.3769 22.1778 9.02955e-17)
(36.8434 22.7263 1.90971e-16)
(38.3887 23.1271 0)
(39.9888 23.3628 -2.85102e-16)
(41.6269 23.4199 5.36985e-16)
(43.2911 23.2877 -1.12496e-15)
(44.9572 22.9558 -6.42102e-16)
(46.602 22.4161 -6.69664e-16)
(48.1988 21.664 1.66255e-15)
(49.7157 20.6998 1.82881e-15)
(51.1195 19.5303 -1.98701e-15)
(52.3755 18.1687 -1.99721e-15)
(53.4512 16.6371 0)
(54.3149 14.9638 5.52969e-16)
(54.9387 13.1874 -1.07034e-15)
(55.3048 11.355 2.62171e-16)
(55.4083 9.51941 4.64864e-18)
(55.2593 7.73351 4.23498e-15)
(54.883 6.03881 -2.31869e-16)
(54.3126 4.4522 1.41272e-16)
(53.5782 2.97184 4.17332e-16)
(52.6963 1.59796 4.41759e-16)
(51.6752 0.339291 1.32316e-15)
(50.5251 -0.795176 -2.63997e-15)
(49.2522 -1.79891 -2.15282e-15)
(47.8604 -2.6628 -8.36364e-15)
(46.3549 -3.38023 7.10397e-15)
(44.7301 -3.94641 -9.96416e-17)
(42.9586 -4.35194 4.41799e-15)
(41.0875 -4.56671 -1.29757e-16)
(38.8459 -4.57968 7.01768e-17)
(36.8869 -4.03032 1.50375e-17)
(33.5137 -3.45952 -3.69821e-15)
(28.1488 15.8741 5.86519e-17)
(27.573 14.8533 -1.7976e-16)
(27.0379 13.6461 3.41981e-16)
(26.5559 12.2913 0)
(26.2059 10.8713 8.62284e-16)
(25.9987 9.36308 0)
(25.9547 7.80649 0)
(26.0782 6.29366 0)
(26.3561 4.88178 1.6189e-15)
(26.7728 3.57943 -7.77486e-16)
(27.3034 2.40406 8.78152e-16)
(27.922 1.36932 0)
(28.6145 0.466774 0)
(29.3682 -0.312102 -7.44029e-16)
(30.1706 -0.97043 0)
(31.0137 -1.515 6.50425e-16)
(31.8894 -1.95007 1.17229e-17)
(32.7887 -2.27893 0)
(33.7048 -2.50415 -7.20705e-16)
(34.6307 -2.62767 -1.0339e-15)
(35.5595 -2.64934 -6.95054e-16)
(36.4834 -2.56729 -5.65799e-16)
(37.3923 -2.37757 9.09531e-16)
(38.2693 -2.07793 0)
(39.0882 -1.67284 2.44223e-16)
(39.822 -1.17773 1.80275e-16)
(40.4546 -0.614907 4.45756e-17)
(40.9807 -0.00374869 0)
(41.3986 0.639663 1.96522e-18)
(41.7071 1.29959 3.6366e-17)
(41.9064 1.96051 -2.18634e-16)
(41.9989 2.60818 -3.10088e-17)
(41.9867 3.22923 4.82276e-16)
(41.8708 3.81054 -3.51254e-16)
(41.6417 4.34181 -4.60428e-18)
(41.3022 4.80511 -5.60663e-18)
(40.7629 5.1925 -1.23162e-15)
(40.1004 5.35188 1.93334e-15)
(38.7779 5.28899 6.57553e-15)
(29.7719 16.1683 8.60742e-18)
(30.4844 17.0582 -4.10513e-17)
(31.356 17.9848 0)
(32.3457 18.8799 -1.34454e-16)
(33.411 19.6805 0)
(34.6022 20.4155 0)
(35.8847 21.0497 3.31434e-17)
(37.2339 21.5573 1.80973e-16)
(38.654 21.9329 4.44866e-16)
(40.1234 22.1612 1.24511e-15)
(41.6286 22.2306 7.48275e-16)
(43.1609 22.1312 9.02034e-16)
(44.7001 21.8525 0)
(46.2272 21.3854 1.8692e-15)
(47.719 20.7237 -6.66679e-16)
(49.1473 19.8652 0)
(50.4816 18.813 1.64984e-15)
(51.6894 17.5763 1.90768e-15)
(52.7388 16.173 0)
(53.5992 14.6271 1.95208e-15)
(54.2415 12.9737 -1.91516e-15)
(54.6461 11.2549 0)
(54.805 9.51849 -2.28677e-16)
(54.7241 7.81336 4.17858e-17)
(54.4219 6.17858 1.08885e-16)
(53.9247 4.63273 1.63573e-15)
(53.258 3.17963 -5.74533e-18)
(52.4384 1.82367 -4.3529e-17)
(51.4752 0.574969 -3.64671e-17)
(50.3783 -0.556136 7.98922e-17)
(49.1543 -1.56167 2.1605e-15)
(47.8078 -2.43115 7.54359e-15)
(46.3444 -3.15625 5.82005e-17)
(44.7596 -3.73039 -5.29459e-15)
(43.0276 -4.14156 -4.00517e-15)
(41.1938 -4.35579 -5.59692e-15)
(38.9862 -4.37194 -2.94007e-15)
(36.9885 -3.80541 9.06637e-18)
(33.9892 -3.21292 3.45851e-15)
(29.1594 15.2596 -1.22448e-16)
(28.6147 14.3233 -4.22914e-16)
(28.1022 13.2142 8.15185e-16)
(27.6348 11.967 0)
(27.286 10.6594 1.36207e-15)
(27.0649 9.26735 0)
(26.9909 7.82761 -6.54689e-16)
(27.0691 6.42617 2.6068e-15)
(27.2881 5.1158 -1.9855e-15)
(27.6336 3.90334 0)
(28.0833 2.80404 1.4167e-15)
(28.6143 1.83041 1.34551e-15)
(29.2147 0.973556 0)
(29.8747 0.225196 -1.28274e-15)
(30.5843 -0.417318 3.02006e-16)
(31.338 -0.959913 -3.02276e-16)
(32.13 -1.40508 2.87062e-16)
(32.9532 -1.75391 4.90861e-16)
(33.8012 -2.00669 -2.38703e-17)
(34.6673 -2.16321 5.6107e-16)
(35.5442 -2.22173 1.49682e-16)
(36.4232 -2.17952 -1.501e-16)
(37.2941 -2.03251 -4.36908e-16)
(38.1402 -1.7786 3.51567e-16)
(38.9366 -1.42154 -2.16916e-16)
(39.6572 -0.974002 -1.85592e-16)
(40.285 -0.455211 -4.23598e-17)
(40.8127 0.116461 -5.56227e-20)
(41.2366 0.72491 -1.81729e-18)
(41.5544 1.35444 -3.47172e-17)
(41.7654 1.98938 1.67419e-17)
(41.8707 2.61516 -3.02347e-17)
(41.872 3.21817 -3.74037e-16)
(41.7697 3.78466 3.60136e-16)
(41.5542 4.30338 -4.54944e-18)
(41.2278 4.75375 8.99794e-17)
(40.7085 5.12469 6.31995e-16)
(40.0687 5.26176 0)
(38.8519 5.16583 -6.30157e-15)
(30.6429 15.5314 2.16521e-17)
(31.3135 16.3509 0)
(32.1323 17.2046 0)
(33.0587 18.0282 2.16571e-16)
(34.0508 18.7632 -3.16069e-17)
(35.1577 19.4385 0)
(36.3459 20.0217 0)
(37.5922 20.49 -5.38325e-16)
(38.9019 20.8395 -3.08902e-17)
(40.2555 21.057 -4.16513e-17)
(41.6416 21.1323 -1.7354e-15)
(43.0546 21.0564 -4.79439e-16)
(44.4772 20.8196 9.28506e-16)
(45.8939 20.4127 -8.22277e-17)
(47.2853 19.8283 0)
(48.6262 19.0624 0)
(49.8896 18.1153 -4.51161e-15)
(51.0452 16.9929 -8.44013e-16)
(52.0622 15.7094 8.64688e-16)
(52.9118 14.2844 -1.89097e-15)
(53.5648 12.7482 3.60205e-15)
(53.9996 11.1383 1.70957e-15)
(54.2058 9.49853 -1.65782e-15)
(54.1854 7.87418 -1.8755e-15)
(53.9512 6.30191 2.97045e-16)
(53.5233 4.80081 -1.60654e-15)
(52.9225 3.37891 -1.81329e-16)
(52.1647 2.04441 4.03533e-17)
(51.2594 0.808933 -4.02597e-17)
(50.2165 -0.315753 1.34407e-16)
(49.0424 -1.32025 -5.73729e-17)
(47.7422 -2.19284 -3.714e-15)
(46.3213 -2.92349 -1.39123e-16)
(44.777 -3.50384 1.64164e-16)
(43.0859 -3.9192 0)
(41.2941 -4.13272 5.18745e-15)
(39.1475 -4.15155 2.7488e-15)
(37.1279 -3.5775 0)
(34.3709 -2.95477 0)
(30.0635 14.6942 0)
(29.5467 13.8325 3.74434e-16)
(29.0555 12.8103 -1.20252e-15)
(28.6025 11.6579 -5.52986e-16)
(28.2573 10.4496 -1.21902e-15)
(28.0268 9.16098 0)
(27.9299 7.82547 0)
(27.9724 6.52392 -1.17082e-15)
(28.144 5.30546 1.20083e-15)
(28.4314 4.17538 0)
(28.8143 3.1473 -5.96493e-16)
(29.272 2.2329 -6.32142e-16)
(29.7943 1.42303 5.88099e-16)
(30.3731 0.708954 5.98412e-16)
(31.0005 0.088021 -1.10353e-15)
(31.6732 -0.445082 0)
(32.3872 -0.892082 -2.37629e-16)
(33.1371 -1.25272 1.98254e-17)
(33.918 -1.52574 1.02193e-15)
(34.7237 -1.70917 -1.7482e-16)
(35.547 -1.79975 1.66669e-16)
(36.3793 -1.79382 -1.20591e-16)
(37.2102 -1.68689 1.67474e-16)
(38.0235 -1.47661 -7.26559e-16)
(38.7951 -1.16577 -2.3588e-16)
(39.5 -0.764598 1.68265e-16)
(40.1206 -0.289563 -9.1038e-18)
(40.6477 0.242282 0)
(41.0759 0.815127 -4.85014e-19)
(41.4019 1.41341 -1.42121e-17)
(41.6236 2.02142 7.42852e-17)
(41.7413 2.6243 -1.81523e-16)
(41.756 3.20824 6.67937e-16)
(41.6673 3.75881 -5.30983e-16)
(41.4658 4.2638 7.21033e-18)
(41.1535 4.70046 -8.19244e-17)
(40.6556 5.05455 2.05777e-17)
(40.0403 5.17183 -5.83124e-17)
(38.9247 5.04645 -5.6119e-15)
(31.4257 14.945 -1.94065e-17)
(32.0588 15.7013 0)
(32.8303 16.4892 0)
(33.7005 17.2482 -7.86919e-17)
(34.6278 17.9237 2.33687e-17)
(35.66 18.5446 -3.28807e-17)
(36.7649 19.0805 3.29266e-17)
(37.9202 19.5113 2.43385e-16)
(39.132 19.8347 -3.65321e-16)
(40.3824 20.0389 -4.92042e-16)
(41.662 20.1153 6.19251e-16)
(42.9668 20.056 0)
(44.2827 19.8521 -8.80495e-16)
(45.5968 19.4945 -1.01134e-15)
(46.8931 18.9755 -2.70634e-15)
(48.1498 18.2896 -1.15173e-15)
(49.3423 17.4353 2.15133e-15)
(50.4434 16.4159 0)
(51.4237 15.2418 8.11204e-16)
(52.2564 13.9294 -3.65374e-15)
(52.9125 12.5043 -4.11323e-15)
(53.3693 11.0001 -1.24986e-15)
(53.6146 9.45597 1.40161e-15)
(53.6466 7.91368 1.89327e-16)
(53.4739 6.40721 8.93044e-17)
(53.1107 4.95528 -6.33236e-17)
(52.5735 3.569 -1.52229e-16)
(51.8765 2.25988 -9.97647e-18)
(51.029 1.04119 1.13167e-15)
(50.0404 -0.0739234 0)
(48.9172 -1.07457 -2.01605e-15)
(47.6644 -1.94779 1.10752e-16)
(46.2874 -2.68206 1.10373e-16)
(44.7847 -3.26694 9.10401e-15)
(43.1354 -3.68538 9.50128e-17)
(41.3845 -3.89876 -9.23827e-17)
(39.3088 -3.91737 0)
(37.3045 -3.34477 0)
(34.7153 -2.69167 2.52404e-15)
(30.8764 14.1715 1.14587e-16)
(30.3851 13.3762 1.18992e-16)
(29.9138 12.4316 2.35024e-16)
(29.4751 11.3639 1.00521e-15)
(29.135 10.2439 -4.78806e-16)
(28.8987 9.0477 4.81406e-16)
(28.7844 7.80597 1.36481e-15)
(28.7986 6.59441 0)
(28.9318 5.45931 0)
(29.1714 4.40481 0)
(29.4989 3.44336 -1.03354e-15)
(29.8952 2.58578 1.57819e-15)
(30.351 1.82245 -1.06201e-15)
(30.8596 1.14461 4.92088e-16)
(31.4146 0.549235 4.01048e-17)
(32.0143 0.0310568 0)
(32.6564 -0.411315 -8.88915e-16)
(33.337 -0.776822 0)
(34.0527 -1.06329 -1.36778e-17)
(34.7985 -1.26763 -6.7552e-16)
(35.5675 -1.38539 7.24187e-16)
(36.3517 -1.41191 -6.36036e-16)
(37.1409 -1.34203 -4.17306e-16)
(37.9196 -1.17268 2.90162e-16)
(38.6645 -0.905752 -3.95949e-18)
(39.3513 -0.549375 -1.58793e-16)
(39.9622 -0.11743 6.76122e-18)
(40.4864 0.374579 2.93283e-18)
(40.9173 0.911382 -1.05491e-18)
(41.2499 1.47772 1.03244e-17)
(41.4815 2.05797 -5.74009e-18)
(41.6111 2.63706 -4.83695e-18)
(41.6388 3.20094 -2.88173e-16)
(41.5638 3.73451 5.02224e-16)
(41.3769 4.22466 -2.31901e-18)
(41.0793 4.64677 2.24401e-18)
(40.6042 4.98384 2.03459e-17)
(40.015 5.08365 -5.59573e-17)
(38.9961 4.93309 5.47119e-15)
(32.1323 14.4024 -1.37008e-17)
(32.7313 15.1018 2.67838e-17)
(33.4602 15.8302 -7.23742e-17)
(34.2796 16.5305 -1.41806e-16)
(35.149 17.1522 8.05673e-17)
(36.1145 17.7231 0)
(37.1451 18.2153 0)
(38.2194 18.6109 -5.62073e-17)
(39.3438 18.9086 2.58536e-16)
(40.5018 19.0981 0)
(41.6855 19.1723 0)
(42.8925 19.1244 -6.88112e-16)
(44.1107 18.9462 1.49409e-15)
(45.3299 18.6291 -8.0743e-16)
(46.5367 18.1656 1.34348e-16)
(47.7123 17.5492 1.69175e-15)
(48.835 16.7772 -4.47751e-17)
(49.8803 15.8506 3.86692e-15)
(50.8208 14.7766 2.07861e-15)
(51.6315 13.5688 3.14893e-15)
(52.2843 12.2485 1.16889e-15)
(52.7561 10.8453 3.64063e-16)
(53.0328 9.39454 -1.57044e-15)
(53.11 7.93418 1.73569e-16)
(52.9922 6.49554 7.37628e-16)
(52.689 5.0963 6.12094e-16)
(52.2126 3.7494 1.25273e-16)
(51.5749 2.46921 -7.84369e-17)
(50.7848 1.27065 -1.00873e-15)
(49.8508 0.168158 0)
(48.779 -0.825918 -1.62496e-15)
(47.5748 -1.69742 -1.02811e-16)
(46.2433 -2.43337 -2.50585e-15)
(44.7836 -3.02133 -8.7796e-15)
(43.1775 -3.44212 -8.87363e-17)
(41.4673 -3.65608 8.62651e-17)
(39.4619 -3.67142 -2.40088e-15)
(37.5024 -3.10657 -1.96881e-17)
(35.0486 -2.4283 -4.62338e-15)
(31.6104 13.6865 0)
(31.1424 12.9505 -1.88549e-16)
(30.6901 12.0757 -2.06461e-16)
(30.2655 11.084 3.96543e-16)
(29.9316 10.0434 0)
(29.6924 8.93052 0)
(29.565 7.77335 -3.23032e-15)
(29.5566 6.64339 -1.63771e-15)
(29.6586 5.58413 2.58197e-15)
(29.8588 4.5991 -2.65811e-15)
(30.14 3.69959 9.5901e-16)
(30.4845 2.89581 -9.76679e-16)
(30.8836 2.17797 4.61206e-17)
(31.3315 1.53707 -9.60978e-16)
(31.823 0.969822 1.38085e-15)
(32.3573 0.47069 8.71751e-16)
(32.9336 0.0381244 4.11916e-16)
(33.5495 -0.326597 0)
(34.2028 -0.6208 -5.38252e-16)
(34.8898 -0.84059 -1.64874e-16)
(35.6047 -0.980692 0)
(36.34 -1.03559 5.83651e-16)
(37.0863 -0.999397 1.95253e-16)
(37.8289 -0.868252 -2.01252e-16)
(38.5454 -0.642849 2.12522e-16)
(39.2118 -0.329491 0)
(39.8105 0.0603058 0)
(40.3297 0.512683 8.56173e-19)
(40.7613 1.01317 5.80236e-19)
(41.0992 1.54696 6.65483e-18)
(41.3395 2.09867 -2.78368e-17)
(41.4803 2.65309 -8.2518e-17)
(41.5208 3.19596 1.89681e-16)
(41.4595 3.71158 1.56465e-16)
(41.2874 4.18589 -1.71512e-16)
(41.0056 4.59285 9.40263e-18)
(40.5542 4.91277 -6.56875e-18)
(39.9929 4.99736 1.69421e-15)
(39.066 4.82667 0)
(32.7724 13.8986 -3.4879e-17)
(33.3403 14.5464 -2.89301e-17)
(34.0302 15.2207 7.49432e-17)
(34.8036 15.8676 8.06437e-17)
(35.6207 16.4402 -7.54012e-17)
(36.5263 16.9651 1.35224e-17)
(37.4901 17.417 -1.41568e-16)
(38.4917 17.7796 -4.59542e-16)
(39.5377 18.0523 2.30125e-16)
(40.6127 18.2265 0)
(41.7099 18.2963 -9.03484e-16)
(42.828 18.2556 1.70243e-15)
(43.9569 18.0976 -6.15642e-16)
(45.0884 17.814 8.08725e-16)
(46.2114 17.3974 9.76565e-16)
(47.3097 16.8413 1.88022e-15)
(48.3645 16.1417 -2.08288e-15)
(49.3537 15.2981 -1.50071e-16)
(50.2524 14.3153 -2.64532e-15)
(51.0369 13.2041 0)
(51.6809 11.9821 -3.01912e-15)
(52.1611 10.6753 -4.54958e-18)
(52.4621 9.31513 3.91386e-16)
(52.5774 7.93602 -1.57335e-16)
(52.5082 6.56652 -5.49464e-16)
(52.2601 5.22292 7.50124e-17)
(51.8414 3.919 0)
(51.2613 2.67124 -2.59995e-16)
(50.5277 1.49609 1.08615e-15)
(49.6481 0.409199 -1.89372e-15)
(48.6284 -0.575686 1.64283e-15)
(47.4737 -1.44324 1.66823e-16)
(46.1889 -2.17902 2.2562e-15)
(44.7739 -2.76881 4.16819e-15)
(43.2129 -3.19141 -1.10783e-16)
(41.5451 -3.4064 5.22808e-17)
(39.6067 -3.41715 2.22261e-15)
(37.7064 -2.86488 3.46071e-16)
(35.3788 -2.16896 2.0884e-15)
(32.2756 13.2349 4.55706e-17)
(31.8293 12.5525 1.54741e-16)
(31.3949 11.7404 0)
(30.9843 10.8177 0)
(30.6575 9.8488 7.38e-16)
(30.4174 8.81129 6.69215e-16)
(30.2803 7.73102 2.78155e-15)
(30.254 6.6753 8.2203e-16)
(30.3305 5.68547 -1.56823e-15)
(30.498 4.76432 5.13627e-17)
(30.7403 3.92247 8.24563e-16)
(31.0409 3.16944 0)
(31.3916 2.49536 8.68479e-16)
(31.787 1.89126 8.21842e-16)
(32.2227 1.35331 -1.64379e-15)
(32.6989 0.875797 0)
(33.2153 0.456786 -7.36221e-16)
(33.7713 0.0974161 6.89401e-16)
(34.3656 -0.199541 -3.27254e-16)
(34.9958 -0.429815 1.32715e-16)
(35.6573 -0.587554 6.49893e-16)
(36.3436 -0.666614 0)
(37.0463 -0.660497 0)
(37.7516 -0.564561 -6.42157e-18)
(38.4379 -0.378195 -2.78277e-17)
(39.082 -0.105836 -1.69545e-16)
(39.6663 0.243054 7.05039e-18)
(40.1783 0.656299 3.9906e-17)
(40.6086 1.12043 0)
(40.9503 1.62124 7.96849e-18)
(41.1982 2.14371 2.43562e-17)
(41.3494 2.67266 2.5903e-17)
(41.4022 3.19362 -3.1794e-16)
(41.3546 3.69034 -2.76149e-16)
(41.1977 4.14787 1.72209e-16)
(40.9323 4.53902 -7.82164e-18)
(40.5059 4.84162 -8.48715e-16)
(39.9737 4.91286 -1.6013e-15)
(39.1342 4.72657 -4.63323e-15)
(33.3539 13.4293 6.52838e-18)
(33.8932 14.0302 2.48537e-17)
(34.5474 14.655 4.49245e-17)
(35.2787 15.2532 0)
(36.0483 15.7808 0)
(36.8995 16.2636 -2.81312e-17)
(37.803 16.6781 1.27811e-16)
(38.739 17.0098 4.26103e-17)
(39.7142 17.2587 -7.65453e-16)
(40.7143 17.4176 2.89123e-16)
(41.7331 17.4813 4.00442e-16)
(42.7705 17.4451 -2.09046e-15)
(43.8176 17.3026 5.47529e-16)
(44.8681 17.0466 -1.31834e-15)
(45.9129 16.6699 0)
(46.9382 16.166 -8.87717e-16)
(47.9274 15.5303 1.56038e-15)
(48.8612 14.7609 -2.68515e-15)
(49.7167 13.8609 5.87393e-16)
(50.4718 12.8386 1.8072e-15)
(51.1023 11.7083 2.58278e-15)
(51.5852 10.4929 0)
(51.9041 9.21995 1.22861e-15)
(52.0508 7.9208 1.44526e-16)
(52.0239 6.62111 -2.66215e-18)
(51.826 5.33533 3.95236e-16)
(51.4613 4.0774 1.27056e-16)
(50.9367 2.86522 1.89107e-16)
(50.2585 1.71657 -9.73718e-16)
(49.4331 0.648139 1.89976e-15)
(48.4658 -0.324974 -9.89646e-17)
(47.3613 -1.18635 2.46682e-15)
(46.1245 -1.92024 -2.14514e-15)
(44.7557 -2.51065 0)
(43.2415 -2.93462 2.85826e-15)
(41.6189 -3.15091 -4.91254e-17)
(39.7456 -3.15765 6.00942e-18)
(37.9081 -2.6221 -2.73915e-16)
(35.7061 -1.91673 4.71285e-17)
(32.8804 12.813 3.12675e-17)
(32.4543 12.1792 -2.82003e-16)
(32.037 11.4242 0)
(31.6403 10.564 -5.92346e-16)
(31.3211 9.6604 1.19032e-15)
(31.0818 8.69158 -1.22419e-15)
(30.9378 7.68142 -7.3119e-17)
(30.8972 6.69364 1.30809e-15)
(30.9528 5.76741 0)
(31.0929 4.90514 2.0406e-15)
(31.3025 4.11681 -7.26706e-16)
(31.5658 3.41141 7.38706e-16)
(31.8749 2.77924 -1.13412e-15)
(32.2248 2.21108 -1.98759e-17)
(32.6118 1.70296 -3.43232e-16)
(33.0361 1.24866 0)
(33.4987 0.845944 1.03195e-15)
(33.9994 0.495544 -3.20226e-16)
(34.5385 0.200036 1.60101e-17)
(35.1144 -0.0362737 -1.07812e-15)
(35.724 -0.207391 -3.71343e-16)
(36.3618 -0.306703 -1.12736e-16)
(37.0206 -0.327142 -8.36772e-17)
(37.6877 -0.263104 3.83845e-16)
(38.3425 -0.112819 2.7534e-17)
(38.9625 0.120768 3.36017e-16)
(39.5302 0.430197 2.11659e-17)
(40.0328 0.805029 -4.46767e-17)
(40.46 1.23294 -3.89086e-18)
(40.8038 1.70047 -7.13148e-18)
(41.058 2.1931 -6.50714e-19)
(41.2188 2.69581 2.46367e-17)
(41.2833 3.19398 1.30393e-16)
(41.2492 3.67094 3.35455e-17)
(41.1079 4.11078 4.88165e-18)
(40.8596 4.48554 -9.54353e-19)
(40.459 4.77082 7.79954e-16)
(39.9574 4.83038 -1.53928e-15)
(39.2005 4.63265 4.43449e-15)
(33.8838 12.991 4.25492e-17)
(34.3966 13.5489 -1.17218e-16)
(35.0176 14.1284 4.8952e-17)
(35.7103 14.682 0)
(36.4365 15.1683 -1.64928e-17)
(37.2381 15.6124 -4.05297e-18)
(38.0866 15.9925 -1.16162e-16)
(38.9631 16.2953 -6.83182e-17)
(39.8742 16.5217 2.07129e-16)
(40.8063 16.6654 5.74359e-16)
(41.7539 16.7221 3.13836e-16)
(42.7178 16.688 1.33114e-15)
(43.6901 16.5575 -5.61036e-16)
(44.666 16.3242 6.44294e-16)
(45.638 15.9815 0)
(46.5943 15.5228 0)
(47.5207 14.9433 -2.54965e-15)
(48.4 14.2403 9.08774e-16)
(49.2118 13.4153 2.00011e-15)
(49.9353 12.4746 -2.30195e-15)
(50.5485 11.4297 2.80442e-15)
(51.0291 10.3003 -2.45593e-15)
(51.3601 9.11108 -5.45553e-16)
(51.532 7.89 1.33699e-16)
(51.5415 6.6601 1.14408e-15)
(51.3885 5.43376 -5.41763e-16)
(51.0742 4.22434 -9.1277e-17)
(50.6025 3.05067 0)
(49.9782 1.93146 -8.24904e-16)
(49.2064 0.884355 9.21842e-17)
(48.2914 -0.0744487 -9.15161e-17)
(47.2379 -0.92743 -2.34879e-15)
(46.05 -1.65761 -2.13415e-17)
(44.729 -2.24748 -1.20165e-16)
(43.2631 -2.6723 -4.74476e-17)
(41.6885 -2.89014 -3.67405e-15)
(39.8801 -2.89493 2.01284e-15)
(38.1045 -2.38021 4.2203e-17)
(36.0271 -1.67289 -4.59504e-17)
(33.4321 12.418 1.3593e-16)
(33.0248 11.8285 1.17342e-16)
(32.6238 11.1254 2.45124e-16)
(32.2407 10.3225 2.93865e-16)
(31.9297 9.47844 -1.63302e-15)
(31.6924 8.57248 1.01815e-15)
(31.5436 7.62658 4.39238e-16)
(31.4918 6.7012 0)
(31.5301 5.83348 5.85189e-16)
(31.6473 5.02563 -6.76344e-16)
(31.8291 4.28707 1.24694e-15)
(32.0605 3.62636 -1.29261e-15)
(32.3339 3.03382 0)
(32.6444 2.50043 0)
(32.9885 2.02187 1.00469e-15)
(33.367 1.59166 3.29286e-16)
(33.7811 1.20702 -3.29862e-16)
(34.2314 0.868287 2.73677e-16)
(34.7191 0.577592 5.52046e-16)
(35.2437 0.33901 5.04455e-16)
(35.8032 0.158559 4.45229e-16)
(36.3935 0.0429662 0)
(37.0086 -0.000358501 -3.43285e-16)
(37.6371 0.0349291 -6.65893e-17)
(38.2593 0.151864 6.69227e-17)
(38.8535 0.349069 2.94807e-17)
(39.4027 0.62079 -1.35191e-17)
(39.8939 0.958235 -7.8726e-18)
(40.3161 1.35033 3.69972e-18)
(40.6603 1.7845 0)
(40.9195 2.24686 -1.52534e-17)
(41.0888 2.72266 2.54803e-17)
(41.1645 3.19724 4.16287e-17)
(41.1438 3.65359 1.0378e-16)
(41.0181 4.07495 -2.32249e-17)
(40.7876 4.4328 1.93717e-16)
(40.4136 4.70078 -8.69256e-16)
(39.9438 4.75023 1.5481e-15)
(39.2648 4.54467 -5.19298e-17)
(34.3677 12.5806 -7.80144e-17)
(34.8558 13.0991 3.87972e-17)
(35.4462 13.637 -1.61307e-17)
(36.103 14.1494 1.28174e-16)
(36.7893 14.598 -1.01535e-16)
(37.5454 15.0064 3.24383e-17)
(38.3436 15.3546 1.06131e-16)
(39.1657 15.6305 1.6141e-16)
(40.0184 15.8357 4.0656e-16)
(40.8886 15.9645 -5.42952e-16)
(41.7714 16.0138 -3.98264e-16)
(42.668 15.9802 3.66469e-16)
(43.5718 15.8591 0)
(44.4789 15.6447 1.68844e-15)
(45.3832 15.3308 -5.81098e-16)
(46.2747 14.9114 0)
(47.1414 14.3815 1.58214e-15)
(47.9678 13.7377 0)
(48.7359 12.9804 -1.90609e-15)
(49.4264 12.1141 -1.94923e-15)
(50.0194 11.1483 4.08088e-16)
(50.4934 10.0998 1.86043e-15)
(50.8313 8.9903 7.26905e-16)
(51.0226 7.84499 -2.4317e-16)
(51.0629 6.68425 -7.35536e-16)
(50.9497 5.5183 -5.65439e-17)
(50.6817 4.35952 6.91175e-17)
(50.2602 3.22696 -1.32507e-17)
(49.688 2.14002 6.94232e-16)
(48.9688 1.11697 1.49399e-15)
(48.1061 0.175123 0)
(47.1038 -0.667135 0)
(45.9659 -1.39166 0)
(44.6938 -1.97959 -9.07712e-17)
(43.2778 -2.40465 -2.3023e-15)
(41.7535 -2.62432 3.44135e-15)
(40.0107 -2.62982 -3.93775e-15)
(38.2955 -2.13974 -3.52544e-17)
(36.3387 -1.43711 1.13169e-15)
(33.9365 12.0473 1.13777e-16)
(33.547 11.4983 -3.11334e-16)
(33.1615 10.8427 -3.93147e-16)
(32.7918 10.0924 8.83348e-16)
(32.4892 9.30297 8.81198e-16)
(32.255 8.45476 0)
(32.1032 7.56807 -1.86427e-15)
(32.0425 6.70014 -1.87479e-15)
(32.0666 5.88644 -1.99154e-15)
(32.1645 5.12896 4.75023e-16)
(32.3226 4.43663 -1.73156e-15)
(32.5267 3.81763 1.21071e-15)
(32.7691 3.26255 5.92247e-16)
(33.0453 2.76244 -1.62578e-17)
(33.3519 2.3128 -1.21911e-15)
(33.6898 1.90689 0)
(34.0604 1.54144 0)
(34.465 1.21631 -5.42868e-16)
(34.9052 0.933147 0)
(35.3817 0.695542 0)
(35.8935 0.509222 -6.20395e-16)
(36.4377 0.380951 -1.72762e-16)
(37.0097 0.318336 4.01081e-16)
(37.5993 0.328252 -7.55383e-17)
(38.1882 0.414853 5.28447e-17)
(38.7553 0.578211 -4.6381e-17)
(39.2844 0.814139 0)
(39.7623 1.11542 0)
(40.1775 1.47231 0)
(40.5204 1.87322 2.47057e-17)
(40.7832 2.305 1.29586e-17)
(40.96 2.75331 1.60205e-18)
(41.0462 3.20355 -3.75391e-17)
(41.0385 3.63853 -3.15957e-17)
(40.9286 4.04067 2.25234e-17)
(40.7164 4.38116 -4.21914e-16)
(40.3697 4.63201 -3.85379e-17)
(39.9324 4.67287 0)
(39.3268 4.46296 3.75472e-15)
(34.8106 12.1955 2.752e-17)
(35.2756 12.6777 -2.62711e-17)
(35.8372 13.1773 -1.17969e-16)
(36.4608 13.6519 -5.63612e-17)
(37.1102 14.0657 8.81558e-17)
(37.8243 14.4412 0)
(38.5764 14.7598 0)
(39.3487 15.0109 -4.03183e-16)
(40.1479 15.1961 5.03273e-16)
(40.9614 15.3107 4.64469e-16)
(41.7849 15.3522 -2.85361e-16)
(42.62 15.318 -1.02491e-15)
(43.4609 15.204 4.47826e-16)
(44.3044 15.0053 4.85963e-16)
(45.1459 14.7162 -5.76339e-16)
(45.9768 14.331 -5.53885e-17)
(46.7867 13.8447 -6.7424e-16)
(47.5622 13.2537 0)
(48.2872 12.5574 -1.60897e-15)
(48.9438 11.7591 1.85801e-15)
(49.5143 10.8663 -1.95915e-15)
(49.9781 9.89348 4.70979e-16)
(50.3184 8.85956 -2.28172e-15)
(50.5241 7.78735 8.70589e-16)
(50.5898 6.69469 0)
(50.5116 5.58952 4.11735e-16)
(50.2858 4.48291 0)
(49.9113 3.39371 0)
(49.3891 2.34157 0)
(48.7213 1.34526 -1.33715e-15)
(47.9103 0.422932 1.41328e-16)
(46.9595 -0.406221 1.94085e-15)
(45.8722 -1.12305 1.04688e-16)
(44.6503 -1.70753 -1.03432e-16)
(43.2858 -2.13192 0)
(41.8135 -2.35364 0)
(40.1372 -2.36217 3.72119e-17)
(38.4819 -1.8996 -9.79504e-16)
(36.6393 -1.20826 -1.08188e-15)
(34.3987 11.6987 9.91252e-17)
(34.026 11.1869 8.93467e-17)
(33.6553 10.5749 3.65678e-16)
(33.2987 9.87303 -4.62126e-16)
(33.0049 9.13399 -4.3446e-16)
(32.7745 8.33904 1.48995e-15)
(32.621 7.50699 -1.92875e-15)
(32.5534 6.69224 1.72822e-15)
(32.5657 5.92854 1.84678e-15)
(32.6473 5.21778 -3.07039e-17)
(32.7852 4.56847 -5.0135e-16)
(32.9657 3.98849 0)
(33.1813 3.46869 -1.04345e-15)
(33.4276 3.00023 5.27562e-16)
(33.7013 2.5785 0)
(34.0032 2.19662 5.14792e-16)
(34.3349 1.85091 2.48517e-16)
(34.698 1.5407 -9.61305e-16)
(35.0948 1.26705 -2.1388e-16)
(35.5265 1.03307 -4.17661e-16)
(35.9932 0.844002 3.82589e-16)
(36.4931 0.706343 5.30209e-16)
(37.023 0.627685 -1.41719e-16)
(37.5741 0.615469 2.6497e-16)
(38.1291 0.674823 5.13172e-17)
(38.6682 0.806995 -6.70387e-17)
(39.1756 1.00924 2.10558e-17)
(39.6384 1.27583 5.81986e-17)
(40.0449 1.59837 0)
(40.3848 1.96633 -2.34975e-17)
(40.6497 2.3674 0)
(40.8328 2.78779 -7.64638e-17)
(40.9288 3.21305 0)
(40.9338 3.62594 1.70765e-19)
(40.8397 4.00823 -2.13062e-18)
(40.6462 4.331 2.16599e-16)
(40.3272 4.56498 8.39564e-16)
(39.9233 4.59869 0)
(39.3862 4.38768 -3.60206e-15)
(35.2167 11.8334 -2.43944e-17)
(35.6599 12.2823 1.60716e-17)
(36.1947 12.7464 4.78339e-17)
(36.7872 13.186 -6.39516e-17)
(37.4024 13.5678 0)
(38.0776 13.913 4.23537e-17)
(38.7869 14.2043 8.9617e-17)
(39.5134 14.4323 -5.87318e-16)
(40.2634 14.5988 -4.27935e-16)
(41.025 14.6999 -1.30265e-18)
(41.7942 14.7336 -4.83423e-16)
(42.5729 14.6979 6.60026e-16)
(43.3559 14.5894 -7.33404e-16)
(44.1408 14.4038 -8.93148e-16)
(44.924 14.1359 9.56302e-16)
(45.6982 13.7805 -5.75267e-16)
(46.4545 13.3327 1.85518e-15)
(47.1811 12.7889 0)
(47.8637 12.1477 1.53268e-15)
(48.4862 11.4113 1.57286e-15)
(49.0324 10.5857 -4.39422e-16)
(49.4832 9.68337 -1.6671e-15)
(49.8219 8.72088 1.47897e-15)
(50.0375 7.71874 -4.49367e-16)
(50.1237 6.69252 1.9928e-16)
(50.0757 5.64799 -1.8253e-17)
(49.888 4.59461 -9.04085e-17)
(49.5574 3.5506 0)
(49.0828 2.53556 0)
(48.4649 1.56847 1.45461e-16)
(47.705 0.668183 -2.30702e-15)
(46.8056 -0.145494 -4.01907e-15)
(45.7695 -0.852539 1.13253e-16)
(44.5988 -1.43181 0)
(43.287 -1.85458 2.26629e-15)
(41.8682 -2.07847 2.90271e-15)
(40.2592 -2.09151 3.54537e-15)
(38.6643 -1.65844 1.8671e-15)
(36.9286 -0.985127 0)
(34.8231 11.3703 6.44138e-17)
(34.4663 10.8928 -1.62938e-16)
(34.1099 10.3211 0)
(33.7662 9.66383 -1.37278e-15)
(33.481 8.97142 -9.68442e-16)
(33.255 8.22571 -4.04555e-16)
(33.1011 7.44432 7.17721e-16)
(33.0282 6.67885 -7.10858e-16)
(33.0308 5.96154 0)
(33.0985 5.29417 1.62555e-15)
(33.2189 4.68491 8.64745e-16)
(33.379 4.14138 4.61984e-16)
(33.5713 3.65469 5.00363e-16)
(33.7915 3.21619 -9.69347e-16)
(34.0361 2.82123 0)
(34.3062 2.46281 -4.84339e-16)
(34.6032 2.13693 -9.2103e-16)
(34.929 1.84246 4.5069e-16)
(35.286 1.57983 4.25205e-16)
(35.6764 1.35151 3.95619e-16)
(36.1008 1.16229 -7.1611e-16)
(36.5586 1.01829 -1.5998e-16)
(37.0476 0.926902 4.41499e-16)
(37.5607 0.895752 -3.6854e-19)
(38.0818 0.930801 -2.16737e-16)
(38.5921 1.03446 -1.78488e-16)
(39.0766 1.20524 0)
(39.5228 1.4388 -5.527e-17)
(39.9188 1.72805 0)
(40.2542 2.06359 0)
(40.5196 2.43402 0)
(40.7079 2.82619 7.2814e-17)
(40.8127 3.22591 -7.44242e-17)
(40.8299 3.61611 -6.45508e-17)
(40.7516 3.97797 -1.30328e-17)
(40.5772 4.28277 3.4717e-17)
(40.2862 4.50023 -9.06315e-16)
(39.916 4.52798 0)
(39.443 4.31882 0)
(35.5896 11.4925 -3.64557e-17)
(36.0123 11.9105 1.17751e-17)
(36.5219 12.3418 -1.74881e-17)
(37.0852 12.7492 1.34327e-16)
(37.6685 13.1014 0)
(38.3075 13.4185 -3.98269e-17)
(38.9772 13.6846 0)
(39.6614 13.8912 -4.48104e-16)
(40.366 14.0403 -3.26142e-16)
(41.0797 14.1286 3.96618e-16)
(41.799 14.1547 5.23818e-16)
(42.5258 14.1169 -5.32301e-16)
(43.2555 14.0127 6.96079e-16)
(43.9864 13.8381 -7.56672e-16)
(44.7155 13.5885 -9.09059e-16)
(45.4368 13.2592 -5.15505e-16)
(46.1425 12.8454 5.27523e-16)
(46.8224 12.3436 -6.2628e-16)
(47.464 11.7521 -3.82479e-17)
(48.0523 11.0719 -2.20385e-15)
(48.5732 10.3081 0)
(49.0085 9.47123 1.20461e-15)
(49.3424 8.57597 -1.48576e-15)
(49.5637 7.64075 -5.81114e-16)
(49.666 6.67898 -5.28145e-16)
(49.6437 5.69442 -4.05627e-16)
(49.49 4.69481 1.39925e-16)
(49.1998 3.69745 -1.02375e-17)
(48.7704 2.72152 -5.91489e-16)
(48.2007 1.786 0)
(47.491 0.910107 4.05733e-15)
(46.6427 0.114218 3.60743e-15)
(45.6581 -0.58099 0)
(44.5395 -1.15342 0)
(43.2817 -1.5735 -2.15151e-15)
(41.9176 -1.79932 -2.75958e-15)
(40.3766 -1.81763 -1.63187e-15)
(38.8428 -1.41519 -9.82819e-16)
(37.206 -0.766092 -2.74377e-18)
(35.2134 11.0606 -8.94888e-17)
(34.8718 10.6147 1.44687e-16)
(34.5291 10.0801 6.71729e-16)
(34.1979 9.46426 3.31164e-16)
(33.9216 8.81508 9.15343e-16)
(33.7004 8.11508 -9.19943e-16)
(33.5469 7.3807 0)
(33.47 6.66107 1.33765e-15)
(33.4645 5.9869 7.00166e-16)
(33.5204 5.35999 -2.95218e-15)
(33.6258 4.78807 -2.38191e-15)
(33.7681 4.27853 8.31193e-16)
(33.9401 3.82286 4.22195e-16)
(34.1372 3.41263 4.36189e-16)
(34.3564 3.04319 -4.39332e-16)
(34.5982 2.70747 8.59623e-16)
(34.8643 2.4012 2.22857e-18)
(35.1564 2.12283 7.85574e-16)
(35.4774 1.87219 -7.65562e-16)
(35.8297 1.65122 0)
(36.2147 1.46403 4.94088e-16)
(36.6326 1.31626 -6.05175e-16)
(37.0825 1.21496 -1.25151e-16)
(37.5584 1.16785 -2.37948e-16)
(38.0458 1.18153 2.05592e-16)
(38.5269 1.25939 -4.00031e-17)
(38.9876 1.40109 4.04463e-17)
(39.4157 1.60347 5.94757e-17)
(39.7998 1.8607 0)
(40.1289 2.16456 3.46853e-17)
(40.3936 2.5046 -9.98445e-17)
(40.5857 2.86843 0)
(40.6985 3.2422 7.6514e-17)
(40.7273 3.6092 -2.89882e-17)
(40.6646 3.95019 -2.03876e-17)
(40.5095 4.23682 3.74626e-17)
(40.2465 4.43822 7.89917e-16)
(39.9103 4.46119 3.151e-17)
(39.497 4.25661 0)
(35.9326 11.1711 4.22416e-17)
(36.336 11.5604 0)
(36.8216 11.9614 -1.47123e-16)
(37.3576 12.3389 0)
(37.9109 12.6637 4.25819e-18)
(38.5161 12.9549 -4.14659e-18)
(39.1491 13.1977 1.5276e-16)
(39.7939 13.3845 4.60026e-16)
(40.4565 13.5173 1.02433e-17)
(41.1261 13.5936 3.12566e-16)
(41.7993 13.6123 -3.75415e-16)
(42.4783 13.5722 -1.49434e-15)
(43.1588 13.4712 6.46906e-16)
(43.8397 13.3059 6.09418e-17)
(44.5187 13.0722 1.54061e-15)
(45.1906 12.7657 0)
(45.8487 12.3822 -9.59415e-16)
(46.4843 11.918 0)
(47.0862 11.3712 0)
(47.641 10.7421 2.61444e-15)
(48.1356 10.035 0)
(48.5536 9.25881 0)
(48.8799 8.42661 2.77117e-15)
(49.1035 7.55494 6.60934e-16)
(49.2178 6.6553 7.65281e-16)
(49.217 5.72963 -8.09981e-17)
(49.0933 4.78393 -1.90808e-17)
(48.8402 3.83423 -2.6977e-16)
(48.4532 2.89908 5.66036e-16)
(47.9298 1.99719 0)
(47.269 1.148 -1.79178e-16)
(46.4715 0.372119 -1.58251e-15)
(45.5386 -0.309206 5.67651e-15)
(44.4728 -0.873032 0)
(43.2699 -1.28941 -1.85843e-15)
(41.9617 -1.51685 6.82479e-17)
(40.489 -1.54068 -6.5397e-17)
(39.0175 -1.16947 0)
(37.4716 -0.550364 0)
(35.5729 10.768 -6.8758e-17)
(35.2458 10.3516 0)
(34.9163 9.85132 -9.27425e-16)
(34.5973 9.2739 -9.95489e-16)
(34.3297 8.66486 0)
(34.1138 8.00733 0)
(33.9614 7.31678 2.04355e-15)
(33.8816 6.63985 1.10878e-15)
(33.8695 6.00591 0)
(33.9153 5.41664 7.26974e-16)
(34.0076 4.87959 -6.98135e-16)
(34.1344 4.40186 0)
(34.2884 3.97525 0)
(34.4654 3.59163 3.84234e-16)
(34.662 3.24633 -7.79618e-16)
(34.8788 2.93234 7.71279e-16)
(35.1172 2.64518 -3.83687e-16)
(35.3792 2.38291 -1.5915e-17)
(35.6676 2.14487 -3.40244e-16)
(35.9851 1.93243 6.59339e-16)
(36.3335 1.74906 -1.53386e-16)
(36.714 1.5998 -1.45521e-16)
(37.1265 1.49124 3.83816e-16)
(37.5665 1.43101 2.24076e-16)
(38.0207 1.42621 -1.05708e-16)
(38.4725 1.48101 0)
(38.9085 1.59597 -1.43944e-16)
(39.3176 1.76911 2.80708e-18)
(39.6883 1.99578 0)
(40.0097 2.26887 -3.29641e-17)
(40.2721 2.57897 9.49412e-17)
(40.4668 2.91451 7.49811e-17)
(40.5867 3.26208 8.52222e-18)
(40.6264 3.60548 -2.74793e-17)
(40.5791 3.92525 -1.69341e-17)
(40.4434 4.19362 3.61603e-16)
(40.2083 4.37943 -2.23644e-17)
(39.9059 4.39851 1.17361e-15)
(39.548 4.20083 0)
(36.2484 10.8676 -4.93855e-17)
(36.6334 11.2303 2.97449e-17)
(37.0965 11.6031 1.25408e-17)
(37.6065 11.953 0)
(38.1319 12.2525 -1.47431e-17)
(38.7055 12.5197 0)
(39.304 12.741 -2.16941e-16)
(39.9122 12.9094 1.37227e-16)
(40.5359 13.0271 6.90176e-16)
(41.1646 13.0921 9.74571e-16)
(41.7953 13.1038 -3.20606e-16)
(42.43 13.0612 9.61977e-16)
(43.0651 12.9627 0)
(43.6997 12.8053 1.22358e-15)
(44.3322 12.5855 -7.19645e-16)
(44.958 12.2993 -4.04159e-17)
(45.5716 11.9426 1.76308e-15)
(46.1651 11.512 -1.39694e-15)
(46.7288 11.0055 -5.20086e-16)
(47.2507 10.423 -2.34792e-15)
(47.7187 9.76789 6.4725e-16)
(48.1181 9.04782 -3.05473e-16)
(48.4346 8.2745 -1.92385e-15)
(48.6574 7.46285 -3.29077e-16)
(48.7801 6.6228 0)
(48.7969 5.75454 0)
(48.6994 4.86239 0)
(48.4799 3.96094 2.10365e-16)
(48.1324 3.06792 6.49804e-17)
(47.6532 2.20152 1.03745e-15)
(47.0401 1.38111 -1.86452e-15)
(46.2925 0.62727 1.32695e-15)
(45.4113 -0.0381695 -5.23093e-15)
(44.3988 -0.591762 1.2569e-16)
(43.2518 -1.0033 1.64482e-15)
(42.0004 -1.23184 0)
(40.5964 -1.26129 -1.51029e-15)
(39.1878 -0.921547 -1.27202e-17)
(37.7253 -0.337104 2.68787e-16)
(35.9044 10.4913 6.42e-18)
(35.5912 10.1022 -1.87058e-17)
(35.2745 9.63394 3.92664e-16)
(34.9673 9.09225 1.13368e-15)
(34.7084 8.52055 4.05425e-16)
(34.498 7.90261 4.27718e-16)
(34.3474 7.25293 -2.37353e-15)
(34.2656 6.61592 9.01269e-16)
(34.248 6.0195 5.35833e-16)
(34.2851 5.46543 1.76901e-15)
(34.366 4.96097 -6.19766e-16)
(34.4791 4.51295 6.40451e-16)
(34.6174 4.11348 0)
(34.7765 3.75479 0)
(34.9532 3.43229 0)
(35.1477 3.13901 -3.42948e-16)
(35.3616 2.87031 1.26514e-17)
(35.5965 2.62395 3.24279e-16)
(35.8554 2.39885 -6.33342e-16)
(36.1411 2.19581 2.38968e-18)
(36.4559 2.01764 2.84844e-16)
(36.8014 1.86876 -1.24062e-16)
(37.1786 1.75522 -2.25513e-16)
(37.584 1.68444 1.21749e-17)
(38.0058 1.6638 9.97354e-17)
(38.4283 1.69817 0)
(38.8395 1.78884 1.36645e-16)
(39.2286 1.93479 -5.62922e-17)
(39.5847 2.1325 -5.99451e-18)
(39.8971 2.37597 8.10619e-18)
(40.1557 2.65677 1.11682e-16)
(40.3518 2.96423 -1.73295e-16)
(40.4777 3.28556 1.67079e-17)
(40.5278 3.60508 9.32964e-17)
(40.4953 3.9034 0)
(40.379 4.1535 -2.83454e-16)
(40.1714 4.32433 -8.91787e-16)
(39.9026 4.34037 -1.12289e-15)
(39.5959 4.15164 -2.62054e-15)
(36.5395 10.5807 7.95199e-18)
(36.9071 10.9188 0)
(37.3487 11.2654 1.09145e-17)
(37.8343 11.5895 1.90906e-17)
(38.3333 11.8657 -4.62324e-18)
(38.8771 12.1107 -8.92992e-17)
(39.4434 12.312 2.04638e-16)
(40.0175 12.4634 -1.35818e-16)
(40.6049 12.5672 -6.46219e-16)
(41.1957 12.6218 -2.71237e-16)
(41.7869 12.6268 4.02139e-16)
(42.3807 12.5817 0)
(42.9738 12.4851 0)
(43.5656 12.3346 -1.16259e-15)
(44.1548 12.1269 0)
(44.7377 11.8586 -7.29392e-16)
(45.3094 11.5259 -2.31114e-15)
(45.8632 11.1255 1.81011e-15)
(46.3904 10.6554 0)
(46.8804 10.1152 1.57081e-15)
(47.3219 9.50769 5.59141e-16)
(47.7018 8.83943 -2.94786e-16)
(48.0066 8.12106 5.70614e-16)
(48.2261 7.36605 2.68421e-16)
(48.354 6.58291 0)
(48.3848 5.77028 6.66685e-17)
(48.3099 4.93089 -8.11574e-17)
(48.1205 4.07788 -2.25517e-16)
(47.8096 3.22791 -5.68384e-16)
(47.3723 2.39855 -1.61927e-15)
(46.8051 1.6087 -1.88724e-16)
(46.1066 0.879002 1.33991e-16)
(45.2769 0.231329 0)
(44.3179 -0.310339 0)
(43.2274 -0.715984 1.60396e-15)
(42.0337 -0.94524 2.31966e-15)
(40.6984 -0.980495 1.43732e-15)
(39.3531 -0.672259 1.16877e-15)
(37.9676 -0.126058 -2.3512e-16)
(36.2105 10.2295 1.54655e-16)
(35.9106 9.86574 -3.68293e-16)
(35.6062 9.4272 1.85298e-16)
(35.3104 8.91886 2.21556e-16)
(35.0603 8.382 -4.23133e-16)
(34.8555 7.80101 0)
(34.7071 7.18956 1.98821e-15)
(34.6241 6.58981 -1.80892e-15)
(34.6019 6.02849 1.39193e-15)
(34.6316 5.50735 0)
(34.7025 5.03335 0)
(34.8036 4.61309 -6.02832e-16)
(34.928 4.23908 6.03553e-16)
(35.0712 3.90381 -1.97312e-17)
(35.2301 3.60274 6.15414e-16)
(35.405 3.32904 0)
(35.5969 3.07802 3.16231e-16)
(35.8076 2.84718 0)
(36.0399 2.63505 6.44907e-19)
(36.2967 2.4419 8.17468e-16)
(36.5806 2.26999 -5.14883e-16)
(36.8938 2.12308 1.32467e-16)
(37.2377 2.00663 1.13892e-16)
(37.6101 1.92767 0)
(38.0004 1.89372 1.7561e-16)
(38.3942 1.91014 0)
(38.7803 1.97893 -1.19732e-16)
(39.1488 2.09983 -1.8869e-17)
(39.4893 2.27028 -2.31933e-18)
(39.7913 2.48538 -7.3199e-17)
(40.045 2.73771 -1.1398e-16)
(40.2412 3.01752 8.94067e-17)
(40.3721 3.31268 0)
(40.4317 3.60821 -1.52795e-16)
(40.4136 3.88499 0)
(40.3164 4.1169 3.49484e-16)
(40.1359 4.2733 8.3009e-16)
(39.9 4.28697 -7.58125e-17)
(39.6405 4.10883 2.5864e-15)
(36.8081 10.3094 9.3324e-18)
(37.1591 10.6245 -2.23763e-17)
(37.5803 10.9467 1.00223e-16)
(38.0427 11.2469 -2.00513e-17)
(38.5168 11.5014 -3.44704e-17)
(39.0326 11.7258 8.41364e-17)
(39.5687 11.9086 0)
(40.1109 12.0444 2.91954e-16)
(40.6644 12.1353 0)
(41.2198 12.1802 0)
(41.7744 12.179 -3.47797e-16)
(42.3302 12.1314 -5.43e-17)
(42.8843 12.0364 4.17656e-16)
(43.4364 11.8918 0)
(43.9855 11.6949 0)
(44.5284 11.4426 1.25312e-15)
(45.061 11.1314 1.47267e-15)
(45.5773 10.7582 1.53369e-15)
(46.0697 10.3211 1.23885e-15)
(46.5287 9.81941 -9.97508e-16)
(46.9441 9.25544 -2.04651e-17)
(47.304 8.635 1.54661e-15)
(47.5958 7.96773 0)
(47.8099 7.26592 -5.26027e-16)
(47.9403 6.53679 1.25339e-16)
(47.9819 5.77778 1.15897e-16)
(47.9261 4.99003 0)
(47.7635 4.1853 4.51281e-16)
(47.4862 3.37899 4.35941e-16)
(47.0883 2.5878 8.10309e-16)
(46.5652 1.83017 -1.42087e-15)
(45.9146 1.12635 -2.59933e-15)
(45.1357 0.498268 0)
(44.2304 -0.0298613 -2.16008e-16)
(43.1968 -0.428507 -1.31634e-15)
(42.0616 -0.657888 -3.75582e-17)
(40.7946 -0.699311 1.43155e-15)
(39.5128 -0.422198 -1.15995e-15)
(38.1994 0.0834615 0)
(36.4935 9.98139 -5.4458e-17)
(36.2063 9.64132 1.12562e-17)
(35.9138 9.23051 0)
(35.6292 8.75333 -3.53526e-16)
(35.3876 8.24899 -2.5211e-17)
(35.1886 7.70255 -3.27956e-16)
(35.0428 7.12688 -1.46992e-15)
(34.9591 6.56206 -1.51718e-15)
(34.9332 6.03362 3.29693e-16)
(34.9564 5.54331 -1.79029e-15)
(35.0185 5.09783 1.44503e-15)
(35.109 4.70354 5.20207e-16)
(35.221 4.3533 -5.45809e-16)
(35.3501 4.03992 -2.03964e-17)
(35.4933 3.75897 -1.15336e-15)
(35.6506 3.50375 0)
(35.8229 3.26953 0)
(36.0119 3.05368 2.6741e-16)
(36.2203 2.85437 -5.35716e-16)
(36.451 2.67143 -7.45895e-16)
(36.7067 2.50653 4.72331e-16)
(36.9899 2.36285 -1.4942e-17)
(37.3028 2.24519 -1.13691e-16)
(37.6439 2.16011 -1.841e-16)
(38.0039 2.1152 8.65417e-17)
(38.3695 2.1161 -1.47777e-16)
(38.7306 2.16533 -1.68208e-18)
(39.0781 2.26331 0)
(39.4022 2.40836 1.10236e-17)
(39.6929 2.59651 6.92324e-17)
(39.9404 2.82136 0)
(40.1356 3.07411 1.33586e-16)
(40.2704 3.34339 1.64142e-16)
(40.3386 3.61496 3.13619e-16)
(40.3343 3.8702 0)
(40.2557 4.08411 -6.92623e-16)
(40.1016 4.22676 8.44311e-16)
(39.8979 4.23865 1.00789e-15)
(39.6818 4.07235 2.34324e-15)
(37.0561 10.0525 1.26687e-17)
(37.3912 10.3462 0)
(37.793 10.6457 0)
(38.2335 10.9237 4.65519e-17)
(38.6839 11.158 2.42037e-17)
(39.1734 11.3634 -2.06517e-17)
(39.681 11.5292 -1.11988e-16)
(40.1932 11.6505 -1.62606e-16)
(40.7151 11.7295 -2.08915e-16)
(41.2375 11.7655 2.14624e-16)
(41.758 11.7585 0)
(42.2786 11.7085 0)
(42.7965 11.6147 4.2577e-16)
(43.3117 11.4754 -1.32937e-15)
(43.8235 11.2882 -5.41734e-16)
(44.3291 11.0501 -6.38001e-16)
(44.825 10.7582 6.65144e-16)
(45.306 10.4096 -7.65858e-16)
(45.7654 10.0024 -8.04742e-16)
(46.1947 9.53579 -8.26362e-16)
(46.5844 9.01176 0)
(46.9241 8.43545 -9.87817e-16)
(47.202 7.81568 -2.37722e-16)
(47.4089 7.16371 2.2978e-16)
(47.5396 6.48578 1.13956e-16)
(47.5892 5.77812 -1.23446e-16)
(47.5493 5.04066 0)
(47.4103 4.28361 -1.60522e-16)
(47.1637 3.52121 2.35274e-16)
(46.8026 2.76905 -8.23155e-17)
(46.3216 2.04494 1.53086e-15)
(45.7175 1.36865 1.21774e-15)
(44.9887 0.761866 2.04734e-15)
(44.1367 0.248695 -1.99979e-16)
(43.1602 -0.141783 -1.03112e-15)
(42.0838 -0.370965 -4.25002e-15)
(40.8847 -0.418821 -2.6064e-15)
(39.6664 -0.17201 -1.16716e-15)
(38.4213 0.292312 -1.41197e-16)
(36.7552 9.7462 4.96544e-17)
(36.4802 9.42818 9.35493e-17)
(36.1992 9.04329 -6.40976e-16)
(35.9255 8.59525 0)
(35.6923 8.12134 -3.10964e-16)
(35.4992 7.60727 -2.07497e-17)
(35.3564 7.06513 3.04304e-16)
(35.2723 6.53307 1.42013e-15)
(35.2435 6.03543 -1.54705e-15)
(35.261 5.57401 8.3024e-16)
(35.3154 5.15526 -4.85487e-17)
(35.3964 4.78526 0)
(35.4974 4.45726 0)
(35.614 4.16433 8.37602e-18)
(35.7432 3.90224 -8.9639e-18)
(35.8847 3.66441 -5.14325e-16)
(36.0396 3.44615 0)
(36.2092 3.24463 0)
(36.396 3.05784 0)
(36.6031 2.88519 2.33331e-16)
(36.8331 2.72784 0)
(37.0888 2.58835 0)
(37.3728 2.47087 -1.80176e-16)
(37.6844 2.38153 1.79528e-16)
(38.0154 2.32775 7.20433e-17)
(38.3538 2.3154 6.56911e-17)
(38.6903 2.34734 -1.55184e-17)
(39.0166 2.42454 6.91809e-17)
(39.3237 2.54606 -5.87775e-18)
(39.6021 2.70881 6.22e-17)
(39.8423 2.90735 1.81711e-17)
(40.0353 3.13379 -2.44483e-16)
(40.173 3.37763 -3.54013e-16)
(40.2489 3.62545 -3.39979e-16)
(40.2576 3.85934 2.17844e-17)
(40.1973 4.05551 3.2179e-16)
(40.0686 4.18501 -3.53797e-17)
(39.8959 4.19557 -9.10887e-16)
(39.7196 4.04203 -2.17698e-15)
(37.2853 9.80912 1.41861e-18)
(37.6052 10.0829 -3.97921e-17)
(37.9886 10.3612 0)
(38.4081 10.6185 6.42063e-17)
(38.8362 10.8342 1.18166e-17)
(39.3007 11.0219 8.3988e-17)
(39.7814 11.1719 4.16775e-17)
(40.2655 11.2798 8.19901e-17)
(40.7577 11.3479 3.68504e-16)
(41.2493 11.3756 4.24828e-16)
(41.738 11.3634 0)
(42.2257 11.3111 -5.65054e-17)
(42.71 11.2185 6.23229e-16)
(43.1909 11.0839 1.63471e-15)
(43.668 10.9053 4.87641e-16)
(44.1388 10.6802 -4.99017e-16)
(44.6004 10.4058 -1.12441e-15)
(45.0483 10.0794 -1.31182e-15)
(45.4764 9.69939 -7.16629e-16)
(45.8772 9.26484 7.4227e-16)
(46.242 8.7774 1.18889e-15)
(46.5615 8.24177 1.26999e-15)
(46.8248 7.66604 2.15498e-16)
(47.0233 7.0607 -2.08303e-16)
(47.1522 6.43103 0)
(47.2074 5.7724 -2.58275e-16)
(47.1807 5.08351 3.69962e-17)
(47.0623 4.37331 1.94364e-16)
(46.8434 3.65463 -3.63802e-16)
(46.5165 2.94209 0)
(46.0754 2.25255 1.19015e-15)
(45.5162 1.60508 -1.07228e-15)
(44.8365 1.02108 -3.83666e-15)
(44.0373 0.524333 0)
(43.1177 0.143037 2.4531e-15)
(42.1002 -0.0852898 1.762e-16)
(40.9683 -0.139688 1.24177e-15)
(39.8132 0.0781414 1.13418e-15)
(38.6342 0.501612 1.17815e-16)
(36.9975 9.52309 9.92368e-17)
(36.7342 9.22568 3.67132e-16)
(36.4644 8.86502 2.35348e-16)
(36.2012 8.44429 7.42866e-16)
(35.9763 7.99886 0)
(35.7891 7.51513 -1.02203e-15)
(35.6494 7.00448 -1.07476e-15)
(35.5656 6.50316 1.18405e-15)
(35.5342 6.03445 0)
(35.5469 5.60012 -1.39384e-15)
(35.5944 5.2064 -4.32286e-17)
(35.667 4.85916 8.10753e-16)
(35.7581 4.55196 1.28028e-15)
(35.8635 4.27817 -4.28361e-16)
(35.9801 4.03369 0)
(36.1076 3.81216 -4.53939e-16)
(36.2468 3.6089 1.54193e-17)
(36.399 3.42104 -4.40095e-16)
(36.5666 3.24634 4.40575e-16)
(36.7523 3.08388 4.08451e-16)
(36.959 2.93438 -5.90984e-16)
(37.1896 2.79982 5.58809e-16)
(37.4468 2.68377 0)
(37.7308 2.59176 -2.39309e-16)
(38.0342 2.53102 -2.24056e-16)
(38.3464 2.50748 0)
(38.6588 2.52429 9.04549e-17)
(38.964 2.58281 2.90256e-17)
(39.2538 2.68271 5.58207e-18)
(39.5192 2.82169 -7.60044e-17)
(39.7511 2.99518 1.5351e-17)
(39.9409 3.19626 1.59661e-18)
(40.0803 3.41529 5.8331e-16)
(40.1631 3.63972 1.7173e-16)
(40.184 3.85256 0)
(40.1411 4.0313 3.6958e-16)
(40.0369 4.14837 -8.46773e-16)
(39.8939 4.15797 9.60504e-16)
(39.7539 4.01773 0)
(37.4971 9.57844 1.78798e-17)
(37.8026 9.83353 5.32951e-17)
(38.1683 10.0921 -4.11782e-17)
(38.5678 10.3302 -6.77237e-17)
(38.9747 10.5285 -8.84959e-18)
(39.4156 10.6999 -1.95601e-16)
(39.871 10.8353 5.85082e-16)
(40.3286 10.9309 -2.67222e-16)
(40.793 10.9889 -9.65301e-16)
(41.2557 11.0091 -8.33892e-16)
(41.7146 10.992 1.37693e-15)
(42.1717 10.9377 -5.79949e-16)
(42.6246 10.8461 -2.00719e-15)
(43.0736 10.7158 1.43655e-15)
(43.5184 10.5451 -1.69804e-15)
(43.9568 10.3317 8.99093e-16)
(44.3864 10.0731 1.54403e-15)
(44.8032 9.76704 5.52984e-16)
(45.2017 9.41175 0)
(45.5753 9.00651 -6.99355e-16)
(45.916 8.55269 -1.8733e-15)
(46.2155 8.05454 -7.97771e-16)
(46.4639 7.51972 9.02636e-18)
(46.653 6.95786 -3.77291e-16)
(46.7786 6.37359 0)
(46.8372 5.76156 1.78363e-16)
(46.8211 5.11946 -1.09947e-17)
(46.7206 4.45491 1.59705e-18)
(46.5267 3.77954 -1.57955e-16)
(46.2313 3.10677 8.91264e-16)
(45.828 2.45253 -1.28274e-15)
(45.3118 1.83509 1.02534e-15)
(44.6799 1.27512 7.0334e-17)
(43.9328 0.796051 -1.70997e-16)
(43.0697 0.425046 -1.18807e-15)
(42.1107 0.198161 2.03698e-15)
(41.0451 0.137192 1.14326e-15)
(39.9528 0.327646 -5.36851e-17)
(38.8383 0.712032 0)
(37.2219 9.31135 -1.24014e-16)
(36.9699 9.03319 -3.33442e-16)
(36.7109 8.69522 1.78116e-16)
(36.4579 8.30008 -1.12746e-15)
(36.2412 7.88138 0)
(36.0599 7.42611 4.77827e-16)
(35.9234 6.94504 1.4788e-15)
(35.8402 6.47263 -1.11016e-15)
(35.8068 6.03107 1.14778e-15)
(35.8152 5.62218 6.71845e-16)
(35.8567 5.25193 6.69506e-16)
(35.9217 4.92596 -2.23156e-15)
(36.0039 4.63818 -1.18779e-15)
(36.0992 4.38228 4.19322e-16)
(36.2046 4.15426 1.27342e-17)
(36.3195 3.94797 -8.12816e-16)
(36.4448 3.75883 4.30672e-16)
(36.5814 3.58389 4.05893e-16)
(36.7317 3.42079 3.99537e-16)
(36.8982 3.26834 -3.80262e-16)
(37.0838 3.12681 3.70114e-16)
(37.2913 2.99774 1.54818e-16)
(37.5239 2.88404 -1.04545e-17)
(37.7821 2.7907 -1.46927e-16)
(38.0596 2.72465 0)
(38.3466 2.69185 0)
(38.6356 2.69556 2.65907e-17)
(38.9201 2.73744 -2.63671e-17)
(39.1924 2.81764 1.03203e-17)
(39.4442 2.93456 -1.04969e-17)
(39.6671 3.08444 -1.0621e-16)
(39.8526 3.26123 8.06661e-17)
(39.9929 3.45624 -8.31029e-16)
(40.0815 3.65781 0)
(40.1136 3.85003 -3.68659e-16)
(40.0875 4.01181 -3.52925e-16)
(40.0065 4.11708 -7.91565e-16)
(39.8916 4.12597 -1.79082e-15)
(39.7847 3.9993 -1.82985e-15)
(37.693 9.35968 -2.53168e-17)
(37.9847 9.59734 3.68393e-17)
(38.3335 9.83753 -3.15773e-17)
(38.714 10.0576 1.52851e-18)
(39.1008 10.2398 3.0321e-17)
(39.5192 10.3961 -2.32207e-17)
(39.9507 10.518 -4.68636e-16)
(40.3832 10.6023 1.79591e-16)
(40.8214 10.6511 8.90907e-16)
(41.257 10.6644 -3.25404e-16)
(41.6881 10.6428 -8.8806e-16)
(42.1166 10.5867 -1.00144e-15)
(42.5403 10.4961 6.08336e-16)
(42.9596 10.3698 -2.71448e-15)
(43.3742 10.2063 7.12194e-16)
(43.7825 10.0036 8.64538e-16)
(44.1821 9.75954 -1.86268e-15)
(44.5696 9.47196 1.00044e-15)
(44.9403 9.13929 0)
(45.288 8.76089 0)
(45.6056 8.33798 1.37632e-15)
(45.8856 7.87445 -3.60151e-16)
(46.1188 7.3775 1.02443e-15)
(46.2979 6.8562 0)
(46.419 6.31456 1.69998e-16)
(46.4793 5.74663 -3.78374e-16)
(46.4715 5.14931 -1.87387e-17)
(46.3864 4.52903 -1.39591e-16)
(46.2147 3.89619 -4.30061e-16)
(45.9484 3.26309 -4.242e-16)
(45.5804 2.64458 0)
(45.1053 2.05798 -8.97435e-16)
(44.5198 1.52317 3.42372e-15)
(43.8237 1.06283 -1.85345e-16)
(43.0164 0.703183 0)
(42.1156 0.478439 0)
(41.1151 0.411244 -1.12403e-15)
(40.085 0.576056 0)
(39.0335 0.923697 3.63654e-16)
(37.4299 9.1103 8.78764e-17)
(37.1888 8.85014 1.97159e-16)
(36.9402 8.53342 -2.40192e-17)
(36.6972 8.16233 1.02363e-15)
(36.4883 7.7687 -1.92607e-16)
(36.3129 7.34018 1.58433e-15)
(36.1799 6.88693 -1.67456e-15)
(36.0975 6.4417 0)
(36.0625 6.02566 -1.07838e-15)
(36.0673 5.64066 1.66948e-15)
(36.1032 5.29241 5.87318e-16)
(36.1615 4.98639 1.32949e-15)
(36.2357 4.71675 3.46748e-16)
(36.322 4.47752 -7.22842e-16)
(36.4172 4.26486 2.42971e-17)
(36.5209 4.07281 1.12668e-15)
(36.6336 3.89689 3.5516e-16)
(36.7563 3.73417 -2.60121e-17)
(36.891 3.58211 -1.24449e-17)
(37.0403 3.43935 0)
(37.2067 3.3058 0)
(37.3933 3.18256 -6.28807e-16)
(37.6033 3.07195 0)
(37.8376 2.97844 7.05038e-18)
(38.0907 2.90856 6.10309e-17)
(38.3539 2.86822 -1.78418e-16)
(38.6204 2.86071 -1.06866e-16)
(38.8845 2.88788 -4.80295e-17)
(39.1393 2.95029 0)
(39.3773 3.04687 -1.77546e-17)
(39.5905 3.17465 1.48522e-16)
(39.7709 3.32837 0)
(39.911 3.50027 6.30466e-16)
(40.0045 3.67969 0)
(40.0469 3.85185 7.26931e-16)
(40.0364 3.99718 0)
(39.9774 4.09132 -6.56544e-17)
(39.889 4.09974 8.73457e-16)
(39.8119 3.98653 5.46674e-17)
(37.8742 9.15215 -6.88225e-18)
(38.1527 9.37351 0)
(38.4854 9.59649 0)
(38.8477 9.79984 3.4016e-17)
(39.2153 9.9671 -4.43416e-17)
(39.6124 10.1093 2.98928e-16)
(40.0212 10.2188 1.60487e-16)
(40.4302 10.2927 2.24002e-16)
(40.8436 10.333 -2.28567e-16)
(41.2538 10.3401 0)
(41.6587 10.3145 0)
(42.0605 10.2568 4.57146e-16)
(42.457 10.1671 1.07095e-15)
(42.8485 10.0446 6.71786e-16)
(43.235 9.88772 0)
(43.6151 9.69492 4.1794e-17)
(43.9868 9.46414 0)
(44.3469 9.1935 -9.52322e-16)
(44.6913 8.88162 0)
(45.0145 8.5279 0)
(45.31 8.13345 -1.16367e-15)
(45.571 7.70191 3.25348e-16)
(45.7892 7.24012 -9.6335e-16)
(45.9578 6.75656 1.5665e-16)
(46.0735 6.25482 -4.50975e-16)
(46.1339 5.72856 3.74766e-17)
(46.1326 5.17389 3.64614e-17)
(46.0604 4.59628 0)
(45.9086 4.005 2.74367e-16)
(45.6688 3.41114 -6.10057e-16)
(45.3338 2.82848 1.1929e-16)
(44.8978 2.27326 8.58714e-16)
(44.357 1.76444 1.0986e-16)
(43.7106 1.32386 -1.70088e-16)
(42.9581 0.97649 1.01448e-15)
(42.1148 0.754772 0)
(41.1782 0.681713 0)
(40.2096 0.82259 1.17503e-15)
(39.2196 1.13608 -3.48663e-16)
(37.6227 8.91932 -7.64539e-17)
(37.392 8.67603 1.61239e-16)
(37.1536 8.37923 2.81653e-16)
(36.9202 8.03071 0)
(36.7191 7.66065 0)
(36.5496 7.25727 -8.74852e-17)
(36.4201 6.8302 1.57026e-15)
(36.3387 6.41055 4.29171e-16)
(36.3025 6.01852 1.3509e-15)
(36.304 5.65596 -1.51084e-15)
(36.3351 5.32837 -1.68076e-15)
(36.3872 5.04099 -3.24899e-17)
(36.4543 4.78834 0)
(36.5323 4.56466 0)
(36.6185 4.36629 6.71862e-16)
(36.712 4.18751 -3.3786e-16)
(36.8135 4.02395 -3.4389e-16)
(36.9237 3.87267 -6.67072e-16)
(37.0445 3.7311 -3.79311e-18)
(37.1782 3.59766 0)
(37.3274 3.47202 -2.96608e-16)
(37.495 3.35481 4.47113e-16)
(37.6843 3.24786 1.39304e-16)
(37.8965 3.15507 6.96829e-18)
(38.1269 3.08264 -2.91727e-16)
(38.3676 3.03628 6.54258e-18)
(38.6126 3.01929 1.54761e-16)
(38.8569 3.03361 5.44564e-18)
(39.0945 3.08007 -2.05217e-17)
(39.3185 3.15809 9.94193e-18)
(39.5215 3.26532 -1.3464e-16)
(39.696 3.39732 0)
(39.835 3.54721 -2.08753e-16)
(39.9323 3.70532 -4.58237e-16)
(39.984 3.85813 -3.10815e-16)
(39.9881 3.98762 4.68466e-17)
(39.9495 4.07126 -5.71106e-17)
(39.8858 4.07934 0)
(39.8355 3.9793 1.63049e-15)
(38.0419 8.95519 -1.84371e-17)
(38.3077 9.16132 -7.94725e-18)
(38.6249 9.36822 2.30403e-17)
(38.97 9.556 -2.39358e-17)
(39.3193 9.70937 -4.58465e-17)
(39.6962 9.83855 -9.48991e-17)
(40.0834 9.93656 1.46273e-16)
(40.4701 10.0009 -1.53235e-16)
(40.8602 10.0335 -2.00791e-16)
(41.2464 10.0349 -2.70486e-16)
(41.6269 10.0058 -3.83489e-16)
(42.0036 9.94674 1.85304e-17)
(42.3746 9.85806 -4.57596e-16)
(42.7402 9.73901 -4.96169e-16)
(43.1005 9.58836 5.27105e-17)
(43.4543 9.40468 -5.77124e-16)
(43.7998 9.18619 -7.29598e-16)
(44.1343 8.93118 -8.54805e-16)
(44.454 8.63843 1.76692e-15)
(44.7541 8.30742 0)
(45.0284 7.93921 1.10796e-15)
(45.2712 7.53723 2.93128e-16)
(45.4746 7.10801 -5.69143e-16)
(45.6324 6.65962 2.78424e-16)
(45.742 6.1952 2.86115e-16)
(45.8015 5.70812 6.77713e-17)
(45.8049 5.19397 -1.00104e-16)
(45.7437 4.65732 6.27209e-17)
(45.6094 4.10632 5.73923e-17)
(45.3937 3.551 -3.13129e-16)
(45.0893 3.004 1.03852e-15)
(44.6903 2.48048 -1.82506e-16)
(44.1923 1.99826 -1.20829e-15)
(43.5941 1.5782 0)
(42.8951 1.24404 -1.18359e-15)
(42.1085 1.02627 2.07719e-16)
(41.2344 0.948009 -9.03513e-16)
(40.3265 1.06655 -1.22073e-15)
(39.3967 1.34807 -4.72634e-16)
(37.8016 8.73787 -7.60272e-17)
(37.5809 8.51037 -3.08213e-16)
(37.3523 8.23226 -5.87275e-16)
(37.1282 7.90496 -1.76903e-16)
(36.9348 7.55704 2.97522e-16)
(36.771 7.17733 -1.3095e-15)
(36.6451 6.77491 -3.45218e-16)
(36.5649 6.37933 7.46242e-16)
(36.5278 6.0099 -2.10737e-15)
(36.5265 5.66844 9.22592e-16)
(36.5532 5.36023 0)
(36.5998 5.09033 -1.07466e-15)
(36.6603 4.85352 1.10398e-15)
(36.731 4.64435 0)
(36.8089 4.45929 5.94078e-16)
(36.8934 4.29287 -1.20327e-15)
(36.9848 4.14085 3.04915e-16)
(37.0837 4.00029 -3.59042e-18)
(37.192 3.86861 5.87892e-16)
(37.3118 3.74409 -2.91688e-16)
(37.4455 3.62613 2.7995e-16)
(37.5959 3.51503 2.68922e-16)
(37.7663 3.41214 -1.2383e-16)
(37.9582 3.32084 1.1711e-16)
(38.1674 3.24694 2.22973e-16)
(38.387 3.19593 1.03839e-16)
(38.6116 3.17104 -9.49144e-17)
(38.8369 3.17423 4.37449e-17)
(39.0576 3.20652 -5.04623e-18)
(39.2675 3.26771 0)
(39.46 3.35602 1.27812e-16)
(39.6281 3.46772 -1.19843e-16)
(39.7652 3.59682 -5.18473e-17)
(39.8653 3.73459 8.06972e-17)
(39.9251 3.86886 -4.74444e-17)
(39.9426 3.9832 -3.17678e-16)
(39.9228 4.05698 5.7751e-16)
(39.8819 4.06479 8.25227e-16)
(39.8556 3.97737 0)
(38.1971 8.76822 2.78729e-17)
(38.4508 8.96008 -1.64313e-17)
(38.7532 9.15198 -5.50501e-17)
(39.0816 9.32524 -1.40085e-17)
(39.4136 9.46572 2.85714e-18)
(39.7712 9.58286 0)
(40.138 9.67027 -9.53707e-17)
(40.5035 9.72584 -1.41333e-16)
(40.8716 9.75144 4.38116e-16)
(41.2353 9.74765 0)
(41.5928 9.71541 -9.81417e-16)
(41.9461 9.65528 1.13557e-15)
(42.2931 9.56765 0)
(42.6345 9.45196 5.13098e-17)
(42.9704 9.30716 -5.78173e-16)
(43.2996 9.13198 1.86199e-15)
(43.6207 8.92487 1.32453e-15)
(43.9312 8.6843 0)
(44.2277 8.4092 -4.77991e-17)
(44.5059 8.09916 8.63221e-16)
(44.7603 7.7552 0)
(44.9855 7.38062 -5.25986e-16)
(45.1744 6.98161 1.00651e-15)
(45.3215 6.56591 0)
(45.4245 6.13634 0)
(45.4821 5.68607 6.12029e-17)
(45.4889 5.21029 -5.97015e-17)
(45.4369 4.71273 0)
(45.3179 4.20063 0)
(45.1241 3.68291 2.28313e-17)
(44.8481 3.17114 -7.86952e-16)
(44.4838 2.67929 1.66584e-16)
(44.0266 2.22408 1.0484e-15)
(43.4749 1.82517 -1.04542e-15)
(42.828 1.505 1.72922e-15)
(42.0969 1.29206 0)
(41.2837 1.20935 1.81541e-15)
(40.4354 1.3073 1.4435e-16)
(39.5645 1.55866 4.04941e-16)
(37.9675 8.56541 0)
(37.7564 8.35271 1.37491e-16)
(37.5373 8.09214 -5.76489e-16)
(37.3224 7.78479 0)
(37.1363 7.4577 2.88044e-16)
(36.9782 7.10027 5.30268e-16)
(36.8559 6.72108 2.87805e-16)
(36.7772 6.34821 0)
(36.7394 6.00004 -3.70803e-16)
(36.7356 5.6784 1.94829e-15)
(36.7584 5.38838 4.1445e-16)
(36.8 5.13485 4.73259e-16)
(36.8546 4.91284 -1.00251e-15)
(36.9186 4.71719 0)
(36.9891 4.54453 -5.24549e-16)
(37.0654 4.38961 2.79631e-16)
(37.1476 4.24831 2.66692e-16)
(37.2366 4.11777 -1.30769e-17)
(37.3337 3.99537 2.63601e-16)
(37.4409 3.87931 -5.29436e-16)
(37.5606 3.7688 -5.04468e-16)
(37.6955 3.66382 4.82178e-16)
(37.8487 3.56527 8.00672e-18)
(38.0219 3.47606 3.17919e-16)
(38.2116 3.40157 -3.07288e-16)
(38.4114 3.34709 4.62284e-17)
(38.6168 3.31571 -4.56829e-17)
(38.8239 3.30936 -4.15521e-17)
(39.0283 3.32918 -4.49908e-20)
(39.2243 3.37528 -7.00509e-17)
(39.4061 3.44632 0)
(39.5672 3.53923 1.13754e-16)
(39.7016 3.64883 0)
(39.8037 3.76736 3.1345e-17)
(39.8704 3.88401 -4.73897e-17)
(39.9 3.98395 3.46983e-16)
(39.8975 4.04852 0)
(39.8773 4.0561 -7.05012e-16)
(39.8722 3.98057 0)
(38.3408 8.59068 8.34874e-18)
(38.5828 8.76921 -7.04484e-18)
(38.871 8.94709 1.84171e-17)
(39.1836 9.10682 3.05647e-17)
(39.499 9.23533 -7.31075e-18)
(39.8383 9.34131 -1.71461e-16)
(40.1856 9.41897 1.27979e-16)
(40.5312 9.4665 -1.7636e-16)
(40.8785 9.4857 -8.3398e-17)
(41.2209 9.4773 -3.17299e-17)
(41.5568 9.44232 1.23068e-15)
(41.888 9.38133 2.64294e-17)
(42.2127 9.29486 0)
(42.5314 9.18242 9.18861e-16)
(42.8445 9.04313 -5.20743e-16)
(43.1508 8.87593 5.34223e-16)
(43.449 8.67941 -6.91498e-17)
(43.7371 8.45224 -6.89566e-16)
(44.0118 8.19351 -7.92999e-16)
(44.2694 7.90288 -4.50702e-16)
(44.5049 7.58142 4.22778e-16)
(44.7132 7.23224 0)
(44.8882 6.86126 -4.78117e-16)
(45.0247 6.47599 -4.43496e-16)
(45.1209 6.07892 -2.18842e-16)
(45.1758 5.66313 -2.14662e-16)
(45.1848 5.22352 2.61092e-17)
(45.1405 4.76316 2.03432e-16)
(45.0351 4.28837 -1.00276e-16)
(44.8609 3.80711 9.31264e-16)
(44.611 3.32985 -1.785e-16)
(44.2793 2.86945 -1.51842e-16)
(43.8608 2.44136 1.19942e-15)
(43.3537 2.06404 1.00005e-15)
(42.7571 1.75854 -1.65348e-15)
(42.0802 1.55135 1.11157e-15)
(41.326 1.46495 2.90363e-17)
(40.536 1.54398 1.25178e-15)
(39.723 1.7669 -5.95389e-16)
(38.1214 8.40147 -2.27253e-16)
(37.9197 8.20263 5.2072e-17)
(37.7098 7.95852 1.0718e-15)
(37.5036 7.66995 -4.66794e-16)
(37.3248 7.36246 2.30536e-16)
(37.1723 7.02602 -1.0216e-15)
(37.0536 6.66873 -1.56759e-15)
(36.9764 6.31723 5.7503e-16)
(36.9382 5.9891 0)
(36.9322 5.68612 -1.46389e-15)
(36.9515 5.41319 -8.04882e-16)
(36.9886 5.17499 -8.25998e-16)
(37.0378 4.96681 1.41175e-17)
(37.0957 4.78376 4.80179e-16)
(37.1595 4.62262 1.14204e-17)
(37.2284 4.47837 2.47947e-16)
(37.3025 4.34704 -7.4926e-16)
(37.3824 4.22583 -2.51493e-16)
(37.4694 4.11214 0)
(37.5654 4.00408 -2.33337e-16)
(37.6726 3.9007 2.32308e-16)
(37.7934 3.80171 -6.57412e-16)
(37.931 3.70767 4.28074e-16)
(38.0872 3.62099 -2.99218e-16)
(38.2589 3.5467 2.89081e-16)
(38.4404 3.48979 1.76954e-16)
(38.6277 3.4532 1.24978e-18)
(38.8176 3.43879 0)
(39.0062 3.44776 -6.29619e-21)
(39.1886 3.4804 6.6517e-17)
(39.3596 3.53581 -1.24016e-16)
(39.5134 3.61146 2.83713e-16)
(39.6444 3.70296 -3.20322e-16)
(39.7476 3.80346 4.42602e-16)
(39.8202 3.9035 9.05659e-17)
(39.8605 3.98984 -8.72788e-17)
(39.8735 4.04581 0)
(39.8719 4.05312 0)
(39.8855 3.98861 0)
(38.4737 8.42206 -7.8739e-18)
(38.7046 8.58811 7.693e-17)
(38.9792 8.75291 7.12482e-17)
(39.2766 8.90004 -3.37081e-17)
(39.5761 9.01744 5.79637e-17)
(39.898 9.11312 1.20461e-16)
(40.2269 9.18181 -1.5762e-16)
(40.5535 9.22199 -1.06418e-15)
(40.8811 9.23539 -7.01952e-16)
(41.2034 9.22287 4.55914e-16)
(41.519 9.1855 -4.85583e-17)
(41.8295 9.12389 -5.3056e-17)
(42.1332 9.03863 0)
(42.4308 8.92937 0)
(42.7225 8.79535 -4.68955e-16)
(43.0073 8.63565 9.98551e-16)
(43.2843 8.44906 -1.66525e-15)
(43.5513 8.23439 5.53147e-16)
(43.8057 7.99086 6.39957e-16)
(44.044 7.71827 -6.94171e-16)
(44.2616 7.41765 0)
(44.454 7.09207 8.0826e-16)
(44.6155 6.74715 -4.04551e-16)
(44.7417 6.39015 1.03036e-15)
(44.8309 6.02334 7.91832e-18)
(44.8828 5.6398 1.55899e-16)
(44.8931 5.23424 2.34966e-17)
(44.8551 4.80912 -1.89214e-16)
(44.7614 4.36999 9.05091e-17)
(44.6051 3.92389 -1.96141e-17)
(44.3792 3.48023 -4.60716e-16)
(44.0777 3.05077 1.27149e-16)
(43.6958 2.64973 -1.37916e-15)
(43.2312 2.29424 6.67912e-16)
(42.6829 2.00394 2.03129e-16)
(42.0585 1.80328 -3.38287e-17)
(41.3616 1.71408 -1.71085e-15)
(40.6284 1.7759 -1.01215e-15)
(39.8718 1.972 4.74996e-16)
(38.2642 8.24558 8.95933e-17)
(38.0714 8.05975 0)
(37.8705 7.83109 -2.49503e-17)
(37.6729 7.56018 0)
(37.5011 7.27115 8.33102e-16)
(37.354 6.95449 0)
(37.2391 6.61785 9.64325e-16)
(37.1634 6.28654 4.85116e-16)
(37.125 5.97728 5.70814e-16)
(37.1172 5.69186 0)
(37.1333 5.43498 6.60231e-16)
(37.1662 5.21113 1.53734e-15)
(37.2106 5.01587 0)
(37.2629 4.84456 1.34938e-17)
(37.3206 4.69412 3.72655e-18)
(37.3828 4.55978 6.71088e-16)
(37.4496 4.43769 0)
(37.5214 4.32517 4.3984e-16)
(37.5994 4.21958 -4.41843e-16)
(37.6853 4.11906 0)
(37.7812 4.02247 -2.05825e-16)
(37.8894 3.92935 6.07584e-16)
(38.0129 3.83989 -3.84824e-16)
(38.1535 3.75608 1.80159e-16)
(38.3087 3.68258 0)
(38.4732 3.62411 -1.68124e-16)
(38.6437 3.58345 7.91936e-17)
(38.8174 3.56231 0)
(38.9909 3.56191 8.61418e-18)
(39.1601 3.58271 6.4081e-17)
(39.3204 3.6241 1.17717e-16)
(39.4665 3.68406 -2.70618e-16)
(39.5937 3.7589 -1.29423e-18)
(39.6971 3.84268 5.09668e-17)
(39.7744 3.9272 -3.6397e-16)
(39.8241 4.0008 0)
(39.8508 4.04874 -6.51174e-16)
(39.8658 4.05573 0)
(39.8955 4.00128 7.60232e-17)
(38.5968 8.26189 8.5098e-18)
(38.8169 8.41628 0)
(39.0784 8.56885 -7.21381e-17)
(39.3613 8.70426 6.59479e-18)
(39.6458 8.81135 -5.25948e-17)
(39.951 8.89752 7.94619e-17)
(40.2624 8.95797 3.77066e-16)
(40.5709 8.99146 5.80223e-16)
(40.88 8.99961 3.72093e-16)
(41.1834 8.98342 7.93729e-16)
(41.4798 8.94402 -1.01017e-15)
(41.7708 8.88201 5.3015e-16)
(42.0549 8.79806 6.30244e-16)
(42.3326 8.69192 7.09879e-16)
(42.6043 8.56294 0)
(42.8692 8.41034 -8.75835e-16)
(43.1262 8.23305 0)
(43.3736 8.03007 -1.67132e-15)
(43.609 7.80074 5.74473e-16)
(43.8291 7.54492 6.60762e-16)
(44.0299 7.26371 0)
(44.2071 6.96006 -7.69286e-16)
(44.3559 6.63937 7.65067e-16)
(44.4721 6.30867 -7.47817e-16)
(44.5544 5.97005 0)
(44.6028 5.61663 0)
(44.6137 5.24302 0)
(44.5809 4.85117 8.34744e-17)
(44.4976 4.44594 -8.15874e-17)
(44.3572 4.03353 -3.15063e-16)
(44.1532 3.62239 5.87463e-16)
(43.8798 3.22316 0)
(43.5323 2.84884 -9.64012e-16)
(43.108 2.51521 -1.03028e-15)
(42.606 2.24051 1.53605e-15)
(42.0323 2.04709 -1.11237e-15)
(41.3905 1.95594 8.13338e-16)
(40.7122 2.00229 0)
(40.0107 2.17334 -5.87585e-16)
(38.3968 8.09734 -1.05191e-17)
(38.2126 7.92369 -9.37145e-17)
(38.0203 7.70956 -2.62721e-16)
(37.8309 7.45527 0)
(37.666 7.18361 -7.82605e-16)
(37.5243 6.88559 -1.50463e-15)
(37.413 6.56843 4.26238e-16)
(37.3391 6.25615 -1.41171e-15)
(37.3006 5.96468 0)
(37.2911 5.69578 1.1e-15)
(37.3044 5.454 -1.28401e-15)
(37.3336 5.2436 6.78729e-16)
(37.3735 5.06041 -3.60926e-16)
(37.4208 4.90002 -7.56021e-16)
(37.473 4.75954 1.08312e-17)
(37.5292 4.63437 -7.42172e-18)
(37.5893 4.52087 2.07679e-16)
(37.6538 4.41637 0)
(37.7237 4.31836 0)
(37.8006 4.2249 0)
(37.8864 4.13476 0)
(37.9832 4.04729 1.80815e-16)
(38.094 3.9624 1.73208e-16)
(38.2204 3.88172 -5.78416e-18)
(38.3605 3.8095 0)
(38.5094 3.75023 0)
(38.6642 3.70647 0)
(38.8227 3.67981 -8.34578e-18)
(38.982 3.67144 2.41174e-17)
(39.1385 3.68191 -1.05999e-16)
(39.2882 3.71085 -8.44025e-17)
(39.4266 3.75669 0)
(39.5493 3.81636 1.97849e-16)
(39.6522 3.88478 0)
(39.7332 3.95492 3.4685e-16)
(39.7908 4.01665 0)
(39.8296 4.05713 6.21756e-16)
(39.859 4.06368 -7.51104e-17)
(39.9025 4.01825 7.06857e-17)
(38.7107 8.10973 -1.36224e-17)
(38.9205 8.25322 1.84504e-17)
(39.1695 8.39438 -5.23759e-17)
(39.4385 8.51887 -5.05891e-18)
(39.7085 8.61642 1.53148e-16)
(39.9978 8.69381 -2.12945e-16)
(40.2925 8.74668 5.41626e-16)
(40.584 8.77406 -2.02347e-16)
(40.8754 8.7775 5.82092e-16)
(41.1609 8.75809 -7.52629e-16)
(41.4393 8.71699 4.66596e-16)
(41.712 8.65478 -4.79946e-16)
(41.9776 8.57225 -5.98726e-16)
(42.2368 8.46918 -1.99944e-15)
(42.4899 8.34507 7.03094e-16)
(42.736 8.19921 2.45736e-15)
(42.9744 8.03072 -1.72563e-15)
(43.2035 7.8387 4.4627e-16)
(43.421 7.62264 1.05675e-15)
(43.6242 7.38249 5.53875e-16)
(43.8092 7.11935 6.02137e-16)
(43.9723 6.83613 6.46767e-16)
(44.1089 6.53799 3.39529e-16)
(44.2155 6.23174 -6.5063e-16)
(44.2911 5.91934 -3.17763e-16)
(44.3359 5.594 -1.96199e-16)
(44.3468 5.25029 3.92273e-17)
(44.3182 4.88975 0)
(44.244 4.51663 0)
(44.1179 4.13637 0)
(43.9339 3.75651 2.50393e-16)
(43.6866 3.38662 -9.3995e-16)
(43.3711 3.03849 1.64536e-15)
(42.9849 2.72658 -1.98162e-16)
(42.5269 2.46764 -1.29209e-15)
(42.0017 2.28213 0)
(41.4129 2.18985 7.53413e-16)
(40.7877 2.2224 -1.01664e-16)
(40.1396 2.37027 1.26044e-15)
(38.5199 7.95635 4.6245e-18)
(38.344 7.79413 0)
(38.16 7.59363 5.5509e-16)
(37.9786 7.35499 -9.57864e-16)
(37.8203 7.09969 9.65843e-16)
(37.684 6.81924 1.415e-15)
(37.5763 6.52046 0)
(37.5041 6.22613 2.02992e-15)
(37.4657 5.95143 -2.70981e-15)
(37.4548 5.6981 -2.0284e-15)
(37.4655 5.47048 5.53716e-16)
(37.4913 5.27269 0)
(37.5272 5.10078 6.44887e-16)
(37.57 4.95058 -6.80444e-16)
(37.6171 4.81934 1.8378e-17)
(37.6679 4.70268 -7.25505e-16)
(37.722 4.59711 7.27125e-16)
(37.78 4.50007 0)
(37.8426 4.40909 0)
(37.9114 4.32222 -3.50318e-16)
(37.9881 4.23818 5.18185e-16)
(38.0747 4.15614 0)
(38.1739 4.07577 -4.80379e-16)
(38.2876 3.99837 1.51875e-16)
(38.4138 3.92782 0)
(38.5485 3.86835 1.40696e-16)
(38.6888 3.82235 0)
(38.8331 3.79125 -3.21147e-17)
(38.979 3.77619 -1.47877e-17)
(39.1234 3.77774 -1.2814e-17)
(39.2628 3.79575 1.89008e-16)
(39.3933 3.82901 -4.01261e-18)
(39.5113 3.875 -5.03408e-17)
(39.613 3.92945 0)
(39.6964 3.9864 8.38378e-17)
(39.7607 4.0372 -1.59611e-16)
(39.8096 4.07078 -4.48594e-16)
(39.8515 4.07677 -1.41554e-16)
(39.9067 4.03929 -6.48235e-17)
(38.8161 7.96517 1.75222e-18)
(39.016 8.09847 -2.04096e-17)
(39.2529 8.22899 6.68415e-17)
(39.5086 8.34332 -1.40585e-17)
(39.7648 8.43203 -8.51484e-17)
(40.039 8.50132 0)
(40.3179 8.54727 1.81897e-16)
(40.5931 8.5691 -1.8558e-16)
(40.8679 8.56832 -2.20363e-17)
(41.1365 8.54608 2.93688e-16)
(41.3978 8.50357 3.69885e-16)
(41.6533 8.4414 -8.99258e-16)
(41.9016 8.36037 -1.02698e-15)
(42.1434 8.26036 1.76198e-15)
(42.379 8.14093 0)
(42.6076 8.00152 -4.08963e-17)
(42.8286 7.84134 8.22938e-16)
(43.0406 7.65964 -8.99113e-16)
(43.2416 7.45601 9.218e-16)
(43.4289 7.23052 -2.58321e-15)
(43.5991 6.98425 -2.85301e-17)
(43.7488 6.72007 -6.15529e-16)
(43.8741 6.44291 -8.90111e-16)
(43.9715 6.1594 6.02681e-16)
(44.0406 5.8714 1.56524e-16)
(44.0817 5.57221 2.25348e-16)
(44.0923 5.25643 -5.38215e-17)
(44.0672 4.92527 -5.04252e-17)
(44.0009 4.58244 4.48837e-16)
(43.8876 4.23272 -2.47779e-16)
(43.7219 3.88277 1.19006e-16)
(43.4986 3.54115 1.09096e-15)
(43.2131 3.21854 -1.79693e-15)
(42.8626 2.92799 0)
(42.4461 2.68487 1.13775e-15)
(41.9671 2.50774 -7.14925e-16)
(41.4289 2.41515 -9.25457e-16)
(40.8547 2.43552 9.75043e-16)
(40.2584 2.5621 -5.75083e-16)
(38.6341 7.82226 -6.72707e-17)
(38.4662 7.67075 6.17069e-17)
(38.2903 7.48307 -1.0108e-15)
(38.1167 7.25915 1.12856e-15)
(37.9648 7.01925 -1.75949e-15)
(37.8336 6.75535 -1.18019e-15)
(37.7295 6.4739 -3.36092e-16)
(37.6592 6.19651 -1.15754e-15)
(37.6209 5.93762 1.6896e-15)
(37.6089 5.69894 5.0304e-17)
(37.6173 5.48465 0)
(37.64 5.29869 -5.44402e-16)
(37.6722 5.13732 5.78809e-16)
(37.7108 4.99661 1.36379e-17)
(37.7535 4.87395 -6.24659e-16)
(37.7992 4.76518 9.61535e-16)
(37.848 4.66696 -4.96326e-16)
(37.9001 4.57683 -1.65637e-16)
(37.9562 4.49236 4.86589e-16)
(38.0178 4.41164 0)
(38.0863 4.33333 -1.60707e-16)
(38.1637 4.25646 -1.49509e-16)
(38.2526 4.18051 2.94886e-16)
(38.3547 4.10645 -4.26843e-16)
(38.4684 4.03788 1.39476e-16)
(38.5899 3.97875 -6.94228e-17)
(38.717 3.93125 -6.49811e-17)
(38.8481 3.89667 3.0506e-17)
(38.9814 3.87607 0)
(39.1142 3.87003 -5.43474e-17)
(39.2437 3.87855 1.03156e-16)
(39.3665 3.90073 0)
(39.4794 3.93452 1.86323e-16)
(39.5792 3.9764 0)
(39.6642 4.02137 0)
(39.7336 4.06218 0)
(39.7911 4.0894 5.71444e-16)
(39.8434 4.09468 -5.32872e-16)
(39.9081 4.0641 0)
(38.9137 7.82784 3.19623e-17)
(39.104 7.95159 3.47082e-18)
(39.3294 8.07219 -4.23038e-17)
(39.5723 8.17709 4.39946e-18)
(39.8154 8.25761 -9.71609e-17)
(40.0751 8.31945 0)
(40.3388 8.35905 4.48846e-16)
(40.5987 8.37587 -1.69992e-16)
(40.8576 8.37132 2.48566e-16)
(41.1102 8.34663 -8.99364e-16)
(41.3555 8.303 3.81443e-16)
(41.5948 8.24106 8.74121e-17)
(41.8269 8.16163 9.45483e-17)
(42.0524 8.06465 -1.60673e-15)
(42.2716 7.94976 -1.15545e-15)
(42.4839 7.81652 1.61898e-18)
(42.6887 7.66423 -6.95197e-16)
(42.8848 7.49228 8.01947e-16)
(43.0702 7.30034 -1.27225e-15)
(43.2427 7.08857 4.99822e-16)
(43.3992 6.85808 -9.63444e-16)
(43.5364 6.61166 0)
(43.6509 6.35408 1.08396e-15)
(43.7398 6.09173 -2.6819e-16)
(43.8026 5.82637 1.38588e-16)
(43.8401 5.55149 1.30204e-16)
(43.85 5.26175 -3.26402e-17)
(43.8278 4.95809 5.93112e-17)
(43.7684 4.64373 -1.30927e-16)
(43.6668 4.32287 3.3257e-16)
(43.5177 4.00136 -2.14382e-16)
(43.3164 3.68685 0)
(43.0587 3.38888 -1.67946e-16)
(42.7417 3.11922 4.57026e-16)
(42.3642 2.89182 -1.37503e-15)
(41.929 2.72344 6.90536e-16)
(41.439 2.6313 8.53043e-16)
(40.9136 2.64099 9.73363e-17)
(40.367 2.74817 5.65608e-16)
(38.7402 7.69472 4.912e-17)
(38.58 7.55326 -1.28173e-16)
(38.4119 7.37761 5.61169e-16)
(38.2457 7.16754 -7.77141e-16)
(38.1001 6.94215 1.32729e-15)
(37.974 6.69385 6.47788e-17)
(37.8734 6.42875 -2.9869e-16)
(37.8049 6.16733 -9.54793e-16)
(37.7669 5.92334 1.42316e-15)
(37.7539 5.69847 4.21979e-16)
(37.7602 5.4967 8.89442e-16)
(37.7801 5.32183 -4.85498e-16)
(37.809 5.17033 5.06414e-16)
(37.8438 5.03847 1.11064e-15)
(37.8824 4.92379 -1.13838e-15)
(37.9237 4.82233 5.69178e-16)
(37.9677 4.73091 2.88101e-16)
(38.0144 4.64716 -1.51932e-16)
(38.0647 4.56874 -1.51062e-16)
(38.1198 4.49374 4.31023e-16)
(38.181 4.42079 -2.87809e-16)
(38.2502 4.34884 5.95587e-18)
(38.3298 4.27717 1.32354e-16)
(38.4214 4.2065 -1.31621e-16)
(38.5237 4.14012 1.2339e-16)
(38.6332 4.08174 0)
(38.7481 4.03336 2.92792e-17)
(38.8671 3.99615 2.20817e-17)
(38.9887 3.97104 6.93767e-18)
(39.1107 3.95863 5.2818e-19)
(39.2306 3.95902 -3.40131e-16)
(39.3458 3.97154 4.81822e-17)
(39.4533 3.99459 2.64497e-16)
(39.5506 4.02529 -8.79098e-17)
(39.6363 4.05951 -7.77208e-17)
(39.7096 4.09127 7.5224e-17)
(39.7739 4.11268 -5.45136e-16)
(39.8348 4.11712 1.01325e-15)
(39.9071 4.09241 0)
(39.004 7.69736 -7.84052e-18)
(39.1851 7.81221 -7.77751e-18)
(39.3994 7.92355 8.3779e-18)
(39.6301 8.0197 -1.19697e-17)
(39.8605 8.09264 2.52669e-17)
(40.1064 8.14762 -4.11598e-17)
(40.3558 8.18144 -3.90933e-18)
(40.601 8.19373 3.87376e-16)
(40.8449 8.18584 -6.5844e-16)
(41.0824 8.15905 5.36842e-16)
(41.3126 8.11458 6.33462e-16)
(41.5366 8.05303 7.71143e-16)
(41.7535 7.97529 8.79944e-16)
(41.9637 7.88133 9.35777e-16)
(42.1676 7.77086 2.13764e-15)
(42.3647 7.64353 -5.37592e-16)
(42.5544 7.49875 6.27613e-16)
(42.7356 7.33601 -7.18658e-16)
(42.9066 7.15508 1.52108e-15)
(43.0653 6.95618 -8.06381e-16)
(43.2089 6.74048 1.77792e-15)
(43.3345 6.51067 0)
(43.439 6.27132 -5.00979e-16)
(43.5198 6.02865 -8.59906e-18)
(43.5767 5.78432 4.78387e-16)
(43.6106 5.53202 -1.19865e-16)
(43.6198 5.2665 0)
(43.6 4.98849 -1.64265e-16)
(43.5468 4.70081 3.95659e-17)
(43.4555 4.4071 0)
(43.3216 4.11253 3.66892e-16)
(43.1406 3.82383 0)
(42.9085 3.54952 3.15457e-16)
(42.6227 3.30012 8.5002e-16)
(42.2817 3.08819 -1.18103e-15)
(41.8878 2.92881 -5.71743e-16)
(41.4433 2.83782 -1.39507e-15)
(40.9644 2.8383 -7.65392e-16)
(40.4654 2.92782 -1.17666e-15)
(38.8386 7.57343 0)
(38.6858 7.44139 -2.01944e-16)
(38.5253 7.27705 2.11378e-16)
(38.3664 7.08002 -2.03926e-16)
(38.2269 6.86827 8.99023e-16)
(38.1056 6.63468 2.16163e-15)
(38.0085 6.385 -7.18742e-16)
(37.9419 6.13862 6.33869e-16)
(37.9043 5.90867 -1.3428e-15)
(37.8904 5.69679 1.39644e-15)
(37.8949 5.5068 -7.76312e-16)
(37.9122 5.34233 4.37092e-16)
(37.9381 5.20006 -1.41068e-15)
(37.9695 5.07646 4.92725e-16)
(38.0043 4.9692 7.6096e-16)
(38.0416 4.87452 -7.95576e-16)
(38.0812 4.7894 2.56931e-16)
(38.1232 4.71155 -5.37368e-16)
(38.1683 4.63873 0)
(38.2176 4.56905 -3.97119e-16)
(38.2723 4.50112 3.88026e-16)
(38.3342 4.43381 1.29366e-16)
(38.4053 4.36627 -1.20085e-16)
(38.4875 4.29898 1.16556e-16)
(38.5794 4.23494 -1.21399e-16)
(38.6782 4.17765 -1.14171e-16)
(38.7819 4.12894 -5.49552e-17)
(38.8898 4.08982 3.85801e-17)
(39.0004 4.06114 -1.29162e-17)
(39.1122 4.04347 4.84828e-17)
(39.2231 4.03697 2.76676e-16)
(39.3307 4.0412 0)
(39.4328 4.05489 -5.91743e-16)
(39.5272 4.07576 -3.2888e-16)
(39.6126 4.10044 3.00637e-16)
(39.6887 4.1241 -7.20277e-17)
(39.7582 4.14021 9.10711e-16)
(39.8258 4.14369 -1.07723e-18)
(39.904 4.12386 1.08677e-15)
(39.0875 7.57343 -1.50625e-17)
(39.2598 7.67995 9.84499e-17)
(39.4635 7.78266 3.52488e-18)
(39.6824 7.87066 2.34862e-17)
(39.9008 7.93663 6.19298e-17)
(40.1335 7.9853 0)
(40.3691 8.01385 -2.78063e-16)
(40.6005 8.02206 9.44668e-16)
(40.8301 8.01122 -7.19016e-16)
(41.0534 7.98266 -4.83362e-16)
(41.2692 7.93758 5.93552e-16)
(41.479 7.8766 -6.41517e-16)
(41.6815 7.80062 0)
(41.8774 7.70967 -4.71183e-17)
(42.067 7.60351 4.42801e-16)
(42.2499 7.48186 -4.49986e-16)
(42.4255 7.34423 -1.19083e-15)
(42.5929 7.19023 6.43697e-16)
(42.7505 7.01969 -6.65877e-16)
(42.8964 6.8329 -7.14947e-16)
(43.028 6.63103 -1.58862e-15)
(43.1428 6.41675 0)
(43.238 6.19441 -2.18481e-16)
(43.3112 5.97006 -2.16035e-16)
(43.3626 5.74527 2.04271e-16)
(43.3931 5.51391 0)
(43.4014 5.27088 0)
(43.3836 5.01674 5.08203e-17)
(43.3358 4.75396 -1.95644e-16)
(43.254 4.48569 0)
(43.1339 4.21648 -3.51186e-16)
(42.9714 3.95225 0)
(42.763 3.70051 -8.7059e-16)
(42.5061 3.47063 4.86444e-16)
(42.1992 3.27382 6.76903e-16)
(41.8439 3.12356 7.58423e-16)
(41.4422 3.03433 1.17482e-15)
(41.0075 3.02692 0)
(40.5539 3.10053 -1.36692e-17)
(38.93 7.4581 1.60474e-17)
(38.7843 7.33489 2.90426e-16)
(38.6311 7.18117 -4.1243e-16)
(38.4792 6.9964 -7.51061e-16)
(38.3456 6.7975 -1.64271e-15)
(38.2291 6.57776 -5.07764e-17)
(38.1355 6.3426 3.19914e-15)
(38.0708 6.11043 -1.03433e-15)
(38.0337 5.8937 5.70262e-16)
(38.019 5.69404 -1.31882e-15)
(38.0218 5.51512 3.9105e-17)
(38.0369 5.36041 3.91798e-16)
(38.06 5.22677 -4.17519e-16)
(38.0882 5.11087 4.31581e-16)
(38.1197 5.01051 -2.36898e-16)
(38.1533 4.92213 2.30666e-16)
(38.189 4.84283 0)
(38.2268 4.77046 0)
(38.2672 4.70282 0)
(38.3113 4.63808 2.3758e-16)
(38.3602 4.57483 -4.72583e-16)
(38.4154 4.51191 -2.27925e-16)
(38.4791 4.44833 2.28561e-16)
(38.5528 4.38436 -9.96307e-17)
(38.6354 4.32278 1.07203e-16)
(38.7243 4.26684 1.01245e-16)
(38.8179 4.21824 0)
(38.9155 4.17785 -4.84566e-17)
(39.0162 4.14642 -5.78525e-18)
(39.1184 4.12449 0)
(39.2207 4.11227 -1.73036e-16)
(39.321 4.10946 -4.11617e-16)
(39.4176 4.11513 5.60786e-16)
(39.5086 4.12746 3.07025e-16)
(39.593 4.14377 -1.48315e-16)
(39.6706 4.16024 -2.68207e-16)
(39.744 4.17159 -4.88785e-16)
(39.8166 4.174 -3.39047e-16)
(39.899 4.15815 -8.31601e-16)
(39.1647 7.45572 -7.69666e-18)
(39.3285 7.55446 -3.27879e-17)
(39.522 7.64913 0)
(39.7297 7.72958 -2.34695e-17)
(39.9365 7.78909 1.9853e-20)
(40.1567 7.83198 -1.79924e-16)
(40.3792 7.85574 1.8801e-16)
(40.5974 7.8603 -3.49072e-16)
(40.8136 7.84686 1.08631e-15)
(41.0233 7.81683 -4.6092e-16)
(41.2257 7.77138 -5.43126e-16)
(41.4219 7.71113 6.43035e-16)
(41.611 7.63698 6.27674e-17)
(41.7935 7.54902 -1.54637e-15)
(41.9698 7.44705 -8.35322e-16)
(42.1394 7.33088 -8.62441e-16)
(42.3019 7.20009 0)
(42.4564 7.05437 0)
(42.6015 6.89364 -5.92336e-16)
(42.7354 6.71825 7.10957e-16)
(42.856 6.52937 1.08139e-15)
(42.9608 6.32961 -1.49029e-15)
(43.0474 6.12314 7.58789e-16)
(43.1136 5.91583 1.97482e-16)
(43.1598 5.70916 -1.95004e-16)
(43.1872 5.4972 0)
(43.1945 5.27502 -1.12622e-17)
(43.1785 5.04304 1.10258e-17)
(43.1356 4.80342 1.67257e-16)
(43.0622 4.5589 1.49601e-16)
(42.9546 4.31345 2.96188e-16)
(42.8092 4.07227 -8.28234e-16)
(42.6226 3.84196 2.69731e-16)
(42.3923 3.63075 -4.80681e-16)
(42.1171 3.44858 7.96453e-16)
(41.7979 3.30748 0)
(41.4362 3.22053 -4.33205e-16)
(41.0431 3.20645 -1.1679e-16)
(40.6326 3.26575 5.65755e-16)
(39.0148 7.34846 -1.79409e-16)
(38.876 7.23351 2.29754e-16)
(38.7299 7.08978 1.49819e-16)
(38.5847 6.91656 2.02287e-16)
(38.4568 6.72975 7.49989e-16)
(38.3451 6.52306 -1.16814e-15)
(38.2549 6.30159 -2.87401e-15)
(38.1921 6.08278 -4.72483e-16)
(38.1555 5.87851 1.0353e-15)
(38.1402 5.69034 1.12802e-15)
(38.1415 5.52182 6.65024e-16)
(38.1544 5.37625 -6.98001e-16)
(38.175 5.25068 1.1073e-15)
(38.2004 5.14197 -7.97047e-16)
(38.2288 5.04804 -4.15244e-16)
(38.2592 4.9655 -6.4362e-16)
(38.2914 4.89161 6.46039e-16)
(38.3253 4.82429 4.35106e-16)
(38.3616 4.76144 -4.38219e-16)
(38.401 4.70128 3.21239e-16)
(38.4447 4.64241 -1.0148e-18)
(38.4941 4.58362 0)
(38.5511 4.52381 9.5284e-17)
(38.6171 4.4631 2.01774e-16)
(38.6913 4.40403 9.48179e-17)
(38.7713 4.34966 -3.32279e-18)
(38.8557 4.30155 -9.3887e-17)
(38.944 4.26044 2.27172e-17)
(39.0354 4.227 5.49373e-18)
(39.1288 4.20171 -4.09809e-17)
(39.2229 4.1848 2.03613e-16)
(39.3162 4.17613 2.3777e-16)
(39.4072 4.175 7.62585e-17)
(39.4945 4.18003 1.41333e-16)
(39.5772 4.18909 -1.41781e-16)
(39.6554 4.19926 1.23984e-16)
(39.7311 4.20634 -1.19841e-16)
(39.8073 4.2076 0)
(39.8924 4.1949 -7.64801e-16)
(39.2361 7.34395 -3.10988e-17)
(39.3918 7.43541 -2.77779e-17)
(39.5754 7.5226 4.47236e-17)
(39.7723 7.59604 2.10734e-17)
(39.9682 7.6496 -2.11549e-16)
(40.1763 7.6872 4.31773e-16)
(40.3864 7.70661 2.23482e-16)
(40.592 7.70789 -1.06342e-15)
(40.7954 7.69221 6.51472e-16)
(40.9923 7.66098 0)
(41.182 7.61536 0)
(41.3655 7.55596 -4.95686e-16)
(41.542 7.48372 -6.40939e-16)
(41.712 7.39873 6.71376e-16)
(41.8757 7.30086 1.598e-15)
(42.0329 7.18997 5.29769e-17)
(42.1832 7.06572 0)
(42.3258 6.92788 0)
(42.4593 6.77642 1.06649e-15)
(42.5823 6.61176 1.18483e-15)
(42.6926 6.43508 -1.28957e-17)
(42.7881 6.2489 -3.08947e-16)
(42.8667 6.05724 -1.55868e-17)
(42.9266 5.86577 3.30021e-16)
(42.968 5.67588 5.64564e-18)
(42.9924 5.48187 -1.64937e-16)
(42.9988 5.27898 2.01152e-17)
(42.9843 5.06753 -1.97038e-17)
(42.9458 4.84939 -1.49669e-16)
(42.8801 4.62695 -5.76115e-16)
(42.7839 4.40368 1.21788e-16)
(42.654 4.1841 5.28814e-16)
(42.4874 3.97399 -6.83686e-16)
(42.2818 3.78053 1.94042e-17)
(42.0358 3.61249 -5.66552e-16)
(41.75 3.48047 -7.63346e-16)
(41.4256 3.39622 -3.62291e-16)
(41.0716 3.37656 0)
(40.7016 3.42312 5.60005e-16)
(39.0935 7.24424 6.2184e-17)
(38.9613 7.13706 -3.02174e-16)
(38.8221 7.00268 1.21165e-16)
(38.6835 6.84033 3.84762e-17)
(38.5611 6.66491 0)
(38.4539 6.47051 1.29844e-15)
(38.3671 6.26195 8.45976e-17)
(38.3062 6.05574 0)
(38.2702 5.86319 4.70315e-16)
(38.2544 5.68583 -2.55517e-15)
(38.2544 5.52706 0)
(38.2654 5.39005 1.24276e-15)
(38.2836 5.27202 -1.36528e-15)
(38.3065 5.17002 3.67484e-16)
(38.3321 5.08206 3.64208e-16)
(38.3595 5.00494 3.82915e-16)
(38.3885 4.93606 -5.92544e-16)
(38.419 4.87342 -3.93175e-16)
(38.4516 4.81502 3.96105e-16)
(38.4869 4.75912 2.89778e-16)
(38.526 4.70433 -5.83339e-16)
(38.5701 4.64941 0)
(38.621 4.5932 -8.03806e-18)
(38.6802 4.53567 -1.76654e-16)
(38.7468 4.47914 -3.02748e-18)
(38.8188 4.42652 -8.79412e-17)
(38.8949 4.3792 -4.16411e-17)
(38.9747 4.33784 4.21353e-17)
(39.0576 4.30301 0)
(39.1428 4.27515 0)
(39.2293 4.25451 -7.62747e-17)
(39.3159 4.24103 1.45026e-16)
(39.4014 4.23424 -3.51028e-16)
(39.4847 4.2331 2.03173e-16)
(39.5651 4.23597 -6.9419e-18)
(39.6428 4.24069 -1.23464e-16)
(39.7198 4.24398 0)
(39.7981 4.24402 9.73963e-17)
(39.8846 4.23376 6.38528e-16)
(39.3022 7.23785 1.72957e-17)
(39.45 7.32251 0)
(39.6242 7.40272 -4.70964e-18)
(39.8107 7.46966 1.60914e-18)
(39.996 7.51773 1.24715e-16)
(40.1927 7.55049 -2.52539e-16)
(40.3909 7.56597 -1.39855e-17)
(40.5846 7.56434 2.25745e-16)
(40.7758 7.54672 -3.42323e-16)
(40.9607 7.51453 -7.17633e-16)
(41.1383 7.46893 3.84649e-16)
(41.3099 7.41053 1.49128e-15)
(41.4746 7.34024 -5.79094e-16)
(41.6328 7.25821 0)
(41.7849 7.16433 0)
(41.9305 7.05854 -7.41186e-16)
(42.0695 6.94055 8.52533e-16)
(42.2009 6.81019 -4.03362e-18)
(42.3238 6.66752 -1.00757e-15)
(42.4366 6.51297 0)
(42.5374 6.34773 0)
(42.6244 6.17428 2.79247e-16)
(42.6957 5.99644 3.17538e-16)
(42.7496 5.81967 -4.63898e-16)
(42.7868 5.64532 6.02327e-18)
(42.8085 5.4679 0)
(42.814 5.28283 1.74385e-17)
(42.8008 5.09032 0)
(42.7662 4.89205 0)
(42.7075 4.69007 -1.10188e-16)
(42.6217 4.48741 1.11195e-16)
(42.506 4.28799 -2.35495e-16)
(42.3577 4.0968 4.3781e-16)
(42.1747 3.92014 0)
(41.9556 3.7656 0)
(41.7006 3.64248 1.15934e-15)
(41.4108 3.56129 2.30778e-16)
(41.0933 3.53705 -2.05253e-16)
(40.7613 3.57225 -5.38759e-16)
(39.1666 7.14521 3.64715e-18)
(39.0408 7.0453 1.21008e-16)
(38.9081 6.91973 -4.56977e-16)
(38.7759 6.7676 -2.51351e-16)
(38.659 6.6029 -3.3092e-17)
(38.5562 6.42008 -9.43328e-16)
(38.4727 6.22369 7.52834e-17)
(38.4137 6.02936 0)
(38.3784 5.84782 0)
(38.3621 5.68062 9.4211e-16)
(38.3609 5.531 5.1452e-16)
(38.3702 5.402 -1.68994e-15)
(38.3863 5.29102 0)
(38.4068 5.19526 -6.42455e-16)
(38.4298 5.11285 3.26973e-16)
(38.4545 5.04077 3.45144e-16)
(38.4807 4.97652 -3.53303e-16)
(38.5081 4.91822 -1.73925e-16)
(38.5374 4.86394 0)
(38.569 4.81198 0)
(38.604 4.76099 -2.59302e-16)
(38.6434 4.70971 1.78303e-16)
(38.689 4.65693 -1.72227e-16)
(38.7421 4.60247 -1.55457e-16)
(38.8019 4.5485 2.42784e-16)
(38.8666 4.49775 -2.23127e-18)
(38.9352 4.45149 -2.51707e-18)
(39.0072 4.41028 0)
(39.0824 4.37461 1.82297e-17)
(39.1601 4.34488 -1.8478e-17)
(39.2394 4.32134 6.95619e-17)
(39.3196 4.30402 1.32665e-16)
(39.3996 4.29259 1.96144e-18)
(39.4787 4.28634 0)
(39.5564 4.284 0)
(39.6329 4.28406 4.50066e-16)
(39.71 4.28402 0)
(39.7891 4.28282 7.48314e-16)
(39.8758 4.27433 5.09437e-16)
(39.3632 7.13716 4.44421e-18)
(39.5035 7.21546 -1.16028e-17)
(39.6687 7.28918 -2.07573e-17)
(39.8453 7.35009 -1.60599e-18)
(40.0205 7.3931 0)
(40.2062 7.42144 1.37891e-16)
(40.3931 7.43335 -8.14915e-16)
(40.5754 7.42916 -6.706e-16)
(40.7551 7.40988 2.49307e-16)
(40.9285 7.37697 6.80691e-16)
(41.0949 7.33157 -7.97886e-16)
(41.2552 7.27426 0)
(41.4087 7.20598 -1.51271e-15)
(41.5559 7.12687 5.42461e-16)
(41.6971 7.03689 0)
(41.8321 6.93601 7.04622e-16)
(41.9605 6.82401 -7.22935e-16)
(42.0817 6.70077 -1.65743e-15)
(42.1946 6.56641 -4.3619e-16)
(42.298 6.4214 2.70728e-17)
(42.3901 6.26692 -4.94894e-16)
(42.4693 6.10537 -5.54501e-16)
(42.5339 5.9404 2.8498e-16)
(42.5824 5.7773 -2.62253e-16)
(42.6156 5.61731 1.2935e-16)
(42.6349 5.45519 0)
(42.6396 5.28654 -6.45811e-19)
(42.6277 5.1115 -7.77444e-17)
(42.5967 4.93155 6.08535e-17)
(42.5442 4.74846 1.56295e-17)
(42.4679 4.56487 0)
(42.3652 4.38416 0)
(42.2336 4.21065 -3.71066e-16)
(42.0712 4.04974 0)
(41.8768 3.90803 -2.91711e-16)
(41.6502 3.79359 -2.60451e-16)
(41.3924 3.71572 1.31221e-15)
(41.1086 3.68777 0)
(40.8121 3.71297 -5.21976e-16)
(39.2344 7.05113 -3.40174e-18)
(39.1148 6.95804 -6.45232e-17)
(38.9885 6.84072 -8.56821e-17)
(38.8625 6.69821 3.92155e-16)
(38.7508 6.54361 -1.22037e-15)
(38.6524 6.37172 0)
(38.572 6.1868 1.48183e-15)
(38.515 6.00366 1.75877e-17)
(38.4804 5.8325 7.01817e-16)
(38.4638 5.67484 4.03352e-16)
(38.4615 5.5338 0)
(38.4691 5.41229 5.19942e-16)
(38.4833 5.30788 -5.29717e-16)
(38.5016 5.21793 -5.77765e-16)
(38.5223 5.14068 1.20927e-15)
(38.5446 5.07326 -9.27694e-16)
(38.5682 5.01331 0)
(38.5929 4.95902 1.65094e-16)
(38.6191 4.90854 0)
(38.6475 4.86025 3.20128e-16)
(38.6788 4.8128 -4.75041e-16)
(38.7141 4.76494 1.60324e-16)
(38.755 4.71541 1.4971e-16)
(38.8025 4.66393 1.52828e-16)
(38.8563 4.61251 0)
(38.9145 4.56371 0)
(38.9762 4.51872 -1.07823e-16)
(39.0413 4.478 3.55573e-17)
(39.1094 4.44197 -1.68315e-17)
(39.1801 4.41098 1.68719e-17)
(39.2528 4.38529 -9.93013e-17)
(39.3269 4.36498 -2.56295e-16)
(39.4016 4.34985 2.23458e-18)
(39.4763 4.33943 1.16591e-16)
(39.5508 4.33277 -1.18206e-16)
(39.6254 4.3289 -4.28221e-16)
(39.7016 4.32597 3.87642e-16)
(39.7806 4.32351 -7.14025e-16)
(39.8665 4.31625 -6.43724e-16)
(39.4196 7.04161 -1.83437e-17)
(39.5527 7.11399 3.08531e-17)
(39.7091 7.18165 -2.02314e-17)
(39.8763 7.23698 2.7421e-18)
(40.0418 7.27534 -8.54593e-17)
(40.2171 7.29963 8.3922e-17)
(40.3932 7.30835 3.11306e-16)
(40.5646 7.30189 4.05942e-16)
(40.7335 7.28122 4.81353e-16)
(40.896 7.24779 -3.193e-16)
(41.0517 7.20273 6.98967e-16)
(41.2014 7.14662 -7.43373e-16)
(41.3445 7.08038 5.00817e-16)
(41.4814 7.00418 -9.84875e-16)
(41.6125 6.918 1.08665e-15)
(41.7374 6.82186 0)
(41.8561 6.71558 1.33387e-15)
(41.9677 6.59912 6.99854e-16)
(42.0715 6.47263 8.41375e-16)
(42.1662 6.33661 4.67708e-16)
(42.2504 6.19223 -8.94432e-16)
(42.3224 6.04182 9.33337e-16)
(42.3808 5.88885 7.21743e-16)
(42.4245 5.73843 1.56928e-18)
(42.4542 5.59171 -5.38778e-18)
(42.4712 5.44367 1.16798e-16)
(42.4753 5.29012 0)
(42.4644 5.13114 -5.38896e-17)
(42.4367 4.96802 1.04261e-16)
(42.39 4.80233 1.40804e-17)
(42.3223 4.63632 2.31741e-18)
(42.2313 4.47291 -3.67795e-16)
(42.115 4.31579 3.4467e-16)
(41.9714 4.16959 1.38283e-16)
(41.7996 4.03998 -2.93719e-16)
(41.5991 3.93393 0)
(41.3706 3.85957 -2.98849e-17)
(41.1181 3.82871 -1.4472e-16)
(40.8543 3.84509 1.14448e-15)
(39.2974 6.96177 8.21071e-18)
(39.1837 6.87507 1.06032e-16)
(39.0636 6.76549 6.52863e-16)
(38.9435 6.63204 -6.03821e-16)
(38.8369 6.48695 1.13775e-15)
(38.7428 6.32536 -9.11471e-16)
(38.6656 6.15126 -2.64753e-16)
(38.6105 5.97867 1.12151e-15)
(38.5766 5.81729 -2.32217e-15)
(38.5599 5.66859 0)
(38.5565 5.5356 4.1311e-16)
(38.5627 5.42111 -4.50831e-16)
(38.5751 5.32282 5.01668e-16)
(38.5914 5.23828 0)
(38.61 5.16582 5.44124e-16)
(38.63 5.10271 -2.73392e-16)
(38.6512 5.04672 0)
(38.6735 4.99614 1.4178e-16)
(38.6971 4.94919 1.48403e-16)
(38.7225 4.90429 -2.91553e-16)
(38.7506 4.86013 6.88518e-18)
(38.7822 4.81548 4.21104e-16)
(38.8188 4.76903 -4.21768e-16)
(38.8614 4.72043 0)
(38.9097 4.67152 0)
(38.9621 4.62475 -6.54269e-17)
(39.0177 4.58119 6.61326e-17)
(39.0765 4.54125 -3.15677e-17)
(39.1382 4.50526 0)
(39.2025 4.47355 3.13332e-17)
(39.269 4.44636 -5.91756e-17)
(39.3373 4.42381 -5.51702e-17)
(39.4068 4.4058 2.32682e-16)
(39.4771 4.39207 0)
(39.5481 4.3819 0)
(39.6202 4.37476 0)
(39.6948 4.36935 -3.69178e-16)
(39.7726 4.36564 0)
(39.8568 4.35915 0)
(39.4717 6.95097 -1.46959e-17)
(39.5978 7.01781 2.61279e-17)
(39.746 7.07985 -1.48178e-17)
(39.904 7.13001 4.30256e-17)
(40.0603 7.16409 -4.20686e-17)
(40.2256 7.18469 0)
(40.3914 7.19054 -5.42692e-16)
(40.5526 7.18208 7.01905e-16)
(40.711 7.16025 -4.56351e-16)
(40.8634 7.1265 0)
(41.0089 7.08193 0)
(41.1487 7.02711 7.42964e-16)
(41.282 6.96294 -4.24571e-16)
(41.4093 6.88961 2.25548e-15)
(41.5309 6.80713 -1.54867e-15)
(41.6465 6.71555 -5.32088e-16)
(41.756 6.61476 -6.14682e-16)
(41.8589 6.50475 -1.32268e-15)
(41.9542 6.3857 1.39809e-15)
(42.041 6.25814 0)
(42.1178 6.12324 -1.17626e-15)
(42.1833 5.98325 4.08128e-16)
(42.2362 5.84147 -1.1048e-15)
(42.2755 5.70279 -9.03142e-18)
(42.302 5.56832 0)
(42.3171 5.43324 -5.19837e-17)
(42.3206 5.29354 5.09713e-17)
(42.3108 5.14927 9.94041e-17)
(42.286 5.00159 -6.65313e-18)
(42.2446 4.85185 1.91289e-16)
(42.1847 4.70199 1.18598e-17)
(42.1044 4.55449 3.43422e-16)
(42.0019 4.4125 0)
(41.8755 4.27997 2.72343e-16)
(41.7242 4.16171 -2.37273e-17)
(41.5475 4.06369 1.99397e-16)
(41.3458 3.99298 -9.40858e-16)
(41.1221 3.95988 1.66135e-16)
(40.8884 3.96861 -4.81461e-16)
(39.3557 6.87691 -3.72666e-17)
(39.2477 6.79619 2.97324e-16)
(39.1336 6.69387 -4.08153e-16)
(39.0193 6.56892 4.68322e-17)
(38.9176 6.43279 7.7438e-16)
(38.8277 6.28092 2.10733e-15)
(38.7537 6.11703 -9.08183e-16)
(38.7006 5.95439 4.45654e-16)
(38.6674 5.80222 2.96314e-15)
(38.6505 5.66197 -9.76241e-16)
(38.6464 5.53653 -3.52357e-16)
(38.6512 5.42861 -7.92695e-16)
(38.6619 5.33604 0)
(38.6764 5.25652 4.55471e-16)
(38.6931 5.18849 -4.89883e-16)
(38.7111 5.12938 5.05979e-16)
(38.7302 5.07706 0)
(38.7502 5.0299 -2.62534e-16)
(38.7714 4.9862 2.6937e-16)
(38.7942 4.94444 -5.25758e-16)
(38.8194 4.90335 2.68035e-16)
(38.8477 4.86169 -1.58838e-18)
(38.8805 4.81815 -1.30222e-16)
(38.9188 4.77231 0)
(38.9622 4.72589 1.31142e-18)
(39.0093 4.68118 -1.22033e-16)
(39.0595 4.63919 0)
(39.1125 4.60024 -1.34236e-17)
(39.1684 4.56465 1.46822e-17)
(39.2269 4.53267 -2.79646e-17)
(39.2877 4.50454 -5.48431e-17)
(39.3505 4.48041 6.42223e-19)
(39.415 4.46027 3.17795e-16)
(39.4809 4.44397 0)
(39.5481 4.43104 -1.98313e-16)
(39.6172 4.42125 1.81302e-16)
(39.6895 4.41373 -1.01789e-17)
(39.7654 4.40882 -7.75518e-16)
(39.8471 4.40272 0)
(39.5198 6.86499 5.19178e-18)
(39.6392 6.92668 2.15102e-17)
(39.7794 6.98349 -1.58376e-17)
(39.9287 7.02887 4.03848e-17)
(40.0761 7.05901 -1.49361e-16)
(40.2319 7.07626 0)
(40.3879 7.07952 1.0063e-15)
(40.5394 7.06933 -6.65199e-16)
(40.688 7.04656 7.83214e-16)
(40.8306 7.01266 0)
(40.9667 6.9687 0)
(41.0971 6.91523 6.31075e-16)
(41.2212 6.85315 7.61106e-16)
(41.3395 6.78265 -1.62231e-15)
(41.4522 6.70377 -8.70838e-16)
(41.5592 6.61659 1.01088e-15)
(41.6603 6.52104 1.03239e-15)
(41.755 6.41715 -1.14407e-15)
(41.8425 6.30515 6.07061e-16)
(41.922 6.18558 0)
(41.9922 6.05957 4.71416e-17)
(42.0517 5.92932 0)
(42.0996 5.79795 -3.76004e-16)
(42.1349 5.67015 6.76922e-18)
(42.1586 5.54696 -1.87649e-16)
(42.172 5.42376 4.32974e-17)
(42.175 5.29675 3.40568e-17)
(42.1663 5.16595 -7.96804e-17)
(42.1443 5.03238 -2.54592e-16)
(42.1076 4.89721 1.66304e-16)
(42.0548 4.76212 1.62782e-16)
(41.9842 4.62919 -2.87858e-16)
(41.8942 4.50111 5.3867e-16)
(41.7833 4.38119 -1.36867e-17)
(41.6507 4.27353 4.69381e-16)
(41.4956 4.18316 -2.02588e-16)
(41.3184 4.11616 -6.79767e-16)
(41.121 4.08144 6.85301e-16)
(40.9149 4.08353 -5.8072e-16)
(39.4098 6.79632 5.62939e-17)
(39.3073 6.72119 -2.38817e-16)
(39.199 6.62567 6.42368e-17)
(39.0902 6.50872 6.79333e-16)
(38.9933 6.38102 -7.30924e-16)
(38.9075 6.23829 1.06568e-15)
(38.8366 6.08404 -3.88472e-16)
(38.7854 5.93078 -2.77018e-15)
(38.7531 5.78731 -5.93108e-17)
(38.7362 5.65503 1.73444e-15)
(38.7313 5.5367 6.89287e-16)
(38.735 5.43492 2.55002e-17)
(38.7442 5.3477 0)
(38.757 5.27286 -2.2206e-17)
(38.7719 5.20896 -4.40998e-16)
(38.788 5.15354 2.33383e-16)
(38.8052 5.10461 0)
(38.8231 5.0606 1.21458e-16)
(38.8422 5.0199 -1.15374e-16)
(38.8627 4.98104 3.54338e-16)
(38.8852 4.94279 1.2108e-16)
(38.9106 4.90392 3.515e-16)
(38.94 4.86314 -3.46901e-16)
(38.9744 4.81994 1.1131e-16)
(39.0135 4.77594 1.11584e-16)
(39.056 4.73331 -1.11068e-16)
(39.1012 4.69297 -5.33961e-17)
(39.1491 4.65522 5.383e-17)
(39.1997 4.62029 -2.61494e-17)
(39.2528 4.58843 5.30206e-17)
(39.3084 4.55986 5.19197e-17)
(39.366 4.53473 -1.05061e-16)
(39.4257 4.51309 -1.02542e-16)
(39.4872 4.49489 -9.75746e-17)
(39.5506 4.47986 1.87768e-16)
(39.6163 4.46795 3.42963e-16)
(39.6857 4.45867 0)
(39.759 4.45261 7.26091e-16)
(39.8377 4.44659 -6.5294e-16)
(39.5641 6.78344 -1.38391e-17)
(39.6771 6.84033 -7.27141e-18)
(39.8096 6.8923 1.49817e-17)
(39.9506 6.93326 0)
(40.0896 6.95979 -9.83727e-17)
(40.2363 6.97399 1.89228e-16)
(40.383 6.97494 -6.64818e-16)
(40.5252 6.96324 0)
(40.6645 6.93972 -7.4259e-16)
(40.798 6.90582 8.51184e-16)
(40.9251 6.86257 -9.89862e-16)
(41.0466 6.81051 -1.16506e-15)
(41.1621 6.75053 1.31967e-15)
(41.272 6.68282 5.64153e-18)
(41.3764 6.60744 1.60616e-15)
(41.4754 6.5245 -4.82117e-17)
(41.5687 6.43396 -5.50451e-17)
(41.6559 6.3359 5.30159e-16)
(41.7363 6.23056 2.59838e-17)
(41.809 6.11849 -1.15475e-15)
(41.8731 6.00083 4.22247e-17)
(41.9272 5.87967 0)
(41.9705 5.75798 3.5786e-16)
(42.0024 5.64025 1.75873e-16)
(42.0235 5.52742 8.36961e-17)
(42.0355 5.41512 -1.67432e-16)
(42.0381 5.29971 0)
(42.0304 5.18119 -4.07033e-17)
(42.011 5.06047 7.89224e-17)
(41.9787 4.93858 0)
(41.9324 4.81692 1.35722e-16)
(41.8705 4.69729 2.75164e-16)
(41.7917 4.58192 -2.5752e-16)
(41.6949 4.47361 -9.22007e-16)
(41.5791 4.37578 -4.30191e-16)
(41.4436 4.29263 0)
(41.2886 4.22934 3.53867e-16)
(41.1153 4.19355 -4.90408e-16)
(40.9343 4.18996 4.78684e-16)
(39.4599 6.7198 -6.16255e-17)
(39.3627 6.6499 1.88286e-16)
(39.2599 6.56075 0)
(39.1565 6.45129 -5.6602e-16)
(39.0643 6.33151 -6.11368e-16)
(38.9824 6.19739 -1.70822e-15)
(38.9146 6.05221 3.46104e-16)
(38.8653 5.90782 5.20627e-16)
(38.8339 5.77256 -1.43059e-15)
(38.8171 5.64778 -1.57043e-15)
(38.8115 5.53615 -5.83954e-16)
(38.8142 5.44017 0)
(38.8221 5.35796 3.54144e-16)
(38.8334 5.28749 -7.64549e-16)
(38.8466 5.22742 -3.86964e-16)
(38.8611 5.17542 4.20905e-16)
(38.8765 5.12962 -4.20744e-16)
(38.8926 5.08852 1.04176e-16)
(38.9097 5.05058 -4.29077e-16)
(38.9281 5.0144 -1.08522e-16)
(38.9483 4.97878 4.28219e-16)
(38.9711 4.94252 2.10191e-16)
(38.9975 4.90432 -2.08145e-16)
(39.0284 4.86364 0)
(39.0636 4.82198 -9.86465e-17)
(39.1018 4.78143 -9.9182e-17)
(39.1426 4.74282 1.50933e-16)
(39.1859 4.7064 -2.50649e-17)
(39.2317 4.67237 0)
(39.28 4.64096 -2.34902e-17)
(39.3307 4.61235 1.41921e-16)
(39.3836 4.58671 -1.8458e-16)
(39.4386 4.56411 8.8604e-17)
(39.4958 4.5446 -8.87349e-17)
(39.5552 4.52803 3.44854e-16)
(39.6174 4.51449 -4.82874e-16)
(39.6834 4.50378 1.53032e-16)
(39.7535 4.49665 1.30516e-16)
(39.8287 4.4905 2.4982e-16)
(39.6049 6.7061 1.64425e-17)
(39.7117 6.75853 -3.1742e-17)
(39.8369 6.80601 8.65584e-18)
(39.9699 6.84291 -9.38559e-18)
(40.1009 6.86613 5.79958e-18)
(40.239 6.87756 0)
(40.3768 6.87645 0)
(40.5102 6.86345 -2.90539e-16)
(40.6407 6.83935 2.99623e-16)
(40.7655 6.80556 -1.57219e-15)
(40.8841 6.76311 9.39259e-16)
(40.9974 6.71251 1.55198e-15)
(41.1048 6.65462 -6.05794e-16)
(41.2068 6.58965 -1.34571e-15)
(41.3035 6.51767 -7.82897e-16)
(41.395 6.43881 1.51279e-15)
(41.4811 6.35307 -8.26896e-16)
(41.5613 6.26053 8.86496e-16)
(41.6351 6.16148 9.61619e-16)
(41.7017 6.05649 1.57239e-15)
(41.7602 5.94664 5.57778e-16)
(41.8095 5.83395 1.16583e-15)
(41.8487 5.72126 0)
(41.8774 5.61281 -5.30904e-18)
(41.8964 5.50951 1.48129e-16)
(41.9071 5.40717 0)
(41.9095 5.30234 0)
(41.9028 5.195 3.37101e-17)
(41.8858 5.08596 -6.86312e-17)
(41.8575 4.97609 -1.20712e-16)
(41.8169 4.86663 1.12403e-16)
(41.7629 4.75907 0)
(41.6944 4.65529 2.16397e-16)
(41.6102 4.5576 8.29716e-16)
(41.5095 4.46882 -1.81347e-16)
(41.3917 4.39246 1.76648e-16)
(41.2568 4.33286 0)
(41.1053 4.29646 -2.2578e-16)
(40.9471 4.28806 2.23234e-16)
(39.5062 6.64714 -1.07746e-16)
(39.4141 6.58215 4.4639e-17)
(39.3166 6.49896 -4.34757e-16)
(39.2184 6.39652 5.34362e-16)
(39.1307 6.28417 8.73717e-16)
(39.0526 6.15814 -2.77485e-16)
(38.9878 6.02151 -3.34911e-16)
(38.9405 5.88546 1.88754e-15)
(38.9101 5.75794 -4.28841e-16)
(38.8933 5.64024 1.42797e-15)
(38.8873 5.53494 0)
(38.8891 5.44441 1.16157e-15)
(38.8958 5.36691 -1.2498e-15)
(38.9057 5.30055 0)
(38.9176 5.24405 3.66885e-16)
(38.9305 5.19524 9.64896e-18)
(38.9443 5.15233 -5.63743e-16)
(38.9588 5.11392 9.85056e-17)
(38.9741 5.07853 -4.82089e-16)
(38.9906 5.04482 -9.34544e-17)
(39.0087 5.01163 -9.25104e-17)
(39.0292 4.97779 3.83046e-16)
(39.0528 4.94201 0)
(39.0806 4.90373 2.73581e-16)
(39.1123 4.86434 -9.05609e-17)
(39.1468 4.82583 0)
(39.1836 4.78898 -4.47431e-17)
(39.2228 4.75399 4.52327e-17)
(39.2643 4.72106 0)
(39.3082 4.69035 6.5233e-17)
(39.3543 4.66204 -2.13704e-16)
(39.4028 4.6363 4.24822e-16)
(39.4534 4.61322 7.85859e-17)
(39.5064 4.59288 -3.30172e-16)
(39.5618 4.57526 -1.6034e-16)
(39.6202 4.56052 0)
(39.6826 4.54868 -1.34061e-16)
(39.7492 4.54059 1.30109e-16)
(39.8204 4.53414 0)
(39.6423 6.63279 -6.93232e-18)
(39.7433 6.68107 3.00408e-17)
(39.8614 6.7244 0)
(39.9868 6.75754 0)
(40.1102 6.77774 1.75969e-16)
(40.24 6.78667 -2.57774e-16)
(40.3694 6.78372 -2.09751e-16)
(40.4945 6.76961 6.80616e-16)
(40.6167 6.74507 0)
(40.7333 6.71151 7.25477e-16)
(40.844 6.66992 0)
(40.9494 6.6208 -9.63139e-16)
(41.0493 6.56499 0)
(41.1438 6.5027 -5.65967e-16)
(41.2334 6.43401 0)
(41.3179 6.35908 -4.39389e-17)
(41.3973 6.27791 0)
(41.4711 6.19062 -1.30209e-17)
(41.5389 6.09752 -2.61195e-15)
(41.5999 5.99917 -4.84531e-16)
(41.6533 5.89664 -1.2977e-17)
(41.6982 5.79185 -1.07126e-15)
(41.7338 5.68748 -5.37144e-16)
(41.7597 5.58761 -1.35813e-16)
(41.7768 5.49304 1.3148e-16)
(41.7864 5.39979 0)
(41.7887 5.30459 0)
(41.7829 5.20739 -9.36672e-17)
(41.7681 5.10892 5.62736e-17)
(41.7435 5.00994 2.40995e-16)
(41.7082 4.9115 -2.34801e-16)
(41.6613 4.81486 1.03659e-17)
(41.6019 4.72158 -2.06902e-16)
(41.529 4.63355 -2.0421e-16)
(41.4419 4.55308 -5.08552e-16)
(41.34 4.48304 0)
(41.2232 4.42705 0)
(41.0914 4.39044 4.45317e-16)
(40.9538 4.37805 3.81151e-16)
(39.549 6.57819 -7.71229e-17)
(39.4618 6.51777 -1.0757e-16)
(39.3694 6.44016 3.01415e-16)
(39.2762 6.34431 5.52136e-16)
(39.1929 6.23893 2.63953e-16)
(39.1186 6.12049 7.73029e-16)
(39.0567 5.99188 -1.12226e-15)
(39.0113 5.86369 1.2912e-15)
(38.9818 5.74345 1.46787e-15)
(38.9652 5.63243 -1.24433e-15)
(38.9589 5.53309 1.39212e-15)
(38.9598 5.44771 -2.84984e-17)
(38.9656 5.37466 5.8568e-16)
(38.9743 5.31215 2.97104e-16)
(38.9849 5.25901 0)
(38.9965 5.21316 8.72968e-18)
(39.0089 5.17294 1.7542e-16)
(39.0219 5.13702 -1.68621e-16)
(39.0356 5.10399 9.04828e-17)
(39.0504 5.07257 4.40919e-16)
(39.0666 5.04163 4.37797e-16)
(39.0849 5.01005 -3.46284e-16)
(39.1062 4.97653 0)
(39.1312 4.94051 -8.56697e-17)
(39.1598 4.90331 0)
(39.1909 4.86679 0)
(39.2241 4.83171 0)
(39.2595 4.79824 -1.99687e-17)
(39.2971 4.76652 2.2444e-17)
(39.3369 4.73671 -1.00398e-16)
(39.379 4.70897 -3.77928e-17)
(39.4233 4.68346 -1.52704e-16)
(39.4698 4.66028 1.49761e-16)
(39.5187 4.63954 0)
(39.5701 4.62129 1.42309e-16)
(39.6246 4.60572 -2.75674e-16)
(39.6832 4.59301 1.31456e-16)
(39.746 4.58406 -4.61504e-16)
(39.8131 4.57722 -6.23772e-16)
(39.6768 6.5633 9.13345e-18)
(39.7721 6.60774 1.50284e-17)
(39.8835 6.64722 8.59702e-18)
(40.0016 6.67692 5.03958e-17)
(40.1176 6.69436 -5.84592e-17)
(40.2395 6.70103 2.44153e-16)
(40.361 6.69646 0)
(40.4782 6.6814 -2.05888e-16)
(40.5925 6.65655 4.06085e-17)
(40.7014 6.62331 -5.76616e-16)
(40.8046 6.58263 3.83943e-17)
(40.9027 6.53499 3.71797e-17)
(40.9955 6.48123 4.61994e-16)
(41.0831 6.42155 1.01127e-15)
(41.1661 6.35604 -2.58309e-19)
(41.2441 6.28487 -6.4305e-16)
(41.3173 6.20806 6.52841e-16)
(41.3852 6.12576 -7.38247e-16)
(41.4474 6.03828 1.96498e-15)
(41.5033 5.94617 -4.09731e-16)
(41.5521 5.85048 -4.47073e-16)
(41.5929 5.75304 4.64573e-16)
(41.6253 5.6564 2.50619e-16)
(41.6487 5.56441 3.52456e-16)
(41.6642 5.47784 -1.13014e-16)
(41.6729 5.39285 5.55493e-17)
(41.6752 5.3064 4.16455e-19)
(41.6703 5.21838 4.0828e-17)
(41.6576 5.12948 -3.30627e-18)
(41.6363 5.04031 -3.08408e-16)
(41.6058 4.9518 -4.85939e-18)
(41.5653 4.86499 1.04631e-17)
(41.514 4.78117 9.27916e-18)
(41.4512 4.70188 3.24487e-16)
(41.3763 4.62899 3.1772e-16)
(41.2885 4.56481 -2.71317e-16)
(41.1879 4.51231 -2.47642e-16)
(41.0739 4.47584 -6.50738e-16)
(40.9548 4.4602 -3.66478e-16)
(39.5887 6.51277 -3.52341e-17)
(39.5062 6.45663 2.19495e-16)
(39.4187 6.38425 -9.67929e-17)
(39.3303 6.29457 6.9159e-17)
(39.2512 6.19572 -2.35279e-16)
(39.1805 6.08441 -7.43658e-16)
(39.1215 5.96332 1.0607e-15)
(39.0779 5.84251 2.3838e-16)
(39.0494 5.72911 -1.71758e-15)
(39.033 5.62438 7.74706e-16)
(39.0263 5.53066 -1.70211e-15)
(39.0266 5.45013 -9.60591e-16)
(39.0315 5.38127 1.02185e-15)
(39.0393 5.3224 -8.27675e-16)
(39.0487 5.27241 2.81447e-16)
(39.0591 5.22935 -1.45584e-16)
(39.0703 5.19164 3.07345e-16)
(39.0819 5.15804 0)
(39.0943 5.1272 0)
(39.1075 5.09789 -3.93115e-16)
(39.1221 5.06904 3.15673e-16)
(39.1385 5.03955 -7.62117e-17)
(39.1576 5.00816 0)
(39.1801 4.97428 0)
(39.2058 4.93917 0)
(39.2339 4.90459 -1.47723e-16)
(39.2639 4.87126 7.51813e-17)
(39.2959 4.83933 1.89568e-17)
(39.33 4.80891 -2.05447e-17)
(39.3661 4.78015 1.84084e-17)
(39.4044 4.75319 0)
(39.4448 4.72816 -6.48301e-17)
(39.4874 4.7052 1.36603e-16)
(39.5324 4.68441 0)
(39.5799 4.66587 0)
(39.6306 4.6498 -1.26248e-16)
(39.6852 4.63648 1.11675e-16)
(39.7441 4.62678 -1.97801e-16)
(39.8068 4.61951 2.14118e-16)
(39.7084 6.49748 7.9913e-18)
(39.7983 6.53834 -2.99605e-17)
(39.9031 6.57428 0)
(40.0142 6.6008 7.14656e-17)
(40.1232 6.61573 9.06593e-17)
(40.2377 6.62037 -2.15871e-16)
(40.3515 6.61437 3.03301e-16)
(40.4612 6.59852 -3.85954e-16)
(40.5681 6.57348 7.26345e-16)
(40.6698 6.54063 5.22718e-17)
(40.7659 6.50089 0)
(40.8573 6.45474 0)
(40.9434 6.40297 -1.68451e-15)
(41.0246 6.34581 -9.60245e-16)
(41.1014 6.28336 -9.86471e-16)
(41.1734 6.21578 5.40246e-16)
(41.2408 6.14313 -6.2031e-16)
(41.3033 6.06555 6.25246e-16)
(41.3604 5.98336 0)
(41.4116 5.89712 -3.7379e-16)
(41.4562 5.80781 7.68797e-16)
(41.4935 5.71722 4.0227e-16)
(41.5229 5.62772 2.0727e-16)
(41.5442 5.54298 -4.28905e-16)
(41.5582 5.46369 3.14351e-16)
(41.5662 5.38624 -3.64048e-18)
(41.5685 5.3077 1.25815e-17)
(41.5646 5.228 -3.62233e-17)
(41.5537 5.1477 4.77191e-17)
(41.5355 5.06737 2.70288e-16)
(41.5093 4.98777 -3.49769e-16)
(41.4745 4.90978 0)
(41.4305 4.83445 1.65706e-16)
(41.3767 4.76302 -3.10308e-16)
(41.3126 4.69701 -2.68545e-16)
(41.2374 4.63823 5.22045e-16)
(41.1512 4.58908 4.60654e-16)
(41.0531 4.55304 0)
(40.9506 4.53482 1.75555e-16)
(39.6253 6.45075 3.96506e-17)
(39.5474 6.39862 -2.95202e-16)
(39.4647 6.33113 6.96759e-17)
(39.381 6.24724 3.31917e-16)
(39.3059 6.15452 0)
(39.2388 6.04988 8.12676e-16)
(39.1825 5.93585 1.79227e-15)
(39.1407 5.82196 -1.09196e-15)
(39.113 5.71499 0)
(39.0969 5.61615 -1.31515e-15)
(39.09 5.52769 1.16807e-15)
(39.0897 5.45174 -4.20817e-16)
(39.0939 5.38682 4.47698e-16)
(39.1007 5.33138 4.93159e-16)
(39.1092 5.28436 -7.84954e-16)
(39.1186 5.24392 -5.38807e-16)
(39.1287 5.20857 1.24198e-15)
(39.1392 5.17713 -5.63501e-16)
(39.1503 5.14832 0)
(39.1622 5.12099 1.4287e-16)
(39.1752 5.09408 0)
(39.1899 5.06655 7.23585e-17)
(39.2071 5.03715 -1.35603e-16)
(39.2273 5.0053 0)
(39.2505 4.97217 1.35345e-16)
(39.2758 4.93948 -6.71036e-17)
(39.3029 4.90787 0)
(39.3318 4.87748 3.31635e-17)
(39.3627 4.84841 -1.68727e-17)
(39.3954 4.82079 6.55684e-17)
(39.4302 4.79475 -2.05449e-18)
(39.467 4.77041 6.6028e-17)
(39.506 4.74791 -4.42172e-18)
(39.5472 4.72734 -1.27062e-16)
(39.591 4.7088 1.15803e-16)
(39.6378 4.6925 9.17747e-18)
(39.6885 4.67878 4.2939e-16)
(39.7433 4.66848 3.94056e-16)
(39.8017 4.66078 -1.7975e-16)
(39.7375 6.43519 7.012e-18)
(39.8221 6.47271 -2.45386e-17)
(39.9207 6.50536 0)
(40.025 6.52897 -1.17595e-16)
(40.1273 6.54161 4.88753e-17)
(40.2346 6.54443 -3.79889e-16)
(40.3412 6.53718 0)
(40.4438 6.52068 0)
(40.5436 6.49556 0)
(40.6385 6.46316 0)
(40.728 6.42439 0)
(40.813 6.3797 0)
(40.8929 6.32988 7.75365e-16)
(40.9683 6.27515 8.053e-16)
(41.0392 6.21562 1.4066e-15)
(41.1058 6.15146 2.39639e-17)
(41.1679 6.08274 -5.4902e-16)
(41.2253 6.00962 -3.13103e-17)
(41.2778 5.93241 1.21854e-15)
(41.3247 5.85166 -1.19065e-17)
(41.3655 5.76832 -3.61408e-16)
(41.3995 5.68408 -3.6785e-16)
(41.4263 5.60118 -9.48967e-16)
(41.4457 5.5231 3.72305e-16)
(41.4584 5.45046 -1.83273e-16)
(41.4659 5.37983 -4.68526e-17)
(41.4683 5.30845 -2.24947e-17)
(41.4652 5.23624 1.08476e-17)
(41.4561 5.16369 8.34561e-17)
(41.4406 5.09128 -2.45728e-16)
(41.4183 5.01965 3.15122e-16)
(41.3886 4.94954 -1.45685e-16)
(41.3511 4.88179 2.77072e-16)
(41.3053 4.81743 2.62243e-16)
(41.2507 4.75762 -1.43946e-17)
(41.1867 4.70379 0)
(41.1133 4.65782 0)
(41.0293 4.62243 -1.6785e-16)
(40.9416 4.60224 -5.1815e-18)
(39.6592 6.392 7.91481e-17)
(39.5857 6.34363 3.217e-17)
(39.5077 6.28072 0)
(39.4285 6.20226 -6.68243e-16)
(39.3574 6.11528 1.87281e-16)
(39.2937 6.01691 -1.3355e-15)
(39.24 5.90951 -1.30213e-15)
(39.1999 5.8021 -1.84996e-15)
(39.1731 5.70113 1.05453e-15)
(39.1572 5.60781 6.52313e-17)
(39.15 5.52429 0)
(39.1493 5.45262 0)
(39.1528 5.39142 -1.02095e-17)
(39.1589 5.3392 -4.52926e-16)
(39.1665 5.29496 4.65903e-16)
(39.175 5.25699 0)
(39.1841 5.22385 -1.28046e-16)
(39.1936 5.19444 0)
(39.2036 5.16753 1.2504e-16)
(39.2143 5.14204 -1.97611e-16)
(39.226 5.11695 2.56877e-16)
(39.2393 5.09124 -1.24189e-16)
(39.2546 5.06371 1.28744e-16)
(39.2728 5.03378 -1.20823e-16)
(39.2937 5.00256 1.22483e-16)
(39.3165 4.97168 -1.23713e-16)
(39.341 4.94175 -2.99863e-17)
(39.3671 4.91289 -4.89391e-19)
(39.395 4.88519 -1.90282e-17)
(39.4247 4.85876 2.9508e-17)
(39.4562 4.83373 -6.09948e-17)
(39.4897 4.81022 0)
(39.5252 4.78834 0)
(39.5629 4.7682 1.16371e-16)
(39.6031 4.7499 -4.46984e-16)
(39.6461 4.7336 2.19197e-16)
(39.6929 4.71969 -3.99759e-16)
(39.7437 4.70891 3.70229e-16)
(39.7977 4.70082 3.33482e-16)
(39.7642 6.37625 0)
(39.8437 6.41067 -5.49237e-18)
(39.9363 6.44027 7.18587e-18)
(40.0341 6.46121 8.92173e-17)
(40.13 6.47177 1.86215e-16)
(40.2304 6.47296 1.83989e-17)
(40.3301 6.46463 0)
(40.426 6.44761 0)
(40.5191 6.4225 -4.07393e-16)
(40.6075 6.39061 4.26749e-16)
(40.6909 6.35283 1.02055e-15)
(40.7699 6.30958 0)
(40.8441 6.26165 6.50413e-16)
(40.9139 6.20925 -7.64651e-16)
(40.9795 6.1525 -7.85599e-16)
(41.0409 6.09158 0)
(41.0982 6.02657 -1.41145e-15)
(41.151 5.95764 -5.18491e-16)
(41.1992 5.8851 -5.81831e-16)
(41.2422 5.80948 -6.1752e-16)
(41.2795 5.7317 6.1142e-16)
(41.3106 5.65335 2.29193e-17)
(41.3351 5.57654 4.99927e-16)
(41.3528 5.50456 -1.65253e-16)
(41.3645 5.43797 1.62319e-16)
(41.3715 5.37351 1.27038e-18)
(41.374 5.30861 -2.9784e-17)
(41.3717 5.24312 -9.46703e-17)
(41.3643 5.17751 7.50791e-17)
(41.3513 5.11218 2.18426e-16)
(41.3324 5.04767 -1.48427e-16)
(41.3073 4.98458 1.32804e-16)
(41.2756 4.92362 -2.64647e-16)
(41.2368 4.86556 -2.33794e-16)
(41.1907 4.81133 -2.3237e-16)
(41.1365 4.76199 1.99592e-16)
(41.0743 4.71901 -1.94138e-16)
(41.0029 4.68446 3.19644e-16)
(40.9282 4.66282 2.87568e-16)
(39.6906 6.33638 -3.14857e-18)
(39.6214 6.29153 7.12422e-17)
(39.5479 6.23292 -5.35416e-16)
(39.473 6.15956 0)
(39.4057 6.07798 -3.34408e-16)
(39.3454 5.98548 3.13401e-16)
(39.2943 5.88429 1.43353e-15)
(39.2558 5.78296 2.18677e-15)
(39.2298 5.68763 -9.76441e-16)
(39.2141 5.59946 1.13291e-15)
(39.2068 5.52056 -6.06649e-16)
(39.2057 5.45288 0)
(39.2085 5.39515 0)
(39.2139 5.34595 -4.08869e-16)
(39.2208 5.30433 -2.04764e-16)
(39.2285 5.26866 2.12589e-16)
(39.2367 5.2376 -1.09371e-16)
(39.2453 5.21009 1.11442e-16)
(39.2544 5.18497 -1.18663e-16)
(39.264 5.16118 -2.32165e-16)
(39.2746 5.13779 2.31109e-16)
(39.2864 5.11379 -1.11981e-16)
(39.3002 5.08803 0)
(39.3165 5.05993 -1.07868e-16)
(39.3353 5.03054 1.12849e-16)
(39.3559 5.0014 1.11855e-16)
(39.378 4.9731 -2.66999e-17)
(39.4016 4.94574 6.9272e-17)
(39.4267 4.91941 6.89282e-18)
(39.4536 4.8942 -1.22273e-18)
(39.4821 4.87023 0)
(39.5125 4.84763 1.05141e-16)
(39.5448 4.82649 0)
(39.5791 4.80691 3.0706e-16)
(39.6158 4.789 -2.07634e-16)
(39.6552 4.77289 7.38328e-18)
(39.6983 4.75894 1.81525e-16)
(39.745 4.74783 3.36224e-16)
(39.7948 4.73943 3.10126e-16)
(39.7887 6.32054 0)
(39.8633 6.35206 -5.55505e-18)
(39.95 6.37883 6.036e-18)
(40.0417 6.39731 -2.40323e-18)
(40.1314 6.40599 -3.51318e-16)
(40.2253 6.40573 7.60445e-16)
(40.3184 6.39647 1.81607e-16)
(40.4078 6.37905 5.55843e-16)
(40.4946 6.35403 -1.33645e-15)
(40.5769 6.3227 3.81378e-16)
(40.6545 6.28592 -9.68277e-16)
(40.7278 6.2441 1.03445e-15)
(40.7967 6.19801 -6.17417e-16)
(40.8614 6.14783 0)
(40.9221 6.09372 1.48592e-15)
(40.9788 6.03585 -1.56346e-15)
(41.0316 5.97433 1.70013e-15)
(41.0803 5.90932 0)
(41.1245 5.84115 -2.20196e-17)
(41.1639 5.77031 5.09383e-16)
(41.1981 5.69768 -5.52181e-16)
(41.2266 5.62479 1.44362e-15)
(41.249 5.55359 -3.1751e-16)
(41.2652 5.48719 -1.4117e-16)
(41.276 5.42609 -1.43809e-16)
(41.2826 5.36722 2.12426e-16)
(41.2853 5.30813 -9.00527e-18)
(41.2838 5.24868 5.04016e-17)
(41.2779 5.18928 -1.95196e-16)
(41.2671 5.13026 6.74424e-17)
(41.2513 5.07209 0)
(41.2303 5.01526 1.11249e-16)
(41.2036 4.96031 -4.55548e-16)
(41.1711 4.90787 2.35029e-17)
(41.1323 4.85861 2.06883e-16)
(41.0868 4.81333 1.92583e-16)
(41.0345 4.77314 -3.30374e-16)
(40.9741 4.73955 -3.06448e-16)
(40.9109 4.71693 -2.76223e-16)
(39.7196 6.28376 -5.25115e-17)
(39.6545 6.2422 5.0745e-17)
(39.5854 6.18763 4.54036e-16)
(39.5147 6.11906 1.38715e-16)
(39.4513 6.04254 -4.29263e-16)
(39.3941 5.95556 -1.19253e-15)
(39.3454 5.86019 2.40592e-16)
(39.3085 5.76459 0)
(39.2834 5.67453 0)
(39.268 5.59118 9.49043e-16)
(39.2606 5.5166 -5.18572e-16)
(39.259 5.45265 -6.09645e-16)
(39.2612 5.39815 6.68989e-16)
(39.2659 5.35175 -1.07173e-15)
(39.2721 5.31257 1.92901e-16)
(39.2791 5.27906 5.82868e-16)
(39.2865 5.24994 -2.99747e-16)
(39.2944 5.22419 -1.05735e-16)
(39.3025 5.20073 -4.15924e-16)
(39.3112 5.17855 9.42593e-16)
(39.3207 5.15675 -3.15619e-16)
(39.3314 5.13436 2.06636e-16)
(39.3438 5.11026 -2.04624e-16)
(39.3584 5.0839 2.00924e-16)
(39.3754 5.05626 -3.67942e-18)
(39.3939 5.02881 -1.01047e-16)
(39.4138 5.00209 -4.90605e-17)
(39.4351 4.9762 -4.03441e-19)
(39.4577 4.95121 -4.05166e-17)
(39.482 4.92722 -3.83221e-19)
(39.5077 4.90435 0)
(39.5352 4.88269 -5.19749e-17)
(39.5644 4.86235 9.50189e-17)
(39.5956 4.84343 -1.9295e-16)
(39.629 4.82601 -6.94957e-18)
(39.665 4.8102 -1.85487e-20)
(39.7043 4.79636 -1.72386e-16)
(39.7472 4.78505 -3.19632e-16)
(39.7929 4.77641 -2.95185e-16)
(39.8112 6.26789 -6.09993e-18)
(39.881 6.29671 2.60851e-17)
(39.9622 6.32087 -4.66652e-19)
(40.0479 6.33709 -5.14776e-17)
(40.1316 6.34405 1.85998e-16)
(40.2192 6.3425 -2.90113e-16)
(40.306 6.33244 -4.04759e-16)
(40.3893 6.31473 2.7101e-16)
(40.4702 6.28989 8.18011e-17)
(40.5467 6.25917 3.62405e-16)
(40.6187 6.22341 -3.72556e-16)
(40.6868 6.183 -1.43622e-15)
(40.7507 6.13867 1.03128e-15)
(40.8106 6.09064 0)
(40.8668 6.03903 -6.21452e-16)
(40.9192 5.98404 6.73703e-16)
(40.9679 5.92578 -7.63846e-16)
(41.0127 5.86443 1.12862e-17)
(41.0534 5.80031 -1.29668e-15)
(41.0897 5.7339 4.51688e-16)
(41.121 5.66604 0)
(41.1471 5.59817 -8.299e-18)
(41.1677 5.53213 -5.35956e-16)
(41.1826 5.47081 1.3418e-16)
(41.1926 5.4147 6.1483e-17)
(41.1989 5.36087 -3.25009e-17)
(41.2017 5.307 0)
(41.201 5.25296 -3.12032e-17)
(41.1964 5.1991 1.17505e-16)
(41.1876 5.1457 5.91628e-17)
(41.1746 5.09316 -2.17931e-16)
(41.1572 5.04187 2.15199e-16)
(41.135 4.99226 -2.89378e-18)
(41.1079 4.94479 3.9679e-16)
(41.0756 4.89997 -1.06801e-17)
(41.0376 4.85834 -1.7337e-16)
(40.9939 4.82073 6.12846e-16)
(40.9432 4.78819 -2.42778e-17)
(40.8902 4.76496 -5.07113e-16)
(39.7464 6.23401 -2.39767e-18)
(39.6853 6.19553 0)
(39.6204 6.14473 0)
(39.5539 6.08067 0)
(39.494 6.0089 0)
(39.44 5.92709 1.09636e-15)
(39.3937 5.8372 -1.51959e-15)
(39.3583 5.74698 6.79964e-16)
(39.334 5.66188 1.75537e-17)
(39.319 5.58305 -9.18708e-16)
(39.3115 5.51249 1.50638e-15)
(39.3095 5.45202 5.55329e-16)
(39.3112 5.40052 -5.96278e-16)
(39.3152 5.35672 -6.45137e-16)
(39.3206 5.31981 1.01911e-15)
(39.3269 5.2883 -3.52771e-16)
(39.3336 5.26097 1.86358e-16)
(39.3407 5.23687 -3.70496e-16)
(39.3481 5.21495 9.13979e-17)
(39.3559 5.19426 -3.76138e-16)
(39.3645 5.17393 5.6333e-16)
(39.3741 5.15305 -3.7354e-16)
(39.3852 5.13053 0)
(39.3984 5.10582 -1.81276e-16)
(39.4136 5.07986 8.89677e-17)
(39.4303 5.05403 -4.43198e-17)
(39.4482 5.02885 -4.28624e-17)
(39.4674 5.0044 7.8955e-17)
(39.4878 4.98074 -1.13689e-17)
(39.5096 4.95797 6.65204e-17)
(39.5329 4.93619 -4.50453e-17)
(39.5576 4.9155 -4.52741e-17)
(39.584 4.89599 -8.56461e-17)
(39.6122 4.87776 -2.54468e-16)
(39.6425 4.86089 1.71553e-16)
(39.6752 4.84547 3.28792e-16)
(39.711 4.83181 3.04871e-16)
(39.7501 4.82039 -2.81057e-16)
(39.7918 4.8116 2.757e-16)
(39.8319 6.21816 3.50315e-19)
(39.8971 6.24447 3.72121e-17)
(39.9729 6.2662 -5.42564e-18)
(40.0528 6.28034 7.83836e-17)
(40.1308 6.28575 -5.13739e-16)
(40.2124 6.28305 1.04794e-16)
(40.2932 6.27232 0)
(40.3707 6.25441 -4.29843e-16)
(40.4458 6.22981 1.0802e-15)
(40.5169 6.19975 -1.29182e-15)
(40.5838 6.16501 -3.41742e-16)
(40.6469 6.12599 4.04436e-16)
(40.7061 6.08339 -9.78881e-16)
(40.7615 6.0374 1.54641e-15)
(40.8135 5.98818 6.82421e-17)
(40.862 5.9359 -2.4716e-15)
(40.9069 5.88069 6.51745e-16)
(40.9482 5.82275 1.46398e-15)
(40.9857 5.76237 -1.09244e-15)
(41.0191 5.70005 -4.09333e-16)
(41.0479 5.63658 4.25265e-16)
(41.0719 5.57332 6.64888e-16)
(41.0908 5.51199 1.77967e-18)
(41.1046 5.45531 1.11203e-16)
(41.114 5.40371 -2.83331e-16)
(41.1199 5.35441 -5.52214e-17)
(41.123 5.30522 4.78448e-17)
(41.1229 5.256 2.56743e-17)
(41.1195 5.20706 -1.56959e-16)
(41.1126 5.15866 1.01782e-16)
(41.102 5.1111 -9.89113e-17)
(41.0877 5.06472 1.9124e-16)
(41.0694 5.01983 -3.63239e-16)
(41.0471 4.97677 0)
(41.0204 4.93588 3.18071e-16)
(40.989 4.89753 -1.6707e-17)
(40.9528 4.86229 -2.87753e-16)
(40.9105 4.83085 -2.39155e-16)
(40.8663 4.8073 9.20979e-16)
(39.7712 6.18697 -3.55771e-17)
(39.714 6.15138 0)
(39.6532 6.10409 0)
(39.5906 6.04427 -2.21114e-16)
(39.5343 5.97697 2.08231e-16)
(39.4833 5.90002 -9.27131e-16)
(39.4391 5.8153 1.02747e-15)
(39.4053 5.73015 -3.14305e-16)
(39.382 5.6497 3.40592e-16)
(39.3674 5.5751 -4.0856e-16)
(39.3598 5.50832 8.75969e-16)
(39.3574 5.45108 -4.9212e-16)
(39.3585 5.40236 -1.53954e-17)
(39.3618 5.36097 5.7721e-16)
(39.3665 5.32614 0)
(39.372 5.29647 0)
(39.378 5.27081 1.68241e-16)
(39.3843 5.24822 0)
(39.391 5.22773 -8.67268e-17)
(39.3981 5.20842 3.38927e-16)
(39.4058 5.18946 -1.69267e-16)
(39.4144 5.16998 8.20366e-17)
(39.4244 5.14894 0)
(39.4362 5.1258 -8.34469e-17)
(39.4499 5.10145 1.64229e-16)
(39.465 5.07719 1.23598e-16)
(39.4811 5.0535 -4.03023e-17)
(39.4984 5.03045 -2.09971e-17)
(39.5168 5.00812 -2.49152e-18)
(39.5364 4.98656 1.94831e-17)
(39.5574 4.96588 -4.07581e-17)
(39.5796 4.94616 -7.84083e-17)
(39.6034 4.9275 1.58842e-16)
(39.6288 4.90998 2.22966e-18)
(39.6561 4.89368 1.49942e-16)
(39.6856 4.87866 -5.93378e-18)
(39.7181 4.86523 -1.05987e-17)
(39.7537 4.85376 -2.60879e-16)
(39.7916 4.84487 0)
(39.8508 6.17119 3.03089e-19)
(39.9116 6.19517 -3.04271e-17)
(39.9822 6.21466 -8.79666e-18)
(40.0565 6.22688 -5.90547e-17)
(40.1291 6.23087 2.15387e-16)
(40.2049 6.22716 -2.17667e-16)
(40.28 6.21586 -1.74129e-16)
(40.3519 6.19783 8.0144e-16)
(40.4216 6.17354 -7.18138e-16)
(40.4876 6.14416 5.93069e-16)
(40.5495 6.11047 6.84143e-16)
(40.608 6.07282 0)
(40.6628 6.03189 -4.34169e-16)
(40.7141 5.98787 -3.42331e-17)
(40.7621 5.94091 1.52844e-15)
(40.8069 5.89119 6.2401e-17)
(40.8484 5.83884 -5.77904e-16)
(40.8866 5.78406 6.1133e-16)
(40.9211 5.72716 1.38308e-15)
(40.9519 5.6686 -3.46556e-16)
(40.9785 5.60914 3.73545e-16)
(41.0006 5.5501 -4.10708e-16)
(41.0181 5.49306 -4.10383e-16)
(41.0309 5.44058 -2.02481e-16)
(41.0396 5.39304 9.60604e-17)
(41.0454 5.3478 0)
(41.0486 5.3028 6.23383e-18)
(41.0492 5.25787 -1.72592e-18)
(41.0468 5.2133 9.12201e-17)
(41.0415 5.1693 -9.01501e-17)
(41.0331 5.12615 8.15994e-17)
(41.0215 5.08409 -3.35476e-16)
(41.0067 5.04337 3.31032e-16)
(40.9885 5.00421 0)
(40.9667 4.96681 1.41482e-16)
(40.9409 4.9314 0)
(40.9112 4.89834 0)
(40.8762 4.868 -2.21414e-16)
(40.8397 4.84437 -2.1633e-16)
(39.7941 6.1425 -9.49612e-17)
(39.7406 6.10959 2.83194e-16)
(39.6837 6.0656 -3.72347e-16)
(39.625 6.00977 0)
(39.5721 5.94667 -7.80362e-16)
(39.524 5.87431 8.77005e-16)
(39.482 5.79445 -9.72058e-16)
(39.4497 5.7141 0)
(39.4273 5.63802 1.22065e-15)
(39.4131 5.56739 -1.37039e-15)
(39.4055 5.50413 -8.2042e-16)
(39.4027 5.44991 4.48599e-16)
(39.4032 5.40376 -9.80075e-16)
(39.4058 5.36459 0)
(39.4097 5.33168 2.68834e-16)
(39.4144 5.3037 4.33652e-16)
(39.4197 5.27955 -7.3366e-16)
(39.4254 5.25835 3.00903e-16)
(39.4313 5.23917 -3.78536e-16)
(39.4377 5.22113 0)
(39.4446 5.20344 -7.84122e-17)
(39.4523 5.18526 -3.80578e-16)
(39.4613 5.16561 2.99774e-16)
(39.4719 5.14396 -2.23367e-16)
(39.4843 5.12113 1.48083e-16)
(39.4978 5.09837 0)
(39.5124 5.07612 0)
(39.5279 5.05446 2.72081e-17)
(39.5445 5.03343 1.36438e-17)
(39.5622 5.0131 -3.643e-17)
(39.5811 4.99353 3.56922e-17)
(39.6012 4.97481 1.45266e-16)
(39.6225 4.957 -2.15796e-16)
(39.6453 4.94019 6.97773e-17)
(39.6699 4.92445 -1.20187e-18)
(39.6964 4.90983 -1.39561e-16)
(39.7256 4.89661 -2.64629e-16)
(39.7578 4.88511 2.47824e-16)
(39.7921 4.87613 2.24107e-16)
(39.868 6.12683 8.8933e-18)
(39.9247 6.14864 -9.2329e-18)
(39.9902 6.16606 7.83251e-18)
(40.0592 6.17653 -6.98903e-17)
(40.1266 6.17924 -8.45053e-17)
(40.1969 6.17463 2.89425e-16)
(40.2665 6.16285 0)
(40.3331 6.14478 -3.81625e-16)
(40.3977 6.12083 7.63326e-16)
(40.4587 6.09217 4.78747e-16)
(40.516 6.05951 0)
(40.5701 6.0232 6.91905e-16)
(40.6208 5.98388 -1.48736e-15)
(40.6682 5.94176 7.94569e-16)
(40.7126 5.89695 -9.2884e-16)
(40.7539 5.84965 5.03141e-16)
(40.7923 5.79998 0)
(40.8275 5.74815 -1.14843e-15)
(40.8594 5.69446 5.88308e-16)
(40.8879 5.63935 -2.92772e-16)
(40.9125 5.58358 -1.87945e-17)
(40.9329 5.52837 -3.51095e-16)
(40.9491 5.47523 -1.75897e-16)
(40.9611 5.42653 -8.58237e-17)
(40.9694 5.38264 -8.82793e-17)
(40.9749 5.34103 8.64791e-17)
(40.9783 5.29975 0)
(40.9794 5.25863 -2.15988e-17)
(40.978 5.21793 -3.92388e-17)
(40.9741 5.17782 1.57091e-16)
(40.9676 5.13854 -1.55397e-16)
(40.9585 5.10028 1.47174e-16)
(40.9466 5.06322 -4.28428e-16)
(40.9319 5.02749 -1.23782e-16)
(40.9143 4.99321 4.55411e-18)
(40.8934 4.96043 -2.39444e-16)
(40.8693 4.92937 2.33891e-16)
(40.8406 4.90012 1.11481e-17)
(40.8107 4.87659 0)
(39.8152 6.10045 1.09912e-16)
(39.7654 6.07004 -1.49029e-16)
(39.7123 6.02912 5.575e-16)
(39.6572 5.97707 0)
(39.6077 5.91793 9.28954e-16)
(39.5624 5.8499 -1.66314e-15)
(39.5224 5.77466 4.40079e-16)
(39.4916 5.69885 3.16423e-17)
(39.4703 5.62685 -1.70265e-15)
(39.4565 5.55992 2.84649e-15)
(39.4487 5.49995 -3.53564e-16)
(39.4454 5.44853 0)
(39.4453 5.40476 0)
(39.4472 5.36764 -4.70108e-16)
(39.4504 5.3365 2.40047e-16)
(39.4544 5.31007 9.00845e-16)
(39.4589 5.28731 -3.94752e-16)
(39.4639 5.26738 -1.32355e-16)
(39.4691 5.24939 -2.70776e-16)
(39.4748 5.23252 2.08406e-16)
(39.481 5.21599 6.71819e-17)
(39.4879 5.19901 2.72962e-16)
(39.496 5.18065 -2.70315e-16)
(39.5055 5.16039 0)
(39.5166 5.139 0)
(39.5289 5.11766 -6.50732e-17)
(39.542 5.0968 0)
(39.556 5.07648 -1.71092e-17)
(39.571 5.05675 -2.13416e-18)
(39.587 5.03765 1.70141e-17)
(39.604 5.01922 -1.63823e-18)
(39.6221 5.00152 -1.97184e-16)
(39.6413 4.98459 1.313e-16)
(39.6617 4.9685 -2.57492e-16)
(39.6837 4.95333 2.50382e-16)
(39.7075 4.93908 -7.67036e-18)
(39.7337 4.92604 -2.40895e-16)
(39.7626 4.91448 -2.2781e-16)
(39.7933 4.90536 -4.17243e-16)
(39.8838 6.08492 -4.08681e-18)
(39.9364 6.10474 0)
(39.9971 6.12026 0)
(40.061 6.12912 4.28424e-18)
(40.1233 6.13068 1.5884e-16)
(40.1883 6.12526 1.77076e-16)
(40.2527 6.11307 -1.08753e-16)
(40.3143 6.09502 0)
(40.374 6.07146 -7.82344e-16)
(40.4304 6.04352 0)
(40.4833 6.01188 0)
(40.5333 5.97687 4.27946e-17)
(40.58 5.93911 -6.35532e-16)
(40.6238 5.89879 -1.44747e-15)
(40.6648 5.85603 1.53673e-15)
(40.7029 5.81101 0)
(40.7384 5.76386 -2.38966e-17)
(40.7709 5.71478 4.86048e-16)
(40.8005 5.66407 5.33842e-16)
(40.8268 5.61216 2.82809e-17)
(40.8496 5.55976 -3.08062e-16)
(40.8686 5.50804 0)
(40.8838 5.45842 1.67061e-16)
(40.895 5.41313 1.52051e-16)
(40.9028 5.37249 5.75565e-18)
(40.9083 5.33412 0)
(40.9118 5.29614 0)
(40.9134 5.2584 7.30563e-17)
(40.9128 5.22109 -1.99776e-19)
(40.9102 5.1844 0)
(40.9053 5.1485 6.91596e-17)
(40.8982 5.11357 -2.61492e-16)
(40.8889 5.07971 -1.23437e-16)
(40.8773 5.04701 4.5922e-18)
(40.8633 5.01547 1.29646e-16)
(40.8465 4.98507 2.24965e-16)
(40.8272 4.95584 0)
(40.8039 4.92768 1.92331e-16)
(40.7796 4.90438 1.68511e-16)
(39.8348 6.0607 5.71314e-18)
(39.7884 6.03262 -5.71244e-17)
(39.7391 5.99456 -2.56062e-16)
(39.6876 5.94608 0)
(39.6414 5.89067 -6.2396e-16)
(39.5986 5.82675 1.40427e-15)
(39.5606 5.75588 0)
(39.5314 5.68437 -1.71073e-15)
(39.511 5.61617 0)
(39.4974 5.55269 -5.896e-16)
(39.4894 5.49579 -6.34412e-16)
(39.4857 5.44698 7.01039e-16)
(39.4849 5.40542 0)
(39.4861 5.37019 0)
(39.4886 5.34068 4.47355e-16)
(39.4919 5.31567 -4.75984e-16)
(39.4958 5.29419 0)
(39.5 5.27542 1.25556e-16)
(39.5046 5.25853 6.3517e-17)
(39.5096 5.24271 6.38154e-17)
(39.5151 5.22724 -6.37545e-17)
(39.5213 5.21136 6.02013e-17)
(39.5285 5.19418 2.42906e-16)
(39.5371 5.17521 -4.81084e-16)
(39.5471 5.15517 2.40943e-16)
(39.558 5.13515 6.17553e-17)
(39.5699 5.1156 -5.98513e-17)
(39.5826 5.09658 4.57787e-17)
(39.5961 5.07813 0)
(39.6106 5.06026 -5.93824e-17)
(39.626 5.04299 3.69971e-19)
(39.6423 5.02635 -5.77751e-17)
(39.6596 5.01034 0)
(39.6779 4.99502 1.19202e-16)
(39.6976 4.98041 0)
(39.7188 4.96654 0)
(39.7422 4.95366 2.20307e-16)
(39.7679 4.94197 0)
(39.7954 4.93264 0)
(39.8982 6.04534 -6.91336e-18)
(39.9468 6.06332 -7.47956e-18)
(40.0029 6.07708 -7.72168e-18)
(40.0619 6.08448 3.26565e-17)
(40.1194 6.085 -2.47578e-16)
(40.1794 6.07886 6.5468e-17)
(40.2387 6.06636 -2.43227e-16)
(40.2956 6.04837 2.50303e-16)
(40.3506 6.02521 0)
(40.4026 5.99799 -4.21502e-16)
(40.4514 5.96735 8.44188e-16)
(40.4975 5.93357 5.36516e-16)
(40.5406 5.89729 5.62551e-16)
(40.5809 5.85869 6.6555e-16)
(40.6187 5.81787 -7.26757e-16)
(40.654 5.77502 7.31354e-16)
(40.6867 5.73024 -4.23479e-16)
(40.7168 5.68373 0)
(40.7442 5.63579 4.71011e-16)
(40.7686 5.58683 -4.88679e-16)
(40.7898 5.53753 2.41461e-16)
(40.8076 5.489 5.49635e-16)
(40.8217 5.44257 -2.82331e-16)
(40.8323 5.40034 -1.44433e-16)
(40.8398 5.3626 7.11169e-17)
(40.8451 5.32709 0)
(40.8488 5.29203 0)
(40.8508 5.25725 -6.44926e-17)
(40.851 5.22295 3.07838e-17)
(40.8494 5.18924 0)
(40.8459 5.1563 1.21043e-16)
(40.8407 5.12425 3.23035e-18)
(40.8336 5.09318 2.37649e-16)
(40.8245 5.06311 -7.62596e-18)
(40.8135 5.034 0)
(40.8003 5.00572 -1.93044e-16)
(40.785 4.97819 1.88875e-16)
(40.7663 4.95111 0)
(40.7469 4.92817 1.65127e-16)
(39.8528 6.02311 4.2685e-17)
(39.8099 5.99721 0)
(39.7641 5.96183 0)
(39.7161 5.91673 -1.41127e-16)
(39.6731 5.86481 4.18064e-16)
(39.6329 5.8048 2.86324e-16)
(39.5967 5.73807 0)
(39.5691 5.67063 1.21441e-15)
(39.5496 5.60593 2.19422e-15)
(39.5361 5.54567 -9.8729e-16)
(39.5277 5.49165 0)
(39.5234 5.44527 -1.39063e-17)
(39.522 5.40576 -3.6701e-16)
(39.5226 5.37229 3.66672e-16)
(39.5245 5.34429 4.00558e-16)
(39.5272 5.3206 -2.14971e-16)
(39.5304 5.30029 0)
(39.534 5.28259 4.40986e-16)
(39.538 5.26668 -1.00133e-15)
(39.5423 5.25182 3.39121e-16)
(39.5471 5.23731 -2.23939e-16)
(39.5526 5.22243 4.42348e-16)
(39.559 5.20633 -3.27467e-16)
(39.5666 5.18853 1.06087e-16)
(39.5755 5.16971 -5.50073e-17)
(39.5854 5.15093 1.09022e-16)
(39.596 5.1326 0)
(39.6074 5.11481 1.3926e-17)
(39.6197 5.09759 1.65223e-18)
(39.6328 5.08093 0)
(39.6468 5.06484 2.75675e-17)
(39.6616 5.04928 5.47929e-17)
(39.6772 5.03426 -5.16971e-17)
(39.6937 5.01976 -1.05306e-16)
(39.7113 5.00579 2.09922e-16)
(39.7302 4.99233 -2.01788e-16)
(39.751 4.97962 3.91913e-16)
(39.7739 4.96777 -5.54278e-16)
(39.7982 4.95812 7.04891e-18)
(39.9113 6.00793 8.15371e-18)
(39.9561 6.02421 -6.80085e-18)
(40.0077 6.03637 5.76775e-18)
(40.062 6.04244 4.80629e-17)
(40.1148 6.04202 -1.8292e-16)
(40.17 6.03527 4.30751e-16)
(40.2246 6.02251 -3.85813e-16)
(40.2769 6.00463 -2.49445e-16)
(40.3275 5.98189 0)
(40.3754 5.95538 0)
(40.4203 5.92568 -8.42613e-16)
(40.4627 5.89306 -1.91929e-19)
(40.5024 5.8582 -3.79566e-17)
(40.5396 5.82124 0)
(40.5744 5.78227 5.95488e-16)
(40.607 5.74144 -1.33866e-15)
(40.6373 5.69889 -7.31086e-16)
(40.6652 5.65479 7.56286e-16)
(40.6906 5.60943 0)
(40.7132 5.5632 0)
(40.733 5.51675 -4.79245e-16)
(40.7496 5.47113 0)
(40.7629 5.42759 -2.40822e-16)
(40.7729 5.38812 0)
(40.7801 5.35296 -1.20359e-16)
(40.7853 5.31997 9.01091e-17)
(40.7891 5.28747 0)
(40.7915 5.25531 0)
(40.7923 5.22362 1.38276e-16)
(40.7916 5.19253 -1.54887e-18)
(40.7893 5.16216 -2.14647e-16)
(40.7856 5.13261 9.75017e-17)
(40.7803 5.10395 -3.94842e-16)
(40.7735 5.07616 2.87105e-16)
(40.7651 5.04917 -9.01576e-18)
(40.7548 5.02277 0)
(40.7429 4.9968 0)
(40.7281 4.97081 2.96045e-16)
(40.7127 4.94833 -2.9979e-16)
(39.8695 5.98756 -4.87325e-17)
(39.8299 5.96369 1.0049e-16)
(39.7877 5.93082 0)
(39.7431 5.88891 4.54526e-16)
(39.7032 5.84028 0)
(39.6652 5.78398 1.06188e-15)
(39.6309 5.72116 3.15503e-16)
(39.605 5.65757 1.0308e-15)
(39.5862 5.59607 -1.66173e-15)
(39.5725 5.5388 1.39622e-15)
(39.5636 5.4875 -1.51702e-15)
(39.5588 5.44341 1.92306e-17)
(39.5569 5.40582 -1.27736e-15)
(39.5569 5.374 -8.46397e-18)
(39.5583 5.34741 -8.0068e-18)
(39.5604 5.32494 0)
(39.563 5.30569 3.89244e-16)
(39.566 5.28896 -2.99979e-16)
(39.5694 5.27395 1.03332e-16)
(39.5731 5.25994 2.02713e-16)
(39.5772 5.24629 0)
(39.5819 5.2323 -5.15803e-17)
(39.5875 5.21716 1.01852e-16)
(39.5942 5.20043 -1.00672e-16)
(39.6021 5.18271 -9.80822e-17)
(39.6108 5.16504 0)
(39.6203 5.14783 -2.39721e-17)
(39.6305 5.13119 0)
(39.6415 5.11512 -3.06002e-18)
(39.6534 5.09962 4.83224e-17)
(39.6661 5.08468 -4.88059e-17)
(39.6795 5.07024 0)
(39.6937 5.05625 -1.40184e-16)
(39.7087 5.04266 1.58148e-18)
(39.7245 5.02943 -1.8526e-16)
(39.7414 5.01648 4.43864e-18)
(39.7599 5.00401 1.80191e-16)
(39.7801 4.99202 1.73123e-16)
(39.8015 4.98203 0)
(39.9233 5.97259 -2.89734e-18)
(39.9643 5.98729 3.07844e-17)
(40.0116 5.99799 0)
(40.0613 6.00285 -1.29761e-16)
(40.1097 6.00161 1.73336e-16)
(40.1602 5.99432 -2.54821e-16)
(40.2104 5.98137 0)
(40.2583 5.96364 6.80474e-16)
(40.3048 5.9413 -2.42168e-16)
(40.3487 5.91551 0)
(40.3899 5.88669 0)
(40.4289 5.85517 0)
(40.4654 5.82166 -4.67595e-16)
(40.4998 5.78628 4.83095e-16)
(40.532 5.74905 -5.65234e-16)
(40.5621 5.71013 6.44838e-16)
(40.5901 5.66964 -5.86159e-16)
(40.616 5.62779 2.11447e-17)
(40.6395 5.58482 -3.63724e-16)
(40.6606 5.54111 3.69228e-16)
(40.679 5.49728 4.07905e-16)
(40.6945 5.45431 -6.37271e-16)
(40.707 5.41341 4.47394e-16)
(40.7165 5.37642 1.07651e-16)
(40.7235 5.34355 -1.05993e-16)
(40.7287 5.31279 7.92098e-17)
(40.7325 5.28255 -5.79737e-17)
(40.7352 5.25266 -4.95935e-17)
(40.7365 5.22327 -1.21735e-16)
(40.7365 5.19446 9.71521e-17)
(40.7353 5.16633 -4.18695e-17)
(40.7329 5.13895 -2.70323e-16)
(40.7292 5.11237 3.58813e-16)
(40.7242 5.08654 8.31897e-17)
(40.718 5.06138 -4.97131e-16)
(40.7102 5.03663 6.29731e-16)
(40.7011 5.01208 -3.02948e-16)
(40.6895 4.98713 0)
(40.6775 4.96519 0)
(39.8849 5.95394 -1.08859e-16)
(39.8486 5.93198 -5.42369e-17)
(39.8097 5.90145 -9.8125e-17)
(39.7684 5.86256 -9.6666e-16)
(39.7316 5.81697 2.12562e-16)
(39.6958 5.76422 -1.00498e-15)
(39.6633 5.70507 -2.82178e-16)
(39.6391 5.64511 -9.93529e-16)
(39.6208 5.58647 0)
(39.6067 5.53202 -1.20492e-15)
(39.5972 5.48332 2.31319e-15)
(39.592 5.4414 1.05814e-15)
(39.5897 5.40564 -5.63017e-16)
(39.5893 5.37537 -6.13893e-16)
(39.5902 5.35008 6.29262e-16)
(39.5918 5.32873 3.39288e-16)
(39.5938 5.31046 -5.19804e-16)
(39.5962 5.29459 -5.37486e-16)
(39.5989 5.28038 8.79786e-17)
(39.6018 5.26714 2.71367e-16)
(39.6052 5.25423 -8.92352e-17)
(39.6092 5.24102 0)
(39.6139 5.22674 -1.79075e-16)
(39.6197 5.21094 9.11115e-17)
(39.6265 5.19421 4.54028e-17)
(39.6341 5.17754 0)
(39.6424 5.16135 -4.30589e-17)
(39.6515 5.14574 3.37247e-17)
(39.6614 5.13072 1.41595e-18)
(39.6721 5.1163 -2.14949e-17)
(39.6835 5.10243 8.6702e-17)
(39.6958 5.08907 -1.52291e-18)
(39.7088 5.07613 -1.28855e-16)
(39.7224 5.06351 4.33958e-18)
(39.7367 5.05113 -8.23158e-17)
(39.7519 5.03883 0)
(39.7685 5.02676 1.5701e-16)
(39.7864 5.01473 1.50353e-16)
(39.8051 5.00451 -1.44342e-16)
(39.9342 5.93921 -7.90673e-18)
(39.9716 5.95245 -1.9518e-17)
(40.0146 5.9618 -6.27713e-18)
(40.0599 5.96558 1.46323e-16)
(40.1041 5.96362 -5.54151e-17)
(40.1502 5.95587 0)
(40.1961 5.94281 1.23318e-16)
(40.2398 5.92525 1.72784e-16)
(40.2824 5.9033 -4.44587e-16)
(40.3226 5.87825 0)
(40.3602 5.85025 -6.08222e-16)
(40.396 5.81975 -3.70405e-16)
(40.4298 5.78756 3.84623e-16)
(40.4616 5.75369 4.50079e-16)
(40.4913 5.71809 -5.19027e-18)
(40.5191 5.68094 5.37945e-16)
(40.5451 5.64238 5.78585e-16)
(40.569 5.60261 0)
(40.5909 5.56183 2.80143e-16)
(40.6104 5.52044 -1.09977e-17)
(40.6276 5.479 -3.52574e-16)
(40.6422 5.43847 0)
(40.654 5.39994 0)
(40.663 5.36517 0)
(40.6697 5.33433 -4.81894e-17)
(40.6748 5.30552 9.17765e-17)
(40.6788 5.27724 1.07798e-17)
(40.6817 5.24935 -1.02289e-17)
(40.6835 5.22195 8.70218e-17)
(40.6841 5.19513 -4.09433e-17)
(40.6837 5.16895 1.66589e-16)
(40.6823 5.14346 6.22825e-18)
(40.68 5.11867 -1.57979e-16)
(40.6766 5.09455 -7.93141e-17)
(40.6721 5.07095 -2.89613e-16)
(40.6664 5.04765 6.9705e-16)
(40.6597 5.02436 -6.5904e-16)
(40.6508 5.00045 1.33109e-17)
(40.6416 4.9791 -2.31293e-16)
(39.8992 5.92217 3.95532e-17)
(39.866 5.90198 -3.66244e-17)
(39.8304 5.87365 -3.08973e-16)
(39.7924 5.8376 3.84501e-16)
(39.7585 5.79483 -2.18137e-16)
(39.7246 5.74546 2.04657e-16)
(39.694 5.68969 0)
(39.6715 5.63321 0)
(39.6533 5.57704 1.58623e-15)
(39.6386 5.52526 3.93078e-16)
(39.6288 5.4791 -4.64523e-17)
(39.6233 5.43927 4.69104e-16)
(39.6207 5.40523 5.00772e-16)
(39.6198 5.37641 -5.45903e-16)
(39.6202 5.35235 -6.00532e-16)
(39.6212 5.33202 9.11441e-16)
(39.6227 5.31463 1.13955e-18)
(39.6244 5.29954 8.27762e-17)
(39.6264 5.28603 -4.26275e-18)
(39.6287 5.27346 8.03712e-17)
(39.6313 5.26121 8.46666e-17)
(39.6344 5.24869 0)
(39.6382 5.23515 1.61984e-16)
(39.6429 5.22017 -7.85553e-17)
(39.6487 5.20432 0)
(39.6552 5.18854 0)
(39.6625 5.17327 5.98681e-17)
(39.6704 5.15858 2.02369e-17)
(39.6791 5.14449 -1.00593e-17)
(39.6887 5.131 2.03934e-17)
(39.699 5.11809 7.83405e-17)
(39.7101 5.1057 -7.90887e-17)
(39.7219 5.09375 3.98351e-17)
(39.7344 5.08211 3.85056e-18)
(39.7475 5.07064 3.86267e-18)
(39.7614 5.05914 -1.48626e-16)
(39.7763 5.04765 -2.08745e-18)
(39.7923 5.03583 -1.42688e-16)
(39.8087 5.02561 3.59799e-18)
(39.944 5.90766 0)
(39.9779 5.91955 0)
(40.0169 5.92768 1.8466e-18)
(40.0579 5.93049 0)
(40.098 5.92792 1.24506e-16)
(40.1398 5.91979 0)
(40.1817 5.90673 -2.75979e-16)
(40.2214 5.88935 0)
(40.2605 5.86778 4.21585e-16)
(40.2969 5.84361 0)
(40.3314 5.81625 5.76962e-16)
(40.3645 5.78661 -3.25407e-16)
(40.3958 5.7557 1.0123e-15)
(40.425 5.72327 -7.40717e-16)
(40.4524 5.68918 -7.8844e-18)
(40.478 5.65366 -4.43005e-16)
(40.502 5.6169 0)
(40.5241 5.57903 5.28661e-16)
(40.5444 5.54029 -5.92621e-16)
(40.5626 5.50104 2.97553e-16)
(40.5787 5.46181 4.85572e-18)
(40.5923 5.42351 -3.25683e-16)
(40.6035 5.38717 1.62632e-16)
(40.6121 5.35441 0)
(40.6186 5.32539 -4.25764e-17)
(40.6236 5.29832 5.94344e-17)
(40.6276 5.27177 -4.9511e-17)
(40.6307 5.24562 1.01274e-17)
(40.6328 5.21997 1.11845e-16)
(40.634 5.19488 3.70638e-17)
(40.6343 5.17039 -2.23429e-16)
(40.6338 5.14654 7.43814e-17)
(40.6325 5.12331 7.24204e-17)
(40.6305 5.10064 2.66805e-16)
(40.6276 5.0784 -6.99162e-18)
(40.6236 5.05635 -5.03753e-16)
(40.6189 5.03417 1.22701e-16)
(40.6123 5.01121 1.28015e-17)
(40.6053 4.99048 4.39482e-16)
(39.9123 5.89213 2.58341e-17)
(39.8822 5.87359 -4.93753e-17)
(39.8499 5.84733 3.55359e-16)
(39.8149 5.81397 1.80243e-16)
(39.7839 5.77381 -8.82283e-16)
(39.7519 5.7277 -2.05258e-16)
(39.7233 5.67502 -1.47798e-15)
(39.7022 5.62195 0)
(39.6836 5.56761 -1.18955e-15)
(39.6684 5.51837 -1.26911e-15)
(39.6583 5.47475 -7.6575e-16)
(39.6527 5.43691 -3.91884e-16)
(39.6497 5.40448 -4.63222e-16)
(39.6483 5.37703 4.83026e-16)
(39.6481 5.35409 -7.89375e-16)
(39.6486 5.33472 0)
(39.6494 5.31815 -1.45356e-16)
(39.6505 5.30377 -1.41068e-16)
(39.6518 5.2909 -4.42112e-16)
(39.6533 5.27892 5.89787e-16)
(39.6551 5.26725 -2.24779e-16)
(39.6573 5.25532 7.24166e-17)
(39.6601 5.24242 -3.64795e-16)
(39.6639 5.22816 2.9101e-16)
(39.6685 5.21308 0)
(39.674 5.19812 0)
(39.6802 5.18369 -7.2897e-17)
(39.6871 5.16984 0)
(39.6948 5.15657 0)
(39.7032 5.14388 -1.42952e-16)
(39.7124 5.13177 2.152e-16)
(39.7224 5.12021 -1.06271e-16)
(39.7331 5.10913 0)
(39.7446 5.09841 7.11191e-17)
(39.7566 5.08788 1.38872e-16)
(39.7693 5.0773 -1.36843e-16)
(39.783 5.0666 -2.58749e-16)
(39.7974 5.05528 2.54731e-16)
(39.8119 5.04542 1.15998e-16)
(39.9529 5.87776 0)
(39.9833 5.8884 0)
(40.0183 5.89543 -1.31516e-17)
(40.0552 5.8974 1.43554e-17)
(40.0914 5.89433 -8.99941e-18)
(40.1292 5.88596 0)
(40.1672 5.87302 0)
(40.2031 5.85582 -5.6793e-16)
(40.239 5.83482 0)
(40.2716 5.81167 0)
(40.3033 5.78458 4.67609e-16)
(40.3342 5.75557 0)
(40.3631 5.72595 -6.39874e-16)
(40.3899 5.6949 7.02916e-16)
(40.415 5.66217 -3.75412e-16)
(40.4385 5.62812 1.14977e-15)
(40.4606 5.59297 4.09413e-16)
(40.4812 5.55684 0)
(40.5 5.51994 -5.07279e-16)
(40.517 5.48262 0)
(40.532 5.44542 1.24805e-17)
(40.5449 5.40913 -2.84818e-16)
(40.5554 5.37477 -1.54356e-16)
(40.5636 5.3438 -6.9638e-17)
(40.5699 5.31639 0)
(40.5748 5.29081 -8.72211e-17)
(40.5789 5.26577 3.05584e-17)
(40.5821 5.24112 -5.91657e-17)
(40.5845 5.21697 9.91198e-17)
(40.5861 5.19335 9.86627e-17)
(40.587 5.17034 -1.29146e-16)
(40.5872 5.1479 0)
(40.5868 5.12604 5.89081e-17)
(40.5858 5.10464 -1.14719e-16)
(40.5842 5.08361 -2.27736e-16)
(40.5817 5.06265 4.51239e-16)
(40.5787 5.04149 -3.16346e-16)
(40.574 5.01942 1.92864e-16)
(40.5689 4.99929 -3.95477e-16)
(39.9244 5.86365 -2.91283e-17)
(39.8973 5.84668 -1.00146e-16)
(39.868 5.82237 0)
(39.8363 5.79157 0)
(39.808 5.75387 8.48401e-16)
(39.7778 5.71095 -1.63387e-16)
(39.7511 5.66106 1.5942e-15)
(39.7314 5.61146 0)
(39.712 5.55819 0)
(39.6962 5.51139 1.20212e-15)
(39.686 5.4703 6.48973e-16)
(39.6801 5.43429 7.6949e-16)
(39.6766 5.40331 3.96529e-16)
(39.6746 5.37709 -8.81989e-16)
(39.6737 5.35519 2.27681e-16)
(39.6735 5.3367 0)
(39.6738 5.32088 6.31636e-16)
(39.6743 5.30716 -3.84879e-16)
(39.6749 5.29488 3.33157e-16)
(39.6757 5.28344 -6.76329e-17)
(39.6767 5.27229 -3.3686e-16)
(39.678 5.26087 -3.40086e-18)
(39.6799 5.24852 3.26576e-18)
(39.6826 5.23487 0)
(39.6862 5.22047 -1.3108e-16)
(39.6906 5.20625 6.67249e-17)
(39.6958 5.19259 1.00109e-16)
(39.7018 5.17949 -3.25023e-17)
(39.7084 5.16692 3.08309e-17)
(39.7158 5.15489 -4.68408e-19)
(39.7239 5.1434 -3.17597e-17)
(39.7327 5.13246 6.43666e-17)
(39.7424 5.12207 0)
(39.7528 5.11212 -1.24023e-16)
(39.7639 5.10245 1.88541e-16)
(39.7757 5.09281 0)
(39.7882 5.08302 0)
(39.8014 5.07251 0)
(39.8144 5.06334 3.2547e-16)
(39.9597 5.85382 4.81518e-18)
(39.9874 5.86342 -1.65566e-17)
(40.0191 5.86933 5.85854e-18)
(40.0526 5.87022 -6.45476e-18)
(40.0853 5.86615 -2.78112e-16)
(40.1195 5.85678 6.42988e-17)
(40.1535 5.84299 -2.34748e-16)
(40.1851 5.82474 7.699e-16)
(40.2173 5.80324 -3.15825e-16)
(40.2445 5.77885 3.6351e-16)
(40.2727 5.75202 -1.13926e-15)
(40.3023 5.72517 0)
(40.3305 5.69825 0)
(40.3562 5.66946 0)
(40.3801 5.63865 6.76379e-16)
(40.4027 5.60645 -1.58728e-15)
(40.4241 5.57312 -3.14777e-17)
(40.444 5.53877 0)
(40.4623 5.50362 5.30016e-16)
(40.4789 5.46803 0)
(40.4936 5.43251 1.73986e-16)
(40.5062 5.39783 -1.98731e-18)
(40.5165 5.365 1.8486e-16)
(40.5246 5.33543 9.39079e-17)
(40.5307 5.30924 0)
(40.5356 5.28484 6.68548e-17)
(40.5397 5.26093 -5.2441e-18)
(40.543 5.23743 0)
(40.5456 5.21439 -8.26809e-17)
(40.5474 5.1919 1.6095e-16)
(40.5486 5.16998 -2.76644e-18)
(40.5493 5.14862 1.50889e-16)
(40.5496 5.12776 -1.52953e-16)
(40.5493 5.10734 5.71761e-18)
(40.5486 5.08718 2.73326e-16)
(40.5471 5.06703 -1.24656e-16)
(40.5453 5.04659 -1.15183e-16)
(40.5419 5.02519 2.30184e-16)
(40.5381 5.00561 -2.15027e-16)
(39.9338 5.84079 4.16135e-17)
(39.9093 5.82491 1.24743e-16)
(39.8827 5.80187 1.65381e-16)
(39.854 5.7727 6.31211e-17)
(39.8287 5.73637 0)
(39.8009 5.69545 0)
(39.7779 5.64708 -1.31295e-15)
(39.7613 5.60041 7.70633e-16)
(39.742 5.54877 -1.72365e-15)
(39.7233 5.50487 1.02634e-15)
(39.7112 5.46633 -6.46984e-16)
(39.7041 5.43193 -3.4654e-16)
(39.6995 5.40217 -4.20784e-16)
(39.6965 5.37698 1.38923e-17)
(39.6947 5.35595 -2.60942e-16)
(39.6938 5.33817 2.7447e-16)
(39.6934 5.32299 -4.37295e-16)
(39.6933 5.30982 0)
(39.6933 5.29804 2.37454e-16)
(39.6934 5.28704 -3.98336e-16)
(39.6937 5.2763 1.63051e-16)
(39.6943 5.26527 -4.91272e-16)
(39.6953 5.25331 4.09789e-16)
(39.697 5.24005 -1.63147e-16)
(39.6995 5.22612 -8.10629e-17)
(39.7031 5.21243 0)
(39.7075 5.19933 -8.3337e-17)
(39.7126 5.1868 8.49063e-17)
(39.7185 5.17476 5.30208e-18)
(39.725 5.16319 -2.15072e-17)
(39.7322 5.15212 1.67811e-16)
(39.7402 5.14159 -2.09505e-16)
(39.7489 5.13163 8.34712e-17)
(39.7584 5.12219 0)
(39.7686 5.11315 -2.37085e-16)
(39.7796 5.10428 3.1417e-16)
(39.7914 5.09533 1.49109e-16)
(39.8037 5.08573 1.4204e-16)
(39.8158 5.07744 -2.7861e-16)
(39.9651 5.83501 3.62182e-18)
(39.9905 5.84366 1.58061e-17)
(40.0196 5.84835 0)
(40.0501 5.84787 3.53541e-17)
(40.0797 5.84233 4.00875e-18)
(40.1102 5.83133 3.15294e-16)
(40.1401 5.81588 -3.4726e-16)
(40.1672 5.79575 2.31532e-16)
(40.1945 5.77299 -2.26524e-16)
(40.2153 5.7458 6.2544e-18)
(40.2392 5.71862 1.34464e-15)
(40.2684 5.69519 -1.18439e-15)
(40.2974 5.67173 4.5488e-16)
(40.3232 5.64561 0)
(40.347 5.61705 -1.13108e-17)
(40.3698 5.58694 -6.27435e-16)
(40.3913 5.55553 -1.18525e-15)
(40.4114 5.52295 4.27708e-16)
(40.4299 5.48945 -3.42056e-17)
(40.4467 5.4554 0)
(40.4615 5.42133 -2.77825e-16)
(40.4741 5.38799 2.99319e-16)
(40.4844 5.35646 -5.25547e-18)
(40.4924 5.32804 1.54856e-16)
(40.4986 5.30283 0)
(40.5035 5.27935 -1.95411e-17)
(40.5076 5.25633 4.80355e-18)
(40.5109 5.23373 -9.76575e-19)
(40.5135 5.21158 7.2557e-17)
(40.5155 5.18996 -3.62049e-17)
(40.5168 5.16891 -7.01853e-17)
(40.5178 5.14839 0)
(40.5184 5.12834 -1.31414e-16)
(40.5185 5.1087 1.25419e-16)
(40.5183 5.08925 0)
(40.5175 5.06975 1.18015e-16)
(40.5164 5.04991 1.05186e-16)
(40.5138 5.0291 -1.96504e-16)
(40.5109 5.01004 3.89115e-16)
(39.9413 5.82283 2.35087e-17)
(39.9189 5.8077 3.74057e-17)
(39.8948 5.78544 -2.08568e-16)
(39.869 5.75717 -5.7438e-17)
(39.8468 5.72144 5.27533e-16)
(39.8223 5.68177 -7.8783e-16)
(39.8042 5.63418 9.19613e-16)
(39.7921 5.58969 -5.73951e-16)
(39.7734 5.53886 1.58645e-15)
(39.75 5.49826 -9.93983e-16)
(39.7343 5.46226 0)
(39.7252 5.42941 6.85314e-16)
(39.719 5.40079 0)
(39.7146 5.37653 0)
(39.7118 5.35623 -4.58713e-16)
(39.71 5.33906 4.86334e-16)
(39.7089 5.32438 -2.59029e-16)
(39.7081 5.31167 5.38533e-16)
(39.7075 5.30028 -2.05919e-16)
(39.7071 5.28965 -1.42918e-16)
(39.7068 5.27925 2.87878e-16)
(39.7067 5.26854 -7.14213e-17)
(39.707 5.25686 1.45034e-16)
(39.7079 5.24389 7.39143e-17)
(39.7096 5.23027 -1.4533e-16)
(39.7124 5.21695 7.44505e-17)
(39.7161 5.20427 3.80849e-17)
(39.7206 5.19217 -1.91045e-17)
(39.7259 5.18057 -4.69711e-18)
(39.7319 5.16941 0)
(39.7384 5.15869 -7.44269e-17)
(39.7457 5.14846 -3.66712e-17)
(39.7536 5.13878 1.86413e-18)
(39.7623 5.12967 -1.41441e-16)
(39.7718 5.12105 2.13546e-16)
(39.7821 5.11276 -2.75942e-16)
(39.7932 5.10449 -5.97139e-19)
(39.8049 5.09575 0)
(39.8164 5.08837 0)
(39.9702 5.81566 -1.05623e-19)
(39.9932 5.82337 -4.39218e-18)
(40.0195 5.8269 1.0529e-17)
(40.047 5.82519 7.69772e-18)
(40.0734 5.81838 -2.04998e-17)
(40.1003 5.80607 -1.92501e-16)
(40.126 5.7893 7.78542e-16)
(40.1488 5.76783 -1.63651e-16)
(40.1714 5.74425 0)
(40.1865 5.71502 -3.76606e-16)
(40.2063 5.68787 -1.14406e-15)
(40.235 5.66748 6.59833e-16)
(40.2646 5.64684 3.60489e-17)
(40.2904 5.62291 -4.97729e-18)
(40.3141 5.5963 0)
(40.3368 5.56802 1.23082e-15)
(40.3583 5.53835 6.88246e-16)
(40.3785 5.5074 3.6658e-16)
(40.397 5.47543 -4.36794e-16)
(40.4139 5.44283 2.32105e-16)
(40.4287 5.41013 2.5215e-16)
(40.4414 5.37809 -8.5453e-18)
(40.4517 5.34781 -4.0135e-16)
(40.4597 5.32044 -1.31589e-16)
(40.4658 5.29617 1.30599e-16)
(40.4707 5.27352 -1.65766e-17)
(40.4748 5.25134 3.18541e-17)
(40.478 5.22956 -4.73302e-17)
(40.4807 5.20827 1.19526e-16)
(40.4827 5.18742 -3.15345e-17)
(40.4842 5.16717 0)
(40.4853 5.1474 5.81603e-17)
(40.4861 5.1281 -2.26008e-16)
(40.4867 5.10913 1.08746e-16)
(40.4869 5.09033 0)
(40.4866 5.0714 0)
(40.4862 5.05209 -9.80613e-17)
(40.4844 5.03176 1.71788e-16)
(40.4823 5.01305 -8.85139e-18)
(39.9487 5.80437 -4.14457e-17)
(39.9285 5.79005 5.75957e-17)
(39.9068 5.76867 -1.51998e-16)
(39.884 5.74141 2.26029e-16)
(39.8648 5.70641 -1.36238e-16)
(39.8433 5.66821 9.97532e-16)
(39.8299 5.62139 5.08411e-16)
(39.8211 5.57889 5.84413e-16)
(39.8029 5.52946 -1.48645e-15)
(39.7752 5.49168 0)
(39.7562 5.45783 -5.28936e-16)
(39.7451 5.42641 8.94202e-18)
(39.7374 5.39894 6.70818e-16)
(39.7319 5.37562 -3.7244e-16)
(39.728 5.35609 2.106e-16)
(39.7254 5.33956 -4.32218e-16)
(39.7236 5.32544 0)
(39.7222 5.31321 3.55497e-16)
(39.7211 5.30226 6.18711e-17)
(39.7202 5.29204 -3.14436e-16)
(39.7194 5.28203 -3.18091e-16)
(39.7188 5.27168 -1.46524e-18)
(39.7185 5.26035 2.56605e-16)
(39.7186 5.2477 6.58032e-17)
(39.7196 5.23443 1.93731e-16)
(39.7215 5.22147 -1.31907e-16)
(39.7244 5.20917 0)
(39.7283 5.19748 1.6329e-17)
(39.733 5.18632 -1.64019e-17)
(39.7384 5.17559 6.56273e-17)
(39.7443 5.16526 3.25395e-17)
(39.7508 5.15536 -6.48693e-17)
(39.7579 5.14595 1.91577e-16)
(39.7657 5.1371 -1.27076e-16)
(39.7743 5.12878 0)
(39.7838 5.1209 -1.18994e-16)
(39.7941 5.11323 -1.13141e-16)
(39.8051 5.10529 2.30308e-16)
(39.816 5.09883 0)
(39.9751 5.79608 -3.20174e-18)
(39.9957 5.80285 -3.54089e-17)
(40.0191 5.80529 5.5422e-19)
(40.0434 5.80247 -3.61126e-17)
(40.0665 5.79458 8.59832e-17)
(40.0897 5.78127 -8.13297e-17)
(40.1114 5.7635 -2.67964e-16)
(40.13 5.74125 0)
(40.1481 5.71719 -3.34799e-16)
(40.1583 5.68682 1.23218e-15)
(40.1743 5.65987 4.98191e-16)
(40.2022 5.64203 6.35768e-16)
(40.2321 5.62365 4.02061e-17)
(40.2579 5.6015 -4.39277e-16)
(40.2813 5.57649 -9.38416e-16)
(40.3038 5.54979 -5.88882e-16)
(40.3252 5.52162 2.69031e-16)
(40.3453 5.49211 -8.75391e-18)
(40.3638 5.46151 -3.5658e-16)
(40.3807 5.43023 0)
(40.3956 5.39877 -6.43817e-16)
(40.4082 5.36796 2.21047e-16)
(40.4185 5.33882 1.0708e-16)
(40.4265 5.31247 -1.64311e-16)
(40.4326 5.28908 5.5297e-17)
(40.4375 5.26728 5.36345e-17)
(40.4415 5.24596 6.72043e-18)
(40.4447 5.22505 -3.2792e-17)
(40.4474 5.20469 -1.88271e-18)
(40.4494 5.18472 -2.0059e-18)
(40.4508 5.16535 0)
(40.452 5.14645 1.47876e-16)
(40.453 5.12798 4.36805e-17)
(40.4538 5.1098 -1.87096e-16)
(40.4543 5.09174 0)
(40.4546 5.07349 -1.71366e-16)
(40.4547 5.05478 3.30497e-16)
(40.4536 5.035 -7.72428e-16)
(40.452 5.01668 3.06834e-16)
(39.9559 5.78572 0)
(39.9379 5.77224 -5.29019e-17)
(39.9187 5.75187 -5.84009e-17)
(39.8988 5.72572 9.42897e-17)
(39.8825 5.69162 -8.60518e-16)
(39.8639 5.65519 -2.19501e-16)
(39.8549 5.60915 6.34347e-16)
(39.848 5.56884 1.54396e-17)
(39.8303 5.52066 -1.29322e-15)
(39.799 5.48513 7.5073e-16)
(39.7767 5.4531 4.78937e-16)
(39.7636 5.42295 2.31848e-17)
(39.7546 5.39651 -3.12265e-16)
(39.7479 5.37409 0)
(39.7431 5.35532 -1.77844e-16)
(39.7398 5.33943 7.6873e-16)
(39.7374 5.32585 -5.00537e-16)
(39.7354 5.31409 -6.31609e-16)
(39.7338 5.30358 1.05201e-16)
(39.7324 5.29378 2.19896e-16)
(39.7313 5.28418 1.12254e-16)
(39.7302 5.27424 -1.71589e-16)
(39.7294 5.26333 2.25864e-16)
(39.729 5.2511 0)
(39.7292 5.23823 -1.73436e-16)
(39.7304 5.22565 1.44699e-16)
(39.7325 5.21369 0)
(39.7356 5.20236 -1.49496e-17)
(39.7396 5.19159 -9.06729e-18)
(39.7444 5.18129 -2.87268e-17)
(39.7497 5.17141 -5.76418e-17)
(39.7556 5.16192 5.69616e-17)
(39.7619 5.15286 0)
(39.7689 5.14428 0)
(39.7765 5.13621 0)
(39.7849 5.12863 0)
(39.7943 5.12136 1.014e-16)
(39.8044 5.11409 -2.95983e-16)
(39.8146 5.10836 4.79573e-16)
(39.9797 5.77631 1.62216e-17)
(39.9977 5.78214 1.69297e-17)
(40.0182 5.78356 0)
(40.0392 5.77978 0)
(40.059 5.77102 0)
(40.0785 5.75701 0)
(40.0962 5.7386 2.32557e-16)
(40.1111 5.71611 -4.52157e-16)
(40.1249 5.69191 2.46482e-17)
(40.1308 5.6613 -7.12135e-16)
(40.1436 5.63479 -6.12272e-17)
(40.1704 5.61899 0)
(40.2002 5.60236 -6.17402e-16)
(40.2258 5.58159 0)
(40.2488 5.55788 4.46205e-17)
(40.2709 5.53246 4.34942e-16)
(40.2922 5.50557 0)
(40.3121 5.4773 -2.70382e-16)
(40.3305 5.44791 -2.97286e-16)
(40.3473 5.41779 1.92052e-17)
(40.3621 5.38745 -3.41462e-16)
(40.3747 5.35778 1.77046e-16)
(40.385 5.32967 -9.6806e-17)
(40.393 5.30423 9.30395e-17)
(40.3992 5.2816 -4.63024e-17)
(40.4041 5.2605 9.25324e-20)
(40.4081 5.23983 2.28311e-17)
(40.4113 5.2196 4.34975e-17)
(40.414 5.19989 4.31642e-17)
(40.4161 5.18053 -1.21674e-16)
(40.4176 5.16174 4.06861e-17)
(40.4189 5.14341 1.65258e-16)
(40.42 5.12546 -2.02737e-16)
(40.421 5.10781 0)
(40.4217 5.09026 0)
(40.4222 5.0725 7.16975e-17)
(40.4226 5.05422 0)
(40.4221 5.03474 2.69914e-16)
(40.4213 5.01641 2.58624e-16)
(39.9629 5.76689 -7.41227e-18)
(39.9471 5.75432 0)
(39.9304 5.73509 1.61033e-16)
(39.9134 5.71018 0)
(39.8996 5.67723 1.92501e-16)
(39.8839 5.64288 8.91284e-16)
(39.879 5.59753 6.96275e-16)
(39.8727 5.55979 -7.46278e-16)
(39.8552 5.51251 3.49038e-17)
(39.8209 5.47861 6.76916e-16)
(39.7956 5.44808 -8.21111e-16)
(39.7806 5.41899 -4.92453e-16)
(39.7703 5.39345 5.3632e-16)
(39.7625 5.37186 2.89429e-16)
(39.757 5.35382 3.22147e-16)
(39.7531 5.33859 -5.02308e-16)
(39.7501 5.32559 9.12923e-17)
(39.7477 5.31433 9.46617e-17)
(39.7456 5.30426 4.29236e-16)
(39.7438 5.29486 -3.8521e-16)
(39.7423 5.28567 -5.04427e-17)
(39.7409 5.27617 -2.52906e-18)
(39.7398 5.26572 0)
(39.7389 5.25401 4.86504e-17)
(39.7386 5.24164 -1.49993e-16)
(39.7391 5.22951 1.7768e-16)
(39.7405 5.21791 -5.16585e-17)
(39.7427 5.20688 -6.44706e-17)
(39.746 5.19643 -1.43185e-17)
(39.75 5.18651 5.17281e-17)
(39.7547 5.17708 1.01177e-16)
(39.7599 5.16809 -1.26089e-16)
(39.7655 5.15949 9.7326e-17)
(39.7716 5.15132 4.61492e-17)
(39.7782 5.14359 -1.91268e-16)
(39.7856 5.13631 -2.28171e-16)
(39.7939 5.12938 1.79366e-18)
(39.803 5.12265 2.66343e-16)
(39.8125 5.11753 -2.71627e-18)
(39.9839 5.75641 -8.55781e-18)
(39.9993 5.76132 1.98896e-17)
(40.0168 5.76179 3.74163e-18)
(40.0345 5.75721 -2.57669e-17)
(40.051 5.74781 -4.67534e-17)
(40.0669 5.73343 -2.66692e-17)
(40.0808 5.71473 -1.07869e-17)
(40.0923 5.69255 2.08193e-16)
(40.102 5.66853 2.58721e-17)
(40.1047 5.63864 2.66543e-17)
(40.1146 5.61282 -3.62558e-16)
(40.14 5.59856 0)
(40.1693 5.58312 2.77621e-16)
(40.1944 5.56338 -6.27451e-16)
(40.2169 5.54066 1.7414e-15)
(40.2386 5.51627 -1.56285e-15)
(40.2594 5.4904 -2.43505e-17)
(40.279 5.46315 7.22194e-16)
(40.2972 5.43477 5.46309e-16)
(40.3138 5.40561 1.56257e-16)
(40.3286 5.37627 1.5704e-16)
(40.3411 5.34756 -3.12242e-16)
(40.3513 5.32042 1.52309e-16)
(40.3593 5.29589 -4.04548e-17)
(40.3654 5.27413 0)
(40.3701 5.25394 1.99835e-17)
(40.374 5.23425 -2.85463e-17)
(40.3771 5.21506 -1.82986e-17)
(40.3799 5.19647 0)
(40.3819 5.17821 -6.36018e-17)
(40.3833 5.16055 3.42799e-17)
(40.3847 5.14333 -1.38893e-16)
(40.3859 5.12647 3.09885e-16)
(40.3871 5.10984 -1.34863e-16)
(40.3881 5.09326 0)
(40.3889 5.07638 -2.56694e-16)
(40.3896 5.05892 5.46851e-16)
(40.3894 5.04027 -1.27438e-16)
(40.3882 5.0229 -2.83428e-16)
(39.9695 5.74798 3.13019e-17)
(39.956 5.73638 0)
(39.9417 5.71843 -2.33863e-16)
(39.9276 5.69492 7.66401e-17)
(39.9163 5.66344 -3.51873e-16)
(39.9032 5.63145 2.66686e-16)
(39.9018 5.58671 -6.33682e-16)
(39.8947 5.55221 0)
(39.8773 5.50513 1.43422e-15)
(39.8407 5.47213 5.92065e-16)
(39.8129 5.44281 8.26257e-16)
(39.7961 5.41466 -8.53005e-16)
(39.7846 5.38987 4.86071e-16)
(39.7759 5.36895 -1.32284e-15)
(39.7696 5.35156 1.12947e-15)
(39.7651 5.33695 -4.39245e-16)
(39.7618 5.32453 -3.88647e-16)
(39.759 5.31381 3.20584e-16)
(39.7566 5.30422 0)
(39.7545 5.29526 -4.11326e-17)
(39.7526 5.28649 0)
(39.751 5.27742 -4.4478e-17)
(39.7495 5.26745 -4.23048e-17)
(39.7483 5.25628 -4.47475e-17)
(39.7476 5.2445 8.81145e-17)
(39.7476 5.23289 0)
(39.7483 5.2217 -2.28832e-17)
(39.7497 5.21097 3.96159e-17)
(39.752 5.20074 -2.3798e-17)
(39.7551 5.19106 6.68732e-17)
(39.759 5.18193 -1.113e-17)
(39.7634 5.17331 -1.08088e-16)
(39.7683 5.16514 1.07931e-16)
(39.7736 5.15739 4.30841e-17)
(39.7792 5.15005 -1.63998e-16)
(39.7855 5.14312 2.04927e-16)
(39.7926 5.13654 -2.46907e-18)
(39.8006 5.13031 0)
(39.8093 5.12589 2.93298e-16)
(39.9877 5.73643 -5.92136e-18)
(40.0005 5.74045 -1.11684e-17)
(40.0149 5.74008 -2.46794e-18)
(40.0294 5.73486 4.03261e-17)
(40.0426 5.72509 8.2161e-17)
(40.0551 5.71066 -1.2436e-17)
(40.0655 5.69206 1.52764e-16)
(40.074 5.67074 -1.64779e-16)
(40.08 5.64723 8.07384e-16)
(40.0805 5.61911 -1.20522e-16)
(40.0879 5.59423 -3.3435e-16)
(40.1114 5.58098 6.31542e-16)
(40.1396 5.56622 0)
(40.1639 5.54712 -5.22497e-16)
(40.1858 5.5251 1.14458e-15)
(40.2069 5.50144 -6.24446e-16)
(40.2272 5.47633 3.73209e-16)
(40.2463 5.44986 -8.02229e-16)
(40.2641 5.42225 4.2859e-16)
(40.2805 5.39389 -2.3429e-16)
(40.295 5.3653 1.1433e-16)
(40.3076 5.33728 -3.66259e-16)
(40.3179 5.31068 3.08879e-16)
(40.3261 5.28651 0)
(40.3324 5.26494 0)
(40.3374 5.24484 8.35303e-18)
(40.3416 5.22518 -7.87061e-18)
(40.345 5.20595 2.41383e-17)
(40.348 5.18732 0)
(40.3504 5.1689 0)
(40.3519 5.15109 1.18899e-16)
(40.3533 5.13376 -1.18215e-16)
(40.3547 5.11681 2.72606e-17)
(40.3559 5.10017 0)
(40.3569 5.08366 0)
(40.3577 5.06693 -1.07502e-16)
(40.3585 5.04962 -5.45336e-17)
(40.359 5.03085 4.7203e-17)
(40.3594 5.01281 5.0769e-17)
(39.9757 5.72901 9.55019e-18)
(39.9645 5.71845 4.79336e-17)
(39.9527 5.70197 -6.07164e-17)
(39.9413 5.68002 -2.91927e-16)
(39.9322 5.65042 0)
(39.9219 5.62102 -3.48296e-17)
(39.9231 5.57694 5.15844e-16)
(39.914 5.54663 -5.08289e-16)
(39.8968 5.49872 -8.95718e-16)
(39.8583 5.46569 -5.78297e-16)
(39.8284 5.43724 6.82651e-16)
(39.8102 5.40995 -1.12363e-15)
(39.7979 5.38594 -2.05476e-16)
(39.7884 5.3657 0)
(39.7814 5.34884 -1.20281e-16)
(39.7762 5.33466 -5.25194e-16)
(39.7723 5.32266 1.1587e-15)
(39.7692 5.31236 -2.77033e-16)
(39.7666 5.30321 -2.8699e-16)
(39.7643 5.2947 3.78388e-17)
(39.7622 5.28636 3.63024e-17)
(39.7602 5.27773 3.38732e-16)
(39.7584 5.26824 -2.6198e-16)
(39.7568 5.25762 0)
(39.7557 5.24646 1.13924e-16)
(39.7552 5.23549 -2.31995e-16)
(39.7553 5.22486 2.84785e-17)
(39.756 5.21459 3.94422e-17)
(39.7573 5.20472 -5.98082e-19)
(39.7593 5.19533 0)
(39.7621 5.18648 5.74267e-17)
(39.7656 5.17817 9.41755e-17)
(39.7695 5.17036 -3.38697e-16)
(39.7737 5.16298 1.85623e-16)
(39.7784 5.15598 -3.56928e-17)
(39.7834 5.14931 0)
(39.7892 5.14292 -7.03199e-17)
(39.7958 5.1369 0)
(39.8032 5.13223 1.2822e-16)
(39.9911 5.71642 -7.36992e-18)
(40.0013 5.71956 6.89792e-18)
(40.0126 5.71849 1.29008e-17)
(40.024 5.71285 -1.9118e-17)
(40.034 5.703 8.08242e-17)
(40.0433 5.68887 -7.04454e-17)
(40.0506 5.67084 -2.30257e-16)
(40.0564 5.65094 -2.61894e-16)
(40.0593 5.62834 1.06497e-16)
(40.0587 5.60314 0)
(40.064 5.57941 -2.34151e-16)
(40.0852 5.56661 0)
(40.1117 5.55195 8.86968e-16)
(40.1349 5.53312 -7.67437e-16)
(40.1558 5.51148 -4.86049e-16)
(40.1761 5.48822 6.31189e-16)
(40.1957 5.46354 -4.7491e-16)
(40.2142 5.43753 9.65418e-16)
(40.2315 5.41047 -5.06504e-16)
(40.2473 5.38277 9.87683e-17)
(40.2615 5.35499 -1.02679e-16)
(40.2737 5.32793 -4.7607e-17)
(40.2836 5.30249 1.47086e-16)
(40.2913 5.2797 -2.43489e-17)
(40.297 5.25972 0)
(40.3016 5.24142 2.56179e-17)
(40.3054 5.22374 -2.87626e-17)
(40.3086 5.2066 0)
(40.3115 5.19009 -4.92043e-17)
(40.3135 5.17397 5.35298e-17)
(40.315 5.15844 9.6219e-17)
(40.3165 5.14327 -9.57728e-17)
(40.3181 5.12837 -2.11442e-16)
(40.3196 5.11362 1.90202e-18)
(40.3211 5.09884 1.95359e-18)
(40.3225 5.08372 2.24583e-16)
(40.3237 5.06799 0)
(40.3234 5.05141 -3.50443e-18)
(40.3215 5.03622 0)
(39.9814 5.71002 -3.02255e-17)
(39.9725 5.70059 9.68205e-17)
(39.9632 5.68575 0)
(39.9543 5.66557 -8.77089e-18)
(39.9472 5.63835 5.07103e-16)
(39.9395 5.61173 -9.58847e-16)
(39.9424 5.5686 -4.22027e-16)
(39.9305 5.54369 0)
(39.914 5.49368 7.98095e-16)
(39.8742 5.45951 -8.89509e-16)
(39.8425 5.43123 6.13186e-16)
(39.823 5.40444 3.50333e-16)
(39.81 5.38123 1.92897e-16)
(39.8001 5.36196 0)
(39.7926 5.34596 6.82706e-18)
(39.7868 5.33238 -5.51051e-17)
(39.7822 5.32072 5.7352e-17)
(39.7784 5.31062 0)
(39.7752 5.30161 -5.03344e-16)
(39.7725 5.29324 5.07936e-16)
(39.77 5.28509 -3.33429e-17)
(39.7676 5.27668 -3.27541e-16)
(39.7653 5.26746 -2.01697e-18)
(39.7632 5.25717 1.62248e-16)
(39.7614 5.2464 2.8189e-16)
(39.7602 5.23584 -1.34117e-16)
(39.7595 5.22562 -4.76555e-19)
(39.7592 5.21572 2.5486e-17)
(39.7595 5.20618 -1.64968e-17)
(39.7603 5.19709 0)
(39.7619 5.18855 8.62792e-18)
(39.7641 5.18063 1.32659e-16)
(39.7668 5.17333 -2.30392e-16)
(39.7699 5.16658 9.75646e-17)
(39.7733 5.16032 3.23769e-17)
(39.7772 5.15446 -3.08072e-17)
(39.7816 5.14897 2.40015e-16)
(39.7868 5.14412 5.2285e-17)
(39.7938 5.14144 -4.00421e-16)
(39.9939 5.69631 -1.36695e-17)
(40.0016 5.69863 3.09745e-18)
(40.01 5.69703 -5.35885e-18)
(40.0183 5.69126 1.09479e-18)
(40.0255 5.68169 -5.60078e-17)
(40.0319 5.6683 0)
(40.0366 5.65144 -2.92554e-16)
(40.0402 5.63353 2.95441e-16)
(40.0406 5.61232 -1.93394e-16)
(40.0402 5.5913 -1.35807e-16)
(40.0435 5.56878 6.62326e-16)
(40.062 5.55584 -2.76525e-16)
(40.086 5.54074 3.34402e-16)
(40.1075 5.52174 -5.21845e-16)
(40.1272 5.5001 6.90778e-16)
(40.1463 5.47693 -1.12608e-16)
(40.165 5.45235 -6.02316e-16)
(40.1828 5.4264 6.01289e-16)
(40.1996 5.39926 2.08781e-16)
(40.2152 5.37127 -6.63475e-17)
(40.2295 5.34291 -3.07523e-16)
(40.2422 5.31492 1.08629e-16)
(40.253 5.28814 3.24101e-16)
(40.262 5.26356 -2.45454e-16)
(40.2691 5.24146 8.40521e-17)
(40.2748 5.22089 0)
(40.2796 5.20079 2.79606e-18)
(40.2836 5.18118 -3.23659e-17)
(40.2872 5.16244 6.03273e-17)
(40.2902 5.14358 -2.77786e-18)
(40.2921 5.12557 0)
(40.2937 5.10817 0)
(40.2952 5.09131 0)
(40.2965 5.07488 1.77318e-17)
(40.2975 5.0587 -1.38835e-16)
(40.2985 5.0424 -1.52422e-16)
(40.2997 5.02552 3.36078e-16)
(40.3021 5.00668 2.56404e-16)
(40.3056 4.98821 -5.8711e-16)
(39.9867 5.69094 1.21653e-17)
(39.9799 5.68272 7.20334e-17)
(39.973 5.66969 1.2976e-16)
(39.9665 5.65159 2.32705e-17)
(39.961 5.62738 -9.26516e-16)
(39.9559 5.60365 6.27937e-16)
(39.9588 5.56222 3.83986e-16)
(39.9442 5.54413 0)
(39.9299 5.4905 0)
(39.8898 5.45436 -3.81318e-16)
(39.8565 5.42554 0)
(39.8351 5.39823 0)
(39.8202 5.3748 1.56372e-16)
(39.8089 5.35589 -7.1594e-16)
(39.8007 5.34075 7.52497e-16)
(39.7947 5.32827 9.91155e-17)
(39.79 5.31772 -4.13739e-16)
(39.7858 5.30853 8.41187e-16)
(39.782 5.30022 -8.34669e-16)
(39.7785 5.29237 4.36309e-16)
(39.7752 5.2846 0)
(39.772 5.27653 4.27088e-17)
(39.7689 5.26765 0)
(39.7657 5.25774 -2.93157e-17)
(39.7629 5.24738 9.98708e-17)
(39.7605 5.2372 4.77739e-19)
(39.7586 5.22731 -6.55287e-17)
(39.7571 5.21762 -6.23112e-17)
(39.7559 5.2081 -2.93783e-17)
(39.7551 5.1988 -2.93089e-17)
(39.7548 5.18982 -4.40798e-17)
(39.7551 5.18124 1.49104e-17)
(39.7559 5.17313 -1.36805e-17)
(39.7572 5.1655 1.1489e-16)
(39.759 5.1583 1.36185e-17)
(39.7612 5.15145 2.79354e-17)
(39.7636 5.14474 0)
(39.766 5.13816 -5.29366e-17)
(39.7684 5.131 -3.90163e-16)
(39.9962 5.67609 -1.26812e-17)
(40.0014 5.67767 2.08568e-17)
(40.007 5.67572 -4.82633e-18)
(40.0125 5.67012 4.09436e-18)
(40.0172 5.66126 8.22839e-17)
(40.0211 5.64913 -1.66749e-16)
(40.024 5.6342 2.21294e-16)
(40.0259 5.61877 1.61393e-16)
(40.025 5.59967 -7.79372e-17)
(40.0255 5.58419 0)
(40.0269 5.56272 4.90136e-17)
(40.0419 5.54914 -8.04189e-16)
(40.0628 5.53312 6.7262e-16)
(40.0821 5.51346 -1.27734e-16)
(40.1001 5.49134 -5.52993e-16)
(40.1178 5.46784 6.37232e-16)
(40.135 5.44326 -7.56588e-17)
(40.1514 5.41774 1.96491e-16)
(40.1667 5.39166 -4.46459e-16)
(40.1808 5.36543 5.95147e-17)
(40.1935 5.3396 -2.65375e-17)
(40.2043 5.31497 -2.12005e-16)
(40.213 5.29246 3.50938e-16)
(40.2194 5.27296 -1.61749e-16)
(40.2243 5.25651 6.28925e-17)
(40.2286 5.24179 0)
(40.2322 5.22783 -7.78379e-18)
(40.2355 5.21433 6.85282e-18)
(40.2388 5.20111 -1.61743e-18)
(40.2408 5.18903 8.01948e-18)
(40.2424 5.17723 1.17327e-16)
(40.2443 5.16546 -1.17007e-16)
(40.2466 5.1537 7.605e-18)
(40.2489 5.14187 -8.78211e-18)
(40.2513 5.12984 -1.60803e-17)
(40.2534 5.11743 0)
(40.2549 5.10449 1.78854e-16)
(40.253 5.09174 -1.77349e-16)
(40.2479 5.08071 0)
(39.9913 5.6718 -2.63351e-19)
(39.9867 5.66495 0)
(39.982 5.65395 -1.03093e-16)
(39.9774 5.6383 2.15809e-16)
(39.9735 5.61776 4.28478e-16)
(39.9701 5.59692 -3.50624e-16)
(39.9716 5.55882 0)
(39.9558 5.549 5.15709e-16)
(39.9451 5.4892 -1.68295e-15)
(39.9055 5.45092 1.59765e-15)
(39.871 5.42207 0)
(39.8477 5.39459 1.14769e-15)
(39.8299 5.37044 -1.36709e-15)
(39.8148 5.35016 0)
(39.8031 5.33346 4.6119e-17)
(39.7945 5.31972 -7.43417e-16)
(39.7882 5.30848 1.03017e-15)
(39.7835 5.2992 -3.45251e-16)
(39.7796 5.29124 3.53135e-16)
(39.776 5.28401 2.36554e-18)
(39.7724 5.277 -3.83973e-16)
(39.7687 5.26969 -2.44244e-17)
(39.7647 5.26151 0)
(39.7605 5.25226 0)
(39.7565 5.24269 -1.85333e-16)
(39.7531 5.23361 1.92252e-16)
(39.7503 5.22516 -6.22416e-18)
(39.748 5.21727 3.13539e-18)
(39.7461 5.20986 -3.93906e-19)
(39.7445 5.20294 0)
(39.7434 5.19651 -6.60175e-18)
(39.7426 5.19061 7.92587e-17)
(39.7422 5.18524 9.65214e-17)
(39.742 5.18036 -1.94244e-16)
(39.7422 5.1759 -1.23632e-17)
(39.7428 5.17181 0)
(39.7442 5.16834 -3.61676e-16)
(39.7477 5.16597 1.11678e-17)
(39.7547 5.16754 1.38523e-17)
(39.9979 5.65568 0)
(40.0009 5.65657 2.37977e-17)
(40.0041 5.65452 -1.93981e-17)
(40.0072 5.64947 -3.7995e-18)
(40.0097 5.64185 5.82949e-17)
(40.0118 5.63164 -7.20871e-17)
(40.0132 5.61943 -1.01782e-16)
(40.0141 5.607 1.21746e-16)
(40.013 5.59129 -6.35331e-17)
(40.0145 5.58254 0)
(40.014 5.56157 -4.38656e-17)
(40.0255 5.54685 3.62488e-17)
(40.0424 5.52953 -5.00516e-17)
(40.0587 5.50896 3.17544e-16)
(40.0746 5.48577 -7.05085e-16)
(40.0909 5.46051 7.6335e-16)
(40.1075 5.43316 -1.32724e-16)
(40.124 5.40379 -2.07307e-16)
(40.1401 5.37274 0)
(40.1557 5.34045 3.35144e-16)
(40.1706 5.30754 -3.16804e-16)
(40.1849 5.27475 -2.53063e-17)
(40.1981 5.24298 -8.94506e-17)
(40.2099 5.21333 9.72981e-17)
(40.2193 5.18638 5.32635e-17)
(40.2266 5.16153 -5.60613e-17)
(40.2327 5.13739 1.36827e-18)
(40.2378 5.11427 -1.2575e-17)
(40.2421 5.0932 -3.34798e-18)
(40.2472 5.07055 -7.34267e-18)
(40.2498 5.04984 1.19601e-16)
(40.2515 5.03038 -1.19381e-16)
(40.2529 5.01187 -6.97147e-18)
(40.254 4.99412 2.29786e-16)
(40.2549 4.97692 -1.37574e-19)
(40.256 4.95977 -2.33206e-16)
(40.2581 4.94204 1.00653e-17)
(40.2651 4.9211 -3.57787e-17)
(40.2756 4.90154 1.89344e-17)
(39.995 5.65249 3.62601e-17)
(39.9922 5.64715 6.62903e-17)
(39.9895 5.63843 -1.29578e-16)
(39.9867 5.62579 1.0362e-16)
(39.9843 5.60953 1.01922e-16)
(39.9823 5.59189 0)
(39.9819 5.56023 1.22707e-16)
(39.968 5.5591 -8.99182e-17)
(39.9603 5.48945 4.68587e-16)
(39.9184 5.44584 -1.85215e-15)
(39.8809 5.4157 4.91811e-16)
(39.8556 5.39045 8.44221e-16)
(39.8368 5.3704 1.63932e-16)
(39.821 5.35386 -1.49067e-15)
(39.8074 5.33906 -1.60932e-17)
(39.7957 5.32511 5.77999e-16)
(39.7855 5.31181 5.92901e-16)
(39.7769 5.29931 -6.39634e-16)
(39.7699 5.28757 0)
(39.7643 5.2765 -3.35119e-16)
(39.7599 5.26589 3.36283e-16)
(39.7561 5.25546 2.0306e-17)
(39.7523 5.2448 -3.55641e-16)
(39.7479 5.23367 3.44845e-16)
(39.743 5.22216 -1.51442e-18)
(39.738 5.21058 9.55296e-17)
(39.7335 5.19907 -8.443e-17)
(39.7296 5.18767 -2.8627e-18)
(39.7263 5.17642 3.59367e-19)
(39.7235 5.16539 9.3682e-17)
(39.7214 5.15466 -1.93459e-16)
(39.7199 5.14434 -8.87372e-17)
(39.7193 5.13453 1.87979e-16)
(39.7193 5.12529 4.89222e-18)
(39.72 5.11661 0)
(39.7209 5.10835 3.6699e-16)
(39.7211 5.09992 -3.63877e-16)
(39.7179 5.09034 3.65864e-16)
(39.7109 5.0769 -3.88319e-16)
(39.9989 5.6346 1.61815e-17)
(40.0005 5.63495 -1.86689e-18)
(40.0021 5.63318 -7.5254e-19)
(40.0035 5.62931 7.71104e-19)
(40.0045 5.62368 -1.81924e-17)
(40.0051 5.61634 0)
(40.0052 5.60786 -4.12323e-17)
(40.005 5.59925 0)
(40.0038 5.58885 0)
(40.0055 5.58662 0)
(40.004 5.5661 -6.44819e-18)
(40.0126 5.54939 -3.18136e-17)
(40.0257 5.52986 3.37823e-16)
(40.0379 5.5089 5.56398e-17)
(40.0494 5.48746 -1.70698e-16)
(40.0609 5.46602 -2.32252e-16)
(40.0724 5.44451 0)
(40.0837 5.42304 3.43847e-17)
(40.0946 5.40189 0)
(40.1048 5.38158 -2.04549e-16)
(40.1139 5.36272 1.96221e-16)
(40.1211 5.34617 0)
(40.1259 5.33254 0)
(40.129 5.32204 0)
(40.1319 5.31393 -2.32918e-17)
(40.1359 5.30625 2.58136e-17)
(40.1399 5.2993 -1.25009e-18)
(40.1435 5.29188 9.88046e-18)
(40.1484 5.28268 -6.75665e-17)
(40.1499 5.28014 9.7866e-17)
(40.1521 5.27472 -4.57185e-17)
(40.1548 5.26779 8.83075e-17)
(40.158 5.26076 -8.81398e-17)
(40.1613 5.25378 -8.68289e-17)
(40.1646 5.2466 8.64108e-17)
(40.167 5.23932 0)
(40.1679 5.23186 -1.53542e-16)
(40.1606 5.22749 3.54432e-17)
(40.1476 5.22337 1.65804e-16)
(39.9974 5.63258 -1.69457e-17)
(39.9959 5.62901 1.05622e-16)
(39.9947 5.62307 -3.45802e-17)
(39.9936 5.61434 -4.10689e-16)
(39.993 5.60325 2.31161e-16)
(39.9931 5.5902 0)
(39.9935 5.56914 -1.11638e-16)
(39.9854 5.57357 8.14923e-17)
(39.978 5.49427 9.33349e-17)
(39.9293 5.4348 1.50455e-16)
(39.8824 5.38871 1.62165e-16)
(39.8478 5.35414 6.87606e-16)
(39.8235 5.33262 -8.74621e-16)
(39.8076 5.3217 0)
(39.7989 5.31766 5.07641e-16)
(39.7949 5.31717 -4.6813e-16)
(39.7929 5.3182 1.59205e-17)
(39.7907 5.31957 4.52917e-16)
(39.7874 5.32048 -4.03745e-18)
(39.7829 5.32059 -4.55735e-16)
(39.7774 5.31958 4.94317e-18)
(39.7713 5.31731 2.20127e-16)
(39.7652 5.31341 -2.24178e-16)
(39.7606 5.30819 0)
(39.7584 5.30316 -8.80582e-18)
(39.7574 5.29942 0)
(39.7569 5.29681 0)
(39.7567 5.2949 0)
(39.7567 5.29361 2.89103e-17)
(39.7569 5.29275 2.90836e-17)
(39.7573 5.29227 5.49815e-17)
(39.7578 5.292 -1.13264e-16)
(39.7582 5.29187 0)
(39.7586 5.29177 -2.31258e-16)
(39.7592 5.2918 2.1498e-16)
(39.761 5.29218 -2.15098e-16)
(39.7656 5.29374 6.74771e-18)
(39.7788 5.2979 2.03273e-16)
(39.7997 5.30919 -1.03344e-17)
(39.9997 5.61189 -3.86253e-19)
(40.0004 5.61192 -1.64284e-17)
(40.0011 5.61109 1.16483e-17)
(40.0016 5.60944 5.93156e-17)
(40.0017 5.60713 -4.22884e-17)
(40.0015 5.6042 -9.53563e-17)
(40.0008 5.60093 2.88028e-16)
(39.9998 5.59761 -1.69543e-16)
(39.9983 5.59412 9.44118e-17)
(39.9987 5.59502 -7.3098e-17)
(39.9951 5.57702 5.66986e-18)
(40.0004 5.55889 0)
(40.0106 5.53298 -1.38699e-16)
(40.0224 5.50216 1.58304e-16)
(40.0354 5.46724 0)
(40.0495 5.42866 0)
(40.0649 5.38655 0)
(40.0814 5.34123 2.67054e-16)
(40.099 5.29317 -1.18481e-16)
(40.1182 5.24313 -1.57993e-16)
(40.139 5.19218 0)
(40.1614 5.14203 1.33405e-16)
(40.1843 5.09464 -2.88559e-16)
(40.2047 5.05209 1.55426e-16)
(40.2197 5.01502 0)
(40.2308 4.98071 -1.25466e-18)
(40.2409 4.94851 0)
(40.2504 4.91707 -7.14058e-18)
(40.264 4.88461 -9.94606e-17)
(40.276 4.85846 2.15738e-16)
(40.2785 4.83206 -1.14328e-16)
(40.2829 4.80676 0)
(40.2894 4.78238 2.32968e-16)
(40.2952 4.75892 -4.65536e-16)
(40.3 4.7362 2.322e-16)
(40.3056 4.71351 4.79184e-16)
(40.3142 4.69002 -4.7479e-16)
(40.3335 4.66403 4.67691e-18)
(40.3619 4.64111 0)
(39.999 5.61119 8.20983e-17)
(39.9984 5.60987 1.16269e-16)
(39.998 5.60763 -3.15958e-16)
(39.998 5.60431 1.94977e-16)
(39.9987 5.60007 -2.84756e-16)
(40.0004 5.59474 2.32893e-16)
(40.0031 5.58754 -2.35583e-16)
(40.0024 5.59031 4.84363e-16)
(39.9987 5.52438 -6.01482e-16)
(39.9562 5.45949 7.84237e-17)
(39.911 5.39263 0)
(39.87 5.32924 6.80784e-16)
(39.8333 5.27476 -1.53548e-15)
(39.8016 5.23021 9.05011e-16)
(39.7778 5.19479 1.17666e-15)
(39.7625 5.1665 -5.84729e-16)
(39.7553 5.14357 2.80325e-17)
(39.7549 5.12433 -1.42345e-15)
(39.7595 5.10735 7.26783e-16)
(39.7674 5.09159 0)
(39.7771 5.07621 -4.42828e-18)
(39.7872 5.06043 -3.65514e-16)
(39.7958 5.04341 3.67836e-16)
(39.7999 5.02505 3.75767e-16)
(39.799 5.00661 -5.68867e-16)
(39.797 4.98925 1.9374e-16)
(39.7965 4.97312 0)
(39.7974 4.95816 0)
(39.7993 4.94433 0)
(39.802 4.9316 1.04906e-16)
(39.8057 4.91994 1.08012e-16)
(39.8105 4.90923 -2.11614e-16)
(39.8162 4.89933 0)
(39.8225 4.89002 4.74407e-18)
(39.829 4.88109 -4.14847e-16)
(39.8339 4.87213 4.15955e-16)
(39.8353 4.86305 -4.20159e-16)
(39.8248 4.85296 1.27659e-15)
(39.8057 4.8481 -8.61861e-16)
(24.5163 1.77973 3.45221e-17)
(19.1621 1.19037 -1.17111e-18)
(16.9281 0.835653 -7.66503e-17)
(17.121 0.672909 0)
(18.9118 0.635086 0)
(21.477 0.621614 -1.94851e-18)
(24.2334 0.59268 0)
(26.8092 0.538531 0)
(29.0006 0.453184 0)
(30.6163 0.349653 0)
(31.6235 0.255174 -9.0555e-18)
(32.246 0.174453 0)
(32.6983 0.112394 0)
(33.1041 0.0743784 0)
(33.51 0.0607507 7.06402e-17)
(33.9196 0.0707679 0)
(34.3274 0.101232 2.08334e-17)
(34.7312 0.148953 -2.02277e-17)
(35.1261 0.211619 0)
(35.5055 0.286831 0)
(35.8682 0.373061 0)
(36.2131 0.46937 0)
(36.5366 0.573558 0)
(36.838 0.685541 3.03902e-17)
(37.1183 0.804228 0)
(37.3799 0.929789 0)
(37.6274 1.06262 0)
(37.8656 1.20338 0)
(38.0977 1.3522 0)
(38.324 1.50836 -3.95487e-17)
(38.5437 1.67055 0)
(38.7553 1.83658 0)
(38.958 2.00446 -4.24942e-18)
(39.1515 2.17275 0)
(39.3355 2.34035 0)
(39.5096 2.50658 0)
(39.6735 2.67069 0)
(39.8269 2.83182 0)
(39.9693 2.98922 -3.40691e-17)
(40.1008 3.14212 0)
(40.221 3.28995 6.193e-17)
(40.3302 3.43207 -1.27704e-16)
(40.4282 3.56813 0)
(40.5154 3.69769 0)
(40.5919 3.8205 0)
(40.6581 3.93632 0)
(40.7143 4.04511 1.23761e-16)
(40.7612 4.14675 0)
(40.7992 4.24135 3.91006e-17)
(40.8289 4.32893 0)
(40.8508 4.4097 0)
(40.8655 4.48378 1.98471e-16)
(40.8735 4.55147 2.14282e-17)
(40.8755 4.61299 -1.82798e-17)
(40.8719 4.66859 0)
(40.8632 4.71856 0)
(40.85 4.76318 0)
(40.8327 4.80275 -1.88724e-17)
(40.8118 4.83759 2.38988e-16)
(40.7878 4.86803 0)
(40.761 4.89444 -4.22565e-16)
(40.7319 4.91717 0)
(40.7008 4.93654 0)
(40.6681 4.95285 0)
(40.6343 4.96641 0)
(40.5997 4.97755 2.51371e-16)
(40.5647 4.98624 0)
(40.5349 4.9926 9.35384e-18)
(40.5083 4.99709 0)
(40.4805 5.00001 -3.95777e-16)
(40.4507 5.00394 0)
(40.4208 5.0032 -8.6952e-18)
(40.3874 5.01091 0)
(40.3602 4.99908 0)
(40.3204 5.02619 0)
(40.3084 4.97295 3.82741e-18)
(40.2451 5.07485 1.91165e-16)
(40.2813 4.884 0)
(40.1426 5.2227 -7.72159e-17)
(40.3763 4.62398 0)
(32.6509 3.03845 -2.93829e-17)
(35.4758 2.72998 0)
(36.41 2.81737 -5.7703e-19)
(37.0154 2.90596 0)
(37.3854 2.98462 0)
(37.5927 3.05983 -1.56407e-18)
(37.7322 3.13374 0)
(37.852 3.2017 0)
(37.9678 3.25936 0)
(38.0836 3.30693 0)
(38.1996 3.3473 0)
(38.3153 3.38289 -3.06478e-18)
(38.43 3.41675 2.96e-18)
(38.5432 3.44919 0)
(38.6542 3.48004 0)
(38.7629 3.50846 0)
(38.8687 3.53449 4.26167e-17)
(38.9714 3.55788 0)
(39.0703 3.57933 0)
(39.1652 3.59905 0)
(39.2557 3.61744 0)
(39.3414 3.63492 0)
(39.4222 3.65185 0)
(39.4977 3.66872 0)
(39.5677 3.68584 0)
(39.6322 3.70361 2.21671e-18)
(39.6911 3.72236 0)
(39.7443 3.74237 0)
(39.7918 3.76388 6.09183e-17)
(39.8337 3.78706 0)
(39.8702 3.81207 0)
(39.9013 3.83896 0)
(39.9272 3.86777 0)
(39.9483 3.89845 -7.98629e-17)
(39.9646 3.93094 -2.01091e-18)
(39.9766 3.96517 0)
(39.9844 4.00104 4.84711e-18)
(39.9884 4.03844 0)
(39.989 4.07726 0)
(39.9864 4.11735 -5.24393e-18)
(39.9812 4.15856 -9.26016e-17)
(39.9738 4.20069 0)
(39.9644 4.24358 -8.03756e-17)
(39.9536 4.28701 9.4976e-18)
(39.9417 4.33078 0)
(39.929 4.37469 1.3088e-16)
(39.9161 4.41855 0)
(39.9031 4.46219 0)
(39.8904 4.50541 1.13644e-16)
(39.8783 4.54804 0)
(39.8671 4.58991 1.12666e-17)
(39.8569 4.63084 -1.73816e-16)
(39.848 4.67068 0)
(39.8402 4.70927 -1.58808e-16)
(39.8337 4.74647 0)
(39.8283 4.7821 0)
(39.824 4.81603 0)
(39.8206 4.84812 2.23161e-16)
(39.8181 4.87828 0)
(39.8166 4.90647 3.89119e-16)
(39.816 4.93278 0)
(39.8163 4.95738 3.30915e-16)
(39.8173 4.98051 0)
(39.8188 5.00238 0)
(39.8205 5.02307 4.88935e-18)
(39.8221 5.04265 -3.47827e-18)
(39.8233 5.0605 -2.13292e-16)
(39.8239 5.07471 0)
(39.8242 5.08571 0)
(39.8235 5.09622 -2.02978e-16)
(39.8218 5.10578 -3.59795e-16)
(39.8192 5.11489 0)
(39.8155 5.12315 -2.82379e-16)
(39.8083 5.12881 -2.51006e-16)
(39.798 5.13862 3.73495e-18)
(39.7699 5.12567 4.09648e-16)
(39.7577 5.16766 6.12828e-18)
(39.7091 5.06942 0)
(39.8085 5.31624 0)
(39.8029 4.8482 -9.24704e-16)
(30.8214 2.67862 -2.75847e-17)
(26.7809 2.47077 8.37107e-18)
(23.814 2.195 5.53176e-17)
(22.4131 1.89578 0)
(22.4942 1.62322 0)
(23.6805 1.40677 4.05173e-17)
(25.5377 1.25715 0)
(27.6906 1.17408 0)
(29.8463 1.14556 -5.3483e-17)
(31.6916 1.14781 0)
(32.9562 1.15759 1.75632e-16)
(33.6217 1.15123 0)
(33.912 1.13397 0)
(34.0514 1.11932 0)
(34.1802 1.10885 0)
(34.3503 1.10132 0)
(34.5597 1.09666 -3.61039e-17)
(34.7958 1.09838 2.80818e-17)
(35.0476 1.10993 0)
(35.3119 1.13367 0)
(35.5878 1.17153 0)
(35.8739 1.22522 9.88812e-17)
(36.168 1.29376 0)
(36.4644 1.37625 -3.27859e-18)
(36.7544 1.47003 0)
(37.029 1.57293 0)
(37.2833 1.68256 0)
(37.5189 1.79778 -4.04791e-17)
(37.7423 1.91793 0)
(37.9608 2.04252 3.70708e-17)
(38.1784 2.17147 0)
(38.3948 2.30401 0)
(38.6075 2.43908 4.12463e-18)
(38.814 2.57543 0)
(39.013 2.71206 0)
(39.2034 2.84822 1.94522e-18)
(39.3845 2.98325 0)
(39.5558 3.11636 0)
(39.7164 3.2469 -2.46504e-17)
(39.8661 3.37419 3.53635e-17)
(40.0043 3.49772 -2.09208e-17)
(40.131 3.61698 2.14423e-16)
(40.246 3.73161 0)
(40.3495 3.84126 0)
(40.4414 3.94562 0)
(40.5222 4.04451 0)
(40.5922 4.1378 -1.22904e-16)
(40.6518 4.22539 0)
(40.7015 4.3073 3.55283e-17)
(40.742 4.38352 0)
(40.7738 4.45417 0)
(40.7975 4.5194 -2.40176e-17)
(40.8137 4.57935 1.85989e-16)
(40.8231 4.63418 -1.81427e-17)
(40.8262 4.68406 0)
(40.8236 4.72919 0)
(40.8157 4.76976 0)
(40.8032 4.80598 -1.99574e-17)
(40.7865 4.83808 -2.38067e-16)
(40.7662 4.8663 0)
(40.7426 4.89093 0)
(40.7163 4.91225 0)
(40.6876 4.93052 3.10802e-16)
(40.657 4.94601 0)
(40.6249 4.959 -2.5474e-16)
(40.5918 4.96977 0)
(40.5579 4.97827 0)
(40.529 4.98453 1.1536e-17)
(40.5031 4.98907 0)
(40.476 4.99196 1.93995e-16)
(40.4468 4.99621 0)
(40.4174 4.99508 -1.16678e-17)
(40.3845 5.00373 0)
(40.3579 4.99052 -2.0311e-16)
(40.3187 5.02011 0)
(40.3065 4.9633 9.39474e-18)
(40.2457 5.07043 -1.90796e-16)
(40.2779 4.87304 0)
(40.1482 5.21954 0)
(40.3711 4.61673 0)
(34.5163 2.72828 0)
(37.0787 2.53735 0)
(38.1328 2.51763 1.14175e-17)
(38.4707 2.52465 0)
(38.631 2.54029 -3.19159e-17)
(38.7193 2.56264 1.89768e-17)
(38.7761 2.58632 0)
(38.8251 2.60623 0)
(38.8745 2.62339 0)
(38.9261 2.64023 0)
(38.9801 2.66084 0)
(39.0364 2.68695 2.00133e-17)
(39.0945 2.71962 -1.77464e-17)
(39.154 2.75773 0)
(39.2148 2.80006 0)
(39.2763 2.84565 0)
(39.3385 2.89404 -4.47441e-17)
(39.4007 2.94486 0)
(39.4626 2.99784 5.98946e-17)
(39.5237 3.0526 0)
(39.5835 3.10868 5.18917e-17)
(39.6415 3.1657 0)
(39.6974 3.22321 0)
(39.7506 3.2809 0)
(39.8007 3.33847 0)
(39.8474 3.39567 -8.06976e-17)
(39.8904 3.45231 0)
(39.9294 3.50825 0)
(39.9642 3.56343 0)
(39.9946 3.61778 0)
(40.0208 3.67131 0)
(40.0425 3.724 0)
(40.0599 3.77593 0)
(40.0731 3.82708 6.77304e-18)
(40.0823 3.87754 -7.26898e-17)
(40.0875 3.92733 0)
(40.0891 3.97654 1.23697e-16)
(40.0874 4.02518 0)
(40.0825 4.07334 0)
(40.0749 4.121 -9.84588e-17)
(40.0648 4.1682 9.1564e-17)
(40.0527 4.2149 7.89743e-17)
(40.039 4.26112 7.95256e-17)
(40.024 4.3068 1.07397e-17)
(40.008 4.35192 0)
(39.9914 4.3964 -1.29649e-16)
(39.9747 4.44021 0)
(39.958 4.48327 -1.05677e-16)
(39.9417 4.52552 -9.89705e-17)
(39.9262 4.56687 0)
(39.9116 4.60724 1.15295e-17)
(39.8981 4.64652 1.726e-16)
(39.886 4.68464 0)
(39.8752 4.7215 0)
(39.8657 4.75699 0)
(39.8575 4.791 -1.22721e-16)
(39.8505 4.82341 0)
(39.8446 4.85412 -4.33908e-16)
(39.8398 4.88304 -1.96557e-16)
(39.8361 4.91015 -1.90016e-16)
(39.8335 4.93549 0)
(39.8317 4.95919 -5.74868e-18)
(39.8307 4.98146 0)
(39.8302 5.00245 2.67638e-16)
(39.8301 5.02229 5.72745e-18)
(39.8299 5.04106 -4.06317e-18)
(39.8296 5.0582 2.07524e-16)
(39.8291 5.07194 1.28408e-16)
(39.8287 5.08263 0)
(39.8276 5.09301 2.02301e-16)
(39.8257 5.10256 3.55762e-16)
(39.823 5.1117 0)
(39.8191 5.12009 2.74881e-16)
(39.8117 5.12572 2.43536e-16)
(39.8004 5.13619 3.40148e-18)
(39.7724 5.12276 -3.97086e-16)
(39.7576 5.16718 4.12259e-18)
(39.7146 5.06689 -3.67594e-16)
(39.8055 5.31749 0)
(39.8164 4.8523 9.22486e-16)
(32.0041 1.2377 -1.67245e-18)
(29.8771 1.07766 1.51419e-18)
(28.1938 0.839945 -1.33087e-17)
(27.1634 0.548029 0)
(26.7984 0.25537 -8.61588e-18)
(27.0027 0.0113206 0)
(27.6599 -0.15603 0)
(28.6583 -0.230945 0)
(29.8839 -0.207792 6.78791e-18)
(31.199 -0.0953473 0)
(32.4443 0.0845806 -4.19048e-17)
(33.4909 0.301963 0)
(34.2821 0.529302 0)
(34.8106 0.740297 0)
(35.1378 0.928965 0)
(35.3411 1.09514 0)
(35.4785 1.23764 -1.61825e-17)
(35.5811 1.35726 6.94979e-17)
(35.6617 1.45689 0)
(35.7301 1.53903 0)
(35.7976 1.60784 0)
(35.8786 1.67245 -9.56649e-17)
(35.9895 1.74143 0)
(36.1448 1.82236 -1.46401e-16)
(36.3516 1.92024 6.43363e-17)
(36.6038 2.0348 0)
(36.8835 2.16036 0)
(37.1667 2.29049 3.83064e-17)
(37.4331 2.41956 0)
(37.6766 2.54394 6.14703e-17)
(37.903 2.66259 0)
(38.122 2.77644 0)
(38.3388 2.8876 0)
(38.5537 2.99762 0)
(38.7639 3.10706 0)
(38.9672 3.21569 -1.89435e-18)
(39.1618 3.32307 0)
(39.3466 3.42861 0)
(39.5209 3.53198 -2.01322e-17)
(39.684 3.63278 -3.47685e-17)
(39.8354 3.73078 -3.96593e-17)
(39.975 3.82564 -1.41573e-16)
(40.1025 3.91721 0)
(40.2179 4.00519 0)
(40.3213 4.08939 7.42321e-17)
(40.4128 4.16961 -7.75613e-17)
(40.4929 4.24573 7.9584e-17)
(40.562 4.31766 0)
(40.6205 4.38532 3.17346e-17)
(40.6691 4.44871 0)
(40.7084 4.50794 0)
(40.7391 4.56305 -2.18795e-17)
(40.7617 4.61411 0)
(40.777 4.66119 -1.55489e-16)
(40.7855 4.7044 0)
(40.7877 4.74382 0)
(40.7843 4.77957 0)
(40.7758 4.81177 -4.57182e-16)
(40.7627 4.84056 2.03987e-16)
(40.7455 4.86609 0)
(40.7248 4.88856 0)
(40.7009 4.90814 0)
(40.6743 4.92506 -3.09791e-16)
(40.6456 4.93953 0)
(40.6151 4.9518 2.5398e-16)
(40.5833 4.96208 0)
(40.5506 4.97038 0)
(40.5225 4.97653 1.13346e-17)
(40.4972 4.98113 0)
(40.4707 4.98399 1.76753e-16)
(40.442 4.98859 3.04874e-16)
(40.4132 4.98712 -1.21677e-17)
(40.3809 4.99667 0)
(40.3545 4.98222 2.02692e-16)
(40.3168 5.01401 0)
(40.3032 4.95412 3.04899e-16)
(40.247 5.06538 0)
(40.2723 4.86268 0)
(40.1557 5.21539 0)
(40.3619 4.61003 0)
(34.2828 1.32033 1.46314e-17)
(36.5971 1.3693 0)
(38.3784 1.45884 3.29415e-18)
(39.2632 1.57493 0)
(39.5299 1.67772 3.72114e-17)
(39.6212 1.75757 8.93425e-18)
(39.6799 1.82754 0)
(39.7281 1.89051 -2.31435e-17)
(39.7712 1.95152 2.1518e-17)
(39.8112 2.01421 0)
(39.8487 2.08169 0)
(39.8843 2.15402 1.35645e-17)
(39.9182 2.23005 -1.27689e-17)
(39.9506 2.3079 3.07245e-17)
(39.9817 2.38637 0)
(40.0116 2.46508 0)
(40.0402 2.54384 2.52534e-17)
(40.0676 2.62296 0)
(40.0935 2.70212 -6.036e-17)
(40.118 2.78137 0)
(40.1409 2.86046 -9.05503e-17)
(40.1622 2.93936 0)
(40.1816 3.01781 0)
(40.1992 3.09572 -6.27752e-17)
(40.2148 3.17291 0)
(40.2283 3.24924 5.44819e-17)
(40.2397 3.32445 0)
(40.2488 3.39843 0)
(40.2556 3.47094 0)
(40.2601 3.54184 0)
(40.2622 3.61096 0)
(40.2619 3.67819 0)
(40.2592 3.74345 0)
(40.2541 3.80669 1.01951e-17)
(40.2467 3.86791 5.67658e-17)
(40.237 3.92714 -5.28722e-17)
(40.2252 3.98445 -9.85627e-17)
(40.2114 4.03992 0)
(40.1958 4.09363 0)
(40.1785 4.14569 0)
(40.1599 4.19618 -7.51532e-17)
(40.14 4.24518 -7.80263e-17)
(40.1193 4.2928 0)
(40.098 4.33909 1.36212e-16)
(40.0764 4.38414 0)
(40.0546 4.42801 0)
(40.0331 4.47073 -1.0277e-16)
(40.0121 4.51232 8.1174e-18)
(39.9918 4.5528 7.30767e-18)
(39.9724 4.59215 0)
(39.9543 4.63036 1.72131e-16)
(39.9375 4.66739 -1.50516e-16)
(39.9222 4.70323 0)
(39.9084 4.73784 0)
(39.8961 4.77115 0)
(39.8853 4.8031 2.37592e-16)
(39.8758 4.8336 0)
(39.8675 4.86257 4.11682e-16)
(39.8606 4.88996 8.68524e-18)
(39.8549 4.91571 0)
(39.8504 4.93986 0)
(39.8469 4.96246 -5.7083e-18)
(39.8441 4.98362 0)
(39.8418 5.00346 -2.66676e-16)
(39.8397 5.02213 6.14607e-18)
(39.8378 5.03974 -4.47366e-18)
(39.8358 5.05588 -2.06899e-16)
(39.8341 5.0689 -1.27487e-18)
(39.8329 5.07913 0)
(39.8312 5.08928 -1.99589e-16)
(39.829 5.0988 -3.53049e-16)
(39.8263 5.10804 -3.10418e-16)
(39.8223 5.11674 -2.74224e-16)
(39.8149 5.12269 -2.17808e-18)
(39.8028 5.13395 2.61497e-18)
(39.7755 5.12071 6.37601e-18)
(39.7572 5.16642 3.21436e-16)
(39.7217 5.06554 3.67016e-16)
(39.8012 5.31723 0)
(39.8324 4.85626 0)
(35.1707 0.00968165 -2.18677e-18)
(33.8176 -0.234322 1.81343e-18)
(32.5232 -0.510465 0)
(31.3397 -0.802047 0)
(30.2969 -1.08295 2.02345e-18)
(29.4208 -1.33082 0)
(28.7408 -1.52781 0)
(28.2922 -1.65671 0)
(28.109 -1.70091 1.99184e-18)
(28.2118 -1.64812 0)
(28.5936 -1.49455 1.89984e-17)
(29.2151 -1.24618 0)
(30.0134 -0.918401 9.82632e-18)
(30.9105 -0.533048 -1.0733e-17)
(31.8246 -0.113254 0)
(32.6716 0.316898 0)
(33.4037 0.740178 -1.20715e-18)
(34.0399 1.14722 0)
(34.6032 1.52509 0)
(35.0943 1.8596 0)
(35.5013 2.1383 0)
(35.8117 2.35418 0)
(36.0241 2.50656 6.87458e-17)
(36.1561 2.60424 -4.83705e-18)
(36.2466 2.66747 5.35084e-18)
(36.3454 2.72142 0)
(36.4992 2.78679 0)
(36.7304 2.87319 0)
(37.0216 2.97709 7.89731e-17)
(37.3316 3.08733 -1.26013e-16)
(37.6233 3.19332 0)
(37.8847 3.28962 0)
(38.1229 3.37653 -4.08536e-17)
(38.3494 3.4576 0)
(38.5698 3.53622 0)
(38.7844 3.61396 3.9426e-17)
(38.991 3.69093 0)
(39.1876 3.76669 0)
(39.373 3.8409 -3.54094e-19)
(39.5466 3.91338 0)
(39.708 3.98408 -7.29589e-18)
(39.857 4.0529 2.70234e-17)
(39.9935 4.11979 0)
(40.1175 4.18458 0)
(40.229 4.24711 -2.11674e-17)
(40.3283 4.30724 7.67335e-17)
(40.4157 4.36487 -1.74932e-17)
(40.4916 4.41979 0)
(40.5565 4.47201 2.83452e-17)
(40.611 4.5215 0)
(40.6559 4.56827 0)
(40.6917 4.61231 -1.99065e-17)
(40.7192 4.65358 0)
(40.7389 4.6921 1.22623e-16)
(40.7515 4.72787 0)
(40.7576 4.76091 0)
(40.7577 4.79124 0)
(40.7524 4.8189 4.19012e-16)
(40.7422 4.84391 -3.91177e-16)
(40.7277 4.86636 0)
(40.7092 4.88634 0)
(40.6874 4.90395 0)
(40.6627 4.91933 2.74511e-16)
(40.6355 4.93264 0)
(40.6063 4.94409 0)
(40.5758 4.95381 0)
(40.544 4.96188 0)
(40.5166 4.96788 1.08713e-17)
(40.4918 4.97255 0)
(40.4657 4.97542 -8.12838e-18)
(40.4374 4.98042 -3.04015e-16)
(40.409 4.97871 -1.2101e-17)
(40.3772 4.98919 -2.11451e-16)
(40.3508 4.97371 -1.85093e-16)
(40.3144 5.00762 2.92734e-16)
(40.2997 4.94496 0)
(40.2477 5.06004 0)
(40.2675 4.85236 0)
(40.1612 5.21144 0)
(40.3548 4.6026 0)
(36.6086 0.27367 -1.00125e-17)
(38.1152 0.505424 0)
(39.5321 0.727417 3.77784e-18)
(40.464 0.934391 0)
(40.779 1.10153 -1.80978e-17)
(40.8453 1.22269 9.23792e-18)
(40.87 1.325 0)
(40.8821 1.42192 7.8437e-18)
(40.8858 1.52021 -7.21749e-18)
(40.8836 1.62247 0)
(40.8773 1.72891 0)
(40.8681 1.83808 1.13072e-17)
(40.857 1.94819 -1.04426e-17)
(40.8447 2.0578 -9.64462e-18)
(40.8314 2.1665 0)
(40.8176 2.27407 0)
(40.8032 2.38058 -7.57991e-18)
(40.7884 2.48593 0)
(40.773 2.58976 3.00881e-17)
(40.7571 2.69182 0)
(40.7406 2.7918 3.74946e-17)
(40.7233 2.88945 0)
(40.7054 2.98463 0)
(40.6867 3.07718 6.0984e-17)
(40.6671 3.16704 0)
(40.6467 3.25418 -1.36273e-17)
(40.6256 3.33858 0)
(40.6036 3.42025 0)
(40.5809 3.49923 0)
(40.5574 3.57552 0)
(40.5332 3.64914 0)
(40.5083 3.7201 0)
(40.4828 3.78845 0)
(40.4567 3.85421 1.11637e-17)
(40.4299 3.91744 -5.56934e-17)
(40.4026 3.97819 8.74742e-18)
(40.3748 4.03658 9.68697e-17)
(40.3466 4.09267 0)
(40.3179 4.14657 0)
(40.2891 4.19836 0)
(40.26 4.24815 1.38639e-16)
(40.2309 4.29605 6.09706e-17)
(40.202 4.34217 -5.76171e-17)
(40.1733 4.38663 0)
(40.145 4.42955 1.02993e-16)
(40.1174 4.47103 0)
(40.0905 4.51116 9.62537e-18)
(40.0647 4.55001 8.59987e-18)
(40.04 4.58763 7.68112e-18)
(40.0167 4.62404 0)
(39.9949 4.65927 0)
(39.9748 4.69336 1.08361e-17)
(39.9563 4.7263 0)
(39.9396 4.7581 0)
(39.9245 4.78873 -1.15496e-16)
(39.9111 4.81816 -2.23264e-16)
(39.8992 4.84634 0)
(39.8889 4.87322 -9.87183e-18)
(39.88 4.89874 1.85989e-16)
(39.8725 4.92287 0)
(39.8663 4.94559 0)
(39.8612 4.96689 -5.697e-18)
(39.8568 4.98677 0)
(39.8529 5.0053 0)
(39.8492 5.02264 6.69146e-18)
(39.8455 5.03893 -5.11434e-18)
(39.8418 5.05389 0)
(39.8387 5.06603 -1.61797e-18)
(39.8366 5.07566 0)
(39.8342 5.08543 9.57135e-19)
(39.8315 5.09479 3.70776e-19)
(39.8286 5.10407 3.06131e-19)
(39.8246 5.11316 0)
(39.8173 5.11965 -1.17427e-18)
(39.8046 5.13176 1.85491e-18)
(39.7782 5.11897 5.26848e-18)
(39.7573 5.16542 3.12471e-16)
(39.7279 5.0644 -3.53132e-16)
(39.7997 5.31669 0)
(39.8456 4.85934 0)
(39.5265 0.781118 -2.95731e-18)
(38.6051 0.610611 2.62425e-18)
(37.5349 0.4188 -3.02514e-18)
(36.3385 0.195086 0)
(35.0328 -0.0590161 6.24425e-18)
(33.646 -0.330844 2.3829e-18)
(32.219 -0.607823 0)
(30.8095 -0.874976 0)
(29.4859 -1.11258 9.42262e-18)
(28.3144 -1.30174 0)
(27.3713 -1.42253 -1.37481e-17)
(26.7255 -1.45627 -5.27637e-18)
(26.4227 -1.38949 -8.94525e-18)
(26.4746 -1.21685 9.25667e-18)
(26.8604 -0.94008 0)
(27.5213 -0.569767 0)
(28.3706 -0.123758 -4.84814e-18)
(29.3343 0.37619 -1.78701e-17)
(30.3836 0.909082 0)
(31.4954 1.45272 0)
(32.624 1.98233 0)
(33.7086 2.47132 4.26563e-17)
(34.6817 2.89368 -9.2127e-17)
(35.4804 3.22712 2.0158e-18)
(36.0615 3.45888 -4.84234e-17)
(36.42 3.59129 0)
(36.6032 3.64604 0)
(36.7078 3.66061 0)
(36.8428 3.67511 -7.44721e-17)
(37.0685 3.712 -4.8571e-18)
(37.3675 3.76926 6.02655e-17)
(37.6824 3.83279 0)
(37.9714 3.89137 -5.52186e-18)
(38.2267 3.94198 0)
(38.4592 3.98733 0)
(38.6794 4.03094 -3.80317e-17)
(38.8911 4.0746 0)
(39.0934 4.11844 0)
(39.2846 4.16209 -2.70449e-17)
(39.4636 4.20527 0)
(39.6299 4.24792 7.14474e-18)
(39.7835 4.29006 2.06436e-17)
(39.9242 4.33169 -1.6764e-17)
(40.0523 4.37272 0)
(40.1677 4.41305 -5.14839e-17)
(40.2709 4.45257 0)
(40.362 4.49106 -1.48129e-17)
(40.4416 4.52846 0)
(40.51 4.56471 2.475e-17)
(40.568 4.59974 0)
(40.6162 4.63349 0)
(40.6551 4.66588 -1.80747e-17)
(40.6856 4.6968 0)
(40.7082 4.72619 -1.4279e-17)
(40.7236 4.75401 0)
(40.7324 4.78018 0)
(40.7351 4.80463 0)
(40.7322 4.8273 -1.68788e-17)
(40.7243 4.84815 1.46761e-17)
(40.7118 4.86717 0)
(40.6952 4.88437 0)
(40.6751 4.89977 0)
(40.6518 4.91344 -2.73525e-16)
(40.626 4.92544 0)
(40.598 4.93595 0)
(40.5684 4.94502 0)
(40.5375 4.95278 0)
(40.5107 4.95859 2.20251e-16)
(40.4863 4.96332 -1.82944e-16)
(40.4606 4.96618 -3.26862e-16)
(40.4327 4.97159 0)
(40.4045 4.96972 -1.23012e-17)
(40.3732 4.98116 1.05722e-17)
(40.3468 4.96485 1.84676e-16)
(40.3115 5.00091 -1.48856e-17)
(40.2959 4.93576 0)
(40.2473 5.05456 1.67442e-16)
(40.2632 4.84214 0)
(40.165 5.20777 -8.01939e-17)
(40.3492 4.59478 0)
(40.3491 1.00882 -3.25086e-18)
(41.1074 1.17606 0)
(41.769 1.3245 6.43584e-18)
(42.1763 1.45621 0)
(42.2823 1.57041 1.96381e-17)
(42.2622 1.6682 1.90621e-17)
(42.218 1.7605 -5.42617e-18)
(42.1646 1.85234 1.21106e-17)
(42.105 1.94546 -6.42965e-18)
(42.041 2.03995 0)
(41.9744 2.13468 9.55161e-18)
(41.9064 2.22846 1.9801e-17)
(41.838 2.32065 -1.88596e-17)
(41.7696 2.41104 -1.79589e-17)
(41.7019 2.50013 8.63643e-18)
(41.635 2.58813 0)
(41.5692 2.67558 -7.21202e-18)
(41.5046 2.76241 0)
(41.4414 2.84867 -2.78006e-17)
(41.3795 2.93425 0)
(41.3191 3.01904 0)
(41.26 3.10278 0)
(41.2023 3.18535 0)
(41.146 3.26656 0)
(41.091 3.34613 0)
(41.0373 3.42393 -3.76769e-17)
(40.9848 3.49978 0)
(40.9335 3.57353 0)
(40.8833 3.64508 2.25367e-17)
(40.8342 3.71433 0)
(40.7861 3.78122 0)
(40.739 3.84573 0)
(40.6928 3.90783 0)
(40.6475 3.96758 4.74375e-17)
(40.6032 4.02498 0)
(40.5597 4.08016 4.22487e-17)
(40.5171 4.13315 0)
(40.4753 4.18406 0)
(40.4345 4.23295 0)
(40.3945 4.2799 0)
(40.3555 4.32496 -6.35382e-17)
(40.3175 4.36826 -6.00795e-17)
(40.2805 4.40987 5.68258e-17)
(40.2446 4.44991 0)
(40.2099 4.48848 -1.01741e-16)
(40.1766 4.5257 0)
(40.1446 4.56164 9.11127e-17)
(40.1141 4.59639 8.84936e-18)
(40.0853 4.62997 8.1534e-17)
(40.0582 4.66245 1.40054e-16)
(40.0329 4.69388 0)
(40.0096 4.7243 2.63733e-16)
(39.9882 4.75372 0)
(39.9687 4.78217 0)
(39.9511 4.80963 1.14727e-16)
(39.9353 4.83611 1.07705e-16)
(39.9213 4.86156 -1.90217e-16)
(39.9089 4.88598 -1.01352e-17)
(39.8982 4.90932 0)
(39.8891 4.93154 1.56993e-16)
(39.8814 4.95259 0)
(39.8749 4.97238 -5.87568e-18)
(39.8692 4.99086 -2.5649e-16)
(39.8638 5.008 2.39657e-16)
(39.8586 5.02394 2.31346e-16)
(39.8534 5.03887 -6.10683e-18)
(39.8481 5.05259 0)
(39.8436 5.06375 -1.23997e-16)
(39.8405 5.07266 0)
(39.8371 5.08185 1.94015e-18)
(39.8338 5.09086 1.0141e-18)
(39.8305 5.10004 3.08356e-16)
(39.8264 5.10943 0)
(39.8193 5.1165 -2.38526e-16)
(39.8061 5.12941 1.4312e-18)
(39.7805 5.11719 3.83219e-16)
(39.7578 5.16408 -3.11919e-16)
(39.7337 5.06327 3.52516e-16)
(39.7999 5.31592 0)
(39.8577 4.8621 0)
(42.1349 2.54381 -1.74832e-18)
(41.6925 2.5102 1.61415e-18)
(41.1097 2.4647 2.9601e-18)
(40.3858 2.40129 0)
(39.5056 2.29598 -3.42625e-19)
(38.4571 2.14225 -2.66772e-18)
(37.2344 1.94239 0)
(35.8411 1.69858 0)
(34.294 1.41535 0)
(32.6302 1.10427 0)
(30.9142 0.784725 3.38748e-18)
(29.2361 0.480886 3.29658e-18)
(27.7007 0.218493 0)
(26.4142 0.022849 0)
(25.4698 -0.0823329 0)
(24.9321 -0.078444 0)
(24.8273 0.0438946 -5.93231e-18)
(25.147 0.283395 5.65705e-18)
(25.8575 0.628974 0)
(26.9049 1.06232 0)
(28.2204 1.56113 1.33378e-17)
(29.7215 2.09963 -8.08762e-18)
(31.3124 2.64754 3.61898e-17)
(32.8841 3.17061 6.65748e-17)
(34.3201 3.63276 0)
(35.5088 4.00045 0)
(36.3671 4.24976 0)
(36.8738 4.37683 0)
(37.1 4.40573 6.60446e-17)
(37.2028 4.38548 2.50069e-18)
(37.3446 4.36624 -5.73459e-17)
(37.5862 4.37004 0)
(37.8839 4.38969 4.24592e-17)
(38.1752 4.41123 0)
(38.4331 4.42786 0)
(38.6617 4.44042 5.32131e-17)
(38.8729 4.45194 4.32726e-17)
(39.0729 4.46438 3.40008e-17)
(39.2625 4.47808 1.87376e-17)
(39.4405 4.49283 0)
(39.6059 4.50845 1.05733e-17)
(39.7585 4.52493 1.40188e-17)
(39.8983 4.54226 1.64577e-17)
(40.0255 4.56042 0)
(40.1403 4.5793 0)
(40.2431 4.59878 -2.77382e-17)
(40.3341 4.61871 -1.17469e-17)
(40.4138 4.639 0)
(40.4827 4.65957 2.0512e-17)
(40.5413 4.6803 0)
(40.5902 4.70108 0)
(40.6301 4.72176 -1.5849e-17)
(40.6616 4.74222 0)
(40.6854 4.76235 -1.2921e-17)
(40.702 4.78202 0)
(40.7122 4.80109 0)
(40.7163 4.81939 0)
(40.7149 4.8368 -1.61453e-17)
(40.7084 4.85322 1.71719e-16)
(40.6973 4.86857 0)
(40.6822 4.88276 2.78134e-16)
(40.6633 4.89576 0)
(40.6413 4.90754 0)
(40.6165 4.9181 0)
(40.5895 4.92756 0)
(40.5608 4.93587 0)
(40.5306 4.94323 0)
(40.5043 4.94878 -1.97145e-16)
(40.4804 4.95353 1.82274e-16)
(40.4549 4.95636 8.39265e-18)
(40.4273 4.96216 -2.5949e-16)
(40.3994 4.96017 -1.24971e-17)
(40.3685 4.9726 1.99842e-16)
(40.3421 4.95564 0)
(40.3078 4.99385 -1.54176e-17)
(40.2914 4.92658 0)
(40.2463 5.0489 -1.67134e-16)
(40.2584 4.83228 0)
(40.1682 5.20418 8.00651e-17)
(40.3434 4.587 0)
(42.4663 2.61661 -1.81601e-18)
(42.7277 2.65514 0)
(42.9095 2.68515 -2.49418e-19)
(42.9916 2.71459 0)
(42.9861 2.74605 -3.75069e-18)
(42.9403 2.78074 -4.98009e-18)
(42.8809 2.81941 4.96168e-18)
(42.8134 2.86211 0)
(42.7397 2.90801 -4.09325e-18)
(42.6613 2.95615 0)
(42.5796 3.0053 -7.95182e-18)
(42.4956 3.05475 0)
(42.41 3.10407 0)
(42.3236 3.15323 -2.23347e-18)
(42.2368 3.20231 -5.19001e-18)
(42.1499 3.25138 0)
(42.0632 3.30061 -4.74523e-18)
(41.9772 3.34989 0)
(41.8919 3.3993 0)
(41.8076 3.44887 0)
(41.7244 3.49862 0)
(41.6426 3.54857 0)
(41.5623 3.59871 0)
(41.4836 3.64906 0)
(41.4067 3.69948 1.3273e-17)
(41.3316 3.74997 0)
(41.2584 3.80039 0)
(41.1872 3.85061 0)
(41.118 3.90048 -2.15999e-17)
(41.0508 3.94982 0)
(40.9856 3.99847 0)
(40.9224 4.04626 0)
(40.8611 4.09304 0)
(40.8017 4.13874 -2.59563e-17)
(40.7442 4.18323 0)
(40.6886 4.22652 -2.49453e-17)
(40.6347 4.26855 0)
(40.5826 4.30931 0)
(40.5322 4.34879 0)
(40.4836 4.38699 0)
(40.4366 4.42391 -4.36018e-17)
(40.3915 4.4596 4.22303e-17)
(40.348 4.49409 0)
(40.3063 4.52743 0)
(40.2664 4.55971 0)
(40.2282 4.59097 0)
(40.1919 4.62129 -7.05689e-17)
(40.1576 4.65066 8.71223e-18)
(40.1253 4.67917 -6.50887e-17)
(40.0951 4.70683 -1.38735e-16)
(40.067 4.7337 0)
(40.041 4.7598 -1.25247e-16)
(40.0171 4.78514 0)
(39.9953 4.80975 0)
(39.9756 4.83362 0)
(39.9577 4.85675 -9.35621e-17)
(39.9418 4.87914 1.89043e-16)
(39.9276 4.90077 -1.03521e-17)
(39.9153 4.92162 0)
(39.9048 4.94163 -1.5618e-16)
(39.8959 4.96075 0)
(39.8882 4.97886 -6.02167e-18)
(39.8813 4.99581 2.55373e-16)
(39.8748 5.01151 -2.38673e-16)
(39.8683 5.02607 -2.14733e-16)
(39.8617 5.03965 -7.03116e-18)
(39.855 5.05214 1.87832e-16)
(39.8492 5.06231 0)
(39.8451 5.07043 0)
(39.8408 5.07891 3.38073e-18)
(39.8367 5.08736 1.73205e-16)
(39.8327 5.09625 0)
(39.8282 5.10575 2.6798e-16)
(39.8211 5.11326 2.35867e-16)
(39.8075 5.1268 2.05876e-16)
(39.7827 5.1152 0)
(39.7584 5.16228 0)
(39.7397 5.06228 0)
(39.8009 5.31476 0)
(39.8705 4.86493 0)
(42.2296 4.15051 -4.16288e-19)
(42.0389 4.19165 3.6789e-19)
(41.8186 4.22151 6.42745e-19)
(41.5489 4.25936 0)
(41.2058 4.28375 5.18618e-19)
(40.7625 4.27732 0)
(40.1894 4.23194 0)
(39.4542 4.14179 0)
(38.5211 4.00178 0)
(37.3556 3.80941 0)
(35.94 3.56602 1.23582e-18)
(34.2917 3.27656 2.19356e-18)
(32.4696 2.95106 1.13787e-18)
(30.5681 2.60664 0)
(28.7059 2.26737 0)
(27.0149 1.96237 0)
(25.6276 1.72215 -3.53184e-18)
(24.663 1.57468 3.6335e-18)
(24.2112 1.54117 0)
(24.3169 1.63243 0)
(24.9687 1.84628 -3.58823e-18)
(26.1019 2.16795 -6.89827e-18)
(27.617 2.57441 0)
(29.3926 3.03705 -6.2242e-18)
(31.2901 3.52184 0)
(33.156 3.98975 0)
(34.8296 4.3988 -2.24113e-17)
(36.1615 4.70942 0)
(37.0513 4.89505 -8.995e-18)
(37.5027 4.95637 5.48808e-17)
(37.6624 4.93143 0)
(37.7595 4.88118 0)
(37.9402 4.8473 0)
(38.1997 4.83321 0)
(38.4719 4.82545 0)
(38.7164 4.81501 -1.36463e-18)
(38.9303 4.80119 -4.18266e-17)
(39.1242 4.78661 -3.29599e-17)
(39.3055 4.77341 0)
(39.4759 4.76227 0)
(39.6346 4.7533 3.2828e-18)
(39.781 4.74641 7.38307e-18)
(39.9151 4.74162 0)
(40.037 4.73886 0)
(40.147 4.73809 0)
(40.2455 4.73916 8.48608e-18)
(40.3329 4.74195 -8.3593e-18)
(40.4095 4.74633 0)
(40.4757 4.75219 1.56152e-17)
(40.5321 4.75941 0)
(40.5792 4.76784 0)
(40.6178 4.77732 -1.30538e-17)
(40.6483 4.78772 0)
(40.6714 4.79886 -1.10975e-17)
(40.6877 4.81054 0)
(40.6978 4.82255 0)
(40.7021 4.8347 0)
(40.7011 4.84681 -1.49044e-17)
(40.6952 4.85871 0)
(40.6849 4.87025 0)
(40.6705 4.88132 -2.09782e-17)
(40.6525 4.89178 0)
(40.6312 4.90156 2.22059e-16)
(40.6072 4.91057 0)
(40.5809 4.91889 0)
(40.5529 4.92637 0)
(40.5233 4.93325 0)
(40.4975 4.93849 1.13598e-17)
(40.4739 4.94323 0)
(40.4488 4.946 2.91332e-16)
(40.4215 4.95216 5.02887e-16)
(40.3939 4.95008 -2.24078e-16)
(40.3634 4.96347 0)
(40.3369 4.94603 0)
(40.3036 4.98636 -1.51069e-17)
(40.2863 4.91742 0)
(40.2446 5.04306 0)
(40.253 4.82288 0)
(40.1708 5.2006 0)
(40.337 4.57926 0)
(42.3848 4.12313 -4.50187e-19)
(42.5085 4.09256 0)
(42.5982 4.05894 5.19467e-19)
(42.6545 4.02877 0)
(42.6828 4.00278 -1.1369e-18)
(42.6908 3.98172 1.16369e-18)
(42.6839 3.96553 -1.17967e-18)
(42.6646 3.95388 0)
(42.6347 3.94634 0)
(42.5958 3.94234 0)
(42.5491 3.94137 0)
(42.4959 3.94312 0)
(42.4372 3.94731 0)
(42.374 3.95371 2.29379e-18)
(42.3071 3.96215 -2.26705e-18)
(42.2371 3.9724 0)
(42.1646 3.98432 -2.20884e-18)
(42.0902 3.99766 0)
(42.0144 4.01229 0)
(41.9374 4.02811 0)
(41.8596 4.04505 0)
(41.7815 4.06305 0)
(41.7032 4.08209 0)
(41.6251 4.10211 0)
(41.5474 4.12313 -7.20605e-18)
(41.4703 4.14515 0)
(41.3941 4.16813 0)
(41.319 4.19203 0)
(41.2452 4.21679 0)
(41.1728 4.24233 0)
(41.1019 4.26854 0)
(41.0328 4.29526 0)
(40.9654 4.32238 0)
(40.8998 4.34977 2.51865e-17)
(40.8361 4.3773 0)
(40.7744 4.40488 6.70232e-18)
(40.7146 4.43237 0)
(40.6568 4.45972 0)
(40.6011 4.48681 0)
(40.5474 4.51357 0)
(40.4958 4.53993 8.33607e-18)
(40.4462 4.56586 -7.55051e-18)
(40.3987 4.59131 0)
(40.3532 4.61628 0)
(40.3098 4.6408 0)
(40.2685 4.66484 0)
(40.2294 4.68837 9.10574e-18)
(40.1925 4.71142 8.21156e-18)
(40.1578 4.734 7.3967e-18)
(40.1254 4.75615 0)
(40.0953 4.77785 0)
(40.0674 4.79911 0)
(40.0418 4.81993 0)
(40.0183 4.84033 0)
(39.9969 4.86026 0)
(39.9775 4.87976 9.29239e-17)
(39.9601 4.89879 0)
(39.9445 4.91735 -1.029e-17)
(39.9309 4.93543 0)
(39.9192 4.95298 1.39751e-16)
(39.9092 4.96994 0)
(39.9005 4.98616 -5.98451e-18)
(39.8927 5.00147 0)
(39.8852 5.01569 0)
(39.8778 5.02889 8.50361e-18)
(39.8702 5.04119 -7.55533e-18)
(39.8624 5.05253 -6.59858e-18)
(39.8555 5.06177 0)
(39.8505 5.0691 0)
(39.8453 5.0768 4.83006e-18)
(39.8403 5.08456 -1.66896e-16)
(39.8357 5.09294 -2.98204e-16)
(39.8306 5.10229 -3.06602e-18)
(39.8231 5.11002 -2.35239e-16)
(39.8089 5.12392 0)
(39.7847 5.11298 0)
(39.7592 5.15997 0)
(39.746 5.06157 0)
(39.8026 5.31322 0)
(39.8837 4.86782 0)
(41.2149 5.19152 4.12374e-20)
(41.0615 5.24439 -6.06173e-20)
(40.9439 5.28529 -2.50156e-19)
(40.8382 5.33971 0)
(40.7318 5.39782 -2.43307e-19)
(40.6117 5.44781 0)
(40.4598 5.48216 0)
(40.2523 5.49611 0)
(39.9595 5.48586 0)
(39.5307 5.44622 0)
(38.8849 5.3681 6.8385e-19)
(37.941 5.23995 -8.38442e-19)
(36.6643 5.05381 -2.20139e-19)
(35.0802 4.80977 0)
(33.2619 4.51656 0)
(31.3153 4.19013 0)
(29.3689 3.85206 -1.55504e-18)
(27.5669 3.52866 6.34596e-18)
(26.0623 3.24954 0)
(25.0036 3.04483 0)
(24.5123 2.94045 -9.02733e-18)
(24.6544 2.95242 -4.93517e-18)
(25.4203 3.08254 0)
(26.7282 3.31838 -3.54015e-17)
(28.4505 3.63768 0)
(30.4309 4.01112 0)
(32.4921 4.4029 2.01724e-17)
(34.4416 4.77132 0)
(36.0851 5.07214 -9.47386e-18)
(37.2617 5.26696 0)
(37.9113 5.33909 0)
(38.1499 5.3125 0)
(38.2366 5.24672 -2.88756e-17)
(38.3746 5.1909 0)
(38.5936 5.15465 0)
(38.8344 5.12619 -4.82829e-17)
(39.053 5.09626 0)
(39.2426 5.06348 0)
(39.4122 5.03021 2.28351e-17)
(39.569 4.99855 0)
(39.7151 4.96948 -8.56539e-19)
(39.8501 4.94327 5.26015e-20)
(39.9738 4.91992 0)
(40.0861 4.89952 0)
(40.1873 4.88193 8.20016e-18)
(40.2779 4.86711 1.85682e-17)
(40.3582 4.85493 -4.62203e-18)
(40.4285 4.84526 0)
(40.4892 4.83804 1.01587e-17)
(40.5408 4.83316 0)
(40.5838 4.83047 0)
(40.6188 4.82979 -9.81857e-18)
(40.6464 4.83096 0)
(40.6671 4.83374 -8.15928e-17)
(40.6815 4.83792 0)
(40.6901 4.84325 0)
(40.6934 4.84951 0)
(40.6917 4.85647 -1.32625e-17)
(40.6854 4.86394 0)
(40.675 4.87174 0)
(40.6608 4.87967 -2.54722e-16)
(40.643 4.88756 0)
(40.6221 4.89529 -2.21128e-16)
(40.5985 4.90271 0)
(40.5727 4.90983 -1.74747e-16)
(40.545 4.91645 0)
(40.5159 4.92281 1.45002e-16)
(40.4905 4.9277 1.12225e-17)
(40.4672 4.9324 0)
(40.4423 4.9351 -8.25094e-18)
(40.4154 4.9416 -2.43412e-16)
(40.388 4.93945 0)
(40.358 4.95377 0)
(40.3314 4.93601 0)
(40.2991 4.97838 -2.44951e-16)
(40.2808 4.90822 2.26352e-16)
(40.2425 5.03698 1.40086e-16)
(40.2472 4.81389 0)
(40.1726 5.19702 0)
(40.3304 4.57146 0)
(41.3741 5.14019 2.11695e-20)
(41.5206 5.09345 0)
(41.6505 5.0449 3.06239e-20)
(41.7625 4.99688 0)
(41.8567 4.94996 -1.72768e-19)
(41.9338 4.90482 2.24014e-19)
(41.995 4.86192 5.08668e-19)
(42.0414 4.82156 0)
(42.0739 4.78395 -7.69672e-19)
(42.0938 4.74923 0)
(42.102 4.71744 -1.43581e-18)
(42.0998 4.68862 0)
(42.0881 4.6627 0)
(42.0681 4.6396 -2.88868e-19)
(42.0407 4.61915 -9.0147e-19)
(42.0067 4.60121 0)
(41.967 4.58558 -9.29629e-19)
(41.9224 4.57211 0)
(41.8734 4.56062 0)
(41.8208 4.551 0)
(41.765 4.54313 0)
(41.7066 4.53693 -2.85118e-19)
(41.646 4.53231 0)
(41.5835 4.52921 0)
(41.5197 4.52758 -3.85784e-18)
(41.4548 4.52742 0)
(41.3892 4.52867 0)
(41.3231 4.53131 2.81326e-18)
(41.2569 4.53532 3.32755e-18)
(41.1908 4.54065 0)
(41.125 4.54725 0)
(41.0598 4.55505 0)
(40.9954 4.56397 1.01554e-17)
(40.9319 4.57394 -1.08472e-17)
(40.8696 4.58487 0)
(40.8086 4.59669 5.16553e-18)
(40.749 4.6093 0)
(40.691 4.62261 0)
(40.6347 4.63654 0)
(40.5803 4.65098 0)
(40.5276 4.66586 6.06617e-17)
(40.4769 4.68111 -6.47784e-18)
(40.4283 4.69663 -2.69114e-17)
(40.3816 4.71243 0)
(40.337 4.72839 0)
(40.2946 4.74443 0)
(40.2544 4.76053 5.98793e-17)
(40.2164 4.77666 7.45553e-18)
(40.1808 4.79282 6.76449e-18)
(40.1474 4.80898 0)
(40.1163 4.82513 9.42568e-17)
(40.0876 4.84122 -9.14855e-17)
(40.061 4.85724 0)
(40.0366 4.87316 0)
(40.0143 4.88897 -8.24116e-17)
(39.9939 4.90462 0)
(39.9755 4.9201 0)
(39.959 4.9354 -9.96094e-18)
(39.9444 4.9505 -1.38285e-16)
(39.9318 4.96536 -7.58789e-18)
(39.921 4.97995 0)
(39.9115 4.99413 -5.79545e-18)
(39.9029 5.00766 0)
(39.8948 5.02035 0)
(39.8867 5.0322 8.38657e-18)
(39.8784 5.04329 -7.65298e-18)
(39.8699 5.05358 -6.95747e-18)
(39.8622 5.06198 1.08868e-16)
(39.8566 5.0686 1.97502e-16)
(39.8507 5.07554 6.01384e-18)
(39.845 5.08254 1.66282e-16)
(39.8395 5.09028 2.97202e-16)
(39.8337 5.09923 -2.6332e-16)
(39.8256 5.10689 0)
(39.8106 5.12082 0)
(39.7867 5.11057 0)
(39.7602 5.15722 0)
(39.7527 5.06118 0)
(39.8053 5.31145 0)
(39.897 4.87075 0)
(40.218 5.74341 5.20058e-20)
(40.0684 5.77923 -4.97844e-20)
(39.9641 5.80527 -2.18999e-20)
(39.8817 5.84106 0)
(39.8156 5.88289 -1.22006e-19)
(39.7635 5.92509 0)
(39.7212 5.96458 0)
(39.6816 6.00084 0)
(39.6406 6.03429 0)
(39.5899 6.06351 0)
(39.4778 6.08105 -8.9209e-19)
(39.1912 6.07242 -2.72161e-20)
(38.6108 6.02275 -9.97145e-19)
(37.6738 5.92315 0)
(36.3863 5.77138 0)
(34.8045 5.5701 0)
(33.0166 5.32609 -8.44847e-19)
(31.1333 5.05059 -3.24155e-18)
(29.2851 4.76008 0)
(27.6208 4.47682 -4.10859e-18)
(26.3021 4.22779 0)
(25.4851 4.04158 -3.95489e-18)
(25.2882 3.94271 0)
(25.7554 3.9453 4.30117e-18)
(26.8413 4.04909 0)
(28.4323 4.24144 0)
(30.3711 4.50064 0)
(32.4708 4.79715 0)
(34.5217 5.09384 -8.71062e-18)
(36.3037 5.34812 -1.93201e-17)
(37.6186 5.51813 0)
(38.3662 5.57866 0)
(38.6458 5.54516 2.69379e-17)
(38.7298 5.47194 0)
(38.8425 5.40595 0)
(39.027 5.3572 0)
(39.232 5.31563 0)
(39.417 5.27319 0)
(39.5759 5.22877 -7.88005e-18)
(39.7166 5.18441 0)
(39.8454 5.14198 -4.89764e-18)
(39.9642 5.10235 -7.28396e-18)
(40.0729 5.06583 0)
(40.1715 5.03246 0)
(40.2602 5.00225 1.63761e-18)
(40.3393 4.97515 0)
(40.4092 4.95116 -7.4081e-19)
(40.4702 4.93023 0)
(40.5226 4.91237 4.44735e-18)
(40.567 4.89751 0)
(40.6036 4.88552 0)
(40.6331 4.87622 -6.40886e-18)
(40.656 4.86942 0)
(40.6726 4.8649 6.54577e-17)
(40.6836 4.86241 0)
(40.6894 4.86174 0)
(40.6903 4.86262 0)
(40.6868 4.86484 -1.35169e-16)
(40.6793 4.86821 0)
(40.668 4.87247 0)
(40.6532 4.87739 2.15692e-16)
(40.6351 4.88278 0)
(40.6141 4.8885 0)
(40.5906 4.89433 -1.75834e-16)
(40.5648 4.90027 1.20279e-17)
(40.5374 4.90602 0)
(40.5085 4.91186 -1.44482e-16)
(40.4833 4.91641 1.09826e-17)
(40.4603 4.92108 0)
(40.4356 4.92371 -2.56377e-16)
(40.409 4.93052 0)
(40.3819 4.92836 0)
(40.3525 4.94353 -1.57891e-16)
(40.3259 4.92559 0)
(40.2946 4.96988 0)
(40.2752 4.89895 -1.15088e-17)
(40.24 5.03065 -7.70837e-18)
(40.2413 4.80522 0)
(40.1736 5.1934 -6.29574e-17)
(40.3239 4.56352 0)
(40.383 5.705 5.27471e-20)
(40.5445 5.66801 1.93017e-19)
(40.6976 5.62899 -4.12308e-20)
(40.8401 5.58768 0)
(40.971 5.54464 3.4759e-20)
(41.0894 5.50029 -1.40702e-18)
(41.195 5.45522 7.43909e-19)
(41.2877 5.41 0)
(41.3675 5.36515 -7.61281e-20)
(41.4349 5.32119 0)
(41.4901 5.27851 -2.41858e-19)
(41.5338 5.23743 0)
(41.5666 5.19818 0)
(41.5893 5.16091 1.43274e-18)
(41.6025 5.12567 -3.63479e-19)
(41.6071 5.09247 0)
(41.6037 5.06128 -4.0379e-19)
(41.5931 5.03203 0)
(41.5761 5.00467 0)
(41.5532 4.97911 0)
(41.5251 4.9553 0)
(41.4923 4.93316 2.7017e-19)
(41.4555 4.91266 0)
(41.415 4.89376 0)
(41.3715 4.87642 -2.0165e-18)
(41.3252 4.86062 0)
(41.2767 4.84636 0)
(41.2262 4.83363 -2.08045e-18)
(41.1742 4.8224 -2.08551e-18)
(41.1209 4.81267 0)
(41.0667 4.80441 0)
(41.0119 4.79757 5.00542e-18)
(40.9567 4.79214 -4.00506e-18)
(40.9014 4.78806 3.90996e-18)
(40.8462 4.78528 0)
(40.7914 4.78377 3.66206e-18)
(40.7372 4.78345 0)
(40.6837 4.78431 0)
(40.6313 4.78628 0)
(40.58 4.78931 0)
(40.5301 4.79335 -4.69798e-17)
(40.4816 4.79831 -5.26956e-18)
(40.4347 4.8042 2.64742e-17)
(40.3896 4.81088 0)
(40.3462 4.81824 0)
(40.3048 4.82623 0)
(40.2654 4.8348 0)
(40.2281 4.84393 6.55945e-18)
(40.193 4.85355 6.0071e-18)
(40.16 4.86361 0)
(40.1292 4.87408 -9.3327e-17)
(40.1005 4.8849 9.06359e-17)
(40.074 4.89602 0)
(40.0495 4.90741 0)
(40.027 4.91899 8.17708e-17)
(40.0063 4.93073 -7.26091e-17)
(39.9874 4.94258 0)
(39.9705 4.95451 -9.4645e-18)
(39.9554 4.96649 1.3743e-16)
(39.9423 4.97854 -1.30611e-16)
(39.9308 4.99061 0)
(39.9208 5.00259 -5.55315e-18)
(39.9117 5.01423 0)
(39.9031 5.0253 0)
(39.8946 5.03578 1.95237e-16)
(39.886 5.0457 -1.83451e-16)
(39.8771 5.05503 -1.72226e-16)
(39.869 5.0627 -1.08321e-16)
(39.8631 5.06873 -7.78923e-18)
(39.8568 5.07499 6.80485e-18)
(39.8505 5.08128 0)
(39.8443 5.08831 0)
(39.8377 5.09664 2.5062e-16)
(39.8287 5.10399 0)
(39.8127 5.11762 0)
(39.7889 5.10806 0)
(39.7616 5.15415 0)
(39.7595 5.06113 0)
(39.8092 5.30954 0)
(39.9102 4.87378 0)
(39.5288 5.99895 7.64771e-20)
(39.4033 6.01819 3.49405e-20)
(39.3157 6.03016 9.33823e-20)
(39.2452 6.04772 0)
(39.1876 6.06962 1.22978e-19)
(39.1422 6.09324 0)
(39.1081 6.11759 0)
(39.0826 6.14377 0)
(39.0681 6.17279 0)
(39.0779 6.20406 0)
(39.1116 6.23429 3.57882e-19)
(39.1068 6.2566 3.36291e-19)
(38.9436 6.26216 6.58899e-19)
(38.51 6.24278 0)
(37.7489 6.19188 0)
(36.6614 6.1046 0)
(35.2906 5.97827 -9.7639e-19)
(33.707 5.81319 1.13242e-18)
(32.0021 5.61355 0)
(30.2875 5.38853 6.45998e-18)
(28.6968 5.15305 2.72677e-18)
(27.3847 4.92787 -9.59538e-18)
(26.5124 4.73774 0)
(26.2162 4.60713 1.71518e-17)
(26.5645 4.55414 0)
(27.5361 4.58546 0)
(29.0342 4.6963 0)
(30.9096 4.87242 0)
(32.9762 5.09087 -8.01382e-18)
(35.0192 5.32038 1.80839e-17)
(36.8067 5.52245 0)
(38.1237 5.65613 0)
(38.8607 5.69487 0)
(39.1271 5.65228 0)
(39.2036 5.57731 0)
(39.3024 5.5093 0)
(39.4589 5.45529 0)
(39.6277 5.40687 0)
(39.7769 5.35811 -1.03421e-17)
(39.9034 5.30851 0)
(40.0141 5.25975 -7.11157e-18)
(40.1142 5.21321 -1.23204e-17)
(40.2052 5.16947 0)
(40.2873 5.12867 0)
(40.3607 5.09084 5.7473e-18)
(40.4257 5.05603 0)
(40.4827 5.02429 2.57084e-18)
(40.5321 4.99574 0)
(40.5741 4.97043 -6.4931e-19)
(40.6091 4.94836 0)
(40.6375 4.92944 0)
(40.6597 4.91356 -6.20242e-17)
(40.6762 4.90052 0)
(40.6873 4.89014 -4.46162e-18)
(40.6935 4.8822 0)
(40.6952 4.87649 -1.19154e-16)
(40.6927 4.8728 0)
(40.6865 4.87096 1.13229e-16)
(40.6767 4.87073 0)
(40.6637 4.87182 0)
(40.6476 4.87401 -2.14576e-16)
(40.6287 4.8771 0)
(40.6072 4.88094 1.74371e-16)
(40.5833 4.88528 1.75066e-16)
(40.5573 4.89009 1.17054e-17)
(40.5298 4.89502 0)
(40.501 4.90039 0)
(40.4761 4.90463 1.06868e-17)
(40.4532 4.90929 0)
(40.4287 4.91189 2.39699e-16)
(40.4025 4.91902 2.01538e-16)
(40.3757 4.91689 1.76173e-16)
(40.3469 4.93286 1.57407e-16)
(40.3203 4.91484 0)
(40.2901 4.96089 2.07116e-16)
(40.2697 4.88957 -2.13835e-16)
(40.2374 5.024 -1.31794e-16)
(40.2353 4.7968 0)
(40.1741 5.18969 6.28391e-17)
(40.3174 4.55545 0)
(39.6707 5.97688 -6.97482e-21)
(39.8159 5.9532 -1.83077e-19)
(39.9593 5.92812 -1.00379e-20)
(40.0991 5.90039 0)
(40.2337 5.87016 2.72657e-20)
(40.3618 5.83734 1.30351e-18)
(40.4823 5.80215 -7.04233e-19)
(40.5944 5.7649 0)
(40.6972 5.72602 7.47995e-19)
(40.7906 5.68598 0)
(40.874 5.64527 1.49285e-18)
(40.9476 5.60435 0)
(41.0113 5.56364 0)
(41.0654 5.52348 1.41447e-19)
(41.1102 5.48414 1.2877e-18)
(41.146 5.44582 1.38299e-18)
(41.1734 5.40867 -1.90314e-19)
(41.1928 5.37277 0)
(41.2047 5.33815 0)
(41.2097 5.30485 0)
(41.2083 5.27287 0)
(41.201 5.24219 0)
(41.1884 5.21282 0)
(41.1709 5.18475 0)
(41.1489 5.15797 8.77013e-19)
(41.123 5.13251 0)
(41.0936 5.10839 0)
(41.0611 5.08561 -5.98265e-19)
(41.0258 5.0642 -1.07764e-18)
(40.9882 5.04418 0)
(40.9485 5.02557 0)
(40.9071 5.00835 -4.8561e-18)
(40.8643 4.99253 -5.67646e-18)
(40.8204 4.9781 2.55928e-18)
(40.7757 4.96503 0)
(40.7304 4.95331 7.8254e-18)
(40.6849 4.94293 0)
(40.6393 4.93388 0)
(40.5939 4.92614 0)
(40.5489 4.9197 0)
(40.5045 4.91452 4.32197e-18)
(40.461 4.91065 -4.12057e-18)
(40.4185 4.90797 0)
(40.3773 4.90639 0)
(40.3374 4.9059 3.63734e-17)
(40.299 4.90644 0)
(40.2622 4.90799 -3.72688e-17)
(40.2272 4.91049 5.61339e-18)
(40.194 4.91387 5.19534e-18)
(40.1627 4.91807 0)
(40.1333 4.92305 0)
(40.1059 4.92875 7.26794e-17)
(40.0803 4.93512 0)
(40.0566 4.94206 0)
(40.0346 4.9495 0)
(40.0142 4.95739 5.50799e-18)
(39.9956 4.96564 0)
(39.9787 4.97419 -8.8552e-18)
(39.9637 4.98305 0)
(39.9503 4.99223 0)
(39.9386 5.00171 0)
(39.9283 5.01138 -5.31897e-18)
(39.9189 5.021 0)
(39.91 5.03036 0)
(39.9014 5.03943 -1.78643e-16)
(39.8928 5.04818 0)
(39.8838 5.05659 0)
(39.8756 5.06364 0)
(39.8697 5.06919 -7.89761e-18)
(39.8632 5.07491 7.15807e-18)
(39.8566 5.08058 0)
(39.8499 5.08692 -2.6825e-16)
(39.8426 5.09455 -8.53812e-18)
(39.8327 5.10141 2.15873e-16)
(39.8155 5.11446 0)
(39.7915 5.10562 0)
(39.7636 5.15092 0)
(39.7667 5.06149 0)
(39.8142 5.3075 0)
(39.9235 4.87703 0)
(39.111 6.10825 -1.84663e-19)
(39.0199 6.11691 1.07558e-19)
(38.9579 6.12049 2.43576e-19)
(38.9082 6.12677 0)
(38.8674 6.13597 2.84926e-19)
(38.8343 6.14706 0)
(38.8077 6.15949 0)
(38.7849 6.17363 0)
(38.7656 6.18885 -2.5771e-19)
(38.7599 6.20307 0)
(38.7811 6.21443 5.1983e-19)
(38.8105 6.22266 6.12438e-19)
(38.774 6.2276 -6.53727e-19)
(38.5722 6.22668 0)
(38.1263 6.21427 0)
(37.4009 6.18336 0)
(36.4015 6.12758 -1.28773e-18)
(35.1642 6.04249 2.03753e-18)
(33.7465 5.92631 0)
(32.2245 5.78036 -2.44271e-18)
(30.6943 5.60992 -2.67069e-18)
(29.2756 5.42513 0)
(28.1116 5.24135 0)
(27.3558 5.07824 -8.97599e-18)
(27.1389 4.95665 0)
(27.5268 4.89342 0)
(28.5025 4.89708 0)
(29.9772 4.96696 0)
(31.8098 5.09381 -7.34102e-18)
(33.8188 5.25988 -2.50788e-18)
(35.7904 5.439 0)
(37.4904 5.59673 0)
(38.7056 5.69495 -2.19091e-19)
(39.3484 5.711 0)
(39.5639 5.66148 0)
(39.6301 5.58978 -3.5331e-18)
(39.7214 5.52537 0)
(39.8539 5.47146 0)
(39.9886 5.42147 -1.0118e-17)
(40.1038 5.37164 0)
(40.1997 5.322 0)
(40.2825 5.27385 -1.35718e-17)
(40.356 5.22796 0)
(40.4212 5.18461 0)
(40.4787 5.14385 -1.50643e-17)
(40.5288 5.10573 0)
(40.5719 5.0704 -2.07791e-17)
(40.6085 5.038 0)
(40.6388 5.00867 -4.00871e-18)
(40.6634 4.98243 0)
(40.6824 4.9593 -5.67462e-17)
(40.6961 4.93918 0)
(40.7051 4.92196 0)
(40.7096 4.90747 -2.74251e-18)
(40.7099 4.89556 0)
(40.7066 4.88608 7.49378e-18)
(40.6998 4.8789 0)
(40.69 4.87385 -1.12492e-16)
(40.6773 4.87067 0)
(40.6619 4.86913 0)
(40.6439 4.86903 1.81188e-16)
(40.6236 4.87015 0)
(40.601 4.87235 -1.7353e-16)
(40.5764 4.87537 -1.48732e-16)
(40.5501 4.87919 1.14146e-17)
(40.5223 4.88341 0)
(40.4935 4.88838 0)
(40.4686 4.89237 1.03461e-17)
(40.4459 4.89706 0)
(40.4216 4.8997 -7.30651e-18)
(40.3957 4.90717 -2.00773e-16)
(40.3693 4.90516 -1.75559e-16)
(40.3412 4.92187 -1.41147e-16)
(40.3147 4.90387 0)
(40.2857 4.95148 -2.06558e-16)
(40.2643 4.88011 1.95717e-16)
(40.2347 5.01703 1.20301e-16)
(40.2293 4.78857 0)
(40.1741 5.18579 0)
(40.3109 4.54725 0)
(39.2174 6.0968 -7.40066e-20)
(39.3314 6.08161 0)
(39.4486 6.06587 4.51769e-20)
(39.5674 6.04855 0)
(39.6863 6.02944 5.56664e-19)
(39.8039 6.00817 -1.26426e-18)
(39.9189 5.9845 6.91349e-19)
(40.0302 5.95833 0)
(40.1365 5.92968 -7.55086e-19)
(40.2372 5.89873 0)
(40.3314 5.86575 0)
(40.4187 5.83111 0)
(40.4985 5.7952 0)
(40.5708 5.75845 -2.99432e-18)
(40.6352 5.72121 0)
(40.6919 5.68385 1.44841e-19)
(40.7409 5.64663 1.25471e-18)
(40.7824 5.60979 0)
(40.8167 5.57349 0)
(40.844 5.53785 0)
(40.8646 5.50297 0)
(40.8791 5.46891 1.96655e-18)
(40.8876 5.43571 0)
(40.8907 5.40341 0)
(40.8887 5.37203 -2.70206e-18)
(40.882 5.34161 0)
(40.871 5.31219 0)
(40.8561 5.2838 0)
(40.8376 5.25648 0)
(40.8159 5.23029 -5.77269e-19)
(40.7914 5.20526 0)
(40.7643 5.18142 0)
(40.735 5.1588 0)
(40.7037 5.13741 3.7907e-18)
(40.6709 5.11726 0)
(40.6367 5.09839 -3.41073e-18)
(40.6015 5.08078 0)
(40.5655 5.06448 0)
(40.529 5.04949 0)
(40.4922 5.03581 0)
(40.4553 5.02351 1.56856e-17)
(40.4187 5.01255 -3.17912e-18)
(40.3824 5.00287 -1.39692e-17)
(40.3468 4.9945 0)
(40.312 4.98741 -5.58147e-18)
(40.2782 4.98161 0)
(40.2455 4.97704 3.67879e-17)
(40.2141 4.97368 4.67907e-18)
(40.1842 4.97147 6.95315e-17)
(40.1557 4.97037 0)
(40.1289 4.97035 6.53433e-17)
(40.1036 4.97134 -1.36954e-16)
(40.0799 4.97326 0)
(40.0577 4.97603 0)
(40.0369 4.97958 -6.23862e-17)
(40.0176 4.98381 6.60313e-17)
(39.9998 4.98858 0)
(39.9836 4.99389 -8.12637e-18)
(39.969 4.99973 -1.12321e-16)
(39.9559 5.0061 0)
(39.9442 5.013 0)
(39.9339 5.0203 -1.04876e-16)
(39.9245 5.02782 0)
(39.9157 5.03539 0)
(39.9071 5.04298 7.33869e-18)
(39.8986 5.05052 0)
(39.8898 5.05803 1.50737e-16)
(39.8817 5.06449 9.44676e-17)
(39.876 5.06967 -7.64064e-18)
(39.8696 5.07498 7.09599e-18)
(39.863 5.08018 0)
(39.8561 5.08593 2.67215e-16)
(39.8483 5.09285 -2.40387e-16)
(39.8373 5.09917 -2.15178e-16)
(39.8189 5.11147 0)
(39.7946 5.10339 0)
(39.7664 5.1477 0)
(39.7743 5.06231 0)
(39.8203 5.30534 0)
(39.937 4.88055 0)
(38.8861 6.14125 -1.53538e-19)
(38.8291 6.14567 1.65749e-19)
(38.7938 6.1465 3.52985e-19)
(38.7673 6.14792 0)
(38.747 6.15122 3.84176e-19)
(38.7318 6.1562 0)
(38.7202 6.16206 0)
(38.7099 6.16806 0)
(38.6996 6.17247 2.49556e-19)
(38.6944 6.17263 1.01625e-18)
(38.7036 6.16728 9.18281e-19)
(38.72 6.15857 -2.802e-20)
(38.6996 6.15008 -6.89877e-19)
(38.5699 6.14268 0)
(38.2614 6.13294 0)
(37.7302 6.11498 0)
(36.9639 6.08294 -1.47114e-18)
(35.9773 6.03221 8.23519e-19)
(34.8054 5.95982 0)
(33.4997 5.86444 0)
(32.1275 5.74679 0)
(30.7759 5.61044 0)
(29.5556 5.46272 0)
(28.5998 5.31529 1.39858e-18)
(28.0476 5.18348 0)
(28.0098 5.08391 1.14385e-18)
(28.5328 5.03025 -1.24615e-18)
(29.5896 5.03012 0)
(31.091 5.08411 -3.26034e-18)
(32.8991 5.18546 2.47582e-18)
(34.8366 5.31964 -4.35901e-18)
(36.6927 5.46395 4.98673e-18)
(38.2381 5.58695 2.07934e-19)
(39.2797 5.65454 6.25636e-18)
(39.7826 5.65193 0)
(39.9366 5.60043 3.42293e-18)
(39.9955 5.53651 0)
(40.0815 5.47965 0)
(40.1916 5.42996 6.3872e-18)
(40.2952 5.38275 0)
(40.3804 5.33598 0)
(40.4497 5.28998 -1.18622e-17)
(40.5081 5.24558 0)
(40.5582 5.20321 0)
(40.6011 5.16298 0)
(40.6372 5.12501 0)
(40.6671 5.08942 0)
(40.6913 5.05638 0)
(40.7102 5.02603 -5.09211e-18)
(40.7241 4.99845 5.84044e-17)
(40.7335 4.97366 5.61629e-17)
(40.7385 4.95162 0)
(40.7396 4.93227 0)
(40.737 4.9155 -1.72511e-18)
(40.731 4.90124 0)
(40.7221 4.88943 5.91986e-18)
(40.7105 4.87994 0)
(40.6965 4.87263 0)
(40.6802 4.86732 0)
(40.6619 4.86382 0)
(40.6416 4.86196 -1.461e-17)
(40.6194 4.86155 0)
(40.5954 4.86247 0)
(40.5699 4.86444 1.48025e-16)
(40.5429 4.86747 1.11663e-17)
(40.5147 4.87112 0)
(40.4858 4.87583 0)
(40.461 4.87966 9.96135e-18)
(40.4384 4.88445 0)
(40.4143 4.8872 -2.08639e-16)
(40.3888 4.89506 1.77029e-16)
(40.3628 4.89325 -1.56632e-16)
(40.3354 4.91066 1.40676e-16)
(40.3092 4.8928 0)
(40.2813 4.94176 1.91025e-16)
(40.2591 4.87062 -3.84344e-16)
(40.232 5.00972 -1.20014e-16)
(40.2234 4.78049 0)
(40.1737 5.18166 0)
(40.3043 4.53893 0)
(38.957 6.1342 -1.39295e-19)
(39.0375 6.12218 0)
(39.1242 6.11015 1.1257e-19)
(39.2157 6.0976 0)
(39.3109 6.08441 -7.57828e-19)
(39.4085 6.07029 1.40542e-18)
(39.5072 6.05492 -6.66572e-19)
(39.606 6.03794 0)
(39.7037 6.01903 7.27983e-19)
(39.7993 5.99795 0)
(39.8919 5.97461 0)
(39.9806 5.94905 0)
(40.0647 5.92138 0)
(40.1437 5.89186 3.20214e-18)
(40.2172 5.86078 -1.6704e-18)
(40.2847 5.82847 2.09766e-19)
(40.3462 5.79525 -1.57421e-18)
(40.4014 5.76144 0)
(40.4504 5.72729 0)
(40.4932 5.69304 0)
(40.5299 5.65888 0)
(40.5606 5.62493 4.3422e-19)
(40.5857 5.59133 -2.1376e-18)
(40.6053 5.55816 0)
(40.6197 5.52549 2.61802e-18)
(40.6292 5.49339 0)
(40.6341 5.46193 0)
(40.6348 5.43114 0)
(40.6314 5.4011 0)
(40.6243 5.37187 -7.60114e-19)
(40.6139 5.3435 0)
(40.6005 5.31603 1.01591e-18)
(40.5842 5.28952 -2.35475e-19)
(40.5655 5.264 0)
(40.5446 5.23952 0)
(40.5218 5.21611 3.33617e-18)
(40.4973 5.19382 0)
(40.4714 5.17269 0)
(40.4445 5.15275 0)
(40.4167 5.13405 0)
(40.3882 5.11661 0)
(40.3593 5.10044 -2.35519e-17)
(40.3303 5.08557 1.37477e-17)
(40.3014 5.07203 0)
(40.2727 5.05984 -5.52446e-17)
(40.2444 5.04897 0)
(40.2169 5.03943 0)
(40.1902 5.03121 3.18855e-17)
(40.1644 5.02431 -3.21988e-17)
(40.1397 5.01871 0)
(40.1162 5.01437 -6.26566e-18)
(40.0939 5.01123 1.22835e-16)
(40.0728 5.00921 5.83198e-17)
(40.0528 5.00827 0)
(40.034 5.00827 6.18583e-17)
(40.0164 5.00908 0)
(40 5.01067 0)
(39.9849 5.01298 -7.28068e-18)
(39.9712 5.01601 2.16461e-16)
(39.9588 5.01974 0)
(39.9477 5.02413 0)
(39.9377 5.02908 0)
(39.9285 5.03449 0)
(39.92 5.04024 0)
(39.9117 5.04629 1.69597e-16)
(39.9035 5.05258 0)
(39.8949 5.05913 -1.50058e-16)
(39.8871 5.065 -9.3929e-17)
(39.8817 5.06987 -7.15788e-18)
(39.8757 5.07486 6.72582e-18)
(39.8694 5.07973 0)
(39.8625 5.08505 0)
(39.8543 5.09138 2.19875e-16)
(39.8425 5.0972 0)
(39.823 5.1087 0)
(39.7982 5.10148 0)
(39.77 5.14459 0)
(39.7826 5.06366 0)
(39.8275 5.30306 0)
(39.9507 4.8844 0)
(38.7904 6.13285 -6.91954e-19)
(38.7633 6.13224 1.93301e-19)
(38.7523 6.12988 -1.59797e-18)
(38.7476 6.12729 -9.91115e-19)
(38.7471 6.12655 -5.67476e-19)
(38.75 6.12778 0)
(38.755 6.1295 0)
(38.7598 6.12996 0)
(38.7635 6.12702 -1.90263e-18)
(38.7704 6.11861 8.42776e-19)
(38.7885 6.10452 -8.98542e-19)
(38.8132 6.08753 0)
(38.8105 6.07135 6.81467e-19)
(38.721 6.05687 0)
(38.4835 6.04112 0)
(38.0554 6.01947 0)
(37.42 5.98784 -1.39913e-18)
(36.584 5.94343 -8.16507e-19)
(35.5725 5.88452 0)
(34.4239 5.81008 0)
(33.1894 5.7198 0)
(31.9343 5.61459 4.09993e-18)
(30.7429 5.49745 -4.09143e-18)
(29.7219 5.37431 5.19032e-18)
(28.9953 5.2545 0)
(28.6831 5.15015 -1.14624e-18)
(28.8668 5.07402 1.25293e-18)
(29.5654 5.03634 0)
(30.7354 5.04287 0)
(32.2815 5.09389 0)
(34.0655 5.1834 4.3153e-18)
(35.9118 5.29852 -4.88121e-18)
(37.6134 5.41842 9.93703e-18)
(38.9536 5.51366 -5.99262e-18)
(39.7819 5.55617 2.16261e-17)
(40.1377 5.54134 0)
(40.2412 5.49362 0)
(40.2979 5.44093 0)
(40.3772 5.39404 0)
(40.4654 5.35149 2.03267e-17)
(40.5417 5.31016 0)
(40.6015 5.26918 -9.07504e-18)
(40.6484 5.22902 0)
(40.6862 5.19022 0)
(40.7167 5.15307 0)
(40.7408 5.11773 0)
(40.7592 5.08433 0)
(40.7724 5.05302 0)
(40.781 5.02396 5.81656e-17)
(40.7853 4.9972 2.84792e-18)
(40.7857 4.97282 0)
(40.7825 4.95082 0)
(40.776 4.93115 0)
(40.7665 4.91381 -1.46178e-18)
(40.7543 4.89875 0)
(40.7398 4.88593 5.30227e-18)
(40.7232 4.87528 9.35984e-17)
(40.7047 4.86671 -8.91431e-17)
(40.6846 4.86013 0)
(40.6629 4.8554 0)
(40.6399 4.85242 -1.4088e-17)
(40.6156 4.85102 0)
(40.59 4.85108 1.32034e-16)
(40.5632 4.85235 0)
(40.5354 4.85486 1.2521e-16)
(40.5068 4.85817 1.05794e-16)
(40.4777 4.86278 0)
(40.4529 4.86658 9.55053e-18)
(40.4305 4.87154 0)
(40.4067 4.87449 1.00433e-16)
(40.3816 4.88277 -1.00458e-17)
(40.356 4.88128 1.56039e-16)
(40.3295 4.89934 -1.2814e-16)
(40.3036 4.88172 -1.16172e-16)
(40.2769 4.93179 -1.90464e-16)
(40.254 4.86115 1.88622e-16)
(40.2292 5.00208 0)
(40.2176 4.77253 0)
(40.1729 5.17723 0)
(40.2976 4.53053 0)
(38.8299 6.13013 -1.76458e-19)
(38.8799 6.12113 5.04937e-19)
(38.9375 6.11179 -3.46949e-19)
(39.0017 6.10164 0)
(39.0716 6.09087 7.32773e-19)
(39.1462 6.07965 2.47581e-19)
(39.2244 6.068 9.94434e-19)
(39.3054 6.05574 0)
(39.3881 6.04263 -9.84108e-19)
(39.4715 6.02836 0)
(39.5547 6.01259 0)
(39.6369 5.99507 -1.93197e-18)
(39.7172 5.97559 0)
(39.7949 5.9541 -1.64559e-18)
(39.8694 5.9306 1.6174e-18)
(39.9401 5.90523 -3.38903e-18)
(40.0065 5.87816 -2.3564e-19)
(40.0684 5.84965 0)
(40.1255 5.81996 0)
(40.1775 5.78935 0)
(40.2244 5.75807 0)
(40.2662 5.72635 -2.2669e-18)
(40.3029 5.69437 -4.65991e-19)
(40.3346 5.66231 0)
(40.3615 5.63028 0)
(40.3836 5.59842 -3.80542e-18)
(40.4012 5.56682 3.36408e-18)
(40.4145 5.53556 0)
(40.4238 5.50474 0)
(40.4292 5.47442 -7.54364e-19)
(40.431 5.44469 -3.22741e-18)
(40.4295 5.4156 -9.91843e-19)
(40.425 5.38723 -1.34351e-18)
(40.4176 5.35963 0)
(40.4077 5.33284 0)
(40.3956 5.30694 0)
(40.3813 5.28195 0)
(40.3653 5.25794 0)
(40.3477 5.23495 0)
(40.3288 5.21305 0)
(40.3088 5.19231 7.4623e-18)
(40.288 5.17272 1.03647e-17)
(40.2665 5.15436 0)
(40.2446 5.13723 0)
(40.2225 5.12132 4.6684e-17)
(40.2004 5.1067 0)
(40.1785 5.09339 0)
(40.157 5.08143 0)
(40.136 5.07083 0)
(40.1157 5.06162 0)
(40.0962 5.05375 -4.95984e-18)
(40.0774 5.04718 -4.66421e-18)
(40.0594 5.04187 -4.37758e-18)
(40.0423 5.03772 0)
(40.026 5.03457 0)
(40.0106 5.03241 0)
(39.9962 5.03118 1.0274e-16)
(39.9827 5.03085 -6.33581e-18)
(39.9703 5.03136 -2.02435e-16)
(39.9591 5.03266 0)
(39.9489 5.03467 0)
(39.9397 5.03741 8.90736e-17)
(39.9311 5.04079 0)
(39.923 5.04474 -1.62977e-16)
(39.9152 5.04923 -1.54763e-16)
(39.9074 5.05422 0)
(39.8992 5.05978 0)
(39.8917 5.06501 8.59565e-17)
(39.8868 5.06956 -1.62508e-16)
(39.8813 5.07429 1.47382e-16)
(39.8754 5.07896 0)
(39.8687 5.08401 0)
(39.8604 5.08989 -4.28197e-16)
(39.848 5.09539 0)
(39.8274 5.10613 0)
(39.8023 5.09992 0)
(39.7746 5.14167 0)
(39.7915 5.06555 0)
(39.836 5.30069 0)
(39.9645 4.88867 0)
(38.7807 6.08587 3.73786e-19)
(38.7788 6.08144 1.20879e-19)
(38.7885 6.07735 2.18677e-18)
(38.803 6.07265 9.59561e-19)
(38.8205 6.06951 0)
(38.84 6.06789 0)
(38.8606 6.06581 -1.22948e-18)
(38.88 6.06114 0)
(38.897 6.05215 1.84798e-18)
(38.9154 6.03802 -4.12987e-18)
(38.9454 6.01987 2.24666e-18)
(38.9896 6.00083 0)
(39.0221 5.98367 0)
(38.9875 5.96779 0)
(38.8231 5.94925 0)
(38.4819 5.92353 0)
(37.9424 5.88765 -9.83881e-19)
(37.2076 5.84049 0)
(36.2987 5.78195 0)
(35.2499 5.71225 0)
(34.1056 5.63159 0)
(32.9204 5.5405 2.00912e-18)
(31.7625 5.44041 -2.04483e-18)
(30.7187 5.33447 2.0695e-18)
(29.8941 5.22809 0)
(29.4024 5.1292 0)
(29.3384 5.04746 -6.13795e-18)
(29.7498 4.99235 0)
(30.6271 4.97105 0)
(31.9091 4.98731 0)
(33.4918 5.04039 0)
(35.2339 5.12423 0)
(36.9604 5.22659 3.00286e-18)
(38.4698 5.32713 0)
(39.5701 5.39878 5.81518e-18)
(40.1791 5.42195 0)
(40.4111 5.40194 0)
(40.4837 5.36257 0)
(40.5402 5.32249 0)
(40.6099 5.28636 -4.4166e-17)
(40.6772 5.25224 0)
(40.7304 5.2184 -6.30387e-18)
(40.7694 5.1847 0)
(40.798 5.15156 0)
(40.8187 5.11944 0)
(40.8331 5.08856 0)
(40.842 5.05909 0)
(40.8461 5.03121 0)
(40.8459 5.00503 -6.43633e-17)
(40.842 4.9807 1.45122e-18)
(40.8346 4.95828 0)
(40.8241 4.93781 0)
(40.8108 4.91931 -5.33052e-17)
(40.795 4.90277 -1.84675e-18)
(40.7771 4.88818 0)
(40.7573 4.8755 5.634e-18)
(40.7358 4.86472 -9.29031e-17)
(40.713 4.85583 1.70275e-16)
(40.689 4.84882 0)
(40.664 4.84363 0)
(40.6381 4.84018 -1.40179e-17)
(40.6115 4.83835 0)
(40.5841 4.83804 -1.2824e-17)
(40.5561 4.83903 0)
(40.5274 4.84135 0)
(40.4983 4.84458 -9.47693e-18)
(40.4691 4.8493 0)
(40.4444 4.85322 1.17079e-16)
(40.4223 4.85846 0)
(40.3988 4.86168 0)
(40.3742 4.87042 -1.65538e-16)
(40.3491 4.86933 0)
(40.3235 4.888 4.60889e-18)
(40.2979 4.87073 2.28409e-16)
(40.2725 4.92168 0)
(40.249 4.85175 -1.80676e-16)
(40.2264 4.99414 -1.13658e-16)
(40.2119 4.76469 0)
(40.1719 5.1725 0)
(40.2907 4.52208 0)
(38.7936 6.08669 -1.0951e-19)
(38.8168 6.08294 -1.0828e-18)
(38.8485 6.07835 0)
(38.8878 6.072 0)
(38.9338 6.0641 0)
(38.9858 6.05507 -2.10875e-18)
(39.043 6.04522 1.55116e-19)
(39.1046 6.03478 0)
(39.1698 6.02388 -1.22505e-19)
(39.2377 6.0125 0)
(39.3076 6.00054 0)
(39.3787 5.98776 -1.53306e-19)
(39.4501 5.97394 0)
(39.5211 5.9588 0)
(39.591 5.94215 1.90461e-18)
(39.6593 5.92382 1.76083e-18)
(39.7251 5.90375 -9.72972e-20)
(39.7882 5.88196 0)
(39.848 5.85853 0)
(39.9043 5.83359 0)
(39.9566 5.80735 0)
(40.0049 5.77998 2.92426e-18)
(40.049 5.75173 2.47424e-18)
(40.0888 5.72276 5.11154e-18)
(40.1244 5.69329 0)
(40.1557 5.66346 -5.89068e-19)
(40.1828 5.63345 5.92415e-19)
(40.2059 5.60336 0)
(40.2252 5.57334 0)
(40.2406 5.54348 -5.70926e-19)
(40.2525 5.5139 -1.11236e-18)
(40.261 5.48468 0)
(40.2664 5.45593 -1.03845e-18)
(40.2689 5.42771 1.76776e-18)
(40.2686 5.4001 0)
(40.2658 5.37317 0)
(40.2607 5.34697 0)
(40.2536 5.32156 0)
(40.2447 5.29702 0)
(40.2341 5.2734 0)
(40.2221 5.25079 -7.33905e-18)
(40.2089 5.22918 0)
(40.1947 5.20864 7.84891e-18)
(40.1798 5.18921 0)
(40.1643 5.17089 -2.42507e-18)
(40.1485 5.15376 0)
(40.1325 5.13785 0)
(40.1165 5.12323 -2.23859e-17)
(40.1006 5.10995 0)
(40.085 5.09803 0)
(40.0697 5.08747 -3.63791e-18)
(40.0549 5.07823 -3.46572e-18)
(40.0405 5.07025 -5.28632e-17)
(40.0266 5.0634 0)
(40.0133 5.05768 -4.93489e-17)
(40.0005 5.05303 0)
(39.9884 5.04944 -1.01917e-16)
(39.977 5.04686 -5.3377e-18)
(39.9664 5.04517 9.75537e-17)
(39.9568 5.04427 0)
(39.948 5.04418 0)
(39.9399 5.04492 -4.41064e-18)
(39.9323 5.04644 0)
(39.9249 5.04869 7.53418e-18)
(39.9177 5.05168 6.85439e-18)
(39.9105 5.05536 0)
(39.9027 5.05989 1.31276e-16)
(39.8956 5.06443 -3.45929e-18)
(39.8912 5.06862 0)
(39.8862 5.0731 0)
(39.8808 5.07763 0)
(39.8745 5.08255 -2.20258e-16)
(39.8662 5.08818 2.08328e-16)
(39.8533 5.09354 0)
(39.8322 5.10366 0)
(39.8068 5.09867 0)
(39.7801 5.13896 0)
(39.8012 5.068 -2.64077e-16)
(39.8456 5.29825 0)
(39.9786 4.89345 0)
(38.8281 6.00362 -1.96167e-20)
(38.848 5.99849 2.48188e-20)
(38.8758 5.99533 -2.42379e-18)
(38.9075 5.99166 0)
(38.9414 5.98875 0)
(38.9764 5.98574 1.26965e-18)
(39.0116 5.98001 -7.55997e-20)
(39.0451 5.96962 0)
(39.0748 5.95406 0)
(39.1026 5.93436 4.72507e-18)
(39.1393 5.91316 -2.20677e-18)
(39.1961 5.89394 0)
(39.2616 5.8785 0)
(39.2887 5.86463 0)
(39.2102 5.84697 0)
(38.9678 5.8204 0)
(38.5293 5.78229 -4.08013e-19)
(37.8898 5.73242 3.53603e-18)
(37.0664 5.67178 0)
(36.0912 5.60151 0)
(35.0064 5.5226 0)
(33.8625 5.43591 -5.97207e-18)
(32.7203 5.34275 6.00952e-18)
(31.6543 5.24538 -1.30734e-17)
(30.7559 5.14753 0)
(30.1291 5.05456 0)
(29.872 4.97341 -8.94097e-19)
(30.0491 4.91159 0)
(30.6745 4.87566 0)
(31.712 4.8702 0)
(33.0844 4.89699 -1.36996e-17)
(34.6784 4.95403 1.37376e-17)
(36.3488 5.03491 -1.26151e-17)
(37.9209 5.1271 0)
(39.2043 5.21031 -2.59594e-17)
(40.0527 5.2617 0)
(40.4679 5.27179 0)
(40.6139 5.25265 0)
(40.6724 5.22375 0)
(40.7274 5.19568 2.38166e-17)
(40.7852 5.16964 0)
(40.8336 5.14407 -3.3678e-18)
(40.868 5.11823 0)
(40.8904 5.09227 0)
(40.9041 5.06662 0)
(40.911 5.0416 0)
(40.9124 5.01736 0)
(40.9091 4.99413 0)
(40.9018 4.97206 -2.4736e-19)
(40.891 4.95128 -6.08355e-17)
(40.8771 4.93196 0)
(40.8604 4.91416 0)
(40.8413 4.89791 5.28255e-17)
(40.8202 4.88323 -2.74805e-18)
(40.7971 4.87009 0)
(40.7725 4.85848 9.07856e-17)
(40.7467 4.84847 0)
(40.7198 4.8401 -8.11729e-17)
(40.6921 4.83344 0)
(40.6639 4.82848 0)
(40.6353 4.82521 -1.34749e-16)
(40.6064 4.82353 0)
(40.5773 4.82338 -1.17834e-16)
(40.5479 4.82452 -9.83139e-17)
(40.5185 4.82703 -9.20485e-17)
(40.489 4.83047 -9.53647e-17)
(40.4597 4.83555 0)
(40.4352 4.83974 0)
(40.4134 4.84533 0)
(40.3904 4.84893 0)
(40.3664 4.85813 -1.48057e-16)
(40.342 4.85751 0)
(40.3172 4.87673 3.63199e-18)
(40.2922 4.85991 -1.1223e-16)
(40.268 4.91149 0)
(40.2439 4.84248 1.80152e-16)
(40.2234 4.9859 1.1335e-16)
(40.2061 4.75697 0)
(40.1706 5.16738 0)
(40.2836 4.51366 0)
(38.8178 6.00602 -1.45083e-20)
(38.8174 6.00708 5.75707e-19)
(38.8261 6.00763 0)
(38.8431 6.0064 0)
(38.8676 6.00334 0)
(38.8989 5.99856 2.21687e-18)
(38.9364 5.99222 -1.08811e-18)
(38.9793 5.98459 0)
(39.0269 5.97597 1.04776e-18)
(39.0785 5.96663 0)
(39.1335 5.95673 1.95438e-18)
(39.1912 5.94638 7.97758e-20)
(39.251 5.93557 0)
(39.3121 5.92417 0)
(39.3738 5.91202 -1.85443e-18)
(39.4357 5.89892 -1.66772e-18)
(39.4969 5.88467 1.76155e-18)
(39.5571 5.86908 0)
(39.6156 5.85204 -3.00694e-18)
(39.672 5.83347 0)
(39.7259 5.81337 0)
(39.777 5.7918 -2.16103e-19)
(39.8249 5.76886 -2.49535e-18)
(39.8696 5.7447 -4.9886e-18)
(39.9108 5.71948 0)
(39.9484 5.69337 4.1981e-18)
(39.9824 5.66654 -3.78408e-18)
(40.0128 5.63916 0)
(40.0396 5.61139 0)
(40.063 5.58338 -3.88459e-20)
(40.083 5.55527 4.1756e-18)
(40.0997 5.52719 0)
(40.1134 5.49926 -2.45914e-19)
(40.1241 5.47161 -1.73274e-18)
(40.132 5.44433 0)
(40.1374 5.41751 0)
(40.1404 5.39123 0)
(40.1411 5.36556 0)
(40.1399 5.34059 0)
(40.1368 5.31639 0)
(40.1321 5.29299 0)
(40.126 5.27046 -6.13681e-18)
(40.1187 5.24883 -7.73163e-18)
(40.1104 5.22815 0)
(40.1012 5.20846 -1.28295e-18)
(40.0914 5.18983 0)
(40.0811 5.17235 0)
(40.0705 5.15605 2.21111e-17)
(40.0597 5.14102 2.17393e-17)
(40.0489 5.12726 0)
(40.0381 5.11479 -4.8085e-17)
(40.0274 5.10357 -4.87244e-17)
(40.0168 5.09353 4.68238e-17)
(40.0065 5.08466 0)
(39.9963 5.07692 2.20778e-18)
(39.9865 5.07033 0)
(39.977 5.06486 0)
(39.9681 5.0604 -4.38425e-18)
(39.9598 5.0568 0)
(39.9522 5.05406 0)
(39.9451 5.0522 0)
(39.9385 5.05125 -8.3563e-17)
(39.9321 5.05116 0)
(39.9258 5.0519 1.53613e-16)
(39.9194 5.05349 6.92677e-18)
(39.9128 5.05594 0)
(39.9056 5.05944 -1.30608e-16)
(39.899 5.06324 -8.14387e-17)
(39.895 5.06705 0)
(39.8905 5.07123 0)
(39.8856 5.07567 0)
(39.8798 5.08055 2.19246e-16)
(39.8717 5.08608 1.89402e-16)
(39.8585 5.09153 0)
(39.837 5.1012 0)
(39.8116 5.09764 0)
(39.7864 5.13639 0)
(39.8117 5.07098 2.63305e-16)
(39.8564 5.29572 0)
(39.9932 4.89886 0)
(38.9222 5.89818 -5.08196e-19)
(38.963 5.8934 -3.42984e-20)
(39.0079 5.89059 6.18753e-20)
(39.0556 5.8859 0)
(39.1048 5.88055 0)
(39.1542 5.87384 -1.2343e-18)
(39.2028 5.86351 1.23411e-18)
(39.2494 5.84833 0)
(39.2915 5.8289 -2.30013e-18)
(39.3287 5.8073 -1.0602e-19)
(39.3683 5.7866 0)
(39.4262 5.7699 0)
(39.5077 5.75812 0)
(39.5833 5.74813 0)
(39.5891 5.73375 0)
(39.4549 5.70939 0)
(39.1316 5.67249 4.95051e-20)
(38.6009 5.62324 -3.52259e-18)
(37.8712 5.56299 0)
(36.9704 5.49324 0)
(35.9386 5.41519 0)
(34.8246 5.32995 0)
(33.6857 5.23897 0)
(32.59 5.14445 1.3762e-17)
(31.6203 5.04969 0)
(30.873 4.95921 6.96532e-18)
(30.4469 4.8785 1.1305e-19)
(30.4187 4.81359 6.86151e-18)
(30.8202 4.76993 0)
(31.6341 4.75161 0)
(32.8021 4.76093 5.74726e-19)
(34.2322 4.7978 -6.18728e-19)
(35.803 4.85906 0)
(37.3656 4.9375 1.32751e-17)
(38.748 5.0197 0)
(39.7843 5.08624 0)
(40.3961 5.12094 0)
(40.6636 5.12377 0)
(40.7597 5.10891 0)
(40.8127 5.08983 2.53418e-17)
(40.8631 5.07156 0)
(40.908 5.05392 5.36809e-19)
(40.9405 5.03601 0)
(40.9601 5.01763 0)
(40.9696 4.99903 0)
(40.9716 4.98051 0)
(40.9676 4.96226 0)
(40.9588 4.94446 0)
(40.9459 4.92731 2.79145e-18)
(40.9297 4.91094 5.66065e-17)
(40.9105 4.89557 -5.29112e-17)
(40.8889 4.88125 0)
(40.8651 4.86807 0)
(40.8394 4.85603 -4.09867e-18)
(40.8122 4.84513 0)
(40.7836 4.8354 -7.47651e-17)
(40.7539 4.82693 0)
(40.7235 4.81984 6.47863e-17)
(40.6927 4.81421 0)
(40.6617 4.81016 0)
(40.6306 4.80767 0)
(40.5997 4.80672 0)
(40.5691 4.80723 0)
(40.5387 4.80897 1.84385e-16)
(40.5086 4.81203 9.15662e-17)
(40.4788 4.816 0)
(40.4496 4.82168 0)
(40.4254 4.82631 0)
(40.4041 4.83238 -8.37707e-17)
(40.3816 4.83639 0)
(40.3584 4.84607 1.47364e-16)
(40.3346 4.84594 0)
(40.3109 4.86562 2.62227e-18)
(40.2864 4.84932 1.08003e-16)
(40.2635 4.90125 0)
(40.2388 4.83336 0)
(40.2204 4.97734 0)
(40.2003 4.74938 0)
(40.1692 5.16184 5.72208e-17)
(40.2759 4.50529 0)
(38.8899 5.90059 4.47453e-20)
(38.8671 5.90374 5.18223e-19)
(38.8542 5.90669 0)
(38.8503 5.90879 -4.9643e-19)
(38.8546 5.9098 0)
(38.8665 5.90954 -1.33348e-19)
(38.8852 5.90781 0)
(38.9102 5.90455 0)
(38.9408 5.89981 0)
(38.9764 5.89374 0)
(39.0163 5.88654 -3.01941e-19)
(39.06 5.87843 3.12499e-19)
(39.1068 5.86962 0)
(39.1562 5.86024 0)
(39.2077 5.85039 -1.32675e-18)
(39.2606 5.84005 3.67119e-19)
(39.3144 5.82918 0)
(39.3685 5.81763 0)
(39.4225 5.80526 2.93634e-18)
(39.4758 5.79191 0)
(39.5281 5.77744 0)
(39.5788 5.76174 -7.46948e-19)
(39.6276 5.74473 7.16898e-19)
(39.6742 5.72641 0)
(39.7184 5.7068 0)
(39.7598 5.68599 0)
(39.7984 5.66406 0)
(39.834 5.64115 0)
(39.8666 5.6174 0)
(39.8961 5.59296 7.74204e-19)
(39.9225 5.56799 0)
(39.946 5.54263 -2.28543e-18)
(39.9666 5.51704 1.02936e-18)
(39.9843 5.49137 0)
(39.9993 5.46577 0)
(40.0118 5.44033 0)
(40.0218 5.41519 0)
(40.0296 5.39044 0)
(40.0353 5.36617 0)
(40.039 5.34244 0)
(40.041 5.31933 0)
(40.0414 5.29689 -3.33317e-19)
(40.0404 5.27517 7.20125e-18)
(40.0382 5.25422 0)
(40.0349 5.23411 1.49815e-19)
(40.0308 5.21491 0)
(40.026 5.19671 0)
(40.0206 5.17955 0)
(40.0148 5.16353 -2.14829e-17)
(40.0087 5.14868 0)
(40.0024 5.13499 4.4394e-17)
(39.9959 5.12246 0)
(39.9893 5.11105 -1.19444e-18)
(39.9826 5.10078 0)
(39.9758 5.09163 4.62683e-17)
(39.9691 5.08362 0)
(39.9626 5.07667 0)
(39.9565 5.07066 -3.55745e-18)
(39.9508 5.06558 -8.29381e-17)
(39.9455 5.06141 0)
(39.9405 5.05819 0)
(39.9357 5.0559 7.49344e-17)
(39.9308 5.05452 -1.43929e-16)
(39.9258 5.054 -1.37754e-16)
(39.9205 5.05443 1.38518e-16)
(39.9147 5.05578 0)
(39.9082 5.05835 1.18139e-16)
(39.902 5.06142 -7.38019e-17)
(39.8986 5.06481 0)
(39.8946 5.06869 0)
(39.8902 5.07303 0)
(39.8848 5.07793 0)
(39.8769 5.08351 -8.42858e-18)
(39.8636 5.08921 0)
(39.8418 5.0986 0)
(39.8167 5.09671 0)
(39.7935 5.1339 0)
(39.8229 5.07449 -2.39309e-16)
(39.8682 5.29305 0)
(40.0084 4.90502 0)
(39.0615 5.77764 6.2128e-19)
(39.1221 5.77304 -8.50468e-20)
(39.1825 5.76962 1.6529e-19)
(39.2442 5.76218 -9.63109e-19)
(39.3064 5.75234 0)
(39.368 5.74031 0)
(39.4281 5.7251 -9.75204e-19)
(39.4856 5.70662 9.7086e-19)
(39.5389 5.68619 3.07552e-19)
(39.5858 5.66593 -2.85808e-19)
(39.6289 5.64814 0)
(39.6812 5.63465 0)
(39.7597 5.62563 0)
(39.8585 5.61807 -1.87152e-18)
(39.9299 5.60621 0)
(39.8989 5.58453 0)
(39.6984 5.55038 3.94979e-19)
(39.2911 5.50397 0)
(38.6721 5.4467 0)
(37.8611 5.37997 0)
(36.8941 5.30485 0)
(35.8173 5.22231 5.86131e-18)
(34.6855 5.1337 -5.92317e-18)
(33.5623 5.04113 -7.3129e-19)
(32.5244 4.94783 0)
(31.6627 4.8582 -6.88937e-18)
(31.0762 4.77743 8.43223e-19)
(30.8519 4.71092 -6.86904e-18)
(31.0394 4.66339 0)
(31.6386 4.63819 0)
(32.6064 4.63719 1.32605e-17)
(33.866 4.66066 -2.28436e-18)
(35.3137 4.70695 1.07878e-17)
(36.8214 4.7718 -1.31778e-17)
(38.2379 4.84683 0)
(39.4015 4.91784 0)
(40.1913 4.96834 0)
(40.608 4.99036 0)
(40.7798 4.99032 0)
(40.8525 4.98074 -2.50332e-17)
(40.9032 4.96956 0)
(40.9473 4.95865 5.71087e-18)
(40.9806 4.94757 0)
(41.0008 4.93592 0)
(41.0096 4.92378 0)
(41.0095 4.91137 0)
(41.0026 4.89889 0)
(40.9904 4.88651 0)
(40.974 4.8744 6.9372e-18)
(40.954 4.86273 -5.60503e-17)
(40.9311 4.85165 5.24081e-17)
(40.9059 4.84127 0)
(40.8786 4.83164 0)
(40.8495 4.82279 -4.2672e-17)
(40.819 4.8147 0)
(40.7874 4.80744 7.41601e-17)
(40.7549 4.80112 -5.88436e-17)
(40.7219 4.79588 -9.61685e-18)
(40.6886 4.79192 0)
(40.6555 4.78932 -4.75997e-17)
(40.6227 4.78819 8.932e-17)
(40.5904 4.78845 0)
(40.5587 4.79004 0)
(40.5276 4.79276 -1.01768e-17)
(40.4972 4.79672 0)
(40.4675 4.8015 0)
(40.4387 4.80799 0)
(40.4149 4.81321 0)
(40.3942 4.81983 8.32909e-17)
(40.3724 4.82434 -7.33557e-17)
(40.35 4.83442 0)
(40.3271 4.83482 0)
(40.3044 4.85481 1.53266e-18)
(40.2805 4.83913 -7.40752e-19)
(40.259 4.89105 0)
(40.2338 4.82453 1.77066e-16)
(40.2174 4.96848 0)
(40.1944 4.74206 0)
(40.1678 5.15575 -5.70772e-17)
(40.2676 4.49715 0)
(39.0077 5.77968 9.42989e-20)
(38.9629 5.78368 -1.00682e-19)
(38.9285 5.78732 0)
(38.9038 5.79086 4.83193e-19)
(38.8879 5.79422 0)
(38.8805 5.79716 -2.48274e-19)
(38.8807 5.79935 0)
(38.888 5.80052 0)
(38.9017 5.80041 -5.80312e-19)
(38.9213 5.79888 0)
(38.9461 5.79586 -1.56465e-18)
(38.9756 5.7914 1.49861e-18)
(39.0092 5.78561 9.02651e-19)
(39.0463 5.77867 0)
(39.0864 5.77079 1.29668e-18)
(39.129 5.76216 5.33319e-19)
(39.1737 5.75294 -6.32049e-19)
(39.2199 5.74322 0)
(39.2671 5.73306 -1.01362e-18)
(39.3149 5.72243 0)
(39.3628 5.71126 0)
(39.4105 5.69944 -1.09548e-18)
(39.4574 5.68687 2.29105e-18)
(39.5033 5.67344 0)
(39.5479 5.65905 0)
(39.5907 5.64365 0)
(39.6316 5.62719 0)
(39.6703 5.6097 0)
(39.7067 5.59119 0)
(39.7405 5.57175 1.5545e-18)
(39.7719 5.55146 0)
(39.8006 5.53043 2.24322e-18)
(39.8267 5.5088 2.38686e-18)
(39.8502 5.48671 0)
(39.8712 5.46431 0)
(39.8898 5.44173 0)
(39.906 5.41911 0)
(39.9199 5.39658 0)
(39.9317 5.37425 0)
(39.9416 5.35218 0)
(39.9496 5.33047 0)
(39.956 5.30919 -1.53736e-18)
(39.9608 5.28841 -7.09731e-18)
(39.9643 5.26817 0)
(39.9666 5.24856 1.80079e-18)
(39.9679 5.22965 0)
(39.9682 5.21152 0)
(39.9679 5.19425 0)
(39.9669 5.17793 2.15684e-17)
(39.9654 5.16261 0)
(39.9635 5.14835 4.13153e-19)
(39.9612 5.13512 0)
(39.9585 5.12296 -4.47018e-17)
(39.9556 5.11185 4.41285e-17)
(39.9524 5.10178 4.35834e-17)
(39.9491 5.09274 0)
(39.9458 5.08468 0)
(39.9427 5.07757 -2.95659e-18)
(39.9399 5.07142 1.61298e-16)
(39.9372 5.06626 0)
(39.9345 5.06205 0)
(39.9318 5.05879 -7.44181e-17)
(39.9287 5.05642 7.72703e-18)
(39.9253 5.05496 2.66111e-16)
(39.9213 5.05447 0)
(39.9165 5.05494 0)
(39.9107 5.05671 -6.57022e-18)
(39.9052 5.05911 7.32893e-17)
(39.9023 5.0621 0)
(39.8987 5.06565 0)
(39.8948 5.0699 0)
(39.8898 5.07485 0)
(39.882 5.08056 -8.52421e-18)
(39.8685 5.08662 0)
(39.8467 5.0959 0)
(39.8221 5.09589 0)
(39.8012 5.13141 0)
(39.8351 5.0786 2.38532e-16)
(39.8809 5.29015 0)
(40.0244 4.91197 0)
(39.252 5.63658 -2.06079e-19)
(39.3297 5.63282 -1.11076e-19)
(39.4024 5.62957 2.21705e-19)
(39.4744 5.61997 2.22933e-19)
(39.5461 5.60634 -7.24014e-19)
(39.6167 5.59025 0)
(39.6853 5.57218 9.51965e-19)
(39.7512 5.55315 -9.47779e-19)
(39.8135 5.5348 4.27254e-19)
(39.8701 5.51867 -4.11392e-19)
(39.9197 5.50569 0)
(39.9681 5.49594 0)
(40.0326 5.48857 0)
(40.1284 5.48135 1.88237e-18)
(40.2377 5.47046 0)
(40.2968 5.45172 0)
(40.223 5.42252 6.79202e-19)
(39.9529 5.38227 0)
(39.4602 5.33138 0)
(38.753 5.2704 0)
(37.8619 5.19981 0)
(36.8312 5.12031 -1.16854e-18)
(35.7135 5.03312 1.16387e-18)
(34.5694 4.94029 -5.87327e-18)
(33.47 4.84493 0)
(32.5007 4.75145 4.77778e-18)
(31.7602 4.6654 6.01394e-18)
(31.3457 4.59285 4.65398e-18)
(31.3256 4.53926 0)
(31.7181 4.50832 0)
(32.4928 4.50155 0)
(33.5837 4.51884 -1.09465e-17)
(34.8992 4.5584 -1.85696e-17)
(36.3264 4.61682 0)
(37.7322 4.6881 0)
(38.9679 4.76214 0)
(39.8973 4.82466 0)
(40.463 4.86384 0)
(40.734 4.87882 0)
(40.8473 4.87871 -1.55982e-17)
(40.9073 4.87315 1.52267e-17)
(40.9535 4.86671 9.81128e-18)
(40.9896 4.86027 0)
(41.0129 4.85356 0)
(41.0238 4.84645 -2.60298e-17)
(41.0244 4.83907 2.47337e-17)
(41.0172 4.83152 2.33964e-17)
(41.004 4.82396 0)
(40.9859 4.8165 1.10634e-17)
(40.964 4.80927 0)
(40.9391 4.80242 0)
(40.9116 4.79602 0)
(40.8821 4.79011 0)
(40.8509 4.78466 0)
(40.8183 4.77969 0)
(40.7846 4.77526 0)
(40.7502 4.7715 1.13696e-17)
(40.7154 4.7686 -1.02658e-17)
(40.6806 4.76675 0)
(40.646 4.76607 4.72689e-17)
(40.612 4.76666 -8.87257e-17)
(40.5787 4.76846 7.14291e-17)
(40.5463 4.77143 0)
(40.5148 4.77543 -8.69483e-18)
(40.4844 4.78053 6.51601e-17)
(40.4549 4.78633 0)
(40.4266 4.79375 0)
(40.4033 4.79976 0)
(40.3833 4.80703 -7.4756e-17)
(40.3623 4.81209 7.29592e-17)
(40.3408 4.8226 0)
(40.3186 4.8236 0)
(40.2972 4.84383 1.13393e-16)
(40.2738 4.82893 -2.12477e-16)
(40.254 4.88058 0)
(40.2279 4.81571 1.95004e-19)
(40.2145 4.95898 0)
(40.1876 4.73475 0)
(40.1669 5.14906 0)
(40.258 4.48876 0)
(39.1788 5.63795 1.13758e-19)
(39.1134 5.64187 -1.16575e-19)
(39.0584 5.6444 0)
(39.0131 5.64693 -2.36825e-19)
(38.9771 5.64958 0)
(38.9499 5.65236 -2.65262e-19)
(38.9309 5.6552 0)
(38.9198 5.65795 0)
(38.9158 5.66042 2.86715e-19)
(38.9184 5.66234 0)
(38.9272 5.66346 4.25945e-19)
(38.9415 5.66354 -3.60693e-19)
(38.9609 5.66244 -8.84582e-19)
(38.9847 5.66005 0)
(39.0124 5.65639 -1.70324e-19)
(39.0437 5.65153 5.76792e-19)
(39.0778 5.6456 5.73063e-19)
(39.1145 5.63878 0)
(39.1532 5.63123 9.94334e-19)
(39.1934 5.62311 0)
(39.2349 5.61454 0)
(39.2771 5.60559 -6.81991e-19)
(39.3197 5.59627 -5.90629e-20)
(39.3622 5.58657 0)
(39.4044 5.57641 0)
(39.4459 5.56573 -1.46658e-18)
(39.4863 5.55442 0)
(39.5256 5.54242 0)
(39.5632 5.52963 1.72637e-18)
(39.5992 5.51599 -1.66027e-18)
(39.6333 5.50145 0)
(39.6653 5.48604 3.83899e-18)
(39.6953 5.46977 -7.1609e-19)
(39.7231 5.45276 4.09156e-18)
(39.7487 5.43504 4.22424e-18)
(39.7721 5.41679 0)
(39.7934 5.39813 0)
(39.8126 5.3792 0)
(39.8298 5.36011 0)
(39.8451 5.34098 0)
(39.8586 5.32192 1.01109e-17)
(39.8705 5.30301 -2.65359e-18)
(39.8807 5.28433 1.05957e-17)
(39.8895 5.26596 0)
(39.8971 5.24794 -1.85901e-17)
(39.9034 5.23037 0)
(39.9088 5.21333 0)
(39.9133 5.19692 0)
(39.917 5.18123 1.51559e-18)
(39.92 5.16634 0)
(39.9223 5.15232 -4.38361e-17)
(39.9241 5.1392 4.51332e-17)
(39.9254 5.127 0)
(39.9262 5.11571 -4.36969e-17)
(39.9266 5.10532 -4.3174e-17)
(39.9268 5.09584 0)
(39.9269 5.08726 -8.11762e-17)
(39.9269 5.07963 -8.08334e-17)
(39.927 5.07298 -2.75895e-18)
(39.927 5.06731 0)
(39.9269 5.06258 0)
(39.9264 5.05878 6.65284e-17)
(39.9254 5.05588 7.43311e-18)
(39.9238 5.05391 -7.51381e-18)
(39.9213 5.05289 0)
(39.9178 5.05281 0)
(39.913 5.05408 -6.90456e-18)
(39.9082 5.05602 0)
(39.9059 5.05874 0)
(39.903 5.06205 0)
(39.8996 5.06627 0)
(39.8949 5.07135 0)
(39.8872 5.07726 -8.90973e-18)
(39.8735 5.08377 0)
(39.8517 5.09301 0)
(39.8279 5.09508 0)
(39.8096 5.12872 0)
(39.8486 5.08333 2.12477e-16)
(39.8937 5.28669 0)
(40.0424 4.91969 -5.43141e-16)
(39.5273 5.47569 3.38405e-19)
(39.6174 5.47155 -2.17954e-19)
(39.6973 5.4686 4.55426e-19)
(39.7744 5.45863 4.66979e-19)
(39.8504 5.44439 4.7351e-19)
(39.9252 5.4283 -1.97059e-19)
(39.9982 5.41173 0)
(40.0691 5.39595 0)
(40.1373 5.38234 9.6956e-19)
(40.202 5.37164 -1.43748e-18)
(40.2612 5.36375 0)
(40.3145 5.35757 0)
(40.3685 5.35158 0)
(40.4387 5.34406 0)
(40.5364 5.33324 0)
(40.644 5.31735 0)
(40.7011 5.29466 2.84649e-18)
(40.6254 5.26382 8.99961e-19)
(40.3495 5.22356 0)
(39.8437 5.17264 0)
(39.1159 5.11011 0)
(38.2002 5.03584 -2.34281e-18)
(37.1459 4.95069 4.96923e-18)
(36.0115 4.85676 1.81449e-18)
(34.8636 4.75728 1.87143e-18)
(33.7795 4.65665 -3.3349e-18)
(32.8507 4.56066 0)
(32.1786 4.47619 -3.34026e-18)
(31.8555 4.4102 1.9048e-18)
(31.9353 4.36827 0)
(32.4172 4.3531 3.52988e-18)
(33.2532 4.36464 0)
(34.3642 4.40061 9.14698e-18)
(35.6503 4.45726 -3.16505e-18)
(36.9945 4.52909 0)
(38.2654 4.60812 0)
(39.3284 4.68295 6.28397e-18)
(40.0851 4.74123 6.3531e-18)
(40.5283 4.77613 0)
(40.7452 4.79063 1.90747e-17)
(40.8473 4.79331 -1.25952e-17)
(40.9067 4.7913 3.06976e-17)
(40.9491 4.7879 0)
(40.9784 4.78397 -1.15117e-17)
(40.9949 4.77959 1.09941e-17)
(40.9999 4.77497 -2.12277e-17)
(40.9959 4.77024 -2.02112e-17)
(40.9847 4.76559 -1.01988e-17)
(40.968 4.76119 3.61877e-17)
(40.9471 4.75713 0)
(40.9226 4.75358 0)
(40.8955 4.75055 -1.74949e-17)
(40.8662 4.74804 0)
(40.8351 4.74599 1.61446e-17)
(40.8026 4.74437 -1.55341e-17)
(40.7691 4.7432 0)
(40.7348 4.74256 4.30381e-17)
(40.7001 4.74263 -1.20941e-17)
(40.6654 4.74355 0)
(40.631 4.74538 0)
(40.5972 4.74819 -2.74813e-17)
(40.5642 4.75192 -6.69691e-17)
(40.5322 4.7566 0)
(40.5013 4.76206 -6.31769e-17)
(40.4715 4.76838 -6.18737e-17)
(40.4427 4.77506 0)
(40.4152 4.78334 0)
(40.3923 4.78988 0)
(40.3732 4.79753 1.40634e-16)
(40.3529 4.80288 0)
(40.3323 4.81327 0)
(40.3108 4.81457 1.18542e-16)
(40.2905 4.83425 0)
(40.2675 4.82008 1.03615e-16)
(40.2493 4.87017 1.78884e-16)
(40.2225 4.80742 -1.73912e-16)
(40.2115 4.94841 0)
(40.1812 4.728 0)
(40.1653 5.14046 7.34741e-17)
(40.2488 4.48175 -3.48145e-16)
(39.4392 5.47726 1.29937e-19)
(39.3564 5.48242 -1.79872e-19)
(39.2827 5.48557 4.10953e-20)
(39.218 5.48813 1.55046e-19)
(39.1619 5.49017 0)
(39.1142 5.49181 -2.59776e-19)
(39.0748 5.49327 0)
(39.0431 5.49472 0)
(39.0188 5.49624 2.48466e-19)
(39.0016 5.49793 0)
(38.991 5.49972 -3.96749e-19)
(38.9867 5.5015 -2.10167e-20)
(38.988 5.50313 3.11485e-19)
(38.9947 5.50439 0)
(39.0062 5.50507 -2.81154e-19)
(39.022 5.50503 7.49302e-20)
(39.0417 5.50414 3.25725e-20)
(39.0648 5.50228 0)
(39.0909 5.49951 0)
(39.1196 5.49581 0)
(39.1504 5.49132 0)
(39.1828 5.48611 0)
(39.2167 5.4803 1.0093e-18)
(39.2515 5.474 0)
(39.287 5.46731 -3.02512e-18)
(39.3228 5.46027 1.07777e-18)
(39.3587 5.45294 0)
(39.3944 5.44529 0)
(39.4296 5.43729 -4.641e-18)
(39.4641 5.42885 -2.03463e-18)
(39.4977 5.41988 0)
(39.5302 5.41035 3.93002e-18)
(39.5614 5.40015 -6.88092e-18)
(39.5913 5.38925 -3.18096e-18)
(39.6197 5.37759 -3.30806e-18)
(39.6465 5.36528 6.80386e-18)
(39.6718 5.35234 0)
(39.6954 5.33884 0)
(39.7174 5.32485 0)
(39.7378 5.31048 0)
(39.7566 5.29582 -2.12116e-17)
(39.7739 5.28094 8.54405e-18)
(39.7898 5.26594 -8.80077e-18)
(39.8043 5.25081 2.48306e-17)
(39.8176 5.23567 -2.4461e-17)
(39.8297 5.22058 2.40831e-17)
(39.8407 5.20562 0)
(39.8508 5.19092 -2.32811e-17)
(39.8599 5.17657 -1.97749e-17)
(39.8682 5.16269 -2.23926e-17)
(39.8757 5.14937 0)
(39.8825 5.13668 -3.98524e-17)
(39.8885 5.12467 0)
(39.8939 5.1134 0)
(39.8988 5.10287 0)
(39.9032 5.09319 0)
(39.9072 5.0844 7.38006e-17)
(39.911 5.0766 6.97692e-17)
(39.9146 5.06981 -2.67343e-18)
(39.9179 5.06402 0)
(39.9208 5.05922 0)
(39.923 5.05538 -1.19882e-16)
(39.9244 5.0525 6.37906e-17)
(39.9249 5.05057 -2.18201e-16)
(39.9242 5.04953 -9.9301e-17)
(39.9221 5.04938 9.43219e-17)
(39.9184 5.05054 -9.8377e-17)
(39.9144 5.05226 0)
(39.9127 5.05487 1.01985e-16)
(39.9102 5.05808 0)
(39.9071 5.0624 0)
(39.9025 5.06762 -7.87814e-17)
(39.8945 5.07374 -1.55668e-16)
(39.8804 5.08072 0)
(39.8583 5.0899 0)
(39.8352 5.09458 0)
(39.8202 5.12564 1.90508e-16)
(39.8639 5.08965 -2.09196e-16)
(39.9095 5.28256 1.17089e-16)
(40.0597 4.92828 5.35758e-16)
(39.8495 5.28896 3.96644e-19)
(39.9424 5.28009 1.55207e-19)
(40.0221 5.27289 0)
(40.0981 5.26096 1.4329e-19)
(40.1732 5.2467 0)
(40.2477 5.23252 -6.98156e-20)
(40.3218 5.21956 -2.47204e-19)
(40.395 5.20859 -2.30192e-19)
(40.4671 5.20021 0)
(40.538 5.19427 2.5285e-19)
(40.6067 5.19015 3.42997e-19)
(40.6712 5.18647 -3.05724e-19)
(40.7306 5.18171 -2.72373e-19)
(40.7897 5.17468 -2.44777e-19)
(40.8622 5.16445 0)
(40.9619 5.15104 0)
(41.0815 5.13452 -1.00529e-18)
(41.173 5.11447 -1.28573e-18)
(41.1545 5.08913 -2.82176e-19)
(40.9444 5.05547 0)
(40.4948 5.01003 1.59881e-19)
(39.8015 4.95036 -8.65037e-19)
(38.896 4.87583 -1.75338e-18)
(37.8313 4.78797 -1.86421e-18)
(36.6729 4.68992 -2.02121e-18)
(35.4947 4.58621 0)
(34.3815 4.48259 0)
(33.4315 4.38594 0)
(32.7514 4.30394 -1.89216e-18)
(32.4351 4.2441 -1.17549e-18)
(32.5315 4.21169 -3.5743e-18)
(33.0289 4.2084 0)
(33.866 4.23256 -2.00821e-18)
(34.9529 4.28027 1.89607e-18)
(36.1828 4.34625 0)
(37.437 4.42377 0)
(38.5884 4.504 -6.15333e-18)
(39.518 4.5761 -3.78425e-18)
(40.1582 4.63056 0)
(40.5288 4.66431 -6.18496e-18)
(40.7167 4.68158 -1.95209e-18)
(40.8125 4.68944 -4.18709e-18)
(40.8697 4.69304 0)
(40.9081 4.69473 1.1356e-17)
(40.9322 4.69534 1.40845e-17)
(40.9437 4.69519 0)
(40.9446 4.69463 0)
(40.9374 4.69389 1.00601e-17)
(40.9238 4.69329 0)
(40.9054 4.69299 0)
(40.8831 4.6932 -7.30819e-18)
(40.858 4.69395 1.72667e-17)
(40.8306 4.6953 0)
(40.8014 4.69719 -7.36009e-18)
(40.7708 4.69953 1.53424e-17)
(40.7391 4.70235 0)
(40.7067 4.70565 1.99171e-17)
(40.6738 4.70956 -2.80694e-17)
(40.6409 4.71411 0)
(40.6081 4.71933 0)
(40.5759 4.7252 2.7189e-17)
(40.5443 4.73169 2.51483e-17)
(40.5137 4.73881 5.21937e-17)
(40.4842 4.74641 -5.38979e-17)
(40.4557 4.75449 0)
(40.4282 4.76264 0)
(40.4021 4.77217 0)
(40.3798 4.77956 0)
(40.3616 4.78778 -6.85987e-17)
(40.3423 4.79362 6.67843e-17)
(40.3226 4.80405 6.3027e-17)
(40.302 4.80583 -2.36689e-16)
(40.2828 4.82502 -1.09756e-16)
(40.2606 4.81173 1.03463e-16)
(40.2436 4.86019 -1.77709e-16)
(40.2169 4.79983 1.73607e-16)
(40.2069 4.93821 0)
(40.1756 4.72186 0)
(40.1614 5.1321 -7.30894e-17)
(40.2421 4.47508 3.46636e-16)
(39.7555 5.29545 2.31655e-19)
(39.6634 5.3066 1.7991e-19)
(39.5783 5.31624 -4.0082e-20)
(39.5003 5.3255 0)
(39.4293 5.33388 0)
(39.3656 5.34131 0)
(39.309 5.34767 4.29906e-19)
(39.2594 5.35302 -4.41741e-19)
(39.2168 5.35744 -5.89605e-20)
(39.1808 5.36114 0)
(39.1512 5.36426 1.0673e-19)
(39.1278 5.36705 2.59684e-19)
(39.1103 5.36961 6.91971e-19)
(39.0983 5.37202 0)
(39.0915 5.37421 3.89841e-19)
(39.0895 5.37625 -1.05464e-18)
(39.0921 5.37792 0)
(39.0986 5.3791 0)
(39.1089 5.37967 1.09971e-18)
(39.1226 5.37943 0)
(39.1391 5.37835 0)
(39.1583 5.3764 0)
(39.1797 5.3735 -1.36713e-18)
(39.203 5.36979 -2.31582e-18)
(39.2279 5.36537 2.96666e-18)
(39.254 5.36032 -4.71096e-18)
(39.2812 5.35483 4.7442e-18)
(39.3091 5.34895 0)
(39.3376 5.34283 3.28262e-18)
(39.3663 5.33651 3.32598e-18)
(39.3951 5.33 0)
(39.4237 5.32328 -6.74403e-18)
(39.4521 5.31633 -2.76921e-18)
(39.48 5.30901 0)
(39.5074 5.30132 0)
(39.534 5.29324 -6.68163e-18)
(39.5597 5.2847 -9.07526e-18)
(39.5846 5.27571 8.90965e-18)
(39.6085 5.26628 0)
(39.6315 5.25647 0)
(39.6534 5.24628 1.27159e-17)
(39.6743 5.23576 0)
(39.6942 5.22491 -1.56934e-17)
(39.7131 5.21372 -2.44317e-17)
(39.731 5.20227 2.40769e-17)
(39.748 5.19058 4.73231e-18)
(39.7642 5.17871 0)
(39.7794 5.16677 4.93915e-17)
(39.7939 5.15485 -2.54613e-17)
(39.8075 5.14306 -2.39091e-18)
(39.8203 5.13152 0)
(39.8324 5.12034 -4.50152e-17)
(39.8436 5.10958 0)
(39.8541 5.09936 -4.11189e-17)
(39.864 5.08975 0)
(39.8733 5.08088 0)
(39.882 5.07286 0)
(39.8903 5.06576 -6.9043e-17)
(39.8981 5.05963 -6.61392e-17)
(39.9054 5.05445 0)
(39.9119 5.05026 0)
(39.9174 5.04701 5.73798e-17)
(39.9218 5.04471 4.35878e-18)
(39.925 5.04327 1.03733e-16)
(39.9265 5.04264 9.85744e-17)
(39.9262 5.04282 -1.78067e-16)
(39.9242 5.04428 7.98546e-17)
(39.9213 5.04612 0)
(39.9205 5.04894 -1.01201e-16)
(39.9186 5.05238 8.38505e-17)
(39.916 5.05701 0)
(39.9116 5.06259 7.83405e-17)
(39.9034 5.06915 0)
(39.8886 5.07688 0)
(39.8664 5.08637 0)
(39.8443 5.09414 -9.95892e-17)
(39.8338 5.12288 -1.89935e-16)
(39.8805 5.09694 0)
(39.9307 5.27956 -1.16821e-16)
(40.0727 4.93841 0)
(40.0865 5.12281 2.58671e-20)
(40.1769 5.11558 -1.5057e-19)
(40.2531 5.11001 0)
(40.3256 5.1038 1.80521e-19)
(40.3975 5.09827 0)
(40.47 5.09432 8.56563e-19)
(40.5436 5.09157 8.19339e-19)
(40.6182 5.08953 2.23311e-19)
(40.6936 5.08774 0)
(40.7694 5.08554 1.85773e-19)
(40.8455 5.08235 -8.16071e-19)
(40.9208 5.07757 2.96532e-19)
(40.9931 5.0707 2.64089e-19)
(41.0612 5.06169 1.08996e-18)
(41.1284 5.05036 0)
(41.2068 5.03726 -7.89538e-19)
(41.3113 5.02336 7.53777e-19)
(41.4438 5.0095 1.05133e-18)
(41.5712 4.99533 2.96076e-19)
(41.6188 4.97817 1.18253e-18)
(41.4945 4.95298 -1.67913e-19)
(41.1272 4.9142 -9.16374e-19)
(40.4925 4.85777 0)
(39.6123 4.78263 7.69737e-19)
(38.5402 4.69066 1.91104e-19)
(37.3489 4.58608 -1.05488e-18)
(36.1226 4.47476 0)
(34.957 4.36363 0)
(33.961 4.26088 0)
(33.2499 4.17531 5.95766e-19)
(32.9222 4.11515 0)
(33.0246 4.08579 0)
(33.5352 4.08809 -1.29751e-18)
(34.3784 4.11884 1.29722e-18)
(35.451 4.1726 0)
(36.637 4.24278 0)
(37.8137 4.32179 -1.65583e-19)
(38.8575 4.40045 -2.35257e-18)
(39.6678 4.46899 0)
(40.2072 4.52064 0)
(40.5163 4.55473 2.44519e-18)
(40.6782 4.57593 -1.27681e-18)
(40.7659 4.58981 0)
(40.8195 4.60005 0)
(40.854 4.6083 -2.99407e-18)
(40.8739 4.6151 0)
(40.8816 4.6208 0)
(40.8796 4.62565 0)
(40.8702 4.63006 0)
(40.8553 4.6343 0)
(40.8362 4.63866 1.19153e-17)
(40.8141 4.64323 0)
(40.7895 4.6482 0)
(40.7632 4.65356 -8.47009e-18)
(40.7355 4.6593 8.3226e-18)
(40.7068 4.66547 -9.25415e-18)
(40.6773 4.67206 6.58888e-19)
(40.6474 4.67916 2.2125e-17)
(40.6171 4.68675 0)
(40.5869 4.69478 2.54416e-17)
(40.5569 4.70323 0)
(40.5274 4.71202 -2.48829e-17)
(40.4985 4.72116 -8.08841e-17)
(40.4705 4.73055 5.33639e-17)
(40.4433 4.74016 6.12712e-17)
(40.4171 4.74956 6.19549e-17)
(40.392 4.76023 0)
(40.37 4.76832 3.90391e-17)
(40.3524 4.77708 0)
(40.3336 4.78351 3.82335e-18)
(40.3144 4.79413 -6.24753e-17)
(40.2944 4.79663 1.18106e-16)
(40.2757 4.81551 1.08908e-16)
(40.2541 4.80337 -1.02713e-16)
(40.2376 4.85039 0)
(40.2114 4.7924 -4.78221e-19)
(40.2016 4.92822 0)
(40.1703 4.71575 0)
(40.1566 5.12397 -3.64629e-17)
(40.2355 4.46889 0)
(39.9937 5.12886 -1.65965e-19)
(39.9008 5.1376 -5.36622e-19)
(39.8127 5.14588 -3.72378e-19)
(39.7296 5.15524 0)
(39.6518 5.16515 0)
(39.5796 5.17538 0)
(39.5132 5.18548 -4.18245e-19)
(39.4528 5.19521 1.23969e-18)
(39.3983 5.20431 0)
(39.3499 5.21262 0)
(39.3074 5.22014 0)
(39.2707 5.22693 0)
(39.2396 5.23304 -1.41381e-19)
(39.2139 5.23865 1.6624e-18)
(39.1935 5.24388 0)
(39.1781 5.24891 2.68871e-18)
(39.1674 5.25367 0)
(39.161 5.25829 0)
(39.1589 5.26262 -1.07429e-18)
(39.1605 5.26657 0)
(39.1657 5.27 0)
(39.174 5.27277 0)
(39.1852 5.27464 0)
(39.1989 5.27559 2.26542e-18)
(39.2148 5.2755 0)
(39.2326 5.27436 1.60098e-18)
(39.252 5.27223 -4.6438e-18)
(39.2728 5.26917 0)
(39.2947 5.2653 0)
(39.3175 5.26077 -5.66788e-18)
(39.341 5.25568 0)
(39.3649 5.25014 -5.49043e-18)
(39.3892 5.24421 9.33641e-18)
(39.4136 5.23794 1.06058e-17)
(39.438 5.23138 -1.04032e-17)
(39.4623 5.22457 0)
(39.4865 5.21751 -1.06185e-18)
(39.5103 5.21022 -8.74736e-18)
(39.5338 5.20274 9.48393e-18)
(39.5569 5.19511 0)
(39.5795 5.18731 0)
(39.6016 5.17937 0)
(39.6232 5.17121 -1.27984e-18)
(39.6443 5.16287 0)
(39.6649 5.15431 1.5468e-17)
(39.6849 5.14551 1.65988e-18)
(39.7043 5.13652 0)
(39.7231 5.12739 -2.60632e-17)
(39.7413 5.11817 2.50961e-17)
(39.7588 5.10896 4.87064e-17)
(39.7757 5.09985 -2.33364e-17)
(39.7918 5.09096 4.44256e-17)
(39.8073 5.08234 -4.18648e-17)
(39.822 5.07415 4.06131e-17)
(39.836 5.06646 -3.72947e-17)
(39.8494 5.05942 0)
(39.8621 5.05312 0)
(39.8743 5.04763 0)
(39.8858 5.04301 0)
(39.8965 5.03924 0)
(39.9062 5.03638 0)
(39.9147 5.0344 0)
(39.9218 5.03329 4.9789e-17)
(39.9272 5.03294 0)
(39.9308 5.03332 0)
(39.9323 5.03442 1.57188e-16)
(39.9318 5.0367 -7.93107e-17)
(39.9302 5.03924 4.26016e-17)
(39.9301 5.04266 0)
(39.929 5.04661 -1.02515e-17)
(39.9268 5.05179 0)
(39.9225 5.05789 6.24974e-17)
(39.9139 5.06507 0)
(39.8984 5.07359 0)
(39.8761 5.08366 0)
(39.8552 5.09432 9.92269e-17)
(39.8495 5.12132 0)
(39.8985 5.10465 -1.65119e-16)
(39.954 5.27846 1.00009e-16)
(40.0846 4.95068 2.3176e-16)
(40.2681 5.03314 -1.34419e-20)
(40.3562 5.0236 0)
(40.4327 5.01575 0)
(40.506 5.00689 -3.08393e-19)
(40.5792 4.99965 0)
(40.6536 4.99542 -5.81449e-19)
(40.7301 4.9938 -5.59898e-19)
(40.8086 4.99387 0)
(40.8889 4.99443 0)
(40.9707 4.99418 4.74685e-19)
(41.0534 4.99197 4.67782e-19)
(41.1366 4.9872 0)
(41.2192 4.97988 0)
(41.2994 4.9705 -1.63558e-18)
(41.3755 4.95969 -7.82594e-19)
(41.4497 4.9481 7.65052e-19)
(41.5314 4.93665 -1.1079e-20)
(41.6357 4.92637 -7.03325e-19)
(41.772 4.91802 0)
(41.9232 4.91097 -2.42717e-18)
(42.03 4.90199 0)
(41.9989 4.88515 1.93905e-18)
(41.7375 4.85336 8.64334e-19)
(41.1929 4.80131 -7.08308e-19)
(40.3661 4.72714 0)
(39.3044 4.63268 2.24132e-18)
(38.0846 4.52277 0)
(36.8015 4.40415 -9.60592e-19)
(35.5649 4.28513 0)
(34.4971 4.17505 -1.93729e-19)
(33.7261 4.08404 0)
(33.3597 4.02131 0)
(33.4476 3.99265 0)
(33.9605 3.99825 4.00265e-19)
(34.8079 4.03348 -1.23705e-19)
(35.8698 4.09117 0)
(37.0179 4.16341 5.43196e-19)
(38.1233 4.24172 0)
(39.069 4.31701 0)
(39.7763 4.38104 0)
(40.2346 4.42949 -5.20303e-19)
(40.4969 4.46353 1.90403e-18)
(40.6392 4.48767 -2.51876e-18)
(40.7204 4.50635 2.62091e-18)
(40.7712 4.52226 -2.70216e-18)
(40.8032 4.5364 0)
(40.8207 4.54909 0)
(40.8262 4.56042 5.83087e-18)
(40.8225 4.57069 0)
(40.812 4.58017 6.18519e-18)
(40.7965 4.58922 -4.64091e-18)
(40.7775 4.59802 1.32931e-17)
(40.7558 4.6068 0)
(40.7323 4.61561 0)
(40.7073 4.62454 6.78485e-18)
(40.6814 4.63364 9.1372e-18)
(40.6546 4.64302 -2.00834e-17)
(40.6273 4.65269 -2.18589e-17)
(40.5995 4.66266 0)
(40.5716 4.67285 -2.51507e-17)
(40.5435 4.68319 -3.60362e-17)
(40.5157 4.69366 0)
(40.4882 4.70424 6.56198e-17)
(40.4613 4.71488 0)
(40.4349 4.72559 1.2038e-17)
(40.4093 4.73588 -6.13663e-17)
(40.3846 4.74728 0)
(40.3624 4.75596 -3.86154e-17)
(40.3448 4.76508 -4.01686e-17)
(40.3262 4.77212 -1.43737e-16)
(40.3071 4.78304 0)
(40.287 4.78635 0)
(40.2684 4.80521 0)
(40.2472 4.79445 -1.03192e-16)
(40.2309 4.8403 0)
(40.205 4.78472 -1.70884e-16)
(40.1953 4.91801 0)
(40.1642 4.70943 0)
(40.1508 5.11576 3.62556e-17)
(40.2275 4.46347 -3.14026e-16)
(40.1786 5.0409 1.62831e-19)
(40.089 5.0462 3.49845e-19)
(40.0031 5.05002 1.08214e-20)
(39.9206 5.05446 0)
(39.8418 5.05939 3.70764e-19)
(39.7669 5.06493 0)
(39.6963 5.07098 -3.88177e-19)
(39.6302 5.07743 -3.89934e-19)
(39.5688 5.08403 0)
(39.5124 5.09056 0)
(39.4611 5.09686 8.23078e-19)
(39.4149 5.10277 -8.30859e-19)
(39.3739 5.10817 -8.07e-19)
(39.3379 5.11308 -2.45931e-18)
(39.3069 5.1176 -1.69304e-18)
(39.2808 5.1218 -1.61557e-18)
(39.2593 5.12585 1.7024e-18)
(39.2424 5.1299 0)
(39.2299 5.13404 0)
(39.2214 5.13838 0)
(39.2168 5.14289 0)
(39.2159 5.14754 -3.33788e-18)
(39.2182 5.15212 0)
(39.2237 5.15656 3.25434e-18)
(39.2319 5.16055 0)
(39.2426 5.16398 2.94283e-18)
(39.2555 5.16668 -3.0753e-18)
(39.2703 5.1685 0)
(39.2868 5.16939 5.86527e-18)
(39.3046 5.16933 5.55041e-18)
(39.3236 5.1683 0)
(39.3436 5.16641 5.38016e-18)
(39.3644 5.16366 0)
(39.3857 5.16014 -5.28918e-18)
(39.4074 5.15596 1.02036e-17)
(39.4294 5.1512 0)
(39.4517 5.14593 4.49637e-19)
(39.474 5.14029 0)
(39.4963 5.13438 -5.57459e-19)
(39.5186 5.1283 -8.46768e-18)
(39.5408 5.12209 0)
(39.5629 5.11582 0)
(39.5849 5.10948 1.64372e-17)
(39.6066 5.10312 0)
(39.6282 5.09668 -1.52234e-17)
(39.6495 5.09016 -2.92062e-17)
(39.6705 5.08358 0)
(39.6911 5.07697 0)
(39.7114 5.07033 0)
(39.7311 5.06376 -2.42308e-17)
(39.7504 5.05728 2.30193e-17)
(39.769 5.05104 -1.94475e-17)
(39.7871 5.04506 4.1329e-17)
(39.8045 5.03948 0)
(39.8212 5.03435 3.68463e-17)
(39.8374 5.0298 0)
(39.8529 5.02591 -2.83751e-17)
(39.8677 5.02273 -2.65083e-17)
(39.8818 5.0203 0)
(39.8949 5.01861 2.30545e-17)
(39.9069 5.01774 0)
(39.9175 5.01763 0)
(39.9266 5.01831 0)
(39.9338 5.01968 0)
(39.9389 5.0217 0)
(39.9417 5.02427 -7.28507e-17)
(39.9425 5.02806 5.75352e-17)
(39.9419 5.03182 -4.22089e-17)
(39.9424 5.03619 0)
(39.9419 5.04098 -7.24311e-17)
(39.94 5.04694 0)
(39.9356 5.05376 -6.2109e-17)
(39.9265 5.06171 -4.95282e-17)
(39.9102 5.07112 0)
(39.8879 5.08191 0)
(39.8685 5.09526 -7.92763e-17)
(39.8678 5.12102 0)
(39.919 5.1131 3.12891e-16)
(39.9792 5.27892 -9.97418e-17)
(40.0981 4.96559 -2.30922e-16)
(40.4282 4.96457 -1.80757e-19)
(40.5199 4.95423 0)
(40.6031 4.94577 2.3246e-19)
(40.6844 4.93607 2.25676e-19)
(40.766 4.92754 0)
(40.8488 4.92151 -2.08926e-19)
(40.9333 4.91756 1.9906e-19)
(41.0195 4.91505 0)
(41.1071 4.91313 0)
(41.1954 4.91099 -4.58869e-19)
(41.284 4.90761 -3.1612e-19)
(41.3723 4.90232 2.97402e-19)
(41.46 4.89493 -2.79659e-19)
(41.5461 4.88587 1.04823e-18)
(41.6294 4.87588 2.6492e-19)
(41.7082 4.86561 0)
(41.7835 4.85569 -7.00713e-19)
(41.8623 4.84681 0)
(41.9587 4.83972 -3.54173e-19)
(42.0874 4.835 1.19913e-18)
(42.2459 4.83214 0)
(42.3946 4.82839 -1.01019e-18)
(42.4499 4.81803 -9.01293e-19)
(42.3071 4.79366 3.14889e-19)
(41.8825 4.74873 0)
(41.1463 4.67986 -1.21272e-18)
(40.1274 4.58785 0)
(38.8994 4.47715 9.31178e-19)
(37.5655 4.35498 3.08881e-20)
(36.2491 4.23056 7.01018e-19)
(35.0888 4.11471 0)
(34.2292 4.01895 0)
(33.7925 3.95396 -4.67708e-19)
(33.8381 3.92626 -3.98907e-19)
(34.3346 3.93578 -1.31642e-18)
(35.177 3.97643 1.68447e-18)
(36.2258 4.039 -2.30888e-18)
(37.3361 4.11375 -2.185e-18)
(38.3734 4.19118 -2.44388e-18)
(39.2303 4.26255 0)
(39.8514 4.32155 0)
(40.2475 4.36614 -2.32887e-18)
(40.4768 4.39871 2.47392e-18)
(40.6063 4.42354 4.27381e-18)
(40.6837 4.44438 9.6884e-18)
(40.7333 4.46324 -7.14408e-18)
(40.7648 4.48089 -1.44244e-17)
(40.7818 4.49738 -5.74566e-18)
(40.7869 4.5128 0)
(40.7829 4.5272 -2.04866e-17)
(40.7721 4.5409 0)
(40.7566 4.554 -1.31076e-17)
(40.7377 4.56677 0)
(40.7165 4.57924 0)
(40.6936 4.59148 -4.21342e-17)
(40.6695 4.60357 2.69839e-17)
(40.6444 4.61561 0)
(40.6186 4.62764 2.62095e-17)
(40.5922 4.63965 0)
(40.5654 4.65161 -5.05307e-17)
(40.5382 4.66345 3.56263e-17)
(40.511 4.67519 0)
(40.4838 4.68683 -8.29121e-17)
(40.4568 4.6984 0)
(40.4303 4.70994 -7.19725e-17)
(40.4042 4.72093 -4.12782e-17)
(40.3792 4.73291 0)
(40.3562 4.74201 4.70174e-17)
(40.3379 4.75139 3.97455e-17)
(40.3188 4.759 -4.21245e-18)
(40.2993 4.77031 6.99321e-17)
(40.2788 4.77464 6.27329e-17)
(40.2599 4.79377 5.5321e-17)
(40.2386 4.78472 2.763e-18)
(40.2224 4.82962 -8.40691e-17)
(40.1968 4.77661 0)
(40.1871 4.90753 0)
(40.1564 4.70303 0)
(40.1437 5.1073 2.89521e-17)
(40.2174 4.45914 3.12483e-16)
(40.3376 4.97296 9.83158e-20)
(40.2488 4.97849 -1.32668e-19)
(40.1646 4.98255 1.9924e-19)
(40.0841 4.9867 2.85253e-19)
(40.007 4.99077 -3.5819e-19)
(39.9331 4.99497 3.02211e-19)
(39.8625 4.9994 3.75444e-19)
(39.7954 5.00412 -3.82614e-19)
(39.7318 5.00905 0)
(39.6722 5.01406 0)
(39.6166 5.01905 -1.38143e-19)
(39.5651 5.02375 8.05389e-19)
(39.518 5.028 0)
(39.4753 5.03157 8.17443e-19)
(39.437 5.03444 9.65843e-19)
(39.4031 5.03652 0)
(39.3736 5.03793 -3.02014e-18)
(39.3484 5.03878 0)
(39.3274 5.03926 0)
(39.3104 5.03965 0)
(39.2974 5.04014 0)
(39.2881 5.04098 1.88055e-18)
(39.2824 5.0422 0)
(39.28 5.04395 -3.17511e-18)
(39.2808 5.04618 0)
(39.2846 5.04884 0)
(39.2911 5.05177 5.62161e-18)
(39.3 5.05479 0)
(39.3111 5.05776 -5.73751e-18)
(39.3242 5.06049 0)
(39.339 5.06282 0)
(39.3552 5.06461 0)
(39.3727 5.06574 0)
(39.3912 5.06614 -5.00898e-18)
(39.4105 5.06579 0)
(39.4305 5.06464 0)
(39.4511 5.06275 9.16137e-18)
(39.472 5.06023 0)
(39.4932 5.05712 -8.6004e-18)
(39.5146 5.05359 8.31946e-18)
(39.5361 5.04971 0)
(39.5577 5.0456 0)
(39.5793 5.04137 0)
(39.6009 5.03706 -1.12185e-17)
(39.6224 5.03271 0)
(39.6439 5.02835 -1.02053e-17)
(39.6652 5.02402 0)
(39.6863 5.01979 0)
(39.707 5.01563 0)
(39.7275 5.01166 1.66114e-17)
(39.7475 5.00789 0)
(39.7671 5.00443 4.3426e-18)
(39.7861 5.00128 0)
(39.8046 4.99859 -1.31847e-17)
(39.8225 4.99632 0)
(39.8399 4.99462 -2.32758e-17)
(39.8567 4.9935 2.80524e-17)
(39.8729 4.99301 4.66376e-17)
(39.8882 4.99318 -1.90943e-17)
(39.9026 4.994 -4.99879e-18)
(39.9157 4.99552 0)
(39.9274 4.99772 0)
(39.9375 5.00064 2.89163e-17)
(39.9456 5.00418 0)
(39.9515 5.00826 0)
(39.9552 5.01284 0)
(39.9567 5.01866 -5.71092e-17)
(39.9568 5.02405 0)
(39.9578 5.02965 0)
(39.9576 5.03551 0)
(39.956 5.04247 0)
(39.9513 5.05019 0)
(39.9413 5.05911 4.92402e-17)
(39.9243 5.06941 3.8372e-17)
(39.9021 5.08106 0)
(39.8846 5.09696 7.89532e-17)
(39.8889 5.12203 0)
(39.9427 5.12248 -1.4779e-16)
(40.0068 5.28091 -7.72443e-17)
(40.1133 4.98351 -2.00061e-16)
(40.604 4.88103 -6.71818e-20)
(40.7094 4.87801 -4.64898e-20)
(40.8071 4.87645 -2.65744e-19)
(40.9022 4.87392 -2.92443e-19)
(40.9964 4.87212 -6.62533e-20)
(41.0901 4.87155 2.01591e-19)
(41.1835 4.87135 -2.41049e-19)
(41.2764 4.87077 -4.06472e-20)
(41.3687 4.86939 -3.29189e-20)
(41.4598 4.86713 -5.10329e-20)
(41.5494 4.86377 3.05837e-19)
(41.637 4.85908 -2.87816e-19)
(41.7223 4.85285 2.70772e-19)
(41.8054 4.84529 -2.54485e-19)
(41.8859 4.83685 4.76775e-19)
(41.9631 4.82793 -2.92069e-20)
(42.0358 4.81893 8.48785e-20)
(42.1042 4.8102 0)
(42.1733 4.80216 3.42187e-19)
(42.2554 4.79528 -1.67305e-19)
(42.3673 4.79027 0)
(42.5179 4.78718 0)
(42.6873 4.7844 0)
(42.8105 4.77751 -3.24258e-19)
(42.7834 4.75964 -5.42925e-19)
(42.4988 4.72321 0)
(41.8904 4.66278 0)
(40.9561 4.57693 6.12342e-19)
(39.7552 4.46857 6.18003e-19)
(38.3918 4.34456 -1.38849e-18)
(37.0009 4.21479 0)
(35.7385 4.09157 -1.62695e-18)
(34.7684 3.98851 2.20528e-18)
(34.2333 3.91827 0)
(34.2093 3.88904 1.42541e-18)
(34.6696 3.90118 -1.67746e-18)
(35.4967 3.9473 6.14143e-18)
(36.5289 4.01579 2.16567e-18)
(37.6017 4.09438 6.93827e-18)
(38.5743 4.1721 -4.72276e-18)
(39.3513 4.24057 0)
(39.9002 4.29524 -5.12115e-18)
(40.2481 4.33605 0)
(40.454 4.36609 -6.73094e-18)
(40.5752 4.38941 -6.9112e-18)
(40.6505 4.40923 7.03102e-18)
(40.6997 4.42743 2.54411e-17)
(40.7315 4.44488 0)
(40.7494 4.46191 0)
(40.7558 4.47842 1.41768e-17)
(40.753 4.49462 -2.19251e-17)
(40.7431 4.5104 -2.15328e-17)
(40.7283 4.52596 -2.10519e-17)
(40.71 4.54123 -2.05049e-17)
(40.6892 4.55624 4.68523e-17)
(40.6666 4.57098 1.18414e-17)
(40.6427 4.58547 -3.70581e-17)
(40.6177 4.59971 -2.58787e-17)
(40.5917 4.6137 0)
(40.565 4.62737 4.99243e-17)
(40.5376 4.6407 0)
(40.5099 4.65372 5.84156e-17)
(40.4819 4.66649 4.60899e-17)
(40.454 4.6791 -5.1657e-17)
(40.4264 4.69162 0)
(40.3992 4.7035 8.57707e-17)
(40.373 4.71614 4.15528e-17)
(40.3488 4.72575 -4.64748e-17)
(40.3292 4.73529 4.35596e-17)
(40.3092 4.7436 1.15818e-16)
(40.2888 4.7555 -1.17652e-18)
(40.2677 4.76118 -1.21976e-16)
(40.2483 4.78098 -3.17267e-18)
(40.2269 4.77391 5.32103e-17)
(40.2106 4.81821 1.5897e-16)
(40.1854 4.76803 0)
(40.1759 4.89683 0)
(40.1458 4.6967 0)
(40.1343 5.09868 -8.15775e-18)
(40.204 4.45657 0)
(40.5022 4.88327 -2.45723e-19)
(40.4045 4.88359 1.27947e-19)
(40.3143 4.88299 1.33077e-19)
(40.23 4.88269 -2.75809e-19)
(40.1507 4.88267 -7.72882e-20)
(40.0756 4.88317 -1.29014e-19)
(40.0045 4.8844 -1.72544e-19)
(39.9371 4.8864 1.80377e-19)
(39.8731 4.88927 0)
(39.8127 4.89303 0)
(39.7559 4.89758 -6.41469e-19)
(39.7027 4.90268 0)
(39.6533 4.90814 4.11623e-19)
(39.6076 4.91363 4.16344e-19)
(39.5659 4.91883 1.08042e-18)
(39.5281 4.92349 4.22169e-19)
(39.4941 4.92732 9.08232e-19)
(39.4641 4.9302 0)
(39.4379 4.93206 0)
(39.4155 4.93305 -8.56202e-19)
(39.3968 4.93325 0)
(39.3817 4.93291 2.20406e-18)
(39.3701 4.93231 0)
(39.3618 4.93173 -8.69464e-19)
(39.3568 4.93137 0)
(39.3548 4.93153 -1.74243e-18)
(39.3557 4.93226 -2.56116e-18)
(39.3593 4.93365 0)
(39.3655 4.93575 0)
(39.3739 4.93845 0)
(39.3845 4.94166 0)
(39.397 4.94521 0)
(39.4111 4.94889 0)
(39.4268 4.95256 -3.00682e-18)
(39.4436 4.95599 0)
(39.4615 4.959 0)
(39.4803 4.96153 0)
(39.4998 4.96347 0)
(39.5197 4.96479 0)
(39.5401 4.96551 0)
(39.5608 4.96571 0)
(39.5817 4.96542 0)
(39.6027 4.9648 3.80428e-18)
(39.6237 4.96387 1.82283e-17)
(39.6447 4.96272 0)
(39.6656 4.96145 1.00472e-17)
(39.6864 4.96008 0)
(39.7069 4.95876 0)
(39.7272 4.95746 0)
(39.7471 4.95635 -1.11821e-17)
(39.7667 4.95545 0)
(39.7858 4.95488 1.46454e-17)
(39.8045 4.95464 0)
(39.8227 4.95488 4.58438e-18)
(39.8404 4.95553 0)
(39.8577 4.95674 3.05772e-17)
(39.8744 4.95849 -1.43693e-17)
(39.8905 4.96082 -2.01906e-17)
(39.9058 4.96374 1.88863e-17)
(39.9202 4.96724 -5.52367e-18)
(39.9333 4.97138 1.14223e-17)
(39.945 4.9761 1.07543e-17)
(39.9551 4.9815 -2.86475e-17)
(39.9632 4.98745 0)
(39.9692 4.99388 0)
(39.973 5.0008 0)
(39.975 5.00895 -1.64323e-17)
(39.9755 5.01602 0)
(39.9767 5.02302 0)
(39.9766 5.0301 -1.82252e-17)
(39.9748 5.03826 0)
(39.9696 5.04712 0)
(39.9588 5.05707 -3.16438e-17)
(39.941 5.06831 -6.83889e-17)
(39.9192 5.08105 0)
(39.9043 5.09946 0)
(39.9139 5.12434 0)
(39.9705 5.13291 0)
(40.038 5.28452 1.0793e-16)
(40.1312 5.0052 3.78729e-16)
(40.8753 4.77805 -9.78063e-20)
(40.9965 4.78638 4.50909e-20)
(41.1082 4.7957 9.85228e-20)
(41.2154 4.80136 7.27848e-20)
(41.3188 4.80505 1.30986e-19)
(41.4186 4.80729 0)
(41.5148 4.8076 4.75136e-20)
(41.6074 4.80579 3.95433e-20)
(41.6965 4.80221 3.2036e-20)
(41.7819 4.7978 4.96659e-20)
(41.8637 4.79329 0)
(41.9417 4.78898 0)
(42.0159 4.78483 0)
(42.0865 4.78085 0)
(42.1538 4.777 0)
(42.2183 4.77325 2.84179e-20)
(42.2797 4.76966 2.95719e-19)
(42.3375 4.76613 0)
(42.3915 4.76264 0)
(42.445 4.75919 1.6203e-19)
(42.508 4.75618 0)
(42.5971 4.75426 7.96204e-19)
(42.728 4.75391 0)
(42.8978 4.75464 0)
(43.0634 4.75355 5.51716e-19)
(43.1344 4.74472 1.52835e-18)
(42.9936 4.72031 0)
(42.5415 4.67293 -6.21465e-19)
(41.7368 4.59836 -6.46004e-19)
(40.6096 4.49719 2.74832e-18)
(39.2536 4.37493 0)
(37.8086 4.24162 1.54021e-18)
(36.4458 4.11083 -1.65811e-18)
(35.3503 3.99826 -3.05054e-18)
(34.6903 3.91911 0)
(34.5658 3.88392 0)
(34.9634 3.89427 -7.34619e-18)
(35.759 3.94205 0)
(36.7684 4.01342 -4.47308e-18)
(37.8045 4.09344 4.64431e-18)
(38.7185 4.16967 0)
(39.4272 4.23433 5.01696e-18)
(39.9185 4.28484 0)
(40.2318 4.32275 0)
(40.4238 4.35144 -1.28885e-17)
(40.5422 4.3741 0)
(40.6175 4.39306 -2.3936e-17)
(40.6665 4.40998 -1.28406e-17)
(40.6979 4.42592 0)
(40.716 4.44151 1.26671e-17)
(40.7235 4.45715 -3.42999e-18)
(40.7222 4.47289 2.12095e-17)
(40.7138 4.48879 -3.33463e-18)
(40.7 4.50473 2.02089e-17)
(40.6824 4.5207 3.07155e-18)
(40.6619 4.5366 -3.79352e-17)
(40.6393 4.55242 3.65578e-17)
(40.615 4.56808 0)
(40.5893 4.58352 0)
(40.5624 4.59866 0)
(40.5345 4.61343 3.31195e-17)
(40.5059 4.62786 -8.85531e-17)
(40.4768 4.64201 0)
(40.4476 4.65598 5.10783e-17)
(40.4185 4.66987 0)
(40.3899 4.68307 -4.44374e-17)
(40.3623 4.69671 -4.1128e-17)
(40.337 4.70704 2.27806e-17)
(40.3159 4.71699 -8.31852e-17)
(40.295 4.72611 -3.83016e-17)
(40.274 4.73895 -6.73991e-17)
(40.2523 4.74628 5.92472e-17)
(40.2325 4.76699 -5.1217e-17)
(40.2111 4.7622 6.97407e-18)
(40.1949 4.80627 -1.05909e-16)
(40.1705 4.75923 0)
(40.1614 4.88612 0)
(40.1324 4.69086 0)
(40.1224 5.08974 -2.04839e-17)
(40.1872 4.4566 0)
(40.7576 4.771 -2.16576e-20)
(40.6444 4.76512 0)
(40.5402 4.75923 -3.4831e-20)
(40.4439 4.75425 0)
(40.3545 4.74991 1.01121e-19)
(40.2713 4.74633 -1.59424e-19)
(40.1936 4.74367 1.5111e-19)
(40.1208 4.74193 -1.75729e-19)
(40.0524 4.74128 0)
(39.9882 4.74182 0)
(39.928 4.74369 0)
(39.8716 4.74681 0)
(39.819 4.75121 -4.02071e-19)
(39.7701 4.75669 -3.86214e-19)
(39.7249 4.76301 -4.61868e-19)
(39.6834 4.76983 -4.12716e-19)
(39.6456 4.77679 4.8275e-19)
(39.6114 4.78351 0)
(39.5808 4.78971 8.11652e-20)
(39.5538 4.79509 9.25121e-19)
(39.5303 4.79947 0)
(39.5101 4.80273 -8.45033e-19)
(39.4932 4.80506 2.14883e-19)
(39.4795 4.80654 1.08244e-18)
(39.4689 4.80732 0)
(39.4613 4.80783 1.97367e-18)
(39.4565 4.80828 2.84724e-19)
(39.4544 4.80899 0)
(39.455 4.81024 0)
(39.458 4.81222 0)
(39.4633 4.81504 6.92845e-19)
(39.4708 4.81875 7.09723e-19)
(39.4803 4.82329 0)
(39.4916 4.82859 4.39303e-18)
(39.5045 4.83444 0)
(39.5189 4.84064 0)
(39.5346 4.84703 0)
(39.5513 4.85336 0)
(39.569 4.85948 -1.24648e-18)
(39.5873 4.86523 0)
(39.6063 4.87061 -2.21663e-18)
(39.6256 4.87546 0)
(39.6453 4.87989 -3.74148e-18)
(39.6651 4.88382 -8.86787e-18)
(39.6849 4.88733 1.66742e-18)
(39.7048 4.89046 0)
(39.7244 4.89326 0)
(39.7439 4.89584 2.70471e-18)
(39.763 4.89826 0)
(39.7818 4.9007 -5.1181e-18)
(39.8002 4.90318 0)
(39.8181 4.90586 0)
(39.8357 4.90876 0)
(39.8528 4.91202 1.23943e-17)
(39.8694 4.91563 0)
(39.8857 4.91971 -7.48823e-18)
(39.9014 4.92427 1.41965e-17)
(39.9166 4.92932 0)
(39.931 4.9349 0)
(39.9444 4.94098 -1.87929e-17)
(39.9567 4.94764 -1.13027e-17)
(39.9677 4.95481 -4.27126e-18)
(39.977 4.96262 -6.15621e-18)
(39.9845 4.97094 0)
(39.99 4.97968 0)
(39.9935 4.98894 1.10792e-17)
(39.9956 4.9993 1.62998e-17)
(39.9964 5.00808 0)
(39.9975 5.0165 6.465e-18)
(39.9974 5.02495 1.80672e-17)
(39.9953 5.0344 0)
(39.9894 5.0444 1.16488e-17)
(39.9777 5.05538 3.14413e-17)
(39.9593 5.06757 8.0749e-18)
(39.9384 5.08159 0)
(39.9266 5.10243 0)
(39.9419 5.12772 -1.96466e-17)
(40.0018 5.14402 0)
(40.0722 5.28956 -3.08206e-17)
(40.1518 5.03152 -1.01847e-16)
(41.2037 4.65383 -3.39467e-21)
(41.3305 4.65208 -5.25081e-20)
(41.4446 4.65325 -1.58176e-21)
(41.5518 4.65334 0)
(41.6528 4.65366 -1.84414e-19)
(41.7476 4.65458 0)
(41.836 4.65515 1.27045e-19)
(41.9181 4.65441 1.30361e-19)
(41.9945 4.65206 -2.6641e-19)
(42.0653 4.64877 -2.71271e-19)
(42.131 4.64534 0)
(42.1919 4.64216 0)
(42.2483 4.63949 0)
(42.3006 4.63744 0)
(42.3494 4.63601 2.87866e-19)
(42.3954 4.63516 -5.79373e-19)
(42.4392 4.63495 -3.71389e-19)
(42.4813 4.63527 0)
(42.5213 4.63596 0)
(42.5592 4.63686 0)
(42.5967 4.63796 5.79324e-19)
(42.6415 4.6395 -7.78201e-19)
(42.7085 4.64205 0)
(42.8164 4.64642 1.13203e-18)
(42.9742 4.6528 1.11494e-18)
(43.16 4.65947 -2.63473e-18)
(43.3045 4.66186 1.05712e-18)
(43.2952 4.65235 0)
(43.0115 4.62209 0)
(42.3717 4.56407 -3.2884e-18)
(41.3666 4.47579 0)
(40.0658 4.36067 0)
(38.6045 4.22814 0)
(37.1657 4.09305 2.89295e-18)
(35.957 3.97383 0)
(35.1741 3.88947 3.80979e-18)
(34.9447 3.85403 -6.71085e-19)
(35.2723 3.87102 0)
(36.0282 3.9311 0)
(37.0055 4.01632 0)
(37.9933 4.10682 0)
(38.836 4.18713 6.25358e-18)
(39.464 4.24963 0)
(39.8878 4.2946 0)
(40.1604 4.32675 1.83416e-17)
(40.3368 4.35116 5.56695e-18)
(40.4546 4.37108 1.266e-17)
(40.5343 4.38815 1.26301e-17)
(40.5875 4.4032 -1.05731e-17)
(40.6215 4.41692 -1.24658e-17)
(40.6415 4.43012 2.4632e-17)
(40.6512 4.44333 1.01888e-17)
(40.6527 4.45694 1.36893e-17)
(40.6474 4.47102 0)
(40.6367 4.48559 -4.14968e-17)
(40.6218 4.50057 1.85368e-17)
(40.6036 4.51597 0)
(40.5829 4.53175 0)
(40.56 4.54779 1.60916e-17)
(40.5354 4.56401 0)
(40.5093 4.58019 -3.27019e-17)
(40.482 4.5963 3.0451e-17)
(40.4538 4.61225 -2.39704e-17)
(40.425 4.62814 0)
(40.396 4.64397 0)
(40.3672 4.65913 0)
(40.3394 4.67436 1.58452e-17)
(40.314 4.68591 -2.24937e-17)
(40.2923 4.69639 3.96444e-17)
(40.2712 4.70673 0)
(40.2501 4.72081 2.268e-17)
(40.2287 4.72997 0)
(40.2092 4.75187 0)
(40.1884 4.74957 3.79321e-17)
(40.173 4.79368 9.32764e-18)
(40.1496 4.75015 0)
(40.1421 4.87504 1.18048e-17)
(40.113 4.68573 0)
(40.1089 5.07904 -1.75381e-18)
(40.1576 4.46055 4.57289e-17)
(41.0771 4.65542 -2.69239e-20)
(40.9522 4.65764 0)
(40.835 4.65969 3.38136e-20)
(40.7255 4.66164 4.32998e-20)
(40.6234 4.66323 -2.52046e-20)
(40.5283 4.66447 0)
(40.4399 4.6654 1.63717e-20)
(40.3576 4.66607 0)
(40.2809 4.66667 0)
(40.2095 4.66735 0)
(40.1429 4.66837 6.21141e-20)
(40.0808 4.66994 0)
(40.0232 4.67231 0)
(39.9696 4.6756 -1.99806e-20)
(39.9201 4.67988 1.47967e-19)
(39.8745 4.6851 9.25963e-20)
(39.8327 4.6911 -1.54187e-19)
(39.7947 4.69769 0)
(39.7603 4.70455 -7.90336e-20)
(39.7294 4.71125 -8.48927e-20)
(39.7019 4.71751 0)
(39.6778 4.72292 0)
(39.6568 4.72736 -2.09604e-19)
(39.639 4.73059 -2.2513e-19)
(39.6241 4.73256 2.4225e-19)
(39.612 4.73339 -2.59896e-19)
(39.6025 4.73328 -7.57203e-20)
(39.5957 4.7325 0)
(39.5913 4.73139 0)
(39.5892 4.73032 0)
(39.5894 4.72965 -6.78261e-19)
(39.5917 4.72967 -8.40149e-19)
(39.5959 4.73067 0)
(39.6021 4.73276 -1.46023e-18)
(39.61 4.73604 0)
(39.6195 4.74048 0)
(39.6305 4.74603 5.69726e-20)
(39.6428 4.7525 0)
(39.6563 4.7597 1.22417e-18)
(39.6707 4.76746 0)
(39.686 4.77562 2.37515e-18)
(39.702 4.78392 0)
(39.7186 4.79227 0)
(39.7355 4.8005 1.44648e-18)
(39.7526 4.80853 -1.64047e-18)
(39.7699 4.81625 0)
(39.7871 4.82365 0)
(39.8042 4.83072 -2.66326e-18)
(39.821 4.83751 0)
(39.8376 4.84409 1.33185e-19)
(39.8537 4.8505 2.562e-19)
(39.8695 4.85689 0)
(39.8849 4.86327 -2.7972e-19)
(39.8999 4.86982 -4.01811e-18)
(39.9146 4.87653 0)
(39.9288 4.88356 3.93704e-19)
(39.9426 4.8909 0)
(39.9558 4.89865 0)
(39.9683 4.90682 -1.079e-18)
(39.9799 4.91541 6.73838e-18)
(39.9904 4.92449 -1.23242e-18)
(39.9997 4.93399 -6.30834e-18)
(40.0074 4.94407 7.42785e-18)
(40.0136 4.95457 0)
(40.0179 4.96547 0)
(40.0207 4.9769 -1.09817e-17)
(40.0224 4.98938 2.77916e-18)
(40.0233 4.99977 0)
(40.0238 5.00966 -6.40138e-18)
(40.0233 5.01934 0)
(40.0205 5.03006 0)
(40.0136 5.04122 -1.49694e-17)
(40.0009 5.05331 6.77522e-18)
(39.9823 5.06672 2.18467e-17)
(39.9631 5.0823 0)
(39.9558 5.10566 1.26157e-17)
(39.9778 5.13197 1.9559e-17)
(40.0411 5.1555 0)
(40.1146 5.29479 -5.32642e-18)
(40.1842 5.06471 -1.79925e-17)
(41.5504 4.46802 1.1674e-21)
(41.6726 4.46897 2.66603e-20)
(41.7766 4.47279 -2.8134e-20)
(41.8711 4.47419 0)
(41.9572 4.47447 6.18891e-20)
(42.0351 4.47461 0)
(42.1048 4.4744 -1.8389e-19)
(42.1668 4.47332 -1.28802e-19)
(42.2217 4.47121 3.8347e-19)
(42.27 4.46865 2.6789e-19)
(42.3126 4.46641 0)
(42.3502 4.46496 -1.23842e-19)
(42.3834 4.46447 0)
(42.413 4.46497 1.25421e-19)
(42.4396 4.46638 -2.83784e-19)
(42.4639 4.46872 3.18634e-19)
(42.4869 4.47197 0)
(42.5093 4.47615 0)
(42.5319 4.48119 -2.50446e-19)
(42.5548 4.487 0)
(42.5778 4.49357 -5.69002e-19)
(42.6018 4.50087 0)
(42.6321 4.50914 0)
(42.6809 4.51907 -1.57905e-18)
(42.7673 4.5316 -6.3157e-19)
(42.9079 4.54764 6.25109e-19)
(43.0988 4.56696 -6.15792e-19)
(43.2948 4.58655 4.23077e-19)
(43.401 4.59994 0)
(43.2898 4.59753 1.91316e-18)
(42.844 4.56881 0)
(42.0029 4.5058 6.8959e-19)
(40.7897 4.40587 0)
(39.3148 4.27357 6.40346e-19)
(37.764 4.12139 0)
(36.3733 3.96927 -3.58849e-18)
(35.3879 3.84138 3.61769e-18)
(34.9931 3.761 -1.22128e-18)
(35.2372 3.74209 0)
(35.9972 3.78345 0)
(37.0312 3.86934 0)
(38.0773 3.97644 -6.2313e-18)
(38.9441 4.0821 0)
(39.556 4.1715 0)
(39.9393 4.23996 -5.62318e-18)
(40.1681 4.29029 -7.3194e-18)
(40.3109 4.32778 0)
(40.4086 4.35691 3.33346e-18)
(40.4786 4.38054 7.19958e-18)
(40.5274 4.40013 0)
(40.5589 4.41684 0)
(40.5771 4.43148 -1.00183e-17)
(40.5852 4.44493 6.97675e-18)
(40.5859 4.45767 -2.82679e-18)
(40.5805 4.47028 1.88377e-17)
(40.5703 4.48304 -1.82478e-17)
(40.5558 4.49628 0)
(40.5382 4.51016 -4.98542e-18)
(40.5177 4.52477 -1.58593e-17)
(40.4951 4.5401 4.46868e-18)
(40.4706 4.55596 0)
(40.4447 4.5723 0)
(40.4176 4.58889 2.36611e-17)
(40.3898 4.60577 6.38986e-18)
(40.3617 4.62287 5.7264e-18)
(40.3338 4.63949 0)
(40.3068 4.65611 -1.56649e-17)
(40.2826 4.66871 0)
(40.2616 4.68008 -4.24842e-18)
(40.2414 4.69152 -3.61487e-18)
(40.2215 4.70661 -2.24282e-17)
(40.2015 4.7174 5.06146e-18)
(40.1831 4.74018 4.08992e-18)
(40.1641 4.74003 0)
(40.1499 4.78431 2.1199e-17)
(40.1287 4.74384 0)
(40.1225 4.86685 -1.17142e-17)
(40.0938 4.68359 0)
(40.0956 5.0687 1.74133e-18)
(40.126 4.4689 -7.20209e-17)
(41.423 4.4678 2.4195e-20)
(41.292 4.46989 -2.23843e-20)
(41.1646 4.47213 0)
(41.0421 4.47496 -4.26293e-20)
(40.925 4.47821 0)
(40.814 4.4817 3.8715e-20)
(40.7092 4.4853 0)
(40.6107 4.48896 0)
(40.5184 4.49265 0)
(40.432 4.49638 0)
(40.3514 4.50025 -6.1156e-20)
(40.2764 4.50442 0)
(40.2066 4.50913 0)
(40.1419 4.51453 0)
(40.0821 4.52087 -1.42812e-19)
(40.027 4.52828 -9.11736e-20)
(39.9764 4.53689 1.27068e-19)
(39.9302 4.54666 0)
(39.8883 4.55747 7.1892e-20)
(39.8506 4.5691 0)
(39.8168 4.58123 6.57407e-20)
(39.7869 4.59345 6.36248e-20)
(39.7606 4.60541 0)
(39.7378 4.61666 0)
(39.7184 4.62684 -2.38006e-19)
(39.7021 4.63572 -1.15931e-19)
(39.6888 4.64317 -8.63928e-20)
(39.6783 4.64914 1.07966e-19)
(39.6704 4.65378 0)
(39.665 4.65731 0)
(39.6619 4.66004 0)
(39.6611 4.66231 1.4225e-19)
(39.6623 4.66455 0)
(39.6655 4.66708 -6.98966e-20)
(39.6706 4.67022 -9.52719e-20)
(39.6774 4.67418 0)
(39.6859 4.67915 -5.58726e-20)
(39.6958 4.68517 8.29243e-20)
(39.7072 4.6922 0)
(39.7197 4.70022 3.52496e-20)
(39.7334 4.70907 -1.93166e-19)
(39.7479 4.71861 -1.07303e-20)
(39.7632 4.72866 0)
(39.779 4.73905 3.12395e-19)
(39.7952 4.7496 1.78842e-20)
(39.8116 4.76018 0)
(39.828 4.77067 0)
(39.8442 4.78097 5.51756e-20)
(39.8602 4.79104 6.61753e-20)
(39.8758 4.80093 2.15226e-20)
(39.891 4.81057 -4.14431e-19)
(39.9058 4.82011 0)
(39.9201 4.82947 2.75542e-19)
(39.9341 4.83884 -1.5246e-19)
(39.9476 4.84818 -1.31718e-19)
(39.9606 4.85768 -2.7723e-19)
(39.9731 4.86734 0)
(39.9851 4.87723 1.10341e-19)
(39.9962 4.88742 1.06554e-18)
(40.0065 4.8979 0)
(40.0157 4.90877 1.21812e-18)
(40.0238 4.91993 0)
(40.0304 4.93157 -1.31908e-18)
(40.0355 4.94353 -3.69612e-19)
(40.0391 4.95586 0)
(40.0415 4.9688 0)
(40.0431 4.98271 -3.24201e-18)
(40.044 4.99442 3.23958e-19)
(40.0444 5.00529 0)
(40.0438 5.01591 0)
(40.0406 5.02756 6.8472e-19)
(40.0333 5.03942 1.97725e-18)
(40.0199 5.0523 -8.17148e-18)
(40.0014 5.06639 1.47513e-18)
(39.9839 5.08303 0)
(39.9805 5.10827 -1.25507e-17)
(40.0085 5.13609 2.92869e-18)
(40.0757 5.16576 0)
(40.1498 5.29853 4.76315e-18)
(40.2173 5.10013 -5.81409e-17)
(41.8567 4.30592 4.7475e-20)
(41.9313 4.29888 2.48136e-20)
(41.9875 4.29509 -2.58594e-20)
(42.0351 4.28888 0)
(42.0762 4.28127 5.49813e-20)
(42.111 4.27381 0)
(42.1397 4.26716 5.74393e-20)
(42.1625 4.26135 0)
(42.1797 4.25635 -1.18412e-19)
(42.1921 4.25247 0)
(42.2003 4.25014 0)
(42.2048 4.24951 1.21913e-19)
(42.2066 4.25045 0)
(42.2061 4.25262 -1.23523e-19)
(42.2042 4.25573 0)
(42.2012 4.25956 2.48682e-19)
(42.1979 4.26398 0)
(42.1951 4.26893 0)
(42.1933 4.27438 2.47198e-19)
(42.1935 4.2803 0)
(42.1958 4.28674 0)
(42.2 4.29371 0)
(42.2061 4.30129 0)
(42.2158 4.30973 4.65515e-19)
(42.2361 4.31949 -4.56694e-19)
(42.2812 4.33135 4.47208e-19)
(42.3697 4.34607 -4.3684e-19)
(42.5149 4.36361 -4.25263e-19)
(42.7074 4.38228 0)
(42.8993 4.39772 0)
(43.0013 4.4031 0)
(42.9015 4.39053 -7.2008e-19)
(42.5 4.35365 0)
(41.7458 4.28982 -6.50297e-19)
(40.6611 4.20212 0)
(39.3501 4.09957 0)
(37.9902 3.99656 0)
(36.8074 3.91076 1.15931e-18)
(36.0219 3.85883 0)
(35.7745 3.85026 0)
(36.0659 3.88365 0)
(36.7527 3.94687 0)
(37.6113 4.02294 0)
(38.4296 4.09644 0)
(39.0794 4.15876 0)
(39.5319 4.20824 1.79786e-18)
(39.8246 4.2478 0)
(40.0129 4.28078 -3.28008e-18)
(40.14 4.30943 3.1519e-18)
(40.2299 4.33433 0)
(40.2941 4.35576 0)
(40.3381 4.37388 0)
(40.3664 4.38951 2.84385e-18)
(40.3826 4.40341 2.78911e-18)
(40.3901 4.41652 0)
(40.3908 4.42954 0)
(40.3867 4.44302 0)
(40.3787 4.45755 4.92309e-18)
(40.3681 4.47323 0)
(40.3552 4.49041 -4.41392e-18)
(40.3407 4.50872 0)
(40.3248 4.52819 0)
(40.3078 4.54818 0)
(40.2898 4.56864 -6.3145e-18)
(40.2711 4.58917 -5.65991e-18)
(40.2517 4.60914 0)
(40.2326 4.62874 0)
(40.2149 4.64348 0)
(40.1985 4.65579 4.19539e-18)
(40.1825 4.66822 3.57254e-18)
(40.1672 4.68403 0)
(40.151 4.69618 -5.00929e-18)
(40.1371 4.71891 -4.05038e-18)
(40.1198 4.72174 0)
(40.1118 4.76352 0)
(40.0872 4.73091 0)
(40.0975 4.84303 0)
(40.0444 4.68292 0)
(40.1032 5.03027 0)
(40.0292 4.47652 2.64211e-17)
(41.7718 4.31213 2.28033e-20)
(41.6776 4.31781 2.20229e-20)
(41.5802 4.32261 0)
(41.4811 4.32718 0)
(41.3817 4.33157 0)
(41.283 4.33574 -3.79897e-20)
(41.1859 4.33968 0)
(41.0912 4.34339 0)
(40.9993 4.34677 0)
(40.9107 4.34982 0)
(40.8256 4.35253 0)
(40.7443 4.35496 0)
(40.6668 4.35722 0)
(40.5932 4.35948 0)
(40.5236 4.36196 4.56359e-20)
(40.458 4.36495 0)
(40.3963 4.36871 -3.98759e-20)
(40.3386 4.37355 0)
(40.2847 4.37965 -7.08358e-20)
(40.2348 4.38722 0)
(40.1888 4.39624 -6.4838e-20)
(40.1466 4.40666 -6.2784e-20)
(40.1081 4.41827 0)
(40.0734 4.43078 0)
(40.0422 4.44376 0)
(40.0146 4.45681 1.14578e-19)
(39.9905 4.46947 -1.11183e-19)
(39.9695 4.48136 -1.06762e-19)
(39.9517 4.49219 0)
(39.9368 4.50181 0)
(39.9247 4.51012 0)
(39.9151 4.51728 0)
(39.9079 4.52348 0)
(39.9028 4.52911 1.14624e-19)
(39.8997 4.53449 9.42741e-20)
(39.8983 4.54006 0)
(39.8984 4.54621 0)
(39.9 4.55333 -8.20317e-20)
(39.9027 4.56162 0)
(39.9065 4.57132 -3.48528e-20)
(39.9112 4.58244 0)
(39.9167 4.59506 1.06034e-20)
(39.9229 4.60897 0)
(39.9297 4.62405 0)
(39.9369 4.63998 -1.76557e-20)
(39.9445 4.65656 0)
(39.9524 4.67346 0)
(39.9605 4.69045 -5.44311e-20)
(39.9689 4.70727 -6.52754e-20)
(39.9774 4.72375 -1.50486e-19)
(39.986 4.73976 1.60046e-19)
(39.9947 4.7553 0)
(40.0036 4.77026 0)
(40.0125 4.78476 1.50435e-19)
(40.0214 4.79879 1.29991e-19)
(40.0302 4.81253 -1.09639e-19)
(40.0389 4.82604 0)
(40.0471 4.8394 -1.08992e-19)
(40.0549 4.85279 0)
(40.0619 4.86612 0)
(40.0682 4.87966 0)
(40.0733 4.89321 0)
(40.0774 4.90713 0)
(40.0802 4.92117 3.65916e-19)
(40.082 4.93559 0)
(40.0831 4.95053 0)
(40.0839 4.96625 4.83319e-19)
(40.0845 4.97913 -3.20355e-19)
(40.0838 4.99114 0)
(40.082 5.0031 0)
(40.0773 5.01617 -6.78907e-19)
(40.0682 5.02969 1.39217e-18)
(40.0538 5.04439 1.43392e-18)
(40.0364 5.06067 -1.46586e-18)
(40.0236 5.08025 0)
(40.0288 5.10794 0)
(40.0697 5.13903 -2.91466e-18)
(40.1436 5.17963 0)
(40.2087 5.28078 5.41718e-19)
(40.3181 5.16236 0)
)
;

boundaryField
{
    inlet
    {
        type            freestreamVelocity;
        freestreamValue uniform (40 5.6 0);
        value           nonuniform List<vector> 
134
(
(40 5.60006 -1.8692e-21)
(40 5.60006 -7.95013e-20)
(40 5.60005 5.63599e-20)
(40 5.60005 2.8691e-19)
(40 5.60003 -2.04465e-19)
(40 5.60002 -4.60813e-19)
(40 5.6 1.39113e-18)
(40 5.59999 -8.18403e-19)
(40 5.59997 4.55472e-19)
(40 5.59998 -3.527e-19)
(39.9972 5.58692 3.22679e-18)
(40.0002 5.57661 0)
(40.006 5.56189 -7.88744e-17)
(40.0127 5.54439 8.99741e-17)
(40.0201 5.52459 0)
(40.0281 5.50274 0)
(40.0368 5.47893 0)
(40.0461 5.45334 1.51354e-16)
(40.0561 5.42625 -6.70928e-17)
(40.0669 5.39809 -8.93887e-17)
(40 5.60005 3.97258e-19)
(40.0786 5.36947 0)
(40.0912 5.34136 7.53422e-17)
(40.104 5.31483 -1.6283e-16)
(40.1154 5.29106 8.7638e-17)
(40.1238 5.27037 0)
(40.1308 5.24901 -7.11095e-19)
(40.1348 5.23545 0)
(40.1431 5.20975 -4.08038e-18)
(40.1538 5.18325 -5.79409e-17)
(40.1466 5.20605 1.14612e-16)
(40.1565 5.16866 -6.42166e-17)
(40.1588 5.15464 0)
(40.1624 5.14114 1.30744e-16)
(40.1656 5.12817 -2.61156e-16)
(40.1682 5.11561 1.30208e-16)
(40.1713 5.10309 2.68602e-16)
(40.176 5.09013 -2.66029e-16)
(40.1868 5.07582 2.61927e-18)
(40.209 5.04632 0)
(40 5.60005 5.62479e-19)
(40 5.60004 -1.52793e-18)
(40 5.60002 9.42329e-19)
(40 5.6 -1.37519e-18)
(40 5.59997 1.12361e-18)
(40 5.59994 -1.13507e-18)
(40 5.59995 2.33491e-18)
(40.2106 5.0538 0)
(40.2077 5.0498 0)
(40.2025 5.04611 0)
(40.1985 5.04201 0)
(40.1953 5.03771 0)
(40.192 5.03342 0)
(40.1885 5.02916 0)
(40.1848 5.02486 0)
(40.1811 5.0205 0)
(40.1775 5.01605 0)
(40.1738 5.01154 0)
(40.1701 5.00697 0)
(40.1663 5.00234 0)
(40.1624 4.9977 0)
(40.1584 4.99307 0)
(40.1541 4.98847 0)
(40.1495 4.98399 0)
(40.1441 4.97938 0)
(40.139 4.97552 -1.94418e-16)
(40.1352 4.97186 1.93556e-16)
(40.1315 4.96846 0)
(40.127 4.96549 -1.75317e-16)
(40.1214 4.96311 1.74446e-16)
(40.1139 4.96169 0)
(40.1045 4.96168 0)
(40.088 4.96382 2.55317e-17)
(40.0704 4.96835 -4.02191e-17)
(40.0163 4.9724 1.47592e-17)
(39.9994 5.56738 -2.59438e-16)
(39.9811 5.53932 3.38669e-17)
(39.9615 5.51034 0)
(39.9437 5.48279 2.94698e-16)
(39.9278 5.45907 -6.65345e-16)
(39.914 5.43963 3.92474e-16)
(39.9036 5.42416 5.1061e-16)
(39.8969 5.41178 -2.53878e-16)
(39.8937 5.40174 1.21766e-17)
(39.8935 5.3933 -6.1855e-16)
(39.8955 5.38585 3.15931e-16)
(39.8989 5.37892 0)
(39.903 5.37216 -1.92627e-18)
(39.9074 5.36521 -1.59051e-16)
(39.9111 5.35771 1.6012e-16)
(39.9128 5.34963 1.63635e-16)
(39.9124 5.3415 -2.47816e-16)
(39.9115 5.33385 8.44283e-17)
(39.9113 5.32673 0)
(39.9117 5.32012 0)
(39.9125 5.31401 0)
(39.9136 5.30838 4.57699e-17)
(39.9152 5.30322 4.71366e-17)
(39.9173 5.29848 -9.237e-17)
(39.9197 5.29409 0)
(39.9225 5.28996 2.07166e-18)
(39.9253 5.286 -1.81193e-16)
(39.9274 5.28202 1.81712e-16)
(39.9281 5.278 -1.83583e-16)
(39.9234 5.27353 5.57889e-16)
(39.9151 5.27139 -3.76665e-16)
(39.9139 5.27144 -4.04126e-16)
(39.9198 5.27325 4.03137e-16)
(39.9268 5.27499 0)
(39.9325 5.27634 0)
(39.9378 5.27756 0)
(39.9434 5.2788 0)
(39.9492 5.28007 0)
(39.955 5.28136 0)
(39.9608 5.2827 0)
(39.9666 5.28412 0)
(39.9725 5.28567 0)
(39.9784 5.28737 0)
(39.9845 5.28925 0)
(39.9907 5.29136 0)
(39.997 5.29374 0)
(40.0037 5.29646 0)
(40.0106 5.29952 0)
(40.0185 5.30293 -2.37174e-16)
(40.0261 5.30672 2.3392e-16)
(40.0317 5.31119 0)
(40.0369 5.31661 1.01151e-16)
(40.0428 5.32319 -1.00758e-16)
(40.0494 5.33109 -8.72646e-17)
(40.0572 5.34065 1.65134e-16)
(40.0661 5.35225 -4.43865e-17)
(40.0802 5.36685 -7.83682e-18)
(40.0946 5.38241 -2.5308e-17)
(40.1383 5.40969 0)
)
;
    }
    outlet
    {
        type            freestreamVelocity;
        freestreamValue uniform (40 5.6 0);
        value           nonuniform List<vector> 
160
(
(41.8518 4.30931 4.73504e-20)
(41.7671 4.31554 2.27431e-20)
(41.9263 4.30228 2.47488e-20)
(41.6732 4.32122 2.19642e-20)
(41.9823 4.29848 -2.57921e-20)
(41.5759 4.32603 0)
(42.0298 4.29227 0)
(41.4771 4.33061 0)
(42.0709 4.28466 5.48399e-20)
(41.3779 4.33501 0)
(42.1056 4.27721 0)
(41.2795 4.3392 -3.78858e-20)
(42.1342 4.27056 5.72931e-20)
(41.1826 4.34315 0)
(42.157 4.26475 0)
(41.0882 4.34687 0)
(42.1742 4.25974 -1.18113e-19)
(40.9965 4.35026 0)
(42.1866 4.25587 0)
(40.9081 4.35332 0)
(42.1947 4.25354 0)
(40.8233 4.35604 0)
(42.1993 4.25291 1.21606e-19)
(40.7422 4.35849 0)
(42.201 4.25384 0)
(40.6649 4.36075 0)
(42.2006 4.25601 -1.23212e-19)
(40.5915 4.36302 0)
(42.1986 4.25912 0)
(40.5221 4.36551 4.55051e-20)
(42.1956 4.26295 2.48054e-19)
(40.4566 4.3685 0)
(42.1924 4.26736 0)
(40.3951 4.37227 -3.97605e-20)
(42.1895 4.27231 0)
(40.3376 4.37712 0)
(42.1878 4.27776 2.46569e-19)
(40.2839 4.38321 -7.06288e-20)
(42.1879 4.28367 0)
(40.2341 4.39079 0)
(42.1902 4.29011 0)
(40.1882 4.3998 -6.46461e-20)
(42.1944 4.29706 0)
(40.1461 4.41022 -6.25969e-20)
(42.2004 4.30463 0)
(40.1078 4.42182 0)
(42.2101 4.31307 4.64312e-19)
(40.0731 4.43432 0)
(42.2303 4.32281 -4.55509e-19)
(40.0421 4.44729 0)
(42.2753 4.33465 4.46044e-19)
(40.0146 4.46033 1.14226e-19)
(42.3635 4.34934 -4.357e-19)
(39.9905 4.47297 -1.10839e-19)
(42.5083 4.36684 -4.24152e-19)
(39.9696 4.48484 -1.06429e-19)
(42.7004 4.38546 0)
(39.9519 4.49566 0)
(42.8917 4.40086 0)
(39.937 4.50527 0)
(42.9935 4.40622 0)
(39.925 4.51357 0)
(42.8939 4.39367 -7.18209e-19)
(39.9154 4.52072 0)
(42.4935 4.3569 0)
(39.9082 4.52691 0)
(41.7412 4.29325 -6.48593e-19)
(39.9031 4.53253 1.14258e-19)
(40.6594 4.20582 0)
(39.9 4.5379 9.39726e-20)
(39.3518 4.10361 0)
(39.8986 4.54346 0)
(37.9957 4.00096 0)
(39.8987 4.54959 0)
(36.8163 3.91549 1.15607e-18)
(39.9003 4.5567 -8.17674e-20)
(36.0332 3.86378 0)
(39.903 4.56498 0)
(35.7867 3.85529 0)
(39.9068 4.57466 -3.47398e-20)
(36.0772 3.88859 0)
(39.9115 4.58575 0)
(36.762 3.9516 0)
(39.917 4.59835 1.05686e-20)
(37.6181 4.02742 0)
(39.9232 4.61224 0)
(38.4341 4.10069 0)
(39.9299 4.62729 0)
(39.082 4.16282 0)
(39.9371 4.64318 -1.75967e-20)
(39.5332 4.21217 1.79279e-18)
(39.9447 4.65973 0)
(39.8251 4.25162 0)
(39.9526 4.67659 0)
(40.0129 4.28454 -3.27074e-18)
(39.9607 4.69355 -5.42457e-20)
(40.1396 4.31313 3.14286e-18)
(39.969 4.71033 -6.50514e-20)
(40.2293 4.33798 0)
(39.9775 4.72678 -1.49966e-19)
(40.2932 4.35937 0)
(39.9861 4.74275 1.5949e-19)
(40.3371 4.37746 0)
(39.9948 4.75826 0)
(40.3653 4.39306 2.8355e-18)
(40.0036 4.77318 0)
(40.3815 4.40694 2.78088e-18)
(40.0124 4.78764 1.49903e-19)
(40.3889 4.42003 0)
(40.0214 4.80164 1.29529e-19)
(40.3896 4.43303 0)
(40.0301 4.81535 -1.09247e-19)
(40.3855 4.44649 0)
(40.0388 4.82882 0)
(40.3776 4.461 4.90822e-18)
(40.0469 4.84215 -1.08598e-19)
(40.3669 4.47666 0)
(40.0547 4.8555 0)
(40.3541 4.49382 -4.40038e-18)
(40.0617 4.8688 0)
(40.3397 4.51209 0)
(40.0679 4.8823 0)
(40.3238 4.53154 0)
(40.0731 4.89582 0)
(40.3069 4.5515 0)
(40.0771 4.9097 0)
(40.2889 4.57192 -6.29439e-18)
(40.0799 4.9237 3.64552e-19)
(40.2702 4.59242 -5.6417e-18)
(40.0817 4.93808 0)
(40.2509 4.61236 0)
(40.0828 4.95298 0)
(40.2318 4.63192 0)
(40.0836 4.96866 4.81484e-19)
(40.2141 4.64664 0)
(40.0842 4.9815 -3.19133e-19)
(40.1979 4.65893 4.18145e-18)
(40.0835 4.99347 0)
(40.1819 4.67134 3.5606e-18)
(40.0817 5.0054 0)
(40.1666 4.68712 0)
(40.077 5.01843 -6.76278e-19)
(40.1505 4.69924 -4.99232e-18)
(40.068 5.03191 1.38675e-18)
(40.1366 4.72193 -4.03652e-18)
(40.0536 5.04657 1.4283e-18)
(40.1194 4.72476 0)
(40.0362 5.0628 -1.46007e-18)
(40.1114 4.76644 0)
(40.0235 5.08232 0)
(40.0869 4.7339 0)
(40.0287 5.10992 0)
(40.0972 4.84576 0)
(40.0695 5.1409 -2.90281e-18)
(40.0443 4.68603 0)
(40.143 5.18136 0)
(40.1028 5.03249 0)
(40.2079 5.28213 5.39411e-19)
(40.0291 4.48 2.63392e-17)
(40.3168 5.16413 0)
)
;
    }
    walls
    {
        type            noSlip;
    }
    frontAndBack
    {
        type            empty;
    }
}


// ************************************************************************* //
