/*--------------------------------*- C++ -*----------------------------------*\
  =========                 |
  \\      /  F ield         | OpenFOAM: The Open Source CFD Toolbox
   \\    /   O peration     | Website:  https://openfoam.org
    \\  /    A nd           | Version:  12
     \\/     M anipulation  |
\*---------------------------------------------------------------------------*/
FoamFile
{
    format      ascii;
    class       volScalarField;
    location    "500";
    object      omega;
}
// * * * * * * * * * * * * * * * * * * * * * * * * * * * * * * * * * * * * * //

dimensions      [0 0 -1 0 0 0 0];

internalField   nonuniform List<scalar> 
16200
(
149978
129626
126992
124432
123857
123973
124445
124857
124906
124520
123972
123560
123673
124238
125180
126273
127215
127677
127459
126901
126417
126205
126322
126676
127308
128243
129478
130989
132786
134904
137285
139869
142601
145436
148353
151284
154093
156713
159116
161304
163419
165584
167854
170309
173049
176192
179876
184269
189579
196094
204237
214667
228441
247295
274148
314163
309895
397709
540546
223972
54748.3
50456.7
50160.6
48942.4
48361.8
48473.8
49431.8
51463.7
54808.4
59580.1
65193.6
70643.9
75436.7
79533.7
82119.5
82877.4
81820.2
79187.5
75179.5
69936.4
64084.9
58619.3
54254.7
50834.8
47957.2
45355.4
42912.2
40635.5
38665.1
37219.5
36307.9
35863.8
35820.7
36105.1
36626.3
37272.5
37965
38627.4
39282
39962.9
40555.5
40941.6
41137.1
41164.4
41049.3
40818.6
40496.4
40099.7
39640.4
39126.7
38563.2
37951.6
37287.1
36536.9
35558.7
33850
30135.9
28929.9
25582.3
15868
29601.2
28189.3
26932.3
25514.7
24453.7
24232.6
25012.3
27136.3
31164.5
37501.1
45830.9
55811.5
67563.1
77626.7
85387.4
91708.2
96635
99716.4
100411
99035.7
94726.3
88206.9
80835.1
73514.6
66744.2
60789.6
55723.6
51491
47958.1
44805.2
41693.9
38522.5
35284.8
32022.1
28836.3
25892.1
23328.2
21109.4
19195.3
17530.9
16045.8
14697.5
13472.3
12358.8
11346.8
10426.6
9590.12
8830.97
8141.43
7516.53
6954.7
6455.17
6016.03
5629.7
5275.59
4927.71
4559.6
4378.47
4485.83
2393.42
23405.8
22511.5
20355.7
17898
15488.8
13760.5
12721.7
12488.2
13221.7
14986.9
17622.9
21235.2
25943.3
30278.4
33984.1
36879.8
38541.2
38324.3
35474.4
30111.4
24718.3
20135.6
16434.3
13466.9
11072.1
9110.95
7479.4
6106.58
4944.33
3971.55
3187.8
2553.25
2038.58
1631.87
1319.06
1082.53
901.246
759.928
647.59
556.366
480.715
416.814
361.728
312.931
272.219
237.913
208.609
183.761
162.683
144.697
129.409
116.599
106.114
97.8631
91.8705
88.4028
88.0431
91.5704
106.313
139.191
22351.8
23452.8
21688
17968.9
13784
10540.9
8223.71
6488.18
5121.65
4067.92
3350.26
2958.03
2769.07
2666.18
2588.23
2490.18
2326.01
2098.86
1840.23
1574.95
1331.17
1112.8
917.994
746.333
597.891
472.074
367.682
283.141
217.397
168.095
132.346
106.568
88.2436
75.4399
66.5021
60.1884
55.6652
52.3258
49.7736
47.7526
46.0973
44.6988
43.4818
42.3894
41.3731
40.3663
39.2481
37.9614
36.5998
35.1861
33.7478
32.3186
30.9323
29.618
28.4033
27.3173
26.3497
25.3697
24.6301
26.7466
18114.6
22038.5
24225.6
23273.4
20199.6
15878.7
11561.3
8093.26
5814.96
4339.59
3475.45
2916.95
2419.82
1929.13
1462.1
1054.01
728.438
488.994
324.662
217.5
152.363
114.426
92.5927
79.837
71.9982
66.7128
63.0755
60.3753
58.2523
56.2581
54.3888
52.6822
51.1015
49.621
48.2226
46.894
45.6262
44.411
43.2399
42.103
40.9892
39.8858
38.7776
37.6487
36.486
35.2833
34.0444
32.7833
31.5223
30.2874
29.104
27.9932
26.9694
26.0395
25.206
24.4701
23.8085
23.1227
22.4825
23.3933
10355.7
14585.2
19213.8
21501.8
22867
22799.1
20808.8
16897.3
11834.1
7202.89
3977.96
1981.6
899.694
392.987
183.222
102.831
73.0434
61.6309
56.6874
54.1333
52.627
51.5169
50.5889
49.744
48.9241
48.0901
47.2114
46.3304
45.4686
44.6206
43.7823
42.9506
42.1236
41.2997
40.4776
39.6565
38.8356
38.0125
37.1837
36.3437
35.4863
34.6044
33.6917
32.745
31.7661
30.7632
29.7502
28.7453
27.7682
26.8373
25.9676
25.1693
24.4467
23.7989
23.2215
22.708
22.2363
21.7336
21.1953
21.5036
1865.28
2680.12
3482.55
3468.02
3048.63
2288.12
1443.23
780.29
386.507
199.316
117.955
82.2291
67.022
60.8752
58.603
57.3906
56.4897
55.6343
54.7356
53.7575
52.675
51.4688
50.2284
49.0096
47.8173
46.653
45.5171
44.4095
43.33
42.2779
41.2522
40.2518
39.2753
38.3211
37.3872
36.4711
35.5696
34.6777
33.7897
32.8994
32.0018
31.0944
30.178
29.2574
28.3419
27.4435
26.5755
25.7508
24.9804
24.2719
23.6294
23.0533
22.5406
22.0856
21.6807
21.3164
20.9743
20.6056
20.1749
20.0738
160.191
109.145
99.5066
92.7962
84.2937
74.6299
65.6339
59.0284
54.9835
52.8391
51.5423
50.6001
49.8146
49.0993
48.4179
47.7489
47.0839
46.4193
45.7521
45.0755
44.3771
43.6426
42.8554
42.018
41.1975
40.3903
39.593
38.803
38.0183
37.2375
36.4595
35.6839
34.9101
34.1376
33.3656
32.5928
31.8172
31.0363
30.2479
29.4511
28.6474
27.841
27.0388
26.2501
25.4853
24.7548
24.0679
23.4314
22.8499
22.3249
21.8555
21.4387
21.0698
20.7428
20.451
20.1853
19.9314
19.659
19.321
18.9603
104.603
73.1537
60.8202
57.3396
54.8348
53.3891
52.3261
51.5199
50.8539
50.2715
49.723
49.1719
48.5948
47.9802
47.3211
46.6117
45.8481
45.0292
44.154
43.2168
42.2315
41.2723
40.3367
39.4237
38.5321
37.6604
36.8066
35.9691
35.1463
34.3366
33.5388
32.7516
31.9736
31.2033
30.4388
29.6784
28.9204
28.1641
27.4103
26.6617
25.9233
25.2015
24.5039
23.8382
23.2111
22.6283
22.0932
21.6074
21.1706
20.7809
20.4351
20.1293
19.859
19.6196
19.4056
19.2095
19.02
18.8215
18.5646
18.0382
91.9641
68.4332
57.464
53.2023
50.4996
48.8949
47.6763
46.7127
45.8933
45.1696
44.5034
43.8667
43.2417
42.6181
41.989
41.3473
40.6874
40.0052
39.2962
38.5516
37.7554
36.9755
36.2116
35.4611
34.722
33.9921
33.2697
32.5534
31.842
31.1347
30.4308
29.7298
29.031
28.3341
27.6388
26.9454
26.2553
25.5712
24.8971
24.2383
23.601
22.9913
22.415
21.8768
21.3798
20.9257
20.5145
20.1452
19.8155
19.5225
19.2631
19.0338
18.8312
18.6521
18.4928
18.3466
18.2053
18.0644
17.8772
17.2528
78.6962
62.2739
54.207
50.2224
47.754
46.2999
45.2103
44.3527
43.6191
42.9599
42.3361
41.7191
41.0901
40.439
39.7589
39.0439
38.2895
37.4929
36.6505
35.8317
35.0374
34.2636
33.5074
32.767
32.0405
31.3262
30.6224
29.9277
29.241
28.5611
27.8873
27.2191
26.5563
25.8992
25.2489
24.6076
23.9784
23.3654
22.7732
22.2067
21.6704
21.1681
20.7024
20.2747
19.8853
19.5333
19.2169
18.934
18.682
18.4582
18.2599
18.0846
17.93
17.7941
17.6743
17.5652
17.461
17.3659
17.2387
16.5647
66.46
55.2254
49.7929
46.2889
44.0252
42.627
41.5611
40.7102
39.9778
39.3198
38.7015
38.0976
37.4917
36.8739
36.2372
35.5749
34.8817
34.153
33.4104
32.6907
31.9895
31.3034
30.6298
29.967
29.3133
28.6673
28.028
27.3945
26.766
26.1424
25.5238
24.9108
24.3047
23.7074
23.1219
22.5515
22.0002
21.4721
20.9711
20.5002
20.0618
19.6572
19.2869
18.9501
18.6457
18.3716
18.1259
17.9061
17.7102
17.5359
17.3813
17.2448
17.1248
17.0203
16.9296
16.8483
16.7726
16.7137
16.638
15.9506
56.6988
48.9081
45.0796
42.3756
40.4737
39.2948
38.4078
37.6971
37.0771
36.5073
35.9566
35.4024
34.83
34.2306
33.5977
32.9258
32.2103
31.5078
30.8214
30.1507
29.4942
28.8502
28.2171
27.5937
26.9788
26.3716
25.7714
25.1777
24.5907
24.0107
23.4387
22.8765
22.3263
21.7911
21.2741
20.7785
20.3076
19.864
19.4498
19.0661
18.7133
18.3909
18.0978
17.8326
17.5933
17.3781
17.1848
17.0116
16.8569
16.719
16.5967
16.4888
16.3945
16.3132
16.2442
16.1838
16.1298
16.0993
16.0673
15.3942
48.6005
43.3616
40.6503
38.4928
36.813
35.6559
34.7878
34.0998
33.5105
32.9792
32.475
31.9763
31.4683
30.941
30.3871
29.8002
29.2246
28.6547
28.0897
27.5268
26.9665
26.4094
25.8557
25.3059
24.7567
24.2103
23.6677
23.1297
22.5978
22.0741
21.5607
21.0606
20.5767
20.1121
19.6696
19.2516
18.86
18.496
18.1599
17.8515
17.5698
17.3137
17.0815
16.8715
16.6819
16.511
16.3571
16.2189
16.0951
15.9846
15.8867
15.8004
15.7254
15.6618
15.609
15.5642
15.5265
15.5174
15.5213
14.8843
41.6295
38.2759
36.4932
34.9117
33.667
32.6473
31.8324
31.1715
30.5995
30.0802
29.5852
29.0946
28.5935
28.0703
27.5563
27.052
26.552
26.0562
25.5645
25.0762
24.5908
24.1078
23.6272
23.1458
22.6656
22.1875
21.7116
21.2401
20.7749
20.319
19.8749
19.4462
19.0354
18.6453
18.2776
17.9342
17.6155
17.3218
17.0524
16.8065
16.5825
16.3791
16.1946
16.0275
15.8763
15.7396
15.6162
15.505
15.4051
15.316
15.2371
15.1677
15.1079
15.0579
15.0175
14.9844
14.9588
14.9648
14.9961
14.4132
35.6071
33.5084
32.3392
31.1946
30.2846
29.5253
28.8605
28.2639
27.7211
27.2204
26.7368
26.2678
25.8118
25.3662
24.9288
24.4951
24.0647
23.6377
23.2138
22.7929
22.3743
21.9568
21.54
21.1246
20.7119
20.3012
19.8952
19.495
19.1037
18.7229
18.3552
18.0031
17.6688
17.3539
17.0586
16.7841
16.5306
16.2977
16.0846
15.8901
15.713
15.552
15.4057
15.2728
15.1523
15.0432
14.9445
14.8552
14.775
14.7033
14.64
14.5847
14.5373
14.4984
14.4676
14.4435
14.4268
14.4424
14.4918
13.976
30.5376
29.2701
28.4988
27.6714
26.9954
26.4127
25.8936
25.4196
24.9767
24.5565
24.1522
23.7589
23.3736
22.9945
22.6175
22.2422
21.8689
21.4979
21.1294
20.7633
20.3983
20.0347
19.6736
19.3161
18.9616
18.613
18.2709
17.9384
17.6162
17.3064
17.0108
16.7307
16.4673
16.2194
15.9883
15.7745
15.5779
15.3972
15.2319
15.0811
14.9435
14.8182
14.704
14.6002
14.5058
14.42
14.3424
14.2722
14.2091
14.1528
14.103
14.0596
14.0225
13.9922
13.969
13.9516
13.9409
13.9616
14.0209
13.5763
26.3383
25.6203
25.1243
24.5465
24.0582
23.6233
23.2288
22.8622
22.5145
22.18
21.8541
21.5337
21.217
20.9006
20.5832
20.2655
19.9482
19.6319
19.3169
19.0021
18.6886
18.3774
18.0689
17.7647
17.4666
17.1753
16.8925
16.6206
16.3604
16.113
15.8796
15.6595
15.4531
15.2612
15.0837
14.9198
14.7693
14.6314
14.5057
14.3908
14.2855
14.1894
14.1016
14.0214
13.9483
13.8817
13.8212
13.7664
13.7172
13.6732
13.6344
13.6006
13.572
13.5491
13.532
13.5194
13.5124
13.5343
13.597
13.2221
22.8885
22.518
22.2093
21.822
21.4802
21.1655
20.8742
20.5985
20.3329
20.0738
19.8182
19.5641
19.3106
19.0529
18.7928
18.5311
18.2687
18.0062
17.7427
17.4796
17.2182
16.9588
16.7033
16.4533
16.2093
15.973
15.7465
15.5302
15.3251
15.1319
14.9494
14.7787
14.6203
14.4733
14.3379
14.2133
14.0989
13.994
13.8979
13.8101
13.7297
13.6561
13.5888
13.527
13.4704
13.4189
13.372
13.3295
13.2912
13.2571
13.2271
13.2011
13.1793
13.162
13.1495
13.1404
13.1357
13.1567
13.2175
12.9118
20.0843
19.9172
19.7308
19.4796
19.2455
19.0223
18.811
18.6074
18.4085
18.212
18.016
17.8196
17.619
17.4149
17.208
16.9992
16.7892
16.5773
16.3651
16.1538
15.9435
15.7364
15.5339
15.3362
15.1448
14.9615
14.7866
14.6207
14.4633
14.315
14.1764
14.0471
13.9274
13.8169
13.7152
13.6217
13.5358
13.457
13.3846
13.3182
13.2571
13.2011
13.1496
13.1028
13.06
13.021
12.9857
12.9534
12.9244
12.8985
12.8759
12.8566
12.8405
12.828
12.8192
12.8129
12.8096
12.8279
12.8817
12.6419
17.8436
17.7857
17.6775
17.5195
17.3619
17.2056
17.0536
16.9043
16.7563
16.6084
16.4596
16.3095
16.1543
15.996
15.8353
15.6732
15.5089
15.3438
15.1792
15.0151
14.8534
14.6955
14.5412
14.3916
14.2487
14.1121
13.9826
13.8588
13.7419
13.6326
13.5309
13.4361
13.3487
13.2682
13.1943
13.1264
13.0641
13.007
12.9546
12.9066
12.8621
12.8214
12.784
12.7498
12.7185
12.6899
12.6639
12.6404
12.6193
12.6005
12.5839
12.5702
12.559
12.5505
12.5447
12.5407
12.538
12.5529
12.596
12.4147
16.0926
16.0859
16.0263
15.9297
15.8252
15.717
15.6087
15.5
15.3908
15.2805
15.1689
15.0538
14.9357
14.8155
14.6938
14.5714
14.4471
14.3232
14.2008
14.0792
13.9606
13.8447
13.7334
13.6263
13.524
13.4262
13.3327
13.2444
13.1616
13.0846
13.0134
12.9471
12.8861
12.8299
12.7784
12.731
12.6876
12.6477
12.6111
12.5775
12.5467
12.5185
12.4927
12.4692
12.4477
12.4283
12.4104
12.3943
12.3799
12.3671
12.3559
12.3468
12.3393
12.3338
12.3305
12.3275
12.3256
12.336
12.3671
12.2338
14.7631
14.7753
14.7442
14.6866
14.6185
14.5447
14.4683
14.3902
14.3106
14.2297
14.1474
14.0619
13.9746
13.8861
13.7971
13.7066
13.6165
13.5276
13.4393
13.3535
13.2697
13.1894
13.1123
13.0394
12.9686
12.901
12.8371
12.7773
12.7216
12.6701
12.6226
12.579
12.5384
12.5012
12.467
12.4356
12.4067
12.3803
12.356
12.3336
12.3131
12.2943
12.2771
12.2614
12.247
12.234
12.2223
12.2118
12.2025
12.1944
12.1875
12.1817
12.177
12.1737
12.1717
12.17
12.1688
12.1753
12.1955
12.0986
13.7901
13.8044
13.7883
13.7541
13.7103
13.6607
13.6078
13.5527
13.4959
13.4379
13.3789
13.3175
13.2551
13.1923
13.1297
13.0666
13.0043
12.9427
12.8829
12.8246
12.7689
12.7155
12.6651
12.616
12.5691
12.5249
12.4835
12.445
12.4094
12.3766
12.3464
12.3188
12.293
12.2694
12.2477
12.2277
12.2093
12.1924
12.1769
12.1626
12.1495
12.1374
12.1264
12.1163
12.1071
12.0988
12.0913
12.0847
12.0789
12.0738
12.0696
12.0661
12.0634
12.0616
12.0606
12.0597
12.0594
12.0629
12.0741
12.0032
13.1109
13.1206
13.1091
13.0878
13.0594
13.0263
12.9902
12.9523
12.9129
12.8726
12.8317
12.7893
12.7466
12.7041
12.6613
12.6191
12.5781
12.5379
12.4993
12.462
12.4267
12.3927
12.3598
12.3285
12.2991
12.2715
12.2459
12.2222
12.2004
12.1803
12.1618
12.1449
12.1293
12.115
12.1016
12.0893
12.078
12.0675
12.0578
12.0489
12.0406
12.033
12.0261
12.0197
12.0139
12.0087
12.004
11.9999
11.9963
11.9933
11.9909
11.9889
11.9875
11.9868
11.9865
11.9866
11.9868
11.9886
11.9929
11.9393
12.6641
12.6654
12.6547
12.6391
12.6193
12.5964
12.5717
12.5457
12.5189
12.4916
12.4641
12.4359
12.4078
12.38
12.3524
12.3255
12.2997
12.2745
12.2507
12.2278
12.2057
12.1844
12.1642
12.1452
12.1275
12.111
12.0958
12.0817
12.0688
12.0569
12.046
12.0359
12.0266
12.018
12.0101
12.0027
11.9958
11.9895
11.9835
11.9779
11.9727
11.9678
11.9633
11.9592
11.9554
11.952
11.9489
11.9462
11.9439
11.9421
11.9407
11.9398
11.9392
11.9389
11.9392
11.9399
11.9411
11.9424
11.9419
11.8988
12.3993
12.391
12.3778
12.3622
12.3455
12.3277
12.3093
12.2907
12.2719
12.2532
12.2347
12.2161
12.1979
12.1802
12.1629
12.1462
12.1304
12.1151
12.1007
12.0866
12.073
12.0601
12.048
12.0367
12.0262
12.0165
12.0076
11.9994
11.9918
11.9849
11.9786
11.9729
11.9677
11.963
11.9587
11.9544
11.9503
11.9464
11.9425
11.9388
11.9352
11.9318
11.9285
11.9255
11.9226
11.9199
11.9175
11.9153
11.9135
11.9119
11.9106
11.9098
11.9093
11.9093
11.9097
11.9108
11.9126
11.9152
11.9127
11.872
12.2741
12.2559
12.2375
12.2193
12.2015
12.1842
12.1676
12.1518
12.1367
12.1223
12.1085
12.0953
12.0828
12.0711
12.06
12.0498
12.0401
12.0309
12.0222
12.014
12.0061
11.9987
11.9915
11.9847
11.9782
11.972
11.9659
11.9602
11.9546
11.9492
11.944
11.9389
11.934
11.9293
11.9247
11.9203
11.916
11.9119
11.9079
11.904
11.9002
11.8966
11.8932
11.8899
11.8868
11.884
11.8815
11.8793
11.8775
11.876
11.8749
11.8742
11.8739
11.8741
11.8749
11.8763
11.8787
11.8839
11.8879
11.8404
12.211
12.1966
12.1813
12.1656
12.1499
12.1344
12.1193
12.1046
12.0905
12.077
12.0641
12.0518
12.0401
12.029
12.0185
12.0084
11.9989
11.9898
11.9812
11.9729
11.9651
11.9575
11.9502
11.9433
11.9366
11.9301
11.9238
11.9178
11.9119
11.9063
11.9008
11.8955
11.8904
11.8856
11.8809
11.8765
11.8723
11.8682
11.8644
11.8607
11.8571
11.8537
11.8503
11.847
11.8437
11.8407
11.8381
11.836
11.8343
11.8331
11.8323
11.8319
11.832
11.8326
11.834
11.8355
11.8375
11.8446
11.8586
11.8033
12.1251
12.1166
12.106
12.0941
12.0815
12.0685
12.0556
12.0428
12.0302
12.0181
12.0063
11.995
11.9841
11.9736
11.9635
11.9538
11.9445
11.9356
11.927
11.9188
11.9109
11.9033
11.896
11.889
11.8822
11.8757
11.8693
11.863
11.8568
11.8507
11.8447
11.8388
11.8328
11.8273
11.8223
11.8178
11.8138
11.8101
11.8069
11.804
11.8015
11.7993
11.7974
11.7959
11.7947
11.7937
11.7931
11.7927
11.7926
11.7928
11.7933
11.794
11.795
11.7964
11.7981
11.8001
11.8024
11.8089
11.824
11.7817
12.0063
12.007
12.0039
11.998
11.99
11.9808
11.9707
11.9604
11.95
11.9396
11.9295
11.9196
11.9099
11.9005
11.8913
11.8823
11.8735
11.8647
11.8561
11.8476
11.8391
11.8307
11.8228
11.8156
11.8092
11.8034
11.7981
11.7934
11.7891
11.7853
11.7819
11.7789
11.7762
11.7738
11.7718
11.7701
11.7686
11.7674
11.7665
11.7658
11.7654
11.7652
11.7652
11.7654
11.7659
11.7665
11.7673
11.7683
11.7695
11.7708
11.7723
11.7739
11.7757
11.7776
11.7797
11.7818
11.7841
11.7889
11.7991
11.773
11.8379
11.8532
11.8624
11.8667
11.8669
11.8639
11.8585
11.8516
11.8436
11.8352
11.8266
11.8181
11.8099
11.8022
11.795
11.7883
11.7822
11.7767
11.7717
11.7672
11.7632
11.7596
11.7564
11.7536
11.7512
11.7491
11.7473
11.7457
11.7445
11.7434
11.7427
11.7421
11.7418
11.7416
11.7417
11.7419
11.7424
11.743
11.7438
11.7448
11.7459
11.7472
11.7487
11.7503
11.7521
11.7539
11.7559
11.758
11.7602
11.7625
11.7649
11.7672
11.7697
11.7721
11.7746
11.777
11.7793
11.783
11.79
11.7745
11.6807
11.6963
11.7082
11.7168
11.7228
11.7266
11.7287
11.7294
11.7293
11.7284
11.7272
11.7258
11.7243
11.7228
11.7214
11.7201
11.719
11.718
11.7172
11.7166
11.7162
11.716
11.7159
11.7159
11.7162
11.7165
11.7171
11.7177
11.7185
11.7195
11.7206
11.7218
11.7231
11.7246
11.7262
11.728
11.7299
11.7319
11.734
11.7363
11.7387
11.7412
11.7439
11.7466
11.7494
11.7524
11.7554
11.7584
11.7615
11.7647
11.7678
11.7709
11.774
11.7769
11.7798
11.7825
11.785
11.7882
11.7931
11.7843
11.5851
11.6013
11.6149
11.6263
11.6358
11.6436
11.6501
11.6555
11.6599
11.6638
11.667
11.6699
11.6725
11.6748
11.677
11.6791
11.6811
11.6831
11.685
11.6869
11.6889
11.6908
11.6928
11.6948
11.6969
11.699
11.7012
11.7034
11.7057
11.7081
11.7106
11.7131
11.7158
11.7185
11.7213
11.7243
11.7273
11.7305
11.7338
11.7371
11.7406
11.7442
11.7478
11.7516
11.7554
11.7593
11.7632
11.7672
11.7712
11.7751
11.779
11.7828
11.7866
11.7901
11.7935
11.7966
11.7993
11.8022
11.8058
11.8013
11.5258
11.5428
11.5579
11.5713
11.5831
11.5935
11.6028
11.611
11.6184
11.6251
11.6312
11.6368
11.6419
11.6467
11.6512
11.6555
11.6596
11.6635
11.6672
11.6709
11.6745
11.678
11.6814
11.6849
11.6883
11.6917
11.6951
11.6985
11.702
11.7056
11.7091
11.7128
11.7165
11.7203
11.7242
11.7282
11.7323
11.7365
11.7408
11.7452
11.7496
11.7542
11.7589
11.7636
11.7684
11.7732
11.7781
11.783
11.7878
11.7926
11.7974
11.8019
11.8064
11.8106
11.8145
11.818
11.8211
11.824
11.8269
11.8248
11.4866
11.5049
11.5214
11.5364
11.55
11.5624
11.5736
11.5839
11.5933
11.6019
11.6099
11.6174
11.6243
11.6308
11.637
11.6428
11.6484
11.6537
11.6588
11.6638
11.6686
11.6733
11.6779
11.6825
11.687
11.6915
11.696
11.7005
11.705
11.7095
11.7141
11.7188
11.7235
11.7283
11.7332
11.7382
11.7433
11.7485
11.7538
11.7592
11.7647
11.7703
11.776
11.7818
11.7876
11.7934
11.7993
11.8052
11.811
11.8167
11.8223
11.8278
11.833
11.8379
11.8425
11.8465
11.8501
11.8531
11.8557
11.8551
11.4577
11.4775
11.4957
11.5123
11.5275
11.5415
11.5544
11.5664
11.5774
11.5876
11.5972
11.6061
11.6145
11.6224
11.6298
11.637
11.6437
11.6503
11.6565
11.6626
11.6685
11.6743
11.68
11.6855
11.6911
11.6966
11.7021
11.7076
11.7131
11.7186
11.7242
11.7299
11.7357
11.7415
11.7475
11.7535
11.7597
11.7659
11.7723
11.7788
11.7855
11.7922
11.799
11.8059
11.8128
11.8198
11.8268
11.8338
11.8407
11.8475
11.8542
11.8606
11.8667
11.8724
11.8777
11.8824
11.8864
11.8897
11.8923
11.8925
11.4333
11.455
11.4749
11.4933
11.5103
11.526
11.5405
11.554
11.5666
11.5783
11.5892
11.5995
11.6092
11.6184
11.6271
11.6355
11.6434
11.6511
11.6585
11.6656
11.6726
11.6795
11.6862
11.6928
11.6994
11.7059
11.7125
11.719
11.7256
11.7322
11.7389
11.7457
11.7526
11.7596
11.7667
11.7739
11.7812
11.7887
11.7964
11.8041
11.812
11.82
11.8281
11.8363
11.8446
11.8528
11.8611
11.8694
11.8776
11.8856
11.8934
11.901
11.9082
11.9149
11.921
11.9265
11.9311
11.9347
11.9374
11.938
11.4102
11.434
11.456
11.4764
11.4953
11.5128
11.5291
11.5443
11.5584
11.5717
11.5841
11.5959
11.607
11.6175
11.6275
11.6371
11.6462
11.6551
11.6637
11.672
11.6802
11.6882
11.696
11.7038
11.7115
11.7192
11.727
11.7347
11.7425
11.7503
11.7582
11.7663
11.7744
11.7827
11.7911
11.7997
11.8085
11.8173
11.8264
11.8356
11.845
11.8545
11.8641
11.8738
11.8836
11.8934
11.9032
11.913
11.9226
11.9321
11.9413
11.9502
11.9586
11.9665
11.9736
11.9799
11.9852
11.9894
11.9921
11.993
11.3865
11.4129
11.4373
11.46
11.481
11.5006
11.5188
11.5358
11.5518
11.5668
11.5809
11.5942
11.6068
11.6188
11.6302
11.6412
11.6518
11.662
11.6719
11.6816
11.691
11.7003
11.7095
11.7186
11.7276
11.7367
11.7457
11.7548
11.764
11.7733
11.7826
11.7921
11.8018
11.8116
11.8216
11.8317
11.8421
11.8527
11.8634
11.8743
11.8854
11.8967
11.9081
11.9196
11.9312
11.9428
11.9545
11.966
11.9774
11.9886
11.9994
12.0099
12.0198
12.0289
12.0373
12.0446
12.0507
12.0553
12.0583
12.0592
11.3614
11.3907
11.4179
11.4431
11.4666
11.4886
11.509
11.5282
11.5462
11.5631
11.579
11.5942
11.6085
11.6222
11.6353
11.6479
11.6601
11.6718
11.6833
11.6945
11.7054
11.7163
11.727
11.7376
11.7482
11.7588
11.7695
11.7802
11.791
11.8019
11.813
11.8242
11.8356
11.8472
11.8591
11.8711
11.8834
11.896
11.9087
11.9217
11.9348
11.9482
11.9617
11.9754
11.9891
12.0029
12.0167
12.0303
12.0438
12.057
12.0698
12.0821
12.0937
12.1045
12.1142
12.1227
12.1297
12.1349
12.1382
12.139
11.3347
11.3672
11.3975
11.4257
11.452
11.4766
11.4996
11.5212
11.5415
11.5607
11.5788
11.596
11.6124
11.628
11.643
11.6575
11.6715
11.6851
11.6983
11.7113
11.7241
11.7367
11.7492
11.7617
11.7741
11.7865
11.7991
11.8117
11.8244
11.8374
11.8504
11.8638
11.8773
11.8911
11.9051
11.9195
11.9341
11.9489
11.9641
11.9795
11.9951
12.011
12.0271
12.0433
12.0596
12.076
12.0923
12.1085
12.1244
12.1401
12.1552
12.1697
12.1833
12.1959
12.2073
12.2171
12.2252
12.2311
12.2346
12.2353
11.3064
11.3426
11.3764
11.4079
11.4374
11.465
11.4909
11.5153
11.5383
11.56
11.5806
11.6002
11.6189
11.6368
11.654
11.6707
11.6868
11.7025
11.7179
11.733
11.7479
11.7626
11.7773
11.7919
11.8065
11.8212
11.8359
11.8508
11.8659
11.8812
11.8967
11.9125
11.9286
11.945
11.9617
11.9787
11.9961
12.0138
12.0318
12.0502
12.0688
12.0877
12.1068
12.1261
12.1455
12.1649
12.1843
12.2035
12.2225
12.2409
12.2588
12.2759
12.292
12.3068
12.3201
12.3316
12.3409
12.3476
12.3514
12.3518
11.277
11.3173
11.3549
11.3902
11.4233
11.4543
11.4835
11.511
11.537
11.5617
11.5851
11.6075
11.6289
11.6494
11.6693
11.6885
11.7071
11.7254
11.7432
11.7608
11.7782
11.7955
11.8127
11.8298
11.8471
11.8644
11.8818
11.8995
11.9173
11.9355
11.9539
11.9727
11.9918
12.0113
12.0312
12.0515
12.0722
12.0933
12.1148
12.1367
12.1589
12.1815
12.2043
12.2273
12.2504
12.2735
12.2966
12.3195
12.3419
12.3639
12.3851
12.4053
12.4243
12.4418
12.4573
12.4707
12.4814
12.489
12.4931
12.493
11.2474
11.2922
11.3341
11.3735
11.4106
11.4454
11.4783
11.5094
11.5389
11.5669
11.5936
11.6191
11.6436
11.6673
11.6901
11.7123
11.7339
11.7551
11.776
11.7965
11.8169
11.8371
11.8573
11.8776
11.8979
11.9184
11.939
11.96
11.9812
12.0028
12.0248
12.0471
12.0699
12.0932
12.117
12.1412
12.166
12.1912
12.2169
12.2431
12.2696
12.2966
12.3238
12.3513
12.3789
12.4066
12.4341
12.4613
12.4881
12.5142
12.5394
12.5634
12.5859
12.6065
12.6248
12.6404
12.6527
12.6614
12.6657
12.6651
11.2192
11.2688
11.3155
11.3594
11.4008
11.4399
11.4769
11.512
11.5454
11.5772
11.6076
11.6368
11.6649
11.6921
11.7185
11.7442
11.7693
11.7939
11.8182
11.8423
11.8662
11.89
11.9138
11.9377
11.9618
11.9861
12.0106
12.0355
12.0608
12.0866
12.1128
12.1395
12.1668
12.1947
12.2231
12.2522
12.2818
12.3121
12.3429
12.3743
12.4061
12.4384
12.4711
12.504
12.5371
12.5702
12.6031
12.6357
12.6677
12.6989
12.7289
12.7574
12.7841
12.8084
12.83
12.8482
12.8626
12.8724
12.8769
12.8755
11.1948
11.2495
11.3012
11.35
11.3962
11.44
11.4816
11.5211
11.5589
11.595
11.6296
11.663
11.6952
11.7265
11.757
11.7867
11.8159
11.8446
11.8731
11.9013
11.9294
11.9575
11.9856
12.0139
12.0425
12.0713
12.1006
12.1303
12.1605
12.1913
12.2227
12.2548
12.2875
12.3209
12.3551
12.39
12.4257
12.4621
12.4992
12.5369
12.5752
12.6141
12.6534
12.693
12.7328
12.7725
12.8121
12.8511
12.8895
12.9268
12.9627
12.9967
13.0285
13.0574
13.0829
13.1043
13.121
13.1321
13.1369
13.1344
11.1776
11.2377
11.2947
11.3487
11.4001
11.4489
11.4955
11.54
11.5826
11.6235
11.6629
11.701
11.738
11.774
11.8092
11.8437
11.8776
11.9112
11.9445
11.9777
12.0108
12.0439
12.0773
12.1109
12.1449
12.1794
12.2143
12.2499
12.2861
12.3231
12.3608
12.3994
12.4388
12.4791
12.5203
12.5624
12.6055
12.6494
12.6942
12.7398
12.7861
12.8331
12.8805
12.9283
12.9763
13.0243
13.072
13.1191
13.1652
13.2101
13.2532
13.294
13.3319
13.3664
13.3966
13.4219
13.4413
13.454
13.4589
13.455
11.1729
11.2385
11.3009
11.3604
11.4172
11.4714
11.5234
11.5732
11.6212
11.6675
11.7123
11.7558
11.7982
11.8396
11.8803
11.9203
11.9599
11.9991
12.0382
12.0773
12.1164
12.1557
12.1954
12.2354
12.276
12.3173
12.3592
12.4019
12.4456
12.4901
12.5357
12.5822
12.6299
12.6787
12.7287
12.7797
12.832
12.8853
12.9396
12.995
13.0512
13.1082
13.1658
13.2238
13.2821
13.3402
13.398
13.455
13.5109
13.565
13.617
13.6661
13.7117
13.753
13.7891
13.819
13.8418
13.8562
13.8612
13.8554
11.1884
11.2593
11.3271
11.3922
11.4546
11.5145
11.5723
11.6279
11.6818
11.734
11.7848
11.8344
11.883
11.9306
11.9777
12.0242
12.0704
12.1164
12.1623
12.2085
12.2548
12.3016
12.3489
12.3969
12.4456
12.4952
12.5457
12.5973
12.6501
12.704
12.7593
12.8159
12.8739
12.9333
12.9942
13.0565
13.1202
13.1852
13.2516
13.3192
13.3879
13.4575
13.5278
13.5987
13.6698
13.7407
13.8111
13.8806
13.9485
14.0144
14.0775
14.137
14.192
14.2417
14.285
14.3206
14.3475
14.364
14.369
14.3607
11.2354
11.3113
11.3844
11.4549
11.523
11.5888
11.6526
11.7145
11.7747
11.8335
11.891
11.9474
12.003
12.0579
12.1124
12.1665
12.2205
12.2746
12.3289
12.3835
12.4387
12.4946
12.5513
12.609
12.6678
12.7277
12.789
12.8517
12.916
12.9818
13.0493
13.1186
13.1896
13.2624
13.3371
13.4136
13.4919
13.5719
13.6535
13.7366
13.8211
13.9068
13.9933
14.0805
14.1679
14.2551
14.3415
14.4268
14.51
14.5906
14.6677
14.7403
14.8073
14.8675
14.9197
14.9625
14.9943
15.0134
15.0181
15.0065
11.3313
11.4115
11.4893
11.565
11.6386
11.7104
11.7804
11.8489
11.916
11.9819
12.0469
12.1112
12.1748
12.2382
12.3013
12.3645
12.4279
12.4917
12.5561
12.6213
12.6874
12.7546
12.8231
12.8929
12.9643
13.0374
13.1123
13.1891
13.2679
13.3489
13.4321
13.5175
13.6053
13.6954
13.7878
13.8826
13.9797
14.0789
14.1803
14.2835
14.3884
14.4947
14.6022
14.7103
14.8187
14.9268
15.034
15.1394
15.2424
15.3419
15.4368
15.5261
15.6082
15.6819
15.7454
15.7971
15.835
15.8572
15.8615
15.8456
11.5033
11.5866
11.6683
11.7486
11.8275
11.905
11.9814
12.0568
12.1314
12.2053
12.2787
12.3519
12.425
12.4982
12.5718
12.646
12.7208
12.7967
12.8737
12.952
13.0318
13.1133
13.1967
13.2822
13.3698
13.4598
13.5523
13.6474
13.7452
13.8459
13.9496
14.0562
14.1659
14.2786
14.3944
14.5132
14.635
14.7596
14.8868
15.0164
15.1481
15.2817
15.4165
15.5522
15.6881
15.8236
15.9577
16.0896
16.2182
16.3422
16.4604
16.5712
16.673
16.7638
16.8419
16.9049
16.9506
16.9765
16.98
16.9585
11.7959
11.8807
11.9652
12.0492
12.1327
12.2159
12.2988
12.3815
12.4642
12.5471
12.6302
12.714
12.7984
12.8837
12.9702
13.058
13.1474
13.2385
13.3316
13.4269
13.5246
13.6248
13.7279
13.8339
13.943
14.0555
14.1714
14.2909
14.4142
14.5414
14.6725
14.8076
14.9468
15.09
15.2372
15.3884
15.5434
15.7021
15.8641
16.0292
16.197
16.367
16.5387
16.7112
16.8839
17.0559
17.2259
17.3929
17.5554
17.7119
17.8607
17.9998
18.1272
18.2406
18.3374
18.4151
18.4707
18.5013
18.5036
18.4745
12.2872
12.3717
12.4573
12.544
12.6317
12.7204
12.8101
12.901
12.9931
13.0867
13.1818
13.2787
13.3774
13.4783
13.5816
13.6874
13.796
13.9076
14.0225
14.1408
14.2628
14.3887
14.5187
14.653
14.7919
14.9355
15.084
15.2376
15.3963
15.5603
15.7297
15.9046
16.0848
16.2705
16.4615
16.6577
16.8589
17.0649
17.2751
17.4892
17.7067
17.9269
18.149
18.372
18.5949
18.8165
19.0353
19.2497
19.458
19.6581
19.8478
20.0248
20.1862
20.3293
20.4509
20.5478
20.6163
20.6527
20.6532
20.6139
13.1256
13.2085
13.2946
13.3838
13.4759
13.5712
13.6694
13.7708
13.8754
13.9834
14.0948
14.2099
14.3288
14.4518
14.579
14.7107
14.8471
14.9884
15.135
15.287
15.4447
15.6083
15.7781
15.9542
16.137
16.3265
16.523
16.7266
16.9375
17.1556
17.3812
17.6141
17.8544
18.1018
18.3563
18.6176
18.8854
19.1591
19.4383
19.7223
20.0103
20.3013
20.5943
20.8879
21.1808
21.4712
21.7573
22.0369
22.3077
22.5672
22.8125
23.0403
23.2475
23.4302
23.5847
23.7067
23.7919
23.8358
23.8336
23.7805
14.6252
14.7117
14.8034
14.9004
15.0031
15.1114
15.2256
15.3458
15.4722
15.6048
15.744
15.8898
16.0426
16.2024
16.3696
16.5444
16.7269
16.9176
17.1165
17.3241
17.5404
17.7657
18.0003
18.2443
18.4979
18.7613
19.0346
19.3179
19.6111
19.9144
20.2276
20.5506
20.8832
21.2251
21.576
21.9353
22.3025
22.6769
23.0576
23.4436
23.8337
24.2267
24.6209
25.0146
25.4057
25.7922
26.1715
26.5408
26.897
27.2369
27.5568
27.8528
28.1205
28.3554
28.5528
28.7074
28.814
28.867
28.8607
28.7892
17.5508
17.6831
17.8203
17.9637
18.1142
18.2726
18.4398
18.6163
18.8026
18.9993
19.2067
19.4253
19.6554
19.8972
20.151
20.4171
20.6957
20.9868
21.2908
21.6077
21.9375
22.2805
22.6366
23.0058
23.3881
23.7835
24.1917
24.6127
25.0463
25.492
25.9497
26.4189
26.8989
27.3893
27.8892
28.3979
28.9144
29.4374
29.9658
30.4981
31.0326
31.5675
32.1007
32.6298
33.1523
33.6653
34.1657
34.65
35.1145
35.555
35.9672
36.3463
36.6871
36.9842
37.2321
37.4245
37.5553
37.6179
37.6056
37.5116
24.1961
24.6623
25.1292
25.598
26.0695
26.5447
27.0242
27.5088
27.9991
28.4955
28.9986
29.5087
30.0263
30.5516
31.0849
31.6265
32.1765
32.7351
33.3024
33.8784
34.4633
35.0569
35.6592
36.2701
36.8894
37.5169
38.1523
38.7953
39.4455
40.1025
40.7656
41.4343
42.1078
42.7853
43.4658
44.1484
44.8318
45.5147
46.1956
46.8729
47.5449
48.2094
48.8642
49.5069
50.1348
50.745
51.3343
51.8992
52.4359
52.9404
53.4083
53.835
54.2153
54.5442
54.8159
55.0247
55.1643
55.2282
55.2098
55.102
68088.5
73351.2
75523.1
77397.6
78781.7
79971.9
81007.9
81951.4
82830.3
83666
84473.9
85268
86060.8
86863.1
87690.6
88562.4
89480.9
90426.7
91482.5
93007
95225.3
97023.7
97563
104502
132959
27544.5
29064.4
29467.2
30019.4
30445
30836.2
31188.8
31518.4
31831.1
32133.1
32429.3
32724.7
33025.2
33338.4
33673.6
34040.1
34457.2
34976.6
35674.3
36543.3
37512.1
39312.2
45136
57898.1
65581.9
15366.1
15835.3
15979.3
16212.9
16409.3
16599.7
16780.2
16956.5
17131.4
17308.1
17489.4
17679.2
17883
18108.4
18365.5
18668.6
19044.6
19539.8
20204.2
21077.8
22315.5
24606.3
29103.8
34606.3
34114.3
10219.1
10377
10431.6
10555.1
10671.3
10792
10913.7
11039
11170
11308.8
11458.1
11621.4
11804.7
12016.3
12268
12577.6
12975.7
13511.2
14245.1
15272.7
16787
19196.1
22617
24949.6
23306.1
7475.48
7512.92
7534.83
7613.91
7698.04
7791.59
7891.49
7999.27
8116.87
8246.53
8390.96
8553.94
8741.54
8963.09
9232.16
9569.07
10006.9
10599.9
11429.1
12596.3
14247.3
16493.1
18920.5
19816.6
19429.2
5808.3
5800.47
5814.36
5876.67
5949.6
6034.48
6128.88
6233.92
6351.72
6484.76
6636.23
6810.28
7013.13
7254.51
7549.39
7920.14
8402.46
9048.05
9928.48
11108
12606.1
14251.2
15475.5
15587.6
15595.9
4717.24
4696.55
4714.64
4773.73
4846.14
4932.01
5029.69
5140.16
5265.53
5408.59
5573.07
5763.79
5987.31
6252.76
6573.73
6970.35
7469.64
8099.78
8874.11
9751.82
10582.8
11095
11156.8
10702.9
10217.8
3973.01
3955.99
3985.06
4048.43
4126.49
4218.99
4325.4
4446.85
4584.69
4741.7
4921.56
5128.87
5368.68
5646.36
5967.58
6337.66
6752.79
7187.42
7575.8
7817.7
7812.92
7501.59
6859.95
5742.44
4515.18
3458.8
3454.17
3499.15
3571.24
3658.96
3761.2
3878.29
4011.06
4160.15
4327.07
4513.08
4719.13
4944.36
5184.49
5427.4
5654.74
5839.31
5951.53
5929.49
5717.82
5250.83
4593.94
3802.98
2819.36
1901.32
3109.37
3120.81
3181.76
3262.78
3359
3467.54
3588.2
3720.33
3863.06
4014.38
4169.16
4320.6
4460.02
4582.97
4671.92
4704.21
4654.02
4473.97
4143.2
3671.83
3079.14
2477.74
1931.92
1336.59
851.921
2874.61
2896.89
2963.94
3043.34
3133.15
3228.14
3325.4
3421.45
3512.77
3598.71
3671.87
3723.84
3746.47
3722.98
3627.86
3448.47
3181.23
2819.27
2395.65
1952.64
1542.8
1206.58
925.533
629.933
422.718
2683.13
2694.91
2740.26
2789.08
2838.79
2886.77
2928.39
2959.95
2977.85
2974.58
2937.3
2857.77
2731
2544.92
2302.89
2018.06
1711.63
1411.66
1139.01
904.713
716.754
574.072
451.717
323.59
242.072
2425.83
2398.35
2394.34
2392.66
2385.79
2367.44
2330.15
2270
2183.71
2063.32
1909.4
1726.63
1521.69
1309.17
1101.78
910.989
745.507
609.712
501.076
414.539
346.671
293.9
244.916
192.6
157.718
2022.41
1941.53
1867.33
1792.83
1705.11
1600.01
1477.86
1341.09
1193.5
1042.61
894.805
756.339
632.432
526.943
440.274
371.136
317.104
275.08
241.636
214.031
190.976
171.414
151.067
127.782
107.915
1435.44
1292.87
1150.11
1022.07
896.096
776.539
664.735
563.266
474.117
398.554
336.377
286.626
247.722
217.72
194.556
176.452
161.987
150.039
139.681
130.25
121.554
113.297
103.614
91.4213
77.9841
793.483
647.354
519.485
426.372
350.783
291.409
244.833
208.928
181.612
161.023
145.504
133.714
124.596
117.352
111.393
106.304
101.79
97.6296
93.6137
89.5673
85.4599
81.1279
75.5284
67.8643
59.3438
349.42
262.608
200.248
163.597
138.58
121.664
109.821
101.36
95.1373
90.4093
86.6801
83.6208
81.0096
78.6941
76.5665
74.5484
72.5808
70.6089
68.5565
66.3426
63.9504
61.2336
57.5498
52.7042
47.0059
147.082
112.909
92.9605
82.7694
76.3936
72.2045
69.2132
66.9437
65.1201
63.5819
62.2292
60.9977
59.8434
58.7337
57.6423
56.5463
55.4251
54.2525
52.9819
51.5595
49.9592
48.0487
45.5099
42.3322
38.2563
76.3725
65.2336
59.4355
56.3323
54.2836
52.7984
51.6236
50.6381
49.7726
48.9857
48.2502
47.5469
46.8608
46.1794
45.4901
44.7804
44.0374
43.2414
42.3568
41.3409
40.1604
38.752
36.9734
34.7542
31.708
51.0556
47.1781
44.9275
43.4949
42.4551
41.6342
40.9452
40.3412
39.7934
39.283
38.7965
38.3236
37.8554
37.3836
36.8992
36.3929
35.8539
35.2652
34.5976
33.8168
32.9343
31.8852
30.5857
28.9583
26.6464
38.9529
37.2432
36.0493
35.1472
34.4596
33.8988
33.4198
32.9947
32.6057
32.2403
31.8893
31.5452
31.2014
30.8512
30.4872
30.1016
29.6848
29.2215
28.6927
28.1032
27.4311
26.6307
25.6556
24.4323
22.689
31.4118
30.4367
29.6811
29.0719
28.5753
28.1636
27.8085
27.4912
27.199
26.9228
26.6557
26.3917
26.1255
25.8515
25.5636
25.2546
24.9158
24.5431
24.1403
23.6882
23.1689
22.5545
21.8175
20.8952
19.6106
26.0426
25.4137
24.9032
24.4768
24.1078
23.7962
23.524
23.2784
23.0503
22.833
22.6211
22.4099
22.1949
21.9714
21.7342
21.4769
21.2081
20.9276
20.6183
20.2708
19.872
19.4057
18.8541
18.1702
17.256
22.0323
21.6094
21.2548
20.9502
20.6792
20.44
20.2275
20.0331
19.8506
19.6751
19.5023
19.3287
19.1505
18.9637
18.7696
18.5727
18.3717
18.1588
17.9242
17.6615
17.3622
17.0172
16.6146
16.1243
15.5019
19.012
18.7234
18.4742
18.2547
18.0567
17.8746
17.7079
17.5532
17.4061
17.2631
17.1212
16.9773
16.8322
16.6872
16.5414
16.3942
16.244
16.0865
15.9138
15.7217
15.5053
15.2598
14.9774
14.6424
14.2402
16.7679
16.5699
16.3942
16.2359
16.0907
15.9557
15.8283
15.7068
15.5895
15.4755
15.3638
15.2537
15.1445
15.0358
14.9268
14.8168
14.7049
14.5901
14.4686
14.3349
14.1863
14.0203
13.8328
13.6175
13.3725
15.1695
15.034
14.9106
14.797
14.6911
14.5913
14.4964
14.4053
14.3172
14.2314
14.1473
14.0645
13.9825
13.901
13.8193
13.7372
13.654
13.5694
13.4826
13.393
13.2975
13.1925
13.0764
12.9477
12.8079
14.092
14.0075
13.9269
13.85
13.7768
13.7064
13.6384
13.5718
13.5057
13.4408
13.3772
13.3145
13.2524
13.1908
13.1294
13.0679
13.0062
12.9439
12.8808
12.8166
12.7509
12.6837
12.6153
12.5452
12.4722
13.4318
13.3834
13.3358
13.289
13.2431
13.198
13.1533
13.1086
13.0635
13.0175
12.9698
12.9214
12.8736
12.8263
12.7794
12.7328
12.6864
12.6402
12.5941
12.5479
12.5018
12.4557
12.4097
12.3639
12.3185
13.0521
13.0264
13.0003
12.9737
12.9468
12.9195
12.8917
12.8632
12.8339
12.8033
12.7713
12.7374
12.7011
12.6618
12.6227
12.5839
12.5454
12.5073
12.4694
12.4318
12.3944
12.3572
12.3203
12.2836
12.2471
12.7896
12.776
12.7616
12.7465
12.7307
12.7142
12.6968
12.6786
12.6595
12.6392
12.6176
12.5946
12.5697
12.5429
12.5137
12.4818
12.4467
12.4107
12.3749
12.3392
12.3036
12.268
12.2324
12.1968
12.161
12.5247
12.5166
12.508
12.4987
12.4887
12.4781
12.4667
12.4546
12.4417
12.4279
12.4131
12.3971
12.38
12.3615
12.3415
12.3199
12.2965
12.2714
12.2443
12.2152
12.1838
12.1502
12.1143
12.0784
12.0424
12.1847
12.1788
12.1724
12.1656
12.1583
12.1505
12.1422
12.1333
12.1238
12.1136
12.1028
12.0912
12.0788
12.0655
12.0512
12.0361
12.0199
12.0026
11.9844
11.9652
11.9451
11.9241
11.9026
11.8807
11.859
11.8475
11.8445
11.8413
11.8379
11.8342
11.8302
11.8259
11.8214
11.8165
11.8112
11.8056
11.7996
11.7931
11.7863
11.7791
11.7714
11.7633
11.7549
11.7461
11.737
11.7276
11.718
11.7084
11.6988
11.6895
11.5972
11.598
11.5987
11.5993
11.5998
11.6001
11.6004
11.6005
11.6004
11.6003
11.5999
11.5995
11.5988
11.5981
11.5972
11.5962
11.5951
11.5939
11.5926
11.5913
11.59
11.5887
11.5875
11.5865
11.5856
11.4414
11.4451
11.4488
11.4525
11.4561
11.4596
11.4632
11.4666
11.4701
11.4734
11.4768
11.48
11.4833
11.4865
11.4897
11.4928
11.496
11.4991
11.5023
11.5054
11.5086
11.5119
11.5152
11.5186
11.5221
11.3508
11.3563
11.3618
11.3672
11.3727
11.3781
11.3835
11.3889
11.3943
11.3997
11.405
11.4104
11.4158
11.4211
11.4265
11.4318
11.4372
11.4425
11.4479
11.4533
11.4588
11.4643
11.4698
11.4753
11.4809
11.2971
11.3034
11.3098
11.3162
11.3225
11.3289
11.3353
11.3417
11.348
11.3544
11.3608
11.3672
11.3735
11.3799
11.3863
11.3927
11.3992
11.4056
11.412
11.4185
11.425
11.4315
11.438
11.4446
11.4511
11.2614
11.2682
11.275
11.2818
11.2886
11.2954
11.3022
11.309
11.3159
11.3227
11.3295
11.3364
11.3432
11.3501
11.357
11.3639
11.3707
11.3776
11.3846
11.3915
11.3984
11.4054
11.4123
11.4193
11.4263
11.2335
11.2405
11.2475
11.2545
11.2614
11.2684
11.2754
11.2825
11.2895
11.2965
11.3035
11.3106
11.3176
11.3247
11.3317
11.3388
11.3459
11.353
11.3601
11.3672
11.3744
11.3815
11.3887
11.3958
11.403
11.2081
11.2151
11.2221
11.2292
11.2363
11.2433
11.2504
11.2575
11.2646
11.2717
11.2788
11.2859
11.293
11.3001
11.3073
11.3144
11.3216
11.3288
11.336
11.3431
11.3503
11.3576
11.3648
11.372
11.3792
11.1825
11.1896
11.1966
11.2037
11.2108
11.2178
11.2249
11.232
11.2391
11.2463
11.2534
11.2605
11.2677
11.2748
11.282
11.2892
11.2964
11.3036
11.3108
11.318
11.3252
11.3324
11.3397
11.3469
11.3542
11.1558
11.1629
11.1699
11.177
11.184
11.1911
11.1982
11.2053
11.2124
11.2196
11.2267
11.2338
11.241
11.2481
11.2553
11.2625
11.2696
11.2768
11.284
11.2912
11.2985
11.3057
11.3129
11.3202
11.3274
11.1278
11.1348
11.1418
11.1489
11.156
11.163
11.1701
11.1772
11.1843
11.1914
11.1985
11.2057
11.2128
11.2199
11.2271
11.2342
11.2414
11.2486
11.2558
11.263
11.2702
11.2774
11.2846
11.2919
11.2991
11.0987
11.1058
11.1128
11.1198
11.1269
11.1339
11.141
11.1481
11.1552
11.1622
11.1693
11.1765
11.1836
11.1907
11.1978
11.205
11.2121
11.2193
11.2265
11.2337
11.2409
11.2481
11.2553
11.2625
11.2697
11.0696
11.0766
11.0836
11.0906
11.0977
11.1047
11.1117
11.1188
11.1259
11.1329
11.14
11.1471
11.1542
11.1613
11.1685
11.1756
11.1827
11.1899
11.197
11.2042
11.2114
11.2186
11.2257
11.2329
11.2402
11.0418
11.0488
11.0558
11.0628
11.0698
11.0768
11.0838
11.0909
11.0979
11.105
11.1121
11.1191
11.1262
11.1333
11.1404
11.1476
11.1547
11.1618
11.169
11.1761
11.1833
11.1904
11.1976
11.2048
11.212
11.0176
11.0246
11.0315
11.0385
11.0455
11.0526
11.0596
11.0666
11.0737
11.0807
11.0878
11.0948
11.1019
11.109
11.1161
11.1232
11.1303
11.1375
11.1446
11.1517
11.1589
11.166
11.1732
11.1804
11.1876
11.0004
11.0074
11.0144
11.0214
11.0284
11.0354
11.0424
11.0494
11.0565
11.0635
11.0706
11.0777
11.0848
11.0918
11.0989
11.106
11.1132
11.1203
11.1274
11.1346
11.1417
11.1489
11.1561
11.1632
11.1704
10.9953
11.0023
11.0093
11.0163
11.0233
11.0303
11.0374
11.0444
11.0515
11.0586
11.0656
11.0727
11.0798
11.0869
11.0941
11.1012
11.1083
11.1155
11.1226
11.1298
11.1369
11.1441
11.1513
11.1585
11.1657
11.0096
11.0167
11.0237
11.0308
11.0378
11.0449
11.052
11.0591
11.0662
11.0733
11.0804
11.0876
11.0947
11.1019
11.109
11.1162
11.1234
11.1306
11.1378
11.145
11.1522
11.1594
11.1666
11.1739
11.1811
11.0545
11.0616
11.0688
11.0759
11.0831
11.0902
11.0974
11.1046
11.1118
11.119
11.1262
11.1334
11.1406
11.1478
11.1551
11.1623
11.1696
11.1769
11.1842
11.1915
11.1988
11.2061
11.2134
11.2207
11.2281
11.1466
11.1539
11.1612
11.1685
11.1758
11.1831
11.1904
11.1977
11.2051
11.2124
11.2198
11.2272
11.2345
11.2419
11.2493
11.2567
11.2641
11.2716
11.279
11.2865
11.2939
11.3014
11.3088
11.3163
11.3238
11.3123
11.3198
11.3274
11.3349
11.3424
11.35
11.3576
11.3651
11.3727
11.3803
11.3879
11.3955
11.4032
11.4108
11.4185
11.4261
11.4338
11.4415
11.4492
11.4569
11.4646
11.4723
11.48
11.4878
11.4955
11.5945
11.6024
11.6103
11.6183
11.6262
11.6342
11.6422
11.6502
11.6582
11.6662
11.6742
11.6822
11.6903
11.6983
11.7064
11.7145
11.7226
11.7307
11.7388
11.7469
11.755
11.7632
11.7713
11.7795
11.7877
12.0682
12.0768
12.0855
12.0941
12.1027
12.1114
12.1201
12.1287
12.1374
12.1461
12.1549
12.1636
12.1723
12.1811
12.1899
12.1986
12.2074
12.2162
12.2251
12.2339
12.2427
12.2516
12.2605
12.2694
12.2783
12.8757
12.8855
12.8953
12.9052
12.915
12.9249
12.9348
12.9447
12.9546
12.9646
12.9745
12.9845
12.9945
13.0044
13.0145
13.0245
13.0345
13.0446
13.0547
13.0648
13.0749
13.085
13.0951
13.1053
13.1154
14.3157
14.3278
14.34
14.3522
14.3643
14.3766
14.3888
14.401
14.4133
14.4256
14.4379
14.4503
14.4626
14.475
14.4874
14.4998
14.5123
14.5247
14.5372
14.5497
14.5622
14.5748
14.5874
14.5999
14.6126
17.1086
17.1259
17.1432
17.1605
17.1779
17.1953
17.2127
17.2302
17.2477
17.2652
17.2828
17.3004
17.3181
17.3358
17.3535
17.3712
17.389
17.4069
17.4247
17.4426
17.4606
17.4785
17.4965
17.5146
17.5327
23.3735
23.4053
23.4372
23.4692
23.5013
23.5335
23.5658
23.5981
23.6306
23.6631
23.6957
23.7284
23.7612
23.7941
23.8271
23.8602
23.8934
23.9266
23.96
23.9934
24.027
24.0606
24.0944
24.1282
24.1621
13780.3
5643.81
3428.11
2486.52
1967.32
1631.41
1389.32
1201.54
1048.66
920.303
810.419
715.263
632.298
559.492
495.006
437.357
385.829
340.523
301.808
269.48
242.388
218.887
197.576
177.66
158.875
141.257
124.935
110.013
96.535
84.4863
73.8009
64.3862
56.1382
48.9442
42.6886
37.261
32.5592
28.4881
24.9609
21.9011
19.2425
16.9274
14.9075
13.1419
11.5963
10.2414
9.05271
8.00857
7.09352
6.27843
10772.5
5379.49
3397.06
2482.95
1968.12
1632.81
1390.57
1202.52
1049.41
920.86
810.835
715.574
632.532
559.669
495.138
437.456
385.902
340.576
301.847
269.509
242.41
218.903
197.588
177.669
158.883
141.265
124.942
110.019
96.5408
84.4916
73.8056
64.3904
56.1418
48.9473
42.6912
37.2631
32.561
28.4895
24.962
21.902
19.2432
16.928
14.9079
13.1422
11.5965
10.2415
9.05279
8.00861
7.09352
6.2784
8547.27
4991.55
3332.16
2474.45
1970.09
1636.33
1393.75
1205.05
1051.33
922.303
811.913
716.381
633.137
560.126
495.487
437.723
386.104
340.72
301.936
269.552
242.422
218.9
197.583
177.669
158.889
141.277
124.96
110.04
96.563
84.5137
73.8267
64.4098
56.1592
48.9626
42.7043
37.2742
32.5701
28.4969
24.968
21.9067
19.2468
16.9307
14.9099
13.1437
11.5975
10.2422
9.05314
8.00873
7.09346
6.27817
6975.93
4585.34
3240.16
2460.11
1973.48
1642.78
1399.73
1209.85
1055.02
925.084
813.999
717.947
634.317
561.019
496.166
438.24
386.489
340.99
302.104
269.639
242.455
218.906
197.582
177.672
158.902
141.299
124.989
110.073
96.5977
84.5481
73.8594
64.4399
56.1861
48.9861
42.7245
37.2912
32.5842
28.5084
24.9771
21.9139
19.2523
16.9349
14.913
13.1459
11.599
10.2432
9.0537
8.00893
7.09338
6.27784
5804.84
4196.17
3129.81
2439.44
1978.12
1652.79
1409.37
1217.79
1061.2
929.79
817.556
720.631
636.346
562.56
497.341
439.131
387.147
341.444
302.381
269.777
242.504
218.912
197.578
177.676
158.919
141.329
125.028
110.119
96.646
84.5961
73.9051
64.482
56.2238
49.0192
42.7529
37.3151
32.604
28.5245
24.99
21.9241
19.2602
16.9409
14.9175
13.1491
11.6012
10.2446
9.05451
8.00924
7.0933
6.27738
4902.24
3831.31
3006.9
2411.72
1983.04
1666.35
1423.3
1229.67
1070.67
937.122
823.16
724.896
639.593
565.039
499.238
440.574
388.21
342.172
302.815
269.981
242.563
218.904
197.555
177.665
158.929
141.36
125.075
110.175
96.7072
84.6577
73.9643
64.5369
56.2733
49.0626
42.7903
37.3467
32.6302
28.546
25.0072
21.9376
19.2707
16.9489
14.9235
13.1534
11.6042
10.2465
9.05561
8.00967
7.09321
6.27679
4198.73
3493.86
2874.76
2375.76
1986.25
1682.48
1441.49
1246
1084.13
947.796
831.463
731.296
644.512
568.824
502.156
442.808
389.866
343.304
303.48
270.276
242.623
218.856
197.486
177.617
158.916
141.379
125.12
110.237
96.7779
84.7314
74.0365
64.6047
56.3349
49.1172
42.8376
37.3868
32.6636
28.5733
25.0292
21.955
19.2842
16.9592
14.9311
13.159
11.6081
10.2491
9.05706
8.01024
7.09311
6.27604
3653.54
3188.85
2736.61
2330.33
1985.03
1699.01
1462.85
1266.58
1101.9
962.357
843.07
740.411
651.618
574.354
506.464
446.144
392.369
345.037
304.503
270.719
242.687
218.742
197.332
177.495
158.848
141.365
125.147
110.293
96.8512
84.8127
74.1191
64.684
56.4082
49.1828
42.8949
37.4358
32.7046
28.6069
25.0564
21.9766
19.301
16.972
14.9407
13.166
11.613
10.2522
9.05887
8.01097
7.09299
6.27511
3239.37
2922.6
2596.89
2274.85
1976.42
1712.8
1485.12
1290.17
1123.55
980.894
858.345
752.716
661.401
582.088
512.575
450.951
396.047
347.646
306.087
271.425
242.789
218.541
197.051
177.252
158.685
141.284
125.133
110.326
96.9148
84.8932
74.2066
64.7715
56.4911
49.2584
42.9617
37.4934
32.7532
28.6471
25.0889
22.0024
19.3212
16.9875
14.9523
13.1744
11.6188
10.2561
9.06106
8.01185
7.09283
6.27396
2934.24
2699.65
2460.74
2209.49
1957.61
1720.19
1505.03
1314.41
1147.66
1002.74
877.14
768.374
674.182
592.409
520.883
457.617
401.278
351.488
308.538
272.609
243.035
218.271
196.608
176.834
158.374
141.09
125.04
110.309
96.9491
84.9592
74.2895
64.8607
56.5793
49.3411
43.0362
37.5586
32.8087
28.6933
25.1267
22.0326
19.3449
17.0057
14.9659
13.1843
11.6258
10.2606
9.06362
8.01284
7.09259
6.27255
2712.42
2517.31
2330.93
2134.08
1925.55
1716.99
1518.46
1335.88
1171.74
1026.29
898.552
786.998
689.915
605.465
531.643
466.46
408.43
356.97
312.266
274.62
243.653
218.028
196.006
176.198
157.855
140.728
124.822
110.204
96.9259
84.9898
74.3528
64.941
56.6655
49.4259
43.1152
37.6292
32.8698
28.7448
25.169
22.0667
19.3717
17.0263
14.9814
13.1956
11.6336
10.2656
9.06647
8.01387
7.09219
6.2708
2529.49
2356.34
2201.08
2044.53
1875.17
1697.55
1520.07
1350.02
1192.16
1048.85
920.746
807.443
707.971
620.989
544.817
477.593
417.741
364.452
317.735
277.947
245.047
218.059
195.343
175.345
157.083
140.138
124.422
109.965
96.8072
84.9562
74.3749
64.9965
56.7382
49.5046
43.1926
37.701
32.9335
28.7993
25.2144
22.1036
19.4009
17.0489
14.9985
13.208
11.6422
10.2711
9.06945
8.01481
7.09151
6.2686
2306.92
2167.57
2043.41
1924.28
1794.18
1651.67
1501.39
1350.02
1203.63
1066.42
940.772
827.63
726.963
638.112
559.905
490.771
429.165
374.092
325.32
283.146
247.81
218.835
194.893
174.382
156.065
139.28
123.784
109.535
96.5464
84.8205
74.3264
65.0051
56.781
49.5651
43.2598
37.7676
32.9951
28.8537
25.2605
22.1415
19.4312
17.0725
15.0162
13.2209
11.651
10.2767
9.07228
8.01542
7.09034
6.2658
1946.94
1865.19
1792.32
1727.04
1649.96
1555.55
1444.96
1323.22
1197
1072.39
953.875
844.151
744.477
655.161
575.772
505.236
442.219
385.661
335.091
290.619
252.606
221.059
195.198
173.621
154.93
138.175
122.88
108.869
96.0941
84.539
74.1713
64.9381
56.7716
49.5906
43.3041
37.8197
33.0478
28.9026
25.3035
22.1777
19.4606
17.0955
15.0336
13.2334
11.6594
10.2817
9.07451
8.01535
7.08841
6.26218
1390.79
1368.11
1357.04
1362.99
1364.03
1347.08
1305.48
1238.45
1151.42
1052.9
950.808
850.765
756.228
669.167
590.35
519.516
455.831
398.387
346.585
300.314
259.854
225.5
197.071
173.686
154.049
136.993
121.757
107.954
95.4146
84.0697
73.87
64.7618
56.6828
49.5596
43.3089
37.8445
33.0818
28.9389
25.3379
22.2079
19.4857
17.1154
15.0486
13.244
11.6663
10.2853
9.07548
8.01408
7.08527
6.25743
770.142
771.842
785.99
823.308
875.064
931.15
979.674
1006.62
1002.43
966.642
906.509
832.162
752.595
673.96
599.585
530.847
468.015
410.766
358.646
311.449
269.306
232.532
201.343
175.487
154.135
136.179
120.645
106.881
94.5244
83.3952
73.3924
64.444
56.4852
49.4473
43.2541
37.8263
33.085
28.953
25.3564
22.2266
19.5024
17.129
15.0588
13.2508
11.6701
10.2864
9.07423
8.01085
7.08035
6.25113
337.642
337.364
342.308
358.68
387.952
431.991
492.47
565.814
640.805
701.294
733.236
731.428
700.669
651.133
592.804
532.685
474.558
419.898
369.099
322.314
279.718
241.577
208.219
179.822
156.156
136.542
120.083
105.956
93.5718
82.5714
72.7467
63.9712
56.1575
49.2313
43.1193
37.7475
33.0428
28.9335
25.3498
22.2266
19.5049
17.1318
15.0606
13.2512
11.6687
10.2833
9.06949
8.00467
7.07284
6.2427
142.19
140.166
139.046
140.29
144.358
152.269
166.817
192.553
234.471
294.47
367.423
440.467
497.45
526.496
525.403
500.761
462.343
418.171
373.092
329.514
288.519
250.712
216.586
186.529
160.717
139.014
120.945
105.822
92.9599
81.8226
72.0431
63.3882
55.7099
48.9055
42.8919
37.5941
32.9422
28.8687
25.3083
22.1998
19.4869
17.1187
15.0501
13.2417
11.6594
10.2739
9.05962
7.99425
7.06173
6.23141
74.8648
73.7488
72.5768
71.8118
71.4316
71.3681
71.7673
73.042
76.2809
84.1992
101.869
134.863
184.856
246.32
306.995
352.847
374.909
372.906
353.126
323.409
289.765
255.812
223.458
193.674
167.007
143.764
123.965
107.337
93.4103
81.6558
71.5984
62.8756
55.237
48.5143
42.5885
37.3685
32.7787
28.7517
25.2248
22.1394
19.4421
17.0844
15.0227
13.2188
11.6395
10.2558
9.0427
7.97808
7.0458
6.21635
50.2231
49.8704
49.315
48.8463
48.4734
48.1437
47.8573
47.6216
47.4446
47.3663
47.5428
48.5718
52.4988
63.9639
88.1527
126.147
172.65
217.373
249.659
263.623
260.019
243.965
221.277
196.326
171.752
148.942
128.532
110.753
95.5794
82.7791
71.9935
62.8438
55.0023
48.2158
42.2989
37.1187
32.5762
28.5929
25.1019
22.0444
19.3681
17.0257
14.9752
13.1795
11.6061
10.2267
9.01681
7.95455
7.02374
6.19654
38.5049
38.3342
38.0459
37.7643
37.5199
37.2851
37.0602
36.8488
36.6485
36.4558
36.2691
36.0895
35.93
35.8584
36.2148
38.426
46.0939
63.2105
90.1572
122.458
152.535
173.25
181.131
177.145
164.962
148.598
131.065
114.171
98.8148
85.3239
73.7128
63.8363
55.4663
48.3484
42.2514
36.9901
32.4238
28.4451
24.9702
21.9318
19.2735
16.9467
14.909
13.1236
11.5584
10.1855
8.98071
7.92248
6.99451
6.17109
31.1498
31.0366
30.8672
30.6779
30.5037
30.3303
30.157
29.9874
29.8206
29.6543
29.4864
29.3149
29.1375
28.9515
28.7545
28.5509
28.3804
28.4676
29.7827
34.7668
46.0394
63.6325
84.4008
103.45
116.364
121.039
118.083
109.799
98.7858
87.0566
75.8381
65.7208
56.8827
49.284
42.7945
37.2579
32.5196
28.4432
24.9183
21.8582
19.1941
16.8695
14.8375
13.059
11.5009
10.1346
8.9355
7.88226
6.95808
6.13974
25.8893
25.8172
25.711
25.5784
25.4497
25.319
25.185
25.0505
24.9155
24.7785
24.6379
24.492
24.3389
24.1762
24.001
23.8098
23.5995
23.3684
23.1203
22.8836
22.799
23.4317
26.1789
32.6294
42.9291
55.3197
66.9685
75.209
78.5831
77.1881
72.2474
65.34
57.804
50.5089
43.8923
38.0936
33.0898
28.7947
25.1103
21.9444
19.2149
16.8522
14.7996
13.0116
11.4505
10.0848
8.88814
7.83826
6.91724
6.10401
21.949
21.9099
21.8432
21.7519
21.6581
21.5611
21.4598
21.356
21.2503
21.1418
21.0293
20.9116
20.787
20.6539
20.5098
20.3523
20.1788
19.9871
19.7754
19.5427
19.289
19.0175
18.7437
18.5352
18.6447
19.7202
22.661
27.8321
34.5473
41.357
46.6893
49.4551
49.379
46.9309
42.969
38.3531
33.7176
29.4237
25.6159
22.3073
19.4527
16.9924
14.8702
13.0361
11.4462
10.0635
8.85753
7.80335
6.88085
6.06935
18.9751
18.9621
18.9222
18.8621
18.7963
18.7263
18.6517
18.5736
18.4929
18.4091
18.3214
18.2289
18.1305
18.0246
17.9098
17.784
17.6454
17.4922
17.3227
17.136
16.9311
16.7071
16.4635
16.1998
15.9169
15.6206
15.3349
15.1439
15.2783
16.1524
18.1404
21.1937
24.7478
27.9723
30.1126
30.7537
29.9124
27.9405
25.3233
22.4987
19.7662
17.2809
15.0921
13.1901
11.543
10.1162
8.87875
7.80365
6.8683
6.0485
16.7622
16.7609
16.7404
16.7044
16.661
16.6126
16.5591
16.5016
16.4409
16.3767
16.3088
16.2363
16.1586
16.0745
15.9828
15.8822
15.7711
15.6482
15.5121
15.3619
15.1964
15.0148
14.8163
14.5999
14.3646
14.1097
13.8344
13.5386
13.224
12.8974
12.5807
12.3359
12.2996
12.6726
13.5982
15.0036
16.5791
17.9085
18.6383
18.5973
17.8256
16.518
14.9234
13.2597
11.6728
10.2358
8.96926
7.86436
6.90495
6.06111
15.18
15.1842
15.1763
15.1569
15.1299
15.0974
15.0596
15.0173
14.9712
14.9215
14.8678
14.8098
14.7469
14.6782
14.6029
14.5199
14.4282
14.3265
14.2137
14.0889
13.9511
13.7994
13.6329
13.4505
13.2513
13.0344
12.799
12.5441
12.2694
11.9743
11.659
11.3242
10.9721
10.6083
10.247
9.92135
9.69534
9.6557
9.86375
10.2911
10.8029
11.2102
11.347
11.13
10.5739
9.76781
8.82939
7.86342
6.94799
6.09705
14.104
14.1112
14.1107
14.1017
14.0859
14.0643
14.0375
14.006
13.9703
13.9306
13.8868
13.8387
13.7858
13.7275
13.6631
13.5917
13.5126
13.4247
13.3271
13.2188
13.099
12.9668
12.821
12.6609
12.4855
12.2937
12.0848
11.8579
11.6124
11.3478
11.0638
10.7606
10.4384
10.0979
9.74026
9.36715
8.98127
8.58708
8.1927
7.81355
7.47628
7.21644
7.06283
7.01323
7.02181
7.01262
6.91092
6.67085
6.29313
5.79103
13.4417
13.4482
13.4496
13.4449
13.4346
13.419
13.3985
13.3733
13.3438
13.3103
13.2725
13.2304
13.1835
13.1314
13.0736
13.0092
12.9375
12.8578
12.7692
12.6707
12.5616
12.4409
12.3075
12.1607
11.9995
11.8228
11.6299
11.4199
11.1922
10.9463
10.6818
10.3987
10.0971
9.77772
9.44127
9.08899
8.72243
8.34349
7.95442
7.55784
7.15678
6.755
6.35742
5.97124
5.60723
5.27947
5.00124
4.77688
4.59525
4.43124
13.0574
13.0601
13.0593
13.0543
13.0448
13.0309
13.0127
12.9902
12.9636
12.933
12.8983
12.8592
12.8156
12.7669
12.7126
12.6521
12.5847
12.5096
12.426
12.3331
12.23
12.1159
11.9897
11.8506
11.6976
11.5298
11.3464
11.1464
10.9293
10.6946
10.4418
10.1709
9.88193
9.57543
9.25212
8.9131
8.5598
8.19399
7.81772
7.43333
7.04336
6.6505
6.25752
5.86725
5.48249
5.1061
4.74106
4.39076
4.05936
3.75233
12.7899
12.7881
12.7837
12.7764
12.7655
12.7511
12.733
12.7112
12.6856
12.6562
12.6229
12.5856
12.5437
12.497
12.445
12.3869
12.3223
12.2502
12.1701
12.0809
11.982
11.8724
11.7513
11.6176
11.4705
11.309
11.1324
10.9398
10.7305
10.5039
10.2598
9.99792
9.71836
9.42151
9.10806
8.77902
8.43573
8.07987
7.7134
7.33857
6.95782
6.57375
6.18906
5.80644
5.42852
5.0578
4.6966
4.34699
4.01078
3.68953
12.5209
12.5154
12.508
12.4981
12.4856
12.4702
12.4516
12.4298
12.4046
12.376
12.3438
12.3076
12.2673
12.2223
12.1722
12.1165
12.0544
11.9853
11.9084
11.8229
11.7281
11.6229
11.5066
11.3783
11.2371
11.082
10.9122
10.7269
10.5255
10.3073
10.072
9.8193
9.54932
9.26236
8.95903
8.64025
8.30728
7.96169
7.60535
7.24042
6.86923
6.49432
6.11831
5.74382
5.37345
5.00967
4.65477
4.3108
3.97954
3.66248
12.1792
12.1723
12.1637
12.1532
12.1405
12.1254
12.1076
12.0869
12.0632
12.0362
12.0059
11.9719
11.9338
11.8914
11.8441
11.7913
11.7326
11.6672
11.5944
11.5134
11.4235
11.3239
11.2136
11.0917
10.9575
10.8101
10.6485
10.472
10.2799
10.0717
9.84684
9.60513
9.34656
9.07137
8.78008
8.47353
8.15287
7.81955
7.47533
7.12225
6.76254
6.39863
6.03304
5.66836
5.3071
4.95171
4.60445
4.26739
3.9423
3.63072
11.8415
11.8342
11.8256
11.8154
11.8033
11.7892
11.7727
11.7536
11.7318
11.7069
11.6788
11.6472
11.6117
11.572
11.5276
11.478
11.4226
11.3609
11.2921
11.2155
11.1304
11.036
10.9314
10.8158
10.6884
10.5481
10.3944
10.2262
10.043
9.84422
9.6293
9.398
9.15025
8.88625
8.60643
8.31154
8.00263
7.68106
7.34846
7.00676
6.6581
6.3048
5.94931
5.59413
5.24173
4.89451
4.55472
4.22442
3.9054
3.5992
11.5909
11.5834
11.5748
11.5647
11.553
11.5395
11.5239
11.506
11.4855
11.4622
11.4358
11.406
11.3724
11.3347
11.2925
11.2452
11.1924
11.1334
11.0676
10.9943
10.9127
10.8221
10.7217
10.6107
10.4881
10.3532
10.2051
10.043
9.86635
9.67442
9.46677
9.24309
9.0033
8.74752
8.47614
8.18985
7.88962
7.57673
7.25275
6.91951
6.57907
6.2337
5.88575
5.53769
5.19194
4.85088
4.51672
4.19153
3.8771
3.57499
11.4347
11.4269
11.4181
11.4079
11.3962
11.3829
11.3677
11.3503
11.3305
11.308
11.2826
11.2538
11.2215
11.1851
11.1442
11.0984
11.0471
10.9898
10.9258
10.8545
10.7752
10.687
10.5892
10.4809
10.3614
10.2298
10.0852
9.92698
9.75435
9.56672
9.36361
9.14471
8.9099
8.65927
8.3932
8.11232
7.81756
7.51015
7.19161
6.86372
6.52849
6.18814
5.845
5.50146
5.15995
4.82281
4.49226
4.17033
3.85885
3.55937
11.3438
11.3358
11.3267
11.3164
11.3046
11.2913
11.2761
11.2589
11.2394
11.2173
11.1923
11.1641
11.1324
11.0967
11.0566
11.0116
10.9613
10.905
10.8421
10.7719
10.6938
10.607
10.5107
10.4041
10.2864
10.1567
10.0142
9.85819
9.68794
9.50284
9.30241
9.08631
8.85443
8.60685
8.3439
8.06621
7.77468
7.47052
7.15519
6.83047
6.49834
6.16097
5.82067
5.47983
5.14085
4.80604
4.47763
4.15765
3.84793
3.55002
11.2898
11.2817
11.2724
11.2619
11.2501
11.2366
11.2214
11.2042
11.1848
11.1629
11.1382
11.1103
11.0789
11.0436
11.0039
10.9594
10.9096
10.8539
10.7916
10.7222
10.6449
10.5589
10.4635
10.3578
10.2412
10.1126
9.97138
9.8167
9.64787
9.46428
9.26545
9.05105
8.82092
8.57517
8.31411
8.03834
7.74876
7.44654
7.13316
6.81035
6.48009
6.14452
5.80594
5.46673
5.12927
4.79588
4.46877
4.14998
3.84131
3.54435
11.2541
11.2458
11.2365
11.2259
11.214
11.2005
11.1853
11.1681
11.1487
11.1269
11.1023
11.0745
11.0433
11.0083
10.9689
10.9247
10.8753
10.8199
10.7581
10.6891
10.6123
10.5268
10.432
10.327
10.2111
10.0833
9.94286
9.78906
9.62117
9.43859
9.24082
9.02754
8.79859
8.55405
8.29423
8.01975
7.73146
7.43055
7.11846
6.79693
6.4679
6.13353
5.79611
5.45799
5.12154
4.7891
4.46286
4.14485
3.8369
3.54057
11.2262
11.2179
11.2085
11.1979
11.1859
11.1724
11.1572
11.1401
11.1207
11.099
11.0744
11.0468
11.0158
10.9809
10.9417
10.8978
10.8486
10.7935
10.732
10.6634
10.5869
10.5019
10.4076
10.3031
10.1876
10.0604
9.92065
9.76753
9.60038
9.41858
9.22164
9.00922
8.78118
8.53758
8.27874
8.00525
7.71797
7.41807
7.10699
6.78645
6.4584
6.12497
5.78844
5.45116
5.11551
4.78381
4.45824
4.14085
3.83345
3.53762
11.2007
11.1924
11.183
11.1724
11.1605
11.147
11.1318
11.1147
11.0954
11.0737
11.0493
11.0218
10.9908
10.9561
10.9171
10.8734
10.8244
10.7696
10.7084
10.6401
10.564
10.4794
10.3854
10.2814
10.1664
10.0398
9.90055
9.74805
9.58155
9.40046
9.20426
8.99263
8.76541
8.52267
8.26471
7.99211
7.70575
7.40676
7.0966
6.77696
6.44978
6.11719
5.78147
5.44497
5.11004
4.779
4.45405
4.13722
3.83032
3.53494
11.1752
11.1669
11.1575
11.1469
11.135
11.1216
11.1064
11.0894
11.0702
11.0485
11.0242
10.9968
10.966
10.9314
10.8926
10.8491
10.8004
10.7458
10.6849
10.6169
10.5411
10.4569
10.3633
10.2597
10.1453
10.0191
9.88049
9.72861
9.56277
9.38237
9.18692
8.97607
8.74967
8.50777
8.25069
7.97899
7.69353
7.39546
7.08621
6.76746
6.44116
6.10942
5.77451
5.43877
5.10456
4.77419
4.44985
4.13358
3.82719
3.53226
11.1485
11.1402
11.1309
11.1204
11.1085
11.0951
11.08
11.063
11.0439
11.0224
10.9981
10.9708
10.9402
10.9058
10.8672
10.8238
10.7753
10.7211
10.6604
10.5927
10.5173
10.4334
10.3403
10.2372
10.1233
9.99765
9.85961
9.70836
9.5432
9.36353
9.16885
8.95881
8.73326
8.49225
8.23608
7.96532
7.6808
7.38368
7.07537
6.75756
6.43217
6.10131
5.76725
5.43231
5.09885
4.76917
4.44547
4.12978
3.82391
3.52945
11.1205
11.1122
11.103
11.0925
11.0807
11.0673
11.0523
11.0354
11.0164
10.9949
10.9708
10.9436
10.9131
10.8789
10.8405
10.7974
10.7491
10.6951
10.6347
10.5674
10.4923
10.4089
10.3162
10.2136
10.1001
9.97511
9.83768
9.6871
9.52266
9.34375
9.14988
8.94069
8.71604
8.47595
8.22074
7.95095
7.66743
7.3713
7.06398
6.74715
6.42272
6.09278
5.7596
5.4255
5.09283
4.76388
4.44086
4.12578
3.82046
3.5265
11.0915
11.0833
11.074
11.0636
11.0519
11.0386
11.0237
11.0068
10.9879
10.9665
10.9425
10.9155
10.8852
10.8511
10.8128
10.77
10.7219
10.6682
10.6081
10.5411
10.4665
10.3834
10.2912
10.1891
10.0762
9.95176
9.81497
9.66508
9.50138
9.32326
9.13022
8.92192
8.69818
8.45906
8.20483
7.93605
7.65356
7.35846
7.05217
6.73635
6.41291
6.08394
5.75167
5.41844
5.08658
4.75839
4.43606
4.12162
3.81688
3.52342
11.0624
11.0542
11.045
11.0346
11.0229
11.0097
10.9949
10.9781
10.9593
10.938
10.9141
10.8873
10.8571
10.8232
10.7851
10.7424
10.6947
10.6412
10.5814
10.5148
10.4405
10.3578
10.2661
10.1645
10.0521
9.92828
9.79213
9.64293
9.47998
9.30265
9.11045
8.90303
8.68022
8.44206
8.18882
7.92106
7.6396
7.34554
7.04028
6.72548
6.40303
6.07502
5.74368
5.41133
5.08029
4.75286
4.43123
4.11743
3.81327
3.52032
11.0346
11.0265
11.0173
11.007
10.9953
10.9822
10.9674
10.9508
10.932
10.9108
10.8871
10.8603
10.8303
10.7965
10.7587
10.7162
10.6686
10.6154
10.556
10.4896
10.4157
10.3334
10.2421
10.1409
10.0291
9.90585
9.77032
9.62178
9.45953
9.28296
9.09156
8.88498
8.66306
8.42581
8.17352
7.90673
7.62625
7.33318
7.02891
6.71509
6.39359
6.0665
5.73604
5.40452
5.07426
4.74757
4.42661
4.11342
3.8098
3.51736
11.0104
11.0023
10.9932
10.9829
10.9713
10.9583
10.9435
10.9269
10.9082
10.8872
10.8635
10.8369
10.807
10.7734
10.7356
10.6934
10.646
10.593
10.5338
10.4677
10.3941
10.3122
10.2212
10.1205
10.0091
9.88631
9.75131
9.60335
9.44171
9.2658
9.0751
8.86926
8.6481
8.41165
8.16019
7.89424
7.61462
7.32241
7.019
6.70602
6.38535
6.05906
5.72937
5.39858
5.06901
4.74295
4.42257
4.10991
3.80678
3.51477
10.9933
10.9852
10.9761
10.9659
10.9543
10.9413
10.9266
10.91
10.8914
10.8704
10.8468
10.8202
10.7904
10.7569
10.7193
10.6771
10.6299
10.5771
10.518
10.4521
10.3787
10.2971
10.2064
10.1059
9.99487
9.87243
9.7378
9.59024
9.42905
9.2536
9.06339
8.85807
8.63746
8.40158
8.15071
7.88536
7.60635
7.31475
7.01195
6.69957
6.37949
6.05377
5.72463
5.39435
5.06527
4.73966
4.4197
4.10742
3.80463
3.51292
10.9881
10.9801
10.971
10.9608
10.9492
10.9362
10.9215
10.905
10.8863
10.8654
10.8418
10.8153
10.7855
10.752
10.7144
10.6723
10.6251
10.5723
10.5133
10.4475
10.3741
10.2925
10.2019
10.1015
9.99059
9.86825
9.73374
9.58631
9.42524
9.24993
9.05988
8.85472
8.63427
8.39857
8.14787
7.8827
7.60387
7.31246
7.00984
6.69764
6.37774
6.05219
5.72321
5.39309
5.06415
4.73868
4.41884
4.10668
3.80399
3.51237
11.0025
10.9944
10.9853
10.975
10.9634
10.9504
10.9357
10.9191
10.9004
10.8794
10.8557
10.8291
10.7993
10.7657
10.728
10.6858
10.6385
10.5856
10.5264
10.4604
10.3869
10.3051
10.2143
10.1136
10.0024
9.87978
9.74496
9.59719
9.43577
9.26008
9.06961
8.86402
8.64313
8.40696
8.15577
7.89011
7.61077
7.31886
7.01573
6.70303
6.38264
6.05661
5.72717
5.39662
5.06728
4.74143
4.42125
4.10876
3.80579
3.51391
11.0473
11.0391
11.03
11.0196
11.0079
10.9948
10.9799
10.9632
10.9444
10.9232
10.8994
10.8726
10.8424
10.8086
10.7706
10.728
10.6804
10.627
10.5674
10.5009
10.4268
10.3444
10.2529
10.1515
10.0394
9.9159
9.7801
9.63128
9.46873
9.29183
9.10009
8.89314
8.67083
8.43318
8.18048
7.91326
7.63234
7.33883
7.03411
6.71984
6.39791
6.0704
5.73954
5.40764
5.07703
4.75
4.42873
4.11525
3.81139
3.51872
11.1393
11.131
11.1217
11.1112
11.0993
11.0859
11.0708
11.0538
11.0347
11.0132
10.9889
10.9617
10.9311
10.8967
10.8581
10.8148
10.7664
10.7122
10.6516
10.584
10.5087
10.425
10.3321
10.2291
10.1154
9.99001
9.85221
9.70121
9.53633
9.35694
9.16255
8.95283
8.72759
8.48691
8.23107
7.96064
7.67646
7.37968
7.0717
6.75421
6.42913
6.09857
5.76479
5.43013
5.09692
4.76748
4.44399
4.1285
3.82281
3.5285
11.3048
11.2962
11.2866
11.2758
11.2636
11.2498
11.2342
11.2167
11.197
11.1749
11.1499
11.1219
11.0903
11.0549
11.0152
10.9707
10.9208
10.8651
10.8028
10.7333
10.6559
10.5698
10.4743
10.3685
10.2517
10.123
9.9815
9.82658
9.65747
9.47359
9.27442
9.05966
8.82916
8.58299
8.3215
8.04529
7.75525
7.45257
7.13873
6.81546
6.48473
6.14872
5.80972
5.4701
5.13226
4.79851
4.47107
4.15198
3.84305
3.54584
11.5865
11.5776
11.5675
11.5561
11.5433
11.5288
11.5125
11.4941
11.4734
11.4501
11.4239
11.3945
11.3614
11.3243
11.2826
11.2359
11.1836
11.1251
11.0598
10.987
10.9059
10.8158
10.7159
10.6052
10.483
10.3485
10.2007
10.039
9.86268
9.67105
9.46367
9.24026
9.00071
8.74515
8.47399
8.1879
7.88786
7.57514
7.25132
6.91823
6.57793
6.23268
5.88485
5.53689
5.19124
4.85026
4.51618
4.19105
3.87668
3.57463
12.0596
12.0499
12.039
12.0267
12.0128
11.9971
11.9794
11.9595
11.9371
11.9119
11.8836
11.8517
11.8159
11.7758
11.7307
11.6803
11.6238
11.5606
11.4902
11.4116
11.3242
11.2271
11.1194
11.0004
10.869
10.7245
10.566
10.3927
10.204
9.99909
9.77773
9.5396
9.28469
9.01323
8.72572
8.42296
8.10609
7.77653
7.436
7.0865
6.73026
6.36967
6.00722
5.64548
5.28697
4.93409
4.58913
4.25414
3.93092
3.62098
12.8659
12.8549
12.8424
12.8284
12.8126
12.7947
12.7747
12.752
12.7266
12.6979
12.6657
12.6296
12.5889
12.5434
12.4923
12.4351
12.3711
12.2996
12.2199
12.1312
12.0325
11.9229
11.8017
11.6677
11.5202
11.3581
11.1806
10.9869
10.7764
10.5484
10.3026
10.0389
9.75738
9.45844
9.14278
8.81145
8.46583
8.1076
7.73878
7.36162
6.9786
6.59235
6.20558
5.821
5.44125
5.06884
4.70608
4.35501
4.01741
3.69472
14.3036
14.29
14.2746
14.2573
14.2377
14.2157
14.1909
14.163
14.1317
14.0964
14.0567
14.0122
13.9622
13.9062
13.8435
13.7733
13.6949
13.6074
13.51
13.4016
13.2814
13.1482
13.001
12.8389
12.6606
12.4654
12.2523
12.0204
11.7693
11.4984
11.2075
10.8968
10.5667
10.2178
9.8513
9.4687
9.07182
8.66285
8.24427
7.81881
7.38937
6.95897
6.53061
6.10727
5.69175
5.28665
4.89429
4.51667
4.15547
3.81197
17.0914
17.0719
17.05
17.0253
16.9974
16.9661
16.9308
16.8911
16.8465
16.7964
16.7401
16.6771
16.6064
16.5272
16.4388
16.34
16.2299
16.1073
15.9712
15.8202
15.6531
15.4688
15.2659
15.0433
14.7997
14.5343
14.2462
13.9346
13.5993
13.2401
12.8573
12.4516
12.0241
11.5763
11.1101
10.6281
10.1329
9.62778
9.116
8.60113
8.0868
7.5766
7.074
6.58225
6.10431
5.64278
5.19989
4.77742
4.37672
3.99874
23.3414
23.3053
23.2646
23.2189
23.1674
23.1095
23.0444
22.9713
22.8894
22.7975
22.6946
22.5795
22.4509
22.3074
22.1476
21.9699
21.7728
21.5544
21.3132
21.0474
20.7553
20.4354
20.0862
19.7065
19.2952
18.8517
18.3756
17.8672
17.3271
16.7567
16.1577
15.5326
14.8845
14.217
13.5343
12.8409
12.1415
11.4412
10.7449
10.0576
9.38392
8.7282
8.09432
7.48566
6.90504
6.35473
5.83641
5.35123
4.89985
4.48247
150098
129700
126987
124372
123749
123820
124267
124650
124705
124392
124089
124136
124591
125321
126206
127073
127717
127882
127539
126939
126297
125863
125854
126163
126806
127804
129176
130918
133001
135370
137971
140744
143622
146537
149424
152223
154869
157313
159529
161516
163396
165288
167235
169302
171568
174127
177086
180572
184742
189812
196105
204137
214749
229333
250236
251868
309895
397709
540546
224304
52709.5
49855.6
51642.2
52983.3
54491
55685.5
56377.8
56384.6
55720
54665.1
53607.4
52909.7
52300.2
51721.1
51768.9
53167.1
56383.8
61732.4
69132.5
77990.7
87056.6
95103
101366
106012
109377
111856
113838
115702
117662
118638
118253
116731
114326
111248
107668
103682
99627.2
95662.3
91916.4
88514.5
85481.1
82773.5
80360.3
78220
76342.5
74727.1
73378
72306.3
71532.7
71100.1
71091.8
71656.4
73045.2
75666.1
80139
87495.9
101348
116174
149424
236835
24309.5
26013
29280
32564.1
35551.4
37696.4
38829.7
38655
36792.4
33246.9
28700
23374.4
18702.8
15714.1
13954.9
12895.4
12342.2
12200.5
12362.9
12681.9
13184.3
13804.4
14483.5
15135.3
15715
16193.4
16561.7
16817.1
16737.8
16096
15083.7
13863.2
12547.8
11233.3
10005.2
8989.07
8084.92
7290.06
6595.45
5985.89
5441.19
4948.31
4503.07
4101.93
3741.54
3418.68
3130.11
2872.9
2644.75
2444.07
2269.97
2122.3
1998.7
1894.74
1806.94
1738.28
1717.59
1723.81
1920.53
3286.29
13385.3
16179.7
19906.4
24275.1
29159.5
33492.1
37704.8
40924
42157.2
40215.3
35374.3
29442.5
24002
19766.6
16658.7
14568.9
13330.6
12750.9
12575.8
12412.6
11907.1
11074.5
10058.6
8973.25
7905.8
6903.4
5984.46
5149.69
4394.22
3713.82
3112.46
2593.24
2156.48
1799.08
1513.39
1285.81
1096.95
939.735
808.14
696.857
601.655
519.505
447.866
387.407
336.262
292.906
256.025
224.503
197.349
173.839
153.462
135.834
120.586
107.303
95.5626
85.0554
75.7261
68.0973
58.3941
54.5447
6853.12
8682.9
11343.4
15172.3
20488.6
25433
29859.1
34145.5
38820.4
42558.8
44660.8
45390.8
44669
41913.6
37321.4
31524.2
25222.5
18953.5
13236
8629.52
5511.72
3555.09
2337.56
1566.5
1067.69
737.859
515.906
365.95
264.339
195.805
149.774
118.554
97.2419
82.5845
72.3181
65.001
59.6179
55.5522
52.4001
49.8924
47.8482
46.1431
44.6878
43.4129
42.2475
41.0808
39.7801
38.4099
36.9892
35.5295
34.0554
32.5983
31.1897
29.857
28.6255
27.522
26.534
25.535
24.728
26.4208
3373.45
3840.46
4098.35
4708.47
5730.82
7289.73
9380.98
11884.3
13538.6
13906.4
12805.8
10444.2
7763.22
5357.7
3480.54
2163.45
1308.53
782.296
469.96
291.395
193.073
137.798
105.902
87.1159
75.7246
68.5145
63.8253
60.6457
58.3127
56.2961
54.3984
52.6841
51.103
49.6237
48.2265
46.8984
45.6306
44.4151
43.2436
42.1063
40.9921
39.8883
38.7797
37.6505
36.4875
35.2846
34.0453
32.7841
31.5229
30.2879
29.1045
27.9936
26.9698
26.0399
25.2065
24.4708
23.8094
23.124
22.4845
23.3951
2131.29
1911.39
1371.79
923.407
622.825
468.381
408.54
395.489
377.581
339.911
288.546
232.966
182.637
141.375
108.854
85.262
70.2498
61.6695
56.9571
54.3238
52.7548
51.5929
50.6312
49.7654
48.9336
48.0935
47.2121
46.3303
45.4684
44.6205
43.7823
42.9508
42.1239
41.3001
40.478
39.6571
38.8361
38.0131
37.1843
36.3444
35.4869
34.605
33.6922
32.7455
31.7666
30.7637
29.7506
28.7456
27.7685
26.8375
25.9678
25.1694
24.4468
23.799
23.2215
22.7081
22.2363
21.7336
21.1953
21.5035
1889.21
1884.91
1603.83
1103.63
742.628
497.816
322.964
198.911
122.545
84.1902
68.474
62.3554
59.9533
58.8544
58.0675
57.2666
56.4675
55.6333
54.7381
53.7602
52.6772
51.4704
50.2294
49.0102
47.8177
46.6533
45.5174
44.4098
43.3303
42.2783
41.2526
40.2523
39.2758
38.3215
37.3876
36.4716
35.57
34.6782
33.7901
32.8998
32.0023
31.0948
30.1783
29.2578
28.3422
27.4437
26.5757
25.751
24.9806
24.2721
23.6295
23.0534
22.5407
22.0857
21.6807
21.3165
20.9743
20.6056
20.1749
20.0738
607.423
734.497
694.102
409.842
211.803
107.79
67.657
56.3643
53.396
52.1925
51.2772
50.5009
49.7833
49.0929
48.4177
47.7502
47.0853
46.4204
45.7529
45.076
44.3775
43.643
42.8556
42.0182
41.1977
40.3905
39.5932
38.8033
38.0186
37.2378
36.4599
35.6843
34.9105
34.1379
33.366
32.5932
31.8176
31.0366
30.2482
29.4514
28.6477
27.8413
27.0391
26.2503
25.4855
24.755
24.068
23.4315
22.85
22.325
21.8556
21.4387
21.0698
20.7429
20.451
20.1854
19.9314
19.659
19.321
18.9603
109.154
80.8377
66.6883
59.5813
55.5512
53.5681
52.3488
51.5205
50.8577
50.2771
49.7286
49.1769
48.5995
47.9848
47.3255
46.6158
45.8516
45.032
44.156
43.2182
42.2326
41.2731
40.3373
39.4241
38.5325
37.6607
36.807
35.9695
35.1466
34.337
33.5392
32.7519
31.9739
31.2036
30.4391
29.6787
28.9207
28.1644
27.4105
26.6619
25.9235
25.2017
24.5041
23.8383
23.2112
22.6284
22.0933
21.6075
21.1707
20.7809
20.4351
20.1293
19.859
19.6196
19.4057
19.2095
19.02
18.8216
18.5646
18.0382
91.8381
68.4745
57.4913
53.2134
50.506
48.8985
47.6797
46.7161
45.8968
45.1729
44.5062
43.8692
43.2439
42.6204
41.9911
41.3492
40.689
40.0065
39.2971
38.5523
37.7559
36.976
36.212
35.4615
34.7223
33.9924
33.27
32.5537
31.8423
31.135
30.4311
29.7301
29.0313
28.3343
27.639
26.9456
26.2555
25.5714
24.8973
24.2385
23.6011
22.9914
22.4151
21.8769
21.3798
20.9257
20.5146
20.1453
19.8155
19.5226
19.2631
19.0338
18.8312
18.6522
18.4928
18.3466
18.2053
18.0645
17.8772
17.2528
78.5915
62.2739
54.2047
50.2201
47.7528
46.3002
45.2126
44.3563
43.623
42.9638
42.3394
41.7219
41.0926
40.4414
39.7612
39.046
38.2913
37.4944
36.6514
35.8325
35.038
34.2641
33.5078
32.7674
32.0408
31.3265
30.6227
29.928
29.2412
28.5613
27.8876
27.2193
26.5565
25.8993
25.2491
24.6078
23.9785
23.3655
22.7733
22.2068
21.6705
21.1682
20.7025
20.2748
19.8853
19.5333
19.217
18.9341
18.682
18.4582
18.2599
18.0846
17.93
17.7941
17.6743
17.5652
17.461
17.3659
17.2387
16.5647
66.4013
55.23
49.7935
46.2895
44.0272
42.6284
41.5632
40.7123
39.9802
39.3222
38.7034
38.0993
37.4932
36.8755
36.2386
35.5762
34.8828
34.1539
33.411
32.6911
31.9899
31.3038
30.6302
29.9673
29.3135
28.6676
28.0283
27.3947
26.7663
26.1427
25.524
24.911
24.3048
23.7076
23.122
22.5516
22.0003
21.4722
20.9711
20.5002
20.0618
19.6573
19.2869
18.9502
18.6457
18.3716
18.1259
17.9061
17.7102
17.5359
17.3814
17.2448
17.1248
17.0203
16.9296
16.8483
16.7726
16.7137
16.6381
15.9506
56.659
48.9057
45.0777
42.3742
40.4729
39.2948
38.4089
37.699
37.0793
36.5096
35.9585
35.404
34.8314
34.2319
33.5989
32.9269
32.2112
31.5086
30.822
30.1511
29.4946
28.8505
28.2174
27.5939
26.979
26.3718
25.7716
25.1779
24.5909
24.0108
23.4389
22.8766
22.3265
21.7912
21.2741
20.7786
20.3077
19.8641
19.4499
19.0662
18.7133
18.3909
18.0979
17.8326
17.5934
17.3781
17.1848
17.0116
16.8569
16.719
16.5967
16.4888
16.3945
16.3132
16.2442
16.1838
16.1298
16.0993
16.0673
15.3942
48.5768
43.3617
40.6494
38.4927
36.8139
35.6565
34.7888
34.101
33.5119
32.9806
32.4762
31.9774
31.4692
30.9419
30.388
29.8009
29.2253
28.6552
28.0901
27.5271
26.9668
26.4096
25.8559
25.3061
24.7569
24.2104
23.6679
23.1299
22.5979
22.0742
21.5608
21.0607
20.5768
20.1122
19.6696
19.2517
18.8601
18.496
18.1599
17.8515
17.5699
17.3138
17.0816
16.8716
16.682
16.511
16.3571
16.2189
16.0951
15.9846
15.8867
15.8004
15.7254
15.6618
15.609
15.5642
15.5265
15.5174
15.5213
14.8843
41.6139
38.2732
36.4916
34.9106
33.6664
32.647
31.8328
31.1723
30.6005
30.0813
29.5862
29.0955
28.5942
28.071
27.5569
27.0525
26.5525
26.0566
25.5648
25.0764
24.591
24.108
23.6274
23.146
22.6657
22.1876
21.7117
21.2403
20.775
20.3191
19.875
19.4463
19.0355
18.6453
18.2776
17.9342
17.6155
17.3218
17.0525
16.8065
16.5825
16.3791
16.1946
16.0275
15.8763
15.7396
15.6162
15.505
15.4051
15.316
15.2371
15.1678
15.1079
15.0579
15.0175
14.9844
14.9588
14.9648
14.9961
14.4132
35.5984
33.5072
32.3381
31.1942
30.2848
29.5255
28.8609
28.2644
27.7218
27.2211
26.7375
26.2684
25.8124
25.3667
24.9292
24.4955
24.065
23.6379
23.2141
22.793
22.3745
21.957
21.5401
21.1247
20.712
20.3013
19.8953
19.4951
19.1038
18.7229
18.3552
18.0032
17.6689
17.3539
17.0586
16.7841
16.5307
16.2977
16.0846
15.8901
15.7131
15.552
15.4057
15.2729
15.1524
15.0432
14.9445
14.8552
14.775
14.7033
14.64
14.5847
14.5373
14.4984
14.4676
14.4435
14.4268
14.4424
14.4919
13.976
30.5323
29.2683
28.4978
27.6708
26.9951
26.4126
25.8937
25.4199
24.9772
24.557
24.1526
23.7593
23.374
22.9948
22.6178
22.2425
21.8691
21.4981
21.1295
20.7634
20.3984
20.0348
19.6737
19.3162
18.9617
18.6131
18.271
17.9384
17.6162
17.3064
17.0108
16.7307
16.4674
16.2194
15.9883
15.7746
15.5779
15.3972
15.232
15.0811
14.9435
14.8182
14.704
14.6002
14.5058
14.42
14.3424
14.2722
14.2091
14.1528
14.103
14.0596
14.0225
13.9922
13.969
13.9516
13.9409
13.9616
14.0209
13.5763
26.3356
25.6195
25.1236
24.5462
24.0581
23.6233
23.2289
22.8624
22.5148
22.1803
21.8544
21.534
21.2172
20.9008
20.5834
20.2657
19.9484
19.632
19.317
19.0022
18.6887
18.3775
18.0689
17.7647
17.4667
17.1753
16.8925
16.6206
16.3604
16.1131
15.8796
15.6595
15.4532
15.2612
15.0837
14.9199
14.7693
14.6314
14.5057
14.3908
14.2856
14.1894
14.1016
14.0214
13.9483
13.8817
13.8212
13.7664
13.7172
13.6732
13.6344
13.6006
13.572
13.5491
13.532
13.5194
13.5124
13.5343
13.597
13.2221
22.887
22.5172
22.2088
21.8216
21.48
21.1654
20.8742
20.5986
20.3331
20.074
19.8183
19.5643
19.3107
19.053
18.7929
18.5313
18.2688
18.0063
17.7428
17.4797
17.2183
16.9589
16.7033
16.4534
16.2094
15.9731
15.7466
15.5302
15.3251
15.1319
14.9494
14.7788
14.6203
14.4734
14.3379
14.2133
14.0989
13.994
13.8979
13.8101
13.7297
13.6561
13.5888
13.527
13.4704
13.4189
13.372
13.3295
13.2912
13.2571
13.2271
13.2011
13.1793
13.162
13.1495
13.1404
13.1357
13.1567
13.2175
12.9118
20.0836
19.9167
19.7304
19.4794
19.2454
19.0223
18.811
18.6075
18.4086
18.2121
18.0161
17.8197
17.6191
17.415
17.2081
16.9992
16.7893
16.5774
16.3651
16.1538
15.9435
15.7364
15.534
15.3363
15.1448
14.9615
14.7866
14.6207
14.4633
14.315
14.1764
14.0471
13.9274
13.8169
13.7152
13.6217
13.5358
13.457
13.3846
13.3182
13.2571
13.2011
13.1496
13.1028
13.06
13.021
12.9857
12.9534
12.9244
12.8985
12.8759
12.8566
12.8405
12.828
12.8192
12.8129
12.8096
12.8279
12.8817
12.6419
17.8433
17.7854
17.6772
17.5193
17.3618
17.2055
17.0536
16.9043
16.7564
16.6084
16.4597
16.3095
16.1543
15.996
15.8354
15.6733
15.5089
15.3438
15.1793
15.0151
14.8534
14.6955
14.5412
14.3916
14.2487
14.1121
13.9826
13.8588
13.7419
13.6326
13.5309
13.4361
13.3487
13.2683
13.1943
13.1264
13.0641
13.007
12.9546
12.9066
12.8621
12.8214
12.784
12.7498
12.7185
12.6899
12.6639
12.6404
12.6193
12.6005
12.5839
12.5702
12.559
12.5505
12.5447
12.5407
12.538
12.5529
12.596
12.4147
16.0924
16.0858
16.0261
15.9296
15.8252
15.717
15.6086
15.5
15.3908
15.2806
15.169
15.0538
14.9358
14.8155
14.6938
14.5714
14.4471
14.3233
14.2008
14.0792
13.9606
13.8447
13.7334
13.6263
13.524
13.4262
13.3327
13.2444
13.1616
13.0846
13.0134
12.9471
12.8861
12.8299
12.7784
12.731
12.6876
12.6477
12.6111
12.5775
12.5467
12.5185
12.4927
12.4692
12.4477
12.4283
12.4104
12.3943
12.3799
12.3671
12.3559
12.3468
12.3393
12.3338
12.3305
12.3275
12.3256
12.336
12.3671
12.2338
14.763
14.7752
14.7442
14.6865
14.6184
14.5446
14.4683
14.3902
14.3106
14.2297
14.1474
14.0619
13.9746
13.8861
13.7971
13.7066
13.6165
13.5276
13.4393
13.3535
13.2697
13.1894
13.1123
13.0394
12.9686
12.901
12.8371
12.7773
12.7216
12.6701
12.6226
12.579
12.5384
12.5012
12.467
12.4356
12.4067
12.3803
12.356
12.3336
12.3131
12.2943
12.2771
12.2614
12.247
12.234
12.2223
12.2118
12.2025
12.1944
12.1875
12.1817
12.177
12.1737
12.1717
12.17
12.1688
12.1753
12.1955
12.0986
13.7901
13.8044
13.7883
13.7541
13.7103
13.6606
13.6078
13.5527
13.4959
13.4379
13.3789
13.3175
13.2551
13.1923
13.1297
13.0666
13.0043
12.9427
12.8829
12.8246
12.7689
12.7155
12.6651
12.616
12.5691
12.5249
12.4835
12.445
12.4094
12.3766
12.3464
12.3188
12.293
12.2694
12.2477
12.2277
12.2093
12.1924
12.1769
12.1626
12.1495
12.1374
12.1264
12.1163
12.1071
12.0988
12.0913
12.0847
12.0789
12.0738
12.0696
12.0661
12.0634
12.0616
12.0606
12.0597
12.0594
12.0629
12.0741
12.0032
13.1109
13.1206
13.1091
13.0878
13.0594
13.0263
12.9902
12.9523
12.9129
12.8726
12.8317
12.7893
12.7466
12.7041
12.6613
12.6191
12.5781
12.5379
12.4993
12.462
12.4267
12.3927
12.3598
12.3285
12.2991
12.2715
12.2459
12.2222
12.2004
12.1803
12.1618
12.1449
12.1293
12.115
12.1016
12.0893
12.078
12.0675
12.0578
12.0489
12.0406
12.033
12.0261
12.0197
12.0139
12.0087
12.004
11.9998
11.9963
11.9933
11.9909
11.9889
11.9875
11.9868
11.9865
11.9866
11.9868
11.9886
11.9929
11.9393
12.6641
12.6653
12.6547
12.6391
12.6193
12.5964
12.5717
12.5457
12.5189
12.4916
12.4641
12.4359
12.4078
12.38
12.3524
12.3255
12.2997
12.2745
12.2506
12.2278
12.2057
12.1844
12.1642
12.1452
12.1275
12.111
12.0958
12.0817
12.0688
12.0569
12.046
12.0359
12.0266
12.018
12.0101
12.0027
11.9958
11.9895
11.9835
11.9779
11.9727
11.9678
11.9633
11.9592
11.9554
11.952
11.9489
11.9462
11.9439
11.9421
11.9407
11.9398
11.9392
11.9389
11.9392
11.9399
11.9411
11.9424
11.9419
11.8988
12.3993
12.391
12.3778
12.3622
12.3455
12.3277
12.3093
12.2906
12.2719
12.2532
12.2347
12.2161
12.1979
12.1802
12.1629
12.1462
12.1303
12.1151
12.1007
12.0866
12.073
12.0601
12.048
12.0367
12.0262
12.0165
12.0076
11.9994
11.9918
11.9849
11.9786
11.9729
11.9677
11.963
11.9587
11.9544
11.9503
11.9464
11.9425
11.9388
11.9352
11.9318
11.9285
11.9255
11.9226
11.9199
11.9175
11.9153
11.9135
11.9119
11.9106
11.9098
11.9093
11.9093
11.9097
11.9108
11.9126
11.9152
11.9127
11.872
12.2741
12.2559
12.2375
12.2193
12.2015
12.1842
12.1676
12.1518
12.1367
12.1223
12.1085
12.0953
12.0828
12.0711
12.06
12.0498
12.0401
12.0309
12.0222
12.014
12.0061
11.9987
11.9915
11.9847
11.9782
11.972
11.9659
11.9601
11.9546
11.9492
11.944
11.9389
11.934
11.9293
11.9247
11.9203
11.916
11.9119
11.9079
11.904
11.9002
11.8966
11.8932
11.8899
11.8868
11.884
11.8815
11.8793
11.8775
11.876
11.8749
11.8742
11.8739
11.8741
11.8749
11.8763
11.8787
11.8839
11.8879
11.8404
12.211
12.1966
12.1813
12.1656
12.1499
12.1344
12.1192
12.1046
12.0905
12.077
12.0641
12.0518
12.0401
12.029
12.0185
12.0084
11.9989
11.9898
11.9812
11.9729
11.9651
11.9575
11.9502
11.9433
11.9366
11.9301
11.9238
11.9178
11.9119
11.9063
11.9008
11.8955
11.8904
11.8856
11.8809
11.8765
11.8723
11.8682
11.8644
11.8607
11.8571
11.8537
11.8503
11.847
11.8437
11.8407
11.8381
11.836
11.8343
11.8331
11.8323
11.8319
11.832
11.8326
11.834
11.8355
11.8375
11.8446
11.8586
11.8033
12.1251
12.1166
12.106
12.0941
12.0815
12.0685
12.0556
12.0428
12.0302
12.0181
12.0063
11.995
11.984
11.9735
11.9635
11.9538
11.9445
11.9355
11.927
11.9188
11.9109
11.9033
11.896
11.889
11.8822
11.8757
11.8692
11.863
11.8568
11.8507
11.8447
11.8388
11.8328
11.8273
11.8223
11.8178
11.8138
11.8101
11.8069
11.804
11.8015
11.7993
11.7974
11.7959
11.7947
11.7937
11.7931
11.7927
11.7926
11.7928
11.7933
11.794
11.795
11.7964
11.7981
11.8001
11.8024
11.8089
11.824
11.7817
12.0062
12.007
12.0039
11.998
11.99
11.9807
11.9707
11.9604
11.95
11.9396
11.9295
11.9196
11.9099
11.9005
11.8913
11.8823
11.8735
11.8647
11.8561
11.8476
11.8391
11.8307
11.8228
11.8156
11.8092
11.8034
11.7981
11.7934
11.7891
11.7853
11.7819
11.7789
11.7762
11.7738
11.7718
11.7701
11.7686
11.7674
11.7665
11.7658
11.7654
11.7652
11.7652
11.7654
11.7659
11.7665
11.7673
11.7683
11.7695
11.7708
11.7723
11.7739
11.7757
11.7776
11.7797
11.7818
11.7841
11.7889
11.7991
11.773
11.8379
11.8532
11.8624
11.8667
11.8669
11.8639
11.8585
11.8516
11.8436
11.8352
11.8266
11.8181
11.8099
11.8022
11.795
11.7883
11.7822
11.7767
11.7717
11.7672
11.7632
11.7596
11.7564
11.7536
11.7512
11.7491
11.7473
11.7457
11.7445
11.7434
11.7427
11.7421
11.7418
11.7416
11.7417
11.7419
11.7424
11.743
11.7438
11.7448
11.7459
11.7472
11.7487
11.7503
11.7521
11.7539
11.7559
11.758
11.7602
11.7625
11.7649
11.7672
11.7697
11.7721
11.7746
11.777
11.7793
11.783
11.79
11.7745
11.6807
11.6963
11.7082
11.7168
11.7228
11.7266
11.7287
11.7294
11.7293
11.7284
11.7272
11.7258
11.7243
11.7228
11.7214
11.7201
11.719
11.718
11.7172
11.7166
11.7162
11.716
11.7159
11.7159
11.7162
11.7165
11.7171
11.7177
11.7185
11.7195
11.7206
11.7218
11.7231
11.7246
11.7262
11.728
11.7299
11.7319
11.734
11.7363
11.7387
11.7412
11.7439
11.7466
11.7494
11.7524
11.7554
11.7584
11.7615
11.7647
11.7678
11.7709
11.774
11.7769
11.7798
11.7825
11.785
11.7882
11.7931
11.7843
11.5851
11.6012
11.6149
11.6263
11.6358
11.6436
11.6501
11.6555
11.6599
11.6637
11.667
11.6699
11.6725
11.6748
11.677
11.6791
11.6811
11.6831
11.685
11.6869
11.6889
11.6908
11.6928
11.6948
11.6969
11.699
11.7012
11.7034
11.7057
11.7081
11.7105
11.7131
11.7158
11.7185
11.7213
11.7243
11.7273
11.7305
11.7338
11.7371
11.7406
11.7442
11.7478
11.7516
11.7554
11.7593
11.7632
11.7672
11.7712
11.7751
11.779
11.7828
11.7866
11.7901
11.7935
11.7966
11.7993
11.8022
11.8058
11.8013
11.5258
11.5428
11.5579
11.5713
11.5831
11.5935
11.6028
11.611
11.6184
11.6251
11.6312
11.6368
11.6419
11.6467
11.6512
11.6555
11.6596
11.6635
11.6672
11.6709
11.6745
11.678
11.6814
11.6849
11.6883
11.6917
11.6951
11.6985
11.702
11.7056
11.7091
11.7128
11.7165
11.7203
11.7242
11.7282
11.7323
11.7365
11.7408
11.7452
11.7496
11.7542
11.7589
11.7636
11.7684
11.7732
11.7781
11.783
11.7878
11.7926
11.7974
11.8019
11.8064
11.8106
11.8145
11.818
11.8211
11.824
11.8269
11.8248
11.4866
11.5049
11.5214
11.5364
11.55
11.5624
11.5736
11.5839
11.5933
11.6019
11.6099
11.6174
11.6243
11.6308
11.637
11.6428
11.6484
11.6537
11.6588
11.6638
11.6686
11.6733
11.6779
11.6825
11.687
11.6915
11.696
11.7005
11.705
11.7095
11.7141
11.7188
11.7235
11.7283
11.7332
11.7382
11.7433
11.7485
11.7538
11.7592
11.7647
11.7703
11.776
11.7818
11.7876
11.7934
11.7993
11.8052
11.811
11.8167
11.8223
11.8278
11.833
11.8379
11.8425
11.8465
11.8501
11.8531
11.8557
11.8551
11.4577
11.4775
11.4957
11.5123
11.5275
11.5415
11.5544
11.5664
11.5774
11.5876
11.5972
11.6061
11.6145
11.6224
11.6298
11.6369
11.6437
11.6503
11.6565
11.6626
11.6685
11.6743
11.68
11.6855
11.6911
11.6966
11.7021
11.7076
11.7131
11.7186
11.7242
11.7299
11.7357
11.7415
11.7475
11.7535
11.7597
11.7659
11.7723
11.7788
11.7855
11.7922
11.799
11.8059
11.8128
11.8198
11.8268
11.8338
11.8407
11.8475
11.8542
11.8606
11.8667
11.8724
11.8777
11.8824
11.8864
11.8897
11.8923
11.8925
11.4333
11.455
11.4749
11.4933
11.5103
11.526
11.5405
11.554
11.5666
11.5783
11.5892
11.5995
11.6092
11.6184
11.6271
11.6355
11.6434
11.6511
11.6585
11.6656
11.6726
11.6795
11.6862
11.6928
11.6994
11.7059
11.7125
11.719
11.7256
11.7322
11.7389
11.7457
11.7526
11.7596
11.7667
11.7739
11.7812
11.7887
11.7964
11.8041
11.812
11.82
11.8281
11.8363
11.8446
11.8528
11.8611
11.8694
11.8776
11.8856
11.8934
11.901
11.9082
11.9149
11.921
11.9265
11.9311
11.9347
11.9374
11.938
11.4102
11.434
11.456
11.4764
11.4953
11.5128
11.5291
11.5443
11.5584
11.5717
11.5841
11.5959
11.607
11.6175
11.6275
11.6371
11.6462
11.6551
11.6637
11.672
11.6802
11.6882
11.696
11.7038
11.7115
11.7192
11.7269
11.7347
11.7425
11.7503
11.7582
11.7663
11.7744
11.7827
11.7911
11.7997
11.8085
11.8173
11.8264
11.8356
11.845
11.8545
11.8641
11.8738
11.8836
11.8934
11.9032
11.913
11.9226
11.9321
11.9413
11.9502
11.9586
11.9665
11.9736
11.9799
11.9852
11.9894
11.9921
11.993
11.3865
11.4129
11.4373
11.46
11.481
11.5006
11.5188
11.5358
11.5518
11.5668
11.5809
11.5942
11.6068
11.6188
11.6302
11.6412
11.6518
11.662
11.6719
11.6816
11.691
11.7003
11.7095
11.7186
11.7276
11.7367
11.7457
11.7548
11.764
11.7733
11.7826
11.7921
11.8018
11.8116
11.8216
11.8317
11.8421
11.8527
11.8634
11.8743
11.8854
11.8967
11.9081
11.9196
11.9312
11.9428
11.9545
11.966
11.9774
11.9886
11.9994
12.0099
12.0198
12.0289
12.0373
12.0446
12.0507
12.0553
12.0583
12.0592
11.3614
11.3907
11.4179
11.4431
11.4666
11.4886
11.509
11.5282
11.5462
11.5631
11.579
11.5942
11.6085
11.6222
11.6353
11.6479
11.6601
11.6718
11.6833
11.6945
11.7054
11.7163
11.727
11.7376
11.7482
11.7588
11.7695
11.7802
11.791
11.8019
11.813
11.8242
11.8356
11.8472
11.8591
11.8711
11.8834
11.896
11.9087
11.9217
11.9348
11.9482
11.9617
11.9754
11.9891
12.0029
12.0167
12.0303
12.0438
12.057
12.0698
12.0821
12.0937
12.1045
12.1142
12.1227
12.1297
12.1349
12.1382
12.139
11.3347
11.3672
11.3975
11.4257
11.452
11.4766
11.4996
11.5212
11.5415
11.5607
11.5788
11.596
11.6124
11.628
11.643
11.6575
11.6715
11.6851
11.6983
11.7113
11.7241
11.7367
11.7492
11.7617
11.7741
11.7865
11.7991
11.8117
11.8244
11.8374
11.8504
11.8638
11.8773
11.8911
11.9051
11.9195
11.9341
11.9489
11.9641
11.9795
11.9951
12.011
12.0271
12.0433
12.0596
12.076
12.0923
12.1085
12.1244
12.1401
12.1552
12.1697
12.1833
12.1959
12.2073
12.2171
12.2252
12.2311
12.2346
12.2353
11.3064
11.3426
11.3764
11.4079
11.4374
11.465
11.4909
11.5153
11.5383
11.56
11.5806
11.6001
11.6189
11.6368
11.654
11.6707
11.6868
11.7025
11.7179
11.733
11.7479
11.7626
11.7773
11.7919
11.8065
11.8212
11.8359
11.8508
11.8659
11.8812
11.8967
11.9125
11.9286
11.945
11.9617
11.9787
11.9961
12.0138
12.0318
12.0502
12.0688
12.0877
12.1068
12.1261
12.1455
12.1649
12.1843
12.2035
12.2225
12.2409
12.2588
12.2759
12.292
12.3068
12.3201
12.3316
12.3409
12.3476
12.3514
12.3518
11.277
11.3173
11.3549
11.3902
11.4233
11.4543
11.4835
11.511
11.537
11.5617
11.5851
11.6075
11.6289
11.6494
11.6693
11.6885
11.7071
11.7254
11.7432
11.7608
11.7782
11.7955
11.8127
11.8298
11.8471
11.8644
11.8818
11.8995
11.9173
11.9355
11.9539
11.9727
11.9918
12.0113
12.0312
12.0515
12.0722
12.0933
12.1148
12.1367
12.1589
12.1815
12.2043
12.2273
12.2504
12.2735
12.2966
12.3195
12.3419
12.3639
12.3851
12.4053
12.4243
12.4418
12.4573
12.4707
12.4814
12.489
12.4931
12.493
11.2474
11.2922
11.3341
11.3735
11.4106
11.4454
11.4783
11.5094
11.5389
11.5669
11.5936
11.6191
11.6436
11.6673
11.6901
11.7123
11.7339
11.7551
11.776
11.7965
11.8169
11.8371
11.8573
11.8776
11.8979
11.9184
11.939
11.96
11.9812
12.0028
12.0248
12.0471
12.0699
12.0932
12.117
12.1412
12.166
12.1912
12.2169
12.2431
12.2696
12.2966
12.3238
12.3513
12.3789
12.4066
12.4341
12.4613
12.4881
12.5142
12.5394
12.5634
12.5859
12.6065
12.6248
12.6404
12.6527
12.6614
12.6657
12.6651
11.2192
11.2688
11.3155
11.3594
11.4008
11.4399
11.4769
11.512
11.5454
11.5772
11.6076
11.6368
11.6649
11.6921
11.7185
11.7442
11.7693
11.7939
11.8182
11.8423
11.8662
11.89
11.9138
11.9377
11.9618
11.9861
12.0106
12.0355
12.0608
12.0866
12.1128
12.1395
12.1668
12.1947
12.2231
12.2522
12.2818
12.3121
12.3429
12.3743
12.4061
12.4384
12.4711
12.504
12.5371
12.5702
12.6031
12.6357
12.6677
12.6989
12.7289
12.7574
12.7841
12.8084
12.83
12.8482
12.8626
12.8724
12.8769
12.8755
11.1948
11.2495
11.3012
11.35
11.3962
11.44
11.4816
11.5211
11.5589
11.595
11.6296
11.663
11.6952
11.7265
11.757
11.7867
11.8159
11.8446
11.8731
11.9013
11.9294
11.9575
11.9856
12.0139
12.0425
12.0713
12.1006
12.1303
12.1605
12.1913
12.2227
12.2548
12.2875
12.3209
12.3551
12.39
12.4257
12.4621
12.4992
12.5369
12.5752
12.6141
12.6534
12.693
12.7328
12.7725
12.8121
12.8511
12.8895
12.9268
12.9627
12.9967
13.0285
13.0574
13.0829
13.1043
13.121
13.1321
13.1369
13.1344
11.1776
11.2377
11.2947
11.3487
11.4001
11.4489
11.4955
11.54
11.5826
11.6235
11.6629
11.701
11.738
11.774
11.8092
11.8437
11.8776
11.9112
11.9445
11.9777
12.0108
12.0439
12.0773
12.1109
12.1449
12.1794
12.2143
12.2499
12.2861
12.3231
12.3608
12.3994
12.4388
12.4791
12.5203
12.5624
12.6055
12.6494
12.6942
12.7398
12.7861
12.8331
12.8805
12.9283
12.9763
13.0243
13.072
13.1191
13.1652
13.2101
13.2532
13.294
13.3319
13.3664
13.3966
13.4219
13.4413
13.454
13.4589
13.455
11.1729
11.2385
11.3009
11.3604
11.4172
11.4714
11.5234
11.5732
11.6212
11.6675
11.7123
11.7558
11.7982
11.8396
11.8803
11.9203
11.9599
11.9991
12.0382
12.0773
12.1164
12.1557
12.1954
12.2354
12.276
12.3173
12.3592
12.4019
12.4456
12.4901
12.5357
12.5822
12.6299
12.6787
12.7287
12.7797
12.832
12.8853
12.9396
12.995
13.0512
13.1082
13.1658
13.2238
13.2821
13.3402
13.398
13.455
13.5109
13.565
13.617
13.6661
13.7117
13.753
13.7891
13.819
13.8418
13.8562
13.8612
13.8554
11.1884
11.2593
11.3271
11.3922
11.4546
11.5145
11.5723
11.6279
11.6818
11.734
11.7848
11.8344
11.883
11.9306
11.9777
12.0242
12.0704
12.1164
12.1623
12.2085
12.2548
12.3016
12.3489
12.3969
12.4456
12.4952
12.5457
12.5973
12.6501
12.704
12.7593
12.8159
12.8739
12.9333
12.9942
13.0565
13.1202
13.1852
13.2516
13.3192
13.3879
13.4575
13.5278
13.5987
13.6698
13.7407
13.8111
13.8806
13.9485
14.0144
14.0775
14.137
14.192
14.2417
14.285
14.3206
14.3475
14.364
14.369
14.3607
11.2354
11.3113
11.3844
11.4549
11.523
11.5888
11.6526
11.7145
11.7747
11.8335
11.891
11.9474
12.003
12.0579
12.1124
12.1665
12.2205
12.2746
12.3289
12.3835
12.4387
12.4946
12.5513
12.609
12.6678
12.7277
12.789
12.8517
12.916
12.9818
13.0493
13.1186
13.1896
13.2624
13.3371
13.4136
13.4919
13.5719
13.6535
13.7366
13.8211
13.9068
13.9933
14.0805
14.1679
14.2551
14.3415
14.4268
14.51
14.5906
14.6677
14.7403
14.8073
14.8675
14.9197
14.9625
14.9943
15.0134
15.0181
15.0065
11.3313
11.4115
11.4893
11.565
11.6386
11.7104
11.7804
11.8489
11.916
11.9819
12.0469
12.1112
12.1748
12.2382
12.3013
12.3645
12.4279
12.4917
12.5561
12.6213
12.6874
12.7546
12.8231
12.8929
12.9643
13.0374
13.1123
13.1891
13.2679
13.3489
13.4321
13.5175
13.6053
13.6954
13.7878
13.8826
13.9797
14.0789
14.1803
14.2835
14.3884
14.4947
14.6022
14.7103
14.8187
14.9268
15.034
15.1394
15.2424
15.3419
15.4368
15.5261
15.6082
15.6819
15.7454
15.7971
15.835
15.8572
15.8615
15.8456
11.5033
11.5866
11.6683
11.7486
11.8275
11.905
11.9814
12.0568
12.1314
12.2053
12.2787
12.3519
12.425
12.4982
12.5718
12.646
12.7208
12.7967
12.8737
12.952
13.0318
13.1133
13.1967
13.2822
13.3698
13.4598
13.5523
13.6474
13.7452
13.8459
13.9496
14.0562
14.1659
14.2786
14.3944
14.5132
14.635
14.7596
14.8868
15.0164
15.1481
15.2817
15.4165
15.5522
15.6881
15.8236
15.9577
16.0896
16.2182
16.3422
16.4604
16.5712
16.673
16.7638
16.8419
16.9049
16.9506
16.9765
16.98
16.9585
11.7959
11.8807
11.9652
12.0492
12.1327
12.2159
12.2988
12.3815
12.4642
12.5471
12.6302
12.714
12.7984
12.8837
12.9702
13.058
13.1474
13.2385
13.3316
13.4269
13.5246
13.6248
13.7279
13.8339
13.943
14.0555
14.1714
14.2909
14.4142
14.5414
14.6725
14.8076
14.9468
15.09
15.2372
15.3884
15.5434
15.7021
15.8641
16.0292
16.197
16.367
16.5387
16.7112
16.8839
17.0559
17.2259
17.3929
17.5554
17.7119
17.8607
17.9998
18.1272
18.2406
18.3374
18.4151
18.4707
18.5013
18.5036
18.4745
12.2872
12.3717
12.4573
12.544
12.6317
12.7204
12.8101
12.901
12.9931
13.0867
13.1818
13.2787
13.3774
13.4783
13.5816
13.6874
13.796
13.9076
14.0225
14.1408
14.2628
14.3887
14.5187
14.653
14.7919
14.9355
15.084
15.2376
15.3963
15.5603
15.7297
15.9046
16.0848
16.2705
16.4615
16.6577
16.8589
17.0649
17.2751
17.4892
17.7067
17.9269
18.149
18.372
18.5949
18.8165
19.0353
19.2497
19.458
19.6581
19.8478
20.0248
20.1862
20.3293
20.4509
20.5478
20.6163
20.6527
20.6532
20.6139
13.1256
13.2085
13.2946
13.3838
13.4759
13.5712
13.6694
13.7708
13.8754
13.9834
14.0948
14.2099
14.3288
14.4518
14.579
14.7107
14.8471
14.9884
15.135
15.287
15.4447
15.6083
15.7781
15.9542
16.137
16.3265
16.523
16.7266
16.9375
17.1556
17.3812
17.6141
17.8544
18.1018
18.3563
18.6176
18.8854
19.1591
19.4383
19.7223
20.0103
20.3013
20.5943
20.8879
21.1808
21.4712
21.7573
22.0369
22.3077
22.5672
22.8125
23.0403
23.2475
23.4302
23.5847
23.7067
23.7919
23.8358
23.8336
23.7805
14.6252
14.7117
14.8034
14.9004
15.0031
15.1114
15.2256
15.3458
15.4722
15.6048
15.744
15.8898
16.0426
16.2024
16.3696
16.5444
16.7269
16.9176
17.1165
17.3241
17.5404
17.7657
18.0003
18.2443
18.4979
18.7613
19.0346
19.3179
19.6111
19.9144
20.2276
20.5506
20.8832
21.2251
21.576
21.9353
22.3025
22.6769
23.0576
23.4436
23.8337
24.2267
24.6209
25.0146
25.4057
25.7922
26.1715
26.5408
26.897
27.2369
27.5568
27.8528
28.1205
28.3554
28.5528
28.7074
28.814
28.867
28.8607
28.7892
17.5508
17.6831
17.8203
17.9637
18.1142
18.2726
18.4398
18.6163
18.8026
18.9993
19.2067
19.4253
19.6554
19.8972
20.151
20.4171
20.6957
20.9868
21.2908
21.6077
21.9375
22.2805
22.6366
23.0058
23.3881
23.7835
24.1917
24.6127
25.0463
25.492
25.9497
26.4189
26.8989
27.3893
27.8892
28.3979
28.9144
29.4374
29.9658
30.4981
31.0326
31.5675
32.1007
32.6298
33.1523
33.6653
34.1657
34.65
35.1145
35.555
35.9672
36.3463
36.6871
36.9842
37.2321
37.4245
37.5553
37.6179
37.6056
37.5116
24.1961
24.6623
25.1292
25.598
26.0695
26.5447
27.0242
27.5088
27.9991
28.4955
28.9986
29.5087
30.0263
30.5516
31.0849
31.6265
32.1765
32.7351
33.3024
33.8784
34.4633
35.0569
35.6592
36.2701
36.8894
37.5169
38.1523
38.7953
39.4455
40.1025
40.7656
41.4343
42.1078
42.7853
43.4658
44.1484
44.8318
45.5147
46.1956
46.8729
47.5449
48.2094
48.8642
49.5069
50.1348
50.745
51.3343
51.8992
52.4359
52.9404
53.4083
53.835
54.2153
54.5442
54.8159
55.0247
55.1643
55.2282
55.2098
55.102
68088.8
73351.3
75523.2
77397.8
78782.1
79972.6
81008.9
81952.9
82832.2
83668.2
84476.2
85270.4
86062.7
86864.4
87691
88562.5
89481.6
90431.8
91498.1
93041.4
95284
97110.1
97620.7
104565
133185
27544.5
29064.2
29467
30019.4
30445.2
30836.8
31189.9
31520.4
31834.1
32137.6
32435.7
32733.3
33035.7
33349.3
33680.3
34033.6
34420.7
34884.3
35490.1
36222.8
37005.2
38607.6
44228.7
56652.6
64386.2
15366
15835.1
15979.1
16212.9
16409.5
16600.2
16781.3
16958.5
17134.9
17313.6
17497.9
17691.1
17898.2
18124.9
18376.7
18660.7
18992.1
19399.7
19912.5
20544.8
21423.9
23207.6
27134.2
31903.5
30753.8
10219
10376.8
10431.4
10555
10671.3
10792.4
10914.7
11041
11173.6
11314.9
11467.9
11636
11824.5
12040
12289.3
12581
12931
13362.9
13901.4
14583.2
15553.9
17185.5
19599.3
20666.6
17354.5
7475.28
7512.68
7534.55
7613.66
7697.88
7791.69
7892.16
8001
8120.49
8253.24
8402.41
8571.93
8767.95
8998.32
9271.73
9598.25
9993.15
10477.5
11076.2
11823.7
12784.6
13998.3
15004
14027.7
10107.7
5807.97
5800.08
5813.86
5876.11
5949.07
6034.18
6129.2
6235.52
6355.73
6492.94
6651.09
6834.92
7051.27
7309.36
7620.63
7997.45
8451.97
8999.03
9649.56
10392.5
11156.2
11720
11553.9
9627.35
5948.22
4716.65
4695.84
4713.68
4772.6
4844.96
4931.06
5029.57
5141.82
5270.66
5419.87
5594.59
5801.47
6047.61
6342.13
6696.65
7123.08
7628.17
8207.68
8830.6
9409.27
9764.34
9709.16
8888.16
6733.91
3799.21
3971.92
3954.58
3983.16
4046.15
4124.05
4216.83
4324.41
4448.65
4591.83
4758.15
4953.29
5184.36
5458.23
5781.57
6159.78
6594.09
7072.39
7552.09
7947.02
8181.59
8136.34
7648.76
6560.38
4782.95
2837.7
3456.68
3451.28
3495.3
3566.63
3653.93
3756.46
3875.15
4011.78
4168.25
4347.79
4554.01
4790.42
5059.18
5357.99
5673.86
5981.65
6250.12
6444.51
6506.95
6367.72
5911.16
5116.77
4092.94
2766.31
1573.58
3105.4
3115.37
3174.5
3254
3349.1
3457.45
3579.5
3715.57
3866.09
4030.47
4205.33
4384.63
4559.76
4724.67
4862.63
4950.83
4971.18
4865.42
4598.61
4130.69
3500.04
2808.92
2126.82
1337.05
741.883
2867.71
2887.44
2951.29
3027.79
3114.96
3208.1
3304.86
3402.37
3497.9
3590.18
3673.66
3740
3781.97
3786.56
3727.68
3588.97
3357.82
3021.46
2610.7
2158.09
1722.36
1349.31
1015.43
635.289
385.566
2672.8
2680.88
2721.74
2766.54
2812.23
2856.74
2895.61
2925.33
2942.02
2939.94
2907.29
2835.66
2720.01
2548.83
2321.77
2051.8
1757.23
1466.33
1199.8
968.199
777.141
626.157
486.982
327.12
229.476
2415.85
2384.86
2376.61
2370.76
2359.2
2336.33
2295
2231.6
2143.07
2023.31
1871.46
1692.44
1492.91
1287.19
1087.4
904.599
746.951
617.951
514.722
431.83
365.252
311.428
257.52
194.226
153.177
2018.27
1934.58
1857.04
1779.31
1688.83
1581.51
1457.82
1320.22
1172.94
1023.13
877.036
740.775
619.452
516.805
433.123
366.949
315.704
276.137
244.77
218.731
196.573
177.078
155.307
128.386
106.138
1439.07
1295.4
1151.52
1022.4
895.519
775.165
662.666
560.608
471.006
395.195
332.98
283.392
244.833
215.325
192.762
175.316
161.52
150.218
140.458
131.535
123.168
114.993
104.868
91.4619
77.2771
798.674
651.776
523
429.055
352.689
292.635
245.482
209.112
181.449
160.625
144.971
133.127
124.022
116.843
110.989
106.031
101.666
97.6633
93.8064
89.9053
85.9057
81.61
75.8769
67.8381
59.085
351.043
263.877
201.16
164.255
139.028
121.946
109.972
101.411
95.1163
90.3393
86.5809
83.5085
80.8975
78.5934
76.4865
74.4965
72.5629
70.6288
68.6168
66.4433
64.0788
61.3709
57.643
52.6937
46.9236
147.229
113.046
93.0662
82.8501
76.4501
72.2404
69.232
66.9489
65.1155
63.5705
62.2138
60.9811
59.8277
58.7211
57.6347
56.5454
55.4324
54.269
53.0084
51.5957
50.0032
48.0946
45.5435
42.3378
38.2372
76.3611
65.2401
59.4459
56.3428
54.2925
52.8054
51.6287
50.6418
49.7753
48.9878
48.2521
47.549
46.8637
46.1833
45.4956
44.7878
44.047
43.2534
42.3715
41.3588
40.18
38.7719
36.9895
34.762
31.7072
51.0489
47.1782
44.9293
43.4972
42.4574
41.6365
40.9475
40.3435
39.7959
39.2856
38.7994
38.3269
37.8591
37.3879
36.9042
36.3985
35.8603
35.2724
34.6056
33.8255
32.9436
31.8948
30.5943
28.9648
26.6492
38.951
37.2429
36.0494
35.1474
34.46
33.8994
33.4205
32.9956
32.6067
32.2415
31.8908
31.5469
31.2034
30.8534
30.4898
30.1045
29.688
29.2251
28.6967
28.1077
27.4358
26.6355
25.6601
24.4361
22.6912
31.411
30.4361
29.6807
29.0717
28.5752
28.1636
27.8086
27.4913
27.1993
26.9232
26.6562
26.3924
26.1264
25.8526
25.5648
25.2559
24.9173
24.5448
24.1421
23.6902
23.1711
22.5567
21.8198
20.8973
19.6118
26.0422
25.4134
24.9029
24.4766
24.1076
23.7961
23.524
23.2784
23.0504
22.8331
22.6213
22.4101
22.1952
21.9719
21.7347
21.4775
21.2088
20.9283
20.6191
20.2718
19.873
19.4067
18.8552
18.1712
17.2566
22.0321
21.6092
21.2546
20.95
20.6791
20.4399
20.2274
20.0331
19.8506
19.6751
19.5024
19.3288
19.1506
18.9638
18.7698
18.5729
18.372
18.1591
17.9246
17.662
17.3626
17.0177
16.6151
16.1247
15.5021
19.0119
18.7233
18.4741
18.2547
18.0566
17.8745
17.7079
17.5532
17.4061
17.2631
17.1212
16.9774
16.8323
16.6872
16.5415
16.3943
16.2441
16.0866
15.9139
15.7219
15.5055
15.26
14.9776
14.6426
14.2403
16.7679
16.5699
16.3942
16.2359
16.0907
15.9557
15.8283
15.7068
15.5895
15.4755
15.3638
15.2537
15.1446
15.0359
14.9269
14.8168
14.7049
14.5902
14.4687
14.335
14.1864
14.0204
13.8329
13.6176
13.3725
15.1695
15.034
14.9106
14.7969
14.6911
14.5913
14.4964
14.4053
14.3172
14.2314
14.1473
14.0645
13.9826
13.901
13.8194
13.7372
13.6541
13.5694
13.4826
13.393
13.2975
13.1925
13.0764
12.9477
12.8079
14.092
14.0075
13.9269
13.85
13.7768
13.7065
13.6384
13.5718
13.5057
13.4408
13.3772
13.3145
13.2524
13.1908
13.1294
13.068
13.0062
12.9439
12.8808
12.8166
12.7509
12.6838
12.6153
12.5452
12.4722
13.4318
13.3834
13.3358
13.289
13.2431
13.198
13.1533
13.1086
13.0635
13.0175
12.9698
12.9214
12.8736
12.8263
12.7794
12.7328
12.6864
12.6402
12.5941
12.5479
12.5018
12.4557
12.4097
12.3639
12.3185
13.0521
13.0264
13.0003
12.9737
12.9468
12.9195
12.8917
12.8632
12.8339
12.8033
12.7713
12.7374
12.7011
12.6618
12.6227
12.5839
12.5454
12.5073
12.4694
12.4318
12.3944
12.3572
12.3203
12.2836
12.2471
12.7896
12.776
12.7616
12.7465
12.7307
12.7141
12.6968
12.6786
12.6595
12.6392
12.6176
12.5945
12.5697
12.5429
12.5137
12.4818
12.4467
12.4107
12.3749
12.3392
12.3036
12.268
12.2324
12.1968
12.161
12.5247
12.5166
12.508
12.4987
12.4887
12.4781
12.4667
12.4546
12.4417
12.4279
12.4131
12.3971
12.38
12.3615
12.3415
12.3199
12.2965
12.2714
12.2443
12.2152
12.1838
12.1502
12.1143
12.0784
12.0424
12.1847
12.1788
12.1724
12.1656
12.1583
12.1505
12.1422
12.1333
12.1238
12.1136
12.1028
12.0912
12.0788
12.0655
12.0512
12.0361
12.0199
12.0026
11.9844
11.9652
11.9451
11.9241
11.9026
11.8807
11.8589
11.8475
11.8445
11.8413
11.8379
11.8342
11.8302
11.8259
11.8214
11.8164
11.8112
11.8056
11.7996
11.7931
11.7863
11.7791
11.7714
11.7633
11.7549
11.7461
11.737
11.7276
11.718
11.7084
11.6988
11.6895
11.5972
11.598
11.5987
11.5993
11.5998
11.6001
11.6004
11.6005
11.6004
11.6003
11.5999
11.5995
11.5988
11.5981
11.5972
11.5962
11.5951
11.5939
11.5926
11.5913
11.59
11.5887
11.5875
11.5865
11.5856
11.4414
11.4451
11.4488
11.4525
11.4561
11.4596
11.4632
11.4666
11.4701
11.4734
11.4768
11.48
11.4833
11.4865
11.4897
11.4928
11.496
11.4991
11.5022
11.5054
11.5086
11.5119
11.5152
11.5186
11.5221
11.3508
11.3563
11.3618
11.3672
11.3727
11.3781
11.3835
11.3889
11.3943
11.3997
11.405
11.4104
11.4158
11.4211
11.4264
11.4318
11.4372
11.4425
11.4479
11.4533
11.4588
11.4643
11.4698
11.4753
11.4809
11.2971
11.3034
11.3098
11.3162
11.3225
11.3289
11.3353
11.3417
11.348
11.3544
11.3608
11.3672
11.3735
11.3799
11.3863
11.3927
11.3992
11.4056
11.412
11.4185
11.425
11.4315
11.438
11.4445
11.4511
11.2614
11.2682
11.275
11.2818
11.2886
11.2954
11.3022
11.309
11.3159
11.3227
11.3295
11.3364
11.3432
11.3501
11.357
11.3639
11.3707
11.3776
11.3846
11.3915
11.3984
11.4054
11.4123
11.4193
11.4263
11.2335
11.2405
11.2475
11.2545
11.2614
11.2684
11.2754
11.2825
11.2895
11.2965
11.3035
11.3106
11.3176
11.3247
11.3317
11.3388
11.3459
11.353
11.3601
11.3672
11.3744
11.3815
11.3887
11.3958
11.403
11.2081
11.2151
11.2221
11.2292
11.2362
11.2433
11.2504
11.2575
11.2646
11.2717
11.2788
11.2859
11.293
11.3001
11.3073
11.3144
11.3216
11.3288
11.336
11.3431
11.3503
11.3576
11.3648
11.372
11.3792
11.1825
11.1896
11.1966
11.2037
11.2108
11.2178
11.2249
11.232
11.2391
11.2463
11.2534
11.2605
11.2677
11.2748
11.282
11.2892
11.2964
11.3036
11.3108
11.318
11.3252
11.3324
11.3397
11.3469
11.3542
11.1558
11.1629
11.1699
11.177
11.184
11.1911
11.1982
11.2053
11.2124
11.2196
11.2267
11.2338
11.241
11.2481
11.2553
11.2625
11.2696
11.2768
11.284
11.2912
11.2985
11.3057
11.3129
11.3202
11.3274
11.1278
11.1348
11.1418
11.1489
11.156
11.163
11.1701
11.1772
11.1843
11.1914
11.1985
11.2057
11.2128
11.2199
11.2271
11.2342
11.2414
11.2486
11.2558
11.263
11.2702
11.2774
11.2846
11.2919
11.2991
11.0987
11.1058
11.1128
11.1198
11.1269
11.1339
11.141
11.1481
11.1552
11.1622
11.1693
11.1765
11.1836
11.1907
11.1978
11.205
11.2121
11.2193
11.2265
11.2337
11.2409
11.2481
11.2553
11.2625
11.2697
11.0696
11.0766
11.0836
11.0906
11.0977
11.1047
11.1117
11.1188
11.1259
11.1329
11.14
11.1471
11.1542
11.1613
11.1685
11.1756
11.1827
11.1899
11.197
11.2042
11.2114
11.2186
11.2257
11.2329
11.2402
11.0418
11.0488
11.0558
11.0628
11.0698
11.0768
11.0838
11.0909
11.0979
11.105
11.1121
11.1191
11.1262
11.1333
11.1404
11.1476
11.1547
11.1618
11.169
11.1761
11.1833
11.1904
11.1976
11.2048
11.212
11.0176
11.0246
11.0315
11.0385
11.0455
11.0526
11.0596
11.0666
11.0737
11.0807
11.0878
11.0948
11.1019
11.109
11.1161
11.1232
11.1303
11.1375
11.1446
11.1517
11.1589
11.166
11.1732
11.1804
11.1876
11.0004
11.0074
11.0144
11.0214
11.0284
11.0354
11.0424
11.0494
11.0565
11.0635
11.0706
11.0777
11.0848
11.0918
11.0989
11.106
11.1132
11.1203
11.1274
11.1346
11.1417
11.1489
11.1561
11.1632
11.1704
10.9953
11.0023
11.0093
11.0163
11.0233
11.0303
11.0374
11.0444
11.0515
11.0586
11.0656
11.0727
11.0798
11.0869
11.0941
11.1012
11.1083
11.1155
11.1226
11.1298
11.1369
11.1441
11.1513
11.1585
11.1657
11.0096
11.0167
11.0237
11.0308
11.0378
11.0449
11.052
11.0591
11.0662
11.0733
11.0804
11.0876
11.0947
11.1019
11.109
11.1162
11.1234
11.1306
11.1378
11.145
11.1522
11.1594
11.1666
11.1739
11.1811
11.0545
11.0616
11.0688
11.0759
11.0831
11.0902
11.0974
11.1046
11.1118
11.119
11.1262
11.1334
11.1406
11.1478
11.1551
11.1623
11.1696
11.1769
11.1842
11.1915
11.1988
11.2061
11.2134
11.2207
11.2281
11.1466
11.1539
11.1612
11.1685
11.1758
11.1831
11.1904
11.1977
11.2051
11.2124
11.2198
11.2272
11.2345
11.2419
11.2493
11.2567
11.2641
11.2716
11.279
11.2865
11.2939
11.3014
11.3088
11.3163
11.3238
11.3123
11.3198
11.3274
11.3349
11.3424
11.35
11.3576
11.3651
11.3727
11.3803
11.3879
11.3955
11.4032
11.4108
11.4185
11.4261
11.4338
11.4415
11.4492
11.4569
11.4646
11.4723
11.48
11.4878
11.4955
11.5945
11.6024
11.6103
11.6183
11.6262
11.6342
11.6422
11.6502
11.6582
11.6662
11.6742
11.6822
11.6903
11.6983
11.7064
11.7145
11.7226
11.7307
11.7388
11.7469
11.755
11.7632
11.7713
11.7795
11.7877
12.0682
12.0768
12.0855
12.0941
12.1027
12.1114
12.1201
12.1287
12.1374
12.1461
12.1549
12.1636
12.1723
12.1811
12.1899
12.1986
12.2074
12.2162
12.2251
12.2339
12.2427
12.2516
12.2605
12.2694
12.2783
12.8757
12.8855
12.8953
12.9052
12.915
12.9249
12.9348
12.9447
12.9546
12.9646
12.9745
12.9845
12.9945
13.0044
13.0145
13.0245
13.0345
13.0446
13.0547
13.0648
13.0749
13.085
13.0951
13.1053
13.1154
14.3157
14.3278
14.34
14.3522
14.3643
14.3766
14.3888
14.401
14.4133
14.4256
14.4379
14.4503
14.4626
14.475
14.4874
14.4998
14.5123
14.5247
14.5372
14.5497
14.5622
14.5748
14.5874
14.5999
14.6126
17.1086
17.1259
17.1432
17.1605
17.1779
17.1953
17.2127
17.2302
17.2477
17.2652
17.2828
17.3004
17.3181
17.3358
17.3535
17.3712
17.389
17.4069
17.4247
17.4426
17.4606
17.4785
17.4965
17.5146
17.5327
23.3735
23.4053
23.4372
23.4692
23.5013
23.5335
23.5658
23.5981
23.6306
23.6631
23.6957
23.7284
23.7612
23.7941
23.8271
23.8602
23.8934
23.9266
23.96
23.9934
24.027
24.0606
24.0944
24.1282
24.1621
13780.3
5643.83
3428.12
2486.52
1967.32
1631.42
1389.32
1201.54
1048.66
920.304
810.419
715.264
632.299
559.493
495.005
437.354
385.825
340.521
301.811
269.488
242.4
218.899
197.587
177.667
158.879
141.259
124.935
110.011
96.5325
84.4834
73.7979
64.3833
56.1355
48.9418
42.6865
37.2592
32.5577
28.4868
24.9599
21.9004
19.2419
16.927
14.9072
13.1417
11.5961
10.2413
9.05266
8.00856
7.09353
6.27848
10772.7
5379.55
3397.08
2482.97
1968.13
1632.82
1390.57
1202.52
1049.41
920.862
810.836
715.575
632.532
559.669
495.14
437.459
385.906
340.579
301.845
269.502
242.399
218.891
197.578
177.663
158.879
141.263
124.943
110.021
96.5435
84.4946
73.8087
64.3934
56.1445
48.9498
42.6933
37.265
32.5625
28.4907
24.963
21.9028
19.2438
16.9284
14.9082
13.1424
11.5966
10.2416
9.05284
8.00862
7.0935
6.27835
8547.45
4991.65
3332.2
2474.47
1970.11
1636.35
1393.76
1205.05
1051.34
922.306
811.915
716.382
633.138
560.127
495.489
437.727
386.109
340.723
301.935
269.546
242.412
218.889
197.574
177.662
158.885
141.276
124.96
110.042
96.5656
84.5167
73.8298
64.4128
56.162
48.9651
42.7064
37.276
32.5716
28.4982
24.9689
21.9075
19.2474
16.9311
14.9102
13.1439
11.5976
10.2423
9.05319
8.00874
7.09344
6.27813
6976.13
4585.48
3240.21
2460.15
1973.51
1642.81
1399.74
1209.86
1055.03
925.089
814.002
717.949
634.318
561.02
496.169
438.244
386.494
340.993
302.104
269.633
242.445
218.895
197.573
177.666
158.899
141.298
124.989
110.075
96.6004
84.5512
73.8625
64.4429
56.1889
48.9886
42.7266
37.293
32.5857
28.5096
24.9781
21.9147
19.2529
16.9354
14.9134
13.1462
11.5992
10.2433
9.05375
8.00894
7.09337
6.27779
5805.06
4196.34
3129.87
2439.48
1978.16
1652.81
1409.39
1217.8
1061.21
929.798
817.561
720.634
636.349
562.563
497.344
439.136
387.153
341.449
302.382
269.772
242.495
218.903
197.57
177.67
158.915
141.328
125.029
110.121
96.6487
84.5991
73.9082
64.4849
56.2266
49.0216
42.755
37.3169
32.6055
28.5257
24.991
21.9248
19.2608
16.9413
14.9178
13.1494
11.6014
10.2447
9.05456
8.00925
7.09328
6.27734
4902.51
3831.54
3006.98
2411.76
1983.07
1666.39
1423.33
1229.69
1070.68
937.132
823.167
724.901
639.597
565.043
499.243
440.579
388.217
342.177
302.816
269.977
242.555
218.895
197.547
177.659
158.926
141.359
125.076
110.177
96.7098
84.6607
73.9674
64.5398
56.276
49.0651
42.7924
37.3486
32.6317
28.5472
25.0082
21.9384
19.2713
16.9494
14.9238
13.1537
11.6044
10.2466
9.05567
8.00968
7.09319
6.27674
4199.09
3494.21
2874.87
2375.79
1986.28
1682.52
1441.52
1246.03
1084.15
947.81
831.472
731.303
644.517
568.829
502.162
442.814
389.873
343.31
303.482
270.273
242.617
218.849
197.479
177.611
158.913
141.379
125.121
110.239
96.7806
84.7344
74.0396
64.6076
56.3376
49.1197
42.8397
37.3887
32.6651
28.5745
25.0302
21.9558
19.2848
16.9597
14.9315
13.1593
11.6083
10.2492
9.05711
8.01026
7.09309
6.276
3654.01
3189.42
2736.79
2330.37
1985.05
1699.04
1462.88
1266.61
1101.92
962.374
843.083
740.42
651.625
574.36
506.471
446.151
392.377
345.044
304.506
270.718
242.682
218.735
197.326
177.49
158.845
141.364
125.148
110.295
96.8538
84.8156
74.1221
64.687
56.4109
49.1853
42.897
37.4376
32.7061
28.6082
25.0574
21.9773
19.3016
16.9725
14.9411
13.1662
11.6131
10.2523
9.05893
8.01099
7.09298
6.27507
3239.95
2923.54
2597.27
2274.93
1976.43
1712.82
1485.15
1290.2
1123.57
980.914
858.36
752.728
661.41
582.096
512.584
450.96
396.056
347.654
306.092
271.426
242.786
218.536
197.045
177.247
158.683
141.283
125.134
110.328
96.9173
84.8961
74.2096
64.7744
56.4938
49.2608
42.9638
37.4952
32.7547
28.6483
25.0899
22.0032
19.3218
16.988
14.9527
13.1747
11.619
10.2562
9.06113
8.01187
7.09283
6.27393
2934.8
2701.08
2461.5
2209.72
1957.65
1720.2
1505.05
1314.43
1147.68
1002.76
877.157
768.388
674.194
592.418
520.893
457.627
401.289
351.498
308.545
272.612
243.034
218.267
196.603
176.83
158.371
141.09
125.041
110.311
96.9516
84.962
74.2924
64.8636
56.582
49.3435
43.0383
37.5604
32.8102
28.6946
25.1277
22.0334
19.3455
17.0061
14.9663
13.1846
11.6259
10.2607
9.0637
8.01287
7.09259
6.27252
2712.85
2519.19
2332.23
2134.66
1925.74
1717.03
1518.48
1335.89
1171.75
1026.3
898.566
787.011
689.927
605.476
531.655
466.472
408.443
356.982
312.275
274.625
243.654
218.025
196.002
176.195
157.853
140.728
124.822
110.206
96.9283
84.9926
74.3556
64.9438
56.6681
49.4282
43.1172
37.6309
32.8713
28.746
25.17
22.0675
19.3723
17.0268
14.9818
13.1959
11.6338
10.2658
9.06656
8.01391
7.0922
6.27078
2530.04
2358.53
2202.97
2045.66
1875.71
1697.77
1520.15
1350.04
1192.16
1048.86
920.751
807.451
707.982
621.001
544.831
477.607
417.755
364.466
317.746
277.955
245.051
218.059
195.341
175.343
157.082
140.138
124.422
109.966
96.8095
84.9588
74.3776
64.9993
56.7408
49.5069
43.1947
37.7027
32.935
28.8006
25.2154
22.1044
19.4016
17.0494
14.9989
13.2083
11.6424
10.2713
9.06955
8.01486
7.09152
6.26858
2309.13
2170.39
2045.94
1926.14
1795.37
1652.35
1501.74
1350.18
1203.68
1066.43
940.764
827.624
726.964
638.119
559.918
490.787
429.181
374.108
325.334
283.156
247.817
218.838
194.893
174.381
156.064
139.28
123.785
109.537
96.5486
84.823
74.3291
65.0078
56.7834
49.5673
43.2618
37.7693
32.9966
28.8549
25.2616
22.1424
19.4319
17.073
15.0167
13.2212
11.6513
10.2768
9.07239
8.01549
7.09037
6.2658
1952.42
1869.52
1795.82
1729.81
1652.05
1557.02
1445.89
1323.74
1197.24
1072.47
953.872
844.123
744.454
655.153
575.777
505.249
442.237
385.679
335.107
290.632
252.615
221.065
195.2
173.621
154.93
138.175
122.881
108.87
96.0962
84.5413
74.1737
64.9406
56.774
49.5928
43.3061
37.8214
33.0492
28.9039
25.3046
22.1785
19.4613
17.096
15.034
13.2337
11.6597
10.2819
9.07463
8.01543
7.08845
6.26219
1397.92
1373.58
1361.38
1366.49
1366.85
1349.26
1307.05
1239.47
1151.98
1053.13
950.842
850.712
756.158
669.117
590.327
519.516
455.844
398.405
346.603
300.33
259.867
225.508
197.076
173.688
154.05
136.994
121.759
107.955
95.4165
84.0719
73.8723
64.7642
56.685
49.5617
43.3108
37.8462
33.0833
28.9402
25.339
22.2088
19.4864
17.116
15.049
13.2444
11.6666
10.2855
9.07562
8.01417
7.08533
6.25746
773.52
774.603
788.295
825.283
876.789
932.639
980.899
1007.53
1002.99
966.866
906.492
832.017
752.42
673.814
599.494
530.807
468.01
410.779
358.665
311.466
269.32
232.543
201.35
175.492
154.138
136.181
120.647
106.882
94.5263
83.3971
73.3945
64.4462
56.4873
49.4493
43.256
37.8279
33.0864
28.9543
25.3574
22.2275
19.5031
17.1295
15.0592
13.2512
11.6704
10.2866
9.07439
8.01096
7.08042
6.25117
337.896
337.496
342.331
358.598
387.766
431.704
492.097
565.388
640.359
700.85
732.808
731.029
700.317
650.852
592.609
532.576
474.515
419.895
369.113
322.331
279.734
241.59
208.229
179.829
156.161
136.545
120.085
105.958
93.5737
82.5733
72.7486
63.9733
56.1594
49.2331
43.121
37.749
33.0442
28.9347
25.3508
22.2274
19.5056
17.1324
15.0611
13.2515
11.669
10.2835
9.06967
8.0048
7.07293
6.24276
142.058
140.022
138.888
140.114
144.157
152.036
166.544
192.236
234.112
294.08
367.02
440.077
497.1
526.212
525.202
500.645
462.295
418.166
373.107
329.533
288.537
250.726
216.598
186.538
160.723
139.019
120.949
105.824
92.9621
81.8245
72.0449
63.3901
55.7117
48.9072
42.8934
37.5955
32.9434
28.8698
25.3093
22.2006
19.4876
17.1193
15.0506
13.2421
11.6598
10.2741
9.05982
7.99441
7.06184
6.23148
74.8144
73.7
72.5288
71.7636
71.3822
71.3163
71.712
72.9817
76.2144
84.1272
101.799
134.814
184.846
246.353
307.056
352.915
374.969
372.955
353.164
323.437
289.786
255.827
223.469
193.682
167.014
143.77
123.97
107.341
93.4131
81.658
71.6003
62.8774
55.2387
48.5158
42.5899
37.3698
32.7799
28.7528
25.2257
22.1402
19.4428
17.085
15.0232
13.2192
11.6398
10.256
9.04292
7.97825
7.04593
6.21644
50.2117
49.8598
49.3049
48.8364
48.4637
48.1339
47.8475
47.6115
47.4342
47.3553
47.531
48.5586
52.4833
63.9462
88.1354
126.133
172.642
217.371
249.662
263.628
260.025
243.97
221.281
196.33
171.756
148.946
128.536
110.757
95.5828
82.7818
71.9957
62.8456
55.0039
48.2172
42.3002
37.1198
32.5773
28.5939
25.1028
22.0452
19.3688
17.0263
14.9757
13.1799
11.6064
10.227
9.01705
7.95473
7.02389
6.19665
38.5017
38.3312
38.0432
37.7617
37.5173
37.2826
37.0577
36.8463
36.646
36.4533
36.2666
36.087
35.9274
35.8556
36.2114
38.4203
46.0827
63.1913
90.13
122.426
152.504
173.224
181.114
177.135
164.959
148.599
131.067
114.174
98.8183
85.3269
73.7153
63.8384
55.4679
48.3498
42.2525
36.9911
32.4247
28.4459
24.971
21.9325
19.2741
16.9473
14.9095
13.124
11.5588
10.1858
8.98095
7.92268
6.99467
6.17121
31.1487
31.0356
30.8662
30.677
30.5028
30.3295
30.1562
29.9865
29.8198
29.6535
29.4856
29.3141
29.1367
28.9507
28.7537
28.5501
28.3794
28.4662
29.7798
34.7608
46.0298
63.6204
84.3884
103.44
116.357
121.036
118.083
109.801
98.7883
87.0593
75.8406
65.723
56.8845
49.2854
42.7956
37.2589
32.5205
28.444
24.919
21.8589
19.1947
16.87
14.8379
13.0594
11.5012
10.1349
8.93574
7.88246
6.95825
6.13988
25.8888
25.8167
25.7106
25.578
25.4494
25.3187
25.1847
25.0501
24.9151
24.7781
24.6375
24.4916
24.3386
24.1759
24.0007
23.8095
23.5992
23.368
23.1199
22.8831
22.7983
23.4302
26.176
32.6248
42.9236
55.3146
66.9649
75.2073
78.583
77.1891
72.2489
65.3417
57.8055
50.5102
43.8934
38.0946
33.0906
28.7954
25.1109
21.945
19.2154
16.8526
14.8
13.0119
11.4507
10.085
8.88836
7.83845
6.9174
6.10415
21.9488
21.9097
21.843
21.7517
21.6579
21.5609
21.4596
21.3558
21.2501
21.1416
21.0291
20.9114
20.7869
20.6537
20.5096
20.3521
20.1786
19.9869
19.7752
19.5424
19.2888
19.0172
18.7433
18.5348
18.6441
19.7191
22.6594
27.8304
34.5459
41.3563
46.6894
49.4558
49.38
46.932
42.97
38.354
33.7184
29.4244
25.6165
22.3078
19.4531
16.9928
14.8705
13.0363
11.4464
10.0637
8.85771
7.80351
6.88099
6.06947
18.975
18.962
18.9221
18.862
18.7962
18.7263
18.6516
18.5735
18.4928
18.409
18.3213
18.2288
18.1304
18.0246
17.9097
17.7839
17.6453
17.492
17.3226
17.1359
16.9309
16.707
16.4634
16.1997
15.9167
15.6205
15.3348
15.1437
15.278
16.1523
18.1405
21.1943
24.7489
27.9738
30.1142
30.7551
29.9136
27.9414
25.324
22.4992
19.7666
17.2812
15.0923
13.1903
11.5432
10.1163
8.87888
7.80377
6.8684
6.04859
16.7621
16.7608
16.7404
16.7043
16.661
16.6125
16.5591
16.5016
16.4408
16.3767
16.3087
16.2363
16.1585
16.0744
15.9828
15.8821
15.771
15.6481
15.5121
15.3618
15.1963
15.0147
14.8162
14.5998
14.3645
14.1096
13.8343
13.5385
13.2239
12.8973
12.5806
12.3358
12.2997
12.6729
13.5989
15.0048
16.5806
17.9101
18.6399
18.5986
17.8266
16.5188
14.9239
13.26
11.673
10.2359
8.96936
7.86444
6.90501
6.06116
15.1799
15.1841
15.1763
15.1568
15.1299
15.0974
15.0596
15.0173
14.9712
14.9214
14.8678
14.8098
14.7468
14.6782
14.6029
14.5199
14.4281
14.3264
14.2137
14.0889
13.9511
13.7994
13.6328
13.4504
13.2513
13.0344
12.7989
12.5441
12.2693
11.9743
11.659
11.3242
10.972
10.6082
10.2469
9.92136
9.69546
9.65601
9.86434
10.2919
10.804
11.2113
11.3481
11.1309
10.5746
9.76826
8.82967
7.86358
6.94807
6.09709
14.1039
14.1112
14.1106
14.1017
14.0858
14.0643
14.0375
14.006
13.9703
13.9306
13.8868
13.8387
13.7858
13.7275
13.663
13.5917
13.5125
13.4246
13.327
13.2188
13.099
12.9667
12.821
12.6609
12.4854
12.2937
12.0847
11.8578
11.6123
11.3477
11.0638
10.7606
10.4384
10.0979
9.74023
9.36712
8.98125
8.58706
8.19269
7.81357
7.47636
7.21663
7.06317
7.01373
7.02244
7.0133
6.91157
6.67139
6.29353
5.79128
13.4417
13.4482
13.4496
13.4449
13.4346
13.419
13.3985
13.3733
13.3438
13.3102
13.2725
13.2304
13.1835
13.1314
13.0735
13.0092
12.9375
12.8578
12.7692
12.6707
12.5616
12.4408
12.3075
12.1607
11.9994
11.8228
11.6299
11.4199
11.1922
10.9462
10.6817
10.3986
10.0971
9.7777
9.44125
9.08897
8.72241
8.34348
7.95441
7.55782
7.15677
6.75499
6.35741
5.97125
5.60727
5.27956
5.00139
4.77711
4.59555
4.43157
13.0574
13.0601
13.0593
13.0543
13.0448
13.0309
13.0127
12.9902
12.9636
12.933
12.8982
12.8592
12.8156
12.7669
12.7126
12.6521
12.5847
12.5096
12.426
12.3331
12.23
12.1159
11.9897
11.8506
11.6976
11.5298
11.3463
11.1464
10.9293
10.6946
10.4418
10.1709
9.88192
9.57542
9.25211
8.91309
8.5598
8.19398
7.81772
7.43333
7.04335
6.65049
6.25752
5.86724
5.48249
5.1061
4.74106
4.39076
4.05937
3.75236
12.7899
12.7881
12.7837
12.7764
12.7655
12.7511
12.733
12.7112
12.6856
12.6562
12.6229
12.5856
12.5437
12.497
12.445
12.3869
12.3223
12.2502
12.1701
12.0809
11.982
11.8724
11.7513
11.6176
11.4705
11.309
11.1324
10.9398
10.7305
10.5039
10.2598
9.99791
9.71835
9.4215
9.10805
8.77901
8.43573
8.07987
7.7134
7.33857
6.95782
6.57375
6.18906
5.80644
5.42852
5.0578
4.6966
4.34699
4.01078
3.68953
12.5209
12.5154
12.508
12.4981
12.4856
12.4702
12.4516
12.4298
12.4046
12.376
12.3438
12.3076
12.2673
12.2223
12.1723
12.1165
12.0544
11.9853
11.9084
11.8229
11.7281
11.6229
11.5066
11.3783
11.2371
11.082
10.9122
10.7269
10.5255
10.3073
10.072
9.81929
9.54932
9.26236
8.95902
8.64024
8.30727
7.96169
7.60535
7.24042
6.86923
6.49432
6.11831
5.74382
5.37345
5.00967
4.65477
4.3108
3.97954
3.66248
12.1792
12.1723
12.1637
12.1532
12.1405
12.1254
12.1076
12.0869
12.0632
12.0363
12.0059
11.9719
11.9338
11.8914
11.8441
11.7913
11.7326
11.6672
11.5944
11.5134
11.4235
11.3239
11.2136
11.0917
10.9575
10.8101
10.6485
10.472
10.2799
10.0717
9.84684
9.60513
9.34656
9.07136
8.78008
8.47353
8.15286
7.81955
7.47533
7.12224
6.76253
6.39862
6.03304
5.66836
5.3071
4.95171
4.60445
4.26739
3.9423
3.63072
11.8415
11.8342
11.8256
11.8154
11.8033
11.7892
11.7727
11.7536
11.7318
11.7069
11.6788
11.6472
11.6117
11.572
11.5276
11.478
11.4226
11.3609
11.2921
11.2155
11.1304
11.036
10.9314
10.8158
10.6883
10.5481
10.3944
10.2262
10.043
9.84422
9.62929
9.39799
9.15025
8.88624
8.60643
8.31154
8.00263
7.68105
7.34846
7.00675
6.65809
6.3048
5.94931
5.59413
5.24173
4.89451
4.55472
4.22441
3.90539
3.5992
11.5909
11.5834
11.5748
11.5647
11.553
11.5395
11.5239
11.506
11.4855
11.4622
11.4358
11.406
11.3724
11.3347
11.2925
11.2452
11.1924
11.1334
11.0676
10.9943
10.9127
10.8221
10.7217
10.6107
10.4881
10.3532
10.2051
10.043
9.86635
9.67442
9.46677
9.24309
9.0033
8.74751
8.47614
8.18985
7.88962
7.57673
7.25275
6.91951
6.57907
6.23369
5.88575
5.53769
5.19194
4.85088
4.51672
4.19152
3.8771
3.57499
11.4347
11.4269
11.4181
11.4079
11.3962
11.3829
11.3677
11.3503
11.3305
11.308
11.2826
11.2538
11.2215
11.1851
11.1442
11.0984
11.0471
10.9898
10.9258
10.8545
10.7752
10.687
10.5892
10.4809
10.3614
10.2298
10.0852
9.92697
9.75434
9.56672
9.36361
9.14471
8.9099
8.65927
8.3932
8.11232
7.81756
7.51015
7.19161
6.86372
6.52849
6.18814
5.84499
5.50146
5.15995
4.82281
4.49225
4.17033
3.85884
3.55937
11.3438
11.3358
11.3267
11.3164
11.3046
11.2913
11.2761
11.2589
11.2394
11.2173
11.1923
11.1641
11.1324
11.0967
11.0566
11.0116
10.9613
10.905
10.8421
10.7719
10.6938
10.607
10.5107
10.4041
10.2864
10.1567
10.0142
9.85819
9.68794
9.50284
9.3024
9.08631
8.85443
8.60685
8.3439
8.06621
7.77468
7.47051
7.15519
6.83047
6.49834
6.16096
5.82067
5.47983
5.14084
4.80604
4.47763
4.15765
3.84793
3.55001
11.2898
11.2817
11.2724
11.2619
11.2501
11.2366
11.2214
11.2042
11.1848
11.1629
11.1382
11.1103
11.0789
11.0436
11.0039
10.9594
10.9096
10.8539
10.7916
10.7222
10.6449
10.5589
10.4635
10.3578
10.2412
10.1126
9.97138
9.8167
9.64787
9.46428
9.26545
9.05104
8.82092
8.57517
8.3141
8.03834
7.74875
7.44654
7.13316
6.81035
6.48008
6.14451
5.80594
5.46673
5.12927
4.79588
4.46877
4.14997
3.84131
3.54435
11.2541
11.2458
11.2365
11.2259
11.214
11.2005
11.1853
11.1681
11.1487
11.1269
11.1023
11.0745
11.0433
11.0083
10.9689
10.9247
10.8753
10.8199
10.7581
10.6891
10.6123
10.5268
10.432
10.327
10.2111
10.0833
9.94286
9.78906
9.62117
9.43859
9.24082
9.02754
8.79859
8.55404
8.29423
8.01974
7.73146
7.43054
7.11846
6.79693
6.4679
6.13353
5.79611
5.45799
5.12154
4.7891
4.46285
4.14485
3.8369
3.54057
11.2262
11.2179
11.2085
11.1979
11.1859
11.1724
11.1572
11.1401
11.1207
11.099
11.0744
11.0468
11.0158
10.9809
10.9417
10.8978
10.8486
10.7935
10.732
10.6634
10.5869
10.5019
10.4076
10.3031
10.1876
10.0604
9.92065
9.76753
9.60038
9.41858
9.22164
9.00922
8.78118
8.53758
8.27874
8.00525
7.71797
7.41807
7.10699
6.78645
6.4584
6.12497
5.78844
5.45116
5.11551
4.7838
4.45824
4.14085
3.83345
3.53762
11.2007
11.1924
11.183
11.1724
11.1605
11.147
11.1318
11.1147
11.0954
11.0737
11.0493
11.0218
10.9908
10.9561
10.9171
10.8734
10.8244
10.7696
10.7084
10.6401
10.564
10.4794
10.3854
10.2814
10.1664
10.0398
9.90055
9.74805
9.58155
9.40045
9.20426
8.99263
8.76541
8.52266
8.26471
7.99211
7.70575
7.40676
7.0966
6.77695
6.44978
6.11719
5.78147
5.44497
5.11004
4.779
4.45405
4.13722
3.83032
3.53494
11.1752
11.1669
11.1575
11.1469
11.135
11.1216
11.1064
11.0894
11.0702
11.0485
11.0242
10.9968
10.966
10.9314
10.8926
10.8491
10.8004
10.7458
10.6849
10.6169
10.5411
10.4569
10.3633
10.2597
10.1453
10.0191
9.88049
9.72861
9.56277
9.38237
9.18692
8.97607
8.74967
8.50777
8.25069
7.97899
7.69353
7.39546
7.08621
6.76746
6.44116
6.10942
5.77451
5.43877
5.10456
4.77419
4.44985
4.13358
3.82719
3.53226
11.1485
11.1402
11.1309
11.1204
11.1085
11.0951
11.08
11.063
11.0439
11.0224
10.9981
10.9708
10.9402
10.9058
10.8672
10.8238
10.7753
10.7211
10.6604
10.5927
10.5173
10.4334
10.3403
10.2372
10.1233
9.99765
9.85961
9.70836
9.5432
9.36353
9.16885
8.95881
8.73326
8.49225
8.23608
7.96531
7.6808
7.38368
7.07537
6.75756
6.43217
6.10131
5.76725
5.43231
5.09884
4.76917
4.44547
4.12978
3.82391
3.52945
11.1205
11.1122
11.103
11.0925
11.0807
11.0673
11.0523
11.0354
11.0164
10.9949
10.9708
10.9436
10.9131
10.8789
10.8405
10.7974
10.7491
10.6951
10.6347
10.5674
10.4923
10.4089
10.3162
10.2136
10.1001
9.97511
9.83768
9.6871
9.52266
9.34375
9.14988
8.94069
8.71603
8.47595
8.22074
7.95095
7.66743
7.3713
7.06398
6.74715
6.42272
6.09278
5.7596
5.4255
5.09283
4.76388
4.44086
4.12578
3.82046
3.52649
11.0915
11.0833
11.074
11.0636
11.0519
11.0386
11.0237
11.0068
10.9879
10.9665
10.9425
10.9155
10.8852
10.8511
10.8128
10.77
10.7219
10.6682
10.6081
10.5411
10.4665
10.3834
10.2912
10.1891
10.0762
9.95175
9.81497
9.66508
9.50138
9.32326
9.13022
8.92192
8.69818
8.45906
8.20483
7.93605
7.65356
7.35846
7.05217
6.73635
6.41291
6.08393
5.75167
5.41844
5.08658
4.75839
4.43606
4.12162
3.81688
3.52342
11.0624
11.0542
11.045
11.0346
11.0229
11.0097
10.9949
10.9781
10.9593
10.938
10.9141
10.8873
10.8571
10.8232
10.7851
10.7424
10.6947
10.6412
10.5814
10.5148
10.4405
10.3578
10.2661
10.1645
10.0521
9.92827
9.79213
9.64293
9.47998
9.30265
9.11045
8.90303
8.68022
8.44206
8.18882
7.92106
7.6396
7.34554
7.04028
6.72548
6.40303
6.07502
5.74368
5.41132
5.08029
4.75286
4.43123
4.11743
3.81327
3.52032
11.0346
11.0265
11.0173
11.007
10.9953
10.9822
10.9674
10.9508
10.932
10.9108
10.8871
10.8603
10.8303
10.7965
10.7587
10.7162
10.6686
10.6154
10.556
10.4896
10.4157
10.3334
10.2421
10.1409
10.0291
9.90585
9.77032
9.62178
9.45953
9.28296
9.09156
8.88498
8.66306
8.42581
8.17352
7.90673
7.62625
7.33318
7.02891
6.71509
6.39359
6.0665
5.73604
5.40452
5.07426
4.74757
4.42661
4.11341
3.8098
3.51736
11.0104
11.0023
10.9932
10.9829
10.9713
10.9583
10.9435
10.9269
10.9082
10.8872
10.8635
10.8369
10.807
10.7734
10.7356
10.6934
10.646
10.593
10.5338
10.4677
10.3941
10.3122
10.2212
10.1205
10.0091
9.88631
9.75131
9.60335
9.44171
9.2658
9.0751
8.86926
8.6481
8.41165
8.16019
7.89424
7.61462
7.32241
7.019
6.70602
6.38535
6.05906
5.72937
5.39858
5.06901
4.74295
4.42257
4.10991
3.80678
3.51477
10.9933
10.9852
10.9761
10.9659
10.9543
10.9413
10.9266
10.91
10.8914
10.8704
10.8468
10.8202
10.7904
10.7569
10.7193
10.6771
10.6299
10.5771
10.518
10.4521
10.3787
10.2971
10.2064
10.1059
9.99487
9.87242
9.7378
9.59024
9.42905
9.2536
9.06339
8.85807
8.63746
8.40158
8.15071
7.88536
7.60635
7.31475
7.01195
6.69957
6.37949
6.05377
5.72463
5.39435
5.06527
4.73966
4.4197
4.10742
3.80463
3.51292
10.9881
10.9801
10.971
10.9608
10.9492
10.9362
10.9215
10.905
10.8863
10.8654
10.8418
10.8153
10.7855
10.752
10.7144
10.6723
10.6251
10.5723
10.5133
10.4475
10.3741
10.2925
10.2019
10.1015
9.99059
9.86825
9.73374
9.5863
9.42524
9.24993
9.05988
8.85472
8.63427
8.39857
8.14787
7.8827
7.60387
7.31246
7.00984
6.69764
6.37774
6.05219
5.72321
5.39309
5.06415
4.73868
4.41884
4.10668
3.80399
3.51237
11.0025
10.9944
10.9853
10.975
10.9634
10.9504
10.9357
10.9191
10.9004
10.8794
10.8557
10.8291
10.7993
10.7657
10.728
10.6858
10.6385
10.5856
10.5264
10.4604
10.3869
10.3051
10.2143
10.1136
10.0024
9.87978
9.74496
9.59719
9.43577
9.26008
9.06961
8.86402
8.64313
8.40696
8.15577
7.89011
7.61077
7.31886
7.01573
6.70303
6.38263
6.05661
5.72717
5.39662
5.06728
4.74143
4.42124
4.10876
3.80579
3.51391
11.0473
11.0391
11.03
11.0196
11.0079
10.9948
10.9799
10.9632
10.9444
10.9232
10.8994
10.8726
10.8424
10.8086
10.7706
10.728
10.6804
10.627
10.5674
10.5009
10.4268
10.3444
10.2529
10.1515
10.0394
9.9159
9.7801
9.63128
9.46873
9.29183
9.10008
8.89314
8.67083
8.43318
8.18048
7.91326
7.63234
7.33883
7.03411
6.71984
6.39791
6.0704
5.73954
5.40764
5.07703
4.74999
4.42873
4.11525
3.81139
3.51872
11.1393
11.131
11.1217
11.1112
11.0993
11.0859
11.0708
11.0538
11.0347
11.0132
10.9889
10.9617
10.9311
10.8967
10.8581
10.8148
10.7664
10.7122
10.6516
10.584
10.5087
10.425
10.3321
10.2291
10.1154
9.99001
9.85221
9.70121
9.53633
9.35694
9.16255
8.95283
8.72759
8.48691
8.23107
7.96064
7.67646
7.37968
7.0717
6.75421
6.42913
6.09857
5.76479
5.43013
5.09692
4.76748
4.44399
4.1285
3.82281
3.5285
11.3048
11.2962
11.2866
11.2758
11.2636
11.2498
11.2342
11.2167
11.197
11.1749
11.1499
11.1219
11.0903
11.0549
11.0152
10.9707
10.9208
10.8651
10.8028
10.7333
10.6559
10.5698
10.4743
10.3685
10.2517
10.123
9.9815
9.82658
9.65747
9.47359
9.27442
9.05966
8.82916
8.58299
8.3215
8.04529
7.75525
7.45257
7.13873
6.81546
6.48473
6.14872
5.80972
5.4701
5.13226
4.79851
4.47107
4.15198
3.84305
3.54584
11.5865
11.5776
11.5675
11.5561
11.5433
11.5288
11.5125
11.4941
11.4734
11.4501
11.4239
11.3945
11.3614
11.3243
11.2826
11.2359
11.1836
11.1251
11.0598
10.987
10.9059
10.8158
10.7159
10.6052
10.483
10.3485
10.2007
10.039
9.86268
9.67104
9.46367
9.24026
9.00071
8.74515
8.47399
8.1879
7.88786
7.57514
7.25132
6.91823
6.57793
6.23268
5.88485
5.53689
5.19124
4.85026
4.51618
4.19105
3.87668
3.57463
12.0596
12.0499
12.039
12.0267
12.0128
11.9971
11.9794
11.9595
11.9371
11.9119
11.8836
11.8517
11.8159
11.7758
11.7307
11.6803
11.6238
11.5606
11.4902
11.4116
11.3242
11.2271
11.1194
11.0004
10.869
10.7245
10.566
10.3927
10.204
9.99909
9.77772
9.5396
9.28469
9.01323
8.72572
8.42296
8.10609
7.77653
7.436
7.0865
6.73026
6.36967
6.00722
5.64548
5.28696
4.93409
4.58913
4.25414
3.93092
3.62098
12.8659
12.8549
12.8424
12.8284
12.8126
12.7947
12.7747
12.752
12.7266
12.6979
12.6657
12.6296
12.5889
12.5434
12.4923
12.4351
12.3711
12.2996
12.2199
12.1312
12.0325
11.9229
11.8017
11.6677
11.5202
11.3581
11.1806
10.9869
10.7764
10.5484
10.3026
10.0389
9.75738
9.45844
9.14278
8.81145
8.46583
8.1076
7.73878
7.36162
6.9786
6.59235
6.20558
5.821
5.44125
5.06884
4.70608
4.35501
4.01741
3.69472
14.3036
14.29
14.2746
14.2573
14.2377
14.2157
14.1909
14.163
14.1317
14.0964
14.0567
14.0122
13.9622
13.9062
13.8435
13.7733
13.6949
13.6074
13.51
13.4016
13.2814
13.1482
13.001
12.8389
12.6606
12.4654
12.2523
12.0204
11.7693
11.4984
11.2075
10.8968
10.5667
10.2178
9.8513
9.4687
9.07182
8.66285
8.24427
7.81881
7.38937
6.95897
6.53061
6.10727
5.69175
5.28665
4.89429
4.51667
4.15547
3.81197
17.0914
17.0719
17.05
17.0253
16.9974
16.9661
16.9308
16.8911
16.8465
16.7964
16.7401
16.6771
16.6064
16.5272
16.4388
16.34
16.2299
16.1073
15.9712
15.8202
15.6531
15.4688
15.2659
15.0433
14.7997
14.5343
14.2462
13.9346
13.5993
13.2401
12.8573
12.4516
12.0241
11.5763
11.1101
10.6281
10.1329
9.62778
9.116
8.60113
8.0868
7.5766
7.074
6.58225
6.10431
5.64278
5.19989
4.77742
4.37672
3.99874
23.3414
23.3053
23.2646
23.2189
23.1674
23.1095
23.0444
22.9713
22.8894
22.7975
22.6946
22.5795
22.4509
22.3074
22.1476
21.9699
21.7728
21.5544
21.3132
21.0474
20.7553
20.4354
20.0862
19.7065
19.2952
18.8517
18.3756
17.8672
17.3271
16.7567
16.1577
15.5326
14.8845
14.217
13.5343
12.8409
12.1415
11.4412
10.7449
10.0576
9.38392
8.7282
8.09432
7.48566
6.90504
6.35473
5.83641
5.35123
4.89985
4.48247
)
;

boundaryField
{
    aerofoil
    {
        beta1           0.075;
        blended         false;
        type            omegaWallFunction;
        value           nonuniform List<scalar> 
170
(
149978
129626
126992
124432
123857
123973
124445
124857
124906
124520
123972
123560
123673
124238
125180
126273
127215
127677
127459
126901
126417
126205
126322
126676
127308
128243
129478
130989
132786
134904
137285
139869
142601
145436
148353
151284
154093
156713
159116
161304
163419
165584
167854
170309
173049
176192
179876
184269
189579
196094
204237
214667
228441
247295
274148
314163
309895
397709
540546
223972
68088.5
73351.2
75523.1
77397.6
78781.7
79971.9
81007.9
81951.4
82830.3
83666
84473.9
85268
86060.8
86863.1
87690.6
88562.4
89480.9
90426.7
91482.5
93007
95225.3
97023.7
97563
104502
132959
68088.8
73351.3
75523.2
77397.8
78782.1
79972.6
81008.9
81952.9
82832.2
83668.2
84476.2
85270.4
86062.7
86864.4
87691
88562.5
89481.6
90431.8
91498.1
93041.4
95284
97110.1
97620.7
104565
133185
150098
129700
126987
124372
123749
123820
124267
124650
124705
124392
124089
124136
124591
125321
126206
127073
127717
127882
127539
126939
126297
125863
125854
126163
126806
127804
129176
130918
133001
135370
137971
140744
143622
146537
149424
152223
154869
157313
159529
161516
163396
165288
167235
169302
171568
174127
177086
180572
184742
189812
196105
204137
214749
229333
250236
251868
309895
397709
540546
224304
)
;
    }
    inlet
    {
        type            fixedValue;
        value           uniform 100;
    }
    outlet
    {
        type            zeroGradient;
    }
    back
    {
        type            empty;
    }
    front
    {
        type            empty;
    }
}


// ************************************************************************* //
